Month,Tmt,a7,multipoly,days_carto_2poly,days_collection_2poly,days_consult,days_all_2poly,days_carto_1poly,days_collect_1poly,days_consult_1poly,days_all_1poly,col_code_1,col_type_1,chief_code1,col_code_2,col_type_2,chief_code2,col1_today,col1_key,col1_start,col1_end,col1_a3,col1_a4,col1_chef_code2,col1_chefcheck,col1_asstcheck,col1_code,col1_code2,col1_y3,col1_consent7,col1_y7,col1_tribe,col1_tribe_o,col1_subtribe,col1_subtribe_o,col1_religion,col1_religion_other,col1_born_kga,col1_move_kga,col1_commune,col1_quartier,col1_y34a,col1_y34b,col1_y34,col1_y35,col1_y36,col1_occupation,col1_occupation_other,col1_what_otheract,col1_what_otheract_other,col1_inc_mo,col1_inc_wk,col1_possessions,col1_hh_size,col1_y9,col1_y10,col1_c10,col1_c11,col1_c12,col1_c13,col1_c14,col1_tshilup,col1_read3,col1_read4,col1_frenchp,col1_read6,col1_read7,col1_type_start,col1_type_end,col1_red_ngo,col1_red_state,col1_red_poor,col1_red_if,col1_red_prog,col1_tax_who1,col1_tax_who2,col1_tax_who3,col1_tax_who4,col1_tax_who5,col1_tax_who6,col1_tax_who7,col1_provide1,col1_provide1_other,col1_provide2,col1_provide2_other,col1_provide3,col1_provide3_other,col1_provide4,col1_provide4_other,col1_provide5,col1_provide5_other,col1_provide6,col1_provide6_other,col1_provide7,col1_provide7_other,col1_state_cap1,col1_state_cap2,col1_trust2,col1_trust4,col1_trust5,col1_trust6,col1_trust7,col1_gov_resp,col1_corr14_end,col1_b1,col1_b2,col1_b3,col1_gov1_end,col1_gov2_end,col1_wtp_1500,col1_wtp_2000,col1_wtp_2500,col1_wtp_3000,col1_job,col1_job_other,col1_years,col1_months,col1_position,col1_position_other,col1_fam_dgrkoc,col1_fam_dgrkoc_who,col1_fam_dgrkoc_who_other,col1_fam_gov,col1_fam_gov_who,col1_fam_gov_who_other,col1_connection,col1_connection_other,col1_beep1,col1_beep1_other,col1_beep2,col1_beep2_other,col1_z18,col1_lang2,col1_metainstanceid,col1_codecheck,col1_assist_chef_know,col1_assist_chef_know_other,col1_assist_chef_yrs,col1_assist_chef_live,col1_chef_assist_know,col1_chef_assist_know_other,col1_chef_assist_yrs,col1_chef_assist_life,col1_available,col1_replace,col1_reason_replace,col1_replaced_code,col1_replaced_code2,col1_codecheck_replace,col1_date,col1_date_f,col1_type,col1_short_label,col1_value_label,col1_keep,col1_labelEnglish,col1_tot_complete,col1_colcode,col1_colcode_chef,col1_colcode_assis,col1_dup_code,col1_dup_chefcode,col1_replace_assis,col1_dup_assis,col1_d1,col1_d2,col1_d3,col1_d4,col1_d5,col1_d6,col1_d7,col1_d8,col1_d9,col1_d10,col1_d11,col1_d12,col1_flag_WTP,col1_grade,col1_campaign_time,dup,col2_today,col2_key,col2_start,col2_end,col2_a3,col2_a4,col2_chef_code2,col2_chefcheck,col2_asstcheck,col2_code,col2_code2,col2_y3,col2_consent7,col2_y7,col2_tribe,col2_tribe_o,col2_subtribe,col2_subtribe_o,col2_religion,col2_religion_other,col2_born_kga,col2_move_kga,col2_commune,col2_quartier,col2_y34a,col2_y34b,col2_y34,col2_y35,col2_y36,col2_occupation,col2_occupation_other,col2_what_otheract,col2_what_otheract_other,col2_inc_mo,col2_inc_wk,col2_possessions,col2_hh_size,col2_y9,col2_y10,col2_c10,col2_c11,col2_c12,col2_c13,col2_c14,col2_tshilup,col2_read3,col2_read4,col2_frenchp,col2_read6,col2_read7,col2_type_start,col2_type_end,col2_red_ngo,col2_red_state,col2_red_poor,col2_red_if,col2_red_prog,col2_tax_who1,col2_tax_who2,col2_tax_who3,col2_tax_who4,col2_tax_who5,col2_tax_who6,col2_tax_who7,col2_provide1,col2_provide1_other,col2_provide2,col2_provide2_other,col2_provide3,col2_provide3_other,col2_provide4,col2_provide4_other,col2_provide5,col2_provide5_other,col2_provide6,col2_provide6_other,col2_provide7,col2_provide7_other,col2_state_cap1,col2_state_cap2,col2_trust2,col2_trust4,col2_trust5,col2_trust6,col2_trust7,col2_gov_resp,col2_corr14_end,col2_b1,col2_b2,col2_b3,col2_gov1_end,col2_gov2_end,col2_wtp_1500,col2_wtp_2000,col2_wtp_2500,col2_wtp_3000,col2_job,col2_job_other,col2_years,col2_months,col2_position,col2_position_other,col2_fam_dgrkoc,col2_fam_dgrkoc_who,col2_fam_dgrkoc_who_other,col2_fam_gov,col2_fam_gov_who,col2_fam_gov_who_other,col2_connection,col2_connection_other,col2_beep1,col2_beep1_other,col2_beep2,col2_beep2_other,col2_z18,col2_lang2,col2_metainstanceid,col2_codecheck,col2_assist_chef_know,col2_assist_chef_know_other,col2_assist_chef_yrs,col2_assist_chef_live,col2_chef_assist_know,col2_chef_assist_know_other,col2_chef_assist_yrs,col2_chef_assist_life,col2_available,col2_replace,col2_reason_replace,col2_replaced_code,col2_replaced_code2,col2_codecheck_replace,col2_date,col2_date_f,col2_type,col2_short_label,col2_value_label,col2_keep,col2_labelEnglish,col2_tot_complete,col2_colcode,col2_colcode_chef,col2_colcode_assis,col2_dup_code,col2_dup_chefcode,col2_replace_assis,col2_dup_assis,col2_d1,col2_d2,col2_d3,col2_d4,col2_d5,col2_d6,col2_d7,col2_d8,col2_d9,col2_d10,col2_d11,col2_d12,col2_flag_WTP,col2_grade,col2_campaign_time
0,1,200,,,,,,,,,,91.0,1,,40.0,1,,2018-05-21,uuid:42ce0977-0346-4443-921c-d937e4a038c0,2018-05-21 13:56:28,2018-05-21 14:34:52,"May 21, 2018",1:58:00 PM,,,,112.0,112.0,1.0,1.0,26.0,BINDI,.,,,1,,0.0,2008.0,Kananga,Malandji,1.0,,4.0,,KAZUMBA,4,,.,.,300000.0,32000.0,1 3 4,2.0,4.0,5.0,OK,1.0,0.0,0.0,1.0,OK,2.0,2.0,OK,2.0,2.0,13:56:29,13:56:29,3.0,3.0,4.0,3.0,2.0,2.0,2.0,1.0,2.0,2.0,1.0,2.0,1,,8.0,,1.0,,1,,4,,1.0,,1,,0.0,1.0,3.0,1.0,1.0,1.0,1.0,2.0,4.0,1.0,1.0,1.0,800.0,200.0,9.0,7.0,6.0,5.0,0,,3.0,3.0,2,,0.0,,,1.0,3,,6,,1,.,1,.,0,1.0,uuid:42ce0977-0346-4443-921c-d937e4a038c0,,,,,,,,,,1.0,,,,,,29 Apr 2019,2019-04-29,,,,,,1.0,91.0,,,,,,,,,,,,,,,,,,,,N.U.,0.0,0.0,2018-04-09,uuid:aec0d3d4-6f39-4538-aedf-450445470e96,2018-04-09 13:43:16,2018-04-09 14:25:04,"Apr 9, 2018",1:43:00 PM,,,,67.0,67.0,1.0,1.0,44.0,LULUWA,,,Bakua mbayi,3,,1.0,,Katoka,Kele kele,1.0,,4.0,,DEMBA,17,,,,200000.0,35000.0,4,4.0,4.0,3.0,OK,1.0,1.0,1.0,1.0,OK,1.0,1.0,OK,1.0,1.0,13:43:17,13:43:17,4.0,3.0,3.0,3.0,2.0,1.0,3.0,1.0,2.0,2.0,1.0,4.0,1,,1.0,,1.0,,1,,1,,1.0,,1,,0.0,4.0,1.0,3.0,3.0,3.0,1.0,1.0,3.0,1.0,3.0,3.0,1000.0,0.0,10.0,6.0,5.0,4.0,0,,10.0,0.0,3,,0.0,.,.,0.0,.,.,4,,1,.,1,.,0,1.0,uuid:aec0d3d4-6f39-4538-aedf-450445470e96,,,,,,.,,,,2.0,,,,,,29 Apr 2019,2019-04-29,,,,,,1.0,40.0,,,,,,,,,,,,,,,,,,,,N.U.,0.0
0,1,202,,,,,,,,,,69.0,1,,55.0,1,,2018-04-18,uuid:0dbb765c-4f1f-4f8d-9e51-592e28c1129b,2018-04-18 14:18:31,,"Apr 18, 2018",2:36:00 PM,,,,58.0,58.0,1.0,1.0,54.0,LUALUA,.,,,other,Universelle,1.0,,Katoka,Kapanda,1.0,,4.0,,KAZUMBA,4,,.,.,200000.0,50000.0,1 3 4 6,4.0,4.0,3.0,OK,1.0,1.0,1.0,1.0,OK,1.0,1.0,OK,1.0,1.0,14:22:37,14:22:37,4.0,4.0,1.0,2.0,2.0,2.0,4.0,2.0,2.0,2.0,2.0,2.0,2,,2.0,,2.0,,2,,8,,2.0,,2,,0.0,4.0,2.0,3.0,3.0,3.0,3.0,1.0,4.0,2.0,1.0,2.0,300.0,700.0,7.0,6.0,5.0,4.0,0,,4.0,0.0,1,,0.0,,,0.0,,,2,,1,.,1,.,0,1.0,uuid:0dbb765c-4f1f-4f8d-9e51-592e28c1129b,,,,,,,,,,2.0,,,,,,29 Apr 2019,2019-04-29,,,,,,1.0,69.0,,,,,,,,,,,,,,,,,,,,N.U.,0.0,0.0,2018-04-11,uuid:e4d1925a-67fc-4ce6-a834-24f3e73f41ee,2018-04-11 16:55:43,2018-04-11 17:27:22,"Apr 11, 2018",4:55:00 PM,,,,51.0,51.0,1.0,1.0,29.0,LUALUA,,,,3,,1.0,,Katoka,Mpokolo,1.0,,4.0,,DEMBA,30,,,,100000.0,40000.0,0,0.0,4.0,5.0,OK,1.0,1.0,0.0,0.0,OK,1.0,1.0,OK,1.0,1.0,16:55:45,16:55:45,3.0,3.0,2.0,2.0,2.0,2.0,3.0,1.0,3.0,2.0,1.0,4.0,8,,3.0,,7.0,,2,,1,,2.0,,2,,1.0,,1.0,1.0,3.0,2.0,2.0,2.0,4.0,1.0,1.0,2.0,500.0,500.0,10.0,8.0,5.0,3.0,0,,3.0,3.0,3,,0.0,.,.,0.0,.,.,4,,1,.,1,.,0,1.0,uuid:e4d1925a-67fc-4ce6-a834-24f3e73f41ee,,,,,,.,,,,1.0,,,,,,29 Apr 2019,2019-04-29,,,,,,1.0,55.0,,,,,,,,,,,,,,,,,,,,N.U.,0.0
0,1,203,,,,,,,,,,47.0,1,,13.0,1,,2018-04-10,uuid:4942c4c4-3b67-43bf-bc9e-29de8c2ed36a,2018-04-10 12:00:15,2018-04-10 12:45:42,"Apr 10, 2018",12:00:00 PM,,,,32.0,32.0,1.0,1.0,26.0,LUALUA,,,,3,,1.0,,Kananga,Industrielle,1.0,,4.0,,KAZUMBA,27,,,,120000.0,30000.0,3 4 5,5.0,4.0,5.0,OK,1.0,1.0,0.0,0.0,OK,2.0,2.0,OK,1.0,1.0,12:00:17,12:00:17,3.0,4.0,4.0,3.0,1.0,1.0,3.0,1.0,2.0,2.0,2.0,2.0,2,,1.0,,4.0,,2,,2,,2.0,,2,,1.0,,3.0,3.0,4.0,1.0,1.0,2.0,2.0,1.0,1.0,2.0,300.0,700.0,8.0,5.0,3.0,2.0,0,,0.0,3.0,1,,0.0,.,.,0.0,.,.,other,Un frère qui n'est pas de mon église,1,.,1,.,Une personne honnête.,1.0,uuid:4942c4c4-3b67-43bf-bc9e-29de8c2ed36a,,,,,,.,,,,2.0,,,,,,29 Apr 2019,2019-04-29,,,,,,1.0,47.0,,,,,,,,,,,,,,,,,,,,N.U.,0.0,0.0,2018-04-06,uuid:34057916-aa69-453d-9561-e96e7822c8ac,2018-04-06 16:02:16,2018-04-06 16:33:56,"Apr 6, 2018",4:02:00 PM,,,,30.0,30.0,1.0,1.0,26.0,LUBA,,,Bena muya,12,,1.0,,Kananga,Tshinsambi,1.0,,5.0,,KABEYA-KAMWANGA,17,,,,50000.0,27000.0,3 4,4.0,4.0,3.0,OK,1.0,1.0,1.0,1.0,OK,2.0,2.0,OK,1.0,1.0,16:02:17,16:02:17,3.0,4.0,3.0,3.0,1.0,4.0,3.0,2.0,2.0,2.0,2.0,3.0,1,,2.0,,2.0,,2,,2,,1.0,,2,,1.0,,2.0,3.0,3.0,2.0,2.0,1.0,4.0,1.0,2.0,3.0,600.0,400.0,8.0,5.0,3.0,1.0,0,,2.0,3.0,4,,0.0,.,.,0.0,.,.,9999,,1,.,1,.,0,1.0,uuid:34057916-aa69-453d-9561-e96e7822c8ac,,,,,,.,,,,1.0,,,,,,29 Apr 2019,2019-04-29,,,,,,1.0,13.0,,,,,,,,,,,,,,,,,,,,N.U.,0.0
0,2,201,,,,,,,,,,742.0,2,20145.0,1142.0,3,,2019-03-25,uuid:71000d94-f949-4f7d-841d-70fcd6d351c3,2019-03-25 11:16:23,2019-03-25 11:31:47,"Mar 25, 2019",11:16:00 AM,2012.0,1.0,,,,,1.0,,,.,,,,,,,,,,,,,,,,,,,,,,,,OK,1.0,1.0,1.0,1.0,OK,2.0,3.0,OK,1.0,2.0,.,.,2.0,5.0,3.0,4.0,2.0,,,,,,,,.,,,,,,.,,.,,,,,,,,,,,,,,,3.0,2.0,2.0,800.0,200.0,6.0,5.0,4.0,3.0,,,,,.,.,,.,.,,.,.,,,1,,,,0,2.0,uuid:71000d94-f949-4f7d-841d-70fcd6d351c3,,,,,,,,,,,,,,,,29 Apr 2019,2019-04-29,,,,,,1.0,742.0,742.0,1142.0,,0.0,,,,,,,,,,,,,,,,,2.0,0.0,,,,,,,,,,,,,,,,,,,,,,,,,,,,,,,,,,,,,,,,,,,,,,,,,,,,,,,,,,,,,,,,,,,,,,,,,,,,,,,,,,,,,,,,,,,,,,,,,,,,,,,,,,,,,,,,,,,,,,,,,,,,,,,,,,,,,,,,,,,,,,,,,,,,,,,,,,,,,,,,,,
0,2,207,,,,,,,,,,737.0,2,20798.0,1137.0,3,,2019-03-23,uuid:c4de8de8-bfe1-4bd7-b5ce-9d10d334617f,2019-03-23 09:47:30,2019-03-23 10:22:28,"Mar 23, 2019",9:47:00 AM,20798.0,1.0,,,,,1.0,,,.,,,,,,,,,,,,,,,,,,,,,,,,OK,1.0,1.0,0.0,1.0,OK,1.0,2.0,OK,2.0,2.0,.,.,5.0,3.0,3.0,2.0,2.0,,,,,,,,.,,,,,,.,,.,,,,,,,,,,,,,,,2.0,2.0,1.0,700.0,300.0,10.0,6.0,5.0,3.0,,,,,.,.,,.,.,,.,.,,,1,,,,0,2.0,uuid:c4de8de8-bfe1-4bd7-b5ce-9d10d334617f,,,,,,,,,,,,,,,,29 Apr 2019,2019-04-29,,,,,,1.0,737.0,737.0,1137.0,,0.0,,,,,,,,,,,,,,,,,2.0,0.0,,,,,,,,,,,,,,,,,,,,,,,,,,,,,,,,,,,,,,,,,,,,,,,,,,,,,,,,,,,,,,,,,,,,,,,,,,,,,,,,,,,,,,,,,,,,,,,,,,,,,,,,,,,,,,,,,,,,,,,,,,,,,,,,,,,,,,,,,,,,,,,,,,,,,,,,,,,,,,,,,,
0,2,210,,,,,,,,,,719.0,2,21086.0,1119.0,3,,2019-03-18,uuid:ebeaf580-20d8-4140-9883-dc7c8e448dc0,2019-03-18 13:15:14,2019-03-18 13:46:02,"Mar 18, 2019",1:15:00 PM,21086.0,1.0,,,,,1.0,,,.,,,,,,,,,,,,,,,,,,,,,,,,OK,1.0,1.0,1.0,1.0,OK,1.0,1.0,OK,1.0,1.0,.,.,3.0,3.0,3.0,3.0,2.0,,,,,,,,.,,,,,,.,,.,,,,,,,,,,,,,,,2.0,2.0,1.0,500.0,500.0,9.0,6.0,5.0,4.0,,,,,.,.,,.,.,,.,.,,,6,,6,,0,2.0,uuid:ebeaf580-20d8-4140-9883-dc7c8e448dc0,,,,,,,,,,,,,,,,29 Apr 2019,2019-04-29,,,,,,1.0,719.0,719.0,1119.0,,0.0,,,,,,,,,,,,,,,,,2.0,0.0,2019-03-16,uuid:746d6660-5df4-4964-811e-42103e0db637,2019-03-16 10:33:07,2019-03-16 11:10:03,"Mar 16, 2019",10:33:00 AM,21086.0,,1.0,,,1.0,1.0,62.0,LULUWA,.,37.0,,1,,0.0,1958.0,Ndesha,Ndesha,1.0,,4.0,,DEMBA,other,Retraité de l'Unibra,,,160000.0,20000.0,1 3 4 5,4.0,4.0,2.0,OK,1.0,1.0,1.0,1.0,OK,1.0,1.0,OK,1.0,1.0,.,.,4.0,4.0,3.0,3.0,2.0,2.0,3.0,4.0,2.0,2.0,2.0,4.0,1,,2.0,,2.0,,1,,5,,4.0,,1,,1.0,,4.0,1.0,1.0,1.0,1.0,1.0,3.0,1.0,1.0,2.0,1000.0,0.0,6.0,4.0,3.0,2.0,,,,,.,.,,.,.,,.,.,,,6,,6,,0,2.0,uuid:746d6660-5df4-4964-811e-42103e0db637,,,,,,,,,,,,,,,,29 Apr 2019,2019-04-29,,,,,,1.0,,,,445.0,,,0.0,,,,,,,,,,,,,,,2.0
0,4,208,,,,,,,,,,63.0,1,,729.0,2,20812.0,2018-04-12,uuid:9387d915-373b-4cd7-a716-568f03a2ecf4,2018-04-12 11:54:44,2018-04-12 12:40:07,"Apr 12, 2018",11:54:00 AM,,,,46.0,46.0,1.0,1.0,35.0,LUALUA,,,,12,,1.0,,Kananga,Bikuku,1.0,,4.0,,DEMBA,other,Gérant pour un dépôt,,,150000.0,30000.0,1 3 4 5,2.0,4.0,3.0,OK,1.0,0.0,0.0,0.0,OK,3.0,3.0,OK,2.0,2.0,11:54:46,11:54:46,5.0,4.0,1.0,3.0,2.0,1.0,2.0,2.0,1.0,1.0,2.0,2.0,8,,8.0,,8.0,,2,,3,,2.0,,2,,1.0,,2.0,3.0,2.0,1.0,3.0,2.0,4.0,1.0,1.0,1.0,500.0,500.0,7.0,5.0,4.0,3.0,0,,1.0,8.0,3,,0.0,.,.,0.0,.,.,9999,,1,.,1,.,0,1.0,uuid:9387d915-373b-4cd7-a716-568f03a2ecf4,,,,,,.,,,,2.0,,,,,,29 Apr 2019,2019-04-29,,,,,,1.0,63.0,,,,,,,,,,,,,,,,,,,,N.U.,0.0,0.0,2019-03-22,uuid:0b61c661-a30b-4450-bab2-fb1f69719ee3,2019-03-22 15:05:11,2019-03-22 15:40:04,"Mar 22, 2019",3:05:00 PM,20812.0,1.0,,,,,1.0,,,.,,,,,,,,,,,,,,,,,,,,,,,,OK,1.0,1.0,1.0,0.0,OK,1.0,1.0,OK,1.0,1.0,.,.,3.0,3.0,4.0,3.0,1.0,,,,,,,,.,,,,,,.,,.,,,,,,,,,,,,,,,1.0,1.0,2.0,800.0,200.0,8.0,5.0,2.0,1.0,,,,,.,.,,.,.,,.,.,,,1,,1,,0,2.0,uuid:0b61c661-a30b-4450-bab2-fb1f69719ee3,,,,,,,,,,,,,,,,29 Apr 2019,2019-04-29,,,,,,1.0,729.0,729.0,1129.0,,0.0,,,,,,,,,,,,,,,,,2.0
1,0,320,0.0,2.0,22.0,0.0,24.0,2.0,22.0,0.0,24.0,41.0,1,,6.0,1,,2018-04-09,uuid:fc3ae65c-859d-4d52-a1c0-cd5949329171,2018-04-09 15:52:19,2018-04-09 16:29:38,"Apr 9, 2018",3:52:00 PM,,,,12.0,12.0,1.0,1.0,26.0,LUALUA,,,,10,,1.0,,Katoka,Mpokolo,1.0,,4.0,,KAZUMBA,24,,,,15000.0,12000.0,1 3 6,4.0,3.0,2.0,OK,1.0,1.0,1.0,1.0,OK,1.0,1.0,OK,1.0,1.0,15:52:21,15:52:21,5.0,3.0,4.0,3.0,2.0,1.0,3.0,2.0,1.0,1.0,1.0,1.0,8,,2.0,,1.0,,1,,3,,1.0,,1,,0.0,4.0,1.0,3.0,4.0,2.0,2.0,1.0,3.0,3.0,1.0,2.0,200.0,800.0,9.0,5.0,4.0,3.0,0,,2.0,1.0,4,,0.0,.,.,0.0,.,.,6,,1,.,.,.,0,1.0,uuid:fc3ae65c-859d-4d52-a1c0-cd5949329171,,,,,,.,,,,1.0,,,,,,29 Apr 2019,2019-04-29,,,,,,1.0,41.0,,,,,,,,,,,,,,,,,,,,N.U.,0.0,0.0,2018-04-06,uuid:c56722b2-cea5-4175-86d5-de5fe95241ed,2018-04-06 10:08:42,,"Apr 6, 2018",10:08:00 AM,,,,9.0,9.0,1.0,1.0,25.0,LUNTU,,51.0,,3,,0.0,2015.0,Kananga,Plateau,1.0,,4.0,,DIMBELENGE,17,,,,16000.0,3000.0,3,1.0,3.0,6.0,OK,1.0,1.0,1.0,1.0,OK,2.0,3.0,OK,2.0,3.0,10:08:43,10:08:43,5.0,3.0,2.0,3.0,1.0,2.0,2.0,3.0,2.0,2.0,2.0,2.0,1,,1.0,,1.0,,1,,1,,1.0,,1,,1.0,,3.0,1.0,1.0,1.0,1.0,4.0,2.0,1.0,1.0,1.0,1000.0,0.0,8.0,7.0,6.0,5.0,0,,3.0,4.0,3,,0.0,.,.,0.0,.,.,9999,,1,.,4,.,0,1.0,uuid:c56722b2-cea5-4175-86d5-de5fe95241ed,,,,,,.,,,,1.0,,,,,,29 Apr 2019,2019-04-29,,,,,,1.0,6.0,,,,,,,,,,,,,,,,,,,,N.U.,0.0
1,1,108,1.0,5.0,18.0,0.0,23.0,2.5,9.0,0.0,11.5,,1,,56.0,1,,2018-04-26,uuid:5ea99866-881e-4d9c-bbb1-8abc8f30a138,2018-04-26 11:31:21,2018-04-26 11:57:46,"Apr 26, 2018",11:31:00 AM,,,,88.0,88.0,1.0,1.0,28.0,LULUWA,.,,Bena biduaya,1,,0.0,2005.0,Katoka,Mpokolo,1.0,,4.0,,KAZUMBA,17,,.,.,81000.0,50000.0,3 4 6,6.0,4.0,5.0,OK,1.0,1.0,0.0,1.0,OK,1.0,1.0,OK,1.0,1.0,11:31:22,11:31:22,3.0,3.0,4.0,3.0,2.0,1.0,2.0,2.0,1.0,1.0,2.0,1.0,2,,2.0,,2.0,,2,,2,,2.0,,2,,0.0,4.0,1.0,3.0,3.0,1.0,2.0,1.0,1.0,1.0,1.0,1.0,500.0,500.0,6.0,5.0,3.0,2.0,0,,0.0,6.0,1,,0.0,,,0.0,,,6,,1,.,1,.,0,1.0,uuid:5ea99866-881e-4d9c-bbb1-8abc8f30a138,,,,,,,,,,1.0,,,,,,29 Apr 2019,2019-04-29,,,,,,1.0,74.0,,,,,,,,,,,,,,,,,,,,N.U.,0.0,0.0,2018-04-12,uuid:fff3a015-3067-40ab-b13b-c7798491c5d3,2018-04-12 09:12:15,2018-04-12 09:52:35,"Apr 12, 2018",9:12:00 AM,,,,66.0,66.0,1.0,1.0,26.0,LUALUA,,,,3,,1.0,,Kananga,Malandji,1.0,,4.0,,DIBAYA,0,,0,,10000.0,1000.0,3 4 5,1.0,4.0,4.0,OK,1.0,1.0,0.0,0.0,OK,1.0,1.0,OK,3.0,3.0,09:12:17,09:12:17,3.0,3.0,3.0,3.0,1.0,2.0,2.0,1.0,2.0,2.0,1.0,1.0,2,,2.0,,8.0,,2,,2,,8.0,,2,,1.0,,1.0,1.0,1.0,1.0,1.0,4.0,1.0,1.0,1.0,2.0,700.0,300.0,10.0,7.0,6.0,4.0,0,,0.0,1.0,4,,0.0,.,.,0.0,.,.,9999,,1,.,1,.,0,1.0,uuid:fff3a015-3067-40ab-b13b-c7798491c5d3,,,,,,.,,,,1.0,,,,,,29 Apr 2019,2019-04-29,,,,,,1.0,56.0,,,,,,,,,,,,,,,,,,,,N.U.,0.0
1,1,113,1.0,7.0,16.0,0.0,23.0,3.5,8.0,0.0,11.5,,1,,58.0,1,,2018-04-13,uuid:8f434b3d-641d-4bbb-87de-7fd7917953c4,2018-04-13 12:38:20,2018-04-13 13:16:39,"Apr 13, 2018",12:38:00 PM,,,,80.0,80.0,1.0,1.0,46.0,LUALUA,,,,3,,0.0,2008.0,Kananga,Kamayi,1.0,,4.0,,DEMBA,18,,,,492000.0,8000.0,3,3.0,4.0,3.0,OK,1.0,1.0,0.0,1.0,OK,1.0,1.0,OK,1.0,1.0,12:38:21,12:38:21,5.0,5.0,1.0,3.0,1.0,1.0,2.0,2.0,2.0,2.0,2.0,2.0,1,,1.0,,1.0,,1,,1,,1.0,,1,,0.0,4.0,1.0,1.0,2.0,1.0,1.0,3.0,4.0,2.0,2.0,3.0,100.0,900.0,10.0,2.0,1.0,0.0,other,Je ne travaille pas à la dgrkoc j'attends la réponse  de ma demande,0.0,0.0,other,Je ne travaille pas encore la bas,0.0,.,.,0.0,.,.,2,,1,.,1,.,0,1.0,uuid:8f434b3d-641d-4bbb-87de-7fd7917953c4,,,,,,.,,,,1.0,,,,,,29 Apr 2019,2019-04-29,,,,,,1.0,66.0,,,,,,,,,,,,,,,,,,,,N.U.,0.0,0.0,2018-04-12,uuid:d59ceed2-2c19-47a0-886d-0144d0fc3516,2018-04-12 09:52:58,2018-04-12 10:40:32,"Apr 12, 2018",9:53:00 AM,,,,65.0,65.0,1.0,1.0,29.0,LUALUA,,,,12,,1.0,,Kananga,Kami Athène,1.0,,4.0,,DIBAYA,9,,,,330000.0,14000.0,3 4,0.0,4.0,3.0,OK,1.0,1.0,0.0,1.0,OK,1.0,1.0,OK,1.0,1.0,09:53:00,09:53:00,3.0,3.0,3.0,3.0,2.0,1.0,1.0,1.0,1.0,1.0,1.0,1.0,1,,2.0,,8.0,,2,,other,,2.0,,2,,0.0,2.0,1.0,1.0,1.0,1.0,1.0,2.0,3.0,1.0,1.0,3.0,1000.0,0.0,10.0,7.0,6.0,5.0,0,,0.0,0.0,4,,0.0,.,.,0.0,.,.,9999,,1,.,1,.,Il est sincère,1.0,uuid:d59ceed2-2c19-47a0-886d-0144d0fc3516,,,,,,.,,,,2.0,,,,,,29 Apr 2019,2019-04-29,,,,,,1.0,58.0,,,,,,,,,,,,,,,,,,,,N.U.,0.0
1,1,209,1.0,6.0,18.0,0.0,24.0,3.0,9.0,0.0,12.0,37.0,1,,71.0,1,,2018-04-09,uuid:a65038b1-c402-4bcb-8786-436f431c5ee7,2018-04-09 10:52:39,2018-04-09 11:21:29,"Apr 9, 2018",10:53:00 AM,,,,75.0,75.0,1.0,1.0,21.0,LULUWA,,,Tshialu mukombo,3,,0.0,2010.0,Katoka,Mpokolo,1.0,,4.0,,KAZUMBA,0,,other,Prise en charge familiale,0.0,0.0,0,8.0,3.0,6.0,OK,1.0,0.0,1.0,0.0,OK,2.0,3.0,OK,1.0,1.0,10:52:40,10:52:40,3.0,3.0,4.0,3.0,2.0,1.0,4.0,1.0,2.0,4.0,1.0,4.0,3,,2.0,,1.0,,2,,3,,1.0,,1,,0.0,4.0,1.0,3.0,3.0,3.0,3.0,1.0,4.0,1.0,1.0,2.0,0.0,0.0,8.0,5.0,5.0,3.0,0,,0.0,1.0,4,,0.0,.,.,0.0,.,.,4,,1,.,5,.,0,1.0,uuid:a65038b1-c402-4bcb-8786-436f431c5ee7,,,,,,.,,,,1.0,,,,,,29 Apr 2019,2019-04-29,,,,,,1.0,37.0,,,,,,,,,,,,,,,,1.0,,,1.0,N.U.,0.0,0.0,2018-04-26,uuid:2120a121-51d0-4386-bd4a-6fd6abcd95be,2018-04-26 09:13:31,2018-04-26 09:52:34,"Apr 26, 2018",9:13:00 AM,,,,85.0,85.0,1.0,1.0,38.0,LUALUA,.,,,12,,0.0,1985.0,Katoka,Kapanda,1.0,,4.0,,KAZUMBA,4,,.,.,160000.0,38000.0,3,2.0,4.0,4.0,OK,1.0,1.0,0.0,1.0,OK,3.0,3.0,OK,2.0,2.0,09:13:32,09:13:32,5.0,5.0,1.0,3.0,2.0,1.0,1.0,2.0,2.0,2.0,2.0,2.0,3,,3.0,,3.0,,2,,3,,2.0,,3,,0.0,1.0,2.0,2.0,2.0,1.0,1.0,1.0,4.0,1.0,1.0,3.0,600.0,400.0,10.0,8.0,6.0,5.0,0,,2.0,3.0,2,,0.0,,,0.0,,,other,"Un pasteur qui n'est pas de mon eglise , on travaillé avec lui a la campagne  ",1,.,1,.,0,1.0,uuid:2120a121-51d0-4386-bd4a-6fd6abcd95be,,,,,,,,,,1.0,,,,,,29 Apr 2019,2019-04-29,,,,,,1.0,71.0,,,,,,,,,,,,,,,,,,,,N.U.,0.0
1,1,231,1.0,3.0,21.0,0.0,24.0,1.5,10.5,0.0,12.0,77.0,1,,98.0,1,,2018-04-27,uuid:576d33a5-e205-411e-ae9b-7ad03c97f91b,2018-04-27 11:17:43,2018-04-27 12:04:53,"Apr 27, 2018",11:17:00 AM,,,,89.0,89.0,1.0,1.0,27.0,LUALUA,.,,,2,,0.0,2000.0,Kananga,Tshisambi,1.0,,4.0,,LUIZA,22,,.,.,640000.0,200000.0,3 4,2.0,4.0,5.0,OK,1.0,1.0,0.0,0.0,OK,3.0,3.0,OK,3.0,3.0,11:17:43,11:17:43,3.0,3.0,2.0,3.0,2.0,1.0,2.0,1.0,1.0,1.0,1.0,1.0,1,,1.0,,1.0,,1,,3,,1.0,,1,,0.0,1.0,2.0,4.0,2.0,2.0,3.0,1.0,4.0,1.0,1.0,3.0,600.0,400.0,7.0,6.0,4.0,3.0,0,,1.0,2.0,3,,0.0,,,0.0,,,6,,1,.,1,.,0,1.0,uuid:576d33a5-e205-411e-ae9b-7ad03c97f91b,,,,,,,,,,1.0,,,,,,29 Apr 2019,2019-04-29,,,,,,1.0,78.0,,,,,,,,,,,,,,,,,,,,N.U.,0.0,0.0,2018-05-21,uuid:1f5de587-4605-4f4e-ae53-3d9559cc5bbd,2018-05-21 16:20:35,2018-05-21 17:05:42,"May 21, 2018",4:20:00 PM,,,,119.0,119.0,2.0,1.0,20.0,LUNTU,.,,Bakua tshibasu,3,,0.0,2005.0,Kananga, Malandji,1.0,,4.0,,DIMBELENGE,0,,6,.,150000.0,35000.0,3 4 6,2.0,4.0,3.0,OK,1.0,1.0,1.0,1.0,OK,1.0,1.0,OK,1.0,1.0,16:20:37,16:20:37,3.0,4.0,2.0,3.0,1.0,2.0,4.0,2.0,2.0,4.0,1.0,4.0,2,,3.0,,1.0,,1,,3,,2.0,,1,,0.0,4.0,1.0,1.0,1.0,1.0,1.0,2.0,4.0,1.0,1.0,3.0,900.0,100.0,8.0,6.0,4.0,2.0,0,,0.0,8.0,3,,0.0,,,0.0,,,9999,,6,.,6,.,0,1.0,uuid:1f5de587-4605-4f4e-ae53-3d9559cc5bbd,,,,,,,,,,1.0,,,,,,29 Apr 2019,2019-04-29,,,,,,1.0,98.0,,,,,,,,,,,,,,,,,,,,N.U.,0.0
1,1,241,1.0,5.0,18.0,0.0,23.0,2.5,9.0,0.0,11.5,,1,,56.0,1,,2018-04-26,uuid:5ea99866-881e-4d9c-bbb1-8abc8f30a138,2018-04-26 11:31:21,2018-04-26 11:57:46,"Apr 26, 2018",11:31:00 AM,,,,88.0,88.0,1.0,1.0,28.0,LULUWA,.,,Bena biduaya,1,,0.0,2005.0,Katoka,Mpokolo,1.0,,4.0,,KAZUMBA,17,,.,.,81000.0,50000.0,3 4 6,6.0,4.0,5.0,OK,1.0,1.0,0.0,1.0,OK,1.0,1.0,OK,1.0,1.0,11:31:22,11:31:22,3.0,3.0,4.0,3.0,2.0,1.0,2.0,2.0,1.0,1.0,2.0,1.0,2,,2.0,,2.0,,2,,2,,2.0,,2,,0.0,4.0,1.0,3.0,3.0,1.0,2.0,1.0,1.0,1.0,1.0,1.0,500.0,500.0,6.0,5.0,3.0,2.0,0,,0.0,6.0,1,,0.0,,,0.0,,,6,,1,.,1,.,0,1.0,uuid:5ea99866-881e-4d9c-bbb1-8abc8f30a138,,,,,,,,,,1.0,,,,,,29 Apr 2019,2019-04-29,,,,,,1.0,74.0,,,,,,,,,,,,,,,,,,,,N.U.,0.0,0.0,2018-04-12,uuid:fff3a015-3067-40ab-b13b-c7798491c5d3,2018-04-12 09:12:15,2018-04-12 09:52:35,"Apr 12, 2018",9:12:00 AM,,,,66.0,66.0,1.0,1.0,26.0,LUALUA,,,,3,,1.0,,Kananga,Malandji,1.0,,4.0,,DIBAYA,0,,0,,10000.0,1000.0,3 4 5,1.0,4.0,4.0,OK,1.0,1.0,0.0,0.0,OK,1.0,1.0,OK,3.0,3.0,09:12:17,09:12:17,3.0,3.0,3.0,3.0,1.0,2.0,2.0,1.0,2.0,2.0,1.0,1.0,2,,2.0,,8.0,,2,,2,,8.0,,2,,1.0,,1.0,1.0,1.0,1.0,1.0,4.0,1.0,1.0,1.0,2.0,700.0,300.0,10.0,7.0,6.0,4.0,0,,0.0,1.0,4,,0.0,.,.,0.0,.,.,9999,,1,.,1,.,0,1.0,uuid:fff3a015-3067-40ab-b13b-c7798491c5d3,,,,,,.,,,,1.0,,,,,,29 Apr 2019,2019-04-29,,,,,,1.0,56.0,,,,,,,,,,,,,,,,,,,,N.U.,0.0
1,1,300,1.0,4.0,20.0,0.0,24.0,2.0,10.0,0.0,12.0,35.0,1,,40.0,1,,2018-04-08,uuid:c58c67f9-c3cb-4834-864e-c775796090a4,2018-04-08 18:11:10,2018-04-08 18:55:29,"Apr 8, 2018",6:11:00 PM,,,,61.0,61.0,1.0,1.0,26.0,LUALUA,,,,1,,1.0,,Katoka,Mpokolo,1.0,,4.0,,DEMBA,15,,,,200000.0,50000.0,3 4,3.0,3.0,6.0,OK,1.0,1.0,1.0,0.0,OK,2.0,2.0,OK,1.0,1.0,18:11:11,18:11:11,3.0,3.0,3.0,3.0,1.0,2.0,2.0,4.0,1.0,2.0,2.0,2.0,1,,1.0,,1.0,,1,,1,,1.0,,1,,0.0,4.0,1.0,1.0,1.0,1.0,2.0,1.0,4.0,2.0,2.0,1.0,900.0,100.0,10.0,9.0,8.0,7.0,0,,0.0,2.0,4,,0.0,.,.,1.0,3,.,4,,1,.,1,.,0,2.0,uuid:c58c67f9-c3cb-4834-864e-c775796090a4,,,,,,.,,,,1.0,,,,,,29 Apr 2019,2019-04-29,,,,,,1.0,35.0,,,,,,,,,,,,,,,,,,,,N.U.,0.0,0.0,2018-04-09,uuid:aec0d3d4-6f39-4538-aedf-450445470e96,2018-04-09 13:43:16,2018-04-09 14:25:04,"Apr 9, 2018",1:43:00 PM,,,,67.0,67.0,1.0,1.0,44.0,LULUWA,,,Bakua mbayi,3,,1.0,,Katoka,Kele kele,1.0,,4.0,,DEMBA,17,,,,200000.0,35000.0,4,4.0,4.0,3.0,OK,1.0,1.0,1.0,1.0,OK,1.0,1.0,OK,1.0,1.0,13:43:17,13:43:17,4.0,3.0,3.0,3.0,2.0,1.0,3.0,1.0,2.0,2.0,1.0,4.0,1,,1.0,,1.0,,1,,1,,1.0,,1,,0.0,4.0,1.0,3.0,3.0,3.0,1.0,1.0,3.0,1.0,3.0,3.0,1000.0,0.0,10.0,6.0,5.0,4.0,0,,10.0,0.0,3,,0.0,.,.,0.0,.,.,4,,1,.,1,.,0,1.0,uuid:aec0d3d4-6f39-4538-aedf-450445470e96,,,,,,.,,,,2.0,,,,,,29 Apr 2019,2019-04-29,,,,,,1.0,40.0,,,,,,,,,,,,,,,,,,,,N.U.,0.0
1,1,302,1.0,5.0,19.0,0.0,24.0,2.5,9.5,0.0,12.0,101.0,1,,30.0,1,,2018-05-22,uuid:1082dae7-cf9f-46a0-a576-fd49b38ecd0a,2018-05-22 11:27:51,2018-05-22 12:01:36,"May 22, 2018",11:27:00 AM,,,,123.0,123.0,1.0,1.0,22.0,LUALUA,.,,,12,,1.0,,Kananga,Malandji,1.0,,4.0,,DIMBELENGE,4,,.,.,20000.0,5000.0,3,0.0,2.0,3.0,OK,1.0,1.0,0.0,0.0,OK,3.0,3.0,OK,3.0,3.0,11:27:51,11:27:51,3.0,3.0,3.0,3.0,2.0,2.0,3.0,3.0,3.0,3.0,2.0,1.0,8,,8.0,,8.0,,2,,8,,8.0,,2,,0.0,1.0,1.0,1.0,1.0,1.0,1.0,2.0,4.0,1.0,1.0,2.0,1000.0,0.0,6.0,5.0,4.0,3.0,0,,0.0,0.0,4,,0.0,,,0.0,,,9999,,1,.,,.,Il n'a jamais était à la dgrkoc on a juste pris son nom,2.0,uuid:1082dae7-cf9f-46a0-a576-fd49b38ecd0a,,,,,,,,,,1.0,,,,,,29 Apr 2019,2019-04-29,,,,,,1.0,101.0,,,,,,,,,,,,,,,,,,,,N.U.,0.0,0.0,2018-04-08,uuid:45c5446d-07aa-4789-abf8-48dda47b20a4,2018-04-08 13:42:13,,"Apr 8, 2018",1:42:00 PM,,,,21.0,21.0,1.0,1.0,34.0,LUALUA,,,,2,,1.0,,Kanaga,Plateau,1.0,,4.0,,DIBAYA,other,Je travaillais à la Dgrkoc,,,174000.0,50000.0,3 6,4.0,4.0,1.0,OK,1.0,1.0,0.0,1.0,OK,2.0,2.0,OK,2.0,2.0,14:00:42,14:00:42,5.0,3.0,1.0,1.0,2.0,1.0,2.0,2.0,2.0,2.0,1.0,2.0,1,,2.0,,1.0,,2,,8,,1.0,,1,,0.0,4.0,1.0,2.0,2.0,2.0,1.0,1.0,4.0,1.0,1.0,1.0,1000.0,0.0,5.0,4.0,3.0,0.0,0,,1.0,3.0,4,,0.0,.,.,0.0,.,.,9999,,1,.,1,.,Il es tellement sur de ses reponses,1.0,uuid:45c5446d-07aa-4789-abf8-48dda47b20a4,,,,,,.,,,,2.0,,,,,,29 Apr 2019,2019-04-29,,,,,,1.0,30.0,,,,,,,,,,,,,,,,,,,,N.U.,0.0
1,1,308,1.0,8.0,16.0,0.0,24.0,4.0,8.0,0.0,12.0,82.0,1,,,1,,2018-04-30,uuid:45b7e49c-0d35-4963-a969-6c0aec4af364,2018-04-30 09:11:14,2018-04-30 10:09:56,"Apr 30, 2018",9:31:00 AM,,,,108.0,108.0,1.0,1.0,25.0,LUALUA,.,,,12,,0.0,2002.0,Katoka,Kapanda,1.0,,4.0,,KAMONIA,27,,.,.,50000.0,10000.0,3,2.0,4.0,5.0,OK,1.0,1.0,0.0,0.0,OK,2.0,2.0,OK,1.0,1.0,09:11:15,09:11:15,5.0,3.0,3.0,2.0,2.0,1.0,2.0,2.0,3.0,3.0,1.0,2.0,8,,1.0,,8.0,,2,,1,,8.0,,2,,0.0,4.0,2.0,3.0,3.0,1.0,1.0,2.0,4.0,1.0,1.0,1.0,500.0,500.0,5.0,2.0,1.0,0.0,other,Il était là comme stagiaire,0.0,3.0,other,L'université l'avait recommandé d'aller faire son stage à la dgrkoc,0.0,,,0.0,,,9999,,1,.,1,.,0,1.0,uuid:45b7e49c-0d35-4963-a969-6c0aec4af364,,,,,,,,,,1.0,,,,,,29 Apr 2019,2019-04-29,,,,,,1.0,82.0,,,,,,,,,,,,,,,,,,,,N.U.,0.0,0.0,2018-04-08,uuid:db5f1993-b5c1-4a20-8a63-1322ef5cc1c6,2018-04-08 09:50:41,2018-04-08 10:38:25,"Apr 8, 2018",8:09:00 AM,,,,1.0,1.0,1.0,1.0,38.0,KETE,,,,12,,0.0,2012.0,Katoka,Pokolo,1.0,,4.0,,TSHIKAPA,other,Il travaillait à la dgrkoc,,,90000.0,21000.0,3,2.0,4.0,3.0,OK,1.0,1.0,0.0,1.0,OK,2.0,2.0,OK,1.0,2.0,09:50:42,09:50:42,5.0,2.0,3.0,3.0,1.0,2.0,3.0,2.0,2.0,1.0,1.0,2.0,1,,2.0,,1.0,,2,,1,,1.0,,1,,1.0,,1.0,1.0,1.0,1.0,1.0,2.0,2.0,1.0,1.0,1.0,750.0,250.0,10.0,9.0,8.0,7.0,3,,1.0,3.0,4,,0.0,.,.,0.0,.,.,9999,,1,.,1,.,0,1.0,uuid:db5f1993-b5c1-4a20-8a63-1322ef5cc1c6,,,,,,.,,,,1.0,,,,,,29 Apr 2019,2019-04-29,,,,,,1.0,25.0,,,,,,,,,,,,,,,,,,,,C.B. a.i.,0.0
1,1,313,1.0,5.0,19.0,0.0,24.0,2.5,9.5,0.0,12.0,45.0,1,,14.0,1,,2018-04-10,uuid:71419d38-5b75-458a-bde4-5cb7c5694a6f,2018-04-10 10:32:02,2018-04-10 11:14:13,"Apr 10, 2018",10:32:00 AM,,,,74.0,74.0,1.0,1.0,30.0,LUALUA,,,,3,,1.0,,Kananga,Malandji,1.0,,4.0,,DEMBA,24,,,,250000.0,45000.0,3 4 6,0.0,3.0,3.0,OK,1.0,1.0,1.0,1.0,OK,2.0,2.0,OK,2.0,2.0,10:32:04,10:32:04,5.0,5.0,3.0,3.0,2.0,2.0,2.0,4.0,2.0,2.0,2.0,2.0,2,,2.0,,2.0,,2,,2,,2.0,,2,,0.0,4.0,1.0,1.0,1.0,1.0,1.0,1.0,3.0,1.0,1.0,3.0,600.0,400.0,10.0,5.0,2.0,1.0,0,,0.0,3.0,4,,0.0,.,.,0.0,.,.,9999,,1,.,1,.,0,2.0,uuid:71419d38-5b75-458a-bde4-5cb7c5694a6f,,,,,,.,,,,1.0,,,,,,29 Apr 2019,2019-04-29,,,,,,1.0,45.0,,,,,,,,,,,,,,,,,,,,N.U.,0.0,0.0,2018-04-06,uuid:7396dcd4-a963-40ba-a23e-0b69f6f6f71f,2018-04-06 16:07:18,2018-04-06 16:41:25,"Apr 6, 2018",4:07:00 PM,,,,62.0,62.0,1.0,1.0,49.0,LULUWA,,47.0,,4,,1.0,,Katoka,Kapanda,1.0,,4.0,,KAZUMBA,1,,,,133000.0,37000.0,3 4 6,5.0,4.0,3.0,OK,1.0,1.0,1.0,1.0,OK,1.0,1.0,OK,1.0,1.0,16:11:59,16:11:59,5.0,4.0,3.0,3.0,2.0,3.0,4.0,1.0,2.0,2.0,2.0,4.0,2,,8.0,,2.0,,2,,2,,8.0,,2,,1.0,,2.0,3.0,3.0,1.0,2.0,1.0,5.0,1.0,1.0,2.0,600.0,400.0,10.0,7.0,7.0,7.0,0,,0.0,6.0,2,,1.0,3,.,0.0,.,.,4,,1,.,.,.,0,1.0,uuid:7396dcd4-a963-40ba-a23e-0b69f6f6f71f,,,,,,.,,,,1.0,,,,,,29 Apr 2019,2019-04-29,,,,,,1.0,14.0,,,,,,,,,,,,,,,,1.0,1.0,1.0,1.0,N.U.,0.0
1,1,321,1.0,8.0,16.0,0.0,24.0,4.0,8.0,0.0,12.0,82.0,1,,,1,,2018-04-30,uuid:45b7e49c-0d35-4963-a969-6c0aec4af364,2018-04-30 09:11:14,2018-04-30 10:09:56,"Apr 30, 2018",9:31:00 AM,,,,108.0,108.0,1.0,1.0,25.0,LUALUA,.,,,12,,0.0,2002.0,Katoka,Kapanda,1.0,,4.0,,KAMONIA,27,,.,.,50000.0,10000.0,3,2.0,4.0,5.0,OK,1.0,1.0,0.0,0.0,OK,2.0,2.0,OK,1.0,1.0,09:11:15,09:11:15,5.0,3.0,3.0,2.0,2.0,1.0,2.0,2.0,3.0,3.0,1.0,2.0,8,,1.0,,8.0,,2,,1,,8.0,,2,,0.0,4.0,2.0,3.0,3.0,1.0,1.0,2.0,4.0,1.0,1.0,1.0,500.0,500.0,5.0,2.0,1.0,0.0,other,Il était là comme stagiaire,0.0,3.0,other,L'université l'avait recommandé d'aller faire son stage à la dgrkoc,0.0,,,0.0,,,9999,,1,.,1,.,0,1.0,uuid:45b7e49c-0d35-4963-a969-6c0aec4af364,,,,,,,,,,1.0,,,,,,29 Apr 2019,2019-04-29,,,,,,1.0,82.0,,,,,,,,,,,,,,,,,,,,N.U.,0.0,0.0,2018-04-08,uuid:db5f1993-b5c1-4a20-8a63-1322ef5cc1c6,2018-04-08 09:50:41,2018-04-08 10:38:25,"Apr 8, 2018",8:09:00 AM,,,,1.0,1.0,1.0,1.0,38.0,KETE,,,,12,,0.0,2012.0,Katoka,Pokolo,1.0,,4.0,,TSHIKAPA,other,Il travaillait à la dgrkoc,,,90000.0,21000.0,3,2.0,4.0,3.0,OK,1.0,1.0,0.0,1.0,OK,2.0,2.0,OK,1.0,2.0,09:50:42,09:50:42,5.0,2.0,3.0,3.0,1.0,2.0,3.0,2.0,2.0,1.0,1.0,2.0,1,,2.0,,1.0,,2,,1,,1.0,,1,,1.0,,1.0,1.0,1.0,1.0,1.0,2.0,2.0,1.0,1.0,1.0,750.0,250.0,10.0,9.0,8.0,7.0,3,,1.0,3.0,4,,0.0,.,.,0.0,.,.,9999,,1,.,1,.,0,1.0,uuid:db5f1993-b5c1-4a20-8a63-1322ef5cc1c6,,,,,,.,,,,1.0,,,,,,29 Apr 2019,2019-04-29,,,,,,1.0,25.0,,,,,,,,,,,,,,,,,,,,C.B. a.i.,0.0
1,1,347,1.0,6.0,15.0,0.0,21.0,3.0,7.5,0.0,10.5,,1,,34.0,1,,2018-05-22,uuid:5899215c-83da-4387-8f64-aced73d64df5,2018-05-22 14:14:37,2018-05-22 15:06:40,"May 22, 2018",2:14:00 PM,,,,125.0,125.0,1.0,1.0,31.0,BINDI,.,,,3,,0.0,2009.0,Kananga,Tshisambi,1.0,,4.0,,KAZUMBA,9,,.,.,40000.0,5000.0,1 3 4 5,1.0,4.0,5.0,OK,1.0,0.0,0.0,0.0,OK,3.0,3.0,OK,2.0,2.0,14:14:38,14:14:38,4.0,3.0,1.0,2.0,1.0,2.0,4.0,2.0,2.0,2.0,2.0,3.0,1,,2.0,,2.0,,2,,3,,1.0,,2,,1.0,,1.0,1.0,1.0,1.0,1.0,3.0,1.0,1.0,1.0,3.0,900.0,100.0,8.0,5.0,4.0,2.0,0,,0.0,0.0,2,,0.0,,,0.0,,,6,,1,.,1,.,Il fallait beaucoup expliquer afin qu il comprenne si non il ne comprenait pas.,1.0,uuid:5899215c-83da-4387-8f64-aced73d64df5,,,,,,,,,,1.0,,,,,,29 Apr 2019,2019-04-29,,,,,,1.0,103.0,,,,,,,,,,,,,,,,,,,,N.U.,0.0,0.0,2018-04-08,uuid:8970ea3f-48b8-4004-a7b3-21784be99fca,2018-04-08 17:24:22,2018-04-08 18:08:39,"Apr 8, 2018",5:24:00 PM,,,,60.0,60.0,1.0,1.0,28.0,LUALUA,,,,3,,1.0,,Lukonga,Mabondo,1.0,,4.0,,DEMBA,other,Percepteur de taxe au marché  central,,,60000.0,12000.0,3,2.0,4.0,3.0,OK,1.0,1.0,0.0,1.0,OK,3.0,3.0,OK,2.0,2.0,17:24:23,17:24:23,5.0,3.0,3.0,3.0,2.0,2.0,2.0,3.0,2.0,2.0,1.0,2.0,8,,1.0,,1.0,,1,,1,,1.0,,1,,1.0,,2.0,3.0,3.0,2.0,1.0,1.0,4.0,1.0,1.0,2.0,600.0,400.0,6.0,5.0,4.0,3.0,0,,2.0,2.0,4,,0.0,.,.,0.0,.,.,9999,,1,.,1,.,0,1.0,uuid:8970ea3f-48b8-4004-a7b3-21784be99fca,,,,,,.,,,,1.0,,,,,,29 Apr 2019,2019-04-29,,,,,,1.0,34.0,,,,,,,,,,,,,,,,,,,,N.U.,0.0
1,1,349,1.0,5.0,19.0,0.0,24.0,2.5,9.5,0.0,12.0,101.0,1,,30.0,1,,2018-05-22,uuid:1082dae7-cf9f-46a0-a576-fd49b38ecd0a,2018-05-22 11:27:51,2018-05-22 12:01:36,"May 22, 2018",11:27:00 AM,,,,123.0,123.0,1.0,1.0,22.0,LUALUA,.,,,12,,1.0,,Kananga,Malandji,1.0,,4.0,,DIMBELENGE,4,,.,.,20000.0,5000.0,3,0.0,2.0,3.0,OK,1.0,1.0,0.0,0.0,OK,3.0,3.0,OK,3.0,3.0,11:27:51,11:27:51,3.0,3.0,3.0,3.0,2.0,2.0,3.0,3.0,3.0,3.0,2.0,1.0,8,,8.0,,8.0,,2,,8,,8.0,,2,,0.0,1.0,1.0,1.0,1.0,1.0,1.0,2.0,4.0,1.0,1.0,2.0,1000.0,0.0,6.0,5.0,4.0,3.0,0,,0.0,0.0,4,,0.0,,,0.0,,,9999,,1,.,,.,Il n'a jamais était à la dgrkoc on a juste pris son nom,2.0,uuid:1082dae7-cf9f-46a0-a576-fd49b38ecd0a,,,,,,,,,,1.0,,,,,,29 Apr 2019,2019-04-29,,,,,,1.0,101.0,,,,,,,,,,,,,,,,,,,,N.U.,0.0,0.0,2018-04-08,uuid:45c5446d-07aa-4789-abf8-48dda47b20a4,2018-04-08 13:42:13,,"Apr 8, 2018",1:42:00 PM,,,,21.0,21.0,1.0,1.0,34.0,LUALUA,,,,2,,1.0,,Kanaga,Plateau,1.0,,4.0,,DIBAYA,other,Je travaillais à la Dgrkoc,,,174000.0,50000.0,3 6,4.0,4.0,1.0,OK,1.0,1.0,0.0,1.0,OK,2.0,2.0,OK,2.0,2.0,14:00:42,14:00:42,5.0,3.0,1.0,1.0,2.0,1.0,2.0,2.0,2.0,2.0,1.0,2.0,1,,2.0,,1.0,,2,,8,,1.0,,1,,0.0,4.0,1.0,2.0,2.0,2.0,1.0,1.0,4.0,1.0,1.0,1.0,1000.0,0.0,5.0,4.0,3.0,0.0,0,,1.0,3.0,4,,0.0,.,.,0.0,.,.,9999,,1,.,1,.,Il es tellement sur de ses reponses,1.0,uuid:45c5446d-07aa-4789-abf8-48dda47b20a4,,,,,,.,,,,2.0,,,,,,29 Apr 2019,2019-04-29,,,,,,1.0,30.0,,,,,,,,,,,,,,,,,,,,N.U.,0.0
1,1,368,1.0,6.0,18.0,0.0,24.0,3.0,9.0,0.0,12.0,44.0,1,,97.0,1,,2018-04-09,uuid:b39f302d-1342-4bac-adef-e38adf37aa39,2018-04-09 19:28:58,2018-04-09 19:59:15,"Apr 9, 2018",7:29:00 PM,,,,22.0,22.0,1.0,1.0,24.0,LULUWA,,44.0,,12,,1.0,,Kananga,Plateau,0.0,,4.0,,DIBAYA,27,,,,560000.0,120000.0,1 3 4 5 6,6.0,4.0,5.0,OK,1.0,1.0,1.0,1.0,OK,2.0,2.0,OK,1.0,1.0,10:29:00,10:29:00,5.0,5.0,2.0,3.0,1.0,2.0,4.0,2.0,2.0,2.0,2.0,2.0,2,,2.0,,2.0,,2,,3,,2.0,,2,,0.0,4.0,2.0,2.0,2.0,2.0,2.0,1.0,4.0,1.0,1.0,2.0,500.0,500.0,7.0,5.0,4.0,2.0,0,,0.0,4.0,1,,0.0,.,.,1.0,8,.,2,,1,.,.,.,0,1.0,uuid:b39f302d-1342-4bac-adef-e38adf37aa39,,,,,,.,,,,2.0,,,,,,29 Apr 2019,2019-04-29,,,,,,1.0,44.0,,,,,,,,,,,,,,,,,,,,N.U.,0.0,0.0,2018-05-21,uuid:f58442c0-eb52-4614-a959-b38d1b723eb0,2018-05-21 16:11:25,2018-05-21 17:30:51,"May 21, 2018",3:11:00 PM,,,,122.0,122.0,2.0,1.0,22.0,BINDI,.,,,3,,0.0,2012.0,Kananga,Bianky,1.0,,4.0,,KAZUMBA,27,,.,.,65000.0,21000.0,2 3 4,4.0,4.0,2.0,OK,1.0,0.0,1.0,0.0,OK,3.0,3.0,OK,2.0,3.0,17:30:14,17:30:14,5.0,5.0,1.0,2.0,2.0,2.0,4.0,4.0,2.0,2.0,4.0,4.0,2,,2.0,,3.0,,2,,3,,3.0,,2,,0.0,4.0,1.0,4.0,4.0,2.0,1.0,1.0,4.0,2.0,2.0,2.0,800.0,200.0,7.0,6.0,5.0,4.0,other,0,0.0,0.0,4,,0.0,,,0.0,,,3,,1,.,5,.,0,1.0,uuid:f58442c0-eb52-4614-a959-b38d1b723eb0,,,,,,,,,,2.0,,,,,,29 Apr 2019,2019-04-29,,,,,,1.0,97.0,,,,,,,,,,,,,,,,,,,,N.U.,0.0
1,1,504,1.0,8.0,16.0,0.0,24.0,4.0,8.0,0.0,12.0,22.0,1,,9.0,1,,2018-04-06,uuid:df9cdea1-b392-40b8-9d3b-f3bde0ead25a,2018-04-06 20:59:45,2018-04-06 21:35:48,"Apr 6, 2018",8:59:00 PM,,,,19.0,19.0,2.0,1.0,30.0,LUALUA,,,,8,,0.0,2008.0,Katoka,Mpokolo,1.0,,4.0,,LUIZA,17,,,,480000.0,40000.0,3,3.0,3.0,6.0,OK,1.0,1.0,1.0,1.0,OK,1.0,2.0,OK,2.0,3.0,11:59:47,11:59:47,3.0,3.0,3.0,3.0,2.0,1.0,1.0,1.0,1.0,2.0,3.0,4.0,2,,2.0,,2.0,,2,,2,,2.0,,2,,1.0,,2.0,2.0,2.0,2.0,1.0,1.0,7.0,2.0,1.0,3.0,100.0,900.0,7.0,5.0,3.0,2.0,0,,2.0,3.0,4,,0.0,.,.,1.0,8,.,4,,1,.,1,.,0,1.0,uuid:df9cdea1-b392-40b8-9d3b-f3bde0ead25a,,,,,,.,,,,1.0,,,,,,29 Apr 2019,2019-04-29,,,,,,1.0,22.0,,,,,,,,,,,,,,,,,,,,N.U.,0.0,0.0,2018-04-06,uuid:ded3e597-b17f-46a1-8df5-253e81cb6f37,2018-04-06 11:58:06,,"Apr 6, 2018",11:58:00 AM,,,,18.0,18.0,1.0,1.0,30.0,LULUWA,,,Bena diulu,3,,1.0,,Lukonga,Dikongayi,,,4.0,,DEMBA,27,,,,100000.0,50000.0,4,7.0,4.0,5.0,OK,1.0,1.0,1.0,1.0,OK,1.0,2.0,OK,1.0,1.0,11:58:08,11:58:08,3.0,3.0,3.0,3.0,2.0,1.0,1.0,1.0,1.0,2.0,2.0,2.0,1,,1.0,,1.0,,1,,1,,1.0,,1,,0.0,1.0,3.0,2.0,3.0,3.0,2.0,3.0,1.0,1.0,1.0,2.0,800.0,200.0,10.0,8.0,7.0,5.0,0,,1.0,6.0,3,,1.0,3,.,0.0,.,.,2,,1,.,5,.,0,1.0,uuid:ded3e597-b17f-46a1-8df5-253e81cb6f37,,,,,,.,,,,1.0,,,,,,29 Apr 2019,2019-04-29,,,,,,1.0,9.0,,,,,,,,,,,,,,,,,,,,N.U.,0.0
1,1,517,1.0,6.0,17.0,0.0,23.0,3.0,8.5,0.0,11.5,20.0,1,,75.0,1,,2018-04-06,uuid:7f5744b5-6d02-46a1-9264-de719773f4a9,2018-04-06 19:35:41,2018-04-06 20:17:36,"Apr 6, 2018",7:35:00 PM,,,,15.0,15.0,1.0,1.0,22.0,KUBA,,7.0,,1,,1.0,,Katoka,Mpokolo,1.0,,4.0,,MWEKA,0,,other,Electronicien,150000.0,7500.0,3,8.0,4.0,4.0,OK,1.0,1.0,0.0,1.0,OK,2.0,3.0,OK,2.0,2.0,10:35:42,10:35:42,5.0,3.0,3.0,3.0,1.0,2.0,2.0,4.0,2.0,2.0,2.0,2.0,1,,3.0,,2.0,,2,,2,,2.0,,2,,1.0,,2.0,2.0,2.0,1.0,2.0,3.0,4.0,1.0,1.0,2.0,800.0,200.0,8.0,7.0,5.0,4.0,0,,0.0,6.0,4,,1.0,4,.,0.0,.,.,7,,1,.,1,.,0,2.0,uuid:7f5744b5-6d02-46a1-9264-de719773f4a9,,,,,,.,,,,1.0,,,,,,29 Apr 2019,2019-04-29,,,,,,1.0,20.0,,,,,,,,,,,,,,,,,,,,N.U.,0.0,0.0,2018-04-27,uuid:79f70fa2-9716-48b2-b4a4-2e51e37617d6,2018-04-27 09:22:45,2018-04-27 10:04:31,"Apr 27, 2018",9:22:00 AM,,,,71.0,71.0,1.0,1.0,23.0,LUALUA,.,,,2,,1.0,,Ngaza,Salongo muimba,0.0,,4.0,,DIBAYA,20,,.,.,50000.0,15000.0,3 6,3.0,3.0,4.0,OK,1.0,1.0,1.0,1.0,OK,3.0,3.0,OK,2.0,2.0,09:22:46,09:22:46,4.0,3.0,1.0,3.0,2.0,1.0,2.0,4.0,2.0,2.0,2.0,1.0,2,,2.0,,1.0,,1,,1,,1.0,,1,,1.0,,2.0,3.0,1.0,1.0,2.0,1.0,4.0,1.0,1.0,2.0,400.0,600.0,6.0,5.0,4.0,3.0,0,,0.0,3.0,4,,1.0,8,,1.0,7,,other,Connaissance familiale avec mon oncle,1,.,,.,0,2.0,uuid:79f70fa2-9716-48b2-b4a4-2e51e37617d6,,,,,,,,,,1.0,,,,,,29 Apr 2019,2019-04-29,,,,,,1.0,75.0,,,,,,,,,,,,,,,,,,,,N.U.,0.0
1,1,545,1.0,8.0,16.0,0.0,24.0,4.0,8.0,0.0,12.0,8.0,1,,47.0,1,,2018-04-06,uuid:aca9f25e-94bb-4487-9f79-b397ed39edb8,2018-04-06 11:11:02,,"Apr 6, 2018",11:11:00 AM,,,,13.0,13.0,1.0,1.0,32.0,LULUWA,,,Bakua mbuyi,2,,1.0,,Ndesha,Lubuwa,1.0,,4.0,,DEMBA,17,,,,96000.0,250000.0,3 4,5.0,4.0,3.0,OK,1.0,0.0,0.0,1.0,OK,1.0,2.0,OK,1.0,1.0,11:11:03,11:11:03,3.0,3.0,2.0,3.0,1.0,1.0,1.0,1.0,1.0,2.0,1.0,1.0,1,,3.0,,3.0,,1,,3,,3.0,,3,,0.0,1.0,1.0,3.0,2.0,2.0,2.0,1.0,3.0,2.0,2.0,2.0,900.0,100.0,7.0,5.0,4.0,3.0,0,,1.0,0.0,3,,0.0,.,.,0.0,.,.,9999,,1,.,1,.,0,1.0,uuid:aca9f25e-94bb-4487-9f79-b397ed39edb8,,,,,,.,,,,1.0,,,,,,29 Apr 2019,2019-04-29,,,,,,1.0,8.0,,,,,,,,,,,,,,,,,,,,N.U.,0.0,0.0,2018-04-10,uuid:4942c4c4-3b67-43bf-bc9e-29de8c2ed36a,2018-04-10 12:00:15,2018-04-10 12:45:42,"Apr 10, 2018",12:00:00 PM,,,,32.0,32.0,1.0,1.0,26.0,LUALUA,,,,3,,1.0,,Kananga,Industrielle,1.0,,4.0,,KAZUMBA,27,,,,120000.0,30000.0,3 4 5,5.0,4.0,5.0,OK,1.0,1.0,0.0,0.0,OK,2.0,2.0,OK,1.0,1.0,12:00:17,12:00:17,3.0,4.0,4.0,3.0,1.0,1.0,3.0,1.0,2.0,2.0,2.0,2.0,2,,1.0,,4.0,,2,,2,,2.0,,2,,1.0,,3.0,3.0,4.0,1.0,1.0,2.0,2.0,1.0,1.0,2.0,300.0,700.0,8.0,5.0,3.0,2.0,0,,0.0,3.0,1,,0.0,.,.,0.0,.,.,other,Un frère qui n'est pas de mon église,1,.,1,.,Une personne honnête.,1.0,uuid:4942c4c4-3b67-43bf-bc9e-29de8c2ed36a,,,,,,.,,,,2.0,,,,,,29 Apr 2019,2019-04-29,,,,,,1.0,47.0,,,,,,,,,,,,,,,,,,,,N.U.,0.0
1,1,552,1.0,6.0,15.0,0.0,21.0,3.0,7.5,0.0,10.5,,1,,34.0,1,,2018-05-22,uuid:5899215c-83da-4387-8f64-aced73d64df5,2018-05-22 14:14:37,2018-05-22 15:06:40,"May 22, 2018",2:14:00 PM,,,,125.0,125.0,1.0,1.0,31.0,BINDI,.,,,3,,0.0,2009.0,Kananga,Tshisambi,1.0,,4.0,,KAZUMBA,9,,.,.,40000.0,5000.0,1 3 4 5,1.0,4.0,5.0,OK,1.0,0.0,0.0,0.0,OK,3.0,3.0,OK,2.0,2.0,14:14:38,14:14:38,4.0,3.0,1.0,2.0,1.0,2.0,4.0,2.0,2.0,2.0,2.0,3.0,1,,2.0,,2.0,,2,,3,,1.0,,2,,1.0,,1.0,1.0,1.0,1.0,1.0,3.0,1.0,1.0,1.0,3.0,900.0,100.0,8.0,5.0,4.0,2.0,0,,0.0,0.0,2,,0.0,,,0.0,,,6,,1,.,1,.,Il fallait beaucoup expliquer afin qu il comprenne si non il ne comprenait pas.,1.0,uuid:5899215c-83da-4387-8f64-aced73d64df5,,,,,,,,,,1.0,,,,,,29 Apr 2019,2019-04-29,,,,,,1.0,103.0,,,,,,,,,,,,,,,,,,,,N.U.,0.0,0.0,2018-04-08,uuid:8970ea3f-48b8-4004-a7b3-21784be99fca,2018-04-08 17:24:22,2018-04-08 18:08:39,"Apr 8, 2018",5:24:00 PM,,,,60.0,60.0,1.0,1.0,28.0,LUALUA,,,,3,,1.0,,Lukonga,Mabondo,1.0,,4.0,,DEMBA,other,Percepteur de taxe au marché  central,,,60000.0,12000.0,3,2.0,4.0,3.0,OK,1.0,1.0,0.0,1.0,OK,3.0,3.0,OK,2.0,2.0,17:24:23,17:24:23,5.0,3.0,3.0,3.0,2.0,2.0,2.0,3.0,2.0,2.0,1.0,2.0,8,,1.0,,1.0,,1,,1,,1.0,,1,,1.0,,2.0,3.0,3.0,2.0,1.0,1.0,4.0,1.0,1.0,2.0,600.0,400.0,6.0,5.0,4.0,3.0,0,,2.0,2.0,4,,0.0,.,.,0.0,.,.,9999,,1,.,1,.,0,1.0,uuid:8970ea3f-48b8-4004-a7b3-21784be99fca,,,,,,.,,,,1.0,,,,,,29 Apr 2019,2019-04-29,,,,,,1.0,34.0,,,,,,,,,,,,,,,,,,,,N.U.,0.0
1,1,561,1.0,3.0,21.0,0.0,24.0,1.5,10.5,0.0,12.0,77.0,1,,98.0,1,,2018-04-27,uuid:576d33a5-e205-411e-ae9b-7ad03c97f91b,2018-04-27 11:17:43,2018-04-27 12:04:53,"Apr 27, 2018",11:17:00 AM,,,,89.0,89.0,1.0,1.0,27.0,LUALUA,.,,,2,,0.0,2000.0,Kananga,Tshisambi,1.0,,4.0,,LUIZA,22,,.,.,640000.0,200000.0,3 4,2.0,4.0,5.0,OK,1.0,1.0,0.0,0.0,OK,3.0,3.0,OK,3.0,3.0,11:17:43,11:17:43,3.0,3.0,2.0,3.0,2.0,1.0,2.0,1.0,1.0,1.0,1.0,1.0,1,,1.0,,1.0,,1,,3,,1.0,,1,,0.0,1.0,2.0,4.0,2.0,2.0,3.0,1.0,4.0,1.0,1.0,3.0,600.0,400.0,7.0,6.0,4.0,3.0,0,,1.0,2.0,3,,0.0,,,0.0,,,6,,1,.,1,.,0,1.0,uuid:576d33a5-e205-411e-ae9b-7ad03c97f91b,,,,,,,,,,1.0,,,,,,29 Apr 2019,2019-04-29,,,,,,1.0,78.0,,,,,,,,,,,,,,,,,,,,N.U.,0.0,0.0,2018-05-21,uuid:1f5de587-4605-4f4e-ae53-3d9559cc5bbd,2018-05-21 16:20:35,2018-05-21 17:05:42,"May 21, 2018",4:20:00 PM,,,,119.0,119.0,2.0,1.0,20.0,LUNTU,.,,Bakua tshibasu,3,,0.0,2005.0,Kananga, Malandji,1.0,,4.0,,DIMBELENGE,0,,6,.,150000.0,35000.0,3 4 6,2.0,4.0,3.0,OK,1.0,1.0,1.0,1.0,OK,1.0,1.0,OK,1.0,1.0,16:20:37,16:20:37,3.0,4.0,2.0,3.0,1.0,2.0,4.0,2.0,2.0,4.0,1.0,4.0,2,,3.0,,1.0,,1,,3,,2.0,,1,,0.0,4.0,1.0,1.0,1.0,1.0,1.0,2.0,4.0,1.0,1.0,3.0,900.0,100.0,8.0,6.0,4.0,2.0,0,,0.0,8.0,3,,0.0,,,0.0,,,9999,,6,.,6,.,0,1.0,uuid:1f5de587-4605-4f4e-ae53-3d9559cc5bbd,,,,,,,,,,1.0,,,,,,29 Apr 2019,2019-04-29,,,,,,1.0,98.0,,,,,,,,,,,,,,,,,,,,N.U.,0.0
1,1,564,1.0,6.0,17.0,0.0,23.0,3.0,8.5,0.0,11.5,20.0,1,,75.0,1,,2018-04-06,uuid:7f5744b5-6d02-46a1-9264-de719773f4a9,2018-04-06 19:35:41,2018-04-06 20:17:36,"Apr 6, 2018",7:35:00 PM,,,,15.0,15.0,1.0,1.0,22.0,KUBA,,7.0,,1,,1.0,,Katoka,Mpokolo,1.0,,4.0,,MWEKA,0,,other,Electronicien,150000.0,7500.0,3,8.0,4.0,4.0,OK,1.0,1.0,0.0,1.0,OK,2.0,3.0,OK,2.0,2.0,10:35:42,10:35:42,5.0,3.0,3.0,3.0,1.0,2.0,2.0,4.0,2.0,2.0,2.0,2.0,1,,3.0,,2.0,,2,,2,,2.0,,2,,1.0,,2.0,2.0,2.0,1.0,2.0,3.0,4.0,1.0,1.0,2.0,800.0,200.0,8.0,7.0,5.0,4.0,0,,0.0,6.0,4,,1.0,4,.,0.0,.,.,7,,1,.,1,.,0,2.0,uuid:7f5744b5-6d02-46a1-9264-de719773f4a9,,,,,,.,,,,1.0,,,,,,29 Apr 2019,2019-04-29,,,,,,1.0,20.0,,,,,,,,,,,,,,,,,,,,N.U.,0.0,0.0,2018-04-27,uuid:79f70fa2-9716-48b2-b4a4-2e51e37617d6,2018-04-27 09:22:45,2018-04-27 10:04:31,"Apr 27, 2018",9:22:00 AM,,,,71.0,71.0,1.0,1.0,23.0,LUALUA,.,,,2,,1.0,,Ngaza,Salongo muimba,0.0,,4.0,,DIBAYA,20,,.,.,50000.0,15000.0,3 6,3.0,3.0,4.0,OK,1.0,1.0,1.0,1.0,OK,3.0,3.0,OK,2.0,2.0,09:22:46,09:22:46,4.0,3.0,1.0,3.0,2.0,1.0,2.0,4.0,2.0,2.0,2.0,1.0,2,,2.0,,1.0,,1,,1,,1.0,,1,,1.0,,2.0,3.0,1.0,1.0,2.0,1.0,4.0,1.0,1.0,2.0,400.0,600.0,6.0,5.0,4.0,3.0,0,,0.0,3.0,4,,1.0,8,,1.0,7,,other,Connaissance familiale avec mon oncle,1,.,,.,0,2.0,uuid:79f70fa2-9716-48b2-b4a4-2e51e37617d6,,,,,,,,,,1.0,,,,,,29 Apr 2019,2019-04-29,,,,,,1.0,75.0,,,,,,,,,,,,,,,,,,,,N.U.,0.0
1,1,584,1.0,6.0,18.0,0.0,24.0,3.0,9.0,0.0,12.0,44.0,1,,97.0,1,,2018-04-09,uuid:b39f302d-1342-4bac-adef-e38adf37aa39,2018-04-09 19:28:58,2018-04-09 19:59:15,"Apr 9, 2018",7:29:00 PM,,,,22.0,22.0,1.0,1.0,24.0,LULUWA,,44.0,,12,,1.0,,Kananga,Plateau,0.0,,4.0,,DIBAYA,27,,,,560000.0,120000.0,1 3 4 5 6,6.0,4.0,5.0,OK,1.0,1.0,1.0,1.0,OK,2.0,2.0,OK,1.0,1.0,10:29:00,10:29:00,5.0,5.0,2.0,3.0,1.0,2.0,4.0,2.0,2.0,2.0,2.0,2.0,2,,2.0,,2.0,,2,,3,,2.0,,2,,0.0,4.0,2.0,2.0,2.0,2.0,2.0,1.0,4.0,1.0,1.0,2.0,500.0,500.0,7.0,5.0,4.0,2.0,0,,0.0,4.0,1,,0.0,.,.,1.0,8,.,2,,1,.,.,.,0,1.0,uuid:b39f302d-1342-4bac-adef-e38adf37aa39,,,,,,.,,,,2.0,,,,,,29 Apr 2019,2019-04-29,,,,,,1.0,44.0,,,,,,,,,,,,,,,,,,,,N.U.,0.0,0.0,2018-05-21,uuid:f58442c0-eb52-4614-a959-b38d1b723eb0,2018-05-21 16:11:25,2018-05-21 17:30:51,"May 21, 2018",3:11:00 PM,,,,122.0,122.0,2.0,1.0,22.0,BINDI,.,,,3,,0.0,2012.0,Kananga,Bianky,1.0,,4.0,,KAZUMBA,27,,.,.,65000.0,21000.0,2 3 4,4.0,4.0,2.0,OK,1.0,0.0,1.0,0.0,OK,3.0,3.0,OK,2.0,3.0,17:30:14,17:30:14,5.0,5.0,1.0,2.0,2.0,2.0,4.0,4.0,2.0,2.0,4.0,4.0,2,,2.0,,3.0,,2,,3,,3.0,,2,,0.0,4.0,1.0,4.0,4.0,2.0,1.0,1.0,4.0,2.0,2.0,2.0,800.0,200.0,7.0,6.0,5.0,4.0,other,0,0.0,0.0,4,,0.0,,,0.0,,,3,,1,.,5,.,0,1.0,uuid:f58442c0-eb52-4614-a959-b38d1b723eb0,,,,,,,,,,2.0,,,,,,29 Apr 2019,2019-04-29,,,,,,1.0,97.0,,,,,,,,,,,,,,,,,,,,N.U.,0.0
1,1,599,1.0,5.0,18.0,0.0,23.0,2.5,9.0,0.0,11.5,83.0,1,,96.0,1,,2018-04-30,uuid:c0bb8a71-f4a8-4868-b813-895359d250d4,2018-04-30 10:11:52,2018-04-30 11:02:05,"Apr 30, 2018",10:12:00 AM,,,,109.0,109.0,1.0,1.0,23.0,LUALUA,.,,,12,,0.0,2006.0,Katoka,Kele kele,1.0,,4.0,,KAZUMBA,0,,9,.,55000.0,35000.0,0,0.0,4.0,4.0,OK,1.0,1.0,0.0,1.0,OK,3.0,3.0,OK,3.0,3.0,10:11:53,10:11:53,3.0,3.0,3.0,3.0,1.0,1.0,2.0,1.0,2.0,2.0,1.0,2.0,3,,3.0,,3.0,,7,,3,,3.0,,3,,0.0,1.0,1.0,1.0,3.0,1.0,1.0,1.0,4.0,1.0,1.0,1.0,400.0,600.0,10.0,5.0,4.0,3.0,0,,2.0,0.0,3,,1.0,3,,1.0,8,,6,,1,.,,.,0,1.0,uuid:c0bb8a71-f4a8-4868-b813-895359d250d4,,,,,,,,,,1.0,,,,,,29 Apr 2019,2019-04-29,,,,,,1.0,83.0,,,,,,,,,,,,,,,,,,,,N.U.,0.0,0.0,2018-05-21,uuid:1e1a6c9a-d8c0-4d9b-a8ca-0042b29fe7ac,2018-05-21 15:56:17,2018-05-21 16:37:31,"May 21, 2018",3:56:00 PM,,,,117.0,117.0,1.0,1.0,37.0,BINDI,.,,,12,,0.0,1987.0,Kananga,Malandji,1.0,,4.0,,KAZUMBA,25,,.,.,90000.0,21000.0,1 4,1.0,3.0,4.0,OK,1.0,1.0,0.0,1.0,OK,2.0,2.0,OK,1.0,1.0,15:56:17,15:56:17,5.0,5.0,3.0,3.0,2.0,2.0,2.0,3.0,2.0,2.0,2.0,1.0,1,,3.0,,1.0,,1,,3,,1.0,,1,,0.0,4.0,1.0,2.0,2.0,1.0,1.0,2.0,4.0,1.0,1.0,1.0,300.0,700.0,7.0,5.0,3.0,2.0,0,,1.0,0.0,4,,0.0,,,1.0,3,,9999,,1,.,1,.,Il prenez beaucoup de temps pour répondre,2.0,uuid:1e1a6c9a-d8c0-4d9b-a8ca-0042b29fe7ac,,,,,,,,,,1.0,,,,,,29 Apr 2019,2019-04-29,,,,,,1.0,96.0,,,,,,,,,,,,,,,,,,,,N.U.,0.0
1,1,624,1.0,8.0,16.0,0.0,24.0,4.0,8.0,0.0,12.0,8.0,1,,47.0,1,,2018-04-06,uuid:aca9f25e-94bb-4487-9f79-b397ed39edb8,2018-04-06 11:11:02,,"Apr 6, 2018",11:11:00 AM,,,,13.0,13.0,1.0,1.0,32.0,LULUWA,,,Bakua mbuyi,2,,1.0,,Ndesha,Lubuwa,1.0,,4.0,,DEMBA,17,,,,96000.0,250000.0,3 4,5.0,4.0,3.0,OK,1.0,0.0,0.0,1.0,OK,1.0,2.0,OK,1.0,1.0,11:11:03,11:11:03,3.0,3.0,2.0,3.0,1.0,1.0,1.0,1.0,1.0,2.0,1.0,1.0,1,,3.0,,3.0,,1,,3,,3.0,,3,,0.0,1.0,1.0,3.0,2.0,2.0,2.0,1.0,3.0,2.0,2.0,2.0,900.0,100.0,7.0,5.0,4.0,3.0,0,,1.0,0.0,3,,0.0,.,.,0.0,.,.,9999,,1,.,1,.,0,1.0,uuid:aca9f25e-94bb-4487-9f79-b397ed39edb8,,,,,,.,,,,1.0,,,,,,29 Apr 2019,2019-04-29,,,,,,1.0,8.0,,,,,,,,,,,,,,,,,,,,N.U.,0.0,0.0,2018-04-10,uuid:4942c4c4-3b67-43bf-bc9e-29de8c2ed36a,2018-04-10 12:00:15,2018-04-10 12:45:42,"Apr 10, 2018",12:00:00 PM,,,,32.0,32.0,1.0,1.0,26.0,LUALUA,,,,3,,1.0,,Kananga,Industrielle,1.0,,4.0,,KAZUMBA,27,,,,120000.0,30000.0,3 4 5,5.0,4.0,5.0,OK,1.0,1.0,0.0,0.0,OK,2.0,2.0,OK,1.0,1.0,12:00:17,12:00:17,3.0,4.0,4.0,3.0,1.0,1.0,3.0,1.0,2.0,2.0,2.0,2.0,2,,1.0,,4.0,,2,,2,,2.0,,2,,1.0,,3.0,3.0,4.0,1.0,1.0,2.0,2.0,1.0,1.0,2.0,300.0,700.0,8.0,5.0,3.0,2.0,0,,0.0,3.0,1,,0.0,.,.,0.0,.,.,other,Un frère qui n'est pas de mon église,1,.,1,.,Une personne honnête.,1.0,uuid:4942c4c4-3b67-43bf-bc9e-29de8c2ed36a,,,,,,.,,,,2.0,,,,,,29 Apr 2019,2019-04-29,,,,,,1.0,47.0,,,,,,,,,,,,,,,,,,,,N.U.,0.0
1,1,629,1.0,5.0,19.0,0.0,24.0,2.5,9.5,0.0,12.0,45.0,1,,14.0,1,,2018-04-10,uuid:71419d38-5b75-458a-bde4-5cb7c5694a6f,2018-04-10 10:32:02,2018-04-10 11:14:13,"Apr 10, 2018",10:32:00 AM,,,,74.0,74.0,1.0,1.0,30.0,LUALUA,,,,3,,1.0,,Kananga,Malandji,1.0,,4.0,,DEMBA,24,,,,250000.0,45000.0,3 4 6,0.0,3.0,3.0,OK,1.0,1.0,1.0,1.0,OK,2.0,2.0,OK,2.0,2.0,10:32:04,10:32:04,5.0,5.0,3.0,3.0,2.0,2.0,2.0,4.0,2.0,2.0,2.0,2.0,2,,2.0,,2.0,,2,,2,,2.0,,2,,0.0,4.0,1.0,1.0,1.0,1.0,1.0,1.0,3.0,1.0,1.0,3.0,600.0,400.0,10.0,5.0,2.0,1.0,0,,0.0,3.0,4,,0.0,.,.,0.0,.,.,9999,,1,.,1,.,0,2.0,uuid:71419d38-5b75-458a-bde4-5cb7c5694a6f,,,,,,.,,,,1.0,,,,,,29 Apr 2019,2019-04-29,,,,,,1.0,45.0,,,,,,,,,,,,,,,,,,,,N.U.,0.0,0.0,2018-04-06,uuid:7396dcd4-a963-40ba-a23e-0b69f6f6f71f,2018-04-06 16:07:18,2018-04-06 16:41:25,"Apr 6, 2018",4:07:00 PM,,,,62.0,62.0,1.0,1.0,49.0,LULUWA,,47.0,,4,,1.0,,Katoka,Kapanda,1.0,,4.0,,KAZUMBA,1,,,,133000.0,37000.0,3 4 6,5.0,4.0,3.0,OK,1.0,1.0,1.0,1.0,OK,1.0,1.0,OK,1.0,1.0,16:11:59,16:11:59,5.0,4.0,3.0,3.0,2.0,3.0,4.0,1.0,2.0,2.0,2.0,4.0,2,,8.0,,2.0,,2,,2,,8.0,,2,,1.0,,2.0,3.0,3.0,1.0,2.0,1.0,5.0,1.0,1.0,2.0,600.0,400.0,10.0,7.0,7.0,7.0,0,,0.0,6.0,2,,1.0,3,.,0.0,.,.,4,,1,.,.,.,0,1.0,uuid:7396dcd4-a963-40ba-a23e-0b69f6f6f71f,,,,,,.,,,,1.0,,,,,,29 Apr 2019,2019-04-29,,,,,,1.0,14.0,,,,,,,,,,,,,,,,1.0,1.0,1.0,1.0,N.U.,0.0
1,1,636,1.0,8.0,16.0,0.0,24.0,4.0,8.0,0.0,12.0,22.0,1,,9.0,1,,2018-04-06,uuid:df9cdea1-b392-40b8-9d3b-f3bde0ead25a,2018-04-06 20:59:45,2018-04-06 21:35:48,"Apr 6, 2018",8:59:00 PM,,,,19.0,19.0,2.0,1.0,30.0,LUALUA,,,,8,,0.0,2008.0,Katoka,Mpokolo,1.0,,4.0,,LUIZA,17,,,,480000.0,40000.0,3,3.0,3.0,6.0,OK,1.0,1.0,1.0,1.0,OK,1.0,2.0,OK,2.0,3.0,11:59:47,11:59:47,3.0,3.0,3.0,3.0,2.0,1.0,1.0,1.0,1.0,2.0,3.0,4.0,2,,2.0,,2.0,,2,,2,,2.0,,2,,1.0,,2.0,2.0,2.0,2.0,1.0,1.0,7.0,2.0,1.0,3.0,100.0,900.0,7.0,5.0,3.0,2.0,0,,2.0,3.0,4,,0.0,.,.,1.0,8,.,4,,1,.,1,.,0,1.0,uuid:df9cdea1-b392-40b8-9d3b-f3bde0ead25a,,,,,,.,,,,1.0,,,,,,29 Apr 2019,2019-04-29,,,,,,1.0,22.0,,,,,,,,,,,,,,,,,,,,N.U.,0.0,0.0,2018-04-06,uuid:ded3e597-b17f-46a1-8df5-253e81cb6f37,2018-04-06 11:58:06,,"Apr 6, 2018",11:58:00 AM,,,,18.0,18.0,1.0,1.0,30.0,LULUWA,,,Bena diulu,3,,1.0,,Lukonga,Dikongayi,,,4.0,,DEMBA,27,,,,100000.0,50000.0,4,7.0,4.0,5.0,OK,1.0,1.0,1.0,1.0,OK,1.0,2.0,OK,1.0,1.0,11:58:08,11:58:08,3.0,3.0,3.0,3.0,2.0,1.0,1.0,1.0,1.0,2.0,2.0,2.0,1,,1.0,,1.0,,1,,1,,1.0,,1,,0.0,1.0,3.0,2.0,3.0,3.0,2.0,3.0,1.0,1.0,1.0,2.0,800.0,200.0,10.0,8.0,7.0,5.0,0,,1.0,6.0,3,,1.0,3,.,0.0,.,.,2,,1,.,5,.,0,1.0,uuid:ded3e597-b17f-46a1-8df5-253e81cb6f37,,,,,,.,,,,1.0,,,,,,29 Apr 2019,2019-04-29,,,,,,1.0,9.0,,,,,,,,,,,,,,,,,,,,N.U.,0.0
1,1,637,1.0,4.0,20.0,0.0,24.0,2.0,10.0,0.0,12.0,35.0,1,,40.0,1,,2018-04-08,uuid:c58c67f9-c3cb-4834-864e-c775796090a4,2018-04-08 18:11:10,2018-04-08 18:55:29,"Apr 8, 2018",6:11:00 PM,,,,61.0,61.0,1.0,1.0,26.0,LUALUA,,,,1,,1.0,,Katoka,Mpokolo,1.0,,4.0,,DEMBA,15,,,,200000.0,50000.0,3 4,3.0,3.0,6.0,OK,1.0,1.0,1.0,0.0,OK,2.0,2.0,OK,1.0,1.0,18:11:11,18:11:11,3.0,3.0,3.0,3.0,1.0,2.0,2.0,4.0,1.0,2.0,2.0,2.0,1,,1.0,,1.0,,1,,1,,1.0,,1,,0.0,4.0,1.0,1.0,1.0,1.0,2.0,1.0,4.0,2.0,2.0,1.0,900.0,100.0,10.0,9.0,8.0,7.0,0,,0.0,2.0,4,,0.0,.,.,1.0,3,.,4,,1,.,1,.,0,2.0,uuid:c58c67f9-c3cb-4834-864e-c775796090a4,,,,,,.,,,,1.0,,,,,,29 Apr 2019,2019-04-29,,,,,,1.0,35.0,,,,,,,,,,,,,,,,,,,,N.U.,0.0,0.0,2018-04-09,uuid:aec0d3d4-6f39-4538-aedf-450445470e96,2018-04-09 13:43:16,2018-04-09 14:25:04,"Apr 9, 2018",1:43:00 PM,,,,67.0,67.0,1.0,1.0,44.0,LULUWA,,,Bakua mbayi,3,,1.0,,Katoka,Kele kele,1.0,,4.0,,DEMBA,17,,,,200000.0,35000.0,4,4.0,4.0,3.0,OK,1.0,1.0,1.0,1.0,OK,1.0,1.0,OK,1.0,1.0,13:43:17,13:43:17,4.0,3.0,3.0,3.0,2.0,1.0,3.0,1.0,2.0,2.0,1.0,4.0,1,,1.0,,1.0,,1,,1,,1.0,,1,,0.0,4.0,1.0,3.0,3.0,3.0,1.0,1.0,3.0,1.0,3.0,3.0,1000.0,0.0,10.0,6.0,5.0,4.0,0,,10.0,0.0,3,,0.0,.,.,0.0,.,.,4,,1,.,1,.,0,1.0,uuid:aec0d3d4-6f39-4538-aedf-450445470e96,,,,,,.,,,,2.0,,,,,,29 Apr 2019,2019-04-29,,,,,,1.0,40.0,,,,,,,,,,,,,,,,,,,,N.U.,0.0
1,1,656,1.0,5.0,18.0,0.0,23.0,2.5,9.0,0.0,11.5,83.0,1,,96.0,1,,2018-04-30,uuid:c0bb8a71-f4a8-4868-b813-895359d250d4,2018-04-30 10:11:52,2018-04-30 11:02:05,"Apr 30, 2018",10:12:00 AM,,,,109.0,109.0,1.0,1.0,23.0,LUALUA,.,,,12,,0.0,2006.0,Katoka,Kele kele,1.0,,4.0,,KAZUMBA,0,,9,.,55000.0,35000.0,0,0.0,4.0,4.0,OK,1.0,1.0,0.0,1.0,OK,3.0,3.0,OK,3.0,3.0,10:11:53,10:11:53,3.0,3.0,3.0,3.0,1.0,1.0,2.0,1.0,2.0,2.0,1.0,2.0,3,,3.0,,3.0,,7,,3,,3.0,,3,,0.0,1.0,1.0,1.0,3.0,1.0,1.0,1.0,4.0,1.0,1.0,1.0,400.0,600.0,10.0,5.0,4.0,3.0,0,,2.0,0.0,3,,1.0,3,,1.0,8,,6,,1,.,,.,0,1.0,uuid:c0bb8a71-f4a8-4868-b813-895359d250d4,,,,,,,,,,1.0,,,,,,29 Apr 2019,2019-04-29,,,,,,1.0,83.0,,,,,,,,,,,,,,,,,,,,N.U.,0.0,0.0,2018-05-21,uuid:1e1a6c9a-d8c0-4d9b-a8ca-0042b29fe7ac,2018-05-21 15:56:17,2018-05-21 16:37:31,"May 21, 2018",3:56:00 PM,,,,117.0,117.0,1.0,1.0,37.0,BINDI,.,,,12,,0.0,1987.0,Kananga,Malandji,1.0,,4.0,,KAZUMBA,25,,.,.,90000.0,21000.0,1 4,1.0,3.0,4.0,OK,1.0,1.0,0.0,1.0,OK,2.0,2.0,OK,1.0,1.0,15:56:17,15:56:17,5.0,5.0,3.0,3.0,2.0,2.0,2.0,3.0,2.0,2.0,2.0,1.0,1,,3.0,,1.0,,1,,3,,1.0,,1,,0.0,4.0,1.0,2.0,2.0,1.0,1.0,2.0,4.0,1.0,1.0,1.0,300.0,700.0,7.0,5.0,3.0,2.0,0,,1.0,0.0,4,,0.0,,,1.0,3,,9999,,1,.,1,.,Il prenez beaucoup de temps pour répondre,2.0,uuid:1e1a6c9a-d8c0-4d9b-a8ca-0042b29fe7ac,,,,,,,,,,1.0,,,,,,29 Apr 2019,2019-04-29,,,,,,1.0,96.0,,,,,,,,,,,,,,,,,,,,N.U.,0.0
1,1,681,1.0,5.0,17.0,0.0,22.0,2.5,8.5,0.0,11.0,18.0,1,,90.0,1,,2018-04-06,uuid:c5ca5212-b840-4a26-8c33-88a33844849b,2018-04-06 18:14:32,2018-04-06 18:52:46,"Apr 6, 2018",6:14:00 PM,,,,35.0,35.0,1.0,1.0,46.0,LUNTU,,52.0,,12,,0.0,1996.0,Kananga,Plateau,1.0,,4.0,,DIMBELENGE,30,,,,150000.0,35000.0,3,2.0,3.0,6.0,OK,1.0,0.0,0.0,1.0,OK,1.0,2.0,OK,1.0,2.0,09:14:33,09:14:33,5.0,5.0,3.0,3.0,2.0,2.0,2.0,2.0,2.0,2.0,2.0,4.0,1,,1.0,,1.0,,1,,1,,1.0,,2,,1.0,,3.0,3.0,3.0,3.0,1.0,1.0,4.0,1.0,1.0,3.0,800.0,200.0,7.0,5.0,4.0,3.0,0,,0.0,4.0,2,,1.0,9,.,0.0,.,.,other,Aucun,1,.,1,.,0,1.0,uuid:c5ca5212-b840-4a26-8c33-88a33844849b,,,,,,.,,,,1.0,,,,,,29 Apr 2019,2019-04-29,,,,,,1.0,18.0,,,,,,,,,,,,,,,,,,,,N.U.,0.0,0.0,2018-05-21,uuid:acd7c7e6-9c34-4730-b887-ee35efc0720b,2018-05-21 13:22:42,2018-05-21 13:54:52,"May 21, 2018",1:24:00 PM,,,,111.0,111.0,1.0,1.0,23.0,LUALUA,.,,,1,,1.0,,Katoka,Mpokolo,1.0,,4.0,,DIBAYA,4,,.,.,250000.0,3000.0,0,3.0,2.0,2.0,OK,1.0,0.0,1.0,0.0,OK,2.0,2.0,OK,2.0,2.0,13:22:42,13:22:42,5.0,5.0,3.0,3.0,2.0,2.0,2.0,2.0,2.0,2.0,2.0,3.0,8,,2.0,,1.0,,1,,1,,8.0,,2,,0.0,1.0,3.0,2.0,1.0,1.0,1.0,2.0,4.0,3.0,2.0,2.0,600.0,400.0,5.0,2.0,1.0,0.0,0,,0.0,1.0,2,,1.0,3,,1.0,other,Beau frère,9999,,1,.,1,.,0,2.0,uuid:acd7c7e6-9c34-4730-b887-ee35efc0720b,,,,,,,,,,1.0,,,,,,29 Apr 2019,2019-04-29,,,,,,1.0,90.0,,,,,,,,,,,,,,,,,,,,N.U.,0.0
1,1,686,1.0,6.0,18.0,0.0,24.0,3.0,9.0,0.0,12.0,37.0,1,,71.0,1,,2018-04-09,uuid:a65038b1-c402-4bcb-8786-436f431c5ee7,2018-04-09 10:52:39,2018-04-09 11:21:29,"Apr 9, 2018",10:53:00 AM,,,,75.0,75.0,1.0,1.0,21.0,LULUWA,,,Tshialu mukombo,3,,0.0,2010.0,Katoka,Mpokolo,1.0,,4.0,,KAZUMBA,0,,other,Prise en charge familiale,0.0,0.0,0,8.0,3.0,6.0,OK,1.0,0.0,1.0,0.0,OK,2.0,3.0,OK,1.0,1.0,10:52:40,10:52:40,3.0,3.0,4.0,3.0,2.0,1.0,4.0,1.0,2.0,4.0,1.0,4.0,3,,2.0,,1.0,,2,,3,,1.0,,1,,0.0,4.0,1.0,3.0,3.0,3.0,3.0,1.0,4.0,1.0,1.0,2.0,0.0,0.0,8.0,5.0,5.0,3.0,0,,0.0,1.0,4,,0.0,.,.,0.0,.,.,4,,1,.,5,.,0,1.0,uuid:a65038b1-c402-4bcb-8786-436f431c5ee7,,,,,,.,,,,1.0,,,,,,29 Apr 2019,2019-04-29,,,,,,1.0,37.0,,,,,,,,,,,,,,,,1.0,,,1.0,N.U.,0.0,0.0,2018-04-26,uuid:2120a121-51d0-4386-bd4a-6fd6abcd95be,2018-04-26 09:13:31,2018-04-26 09:52:34,"Apr 26, 2018",9:13:00 AM,,,,85.0,85.0,1.0,1.0,38.0,LUALUA,.,,,12,,0.0,1985.0,Katoka,Kapanda,1.0,,4.0,,KAZUMBA,4,,.,.,160000.0,38000.0,3,2.0,4.0,4.0,OK,1.0,1.0,0.0,1.0,OK,3.0,3.0,OK,2.0,2.0,09:13:32,09:13:32,5.0,5.0,1.0,3.0,2.0,1.0,1.0,2.0,2.0,2.0,2.0,2.0,3,,3.0,,3.0,,2,,3,,2.0,,3,,0.0,1.0,2.0,2.0,2.0,1.0,1.0,1.0,4.0,1.0,1.0,3.0,600.0,400.0,10.0,8.0,6.0,5.0,0,,2.0,3.0,2,,0.0,,,0.0,,,other,"Un pasteur qui n'est pas de mon eglise , on travaillé avec lui a la campagne  ",1,.,1,.,0,1.0,uuid:2120a121-51d0-4386-bd4a-6fd6abcd95be,,,,,,,,,,1.0,,,,,,29 Apr 2019,2019-04-29,,,,,,1.0,71.0,,,,,,,,,,,,,,,,,,,,N.U.,0.0
1,1,688,1.0,5.0,17.0,0.0,22.0,2.5,8.5,0.0,11.0,18.0,1,,90.0,1,,2018-04-06,uuid:c5ca5212-b840-4a26-8c33-88a33844849b,2018-04-06 18:14:32,2018-04-06 18:52:46,"Apr 6, 2018",6:14:00 PM,,,,35.0,35.0,1.0,1.0,46.0,LUNTU,,52.0,,12,,0.0,1996.0,Kananga,Plateau,1.0,,4.0,,DIMBELENGE,30,,,,150000.0,35000.0,3,2.0,3.0,6.0,OK,1.0,0.0,0.0,1.0,OK,1.0,2.0,OK,1.0,2.0,09:14:33,09:14:33,5.0,5.0,3.0,3.0,2.0,2.0,2.0,2.0,2.0,2.0,2.0,4.0,1,,1.0,,1.0,,1,,1,,1.0,,2,,1.0,,3.0,3.0,3.0,3.0,1.0,1.0,4.0,1.0,1.0,3.0,800.0,200.0,7.0,5.0,4.0,3.0,0,,0.0,4.0,2,,1.0,9,.,0.0,.,.,other,Aucun,1,.,1,.,0,1.0,uuid:c5ca5212-b840-4a26-8c33-88a33844849b,,,,,,.,,,,1.0,,,,,,29 Apr 2019,2019-04-29,,,,,,1.0,18.0,,,,,,,,,,,,,,,,,,,,N.U.,0.0,0.0,2018-05-21,uuid:acd7c7e6-9c34-4730-b887-ee35efc0720b,2018-05-21 13:22:42,2018-05-21 13:54:52,"May 21, 2018",1:24:00 PM,,,,111.0,111.0,1.0,1.0,23.0,LUALUA,.,,,1,,1.0,,Katoka,Mpokolo,1.0,,4.0,,DIBAYA,4,,.,.,250000.0,3000.0,0,3.0,2.0,2.0,OK,1.0,0.0,1.0,0.0,OK,2.0,2.0,OK,2.0,2.0,13:22:42,13:22:42,5.0,5.0,3.0,3.0,2.0,2.0,2.0,2.0,2.0,2.0,2.0,3.0,8,,2.0,,1.0,,1,,1,,8.0,,2,,0.0,1.0,3.0,2.0,1.0,1.0,1.0,2.0,4.0,3.0,2.0,2.0,600.0,400.0,5.0,2.0,1.0,0.0,0,,0.0,1.0,2,,1.0,3,,1.0,other,Beau frère,9999,,1,.,1,.,0,2.0,uuid:acd7c7e6-9c34-4730-b887-ee35efc0720b,,,,,,,,,,1.0,,,,,,29 Apr 2019,2019-04-29,,,,,,1.0,90.0,,,,,,,,,,,,,,,,,,,,N.U.,0.0
1,1,693,1.0,7.0,16.0,0.0,23.0,3.5,8.0,0.0,11.5,,1,,58.0,1,,2018-04-13,uuid:8f434b3d-641d-4bbb-87de-7fd7917953c4,2018-04-13 12:38:20,2018-04-13 13:16:39,"Apr 13, 2018",12:38:00 PM,,,,80.0,80.0,1.0,1.0,46.0,LUALUA,,,,3,,0.0,2008.0,Kananga,Kamayi,1.0,,4.0,,DEMBA,18,,,,492000.0,8000.0,3,3.0,4.0,3.0,OK,1.0,1.0,0.0,1.0,OK,1.0,1.0,OK,1.0,1.0,12:38:21,12:38:21,5.0,5.0,1.0,3.0,1.0,1.0,2.0,2.0,2.0,2.0,2.0,2.0,1,,1.0,,1.0,,1,,1,,1.0,,1,,0.0,4.0,1.0,1.0,2.0,1.0,1.0,3.0,4.0,2.0,2.0,3.0,100.0,900.0,10.0,2.0,1.0,0.0,other,Je ne travaille pas à la dgrkoc j'attends la réponse  de ma demande,0.0,0.0,other,Je ne travaille pas encore la bas,0.0,.,.,0.0,.,.,2,,1,.,1,.,0,1.0,uuid:8f434b3d-641d-4bbb-87de-7fd7917953c4,,,,,,.,,,,1.0,,,,,,29 Apr 2019,2019-04-29,,,,,,1.0,66.0,,,,,,,,,,,,,,,,,,,,N.U.,0.0,0.0,2018-04-12,uuid:d59ceed2-2c19-47a0-886d-0144d0fc3516,2018-04-12 09:52:58,2018-04-12 10:40:32,"Apr 12, 2018",9:53:00 AM,,,,65.0,65.0,1.0,1.0,29.0,LUALUA,,,,12,,1.0,,Kananga,Kami Athène,1.0,,4.0,,DIBAYA,9,,,,330000.0,14000.0,3 4,0.0,4.0,3.0,OK,1.0,1.0,0.0,1.0,OK,1.0,1.0,OK,1.0,1.0,09:53:00,09:53:00,3.0,3.0,3.0,3.0,2.0,1.0,1.0,1.0,1.0,1.0,1.0,1.0,1,,2.0,,8.0,,2,,other,,2.0,,2,,0.0,2.0,1.0,1.0,1.0,1.0,1.0,2.0,3.0,1.0,1.0,3.0,1000.0,0.0,10.0,7.0,6.0,5.0,0,,0.0,0.0,4,,0.0,.,.,0.0,.,.,9999,,1,.,1,.,Il est sincère,1.0,uuid:d59ceed2-2c19-47a0-886d-0144d0fc3516,,,,,,.,,,,2.0,,,,,,29 Apr 2019,2019-04-29,,,,,,1.0,58.0,,,,,,,,,,,,,,,,,,,,N.U.,0.0
1,2,232,0.0,2.0,24.0,0.0,26.0,2.0,24.0,0.0,26.0,217.0,2,22950.0,0.0,3,,2018-05-31,uuid:e829b7fb-298e-4437-8eef-73b4c80bcb30,2018-05-31 12:29:10,,"May 31, 2018",12:29:00 PM,22950.0,1.0,,,,,1.0,,.,.,,.,.,.,,,.,.,,,,,.,.,.,.,.,,,.,,,,OK,1.0,1.0,1.0,0.0,OK,1.0,2.0,OK,2.0,2.0,.,.,5.0,5.0,2.0,1.0,2.0,,,,,,,,.,,,,,,.,,.,,,,.,,,,,,,,,,,2.0,2.0,2.0,500.0,500.0,10.0,10.0,5.0,4.0,.,.,,,.,.,,.,.,,.,.,.,.,6,.,6,.,"Ce chef n’est plus chef de localite, il est reste chef d’avenue et secretaire de la localite. C’est le repondant dont le code est 23181 qui est maintenant chef de localite",2.0,uuid:e829b7fb-298e-4437-8eef-73b4c80bcb30,,,,,,,,,,1.0,,,,,,29 Apr 2019,2019-04-29,,,,,,1.0,217.0,217.0,617.0,,0.0,,,,,,,,,1.0,,,,,,1.0,N.U.,0.0,0.0,,,,,,,,,,,,,,,,,,,,,,,,,,,,,,,,,,,,,,,,,,,,,,,,,,,,,,,,,,,,,,,,,,,,,,,,,,,,,,,,,,,,,,,,,,,,,,,,,,,,,,,,,,,,,,,,,,,,,,,,,,,,,,,,,,,,,,,,,,,,,,,,,,,,,,,,,,,,,,,,,,
1,2,240,0.0,2.0,20.0,0.0,22.0,2.0,20.0,0.0,22.0,329.0,2,23844.0,,3,,2018-06-12,uuid:06624b06-90a0-4a3f-9ea1-fbd838961d9f,2018-06-12 10:07:51,2018-06-12 10:37:11,"Jun 12, 2018",9:07:00 AM,23844.0,1.0,,,,,1.0,,,.,,,,,,,,,,,,,,,,,,,,,,,,OK,0.0,0.0,0.0,1.0,OK,2.0,2.0,OK,2.0,2.0,.,.,5.0,3.0,3.0,3.0,2.0,,,,,,,,.,,,,,,.,,.,,,,,,,,,,,,,,,2.0,2.0,2.0,1000.0,0.0,10.0,9.0,7.0,6.0,,,,,.,.,,.,.,,.,.,,,1,,1,,0,2.0,uuid:06624b06-90a0-4a3f-9ea1-fbd838961d9f,,,,,,,,,,,,,,,,29 Apr 2019,2019-04-29,,,,,,1.0,329.0,329.0,729.0,,0.0,,,,,,,,,,,,,,,,,0.0,0.0,,,,,,,,,,,,,,,,,,,,,,,,,,,,,,,,,,,,,,,,,,,,,,,,,,,,,,,,,,,,,,,,,,,,,,,,,,,,,,,,,,,,,,,,,,,,,,,,,,,,,,,,,,,,,,,,,,,,,,,,,,,,,,,,,,,,,,,,,,,,,,,,,,,,,,,,,,,,,,,,,,
1,2,314,0.0,3.0,18.0,0.0,21.0,3.0,18.0,0.0,21.0,277.0,2,31487.0,,3,,2018-06-07,uuid:87c0a52b-a66c-4014-8afb-5d4e8c8c8843,2018-06-07 10:43:15,2018-06-07 11:11:01,"Jun 7, 2018",10:43:00 AM,31487.0,1.0,,,,,1.0,,.,.,,.,.,.,,,.,.,,,,,.,.,.,.,.,,,.,,,,OK,1.0,1.0,1.0,1.0,OK,1.0,1.0,OK,2.0,2.0,.,.,3.0,3.0,3.0,3.0,2.0,,,,,,,,.,,,,,,.,,.,,,,.,,,,,,,,,,,1.0,1.0,2.0,700.0,300.0,10.0,4.0,2.0,1.0,.,.,,,.,.,,.,.,,.,.,.,.,1,.,other,0,Il est directeur d’une ecole primere mais il a marqué sa disponibilité,2.0,uuid:87c0a52b-a66c-4014-8afb-5d4e8c8c8843,,,,,,,,,,2.0,1.0,,,,,29 Apr 2019,2019-04-29,,,,,,1.0,277.0,277.0,677.0,,0.0,,,,,,,,,,,,,,,,N.U.,0.0,0.0,,,,,,,,,,,,,,,,,,,,,,,,,,,,,,,,,,,,,,,,,,,,,,,,,,,,,,,,,,,,,,,,,,,,,,,,,,,,,,,,,,,,,,,,,,,,,,,,,,,,,,,,,,,,,,,,,,,,,,,,,,,,,,,,,,,,,,,,,,,,,,,,,,,,,,,,,,,,,,,,,,
1,2,317,0.0,3.0,19.0,0.0,22.0,3.0,19.0,0.0,22.0,285.0,2,31786.0,,3,,2018-06-07,uuid:165dbb28-39f9-48a3-840b-7ec0081851f7,2018-06-07 15:35:13,2018-06-07 16:01:17,"Jun 7, 2018",3:35:00 PM,31786.0,1.0,,,,,1.0,,.,.,,.,.,.,,,.,.,,,,,.,.,.,.,.,,,.,,,,OK,1.0,1.0,1.0,0.0,OK,2.0,2.0,OK,3.0,4.0,.,.,3.0,3.0,3.0,3.0,1.0,,,,,,,,.,,,,,,.,,.,,,,.,,,,,,,,,,,2.0,2.0,2.0,900.0,100.0,10.0,7.0,5.0,4.0,.,.,,,.,.,,.,.,,.,.,.,.,1,.,,.,Il ne sait pas lire en français,2.0,uuid:165dbb28-39f9-48a3-840b-7ec0081851f7,,,,,,,,,,1.0,1.0,,,,,29 Apr 2019,2019-04-29,,,,,,1.0,285.0,285.0,685.0,,0.0,,,,,,,,,,,,,,,,N.U.,0.0,0.0,2018-06-11,uuid:3b913104-595e-4d63-ab79-adb64d68780c,2018-06-11 11:55:20,,"Jun 11, 2018",10:55:00 AM,31786.0,,1.0,,,2.0,1.0,23.0,LUALUA,.,,,8,,0.0,2000.0,Katoka,Tukombe,1.0,,4.0,,LUIZA,6,,,,35000.0,5000.0,6,2.0,3.0,4.0,OK,1.0,1.0,1.0,1.0,OK,1.0,1.0,OK,1.0,1.0,.,.,3.0,5.0,3.0,1.0,2.0,2.0,2.0,2.0,2.0,2.0,4.0,2.0,1,,3.0,,4.0,,2,,8,,3.0,,3,,1.0,,2.0,3.0,2.0,1.0,2.0,3.0,1.0,1.0,1.0,2.0,1000.0,0.0,10.0,5.0,1.0,0.0,,,,,.,.,,.,.,,.,.,,,1,,,,0,2.0,uuid:3b913104-595e-4d63-ab79-adb64d68780c,,,,,,,,,,,,,,,,29 Apr 2019,2019-04-29,,,,,,1.0,,,,445.0,,,0.0,,,,,,,,,,,,,,,0.0
1,2,382,0.0,4.0,16.0,0.0,20.0,4.0,16.0,0.0,20.0,,2,38788.0,183.0,3,,2018-06-07,uuid:103c2ff5-1caa-4c3c-8a38-d42d4e9ad38d,2018-06-07 10:23:32,2018-06-07 10:41:36,"Jun 7, 2018",10:23:00 AM,38788.0,1.0,,,,,1.0,,.,.,,.,.,.,,,.,.,,,,,.,.,.,.,.,,,.,,,,OK,1.0,1.0,1.0,1.0,OK,1.0,1.0,OK,2.0,1.0,.,.,3.0,5.0,3.0,3.0,1.0,,,,,,,,.,,,,,,.,,.,,,,.,,,,,,,,,,,1.0,1.0,2.0,100.0,900.0,5.0,3.0,2.0,1.0,.,.,,,.,.,,.,.,,.,.,.,.,1,.,,.,0,2.0,uuid:103c2ff5-1caa-4c3c-8a38-d42d4e9ad38d,,,,,,,,,,1.0,1.0,,,,,29 Apr 2019,2019-04-29,,,,,,1.0,276.0,276.0,676.0,,0.0,,,,,,,,,,,,,,,,N.U.,0.0,0.0,2018-06-14,uuid:e37315b7-9f66-4687-be68-aa602f1c41df,2018-06-14 12:07:14,,"Jun 14, 2018",10:12:00 AM,38788.0,,1.0,,,1.0,1.0,21.0,LULUWA,.,19.0,,1,,1.0,,Katoka,Kele kele,1.0,,4.0,,DIBAYA,0,,5,,25000.0,0.0,3,4.0,3.0,6.0,OK,1.0,1.0,0.0,0.0,OK,2.0,2.0,OK,2.0,3.0,.,.,3.0,3.0,3.0,3.0,2.0,2.0,2.0,2.0,2.0,2.0,2.0,2.0,3,,3.0,,1.0,,2,,8,,8.0,,2,,0.0,1.0,1.0,1.0,1.0,1.0,1.0,3.0,3.0,1.0,1.0,1.0,1000.0,0.0,9.0,6.0,4.0,2.0,,,,,.,.,,.,.,,.,.,,,1,,,,0,2.0,uuid:e37315b7-9f66-4687-be68-aa602f1c41df,,,,,,,,,,,,,,,,29 Apr 2019,2019-04-29,,,,,,1.0,183.0,,,445.0,,,0.0,,,,,,,,,,,,,,,0.0
1,2,534,0.0,2.0,18.0,0.0,20.0,2.0,18.0,0.0,20.0,,2,52754.0,0.0,3,,,,,,,,,,,,,,,,,,,,,,,,,,,,,,,,,,,,,,,,,,,,,,,,,,,,,,,,,,,,,,,,,,,,,,,,,,,,,,,,,,,,,,,,,,,,,,,,,,,,,,,,,,,,,,,,,,,,,,,,,,,,,,,,,,,,,,,,,,,,,,,,,,,,,,,,,,,,,,,,,,,,,2018-06-12,uuid:bed4349f-8bd7-42ce-8ae9-1ea625c822c6,2018-06-12 09:45:07,,"Jun 12, 2018",8:45:00 AM,52754.0,,1.0,,,1.0,1.0,19.0,LULUWA,.,46.0,,3,,1.0,,Lukonga,Mulunda,1.0,,4.0,,KANANGA,13,,,,100000.0,10000.0,3,4.0,3.0,4.0,OK,1.0,1.0,1.0,1.0,OK,2.0,1.0,OK,2.0,2.0,.,.,5.0,3.0,3.0,3.0,2.0,2.0,2.0,2.0,2.0,2.0,3.0,2.0,2,,2.0,,2.0,,2,,2,,2.0,,2,,1.0,,1.0,1.0,1.0,1.0,1.0,3.0,3.0,1.0,1.0,2.0,500.0,500.0,7.0,5.0,5.0,4.0,,,,,.,.,,.,.,,.,.,,,1,,1,,0,2.0,uuid:bed4349f-8bd7-42ce-8ae9-1ea625c822c6,,,,,,,,,,,,,,,,29 Apr 2019,2019-04-29,,,,,,1.0,,,,445.0,,,0.0,,,,,,,,,,1.0,,,1.0,,0.0
1,2,553,1.0,6.0,17.0,0.0,23.0,3.0,8.5,0.0,11.5,211.0,2,55544.0,,3,,2018-05-30,uuid:816757dd-d5ff-4258-a199-bd679e52c328,2018-05-30 15:59:40,2018-05-30 16:30:31,"May 30, 2018",3:59:00 PM,55544.0,1.0,,,,,1.0,,,.,,,,,,,,,,,,,,,,.,.,,,,,,,OK,1.0,1.0,0.0,1.0,OK,2.0,2.0,OK,3.0,2.0,,,5.0,5.0,3.0,1.0,2.0,,,,,,,,.,,,,,,.,,.,,,,.,,,,,,,,,,,2.0,1.0,2.0,400.0,600.0,8.0,5.0,3.0,2.0,,,,,,,,,,,,,,,6,.,6,.,Il a des difficultés pour lire le francais,2.0,uuid:816757dd-d5ff-4258-a199-bd679e52c328,,,,,,other,0.0,,3.0,2.0,,,,,,29 Apr 2019,2019-04-29,,,,,,1.0,211.0,211.0,611.0,,0.0,,,,,,,,,,,,,,,,,0.0,0.0,2019-03-05,uuid:c17970a8-dc33-4ea4-b0de-8b52f65f10b8,2019-03-05 13:14:06,2019-03-05 13:45:03,"Mar 5, 2019",1:14:00 PM,55544.0,,1.0,,,1.0,1.0,31.0,LULUWA,.,19.0,,2,,1.0,,Kananga,Plateau,1.0,,4.0,,DIBAYA,4,,,,45000.0,10000.0,3,2.0,4.0,2.0,OK,1.0,1.0,1.0,1.0,OK,1.0,1.0,OK,1.0,1.0,.,.,4.0,3.0,3.0,2.0,2.0,2.0,2.0,2.0,2.0,2.0,2.0,2.0,1,,1.0,,1.0,,1,,1,,1.0,,1,,1.0,,1.0,1.0,1.0,2.0,1.0,1.0,5.0,1.0,1.0,2.0,1000.0,0.0,10.0,9.0,8.0,7.0,,,,,.,.,,.,.,,.,.,,,6,,1,,0,2.0,uuid:c17970a8-dc33-4ea4-b0de-8b52f65f10b8,,,,,,,,,,,,,,,,29 Apr 2019,2019-04-29,,,,,,1.0,,,,445.0,,,0.0,,,,,,,,,,,,,,,2.0
1,2,560,1.0,6.0,17.0,0.0,23.0,3.0,8.5,0.0,11.5,211.0,2,55544.0,,3,,2018-05-30,uuid:816757dd-d5ff-4258-a199-bd679e52c328,2018-05-30 15:59:40,2018-05-30 16:30:31,"May 30, 2018",3:59:00 PM,55544.0,1.0,,,,,1.0,,,.,,,,,,,,,,,,,,,,.,.,,,,,,,OK,1.0,1.0,0.0,1.0,OK,2.0,2.0,OK,3.0,2.0,,,5.0,5.0,3.0,1.0,2.0,,,,,,,,.,,,,,,.,,.,,,,.,,,,,,,,,,,2.0,1.0,2.0,400.0,600.0,8.0,5.0,3.0,2.0,,,,,,,,,,,,,,,6,.,6,.,Il a des difficultés pour lire le francais,2.0,uuid:816757dd-d5ff-4258-a199-bd679e52c328,,,,,,other,0.0,,3.0,2.0,,,,,,29 Apr 2019,2019-04-29,,,,,,1.0,211.0,211.0,611.0,,0.0,,,,,,,,,,,,,,,,,0.0,0.0,2019-03-05,uuid:c17970a8-dc33-4ea4-b0de-8b52f65f10b8,2019-03-05 13:14:06,2019-03-05 13:45:03,"Mar 5, 2019",1:14:00 PM,55544.0,,1.0,,,1.0,1.0,31.0,LULUWA,.,19.0,,2,,1.0,,Kananga,Plateau,1.0,,4.0,,DIBAYA,4,,,,45000.0,10000.0,3,2.0,4.0,2.0,OK,1.0,1.0,1.0,1.0,OK,1.0,1.0,OK,1.0,1.0,.,.,4.0,3.0,3.0,2.0,2.0,2.0,2.0,2.0,2.0,2.0,2.0,2.0,1,,1.0,,1.0,,1,,1,,1.0,,1,,1.0,,1.0,1.0,1.0,2.0,1.0,1.0,5.0,1.0,1.0,2.0,1000.0,0.0,10.0,9.0,8.0,7.0,,,,,.,.,,.,.,,.,.,,,6,,1,,0,2.0,uuid:c17970a8-dc33-4ea4-b0de-8b52f65f10b8,,,,,,,,,,,,,,,,29 Apr 2019,2019-04-29,,,,,,1.0,,,,445.0,,,0.0,,,,,,,,,,,,,,,2.0
1,2,563,0.0,3.0,21.0,0.0,24.0,3.0,21.0,0.0,24.0,,2,56385.0,184.0,3,,2018-05-30,uuid:44926421-e1aa-454e-9da1-0b0489916a67,2018-05-30 10:26:53,2018-05-30 10:44:44,"May 30, 2018",10:26:00 AM,56385.0,1.0,,,,,1.0,,,.,,,,,,,,,,,,,,,,.,.,,,,,,,OK,1.0,1.0,1.0,1.0,OK,1.0,2.0,OK,1.0,1.0,,,4.0,4.0,2.0,3.0,2.0,,,,,,,,.,,,,,,.,,.,,,,.,,,,,,,,,,,1.0,2.0,2.0,0.0,1000.0,9.0,8.0,7.0,4.0,,,,,,,,,,,,,,,6,.,6,.,0,1.0,uuid:44926421-e1aa-454e-9da1-0b0489916a67,,,,,,12,,0.0,5.0,1.0,,,,,,29 Apr 2019,2019-04-29,,,,,,1.0,204.0,204.0,604.0,,0.0,,,,,,,,,,,,,,,,,0.0,0.0,2018-06-14,uuid:297e95bc-aeb4-4ff2-9134-ec45049218dc,2018-06-14 12:24:09,2018-06-14 13:03:04,"Jun 14, 2018",11:24:00 AM,56385.0,,1.0,,,1.0,1.0,34.0,LULUWA,.,,Bakua mushilu,1,,1.0,,Kananga,Plateau,0.0,,4.0,,KANANGA,0,,9,,200000.0,45000.0,3,4.0,3.0,6.0,OK,1.0,1.0,0.0,1.0,OK,1.0,1.0,OK,1.0,1.0,.,.,5.0,5.0,4.0,1.0,2.0,1.0,4.0,1.0,1.0,4.0,1.0,4.0,1,,3.0,,1.0,,1,,3,,3.0,,1,,0.0,1.0,2.0,3.0,1.0,2.0,2.0,1.0,3.0,1.0,1.0,2.0,600.0,400.0,7.0,6.0,5.0,3.0,,,,,.,.,,.,.,,.,.,,,1,,5,,0,1.0,uuid:297e95bc-aeb4-4ff2-9134-ec45049218dc,,,,,,,,,,,,,,,,29 Apr 2019,2019-04-29,,,,,,1.0,,,,445.0,,,0.0,,,,,,,,,,,,,,,0.0
1,2,574,1.0,5.0,18.0,0.0,23.0,2.5,9.0,0.0,11.5,263.0,2,57688.0,215.0,3,,2018-06-05,uuid:5a249bdb-2449-476e-9e5c-7f95e638dde7,2018-06-05 19:51:41,2018-06-05 20:16:47,"Jun 5, 2018",7:51:00 PM,57688.0,1.0,,,,,1.0,,.,.,,.,.,.,,,.,.,,,,,.,.,.,.,.,,,.,,,,OK,1.0,1.0,0.0,1.0,OK,2.0,1.0,OK,2.0,1.0,.,.,3.0,3.0,3.0,2.0,2.0,,,,,,,,.,,,,,,.,,.,,,,.,,,,,,,,,,,4.0,4.0,2.0,0.0,1000.0,8.0,7.0,6.0,0.0,.,.,,,.,.,,.,.,,.,.,.,.,6,.,6,.,0,2.0,uuid:5a249bdb-2449-476e-9e5c-7f95e638dde7,,,,,,,,,,1.0,1.0,,,,,29 Apr 2019,2019-04-29,,,,,,1.0,263.0,263.0,663.0,,0.0,,,,,,,,,,,,,,,,N.U.,0.0,0.0,2018-06-28,uuid:63b498c9-5eca-4e80-934f-1fbe379e1e94,2018-06-28 12:37:13,2018-06-28 13:05:37,"Jun 28, 2018",11:37:00 AM,57688.0,,1.0,,,1.0,1.0,43.0,LULUWA,.,33.0,,1,,1.0,,Lukonga,Mulunda,1.0,,4.0,,DIBAYA,9,,,,115000.0,28000.0,3,2.0,4.0,7.0,OK,1.0,1.0,1.0,1.0,OK,1.0,1.0,OK,1.0,1.0,.,.,5.0,3.0,1.0,3.0,2.0,2.0,2.0,2.0,2.0,2.0,2.0,2.0,2,,2.0,,2.0,,2,,3,,2.0,,2,,1.0,,2.0,1.0,1.0,1.0,2.0,1.0,4.0,2.0,2.0,2.0,900.0,100.0,10.0,9.0,8.0,7.0,,,,,.,.,,.,.,,.,.,,,6,,,,0,2.0,uuid:63b498c9-5eca-4e80-934f-1fbe379e1e94,,,,,,,,,,,,,,,,29 Apr 2019,2019-04-29,,,,,,1.0,,,,445.0,,,0.0,,,,,,,,,,,,,,,1.0
1,2,575,1.0,5.0,18.0,0.0,23.0,2.5,9.0,0.0,11.5,263.0,2,57688.0,215.0,3,,2018-06-05,uuid:5a249bdb-2449-476e-9e5c-7f95e638dde7,2018-06-05 19:51:41,2018-06-05 20:16:47,"Jun 5, 2018",7:51:00 PM,57688.0,1.0,,,,,1.0,,.,.,,.,.,.,,,.,.,,,,,.,.,.,.,.,,,.,,,,OK,1.0,1.0,0.0,1.0,OK,2.0,1.0,OK,2.0,1.0,.,.,3.0,3.0,3.0,2.0,2.0,,,,,,,,.,,,,,,.,,.,,,,.,,,,,,,,,,,4.0,4.0,2.0,0.0,1000.0,8.0,7.0,6.0,0.0,.,.,,,.,.,,.,.,,.,.,.,.,6,.,6,.,0,2.0,uuid:5a249bdb-2449-476e-9e5c-7f95e638dde7,,,,,,,,,,1.0,1.0,,,,,29 Apr 2019,2019-04-29,,,,,,1.0,263.0,263.0,663.0,,0.0,,,,,,,,,,,,,,,,N.U.,0.0,0.0,2018-06-28,uuid:63b498c9-5eca-4e80-934f-1fbe379e1e94,2018-06-28 12:37:13,2018-06-28 13:05:37,"Jun 28, 2018",11:37:00 AM,57688.0,,1.0,,,1.0,1.0,43.0,LULUWA,.,33.0,,1,,1.0,,Lukonga,Mulunda,1.0,,4.0,,DIBAYA,9,,,,115000.0,28000.0,3,2.0,4.0,7.0,OK,1.0,1.0,1.0,1.0,OK,1.0,1.0,OK,1.0,1.0,.,.,5.0,3.0,1.0,3.0,2.0,2.0,2.0,2.0,2.0,2.0,2.0,2.0,2,,2.0,,2.0,,2,,3,,2.0,,2,,1.0,,2.0,1.0,1.0,1.0,2.0,1.0,4.0,2.0,2.0,2.0,900.0,100.0,10.0,9.0,8.0,7.0,,,,,.,.,,.,.,,.,.,,,6,,,,0,2.0,uuid:63b498c9-5eca-4e80-934f-1fbe379e1e94,,,,,,,,,,,,,,,,29 Apr 2019,2019-04-29,,,,,,1.0,,,,445.0,,,0.0,,,,,,,,,,,,,,,1.0
1,2,622,0.0,2.0,20.0,0.0,22.0,2.0,20.0,0.0,22.0,265.0,2,62295.0,110.0,3,,2018-06-06,uuid:55a30cd9-df57-43d8-9515-6c79bec98b4a,2018-06-06 08:26:23,2018-06-06 08:52:05,"Jun 6, 2018",8:26:00 AM,62295.0,1.0,,,,,1.0,,.,.,,.,.,.,,,.,.,,,,,.,.,.,.,.,,,.,,,,OK,1.0,1.0,0.0,1.0,OK,2.0,2.0,OK,2.0,2.0,.,.,5.0,3.0,3.0,3.0,2.0,,,,,,,,.,,,,,,.,,.,,,,.,,,,,,,,,,,2.0,2.0,2.0,500.0,500.0,2.0,0.0,0.0,0.0,.,.,,,.,.,,.,.,,.,.,.,.,6,.,,.,0,2.0,uuid:55a30cd9-df57-43d8-9515-6c79bec98b4a,,,,,,,,,,1.0,1.0,,,,,29 Apr 2019,2019-04-29,,,,,,1.0,265.0,265.0,665.0,,0.0,,,,,,,,,,,,1.0,1.0,1.0,1.0,N.U.,0.0,0.0,2018-06-11,uuid:a898a314-c5b5-4df4-a552-8e3a4e6842e3,2018-06-11 12:58:10,2018-06-11 13:32:04,"Jun 11, 2018",11:58:00 AM,62295.0,,1.0,,,1.0,1.0,29.0,LUNTU,.,,Bena Mpuka,11,,1.0,,Kananga,Plateau,1.0,,4.0,,DIMBELENGE,4,,,,150000.0,35000.0,3,4.0,3.0,6.0,OK,1.0,1.0,1.0,1.0,OK,1.0,1.0,OK,2.0,2.0,.,.,3.0,5.0,2.0,3.0,2.0,2.0,3.0,2.0,2.0,2.0,2.0,2.0,2,,2.0,,2.0,,1,,1,,8.0,,2,,0.0,2.0,2.0,2.0,2.0,2.0,,1.0,3.0,2.0,2.0,2.0,700.0,300.0,5.0,4.0,3.0,0.0,,,,,.,.,,.,.,,.,.,,,6,,6,,0,2.0,uuid:a898a314-c5b5-4df4-a552-8e3a4e6842e3,,,,,,,,,,,,,,,,29 Apr 2019,2019-04-29,,,,,,1.0,,,,445.0,,,0.0,,,,,,,,,,,,,,,0.0
1,2,670,0.0,6.0,20.0,0.0,26.0,6.0,20.0,0.0,26.0,206.0,2,67099.0,0.0,3,,2018-05-30,uuid:97a7e484-0b12-4203-8527-d2164dfc8d67,2018-05-30 10:42:25,2018-05-30 11:12:02,"May 30, 2018",10:42:00 AM,67099.0,1.0,,,,,1.0,,,.,,,,,,,,,,,,,,,,.,.,,,,,,,OK,1.0,1.0,0.0,1.0,OK,1.0,1.0,OK,1.0,1.0,,,5.0,5.0,1.0,1.0,2.0,,,,,,,,.,,,,,,.,,.,,,,.,,,,,,,,,,,1.0,2.0,2.0,800.0,200.0,8.0,6.0,5.0,4.0,,,,,,,,,,,,,,,1,.,1,.,0,2.0,uuid:97a7e484-0b12-4203-8527-d2164dfc8d67,,,,,,other,0.0,,6.0,4.0,,,,,,29 Apr 2019,2019-04-29,,,,,,1.0,206.0,206.0,606.0,,0.0,,,,,,,,,,,,,,,,,0.0,0.0,2018-06-11,uuid:71884fef-1d02-4814-b199-fabd9375107d,2018-06-11 14:03:43,2018-06-11 14:38:31,"Jun 11, 2018",1:05:00 PM,67099.0,,1.0,,,1.0,1.0,31.0,LULUWA,.,44.0,,3,,1.0,,Kananga,SNEL,0.0,,4.0,,DIBAYA,4,,,,90000.0,21000.0,3 5 6,2.0,3.0,6.0,OK,1.0,1.0,0.0,1.0,OK,1.0,1.0,OK,2.0,2.0,.,.,5.0,3.0,1.0,3.0,2.0,2.0,2.0,4.0,2.0,2.0,4.0,2.0,8,,3.0,,3.0,,2,,2,,,,3,,0.0,4.0,1.0,4.0,4.0,3.0,1.0,1.0,4.0,2.0,2.0,2.0,1000.0,0.0,5.0,4.0,3.0,2.0,,,,,.,.,,.,.,,.,.,,,6,,,,0,2.0,uuid:71884fef-1d02-4814-b199-fabd9375107d,,,,,,,,,,,,,,,,29 Apr 2019,2019-04-29,,,,,,1.0,,,,445.0,,,0.0,,,,,,,,,,,,,,,0.0
1,2,687,1.0,4.0,18.0,0.0,22.0,2.0,9.0,0.0,11.0,212.0,2,6915.0,,3,,2018-05-30,uuid:7bb40390-86ee-461a-b59e-18a9a4a3f1b5,2018-05-30 16:52:25,2018-05-30 18:16:18,"May 30, 2018",5:49:00 PM,6915.0,1.0,,,,,1.0,,,.,,,,,,,,,,,,,,,,.,.,,,,,,,OK,1.0,1.0,1.0,1.0,OK,2.0,2.0,OK,1.0,2.0,,,5.0,5.0,3.0,3.0,2.0,,,,,,,,.,,,,,,.,,.,,,,.,,,,,,,,,,,1.0,1.0,2.0,900.0,100.0,8.0,6.0,5.0,3.0,,,,,,,,,,,,,,,1,.,1,.,0,2.0,uuid:7bb40390-86ee-461a-b59e-18a9a4a3f1b5,,,,,,8,,0.0,2.0,2.0,,,,,,29 Apr 2019,2019-04-29,,,,,,1.0,212.0,212.0,612.0,,0.0,,,,,,,,,,,,,,,,,0.0,0.0,2019-02-26,uuid:4c5783fb-b24f-42bd-bcab-9e6d89a0ae60,2019-02-26 08:51:09,2019-02-26 09:39:56,"Feb 26, 2019",8:51:00 AM,6915.0,,1.0,,,1.0,1.0,70.0,LULUWA,.,38.0,,1,,0.0,1960.0,Kananga,Malandji,1.0,,4.0,,KAZUMBA,0,,0,,200000.0,0.0,3,2.0,3.0,2.0,OK,1.0,1.0,0.0,1.0,OK,1.0,1.0,OK,1.0,1.0,.,.,4.0,4.0,2.0,3.0,2.0,2.0,2.0,2.0,2.0,2.0,5.0,2.0,1,,1.0,,1.0,,1,,1,,1.0,,1,,0.0,4.0,3.0,1.0,1.0,1.0,2.0,1.0,7.0,1.0,1.0,2.0,1000.0,0.0,7.0,6.0,5.0,0.0,,,,,.,.,,.,.,,.,.,,,6,,,,0,2.0,uuid:4c5783fb-b24f-42bd-bcab-9e6d89a0ae60,,,,,,,,,,,,,,,,29 Apr 2019,2019-04-29,,,,,,1.0,,,,445.0,,,0.0,,,,,,,,,,,,,,,2.0
1,2,691,1.0,4.0,18.0,0.0,22.0,2.0,9.0,0.0,11.0,212.0,2,6915.0,,3,,2018-05-30,uuid:7bb40390-86ee-461a-b59e-18a9a4a3f1b5,2018-05-30 16:52:25,2018-05-30 18:16:18,"May 30, 2018",5:49:00 PM,6915.0,1.0,,,,,1.0,,,.,,,,,,,,,,,,,,,,.,.,,,,,,,OK,1.0,1.0,1.0,1.0,OK,2.0,2.0,OK,1.0,2.0,,,5.0,5.0,3.0,3.0,2.0,,,,,,,,.,,,,,,.,,.,,,,.,,,,,,,,,,,1.0,1.0,2.0,900.0,100.0,8.0,6.0,5.0,3.0,,,,,,,,,,,,,,,1,.,1,.,0,2.0,uuid:7bb40390-86ee-461a-b59e-18a9a4a3f1b5,,,,,,8,,0.0,2.0,2.0,,,,,,29 Apr 2019,2019-04-29,,,,,,1.0,212.0,212.0,612.0,,0.0,,,,,,,,,,,,,,,,,0.0,0.0,2019-02-26,uuid:4c5783fb-b24f-42bd-bcab-9e6d89a0ae60,2019-02-26 08:51:09,2019-02-26 09:39:56,"Feb 26, 2019",8:51:00 AM,6915.0,,1.0,,,1.0,1.0,70.0,LULUWA,.,38.0,,1,,0.0,1960.0,Kananga,Malandji,1.0,,4.0,,KAZUMBA,0,,0,,200000.0,0.0,3,2.0,3.0,2.0,OK,1.0,1.0,0.0,1.0,OK,1.0,1.0,OK,1.0,1.0,.,.,4.0,4.0,2.0,3.0,2.0,2.0,2.0,2.0,2.0,2.0,5.0,2.0,1,,1.0,,1.0,,1,,1,,1.0,,1,,0.0,4.0,3.0,1.0,1.0,1.0,2.0,1.0,7.0,1.0,1.0,2.0,1000.0,0.0,7.0,6.0,5.0,0.0,,,,,.,.,,.,.,,.,.,,,6,,,,0,2.0,uuid:4c5783fb-b24f-42bd-bcab-9e6d89a0ae60,,,,,,,,,,,,,,,,29 Apr 2019,2019-04-29,,,,,,1.0,,,,445.0,,,0.0,,,,,,,,,,,,,,,2.0
1,2,692,0.0,3.0,19.0,0.0,22.0,3.0,19.0,0.0,22.0,205.0,2,69282.0,159.0,3,,2018-05-30,uuid:bd1694fd-5877-4c36-80f3-20e35f5a8669,2018-05-30 10:32:21,2018-05-30 11:01:29,"May 30, 2018",10:32:00 AM,69282.0,1.0,,,,,1.0,,,.,,,,,,,,,,,,,,,,.,.,,,,,,,OK,1.0,1.0,1.0,1.0,OK,4.0,3.0,OK,2.0,2.0,,,5.0,5.0,2.0,3.0,2.0,,,,,,,,.,,,,,,.,,.,,,,.,,,,,,,,,,,2.0,2.0,2.0,0.0,1000.0,5.0,4.0,3.0,2.0,,,,,,,,,,,,,,,1,.,6,.,0,1.0,uuid:bd1694fd-5877-4c36-80f3-20e35f5a8669,,,,,,1,,,1.0,1.0,,,,,,29 Apr 2019,2019-04-29,,,,,,1.0,205.0,205.0,605.0,,0.0,,,,,,,,,,,,,,,,,0.0,0.0,2018-06-13,uuid:b0369cb0-b386-4a3c-bf6b-ad8ce19b8961,2018-06-13 10:46:08,2018-06-13 11:45:43,"Jun 13, 2018",9:46:00 AM,69282.0,,1.0,,,1.0,1.0,74.0,KETE,.,,,1,,0.0,2013.0,Kanganga,Malandji,1.0,,4.0,,DEMBA,0,,17,,900000.0,35000.0,3 5,2.0,4.0,3.0,OK,0.0,0.0,0.0,0.0,OK,1.0,1.0,OK,1.0,1.0,.,.,5.0,5.0,2.0,1.0,2.0,2.0,4.0,4.0,2.0,4.0,2.0,4.0,1,,5.0,,5.0,,1,,5,,4.0,,1,,0.0,4.0,3.0,4.0,4.0,4.0,4.0,1.0,5.0,4.0,4.0,2.0,100.0,900.0,10.0,9.0,7.0,6.0,,,,,.,.,,.,.,,.,.,,,1,,1,,0,1.0,uuid:b0369cb0-b386-4a3c-bf6b-ad8ce19b8961,,,,,,,,,,,,,,,,29 Apr 2019,2019-04-29,,,,,,1.0,,,,445.0,,,0.0,,,,,,,,,,,,,,,0.0
1,2,6101,0.0,3.0,18.0,0.0,21.0,3.0,18.0,0.0,21.0,209.0,2,6101077.0,,3,,2018-05-30,uuid:a80a39eb-f179-4744-aca5-06a09fd27626,2018-05-30 12:23:55,2018-05-30 12:38:28,"May 30, 2018",12:24:00 PM,6101077.0,1.0,,,,,1.0,,,.,,,,,,,,,,,,,,,,.,.,,,,,,,OK,1.0,1.0,1.0,1.0,OK,1.0,2.0,OK,1.0,1.0,,,3.0,3.0,3.0,2.0,2.0,,,,,,,,.,,,,,,.,,.,,,,.,,,,,,,,,,,1.0,2.0,2.0,400.0,600.0,10.0,8.0,6.0,4.0,,,,,,,,,,,,,,,6,.,,.,0,1.0,uuid:a80a39eb-f179-4744-aca5-06a09fd27626,,,,,,other,0.0,,6.0,1.0,,,,,,29 Apr 2019,2019-04-29,,,,,,1.0,209.0,209.0,609.0,,0.0,,,,,,,,,,,,,,,,,0.0,0.0,2019-02-26,uuid:67f46613-5607-41b1-9015-cbda76c53d84,2019-02-26 15:38:51,2019-02-26 18:37:44,"Feb 26, 2019",3:38:00 PM,6101077.0,,1.0,,,1.0,1.0,24.0,LULUWA,.,36.0,,1,,0.0,2006.0,Kananga,Plateau,1.0,,4.0,,DIBAYA,9,,,,24000.0,8000.0,6,5.0,4.0,1.0,OK,1.0,1.0,1.0,0.0,OK,1.0,2.0,OK,1.0,1.0,.,.,4.0,3.0,3.0,3.0,1.0,1.0,2.0,3.0,1.0,2.0,4.0,1.0,1,,1.0,,1.0,,1,,1,,1.0,,1,,1.0,,3.0,1.0,1.0,1.0,1.0,1.0,4.0,1.0,1.0,2.0,1000.0,0.0,9.0,6.0,5.0,4.0,,,,,.,.,,.,.,,.,.,,,1,,1,,0,2.0,uuid:67f46613-5607-41b1-9015-cbda76c53d84,,,,,,,,,,,,,,,,29 Apr 2019,2019-04-29,,,,,,1.0,,,,445.0,,,0.0,,,,,,,,,,,,,,,2.0
1,4,222,0.0,4.0,18.0,0.0,22.0,4.0,18.0,0.0,22.0,52.0,1,,287.0,2,21845.0,2018-04-11,uuid:0d417642-db2e-4db8-ae2c-1d1282bce06c,2018-04-11 10:42:12,2018-04-11 11:30:55,"Apr 11, 2018",10:43:00 AM,,,,73.0,73.0,1.0,1.0,34.0,LUALUA,,,,1,,0.0,1989.0,Kananga,Malandji,1.0,,4.0,,DEMBA,22,,,,150000.0,20000.0,1 3 4 5 6,2.0,4.0,3.0,OK,1.0,1.0,1.0,1.0,OK,2.0,2.0,OK,1.0,1.0,10:42:13,10:42:13,3.0,3.0,3.0,2.0,2.0,1.0,2.0,2.0,1.0,2.0,1.0,2.0,2,,2.0,,5.0,,2,,7,,2.0,,2,,0.0,1.0,1.0,3.0,1.0,1.0,1.0,1.0,1.0,1.0,1.0,1.0,800.0,200.0,7.0,5.0,4.0,3.0,0,,3.0,3.0,3,,0.0,.,.,0.0,.,.,9999,,1,.,1,.,Il est vraiment apte,1.0,uuid:0d417642-db2e-4db8-ae2c-1d1282bce06c,,,,,,.,,,,1.0,,,,,,29 Apr 2019,2019-04-29,,,,,,1.0,52.0,,,,,,,,,,,,,,,,,,,,N.U.,0.0,0.0,2018-06-08,uuid:442ed93f-eb58-4fef-842d-9c8c8df5d09f,2018-06-08 09:14:44,2018-06-08 09:47:22,"Jun 8, 2018",9:14:00 AM,21845.0,1.0,,,,,1.0,,.,.,,.,.,.,,,.,.,,,,,.,.,.,.,.,,,.,,,,OK,0.0,0.0,1.0,1.0,OK,1.0,2.0,OK,2.0,2.0,.,.,5.0,3.0,3.0,3.0,2.0,,,,,,,,.,,,,,,.,,.,,,,.,,,,,,,,,,,4.0,4.0,2.0,0.0,1000.0,10.0,8.0,7.0,3.0,.,.,,,.,.,,.,.,,.,.,.,.,1,.,1,.,0,1.0,uuid:442ed93f-eb58-4fef-842d-9c8c8df5d09f,,,,,,,,,,1.0,1.0,,,,,29 Apr 2019,2019-04-29,,,,,,1.0,287.0,287.0,687.0,,0.0,,,,,,,,,,,,,,,,N.U.,0.0
1,4,520,0.0,3.0,17.0,0.0,20.0,3.0,17.0,0.0,20.0,63.0,1,,238.0,2,52247.0,2018-04-12,uuid:9387d915-373b-4cd7-a716-568f03a2ecf4,2018-04-12 11:54:44,2018-04-12 12:40:07,"Apr 12, 2018",11:54:00 AM,,,,46.0,46.0,1.0,1.0,35.0,LUALUA,,,,12,,1.0,,Kananga,Bikuku,1.0,,4.0,,DEMBA,other,Gérant pour un dépôt,,,150000.0,30000.0,1 3 4 5,2.0,4.0,3.0,OK,1.0,0.0,0.0,0.0,OK,3.0,3.0,OK,2.0,2.0,11:54:46,11:54:46,5.0,4.0,1.0,3.0,2.0,1.0,2.0,2.0,1.0,1.0,2.0,2.0,8,,8.0,,8.0,,2,,3,,2.0,,2,,1.0,,2.0,3.0,2.0,1.0,3.0,2.0,4.0,1.0,1.0,1.0,500.0,500.0,7.0,5.0,4.0,3.0,0,,1.0,8.0,3,,0.0,.,.,0.0,.,.,9999,,1,.,1,.,0,1.0,uuid:9387d915-373b-4cd7-a716-568f03a2ecf4,,,,,,.,,,,2.0,,,,,,29 Apr 2019,2019-04-29,,,,,,1.0,63.0,,,,,,,,,,,,,,,,,,,,N.U.,0.0,0.0,2018-06-02,uuid:a1ac1875-55a2-4376-a035-cd6311796cd0,2018-06-02 10:20:12,2018-06-02 10:39:09,"Jun 2, 2018",10:20:00 AM,52247.0,1.0,,,,,1.0,,.,.,,.,.,.,,,.,.,,,,,.,.,.,.,.,,,.,,,,OK,1.0,1.0,1.0,1.0,OK,1.0,1.0,OK,1.0,1.0,.,.,4.0,3.0,3.0,3.0,2.0,,,,,,,,.,,,,,,.,,.,,,,.,,,,,,,,,,,1.0,1.0,2.0,1000.0,0.0,8.0,6.0,5.0,4.0,.,.,,,.,.,,.,.,,.,.,.,.,1,.,1,.,0,1.0,uuid:a1ac1875-55a2-4376-a035-cd6311796cd0,,,,,,,,,,1.0,,,,,,29 Apr 2019,2019-04-29,,,,,,1.0,238.0,238.0,638.0,,0.0,,,,,,,,,,,,,,,,N.U.,0.0
1,4,565,0.0,1.0,21.0,0.0,22.0,1.0,21.0,0.0,22.0,72.0,1,,272.0,2,5648.0,2018-04-26,uuid:26c9fb91-0ea3-4692-8c87-06d099f32292,2018-04-26 09:22:23,2018-04-26 10:01:01,"Apr 26, 2018",9:29:00 AM,,,,87.0,87.0,1.0,1.0,37.0,LULUWA,.,47.0,,1,,0.0,1997.0,Kananga,Malandji,1.0,,4.0,,KAZUMBA,other,Stagiaire à la DGRKOC,.,.,145000.0,15000.0,3,3.0,4.0,3.0,OK,1.0,1.0,0.0,1.0,OK,2.0,2.0,OK,1.0,1.0,09:22:27,09:22:27,5.0,3.0,1.0,3.0,2.0,2.0,3.0,2.0,2.0,2.0,2.0,2.0,1,,1.0,,1.0,,1,,1,,1.0,,1,,0.0,4.0,2.0,1.0,1.0,1.0,1.0,2.0,4.0,1.0,2.0,3.0,5.0,995.0,8.0,5.0,3.0,1.0,0,,0.0,10.0,3,,0.0,,,0.0,,,9999,,1,.,1,.,0,1.0,uuid:26c9fb91-0ea3-4692-8c87-06d099f32292,,,,,,,,,,1.0,,,,,,29 Apr 2019,2019-04-29,,,,,,1.0,72.0,,,,,,,,,,,,,,,,,,,,N.U.,0.0,0.0,2018-06-07,uuid:242e4425-1566-41ab-8421-9e16e6086986,2018-06-07 09:52:11,2018-06-07 10:22:05,"Jun 7, 2018",9:52:00 AM,5648.0,1.0,,,,,1.0,,.,.,,.,.,.,,,.,.,,,,,.,.,.,.,.,,,.,,,,OK,1.0,0.0,0.0,1.0,OK,3.0,2.0,OK,2.0,2.0,.,.,5.0,5.0,3.0,3.0,1.0,,,,,,,,.,,,,,,.,,.,,,,.,,,,,,,,,,,1.0,1.0,2.0,1000.0,0.0,10.0,5.0,4.0,3.0,.,.,,,.,.,,.,.,,.,.,.,.,.,.,,.,0,2.0,uuid:242e4425-1566-41ab-8421-9e16e6086986,,,,,,,,,,1.0,1.0,,,,,29 Apr 2019,2019-04-29,,,,,,1.0,272.0,272.0,672.0,,0.0,,,,,,,,,,,,,,,,N.U.,0.0
1,4,591,0.0,4.0,16.0,0.0,20.0,4.0,16.0,0.0,20.0,10.0,1,,282.0,2,59133.0,2018-04-06,uuid:53d8b747-3079-463b-b8cf-4462e9c153ac,2018-04-06 12:27:45,,"Apr 6, 2018",12:27:00 PM,,,,16.0,16.0,1.0,1.0,24.0,LULUWA,,46.0,,8,,1.0,,Kananga,Mulunda,1.0,,4.0,,KANANGA,17,,,,39000.0,0.0,3,4.0,4.0,3.0,OK,1.0,1.0,0.0,0.0,OK,1.0,2.0,OK,1.0,1.0,12:27:46,12:27:46,3.0,4.0,3.0,3.0,2.0,2.0,2.0,2.0,2.0,2.0,2.0,2.0,2,,2.0,,2.0,,2,,2,,2.0,,2,,0.0,4.0,3.0,3.0,3.0,1.0,1.0,4.0,4.0,1.0,1.0,1.0,400.0,600.0,6.0,4.0,3.0,2.0,0,,1.0,4.0,1,,1.0,8,.,1.0,8,.,2,,1,.,1,.,0,1.0,uuid:53d8b747-3079-463b-b8cf-4462e9c153ac,,,,,,.,,,,1.0,,,,,,29 Apr 2019,2019-04-29,,,,,,1.0,10.0,,,,,,,,,,,,,,,,,,,,N.U.,0.0,0.0,2018-06-07,uuid:f5683aeb-47b0-4ae3-b45b-7caefe22b1cf,2018-06-07 14:48:27,2018-06-07 15:04:46,"Jun 7, 2018",2:48:00 PM,59133.0,1.0,,,,,1.0,,.,.,,.,.,.,,,.,.,,,,,.,.,.,.,.,,,.,,,,OK,1.0,1.0,0.0,0.0,OK,1.0,1.0,OK,1.0,1.0,.,.,3.0,3.0,3.0,2.0,2.0,,,,,,,,.,,,,,,.,,.,,,,.,,,,,,,,,,,1.0,1.0,2.0,100.0,900.0,10.0,9.0,4.0,2.0,.,.,,,.,.,,.,.,,.,.,.,.,6,.,6,.,0,2.0,uuid:f5683aeb-47b0-4ae3-b45b-7caefe22b1cf,,,,,,,,,,2.0,1.0,,,,,29 Apr 2019,2019-04-29,,,,,,1.0,282.0,282.0,682.0,,0.0,,,,,,,,,,,,,,,,N.U.,0.0
1,4,627,0.0,2.0,20.0,0.0,22.0,2.0,20.0,0.0,22.0,91.0,1,,273.0,2,628124.0,2018-05-21,uuid:42ce0977-0346-4443-921c-d937e4a038c0,2018-05-21 13:56:28,2018-05-21 14:34:52,"May 21, 2018",1:58:00 PM,,,,112.0,112.0,1.0,1.0,26.0,BINDI,.,,,1,,0.0,2008.0,Kananga,Malandji,1.0,,4.0,,KAZUMBA,4,,.,.,300000.0,32000.0,1 3 4,2.0,4.0,5.0,OK,1.0,0.0,0.0,1.0,OK,2.0,2.0,OK,2.0,2.0,13:56:29,13:56:29,3.0,3.0,4.0,3.0,2.0,2.0,2.0,1.0,2.0,2.0,1.0,2.0,1,,8.0,,1.0,,1,,4,,1.0,,1,,0.0,1.0,3.0,1.0,1.0,1.0,1.0,2.0,4.0,1.0,1.0,1.0,800.0,200.0,9.0,7.0,6.0,5.0,0,,3.0,3.0,2,,0.0,,,1.0,3,,6,,1,.,1,.,0,1.0,uuid:42ce0977-0346-4443-921c-d937e4a038c0,,,,,,,,,,1.0,,,,,,29 Apr 2019,2019-04-29,,,,,,1.0,91.0,,,,,,,,,,,,,,,,,,,,N.U.,0.0,0.0,2018-06-07,uuid:6861ce95-751f-40ee-b9f3-bf0aa22ae6c8,2018-06-07 09:56:54,2018-06-07 10:17:52,"Jun 7, 2018",9:56:00 AM,628124.0,1.0,,,,,1.0,,.,.,,.,.,.,,,.,.,,,,,.,.,.,.,.,,,.,,,,OK,1.0,1.0,1.0,1.0,OK,1.0,1.0,OK,1.0,1.0,.,.,5.0,3.0,3.0,3.0,2.0,,,,,,,,.,,,,,,.,,.,,,,.,,,,,,,,,,,2.0,2.0,2.0,1000.0,0.0,10.0,9.0,8.0,5.0,.,.,,,.,.,,.,.,,.,.,.,.,1,.,1,.,0,2.0,uuid:6861ce95-751f-40ee-b9f3-bf0aa22ae6c8,,,,,,,,,,1.0,1.0,,,,,29 Apr 2019,2019-04-29,,,,,,1.0,273.0,273.0,673.0,,0.0,,,,,,,,,,,,,,,,N.U.,0.0
1,4,652,0.0,2.0,20.0,0.0,22.0,2.0,20.0,0.0,22.0,23.0,1,,280.0,2,6525.0,2018-04-06,uuid:e759fe6f-ef60-40a4-8ed3-cede07f135ba,2018-04-06 21:49:06,2018-04-06 22:28:34,"Apr 6, 2018",9:49:00 PM,,,,43.0,43.0,1.0,1.0,39.0,LULUWA,,31.0,,1,,0.0,1990.0,Kananga,Tshinsambi,1.0,,4.0,,KANANGA,4,,,,90000.0,15000.0,4 5,3.0,4.0,3.0,OK,1.0,1.0,1.0,1.0,OK,2.0,2.0,OK,2.0,3.0,12:49:08,12:49:08,5.0,5.0,3.0,2.0,2.0,2.0,2.0,2.0,2.0,2.0,2.0,2.0,2,,2.0,,2.0,,2,,2,,2.0,,2,,0.0,4.0,2.0,2.0,2.0,2.0,2.0,3.0,4.0,2.0,2.0,2.0,800.0,200.0,8.0,7.0,6.0,4.0,0,,1.0,2.0,1,,0.0,.,.,0.0,.,.,2,,1,.,1,.,0,2.0,uuid:e759fe6f-ef60-40a4-8ed3-cede07f135ba,,,,,,.,,,,1.0,,,,,,29 Apr 2019,2019-04-29,,,,,,1.0,23.0,,,,,,,,,,,,,,,,,,,,N.U.,0.0,0.0,2018-06-07,uuid:f823d54a-8978-4e0d-a889-619300e0542f,2018-06-07 13:56:10,2018-06-07 14:45:04,"Jun 7, 2018",1:56:00 PM,6525.0,1.0,,,,,1.0,,.,.,,.,.,.,,,.,.,,,,,.,.,.,.,.,,,.,,,,OK,1.0,0.0,1.0,1.0,OK,1.0,1.0,OK,1.0,2.0,.,.,3.0,5.0,3.0,3.0,1.0,,,,,,,,.,,,,,,.,,.,,,,.,,,,,,,,,,,2.0,2.0,2.0,0.0,1000.0,5.0,4.0,3.0,0.0,.,.,,,.,.,,.,.,,.,.,.,.,1,.,,.,0,2.0,uuid:f823d54a-8978-4e0d-a889-619300e0542f,,,,,,,,,,1.0,1.0,,,,,29 Apr 2019,2019-04-29,,,,,,1.0,280.0,280.0,680.0,,0.0,,,,,,,,,,,,,,,,N.U.,0.0
1,4,6092,0.0,3.0,19.0,0.0,22.0,3.0,19.0,0.0,22.0,79.0,1,,392.0,2,60920132.0,2018-04-28,uuid:586fa3bf-6ec6-4a07-891c-65b543159a4d,2018-04-28 08:32:21,2018-04-28 14:56:43,"Apr 28, 2018",2:26:00 PM,,,,107.0,107.0,1.0,1.0,24.0,LUALUA,.,,,1,,0.0,2007.0,Katoka,Mpokolo,1.0,,4.0,,DIBAYA,27,,.,.,30000.0,7000.0,0,2.0,3.0,3.0,OK,1.0,1.0,0.0,1.0,OK,2.0,2.0,OK,2.0,2.0,08:32:22,08:32:22,5.0,3.0,3.0,3.0,2.0,2.0,2.0,2.0,1.0,2.0,2.0,4.0,8,,4.0,,1.0,,1,,7,,1.0,,1,,1.0,,1.0,4.0,3.0,2.0,2.0,2.0,4.0,1.0,1.0,2.0,200.0,800.0,7.0,5.0,3.0,2.0,0,,0.0,0.0,3,,0.0,,,0.0,,,4,,1,.,,.,0,1.0,uuid:586fa3bf-6ec6-4a07-891c-65b543159a4d,,,,,,,,,,1.0,,,,,,29 Apr 2019,2019-04-29,,,,,,1.0,79.0,,,,,,,,,,,,,,,,,,,,N.U.,0.0,0.0,2018-06-14,uuid:1ff83dcc-f7c7-4395-9f63-454b69ef8135,2018-06-14 16:41:35,2018-06-14 17:04:39,"Jun 14, 2018",3:41:00 PM,60920132.0,1.0,,,,,1.0,,,.,,,,,,,,,,,,,,,,,,,,,,,,OK,1.0,1.0,0.0,1.0,OK,2.0,2.0,OK,3.0,3.0,.,.,5.0,5.0,3.0,3.0,2.0,,,,,,,,.,,,,,,.,,.,,,,,,,,,,,,,,,2.0,2.0,2.0,0.0,1000.0,8.0,7.0,6.0,5.0,,,,,.,.,,.,.,,.,.,,,1,,,,0,2.0,uuid:1ff83dcc-f7c7-4395-9f63-454b69ef8135,,,,,,,,,,,,,,,,29 Apr 2019,2019-04-29,,,,,,1.0,392.0,392.0,792.0,,0.0,,,,,,,,,,,,,,,,,0.0
2,0,101,0.0,3.0,0.0,0.0,3.0,3.0,0.0,0.0,3.0,41.0,1,,6.0,1,,2018-04-09,uuid:fc3ae65c-859d-4d52-a1c0-cd5949329171,2018-04-09 15:52:19,2018-04-09 16:29:38,"Apr 9, 2018",3:52:00 PM,,,,12.0,12.0,1.0,1.0,26.0,LUALUA,,,,10,,1.0,,Katoka,Mpokolo,1.0,,4.0,,KAZUMBA,24,,,,15000.0,12000.0,1 3 6,4.0,3.0,2.0,OK,1.0,1.0,1.0,1.0,OK,1.0,1.0,OK,1.0,1.0,15:52:21,15:52:21,5.0,3.0,4.0,3.0,2.0,1.0,3.0,2.0,1.0,1.0,1.0,1.0,8,,2.0,,1.0,,1,,3,,1.0,,1,,0.0,4.0,1.0,3.0,4.0,2.0,2.0,1.0,3.0,3.0,1.0,2.0,200.0,800.0,9.0,5.0,4.0,3.0,0,,2.0,1.0,4,,0.0,.,.,0.0,.,.,6,,1,.,.,.,0,1.0,uuid:fc3ae65c-859d-4d52-a1c0-cd5949329171,,,,,,.,,,,1.0,,,,,,29 Apr 2019,2019-04-29,,,,,,1.0,41.0,,,,,,,,,,,,,,,,,,,,N.U.,0.0,0.0,2018-04-06,uuid:c56722b2-cea5-4175-86d5-de5fe95241ed,2018-04-06 10:08:42,,"Apr 6, 2018",10:08:00 AM,,,,9.0,9.0,1.0,1.0,25.0,LUNTU,,51.0,,3,,0.0,2015.0,Kananga,Plateau,1.0,,4.0,,DIMBELENGE,17,,,,16000.0,3000.0,3,1.0,3.0,6.0,OK,1.0,1.0,1.0,1.0,OK,2.0,3.0,OK,2.0,3.0,10:08:43,10:08:43,5.0,3.0,2.0,3.0,1.0,2.0,2.0,3.0,2.0,2.0,2.0,2.0,1,,1.0,,1.0,,1,,1,,1.0,,1,,1.0,,3.0,1.0,1.0,1.0,1.0,4.0,2.0,1.0,1.0,1.0,1000.0,0.0,8.0,7.0,6.0,5.0,0,,3.0,4.0,3,,0.0,.,.,0.0,.,.,9999,,1,.,4,.,0,1.0,uuid:c56722b2-cea5-4175-86d5-de5fe95241ed,,,,,,.,,,,1.0,,,,,,29 Apr 2019,2019-04-29,,,,,,1.0,6.0,,,,,,,,,,,,,,,,,,,,N.U.,0.0
2,2,119,0.0,2.0,20.0,0.0,22.0,2.0,20.0,0.0,22.0,417.0,2,11986.0,222.0,3,,2018-07-11,uuid:620d598e-c78c-4ed6-ba95-116ad523bb79,2018-07-11 18:25:00,2018-07-11 18:40:43,"Jul 11, 2018",5:25:00 PM,11986.0,1.0,,,,,1.0,,,.,,,,,,,,,,,,,,,,,,,,,,,,OK,1.0,1.0,0.0,1.0,OK,2.0,1.0,OK,2.0,2.0,.,.,5.0,5.0,3.0,3.0,2.0,,,,,,,,.,,,,,,.,,.,,,,,,,,,,,,,,,1.0,1.0,2.0,900.0,100.0,8.0,6.0,5.0,1.0,,,,,.,.,,.,.,,.,.,,,1,,,,0,2.0,uuid:620d598e-c78c-4ed6-ba95-116ad523bb79,,,,,,,,,,,,,,,,29 Apr 2019,2019-04-29,,,,,,1.0,417.0,417.0,817.0,,0.0,,,,,,,,,,,,,,,,,1.0,0.0,2018-07-13,uuid:81ff4ecb-7d11-49c9-85c4-3bad10b7ad7b,2018-07-13 18:41:18,2018-07-13 19:04:23,"Jul 13, 2018",5:41:00 PM,11986.0,,1.0,,,1.0,1.0,66.0,LULUWA,.,,Bakua ndaye,3,,1.0,,Lukonga,Itabayi,0.0,,4.0,,KAZUMBA,9,,,,50000.0,13800.0,0,5.0,2.0,6.0,OK,1.0,1.0,0.0,1.0,OK,2.0,3.0,OK,2.0,2.0,.,.,3.0,3.0,4.0,3.0,2.0,2.0,3.0,4.0,2.0,3.0,1.0,2.0,3,,3.0,,3.0,,2,,3,,1.0,,1,,1.0,,1.0,1.0,1.0,1.0,1.0,2.0,4.0,2.0,2.0,2.0,1000.0,0.0,10.0,9.0,7.0,6.0,,,,,.,.,,.,.,,.,.,,,,,,,0,2.0,uuid:81ff4ecb-7d11-49c9-85c4-3bad10b7ad7b,,,,,,,,,,,,,,,,29 Apr 2019,2019-04-29,,,,,,1.0,223.0,,,445.0,,,0.0,,,,,,,,,,,,,,,1.0
2,2,126,0.0,5.0,18.0,0.0,23.0,5.0,18.0,0.0,23.0,223.0,2,21647.0,225.0,3,,2018-05-31,uuid:147b6d3e-be15-4c09-b4c4-56362baaa096,2018-05-31 17:39:54,,"May 31, 2018",5:40:00 PM,21647.0,1.0,,,,,1.0,,.,.,,.,.,.,,,.,.,,,,,.,.,.,.,.,,,.,,,,OK,0.0,0.0,0.0,0.0,OK,1.0,1.0,OK,2.0,2.0,.,.,3.0,3.0,3.0,4.0,2.0,,,,,,,,.,,,,,,.,,.,,,,.,,,,,,,,,,,4.0,1.0,2.0,0.0,1000.0,6.0,5.0,4.0,3.0,.,.,,,.,.,,.,.,,.,.,.,.,1,.,1,.,0,1.0,uuid:147b6d3e-be15-4c09-b4c4-56362baaa096,,,,,,,,,,1.0,,,,,,29 Apr 2019,2019-04-29,,,,,,1.0,223.0,223.0,623.0,,0.0,,,,,,,,,,,,,,,,N.U.,0.0,0.0,2018-07-20,uuid:83669c88-52bf-4dfb-8cd1-cb66e8f7ef16,2018-07-20 15:40:29,2018-07-20 16:11:10,"Jul 20, 2018",2:40:00 PM,21647.0,,1.0,,,2.0,1.0,47.0,LULUWA,.,,Bakua beya,3,,0.0,1993.0,Lukonga,Lumumba,0.0,,4.0,,DEMBA,1,,,,96000.0,15000.0,0,3.0,3.0,6.0,OK,1.0,1.0,0.0,1.0,OK,2.0,1.0,OK,1.0,1.0,.,.,5.0,5.0,2.0,3.0,1.0,1.0,1.0,4.0,4.0,2.0,1.0,1.0,3,,3.0,,3.0,,1,,3,,3.0,,3,,0.0,4.0,1.0,1.0,1.0,1.0,1.0,1.0,4.0,2.0,2.0,2.0,0.0,1000.0,10.0,9.0,7.0,5.0,,,,,.,.,,.,.,,.,.,,,1,,,,0,2.0,uuid:83669c88-52bf-4dfb-8cd1-cb66e8f7ef16,,,,,,,,,,,,,,,,29 Apr 2019,2019-04-29,,,,,,1.0,,,,445.0,,,0.0,,,,,,,,,,,,,,,1.0
2,2,212,0.0,2.0,21.0,0.0,23.0,2.0,21.0,0.0,23.0,213.0,2,21256.0,,3,,2018-05-31,uuid:7844e770-7737-4a38-ac8a-a775a69a8788,2018-05-31 08:38:37,,"May 31, 2018",8:39:00 AM,21256.0,1.0,,,,,1.0,,.,.,,.,.,.,,,.,.,,,,,.,.,.,.,.,,,.,,,,OK,1.0,1.0,1.0,1.0,OK,1.0,1.0,OK,1.0,1.0,.,.,5.0,5.0,3.0,3.0,2.0,,,,,,,,.,,,,,,.,,.,,,,.,,,,,,,,,,,2.0,2.0,2.0,700.0,300.0,10.0,8.0,5.0,5.0,.,.,,,.,.,,.,.,,.,.,.,.,6,.,6,.,0,2.0,uuid:7844e770-7737-4a38-ac8a-a775a69a8788,,,,,,,,,,1.0,,,,,,29 Apr 2019,2019-04-29,,,,,,1.0,213.0,213.0,613.0,,0.0,,,,,,,,,,,,,,1.0,1.0,N.U.,0.0,0.0,2018-06-13,uuid:f4176139-6f7e-4194-a468-fa2f9d0c2b8a,2018-06-13 12:06:08,2018-06-13 12:34:12,"Jun 13, 2018",11:06:00 AM,21256.0,,1.0,,,1.0,1.0,52.0,LUNTU,.,,Lubi,3,,1.0,,Ndesha,Ndesha,1.0,,4.0,,DIMBELENGE,9,,,,93000.0,21000.0,4,5.0,3.0,6.0,OK,1.0,1.0,1.0,1.0,OK,1.0,1.0,OK,1.0,1.0,.,.,4.0,5.0,3.0,3.0,2.0,1.0,3.0,4.0,1.0,1.0,1.0,1.0,1,,1.0,,1.0,,1,,1,,1.0,,1,,1.0,,4.0,3.0,1.0,1.0,1.0,2.0,4.0,1.0,1.0,2.0,200.0,800.0,8.0,7.0,7.0,6.0,,,,,.,.,,.,.,,.,.,,,6,,1,,0,2.0,uuid:f4176139-6f7e-4194-a468-fa2f9d0c2b8a,,,,,,,,,,,,,,,,29 Apr 2019,2019-04-29,,,,,,1.0,164.0,,,445.0,,,0.0,,,,,,,,,,1.0,,,1.0,,0.0
2,2,226,0.0,2.0,21.0,0.0,23.0,2.0,21.0,0.0,23.0,231.0,2,22510.0,136.0,3,,2018-06-01,uuid:6fd34010-bfbd-435d-8686-8d6e6700b7c4,2018-06-01 15:25:23,2018-06-01 15:51:48,"Jun 1, 2018",3:25:00 PM,22510.0,1.0,,,,,1.0,,.,.,,.,.,.,,,.,.,,,,,.,.,.,.,.,,,.,,,,OK,1.0,1.0,1.0,1.0,OK,1.0,1.0,OK,2.0,1.0,.,.,5.0,5.0,3.0,3.0,1.0,,,,,,,,.,,,,,,.,,.,,,,.,,,,,,,,,,,2.0,2.0,2.0,800.0,200.0,7.0,5.0,4.0,3.0,.,.,,,.,.,,.,.,,.,.,.,.,1,.,other,0,0,2.0,uuid:6fd34010-bfbd-435d-8686-8d6e6700b7c4,,,,,,,,,,2.0,,,,,,29 Apr 2019,2019-04-29,,,,,,1.0,231.0,231.0,631.0,,0.0,,,,,,,,,,,,,,,,N.U.,0.0,0.0,2018-06-12,uuid:9139be80-553b-4fa5-ab9e-0b9c82040db1,2018-06-12 11:40:03,2018-06-12 16:03:33,"Jun 12, 2018",10:40:00 AM,22510.0,,1.0,,,1.0,1.0,22.0,LULUWA,.,36.0,,other,Assemblé chretienne,0.0,2007.0,Lukonga,Abatoire,1.0,,4.0,,DIBAYA,other,Relait communautaire,,,97000.0,15000.0,3 4,5.0,4.0,2.0,OK,1.0,1.0,1.0,1.0,OK,1.0,1.0,OK,1.0,2.0,.,.,5.0,5.0,1.0,3.0,1.0,2.0,2.0,2.0,2.0,2.0,2.0,4.0,1,,1.0,,1.0,,1,,1,,2.0,,1,,1.0,,1.0,2.0,1.0,1.0,1.0,2.0,3.0,1.0,1.0,2.0,600.0,400.0,8.0,5.0,4.0,3.0,,,,,.,.,,.,.,,.,.,,,1,,1,,0,1.0,uuid:9139be80-553b-4fa5-ab9e-0b9c82040db1,,,,,,,,,,,,,,,,29 Apr 2019,2019-04-29,,,,,,1.0,136.0,,,445.0,,,0.0,,,,,,,,,,,,,,,0.0
2,2,228,0.0,2.0,21.0,0.0,23.0,2.0,21.0,0.0,23.0,218.0,2,22952.0,0.0,3,,2018-05-31,uuid:db02254b-e3d3-4379-b390-119e334be0c9,2018-05-31 13:34:59,,"May 31, 2018",1:35:00 PM,22952.0,1.0,,,,,1.0,,.,.,,.,.,.,,,.,.,,,,,.,.,.,.,.,,,.,,,,OK,1.0,0.0,1.0,1.0,OK,1.0,1.0,OK,1.0,1.0,.,.,4.0,5.0,3.0,1.0,2.0,,,,,,,,.,,,,,,.,,.,,,,.,,,,,,,,,,,1.0,1.0,2.0,200.0,800.0,8.0,6.0,5.0,3.0,.,.,,,.,.,,.,.,,.,.,.,.,6,.,4,.,0,2.0,uuid:db02254b-e3d3-4379-b390-119e334be0c9,,,,,,,,,,1.0,,,,,,29 Apr 2019,2019-04-29,,,,,,1.0,218.0,218.0,618.0,,0.0,,,,,,,,,,,,,,,,N.U.,0.0,0.0,2018-06-13,uuid:82c8befc-745b-4b32-8e14-789648e8d4fa,2018-06-13 10:34:30,2018-06-13 11:14:10,"Jun 13, 2018",9:34:00 AM,22952.0,,1.0,,,1.0,1.0,53.0,LULUWA,.,47.0,,10,,1.0,,Lukonga,Dikongayi,1.0,,4.0,,DIBAYA,9,,,,155000.0,35000.0,1 3 4 6,7.0,4.0,2.0,OK,1.0,1.0,1.0,1.0,OK,1.0,1.0,OK,1.0,1.0,.,.,3.0,3.0,1.0,3.0,2.0,2.0,2.0,2.0,2.0,2.0,2.0,4.0,1,,1.0,,1.0,,1,,1,,1.0,,1,,0.0,2.0,4.0,1.0,1.0,1.0,2.0,1.0,3.0,2.0,2.0,2.0,500.0,500.0,7.0,7.0,5.0,5.0,,,,,.,.,,.,.,,.,.,,,6,,1,,0,2.0,uuid:82c8befc-745b-4b32-8e14-789648e8d4fa,,,,,,,,,,,,,,,,29 Apr 2019,2019-04-29,,,,,,1.0,158.0,,,445.0,,,0.0,,,,,,,1.0,,,,,1.0,1.0,,0.0
2,2,306,1.0,5.0,17.0,0.0,22.0,2.5,8.5,0.0,11.0,290.0,2,30490.0,0.0,3,,2018-06-08,uuid:5780f075-29e3-45bd-beea-bc80caacbcf1,2018-06-08 11:01:09,2018-06-08 11:33:41,"Jun 8, 2018",11:01:00 AM,30490.0,1.0,,,,,1.0,,.,.,,.,.,.,,,.,.,,,,,.,.,.,.,.,,,.,,,,OK,1.0,0.0,1.0,1.0,OK,3.0,2.0,OK,3.0,3.0,.,.,5.0,3.0,1.0,3.0,2.0,,,,,,,,.,,,,,,.,,.,,,,.,,,,,,,,,,,2.0,2.0,2.0,900.0,100.0,8.0,5.0,4.0,3.0,.,.,,,.,.,,.,.,,.,.,.,.,6,.,,.,"Le repondant a beaucoup de difficultes pour ecrire et lire, au moins si il a un tres bon assistant",2.0,uuid:5780f075-29e3-45bd-beea-bc80caacbcf1,,,,,,,,,,1.0,1.0,,,,,29 Apr 2019,2019-04-29,,,,,,1.0,290.0,290.0,690.0,,0.0,,,,,,,,,,,,,,,,N.U.,0.0,0.0,2018-06-14,uuid:338ba8ff-ec3f-4e18-91ff-0690825b10a3,2018-06-14 13:43:13,2018-06-14 14:18:11,"Jun 14, 2018",12:43:00 PM,30490.0,,1.0,,,1.0,1.0,48.0,LULUWA,.,,Bena Mukangala,11,,1.0,,Ndesha,Kamupongo,1.0,,4.0,,KANANGA,4,,,,155000.0,35000.0,0,5.0,3.0,4.0,OK,1.0,1.0,0.0,1.0,OK,1.0,1.0,OK,2.0,2.0,.,.,4.0,5.0,1.0,3.0,2.0,2.0,3.0,2.0,1.0,2.0,2.0,2.0,1,,1.0,,1.0,,1,,1,,1.0,,1,,0.0,4.0,3.0,1.0,1.0,1.0,1.0,1.0,4.0,2.0,1.0,2.0,200.0,800.0,10.0,8.0,7.0,6.0,,,,,.,.,,.,.,,.,.,,,6,,,,0,2.0,uuid:338ba8ff-ec3f-4e18-91ff-0690825b10a3,,,,,,,,,,,,,,,,29 Apr 2019,2019-04-29,,,,,,1.0,187.0,,,445.0,,,0.0,,,,,,,,,,,,,,,0.0
2,2,307,1.0,5.0,17.0,0.0,22.0,2.5,8.5,0.0,11.0,290.0,2,30490.0,0.0,3,,2018-06-08,uuid:5780f075-29e3-45bd-beea-bc80caacbcf1,2018-06-08 11:01:09,2018-06-08 11:33:41,"Jun 8, 2018",11:01:00 AM,30490.0,1.0,,,,,1.0,,.,.,,.,.,.,,,.,.,,,,,.,.,.,.,.,,,.,,,,OK,1.0,0.0,1.0,1.0,OK,3.0,2.0,OK,3.0,3.0,.,.,5.0,3.0,1.0,3.0,2.0,,,,,,,,.,,,,,,.,,.,,,,.,,,,,,,,,,,2.0,2.0,2.0,900.0,100.0,8.0,5.0,4.0,3.0,.,.,,,.,.,,.,.,,.,.,.,.,6,.,,.,"Le repondant a beaucoup de difficultes pour ecrire et lire, au moins si il a un tres bon assistant",2.0,uuid:5780f075-29e3-45bd-beea-bc80caacbcf1,,,,,,,,,,1.0,1.0,,,,,29 Apr 2019,2019-04-29,,,,,,1.0,290.0,290.0,690.0,,0.0,,,,,,,,,,,,,,,,N.U.,0.0,0.0,2018-06-14,uuid:338ba8ff-ec3f-4e18-91ff-0690825b10a3,2018-06-14 13:43:13,2018-06-14 14:18:11,"Jun 14, 2018",12:43:00 PM,30490.0,,1.0,,,1.0,1.0,48.0,LULUWA,.,,Bena Mukangala,11,,1.0,,Ndesha,Kamupongo,1.0,,4.0,,KANANGA,4,,,,155000.0,35000.0,0,5.0,3.0,4.0,OK,1.0,1.0,0.0,1.0,OK,1.0,1.0,OK,2.0,2.0,.,.,4.0,5.0,1.0,3.0,2.0,2.0,3.0,2.0,1.0,2.0,2.0,2.0,1,,1.0,,1.0,,1,,1,,1.0,,1,,0.0,4.0,3.0,1.0,1.0,1.0,1.0,1.0,4.0,2.0,1.0,2.0,200.0,800.0,10.0,8.0,7.0,6.0,,,,,.,.,,.,.,,.,.,,,6,,,,0,2.0,uuid:338ba8ff-ec3f-4e18-91ff-0690825b10a3,,,,,,,,,,,,,,,,29 Apr 2019,2019-04-29,,,,,,1.0,187.0,,,445.0,,,0.0,,,,,,,,,,,,,,,0.0
2,2,316,0.0,3.0,19.0,0.0,22.0,3.0,19.0,0.0,22.0,,2,3196.0,0.0,3,,2018-05-31,uuid:8bb50394-81fb-41cb-aeb6-8d27fd13184f,2018-05-31 11:25:02,,"May 31, 2018",11:25:00 AM,3196.0,1.0,,,,,1.0,,.,.,,.,.,.,,,.,.,,,,,.,.,.,.,.,,,.,,,,OK,1.0,1.0,0.0,0.0,OK,1.0,2.0,OK,2.0,2.0,.,.,4.0,4.0,3.0,3.0,2.0,,,,,,,,.,,,,,,.,,.,,,,.,,,,,,,,,,,2.0,3.0,2.0,700.0,300.0,8.0,5.0,3.0,2.0,.,.,,,.,.,,.,.,,.,.,.,.,.,.,3,.,0,2.0,uuid:8bb50394-81fb-41cb-aeb6-8d27fd13184f,,,,,,,,,,2.0,,,,,,29 Apr 2019,2019-04-29,,,,,,1.0,216.0,216.0,616.0,,0.0,,,,,,,,,,,,,,,,N.U.,0.0,0.0,2018-07-12,uuid:08d81983-3b9c-47b6-ab4f-1614bda2d2f1,2018-07-12 10:42:09,2018-07-12 11:37:58,"Jul 12, 2018",9:42:00 AM,3196.0,,1.0,,,1.0,1.0,61.0,LULUWA,.,20.0,,10,,0.0,1968.0,Katoka,Tokombe,1.0,,4.0,,DEMBA,18,,,,150000.0,25000.0,0,6.0,3.0,5.0,OK,1.0,1.0,1.0,1.0,OK,1.0,1.0,OK,1.0,1.0,.,.,4.0,4.0,3.0,2.0,2.0,2.0,4.0,2.0,2.0,2.0,2.0,2.0,1,,1.0,,1.0,,1,,1,,1.0,,1,,0.0,2.0,2.0,1.0,1.0,1.0,1.0,3.0,3.0,2.0,2.0,2.0,800.0,200.0,8.0,5.0,4.0,2.0,,,,,.,.,,.,.,,.,.,,,1,,1,,0,2.0,uuid:08d81983-3b9c-47b6-ab4f-1614bda2d2f1,,,,,,,,,,,,,,,,29 Apr 2019,2019-04-29,,,,,,1.0,219.0,,,445.0,,,0.0,,,,,,,,,,,,,,,1.0
2,2,324,0.0,3.0,20.0,0.0,23.0,3.0,20.0,0.0,23.0,220.0,2,32276.0,0.0,3,,2018-05-31,uuid:c5dd8bdc-64b7-4bc5-a99c-1deb142e3a20,2018-05-31 15:32:06,,"May 31, 2018",3:32:00 PM,32276.0,1.0,,,,,1.0,,.,.,,.,.,.,,,.,.,,,,,.,.,.,.,.,,,.,,,,OK,1.0,1.0,1.0,1.0,OK,2.0,1.0,OK,2.0,2.0,.,.,5.0,5.0,1.0,3.0,1.0,,,,,,,,.,,,,,,.,,.,,,,.,,,,,,,,,,,2.0,1.0,2.0,800.0,200.0,8.0,5.0,4.0,1.0,.,.,,,.,.,,.,.,,.,.,.,.,1,.,1,.,0,2.0,uuid:c5dd8bdc-64b7-4bc5-a99c-1deb142e3a20,,,,,,,,,,1.0,,,,,,29 Apr 2019,2019-04-29,,,,,,1.0,220.0,220.0,620.0,,0.0,,,,,,,,,,,,,,,,N.U.,0.0,0.0,2018-06-13,uuid:e4655ee4-e1c9-4e00-9be9-b210419449c6,2018-06-13 07:57:09,2018-06-13 08:34:03,"Jun 13, 2018",6:57:00 AM,32276.0,,1.0,,,1.0,1.0,23.0,LULUWA,.,47.0,,other,Le temoin,1.0,,Katoka,Tukombe,1.0,,4.0,,KAZUMBA,other,Motard,,,110000.0,7000.0,0,5.0,2.0,4.0,OK,1.0,1.0,1.0,1.0,OK,1.0,2.0,OK,2.0,2.0,.,.,5.0,5.0,3.0,3.0,1.0,2.0,1.0,2.0,2.0,2.0,1.0,1.0,2,,2.0,,2.0,,2,,2,,2.0,,2,,1.0,,1.0,1.0,2.0,2.0,2.0,3.0,4.0,1.0,1.0,2.0,500.0,500.0,8.0,4.0,3.0,2.0,,,,,.,.,,.,.,,.,.,,,2,,other,0,Pour le numero j’ai vu comme si il utilise le telephone familial,2.0,uuid:e4655ee4-e1c9-4e00-9be9-b210419449c6,,,,,,,,,,,,,,,,29 Apr 2019,2019-04-29,,,,,,1.0,150.0,,,445.0,,,0.0,,,,,,,,,,,,,,,0.0
2,2,359,0.0,2.0,21.0,0.0,23.0,2.0,21.0,0.0,23.0,235.0,2,3599.0,220.0,3,,2018-06-01,uuid:3cd6e939-dd1a-41c7-b8d1-32583aed93d7,2018-06-01 18:07:13,2018-06-01 18:50:11,"Jun 1, 2018",6:07:00 PM,3599.0,1.0,,,,,1.0,,.,.,,.,.,.,,,.,.,,,,,.,.,.,.,.,,,.,,,,OK,1.0,1.0,0.0,0.0,OK,1.0,1.0,OK,1.0,1.0,.,.,4.0,4.0,2.0,2.0,2.0,,,,,,,,.,,,,,,.,,.,,,,.,,,,,,,,,,,1.0,3.0,2.0,500.0,500.0,10.0,8.0,8.0,3.0,.,.,,,.,.,,.,.,,.,.,.,.,6,.,1,.,0,2.0,uuid:3cd6e939-dd1a-41c7-b8d1-32583aed93d7,,,,,,,,,,1.0,,,,,,29 Apr 2019,2019-04-29,,,,,,1.0,235.0,235.0,635.0,,0.0,,,,,,,,,,,,1.0,,,1.0,N.U.,0.0,0.0,2018-07-12,uuid:efb86209-a28c-43e6-96ce-be968dbfb355,2018-07-12 13:33:43,2018-07-12 14:19:01,"Jul 12, 2018",12:33:00 PM,3599.0,,1.0,,,1.0,1.0,28.0,LULUWA,.,38.0,,1,,0.0,1995.0,Katoka,Mpokolo,1.0,,4.0,,KAZUMBA,27,,,,250000.0,35000.0,4 6,5.0,4.0,2.0,OK,1.0,1.0,1.0,0.0,OK,1.0,1.0,OK,1.0,1.0,.,.,4.0,4.0,3.0,3.0,2.0,1.0,2.0,2.0,2.0,2.0,2.0,2.0,1,,1.0,,1.0,,1,,1,,1.0,,1,,0.0,4.0,2.0,2.0,2.0,1.0,1.0,2.0,4.0,3.0,2.0,2.0,400.0,600.0,9.0,6.0,5.0,4.0,,,,,.,.,,.,.,,.,.,,,1,,1,,0,2.0,uuid:efb86209-a28c-43e6-96ce-be968dbfb355,,,,,,,,,,,,,,,,29 Apr 2019,2019-04-29,,,,,,1.0,220.0,,,445.0,,,0.0,,,,,,,,,,,,,,,1.0
2,2,364,0.0,2.0,21.0,0.0,23.0,2.0,21.0,0.0,23.0,227.0,2,36589.0,0.0,3,,2018-06-01,uuid:f2dc93bc-22eb-4a8d-992d-8cab746cbb24,2018-06-01 11:15:35,2018-06-01 11:57:04,"Jun 1, 2018",11:16:00 AM,36589.0,1.0,,,,,1.0,,.,.,,.,.,.,,,.,.,,,,,.,.,.,.,.,,,.,,,,OK,0.0,1.0,0.0,1.0,OK,3.0,3.0,OK,2.0,2.0,.,.,3.0,3.0,3.0,3.0,1.0,,,,,,,,.,,,,,,.,,.,,,,.,,,,,,,,,,,1.0,2.0,2.0,800.0,200.0,5.0,4.0,1.0,0.0,.,.,,,.,.,,.,.,,.,.,.,.,6,.,,.,0,2.0,uuid:f2dc93bc-22eb-4a8d-992d-8cab746cbb24,,,,,,,,,,1.0,,,,,,29 Apr 2019,2019-04-29,,,,,,1.0,227.0,227.0,627.0,,0.0,,,,,,,,,,,,,,,,N.U.,0.0,0.0,2018-06-12,uuid:8fa4706b-eb1d-45ad-a1c3-76edd098e6cc,2018-06-12 14:05:12,2018-06-12 14:58:06,"Jun 12, 2018",1:05:00 PM,36589.0,,1.0,,,1.0,1.0,38.0,LULUWA,.,,Bena Kasenga,8,,0.0,1984.0,Katoka,Katoka II,0.0,,4.0,,DIBAYA,4,,,,90000.0,21000.0,3 4 5,2.0,3.0,5.0,OK,1.0,1.0,0.0,1.0,OK,2.0,2.0,OK,1.0,1.0,.,.,4.0,3.0,3.0,3.0,1.0,2.0,2.0,2.0,2.0,2.0,2.0,2.0,1,,1.0,,1.0,,1,,1,,1.0,,1,,0.0,4.0,2.0,2.0,2.0,2.0,1.0,1.0,4.0,1.0,1.0,2.0,300.0,700.0,3.0,1.0,0.0,0.0,,,,,.,.,,.,.,,.,.,,,1,,1,,0,2.0,uuid:8fa4706b-eb1d-45ad-a1c3-76edd098e6cc,,,,,,,,,,,,,,,,29 Apr 2019,2019-04-29,,,,,,1.0,141.0,,,445.0,,,0.0,,,,,,,,,,,,1.0,1.0,,0.0
2,2,506,0.0,3.0,20.0,0.0,23.0,3.0,20.0,0.0,23.0,428.0,2,50650.0,226.0,3,,2018-08-13,uuid:a1abfebc-bb12-4eb3-8932-e330601ce3df,2018-08-13 16:42:26,2018-08-13 17:12:03,"Aug 13, 2018",3:42:00 PM,50650.0,1.0,,,,,1.0,,,.,,,,,,,,,,,,,,,,,,,,,,,,OK,1.0,1.0,0.0,1.0,OK,2.0,1.0,OK,2.0,2.0,.,.,5.0,5.0,3.0,3.0,2.0,,,,,,,,.,,,,,,.,,.,,,,,,,,,,,,,,,1.0,1.0,2.0,900.0,100.0,8.0,5.0,4.0,3.0,,,,,.,.,,.,.,,.,.,,,2,,other,0,0,2.0,uuid:a1abfebc-bb12-4eb3-8932-e330601ce3df,,,,,,,,,,,,,,,,29 Apr 2019,2019-04-29,,,,,,1.0,428.0,428.0,828.0,,0.0,,,,,,,,,,,,,,,,,1.0,0.0,2018-07-20,uuid:f73d8b51-afce-488f-bca6-45d1511a0497,2018-07-20 17:23:08,2018-07-20 17:59:13,"Jul 20, 2018",4:23:00 PM,50586.0,,1.0,,,1.0,1.0,39.0,LUNTU,.,,Bakua loko,12,,0.0,1982.0,Kananga,Tshinsambi,1.0,,4.0,,DIMBELENGE,11,,,,150000.0,80000.0,3,5.0,3.0,5.0,OK,1.0,1.0,1.0,1.0,OK,1.0,1.0,OK,2.0,2.0,.,.,3.0,4.0,1.0,3.0,2.0,2.0,2.0,4.0,2.0,2.0,2.0,2.0,8,,1.0,,1.0,,2,,1,,2.0,,1,,0.0,1.0,1.0,1.0,1.0,1.0,2.0,1.0,4.0,1.0,2.0,2.0,900.0,100.0,10.0,5.0,5.0,0.0,,,,,.,.,,.,.,,.,.,,,6,,4,,0,2.0,uuid:f73d8b51-afce-488f-bca6-45d1511a0497,,,,,,,,,,,,,,,,29 Apr 2019,2019-04-29,,,,,,1.0,226.0,,,445.0,,,0.0,,,,,,,,,,1.0,,,1.0,,1.0
2,2,522,0.0,4.0,19.0,0.0,23.0,4.0,19.0,0.0,23.0,238.0,2,52247.0,224.0,3,,2018-06-02,uuid:a1ac1875-55a2-4376-a035-cd6311796cd0,2018-06-02 10:20:12,2018-06-02 10:39:09,"Jun 2, 2018",10:20:00 AM,52247.0,1.0,,,,,1.0,,.,.,,.,.,.,,,.,.,,,,,.,.,.,.,.,,,.,,,,OK,1.0,1.0,1.0,1.0,OK,1.0,1.0,OK,1.0,1.0,.,.,4.0,3.0,3.0,3.0,2.0,,,,,,,,.,,,,,,.,,.,,,,.,,,,,,,,,,,1.0,1.0,2.0,1000.0,0.0,8.0,6.0,5.0,4.0,.,.,,,.,.,,.,.,,.,.,.,.,1,.,1,.,0,1.0,uuid:a1ac1875-55a2-4376-a035-cd6311796cd0,,,,,,,,,,1.0,,,,,,29 Apr 2019,2019-04-29,,,,,,1.0,238.0,238.0,638.0,,0.0,,,,,,,,,,,,,,,,N.U.,0.0,0.0,2018-07-19,uuid:0bd12753-c206-44b4-8c85-ec4809ffc26f,2018-07-19 18:23:15,2018-07-19 18:57:04,"Jul 19, 2018",5:23:00 PM,52247.0,,1.0,,,1.0,1.0,30.0,LULUWA,.,,Bakua tshipanga,2,,0.0,,Kananga,Tshinsambi,1.0,,4.0,,DIBAYA,1,,,,80000.0,14000.0,0,5.0,4.0,3.0,OK,1.0,1.0,1.0,1.0,OK,1.0,2.0,OK,1.0,1.0,.,.,2.0,4.0,3.0,3.0,2.0,1.0,1.0,4.0,1.0,1.0,1.0,1.0,2,,2.0,,2.0,,2,,2,,2.0,,2,,1.0,,2.0,1.0,1.0,1.0,1.0,3.0,3.0,1.0,1.0,2.0,700.0,300.0,7.0,5.0,4.0,3.0,,,,,.,.,,.,.,,.,.,,,1,,1,,0,2.0,uuid:0bd12753-c206-44b4-8c85-ec4809ffc26f,,,,,,,,,,,,,,,,29 Apr 2019,2019-04-29,,,,,,1.0,,,,445.0,,,0.0,,,,,,,,,,,,,,,1.0
2,2,526,0.0,2.0,21.0,0.0,23.0,2.0,21.0,0.0,23.0,,2,52754.0,0.0,3,,,,,,,,,,,,,,,,,,,,,,,,,,,,,,,,,,,,,,,,,,,,,,,,,,,,,,,,,,,,,,,,,,,,,,,,,,,,,,,,,,,,,,,,,,,,,,,,,,,,,,,,,,,,,,,,,,,,,,,,,,,,,,,,,,,,,,,,,,,,,,,,,,,,,,,,,,,,,,,,,,,,,2018-06-12,uuid:bed4349f-8bd7-42ce-8ae9-1ea625c822c6,2018-06-12 09:45:07,,"Jun 12, 2018",8:45:00 AM,52754.0,,1.0,,,1.0,1.0,19.0,LULUWA,.,46.0,,3,,1.0,,Lukonga,Mulunda,1.0,,4.0,,KANANGA,13,,,,100000.0,10000.0,3,4.0,3.0,4.0,OK,1.0,1.0,1.0,1.0,OK,2.0,1.0,OK,2.0,2.0,.,.,5.0,3.0,3.0,3.0,2.0,2.0,2.0,2.0,2.0,2.0,3.0,2.0,2,,2.0,,2.0,,2,,2,,2.0,,2,,1.0,,1.0,1.0,1.0,1.0,1.0,3.0,3.0,1.0,1.0,2.0,500.0,500.0,7.0,5.0,5.0,4.0,,,,,.,.,,.,.,,.,.,,,1,,1,,0,2.0,uuid:bed4349f-8bd7-42ce-8ae9-1ea625c822c6,,,,,,,,,,,,,,,,29 Apr 2019,2019-04-29,,,,,,1.0,,,,445.0,,,0.0,,,,,,,,,,1.0,,,1.0,,0.0
2,2,580,1.0,5.0,16.0,0.0,21.0,2.5,8.0,0.0,10.5,215.0,2,58210.0,137.0,3,,2018-05-31,uuid:68111280-c898-47fc-9225-ef259ce466f4,2018-05-31 10:48:30,,"May 31, 2018",10:48:00 AM,58210.0,1.0,,,,,1.0,,.,.,,.,.,.,,,.,.,,,,,.,.,.,.,.,,,.,,,,OK,1.0,1.0,0.0,0.0,OK,1.0,1.0,OK,2.0,2.0,.,.,5.0,3.0,3.0,3.0,2.0,,,,,,,,.,,,,,,.,,.,,,,.,,,,,,,,,,,2.0,2.0,2.0,800.0,200.0,8.0,6.0,4.0,3.0,.,.,,,.,.,,.,.,,.,.,.,.,6,.,6,.,0,2.0,uuid:68111280-c898-47fc-9225-ef259ce466f4,,,,,,,,,,1.0,,,,,,29 Apr 2019,2019-04-29,,,,,,1.0,215.0,215.0,615.0,,0.0,,,,,,,,,,,,,,,,N.U.,0.0,0.0,2018-06-12,uuid:9595d4f7-4d81-496d-9752-7ccbf9a5c610,2018-06-12 11:40:05,2018-06-12 12:06:35,"Jun 12, 2018",10:40:00 AM,58210.0,,1.0,,,1.0,1.0,26.0,LULUWA,.,30.0,,1,,1.0,,Kananga,Plateau,1.0,,4.0,,DIBAYA,27,,,,400000.0,80000.0,3,4.0,4.0,2.0,OK,1.0,1.0,0.0,1.0,OK,2.0,1.0,OK,2.0,2.0,.,.,5.0,5.0,3.0,2.0,2.0,2.0,4.0,1.0,2.0,2.0,1.0,4.0,1,,1.0,,8.0,,1,,8,,8.0,,1,,0.0,3.0,1.0,1.0,2.0,1.0,1.0,2.0,4.0,1.0,1.0,2.0,200.0,800.0,6.0,4.0,3.0,2.0,,,,,.,.,,.,.,,.,.,,,6,,1,,0,1.0,uuid:9595d4f7-4d81-496d-9752-7ccbf9a5c610,,,,,,,,,,,,,,,,29 Apr 2019,2019-04-29,,,,,,1.0,,,,445.0,,,0.0,,,,,,,,,,,,,,,0.0
2,2,583,1.0,5.0,16.0,0.0,21.0,2.5,8.0,0.0,10.5,215.0,2,58210.0,137.0,3,,2018-05-31,uuid:68111280-c898-47fc-9225-ef259ce466f4,2018-05-31 10:48:30,,"May 31, 2018",10:48:00 AM,58210.0,1.0,,,,,1.0,,.,.,,.,.,.,,,.,.,,,,,.,.,.,.,.,,,.,,,,OK,1.0,1.0,0.0,0.0,OK,1.0,1.0,OK,2.0,2.0,.,.,5.0,3.0,3.0,3.0,2.0,,,,,,,,.,,,,,,.,,.,,,,.,,,,,,,,,,,2.0,2.0,2.0,800.0,200.0,8.0,6.0,4.0,3.0,.,.,,,.,.,,.,.,,.,.,.,.,6,.,6,.,0,2.0,uuid:68111280-c898-47fc-9225-ef259ce466f4,,,,,,,,,,1.0,,,,,,29 Apr 2019,2019-04-29,,,,,,1.0,215.0,215.0,615.0,,0.0,,,,,,,,,,,,,,,,N.U.,0.0,0.0,2018-06-12,uuid:9595d4f7-4d81-496d-9752-7ccbf9a5c610,2018-06-12 11:40:05,2018-06-12 12:06:35,"Jun 12, 2018",10:40:00 AM,58210.0,,1.0,,,1.0,1.0,26.0,LULUWA,.,30.0,,1,,1.0,,Kananga,Plateau,1.0,,4.0,,DIBAYA,27,,,,400000.0,80000.0,3,4.0,4.0,2.0,OK,1.0,1.0,0.0,1.0,OK,2.0,1.0,OK,2.0,2.0,.,.,5.0,5.0,3.0,2.0,2.0,2.0,4.0,1.0,2.0,2.0,1.0,4.0,1,,1.0,,8.0,,1,,8,,8.0,,1,,0.0,3.0,1.0,1.0,2.0,1.0,1.0,2.0,4.0,1.0,1.0,2.0,200.0,800.0,6.0,4.0,3.0,2.0,,,,,.,.,,.,.,,.,.,,,6,,1,,0,1.0,uuid:9595d4f7-4d81-496d-9752-7ccbf9a5c610,,,,,,,,,,,,,,,,29 Apr 2019,2019-04-29,,,,,,1.0,,,,445.0,,,0.0,,,,,,,,,,,,,,,0.0
2,3,100,1.0,9.0,12.0,2.0,23.0,4.5,2.0,0.0,6.5,77.0,1,,35.0,1,,2018-04-27,uuid:576d33a5-e205-411e-ae9b-7ad03c97f91b,2018-04-27 11:17:43,2018-04-27 12:04:53,"Apr 27, 2018",11:17:00 AM,,,,89.0,89.0,1.0,1.0,27.0,LUALUA,.,,,2,,0.0,2000.0,Kananga,Tshisambi,1.0,,4.0,,LUIZA,22,,.,.,640000.0,200000.0,3 4,2.0,4.0,5.0,OK,1.0,1.0,0.0,0.0,OK,3.0,3.0,OK,3.0,3.0,11:17:43,11:17:43,3.0,3.0,2.0,3.0,2.0,1.0,2.0,1.0,1.0,1.0,1.0,1.0,1,,1.0,,1.0,,1,,3,,1.0,,1,,0.0,1.0,2.0,4.0,2.0,2.0,3.0,1.0,4.0,1.0,1.0,3.0,600.0,400.0,7.0,6.0,4.0,3.0,0,,1.0,2.0,3,,0.0,,,0.0,,,6,,1,.,1,.,0,1.0,uuid:576d33a5-e205-411e-ae9b-7ad03c97f91b,,,,,,,,,,1.0,,,,,,29 Apr 2019,2019-04-29,,,,,,1.0,78.0,,,,,,,,,,,,,,,,,,,,N.U.,0.0,0.0,2018-04-08,uuid:c58c67f9-c3cb-4834-864e-c775796090a4,2018-04-08 18:11:10,2018-04-08 18:55:29,"Apr 8, 2018",6:11:00 PM,,,,61.0,61.0,1.0,1.0,26.0,LUALUA,,,,1,,1.0,,Katoka,Mpokolo,1.0,,4.0,,DEMBA,15,,,,200000.0,50000.0,3 4,3.0,3.0,6.0,OK,1.0,1.0,1.0,0.0,OK,2.0,2.0,OK,1.0,1.0,18:11:11,18:11:11,3.0,3.0,3.0,3.0,1.0,2.0,2.0,4.0,1.0,2.0,2.0,2.0,1,,1.0,,1.0,,1,,1,,1.0,,1,,0.0,4.0,1.0,1.0,1.0,1.0,2.0,1.0,4.0,2.0,2.0,1.0,900.0,100.0,10.0,9.0,8.0,7.0,0,,0.0,2.0,4,,0.0,.,.,1.0,3,.,4,,1,.,1,.,0,2.0,uuid:c58c67f9-c3cb-4834-864e-c775796090a4,,,,,,.,,,,1.0,,,,,,29 Apr 2019,2019-04-29,,,,,,1.0,35.0,,,,,,,,,,,,,,,,,,,,N.U.,0.0
2,3,115,1.0,6.0,15.0,2.0,23.0,3.0,7.5,0.0,10.5,75.0,1,,55.0,1,,2018-04-27,uuid:79f70fa2-9716-48b2-b4a4-2e51e37617d6,2018-04-27 09:22:45,2018-04-27 10:04:31,"Apr 27, 2018",9:22:00 AM,,,,71.0,71.0,1.0,1.0,23.0,LUALUA,.,,,2,,1.0,,Ngaza,Salongo muimba,0.0,,4.0,,DIBAYA,20,,.,.,50000.0,15000.0,3 6,3.0,3.0,4.0,OK,1.0,1.0,1.0,1.0,OK,3.0,3.0,OK,2.0,2.0,09:22:46,09:22:46,4.0,3.0,1.0,3.0,2.0,1.0,2.0,4.0,2.0,2.0,2.0,1.0,2,,2.0,,1.0,,1,,1,,1.0,,1,,1.0,,2.0,3.0,1.0,1.0,2.0,1.0,4.0,1.0,1.0,2.0,400.0,600.0,6.0,5.0,4.0,3.0,0,,0.0,3.0,4,,1.0,8,,1.0,7,,other,Connaissance familiale avec mon oncle,1,.,,.,0,2.0,uuid:79f70fa2-9716-48b2-b4a4-2e51e37617d6,,,,,,,,,,1.0,,,,,,29 Apr 2019,2019-04-29,,,,,,1.0,75.0,,,,,,,,,,,,,,,,,,,,N.U.,0.0,0.0,2018-04-11,uuid:e4d1925a-67fc-4ce6-a834-24f3e73f41ee,2018-04-11 16:55:43,2018-04-11 17:27:22,"Apr 11, 2018",4:55:00 PM,,,,51.0,51.0,1.0,1.0,29.0,LUALUA,,,,3,,1.0,,Katoka,Mpokolo,1.0,,4.0,,DEMBA,30,,,,100000.0,40000.0,0,0.0,4.0,5.0,OK,1.0,1.0,0.0,0.0,OK,1.0,1.0,OK,1.0,1.0,16:55:45,16:55:45,3.0,3.0,2.0,2.0,2.0,2.0,3.0,1.0,3.0,2.0,1.0,4.0,8,,3.0,,7.0,,2,,1,,2.0,,2,,1.0,,1.0,1.0,3.0,2.0,2.0,2.0,4.0,1.0,1.0,2.0,500.0,500.0,10.0,8.0,5.0,3.0,0,,3.0,3.0,3,,0.0,.,.,0.0,.,.,4,,1,.,1,.,0,1.0,uuid:e4d1925a-67fc-4ce6-a834-24f3e73f41ee,,,,,,.,,,,1.0,,,,,,29 Apr 2019,2019-04-29,,,,,,1.0,55.0,,,,,,,,,,,,,,,,,,,,N.U.,0.0
2,3,125,1.0,6.0,15.0,2.0,23.0,3.0,8.5,1.0,12.5,82.0,1,,96.0,1,,2018-04-30,uuid:45b7e49c-0d35-4963-a969-6c0aec4af364,2018-04-30 09:11:14,2018-04-30 10:09:56,"Apr 30, 2018",9:31:00 AM,,,,108.0,108.0,1.0,1.0,25.0,LUALUA,.,,,12,,0.0,2002.0,Katoka,Kapanda,1.0,,4.0,,KAMONIA,27,,.,.,50000.0,10000.0,3,2.0,4.0,5.0,OK,1.0,1.0,0.0,0.0,OK,2.0,2.0,OK,1.0,1.0,09:11:15,09:11:15,5.0,3.0,3.0,2.0,2.0,1.0,2.0,2.0,3.0,3.0,1.0,2.0,8,,1.0,,8.0,,2,,1,,8.0,,2,,0.0,4.0,2.0,3.0,3.0,1.0,1.0,2.0,4.0,1.0,1.0,1.0,500.0,500.0,5.0,2.0,1.0,0.0,other,Il était là comme stagiaire,0.0,3.0,other,L'université l'avait recommandé d'aller faire son stage à la dgrkoc,0.0,,,0.0,,,9999,,1,.,1,.,0,1.0,uuid:45b7e49c-0d35-4963-a969-6c0aec4af364,,,,,,,,,,1.0,,,,,,29 Apr 2019,2019-04-29,,,,,,1.0,82.0,,,,,,,,,,,,,,,,,,,,N.U.,0.0,0.0,2018-05-21,uuid:1e1a6c9a-d8c0-4d9b-a8ca-0042b29fe7ac,2018-05-21 15:56:17,2018-05-21 16:37:31,"May 21, 2018",3:56:00 PM,,,,117.0,117.0,1.0,1.0,37.0,BINDI,.,,,12,,0.0,1987.0,Kananga,Malandji,1.0,,4.0,,KAZUMBA,25,,.,.,90000.0,21000.0,1 4,1.0,3.0,4.0,OK,1.0,1.0,0.0,1.0,OK,2.0,2.0,OK,1.0,1.0,15:56:17,15:56:17,5.0,5.0,3.0,3.0,2.0,2.0,2.0,3.0,2.0,2.0,2.0,1.0,1,,3.0,,1.0,,1,,3,,1.0,,1,,0.0,4.0,1.0,2.0,2.0,1.0,1.0,2.0,4.0,1.0,1.0,1.0,300.0,700.0,7.0,5.0,3.0,2.0,0,,1.0,0.0,4,,0.0,,,1.0,3,,9999,,1,.,1,.,Il prenez beaucoup de temps pour répondre,2.0,uuid:1e1a6c9a-d8c0-4d9b-a8ca-0042b29fe7ac,,,,,,,,,,1.0,,,,,,29 Apr 2019,2019-04-29,,,,,,1.0,96.0,,,,,,,,,,,,,,,,,,,,N.U.,0.0
2,3,223,1.0,5.0,16.0,2.0,23.0,2.5,8.0,0.0,10.5,101.0,1,,30.0,1,,2018-05-22,uuid:1082dae7-cf9f-46a0-a576-fd49b38ecd0a,2018-05-22 11:27:51,2018-05-22 12:01:36,"May 22, 2018",11:27:00 AM,,,,123.0,123.0,1.0,1.0,22.0,LUALUA,.,,,12,,1.0,,Kananga,Malandji,1.0,,4.0,,DIMBELENGE,4,,.,.,20000.0,5000.0,3,0.0,2.0,3.0,OK,1.0,1.0,0.0,0.0,OK,3.0,3.0,OK,3.0,3.0,11:27:51,11:27:51,3.0,3.0,3.0,3.0,2.0,2.0,3.0,3.0,3.0,3.0,2.0,1.0,8,,8.0,,8.0,,2,,8,,8.0,,2,,0.0,1.0,1.0,1.0,1.0,1.0,1.0,2.0,4.0,1.0,1.0,2.0,1000.0,0.0,6.0,5.0,4.0,3.0,0,,0.0,0.0,4,,0.0,,,0.0,,,9999,,1,.,,.,Il n'a jamais était à la dgrkoc on a juste pris son nom,2.0,uuid:1082dae7-cf9f-46a0-a576-fd49b38ecd0a,,,,,,,,,,1.0,,,,,,29 Apr 2019,2019-04-29,,,,,,1.0,101.0,,,,,,,,,,,,,,,,,,,,N.U.,0.0,0.0,2018-04-08,uuid:45c5446d-07aa-4789-abf8-48dda47b20a4,2018-04-08 13:42:13,,"Apr 8, 2018",1:42:00 PM,,,,21.0,21.0,1.0,1.0,34.0,LUALUA,,,,2,,1.0,,Kanaga,Plateau,1.0,,4.0,,DIBAYA,other,Je travaillais à la Dgrkoc,,,174000.0,50000.0,3 6,4.0,4.0,1.0,OK,1.0,1.0,0.0,1.0,OK,2.0,2.0,OK,2.0,2.0,14:00:42,14:00:42,5.0,3.0,1.0,1.0,2.0,1.0,2.0,2.0,2.0,2.0,1.0,2.0,1,,2.0,,1.0,,2,,8,,1.0,,1,,0.0,4.0,1.0,2.0,2.0,2.0,1.0,1.0,4.0,1.0,1.0,1.0,1000.0,0.0,5.0,4.0,3.0,0.0,0,,1.0,3.0,4,,0.0,.,.,0.0,.,.,9999,,1,.,1,.,Il es tellement sur de ses reponses,1.0,uuid:45c5446d-07aa-4789-abf8-48dda47b20a4,,,,,,.,,,,2.0,,,,,,29 Apr 2019,2019-04-29,,,,,,1.0,30.0,,,,,,,,,,,,,,,,,,,,N.U.,0.0
2,3,239,1.0,6.0,15.0,2.0,23.0,3.0,7.5,0.0,10.5,75.0,1,,55.0,1,,2018-04-27,uuid:79f70fa2-9716-48b2-b4a4-2e51e37617d6,2018-04-27 09:22:45,2018-04-27 10:04:31,"Apr 27, 2018",9:22:00 AM,,,,71.0,71.0,1.0,1.0,23.0,LUALUA,.,,,2,,1.0,,Ngaza,Salongo muimba,0.0,,4.0,,DIBAYA,20,,.,.,50000.0,15000.0,3 6,3.0,3.0,4.0,OK,1.0,1.0,1.0,1.0,OK,3.0,3.0,OK,2.0,2.0,09:22:46,09:22:46,4.0,3.0,1.0,3.0,2.0,1.0,2.0,4.0,2.0,2.0,2.0,1.0,2,,2.0,,1.0,,1,,1,,1.0,,1,,1.0,,2.0,3.0,1.0,1.0,2.0,1.0,4.0,1.0,1.0,2.0,400.0,600.0,6.0,5.0,4.0,3.0,0,,0.0,3.0,4,,1.0,8,,1.0,7,,other,Connaissance familiale avec mon oncle,1,.,,.,0,2.0,uuid:79f70fa2-9716-48b2-b4a4-2e51e37617d6,,,,,,,,,,1.0,,,,,,29 Apr 2019,2019-04-29,,,,,,1.0,75.0,,,,,,,,,,,,,,,,,,,,N.U.,0.0,0.0,2018-04-11,uuid:e4d1925a-67fc-4ce6-a834-24f3e73f41ee,2018-04-11 16:55:43,2018-04-11 17:27:22,"Apr 11, 2018",4:55:00 PM,,,,51.0,51.0,1.0,1.0,29.0,LUALUA,,,,3,,1.0,,Katoka,Mpokolo,1.0,,4.0,,DEMBA,30,,,,100000.0,40000.0,0,0.0,4.0,5.0,OK,1.0,1.0,0.0,0.0,OK,1.0,1.0,OK,1.0,1.0,16:55:45,16:55:45,3.0,3.0,2.0,2.0,2.0,2.0,3.0,1.0,3.0,2.0,1.0,4.0,8,,3.0,,7.0,,2,,1,,2.0,,2,,1.0,,1.0,1.0,3.0,2.0,2.0,2.0,4.0,1.0,1.0,2.0,500.0,500.0,10.0,8.0,5.0,3.0,0,,3.0,3.0,3,,0.0,.,.,0.0,.,.,4,,1,.,1,.,0,1.0,uuid:e4d1925a-67fc-4ce6-a834-24f3e73f41ee,,,,,,.,,,,1.0,,,,,,29 Apr 2019,2019-04-29,,,,,,1.0,55.0,,,,,,,,,,,,,,,,,,,,N.U.,0.0
2,3,328,1.0,6.0,15.0,2.0,23.0,3.0,9.5,1.0,13.5,,1,,13.0,1,,2018-04-13,uuid:8f434b3d-641d-4bbb-87de-7fd7917953c4,2018-04-13 12:38:20,2018-04-13 13:16:39,"Apr 13, 2018",12:38:00 PM,,,,80.0,80.0,1.0,1.0,46.0,LUALUA,,,,3,,0.0,2008.0,Kananga,Kamayi,1.0,,4.0,,DEMBA,18,,,,492000.0,8000.0,3,3.0,4.0,3.0,OK,1.0,1.0,0.0,1.0,OK,1.0,1.0,OK,1.0,1.0,12:38:21,12:38:21,5.0,5.0,1.0,3.0,1.0,1.0,2.0,2.0,2.0,2.0,2.0,2.0,1,,1.0,,1.0,,1,,1,,1.0,,1,,0.0,4.0,1.0,1.0,2.0,1.0,1.0,3.0,4.0,2.0,2.0,3.0,100.0,900.0,10.0,2.0,1.0,0.0,other,Je ne travaille pas à la dgrkoc j'attends la réponse  de ma demande,0.0,0.0,other,Je ne travaille pas encore la bas,0.0,.,.,0.0,.,.,2,,1,.,1,.,0,1.0,uuid:8f434b3d-641d-4bbb-87de-7fd7917953c4,,,,,,.,,,,1.0,,,,,,29 Apr 2019,2019-04-29,,,,,,1.0,66.0,,,,,,,,,,,,,,,,,,,,N.U.,0.0,0.0,2018-04-06,uuid:34057916-aa69-453d-9561-e96e7822c8ac,2018-04-06 16:02:16,2018-04-06 16:33:56,"Apr 6, 2018",4:02:00 PM,,,,30.0,30.0,1.0,1.0,26.0,LUBA,,,Bena muya,12,,1.0,,Kananga,Tshinsambi,1.0,,5.0,,KABEYA-KAMWANGA,17,,,,50000.0,27000.0,3 4,4.0,4.0,3.0,OK,1.0,1.0,1.0,1.0,OK,2.0,2.0,OK,1.0,1.0,16:02:17,16:02:17,3.0,4.0,3.0,3.0,1.0,4.0,3.0,2.0,2.0,2.0,2.0,3.0,1,,2.0,,2.0,,2,,2,,1.0,,2,,1.0,,2.0,3.0,3.0,2.0,2.0,1.0,4.0,1.0,2.0,3.0,600.0,400.0,8.0,5.0,3.0,1.0,0,,2.0,3.0,4,,0.0,.,.,0.0,.,.,9999,,1,.,1,.,0,1.0,uuid:34057916-aa69-453d-9561-e96e7822c8ac,,,,,,.,,,,1.0,,,,,,29 Apr 2019,2019-04-29,,,,,,1.0,13.0,,,,,,,,,,,,,,,,,,,,N.U.,0.0
2,3,336,1.0,6.0,15.0,2.0,23.0,3.0,7.5,0.0,10.5,20.0,1,,98.0,1,,2018-04-06,uuid:7f5744b5-6d02-46a1-9264-de719773f4a9,2018-04-06 19:35:41,2018-04-06 20:17:36,"Apr 6, 2018",7:35:00 PM,,,,15.0,15.0,1.0,1.0,22.0,KUBA,,7.0,,1,,1.0,,Katoka,Mpokolo,1.0,,4.0,,MWEKA,0,,other,Electronicien,150000.0,7500.0,3,8.0,4.0,4.0,OK,1.0,1.0,0.0,1.0,OK,2.0,3.0,OK,2.0,2.0,10:35:42,10:35:42,5.0,3.0,3.0,3.0,1.0,2.0,2.0,4.0,2.0,2.0,2.0,2.0,1,,3.0,,2.0,,2,,2,,2.0,,2,,1.0,,2.0,2.0,2.0,1.0,2.0,3.0,4.0,1.0,1.0,2.0,800.0,200.0,8.0,7.0,5.0,4.0,0,,0.0,6.0,4,,1.0,4,.,0.0,.,.,7,,1,.,1,.,0,2.0,uuid:7f5744b5-6d02-46a1-9264-de719773f4a9,,,,,,.,,,,1.0,,,,,,29 Apr 2019,2019-04-29,,,,,,1.0,20.0,,,,,,,,,,,,,,,,,,,,N.U.,0.0,0.0,2018-05-21,uuid:1f5de587-4605-4f4e-ae53-3d9559cc5bbd,2018-05-21 16:20:35,2018-05-21 17:05:42,"May 21, 2018",4:20:00 PM,,,,119.0,119.0,2.0,1.0,20.0,LUNTU,.,,Bakua tshibasu,3,,0.0,2005.0,Kananga, Malandji,1.0,,4.0,,DIMBELENGE,0,,6,.,150000.0,35000.0,3 4 6,2.0,4.0,3.0,OK,1.0,1.0,1.0,1.0,OK,1.0,1.0,OK,1.0,1.0,16:20:37,16:20:37,3.0,4.0,2.0,3.0,1.0,2.0,4.0,2.0,2.0,4.0,1.0,4.0,2,,3.0,,1.0,,1,,3,,2.0,,1,,0.0,4.0,1.0,1.0,1.0,1.0,1.0,2.0,4.0,1.0,1.0,3.0,900.0,100.0,8.0,6.0,4.0,2.0,0,,0.0,8.0,3,,0.0,,,0.0,,,9999,,6,.,6,.,0,1.0,uuid:1f5de587-4605-4f4e-ae53-3d9559cc5bbd,,,,,,,,,,1.0,,,,,,29 Apr 2019,2019-04-29,,,,,,1.0,98.0,,,,,,,,,,,,,,,,,,,,N.U.,0.0
2,3,350,1.0,6.0,15.0,2.0,23.0,3.0,5.5,0.0,8.5,,1,,13.0,1,,2018-04-13,uuid:8f434b3d-641d-4bbb-87de-7fd7917953c4,2018-04-13 12:38:20,2018-04-13 13:16:39,"Apr 13, 2018",12:38:00 PM,,,,80.0,80.0,1.0,1.0,46.0,LUALUA,,,,3,,0.0,2008.0,Kananga,Kamayi,1.0,,4.0,,DEMBA,18,,,,492000.0,8000.0,3,3.0,4.0,3.0,OK,1.0,1.0,0.0,1.0,OK,1.0,1.0,OK,1.0,1.0,12:38:21,12:38:21,5.0,5.0,1.0,3.0,1.0,1.0,2.0,2.0,2.0,2.0,2.0,2.0,1,,1.0,,1.0,,1,,1,,1.0,,1,,0.0,4.0,1.0,1.0,2.0,1.0,1.0,3.0,4.0,2.0,2.0,3.0,100.0,900.0,10.0,2.0,1.0,0.0,other,Je ne travaille pas à la dgrkoc j'attends la réponse  de ma demande,0.0,0.0,other,Je ne travaille pas encore la bas,0.0,.,.,0.0,.,.,2,,1,.,1,.,0,1.0,uuid:8f434b3d-641d-4bbb-87de-7fd7917953c4,,,,,,.,,,,1.0,,,,,,29 Apr 2019,2019-04-29,,,,,,1.0,66.0,,,,,,,,,,,,,,,,,,,,N.U.,0.0,0.0,2018-04-06,uuid:34057916-aa69-453d-9561-e96e7822c8ac,2018-04-06 16:02:16,2018-04-06 16:33:56,"Apr 6, 2018",4:02:00 PM,,,,30.0,30.0,1.0,1.0,26.0,LUBA,,,Bena muya,12,,1.0,,Kananga,Tshinsambi,1.0,,5.0,,KABEYA-KAMWANGA,17,,,,50000.0,27000.0,3 4,4.0,4.0,3.0,OK,1.0,1.0,1.0,1.0,OK,2.0,2.0,OK,1.0,1.0,16:02:17,16:02:17,3.0,4.0,3.0,3.0,1.0,4.0,3.0,2.0,2.0,2.0,2.0,3.0,1,,2.0,,2.0,,2,,2,,1.0,,2,,1.0,,2.0,3.0,3.0,2.0,2.0,1.0,4.0,1.0,2.0,3.0,600.0,400.0,8.0,5.0,3.0,1.0,0,,2.0,3.0,4,,0.0,.,.,0.0,.,.,9999,,1,.,1,.,0,1.0,uuid:34057916-aa69-453d-9561-e96e7822c8ac,,,,,,.,,,,1.0,,,,,,29 Apr 2019,2019-04-29,,,,,,1.0,13.0,,,,,,,,,,,,,,,,,,,,N.U.,0.0
2,3,355,1.0,6.0,14.0,2.0,22.0,3.0,8.0,1.0,12.0,45.0,1,,14.0,1,,2018-04-10,uuid:71419d38-5b75-458a-bde4-5cb7c5694a6f,2018-04-10 10:32:02,2018-04-10 11:14:13,"Apr 10, 2018",10:32:00 AM,,,,74.0,74.0,1.0,1.0,30.0,LUALUA,,,,3,,1.0,,Kananga,Malandji,1.0,,4.0,,DEMBA,24,,,,250000.0,45000.0,3 4 6,0.0,3.0,3.0,OK,1.0,1.0,1.0,1.0,OK,2.0,2.0,OK,2.0,2.0,10:32:04,10:32:04,5.0,5.0,3.0,3.0,2.0,2.0,2.0,4.0,2.0,2.0,2.0,2.0,2,,2.0,,2.0,,2,,2,,2.0,,2,,0.0,4.0,1.0,1.0,1.0,1.0,1.0,1.0,3.0,1.0,1.0,3.0,600.0,400.0,10.0,5.0,2.0,1.0,0,,0.0,3.0,4,,0.0,.,.,0.0,.,.,9999,,1,.,1,.,0,2.0,uuid:71419d38-5b75-458a-bde4-5cb7c5694a6f,,,,,,.,,,,1.0,,,,,,29 Apr 2019,2019-04-29,,,,,,1.0,45.0,,,,,,,,,,,,,,,,,,,,N.U.,0.0,0.0,2018-04-06,uuid:7396dcd4-a963-40ba-a23e-0b69f6f6f71f,2018-04-06 16:07:18,2018-04-06 16:41:25,"Apr 6, 2018",4:07:00 PM,,,,62.0,62.0,1.0,1.0,49.0,LULUWA,,47.0,,4,,1.0,,Katoka,Kapanda,1.0,,4.0,,KAZUMBA,1,,,,133000.0,37000.0,3 4 6,5.0,4.0,3.0,OK,1.0,1.0,1.0,1.0,OK,1.0,1.0,OK,1.0,1.0,16:11:59,16:11:59,5.0,4.0,3.0,3.0,2.0,3.0,4.0,1.0,2.0,2.0,2.0,4.0,2,,8.0,,2.0,,2,,2,,8.0,,2,,1.0,,2.0,3.0,3.0,1.0,2.0,1.0,5.0,1.0,1.0,2.0,600.0,400.0,10.0,7.0,7.0,7.0,0,,0.0,6.0,2,,1.0,3,.,0.0,.,.,4,,1,.,.,.,0,1.0,uuid:7396dcd4-a963-40ba-a23e-0b69f6f6f71f,,,,,,.,,,,1.0,,,,,,29 Apr 2019,2019-04-29,,,,,,1.0,14.0,,,,,,,,,,,,,,,,1.0,1.0,1.0,1.0,N.U.,0.0
2,3,363,1.0,6.0,15.0,2.0,23.0,3.0,7.5,0.0,10.5,20.0,1,,98.0,1,,2018-04-06,uuid:7f5744b5-6d02-46a1-9264-de719773f4a9,2018-04-06 19:35:41,2018-04-06 20:17:36,"Apr 6, 2018",7:35:00 PM,,,,15.0,15.0,1.0,1.0,22.0,KUBA,,7.0,,1,,1.0,,Katoka,Mpokolo,1.0,,4.0,,MWEKA,0,,other,Electronicien,150000.0,7500.0,3,8.0,4.0,4.0,OK,1.0,1.0,0.0,1.0,OK,2.0,3.0,OK,2.0,2.0,10:35:42,10:35:42,5.0,3.0,3.0,3.0,1.0,2.0,2.0,4.0,2.0,2.0,2.0,2.0,1,,3.0,,2.0,,2,,2,,2.0,,2,,1.0,,2.0,2.0,2.0,1.0,2.0,3.0,4.0,1.0,1.0,2.0,800.0,200.0,8.0,7.0,5.0,4.0,0,,0.0,6.0,4,,1.0,4,.,0.0,.,.,7,,1,.,1,.,0,2.0,uuid:7f5744b5-6d02-46a1-9264-de719773f4a9,,,,,,.,,,,1.0,,,,,,29 Apr 2019,2019-04-29,,,,,,1.0,20.0,,,,,,,,,,,,,,,,,,,,N.U.,0.0,0.0,2018-05-21,uuid:1f5de587-4605-4f4e-ae53-3d9559cc5bbd,2018-05-21 16:20:35,2018-05-21 17:05:42,"May 21, 2018",4:20:00 PM,,,,119.0,119.0,2.0,1.0,20.0,LUNTU,.,,Bakua tshibasu,3,,0.0,2005.0,Kananga, Malandji,1.0,,4.0,,DIMBELENGE,0,,6,.,150000.0,35000.0,3 4 6,2.0,4.0,3.0,OK,1.0,1.0,1.0,1.0,OK,1.0,1.0,OK,1.0,1.0,16:20:37,16:20:37,3.0,4.0,2.0,3.0,1.0,2.0,4.0,2.0,2.0,4.0,1.0,4.0,2,,3.0,,1.0,,1,,3,,2.0,,1,,0.0,4.0,1.0,1.0,1.0,1.0,1.0,2.0,4.0,1.0,1.0,3.0,900.0,100.0,8.0,6.0,4.0,2.0,0,,0.0,8.0,3,,0.0,,,0.0,,,9999,,6,.,6,.,0,1.0,uuid:1f5de587-4605-4f4e-ae53-3d9559cc5bbd,,,,,,,,,,1.0,,,,,,29 Apr 2019,2019-04-29,,,,,,1.0,98.0,,,,,,,,,,,,,,,,,,,,N.U.,0.0
2,3,372,1.0,7.0,14.0,2.0,23.0,3.5,8.0,1.0,12.5,,1,,40.0,1,,2018-04-26,uuid:5ea99866-881e-4d9c-bbb1-8abc8f30a138,2018-04-26 11:31:21,2018-04-26 11:57:46,"Apr 26, 2018",11:31:00 AM,,,,88.0,88.0,1.0,1.0,28.0,LULUWA,.,,Bena biduaya,1,,0.0,2005.0,Katoka,Mpokolo,1.0,,4.0,,KAZUMBA,17,,.,.,81000.0,50000.0,3 4 6,6.0,4.0,5.0,OK,1.0,1.0,0.0,1.0,OK,1.0,1.0,OK,1.0,1.0,11:31:22,11:31:22,3.0,3.0,4.0,3.0,2.0,1.0,2.0,2.0,1.0,1.0,2.0,1.0,2,,2.0,,2.0,,2,,2,,2.0,,2,,0.0,4.0,1.0,3.0,3.0,1.0,2.0,1.0,1.0,1.0,1.0,1.0,500.0,500.0,6.0,5.0,3.0,2.0,0,,0.0,6.0,1,,0.0,,,0.0,,,6,,1,.,1,.,0,1.0,uuid:5ea99866-881e-4d9c-bbb1-8abc8f30a138,,,,,,,,,,1.0,,,,,,29 Apr 2019,2019-04-29,,,,,,1.0,74.0,,,,,,,,,,,,,,,,,,,,N.U.,0.0,0.0,2018-04-09,uuid:aec0d3d4-6f39-4538-aedf-450445470e96,2018-04-09 13:43:16,2018-04-09 14:25:04,"Apr 9, 2018",1:43:00 PM,,,,67.0,67.0,1.0,1.0,44.0,LULUWA,,,Bakua mbayi,3,,1.0,,Katoka,Kele kele,1.0,,4.0,,DEMBA,17,,,,200000.0,35000.0,4,4.0,4.0,3.0,OK,1.0,1.0,1.0,1.0,OK,1.0,1.0,OK,1.0,1.0,13:43:17,13:43:17,4.0,3.0,3.0,3.0,2.0,1.0,3.0,1.0,2.0,2.0,1.0,4.0,1,,1.0,,1.0,,1,,1,,1.0,,1,,0.0,4.0,1.0,3.0,3.0,3.0,1.0,1.0,3.0,1.0,3.0,3.0,1000.0,0.0,10.0,6.0,5.0,4.0,0,,10.0,0.0,3,,0.0,.,.,0.0,.,.,4,,1,.,1,.,0,1.0,uuid:aec0d3d4-6f39-4538-aedf-450445470e96,,,,,,.,,,,2.0,,,,,,29 Apr 2019,2019-04-29,,,,,,1.0,40.0,,,,,,,,,,,,,,,,,,,,N.U.,0.0
2,3,373,1.0,7.0,14.0,2.0,23.0,3.5,6.0,0.0,9.5,,1,,40.0,1,,2018-04-26,uuid:5ea99866-881e-4d9c-bbb1-8abc8f30a138,2018-04-26 11:31:21,2018-04-26 11:57:46,"Apr 26, 2018",11:31:00 AM,,,,88.0,88.0,1.0,1.0,28.0,LULUWA,.,,Bena biduaya,1,,0.0,2005.0,Katoka,Mpokolo,1.0,,4.0,,KAZUMBA,17,,.,.,81000.0,50000.0,3 4 6,6.0,4.0,5.0,OK,1.0,1.0,0.0,1.0,OK,1.0,1.0,OK,1.0,1.0,11:31:22,11:31:22,3.0,3.0,4.0,3.0,2.0,1.0,2.0,2.0,1.0,1.0,2.0,1.0,2,,2.0,,2.0,,2,,2,,2.0,,2,,0.0,4.0,1.0,3.0,3.0,1.0,2.0,1.0,1.0,1.0,1.0,1.0,500.0,500.0,6.0,5.0,3.0,2.0,0,,0.0,6.0,1,,0.0,,,0.0,,,6,,1,.,1,.,0,1.0,uuid:5ea99866-881e-4d9c-bbb1-8abc8f30a138,,,,,,,,,,1.0,,,,,,29 Apr 2019,2019-04-29,,,,,,1.0,74.0,,,,,,,,,,,,,,,,,,,,N.U.,0.0,0.0,2018-04-09,uuid:aec0d3d4-6f39-4538-aedf-450445470e96,2018-04-09 13:43:16,2018-04-09 14:25:04,"Apr 9, 2018",1:43:00 PM,,,,67.0,67.0,1.0,1.0,44.0,LULUWA,,,Bakua mbayi,3,,1.0,,Katoka,Kele kele,1.0,,4.0,,DEMBA,17,,,,200000.0,35000.0,4,4.0,4.0,3.0,OK,1.0,1.0,1.0,1.0,OK,1.0,1.0,OK,1.0,1.0,13:43:17,13:43:17,4.0,3.0,3.0,3.0,2.0,1.0,3.0,1.0,2.0,2.0,1.0,4.0,1,,1.0,,1.0,,1,,1,,1.0,,1,,0.0,4.0,1.0,3.0,3.0,3.0,1.0,1.0,3.0,1.0,3.0,3.0,1000.0,0.0,10.0,6.0,5.0,4.0,0,,10.0,0.0,3,,0.0,.,.,0.0,.,.,4,,1,.,1,.,0,1.0,uuid:aec0d3d4-6f39-4538-aedf-450445470e96,,,,,,.,,,,2.0,,,,,,29 Apr 2019,2019-04-29,,,,,,1.0,40.0,,,,,,,,,,,,,,,,,,,,N.U.,0.0
2,3,502,1.0,8.0,12.0,2.0,22.0,4.0,6.0,0.0,10.0,22.0,1,,,1,,2018-04-06,uuid:df9cdea1-b392-40b8-9d3b-f3bde0ead25a,2018-04-06 20:59:45,2018-04-06 21:35:48,"Apr 6, 2018",8:59:00 PM,,,,19.0,19.0,2.0,1.0,30.0,LUALUA,,,,8,,0.0,2008.0,Katoka,Mpokolo,1.0,,4.0,,LUIZA,17,,,,480000.0,40000.0,3,3.0,3.0,6.0,OK,1.0,1.0,1.0,1.0,OK,1.0,2.0,OK,2.0,3.0,11:59:47,11:59:47,3.0,3.0,3.0,3.0,2.0,1.0,1.0,1.0,1.0,2.0,3.0,4.0,2,,2.0,,2.0,,2,,2,,2.0,,2,,1.0,,2.0,2.0,2.0,2.0,1.0,1.0,7.0,2.0,1.0,3.0,100.0,900.0,7.0,5.0,3.0,2.0,0,,2.0,3.0,4,,0.0,.,.,1.0,8,.,4,,1,.,1,.,0,1.0,uuid:df9cdea1-b392-40b8-9d3b-f3bde0ead25a,,,,,,.,,,,1.0,,,,,,29 Apr 2019,2019-04-29,,,,,,1.0,22.0,,,,,,,,,,,,,,,,,,,,N.U.,0.0,0.0,2018-05-22,uuid:5899215c-83da-4387-8f64-aced73d64df5,2018-05-22 14:14:37,2018-05-22 15:06:40,"May 22, 2018",2:14:00 PM,,,,125.0,125.0,1.0,1.0,31.0,BINDI,.,,,3,,0.0,2009.0,Kananga,Tshisambi,1.0,,4.0,,KAZUMBA,9,,.,.,40000.0,5000.0,1 3 4 5,1.0,4.0,5.0,OK,1.0,0.0,0.0,0.0,OK,3.0,3.0,OK,2.0,2.0,14:14:38,14:14:38,4.0,3.0,1.0,2.0,1.0,2.0,4.0,2.0,2.0,2.0,2.0,3.0,1,,2.0,,2.0,,2,,3,,1.0,,2,,1.0,,1.0,1.0,1.0,1.0,1.0,3.0,1.0,1.0,1.0,3.0,900.0,100.0,8.0,5.0,4.0,2.0,0,,0.0,0.0,2,,0.0,,,0.0,,,6,,1,.,1,.,Il fallait beaucoup expliquer afin qu il comprenne si non il ne comprenait pas.,1.0,uuid:5899215c-83da-4387-8f64-aced73d64df5,,,,,,,,,,1.0,,,,,,29 Apr 2019,2019-04-29,,,,,,1.0,103.0,,,,,,,,,,,,,,,,,,,,N.U.,0.0
2,3,511,1.0,6.0,15.0,2.0,23.0,3.0,6.5,0.0,9.5,58.0,1,,71.0,1,,2018-04-12,uuid:d59ceed2-2c19-47a0-886d-0144d0fc3516,2018-04-12 09:52:58,2018-04-12 10:40:32,"Apr 12, 2018",9:53:00 AM,,,,65.0,65.0,1.0,1.0,29.0,LUALUA,,,,12,,1.0,,Kananga,Kami Athène,1.0,,4.0,,DIBAYA,9,,,,330000.0,14000.0,3 4,0.0,4.0,3.0,OK,1.0,1.0,0.0,1.0,OK,1.0,1.0,OK,1.0,1.0,09:53:00,09:53:00,3.0,3.0,3.0,3.0,2.0,1.0,1.0,1.0,1.0,1.0,1.0,1.0,1,,2.0,,8.0,,2,,other,,2.0,,2,,0.0,2.0,1.0,1.0,1.0,1.0,1.0,2.0,3.0,1.0,1.0,3.0,1000.0,0.0,10.0,7.0,6.0,5.0,0,,0.0,0.0,4,,0.0,.,.,0.0,.,.,9999,,1,.,1,.,Il est sincère,1.0,uuid:d59ceed2-2c19-47a0-886d-0144d0fc3516,,,,,,.,,,,2.0,,,,,,29 Apr 2019,2019-04-29,,,,,,1.0,58.0,,,,,,,,,,,,,,,,,,,,N.U.,0.0,0.0,2018-04-26,uuid:2120a121-51d0-4386-bd4a-6fd6abcd95be,2018-04-26 09:13:31,2018-04-26 09:52:34,"Apr 26, 2018",9:13:00 AM,,,,85.0,85.0,1.0,1.0,38.0,LUALUA,.,,,12,,0.0,1985.0,Katoka,Kapanda,1.0,,4.0,,KAZUMBA,4,,.,.,160000.0,38000.0,3,2.0,4.0,4.0,OK,1.0,1.0,0.0,1.0,OK,3.0,3.0,OK,2.0,2.0,09:13:32,09:13:32,5.0,5.0,1.0,3.0,2.0,1.0,1.0,2.0,2.0,2.0,2.0,2.0,3,,3.0,,3.0,,2,,3,,2.0,,3,,0.0,1.0,2.0,2.0,2.0,1.0,1.0,1.0,4.0,1.0,1.0,3.0,600.0,400.0,10.0,8.0,6.0,5.0,0,,2.0,3.0,2,,0.0,,,0.0,,,other,"Un pasteur qui n'est pas de mon eglise , on travaillé avec lui a la campagne  ",1,.,1,.,0,1.0,uuid:2120a121-51d0-4386-bd4a-6fd6abcd95be,,,,,,,,,,1.0,,,,,,29 Apr 2019,2019-04-29,,,,,,1.0,71.0,,,,,,,,,,,,,,,,,,,,N.U.,0.0
2,3,516,1.0,5.0,16.0,2.0,23.0,2.5,9.0,1.0,12.5,83.0,1,,56.0,1,,2018-04-30,uuid:c0bb8a71-f4a8-4868-b813-895359d250d4,2018-04-30 10:11:52,2018-04-30 11:02:05,"Apr 30, 2018",10:12:00 AM,,,,109.0,109.0,1.0,1.0,23.0,LUALUA,.,,,12,,0.0,2006.0,Katoka,Kele kele,1.0,,4.0,,KAZUMBA,0,,9,.,55000.0,35000.0,0,0.0,4.0,4.0,OK,1.0,1.0,0.0,1.0,OK,3.0,3.0,OK,3.0,3.0,10:11:53,10:11:53,3.0,3.0,3.0,3.0,1.0,1.0,2.0,1.0,2.0,2.0,1.0,2.0,3,,3.0,,3.0,,7,,3,,3.0,,3,,0.0,1.0,1.0,1.0,3.0,1.0,1.0,1.0,4.0,1.0,1.0,1.0,400.0,600.0,10.0,5.0,4.0,3.0,0,,2.0,0.0,3,,1.0,3,,1.0,8,,6,,1,.,,.,0,1.0,uuid:c0bb8a71-f4a8-4868-b813-895359d250d4,,,,,,,,,,1.0,,,,,,29 Apr 2019,2019-04-29,,,,,,1.0,83.0,,,,,,,,,,,,,,,,,,,,N.U.,0.0,0.0,2018-04-12,uuid:fff3a015-3067-40ab-b13b-c7798491c5d3,2018-04-12 09:12:15,2018-04-12 09:52:35,"Apr 12, 2018",9:12:00 AM,,,,66.0,66.0,1.0,1.0,26.0,LUALUA,,,,3,,1.0,,Kananga,Malandji,1.0,,4.0,,DIBAYA,0,,0,,10000.0,1000.0,3 4 5,1.0,4.0,4.0,OK,1.0,1.0,0.0,0.0,OK,1.0,1.0,OK,3.0,3.0,09:12:17,09:12:17,3.0,3.0,3.0,3.0,1.0,2.0,2.0,1.0,2.0,2.0,1.0,1.0,2,,2.0,,8.0,,2,,2,,8.0,,2,,1.0,,1.0,1.0,1.0,1.0,1.0,4.0,1.0,1.0,1.0,2.0,700.0,300.0,10.0,7.0,6.0,4.0,0,,0.0,1.0,4,,0.0,.,.,0.0,.,.,9999,,1,.,1,.,0,1.0,uuid:fff3a015-3067-40ab-b13b-c7798491c5d3,,,,,,.,,,,1.0,,,,,,29 Apr 2019,2019-04-29,,,,,,1.0,56.0,,,,,,,,,,,,,,,,,,,,N.U.,0.0
2,3,523,1.0,6.0,15.0,2.0,23.0,3.0,9.5,1.0,13.5,90.0,1,,47.0,1,,2018-05-21,uuid:acd7c7e6-9c34-4730-b887-ee35efc0720b,2018-05-21 13:22:42,2018-05-21 13:54:52,"May 21, 2018",1:24:00 PM,,,,111.0,111.0,1.0,1.0,23.0,LUALUA,.,,,1,,1.0,,Katoka,Mpokolo,1.0,,4.0,,DIBAYA,4,,.,.,250000.0,3000.0,0,3.0,2.0,2.0,OK,1.0,0.0,1.0,0.0,OK,2.0,2.0,OK,2.0,2.0,13:22:42,13:22:42,5.0,5.0,3.0,3.0,2.0,2.0,2.0,2.0,2.0,2.0,2.0,3.0,8,,2.0,,1.0,,1,,1,,8.0,,2,,0.0,1.0,3.0,2.0,1.0,1.0,1.0,2.0,4.0,3.0,2.0,2.0,600.0,400.0,5.0,2.0,1.0,0.0,0,,0.0,1.0,2,,1.0,3,,1.0,other,Beau frère,9999,,1,.,1,.,0,2.0,uuid:acd7c7e6-9c34-4730-b887-ee35efc0720b,,,,,,,,,,1.0,,,,,,29 Apr 2019,2019-04-29,,,,,,1.0,90.0,,,,,,,,,,,,,,,,,,,,N.U.,0.0,0.0,2018-04-10,uuid:4942c4c4-3b67-43bf-bc9e-29de8c2ed36a,2018-04-10 12:00:15,2018-04-10 12:45:42,"Apr 10, 2018",12:00:00 PM,,,,32.0,32.0,1.0,1.0,26.0,LUALUA,,,,3,,1.0,,Kananga,Industrielle,1.0,,4.0,,KAZUMBA,27,,,,120000.0,30000.0,3 4 5,5.0,4.0,5.0,OK,1.0,1.0,0.0,0.0,OK,2.0,2.0,OK,1.0,1.0,12:00:17,12:00:17,3.0,4.0,4.0,3.0,1.0,1.0,3.0,1.0,2.0,2.0,2.0,2.0,2,,1.0,,4.0,,2,,2,,2.0,,2,,1.0,,3.0,3.0,4.0,1.0,1.0,2.0,2.0,1.0,1.0,2.0,300.0,700.0,8.0,5.0,3.0,2.0,0,,0.0,3.0,1,,0.0,.,.,0.0,.,.,other,Un frère qui n'est pas de mon église,1,.,1,.,Une personne honnête.,1.0,uuid:4942c4c4-3b67-43bf-bc9e-29de8c2ed36a,,,,,,.,,,,2.0,,,,,,29 Apr 2019,2019-04-29,,,,,,1.0,47.0,,,,,,,,,,,,,,,,,,,,N.U.,0.0
2,3,529,1.0,6.0,15.0,2.0,23.0,3.0,9.5,1.0,13.5,37.0,1,,9.0,1,,2018-04-09,uuid:a65038b1-c402-4bcb-8786-436f431c5ee7,2018-04-09 10:52:39,2018-04-09 11:21:29,"Apr 9, 2018",10:53:00 AM,,,,75.0,75.0,1.0,1.0,21.0,LULUWA,,,Tshialu mukombo,3,,0.0,2010.0,Katoka,Mpokolo,1.0,,4.0,,KAZUMBA,0,,other,Prise en charge familiale,0.0,0.0,0,8.0,3.0,6.0,OK,1.0,0.0,1.0,0.0,OK,2.0,3.0,OK,1.0,1.0,10:52:40,10:52:40,3.0,3.0,4.0,3.0,2.0,1.0,4.0,1.0,2.0,4.0,1.0,4.0,3,,2.0,,1.0,,2,,3,,1.0,,1,,0.0,4.0,1.0,3.0,3.0,3.0,3.0,1.0,4.0,1.0,1.0,2.0,0.0,0.0,8.0,5.0,5.0,3.0,0,,0.0,1.0,4,,0.0,.,.,0.0,.,.,4,,1,.,5,.,0,1.0,uuid:a65038b1-c402-4bcb-8786-436f431c5ee7,,,,,,.,,,,1.0,,,,,,29 Apr 2019,2019-04-29,,,,,,1.0,37.0,,,,,,,,,,,,,,,,1.0,,,1.0,N.U.,0.0,0.0,2018-04-06,uuid:ded3e597-b17f-46a1-8df5-253e81cb6f37,2018-04-06 11:58:06,,"Apr 6, 2018",11:58:00 AM,,,,18.0,18.0,1.0,1.0,30.0,LULUWA,,,Bena diulu,3,,1.0,,Lukonga,Dikongayi,,,4.0,,DEMBA,27,,,,100000.0,50000.0,4,7.0,4.0,5.0,OK,1.0,1.0,1.0,1.0,OK,1.0,2.0,OK,1.0,1.0,11:58:08,11:58:08,3.0,3.0,3.0,3.0,2.0,1.0,1.0,1.0,1.0,2.0,2.0,2.0,1,,1.0,,1.0,,1,,1,,1.0,,1,,0.0,1.0,3.0,2.0,3.0,3.0,2.0,3.0,1.0,1.0,1.0,2.0,800.0,200.0,10.0,8.0,7.0,5.0,0,,1.0,6.0,3,,1.0,3,.,0.0,.,.,2,,1,.,5,.,0,1.0,uuid:ded3e597-b17f-46a1-8df5-253e81cb6f37,,,,,,.,,,,1.0,,,,,,29 Apr 2019,2019-04-29,,,,,,1.0,9.0,,,,,,,,,,,,,,,,,,,,N.U.,0.0
2,3,531,1.0,5.0,16.0,2.0,23.0,2.5,8.0,0.0,10.5,8.0,1,,,1,,2018-04-06,uuid:aca9f25e-94bb-4487-9f79-b397ed39edb8,2018-04-06 11:11:02,,"Apr 6, 2018",11:11:00 AM,,,,13.0,13.0,1.0,1.0,32.0,LULUWA,,,Bakua mbuyi,2,,1.0,,Ndesha,Lubuwa,1.0,,4.0,,DEMBA,17,,,,96000.0,250000.0,3 4,5.0,4.0,3.0,OK,1.0,0.0,0.0,1.0,OK,1.0,2.0,OK,1.0,1.0,11:11:03,11:11:03,3.0,3.0,2.0,3.0,1.0,1.0,1.0,1.0,1.0,2.0,1.0,1.0,1,,3.0,,3.0,,1,,3,,3.0,,3,,0.0,1.0,1.0,3.0,2.0,2.0,2.0,1.0,3.0,2.0,2.0,2.0,900.0,100.0,7.0,5.0,4.0,3.0,0,,1.0,0.0,3,,0.0,.,.,0.0,.,.,9999,,1,.,1,.,0,1.0,uuid:aca9f25e-94bb-4487-9f79-b397ed39edb8,,,,,,.,,,,1.0,,,,,,29 Apr 2019,2019-04-29,,,,,,1.0,8.0,,,,,,,,,,,,,,,,,,,,N.U.,0.0,0.0,2018-04-08,uuid:db5f1993-b5c1-4a20-8a63-1322ef5cc1c6,2018-04-08 09:50:41,2018-04-08 10:38:25,"Apr 8, 2018",8:09:00 AM,,,,1.0,1.0,1.0,1.0,38.0,KETE,,,,12,,0.0,2012.0,Katoka,Pokolo,1.0,,4.0,,TSHIKAPA,other,Il travaillait à la dgrkoc,,,90000.0,21000.0,3,2.0,4.0,3.0,OK,1.0,1.0,0.0,1.0,OK,2.0,2.0,OK,1.0,2.0,09:50:42,09:50:42,5.0,2.0,3.0,3.0,1.0,2.0,3.0,2.0,2.0,1.0,1.0,2.0,1,,2.0,,1.0,,2,,1,,1.0,,1,,1.0,,1.0,1.0,1.0,1.0,1.0,2.0,2.0,1.0,1.0,1.0,750.0,250.0,10.0,9.0,8.0,7.0,3,,1.0,3.0,4,,0.0,.,.,0.0,.,.,9999,,1,.,1,.,0,1.0,uuid:db5f1993-b5c1-4a20-8a63-1322ef5cc1c6,,,,,,.,,,,1.0,,,,,,29 Apr 2019,2019-04-29,,,,,,1.0,25.0,,,,,,,,,,,,,,,,,,,,C.B. a.i.,0.0
2,3,548,1.0,4.0,16.0,2.0,22.0,2.0,8.0,0.0,10.0,18.0,1,,44.0,1,,2018-04-06,uuid:c5ca5212-b840-4a26-8c33-88a33844849b,2018-04-06 18:14:32,2018-04-06 18:52:46,"Apr 6, 2018",6:14:00 PM,,,,35.0,35.0,1.0,1.0,46.0,LUNTU,,52.0,,12,,0.0,1996.0,Kananga,Plateau,1.0,,4.0,,DIMBELENGE,30,,,,150000.0,35000.0,3,2.0,3.0,6.0,OK,1.0,0.0,0.0,1.0,OK,1.0,2.0,OK,1.0,2.0,09:14:33,09:14:33,5.0,5.0,3.0,3.0,2.0,2.0,2.0,2.0,2.0,2.0,2.0,4.0,1,,1.0,,1.0,,1,,1,,1.0,,2,,1.0,,3.0,3.0,3.0,3.0,1.0,1.0,4.0,1.0,1.0,3.0,800.0,200.0,7.0,5.0,4.0,3.0,0,,0.0,4.0,2,,1.0,9,.,0.0,.,.,other,Aucun,1,.,1,.,0,1.0,uuid:c5ca5212-b840-4a26-8c33-88a33844849b,,,,,,.,,,,1.0,,,,,,29 Apr 2019,2019-04-29,,,,,,1.0,18.0,,,,,,,,,,,,,,,,,,,,N.U.,0.0,0.0,2018-04-09,uuid:b39f302d-1342-4bac-adef-e38adf37aa39,2018-04-09 19:28:58,2018-04-09 19:59:15,"Apr 9, 2018",7:29:00 PM,,,,22.0,22.0,1.0,1.0,24.0,LULUWA,,44.0,,12,,1.0,,Kananga,Plateau,0.0,,4.0,,DIBAYA,27,,,,560000.0,120000.0,1 3 4 5 6,6.0,4.0,5.0,OK,1.0,1.0,1.0,1.0,OK,2.0,2.0,OK,1.0,1.0,10:29:00,10:29:00,5.0,5.0,2.0,3.0,1.0,2.0,4.0,2.0,2.0,2.0,2.0,2.0,2,,2.0,,2.0,,2,,3,,2.0,,2,,0.0,4.0,2.0,2.0,2.0,2.0,2.0,1.0,4.0,1.0,1.0,2.0,500.0,500.0,7.0,5.0,4.0,2.0,0,,0.0,4.0,1,,0.0,.,.,1.0,8,.,2,,1,.,.,.,0,1.0,uuid:b39f302d-1342-4bac-adef-e38adf37aa39,,,,,,.,,,,2.0,,,,,,29 Apr 2019,2019-04-29,,,,,,1.0,44.0,,,,,,,,,,,,,,,,,,,,N.U.,0.0
2,3,549,1.0,6.0,15.0,2.0,23.0,3.0,6.5,0.0,9.5,82.0,1,,96.0,1,,2018-04-30,uuid:45b7e49c-0d35-4963-a969-6c0aec4af364,2018-04-30 09:11:14,2018-04-30 10:09:56,"Apr 30, 2018",9:31:00 AM,,,,108.0,108.0,1.0,1.0,25.0,LUALUA,.,,,12,,0.0,2002.0,Katoka,Kapanda,1.0,,4.0,,KAMONIA,27,,.,.,50000.0,10000.0,3,2.0,4.0,5.0,OK,1.0,1.0,0.0,0.0,OK,2.0,2.0,OK,1.0,1.0,09:11:15,09:11:15,5.0,3.0,3.0,2.0,2.0,1.0,2.0,2.0,3.0,3.0,1.0,2.0,8,,1.0,,8.0,,2,,1,,8.0,,2,,0.0,4.0,2.0,3.0,3.0,1.0,1.0,2.0,4.0,1.0,1.0,1.0,500.0,500.0,5.0,2.0,1.0,0.0,other,Il était là comme stagiaire,0.0,3.0,other,L'université l'avait recommandé d'aller faire son stage à la dgrkoc,0.0,,,0.0,,,9999,,1,.,1,.,0,1.0,uuid:45b7e49c-0d35-4963-a969-6c0aec4af364,,,,,,,,,,1.0,,,,,,29 Apr 2019,2019-04-29,,,,,,1.0,82.0,,,,,,,,,,,,,,,,,,,,N.U.,0.0,0.0,2018-05-21,uuid:1e1a6c9a-d8c0-4d9b-a8ca-0042b29fe7ac,2018-05-21 15:56:17,2018-05-21 16:37:31,"May 21, 2018",3:56:00 PM,,,,117.0,117.0,1.0,1.0,37.0,BINDI,.,,,12,,0.0,1987.0,Kananga,Malandji,1.0,,4.0,,KAZUMBA,25,,.,.,90000.0,21000.0,1 4,1.0,3.0,4.0,OK,1.0,1.0,0.0,1.0,OK,2.0,2.0,OK,1.0,1.0,15:56:17,15:56:17,5.0,5.0,3.0,3.0,2.0,2.0,2.0,3.0,2.0,2.0,2.0,1.0,1,,3.0,,1.0,,1,,3,,1.0,,1,,0.0,4.0,1.0,2.0,2.0,1.0,1.0,2.0,4.0,1.0,1.0,1.0,300.0,700.0,7.0,5.0,3.0,2.0,0,,1.0,0.0,4,,0.0,,,1.0,3,,9999,,1,.,1,.,Il prenez beaucoup de temps pour répondre,2.0,uuid:1e1a6c9a-d8c0-4d9b-a8ca-0042b29fe7ac,,,,,,,,,,1.0,,,,,,29 Apr 2019,2019-04-29,,,,,,1.0,96.0,,,,,,,,,,,,,,,,,,,,N.U.,0.0
2,3,550,1.0,5.0,16.0,2.0,23.0,2.5,7.0,0.0,9.5,83.0,1,,56.0,1,,2018-04-30,uuid:c0bb8a71-f4a8-4868-b813-895359d250d4,2018-04-30 10:11:52,2018-04-30 11:02:05,"Apr 30, 2018",10:12:00 AM,,,,109.0,109.0,1.0,1.0,23.0,LUALUA,.,,,12,,0.0,2006.0,Katoka,Kele kele,1.0,,4.0,,KAZUMBA,0,,9,.,55000.0,35000.0,0,0.0,4.0,4.0,OK,1.0,1.0,0.0,1.0,OK,3.0,3.0,OK,3.0,3.0,10:11:53,10:11:53,3.0,3.0,3.0,3.0,1.0,1.0,2.0,1.0,2.0,2.0,1.0,2.0,3,,3.0,,3.0,,7,,3,,3.0,,3,,0.0,1.0,1.0,1.0,3.0,1.0,1.0,1.0,4.0,1.0,1.0,1.0,400.0,600.0,10.0,5.0,4.0,3.0,0,,2.0,0.0,3,,1.0,3,,1.0,8,,6,,1,.,,.,0,1.0,uuid:c0bb8a71-f4a8-4868-b813-895359d250d4,,,,,,,,,,1.0,,,,,,29 Apr 2019,2019-04-29,,,,,,1.0,83.0,,,,,,,,,,,,,,,,,,,,N.U.,0.0,0.0,2018-04-12,uuid:fff3a015-3067-40ab-b13b-c7798491c5d3,2018-04-12 09:12:15,2018-04-12 09:52:35,"Apr 12, 2018",9:12:00 AM,,,,66.0,66.0,1.0,1.0,26.0,LUALUA,,,,3,,1.0,,Kananga,Malandji,1.0,,4.0,,DIBAYA,0,,0,,10000.0,1000.0,3 4 5,1.0,4.0,4.0,OK,1.0,1.0,0.0,0.0,OK,1.0,1.0,OK,3.0,3.0,09:12:17,09:12:17,3.0,3.0,3.0,3.0,1.0,2.0,2.0,1.0,2.0,2.0,1.0,1.0,2,,2.0,,8.0,,2,,2,,8.0,,2,,1.0,,1.0,1.0,1.0,1.0,1.0,4.0,1.0,1.0,1.0,2.0,700.0,300.0,10.0,7.0,6.0,4.0,0,,0.0,1.0,4,,0.0,.,.,0.0,.,.,9999,,1,.,1,.,0,1.0,uuid:fff3a015-3067-40ab-b13b-c7798491c5d3,,,,,,.,,,,1.0,,,,,,29 Apr 2019,2019-04-29,,,,,,1.0,56.0,,,,,,,,,,,,,,,,,,,,N.U.,0.0
2,3,555,1.0,4.0,16.0,2.0,22.0,2.0,8.0,0.0,10.0,18.0,1,,44.0,1,,2018-04-06,uuid:c5ca5212-b840-4a26-8c33-88a33844849b,2018-04-06 18:14:32,2018-04-06 18:52:46,"Apr 6, 2018",6:14:00 PM,,,,35.0,35.0,1.0,1.0,46.0,LUNTU,,52.0,,12,,0.0,1996.0,Kananga,Plateau,1.0,,4.0,,DIMBELENGE,30,,,,150000.0,35000.0,3,2.0,3.0,6.0,OK,1.0,0.0,0.0,1.0,OK,1.0,2.0,OK,1.0,2.0,09:14:33,09:14:33,5.0,5.0,3.0,3.0,2.0,2.0,2.0,2.0,2.0,2.0,2.0,4.0,1,,1.0,,1.0,,1,,1,,1.0,,2,,1.0,,3.0,3.0,3.0,3.0,1.0,1.0,4.0,1.0,1.0,3.0,800.0,200.0,7.0,5.0,4.0,3.0,0,,0.0,4.0,2,,1.0,9,.,0.0,.,.,other,Aucun,1,.,1,.,0,1.0,uuid:c5ca5212-b840-4a26-8c33-88a33844849b,,,,,,.,,,,1.0,,,,,,29 Apr 2019,2019-04-29,,,,,,1.0,18.0,,,,,,,,,,,,,,,,,,,,N.U.,0.0,0.0,2018-04-09,uuid:b39f302d-1342-4bac-adef-e38adf37aa39,2018-04-09 19:28:58,2018-04-09 19:59:15,"Apr 9, 2018",7:29:00 PM,,,,22.0,22.0,1.0,1.0,24.0,LULUWA,,44.0,,12,,1.0,,Kananga,Plateau,0.0,,4.0,,DIBAYA,27,,,,560000.0,120000.0,1 3 4 5 6,6.0,4.0,5.0,OK,1.0,1.0,1.0,1.0,OK,2.0,2.0,OK,1.0,1.0,10:29:00,10:29:00,5.0,5.0,2.0,3.0,1.0,2.0,4.0,2.0,2.0,2.0,2.0,2.0,2,,2.0,,2.0,,2,,3,,2.0,,2,,0.0,4.0,2.0,2.0,2.0,2.0,2.0,1.0,4.0,1.0,1.0,2.0,500.0,500.0,7.0,5.0,4.0,2.0,0,,0.0,4.0,1,,0.0,.,.,1.0,8,.,2,,1,.,.,.,0,1.0,uuid:b39f302d-1342-4bac-adef-e38adf37aa39,,,,,,.,,,,2.0,,,,,,29 Apr 2019,2019-04-29,,,,,,1.0,44.0,,,,,,,,,,,,,,,,,,,,N.U.,0.0
2,3,579,1.0,6.0,14.0,2.0,22.0,3.0,6.0,0.0,9.0,45.0,1,,14.0,1,,2018-04-10,uuid:71419d38-5b75-458a-bde4-5cb7c5694a6f,2018-04-10 10:32:02,2018-04-10 11:14:13,"Apr 10, 2018",10:32:00 AM,,,,74.0,74.0,1.0,1.0,30.0,LUALUA,,,,3,,1.0,,Kananga,Malandji,1.0,,4.0,,DEMBA,24,,,,250000.0,45000.0,3 4 6,0.0,3.0,3.0,OK,1.0,1.0,1.0,1.0,OK,2.0,2.0,OK,2.0,2.0,10:32:04,10:32:04,5.0,5.0,3.0,3.0,2.0,2.0,2.0,4.0,2.0,2.0,2.0,2.0,2,,2.0,,2.0,,2,,2,,2.0,,2,,0.0,4.0,1.0,1.0,1.0,1.0,1.0,1.0,3.0,1.0,1.0,3.0,600.0,400.0,10.0,5.0,2.0,1.0,0,,0.0,3.0,4,,0.0,.,.,0.0,.,.,9999,,1,.,1,.,0,2.0,uuid:71419d38-5b75-458a-bde4-5cb7c5694a6f,,,,,,.,,,,1.0,,,,,,29 Apr 2019,2019-04-29,,,,,,1.0,45.0,,,,,,,,,,,,,,,,,,,,N.U.,0.0,0.0,2018-04-06,uuid:7396dcd4-a963-40ba-a23e-0b69f6f6f71f,2018-04-06 16:07:18,2018-04-06 16:41:25,"Apr 6, 2018",4:07:00 PM,,,,62.0,62.0,1.0,1.0,49.0,LULUWA,,47.0,,4,,1.0,,Katoka,Kapanda,1.0,,4.0,,KAZUMBA,1,,,,133000.0,37000.0,3 4 6,5.0,4.0,3.0,OK,1.0,1.0,1.0,1.0,OK,1.0,1.0,OK,1.0,1.0,16:11:59,16:11:59,5.0,4.0,3.0,3.0,2.0,3.0,4.0,1.0,2.0,2.0,2.0,4.0,2,,8.0,,2.0,,2,,2,,8.0,,2,,1.0,,2.0,3.0,3.0,1.0,2.0,1.0,5.0,1.0,1.0,2.0,600.0,400.0,10.0,7.0,7.0,7.0,0,,0.0,6.0,2,,1.0,3,.,0.0,.,.,4,,1,.,.,.,0,1.0,uuid:7396dcd4-a963-40ba-a23e-0b69f6f6f71f,,,,,,.,,,,1.0,,,,,,29 Apr 2019,2019-04-29,,,,,,1.0,14.0,,,,,,,,,,,,,,,,1.0,1.0,1.0,1.0,N.U.,0.0
2,3,597,1.0,5.0,16.0,2.0,23.0,2.5,8.0,0.0,10.5,8.0,1,,,1,,2018-04-06,uuid:aca9f25e-94bb-4487-9f79-b397ed39edb8,2018-04-06 11:11:02,,"Apr 6, 2018",11:11:00 AM,,,,13.0,13.0,1.0,1.0,32.0,LULUWA,,,Bakua mbuyi,2,,1.0,,Ndesha,Lubuwa,1.0,,4.0,,DEMBA,17,,,,96000.0,250000.0,3 4,5.0,4.0,3.0,OK,1.0,0.0,0.0,1.0,OK,1.0,2.0,OK,1.0,1.0,11:11:03,11:11:03,3.0,3.0,2.0,3.0,1.0,1.0,1.0,1.0,1.0,2.0,1.0,1.0,1,,3.0,,3.0,,1,,3,,3.0,,3,,0.0,1.0,1.0,3.0,2.0,2.0,2.0,1.0,3.0,2.0,2.0,2.0,900.0,100.0,7.0,5.0,4.0,3.0,0,,1.0,0.0,3,,0.0,.,.,0.0,.,.,9999,,1,.,1,.,0,1.0,uuid:aca9f25e-94bb-4487-9f79-b397ed39edb8,,,,,,.,,,,1.0,,,,,,29 Apr 2019,2019-04-29,,,,,,1.0,8.0,,,,,,,,,,,,,,,,,,,,N.U.,0.0,0.0,2018-04-08,uuid:db5f1993-b5c1-4a20-8a63-1322ef5cc1c6,2018-04-08 09:50:41,2018-04-08 10:38:25,"Apr 8, 2018",8:09:00 AM,,,,1.0,1.0,1.0,1.0,38.0,KETE,,,,12,,0.0,2012.0,Katoka,Pokolo,1.0,,4.0,,TSHIKAPA,other,Il travaillait à la dgrkoc,,,90000.0,21000.0,3,2.0,4.0,3.0,OK,1.0,1.0,0.0,1.0,OK,2.0,2.0,OK,1.0,2.0,09:50:42,09:50:42,5.0,2.0,3.0,3.0,1.0,2.0,3.0,2.0,2.0,1.0,1.0,2.0,1,,2.0,,1.0,,2,,1,,1.0,,1,,1.0,,1.0,1.0,1.0,1.0,1.0,2.0,2.0,1.0,1.0,1.0,750.0,250.0,10.0,9.0,8.0,7.0,3,,1.0,3.0,4,,0.0,.,.,0.0,.,.,9999,,1,.,1,.,0,1.0,uuid:db5f1993-b5c1-4a20-8a63-1322ef5cc1c6,,,,,,.,,,,1.0,,,,,,29 Apr 2019,2019-04-29,,,,,,1.0,25.0,,,,,,,,,,,,,,,,,,,,C.B. a.i.,0.0
2,3,605,1.0,6.0,15.0,2.0,23.0,3.0,5.5,0.0,8.5,90.0,1,,47.0,1,,2018-05-21,uuid:acd7c7e6-9c34-4730-b887-ee35efc0720b,2018-05-21 13:22:42,2018-05-21 13:54:52,"May 21, 2018",1:24:00 PM,,,,111.0,111.0,1.0,1.0,23.0,LUALUA,.,,,1,,1.0,,Katoka,Mpokolo,1.0,,4.0,,DIBAYA,4,,.,.,250000.0,3000.0,0,3.0,2.0,2.0,OK,1.0,0.0,1.0,0.0,OK,2.0,2.0,OK,2.0,2.0,13:22:42,13:22:42,5.0,5.0,3.0,3.0,2.0,2.0,2.0,2.0,2.0,2.0,2.0,3.0,8,,2.0,,1.0,,1,,1,,8.0,,2,,0.0,1.0,3.0,2.0,1.0,1.0,1.0,2.0,4.0,3.0,2.0,2.0,600.0,400.0,5.0,2.0,1.0,0.0,0,,0.0,1.0,2,,1.0,3,,1.0,other,Beau frère,9999,,1,.,1,.,0,2.0,uuid:acd7c7e6-9c34-4730-b887-ee35efc0720b,,,,,,,,,,1.0,,,,,,29 Apr 2019,2019-04-29,,,,,,1.0,90.0,,,,,,,,,,,,,,,,,,,,N.U.,0.0,0.0,2018-04-10,uuid:4942c4c4-3b67-43bf-bc9e-29de8c2ed36a,2018-04-10 12:00:15,2018-04-10 12:45:42,"Apr 10, 2018",12:00:00 PM,,,,32.0,32.0,1.0,1.0,26.0,LUALUA,,,,3,,1.0,,Kananga,Industrielle,1.0,,4.0,,KAZUMBA,27,,,,120000.0,30000.0,3 4 5,5.0,4.0,5.0,OK,1.0,1.0,0.0,0.0,OK,2.0,2.0,OK,1.0,1.0,12:00:17,12:00:17,3.0,4.0,4.0,3.0,1.0,1.0,3.0,1.0,2.0,2.0,2.0,2.0,2,,1.0,,4.0,,2,,2,,2.0,,2,,1.0,,3.0,3.0,4.0,1.0,1.0,2.0,2.0,1.0,1.0,2.0,300.0,700.0,8.0,5.0,3.0,2.0,0,,0.0,3.0,1,,0.0,.,.,0.0,.,.,other,Un frère qui n'est pas de mon église,1,.,1,.,Une personne honnête.,1.0,uuid:4942c4c4-3b67-43bf-bc9e-29de8c2ed36a,,,,,,.,,,,2.0,,,,,,29 Apr 2019,2019-04-29,,,,,,1.0,47.0,,,,,,,,,,,,,,,,,,,,N.U.,0.0
2,3,607,1.0,8.0,12.0,2.0,22.0,4.0,6.0,0.0,10.0,22.0,1,,,1,,2018-04-06,uuid:df9cdea1-b392-40b8-9d3b-f3bde0ead25a,2018-04-06 20:59:45,2018-04-06 21:35:48,"Apr 6, 2018",8:59:00 PM,,,,19.0,19.0,2.0,1.0,30.0,LUALUA,,,,8,,0.0,2008.0,Katoka,Mpokolo,1.0,,4.0,,LUIZA,17,,,,480000.0,40000.0,3,3.0,3.0,6.0,OK,1.0,1.0,1.0,1.0,OK,1.0,2.0,OK,2.0,3.0,11:59:47,11:59:47,3.0,3.0,3.0,3.0,2.0,1.0,1.0,1.0,1.0,2.0,3.0,4.0,2,,2.0,,2.0,,2,,2,,2.0,,2,,1.0,,2.0,2.0,2.0,2.0,1.0,1.0,7.0,2.0,1.0,3.0,100.0,900.0,7.0,5.0,3.0,2.0,0,,2.0,3.0,4,,0.0,.,.,1.0,8,.,4,,1,.,1,.,0,1.0,uuid:df9cdea1-b392-40b8-9d3b-f3bde0ead25a,,,,,,.,,,,1.0,,,,,,29 Apr 2019,2019-04-29,,,,,,1.0,22.0,,,,,,,,,,,,,,,,,,,,N.U.,0.0,0.0,2018-05-22,uuid:5899215c-83da-4387-8f64-aced73d64df5,2018-05-22 14:14:37,2018-05-22 15:06:40,"May 22, 2018",2:14:00 PM,,,,125.0,125.0,1.0,1.0,31.0,BINDI,.,,,3,,0.0,2009.0,Kananga,Tshisambi,1.0,,4.0,,KAZUMBA,9,,.,.,40000.0,5000.0,1 3 4 5,1.0,4.0,5.0,OK,1.0,0.0,0.0,0.0,OK,3.0,3.0,OK,2.0,2.0,14:14:38,14:14:38,4.0,3.0,1.0,2.0,1.0,2.0,4.0,2.0,2.0,2.0,2.0,3.0,1,,2.0,,2.0,,2,,3,,1.0,,2,,1.0,,1.0,1.0,1.0,1.0,1.0,3.0,1.0,1.0,1.0,3.0,900.0,100.0,8.0,5.0,4.0,2.0,0,,0.0,0.0,2,,0.0,,,0.0,,,6,,1,.,1,.,Il fallait beaucoup expliquer afin qu il comprenne si non il ne comprenait pas.,1.0,uuid:5899215c-83da-4387-8f64-aced73d64df5,,,,,,,,,,1.0,,,,,,29 Apr 2019,2019-04-29,,,,,,1.0,103.0,,,,,,,,,,,,,,,,,,,,N.U.,0.0
2,3,631,1.0,6.0,15.0,2.0,23.0,3.0,8.5,1.0,12.5,58.0,1,,71.0,1,,2018-04-12,uuid:d59ceed2-2c19-47a0-886d-0144d0fc3516,2018-04-12 09:52:58,2018-04-12 10:40:32,"Apr 12, 2018",9:53:00 AM,,,,65.0,65.0,1.0,1.0,29.0,LUALUA,,,,12,,1.0,,Kananga,Kami Athène,1.0,,4.0,,DIBAYA,9,,,,330000.0,14000.0,3 4,0.0,4.0,3.0,OK,1.0,1.0,0.0,1.0,OK,1.0,1.0,OK,1.0,1.0,09:53:00,09:53:00,3.0,3.0,3.0,3.0,2.0,1.0,1.0,1.0,1.0,1.0,1.0,1.0,1,,2.0,,8.0,,2,,other,,2.0,,2,,0.0,2.0,1.0,1.0,1.0,1.0,1.0,2.0,3.0,1.0,1.0,3.0,1000.0,0.0,10.0,7.0,6.0,5.0,0,,0.0,0.0,4,,0.0,.,.,0.0,.,.,9999,,1,.,1,.,Il est sincère,1.0,uuid:d59ceed2-2c19-47a0-886d-0144d0fc3516,,,,,,.,,,,2.0,,,,,,29 Apr 2019,2019-04-29,,,,,,1.0,58.0,,,,,,,,,,,,,,,,,,,,N.U.,0.0,0.0,2018-04-26,uuid:2120a121-51d0-4386-bd4a-6fd6abcd95be,2018-04-26 09:13:31,2018-04-26 09:52:34,"Apr 26, 2018",9:13:00 AM,,,,85.0,85.0,1.0,1.0,38.0,LUALUA,.,,,12,,0.0,1985.0,Katoka,Kapanda,1.0,,4.0,,KAZUMBA,4,,.,.,160000.0,38000.0,3,2.0,4.0,4.0,OK,1.0,1.0,0.0,1.0,OK,3.0,3.0,OK,2.0,2.0,09:13:32,09:13:32,5.0,5.0,1.0,3.0,2.0,1.0,1.0,2.0,2.0,2.0,2.0,2.0,3,,3.0,,3.0,,2,,3,,2.0,,3,,0.0,1.0,2.0,2.0,2.0,1.0,1.0,1.0,4.0,1.0,1.0,3.0,600.0,400.0,10.0,8.0,6.0,5.0,0,,2.0,3.0,2,,0.0,,,0.0,,,other,"Un pasteur qui n'est pas de mon eglise , on travaillé avec lui a la campagne  ",1,.,1,.,0,1.0,uuid:2120a121-51d0-4386-bd4a-6fd6abcd95be,,,,,,,,,,1.0,,,,,,29 Apr 2019,2019-04-29,,,,,,1.0,71.0,,,,,,,,,,,,,,,,,,,,N.U.,0.0
2,3,643,1.0,9.0,12.0,2.0,23.0,4.5,10.0,1.0,15.5,77.0,1,,35.0,1,,2018-04-27,uuid:576d33a5-e205-411e-ae9b-7ad03c97f91b,2018-04-27 11:17:43,2018-04-27 12:04:53,"Apr 27, 2018",11:17:00 AM,,,,89.0,89.0,1.0,1.0,27.0,LUALUA,.,,,2,,0.0,2000.0,Kananga,Tshisambi,1.0,,4.0,,LUIZA,22,,.,.,640000.0,200000.0,3 4,2.0,4.0,5.0,OK,1.0,1.0,0.0,0.0,OK,3.0,3.0,OK,3.0,3.0,11:17:43,11:17:43,3.0,3.0,2.0,3.0,2.0,1.0,2.0,1.0,1.0,1.0,1.0,1.0,1,,1.0,,1.0,,1,,3,,1.0,,1,,0.0,1.0,2.0,4.0,2.0,2.0,3.0,1.0,4.0,1.0,1.0,3.0,600.0,400.0,7.0,6.0,4.0,3.0,0,,1.0,2.0,3,,0.0,,,0.0,,,6,,1,.,1,.,0,1.0,uuid:576d33a5-e205-411e-ae9b-7ad03c97f91b,,,,,,,,,,1.0,,,,,,29 Apr 2019,2019-04-29,,,,,,1.0,78.0,,,,,,,,,,,,,,,,,,,,N.U.,0.0,0.0,2018-04-08,uuid:c58c67f9-c3cb-4834-864e-c775796090a4,2018-04-08 18:11:10,2018-04-08 18:55:29,"Apr 8, 2018",6:11:00 PM,,,,61.0,61.0,1.0,1.0,26.0,LUALUA,,,,1,,1.0,,Katoka,Mpokolo,1.0,,4.0,,DEMBA,15,,,,200000.0,50000.0,3 4,3.0,3.0,6.0,OK,1.0,1.0,1.0,0.0,OK,2.0,2.0,OK,1.0,1.0,18:11:11,18:11:11,3.0,3.0,3.0,3.0,1.0,2.0,2.0,4.0,1.0,2.0,2.0,2.0,1,,1.0,,1.0,,1,,1,,1.0,,1,,0.0,4.0,1.0,1.0,1.0,1.0,2.0,1.0,4.0,2.0,2.0,1.0,900.0,100.0,10.0,9.0,8.0,7.0,0,,0.0,2.0,4,,0.0,.,.,1.0,3,.,4,,1,.,1,.,0,2.0,uuid:c58c67f9-c3cb-4834-864e-c775796090a4,,,,,,.,,,,1.0,,,,,,29 Apr 2019,2019-04-29,,,,,,1.0,35.0,,,,,,,,,,,,,,,,,,,,N.U.,0.0
2,3,671,1.0,6.0,15.0,2.0,23.0,3.0,5.5,0.0,8.5,37.0,1,,9.0,1,,2018-04-09,uuid:a65038b1-c402-4bcb-8786-436f431c5ee7,2018-04-09 10:52:39,2018-04-09 11:21:29,"Apr 9, 2018",10:53:00 AM,,,,75.0,75.0,1.0,1.0,21.0,LULUWA,,,Tshialu mukombo,3,,0.0,2010.0,Katoka,Mpokolo,1.0,,4.0,,KAZUMBA,0,,other,Prise en charge familiale,0.0,0.0,0,8.0,3.0,6.0,OK,1.0,0.0,1.0,0.0,OK,2.0,3.0,OK,1.0,1.0,10:52:40,10:52:40,3.0,3.0,4.0,3.0,2.0,1.0,4.0,1.0,2.0,4.0,1.0,4.0,3,,2.0,,1.0,,2,,3,,1.0,,1,,0.0,4.0,1.0,3.0,3.0,3.0,3.0,1.0,4.0,1.0,1.0,2.0,0.0,0.0,8.0,5.0,5.0,3.0,0,,0.0,1.0,4,,0.0,.,.,0.0,.,.,4,,1,.,5,.,0,1.0,uuid:a65038b1-c402-4bcb-8786-436f431c5ee7,,,,,,.,,,,1.0,,,,,,29 Apr 2019,2019-04-29,,,,,,1.0,37.0,,,,,,,,,,,,,,,,1.0,,,1.0,N.U.,0.0,0.0,2018-04-06,uuid:ded3e597-b17f-46a1-8df5-253e81cb6f37,2018-04-06 11:58:06,,"Apr 6, 2018",11:58:00 AM,,,,18.0,18.0,1.0,1.0,30.0,LULUWA,,,Bena diulu,3,,1.0,,Lukonga,Dikongayi,,,4.0,,DEMBA,27,,,,100000.0,50000.0,4,7.0,4.0,5.0,OK,1.0,1.0,1.0,1.0,OK,1.0,2.0,OK,1.0,1.0,11:58:08,11:58:08,3.0,3.0,3.0,3.0,2.0,1.0,1.0,1.0,1.0,2.0,2.0,2.0,1,,1.0,,1.0,,1,,1,,1.0,,1,,0.0,1.0,3.0,2.0,3.0,3.0,2.0,3.0,1.0,1.0,1.0,2.0,800.0,200.0,10.0,8.0,7.0,5.0,0,,1.0,6.0,3,,1.0,3,.,0.0,.,.,2,,1,.,5,.,0,1.0,uuid:ded3e597-b17f-46a1-8df5-253e81cb6f37,,,,,,.,,,,1.0,,,,,,29 Apr 2019,2019-04-29,,,,,,1.0,9.0,,,,,,,,,,,,,,,,,,,,N.U.,0.0
2,3,683,1.0,5.0,16.0,2.0,23.0,2.5,8.0,0.0,10.5,101.0,1,,30.0,1,,2018-05-22,uuid:1082dae7-cf9f-46a0-a576-fd49b38ecd0a,2018-05-22 11:27:51,2018-05-22 12:01:36,"May 22, 2018",11:27:00 AM,,,,123.0,123.0,1.0,1.0,22.0,LUALUA,.,,,12,,1.0,,Kananga,Malandji,1.0,,4.0,,DIMBELENGE,4,,.,.,20000.0,5000.0,3,0.0,2.0,3.0,OK,1.0,1.0,0.0,0.0,OK,3.0,3.0,OK,3.0,3.0,11:27:51,11:27:51,3.0,3.0,3.0,3.0,2.0,2.0,3.0,3.0,3.0,3.0,2.0,1.0,8,,8.0,,8.0,,2,,8,,8.0,,2,,0.0,1.0,1.0,1.0,1.0,1.0,1.0,2.0,4.0,1.0,1.0,2.0,1000.0,0.0,6.0,5.0,4.0,3.0,0,,0.0,0.0,4,,0.0,,,0.0,,,9999,,1,.,,.,Il n'a jamais était à la dgrkoc on a juste pris son nom,2.0,uuid:1082dae7-cf9f-46a0-a576-fd49b38ecd0a,,,,,,,,,,1.0,,,,,,29 Apr 2019,2019-04-29,,,,,,1.0,101.0,,,,,,,,,,,,,,,,,,,,N.U.,0.0,0.0,2018-04-08,uuid:45c5446d-07aa-4789-abf8-48dda47b20a4,2018-04-08 13:42:13,,"Apr 8, 2018",1:42:00 PM,,,,21.0,21.0,1.0,1.0,34.0,LUALUA,,,,2,,1.0,,Kanaga,Plateau,1.0,,4.0,,DIBAYA,other,Je travaillais à la Dgrkoc,,,174000.0,50000.0,3 6,4.0,4.0,1.0,OK,1.0,1.0,0.0,1.0,OK,2.0,2.0,OK,2.0,2.0,14:00:42,14:00:42,5.0,3.0,1.0,1.0,2.0,1.0,2.0,2.0,2.0,2.0,1.0,2.0,1,,2.0,,1.0,,2,,8,,1.0,,1,,0.0,4.0,1.0,2.0,2.0,2.0,1.0,1.0,4.0,1.0,1.0,1.0,1000.0,0.0,5.0,4.0,3.0,0.0,0,,1.0,3.0,4,,0.0,.,.,0.0,.,.,9999,,1,.,1,.,Il es tellement sur de ses reponses,1.0,uuid:45c5446d-07aa-4789-abf8-48dda47b20a4,,,,,,.,,,,2.0,,,,,,29 Apr 2019,2019-04-29,,,,,,1.0,30.0,,,,,,,,,,,,,,,,,,,,N.U.,0.0
2,4,204,0.0,3.0,18.0,0.0,21.0,3.0,18.0,0.0,21.0,69.0,1,,288.0,2,2048.0,2018-04-18,uuid:0dbb765c-4f1f-4f8d-9e51-592e28c1129b,2018-04-18 14:18:31,,"Apr 18, 2018",2:36:00 PM,,,,58.0,58.0,1.0,1.0,54.0,LUALUA,.,,,other,Universelle,1.0,,Katoka,Kapanda,1.0,,4.0,,KAZUMBA,4,,.,.,200000.0,50000.0,1 3 4 6,4.0,4.0,3.0,OK,1.0,1.0,1.0,1.0,OK,1.0,1.0,OK,1.0,1.0,14:22:37,14:22:37,4.0,4.0,1.0,2.0,2.0,2.0,4.0,2.0,2.0,2.0,2.0,2.0,2,,2.0,,2.0,,2,,8,,2.0,,2,,0.0,4.0,2.0,3.0,3.0,3.0,3.0,1.0,4.0,2.0,1.0,2.0,300.0,700.0,7.0,6.0,5.0,4.0,0,,4.0,0.0,1,,0.0,,,0.0,,,2,,1,.,1,.,0,1.0,uuid:0dbb765c-4f1f-4f8d-9e51-592e28c1129b,,,,,,,,,,2.0,,,,,,29 Apr 2019,2019-04-29,,,,,,1.0,69.0,,,,,,,,,,,,,,,,,,,,N.U.,0.0,0.0,2018-06-08,uuid:8008abed-4b9e-4e94-b805-43a46190fa4f,2018-06-08 09:55:44,2018-06-08 10:21:17,"Jun 8, 2018",9:55:00 AM,2048.0,1.0,,,,,1.0,,.,.,,.,.,.,,,.,.,,,,,.,.,.,.,.,,,.,,,,OK,1.0,1.0,1.0,1.0,OK,1.0,1.0,OK,2.0,1.0,.,.,4.0,4.0,3.0,2.0,2.0,,,,,,,,.,,,,,,.,,.,,,,.,,,,,,,,,,,1.0,1.0,2.0,500.0,500.0,7.0,5.0,2.0,2.0,.,.,,,.,.,,.,.,,.,.,.,.,1,.,2,.,0,2.0,uuid:8008abed-4b9e-4e94-b805-43a46190fa4f,,,,,,,,,,2.0,1.0,,,,,29 Apr 2019,2019-04-29,,,,,,1.0,288.0,288.0,688.0,,0.0,,,,,,,,,,,,,,1.0,1.0,N.U.,0.0
2,4,369,0.0,3.0,20.0,0.0,23.0,3.0,20.0,0.0,23.0,91.0,1,,275.0,2,37052.0,2018-05-21,uuid:42ce0977-0346-4443-921c-d937e4a038c0,2018-05-21 13:56:28,2018-05-21 14:34:52,"May 21, 2018",1:58:00 PM,,,,112.0,112.0,1.0,1.0,26.0,BINDI,.,,,1,,0.0,2008.0,Kananga,Malandji,1.0,,4.0,,KAZUMBA,4,,.,.,300000.0,32000.0,1 3 4,2.0,4.0,5.0,OK,1.0,0.0,0.0,1.0,OK,2.0,2.0,OK,2.0,2.0,13:56:29,13:56:29,3.0,3.0,4.0,3.0,2.0,2.0,2.0,1.0,2.0,2.0,1.0,2.0,1,,8.0,,1.0,,1,,4,,1.0,,1,,0.0,1.0,3.0,1.0,1.0,1.0,1.0,2.0,4.0,1.0,1.0,1.0,800.0,200.0,9.0,7.0,6.0,5.0,0,,3.0,3.0,2,,0.0,,,1.0,3,,6,,1,.,1,.,0,1.0,uuid:42ce0977-0346-4443-921c-d937e4a038c0,,,,,,,,,,1.0,,,,,,29 Apr 2019,2019-04-29,,,,,,1.0,91.0,,,,,,,,,,,,,,,,,,,,N.U.,0.0,0.0,2018-06-07,uuid:585cad0d-134f-48b1-ad84-27e4c58b1d4a,2018-06-07 10:05:16,2018-06-07 10:35:03,"Jun 7, 2018",10:05:00 AM,37052.0,1.0,,,,,1.0,,.,.,,.,.,.,,,.,.,,,,,.,.,.,.,.,,,.,,,,OK,1.0,1.0,0.0,1.0,OK,2.0,2.0,OK,1.0,1.0,.,.,5.0,5.0,3.0,3.0,2.0,,,,,,,,.,,,,,,.,,.,,,,.,,,,,,,,,,,2.0,1.0,1.0,1000.0,0.0,8.0,6.0,4.0,2.0,.,.,,,.,.,,.,.,,.,.,.,.,1,.,1,.,0,2.0,uuid:585cad0d-134f-48b1-ad84-27e4c58b1d4a,,,,,,,,,,1.0,1.0,,,,,29 Apr 2019,2019-04-29,,,,,,1.0,275.0,275.0,675.0,,0.0,,,,,,,,,,,,,,,,N.U.,0.0
2,4,507,0.0,4.0,18.0,0.0,22.0,4.0,18.0,0.0,22.0,72.0,1,,292.0,2,50732.0,2018-04-26,uuid:26c9fb91-0ea3-4692-8c87-06d099f32292,2018-04-26 09:22:23,2018-04-26 10:01:01,"Apr 26, 2018",9:29:00 AM,,,,87.0,87.0,1.0,1.0,37.0,LULUWA,.,47.0,,1,,0.0,1997.0,Kananga,Malandji,1.0,,4.0,,KAZUMBA,other,Stagiaire à la DGRKOC,.,.,145000.0,15000.0,3,3.0,4.0,3.0,OK,1.0,1.0,0.0,1.0,OK,2.0,2.0,OK,1.0,1.0,09:22:27,09:22:27,5.0,3.0,1.0,3.0,2.0,2.0,3.0,2.0,2.0,2.0,2.0,2.0,1,,1.0,,1.0,,1,,1,,1.0,,1,,0.0,4.0,2.0,1.0,1.0,1.0,1.0,2.0,4.0,1.0,2.0,3.0,5.0,995.0,8.0,5.0,3.0,1.0,0,,0.0,10.0,3,,0.0,,,0.0,,,9999,,1,.,1,.,0,1.0,uuid:26c9fb91-0ea3-4692-8c87-06d099f32292,,,,,,,,,,1.0,,,,,,29 Apr 2019,2019-04-29,,,,,,1.0,72.0,,,,,,,,,,,,,,,,,,,,N.U.,0.0,0.0,2018-06-08,uuid:af1aed45-d1ac-4d83-9d00-3b9b4ee61873,2018-06-08 11:57:24,2018-06-08 12:10:17,"Jun 8, 2018",11:57:00 AM,50732.0,1.0,,,,,1.0,,.,.,,.,.,.,,,.,.,,,,,.,.,.,.,.,,,.,,,,OK,1.0,1.0,0.0,1.0,OK,1.0,1.0,OK,1.0,1.0,.,.,5.0,3.0,3.0,3.0,2.0,,,,,,,,.,,,,,,.,,.,,,,.,,,,,,,,,,,1.0,1.0,2.0,700.0,300.0,8.0,7.0,5.0,4.0,.,.,,,.,.,,.,.,,.,.,.,.,1,.,1,.,0,2.0,uuid:af1aed45-d1ac-4d83-9d00-3b9b4ee61873,,,,,,,,,,3.0,1.0,,,,,29 Apr 2019,2019-04-29,,,,,,1.0,292.0,292.0,692.0,,0.0,,,,,,,,,,,,,,,,N.U.,0.0
2,4,554,0.0,3.0,20.0,0.0,23.0,3.0,20.0,0.0,23.0,23.0,1,,211.0,2,55544.0,2018-04-06,uuid:e759fe6f-ef60-40a4-8ed3-cede07f135ba,2018-04-06 21:49:06,2018-04-06 22:28:34,"Apr 6, 2018",9:49:00 PM,,,,43.0,43.0,1.0,1.0,39.0,LULUWA,,31.0,,1,,0.0,1990.0,Kananga,Tshinsambi,1.0,,4.0,,KANANGA,4,,,,90000.0,15000.0,4 5,3.0,4.0,3.0,OK,1.0,1.0,1.0,1.0,OK,2.0,2.0,OK,2.0,3.0,12:49:08,12:49:08,5.0,5.0,3.0,2.0,2.0,2.0,2.0,2.0,2.0,2.0,2.0,2.0,2,,2.0,,2.0,,2,,2,,2.0,,2,,0.0,4.0,2.0,2.0,2.0,2.0,2.0,3.0,4.0,2.0,2.0,2.0,800.0,200.0,8.0,7.0,6.0,4.0,0,,1.0,2.0,1,,0.0,.,.,0.0,.,.,2,,1,.,1,.,0,2.0,uuid:e759fe6f-ef60-40a4-8ed3-cede07f135ba,,,,,,.,,,,1.0,,,,,,29 Apr 2019,2019-04-29,,,,,,1.0,23.0,,,,,,,,,,,,,,,,,,,,N.U.,0.0,0.0,2018-05-30,uuid:816757dd-d5ff-4258-a199-bd679e52c328,2018-05-30 15:59:40,2018-05-30 16:30:31,"May 30, 2018",3:59:00 PM,55544.0,1.0,,,,,1.0,,,.,,,,,,,,,,,,,,,,.,.,,,,,,,OK,1.0,1.0,0.0,1.0,OK,2.0,2.0,OK,3.0,2.0,,,5.0,5.0,3.0,1.0,2.0,,,,,,,,.,,,,,,.,,.,,,,.,,,,,,,,,,,2.0,1.0,2.0,400.0,600.0,8.0,5.0,3.0,2.0,,,,,,,,,,,,,,,6,.,6,.,Il a des difficultés pour lire le francais,2.0,uuid:816757dd-d5ff-4258-a199-bd679e52c328,,,,,,other,0.0,,3.0,2.0,,,,,,29 Apr 2019,2019-04-29,,,,,,1.0,211.0,211.0,611.0,,0.0,,,,,,,,,,,,,,,,,0.0
2,4,557,0.0,2.0,20.0,0.0,22.0,2.0,20.0,0.0,22.0,64.0,1,,279.0,2,55292.0,2018-04-13,uuid:68c51a7f-2f65-4735-9ca4-ca3cd7b19434,2018-04-13 11:27:03,2018-04-13 12:11:28,"Apr 13, 2018",3:27:00 PM,,,,56.0,56.0,1.0,1.0,28.0,BINDI,,,,2,,0.0,2010.0,Kananga,Apolo,0.0,,4.0,,DIMBELENGE,27,,,,48000.0,30000.0,0,5.0,4.0,5.0,OK,1.0,0.0,0.0,0.0,OK,2.0,2.0,OK,3.0,3.0,11:27:04,11:27:04,4.0,3.0,1.0,2.0,2.0,2.0,3.0,2.0,2.0,3.0,3.0,3.0,1,,1.0,,7.0,,1,,7,,2.0,,2,,0.0,4.0,1.0,2.0,2.0,3.0,1.0,1.0,4.0,3.0,3.0,2.0,200.0,800.0,7.0,5.0,3.0,1.0,0,,0.0,9.0,3,,0.0,.,.,0.0,.,.,9999,,1,.,1,.,0,1.0,uuid:68c51a7f-2f65-4735-9ca4-ca3cd7b19434,,,,,,.,,,,1.0,,,,,,29 Apr 2019,2019-04-29,,,,,,1.0,64.0,,,,,,,,,,,,,,,,,,,,N.U.,0.0,0.0,2018-06-07,uuid:79d3c4a6-0e0f-4389-9600-1f1418975ac9,2018-06-07 11:24:55,2018-06-07 11:48:33,"Jun 7, 2018",11:25:00 AM,55292.0,1.0,,,,,1.0,,.,.,,.,.,.,,,.,.,,,,,.,.,.,.,.,,,.,,,,OK,1.0,1.0,1.0,1.0,OK,1.0,2.0,OK,2.0,2.0,.,.,4.0,4.0,3.0,2.0,2.0,,,,,,,,.,,,,,,.,,.,,,,.,,,,,,,,,,,3.0,4.0,2.0,0.0,1000.0,8.0,5.0,4.0,2.0,.,.,,,.,.,,.,.,,.,.,.,.,6,.,,.,0,2.0,uuid:79d3c4a6-0e0f-4389-9600-1f1418975ac9,,,,,,,,,,1.0,1.0,,,,,29 Apr 2019,2019-04-29,,,,,,1.0,279.0,279.0,679.0,,0.0,,,,,,,,,,,,,,,,N.U.,0.0
2,4,577,0.0,2.0,19.0,0.0,21.0,2.0,19.0,0.0,21.0,52.0,1,,263.0,2,57688.0,2018-04-11,uuid:0d417642-db2e-4db8-ae2c-1d1282bce06c,2018-04-11 10:42:12,2018-04-11 11:30:55,"Apr 11, 2018",10:43:00 AM,,,,73.0,73.0,1.0,1.0,34.0,LUALUA,,,,1,,0.0,1989.0,Kananga,Malandji,1.0,,4.0,,DEMBA,22,,,,150000.0,20000.0,1 3 4 5 6,2.0,4.0,3.0,OK,1.0,1.0,1.0,1.0,OK,2.0,2.0,OK,1.0,1.0,10:42:13,10:42:13,3.0,3.0,3.0,2.0,2.0,1.0,2.0,2.0,1.0,2.0,1.0,2.0,2,,2.0,,5.0,,2,,7,,2.0,,2,,0.0,1.0,1.0,3.0,1.0,1.0,1.0,1.0,1.0,1.0,1.0,1.0,800.0,200.0,7.0,5.0,4.0,3.0,0,,3.0,3.0,3,,0.0,.,.,0.0,.,.,9999,,1,.,1,.,Il est vraiment apte,1.0,uuid:0d417642-db2e-4db8-ae2c-1d1282bce06c,,,,,,.,,,,1.0,,,,,,29 Apr 2019,2019-04-29,,,,,,1.0,52.0,,,,,,,,,,,,,,,,,,,,N.U.,0.0,0.0,2018-06-05,uuid:5a249bdb-2449-476e-9e5c-7f95e638dde7,2018-06-05 19:51:41,2018-06-05 20:16:47,"Jun 5, 2018",7:51:00 PM,57688.0,1.0,,,,,1.0,,.,.,,.,.,.,,,.,.,,,,,.,.,.,.,.,,,.,,,,OK,1.0,1.0,0.0,1.0,OK,2.0,1.0,OK,2.0,1.0,.,.,3.0,3.0,3.0,2.0,2.0,,,,,,,,.,,,,,,.,,.,,,,.,,,,,,,,,,,4.0,4.0,2.0,0.0,1000.0,8.0,7.0,6.0,0.0,.,.,,,.,.,,.,.,,.,.,.,.,6,.,6,.,0,2.0,uuid:5a249bdb-2449-476e-9e5c-7f95e638dde7,,,,,,,,,,1.0,1.0,,,,,29 Apr 2019,2019-04-29,,,,,,1.0,263.0,263.0,663.0,,0.0,,,,,,,,,,,,,,,,N.U.,0.0
2,4,619,1.0,5.0,18.0,0.0,23.0,2.5,9.0,0.0,11.5,,1,,426.0,2,6232.0,2018-05-04,uuid:fd3158a7-7dcf-47b7-a6c3-35fe81344d20,2018-05-04 08:33:59,2018-05-04 10:48:18,"May 4, 2018",8:34:00 AM,,,,86.0,86.0,1.0,1.0,27.0,LUALUA,.,,,12,,0.0,2001.0,Ndesha,Lubuwa,1.0,,4.0,,DEMBA,27,,.,.,164000.0,50000.0,3,6.0,4.0,4.0,OK,1.0,1.0,1.0,1.0,OK,2.0,1.0,OK,1.0,1.0,08:33:59,08:33:59,3.0,5.0,3.0,3.0,1.0,1.0,1.0,1.0,1.0,1.0,1.0,1.0,2,,3.0,,3.0,,8,,3,,3.0,,3,,1.0,,1.0,2.0,2.0,1.0,1.0,2.0,3.0,1.0,1.0,1.0,500.0,500.0,10.0,8.0,7.0,6.0,other,Récepteur,2.0,0.0,3,,0.0,,,0.0,,,2,,1,.,1,.,Le répondant était trop lent à répondre,1.0,uuid:fd3158a7-7dcf-47b7-a6c3-35fe81344d20,,,,,,,,,,1.0,,,,,,29 Apr 2019,2019-04-29,,,,,,1.0,89.0,,,,,,,,,,,,,,,,,,,,N.U.,0.0,0.0,2018-07-31,uuid:8608e102-7b8c-440b-921c-36c088f51021,2018-07-31 17:19:22,2018-07-31 17:50:10,"Jul 31, 2018",4:19:00 PM,6232.0,1.0,,,,,1.0,,,.,,,,,,,,,,,,,,,,,,,,,,,,OK,1.0,1.0,1.0,0.0,OK,1.0,1.0,OK,1.0,1.0,.,.,3.0,3.0,3.0,3.0,2.0,,,,,,,,.,,,,,,.,,.,,,,,,,,,,,,,,,1.0,1.0,2.0,0.0,0.0,8.0,5.0,4.0,2.0,,,,,.,.,,.,.,,.,.,,,1,,1,,0,2.0,uuid:8608e102-7b8c-440b-921c-36c088f51021,,,,,,,,,,,,,,,,29 Apr 2019,2019-04-29,,,,,,1.0,426.0,426.0,826.0,,0.0,,,,,,,,,,,,,,,,,1.0
2,4,626,1.0,5.0,18.0,0.0,23.0,2.5,9.0,0.0,11.5,,1,,426.0,2,6232.0,2018-05-04,uuid:fd3158a7-7dcf-47b7-a6c3-35fe81344d20,2018-05-04 08:33:59,2018-05-04 10:48:18,"May 4, 2018",8:34:00 AM,,,,86.0,86.0,1.0,1.0,27.0,LUALUA,.,,,12,,0.0,2001.0,Ndesha,Lubuwa,1.0,,4.0,,DEMBA,27,,.,.,164000.0,50000.0,3,6.0,4.0,4.0,OK,1.0,1.0,1.0,1.0,OK,2.0,1.0,OK,1.0,1.0,08:33:59,08:33:59,3.0,5.0,3.0,3.0,1.0,1.0,1.0,1.0,1.0,1.0,1.0,1.0,2,,3.0,,3.0,,8,,3,,3.0,,3,,1.0,,1.0,2.0,2.0,1.0,1.0,2.0,3.0,1.0,1.0,1.0,500.0,500.0,10.0,8.0,7.0,6.0,other,Récepteur,2.0,0.0,3,,0.0,,,0.0,,,2,,1,.,1,.,Le répondant était trop lent à répondre,1.0,uuid:fd3158a7-7dcf-47b7-a6c3-35fe81344d20,,,,,,,,,,1.0,,,,,,29 Apr 2019,2019-04-29,,,,,,1.0,89.0,,,,,,,,,,,,,,,,,,,,N.U.,0.0,0.0,2018-07-31,uuid:8608e102-7b8c-440b-921c-36c088f51021,2018-07-31 17:19:22,2018-07-31 17:50:10,"Jul 31, 2018",4:19:00 PM,6232.0,1.0,,,,,1.0,,,.,,,,,,,,,,,,,,,,,,,,,,,,OK,1.0,1.0,1.0,0.0,OK,1.0,1.0,OK,1.0,1.0,.,.,3.0,3.0,3.0,3.0,2.0,,,,,,,,.,,,,,,.,,.,,,,,,,,,,,,,,,1.0,1.0,2.0,0.0,0.0,8.0,5.0,4.0,2.0,,,,,.,.,,.,.,,.,.,,,1,,1,,0,2.0,uuid:8608e102-7b8c-440b-921c-36c088f51021,,,,,,,,,,,,,,,,29 Apr 2019,2019-04-29,,,,,,1.0,426.0,426.0,826.0,,0.0,,,,,,,,,,,,,,,,,1.0
2,4,635,0.0,5.0,17.0,0.0,22.0,5.0,17.0,0.0,22.0,10.0,1,,271.0,2,63586.0,2018-04-06,uuid:53d8b747-3079-463b-b8cf-4462e9c153ac,2018-04-06 12:27:45,,"Apr 6, 2018",12:27:00 PM,,,,16.0,16.0,1.0,1.0,24.0,LULUWA,,46.0,,8,,1.0,,Kananga,Mulunda,1.0,,4.0,,KANANGA,17,,,,39000.0,0.0,3,4.0,4.0,3.0,OK,1.0,1.0,0.0,0.0,OK,1.0,2.0,OK,1.0,1.0,12:27:46,12:27:46,3.0,4.0,3.0,3.0,2.0,2.0,2.0,2.0,2.0,2.0,2.0,2.0,2,,2.0,,2.0,,2,,2,,2.0,,2,,0.0,4.0,3.0,3.0,3.0,1.0,1.0,4.0,4.0,1.0,1.0,1.0,400.0,600.0,6.0,4.0,3.0,2.0,0,,1.0,4.0,1,,1.0,8,.,1.0,8,.,2,,1,.,1,.,0,1.0,uuid:53d8b747-3079-463b-b8cf-4462e9c153ac,,,,,,.,,,,1.0,,,,,,29 Apr 2019,2019-04-29,,,,,,1.0,10.0,,,,,,,,,,,,,,,,,,,,N.U.,0.0,0.0,2018-06-07,uuid:318cdc7e-6666-46c8-a98b-80f1dc3f81a9,2018-06-07 06:46:39,2018-06-07 07:16:03,"Jun 7, 2018",6:46:00 AM,63586.0,1.0,,,,,1.0,,.,.,,.,.,.,,,.,.,,,,,.,.,.,.,.,,,.,,,,OK,1.0,1.0,1.0,1.0,OK,1.0,1.0,OK,1.0,1.0,.,.,4.0,3.0,3.0,3.0,2.0,,,,,,,,.,,,,,,.,,.,,,,.,,,,,,,,,,,2.0,2.0,2.0,0.0,1000.0,7.0,6.0,4.0,3.0,.,.,,,.,.,,.,.,,.,.,.,.,1,.,1,.,Il manifeste la volonté de travailler malgré qu’il est agent de l’Etat,2.0,uuid:318cdc7e-6666-46c8-a98b-80f1dc3f81a9,,,,,,,,,,2.0,1.0,,,,,29 Apr 2019,2019-04-29,,,,,,1.0,271.0,271.0,671.0,,0.0,,,,,,,,,,,,,,,,N.U.,0.0
2,4,6104,0.0,3.0,20.0,0.0,23.0,3.0,20.0,0.0,23.0,79.0,1,,209.0,2,6101077.0,2018-04-28,uuid:586fa3bf-6ec6-4a07-891c-65b543159a4d,2018-04-28 08:32:21,2018-04-28 14:56:43,"Apr 28, 2018",2:26:00 PM,,,,107.0,107.0,1.0,1.0,24.0,LUALUA,.,,,1,,0.0,2007.0,Katoka,Mpokolo,1.0,,4.0,,DIBAYA,27,,.,.,30000.0,7000.0,0,2.0,3.0,3.0,OK,1.0,1.0,0.0,1.0,OK,2.0,2.0,OK,2.0,2.0,08:32:22,08:32:22,5.0,3.0,3.0,3.0,2.0,2.0,2.0,2.0,1.0,2.0,2.0,4.0,8,,4.0,,1.0,,1,,7,,1.0,,1,,1.0,,1.0,4.0,3.0,2.0,2.0,2.0,4.0,1.0,1.0,2.0,200.0,800.0,7.0,5.0,3.0,2.0,0,,0.0,0.0,3,,0.0,,,0.0,,,4,,1,.,,.,0,1.0,uuid:586fa3bf-6ec6-4a07-891c-65b543159a4d,,,,,,,,,,1.0,,,,,,29 Apr 2019,2019-04-29,,,,,,1.0,79.0,,,,,,,,,,,,,,,,,,,,N.U.,0.0,0.0,2018-05-30,uuid:a80a39eb-f179-4744-aca5-06a09fd27626,2018-05-30 12:23:55,2018-05-30 12:38:28,"May 30, 2018",12:24:00 PM,6101077.0,1.0,,,,,1.0,,,.,,,,,,,,,,,,,,,,.,.,,,,,,,OK,1.0,1.0,1.0,1.0,OK,1.0,2.0,OK,1.0,1.0,,,3.0,3.0,3.0,2.0,2.0,,,,,,,,.,,,,,,.,,.,,,,.,,,,,,,,,,,1.0,2.0,2.0,400.0,600.0,10.0,8.0,6.0,4.0,,,,,,,,,,,,,,,6,.,,.,0,1.0,uuid:a80a39eb-f179-4744-aca5-06a09fd27626,,,,,,other,0.0,,6.0,1.0,,,,,,29 Apr 2019,2019-04-29,,,,,,1.0,209.0,209.0,609.0,,0.0,,,,,,,,,,,,,,,,,0.0
3,0,587,0.0,3.0,20.0,0.0,23.0,3.0,20.0,0.0,23.0,41.0,1,,6.0,1,,2018-04-09,uuid:fc3ae65c-859d-4d52-a1c0-cd5949329171,2018-04-09 15:52:19,2018-04-09 16:29:38,"Apr 9, 2018",3:52:00 PM,,,,12.0,12.0,1.0,1.0,26.0,LUALUA,,,,10,,1.0,,Katoka,Mpokolo,1.0,,4.0,,KAZUMBA,24,,,,15000.0,12000.0,1 3 6,4.0,3.0,2.0,OK,1.0,1.0,1.0,1.0,OK,1.0,1.0,OK,1.0,1.0,15:52:21,15:52:21,5.0,3.0,4.0,3.0,2.0,1.0,3.0,2.0,1.0,1.0,1.0,1.0,8,,2.0,,1.0,,1,,3,,1.0,,1,,0.0,4.0,1.0,3.0,4.0,2.0,2.0,1.0,3.0,3.0,1.0,2.0,200.0,800.0,9.0,5.0,4.0,3.0,0,,2.0,1.0,4,,0.0,.,.,0.0,.,.,6,,1,.,.,.,0,1.0,uuid:fc3ae65c-859d-4d52-a1c0-cd5949329171,,,,,,.,,,,1.0,,,,,,29 Apr 2019,2019-04-29,,,,,,1.0,41.0,,,,,,,,,,,,,,,,,,,,N.U.,0.0,0.0,2018-04-06,uuid:c56722b2-cea5-4175-86d5-de5fe95241ed,2018-04-06 10:08:42,,"Apr 6, 2018",10:08:00 AM,,,,9.0,9.0,1.0,1.0,25.0,LUNTU,,51.0,,3,,0.0,2015.0,Kananga,Plateau,1.0,,4.0,,DIMBELENGE,17,,,,16000.0,3000.0,3,1.0,3.0,6.0,OK,1.0,1.0,1.0,1.0,OK,2.0,3.0,OK,2.0,3.0,10:08:43,10:08:43,5.0,3.0,2.0,3.0,1.0,2.0,2.0,3.0,2.0,2.0,2.0,2.0,1,,1.0,,1.0,,1,,1,,1.0,,1,,1.0,,3.0,1.0,1.0,1.0,1.0,4.0,2.0,1.0,1.0,1.0,1000.0,0.0,8.0,7.0,6.0,5.0,0,,3.0,4.0,3,,0.0,.,.,0.0,.,.,9999,,1,.,4,.,0,1.0,uuid:c56722b2-cea5-4175-86d5-de5fe95241ed,,,,,,.,,,,1.0,,,,,,29 Apr 2019,2019-04-29,,,,,,1.0,6.0,,,,,,,,,,,,,,,,,,,,N.U.,0.0
3,0,676,0.0,3.0,3.0,0.0,6.0,3.0,3.0,0.0,3.0,41.0,1,,6.0,1,,2018-04-09,uuid:fc3ae65c-859d-4d52-a1c0-cd5949329171,2018-04-09 15:52:19,2018-04-09 16:29:38,"Apr 9, 2018",3:52:00 PM,,,,12.0,12.0,1.0,1.0,26.0,LUALUA,,,,10,,1.0,,Katoka,Mpokolo,1.0,,4.0,,KAZUMBA,24,,,,15000.0,12000.0,1 3 6,4.0,3.0,2.0,OK,1.0,1.0,1.0,1.0,OK,1.0,1.0,OK,1.0,1.0,15:52:21,15:52:21,5.0,3.0,4.0,3.0,2.0,1.0,3.0,2.0,1.0,1.0,1.0,1.0,8,,2.0,,1.0,,1,,3,,1.0,,1,,0.0,4.0,1.0,3.0,4.0,2.0,2.0,1.0,3.0,3.0,1.0,2.0,200.0,800.0,9.0,5.0,4.0,3.0,0,,2.0,1.0,4,,0.0,.,.,0.0,.,.,6,,1,.,.,.,0,1.0,uuid:fc3ae65c-859d-4d52-a1c0-cd5949329171,,,,,,.,,,,1.0,,,,,,29 Apr 2019,2019-04-29,,,,,,1.0,41.0,,,,,,,,,,,,,,,,,,,,N.U.,0.0,0.0,2018-04-06,uuid:c56722b2-cea5-4175-86d5-de5fe95241ed,2018-04-06 10:08:42,,"Apr 6, 2018",10:08:00 AM,,,,9.0,9.0,1.0,1.0,25.0,LUNTU,,51.0,,3,,0.0,2015.0,Kananga,Plateau,1.0,,4.0,,DIMBELENGE,17,,,,16000.0,3000.0,3,1.0,3.0,6.0,OK,1.0,1.0,1.0,1.0,OK,2.0,3.0,OK,2.0,3.0,10:08:43,10:08:43,5.0,3.0,2.0,3.0,1.0,2.0,2.0,3.0,2.0,2.0,2.0,2.0,1,,1.0,,1.0,,1,,1,,1.0,,1,,1.0,,3.0,1.0,1.0,1.0,1.0,4.0,2.0,1.0,1.0,1.0,1000.0,0.0,8.0,7.0,6.0,5.0,0,,3.0,4.0,3,,0.0,.,.,0.0,.,.,9999,,1,.,4,.,0,1.0,uuid:c56722b2-cea5-4175-86d5-de5fe95241ed,,,,,,.,,,,1.0,,,,,,29 Apr 2019,2019-04-29,,,,,,1.0,6.0,,,,,,,,,,,,,,,,,,,,N.U.,0.0
3,1,106,1.0,8.0,15.0,0.0,23.0,4.0,7.5,0.0,11.5,83.0,1,,47.0,1,,2018-04-30,uuid:c0bb8a71-f4a8-4868-b813-895359d250d4,2018-04-30 10:11:52,2018-04-30 11:02:05,"Apr 30, 2018",10:12:00 AM,,,,109.0,109.0,1.0,1.0,23.0,LUALUA,.,,,12,,0.0,2006.0,Katoka,Kele kele,1.0,,4.0,,KAZUMBA,0,,9,.,55000.0,35000.0,0,0.0,4.0,4.0,OK,1.0,1.0,0.0,1.0,OK,3.0,3.0,OK,3.0,3.0,10:11:53,10:11:53,3.0,3.0,3.0,3.0,1.0,1.0,2.0,1.0,2.0,2.0,1.0,2.0,3,,3.0,,3.0,,7,,3,,3.0,,3,,0.0,1.0,1.0,1.0,3.0,1.0,1.0,1.0,4.0,1.0,1.0,1.0,400.0,600.0,10.0,5.0,4.0,3.0,0,,2.0,0.0,3,,1.0,3,,1.0,8,,6,,1,.,,.,0,1.0,uuid:c0bb8a71-f4a8-4868-b813-895359d250d4,,,,,,,,,,1.0,,,,,,29 Apr 2019,2019-04-29,,,,,,1.0,83.0,,,,,,,,,,,,,,,,,,,,N.U.,0.0,0.0,2018-04-10,uuid:4942c4c4-3b67-43bf-bc9e-29de8c2ed36a,2018-04-10 12:00:15,2018-04-10 12:45:42,"Apr 10, 2018",12:00:00 PM,,,,32.0,32.0,1.0,1.0,26.0,LUALUA,,,,3,,1.0,,Kananga,Industrielle,1.0,,4.0,,KAZUMBA,27,,,,120000.0,30000.0,3 4 5,5.0,4.0,5.0,OK,1.0,1.0,0.0,0.0,OK,2.0,2.0,OK,1.0,1.0,12:00:17,12:00:17,3.0,4.0,4.0,3.0,1.0,1.0,3.0,1.0,2.0,2.0,2.0,2.0,2,,1.0,,4.0,,2,,2,,2.0,,2,,1.0,,3.0,3.0,4.0,1.0,1.0,2.0,2.0,1.0,1.0,2.0,300.0,700.0,8.0,5.0,3.0,2.0,0,,0.0,3.0,1,,0.0,.,.,0.0,.,.,other,Un frère qui n'est pas de mon église,1,.,1,.,Une personne honnête.,1.0,uuid:4942c4c4-3b67-43bf-bc9e-29de8c2ed36a,,,,,,.,,,,2.0,,,,,,29 Apr 2019,2019-04-29,,,,,,1.0,47.0,,,,,,,,,,,,,,,,,,,,N.U.,0.0
3,1,116,1.0,5.0,18.0,0.0,23.0,2.5,9.0,0.0,11.5,20.0,1,,55.0,1,,2018-04-06,uuid:7f5744b5-6d02-46a1-9264-de719773f4a9,2018-04-06 19:35:41,2018-04-06 20:17:36,"Apr 6, 2018",7:35:00 PM,,,,15.0,15.0,1.0,1.0,22.0,KUBA,,7.0,,1,,1.0,,Katoka,Mpokolo,1.0,,4.0,,MWEKA,0,,other,Electronicien,150000.0,7500.0,3,8.0,4.0,4.0,OK,1.0,1.0,0.0,1.0,OK,2.0,3.0,OK,2.0,2.0,10:35:42,10:35:42,5.0,3.0,3.0,3.0,1.0,2.0,2.0,4.0,2.0,2.0,2.0,2.0,1,,3.0,,2.0,,2,,2,,2.0,,2,,1.0,,2.0,2.0,2.0,1.0,2.0,3.0,4.0,1.0,1.0,2.0,800.0,200.0,8.0,7.0,5.0,4.0,0,,0.0,6.0,4,,1.0,4,.,0.0,.,.,7,,1,.,1,.,0,2.0,uuid:7f5744b5-6d02-46a1-9264-de719773f4a9,,,,,,.,,,,1.0,,,,,,29 Apr 2019,2019-04-29,,,,,,1.0,20.0,,,,,,,,,,,,,,,,,,,,N.U.,0.0,0.0,2018-04-11,uuid:e4d1925a-67fc-4ce6-a834-24f3e73f41ee,2018-04-11 16:55:43,2018-04-11 17:27:22,"Apr 11, 2018",4:55:00 PM,,,,51.0,51.0,1.0,1.0,29.0,LUALUA,,,,3,,1.0,,Katoka,Mpokolo,1.0,,4.0,,DEMBA,30,,,,100000.0,40000.0,0,0.0,4.0,5.0,OK,1.0,1.0,0.0,0.0,OK,1.0,1.0,OK,1.0,1.0,16:55:45,16:55:45,3.0,3.0,2.0,2.0,2.0,2.0,3.0,1.0,3.0,2.0,1.0,4.0,8,,3.0,,7.0,,2,,1,,2.0,,2,,1.0,,1.0,1.0,3.0,2.0,2.0,2.0,4.0,1.0,1.0,2.0,500.0,500.0,10.0,8.0,5.0,3.0,0,,3.0,3.0,3,,0.0,.,.,0.0,.,.,4,,1,.,1,.,0,1.0,uuid:e4d1925a-67fc-4ce6-a834-24f3e73f41ee,,,,,,.,,,,1.0,,,,,,29 Apr 2019,2019-04-29,,,,,,1.0,55.0,,,,,,,,,,,,,,,,,,,,N.U.,0.0
3,1,117,1.0,6.0,16.0,0.0,22.0,3.0,8.0,0.0,11.0,45.0,1,,22.0,1,,2018-04-10,uuid:71419d38-5b75-458a-bde4-5cb7c5694a6f,2018-04-10 10:32:02,2018-04-10 11:14:13,"Apr 10, 2018",10:32:00 AM,,,,74.0,74.0,1.0,1.0,30.0,LUALUA,,,,3,,1.0,,Kananga,Malandji,1.0,,4.0,,DEMBA,24,,,,250000.0,45000.0,3 4 6,0.0,3.0,3.0,OK,1.0,1.0,1.0,1.0,OK,2.0,2.0,OK,2.0,2.0,10:32:04,10:32:04,5.0,5.0,3.0,3.0,2.0,2.0,2.0,4.0,2.0,2.0,2.0,2.0,2,,2.0,,2.0,,2,,2,,2.0,,2,,0.0,4.0,1.0,1.0,1.0,1.0,1.0,1.0,3.0,1.0,1.0,3.0,600.0,400.0,10.0,5.0,2.0,1.0,0,,0.0,3.0,4,,0.0,.,.,0.0,.,.,9999,,1,.,1,.,0,2.0,uuid:71419d38-5b75-458a-bde4-5cb7c5694a6f,,,,,,.,,,,1.0,,,,,,29 Apr 2019,2019-04-29,,,,,,1.0,45.0,,,,,,,,,,,,,,,,,,,,N.U.,0.0,0.0,2018-04-06,uuid:df9cdea1-b392-40b8-9d3b-f3bde0ead25a,2018-04-06 20:59:45,2018-04-06 21:35:48,"Apr 6, 2018",8:59:00 PM,,,,19.0,19.0,2.0,1.0,30.0,LUALUA,,,,8,,0.0,2008.0,Katoka,Mpokolo,1.0,,4.0,,LUIZA,17,,,,480000.0,40000.0,3,3.0,3.0,6.0,OK,1.0,1.0,1.0,1.0,OK,1.0,2.0,OK,2.0,3.0,11:59:47,11:59:47,3.0,3.0,3.0,3.0,2.0,1.0,1.0,1.0,1.0,2.0,3.0,4.0,2,,2.0,,2.0,,2,,2,,2.0,,2,,1.0,,2.0,2.0,2.0,2.0,1.0,1.0,7.0,2.0,1.0,3.0,100.0,900.0,7.0,5.0,3.0,2.0,0,,2.0,3.0,4,,0.0,.,.,1.0,8,.,4,,1,.,1,.,0,1.0,uuid:df9cdea1-b392-40b8-9d3b-f3bde0ead25a,,,,,,.,,,,1.0,,,,,,29 Apr 2019,2019-04-29,,,,,,1.0,22.0,,,,,,,,,,,,,,,,,,,,N.U.,0.0
3,1,206,1.0,5.0,18.0,0.0,23.0,2.5,9.0,0.0,11.5,20.0,1,,55.0,1,,2018-04-06,uuid:7f5744b5-6d02-46a1-9264-de719773f4a9,2018-04-06 19:35:41,2018-04-06 20:17:36,"Apr 6, 2018",7:35:00 PM,,,,15.0,15.0,1.0,1.0,22.0,KUBA,,7.0,,1,,1.0,,Katoka,Mpokolo,1.0,,4.0,,MWEKA,0,,other,Electronicien,150000.0,7500.0,3,8.0,4.0,4.0,OK,1.0,1.0,0.0,1.0,OK,2.0,3.0,OK,2.0,2.0,10:35:42,10:35:42,5.0,3.0,3.0,3.0,1.0,2.0,2.0,4.0,2.0,2.0,2.0,2.0,1,,3.0,,2.0,,2,,2,,2.0,,2,,1.0,,2.0,2.0,2.0,1.0,2.0,3.0,4.0,1.0,1.0,2.0,800.0,200.0,8.0,7.0,5.0,4.0,0,,0.0,6.0,4,,1.0,4,.,0.0,.,.,7,,1,.,1,.,0,2.0,uuid:7f5744b5-6d02-46a1-9264-de719773f4a9,,,,,,.,,,,1.0,,,,,,29 Apr 2019,2019-04-29,,,,,,1.0,20.0,,,,,,,,,,,,,,,,,,,,N.U.,0.0,0.0,2018-04-11,uuid:e4d1925a-67fc-4ce6-a834-24f3e73f41ee,2018-04-11 16:55:43,2018-04-11 17:27:22,"Apr 11, 2018",4:55:00 PM,,,,51.0,51.0,1.0,1.0,29.0,LUALUA,,,,3,,1.0,,Katoka,Mpokolo,1.0,,4.0,,DEMBA,30,,,,100000.0,40000.0,0,0.0,4.0,5.0,OK,1.0,1.0,0.0,0.0,OK,1.0,1.0,OK,1.0,1.0,16:55:45,16:55:45,3.0,3.0,2.0,2.0,2.0,2.0,3.0,1.0,3.0,2.0,1.0,4.0,8,,3.0,,7.0,,2,,1,,2.0,,2,,1.0,,1.0,1.0,3.0,2.0,2.0,2.0,4.0,1.0,1.0,2.0,500.0,500.0,10.0,8.0,5.0,3.0,0,,3.0,3.0,3,,0.0,.,.,0.0,.,.,4,,1,.,1,.,0,1.0,uuid:e4d1925a-67fc-4ce6-a834-24f3e73f41ee,,,,,,.,,,,1.0,,,,,,29 Apr 2019,2019-04-29,,,,,,1.0,55.0,,,,,,,,,,,,,,,,,,,,N.U.,0.0
3,1,216,1.0,8.0,15.0,0.0,23.0,4.0,7.5,0.0,11.5,,1,,,1,,2018-04-13,uuid:8f434b3d-641d-4bbb-87de-7fd7917953c4,2018-04-13 12:38:20,2018-04-13 13:16:39,"Apr 13, 2018",12:38:00 PM,,,,80.0,80.0,1.0,1.0,46.0,LUALUA,,,,3,,0.0,2008.0,Kananga,Kamayi,1.0,,4.0,,DEMBA,18,,,,492000.0,8000.0,3,3.0,4.0,3.0,OK,1.0,1.0,0.0,1.0,OK,1.0,1.0,OK,1.0,1.0,12:38:21,12:38:21,5.0,5.0,1.0,3.0,1.0,1.0,2.0,2.0,2.0,2.0,2.0,2.0,1,,1.0,,1.0,,1,,1,,1.0,,1,,0.0,4.0,1.0,1.0,2.0,1.0,1.0,3.0,4.0,2.0,2.0,3.0,100.0,900.0,10.0,2.0,1.0,0.0,other,Je ne travaille pas à la dgrkoc j'attends la réponse  de ma demande,0.0,0.0,other,Je ne travaille pas encore la bas,0.0,.,.,0.0,.,.,2,,1,.,1,.,0,1.0,uuid:8f434b3d-641d-4bbb-87de-7fd7917953c4,,,,,,.,,,,1.0,,,,,,29 Apr 2019,2019-04-29,,,,,,1.0,66.0,,,,,,,,,,,,,,,,,,,,N.U.,0.0,0.0,2018-05-22,uuid:5899215c-83da-4387-8f64-aced73d64df5,2018-05-22 14:14:37,2018-05-22 15:06:40,"May 22, 2018",2:14:00 PM,,,,125.0,125.0,1.0,1.0,31.0,BINDI,.,,,3,,0.0,2009.0,Kananga,Tshisambi,1.0,,4.0,,KAZUMBA,9,,.,.,40000.0,5000.0,1 3 4 5,1.0,4.0,5.0,OK,1.0,0.0,0.0,0.0,OK,3.0,3.0,OK,2.0,2.0,14:14:38,14:14:38,4.0,3.0,1.0,2.0,1.0,2.0,4.0,2.0,2.0,2.0,2.0,3.0,1,,2.0,,2.0,,2,,3,,1.0,,2,,1.0,,1.0,1.0,1.0,1.0,1.0,3.0,1.0,1.0,1.0,3.0,900.0,100.0,8.0,5.0,4.0,2.0,0,,0.0,0.0,2,,0.0,,,0.0,,,6,,1,.,1,.,Il fallait beaucoup expliquer afin qu il comprenne si non il ne comprenait pas.,1.0,uuid:5899215c-83da-4387-8f64-aced73d64df5,,,,,,,,,,1.0,,,,,,29 Apr 2019,2019-04-29,,,,,,1.0,103.0,,,,,,,,,,,,,,,,,,,,N.U.,0.0
3,1,221,1.0,5.0,18.0,0.0,23.0,2.5,9.0,0.0,11.5,35.0,1,,44.0,1,,2018-04-08,uuid:c58c67f9-c3cb-4834-864e-c775796090a4,2018-04-08 18:11:10,2018-04-08 18:55:29,"Apr 8, 2018",6:11:00 PM,,,,61.0,61.0,1.0,1.0,26.0,LUALUA,,,,1,,1.0,,Katoka,Mpokolo,1.0,,4.0,,DEMBA,15,,,,200000.0,50000.0,3 4,3.0,3.0,6.0,OK,1.0,1.0,1.0,0.0,OK,2.0,2.0,OK,1.0,1.0,18:11:11,18:11:11,3.0,3.0,3.0,3.0,1.0,2.0,2.0,4.0,1.0,2.0,2.0,2.0,1,,1.0,,1.0,,1,,1,,1.0,,1,,0.0,4.0,1.0,1.0,1.0,1.0,2.0,1.0,4.0,2.0,2.0,1.0,900.0,100.0,10.0,9.0,8.0,7.0,0,,0.0,2.0,4,,0.0,.,.,1.0,3,.,4,,1,.,1,.,0,2.0,uuid:c58c67f9-c3cb-4834-864e-c775796090a4,,,,,,.,,,,1.0,,,,,,29 Apr 2019,2019-04-29,,,,,,1.0,35.0,,,,,,,,,,,,,,,,,,,,N.U.,0.0,0.0,2018-04-09,uuid:b39f302d-1342-4bac-adef-e38adf37aa39,2018-04-09 19:28:58,2018-04-09 19:59:15,"Apr 9, 2018",7:29:00 PM,,,,22.0,22.0,1.0,1.0,24.0,LULUWA,,44.0,,12,,1.0,,Kananga,Plateau,0.0,,4.0,,DIBAYA,27,,,,560000.0,120000.0,1 3 4 5 6,6.0,4.0,5.0,OK,1.0,1.0,1.0,1.0,OK,2.0,2.0,OK,1.0,1.0,10:29:00,10:29:00,5.0,5.0,2.0,3.0,1.0,2.0,4.0,2.0,2.0,2.0,2.0,2.0,2,,2.0,,2.0,,2,,3,,2.0,,2,,0.0,4.0,2.0,2.0,2.0,2.0,2.0,1.0,4.0,1.0,1.0,2.0,500.0,500.0,7.0,5.0,4.0,2.0,0,,0.0,4.0,1,,0.0,.,.,1.0,8,.,2,,1,.,.,.,0,1.0,uuid:b39f302d-1342-4bac-adef-e38adf37aa39,,,,,,.,,,,2.0,,,,,,29 Apr 2019,2019-04-29,,,,,,1.0,44.0,,,,,,,,,,,,,,,,,,,,N.U.,0.0
3,1,233,1.0,5.0,18.0,0.0,23.0,2.5,9.0,0.0,11.5,90.0,1,,82.0,1,,2018-05-21,uuid:acd7c7e6-9c34-4730-b887-ee35efc0720b,2018-05-21 13:22:42,2018-05-21 13:54:52,"May 21, 2018",1:24:00 PM,,,,111.0,111.0,1.0,1.0,23.0,LUALUA,.,,,1,,1.0,,Katoka,Mpokolo,1.0,,4.0,,DIBAYA,4,,.,.,250000.0,3000.0,0,3.0,2.0,2.0,OK,1.0,0.0,1.0,0.0,OK,2.0,2.0,OK,2.0,2.0,13:22:42,13:22:42,5.0,5.0,3.0,3.0,2.0,2.0,2.0,2.0,2.0,2.0,2.0,3.0,8,,2.0,,1.0,,1,,1,,8.0,,2,,0.0,1.0,3.0,2.0,1.0,1.0,1.0,2.0,4.0,3.0,2.0,2.0,600.0,400.0,5.0,2.0,1.0,0.0,0,,0.0,1.0,2,,1.0,3,,1.0,other,Beau frère,9999,,1,.,1,.,0,2.0,uuid:acd7c7e6-9c34-4730-b887-ee35efc0720b,,,,,,,,,,1.0,,,,,,29 Apr 2019,2019-04-29,,,,,,1.0,90.0,,,,,,,,,,,,,,,,,,,,N.U.,0.0,0.0,2018-04-30,uuid:45b7e49c-0d35-4963-a969-6c0aec4af364,2018-04-30 09:11:14,2018-04-30 10:09:56,"Apr 30, 2018",9:31:00 AM,,,,108.0,108.0,1.0,1.0,25.0,LUALUA,.,,,12,,0.0,2002.0,Katoka,Kapanda,1.0,,4.0,,KAMONIA,27,,.,.,50000.0,10000.0,3,2.0,4.0,5.0,OK,1.0,1.0,0.0,0.0,OK,2.0,2.0,OK,1.0,1.0,09:11:15,09:11:15,5.0,3.0,3.0,2.0,2.0,1.0,2.0,2.0,3.0,3.0,1.0,2.0,8,,1.0,,8.0,,2,,1,,8.0,,2,,0.0,4.0,2.0,3.0,3.0,1.0,1.0,2.0,4.0,1.0,1.0,1.0,500.0,500.0,5.0,2.0,1.0,0.0,other,Il était là comme stagiaire,0.0,3.0,other,L'université l'avait recommandé d'aller faire son stage à la dgrkoc,0.0,,,0.0,,,9999,,1,.,1,.,0,1.0,uuid:45b7e49c-0d35-4963-a969-6c0aec4af364,,,,,,,,,,1.0,,,,,,29 Apr 2019,2019-04-29,,,,,,1.0,82.0,,,,,,,,,,,,,,,,,,,,N.U.,0.0
3,1,236,1.0,8.0,15.0,0.0,23.0,4.0,7.5,0.0,11.5,83.0,1,,47.0,1,,2018-04-30,uuid:c0bb8a71-f4a8-4868-b813-895359d250d4,2018-04-30 10:11:52,2018-04-30 11:02:05,"Apr 30, 2018",10:12:00 AM,,,,109.0,109.0,1.0,1.0,23.0,LUALUA,.,,,12,,0.0,2006.0,Katoka,Kele kele,1.0,,4.0,,KAZUMBA,0,,9,.,55000.0,35000.0,0,0.0,4.0,4.0,OK,1.0,1.0,0.0,1.0,OK,3.0,3.0,OK,3.0,3.0,10:11:53,10:11:53,3.0,3.0,3.0,3.0,1.0,1.0,2.0,1.0,2.0,2.0,1.0,2.0,3,,3.0,,3.0,,7,,3,,3.0,,3,,0.0,1.0,1.0,1.0,3.0,1.0,1.0,1.0,4.0,1.0,1.0,1.0,400.0,600.0,10.0,5.0,4.0,3.0,0,,2.0,0.0,3,,1.0,3,,1.0,8,,6,,1,.,,.,0,1.0,uuid:c0bb8a71-f4a8-4868-b813-895359d250d4,,,,,,,,,,1.0,,,,,,29 Apr 2019,2019-04-29,,,,,,1.0,83.0,,,,,,,,,,,,,,,,,,,,N.U.,0.0,0.0,2018-04-10,uuid:4942c4c4-3b67-43bf-bc9e-29de8c2ed36a,2018-04-10 12:00:15,2018-04-10 12:45:42,"Apr 10, 2018",12:00:00 PM,,,,32.0,32.0,1.0,1.0,26.0,LUALUA,,,,3,,1.0,,Kananga,Industrielle,1.0,,4.0,,KAZUMBA,27,,,,120000.0,30000.0,3 4 5,5.0,4.0,5.0,OK,1.0,1.0,0.0,0.0,OK,2.0,2.0,OK,1.0,1.0,12:00:17,12:00:17,3.0,4.0,4.0,3.0,1.0,1.0,3.0,1.0,2.0,2.0,2.0,2.0,2,,1.0,,4.0,,2,,2,,2.0,,2,,1.0,,3.0,3.0,4.0,1.0,1.0,2.0,2.0,1.0,1.0,2.0,300.0,700.0,8.0,5.0,3.0,2.0,0,,0.0,3.0,1,,0.0,.,.,0.0,.,.,other,Un frère qui n'est pas de mon église,1,.,1,.,Une personne honnête.,1.0,uuid:4942c4c4-3b67-43bf-bc9e-29de8c2ed36a,,,,,,.,,,,2.0,,,,,,29 Apr 2019,2019-04-29,,,,,,1.0,47.0,,,,,,,,,,,,,,,,,,,,N.U.,0.0
3,1,245,1.0,6.0,17.0,0.0,23.0,3.0,8.5,0.0,11.5,9.0,1,,71.0,1,,2018-04-06,uuid:ded3e597-b17f-46a1-8df5-253e81cb6f37,2018-04-06 11:58:06,,"Apr 6, 2018",11:58:00 AM,,,,18.0,18.0,1.0,1.0,30.0,LULUWA,,,Bena diulu,3,,1.0,,Lukonga,Dikongayi,,,4.0,,DEMBA,27,,,,100000.0,50000.0,4,7.0,4.0,5.0,OK,1.0,1.0,1.0,1.0,OK,1.0,2.0,OK,1.0,1.0,11:58:08,11:58:08,3.0,3.0,3.0,3.0,2.0,1.0,1.0,1.0,1.0,2.0,2.0,2.0,1,,1.0,,1.0,,1,,1,,1.0,,1,,0.0,1.0,3.0,2.0,3.0,3.0,2.0,3.0,1.0,1.0,1.0,2.0,800.0,200.0,10.0,8.0,7.0,5.0,0,,1.0,6.0,3,,1.0,3,.,0.0,.,.,2,,1,.,5,.,0,1.0,uuid:ded3e597-b17f-46a1-8df5-253e81cb6f37,,,,,,.,,,,1.0,,,,,,29 Apr 2019,2019-04-29,,,,,,1.0,9.0,,,,,,,,,,,,,,,,,,,,N.U.,0.0,0.0,2018-04-26,uuid:2120a121-51d0-4386-bd4a-6fd6abcd95be,2018-04-26 09:13:31,2018-04-26 09:52:34,"Apr 26, 2018",9:13:00 AM,,,,85.0,85.0,1.0,1.0,38.0,LUALUA,.,,,12,,0.0,1985.0,Katoka,Kapanda,1.0,,4.0,,KAZUMBA,4,,.,.,160000.0,38000.0,3,2.0,4.0,4.0,OK,1.0,1.0,0.0,1.0,OK,3.0,3.0,OK,2.0,2.0,09:13:32,09:13:32,5.0,5.0,1.0,3.0,2.0,1.0,1.0,2.0,2.0,2.0,2.0,2.0,3,,3.0,,3.0,,2,,3,,2.0,,3,,0.0,1.0,2.0,2.0,2.0,1.0,1.0,1.0,4.0,1.0,1.0,3.0,600.0,400.0,10.0,8.0,6.0,5.0,0,,2.0,3.0,2,,0.0,,,0.0,,,other,"Un pasteur qui n'est pas de mon eglise , on travaillé avec lui a la campagne  ",1,.,1,.,0,1.0,uuid:2120a121-51d0-4386-bd4a-6fd6abcd95be,,,,,,,,,,1.0,,,,,,29 Apr 2019,2019-04-29,,,,,,1.0,71.0,,,,,,,,,,,,,,,,,,,,N.U.,0.0
3,1,304,1.0,4.0,19.0,0.0,23.0,2.0,9.5,0.0,11.5,37.0,1,,56.0,1,,2018-04-09,uuid:a65038b1-c402-4bcb-8786-436f431c5ee7,2018-04-09 10:52:39,2018-04-09 11:21:29,"Apr 9, 2018",10:53:00 AM,,,,75.0,75.0,1.0,1.0,21.0,LULUWA,,,Tshialu mukombo,3,,0.0,2010.0,Katoka,Mpokolo,1.0,,4.0,,KAZUMBA,0,,other,Prise en charge familiale,0.0,0.0,0,8.0,3.0,6.0,OK,1.0,0.0,1.0,0.0,OK,2.0,3.0,OK,1.0,1.0,10:52:40,10:52:40,3.0,3.0,4.0,3.0,2.0,1.0,4.0,1.0,2.0,4.0,1.0,4.0,3,,2.0,,1.0,,2,,3,,1.0,,1,,0.0,4.0,1.0,3.0,3.0,3.0,3.0,1.0,4.0,1.0,1.0,2.0,0.0,0.0,8.0,5.0,5.0,3.0,0,,0.0,1.0,4,,0.0,.,.,0.0,.,.,4,,1,.,5,.,0,1.0,uuid:a65038b1-c402-4bcb-8786-436f431c5ee7,,,,,,.,,,,1.0,,,,,,29 Apr 2019,2019-04-29,,,,,,1.0,37.0,,,,,,,,,,,,,,,,1.0,,,1.0,N.U.,0.0,0.0,2018-04-12,uuid:fff3a015-3067-40ab-b13b-c7798491c5d3,2018-04-12 09:12:15,2018-04-12 09:52:35,"Apr 12, 2018",9:12:00 AM,,,,66.0,66.0,1.0,1.0,26.0,LUALUA,,,,3,,1.0,,Kananga,Malandji,1.0,,4.0,,DIBAYA,0,,0,,10000.0,1000.0,3 4 5,1.0,4.0,4.0,OK,1.0,1.0,0.0,0.0,OK,1.0,1.0,OK,3.0,3.0,09:12:17,09:12:17,3.0,3.0,3.0,3.0,1.0,2.0,2.0,1.0,2.0,2.0,1.0,1.0,2,,2.0,,8.0,,2,,2,,8.0,,2,,1.0,,1.0,1.0,1.0,1.0,1.0,4.0,1.0,1.0,1.0,2.0,700.0,300.0,10.0,7.0,6.0,4.0,0,,0.0,1.0,4,,0.0,.,.,0.0,.,.,9999,,1,.,1,.,0,1.0,uuid:fff3a015-3067-40ab-b13b-c7798491c5d3,,,,,,.,,,,1.0,,,,,,29 Apr 2019,2019-04-29,,,,,,1.0,56.0,,,,,,,,,,,,,,,,,,,,N.U.,0.0
3,1,337,1.0,6.0,17.0,0.0,23.0,3.0,8.5,0.0,11.5,18.0,1,,,1,,2018-04-06,uuid:c5ca5212-b840-4a26-8c33-88a33844849b,2018-04-06 18:14:32,2018-04-06 18:52:46,"Apr 6, 2018",6:14:00 PM,,,,35.0,35.0,1.0,1.0,46.0,LUNTU,,52.0,,12,,0.0,1996.0,Kananga,Plateau,1.0,,4.0,,DIMBELENGE,30,,,,150000.0,35000.0,3,2.0,3.0,6.0,OK,1.0,0.0,0.0,1.0,OK,1.0,2.0,OK,1.0,2.0,09:14:33,09:14:33,5.0,5.0,3.0,3.0,2.0,2.0,2.0,2.0,2.0,2.0,2.0,4.0,1,,1.0,,1.0,,1,,1,,1.0,,2,,1.0,,3.0,3.0,3.0,3.0,1.0,1.0,4.0,1.0,1.0,3.0,800.0,200.0,7.0,5.0,4.0,3.0,0,,0.0,4.0,2,,1.0,9,.,0.0,.,.,other,Aucun,1,.,1,.,0,1.0,uuid:c5ca5212-b840-4a26-8c33-88a33844849b,,,,,,.,,,,1.0,,,,,,29 Apr 2019,2019-04-29,,,,,,1.0,18.0,,,,,,,,,,,,,,,,,,,,N.U.,0.0,0.0,2018-04-26,uuid:5ea99866-881e-4d9c-bbb1-8abc8f30a138,2018-04-26 11:31:21,2018-04-26 11:57:46,"Apr 26, 2018",11:31:00 AM,,,,88.0,88.0,1.0,1.0,28.0,LULUWA,.,,Bena biduaya,1,,0.0,2005.0,Katoka,Mpokolo,1.0,,4.0,,KAZUMBA,17,,.,.,81000.0,50000.0,3 4 6,6.0,4.0,5.0,OK,1.0,1.0,0.0,1.0,OK,1.0,1.0,OK,1.0,1.0,11:31:22,11:31:22,3.0,3.0,4.0,3.0,2.0,1.0,2.0,2.0,1.0,1.0,2.0,1.0,2,,2.0,,2.0,,2,,2,,2.0,,2,,0.0,4.0,1.0,3.0,3.0,1.0,2.0,1.0,1.0,1.0,1.0,1.0,500.0,500.0,6.0,5.0,3.0,2.0,0,,0.0,6.0,1,,0.0,,,0.0,,,6,,1,.,1,.,0,1.0,uuid:5ea99866-881e-4d9c-bbb1-8abc8f30a138,,,,,,,,,,1.0,,,,,,29 Apr 2019,2019-04-29,,,,,,1.0,74.0,,,,,,,,,,,,,,,,,,,,N.U.,0.0
3,1,338,1.0,6.0,17.0,0.0,23.0,3.0,8.5,0.0,11.5,13.0,1,,,1,,2018-04-06,uuid:34057916-aa69-453d-9561-e96e7822c8ac,2018-04-06 16:02:16,2018-04-06 16:33:56,"Apr 6, 2018",4:02:00 PM,,,,30.0,30.0,1.0,1.0,26.0,LUBA,,,Bena muya,12,,1.0,,Kananga,Tshinsambi,1.0,,5.0,,KABEYA-KAMWANGA,17,,,,50000.0,27000.0,3 4,4.0,4.0,3.0,OK,1.0,1.0,1.0,1.0,OK,2.0,2.0,OK,1.0,1.0,16:02:17,16:02:17,3.0,4.0,3.0,3.0,1.0,4.0,3.0,2.0,2.0,2.0,2.0,3.0,1,,2.0,,2.0,,2,,2,,1.0,,2,,1.0,,2.0,3.0,3.0,2.0,2.0,1.0,4.0,1.0,2.0,3.0,600.0,400.0,8.0,5.0,3.0,1.0,0,,2.0,3.0,4,,0.0,.,.,0.0,.,.,9999,,1,.,1,.,0,1.0,uuid:34057916-aa69-453d-9561-e96e7822c8ac,,,,,,.,,,,1.0,,,,,,29 Apr 2019,2019-04-29,,,,,,1.0,13.0,,,,,,,,,,,,,,,,,,,,N.U.,0.0,0.0,2018-04-08,uuid:db5f1993-b5c1-4a20-8a63-1322ef5cc1c6,2018-04-08 09:50:41,2018-04-08 10:38:25,"Apr 8, 2018",8:09:00 AM,,,,1.0,1.0,1.0,1.0,38.0,KETE,,,,12,,0.0,2012.0,Katoka,Pokolo,1.0,,4.0,,TSHIKAPA,other,Il travaillait à la dgrkoc,,,90000.0,21000.0,3,2.0,4.0,3.0,OK,1.0,1.0,0.0,1.0,OK,2.0,2.0,OK,1.0,2.0,09:50:42,09:50:42,5.0,2.0,3.0,3.0,1.0,2.0,3.0,2.0,2.0,1.0,1.0,2.0,1,,2.0,,1.0,,2,,1,,1.0,,1,,1.0,,1.0,1.0,1.0,1.0,1.0,2.0,2.0,1.0,1.0,1.0,750.0,250.0,10.0,9.0,8.0,7.0,3,,1.0,3.0,4,,0.0,.,.,0.0,.,.,9999,,1,.,1,.,0,1.0,uuid:db5f1993-b5c1-4a20-8a63-1322ef5cc1c6,,,,,,.,,,,1.0,,,,,,29 Apr 2019,2019-04-29,,,,,,1.0,25.0,,,,,,,,,,,,,,,,,,,,C.B. a.i.,0.0
3,1,348,1.0,5.0,18.0,0.0,23.0,2.5,9.0,0.0,11.5,35.0,1,,44.0,1,,2018-04-08,uuid:c58c67f9-c3cb-4834-864e-c775796090a4,2018-04-08 18:11:10,2018-04-08 18:55:29,"Apr 8, 2018",6:11:00 PM,,,,61.0,61.0,1.0,1.0,26.0,LUALUA,,,,1,,1.0,,Katoka,Mpokolo,1.0,,4.0,,DEMBA,15,,,,200000.0,50000.0,3 4,3.0,3.0,6.0,OK,1.0,1.0,1.0,0.0,OK,2.0,2.0,OK,1.0,1.0,18:11:11,18:11:11,3.0,3.0,3.0,3.0,1.0,2.0,2.0,4.0,1.0,2.0,2.0,2.0,1,,1.0,,1.0,,1,,1,,1.0,,1,,0.0,4.0,1.0,1.0,1.0,1.0,2.0,1.0,4.0,2.0,2.0,1.0,900.0,100.0,10.0,9.0,8.0,7.0,0,,0.0,2.0,4,,0.0,.,.,1.0,3,.,4,,1,.,1,.,0,2.0,uuid:c58c67f9-c3cb-4834-864e-c775796090a4,,,,,,.,,,,1.0,,,,,,29 Apr 2019,2019-04-29,,,,,,1.0,35.0,,,,,,,,,,,,,,,,,,,,N.U.,0.0,0.0,2018-04-09,uuid:b39f302d-1342-4bac-adef-e38adf37aa39,2018-04-09 19:28:58,2018-04-09 19:59:15,"Apr 9, 2018",7:29:00 PM,,,,22.0,22.0,1.0,1.0,24.0,LULUWA,,44.0,,12,,1.0,,Kananga,Plateau,0.0,,4.0,,DIBAYA,27,,,,560000.0,120000.0,1 3 4 5 6,6.0,4.0,5.0,OK,1.0,1.0,1.0,1.0,OK,2.0,2.0,OK,1.0,1.0,10:29:00,10:29:00,5.0,5.0,2.0,3.0,1.0,2.0,4.0,2.0,2.0,2.0,2.0,2.0,2,,2.0,,2.0,,2,,3,,2.0,,2,,0.0,4.0,2.0,2.0,2.0,2.0,2.0,1.0,4.0,1.0,1.0,2.0,500.0,500.0,7.0,5.0,4.0,2.0,0,,0.0,4.0,1,,0.0,.,.,1.0,8,.,2,,1,.,.,.,0,1.0,uuid:b39f302d-1342-4bac-adef-e38adf37aa39,,,,,,.,,,,2.0,,,,,,29 Apr 2019,2019-04-29,,,,,,1.0,44.0,,,,,,,,,,,,,,,,,,,,N.U.,0.0
3,1,353,1.0,4.0,19.0,0.0,23.0,2.0,9.5,0.0,11.5,14.0,1,,77.0,1,,2018-04-06,uuid:7396dcd4-a963-40ba-a23e-0b69f6f6f71f,2018-04-06 16:07:18,2018-04-06 16:41:25,"Apr 6, 2018",4:07:00 PM,,,,62.0,62.0,1.0,1.0,49.0,LULUWA,,47.0,,4,,1.0,,Katoka,Kapanda,1.0,,4.0,,KAZUMBA,1,,,,133000.0,37000.0,3 4 6,5.0,4.0,3.0,OK,1.0,1.0,1.0,1.0,OK,1.0,1.0,OK,1.0,1.0,16:11:59,16:11:59,5.0,4.0,3.0,3.0,2.0,3.0,4.0,1.0,2.0,2.0,2.0,4.0,2,,8.0,,2.0,,2,,2,,8.0,,2,,1.0,,2.0,3.0,3.0,1.0,2.0,1.0,5.0,1.0,1.0,2.0,600.0,400.0,10.0,7.0,7.0,7.0,0,,0.0,6.0,2,,1.0,3,.,0.0,.,.,4,,1,.,.,.,0,1.0,uuid:7396dcd4-a963-40ba-a23e-0b69f6f6f71f,,,,,,.,,,,1.0,,,,,,29 Apr 2019,2019-04-29,,,,,,1.0,14.0,,,,,,,,,,,,,,,,1.0,1.0,1.0,1.0,N.U.,0.0,0.0,2018-04-27,uuid:576d33a5-e205-411e-ae9b-7ad03c97f91b,2018-04-27 11:17:43,2018-04-27 12:04:53,"Apr 27, 2018",11:17:00 AM,,,,89.0,89.0,1.0,1.0,27.0,LUALUA,.,,,2,,0.0,2000.0,Kananga,Tshisambi,1.0,,4.0,,LUIZA,22,,.,.,640000.0,200000.0,3 4,2.0,4.0,5.0,OK,1.0,1.0,0.0,0.0,OK,3.0,3.0,OK,3.0,3.0,11:17:43,11:17:43,3.0,3.0,2.0,3.0,2.0,1.0,2.0,1.0,1.0,1.0,1.0,1.0,1,,1.0,,1.0,,1,,3,,1.0,,1,,0.0,1.0,2.0,4.0,2.0,2.0,3.0,1.0,4.0,1.0,1.0,3.0,600.0,400.0,7.0,6.0,4.0,3.0,0,,1.0,2.0,3,,0.0,,,0.0,,,6,,1,.,1,.,0,1.0,uuid:576d33a5-e205-411e-ae9b-7ad03c97f91b,,,,,,,,,,1.0,,,,,,29 Apr 2019,2019-04-29,,,,,,1.0,78.0,,,,,,,,,,,,,,,,,,,,N.U.,0.0
3,1,360,1.0,6.0,17.0,0.0,23.0,3.0,8.5,0.0,11.5,18.0,1,,,1,,2018-04-06,uuid:c5ca5212-b840-4a26-8c33-88a33844849b,2018-04-06 18:14:32,2018-04-06 18:52:46,"Apr 6, 2018",6:14:00 PM,,,,35.0,35.0,1.0,1.0,46.0,LUNTU,,52.0,,12,,0.0,1996.0,Kananga,Plateau,1.0,,4.0,,DIMBELENGE,30,,,,150000.0,35000.0,3,2.0,3.0,6.0,OK,1.0,0.0,0.0,1.0,OK,1.0,2.0,OK,1.0,2.0,09:14:33,09:14:33,5.0,5.0,3.0,3.0,2.0,2.0,2.0,2.0,2.0,2.0,2.0,4.0,1,,1.0,,1.0,,1,,1,,1.0,,2,,1.0,,3.0,3.0,3.0,3.0,1.0,1.0,4.0,1.0,1.0,3.0,800.0,200.0,7.0,5.0,4.0,3.0,0,,0.0,4.0,2,,1.0,9,.,0.0,.,.,other,Aucun,1,.,1,.,0,1.0,uuid:c5ca5212-b840-4a26-8c33-88a33844849b,,,,,,.,,,,1.0,,,,,,29 Apr 2019,2019-04-29,,,,,,1.0,18.0,,,,,,,,,,,,,,,,,,,,N.U.,0.0,0.0,2018-04-26,uuid:5ea99866-881e-4d9c-bbb1-8abc8f30a138,2018-04-26 11:31:21,2018-04-26 11:57:46,"Apr 26, 2018",11:31:00 AM,,,,88.0,88.0,1.0,1.0,28.0,LULUWA,.,,Bena biduaya,1,,0.0,2005.0,Katoka,Mpokolo,1.0,,4.0,,KAZUMBA,17,,.,.,81000.0,50000.0,3 4 6,6.0,4.0,5.0,OK,1.0,1.0,0.0,1.0,OK,1.0,1.0,OK,1.0,1.0,11:31:22,11:31:22,3.0,3.0,4.0,3.0,2.0,1.0,2.0,2.0,1.0,1.0,2.0,1.0,2,,2.0,,2.0,,2,,2,,2.0,,2,,0.0,4.0,1.0,3.0,3.0,1.0,2.0,1.0,1.0,1.0,1.0,1.0,500.0,500.0,6.0,5.0,3.0,2.0,0,,0.0,6.0,1,,0.0,,,0.0,,,6,,1,.,1,.,0,1.0,uuid:5ea99866-881e-4d9c-bbb1-8abc8f30a138,,,,,,,,,,1.0,,,,,,29 Apr 2019,2019-04-29,,,,,,1.0,74.0,,,,,,,,,,,,,,,,,,,,N.U.,0.0
3,1,366,1.0,5.0,18.0,0.0,23.0,2.5,9.0,0.0,11.5,30.0,1,,101.0,1,,2018-04-08,uuid:45c5446d-07aa-4789-abf8-48dda47b20a4,2018-04-08 13:42:13,,"Apr 8, 2018",1:42:00 PM,,,,21.0,21.0,1.0,1.0,34.0,LUALUA,,,,2,,1.0,,Kanaga,Plateau,1.0,,4.0,,DIBAYA,other,Je travaillais à la Dgrkoc,,,174000.0,50000.0,3 6,4.0,4.0,1.0,OK,1.0,1.0,0.0,1.0,OK,2.0,2.0,OK,2.0,2.0,14:00:42,14:00:42,5.0,3.0,1.0,1.0,2.0,1.0,2.0,2.0,2.0,2.0,1.0,2.0,1,,2.0,,1.0,,2,,8,,1.0,,1,,0.0,4.0,1.0,2.0,2.0,2.0,1.0,1.0,4.0,1.0,1.0,1.0,1000.0,0.0,5.0,4.0,3.0,0.0,0,,1.0,3.0,4,,0.0,.,.,0.0,.,.,9999,,1,.,1,.,Il es tellement sur de ses reponses,1.0,uuid:45c5446d-07aa-4789-abf8-48dda47b20a4,,,,,,.,,,,2.0,,,,,,29 Apr 2019,2019-04-29,,,,,,1.0,30.0,,,,,,,,,,,,,,,,,,,,N.U.,0.0,0.0,2018-05-22,uuid:1082dae7-cf9f-46a0-a576-fd49b38ecd0a,2018-05-22 11:27:51,2018-05-22 12:01:36,"May 22, 2018",11:27:00 AM,,,,123.0,123.0,1.0,1.0,22.0,LUALUA,.,,,12,,1.0,,Kananga,Malandji,1.0,,4.0,,DIMBELENGE,4,,.,.,20000.0,5000.0,3,0.0,2.0,3.0,OK,1.0,1.0,0.0,0.0,OK,3.0,3.0,OK,3.0,3.0,11:27:51,11:27:51,3.0,3.0,3.0,3.0,2.0,2.0,3.0,3.0,3.0,3.0,2.0,1.0,8,,8.0,,8.0,,2,,8,,8.0,,2,,0.0,1.0,1.0,1.0,1.0,1.0,1.0,2.0,4.0,1.0,1.0,2.0,1000.0,0.0,6.0,5.0,4.0,3.0,0,,0.0,0.0,4,,0.0,,,0.0,,,9999,,1,.,,.,Il n'a jamais était à la dgrkoc on a juste pris son nom,2.0,uuid:1082dae7-cf9f-46a0-a576-fd49b38ecd0a,,,,,,,,,,1.0,,,,,,29 Apr 2019,2019-04-29,,,,,,1.0,101.0,,,,,,,,,,,,,,,,,,,,N.U.,0.0
3,1,518,1.0,7.0,16.0,0.0,23.0,3.5,8.0,0.0,11.5,98.0,1,,99.0,1,,2018-05-21,uuid:1f5de587-4605-4f4e-ae53-3d9559cc5bbd,2018-05-21 16:20:35,2018-05-21 17:05:42,"May 21, 2018",4:20:00 PM,,,,119.0,119.0,2.0,1.0,20.0,LUNTU,.,,Bakua tshibasu,3,,0.0,2005.0,Kananga, Malandji,1.0,,4.0,,DIMBELENGE,0,,6,.,150000.0,35000.0,3 4 6,2.0,4.0,3.0,OK,1.0,1.0,1.0,1.0,OK,1.0,1.0,OK,1.0,1.0,16:20:37,16:20:37,3.0,4.0,2.0,3.0,1.0,2.0,4.0,2.0,2.0,4.0,1.0,4.0,2,,3.0,,1.0,,1,,3,,2.0,,1,,0.0,4.0,1.0,1.0,1.0,1.0,1.0,2.0,4.0,1.0,1.0,3.0,900.0,100.0,8.0,6.0,4.0,2.0,0,,0.0,8.0,3,,0.0,,,0.0,,,9999,,6,.,6,.,0,1.0,uuid:1f5de587-4605-4f4e-ae53-3d9559cc5bbd,,,,,,,,,,1.0,,,,,,29 Apr 2019,2019-04-29,,,,,,1.0,98.0,,,,,,,,,,,,,,,,,,,,N.U.,0.0,0.0,2018-05-21,uuid:584cfc35-b8c5-4906-843e-e2c567070e2a,2018-05-21 16:38:20,2018-05-21 17:17:35,"May 21, 2018",4:38:00 PM,,,,120.0,120.0,1.0,1.0,34.0,BINDI,.,,,12,,0.0,2018.0,Katoka,Mpokolo,1.0,,4.0,,KAZUMBA,other,Travailler pour la ceni,.,.,320000.0,32000.0,0,3.0,4.0,5.0,OK,1.0,1.0,0.0,1.0,OK,3.0,3.0,OK,1.0,1.0,16:38:20,16:38:20,5.0,3.0,1.0,3.0,2.0,2.0,2.0,1.0,2.0,2.0,1.0,2.0,3,,1.0,,3.0,,1,,4,,1.0,,1,,0.0,4.0,1.0,2.0,2.0,1.0,1.0,2.0,4.0,1.0,1.0,3.0,500.0,500.0,8.0,6.0,5.0,4.0,0,,0.0,2.0,other,Grâce une demande faîte à l'onem  (office de demandeurs d'emplois ),0.0,,,0.0,,,9999,,1,.,1,.,0,1.0,uuid:584cfc35-b8c5-4906-843e-e2c567070e2a,,,,,,,,,,1.0,,,,,,29 Apr 2019,2019-04-29,,,,,,1.0,99.0,,,,,,,,,,,,,,,,,,,,N.U.,0.0
3,1,521,1.0,8.0,15.0,0.0,23.0,4.0,7.5,0.0,11.5,,1,,,1,,2018-04-13,uuid:8f434b3d-641d-4bbb-87de-7fd7917953c4,2018-04-13 12:38:20,2018-04-13 13:16:39,"Apr 13, 2018",12:38:00 PM,,,,80.0,80.0,1.0,1.0,46.0,LUALUA,,,,3,,0.0,2008.0,Kananga,Kamayi,1.0,,4.0,,DEMBA,18,,,,492000.0,8000.0,3,3.0,4.0,3.0,OK,1.0,1.0,0.0,1.0,OK,1.0,1.0,OK,1.0,1.0,12:38:21,12:38:21,5.0,5.0,1.0,3.0,1.0,1.0,2.0,2.0,2.0,2.0,2.0,2.0,1,,1.0,,1.0,,1,,1,,1.0,,1,,0.0,4.0,1.0,1.0,2.0,1.0,1.0,3.0,4.0,2.0,2.0,3.0,100.0,900.0,10.0,2.0,1.0,0.0,other,Je ne travaille pas à la dgrkoc j'attends la réponse  de ma demande,0.0,0.0,other,Je ne travaille pas encore la bas,0.0,.,.,0.0,.,.,2,,1,.,1,.,0,1.0,uuid:8f434b3d-641d-4bbb-87de-7fd7917953c4,,,,,,.,,,,1.0,,,,,,29 Apr 2019,2019-04-29,,,,,,1.0,66.0,,,,,,,,,,,,,,,,,,,,N.U.,0.0,0.0,2018-05-22,uuid:5899215c-83da-4387-8f64-aced73d64df5,2018-05-22 14:14:37,2018-05-22 15:06:40,"May 22, 2018",2:14:00 PM,,,,125.0,125.0,1.0,1.0,31.0,BINDI,.,,,3,,0.0,2009.0,Kananga,Tshisambi,1.0,,4.0,,KAZUMBA,9,,.,.,40000.0,5000.0,1 3 4 5,1.0,4.0,5.0,OK,1.0,0.0,0.0,0.0,OK,3.0,3.0,OK,2.0,2.0,14:14:38,14:14:38,4.0,3.0,1.0,2.0,1.0,2.0,4.0,2.0,2.0,2.0,2.0,3.0,1,,2.0,,2.0,,2,,3,,1.0,,2,,1.0,,1.0,1.0,1.0,1.0,1.0,3.0,1.0,1.0,1.0,3.0,900.0,100.0,8.0,5.0,4.0,2.0,0,,0.0,0.0,2,,0.0,,,0.0,,,6,,1,.,1,.,Il fallait beaucoup expliquer afin qu il comprenne si non il ne comprenait pas.,1.0,uuid:5899215c-83da-4387-8f64-aced73d64df5,,,,,,,,,,1.0,,,,,,29 Apr 2019,2019-04-29,,,,,,1.0,103.0,,,,,,,,,,,,,,,,,,,,N.U.,0.0
3,1,527,1.0,3.0,20.0,0.0,23.0,1.5,10.0,0.0,11.5,96.0,1,,8.0,1,,2018-05-21,uuid:1e1a6c9a-d8c0-4d9b-a8ca-0042b29fe7ac,2018-05-21 15:56:17,2018-05-21 16:37:31,"May 21, 2018",3:56:00 PM,,,,117.0,117.0,1.0,1.0,37.0,BINDI,.,,,12,,0.0,1987.0,Kananga,Malandji,1.0,,4.0,,KAZUMBA,25,,.,.,90000.0,21000.0,1 4,1.0,3.0,4.0,OK,1.0,1.0,0.0,1.0,OK,2.0,2.0,OK,1.0,1.0,15:56:17,15:56:17,5.0,5.0,3.0,3.0,2.0,2.0,2.0,3.0,2.0,2.0,2.0,1.0,1,,3.0,,1.0,,1,,3,,1.0,,1,,0.0,4.0,1.0,2.0,2.0,1.0,1.0,2.0,4.0,1.0,1.0,1.0,300.0,700.0,7.0,5.0,3.0,2.0,0,,1.0,0.0,4,,0.0,,,1.0,3,,9999,,1,.,1,.,Il prenez beaucoup de temps pour répondre,2.0,uuid:1e1a6c9a-d8c0-4d9b-a8ca-0042b29fe7ac,,,,,,,,,,1.0,,,,,,29 Apr 2019,2019-04-29,,,,,,1.0,96.0,,,,,,,,,,,,,,,,,,,,N.U.,0.0,0.0,2018-04-06,uuid:aca9f25e-94bb-4487-9f79-b397ed39edb8,2018-04-06 11:11:02,,"Apr 6, 2018",11:11:00 AM,,,,13.0,13.0,1.0,1.0,32.0,LULUWA,,,Bakua mbuyi,2,,1.0,,Ndesha,Lubuwa,1.0,,4.0,,DEMBA,17,,,,96000.0,250000.0,3 4,5.0,4.0,3.0,OK,1.0,0.0,0.0,1.0,OK,1.0,2.0,OK,1.0,1.0,11:11:03,11:11:03,3.0,3.0,2.0,3.0,1.0,1.0,1.0,1.0,1.0,2.0,1.0,1.0,1,,3.0,,3.0,,1,,3,,3.0,,3,,0.0,1.0,1.0,3.0,2.0,2.0,2.0,1.0,3.0,2.0,2.0,2.0,900.0,100.0,7.0,5.0,4.0,3.0,0,,1.0,0.0,3,,0.0,.,.,0.0,.,.,9999,,1,.,1,.,0,1.0,uuid:aca9f25e-94bb-4487-9f79-b397ed39edb8,,,,,,.,,,,1.0,,,,,,29 Apr 2019,2019-04-29,,,,,,1.0,8.0,,,,,,,,,,,,,,,,,,,,N.U.,0.0
3,1,542,1.0,7.0,16.0,0.0,23.0,3.5,8.0,0.0,11.5,98.0,1,,99.0,1,,2018-05-21,uuid:1f5de587-4605-4f4e-ae53-3d9559cc5bbd,2018-05-21 16:20:35,2018-05-21 17:05:42,"May 21, 2018",4:20:00 PM,,,,119.0,119.0,2.0,1.0,20.0,LUNTU,.,,Bakua tshibasu,3,,0.0,2005.0,Kananga, Malandji,1.0,,4.0,,DIMBELENGE,0,,6,.,150000.0,35000.0,3 4 6,2.0,4.0,3.0,OK,1.0,1.0,1.0,1.0,OK,1.0,1.0,OK,1.0,1.0,16:20:37,16:20:37,3.0,4.0,2.0,3.0,1.0,2.0,4.0,2.0,2.0,4.0,1.0,4.0,2,,3.0,,1.0,,1,,3,,2.0,,1,,0.0,4.0,1.0,1.0,1.0,1.0,1.0,2.0,4.0,1.0,1.0,3.0,900.0,100.0,8.0,6.0,4.0,2.0,0,,0.0,8.0,3,,0.0,,,0.0,,,9999,,6,.,6,.,0,1.0,uuid:1f5de587-4605-4f4e-ae53-3d9559cc5bbd,,,,,,,,,,1.0,,,,,,29 Apr 2019,2019-04-29,,,,,,1.0,98.0,,,,,,,,,,,,,,,,,,,,N.U.,0.0,0.0,2018-05-21,uuid:584cfc35-b8c5-4906-843e-e2c567070e2a,2018-05-21 16:38:20,2018-05-21 17:17:35,"May 21, 2018",4:38:00 PM,,,,120.0,120.0,1.0,1.0,34.0,BINDI,.,,,12,,0.0,2018.0,Katoka,Mpokolo,1.0,,4.0,,KAZUMBA,other,Travailler pour la ceni,.,.,320000.0,32000.0,0,3.0,4.0,5.0,OK,1.0,1.0,0.0,1.0,OK,3.0,3.0,OK,1.0,1.0,16:38:20,16:38:20,5.0,3.0,1.0,3.0,2.0,2.0,2.0,1.0,2.0,2.0,1.0,2.0,3,,1.0,,3.0,,1,,4,,1.0,,1,,0.0,4.0,1.0,2.0,2.0,1.0,1.0,2.0,4.0,1.0,1.0,3.0,500.0,500.0,8.0,6.0,5.0,4.0,0,,0.0,2.0,other,Grâce une demande faîte à l'onem  (office de demandeurs d'emplois ),0.0,,,0.0,,,9999,,1,.,1,.,0,1.0,uuid:584cfc35-b8c5-4906-843e-e2c567070e2a,,,,,,,,,,1.0,,,,,,29 Apr 2019,2019-04-29,,,,,,1.0,99.0,,,,,,,,,,,,,,,,,,,,N.U.,0.0
3,1,558,1.0,5.0,18.0,0.0,23.0,2.5,9.0,0.0,11.5,30.0,1,,101.0,1,,2018-04-08,uuid:45c5446d-07aa-4789-abf8-48dda47b20a4,2018-04-08 13:42:13,,"Apr 8, 2018",1:42:00 PM,,,,21.0,21.0,1.0,1.0,34.0,LUALUA,,,,2,,1.0,,Kanaga,Plateau,1.0,,4.0,,DIBAYA,other,Je travaillais à la Dgrkoc,,,174000.0,50000.0,3 6,4.0,4.0,1.0,OK,1.0,1.0,0.0,1.0,OK,2.0,2.0,OK,2.0,2.0,14:00:42,14:00:42,5.0,3.0,1.0,1.0,2.0,1.0,2.0,2.0,2.0,2.0,1.0,2.0,1,,2.0,,1.0,,2,,8,,1.0,,1,,0.0,4.0,1.0,2.0,2.0,2.0,1.0,1.0,4.0,1.0,1.0,1.0,1000.0,0.0,5.0,4.0,3.0,0.0,0,,1.0,3.0,4,,0.0,.,.,0.0,.,.,9999,,1,.,1,.,Il es tellement sur de ses reponses,1.0,uuid:45c5446d-07aa-4789-abf8-48dda47b20a4,,,,,,.,,,,2.0,,,,,,29 Apr 2019,2019-04-29,,,,,,1.0,30.0,,,,,,,,,,,,,,,,,,,,N.U.,0.0,0.0,2018-05-22,uuid:1082dae7-cf9f-46a0-a576-fd49b38ecd0a,2018-05-22 11:27:51,2018-05-22 12:01:36,"May 22, 2018",11:27:00 AM,,,,123.0,123.0,1.0,1.0,22.0,LUALUA,.,,,12,,1.0,,Kananga,Malandji,1.0,,4.0,,DIMBELENGE,4,,.,.,20000.0,5000.0,3,0.0,2.0,3.0,OK,1.0,1.0,0.0,0.0,OK,3.0,3.0,OK,3.0,3.0,11:27:51,11:27:51,3.0,3.0,3.0,3.0,2.0,2.0,3.0,3.0,3.0,3.0,2.0,1.0,8,,8.0,,8.0,,2,,8,,8.0,,2,,0.0,1.0,1.0,1.0,1.0,1.0,1.0,2.0,4.0,1.0,1.0,2.0,1000.0,0.0,6.0,5.0,4.0,3.0,0,,0.0,0.0,4,,0.0,,,0.0,,,9999,,1,.,,.,Il n'a jamais était à la dgrkoc on a juste pris son nom,2.0,uuid:1082dae7-cf9f-46a0-a576-fd49b38ecd0a,,,,,,,,,,1.0,,,,,,29 Apr 2019,2019-04-29,,,,,,1.0,101.0,,,,,,,,,,,,,,,,,,,,N.U.,0.0
3,1,562,1.0,3.0,20.0,0.0,23.0,1.5,10.0,0.0,11.5,96.0,1,,8.0,1,,2018-05-21,uuid:1e1a6c9a-d8c0-4d9b-a8ca-0042b29fe7ac,2018-05-21 15:56:17,2018-05-21 16:37:31,"May 21, 2018",3:56:00 PM,,,,117.0,117.0,1.0,1.0,37.0,BINDI,.,,,12,,0.0,1987.0,Kananga,Malandji,1.0,,4.0,,KAZUMBA,25,,.,.,90000.0,21000.0,1 4,1.0,3.0,4.0,OK,1.0,1.0,0.0,1.0,OK,2.0,2.0,OK,1.0,1.0,15:56:17,15:56:17,5.0,5.0,3.0,3.0,2.0,2.0,2.0,3.0,2.0,2.0,2.0,1.0,1,,3.0,,1.0,,1,,3,,1.0,,1,,0.0,4.0,1.0,2.0,2.0,1.0,1.0,2.0,4.0,1.0,1.0,1.0,300.0,700.0,7.0,5.0,3.0,2.0,0,,1.0,0.0,4,,0.0,,,1.0,3,,9999,,1,.,1,.,Il prenez beaucoup de temps pour répondre,2.0,uuid:1e1a6c9a-d8c0-4d9b-a8ca-0042b29fe7ac,,,,,,,,,,1.0,,,,,,29 Apr 2019,2019-04-29,,,,,,1.0,96.0,,,,,,,,,,,,,,,,,,,,N.U.,0.0,0.0,2018-04-06,uuid:aca9f25e-94bb-4487-9f79-b397ed39edb8,2018-04-06 11:11:02,,"Apr 6, 2018",11:11:00 AM,,,,13.0,13.0,1.0,1.0,32.0,LULUWA,,,Bakua mbuyi,2,,1.0,,Ndesha,Lubuwa,1.0,,4.0,,DEMBA,17,,,,96000.0,250000.0,3 4,5.0,4.0,3.0,OK,1.0,0.0,0.0,1.0,OK,1.0,2.0,OK,1.0,1.0,11:11:03,11:11:03,3.0,3.0,2.0,3.0,1.0,1.0,1.0,1.0,1.0,2.0,1.0,1.0,1,,3.0,,3.0,,1,,3,,3.0,,3,,0.0,1.0,1.0,3.0,2.0,2.0,2.0,1.0,3.0,2.0,2.0,2.0,900.0,100.0,7.0,5.0,4.0,3.0,0,,1.0,0.0,3,,0.0,.,.,0.0,.,.,9999,,1,.,1,.,0,1.0,uuid:aca9f25e-94bb-4487-9f79-b397ed39edb8,,,,,,.,,,,1.0,,,,,,29 Apr 2019,2019-04-29,,,,,,1.0,8.0,,,,,,,,,,,,,,,,,,,,N.U.,0.0
3,1,571,1.0,6.0,17.0,0.0,23.0,3.0,8.5,0.0,11.5,9.0,1,,71.0,1,,2018-04-06,uuid:ded3e597-b17f-46a1-8df5-253e81cb6f37,2018-04-06 11:58:06,,"Apr 6, 2018",11:58:00 AM,,,,18.0,18.0,1.0,1.0,30.0,LULUWA,,,Bena diulu,3,,1.0,,Lukonga,Dikongayi,,,4.0,,DEMBA,27,,,,100000.0,50000.0,4,7.0,4.0,5.0,OK,1.0,1.0,1.0,1.0,OK,1.0,2.0,OK,1.0,1.0,11:58:08,11:58:08,3.0,3.0,3.0,3.0,2.0,1.0,1.0,1.0,1.0,2.0,2.0,2.0,1,,1.0,,1.0,,1,,1,,1.0,,1,,0.0,1.0,3.0,2.0,3.0,3.0,2.0,3.0,1.0,1.0,1.0,2.0,800.0,200.0,10.0,8.0,7.0,5.0,0,,1.0,6.0,3,,1.0,3,.,0.0,.,.,2,,1,.,5,.,0,1.0,uuid:ded3e597-b17f-46a1-8df5-253e81cb6f37,,,,,,.,,,,1.0,,,,,,29 Apr 2019,2019-04-29,,,,,,1.0,9.0,,,,,,,,,,,,,,,,,,,,N.U.,0.0,0.0,2018-04-26,uuid:2120a121-51d0-4386-bd4a-6fd6abcd95be,2018-04-26 09:13:31,2018-04-26 09:52:34,"Apr 26, 2018",9:13:00 AM,,,,85.0,85.0,1.0,1.0,38.0,LUALUA,.,,,12,,0.0,1985.0,Katoka,Kapanda,1.0,,4.0,,KAZUMBA,4,,.,.,160000.0,38000.0,3,2.0,4.0,4.0,OK,1.0,1.0,0.0,1.0,OK,3.0,3.0,OK,2.0,2.0,09:13:32,09:13:32,5.0,5.0,1.0,3.0,2.0,1.0,1.0,2.0,2.0,2.0,2.0,2.0,3,,3.0,,3.0,,2,,3,,2.0,,3,,0.0,1.0,2.0,2.0,2.0,1.0,1.0,1.0,4.0,1.0,1.0,3.0,600.0,400.0,10.0,8.0,6.0,5.0,0,,2.0,3.0,2,,0.0,,,0.0,,,other,"Un pasteur qui n'est pas de mon eglise , on travaillé avec lui a la campagne  ",1,.,1,.,0,1.0,uuid:2120a121-51d0-4386-bd4a-6fd6abcd95be,,,,,,,,,,1.0,,,,,,29 Apr 2019,2019-04-29,,,,,,1.0,71.0,,,,,,,,,,,,,,,,,,,,N.U.,0.0
3,1,573,1.0,4.0,19.0,0.0,23.0,2.0,9.5,0.0,11.5,37.0,1,,56.0,1,,2018-04-09,uuid:a65038b1-c402-4bcb-8786-436f431c5ee7,2018-04-09 10:52:39,2018-04-09 11:21:29,"Apr 9, 2018",10:53:00 AM,,,,75.0,75.0,1.0,1.0,21.0,LULUWA,,,Tshialu mukombo,3,,0.0,2010.0,Katoka,Mpokolo,1.0,,4.0,,KAZUMBA,0,,other,Prise en charge familiale,0.0,0.0,0,8.0,3.0,6.0,OK,1.0,0.0,1.0,0.0,OK,2.0,3.0,OK,1.0,1.0,10:52:40,10:52:40,3.0,3.0,4.0,3.0,2.0,1.0,4.0,1.0,2.0,4.0,1.0,4.0,3,,2.0,,1.0,,2,,3,,1.0,,1,,0.0,4.0,1.0,3.0,3.0,3.0,3.0,1.0,4.0,1.0,1.0,2.0,0.0,0.0,8.0,5.0,5.0,3.0,0,,0.0,1.0,4,,0.0,.,.,0.0,.,.,4,,1,.,5,.,0,1.0,uuid:a65038b1-c402-4bcb-8786-436f431c5ee7,,,,,,.,,,,1.0,,,,,,29 Apr 2019,2019-04-29,,,,,,1.0,37.0,,,,,,,,,,,,,,,,1.0,,,1.0,N.U.,0.0,0.0,2018-04-12,uuid:fff3a015-3067-40ab-b13b-c7798491c5d3,2018-04-12 09:12:15,2018-04-12 09:52:35,"Apr 12, 2018",9:12:00 AM,,,,66.0,66.0,1.0,1.0,26.0,LUALUA,,,,3,,1.0,,Kananga,Malandji,1.0,,4.0,,DIBAYA,0,,0,,10000.0,1000.0,3 4 5,1.0,4.0,4.0,OK,1.0,1.0,0.0,0.0,OK,1.0,1.0,OK,3.0,3.0,09:12:17,09:12:17,3.0,3.0,3.0,3.0,1.0,2.0,2.0,1.0,2.0,2.0,1.0,1.0,2,,2.0,,8.0,,2,,2,,8.0,,2,,1.0,,1.0,1.0,1.0,1.0,1.0,4.0,1.0,1.0,1.0,2.0,700.0,300.0,10.0,7.0,6.0,4.0,0,,0.0,1.0,4,,0.0,.,.,0.0,.,.,9999,,1,.,1,.,0,1.0,uuid:fff3a015-3067-40ab-b13b-c7798491c5d3,,,,,,.,,,,1.0,,,,,,29 Apr 2019,2019-04-29,,,,,,1.0,56.0,,,,,,,,,,,,,,,,,,,,N.U.,0.0
3,1,576,1.0,5.0,18.0,0.0,23.0,2.5,9.0,0.0,11.5,90.0,1,,82.0,1,,2018-05-21,uuid:acd7c7e6-9c34-4730-b887-ee35efc0720b,2018-05-21 13:22:42,2018-05-21 13:54:52,"May 21, 2018",1:24:00 PM,,,,111.0,111.0,1.0,1.0,23.0,LUALUA,.,,,1,,1.0,,Katoka,Mpokolo,1.0,,4.0,,DIBAYA,4,,.,.,250000.0,3000.0,0,3.0,2.0,2.0,OK,1.0,0.0,1.0,0.0,OK,2.0,2.0,OK,2.0,2.0,13:22:42,13:22:42,5.0,5.0,3.0,3.0,2.0,2.0,2.0,2.0,2.0,2.0,2.0,3.0,8,,2.0,,1.0,,1,,1,,8.0,,2,,0.0,1.0,3.0,2.0,1.0,1.0,1.0,2.0,4.0,3.0,2.0,2.0,600.0,400.0,5.0,2.0,1.0,0.0,0,,0.0,1.0,2,,1.0,3,,1.0,other,Beau frère,9999,,1,.,1,.,0,2.0,uuid:acd7c7e6-9c34-4730-b887-ee35efc0720b,,,,,,,,,,1.0,,,,,,29 Apr 2019,2019-04-29,,,,,,1.0,90.0,,,,,,,,,,,,,,,,,,,,N.U.,0.0,0.0,2018-04-30,uuid:45b7e49c-0d35-4963-a969-6c0aec4af364,2018-04-30 09:11:14,2018-04-30 10:09:56,"Apr 30, 2018",9:31:00 AM,,,,108.0,108.0,1.0,1.0,25.0,LUALUA,.,,,12,,0.0,2002.0,Katoka,Kapanda,1.0,,4.0,,KAMONIA,27,,.,.,50000.0,10000.0,3,2.0,4.0,5.0,OK,1.0,1.0,0.0,0.0,OK,2.0,2.0,OK,1.0,1.0,09:11:15,09:11:15,5.0,3.0,3.0,2.0,2.0,1.0,2.0,2.0,3.0,3.0,1.0,2.0,8,,1.0,,8.0,,2,,1,,8.0,,2,,0.0,4.0,2.0,3.0,3.0,1.0,1.0,2.0,4.0,1.0,1.0,1.0,500.0,500.0,5.0,2.0,1.0,0.0,other,Il était là comme stagiaire,0.0,3.0,other,L'université l'avait recommandé d'aller faire son stage à la dgrkoc,0.0,,,0.0,,,9999,,1,.,1,.,0,1.0,uuid:45b7e49c-0d35-4963-a969-6c0aec4af364,,,,,,,,,,1.0,,,,,,29 Apr 2019,2019-04-29,,,,,,1.0,82.0,,,,,,,,,,,,,,,,,,,,N.U.,0.0
3,1,611,1.0,4.0,19.0,0.0,23.0,2.0,9.5,0.0,11.5,27.0,1,,75.0,1,,2018-04-08,uuid:b3a81225-8ee2-48c5-8016-c430a8a13eb4,2018-04-08 11:24:51,2018-04-08 12:09:32,"Apr 8, 2018",11:25:00 AM,,,,5.0,5.0,1.0,1.0,23.0,LUALUA,,,,7,,1.0,,Katoka,Mpokolo,1.0,,4.0,,DEMBA,23,,,,90000.0,30000.0,3,8.0,3.0,2.0,OK,1.0,1.0,1.0,1.0,OK,2.0,2.0,OK,2.0,2.0,11:24:52,11:24:52,3.0,3.0,3.0,3.0,1.0,2.0,2.0,2.0,2.0,2.0,2.0,2.0,2,,2.0,,2.0,,2,,2,,2.0,,2,,1.0,,3.0,4.0,1.0,1.0,1.0,2.0,4.0,1.0,1.0,1.0,1000.0,0.0,8.0,5.0,3.0,1.0,0,,0.0,0.0,4,,1.0,3,.,1.0,3,.,other,Un frère de la famille,1,.,1,.,0,1.0,uuid:b3a81225-8ee2-48c5-8016-c430a8a13eb4,,,,,,.,,,,1.0,,,,,,29 Apr 2019,2019-04-29,,,,,,1.0,27.0,,,,,,,,,,,,,,,,,,,,N.U.,0.0,0.0,2018-04-27,uuid:79f70fa2-9716-48b2-b4a4-2e51e37617d6,2018-04-27 09:22:45,2018-04-27 10:04:31,"Apr 27, 2018",9:22:00 AM,,,,71.0,71.0,1.0,1.0,23.0,LUALUA,.,,,2,,1.0,,Ngaza,Salongo muimba,0.0,,4.0,,DIBAYA,20,,.,.,50000.0,15000.0,3 6,3.0,3.0,4.0,OK,1.0,1.0,1.0,1.0,OK,3.0,3.0,OK,2.0,2.0,09:22:46,09:22:46,4.0,3.0,1.0,3.0,2.0,1.0,2.0,4.0,2.0,2.0,2.0,1.0,2,,2.0,,1.0,,1,,1,,1.0,,1,,1.0,,2.0,3.0,1.0,1.0,2.0,1.0,4.0,1.0,1.0,2.0,400.0,600.0,6.0,5.0,4.0,3.0,0,,0.0,3.0,4,,1.0,8,,1.0,7,,other,Connaissance familiale avec mon oncle,1,.,,.,0,2.0,uuid:79f70fa2-9716-48b2-b4a4-2e51e37617d6,,,,,,,,,,1.0,,,,,,29 Apr 2019,2019-04-29,,,,,,1.0,75.0,,,,,,,,,,,,,,,,,,,,N.U.,0.0
3,1,646,1.0,6.0,17.0,0.0,23.0,3.0,8.5,0.0,11.5,13.0,1,,,1,,2018-04-06,uuid:34057916-aa69-453d-9561-e96e7822c8ac,2018-04-06 16:02:16,2018-04-06 16:33:56,"Apr 6, 2018",4:02:00 PM,,,,30.0,30.0,1.0,1.0,26.0,LUBA,,,Bena muya,12,,1.0,,Kananga,Tshinsambi,1.0,,5.0,,KABEYA-KAMWANGA,17,,,,50000.0,27000.0,3 4,4.0,4.0,3.0,OK,1.0,1.0,1.0,1.0,OK,2.0,2.0,OK,1.0,1.0,16:02:17,16:02:17,3.0,4.0,3.0,3.0,1.0,4.0,3.0,2.0,2.0,2.0,2.0,3.0,1,,2.0,,2.0,,2,,2,,1.0,,2,,1.0,,2.0,3.0,3.0,2.0,2.0,1.0,4.0,1.0,2.0,3.0,600.0,400.0,8.0,5.0,3.0,1.0,0,,2.0,3.0,4,,0.0,.,.,0.0,.,.,9999,,1,.,1,.,0,1.0,uuid:34057916-aa69-453d-9561-e96e7822c8ac,,,,,,.,,,,1.0,,,,,,29 Apr 2019,2019-04-29,,,,,,1.0,13.0,,,,,,,,,,,,,,,,,,,,N.U.,0.0,0.0,2018-04-08,uuid:db5f1993-b5c1-4a20-8a63-1322ef5cc1c6,2018-04-08 09:50:41,2018-04-08 10:38:25,"Apr 8, 2018",8:09:00 AM,,,,1.0,1.0,1.0,1.0,38.0,KETE,,,,12,,0.0,2012.0,Katoka,Pokolo,1.0,,4.0,,TSHIKAPA,other,Il travaillait à la dgrkoc,,,90000.0,21000.0,3,2.0,4.0,3.0,OK,1.0,1.0,0.0,1.0,OK,2.0,2.0,OK,1.0,2.0,09:50:42,09:50:42,5.0,2.0,3.0,3.0,1.0,2.0,3.0,2.0,2.0,1.0,1.0,2.0,1,,2.0,,1.0,,2,,1,,1.0,,1,,1.0,,1.0,1.0,1.0,1.0,1.0,2.0,2.0,1.0,1.0,1.0,750.0,250.0,10.0,9.0,8.0,7.0,3,,1.0,3.0,4,,0.0,.,.,0.0,.,.,9999,,1,.,1,.,0,1.0,uuid:db5f1993-b5c1-4a20-8a63-1322ef5cc1c6,,,,,,.,,,,1.0,,,,,,29 Apr 2019,2019-04-29,,,,,,1.0,25.0,,,,,,,,,,,,,,,,,,,,C.B. a.i.,0.0
3,1,657,1.0,4.0,19.0,0.0,23.0,2.0,9.5,0.0,11.5,27.0,1,,75.0,1,,2018-04-08,uuid:b3a81225-8ee2-48c5-8016-c430a8a13eb4,2018-04-08 11:24:51,2018-04-08 12:09:32,"Apr 8, 2018",11:25:00 AM,,,,5.0,5.0,1.0,1.0,23.0,LUALUA,,,,7,,1.0,,Katoka,Mpokolo,1.0,,4.0,,DEMBA,23,,,,90000.0,30000.0,3,8.0,3.0,2.0,OK,1.0,1.0,1.0,1.0,OK,2.0,2.0,OK,2.0,2.0,11:24:52,11:24:52,3.0,3.0,3.0,3.0,1.0,2.0,2.0,2.0,2.0,2.0,2.0,2.0,2,,2.0,,2.0,,2,,2,,2.0,,2,,1.0,,3.0,4.0,1.0,1.0,1.0,2.0,4.0,1.0,1.0,1.0,1000.0,0.0,8.0,5.0,3.0,1.0,0,,0.0,0.0,4,,1.0,3,.,1.0,3,.,other,Un frère de la famille,1,.,1,.,0,1.0,uuid:b3a81225-8ee2-48c5-8016-c430a8a13eb4,,,,,,.,,,,1.0,,,,,,29 Apr 2019,2019-04-29,,,,,,1.0,27.0,,,,,,,,,,,,,,,,,,,,N.U.,0.0,0.0,2018-04-27,uuid:79f70fa2-9716-48b2-b4a4-2e51e37617d6,2018-04-27 09:22:45,2018-04-27 10:04:31,"Apr 27, 2018",9:22:00 AM,,,,71.0,71.0,1.0,1.0,23.0,LUALUA,.,,,2,,1.0,,Ngaza,Salongo muimba,0.0,,4.0,,DIBAYA,20,,.,.,50000.0,15000.0,3 6,3.0,3.0,4.0,OK,1.0,1.0,1.0,1.0,OK,3.0,3.0,OK,2.0,2.0,09:22:46,09:22:46,4.0,3.0,1.0,3.0,2.0,1.0,2.0,4.0,2.0,2.0,2.0,1.0,2,,2.0,,1.0,,1,,1,,1.0,,1,,1.0,,2.0,3.0,1.0,1.0,2.0,1.0,4.0,1.0,1.0,2.0,400.0,600.0,6.0,5.0,4.0,3.0,0,,0.0,3.0,4,,1.0,8,,1.0,7,,other,Connaissance familiale avec mon oncle,1,.,,.,0,2.0,uuid:79f70fa2-9716-48b2-b4a4-2e51e37617d6,,,,,,,,,,1.0,,,,,,29 Apr 2019,2019-04-29,,,,,,1.0,75.0,,,,,,,,,,,,,,,,,,,,N.U.,0.0
3,1,689,1.0,4.0,19.0,0.0,23.0,2.0,9.5,0.0,11.5,14.0,1,,77.0,1,,2018-04-06,uuid:7396dcd4-a963-40ba-a23e-0b69f6f6f71f,2018-04-06 16:07:18,2018-04-06 16:41:25,"Apr 6, 2018",4:07:00 PM,,,,62.0,62.0,1.0,1.0,49.0,LULUWA,,47.0,,4,,1.0,,Katoka,Kapanda,1.0,,4.0,,KAZUMBA,1,,,,133000.0,37000.0,3 4 6,5.0,4.0,3.0,OK,1.0,1.0,1.0,1.0,OK,1.0,1.0,OK,1.0,1.0,16:11:59,16:11:59,5.0,4.0,3.0,3.0,2.0,3.0,4.0,1.0,2.0,2.0,2.0,4.0,2,,8.0,,2.0,,2,,2,,8.0,,2,,1.0,,2.0,3.0,3.0,1.0,2.0,1.0,5.0,1.0,1.0,2.0,600.0,400.0,10.0,7.0,7.0,7.0,0,,0.0,6.0,2,,1.0,3,.,0.0,.,.,4,,1,.,.,.,0,1.0,uuid:7396dcd4-a963-40ba-a23e-0b69f6f6f71f,,,,,,.,,,,1.0,,,,,,29 Apr 2019,2019-04-29,,,,,,1.0,14.0,,,,,,,,,,,,,,,,1.0,1.0,1.0,1.0,N.U.,0.0,0.0,2018-04-27,uuid:576d33a5-e205-411e-ae9b-7ad03c97f91b,2018-04-27 11:17:43,2018-04-27 12:04:53,"Apr 27, 2018",11:17:00 AM,,,,89.0,89.0,1.0,1.0,27.0,LUALUA,.,,,2,,0.0,2000.0,Kananga,Tshisambi,1.0,,4.0,,LUIZA,22,,.,.,640000.0,200000.0,3 4,2.0,4.0,5.0,OK,1.0,1.0,0.0,0.0,OK,3.0,3.0,OK,3.0,3.0,11:17:43,11:17:43,3.0,3.0,2.0,3.0,2.0,1.0,2.0,1.0,1.0,1.0,1.0,1.0,1,,1.0,,1.0,,1,,3,,1.0,,1,,0.0,1.0,2.0,4.0,2.0,2.0,3.0,1.0,4.0,1.0,1.0,3.0,600.0,400.0,7.0,6.0,4.0,3.0,0,,1.0,2.0,3,,0.0,,,0.0,,,6,,1,.,1,.,0,1.0,uuid:576d33a5-e205-411e-ae9b-7ad03c97f91b,,,,,,,,,,1.0,,,,,,29 Apr 2019,2019-04-29,,,,,,1.0,78.0,,,,,,,,,,,,,,,,,,,,N.U.,0.0
3,1,6093,1.0,6.0,16.0,0.0,22.0,3.0,8.0,0.0,11.0,45.0,1,,22.0,1,,2018-04-10,uuid:71419d38-5b75-458a-bde4-5cb7c5694a6f,2018-04-10 10:32:02,2018-04-10 11:14:13,"Apr 10, 2018",10:32:00 AM,,,,74.0,74.0,1.0,1.0,30.0,LUALUA,,,,3,,1.0,,Kananga,Malandji,1.0,,4.0,,DEMBA,24,,,,250000.0,45000.0,3 4 6,0.0,3.0,3.0,OK,1.0,1.0,1.0,1.0,OK,2.0,2.0,OK,2.0,2.0,10:32:04,10:32:04,5.0,5.0,3.0,3.0,2.0,2.0,2.0,4.0,2.0,2.0,2.0,2.0,2,,2.0,,2.0,,2,,2,,2.0,,2,,0.0,4.0,1.0,1.0,1.0,1.0,1.0,1.0,3.0,1.0,1.0,3.0,600.0,400.0,10.0,5.0,2.0,1.0,0,,0.0,3.0,4,,0.0,.,.,0.0,.,.,9999,,1,.,1,.,0,2.0,uuid:71419d38-5b75-458a-bde4-5cb7c5694a6f,,,,,,.,,,,1.0,,,,,,29 Apr 2019,2019-04-29,,,,,,1.0,45.0,,,,,,,,,,,,,,,,,,,,N.U.,0.0,0.0,2018-04-06,uuid:df9cdea1-b392-40b8-9d3b-f3bde0ead25a,2018-04-06 20:59:45,2018-04-06 21:35:48,"Apr 6, 2018",8:59:00 PM,,,,19.0,19.0,2.0,1.0,30.0,LUALUA,,,,8,,0.0,2008.0,Katoka,Mpokolo,1.0,,4.0,,LUIZA,17,,,,480000.0,40000.0,3,3.0,3.0,6.0,OK,1.0,1.0,1.0,1.0,OK,1.0,2.0,OK,2.0,3.0,11:59:47,11:59:47,3.0,3.0,3.0,3.0,2.0,1.0,1.0,1.0,1.0,2.0,3.0,4.0,2,,2.0,,2.0,,2,,2,,2.0,,2,,1.0,,2.0,2.0,2.0,2.0,1.0,1.0,7.0,2.0,1.0,3.0,100.0,900.0,7.0,5.0,3.0,2.0,0,,2.0,3.0,4,,0.0,.,.,1.0,8,.,4,,1,.,1,.,0,1.0,uuid:df9cdea1-b392-40b8-9d3b-f3bde0ead25a,,,,,,.,,,,1.0,,,,,,29 Apr 2019,2019-04-29,,,,,,1.0,22.0,,,,,,,,,,,,,,,,,,,,N.U.,0.0
3,2,104,0.0,4.0,16.0,0.0,20.0,4.0,16.0,0.0,20.0,234.0,2,10248.0,,3,,2018-06-01,uuid:6072cff5-0e2b-4a8c-a0be-c7cffaf80445,2018-06-01 18:00:28,2018-06-01 18:38:26,"Jun 1, 2018",6:01:00 PM,10248.0,1.0,,,,,1.0,,.,.,,.,.,.,,,.,.,,,,,.,.,.,.,.,,,.,,,,OK,1.0,1.0,0.0,1.0,OK,1.0,1.0,OK,2.0,2.0,.,.,4.0,3.0,3.0,3.0,2.0,,,,,,,,.,,,,,,.,,.,,,,.,,,,,,,,,,,2.0,4.0,2.0,0.0,1000.0,6.0,5.0,4.0,3.0,.,.,,,.,.,,.,.,,.,.,.,.,1,.,,.,0,2.0,uuid:6072cff5-0e2b-4a8c-a0be-c7cffaf80445,,,,,,,,,,1.0,,,,,,29 Apr 2019,2019-04-29,,,,,,1.0,234.0,234.0,634.0,,0.0,,,,,,,,,,,,,,,,N.U.,0.0,0.0,2019-02-26,uuid:ec75fe8f-0f71-49f6-bb92-453239e08039,2019-02-26 13:48:03,,"Feb 26, 2019",1:48:00 PM,10248.0,,1.0,,,1.0,1.0,56.0,LULUWA,.,,Bajila MPampi,11,,1.0,,Lukonga,Mabondo,0.0,,4.0,,DEMBA,4,,,,150000.0,0.0,0,7.0,4.0,7.0,OK,1.0,1.0,0.0,1.0,OK,2.0,1.0,OK,1.0,1.0,.,.,3.0,3.0,3.0,3.0,2.0,2.0,2.0,3.0,2.0,2.0,2.0,2.0,2,,2.0,,2.0,,2,,2,,2.0,,2,,1.0,,1.0,1.0,1.0,1.0,1.0,3.0,4.0,1.0,1.0,1.0,1000.0,0.0,10.0,10.0,9.0,0.0,,,,,.,.,,.,.,,.,.,,,1,,1,,0,2.0,uuid:ec75fe8f-0f71-49f6-bb92-453239e08039,,,,,,,,,,,,,,,,29 Apr 2019,2019-04-29,,,,,,1.0,,,,445.0,,,0.0,,,,,,,1.0,,,,,,1.0,,2.0
3,2,107,0.0,3.0,20.0,0.0,23.0,3.0,20.0,0.0,23.0,305.0,2,10746.0,188.0,3,,2018-06-11,uuid:61088f68-abc8-4bc2-8aec-fe854360cedd,2018-06-11 11:30:14,2018-06-11 11:59:08,"Jun 11, 2018",10:30:00 AM,10746.0,1.0,,,,,1.0,,,.,,,,,,,,,,,,,,,,,,,,,,,,OK,1.0,1.0,0.0,1.0,OK,2.0,2.0,OK,3.0,3.0,.,.,5.0,5.0,3.0,3.0,2.0,,,,,,,,.,,,,,,.,,.,,,,,,,,,,,,,,,2.0,2.0,2.0,800.0,200.0,7.0,5.0,4.0,3.0,,,,,.,.,,.,.,,.,.,,,1,,,,O,2.0,uuid:61088f68-abc8-4bc2-8aec-fe854360cedd,,,,,,,,,,,,,,,,29 Apr 2019,2019-04-29,,,,,,1.0,305.0,305.0,705.0,,0.0,,,,,,,,,,,,,,,,,0.0,0.0,2018-06-14,uuid:144f7b15-9ece-428b-8d0c-e30b709e057c,2018-06-14 14:02:13,2018-06-14 14:42:06,"Jun 14, 2018",1:02:00 PM,10746.0,,1.0,,,1.0,1.0,30.0,LULUWA,.,,Bakua beya,2,,1.0,,Lukonga,Mabondo,1.0,,4.0,,DEMBA,18,,,,40000.0,15000.0,3,3.0,3.0,6.0,OK,1.0,1.0,0.0,1.0,OK,2.0,1.0,OK,3.0,2.0,.,.,4.0,3.0,3.0,3.0,1.0,2.0,2.0,4.0,2.0,2.0,2.0,2.0,3,,1.0,,1.0,,1,,1,,3.0,,1,,1.0,,1.0,1.0,2.0,1.0,2.0,2.0,4.0,1.0,2.0,2.0,300.0,700.0,8.0,4.0,2.0,0.0,,,,,.,.,,.,.,,.,.,,,6,,,,0,2.0,uuid:144f7b15-9ece-428b-8d0c-e30b709e057c,,,,,,,,,,,,,,,,29 Apr 2019,2019-04-29,,,,,,1.0,,,,445.0,,,0.0,,,,,,,,,,,,,,,0.0
3,2,333,1.0,5.0,14.0,0.0,19.0,2.5,7.0,0.0,9.5,208.0,2,33732.0,,3,,2018-05-30,uuid:8f1c8923-5103-47e3-8d3b-386445bbcc74,2018-05-30 11:58:16,2018-05-30 12:45:17,"May 30, 2018",11:58:00 AM,33732.0,1.0,,,,,1.0,,,.,,,,,,,,,,,,,,,,.,.,,,,,,,OK,1.0,0.0,1.0,1.0,OK,2.0,2.0,OK,4.0,4.0,,,5.0,3.0,3.0,2.0,2.0,,,,,,,,.,,,,,,.,,.,,,,.,,,,,,,,,,,2.0,2.0,2.0,800.0,200.0,10.0,7.0,3.0,1.0,,,,,,,,,,,,,,,.,.,,.,0,2.0,uuid:8f1c8923-5103-47e3-8d3b-386445bbcc74,,,,,,1,,,1.0,1.0,,,,,,29 Apr 2019,2019-04-29,,,,,,1.0,208.0,208.0,608.0,,0.0,,,,,,,,,,,,,,,,,0.0,0.0,2019-02-25,uuid:3f8a56ed-3f14-466f-a8fb-6d3cede8b114,2019-02-25 08:47:06,2019-02-25 09:19:38,"Feb 25, 2019",8:47:00 AM,33732.0,,1.0,,,1.0,1.0,30.0,LULUWA,.,,Bakua kalenda,3,,1.0,,Katoka,Tukombe,1.0,,4.0,,KAZUMBA,9,,,,100000.0,30000.0,3 4 6,4.0,4.0,5.0,OK,1.0,1.0,0.0,1.0,OK,2.0,1.0,OK,1.0,1.0,.,.,5.0,5.0,3.0,3.0,2.0,2.0,2.0,2.0,2.0,2.0,4.0,2.0,1,,1.0,,1.0,,1,,1,,1.0,,1,,1.0,,1.0,1.0,1.0,1.0,1.0,1.0,4.0,1.0,1.0,1.0,1000.0,0.0,10.0,7.0,5.0,2.0,,,,,.,.,,.,.,,.,.,,,1,,1,,0,2.0,uuid:3f8a56ed-3f14-466f-a8fb-6d3cede8b114,,,,,,,,,,,,,,,,29 Apr 2019,2019-04-29,,,,,,1.0,322.0,,,445.0,,,0.0,,,,,,,,,,,,,,,2.0
3,2,335,1.0,5.0,14.0,0.0,19.0,2.5,7.0,0.0,9.5,208.0,2,33732.0,,3,,2018-05-30,uuid:8f1c8923-5103-47e3-8d3b-386445bbcc74,2018-05-30 11:58:16,2018-05-30 12:45:17,"May 30, 2018",11:58:00 AM,33732.0,1.0,,,,,1.0,,,.,,,,,,,,,,,,,,,,.,.,,,,,,,OK,1.0,0.0,1.0,1.0,OK,2.0,2.0,OK,4.0,4.0,,,5.0,3.0,3.0,2.0,2.0,,,,,,,,.,,,,,,.,,.,,,,.,,,,,,,,,,,2.0,2.0,2.0,800.0,200.0,10.0,7.0,3.0,1.0,,,,,,,,,,,,,,,.,.,,.,0,2.0,uuid:8f1c8923-5103-47e3-8d3b-386445bbcc74,,,,,,1,,,1.0,1.0,,,,,,29 Apr 2019,2019-04-29,,,,,,1.0,208.0,208.0,608.0,,0.0,,,,,,,,,,,,,,,,,0.0,0.0,2019-02-25,uuid:3f8a56ed-3f14-466f-a8fb-6d3cede8b114,2019-02-25 08:47:06,2019-02-25 09:19:38,"Feb 25, 2019",8:47:00 AM,33732.0,,1.0,,,1.0,1.0,30.0,LULUWA,.,,Bakua kalenda,3,,1.0,,Katoka,Tukombe,1.0,,4.0,,KAZUMBA,9,,,,100000.0,30000.0,3 4 6,4.0,4.0,5.0,OK,1.0,1.0,0.0,1.0,OK,2.0,1.0,OK,1.0,1.0,.,.,5.0,5.0,3.0,3.0,2.0,2.0,2.0,2.0,2.0,2.0,4.0,2.0,1,,1.0,,1.0,,1,,1,,1.0,,1,,1.0,,1.0,1.0,1.0,1.0,1.0,1.0,4.0,1.0,1.0,1.0,1000.0,0.0,10.0,7.0,5.0,2.0,,,,,.,.,,.,.,,.,.,,,1,,1,,0,2.0,uuid:3f8a56ed-3f14-466f-a8fb-6d3cede8b114,,,,,,,,,,,,,,,,29 Apr 2019,2019-04-29,,,,,,1.0,322.0,,,445.0,,,0.0,,,,,,,,,,,,,,,2.0
3,2,375,0.0,3.0,20.0,0.0,23.0,3.0,20.0,0.0,23.0,427.0,2,37688.0,,3,,2018-08-09,uuid:d2f1d344-c9b8-4b77-8b97-daf219912634,2018-08-09 08:55:20,2018-08-09 10:00:01,"Aug 9, 2018",7:55:00 AM,37688.0,1.0,,,,,1.0,,,.,,,,,,,,,,,,,,,,,,,,,,,,OK,0.0,0.0,0.0,0.0,OK,2.0,2.0,OK,2.0,2.0,.,.,5.0,5.0,3.0,3.0,2.0,,,,,,,,.,,,,,,.,,.,,,,,,,,,,,,,,,2.0,2.0,2.0,200.0,800.0,8.0,7.0,6.0,3.0,,,,,.,.,,.,.,,.,.,,,,,,,0,2.0,uuid:d2f1d344-c9b8-4b77-8b97-daf219912634,,,,,,,,,,,,,,,,29 Apr 2019,2019-04-29,,,,,,1.0,427.0,427.0,827.0,,0.0,,,,,,,,,,,,,,,,,1.0,0.0,2019-02-25,uuid:cacd40ab-9c14-4bc1-b781-641bdeea9514,2019-02-25 08:24:19,2019-02-25 09:06:35,"Feb 25, 2019",8:24:00 AM,37688.0,,0.0,,,1.0,1.0,36.0,LULUWA,.,47.0,,1,,0.0,1985.0,Katoka,Katoka,1.0,,4.0,,KAZUMBA,4,,,,70000.0,15000.0,3,2.0,4.0,1.0,OK,1.0,1.0,1.0,1.0,OK,1.0,1.0,OK,1.0,1.0,.,.,3.0,3.0,3.0,3.0,2.0,2.0,4.0,4.0,2.0,2.0,4.0,2.0,1,,1.0,,3.0,,1,,2,,1.0,,2,,1.0,,2.0,1.0,1.0,1.0,1.0,2.0,4.0,1.0,1.0,1.0,900.0,100.0,10.0,6.0,5.0,3.0,,,,,.,.,,.,.,,.,.,,,1,,1,,0,2.0,uuid:cacd40ab-9c14-4bc1-b781-641bdeea9514,,,,,,,,,,,,,,,,29 Apr 2019,2019-04-29,,,,,,1.0,,,,445.0,,,0.0,,,,,,,,,,,,,,,2.0
3,2,559,0.0,4.0,18.0,0.0,22.0,4.0,18.0,0.0,22.0,225.0,2,55885.0,0.0,3,,2018-06-01,uuid:d1b87303-67c5-4951-829a-f698caf00087,2018-06-01 10:14:57,2018-06-01 10:48:34,"Jun 1, 2018",10:15:00 AM,55885.0,1.0,,,,,1.0,,.,.,,.,.,.,,,.,.,,,,,.,.,.,.,.,,,.,,,,OK,1.0,1.0,0.0,1.0,OK,2.0,2.0,OK,2.0,2.0,.,.,5.0,3.0,3.0,3.0,2.0,,,,,,,,.,,,,,,.,,.,,,,.,,,,,,,,,,,2.0,2.0,2.0,888.0,888.0,8.0,7.0,5.0,4.0,.,.,,,.,.,,.,.,,.,.,.,.,6,.,,.,0,2.0,uuid:d1b87303-67c5-4951-829a-f698caf00087,,,,,,,,,,1.0,,,,,,29 Apr 2019,2019-04-29,,,,,,1.0,225.0,225.0,625.0,,0.0,,,,,,,,,,,,,,,,N.U.,0.0,0.0,2018-06-23,uuid:39e703bd-46a1-4e30-89c9-7306bb981d6a,2018-06-23 10:19:11,2018-06-23 11:01:06,"Jun 23, 2018",9:19:00 AM,55885.0,,1.0,,,1.0,1.0,68.0,LULUWA,.,,Bena Mbiye,3,,0.0,1960.0,Kananga,Plateau,1.0,,4.0,,DEMBA,9,,,,200000.0,50000.0,3,2.0,3.0,6.0,OK,1.0,1.0,1.0,1.0,OK,1.0,2.0,OK,1.0,2.0,.,.,5.0,5.0,3.0,3.0,2.0,2.0,2.0,4.0,2.0,2.0,2.0,2.0,2,,2.0,,2.0,,2,,2,,2.0,,1,,0.0,4.0,1.0,4.0,3.0,3.0,1.0,1.0,3.0,2.0,2.0,2.0,500.0,500.0,6.0,5.0,4.0,3.0,,,,,.,.,,.,.,,.,.,,,6,,6,,0,2.0,uuid:39e703bd-46a1-4e30-89c9-7306bb981d6a,,,,,,,,,,,,,,,,29 Apr 2019,2019-04-29,,,,,,1.0,,,,445.0,,,0.0,,,,,,,,,,,,,,,1.0
3,2,567,0.0,2.0,21.0,0.0,23.0,2.0,21.0,0.0,23.0,,2,56385.0,184.0,3,,2018-05-30,uuid:44926421-e1aa-454e-9da1-0b0489916a67,2018-05-30 10:26:53,2018-05-30 10:44:44,"May 30, 2018",10:26:00 AM,56385.0,1.0,,,,,1.0,,,.,,,,,,,,,,,,,,,,.,.,,,,,,,OK,1.0,1.0,1.0,1.0,OK,1.0,2.0,OK,1.0,1.0,,,4.0,4.0,2.0,3.0,2.0,,,,,,,,.,,,,,,.,,.,,,,.,,,,,,,,,,,1.0,2.0,2.0,0.0,1000.0,9.0,8.0,7.0,4.0,,,,,,,,,,,,,,,6,.,6,.,0,1.0,uuid:44926421-e1aa-454e-9da1-0b0489916a67,,,,,,12,,0.0,5.0,1.0,,,,,,29 Apr 2019,2019-04-29,,,,,,1.0,204.0,204.0,604.0,,0.0,,,,,,,,,,,,,,,,,0.0,0.0,2018-06-14,uuid:297e95bc-aeb4-4ff2-9134-ec45049218dc,2018-06-14 12:24:09,2018-06-14 13:03:04,"Jun 14, 2018",11:24:00 AM,56385.0,,1.0,,,1.0,1.0,34.0,LULUWA,.,,Bakua mushilu,1,,1.0,,Kananga,Plateau,0.0,,4.0,,KANANGA,0,,9,,200000.0,45000.0,3,4.0,3.0,6.0,OK,1.0,1.0,0.0,1.0,OK,1.0,1.0,OK,1.0,1.0,.,.,5.0,5.0,4.0,1.0,2.0,1.0,4.0,1.0,1.0,4.0,1.0,4.0,1,,3.0,,1.0,,1,,3,,3.0,,1,,0.0,1.0,2.0,3.0,1.0,2.0,2.0,1.0,3.0,1.0,1.0,2.0,600.0,400.0,7.0,6.0,5.0,3.0,,,,,.,.,,.,.,,.,.,,,1,,5,,0,1.0,uuid:297e95bc-aeb4-4ff2-9134-ec45049218dc,,,,,,,,,,,,,,,,29 Apr 2019,2019-04-29,,,,,,1.0,,,,445.0,,,0.0,,,,,,,,,,,,,,,0.0
3,2,585,1.0,4.0,17.0,0.0,21.0,2.0,8.5,0.0,10.5,233.0,2,58784.0,111.0,3,,2018-06-01,uuid:fabedd8c-b27a-48c9-8ff1-5c58015871b3,2018-06-01 16:37:47,2018-06-01 16:57:08,"Jun 1, 2018",4:37:00 PM,58784.0,1.0,,,,,1.0,,.,.,,.,.,.,,,.,.,,,,,.,.,.,.,.,,,.,,,,OK,1.0,1.0,0.0,1.0,OK,2.0,2.0,OK,2.0,2.0,.,.,3.0,5.0,3.0,3.0,2.0,,,,,,,,.,,,,,,.,,.,,,,.,,,,,,,,,,,2.0,2.0,1.0,500.0,500.0,7.0,5.0,4.0,1.0,.,.,,,.,.,,.,.,,.,.,.,.,6,.,,.,0,2.0,uuid:fabedd8c-b27a-48c9-8ff1-5c58015871b3,,,,,,,,,,2.0,,,,,,29 Apr 2019,2019-04-29,,,,,,1.0,233.0,233.0,633.0,,0.0,,,,,,,,,,,,,,,,N.U.,0.0,0.0,2018-06-11,uuid:5d041ec2-63f6-4aa6-8ab9-79b928e9995c,2018-06-11 13:08:07,2018-06-11 13:34:26,"Jun 11, 2018",12:08:00 PM,58784.0,,1.0,,,1.0,1.0,64.0,TETELA,.,,,11,,0.0,2003.0,Kananga,Plateau,1.0,,5.0,,LUBEFU,9,,,,150000.0,78000.0,3 6,8.0,4.0,2.0,OK,1.0,1.0,1.0,1.0,OK,3.0,3.0,OK,1.0,2.0,.,.,3.0,3.0,2.0,3.0,1.0,1.0,3.0,2.0,2.0,2.0,1.0,1.0,2,,2.0,,2.0,,2,,5,,2.0,,2,,1.0,,1.0,1.0,2.0,2.0,2.0,2.0,2.0,1.0,1.0,2.0,600.0,400.0,6.0,4.0,3.0,2.0,,,,,.,.,,.,.,,.,.,,,6,,6,,Le sondage administré dans le polygone mais pas chez le repondant car il était occupé chez son voisin à 3 avenues de chez lui,1.0,uuid:5d041ec2-63f6-4aa6-8ab9-79b928e9995c,,,,,,,,,,,,,,,,29 Apr 2019,2019-04-29,,,,,,1.0,111.0,,,445.0,,,0.0,,,,,,,,,,,,,,,0.0
3,2,586,1.0,4.0,17.0,0.0,21.0,2.0,8.5,0.0,10.5,233.0,2,58784.0,111.0,3,,2018-06-01,uuid:fabedd8c-b27a-48c9-8ff1-5c58015871b3,2018-06-01 16:37:47,2018-06-01 16:57:08,"Jun 1, 2018",4:37:00 PM,58784.0,1.0,,,,,1.0,,.,.,,.,.,.,,,.,.,,,,,.,.,.,.,.,,,.,,,,OK,1.0,1.0,0.0,1.0,OK,2.0,2.0,OK,2.0,2.0,.,.,3.0,5.0,3.0,3.0,2.0,,,,,,,,.,,,,,,.,,.,,,,.,,,,,,,,,,,2.0,2.0,1.0,500.0,500.0,7.0,5.0,4.0,1.0,.,.,,,.,.,,.,.,,.,.,.,.,6,.,,.,0,2.0,uuid:fabedd8c-b27a-48c9-8ff1-5c58015871b3,,,,,,,,,,2.0,,,,,,29 Apr 2019,2019-04-29,,,,,,1.0,233.0,233.0,633.0,,0.0,,,,,,,,,,,,,,,,N.U.,0.0,0.0,2018-06-11,uuid:5d041ec2-63f6-4aa6-8ab9-79b928e9995c,2018-06-11 13:08:07,2018-06-11 13:34:26,"Jun 11, 2018",12:08:00 PM,58784.0,,1.0,,,1.0,1.0,64.0,TETELA,.,,,11,,0.0,2003.0,Kananga,Plateau,1.0,,5.0,,LUBEFU,9,,,,150000.0,78000.0,3 6,8.0,4.0,2.0,OK,1.0,1.0,1.0,1.0,OK,3.0,3.0,OK,1.0,2.0,.,.,3.0,3.0,2.0,3.0,1.0,1.0,3.0,2.0,2.0,2.0,1.0,1.0,2,,2.0,,2.0,,2,,5,,2.0,,2,,1.0,,1.0,1.0,2.0,2.0,2.0,2.0,2.0,1.0,1.0,2.0,600.0,400.0,6.0,4.0,3.0,2.0,,,,,.,.,,.,.,,.,.,,,6,,6,,Le sondage administré dans le polygone mais pas chez le repondant car il était occupé chez son voisin à 3 avenues de chez lui,1.0,uuid:5d041ec2-63f6-4aa6-8ab9-79b928e9995c,,,,,,,,,,,,,,,,29 Apr 2019,2019-04-29,,,,,,1.0,111.0,,,445.0,,,0.0,,,,,,,,,,,,,,,0.0
3,2,600,1.0,4.0,19.0,0.0,23.0,2.0,9.5,0.0,11.5,,2,60183.0,,3,,2018-06-04,uuid:d80e5cd0-a443-4d64-9ee0-2d4abd7fedfa,2018-06-04 13:38:12,2018-06-04 14:34:20,"Jun 4, 2018",1:38:00 PM,60183.0,1.0,,,,,1.0,,.,.,,.,.,.,,,.,.,,,,,.,.,.,.,.,,,.,,,,OK,1.0,1.0,1.0,1.0,OK,1.0,1.0,OK,1.0,1.0,.,.,3.0,3.0,3.0,3.0,2.0,,,,,,,,.,,,,,,.,,.,,,,.,,,,,,,,,,,1.0,2.0,2.0,500.0,500.0,7.0,5.0,4.0,3.0,.,.,,,.,.,,.,.,,.,.,.,.,6,.,6,.,0,1.0,uuid:d80e5cd0-a443-4d64-9ee0-2d4abd7fedfa,,,,,,,,,,2.0,1.0,0,60183.0,60183.0,,29 Apr 2019,2019-04-29,,,,,,1.0,249.0,249.0,649.0,,0.0,,,,,,,,,,,,,,,,N.U.,0.0,0.0,2019-02-25,uuid:49df02d0-6fbe-4ba5-8036-bf69fefa52a6,2019-02-25 07:26:21,2019-02-25 07:57:19,"Feb 25, 2019",7:26:00 AM,60183.0,,1.0,,,1.0,1.0,24.0,LULUWA,.,,Bajila kapumbu,11,,1.0,,Kananga,Plateau,1.0,,4.0,,LUEBO,12,,,,100000.0,50000.0,1 3 4 5,4.0,3.0,6.0,OK,1.0,1.0,0.0,0.0,OK,3.0,3.0,OK,3.0,3.0,.,.,3.0,5.0,4.0,3.0,2.0,2.0,3.0,4.0,1.0,1.0,1.0,2.0,8,,1.0,,1.0,,2,,3,,1.0,,1,,0.0,4.0,4.0,1.0,2.0,1.0,1.0,2.0,3.0,1.0,1.0,2.0,500.0,500.0,8.0,6.0,5.0,4.0,,,,,.,.,,.,.,,.,.,,,1,,1,,999999999,2.0,uuid:49df02d0-6fbe-4ba5-8036-bf69fefa52a6,,,,,,,,,,,,,,,,29 Apr 2019,2019-04-29,,,,,,1.0,,,,445.0,,,0.0,,,,,,,,,,,,,,,2.0
3,2,601,1.0,4.0,19.0,0.0,23.0,2.0,9.5,0.0,11.5,,2,60183.0,,3,,2018-06-04,uuid:d80e5cd0-a443-4d64-9ee0-2d4abd7fedfa,2018-06-04 13:38:12,2018-06-04 14:34:20,"Jun 4, 2018",1:38:00 PM,60183.0,1.0,,,,,1.0,,.,.,,.,.,.,,,.,.,,,,,.,.,.,.,.,,,.,,,,OK,1.0,1.0,1.0,1.0,OK,1.0,1.0,OK,1.0,1.0,.,.,3.0,3.0,3.0,3.0,2.0,,,,,,,,.,,,,,,.,,.,,,,.,,,,,,,,,,,1.0,2.0,2.0,500.0,500.0,7.0,5.0,4.0,3.0,.,.,,,.,.,,.,.,,.,.,.,.,6,.,6,.,0,1.0,uuid:d80e5cd0-a443-4d64-9ee0-2d4abd7fedfa,,,,,,,,,,2.0,1.0,0,60183.0,60183.0,,29 Apr 2019,2019-04-29,,,,,,1.0,249.0,249.0,649.0,,0.0,,,,,,,,,,,,,,,,N.U.,0.0,0.0,2019-02-25,uuid:49df02d0-6fbe-4ba5-8036-bf69fefa52a6,2019-02-25 07:26:21,2019-02-25 07:57:19,"Feb 25, 2019",7:26:00 AM,60183.0,,1.0,,,1.0,1.0,24.0,LULUWA,.,,Bajila kapumbu,11,,1.0,,Kananga,Plateau,1.0,,4.0,,LUEBO,12,,,,100000.0,50000.0,1 3 4 5,4.0,3.0,6.0,OK,1.0,1.0,0.0,0.0,OK,3.0,3.0,OK,3.0,3.0,.,.,3.0,5.0,4.0,3.0,2.0,2.0,3.0,4.0,1.0,1.0,1.0,2.0,8,,1.0,,1.0,,2,,3,,1.0,,1,,0.0,4.0,4.0,1.0,2.0,1.0,1.0,2.0,3.0,1.0,1.0,2.0,500.0,500.0,8.0,6.0,5.0,4.0,,,,,.,.,,.,.,,.,.,,,1,,1,,999999999,2.0,uuid:49df02d0-6fbe-4ba5-8036-bf69fefa52a6,,,,,,,,,,,,,,,,29 Apr 2019,2019-04-29,,,,,,1.0,,,,445.0,,,0.0,,,,,,,,,,,,,,,2.0
3,2,612,0.0,4.0,19.0,0.0,23.0,4.0,19.0,0.0,23.0,228.0,2,61293.0,,3,,2018-06-01,uuid:27eac0fb-c4d2-4369-b345-83f0602fc430,2018-06-01 11:36:41,2018-06-01 12:05:45,"Jun 1, 2018",11:36:00 AM,61293.0,1.0,,,,,1.0,,.,.,,.,.,.,,,.,.,,,,,.,.,.,.,.,,,.,,,,OK,1.0,1.0,1.0,1.0,OK,1.0,1.0,OK,1.0,1.0,.,.,5.0,5.0,3.0,3.0,1.0,,,,,,,,.,,,,,,.,,.,,,,.,,,,,,,,,,,1.0,1.0,2.0,300.0,700.0,9.0,7.0,6.0,3.0,.,.,,,.,.,,.,.,,.,.,.,.,1,.,1,.,Il est capable vraiment,2.0,uuid:27eac0fb-c4d2-4369-b345-83f0602fc430,,,,,,,,,,1.0,,,,,,29 Apr 2019,2019-04-29,,,,,,1.0,228.0,228.0,628.0,,0.0,,,,,,,,,,,,,,,,N.U.,0.0,0.0,2019-02-27,uuid:5b04ac03-b0d5-4318-b74e-ce5a44088158,2019-02-27 10:14:47,2019-02-27 10:52:21,"Feb 27, 2019",10:14:00 AM,61293.0,,1.0,,,1.0,1.0,35.0,LULUWA,.,19.0,,1,,1.0,,Kananga,Plateau,1.0,,4.0,,DIBAYA,9,,,,15000.0,2500.0,0,3.0,3.0,6.0,OK,1.0,1.0,0.0,1.0,OK,1.0,2.0,OK,2.0,2.0,.,.,3.0,3.0,3.0,3.0,2.0,1.0,2.0,4.0,1.0,1.0,3.0,1.0,1,,1.0,,2.0,,1,,1,,1.0,,2,,0.0,1.0,1.0,1.0,1.0,1.0,1.0,1.0,4.0,1.0,1.0,2.0,1000.0,0.0,8.0,7.0,5.0,4.0,,,,,.,.,,.,.,,.,.,,,1,,,,0,2.0,uuid:5b04ac03-b0d5-4318-b74e-ce5a44088158,,,,,,,,,,,,,,,,29 Apr 2019,2019-04-29,,,,,,1.0,341.0,,,445.0,,,0.0,,,,,,,,,,,,,,,2.0
3,2,613,1.0,6.0,17.0,0.0,23.0,3.0,8.5,0.0,11.5,255.0,2,61189.0,,3,,2018-06-05,uuid:866b0515-5e69-42b3-8af7-fc8bb62229c3,2018-06-05 11:25:55,2018-06-05 17:33:17,"Jun 5, 2018",11:26:00 AM,61189.0,1.0,,,,,1.0,,.,.,,.,.,.,,,.,.,,,,,.,.,.,.,.,,,.,,,,OK,1.0,1.0,1.0,0.0,OK,2.0,1.0,OK,3.0,4.0,.,.,4.0,5.0,1.0,3.0,2.0,,,,,,,,.,,,,,,.,,.,,,,.,,,,,,,,,,,2.0,1.0,2.0,900.0,100.0,5.0,4.0,3.0,1.0,.,.,,,.,.,,.,.,,.,.,.,.,1,.,1,.,0,2.0,uuid:866b0515-5e69-42b3-8af7-fc8bb62229c3,,,,,,,,,,1.0,1.0,,,,,29 Apr 2019,2019-04-29,,,,,,1.0,255.0,255.0,655.0,,0.0,,,,,,,,,,,,,,,,N.U.,0.0,0.0,,,,,,,,,,,,,,,,,,,,,,,,,,,,,,,,,,,,,,,,,,,,,,,,,,,,,,,,,,,,,,,,,,,,,,,,,,,,,,,,,,,,,,,,,,,,,,,,,,,,,,,,,,,,,,,,,,,,,,,,,,,,,,,,,,,,,,,,,,,,,,,,,,,,,,,,,,,,,,,,,,
3,2,615,1.0,4.0,19.0,0.0,23.0,2.0,9.5,0.0,11.5,230.0,2,60383.0,,3,,2018-06-01,uuid:0c705f95-21fc-4a9c-94e0-78f5ded4db9a,2018-06-01 14:38:59,2018-06-01 15:15:03,"Jun 1, 2018",2:39:00 PM,60383.0,1.0,,,,,1.0,,.,.,,.,.,.,,,.,.,,,,,.,.,.,.,.,,,.,,,,OK,1.0,1.0,1.0,1.0,OK,2.0,1.0,OK,1.0,1.0,.,.,5.0,3.0,3.0,3.0,2.0,,,,,,,,.,,,,,,.,,.,,,,.,,,,,,,,,,,2.0,2.0,2.0,600.0,400.0,8.0,7.0,6.0,4.0,.,.,,,.,.,,.,.,,.,.,.,.,6,.,,.,0,2.0,uuid:0c705f95-21fc-4a9c-94e0-78f5ded4db9a,,,,,,,,,,1.0,,,,,,29 Apr 2019,2019-04-29,,,,,,1.0,230.0,230.0,630.0,,0.0,,,,,,,,,,,,,,,,N.U.,0.0,0.0,2019-02-25,uuid:48bac8a6-8164-425f-b35f-2b47f634e776,2019-02-25 09:13:35,2019-02-25 09:53:30,"Feb 25, 2019",9:13:00 AM,60383.0,,0.0,,,1.0,1.0,60.0,LUNTU,.,,Bakua Lule,3,,0.0,1984.0,Kananga,Plateau,1.0,,4.0,,DIMBELENGE,18,,,,112000.0,28000.0,3,9.0,3.0,4.0,OK,1.0,1.0,1.0,1.0,OK,2.0,2.0,OK,2.0,2.0,.,.,3.0,3.0,3.0,3.0,2.0,2.0,4.0,4.0,2.0,2.0,2.0,2.0,2,,2.0,,2.0,,1,,3,,2.0,,1,,0.0,1.0,1.0,1.0,1.0,1.0,1.0,1.0,4.0,1.0,2.0,2.0,0.0,1000.0,10.0,7.0,5.0,4.0,,,,,.,.,,.,.,,.,.,,,1,,,,0,2.0,uuid:48bac8a6-8164-425f-b35f-2b47f634e776,,,,,,,,,,,,,,,,29 Apr 2019,2019-04-29,,,,,,1.0,324.0,,,445.0,,,0.0,,,,,,,,,,,,,,,2.0
3,2,618,1.0,4.0,19.0,0.0,23.0,2.0,9.5,0.0,11.5,230.0,2,60383.0,,3,,2018-06-01,uuid:0c705f95-21fc-4a9c-94e0-78f5ded4db9a,2018-06-01 14:38:59,2018-06-01 15:15:03,"Jun 1, 2018",2:39:00 PM,60383.0,1.0,,,,,1.0,,.,.,,.,.,.,,,.,.,,,,,.,.,.,.,.,,,.,,,,OK,1.0,1.0,1.0,1.0,OK,2.0,1.0,OK,1.0,1.0,.,.,5.0,3.0,3.0,3.0,2.0,,,,,,,,.,,,,,,.,,.,,,,.,,,,,,,,,,,2.0,2.0,2.0,600.0,400.0,8.0,7.0,6.0,4.0,.,.,,,.,.,,.,.,,.,.,.,.,6,.,,.,0,2.0,uuid:0c705f95-21fc-4a9c-94e0-78f5ded4db9a,,,,,,,,,,1.0,,,,,,29 Apr 2019,2019-04-29,,,,,,1.0,230.0,230.0,630.0,,0.0,,,,,,,,,,,,,,,,N.U.,0.0,0.0,2019-02-25,uuid:48bac8a6-8164-425f-b35f-2b47f634e776,2019-02-25 09:13:35,2019-02-25 09:53:30,"Feb 25, 2019",9:13:00 AM,60383.0,,0.0,,,1.0,1.0,60.0,LUNTU,.,,Bakua Lule,3,,0.0,1984.0,Kananga,Plateau,1.0,,4.0,,DIMBELENGE,18,,,,112000.0,28000.0,3,9.0,3.0,4.0,OK,1.0,1.0,1.0,1.0,OK,2.0,2.0,OK,2.0,2.0,.,.,3.0,3.0,3.0,3.0,2.0,2.0,4.0,4.0,2.0,2.0,2.0,2.0,2,,2.0,,2.0,,1,,3,,2.0,,1,,0.0,1.0,1.0,1.0,1.0,1.0,1.0,1.0,4.0,1.0,2.0,2.0,0.0,1000.0,10.0,7.0,5.0,4.0,,,,,.,.,,.,.,,.,.,,,1,,,,0,2.0,uuid:48bac8a6-8164-425f-b35f-2b47f634e776,,,,,,,,,,,,,,,,29 Apr 2019,2019-04-29,,,,,,1.0,324.0,,,445.0,,,0.0,,,,,,,,,,,,,,,2.0
3,2,645,1.0,6.0,15.0,0.0,21.0,3.0,7.5,0.0,10.5,242.0,2,64491.0,135.0,3,,2018-06-02,uuid:c1a43fee-7fff-4edc-b473-1ad3082a4f87,2018-06-02 14:43:47,2018-06-02 15:37:05,"Jun 2, 2018",2:44:00 PM,64491.0,1.0,,,,,1.0,,.,.,,.,.,.,,,.,.,,,,,.,.,.,.,.,,,.,,,,OK,1.0,1.0,1.0,1.0,OK,2.0,2.0,OK,1.0,2.0,.,.,4.0,3.0,3.0,3.0,2.0,,,,,,,,.,,,,,,.,,.,,,,.,,,,,,,,,,,2.0,4.0,2.0,250.0,750.0,10.0,3.0,1.0,0.0,.,.,,,.,.,,.,.,,.,.,.,.,6,.,5,.,0,1.0,uuid:c1a43fee-7fff-4edc-b473-1ad3082a4f87,,,,,,,,,,1.0,,,,,,29 Apr 2019,2019-04-29,,,,,,1.0,242.0,242.0,642.0,,0.0,,,,,,,,,,,,,,,,N.U.,0.0,0.0,2018-06-12,uuid:b667d784-37d2-4d94-8661-b19cd7da9a32,2018-06-12 11:26:47,2018-06-12 11:58:13,"Jun 12, 2018",10:26:00 AM,64491.0,,1.0,,,1.0,1.0,41.0,LULUWA,.,,Bakua nkole,3,,1.0,,Kananga,Kamayi,0.0,,4.0,,DIBAYA,4,,,,60000.0,40000.0,3 4,2.0,3.0,6.0,OK,1.0,1.0,0.0,0.0,OK,1.0,1.0,OK,1.0,1.0,.,.,4.0,3.0,1.0,3.0,2.0,1.0,3.0,2.0,2.0,2.0,2.0,1.0,2,,3.0,,3.0,,1,,1,,8.0,,4,,0.0,4.0,2.0,2.0,2.0,2.0,2.0,1.0,5.0,2.0,2.0,3.0,700.0,300.0,8.0,7.0,6.0,5.0,,,,,.,.,,.,.,,.,.,,,6,,6,,0,2.0,uuid:b667d784-37d2-4d94-8661-b19cd7da9a32,,,,,,,,,,,,,,,,29 Apr 2019,2019-04-29,,,,,,1.0,,,,445.0,,,0.0,,,,,,,,,,,,,,,0.0
3,2,648,1.0,6.0,15.0,0.0,21.0,3.0,7.5,0.0,10.5,242.0,2,64491.0,135.0,3,,2018-06-02,uuid:c1a43fee-7fff-4edc-b473-1ad3082a4f87,2018-06-02 14:43:47,2018-06-02 15:37:05,"Jun 2, 2018",2:44:00 PM,64491.0,1.0,,,,,1.0,,.,.,,.,.,.,,,.,.,,,,,.,.,.,.,.,,,.,,,,OK,1.0,1.0,1.0,1.0,OK,2.0,2.0,OK,1.0,2.0,.,.,4.0,3.0,3.0,3.0,2.0,,,,,,,,.,,,,,,.,,.,,,,.,,,,,,,,,,,2.0,4.0,2.0,250.0,750.0,10.0,3.0,1.0,0.0,.,.,,,.,.,,.,.,,.,.,.,.,6,.,5,.,0,1.0,uuid:c1a43fee-7fff-4edc-b473-1ad3082a4f87,,,,,,,,,,1.0,,,,,,29 Apr 2019,2019-04-29,,,,,,1.0,242.0,242.0,642.0,,0.0,,,,,,,,,,,,,,,,N.U.,0.0,0.0,2018-06-12,uuid:b667d784-37d2-4d94-8661-b19cd7da9a32,2018-06-12 11:26:47,2018-06-12 11:58:13,"Jun 12, 2018",10:26:00 AM,64491.0,,1.0,,,1.0,1.0,41.0,LULUWA,.,,Bakua nkole,3,,1.0,,Kananga,Kamayi,0.0,,4.0,,DIBAYA,4,,,,60000.0,40000.0,3 4,2.0,3.0,6.0,OK,1.0,1.0,0.0,0.0,OK,1.0,1.0,OK,1.0,1.0,.,.,4.0,3.0,1.0,3.0,2.0,1.0,3.0,2.0,2.0,2.0,2.0,1.0,2,,3.0,,3.0,,1,,1,,8.0,,4,,0.0,4.0,2.0,2.0,2.0,2.0,2.0,1.0,5.0,2.0,2.0,3.0,700.0,300.0,8.0,7.0,6.0,5.0,,,,,.,.,,.,.,,.,.,,,6,,6,,0,2.0,uuid:b667d784-37d2-4d94-8661-b19cd7da9a32,,,,,,,,,,,,,,,,29 Apr 2019,2019-04-29,,,,,,1.0,,,,445.0,,,0.0,,,,,,,,,,,,,,,0.0
3,2,661,0.0,4.0,19.0,0.0,23.0,4.0,19.0,0.0,23.0,232.0,2,66187.0,207.0,3,,2018-06-01,uuid:d7a88c22-450a-4a44-89f6-d191325717d0,2018-06-01 15:35:11,2018-06-01 15:57:59,"Jun 1, 2018",3:35:00 PM,66187.0,1.0,,,,,1.0,,.,.,,.,.,.,,,.,.,,,,,.,.,.,.,.,,,.,,,,OK,1.0,1.0,1.0,1.0,OK,2.0,1.0,OK,2.0,1.0,.,.,5.0,3.0,3.0,3.0,2.0,,,,,,,,.,,,,,,.,,.,,,,.,,,,,,,,,,,2.0,1.0,2.0,800.0,200.0,7.0,5.0,3.0,2.0,.,.,,,.,.,,.,.,,.,.,.,.,.,.,,.,Il va s'acheter le telephone.,2.0,uuid:d7a88c22-450a-4a44-89f6-d191325717d0,,,,,,,,,,1.0,,,,,,29 Apr 2019,2019-04-29,,,,,,1.0,232.0,232.0,632.0,,0.0,,,,,,,,,,,,,,,,N.U.,0.0,0.0,2018-06-22,uuid:f2bdc141-69c1-4ee1-94fc-a55c4530f164,2018-06-22 14:34:09,2018-06-22 15:13:02,"Jun 22, 2018",1:34:00 PM,66187.0,,1.0,,,1.0,1.0,42.0,LULUWA,.,47.0,,3,,0.0,1980.0,Kananga,Kamayi Douane.,1.0,,4.0,,DIBAYA,9,,,,90000.0,21000.0,3,4.0,3.0,6.0,OK,1.0,1.0,0.0,1.0,OK,2.0,2.0,OK,2.0,2.0,.,.,5.0,5.0,3.0,3.0,2.0,2.0,2.0,2.0,2.0,2.0,2.0,2.0,1,,2.0,,2.0,,2,,2,,2.0,,2,,0.0,1.0,1.0,1.0,1.0,1.0,1.0,3.0,4.0,2.0,2.0,2.0,500.0,500.0,5.0,4.0,3.0,1.0,,,,,.,.,,.,.,,.,.,,,,,,,Il a perdu son telephone.,2.0,uuid:f2bdc141-69c1-4ee1-94fc-a55c4530f164,,,,,,,,,,,,,,,,29 Apr 2019,2019-04-29,,,,,,1.0,,,,445.0,,,0.0,,,,,,,,,,,,,,,1.0
3,2,696,0.0,4.0,19.0,0.0,23.0,4.0,19.0,0.0,23.0,214.0,2,69646.0,0.0,3,,2018-05-31,uuid:0115948d-82a1-49b5-b72e-aa4c6c1694e2,2018-05-31 09:26:02,,"May 31, 2018",9:26:00 AM,69646.0,1.0,,,,,1.0,,.,.,,.,.,.,,,.,.,,,,,.,.,.,.,.,,,.,,,,OK,1.0,1.0,0.0,1.0,OK,1.0,1.0,OK,1.0,1.0,.,.,5.0,5.0,3.0,3.0,2.0,,,,,,,,.,,,,,,.,,.,,,,.,,,,,,,,,,,3.0,2.0,2.0,800.0,200.0,7.0,6.0,5.0,4.0,.,.,,,.,.,,.,.,,.,.,.,.,6,.,,.,0,2.0,uuid:0115948d-82a1-49b5-b72e-aa4c6c1694e2,,,,,,,,,,1.0,,,,,,29 Apr 2019,2019-04-29,,,,,,1.0,214.0,214.0,614.0,,0.0,,,,,,,,,,,,,,,,N.U.,0.0,0.0,2018-06-25,uuid:ac5d3c8c-572b-4401-9e22-3962845b4ee8,2018-06-25 16:52:43,2018-06-25 17:44:07,"Jun 25, 2018",3:52:00 PM,69646.0,,1.0,,,1.0,1.0,67.0,LULUWA,.,,Bakua Mushilu,2,,0.0,1960.0,Kananga,Bianchi,1.0,,4.0,,KANANGA,17,,,,99000.0,24000.0,3,5.0,3.0,6.0,OK,1.0,1.0,1.0,1.0,OK,2.0,1.0,OK,2.0,2.0,.,.,3.0,3.0,3.0,3.0,2.0,2.0,2.0,4.0,2.0,2.0,2.0,2.0,2,,2.0,,2.0,,2,,3,,8.0,,2,,0.0,4.0,1.0,4.0,4.0,2.0,1.0,1.0,4.0,1.0,1.0,2.0,500.0,500.0,7.0,6.0,5.0,4.0,,,,,.,.,,.,.,,.,.,,,6,,6,,0,2.0,uuid:ac5d3c8c-572b-4401-9e22-3962845b4ee8,,,,,,,,,,,,,,,,29 Apr 2019,2019-04-29,,,,,,1.0,,,,445.0,,,0.0,,,,,,,,,,,,,,,1.0
3,2,6091,1.0,6.0,17.0,0.0,23.0,3.0,8.5,0.0,11.5,255.0,2,61189.0,,3,,2018-06-05,uuid:866b0515-5e69-42b3-8af7-fc8bb62229c3,2018-06-05 11:25:55,2018-06-05 17:33:17,"Jun 5, 2018",11:26:00 AM,61189.0,1.0,,,,,1.0,,.,.,,.,.,.,,,.,.,,,,,.,.,.,.,.,,,.,,,,OK,1.0,1.0,1.0,0.0,OK,2.0,1.0,OK,3.0,4.0,.,.,4.0,5.0,1.0,3.0,2.0,,,,,,,,.,,,,,,.,,.,,,,.,,,,,,,,,,,2.0,1.0,2.0,900.0,100.0,5.0,4.0,3.0,1.0,.,.,,,.,.,,.,.,,.,.,.,.,1,.,1,.,0,2.0,uuid:866b0515-5e69-42b3-8af7-fc8bb62229c3,,,,,,,,,,1.0,1.0,,,,,29 Apr 2019,2019-04-29,,,,,,1.0,255.0,255.0,655.0,,0.0,,,,,,,,,,,,,,,,N.U.,0.0,0.0,,,,,,,,,,,,,,,,,,,,,,,,,,,,,,,,,,,,,,,,,,,,,,,,,,,,,,,,,,,,,,,,,,,,,,,,,,,,,,,,,,,,,,,,,,,,,,,,,,,,,,,,,,,,,,,,,,,,,,,,,,,,,,,,,,,,,,,,,,,,,,,,,,,,,,,,,,,,,,,,,,
3,4,220,0.0,3.0,18.0,0.0,21.0,3.0,18.0,0.0,21.0,64.0,1,,274.0,2,22088.0,2018-04-13,uuid:68c51a7f-2f65-4735-9ca4-ca3cd7b19434,2018-04-13 11:27:03,2018-04-13 12:11:28,"Apr 13, 2018",3:27:00 PM,,,,56.0,56.0,1.0,1.0,28.0,BINDI,,,,2,,0.0,2010.0,Kananga,Apolo,0.0,,4.0,,DIMBELENGE,27,,,,48000.0,30000.0,0,5.0,4.0,5.0,OK,1.0,0.0,0.0,0.0,OK,2.0,2.0,OK,3.0,3.0,11:27:04,11:27:04,4.0,3.0,1.0,2.0,2.0,2.0,3.0,2.0,2.0,3.0,3.0,3.0,1,,1.0,,7.0,,1,,7,,2.0,,2,,0.0,4.0,1.0,2.0,2.0,3.0,1.0,1.0,4.0,3.0,3.0,2.0,200.0,800.0,7.0,5.0,3.0,1.0,0,,0.0,9.0,3,,0.0,.,.,0.0,.,.,9999,,1,.,1,.,0,1.0,uuid:68c51a7f-2f65-4735-9ca4-ca3cd7b19434,,,,,,.,,,,1.0,,,,,,29 Apr 2019,2019-04-29,,,,,,1.0,64.0,,,,,,,,,,,,,,,,,,,,N.U.,0.0,0.0,2018-06-07,uuid:f0de6648-b14b-4d63-8309-acef90ce4875,2018-06-07 10:03:29,2018-06-07 10:32:13,"Jun 7, 2018",10:03:00 AM,22088.0,1.0,,,,,1.0,,.,.,,.,.,.,,,.,.,,,,,.,.,.,.,.,,,.,,,,OK,1.0,1.0,0.0,1.0,OK,2.0,2.0,OK,2.0,1.0,.,.,5.0,5.0,3.0,3.0,2.0,,,,,,,,.,,,,,,.,,.,,,,.,,,,,,,,,,,2.0,1.0,2.0,500.0,500.0,7.0,6.0,5.0,4.0,.,.,,,.,.,,.,.,,.,.,.,.,6,.,,.,0,2.0,uuid:f0de6648-b14b-4d63-8309-acef90ce4875,,,,,,,,,,2.0,1.0,,,,,29 Apr 2019,2019-04-29,,,,,,1.0,274.0,274.0,674.0,,0.0,,,,,,,,,,,,,,,,N.U.,0.0
3,4,227,0.0,5.0,18.0,0.0,23.0,5.0,18.0,0.0,23.0,72.0,1,,218.0,2,22952.0,2018-04-26,uuid:26c9fb91-0ea3-4692-8c87-06d099f32292,2018-04-26 09:22:23,2018-04-26 10:01:01,"Apr 26, 2018",9:29:00 AM,,,,87.0,87.0,1.0,1.0,37.0,LULUWA,.,47.0,,1,,0.0,1997.0,Kananga,Malandji,1.0,,4.0,,KAZUMBA,other,Stagiaire à la DGRKOC,.,.,145000.0,15000.0,3,3.0,4.0,3.0,OK,1.0,1.0,0.0,1.0,OK,2.0,2.0,OK,1.0,1.0,09:22:27,09:22:27,5.0,3.0,1.0,3.0,2.0,2.0,3.0,2.0,2.0,2.0,2.0,2.0,1,,1.0,,1.0,,1,,1,,1.0,,1,,0.0,4.0,2.0,1.0,1.0,1.0,1.0,2.0,4.0,1.0,2.0,3.0,5.0,995.0,8.0,5.0,3.0,1.0,0,,0.0,10.0,3,,0.0,,,0.0,,,9999,,1,.,1,.,0,1.0,uuid:26c9fb91-0ea3-4692-8c87-06d099f32292,,,,,,,,,,1.0,,,,,,29 Apr 2019,2019-04-29,,,,,,1.0,72.0,,,,,,,,,,,,,,,,,,,,N.U.,0.0,0.0,2018-05-31,uuid:db02254b-e3d3-4379-b390-119e334be0c9,2018-05-31 13:34:59,,"May 31, 2018",1:35:00 PM,22952.0,1.0,,,,,1.0,,.,.,,.,.,.,,,.,.,,,,,.,.,.,.,.,,,.,,,,OK,1.0,0.0,1.0,1.0,OK,1.0,1.0,OK,1.0,1.0,.,.,4.0,5.0,3.0,1.0,2.0,,,,,,,,.,,,,,,.,,.,,,,.,,,,,,,,,,,1.0,1.0,2.0,200.0,800.0,8.0,6.0,5.0,3.0,.,.,,,.,.,,.,.,,.,.,.,.,6,.,4,.,0,2.0,uuid:db02254b-e3d3-4379-b390-119e334be0c9,,,,,,,,,,1.0,,,,,,29 Apr 2019,2019-04-29,,,,,,1.0,218.0,218.0,618.0,,0.0,,,,,,,,,,,,,,,,N.U.,0.0
3,4,318,0.0,2.0,20.0,0.0,22.0,2.0,20.0,0.0,22.0,52.0,1,,,2,3196.0,2018-04-11,uuid:0d417642-db2e-4db8-ae2c-1d1282bce06c,2018-04-11 10:42:12,2018-04-11 11:30:55,"Apr 11, 2018",10:43:00 AM,,,,73.0,73.0,1.0,1.0,34.0,LUALUA,,,,1,,0.0,1989.0,Kananga,Malandji,1.0,,4.0,,DEMBA,22,,,,150000.0,20000.0,1 3 4 5 6,2.0,4.0,3.0,OK,1.0,1.0,1.0,1.0,OK,2.0,2.0,OK,1.0,1.0,10:42:13,10:42:13,3.0,3.0,3.0,2.0,2.0,1.0,2.0,2.0,1.0,2.0,1.0,2.0,2,,2.0,,5.0,,2,,7,,2.0,,2,,0.0,1.0,1.0,3.0,1.0,1.0,1.0,1.0,1.0,1.0,1.0,1.0,800.0,200.0,7.0,5.0,4.0,3.0,0,,3.0,3.0,3,,0.0,.,.,0.0,.,.,9999,,1,.,1,.,Il est vraiment apte,1.0,uuid:0d417642-db2e-4db8-ae2c-1d1282bce06c,,,,,,.,,,,1.0,,,,,,29 Apr 2019,2019-04-29,,,,,,1.0,52.0,,,,,,,,,,,,,,,,,,,,N.U.,0.0,0.0,2018-05-31,uuid:8bb50394-81fb-41cb-aeb6-8d27fd13184f,2018-05-31 11:25:02,,"May 31, 2018",11:25:00 AM,3196.0,1.0,,,,,1.0,,.,.,,.,.,.,,,.,.,,,,,.,.,.,.,.,,,.,,,,OK,1.0,1.0,0.0,0.0,OK,1.0,2.0,OK,2.0,2.0,.,.,4.0,4.0,3.0,3.0,2.0,,,,,,,,.,,,,,,.,,.,,,,.,,,,,,,,,,,2.0,3.0,2.0,700.0,300.0,8.0,5.0,3.0,2.0,.,.,,,.,.,,.,.,,.,.,.,.,.,.,3,.,0,2.0,uuid:8bb50394-81fb-41cb-aeb6-8d27fd13184f,,,,,,,,,,2.0,,,,,,29 Apr 2019,2019-04-29,,,,,,1.0,216.0,216.0,616.0,,0.0,,,,,,,,,,,,,,,,N.U.,0.0
3,4,378,0.0,2.0,21.0,0.0,23.0,2.0,21.0,0.0,23.0,91.0,1,,269.0,2,37890.0,2018-05-21,uuid:42ce0977-0346-4443-921c-d937e4a038c0,2018-05-21 13:56:28,2018-05-21 14:34:52,"May 21, 2018",1:58:00 PM,,,,112.0,112.0,1.0,1.0,26.0,BINDI,.,,,1,,0.0,2008.0,Kananga,Malandji,1.0,,4.0,,KAZUMBA,4,,.,.,300000.0,32000.0,1 3 4,2.0,4.0,5.0,OK,1.0,0.0,0.0,1.0,OK,2.0,2.0,OK,2.0,2.0,13:56:29,13:56:29,3.0,3.0,4.0,3.0,2.0,2.0,2.0,1.0,2.0,2.0,1.0,2.0,1,,8.0,,1.0,,1,,4,,1.0,,1,,0.0,1.0,3.0,1.0,1.0,1.0,1.0,2.0,4.0,1.0,1.0,1.0,800.0,200.0,9.0,7.0,6.0,5.0,0,,3.0,3.0,2,,0.0,,,1.0,3,,6,,1,.,1,.,0,1.0,uuid:42ce0977-0346-4443-921c-d937e4a038c0,,,,,,,,,,1.0,,,,,,29 Apr 2019,2019-04-29,,,,,,1.0,91.0,,,,,,,,,,,,,,,,,,,,N.U.,0.0,0.0,2018-06-06,uuid:b9a8113b-7777-42ce-be75-454118e4af2b,2018-06-06 14:49:14,2018-06-06 15:05:29,"Jun 6, 2018",2:49:00 PM,37890.0,1.0,,,,,1.0,,.,.,,.,.,.,,,.,.,,,,,.,.,.,.,.,,,.,,,,OK,0.0,0.0,0.0,0.0,OK,2.0,2.0,OK,2.0,2.0,.,.,3.0,3.0,2.0,4.0,2.0,,,,,,,,.,,,,,,.,,.,,,,.,,,,,,,,,,,1.0,1.0,2.0,1000.0,0.0,4.0,3.0,2.0,0.0,.,.,,,.,.,,.,.,,.,.,.,.,1,.,1,.,0,1.0,uuid:b9a8113b-7777-42ce-be75-454118e4af2b,,,,,,,,,,2.0,1.0,,,,,29 Apr 2019,2019-04-29,,,,,,1.0,269.0,269.0,669.0,,0.0,,,,,,,,,,,,,,,,N.U.,0.0
3,4,649,0.0,1.0,22.0,0.0,23.0,1.0,22.0,0.0,23.0,,1,,284.0,2,65089.0,2018-05-04,uuid:fd3158a7-7dcf-47b7-a6c3-35fe81344d20,2018-05-04 08:33:59,2018-05-04 10:48:18,"May 4, 2018",8:34:00 AM,,,,86.0,86.0,1.0,1.0,27.0,LUALUA,.,,,12,,0.0,2001.0,Ndesha,Lubuwa,1.0,,4.0,,DEMBA,27,,.,.,164000.0,50000.0,3,6.0,4.0,4.0,OK,1.0,1.0,1.0,1.0,OK,2.0,1.0,OK,1.0,1.0,08:33:59,08:33:59,3.0,5.0,3.0,3.0,1.0,1.0,1.0,1.0,1.0,1.0,1.0,1.0,2,,3.0,,3.0,,8,,3,,3.0,,3,,1.0,,1.0,2.0,2.0,1.0,1.0,2.0,3.0,1.0,1.0,1.0,500.0,500.0,10.0,8.0,7.0,6.0,other,Récepteur,2.0,0.0,3,,0.0,,,0.0,,,2,,1,.,1,.,Le répondant était trop lent à répondre,1.0,uuid:fd3158a7-7dcf-47b7-a6c3-35fe81344d20,,,,,,,,,,1.0,,,,,,29 Apr 2019,2019-04-29,,,,,,1.0,89.0,,,,,,,,,,,,,,,,,,,,N.U.,0.0,0.0,2018-06-07,uuid:35a7a129-dc27-4401-a6b2-b4800bb2dde7,2018-06-07 14:59:22,2018-06-07 15:55:49,"Jun 7, 2018",2:59:00 PM,65089.0,1.0,,,,,1.0,,.,.,,.,.,.,,,.,.,,,,,.,.,.,.,.,,,.,,,,OK,1.0,1.0,0.0,1.0,OK,2.0,1.0,OK,2.0,3.0,.,.,4.0,5.0,2.0,3.0,2.0,,,,,,,,.,,,,,,.,,.,,,,.,,,,,,,,,,,2.0,2.0,2.0,500.0,500.0,6.0,5.0,4.0,0.0,.,.,,,.,.,,.,.,,.,.,.,.,6,.,6,.,0,2.0,uuid:35a7a129-dc27-4401-a6b2-b4800bb2dde7,,,,,,,,,,2.0,1.0,,,,,29 Apr 2019,2019-04-29,,,,,,1.0,284.0,284.0,684.0,,0.0,,,,,,,,,,,,,,,,N.U.,0.0
3,4,700,1.0,5.0,18.0,0.0,23.0,2.5,9.0,0.0,11.5,,1,,,2,70288.0,2018-04-09,uuid:24a3dce4-3857-4eed-974d-f31e69050580,2018-04-09 18:14:28,2018-04-09 18:52:28,"Apr 9, 2018",6:14:00 PM,,,,55.0,55.0,1.0,1.0,44.0,LULUWA,,46.0,,1,,1.0,,Katoka,Mpokolo,1.0,,4.0,,KANANGA,17,,,,76000.0,42000.0,3,3.0,4.0,2.0,OK,1.0,1.0,1.0,1.0,OK,1.0,2.0,OK,2.0,2.0,09:14:30,09:14:30,5.0,5.0,2.0,2.0,2.0,1.0,3.0,2.0,4.0,2.0,2.0,4.0,2,,2.0,,2.0,,2,,2,,2.0,,2,,0.0,4.0,4.0,2.0,2.0,2.0,2.0,2.0,3.0,2.0,1.0,2.0,1000.0,0.0,9.0,8.0,7.0,6.0,0,,2.0,3.0,4,,0.0,.,.,0.0,.,.,5,,1,.,1,.,0,1.0,uuid:24a3dce4-3857-4eed-974d-f31e69050580,,,,,,.,,,,1.0,,,,,,29 Apr 2019,2019-04-29,,,,,,1.0,42.0,,,,,,,,,,,,,,,,,,,,N.U.,0.0,0.0,2018-06-09,uuid:a2e7204f-b931-4bb2-893c-82e5a5d4a534,2018-06-09 10:50:20,2018-06-09 11:45:02,"Jun 9, 2018",10:51:00 AM,70288.0,1.0,,,,,1.0,,.,.,,.,.,.,,,.,.,,,,,.,.,.,.,.,,,.,,,,OK,0.0,0.0,1.0,1.0,OK,1.0,2.0,OK,1.0,1.0,.,.,3.0,5.0,3.0,3.0,2.0,,,,,,,,.,,,,,,.,,.,,,,.,,,,,,,,,,,1.0,2.0,2.0,1000.0,0.0,9.0,8.0,6.0,5.0,.,.,,,.,.,,.,.,,.,.,.,.,1,.,1,.,0,2.0,uuid:a2e7204f-b931-4bb2-893c-82e5a5d4a534,,,,,,,,,,1.0,1.0,,,,,29 Apr 2019,2019-04-29,,,,,,1.0,296.0,296.0,696.0,,0.0,,,,,,,,,,,,,,,,N.U.,0.0
3,4,701,1.0,5.0,18.0,0.0,23.0,2.5,9.0,0.0,11.5,,1,,,2,70288.0,2018-04-09,uuid:24a3dce4-3857-4eed-974d-f31e69050580,2018-04-09 18:14:28,2018-04-09 18:52:28,"Apr 9, 2018",6:14:00 PM,,,,55.0,55.0,1.0,1.0,44.0,LULUWA,,46.0,,1,,1.0,,Katoka,Mpokolo,1.0,,4.0,,KANANGA,17,,,,76000.0,42000.0,3,3.0,4.0,2.0,OK,1.0,1.0,1.0,1.0,OK,1.0,2.0,OK,2.0,2.0,09:14:30,09:14:30,5.0,5.0,2.0,2.0,2.0,1.0,3.0,2.0,4.0,2.0,2.0,4.0,2,,2.0,,2.0,,2,,2,,2.0,,2,,0.0,4.0,4.0,2.0,2.0,2.0,2.0,2.0,3.0,2.0,1.0,2.0,1000.0,0.0,9.0,8.0,7.0,6.0,0,,2.0,3.0,4,,0.0,.,.,0.0,.,.,5,,1,.,1,.,0,1.0,uuid:24a3dce4-3857-4eed-974d-f31e69050580,,,,,,.,,,,1.0,,,,,,29 Apr 2019,2019-04-29,,,,,,1.0,42.0,,,,,,,,,,,,,,,,,,,,N.U.,0.0,0.0,2018-06-09,uuid:a2e7204f-b931-4bb2-893c-82e5a5d4a534,2018-06-09 10:50:20,2018-06-09 11:45:02,"Jun 9, 2018",10:51:00 AM,70288.0,1.0,,,,,1.0,,.,.,,.,.,.,,,.,.,,,,,.,.,.,.,.,,,.,,,,OK,0.0,0.0,1.0,1.0,OK,1.0,2.0,OK,1.0,1.0,.,.,3.0,5.0,3.0,3.0,2.0,,,,,,,,.,,,,,,.,,.,,,,.,,,,,,,,,,,1.0,2.0,2.0,1000.0,0.0,9.0,8.0,6.0,5.0,.,.,,,.,.,,.,.,,.,.,.,.,1,.,1,.,0,2.0,uuid:a2e7204f-b931-4bb2-893c-82e5a5d4a534,,,,,,,,,,1.0,1.0,,,,,29 Apr 2019,2019-04-29,,,,,,1.0,296.0,296.0,696.0,,0.0,,,,,,,,,,,,,,,,N.U.,0.0
4,2,124,0.0,2.0,20.0,0.0,22.0,2.0,20.0,0.0,22.0,,2,11789.0,0.0,3,,2018-09-19,uuid:b5117668-59d8-4d88-93ea-2d2058876b37,2018-09-19 16:09:27,2018-09-19 16:23:33,"Sep 19, 2018",3:09:00 PM,11789.0,1.0,,,,,1.0,,,.,,,,,,,,,,,,,,,,,,,,,,,,OK,1.0,1.0,0.0,1.0,OK,1.0,1.0,OK,2.0,2.0,.,.,4.0,4.0,3.0,3.0,2.0,,,,,,,,.,,,,,,.,,.,,,,,,,,,,,,,,,2.0,2.0,2.0,800.0,200.0,5.0,4.0,2.0,0.0,,,,,.,.,,.,.,,.,.,,,1,,1,,0,2.0,uuid:b5117668-59d8-4d88-93ea-2d2058876b37,,,,,,,,,,,,,,,,29 Apr 2019,2019-04-29,,,,,,1.0,436.0,436.0,836.0,,0.0,,,,,,,,,,,,,,,,,1.0,0.0,2018-09-15,uuid:93f6abe1-5a84-490a-912d-321e27a2699f,2018-09-15 09:34:31,2018-09-15 10:15:05,"Sep 15, 2018",8:34:00 AM,11789.0,,0.0,,,1.0,1.0,32.0,LULUWA,.,,Bakua mbayi,1,,1.0,,Lukonga,Itabayi,1.0,,4.0,,DEMBA,0,,14,,45000.0,2500.0,0,2.0,3.0,6.0,OK,1.0,1.0,0.0,0.0,OK,1.0,1.0,OK,1.0,1.0,.,.,4.0,3.0,1.0,3.0,1.0,1.0,2.0,2.0,2.0,2.0,2.0,2.0,1,,1.0,,1.0,,1,,1,,1.0,,1,,0.0,2.0,2.0,2.0,2.0,2.0,2.0,1.0,3.0,2.0,2.0,1.0,1000.0,0.0,5.0,3.0,1.0,0.0,,,,,.,.,,.,.,,.,.,,,1,,4,,0,2.0,uuid:93f6abe1-5a84-490a-912d-321e27a2699f,,,,,,,,,,,,,,,,29 Apr 2019,2019-04-29,,,,,,1.0,,,,445.0,,,0.0,,,,,,,,,,,,,,,1.0
4,2,242,0.0,3.0,20.0,0.0,23.0,3.0,20.0,0.0,23.0,,2,24450.0,,3,,2018-06-14,uuid:d3731dbd-b556-46c4-a709-568a36bee3e7,2018-06-14 14:40:08,2018-06-14 15:09:11,"Jun 14, 2018",1:40:00 PM,24450.0,0.0,,,,,1.0,,,.,,,,,,,,,,,,,,,,,,,,,,,,OK,1.0,1.0,1.0,1.0,OK,1.0,1.0,OK,2.0,2.0,.,.,4.0,4.0,3.0,3.0,2.0,,,,,,,,.,,,,,,.,,.,,,,,,,,,,,,,,,1.0,1.0,2.0,200.0,800.0,6.0,3.0,1.0,0.0,,,,,.,.,,.,.,,.,.,,,6,,1,,0,2.0,uuid:d3731dbd-b556-46c4-a709-568a36bee3e7,,,,,,,,,,,,,,,,29 Apr 2019,2019-04-29,,,,,,1.0,388.0,388.0,788.0,,0.0,,,,,,,,,,,,,,,,,0.0,0.0,,,,,,,,,,,,,,,,,,,,,,,,,,,,,,,,,,,,,,,,,,,,,,,,,,,,,,,,,,,,,,,,,,,,,,,,,,,,,,,,,,,,,,,,,,,,,,,,,,,,,,,,,,,,,,,,,,,,,,,,,,,,,,,,,,,,,,,,,,,,,,,,,,,,,,,,,,,,,,,,,,
4,2,331,0.0,1.0,21.0,0.0,22.0,1.0,21.0,0.0,22.0,,2,33089.0,,3,,2018-06-04,uuid:c6895d07-a169-424c-8739-16f8431944f9,2018-06-04 08:23:00,2018-06-04 08:52:27,"Jun 4, 2018",8:23:00 AM,33089.0,1.0,,,,,1.0,,.,.,,.,.,.,,,.,.,,,,,.,.,.,.,.,,,.,,,,OK,1.0,1.0,1.0,1.0,OK,2.0,2.0,OK,1.0,1.0,.,.,3.0,3.0,3.0,3.0,1.0,,,,,,,,.,,,,,,.,,.,,,,.,,,,,,,,,,,2.0,2.0,2.0,400.0,600.0,10.0,8.0,3.0,0.0,.,.,,,.,.,,.,.,,.,.,.,.,2,.,2,.,Il m’a donné le numero de son frère,2.0,uuid:c6895d07-a169-424c-8739-16f8431944f9,,,,,,,,,,1.0,0.0,.,,,,29 Apr 2019,2019-04-29,,,,,,1.0,243.0,243.0,643.0,,0.0,,,,,,,,,,,,,,,,N.U.,0.0,0.0,2018-06-12,uuid:3a0da715-3375-4725-a268-3221c1a9691c,2018-06-12 06:59:06,,"Jun 12, 2018",4:59:00 AM,33089.0,,1.0,,,1.0,1.0,34.0,KETE,.,,,other,Eglise spirutuek de jesus,0.0,1994.0,Katoka,Tukombe,1.0,,4.0,,LUIZA,other,Tailleur,,,90000.0,30000.0,3 6,5.0,3.0,6.0,OK,1.0,1.0,1.0,1.0,OK,1.0,2.0,OK,1.0,1.0,.,.,3.0,5.0,3.0,3.0,2.0,2.0,3.0,2.0,2.0,3.0,2.0,2.0,2,,2.0,,2.0,,2,,2,,2.0,,2,,1.0,,1.0,2.0,2.0,2.0,2.0,1.0,4.0,2.0,2.0,2.0,800.0,200.0,10.0,5.0,3.0,0.0,,,,,.,.,,.,.,,.,.,,,1,,1,,0,2.0,uuid:3a0da715-3375-4725-a268-3221c1a9691c,,,,,,,,,,,,,,,,29 Apr 2019,2019-04-29,,,,,,1.0,125.0,,,445.0,,,0.0,,,,,,,,,,,,,,,0.0
4,2,334,0.0,2.0,20.0,0.0,22.0,2.0,20.0,0.0,22.0,208.0,2,33732.0,,3,,2018-05-30,uuid:8f1c8923-5103-47e3-8d3b-386445bbcc74,2018-05-30 11:58:16,2018-05-30 12:45:17,"May 30, 2018",11:58:00 AM,33732.0,1.0,,,,,1.0,,,.,,,,,,,,,,,,,,,,.,.,,,,,,,OK,1.0,0.0,1.0,1.0,OK,2.0,2.0,OK,4.0,4.0,,,5.0,3.0,3.0,2.0,2.0,,,,,,,,.,,,,,,.,,.,,,,.,,,,,,,,,,,2.0,2.0,2.0,800.0,200.0,10.0,7.0,3.0,1.0,,,,,,,,,,,,,,,.,.,,.,0,2.0,uuid:8f1c8923-5103-47e3-8d3b-386445bbcc74,,,,,,1,,,1.0,1.0,,,,,,29 Apr 2019,2019-04-29,,,,,,1.0,208.0,208.0,608.0,,0.0,,,,,,,,,,,,,,,,,0.0,0.0,2019-02-25,uuid:2eab5232-3c2f-4f1c-b1dd-b5e96ebfc943,2019-02-25 10:07:36,2019-02-25 10:16:07,"Feb 25, 2019",10:07:00 AM,33732.0,,1.0,,,1.0,1.0,31.0,LULUWA,.,38.0,,3,,1.0,,Katoka,Tukombe,1.0,,4.0,,KAZUMBA,9,,,,45000.0,10000.0,3,6.0,4.0,5.0,OK,1.0,1.0,0.0,1.0,OK,2.0,2.0,OK,1.0,1.0,.,.,5.0,3.0,3.0,3.0,1.0,2.0,2.0,2.0,2.0,2.0,2.0,2.0,1,,1.0,,1.0,,2,,2,,1.0,,2,,0.0,1.0,2.0,2.0,2.0,4.0,1.0,1.0,4.0,1.0,2.0,1.0,0.0,1000.0,5.0,4.0,3.0,2.0,,,,,.,.,,.,.,,.,.,,,1,,,,0,2.0,uuid:2eab5232-3c2f-4f1c-b1dd-b5e96ebfc943,,,,,,,,,,,,,,,,29 Apr 2019,2019-04-29,,,,,,1.0,,,,445.0,,,0.0,,,,,,,,,,,,,,,2.0
4,2,386,0.0,4.0,19.0,0.0,23.0,4.0,19.0,0.0,23.0,437.0,2,38673.0,242.0,3,,2018-09-19,uuid:fad94db8-76e8-4ae0-b750-20fae7722087,2018-09-19 17:11:46,2018-09-19 17:42:03,"Sep 19, 2018",4:12:00 PM,38673.0,1.0,,,,,1.0,,,.,,,,,,,,,,,,,,,,,,,,,,,,OK,1.0,1.0,1.0,0.0,OK,2.0,1.0,OK,1.0,1.0,.,.,5.0,5.0,3.0,3.0,2.0,,,,,,,,.,,,,,,.,,.,,,,,,,,,,,,,,,2.0,2.0,1.0,300.0,700.0,8.0,6.0,5.0,3.0,,,,,.,.,,.,.,,.,.,,,1,,1,,0,2.0,uuid:fad94db8-76e8-4ae0-b750-20fae7722087,,,,,,,,,,,,,,,,29 Apr 2019,2019-04-29,,,,,,1.0,437.0,437.0,837.0,,0.0,,,,,,,,,,,,,,,,,1.0,0.0,2018-09-25,uuid:066a1c48-d27a-4fd7-b0d2-c92c309f10b4,2018-09-25 09:28:24,2018-09-25 10:44:07,"Sep 25, 2018",8:28:00 AM,38673.0,,1.0,,,1.0,1.0,27.0,LULUWA,.,46.0,,other,Adventiste,1.0,,Katoka,Kele kele,1.0,,4.0,,KANANGA,17,,,,55000.0,40000.0,3,1.0,4.0,5.0,OK,0.0,0.0,0.0,0.0,OK,1.0,2.0,OK,2.0,2.0,.,.,5.0,5.0,2.0,3.0,2.0,2.0,2.0,2.0,2.0,2.0,2.0,2.0,1,,1.0,,1.0,,1,,1,,1.0,,1,,1.0,,2.0,2.0,2.0,2.0,2.0,1.0,3.0,1.0,2.0,2.0,600.0,400.0,10.0,9.0,7.0,6.0,,,,,.,.,,.,.,,.,.,,,4,,5,,0,2.0,uuid:066a1c48-d27a-4fd7-b0d2-c92c309f10b4,,,,,,,,,,,,,,,,29 Apr 2019,2019-04-29,,,,,,1.0,242.0,,,445.0,,,0.0,,,,,,,,,,,,,,,1.0
4,2,501,0.0,3.0,20.0,0.0,23.0,3.0,20.0,0.0,23.0,,2,50185.0,0.0,3,,2018-06-02,uuid:19bd0b37-e771-499a-88ff-a4a8f0be4623,2018-06-02 09:09:10,2018-06-02 09:27:26,"Jun 2, 2018",9:09:00 AM,58585.0,1.0,,,,,1.0,,.,.,,.,.,.,,,.,.,,,,,.,.,.,.,.,,,.,,,,OK,1.0,1.0,1.0,1.0,OK,4.0,4.0,OK,4.0,4.0,.,.,5.0,5.0,2.0,3.0,2.0,,,,,,,,.,,,,,,.,,.,,,,.,,,,,,,,,,,4.0,2.0,2.0,0.0,1000.0,5.0,4.0,3.0,0.0,.,.,,,.,.,,.,.,,.,.,.,.,1,.,1,.,0,2.0,uuid:19bd0b37-e771-499a-88ff-a4a8f0be4623,,,,,,,,,,3.0,,,,,,29 Apr 2019,2019-04-29,,,,,,1.0,237.0,237.0,637.0,,0.0,,,,,,,,,,,,,,,,N.U.,0.0,0.0,2018-06-11,uuid:13951bea-f90e-4890-9b4b-8c2601d9abbb,2018-06-11 09:11:26,2018-06-11 10:01:09,"Jun 11, 2018",7:11:00 AM,50185.0,,1.0,,,1.0,1.0,24.0,LULUWA,.,19.0,,7,,1.0,,Kananga,Tshinsambi,0.0,,4.0,,DIBAYA,27,,,,90000.0,30000.0,3 4 5,6.0,4.0,4.0,OK,0.0,0.0,0.0,0.0,OK,1.0,2.0,OK,1.0,1.0,.,.,5.0,3.0,4.0,3.0,2.0,2.0,2.0,2.0,2.0,2.0,2.0,2.0,8,,1.0,,1.0,,1,,1,,1.0,,1,,1.0,,2.0,4.0,4.0,4.0,2.0,1.0,5.0,1.0,1.0,2.0,0.0,1000.0,4.0,3.0,2.0,0.0,,,,,.,.,,.,.,,.,.,,,1,,1,,0,1.0,uuid:13951bea-f90e-4890-9b4b-8c2601d9abbb,,,,,,,,,,,,,,,,29 Apr 2019,2019-04-29,,,,,,1.0,,,,445.0,,,0.0,,,,,,,,,,,,,,,0.0
4,2,547,0.0,3.0,20.0,0.0,23.0,3.0,20.0,0.0,23.0,293.0,2,54744.0,0.0,3,,2018-06-08,uuid:a12b8586-9311-4a3b-9d70-6b40708e5d3c,2018-06-08 12:41:36,2018-06-08 17:22:24,"Jun 8, 2018",11:41:00 AM,54744.0,1.0,,,,,1.0,,.,.,,.,.,.,,,.,.,,,,,.,.,.,.,.,,,.,,,,OK,1.0,1.0,0.0,0.0,OK,1.0,1.0,OK,2.0,2.0,.,.,3.0,3.0,3.0,3.0,2.0,,,,,,,,.,,,,,,.,,.,,,,.,,,,,,,,,,,1.0,1.0,2.0,0.0,0.0,6.0,5.0,4.0,3.0,.,.,,,.,.,,.,.,,.,.,.,.,1,.,1,.,0,2.0,uuid:a12b8586-9311-4a3b-9d70-6b40708e5d3c,,,,,,,,,,1.0,1.0,,,,,29 Apr 2019,2019-04-29,,,,,,1.0,293.0,293.0,693.0,,0.0,,,,,,,,,,,,,,,,N.U.,0.0,0.0,2018-06-11,uuid:68714fd8-53df-4a9c-adee-dae12c222a00,2018-06-11 10:49:10,2018-06-11 11:35:04,"Jun 11, 2018",9:49:00 AM,54744.0,,1.0,,,1.0,1.0,33.0,KETE,.,,,3,,0.0,2007.0,Kananga,Plateau,0.0,,4.0,,MWEKA,27,,,,30000.0,7000.0,0,1.0,4.0,4.0,OK,1.0,1.0,0.0,0.0,OK,1.0,1.0,OK,1.0,1.0,.,.,4.0,5.0,3.0,3.0,1.0,1.0,1.0,1.0,1.0,1.0,1.0,1.0,1,,3.0,,1.0,,1,,1,,8.0,,1,,0.0,4.0,2.0,2.0,2.0,2.0,3.0,1.0,2.0,1.0,1.0,3.0,1000.0,0.0,7.0,5.0,4.0,2.0,,,,,.,.,,.,.,,.,.,,,1,,1,,0,2.0,uuid:68714fd8-53df-4a9c-adee-dae12c222a00,,,,,,,,,,,,,,,,29 Apr 2019,2019-04-29,,,,,,1.0,,,,445.0,,,0.0,,,,,,,,,,,,,,,0.0
4,2,551,0.0,4.0,19.0,0.0,23.0,4.0,19.0,0.0,23.0,,2,55048.0,0.0,3,,2018-09-19,uuid:64e97f45-4042-4122-9f3e-e2616e94ee6d,2018-09-19 15:47:29,2018-09-19 16:08:45,"Sep 19, 2018",2:47:00 PM,55048.0,1.0,,,,,1.0,,,.,,,,,,,,,,,,,,,,,,,,,,,,OK,1.0,1.0,1.0,1.0,OK,2.0,2.0,OK,1.0,1.0,.,.,4.0,4.0,3.0,3.0,2.0,,,,,,,,.,,,,,,.,,.,,,,,,,,,,,,,,,1.0,1.0,2.0,1000.0,0.0,10.0,8.0,7.0,5.0,,,,,.,.,,.,.,,.,.,,,1,,1,,0,2.0,uuid:64e97f45-4042-4122-9f3e-e2616e94ee6d,,,,,,,,,,,,,,,,29 Apr 2019,2019-04-29,,,,,,1.0,435.0,435.0,835.0,,0.0,,,,,,,,,,,,,,,,,1.0,0.0,2018-09-24,uuid:218807a3-f859-495e-b792-207afed841db,2018-09-24 17:29:51,2018-09-24 17:47:56,"Sep 24, 2018",4:29:00 PM,55047.0,,1.0,,,2.0,1.0,39.0,LULUWA,.,19.0,,3,,1.0,,Kananga,Bikuku,1.0,,4.0,,DIBAYA,4,,,,50000.0,25000.0,4,8.0,4.0,3.0,OK,1.0,1.0,1.0,1.0,OK,1.0,1.0,OK,1.0,1.0,.,.,3.0,3.0,3.0,3.0,2.0,2.0,4.0,2.0,2.0,2.0,2.0,4.0,1,,1.0,,1.0,,2,,1,,1.0,,1,,0.0,4.0,1.0,1.0,1.0,1.0,1.0,1.0,4.0,1.0,1.0,2.0,0.0,0.0,3.0,2.0,1.0,0.0,,,,,.,.,,.,.,,.,.,,,1,,1,,0,2.0,uuid:218807a3-f859-495e-b792-207afed841db,,,,,,,,,,,,,,,,29 Apr 2019,2019-04-29,,,,,,1.0,,,,445.0,,,0.0,,,,,,,,,,,,,,,1.0
4,2,602,1.0,3.0,20.0,0.0,23.0,1.5,10.0,0.0,11.5,230.0,2,60383.0,,3,,2018-06-01,uuid:0c705f95-21fc-4a9c-94e0-78f5ded4db9a,2018-06-01 14:38:59,2018-06-01 15:15:03,"Jun 1, 2018",2:39:00 PM,60383.0,1.0,,,,,1.0,,.,.,,.,.,.,,,.,.,,,,,.,.,.,.,.,,,.,,,,OK,1.0,1.0,1.0,1.0,OK,2.0,1.0,OK,1.0,1.0,.,.,5.0,3.0,3.0,3.0,2.0,,,,,,,,.,,,,,,.,,.,,,,.,,,,,,,,,,,2.0,2.0,2.0,600.0,400.0,8.0,7.0,6.0,4.0,.,.,,,.,.,,.,.,,.,.,.,.,6,.,,.,0,2.0,uuid:0c705f95-21fc-4a9c-94e0-78f5ded4db9a,,,,,,,,,,1.0,,,,,,29 Apr 2019,2019-04-29,,,,,,1.0,230.0,230.0,630.0,,0.0,,,,,,,,,,,,,,,,N.U.,0.0,0.0,2019-02-25,uuid:48bac8a6-8164-425f-b35f-2b47f634e776,2019-02-25 09:13:35,2019-02-25 09:53:30,"Feb 25, 2019",9:13:00 AM,60383.0,,0.0,,,1.0,1.0,60.0,LUNTU,.,,Bakua Lule,3,,0.0,1984.0,Kananga,Plateau,1.0,,4.0,,DIMBELENGE,18,,,,112000.0,28000.0,3,9.0,3.0,4.0,OK,1.0,1.0,1.0,1.0,OK,2.0,2.0,OK,2.0,2.0,.,.,3.0,3.0,3.0,3.0,2.0,2.0,4.0,4.0,2.0,2.0,2.0,2.0,2,,2.0,,2.0,,1,,3,,2.0,,1,,0.0,1.0,1.0,1.0,1.0,1.0,1.0,1.0,4.0,1.0,2.0,2.0,0.0,1000.0,10.0,7.0,5.0,4.0,,,,,.,.,,.,.,,.,.,,,1,,,,0,2.0,uuid:48bac8a6-8164-425f-b35f-2b47f634e776,,,,,,,,,,,,,,,,29 Apr 2019,2019-04-29,,,,,,1.0,324.0,,,445.0,,,0.0,,,,,,,,,,,,,,,2.0
4,2,616,1.0,3.0,20.0,0.0,23.0,1.5,10.0,0.0,11.5,230.0,2,60383.0,,3,,2018-06-01,uuid:0c705f95-21fc-4a9c-94e0-78f5ded4db9a,2018-06-01 14:38:59,2018-06-01 15:15:03,"Jun 1, 2018",2:39:00 PM,60383.0,1.0,,,,,1.0,,.,.,,.,.,.,,,.,.,,,,,.,.,.,.,.,,,.,,,,OK,1.0,1.0,1.0,1.0,OK,2.0,1.0,OK,1.0,1.0,.,.,5.0,3.0,3.0,3.0,2.0,,,,,,,,.,,,,,,.,,.,,,,.,,,,,,,,,,,2.0,2.0,2.0,600.0,400.0,8.0,7.0,6.0,4.0,.,.,,,.,.,,.,.,,.,.,.,.,6,.,,.,0,2.0,uuid:0c705f95-21fc-4a9c-94e0-78f5ded4db9a,,,,,,,,,,1.0,,,,,,29 Apr 2019,2019-04-29,,,,,,1.0,230.0,230.0,630.0,,0.0,,,,,,,,,,,,,,,,N.U.,0.0,0.0,2019-02-25,uuid:48bac8a6-8164-425f-b35f-2b47f634e776,2019-02-25 09:13:35,2019-02-25 09:53:30,"Feb 25, 2019",9:13:00 AM,60383.0,,0.0,,,1.0,1.0,60.0,LUNTU,.,,Bakua Lule,3,,0.0,1984.0,Kananga,Plateau,1.0,,4.0,,DIMBELENGE,18,,,,112000.0,28000.0,3,9.0,3.0,4.0,OK,1.0,1.0,1.0,1.0,OK,2.0,2.0,OK,2.0,2.0,.,.,3.0,3.0,3.0,3.0,2.0,2.0,4.0,4.0,2.0,2.0,2.0,2.0,2,,2.0,,2.0,,1,,3,,2.0,,1,,0.0,1.0,1.0,1.0,1.0,1.0,1.0,1.0,4.0,1.0,2.0,2.0,0.0,1000.0,10.0,7.0,5.0,4.0,,,,,.,.,,.,.,,.,.,,,1,,,,0,2.0,uuid:48bac8a6-8164-425f-b35f-2b47f634e776,,,,,,,,,,,,,,,,29 Apr 2019,2019-04-29,,,,,,1.0,324.0,,,445.0,,,0.0,,,,,,,,,,,,,,,2.0
4,2,634,0.0,4.0,19.0,0.0,23.0,4.0,19.0,0.0,23.0,229.0,2,63445.0,112.0,3,,2018-06-01,uuid:4e980c3a-1820-4834-85a9-4334a7575e8c,2018-06-01 14:08:55,2018-06-01 14:58:35,"Jun 1, 2018",2:08:00 PM,63445.0,1.0,,,,,1.0,,.,.,,.,.,.,,,.,.,,,,,.,.,.,.,.,,,.,,,,OK,1.0,1.0,0.0,0.0,OK,1.0,2.0,OK,2.0,2.0,.,.,5.0,4.0,3.0,2.0,2.0,,,,,,,,.,,,,,,.,,.,,,,.,,,,,,,,,,,2.0,3.0,2.0,1000.0,0.0,5.0,4.0,3.0,0.0,.,.,,,.,.,,.,.,,.,.,.,.,1,.,1,.,0,2.0,uuid:4e980c3a-1820-4834-85a9-4334a7575e8c,,,,,,,,,,1.0,,,,,,29 Apr 2019,2019-04-29,,,,,,1.0,229.0,229.0,629.0,,0.0,,,,,,,,,,,,,,,,N.U.,0.0,0.0,2018-06-11,uuid:a1ab4aba-2321-4f67-b8a7-ec516a29e5f9,2018-06-11 13:49:12,2018-06-11 14:25:15,"Jun 11, 2018",12:49:00 PM,63445.0,,1.0,,,1.0,1.0,56.0,LUNTU,.,,Bakua tshikandu,other,Bena malembe,0.0,1998.0,Kananga,Kamayi,0.0,,4.0,,DIMBELENGE,0,,other,Débrouillé,90000.0,21000.0,3 6,4.0,2.0,3.0,OK,1.0,1.0,0.0,1.0,OK,2.0,1.0,OK,2.0,2.0,.,.,3.0,3.0,3.0,3.0,2.0,2.0,3.0,2.0,2.0,2.0,2.0,2.0,1,,1.0,,2.0,,2,,3,,7.0,,1,,0.0,4.0,1.0,2.0,2.0,1.0,1.0,1.0,4.0,1.0,1.0,2.0,100.0,900.0,8.0,5.0,3.0,1.0,,,,,.,.,,.,.,,.,.,,,1,,6,,0,2.0,uuid:a1ab4aba-2321-4f67-b8a7-ec516a29e5f9,,,,,,,,,,,,,,,,29 Apr 2019,2019-04-29,,,,,,1.0,,,,445.0,,,0.0,,,,,,,,,,,,,,,0.0
4,2,644,0.0,7.0,14.0,0.0,21.0,7.0,14.0,0.0,21.0,242.0,2,64491.0,135.0,3,,2018-06-02,uuid:c1a43fee-7fff-4edc-b473-1ad3082a4f87,2018-06-02 14:43:47,2018-06-02 15:37:05,"Jun 2, 2018",2:44:00 PM,64491.0,1.0,,,,,1.0,,.,.,,.,.,.,,,.,.,,,,,.,.,.,.,.,,,.,,,,OK,1.0,1.0,1.0,1.0,OK,2.0,2.0,OK,1.0,2.0,.,.,4.0,3.0,3.0,3.0,2.0,,,,,,,,.,,,,,,.,,.,,,,.,,,,,,,,,,,2.0,4.0,2.0,250.0,750.0,10.0,3.0,1.0,0.0,.,.,,,.,.,,.,.,,.,.,.,.,6,.,5,.,0,1.0,uuid:c1a43fee-7fff-4edc-b473-1ad3082a4f87,,,,,,,,,,1.0,,,,,,29 Apr 2019,2019-04-29,,,,,,1.0,242.0,242.0,642.0,,0.0,,,,,,,,,,,,,,,,N.U.,0.0,0.0,2018-06-12,uuid:b667d784-37d2-4d94-8661-b19cd7da9a32,2018-06-12 11:26:47,2018-06-12 11:58:13,"Jun 12, 2018",10:26:00 AM,64491.0,,1.0,,,1.0,1.0,41.0,LULUWA,.,,Bakua nkole,3,,1.0,,Kananga,Kamayi,0.0,,4.0,,DIBAYA,4,,,,60000.0,40000.0,3 4,2.0,3.0,6.0,OK,1.0,1.0,0.0,0.0,OK,1.0,1.0,OK,1.0,1.0,.,.,4.0,3.0,1.0,3.0,2.0,1.0,3.0,2.0,2.0,2.0,2.0,1.0,2,,3.0,,3.0,,1,,1,,8.0,,4,,0.0,4.0,2.0,2.0,2.0,2.0,2.0,1.0,5.0,2.0,2.0,3.0,700.0,300.0,8.0,7.0,6.0,5.0,,,,,.,.,,.,.,,.,.,,,6,,6,,0,2.0,uuid:b667d784-37d2-4d94-8661-b19cd7da9a32,,,,,,,,,,,,,,,,29 Apr 2019,2019-04-29,,,,,,1.0,,,,445.0,,,0.0,,,,,,,,,,,,,,,0.0
4,2,655,0.0,2.0,19.0,0.0,21.0,2.0,19.0,0.0,21.0,,2,65553.0,,3,,2018-06-05,uuid:9264aef1-33c7-4ec7-9fa6-7850eb8b25b5,2018-06-05 14:27:48,2018-06-05 15:01:42,"Jun 5, 2018",2:27:00 PM,6558888.0,1.0,,,,,1.0,,.,.,,.,.,.,,,.,.,,,,,.,.,.,.,.,,,.,,,,OK,1.0,1.0,0.0,0.0,OK,1.0,2.0,OK,2.0,3.0,.,.,5.0,3.0,2.0,3.0,1.0,,,,,,,,.,,,,,,.,,.,,,,.,,,,,,,,,,,2.0,2.0,2.0,500.0,500.0,2.0,0.0,0.0,0.0,.,.,,,.,.,,.,.,,.,.,.,.,.,.,,.,0,2.0,uuid:9264aef1-33c7-4ec7-9fa6-7850eb8b25b5,,,,,,,,,,2.0,0.0,Ne plus chef,65550.0,65550.0,,29 Apr 2019,2019-04-29,,,,,,1.0,259.0,259.0,659.0,,0.0,,,,,,,,,,,,1.0,1.0,1.0,1.0,N.U.,0.0,0.0,2019-03-01,uuid:323ec042-a133-405e-87f5-07a58cc356ca,2019-03-01 13:35:15,,"Mar 1, 2019",1:35:00 PM,655553.0,,1.0,,,1.0,1.0,60.0,LULUWA,.,,Bakua mushilu,1,,0.0,,Kananga,Kamayi,0.0,,4.0,,KANANGA,11,,,,100000.0,30000.0,3,3.0,3.0,2.0,OK,1.0,1.0,1.0,1.0,OK,1.0,1.0,OK,1.0,1.0,.,.,5.0,5.0,3.0,3.0,2.0,2.0,2.0,2.0,2.0,2.0,2.0,2.0,1,,3.0,,2.0,,1,,1,,8.0,,2,,0.0,2.0,2.0,1.0,,2.0,3.0,1.0,5.0,1.0,2.0,2.0,400.0,600.0,6.0,6.0,4.0,0.0,,,,,.,.,,.,.,,.,.,,,1,,1,,0,2.0,uuid:323ec042-a133-405e-87f5-07a58cc356ca,,,,,,,,,,,,,,,,29 Apr 2019,2019-04-29,,,,,,1.0,371.0,,,445.0,,,0.0,,,,,,,1.0,,,,,,1.0,,2.0
4,2,677,1.0,4.0,19.0,0.0,23.0,2.0,9.5,0.0,11.5,,2,6775.0,,3,,2018-06-02,uuid:7390df33-e697-4b1c-8984-0d1d856a5434,2018-06-02 14:03:16,2018-06-02 14:20:18,"Jun 2, 2018",2:03:00 PM,6775.0,1.0,,,,,1.0,,.,.,,.,.,.,,,.,.,,,,,.,.,.,.,.,,,.,,,,OK,1.0,1.0,1.0,1.0,OK,2.0,2.0,OK,1.0,2.0,.,.,4.0,4.0,3.0,2.0,2.0,,,,,,,,.,,,,,,.,,.,,,,.,,,,,,,,,,,1.0,2.0,2.0,900.0,100.0,8.0,7.0,6.0,4.0,.,.,,,.,.,,.,.,,.,.,.,.,6,.,6,.,0,2.0,uuid:7390df33-e697-4b1c-8984-0d1d856a5434,,,,,,,,,,1.0,,,,,,29 Apr 2019,2019-04-29,,,,,,1.0,241.0,241.0,641.0,,0.0,,,,,,,,,,,,,,,,N.U.,0.0,0.0,2018-06-19,uuid:58c0632b-03fd-4a83-bfbf-b4ec99647910,2018-06-19 16:09:58,2018-06-19 16:40:46,"Jun 19, 2018",3:10:00 PM,6775.0,,1.0,,,1.0,1.0,70.0,LULUWA,.,,Bakua mbuyi,1,,0.0,1960.0,Kananga,Malandji,1.0,,4.0,,KANANGA,9,,,,120000.0,28000.0,3,2.0,2.0,4.0,OK,1.0,1.0,0.0,0.0,OK,1.0,1.0,OK,2.0,2.0,.,.,3.0,5.0,3.0,3.0,2.0,2.0,2.0,4.0,2.0,2.0,2.0,2.0,2,,8.0,,3.0,,2,,8,,2.0,,2,,0.0,4.0,4.0,1.0,1.0,1.0,1.0,1.0,3.0,1.0,1.0,2.0,800.0,200.0,7.0,6.0,5.0,4.0,,,,,.,.,,.,.,,.,.,,,6,,,,0,2.0,uuid:58c0632b-03fd-4a83-bfbf-b4ec99647910,,,,,,,,,,,,,,,,29 Apr 2019,2019-04-29,,,,,,1.0,,,,445.0,,,0.0,,,,,,,,,,,,,,,1.0
4,2,682,1.0,4.0,19.0,0.0,23.0,2.0,9.5,0.0,11.5,,2,6775.0,,3,,2018-06-02,uuid:7390df33-e697-4b1c-8984-0d1d856a5434,2018-06-02 14:03:16,2018-06-02 14:20:18,"Jun 2, 2018",2:03:00 PM,6775.0,1.0,,,,,1.0,,.,.,,.,.,.,,,.,.,,,,,.,.,.,.,.,,,.,,,,OK,1.0,1.0,1.0,1.0,OK,2.0,2.0,OK,1.0,2.0,.,.,4.0,4.0,3.0,2.0,2.0,,,,,,,,.,,,,,,.,,.,,,,.,,,,,,,,,,,1.0,2.0,2.0,900.0,100.0,8.0,7.0,6.0,4.0,.,.,,,.,.,,.,.,,.,.,.,.,6,.,6,.,0,2.0,uuid:7390df33-e697-4b1c-8984-0d1d856a5434,,,,,,,,,,1.0,,,,,,29 Apr 2019,2019-04-29,,,,,,1.0,241.0,241.0,641.0,,0.0,,,,,,,,,,,,,,,,N.U.,0.0,0.0,2018-06-19,uuid:58c0632b-03fd-4a83-bfbf-b4ec99647910,2018-06-19 16:09:58,2018-06-19 16:40:46,"Jun 19, 2018",3:10:00 PM,6775.0,,1.0,,,1.0,1.0,70.0,LULUWA,.,,Bakua mbuyi,1,,0.0,1960.0,Kananga,Malandji,1.0,,4.0,,KANANGA,9,,,,120000.0,28000.0,3,2.0,2.0,4.0,OK,1.0,1.0,0.0,0.0,OK,1.0,1.0,OK,2.0,2.0,.,.,3.0,5.0,3.0,3.0,2.0,2.0,2.0,4.0,2.0,2.0,2.0,2.0,2,,8.0,,3.0,,2,,8,,2.0,,2,,0.0,4.0,4.0,1.0,1.0,1.0,1.0,1.0,3.0,1.0,1.0,2.0,800.0,200.0,7.0,6.0,5.0,4.0,,,,,.,.,,.,.,,.,.,,,6,,,,0,2.0,uuid:58c0632b-03fd-4a83-bfbf-b4ec99647910,,,,,,,,,,,,,,,,29 Apr 2019,2019-04-29,,,,,,1.0,,,,445.0,,,0.0,,,,,,,,,,,,,,,1.0
4,2,695,0.0,2.0,21.0,0.0,23.0,2.0,21.0,0.0,23.0,399.0,2,69583.0,,3,,2018-06-21,uuid:62529f5f-1f2d-420f-9d3f-ffdc1be6e442,2018-06-21 11:22:16,2018-06-21 11:47:42,"Jun 21, 2018",10:22:00 AM,69583.0,1.0,,,,,1.0,,,.,,,,,,,,,,,,,,,,,,,,,,,,OK,1.0,1.0,0.0,0.0,OK,2.0,2.0,OK,2.0,2.0,.,.,1.0,1.0,3.0,3.0,2.0,,,,,,,,.,,,,,,.,,.,,,,,,,,,,,,,,,2.0,2.0,2.0,0.0,1000.0,10.0,5.0,2.0,1.0,,,,,.,.,,.,.,,.,.,,,6,,,,0,2.0,uuid:62529f5f-1f2d-420f-9d3f-ffdc1be6e442,,,,,,,,,,,,,,,,29 Apr 2019,2019-04-29,,,,,,1.0,399.0,399.0,799.0,,0.0,,,,,,,,,,,,,,,,,1.0,0.0,2019-02-26,uuid:cb75d764-602c-45bc-8648-ad98513bce72,2019-02-26 09:45:11,2019-02-26 10:12:39,"Feb 26, 2019",9:45:00 AM,69583.0,,1.0,,,1.0,1.0,21.0,LULUWA,.,19.0,,3,,0.0,1999.0,Kananga,Malandji,1.0,,4.0,,DIBAYA,27,,,,200000.0,20000.0,3,4.0,4.0,2.0,OK,1.0,1.0,0.0,1.0,OK,2.0,2.0,OK,1.0,1.0,.,.,3.0,4.0,3.0,3.0,2.0,2.0,2.0,2.0,2.0,2.0,2.0,2.0,8,,8.0,,8.0,,1,,1,,8.0,,1,,0.0,2.0,3.0,3.0,3.0,3.0,3.0,2.0,4.0,1.0,2.0,1.0,800.0,200.0,8.0,6.0,5.0,4.0,,,,,.,.,,.,.,,.,.,,,6,,,,0,2.0,uuid:cb75d764-602c-45bc-8648-ad98513bce72,,,,,,,,,,,,,,,,29 Apr 2019,2019-04-29,,,,,,1.0,336.0,,,445.0,,,0.0,,,,,,,,,,,,,,,2.0
4,3,103,1.0,5.0,16.0,2.0,23.0,2.5,8.0,0.0,10.5,9.0,1,,55.0,1,,2018-04-06,uuid:ded3e597-b17f-46a1-8df5-253e81cb6f37,2018-04-06 11:58:06,,"Apr 6, 2018",11:58:00 AM,,,,18.0,18.0,1.0,1.0,30.0,LULUWA,,,Bena diulu,3,,1.0,,Lukonga,Dikongayi,,,4.0,,DEMBA,27,,,,100000.0,50000.0,4,7.0,4.0,5.0,OK,1.0,1.0,1.0,1.0,OK,1.0,2.0,OK,1.0,1.0,11:58:08,11:58:08,3.0,3.0,3.0,3.0,2.0,1.0,1.0,1.0,1.0,2.0,2.0,2.0,1,,1.0,,1.0,,1,,1,,1.0,,1,,0.0,1.0,3.0,2.0,3.0,3.0,2.0,3.0,1.0,1.0,1.0,2.0,800.0,200.0,10.0,8.0,7.0,5.0,0,,1.0,6.0,3,,1.0,3,.,0.0,.,.,2,,1,.,5,.,0,1.0,uuid:ded3e597-b17f-46a1-8df5-253e81cb6f37,,,,,,.,,,,1.0,,,,,,29 Apr 2019,2019-04-29,,,,,,1.0,9.0,,,,,,,,,,,,,,,,,,,,N.U.,0.0,0.0,2018-04-11,uuid:e4d1925a-67fc-4ce6-a834-24f3e73f41ee,2018-04-11 16:55:43,2018-04-11 17:27:22,"Apr 11, 2018",4:55:00 PM,,,,51.0,51.0,1.0,1.0,29.0,LUALUA,,,,3,,1.0,,Katoka,Mpokolo,1.0,,4.0,,DEMBA,30,,,,100000.0,40000.0,0,0.0,4.0,5.0,OK,1.0,1.0,0.0,0.0,OK,1.0,1.0,OK,1.0,1.0,16:55:45,16:55:45,3.0,3.0,2.0,2.0,2.0,2.0,3.0,1.0,3.0,2.0,1.0,4.0,8,,3.0,,7.0,,2,,1,,2.0,,2,,1.0,,1.0,1.0,3.0,2.0,2.0,2.0,4.0,1.0,1.0,2.0,500.0,500.0,10.0,8.0,5.0,3.0,0,,3.0,3.0,3,,0.0,.,.,0.0,.,.,4,,1,.,1,.,0,1.0,uuid:e4d1925a-67fc-4ce6-a834-24f3e73f41ee,,,,,,.,,,,1.0,,,,,,29 Apr 2019,2019-04-29,,,,,,1.0,55.0,,,,,,,,,,,,,,,,,,,,N.U.,0.0
4,3,105,1.0,3.0,18.0,2.0,23.0,1.5,9.0,0.0,10.5,75.0,1,,27.0,1,,2018-04-27,uuid:79f70fa2-9716-48b2-b4a4-2e51e37617d6,2018-04-27 09:22:45,2018-04-27 10:04:31,"Apr 27, 2018",9:22:00 AM,,,,71.0,71.0,1.0,1.0,23.0,LUALUA,.,,,2,,1.0,,Ngaza,Salongo muimba,0.0,,4.0,,DIBAYA,20,,.,.,50000.0,15000.0,3 6,3.0,3.0,4.0,OK,1.0,1.0,1.0,1.0,OK,3.0,3.0,OK,2.0,2.0,09:22:46,09:22:46,4.0,3.0,1.0,3.0,2.0,1.0,2.0,4.0,2.0,2.0,2.0,1.0,2,,2.0,,1.0,,1,,1,,1.0,,1,,1.0,,2.0,3.0,1.0,1.0,2.0,1.0,4.0,1.0,1.0,2.0,400.0,600.0,6.0,5.0,4.0,3.0,0,,0.0,3.0,4,,1.0,8,,1.0,7,,other,Connaissance familiale avec mon oncle,1,.,,.,0,2.0,uuid:79f70fa2-9716-48b2-b4a4-2e51e37617d6,,,,,,,,,,1.0,,,,,,29 Apr 2019,2019-04-29,,,,,,1.0,75.0,,,,,,,,,,,,,,,,,,,,N.U.,0.0,0.0,2018-04-08,uuid:b3a81225-8ee2-48c5-8016-c430a8a13eb4,2018-04-08 11:24:51,2018-04-08 12:09:32,"Apr 8, 2018",11:25:00 AM,,,,5.0,5.0,1.0,1.0,23.0,LUALUA,,,,7,,1.0,,Katoka,Mpokolo,1.0,,4.0,,DEMBA,23,,,,90000.0,30000.0,3,8.0,3.0,2.0,OK,1.0,1.0,1.0,1.0,OK,2.0,2.0,OK,2.0,2.0,11:24:52,11:24:52,3.0,3.0,3.0,3.0,1.0,2.0,2.0,2.0,2.0,2.0,2.0,2.0,2,,2.0,,2.0,,2,,2,,2.0,,2,,1.0,,3.0,4.0,1.0,1.0,1.0,2.0,4.0,1.0,1.0,1.0,1000.0,0.0,8.0,5.0,3.0,1.0,0,,0.0,0.0,4,,1.0,3,.,1.0,3,.,other,Un frère de la famille,1,.,1,.,0,1.0,uuid:b3a81225-8ee2-48c5-8016-c430a8a13eb4,,,,,,.,,,,1.0,,,,,,29 Apr 2019,2019-04-29,,,,,,1.0,27.0,,,,,,,,,,,,,,,,,,,,N.U.,0.0
4,3,110,1.0,3.0,17.0,2.0,22.0,1.5,9.5,1.0,12.0,45.0,1,,,1,,2018-04-10,uuid:71419d38-5b75-458a-bde4-5cb7c5694a6f,2018-04-10 10:32:02,2018-04-10 11:14:13,"Apr 10, 2018",10:32:00 AM,,,,74.0,74.0,1.0,1.0,30.0,LUALUA,,,,3,,1.0,,Kananga,Malandji,1.0,,4.0,,DEMBA,24,,,,250000.0,45000.0,3 4 6,0.0,3.0,3.0,OK,1.0,1.0,1.0,1.0,OK,2.0,2.0,OK,2.0,2.0,10:32:04,10:32:04,5.0,5.0,3.0,3.0,2.0,2.0,2.0,4.0,2.0,2.0,2.0,2.0,2,,2.0,,2.0,,2,,2,,2.0,,2,,0.0,4.0,1.0,1.0,1.0,1.0,1.0,1.0,3.0,1.0,1.0,3.0,600.0,400.0,10.0,5.0,2.0,1.0,0,,0.0,3.0,4,,0.0,.,.,0.0,.,.,9999,,1,.,1,.,0,2.0,uuid:71419d38-5b75-458a-bde4-5cb7c5694a6f,,,,,,.,,,,1.0,,,,,,29 Apr 2019,2019-04-29,,,,,,1.0,45.0,,,,,,,,,,,,,,,,,,,,N.U.,0.0,0.0,2018-04-08,uuid:db5f1993-b5c1-4a20-8a63-1322ef5cc1c6,2018-04-08 09:50:41,2018-04-08 10:38:25,"Apr 8, 2018",8:09:00 AM,,,,1.0,1.0,1.0,1.0,38.0,KETE,,,,12,,0.0,2012.0,Katoka,Pokolo,1.0,,4.0,,TSHIKAPA,other,Il travaillait à la dgrkoc,,,90000.0,21000.0,3,2.0,4.0,3.0,OK,1.0,1.0,0.0,1.0,OK,2.0,2.0,OK,1.0,2.0,09:50:42,09:50:42,5.0,2.0,3.0,3.0,1.0,2.0,3.0,2.0,2.0,1.0,1.0,2.0,1,,2.0,,1.0,,2,,1,,1.0,,1,,1.0,,1.0,1.0,1.0,1.0,1.0,2.0,2.0,1.0,1.0,1.0,750.0,250.0,10.0,9.0,8.0,7.0,3,,1.0,3.0,4,,0.0,.,.,0.0,.,.,9999,,1,.,1,.,0,1.0,uuid:db5f1993-b5c1-4a20-8a63-1322ef5cc1c6,,,,,,.,,,,1.0,,,,,,29 Apr 2019,2019-04-29,,,,,,1.0,25.0,,,,,,,,,,,,,,,,,,,,C.B. a.i.,0.0
4,3,122,1.0,3.0,17.0,2.0,22.0,1.5,7.5,0.0,9.0,45.0,1,,,1,,2018-04-10,uuid:71419d38-5b75-458a-bde4-5cb7c5694a6f,2018-04-10 10:32:02,2018-04-10 11:14:13,"Apr 10, 2018",10:32:00 AM,,,,74.0,74.0,1.0,1.0,30.0,LUALUA,,,,3,,1.0,,Kananga,Malandji,1.0,,4.0,,DEMBA,24,,,,250000.0,45000.0,3 4 6,0.0,3.0,3.0,OK,1.0,1.0,1.0,1.0,OK,2.0,2.0,OK,2.0,2.0,10:32:04,10:32:04,5.0,5.0,3.0,3.0,2.0,2.0,2.0,4.0,2.0,2.0,2.0,2.0,2,,2.0,,2.0,,2,,2,,2.0,,2,,0.0,4.0,1.0,1.0,1.0,1.0,1.0,1.0,3.0,1.0,1.0,3.0,600.0,400.0,10.0,5.0,2.0,1.0,0,,0.0,3.0,4,,0.0,.,.,0.0,.,.,9999,,1,.,1,.,0,2.0,uuid:71419d38-5b75-458a-bde4-5cb7c5694a6f,,,,,,.,,,,1.0,,,,,,29 Apr 2019,2019-04-29,,,,,,1.0,45.0,,,,,,,,,,,,,,,,,,,,N.U.,0.0,0.0,2018-04-08,uuid:db5f1993-b5c1-4a20-8a63-1322ef5cc1c6,2018-04-08 09:50:41,2018-04-08 10:38:25,"Apr 8, 2018",8:09:00 AM,,,,1.0,1.0,1.0,1.0,38.0,KETE,,,,12,,0.0,2012.0,Katoka,Pokolo,1.0,,4.0,,TSHIKAPA,other,Il travaillait à la dgrkoc,,,90000.0,21000.0,3,2.0,4.0,3.0,OK,1.0,1.0,0.0,1.0,OK,2.0,2.0,OK,1.0,2.0,09:50:42,09:50:42,5.0,2.0,3.0,3.0,1.0,2.0,3.0,2.0,2.0,1.0,1.0,2.0,1,,2.0,,1.0,,2,,1,,1.0,,1,,1.0,,1.0,1.0,1.0,1.0,1.0,2.0,2.0,1.0,1.0,1.0,750.0,250.0,10.0,9.0,8.0,7.0,3,,1.0,3.0,4,,0.0,.,.,0.0,.,.,9999,,1,.,1,.,0,1.0,uuid:db5f1993-b5c1-4a20-8a63-1322ef5cc1c6,,,,,,.,,,,1.0,,,,,,29 Apr 2019,2019-04-29,,,,,,1.0,25.0,,,,,,,,,,,,,,,,,,,,C.B. a.i.,0.0
4,3,230,1.0,7.0,14.0,2.0,23.0,3.5,7.0,0.0,10.5,77.0,1,,14.0,1,,2018-04-27,uuid:576d33a5-e205-411e-ae9b-7ad03c97f91b,2018-04-27 11:17:43,2018-04-27 12:04:53,"Apr 27, 2018",11:17:00 AM,,,,89.0,89.0,1.0,1.0,27.0,LUALUA,.,,,2,,0.0,2000.0,Kananga,Tshisambi,1.0,,4.0,,LUIZA,22,,.,.,640000.0,200000.0,3 4,2.0,4.0,5.0,OK,1.0,1.0,0.0,0.0,OK,3.0,3.0,OK,3.0,3.0,11:17:43,11:17:43,3.0,3.0,2.0,3.0,2.0,1.0,2.0,1.0,1.0,1.0,1.0,1.0,1,,1.0,,1.0,,1,,3,,1.0,,1,,0.0,1.0,2.0,4.0,2.0,2.0,3.0,1.0,4.0,1.0,1.0,3.0,600.0,400.0,7.0,6.0,4.0,3.0,0,,1.0,2.0,3,,0.0,,,0.0,,,6,,1,.,1,.,0,1.0,uuid:576d33a5-e205-411e-ae9b-7ad03c97f91b,,,,,,,,,,1.0,,,,,,29 Apr 2019,2019-04-29,,,,,,1.0,78.0,,,,,,,,,,,,,,,,,,,,N.U.,0.0,0.0,2018-04-06,uuid:7396dcd4-a963-40ba-a23e-0b69f6f6f71f,2018-04-06 16:07:18,2018-04-06 16:41:25,"Apr 6, 2018",4:07:00 PM,,,,62.0,62.0,1.0,1.0,49.0,LULUWA,,47.0,,4,,1.0,,Katoka,Kapanda,1.0,,4.0,,KAZUMBA,1,,,,133000.0,37000.0,3 4 6,5.0,4.0,3.0,OK,1.0,1.0,1.0,1.0,OK,1.0,1.0,OK,1.0,1.0,16:11:59,16:11:59,5.0,4.0,3.0,3.0,2.0,3.0,4.0,1.0,2.0,2.0,2.0,4.0,2,,8.0,,2.0,,2,,2,,8.0,,2,,1.0,,2.0,3.0,3.0,1.0,2.0,1.0,5.0,1.0,1.0,2.0,600.0,400.0,10.0,7.0,7.0,7.0,0,,0.0,6.0,2,,1.0,3,.,0.0,.,.,4,,1,.,.,.,0,1.0,uuid:7396dcd4-a963-40ba-a23e-0b69f6f6f71f,,,,,,.,,,,1.0,,,,,,29 Apr 2019,2019-04-29,,,,,,1.0,14.0,,,,,,,,,,,,,,,,1.0,1.0,1.0,1.0,N.U.,0.0
4,3,235,1.0,6.0,15.0,2.0,23.0,3.0,7.5,0.0,10.5,99.0,1,,,1,,2018-05-21,uuid:584cfc35-b8c5-4906-843e-e2c567070e2a,2018-05-21 16:38:20,2018-05-21 17:17:35,"May 21, 2018",4:38:00 PM,,,,120.0,120.0,1.0,1.0,34.0,BINDI,.,,,12,,0.0,2018.0,Katoka,Mpokolo,1.0,,4.0,,KAZUMBA,other,Travailler pour la ceni,.,.,320000.0,32000.0,0,3.0,4.0,5.0,OK,1.0,1.0,0.0,1.0,OK,3.0,3.0,OK,1.0,1.0,16:38:20,16:38:20,5.0,3.0,1.0,3.0,2.0,2.0,2.0,1.0,2.0,2.0,1.0,2.0,3,,1.0,,3.0,,1,,4,,1.0,,1,,0.0,4.0,1.0,2.0,2.0,1.0,1.0,2.0,4.0,1.0,1.0,3.0,500.0,500.0,8.0,6.0,5.0,4.0,0,,0.0,2.0,other,Grâce une demande faîte à l'onem  (office de demandeurs d'emplois ),0.0,,,0.0,,,9999,,1,.,1,.,0,1.0,uuid:584cfc35-b8c5-4906-843e-e2c567070e2a,,,,,,,,,,1.0,,,,,,29 Apr 2019,2019-04-29,,,,,,1.0,99.0,,,,,,,,,,,,,,,,,,,,N.U.,0.0,0.0,2018-04-13,uuid:8f434b3d-641d-4bbb-87de-7fd7917953c4,2018-04-13 12:38:20,2018-04-13 13:16:39,"Apr 13, 2018",12:38:00 PM,,,,80.0,80.0,1.0,1.0,46.0,LUALUA,,,,3,,0.0,2008.0,Kananga,Kamayi,1.0,,4.0,,DEMBA,18,,,,492000.0,8000.0,3,3.0,4.0,3.0,OK,1.0,1.0,0.0,1.0,OK,1.0,1.0,OK,1.0,1.0,12:38:21,12:38:21,5.0,5.0,1.0,3.0,1.0,1.0,2.0,2.0,2.0,2.0,2.0,2.0,1,,1.0,,1.0,,1,,1,,1.0,,1,,0.0,4.0,1.0,1.0,2.0,1.0,1.0,3.0,4.0,2.0,2.0,3.0,100.0,900.0,10.0,2.0,1.0,0.0,other,Je ne travaille pas à la dgrkoc j'attends la réponse  de ma demande,0.0,0.0,other,Je ne travaille pas encore la bas,0.0,.,.,0.0,.,.,2,,1,.,1,.,0,1.0,uuid:8f434b3d-641d-4bbb-87de-7fd7917953c4,,,,,,.,,,,1.0,,,,,,29 Apr 2019,2019-04-29,,,,,,1.0,66.0,,,,,,,,,,,,,,,,,,,,N.U.,0.0
4,3,237,1.0,3.0,18.0,2.0,23.0,1.5,9.0,0.0,10.5,75.0,1,,27.0,1,,2018-04-27,uuid:79f70fa2-9716-48b2-b4a4-2e51e37617d6,2018-04-27 09:22:45,2018-04-27 10:04:31,"Apr 27, 2018",9:22:00 AM,,,,71.0,71.0,1.0,1.0,23.0,LUALUA,.,,,2,,1.0,,Ngaza,Salongo muimba,0.0,,4.0,,DIBAYA,20,,.,.,50000.0,15000.0,3 6,3.0,3.0,4.0,OK,1.0,1.0,1.0,1.0,OK,3.0,3.0,OK,2.0,2.0,09:22:46,09:22:46,4.0,3.0,1.0,3.0,2.0,1.0,2.0,4.0,2.0,2.0,2.0,1.0,2,,2.0,,1.0,,1,,1,,1.0,,1,,1.0,,2.0,3.0,1.0,1.0,2.0,1.0,4.0,1.0,1.0,2.0,400.0,600.0,6.0,5.0,4.0,3.0,0,,0.0,3.0,4,,1.0,8,,1.0,7,,other,Connaissance familiale avec mon oncle,1,.,,.,0,2.0,uuid:79f70fa2-9716-48b2-b4a4-2e51e37617d6,,,,,,,,,,1.0,,,,,,29 Apr 2019,2019-04-29,,,,,,1.0,75.0,,,,,,,,,,,,,,,,,,,,N.U.,0.0,0.0,2018-04-08,uuid:b3a81225-8ee2-48c5-8016-c430a8a13eb4,2018-04-08 11:24:51,2018-04-08 12:09:32,"Apr 8, 2018",11:25:00 AM,,,,5.0,5.0,1.0,1.0,23.0,LUALUA,,,,7,,1.0,,Katoka,Mpokolo,1.0,,4.0,,DEMBA,23,,,,90000.0,30000.0,3,8.0,3.0,2.0,OK,1.0,1.0,1.0,1.0,OK,2.0,2.0,OK,2.0,2.0,11:24:52,11:24:52,3.0,3.0,3.0,3.0,1.0,2.0,2.0,2.0,2.0,2.0,2.0,2.0,2,,2.0,,2.0,,2,,2,,2.0,,2,,1.0,,3.0,4.0,1.0,1.0,1.0,2.0,4.0,1.0,1.0,1.0,1000.0,0.0,8.0,5.0,3.0,1.0,0,,0.0,0.0,4,,1.0,3,.,1.0,3,.,other,Un frère de la famille,1,.,1,.,0,1.0,uuid:b3a81225-8ee2-48c5-8016-c430a8a13eb4,,,,,,.,,,,1.0,,,,,,29 Apr 2019,2019-04-29,,,,,,1.0,27.0,,,,,,,,,,,,,,,,,,,,N.U.,0.0
4,3,243,1.0,6.0,15.0,2.0,23.0,3.0,7.5,0.0,10.5,,1,,22.0,1,,2018-05-22,uuid:5899215c-83da-4387-8f64-aced73d64df5,2018-05-22 14:14:37,2018-05-22 15:06:40,"May 22, 2018",2:14:00 PM,,,,125.0,125.0,1.0,1.0,31.0,BINDI,.,,,3,,0.0,2009.0,Kananga,Tshisambi,1.0,,4.0,,KAZUMBA,9,,.,.,40000.0,5000.0,1 3 4 5,1.0,4.0,5.0,OK,1.0,0.0,0.0,0.0,OK,3.0,3.0,OK,2.0,2.0,14:14:38,14:14:38,4.0,3.0,1.0,2.0,1.0,2.0,4.0,2.0,2.0,2.0,2.0,3.0,1,,2.0,,2.0,,2,,3,,1.0,,2,,1.0,,1.0,1.0,1.0,1.0,1.0,3.0,1.0,1.0,1.0,3.0,900.0,100.0,8.0,5.0,4.0,2.0,0,,0.0,0.0,2,,0.0,,,0.0,,,6,,1,.,1,.,Il fallait beaucoup expliquer afin qu il comprenne si non il ne comprenait pas.,1.0,uuid:5899215c-83da-4387-8f64-aced73d64df5,,,,,,,,,,1.0,,,,,,29 Apr 2019,2019-04-29,,,,,,1.0,103.0,,,,,,,,,,,,,,,,,,,,N.U.,0.0,0.0,2018-04-06,uuid:df9cdea1-b392-40b8-9d3b-f3bde0ead25a,2018-04-06 20:59:45,2018-04-06 21:35:48,"Apr 6, 2018",8:59:00 PM,,,,19.0,19.0,2.0,1.0,30.0,LUALUA,,,,8,,0.0,2008.0,Katoka,Mpokolo,1.0,,4.0,,LUIZA,17,,,,480000.0,40000.0,3,3.0,3.0,6.0,OK,1.0,1.0,1.0,1.0,OK,1.0,2.0,OK,2.0,3.0,11:59:47,11:59:47,3.0,3.0,3.0,3.0,2.0,1.0,1.0,1.0,1.0,2.0,3.0,4.0,2,,2.0,,2.0,,2,,2,,2.0,,2,,1.0,,2.0,2.0,2.0,2.0,1.0,1.0,7.0,2.0,1.0,3.0,100.0,900.0,7.0,5.0,3.0,2.0,0,,2.0,3.0,4,,0.0,.,.,1.0,8,.,4,,1,.,1,.,0,1.0,uuid:df9cdea1-b392-40b8-9d3b-f3bde0ead25a,,,,,,.,,,,1.0,,,,,,29 Apr 2019,2019-04-29,,,,,,1.0,22.0,,,,,,,,,,,,,,,,,,,,N.U.,0.0
4,3,244,1.0,4.0,17.0,2.0,23.0,2.0,9.5,1.0,12.5,98.0,1,,30.0,1,,2018-05-21,uuid:1f5de587-4605-4f4e-ae53-3d9559cc5bbd,2018-05-21 16:20:35,2018-05-21 17:05:42,"May 21, 2018",4:20:00 PM,,,,119.0,119.0,2.0,1.0,20.0,LUNTU,.,,Bakua tshibasu,3,,0.0,2005.0,Kananga, Malandji,1.0,,4.0,,DIMBELENGE,0,,6,.,150000.0,35000.0,3 4 6,2.0,4.0,3.0,OK,1.0,1.0,1.0,1.0,OK,1.0,1.0,OK,1.0,1.0,16:20:37,16:20:37,3.0,4.0,2.0,3.0,1.0,2.0,4.0,2.0,2.0,4.0,1.0,4.0,2,,3.0,,1.0,,1,,3,,2.0,,1,,0.0,4.0,1.0,1.0,1.0,1.0,1.0,2.0,4.0,1.0,1.0,3.0,900.0,100.0,8.0,6.0,4.0,2.0,0,,0.0,8.0,3,,0.0,,,0.0,,,9999,,6,.,6,.,0,1.0,uuid:1f5de587-4605-4f4e-ae53-3d9559cc5bbd,,,,,,,,,,1.0,,,,,,29 Apr 2019,2019-04-29,,,,,,1.0,98.0,,,,,,,,,,,,,,,,,,,,N.U.,0.0,0.0,2018-04-08,uuid:45c5446d-07aa-4789-abf8-48dda47b20a4,2018-04-08 13:42:13,,"Apr 8, 2018",1:42:00 PM,,,,21.0,21.0,1.0,1.0,34.0,LUALUA,,,,2,,1.0,,Kanaga,Plateau,1.0,,4.0,,DIBAYA,other,Je travaillais à la Dgrkoc,,,174000.0,50000.0,3 6,4.0,4.0,1.0,OK,1.0,1.0,0.0,1.0,OK,2.0,2.0,OK,2.0,2.0,14:00:42,14:00:42,5.0,3.0,1.0,1.0,2.0,1.0,2.0,2.0,2.0,2.0,1.0,2.0,1,,2.0,,1.0,,2,,8,,1.0,,1,,0.0,4.0,1.0,2.0,2.0,2.0,1.0,1.0,4.0,1.0,1.0,1.0,1000.0,0.0,5.0,4.0,3.0,0.0,0,,1.0,3.0,4,,0.0,.,.,0.0,.,.,9999,,1,.,1,.,Il es tellement sur de ses reponses,1.0,uuid:45c5446d-07aa-4789-abf8-48dda47b20a4,,,,,,.,,,,2.0,,,,,,29 Apr 2019,2019-04-29,,,,,,1.0,30.0,,,,,,,,,,,,,,,,,,,,N.U.,0.0
4,3,246,1.0,5.0,16.0,2.0,23.0,2.5,8.0,0.0,10.5,9.0,1,,55.0,1,,2018-04-06,uuid:ded3e597-b17f-46a1-8df5-253e81cb6f37,2018-04-06 11:58:06,,"Apr 6, 2018",11:58:00 AM,,,,18.0,18.0,1.0,1.0,30.0,LULUWA,,,Bena diulu,3,,1.0,,Lukonga,Dikongayi,,,4.0,,DEMBA,27,,,,100000.0,50000.0,4,7.0,4.0,5.0,OK,1.0,1.0,1.0,1.0,OK,1.0,2.0,OK,1.0,1.0,11:58:08,11:58:08,3.0,3.0,3.0,3.0,2.0,1.0,1.0,1.0,1.0,2.0,2.0,2.0,1,,1.0,,1.0,,1,,1,,1.0,,1,,0.0,1.0,3.0,2.0,3.0,3.0,2.0,3.0,1.0,1.0,1.0,2.0,800.0,200.0,10.0,8.0,7.0,5.0,0,,1.0,6.0,3,,1.0,3,.,0.0,.,.,2,,1,.,5,.,0,1.0,uuid:ded3e597-b17f-46a1-8df5-253e81cb6f37,,,,,,.,,,,1.0,,,,,,29 Apr 2019,2019-04-29,,,,,,1.0,9.0,,,,,,,,,,,,,,,,,,,,N.U.,0.0,0.0,2018-04-11,uuid:e4d1925a-67fc-4ce6-a834-24f3e73f41ee,2018-04-11 16:55:43,2018-04-11 17:27:22,"Apr 11, 2018",4:55:00 PM,,,,51.0,51.0,1.0,1.0,29.0,LUALUA,,,,3,,1.0,,Katoka,Mpokolo,1.0,,4.0,,DEMBA,30,,,,100000.0,40000.0,0,0.0,4.0,5.0,OK,1.0,1.0,0.0,0.0,OK,1.0,1.0,OK,1.0,1.0,16:55:45,16:55:45,3.0,3.0,2.0,2.0,2.0,2.0,3.0,1.0,3.0,2.0,1.0,4.0,8,,3.0,,7.0,,2,,1,,2.0,,2,,1.0,,1.0,1.0,3.0,2.0,2.0,2.0,4.0,1.0,1.0,2.0,500.0,500.0,10.0,8.0,5.0,3.0,0,,3.0,3.0,3,,0.0,.,.,0.0,.,.,4,,1,.,1,.,0,1.0,uuid:e4d1925a-67fc-4ce6-a834-24f3e73f41ee,,,,,,.,,,,1.0,,,,,,29 Apr 2019,2019-04-29,,,,,,1.0,55.0,,,,,,,,,,,,,,,,,,,,N.U.,0.0
4,3,305,1.0,6.0,15.0,2.0,23.0,3.0,7.5,0.0,10.5,,1,,13.0,1,,2018-04-26,uuid:5ea99866-881e-4d9c-bbb1-8abc8f30a138,2018-04-26 11:31:21,2018-04-26 11:57:46,"Apr 26, 2018",11:31:00 AM,,,,88.0,88.0,1.0,1.0,28.0,LULUWA,.,,Bena biduaya,1,,0.0,2005.0,Katoka,Mpokolo,1.0,,4.0,,KAZUMBA,17,,.,.,81000.0,50000.0,3 4 6,6.0,4.0,5.0,OK,1.0,1.0,0.0,1.0,OK,1.0,1.0,OK,1.0,1.0,11:31:22,11:31:22,3.0,3.0,4.0,3.0,2.0,1.0,2.0,2.0,1.0,1.0,2.0,1.0,2,,2.0,,2.0,,2,,2,,2.0,,2,,0.0,4.0,1.0,3.0,3.0,1.0,2.0,1.0,1.0,1.0,1.0,1.0,500.0,500.0,6.0,5.0,3.0,2.0,0,,0.0,6.0,1,,0.0,,,0.0,,,6,,1,.,1,.,0,1.0,uuid:5ea99866-881e-4d9c-bbb1-8abc8f30a138,,,,,,,,,,1.0,,,,,,29 Apr 2019,2019-04-29,,,,,,1.0,74.0,,,,,,,,,,,,,,,,,,,,N.U.,0.0,0.0,2018-04-06,uuid:34057916-aa69-453d-9561-e96e7822c8ac,2018-04-06 16:02:16,2018-04-06 16:33:56,"Apr 6, 2018",4:02:00 PM,,,,30.0,30.0,1.0,1.0,26.0,LUBA,,,Bena muya,12,,1.0,,Kananga,Tshinsambi,1.0,,5.0,,KABEYA-KAMWANGA,17,,,,50000.0,27000.0,3 4,4.0,4.0,3.0,OK,1.0,1.0,1.0,1.0,OK,2.0,2.0,OK,1.0,1.0,16:02:17,16:02:17,3.0,4.0,3.0,3.0,1.0,4.0,3.0,2.0,2.0,2.0,2.0,3.0,1,,2.0,,2.0,,2,,2,,1.0,,2,,1.0,,2.0,3.0,3.0,2.0,2.0,1.0,4.0,1.0,2.0,3.0,600.0,400.0,8.0,5.0,3.0,1.0,0,,2.0,3.0,4,,0.0,.,.,0.0,.,.,9999,,1,.,1,.,0,1.0,uuid:34057916-aa69-453d-9561-e96e7822c8ac,,,,,,.,,,,1.0,,,,,,29 Apr 2019,2019-04-29,,,,,,1.0,13.0,,,,,,,,,,,,,,,,,,,,N.U.,0.0
4,3,312,1.0,6.0,15.0,2.0,23.0,3.0,7.5,0.0,10.5,,1,,13.0,1,,2018-04-26,uuid:5ea99866-881e-4d9c-bbb1-8abc8f30a138,2018-04-26 11:31:21,2018-04-26 11:57:46,"Apr 26, 2018",11:31:00 AM,,,,88.0,88.0,1.0,1.0,28.0,LULUWA,.,,Bena biduaya,1,,0.0,2005.0,Katoka,Mpokolo,1.0,,4.0,,KAZUMBA,17,,.,.,81000.0,50000.0,3 4 6,6.0,4.0,5.0,OK,1.0,1.0,0.0,1.0,OK,1.0,1.0,OK,1.0,1.0,11:31:22,11:31:22,3.0,3.0,4.0,3.0,2.0,1.0,2.0,2.0,1.0,1.0,2.0,1.0,2,,2.0,,2.0,,2,,2,,2.0,,2,,0.0,4.0,1.0,3.0,3.0,1.0,2.0,1.0,1.0,1.0,1.0,1.0,500.0,500.0,6.0,5.0,3.0,2.0,0,,0.0,6.0,1,,0.0,,,0.0,,,6,,1,.,1,.,0,1.0,uuid:5ea99866-881e-4d9c-bbb1-8abc8f30a138,,,,,,,,,,1.0,,,,,,29 Apr 2019,2019-04-29,,,,,,1.0,74.0,,,,,,,,,,,,,,,,,,,,N.U.,0.0,0.0,2018-04-06,uuid:34057916-aa69-453d-9561-e96e7822c8ac,2018-04-06 16:02:16,2018-04-06 16:33:56,"Apr 6, 2018",4:02:00 PM,,,,30.0,30.0,1.0,1.0,26.0,LUBA,,,Bena muya,12,,1.0,,Kananga,Tshinsambi,1.0,,5.0,,KABEYA-KAMWANGA,17,,,,50000.0,27000.0,3 4,4.0,4.0,3.0,OK,1.0,1.0,1.0,1.0,OK,2.0,2.0,OK,1.0,1.0,16:02:17,16:02:17,3.0,4.0,3.0,3.0,1.0,4.0,3.0,2.0,2.0,2.0,2.0,3.0,1,,2.0,,2.0,,2,,2,,1.0,,2,,1.0,,2.0,3.0,3.0,2.0,2.0,1.0,4.0,1.0,2.0,3.0,600.0,400.0,8.0,5.0,3.0,1.0,0,,2.0,3.0,4,,0.0,.,.,0.0,.,.,9999,,1,.,1,.,0,1.0,uuid:34057916-aa69-453d-9561-e96e7822c8ac,,,,,,.,,,,1.0,,,,,,29 Apr 2019,2019-04-29,,,,,,1.0,13.0,,,,,,,,,,,,,,,,,,,,N.U.,0.0
4,3,315,1.0,4.0,17.0,2.0,23.0,2.0,8.5,0.0,10.5,101.0,1,,71.0,1,,2018-05-22,uuid:1082dae7-cf9f-46a0-a576-fd49b38ecd0a,2018-05-22 11:27:51,2018-05-22 12:01:36,"May 22, 2018",11:27:00 AM,,,,123.0,123.0,1.0,1.0,22.0,LUALUA,.,,,12,,1.0,,Kananga,Malandji,1.0,,4.0,,DIMBELENGE,4,,.,.,20000.0,5000.0,3,0.0,2.0,3.0,OK,1.0,1.0,0.0,0.0,OK,3.0,3.0,OK,3.0,3.0,11:27:51,11:27:51,3.0,3.0,3.0,3.0,2.0,2.0,3.0,3.0,3.0,3.0,2.0,1.0,8,,8.0,,8.0,,2,,8,,8.0,,2,,0.0,1.0,1.0,1.0,1.0,1.0,1.0,2.0,4.0,1.0,1.0,2.0,1000.0,0.0,6.0,5.0,4.0,3.0,0,,0.0,0.0,4,,0.0,,,0.0,,,9999,,1,.,,.,Il n'a jamais était à la dgrkoc on a juste pris son nom,2.0,uuid:1082dae7-cf9f-46a0-a576-fd49b38ecd0a,,,,,,,,,,1.0,,,,,,29 Apr 2019,2019-04-29,,,,,,1.0,101.0,,,,,,,,,,,,,,,,,,,,N.U.,0.0,0.0,2018-04-26,uuid:2120a121-51d0-4386-bd4a-6fd6abcd95be,2018-04-26 09:13:31,2018-04-26 09:52:34,"Apr 26, 2018",9:13:00 AM,,,,85.0,85.0,1.0,1.0,38.0,LUALUA,.,,,12,,0.0,1985.0,Katoka,Kapanda,1.0,,4.0,,KAZUMBA,4,,.,.,160000.0,38000.0,3,2.0,4.0,4.0,OK,1.0,1.0,0.0,1.0,OK,3.0,3.0,OK,2.0,2.0,09:13:32,09:13:32,5.0,5.0,1.0,3.0,2.0,1.0,1.0,2.0,2.0,2.0,2.0,2.0,3,,3.0,,3.0,,2,,3,,2.0,,3,,0.0,1.0,2.0,2.0,2.0,1.0,1.0,1.0,4.0,1.0,1.0,3.0,600.0,400.0,10.0,8.0,6.0,5.0,0,,2.0,3.0,2,,0.0,,,0.0,,,other,"Un pasteur qui n'est pas de mon eglise , on travaillé avec lui a la campagne  ",1,.,1,.,0,1.0,uuid:2120a121-51d0-4386-bd4a-6fd6abcd95be,,,,,,,,,,1.0,,,,,,29 Apr 2019,2019-04-29,,,,,,1.0,71.0,,,,,,,,,,,,,,,,,,,,N.U.,0.0
4,3,332,1.0,4.0,17.0,2.0,23.0,2.0,7.5,0.0,9.5,98.0,1,,30.0,1,,2018-05-21,uuid:1f5de587-4605-4f4e-ae53-3d9559cc5bbd,2018-05-21 16:20:35,2018-05-21 17:05:42,"May 21, 2018",4:20:00 PM,,,,119.0,119.0,2.0,1.0,20.0,LUNTU,.,,Bakua tshibasu,3,,0.0,2005.0,Kananga, Malandji,1.0,,4.0,,DIMBELENGE,0,,6,.,150000.0,35000.0,3 4 6,2.0,4.0,3.0,OK,1.0,1.0,1.0,1.0,OK,1.0,1.0,OK,1.0,1.0,16:20:37,16:20:37,3.0,4.0,2.0,3.0,1.0,2.0,4.0,2.0,2.0,4.0,1.0,4.0,2,,3.0,,1.0,,1,,3,,2.0,,1,,0.0,4.0,1.0,1.0,1.0,1.0,1.0,2.0,4.0,1.0,1.0,3.0,900.0,100.0,8.0,6.0,4.0,2.0,0,,0.0,8.0,3,,0.0,,,0.0,,,9999,,6,.,6,.,0,1.0,uuid:1f5de587-4605-4f4e-ae53-3d9559cc5bbd,,,,,,,,,,1.0,,,,,,29 Apr 2019,2019-04-29,,,,,,1.0,98.0,,,,,,,,,,,,,,,,,,,,N.U.,0.0,0.0,2018-04-08,uuid:45c5446d-07aa-4789-abf8-48dda47b20a4,2018-04-08 13:42:13,,"Apr 8, 2018",1:42:00 PM,,,,21.0,21.0,1.0,1.0,34.0,LUALUA,,,,2,,1.0,,Kanaga,Plateau,1.0,,4.0,,DIBAYA,other,Je travaillais à la Dgrkoc,,,174000.0,50000.0,3 6,4.0,4.0,1.0,OK,1.0,1.0,0.0,1.0,OK,2.0,2.0,OK,2.0,2.0,14:00:42,14:00:42,5.0,3.0,1.0,1.0,2.0,1.0,2.0,2.0,2.0,2.0,1.0,2.0,1,,2.0,,1.0,,2,,8,,1.0,,1,,0.0,4.0,1.0,2.0,2.0,2.0,1.0,1.0,4.0,1.0,1.0,1.0,1000.0,0.0,5.0,4.0,3.0,0.0,0,,1.0,3.0,4,,0.0,.,.,0.0,.,.,9999,,1,.,1,.,Il es tellement sur de ses reponses,1.0,uuid:45c5446d-07aa-4789-abf8-48dda47b20a4,,,,,,.,,,,2.0,,,,,,29 Apr 2019,2019-04-29,,,,,,1.0,30.0,,,,,,,,,,,,,,,,,,,,N.U.,0.0
4,3,371,1.0,4.0,17.0,2.0,23.0,2.0,14.5,1.0,17.5,82.0,1,,20.0,1,,2018-04-30,uuid:45b7e49c-0d35-4963-a969-6c0aec4af364,2018-04-30 09:11:14,2018-04-30 10:09:56,"Apr 30, 2018",9:31:00 AM,,,,108.0,108.0,1.0,1.0,25.0,LUALUA,.,,,12,,0.0,2002.0,Katoka,Kapanda,1.0,,4.0,,KAMONIA,27,,.,.,50000.0,10000.0,3,2.0,4.0,5.0,OK,1.0,1.0,0.0,0.0,OK,2.0,2.0,OK,1.0,1.0,09:11:15,09:11:15,5.0,3.0,3.0,2.0,2.0,1.0,2.0,2.0,3.0,3.0,1.0,2.0,8,,1.0,,8.0,,2,,1,,8.0,,2,,0.0,4.0,2.0,3.0,3.0,1.0,1.0,2.0,4.0,1.0,1.0,1.0,500.0,500.0,5.0,2.0,1.0,0.0,other,Il était là comme stagiaire,0.0,3.0,other,L'université l'avait recommandé d'aller faire son stage à la dgrkoc,0.0,,,0.0,,,9999,,1,.,1,.,0,1.0,uuid:45b7e49c-0d35-4963-a969-6c0aec4af364,,,,,,,,,,1.0,,,,,,29 Apr 2019,2019-04-29,,,,,,1.0,82.0,,,,,,,,,,,,,,,,,,,,N.U.,0.0,0.0,2018-04-06,uuid:7f5744b5-6d02-46a1-9264-de719773f4a9,2018-04-06 19:35:41,2018-04-06 20:17:36,"Apr 6, 2018",7:35:00 PM,,,,15.0,15.0,1.0,1.0,22.0,KUBA,,7.0,,1,,1.0,,Katoka,Mpokolo,1.0,,4.0,,MWEKA,0,,other,Electronicien,150000.0,7500.0,3,8.0,4.0,4.0,OK,1.0,1.0,0.0,1.0,OK,2.0,3.0,OK,2.0,2.0,10:35:42,10:35:42,5.0,3.0,3.0,3.0,1.0,2.0,2.0,4.0,2.0,2.0,2.0,2.0,1,,3.0,,2.0,,2,,2,,2.0,,2,,1.0,,2.0,2.0,2.0,1.0,2.0,3.0,4.0,1.0,1.0,2.0,800.0,200.0,8.0,7.0,5.0,4.0,0,,0.0,6.0,4,,1.0,4,.,0.0,.,.,7,,1,.,1,.,0,2.0,uuid:7f5744b5-6d02-46a1-9264-de719773f4a9,,,,,,.,,,,1.0,,,,,,29 Apr 2019,2019-04-29,,,,,,1.0,20.0,,,,,,,,,,,,,,,,,,,,N.U.,0.0
4,3,384,1.0,6.0,15.0,2.0,23.0,3.0,7.5,0.0,10.5,37.0,1,,83.0,1,,2018-04-09,uuid:a65038b1-c402-4bcb-8786-436f431c5ee7,2018-04-09 10:52:39,2018-04-09 11:21:29,"Apr 9, 2018",10:53:00 AM,,,,75.0,75.0,1.0,1.0,21.0,LULUWA,,,Tshialu mukombo,3,,0.0,2010.0,Katoka,Mpokolo,1.0,,4.0,,KAZUMBA,0,,other,Prise en charge familiale,0.0,0.0,0,8.0,3.0,6.0,OK,1.0,0.0,1.0,0.0,OK,2.0,3.0,OK,1.0,1.0,10:52:40,10:52:40,3.0,3.0,4.0,3.0,2.0,1.0,4.0,1.0,2.0,4.0,1.0,4.0,3,,2.0,,1.0,,2,,3,,1.0,,1,,0.0,4.0,1.0,3.0,3.0,3.0,3.0,1.0,4.0,1.0,1.0,2.0,0.0,0.0,8.0,5.0,5.0,3.0,0,,0.0,1.0,4,,0.0,.,.,0.0,.,.,4,,1,.,5,.,0,1.0,uuid:a65038b1-c402-4bcb-8786-436f431c5ee7,,,,,,.,,,,1.0,,,,,,29 Apr 2019,2019-04-29,,,,,,1.0,37.0,,,,,,,,,,,,,,,,1.0,,,1.0,N.U.,0.0,0.0,2018-04-30,uuid:c0bb8a71-f4a8-4868-b813-895359d250d4,2018-04-30 10:11:52,2018-04-30 11:02:05,"Apr 30, 2018",10:12:00 AM,,,,109.0,109.0,1.0,1.0,23.0,LUALUA,.,,,12,,0.0,2006.0,Katoka,Kele kele,1.0,,4.0,,KAZUMBA,0,,9,.,55000.0,35000.0,0,0.0,4.0,4.0,OK,1.0,1.0,0.0,1.0,OK,3.0,3.0,OK,3.0,3.0,10:11:53,10:11:53,3.0,3.0,3.0,3.0,1.0,1.0,2.0,1.0,2.0,2.0,1.0,2.0,3,,3.0,,3.0,,7,,3,,3.0,,3,,0.0,1.0,1.0,1.0,3.0,1.0,1.0,1.0,4.0,1.0,1.0,1.0,400.0,600.0,10.0,5.0,4.0,3.0,0,,2.0,0.0,3,,1.0,3,,1.0,8,,6,,1,.,,.,0,1.0,uuid:c0bb8a71-f4a8-4868-b813-895359d250d4,,,,,,,,,,1.0,,,,,,29 Apr 2019,2019-04-29,,,,,,1.0,83.0,,,,,,,,,,,,,,,,,,,,N.U.,0.0
4,3,387,1.0,7.0,14.0,2.0,23.0,3.5,7.0,0.0,10.5,77.0,1,,14.0,1,,2018-04-27,uuid:576d33a5-e205-411e-ae9b-7ad03c97f91b,2018-04-27 11:17:43,2018-04-27 12:04:53,"Apr 27, 2018",11:17:00 AM,,,,89.0,89.0,1.0,1.0,27.0,LUALUA,.,,,2,,0.0,2000.0,Kananga,Tshisambi,1.0,,4.0,,LUIZA,22,,.,.,640000.0,200000.0,3 4,2.0,4.0,5.0,OK,1.0,1.0,0.0,0.0,OK,3.0,3.0,OK,3.0,3.0,11:17:43,11:17:43,3.0,3.0,2.0,3.0,2.0,1.0,2.0,1.0,1.0,1.0,1.0,1.0,1,,1.0,,1.0,,1,,3,,1.0,,1,,0.0,1.0,2.0,4.0,2.0,2.0,3.0,1.0,4.0,1.0,1.0,3.0,600.0,400.0,7.0,6.0,4.0,3.0,0,,1.0,2.0,3,,0.0,,,0.0,,,6,,1,.,1,.,0,1.0,uuid:576d33a5-e205-411e-ae9b-7ad03c97f91b,,,,,,,,,,1.0,,,,,,29 Apr 2019,2019-04-29,,,,,,1.0,78.0,,,,,,,,,,,,,,,,,,,,N.U.,0.0,0.0,2018-04-06,uuid:7396dcd4-a963-40ba-a23e-0b69f6f6f71f,2018-04-06 16:07:18,2018-04-06 16:41:25,"Apr 6, 2018",4:07:00 PM,,,,62.0,62.0,1.0,1.0,49.0,LULUWA,,47.0,,4,,1.0,,Katoka,Kapanda,1.0,,4.0,,KAZUMBA,1,,,,133000.0,37000.0,3 4 6,5.0,4.0,3.0,OK,1.0,1.0,1.0,1.0,OK,1.0,1.0,OK,1.0,1.0,16:11:59,16:11:59,5.0,4.0,3.0,3.0,2.0,3.0,4.0,1.0,2.0,2.0,2.0,4.0,2,,8.0,,2.0,,2,,2,,8.0,,2,,1.0,,2.0,3.0,3.0,1.0,2.0,1.0,5.0,1.0,1.0,2.0,600.0,400.0,10.0,7.0,7.0,7.0,0,,0.0,6.0,2,,1.0,3,.,0.0,.,.,4,,1,.,.,.,0,1.0,uuid:7396dcd4-a963-40ba-a23e-0b69f6f6f71f,,,,,,.,,,,1.0,,,,,,29 Apr 2019,2019-04-29,,,,,,1.0,14.0,,,,,,,,,,,,,,,,1.0,1.0,1.0,1.0,N.U.,0.0
4,3,524,1.0,6.0,15.0,2.0,23.0,3.0,7.5,0.0,10.5,37.0,1,,83.0,1,,2018-04-09,uuid:a65038b1-c402-4bcb-8786-436f431c5ee7,2018-04-09 10:52:39,2018-04-09 11:21:29,"Apr 9, 2018",10:53:00 AM,,,,75.0,75.0,1.0,1.0,21.0,LULUWA,,,Tshialu mukombo,3,,0.0,2010.0,Katoka,Mpokolo,1.0,,4.0,,KAZUMBA,0,,other,Prise en charge familiale,0.0,0.0,0,8.0,3.0,6.0,OK,1.0,0.0,1.0,0.0,OK,2.0,3.0,OK,1.0,1.0,10:52:40,10:52:40,3.0,3.0,4.0,3.0,2.0,1.0,4.0,1.0,2.0,4.0,1.0,4.0,3,,2.0,,1.0,,2,,3,,1.0,,1,,0.0,4.0,1.0,3.0,3.0,3.0,3.0,1.0,4.0,1.0,1.0,2.0,0.0,0.0,8.0,5.0,5.0,3.0,0,,0.0,1.0,4,,0.0,.,.,0.0,.,.,4,,1,.,5,.,0,1.0,uuid:a65038b1-c402-4bcb-8786-436f431c5ee7,,,,,,.,,,,1.0,,,,,,29 Apr 2019,2019-04-29,,,,,,1.0,37.0,,,,,,,,,,,,,,,,1.0,,,1.0,N.U.,0.0,0.0,2018-04-30,uuid:c0bb8a71-f4a8-4868-b813-895359d250d4,2018-04-30 10:11:52,2018-04-30 11:02:05,"Apr 30, 2018",10:12:00 AM,,,,109.0,109.0,1.0,1.0,23.0,LUALUA,.,,,12,,0.0,2006.0,Katoka,Kele kele,1.0,,4.0,,KAZUMBA,0,,9,.,55000.0,35000.0,0,0.0,4.0,4.0,OK,1.0,1.0,0.0,1.0,OK,3.0,3.0,OK,3.0,3.0,10:11:53,10:11:53,3.0,3.0,3.0,3.0,1.0,1.0,2.0,1.0,2.0,2.0,1.0,2.0,3,,3.0,,3.0,,7,,3,,3.0,,3,,0.0,1.0,1.0,1.0,3.0,1.0,1.0,1.0,4.0,1.0,1.0,1.0,400.0,600.0,10.0,5.0,4.0,3.0,0,,2.0,0.0,3,,1.0,3,,1.0,8,,6,,1,.,,.,0,1.0,uuid:c0bb8a71-f4a8-4868-b813-895359d250d4,,,,,,,,,,1.0,,,,,,29 Apr 2019,2019-04-29,,,,,,1.0,83.0,,,,,,,,,,,,,,,,,,,,N.U.,0.0
4,3,525,1.0,5.0,16.0,2.0,23.0,2.5,8.0,0.0,10.5,90.0,1,,47.0,1,,2018-05-21,uuid:acd7c7e6-9c34-4730-b887-ee35efc0720b,2018-05-21 13:22:42,2018-05-21 13:54:52,"May 21, 2018",1:24:00 PM,,,,111.0,111.0,1.0,1.0,23.0,LUALUA,.,,,1,,1.0,,Katoka,Mpokolo,1.0,,4.0,,DIBAYA,4,,.,.,250000.0,3000.0,0,3.0,2.0,2.0,OK,1.0,0.0,1.0,0.0,OK,2.0,2.0,OK,2.0,2.0,13:22:42,13:22:42,5.0,5.0,3.0,3.0,2.0,2.0,2.0,2.0,2.0,2.0,2.0,3.0,8,,2.0,,1.0,,1,,1,,8.0,,2,,0.0,1.0,3.0,2.0,1.0,1.0,1.0,2.0,4.0,3.0,2.0,2.0,600.0,400.0,5.0,2.0,1.0,0.0,0,,0.0,1.0,2,,1.0,3,,1.0,other,Beau frère,9999,,1,.,1,.,0,2.0,uuid:acd7c7e6-9c34-4730-b887-ee35efc0720b,,,,,,,,,,1.0,,,,,,29 Apr 2019,2019-04-29,,,,,,1.0,90.0,,,,,,,,,,,,,,,,,,,,N.U.,0.0,0.0,2018-04-10,uuid:4942c4c4-3b67-43bf-bc9e-29de8c2ed36a,2018-04-10 12:00:15,2018-04-10 12:45:42,"Apr 10, 2018",12:00:00 PM,,,,32.0,32.0,1.0,1.0,26.0,LUALUA,,,,3,,1.0,,Kananga,Industrielle,1.0,,4.0,,KAZUMBA,27,,,,120000.0,30000.0,3 4 5,5.0,4.0,5.0,OK,1.0,1.0,0.0,0.0,OK,2.0,2.0,OK,1.0,1.0,12:00:17,12:00:17,3.0,4.0,4.0,3.0,1.0,1.0,3.0,1.0,2.0,2.0,2.0,2.0,2,,1.0,,4.0,,2,,2,,2.0,,2,,1.0,,3.0,3.0,4.0,1.0,1.0,2.0,2.0,1.0,1.0,2.0,300.0,700.0,8.0,5.0,3.0,2.0,0,,0.0,3.0,1,,0.0,.,.,0.0,.,.,other,Un frère qui n'est pas de mon église,1,.,1,.,Une personne honnête.,1.0,uuid:4942c4c4-3b67-43bf-bc9e-29de8c2ed36a,,,,,,.,,,,2.0,,,,,,29 Apr 2019,2019-04-29,,,,,,1.0,47.0,,,,,,,,,,,,,,,,,,,,N.U.,0.0
4,3,536,1.0,6.0,13.0,2.0,21.0,3.0,7.5,1.0,11.5,8.0,1,,18.0,1,,2018-04-06,uuid:aca9f25e-94bb-4487-9f79-b397ed39edb8,2018-04-06 11:11:02,,"Apr 6, 2018",11:11:00 AM,,,,13.0,13.0,1.0,1.0,32.0,LULUWA,,,Bakua mbuyi,2,,1.0,,Ndesha,Lubuwa,1.0,,4.0,,DEMBA,17,,,,96000.0,250000.0,3 4,5.0,4.0,3.0,OK,1.0,0.0,0.0,1.0,OK,1.0,2.0,OK,1.0,1.0,11:11:03,11:11:03,3.0,3.0,2.0,3.0,1.0,1.0,1.0,1.0,1.0,2.0,1.0,1.0,1,,3.0,,3.0,,1,,3,,3.0,,3,,0.0,1.0,1.0,3.0,2.0,2.0,2.0,1.0,3.0,2.0,2.0,2.0,900.0,100.0,7.0,5.0,4.0,3.0,0,,1.0,0.0,3,,0.0,.,.,0.0,.,.,9999,,1,.,1,.,0,1.0,uuid:aca9f25e-94bb-4487-9f79-b397ed39edb8,,,,,,.,,,,1.0,,,,,,29 Apr 2019,2019-04-29,,,,,,1.0,8.0,,,,,,,,,,,,,,,,,,,,N.U.,0.0,0.0,2018-04-06,uuid:c5ca5212-b840-4a26-8c33-88a33844849b,2018-04-06 18:14:32,2018-04-06 18:52:46,"Apr 6, 2018",6:14:00 PM,,,,35.0,35.0,1.0,1.0,46.0,LUNTU,,52.0,,12,,0.0,1996.0,Kananga,Plateau,1.0,,4.0,,DIMBELENGE,30,,,,150000.0,35000.0,3,2.0,3.0,6.0,OK,1.0,0.0,0.0,1.0,OK,1.0,2.0,OK,1.0,2.0,09:14:33,09:14:33,5.0,5.0,3.0,3.0,2.0,2.0,2.0,2.0,2.0,2.0,2.0,4.0,1,,1.0,,1.0,,1,,1,,1.0,,2,,1.0,,3.0,3.0,3.0,3.0,1.0,1.0,4.0,1.0,1.0,3.0,800.0,200.0,7.0,5.0,4.0,3.0,0,,0.0,4.0,2,,1.0,9,.,0.0,.,.,other,Aucun,1,.,1,.,0,1.0,uuid:c5ca5212-b840-4a26-8c33-88a33844849b,,,,,,.,,,,1.0,,,,,,29 Apr 2019,2019-04-29,,,,,,1.0,18.0,,,,,,,,,,,,,,,,,,,,N.U.,0.0
4,3,581,1.0,6.0,15.0,2.0,23.0,3.0,7.5,0.0,10.5,,1,,22.0,1,,2018-05-22,uuid:5899215c-83da-4387-8f64-aced73d64df5,2018-05-22 14:14:37,2018-05-22 15:06:40,"May 22, 2018",2:14:00 PM,,,,125.0,125.0,1.0,1.0,31.0,BINDI,.,,,3,,0.0,2009.0,Kananga,Tshisambi,1.0,,4.0,,KAZUMBA,9,,.,.,40000.0,5000.0,1 3 4 5,1.0,4.0,5.0,OK,1.0,0.0,0.0,0.0,OK,3.0,3.0,OK,2.0,2.0,14:14:38,14:14:38,4.0,3.0,1.0,2.0,1.0,2.0,4.0,2.0,2.0,2.0,2.0,3.0,1,,2.0,,2.0,,2,,3,,1.0,,2,,1.0,,1.0,1.0,1.0,1.0,1.0,3.0,1.0,1.0,1.0,3.0,900.0,100.0,8.0,5.0,4.0,2.0,0,,0.0,0.0,2,,0.0,,,0.0,,,6,,1,.,1,.,Il fallait beaucoup expliquer afin qu il comprenne si non il ne comprenait pas.,1.0,uuid:5899215c-83da-4387-8f64-aced73d64df5,,,,,,,,,,1.0,,,,,,29 Apr 2019,2019-04-29,,,,,,1.0,103.0,,,,,,,,,,,,,,,,,,,,N.U.,0.0,0.0,2018-04-06,uuid:df9cdea1-b392-40b8-9d3b-f3bde0ead25a,2018-04-06 20:59:45,2018-04-06 21:35:48,"Apr 6, 2018",8:59:00 PM,,,,19.0,19.0,2.0,1.0,30.0,LUALUA,,,,8,,0.0,2008.0,Katoka,Mpokolo,1.0,,4.0,,LUIZA,17,,,,480000.0,40000.0,3,3.0,3.0,6.0,OK,1.0,1.0,1.0,1.0,OK,1.0,2.0,OK,2.0,3.0,11:59:47,11:59:47,3.0,3.0,3.0,3.0,2.0,1.0,1.0,1.0,1.0,2.0,3.0,4.0,2,,2.0,,2.0,,2,,2,,2.0,,2,,1.0,,2.0,2.0,2.0,2.0,1.0,1.0,7.0,2.0,1.0,3.0,100.0,900.0,7.0,5.0,3.0,2.0,0,,2.0,3.0,4,,0.0,.,.,1.0,8,.,4,,1,.,1,.,0,1.0,uuid:df9cdea1-b392-40b8-9d3b-f3bde0ead25a,,,,,,.,,,,1.0,,,,,,29 Apr 2019,2019-04-29,,,,,,1.0,22.0,,,,,,,,,,,,,,,,,,,,N.U.,0.0
4,3,582,1.0,6.0,15.0,2.0,23.0,3.0,8.5,1.0,12.5,35.0,1,,44.0,1,,2018-04-08,uuid:c58c67f9-c3cb-4834-864e-c775796090a4,2018-04-08 18:11:10,2018-04-08 18:55:29,"Apr 8, 2018",6:11:00 PM,,,,61.0,61.0,1.0,1.0,26.0,LUALUA,,,,1,,1.0,,Katoka,Mpokolo,1.0,,4.0,,DEMBA,15,,,,200000.0,50000.0,3 4,3.0,3.0,6.0,OK,1.0,1.0,1.0,0.0,OK,2.0,2.0,OK,1.0,1.0,18:11:11,18:11:11,3.0,3.0,3.0,3.0,1.0,2.0,2.0,4.0,1.0,2.0,2.0,2.0,1,,1.0,,1.0,,1,,1,,1.0,,1,,0.0,4.0,1.0,1.0,1.0,1.0,2.0,1.0,4.0,2.0,2.0,1.0,900.0,100.0,10.0,9.0,8.0,7.0,0,,0.0,2.0,4,,0.0,.,.,1.0,3,.,4,,1,.,1,.,0,2.0,uuid:c58c67f9-c3cb-4834-864e-c775796090a4,,,,,,.,,,,1.0,,,,,,29 Apr 2019,2019-04-29,,,,,,1.0,35.0,,,,,,,,,,,,,,,,,,,,N.U.,0.0,0.0,2018-04-09,uuid:b39f302d-1342-4bac-adef-e38adf37aa39,2018-04-09 19:28:58,2018-04-09 19:59:15,"Apr 9, 2018",7:29:00 PM,,,,22.0,22.0,1.0,1.0,24.0,LULUWA,,44.0,,12,,1.0,,Kananga,Plateau,0.0,,4.0,,DIBAYA,27,,,,560000.0,120000.0,1 3 4 5 6,6.0,4.0,5.0,OK,1.0,1.0,1.0,1.0,OK,2.0,2.0,OK,1.0,1.0,10:29:00,10:29:00,5.0,5.0,2.0,3.0,1.0,2.0,4.0,2.0,2.0,2.0,2.0,2.0,2,,2.0,,2.0,,2,,3,,2.0,,2,,0.0,4.0,2.0,2.0,2.0,2.0,2.0,1.0,4.0,1.0,1.0,2.0,500.0,500.0,7.0,5.0,4.0,2.0,0,,0.0,4.0,1,,0.0,.,.,1.0,8,.,2,,1,.,.,.,0,1.0,uuid:b39f302d-1342-4bac-adef-e38adf37aa39,,,,,,.,,,,2.0,,,,,,29 Apr 2019,2019-04-29,,,,,,1.0,44.0,,,,,,,,,,,,,,,,,,,,N.U.,0.0
4,3,614,1.0,6.0,15.0,2.0,23.0,3.0,7.5,0.0,10.5,99.0,1,,,1,,2018-05-21,uuid:584cfc35-b8c5-4906-843e-e2c567070e2a,2018-05-21 16:38:20,2018-05-21 17:17:35,"May 21, 2018",4:38:00 PM,,,,120.0,120.0,1.0,1.0,34.0,BINDI,.,,,12,,0.0,2018.0,Katoka,Mpokolo,1.0,,4.0,,KAZUMBA,other,Travailler pour la ceni,.,.,320000.0,32000.0,0,3.0,4.0,5.0,OK,1.0,1.0,0.0,1.0,OK,3.0,3.0,OK,1.0,1.0,16:38:20,16:38:20,5.0,3.0,1.0,3.0,2.0,2.0,2.0,1.0,2.0,2.0,1.0,2.0,3,,1.0,,3.0,,1,,4,,1.0,,1,,0.0,4.0,1.0,2.0,2.0,1.0,1.0,2.0,4.0,1.0,1.0,3.0,500.0,500.0,8.0,6.0,5.0,4.0,0,,0.0,2.0,other,Grâce une demande faîte à l'onem  (office de demandeurs d'emplois ),0.0,,,0.0,,,9999,,1,.,1,.,0,1.0,uuid:584cfc35-b8c5-4906-843e-e2c567070e2a,,,,,,,,,,1.0,,,,,,29 Apr 2019,2019-04-29,,,,,,1.0,99.0,,,,,,,,,,,,,,,,,,,,N.U.,0.0,0.0,2018-04-13,uuid:8f434b3d-641d-4bbb-87de-7fd7917953c4,2018-04-13 12:38:20,2018-04-13 13:16:39,"Apr 13, 2018",12:38:00 PM,,,,80.0,80.0,1.0,1.0,46.0,LUALUA,,,,3,,0.0,2008.0,Kananga,Kamayi,1.0,,4.0,,DEMBA,18,,,,492000.0,8000.0,3,3.0,4.0,3.0,OK,1.0,1.0,0.0,1.0,OK,1.0,1.0,OK,1.0,1.0,12:38:21,12:38:21,5.0,5.0,1.0,3.0,1.0,1.0,2.0,2.0,2.0,2.0,2.0,2.0,1,,1.0,,1.0,,1,,1,,1.0,,1,,0.0,4.0,1.0,1.0,2.0,1.0,1.0,3.0,4.0,2.0,2.0,3.0,100.0,900.0,10.0,2.0,1.0,0.0,other,Je ne travaille pas à la dgrkoc j'attends la réponse  de ma demande,0.0,0.0,other,Je ne travaille pas encore la bas,0.0,.,.,0.0,.,.,2,,1,.,1,.,0,1.0,uuid:8f434b3d-641d-4bbb-87de-7fd7917953c4,,,,,,.,,,,1.0,,,,,,29 Apr 2019,2019-04-29,,,,,,1.0,66.0,,,,,,,,,,,,,,,,,,,,N.U.,0.0
4,3,630,1.0,5.0,16.0,2.0,23.0,2.5,8.0,0.0,10.5,90.0,1,,47.0,1,,2018-05-21,uuid:acd7c7e6-9c34-4730-b887-ee35efc0720b,2018-05-21 13:22:42,2018-05-21 13:54:52,"May 21, 2018",1:24:00 PM,,,,111.0,111.0,1.0,1.0,23.0,LUALUA,.,,,1,,1.0,,Katoka,Mpokolo,1.0,,4.0,,DIBAYA,4,,.,.,250000.0,3000.0,0,3.0,2.0,2.0,OK,1.0,0.0,1.0,0.0,OK,2.0,2.0,OK,2.0,2.0,13:22:42,13:22:42,5.0,5.0,3.0,3.0,2.0,2.0,2.0,2.0,2.0,2.0,2.0,3.0,8,,2.0,,1.0,,1,,1,,8.0,,2,,0.0,1.0,3.0,2.0,1.0,1.0,1.0,2.0,4.0,3.0,2.0,2.0,600.0,400.0,5.0,2.0,1.0,0.0,0,,0.0,1.0,2,,1.0,3,,1.0,other,Beau frère,9999,,1,.,1,.,0,2.0,uuid:acd7c7e6-9c34-4730-b887-ee35efc0720b,,,,,,,,,,1.0,,,,,,29 Apr 2019,2019-04-29,,,,,,1.0,90.0,,,,,,,,,,,,,,,,,,,,N.U.,0.0,0.0,2018-04-10,uuid:4942c4c4-3b67-43bf-bc9e-29de8c2ed36a,2018-04-10 12:00:15,2018-04-10 12:45:42,"Apr 10, 2018",12:00:00 PM,,,,32.0,32.0,1.0,1.0,26.0,LUALUA,,,,3,,1.0,,Kananga,Industrielle,1.0,,4.0,,KAZUMBA,27,,,,120000.0,30000.0,3 4 5,5.0,4.0,5.0,OK,1.0,1.0,0.0,0.0,OK,2.0,2.0,OK,1.0,1.0,12:00:17,12:00:17,3.0,4.0,4.0,3.0,1.0,1.0,3.0,1.0,2.0,2.0,2.0,2.0,2,,1.0,,4.0,,2,,2,,2.0,,2,,1.0,,3.0,3.0,4.0,1.0,1.0,2.0,2.0,1.0,1.0,2.0,300.0,700.0,8.0,5.0,3.0,2.0,0,,0.0,3.0,1,,0.0,.,.,0.0,.,.,other,Un frère qui n'est pas de mon église,1,.,1,.,Une personne honnête.,1.0,uuid:4942c4c4-3b67-43bf-bc9e-29de8c2ed36a,,,,,,.,,,,2.0,,,,,,29 Apr 2019,2019-04-29,,,,,,1.0,47.0,,,,,,,,,,,,,,,,,,,,N.U.,0.0
4,3,633,1.0,6.0,15.0,2.0,23.0,3.0,6.5,0.0,9.5,35.0,1,,44.0,1,,2018-04-08,uuid:c58c67f9-c3cb-4834-864e-c775796090a4,2018-04-08 18:11:10,2018-04-08 18:55:29,"Apr 8, 2018",6:11:00 PM,,,,61.0,61.0,1.0,1.0,26.0,LUALUA,,,,1,,1.0,,Katoka,Mpokolo,1.0,,4.0,,DEMBA,15,,,,200000.0,50000.0,3 4,3.0,3.0,6.0,OK,1.0,1.0,1.0,0.0,OK,2.0,2.0,OK,1.0,1.0,18:11:11,18:11:11,3.0,3.0,3.0,3.0,1.0,2.0,2.0,4.0,1.0,2.0,2.0,2.0,1,,1.0,,1.0,,1,,1,,1.0,,1,,0.0,4.0,1.0,1.0,1.0,1.0,2.0,1.0,4.0,2.0,2.0,1.0,900.0,100.0,10.0,9.0,8.0,7.0,0,,0.0,2.0,4,,0.0,.,.,1.0,3,.,4,,1,.,1,.,0,2.0,uuid:c58c67f9-c3cb-4834-864e-c775796090a4,,,,,,.,,,,1.0,,,,,,29 Apr 2019,2019-04-29,,,,,,1.0,35.0,,,,,,,,,,,,,,,,,,,,N.U.,0.0,0.0,2018-04-09,uuid:b39f302d-1342-4bac-adef-e38adf37aa39,2018-04-09 19:28:58,2018-04-09 19:59:15,"Apr 9, 2018",7:29:00 PM,,,,22.0,22.0,1.0,1.0,24.0,LULUWA,,44.0,,12,,1.0,,Kananga,Plateau,0.0,,4.0,,DIBAYA,27,,,,560000.0,120000.0,1 3 4 5 6,6.0,4.0,5.0,OK,1.0,1.0,1.0,1.0,OK,2.0,2.0,OK,1.0,1.0,10:29:00,10:29:00,5.0,5.0,2.0,3.0,1.0,2.0,4.0,2.0,2.0,2.0,2.0,2.0,2,,2.0,,2.0,,2,,3,,2.0,,2,,0.0,4.0,2.0,2.0,2.0,2.0,2.0,1.0,4.0,1.0,1.0,2.0,500.0,500.0,7.0,5.0,4.0,2.0,0,,0.0,4.0,1,,0.0,.,.,1.0,8,.,2,,1,.,.,.,0,1.0,uuid:b39f302d-1342-4bac-adef-e38adf37aa39,,,,,,.,,,,2.0,,,,,,29 Apr 2019,2019-04-29,,,,,,1.0,44.0,,,,,,,,,,,,,,,,,,,,N.U.,0.0
4,3,640,1.0,6.0,13.0,2.0,21.0,3.0,5.5,0.0,8.5,8.0,1,,18.0,1,,2018-04-06,uuid:aca9f25e-94bb-4487-9f79-b397ed39edb8,2018-04-06 11:11:02,,"Apr 6, 2018",11:11:00 AM,,,,13.0,13.0,1.0,1.0,32.0,LULUWA,,,Bakua mbuyi,2,,1.0,,Ndesha,Lubuwa,1.0,,4.0,,DEMBA,17,,,,96000.0,250000.0,3 4,5.0,4.0,3.0,OK,1.0,0.0,0.0,1.0,OK,1.0,2.0,OK,1.0,1.0,11:11:03,11:11:03,3.0,3.0,2.0,3.0,1.0,1.0,1.0,1.0,1.0,2.0,1.0,1.0,1,,3.0,,3.0,,1,,3,,3.0,,3,,0.0,1.0,1.0,3.0,2.0,2.0,2.0,1.0,3.0,2.0,2.0,2.0,900.0,100.0,7.0,5.0,4.0,3.0,0,,1.0,0.0,3,,0.0,.,.,0.0,.,.,9999,,1,.,1,.,0,1.0,uuid:aca9f25e-94bb-4487-9f79-b397ed39edb8,,,,,,.,,,,1.0,,,,,,29 Apr 2019,2019-04-29,,,,,,1.0,8.0,,,,,,,,,,,,,,,,,,,,N.U.,0.0,0.0,2018-04-06,uuid:c5ca5212-b840-4a26-8c33-88a33844849b,2018-04-06 18:14:32,2018-04-06 18:52:46,"Apr 6, 2018",6:14:00 PM,,,,35.0,35.0,1.0,1.0,46.0,LUNTU,,52.0,,12,,0.0,1996.0,Kananga,Plateau,1.0,,4.0,,DIMBELENGE,30,,,,150000.0,35000.0,3,2.0,3.0,6.0,OK,1.0,0.0,0.0,1.0,OK,1.0,2.0,OK,1.0,2.0,09:14:33,09:14:33,5.0,5.0,3.0,3.0,2.0,2.0,2.0,2.0,2.0,2.0,2.0,4.0,1,,1.0,,1.0,,1,,1,,1.0,,2,,1.0,,3.0,3.0,3.0,3.0,1.0,1.0,4.0,1.0,1.0,3.0,800.0,200.0,7.0,5.0,4.0,3.0,0,,0.0,4.0,2,,1.0,9,.,0.0,.,.,other,Aucun,1,.,1,.,0,1.0,uuid:c5ca5212-b840-4a26-8c33-88a33844849b,,,,,,.,,,,1.0,,,,,,29 Apr 2019,2019-04-29,,,,,,1.0,18.0,,,,,,,,,,,,,,,,,,,,N.U.,0.0
4,3,651,1.0,4.0,17.0,2.0,23.0,2.0,2.5,0.0,4.5,82.0,1,,20.0,1,,2018-04-30,uuid:45b7e49c-0d35-4963-a969-6c0aec4af364,2018-04-30 09:11:14,2018-04-30 10:09:56,"Apr 30, 2018",9:31:00 AM,,,,108.0,108.0,1.0,1.0,25.0,LUALUA,.,,,12,,0.0,2002.0,Katoka,Kapanda,1.0,,4.0,,KAMONIA,27,,.,.,50000.0,10000.0,3,2.0,4.0,5.0,OK,1.0,1.0,0.0,0.0,OK,2.0,2.0,OK,1.0,1.0,09:11:15,09:11:15,5.0,3.0,3.0,2.0,2.0,1.0,2.0,2.0,3.0,3.0,1.0,2.0,8,,1.0,,8.0,,2,,1,,8.0,,2,,0.0,4.0,2.0,3.0,3.0,1.0,1.0,2.0,4.0,1.0,1.0,1.0,500.0,500.0,5.0,2.0,1.0,0.0,other,Il était là comme stagiaire,0.0,3.0,other,L'université l'avait recommandé d'aller faire son stage à la dgrkoc,0.0,,,0.0,,,9999,,1,.,1,.,0,1.0,uuid:45b7e49c-0d35-4963-a969-6c0aec4af364,,,,,,,,,,1.0,,,,,,29 Apr 2019,2019-04-29,,,,,,1.0,82.0,,,,,,,,,,,,,,,,,,,,N.U.,0.0,0.0,2018-04-06,uuid:7f5744b5-6d02-46a1-9264-de719773f4a9,2018-04-06 19:35:41,2018-04-06 20:17:36,"Apr 6, 2018",7:35:00 PM,,,,15.0,15.0,1.0,1.0,22.0,KUBA,,7.0,,1,,1.0,,Katoka,Mpokolo,1.0,,4.0,,MWEKA,0,,other,Electronicien,150000.0,7500.0,3,8.0,4.0,4.0,OK,1.0,1.0,0.0,1.0,OK,2.0,3.0,OK,2.0,2.0,10:35:42,10:35:42,5.0,3.0,3.0,3.0,1.0,2.0,2.0,4.0,2.0,2.0,2.0,2.0,1,,3.0,,2.0,,2,,2,,2.0,,2,,1.0,,2.0,2.0,2.0,1.0,2.0,3.0,4.0,1.0,1.0,2.0,800.0,200.0,8.0,7.0,5.0,4.0,0,,0.0,6.0,4,,1.0,4,.,0.0,.,.,7,,1,.,1,.,0,2.0,uuid:7f5744b5-6d02-46a1-9264-de719773f4a9,,,,,,.,,,,1.0,,,,,,29 Apr 2019,2019-04-29,,,,,,1.0,20.0,,,,,,,,,,,,,,,,,,,,N.U.,0.0
4,3,698,1.0,4.0,17.0,2.0,23.0,2.0,8.5,0.0,10.5,101.0,1,,71.0,1,,2018-05-22,uuid:1082dae7-cf9f-46a0-a576-fd49b38ecd0a,2018-05-22 11:27:51,2018-05-22 12:01:36,"May 22, 2018",11:27:00 AM,,,,123.0,123.0,1.0,1.0,22.0,LUALUA,.,,,12,,1.0,,Kananga,Malandji,1.0,,4.0,,DIMBELENGE,4,,.,.,20000.0,5000.0,3,0.0,2.0,3.0,OK,1.0,1.0,0.0,0.0,OK,3.0,3.0,OK,3.0,3.0,11:27:51,11:27:51,3.0,3.0,3.0,3.0,2.0,2.0,3.0,3.0,3.0,3.0,2.0,1.0,8,,8.0,,8.0,,2,,8,,8.0,,2,,0.0,1.0,1.0,1.0,1.0,1.0,1.0,2.0,4.0,1.0,1.0,2.0,1000.0,0.0,6.0,5.0,4.0,3.0,0,,0.0,0.0,4,,0.0,,,0.0,,,9999,,1,.,,.,Il n'a jamais était à la dgrkoc on a juste pris son nom,2.0,uuid:1082dae7-cf9f-46a0-a576-fd49b38ecd0a,,,,,,,,,,1.0,,,,,,29 Apr 2019,2019-04-29,,,,,,1.0,101.0,,,,,,,,,,,,,,,,,,,,N.U.,0.0,0.0,2018-04-26,uuid:2120a121-51d0-4386-bd4a-6fd6abcd95be,2018-04-26 09:13:31,2018-04-26 09:52:34,"Apr 26, 2018",9:13:00 AM,,,,85.0,85.0,1.0,1.0,38.0,LUALUA,.,,,12,,0.0,1985.0,Katoka,Kapanda,1.0,,4.0,,KAZUMBA,4,,.,.,160000.0,38000.0,3,2.0,4.0,4.0,OK,1.0,1.0,0.0,1.0,OK,3.0,3.0,OK,2.0,2.0,09:13:32,09:13:32,5.0,5.0,1.0,3.0,2.0,1.0,1.0,2.0,2.0,2.0,2.0,2.0,3,,3.0,,3.0,,2,,3,,2.0,,3,,0.0,1.0,2.0,2.0,2.0,1.0,1.0,1.0,4.0,1.0,1.0,3.0,600.0,400.0,10.0,8.0,6.0,5.0,0,,2.0,3.0,2,,0.0,,,0.0,,,other,"Un pasteur qui n'est pas de mon eglise , on travaillé avec lui a la campagne  ",1,.,1,.,0,1.0,uuid:2120a121-51d0-4386-bd4a-6fd6abcd95be,,,,,,,,,,1.0,,,,,,29 Apr 2019,2019-04-29,,,,,,1.0,71.0,,,,,,,,,,,,,,,,,,,,N.U.,0.0
4,3,704,1.0,4.0,17.0,2.0,23.0,2.0,8.5,0.0,10.5,48.0,1,,56.0,1,,2018-04-10,uuid:0bb3dfc8-dbcb-44a5-9438-cebc00fe9801,2018-04-10 12:48:48,2018-04-10 13:42:31,"Apr 10, 2018",12:48:00 PM,,,,39.0,39.0,1.0,1.0,42.0,LUALUA,,,,12,,0.0,2011.0,Ndesha,Lubuwa,1.0,,4.0,,DEMBA,20,,,,300000.0,45000.0,3 4 5,1.0,4.0,3.0,OK,1.0,1.0,1.0,1.0,OK,1.0,1.0,OK,1.0,1.0,12:48:49,12:48:49,5.0,3.0,3.0,2.0,2.0,1.0,3.0,1.0,2.0,2.0,2.0,1.0,3,,1.0,,1.0,,2,,1,,1.0,,8,,0.0,1.0,1.0,1.0,1.0,1.0,2.0,2.0,4.0,1.0,2.0,2.0,800.0,200.0,7.0,5.0,4.0,3.0,0,,0.0,0.0,4,,0.0,.,.,0.0,.,.,9999,,1,.,.,.,0,2.0,uuid:0bb3dfc8-dbcb-44a5-9438-cebc00fe9801,,,,,,.,,,,1.0,,,,,,29 Apr 2019,2019-04-29,,,,,,1.0,48.0,,,,,,,,,,,,,,,,,,,,N.U.,0.0,0.0,2018-04-12,uuid:fff3a015-3067-40ab-b13b-c7798491c5d3,2018-04-12 09:12:15,2018-04-12 09:52:35,"Apr 12, 2018",9:12:00 AM,,,,66.0,66.0,1.0,1.0,26.0,LUALUA,,,,3,,1.0,,Kananga,Malandji,1.0,,4.0,,DIBAYA,0,,0,,10000.0,1000.0,3 4 5,1.0,4.0,4.0,OK,1.0,1.0,0.0,0.0,OK,1.0,1.0,OK,3.0,3.0,09:12:17,09:12:17,3.0,3.0,3.0,3.0,1.0,2.0,2.0,1.0,2.0,2.0,1.0,1.0,2,,2.0,,8.0,,2,,2,,8.0,,2,,1.0,,1.0,1.0,1.0,1.0,1.0,4.0,1.0,1.0,1.0,2.0,700.0,300.0,10.0,7.0,6.0,4.0,0,,0.0,1.0,4,,0.0,.,.,0.0,.,.,9999,,1,.,1,.,0,1.0,uuid:fff3a015-3067-40ab-b13b-c7798491c5d3,,,,,,.,,,,1.0,,,,,,29 Apr 2019,2019-04-29,,,,,,1.0,56.0,,,,,,,,,,,,,,,,,,,,N.U.,0.0
4,3,6102,1.0,4.0,17.0,2.0,23.0,2.0,8.5,0.0,10.5,48.0,1,,56.0,1,,2018-04-10,uuid:0bb3dfc8-dbcb-44a5-9438-cebc00fe9801,2018-04-10 12:48:48,2018-04-10 13:42:31,"Apr 10, 2018",12:48:00 PM,,,,39.0,39.0,1.0,1.0,42.0,LUALUA,,,,12,,0.0,2011.0,Ndesha,Lubuwa,1.0,,4.0,,DEMBA,20,,,,300000.0,45000.0,3 4 5,1.0,4.0,3.0,OK,1.0,1.0,1.0,1.0,OK,1.0,1.0,OK,1.0,1.0,12:48:49,12:48:49,5.0,3.0,3.0,2.0,2.0,1.0,3.0,1.0,2.0,2.0,2.0,1.0,3,,1.0,,1.0,,2,,1,,1.0,,8,,0.0,1.0,1.0,1.0,1.0,1.0,2.0,2.0,4.0,1.0,2.0,2.0,800.0,200.0,7.0,5.0,4.0,3.0,0,,0.0,0.0,4,,0.0,.,.,0.0,.,.,9999,,1,.,.,.,0,2.0,uuid:0bb3dfc8-dbcb-44a5-9438-cebc00fe9801,,,,,,.,,,,1.0,,,,,,29 Apr 2019,2019-04-29,,,,,,1.0,48.0,,,,,,,,,,,,,,,,,,,,N.U.,0.0,0.0,2018-04-12,uuid:fff3a015-3067-40ab-b13b-c7798491c5d3,2018-04-12 09:12:15,2018-04-12 09:52:35,"Apr 12, 2018",9:12:00 AM,,,,66.0,66.0,1.0,1.0,26.0,LUALUA,,,,3,,1.0,,Kananga,Malandji,1.0,,4.0,,DIBAYA,0,,0,,10000.0,1000.0,3 4 5,1.0,4.0,4.0,OK,1.0,1.0,0.0,0.0,OK,1.0,1.0,OK,3.0,3.0,09:12:17,09:12:17,3.0,3.0,3.0,3.0,1.0,2.0,2.0,1.0,2.0,2.0,1.0,1.0,2,,2.0,,8.0,,2,,2,,8.0,,2,,1.0,,1.0,1.0,1.0,1.0,1.0,4.0,1.0,1.0,1.0,2.0,700.0,300.0,10.0,7.0,6.0,4.0,0,,0.0,1.0,4,,0.0,.,.,0.0,.,.,9999,,1,.,1,.,0,1.0,uuid:fff3a015-3067-40ab-b13b-c7798491c5d3,,,,,,.,,,,1.0,,,,,,29 Apr 2019,2019-04-29,,,,,,1.0,56.0,,,,,,,,,,,,,,,,,,,,N.U.,0.0
4,4,102,0.0,2.0,21.0,0.0,23.0,2.0,21.0,0.0,23.0,79.0,1,,278.0,2,1025.0,2018-04-28,uuid:586fa3bf-6ec6-4a07-891c-65b543159a4d,2018-04-28 08:32:21,2018-04-28 14:56:43,"Apr 28, 2018",2:26:00 PM,,,,107.0,107.0,1.0,1.0,24.0,LUALUA,.,,,1,,0.0,2007.0,Katoka,Mpokolo,1.0,,4.0,,DIBAYA,27,,.,.,30000.0,7000.0,0,2.0,3.0,3.0,OK,1.0,1.0,0.0,1.0,OK,2.0,2.0,OK,2.0,2.0,08:32:22,08:32:22,5.0,3.0,3.0,3.0,2.0,2.0,2.0,2.0,1.0,2.0,2.0,4.0,8,,4.0,,1.0,,1,,7,,1.0,,1,,1.0,,1.0,4.0,3.0,2.0,2.0,2.0,4.0,1.0,1.0,2.0,200.0,800.0,7.0,5.0,3.0,2.0,0,,0.0,0.0,3,,0.0,,,0.0,,,4,,1,.,,.,0,1.0,uuid:586fa3bf-6ec6-4a07-891c-65b543159a4d,,,,,,,,,,1.0,,,,,,29 Apr 2019,2019-04-29,,,,,,1.0,79.0,,,,,,,,,,,,,,,,,,,,N.U.,0.0,0.0,2018-06-07,uuid:529c0b2f-c01a-4358-a0d3-31a166a04c32,2018-06-07 10:58:30,2018-06-07 11:23:02,"Jun 7, 2018",10:58:00 AM,1025.0,1.0,,,,,1.0,,.,.,,.,.,.,,,.,.,,,,,.,.,.,.,.,,,.,,,,OK,1.0,0.0,0.0,0.0,OK,4.0,3.0,OK,4.0,3.0,.,.,3.0,3.0,3.0,3.0,2.0,,,,,,,,.,,,,,,.,,.,,,,.,,,,,,,,,,,2.0,2.0,2.0,500.0,500.0,5.0,4.0,3.0,1.0,.,.,,,.,.,,.,.,,.,.,.,.,2,.,,.,0,2.0,uuid:529c0b2f-c01a-4358-a0d3-31a166a04c32,,,,,,,,,,1.0,1.0,,,,,29 Apr 2019,2019-04-29,,,,,,1.0,278.0,278.0,678.0,,0.0,,,,,,,,,,,,,,,,N.U.,0.0
4,4,319,0.0,6.0,0.0,0.0,6.0,6.0,0.0,0.0,6.0,,1,,285.0,2,31786.0,2018-04-09,uuid:24a3dce4-3857-4eed-974d-f31e69050580,2018-04-09 18:14:28,2018-04-09 18:52:28,"Apr 9, 2018",6:14:00 PM,,,,55.0,55.0,1.0,1.0,44.0,LULUWA,,46.0,,1,,1.0,,Katoka,Mpokolo,1.0,,4.0,,KANANGA,17,,,,76000.0,42000.0,3,3.0,4.0,2.0,OK,1.0,1.0,1.0,1.0,OK,1.0,2.0,OK,2.0,2.0,09:14:30,09:14:30,5.0,5.0,2.0,2.0,2.0,1.0,3.0,2.0,4.0,2.0,2.0,4.0,2,,2.0,,2.0,,2,,2,,2.0,,2,,0.0,4.0,4.0,2.0,2.0,2.0,2.0,2.0,3.0,2.0,1.0,2.0,1000.0,0.0,9.0,8.0,7.0,6.0,0,,2.0,3.0,4,,0.0,.,.,0.0,.,.,5,,1,.,1,.,0,1.0,uuid:24a3dce4-3857-4eed-974d-f31e69050580,,,,,,.,,,,1.0,,,,,,29 Apr 2019,2019-04-29,,,,,,1.0,42.0,,,,,,,,,,,,,,,,,,,,N.U.,0.0,0.0,2018-06-07,uuid:165dbb28-39f9-48a3-840b-7ec0081851f7,2018-06-07 15:35:13,2018-06-07 16:01:17,"Jun 7, 2018",3:35:00 PM,31786.0,1.0,,,,,1.0,,.,.,,.,.,.,,,.,.,,,,,.,.,.,.,.,,,.,,,,OK,1.0,1.0,1.0,0.0,OK,2.0,2.0,OK,3.0,4.0,.,.,3.0,3.0,3.0,3.0,1.0,,,,,,,,.,,,,,,.,,.,,,,.,,,,,,,,,,,2.0,2.0,2.0,900.0,100.0,10.0,7.0,5.0,4.0,.,.,,,.,.,,.,.,,.,.,.,.,1,.,,.,Il ne sait pas lire en français,2.0,uuid:165dbb28-39f9-48a3-840b-7ec0081851f7,,,,,,,,,,1.0,1.0,,,,,29 Apr 2019,2019-04-29,,,,,,1.0,285.0,285.0,685.0,,0.0,,,,,,,,,,,,,,,,N.U.,0.0
4,4,322,0.0,3.0,20.0,0.0,23.0,3.0,20.0,0.0,23.0,91.0,1,,286.0,2,32273.0,2018-05-21,uuid:42ce0977-0346-4443-921c-d937e4a038c0,2018-05-21 13:56:28,2018-05-21 14:34:52,"May 21, 2018",1:58:00 PM,,,,112.0,112.0,1.0,1.0,26.0,BINDI,.,,,1,,0.0,2008.0,Kananga,Malandji,1.0,,4.0,,KAZUMBA,4,,.,.,300000.0,32000.0,1 3 4,2.0,4.0,5.0,OK,1.0,0.0,0.0,1.0,OK,2.0,2.0,OK,2.0,2.0,13:56:29,13:56:29,3.0,3.0,4.0,3.0,2.0,2.0,2.0,1.0,2.0,2.0,1.0,2.0,1,,8.0,,1.0,,1,,4,,1.0,,1,,0.0,1.0,3.0,1.0,1.0,1.0,1.0,2.0,4.0,1.0,1.0,1.0,800.0,200.0,9.0,7.0,6.0,5.0,0,,3.0,3.0,2,,0.0,,,1.0,3,,6,,1,.,1,.,0,1.0,uuid:42ce0977-0346-4443-921c-d937e4a038c0,,,,,,,,,,1.0,,,,,,29 Apr 2019,2019-04-29,,,,,,1.0,91.0,,,,,,,,,,,,,,,,,,,,N.U.,0.0,0.0,2018-06-08,uuid:f653f58b-2c2a-4ddf-b096-7f481b123698,2018-06-08 07:29:15,2018-06-08 07:53:13,"Jun 8, 2018",7:29:00 AM,32273.0,1.0,,,,,1.0,,.,.,,.,.,.,,,.,.,,,,,.,.,.,.,.,,,.,,,,OK,1.0,1.0,1.0,0.0,OK,2.0,2.0,OK,3.0,3.0,.,.,3.0,3.0,1.0,3.0,1.0,,,,,,,,.,,,,,,.,,.,,,,.,,,,,,,,,,,2.0,2.0,2.0,0.0,1000.0,10.0,8.0,5.0,3.0,.,.,,,.,.,,.,.,,.,.,.,.,1,.,other,0,0,2.0,uuid:f653f58b-2c2a-4ddf-b096-7f481b123698,,,,,,,,,,1.0,1.0,,,,,29 Apr 2019,2019-04-29,,,,,,1.0,286.0,286.0,686.0,,0.0,,,,,,,,,,,,,,,,N.U.,0.0
4,4,342,0.0,2.0,20.0,0.0,22.0,2.0,20.0,0.0,22.0,72.0,1,,281.0,2,34246.0,2018-04-26,uuid:26c9fb91-0ea3-4692-8c87-06d099f32292,2018-04-26 09:22:23,2018-04-26 10:01:01,"Apr 26, 2018",9:29:00 AM,,,,87.0,87.0,1.0,1.0,37.0,LULUWA,.,47.0,,1,,0.0,1997.0,Kananga,Malandji,1.0,,4.0,,KAZUMBA,other,Stagiaire à la DGRKOC,.,.,145000.0,15000.0,3,3.0,4.0,3.0,OK,1.0,1.0,0.0,1.0,OK,2.0,2.0,OK,1.0,1.0,09:22:27,09:22:27,5.0,3.0,1.0,3.0,2.0,2.0,3.0,2.0,2.0,2.0,2.0,2.0,1,,1.0,,1.0,,1,,1,,1.0,,1,,0.0,4.0,2.0,1.0,1.0,1.0,1.0,2.0,4.0,1.0,2.0,3.0,5.0,995.0,8.0,5.0,3.0,1.0,0,,0.0,10.0,3,,0.0,,,0.0,,,9999,,1,.,1,.,0,1.0,uuid:26c9fb91-0ea3-4692-8c87-06d099f32292,,,,,,,,,,1.0,,,,,,29 Apr 2019,2019-04-29,,,,,,1.0,72.0,,,,,,,,,,,,,,,,,,,,N.U.,0.0,0.0,2018-06-07,uuid:472d5571-55c5-4bfa-b5f4-634d25058fe1,2018-06-07 14:24:12,2018-06-07 14:47:41,"Jun 7, 2018",2:24:00 PM,34246.0,1.0,,,,,1.0,,.,.,,.,.,.,,,.,.,,,,,.,.,.,.,.,,,.,,,,OK,1.0,1.0,0.0,1.0,OK,2.0,2.0,OK,3.0,3.0,.,.,5.0,5.0,3.0,2.0,1.0,,,,,,,,.,,,,,,.,,.,,,,.,,,,,,,,,,,2.0,2.0,2.0,600.0,400.0,6.0,4.0,2.0,0.0,.,.,,,.,.,,.,.,,.,.,.,.,1,.,1,.,0,2.0,uuid:472d5571-55c5-4bfa-b5f4-634d25058fe1,,,,,,,,,,2.0,1.0,,,,,29 Apr 2019,2019-04-29,,,,,,1.0,281.0,281.0,681.0,,0.0,,,,,,,,,,,,,,,,N.U.,0.0
4,4,374,0.0,2.0,21.0,0.0,23.0,2.0,21.0,0.0,23.0,52.0,1,,,2,3762.0,2018-04-11,uuid:0d417642-db2e-4db8-ae2c-1d1282bce06c,2018-04-11 10:42:12,2018-04-11 11:30:55,"Apr 11, 2018",10:43:00 AM,,,,73.0,73.0,1.0,1.0,34.0,LUALUA,,,,1,,0.0,1989.0,Kananga,Malandji,1.0,,4.0,,DEMBA,22,,,,150000.0,20000.0,1 3 4 5 6,2.0,4.0,3.0,OK,1.0,1.0,1.0,1.0,OK,2.0,2.0,OK,1.0,1.0,10:42:13,10:42:13,3.0,3.0,3.0,2.0,2.0,1.0,2.0,2.0,1.0,2.0,1.0,2.0,2,,2.0,,5.0,,2,,7,,2.0,,2,,0.0,1.0,1.0,3.0,1.0,1.0,1.0,1.0,1.0,1.0,1.0,1.0,800.0,200.0,7.0,5.0,4.0,3.0,0,,3.0,3.0,3,,0.0,.,.,0.0,.,.,9999,,1,.,1,.,Il est vraiment apte,1.0,uuid:0d417642-db2e-4db8-ae2c-1d1282bce06c,,,,,,.,,,,1.0,,,,,,29 Apr 2019,2019-04-29,,,,,,1.0,52.0,,,,,,,,,,,,,,,,,,,,N.U.,0.0,0.0,2018-10-02,uuid:864e8960-bcca-421b-b17b-f2da3256b2ed,2018-10-02 15:24:20,2018-10-02 16:21:05,"Oct 2, 2018",2:24:00 PM,3762.0,1.0,,,,,1.0,,,.,,,,,,,,,,,,,,,,,,,,,,,,OK,0.0,0.0,0.0,0.0,OK,2.0,2.0,OK,2.0,2.0,.,.,3.0,3.0,3.0,3.0,2.0,,,,,,,,.,,,,,,.,,.,,,,,,,,,,,,,,,2.0,2.0,2.0,500.0,500.0,8.0,6.0,4.0,3.0,,,,,.,.,,.,.,,.,.,,,6,,5,,0,2.0,uuid:864e8960-bcca-421b-b17b-f2da3256b2ed,,,,,,,,,,,,,,,,29 Apr 2019,2019-04-29,,,,,,1.0,469.0,469.0,869.0,,0.0,,,,,,,,,,,,,,,,,1.0
4,4,543,0.0,3.0,19.0,0.0,22.0,3.0,19.0,0.0,22.0,64.0,1,,238.0,2,52247.0,2018-04-13,uuid:68c51a7f-2f65-4735-9ca4-ca3cd7b19434,2018-04-13 11:27:03,2018-04-13 12:11:28,"Apr 13, 2018",3:27:00 PM,,,,56.0,56.0,1.0,1.0,28.0,BINDI,,,,2,,0.0,2010.0,Kananga,Apolo,0.0,,4.0,,DIMBELENGE,27,,,,48000.0,30000.0,0,5.0,4.0,5.0,OK,1.0,0.0,0.0,0.0,OK,2.0,2.0,OK,3.0,3.0,11:27:04,11:27:04,4.0,3.0,1.0,2.0,2.0,2.0,3.0,2.0,2.0,3.0,3.0,3.0,1,,1.0,,7.0,,1,,7,,2.0,,2,,0.0,4.0,1.0,2.0,2.0,3.0,1.0,1.0,4.0,3.0,3.0,2.0,200.0,800.0,7.0,5.0,3.0,1.0,0,,0.0,9.0,3,,0.0,.,.,0.0,.,.,9999,,1,.,1,.,0,1.0,uuid:68c51a7f-2f65-4735-9ca4-ca3cd7b19434,,,,,,.,,,,1.0,,,,,,29 Apr 2019,2019-04-29,,,,,,1.0,64.0,,,,,,,,,,,,,,,,,,,,N.U.,0.0,0.0,2018-06-02,uuid:a1ac1875-55a2-4376-a035-cd6311796cd0,2018-06-02 10:20:12,2018-06-02 10:39:09,"Jun 2, 2018",10:20:00 AM,52247.0,1.0,,,,,1.0,,.,.,,.,.,.,,,.,.,,,,,.,.,.,.,.,,,.,,,,OK,1.0,1.0,1.0,1.0,OK,1.0,1.0,OK,1.0,1.0,.,.,4.0,3.0,3.0,3.0,2.0,,,,,,,,.,,,,,,.,,.,,,,.,,,,,,,,,,,1.0,1.0,2.0,1000.0,0.0,8.0,6.0,5.0,4.0,.,.,,,.,.,,.,.,,.,.,.,.,1,.,1,.,0,1.0,uuid:a1ac1875-55a2-4376-a035-cd6311796cd0,,,,,,,,,,1.0,,,,,,29 Apr 2019,2019-04-29,,,,,,1.0,238.0,238.0,638.0,,0.0,,,,,,,,,,,,,,,,N.U.,0.0
4,4,570,0.0,2.0,21.0,0.0,23.0,2.0,21.0,0.0,23.0,,1,,233.0,2,58784.0,2018-05-04,uuid:fd3158a7-7dcf-47b7-a6c3-35fe81344d20,2018-05-04 08:33:59,2018-05-04 10:48:18,"May 4, 2018",8:34:00 AM,,,,86.0,86.0,1.0,1.0,27.0,LUALUA,.,,,12,,0.0,2001.0,Ndesha,Lubuwa,1.0,,4.0,,DEMBA,27,,.,.,164000.0,50000.0,3,6.0,4.0,4.0,OK,1.0,1.0,1.0,1.0,OK,2.0,1.0,OK,1.0,1.0,08:33:59,08:33:59,3.0,5.0,3.0,3.0,1.0,1.0,1.0,1.0,1.0,1.0,1.0,1.0,2,,3.0,,3.0,,8,,3,,3.0,,3,,1.0,,1.0,2.0,2.0,1.0,1.0,2.0,3.0,1.0,1.0,1.0,500.0,500.0,10.0,8.0,7.0,6.0,other,Récepteur,2.0,0.0,3,,0.0,,,0.0,,,2,,1,.,1,.,Le répondant était trop lent à répondre,1.0,uuid:fd3158a7-7dcf-47b7-a6c3-35fe81344d20,,,,,,,,,,1.0,,,,,,29 Apr 2019,2019-04-29,,,,,,1.0,89.0,,,,,,,,,,,,,,,,,,,,N.U.,0.0,0.0,2018-06-01,uuid:fabedd8c-b27a-48c9-8ff1-5c58015871b3,2018-06-01 16:37:47,2018-06-01 16:57:08,"Jun 1, 2018",4:37:00 PM,58784.0,1.0,,,,,1.0,,.,.,,.,.,.,,,.,.,,,,,.,.,.,.,.,,,.,,,,OK,1.0,1.0,0.0,1.0,OK,2.0,2.0,OK,2.0,2.0,.,.,3.0,5.0,3.0,3.0,2.0,,,,,,,,.,,,,,,.,,.,,,,.,,,,,,,,,,,2.0,2.0,1.0,500.0,500.0,7.0,5.0,4.0,1.0,.,.,,,.,.,,.,.,,.,.,.,.,6,.,,.,0,2.0,uuid:fabedd8c-b27a-48c9-8ff1-5c58015871b3,,,,,,,,,,2.0,,,,,,29 Apr 2019,2019-04-29,,,,,,1.0,233.0,233.0,633.0,,0.0,,,,,,,,,,,,,,,,N.U.,0.0
4,4,598,0.0,5.0,17.0,0.0,22.0,5.0,17.0,0.0,22.0,10.0,1,,,2,5949.0,2018-04-06,uuid:53d8b747-3079-463b-b8cf-4462e9c153ac,2018-04-06 12:27:45,,"Apr 6, 2018",12:27:00 PM,,,,16.0,16.0,1.0,1.0,24.0,LULUWA,,46.0,,8,,1.0,,Kananga,Mulunda,1.0,,4.0,,KANANGA,17,,,,39000.0,0.0,3,4.0,4.0,3.0,OK,1.0,1.0,0.0,0.0,OK,1.0,2.0,OK,1.0,1.0,12:27:46,12:27:46,3.0,4.0,3.0,3.0,2.0,2.0,2.0,2.0,2.0,2.0,2.0,2.0,2,,2.0,,2.0,,2,,2,,2.0,,2,,0.0,4.0,3.0,3.0,3.0,1.0,1.0,4.0,4.0,1.0,1.0,1.0,400.0,600.0,6.0,4.0,3.0,2.0,0,,1.0,4.0,1,,1.0,8,.,1.0,8,.,2,,1,.,1,.,0,1.0,uuid:53d8b747-3079-463b-b8cf-4462e9c153ac,,,,,,.,,,,1.0,,,,,,29 Apr 2019,2019-04-29,,,,,,1.0,10.0,,,,,,,,,,,,,,,,,,,,N.U.,0.0,0.0,2018-10-04,uuid:91d546ba-8977-44f5-88ff-d99ae9846f0c,2018-10-04 16:15:21,2018-10-04 16:27:47,"Oct 4, 2018",3:15:00 PM,5949.0,1.0,,,,,1.0,,,.,,,,,,,,,,,,,,,,,,,,,,,,OK,1.0,1.0,0.0,1.0,OK,1.0,2.0,OK,2.0,2.0,.,.,5.0,3.0,3.0,3.0,2.0,,,,,,,,.,,,,,,.,,.,,,,,,,,,,,,,,,4.0,4.0,2.0,250.0,750.0,10.0,8.0,5.0,3.0,,,,,.,.,,.,.,,.,.,,,1,,,,0,2.0,uuid:91d546ba-8977-44f5-88ff-d99ae9846f0c,,,,,,,,,,,,,,,,29 Apr 2019,2019-04-29,,,,,,1.0,470.0,470.0,870.0,,0.0,,,,,,,,,,,,,,,,,1.0
5,0,589,0.0,2.0,17.0,0.0,19.0,2.0,17.0,0.0,19.0,41.0,1,,6.0,1,,2018-04-09,uuid:fc3ae65c-859d-4d52-a1c0-cd5949329171,2018-04-09 15:52:19,2018-04-09 16:29:38,"Apr 9, 2018",3:52:00 PM,,,,12.0,12.0,1.0,1.0,26.0,LUALUA,,,,10,,1.0,,Katoka,Mpokolo,1.0,,4.0,,KAZUMBA,24,,,,15000.0,12000.0,1 3 6,4.0,3.0,2.0,OK,1.0,1.0,1.0,1.0,OK,1.0,1.0,OK,1.0,1.0,15:52:21,15:52:21,5.0,3.0,4.0,3.0,2.0,1.0,3.0,2.0,1.0,1.0,1.0,1.0,8,,2.0,,1.0,,1,,3,,1.0,,1,,0.0,4.0,1.0,3.0,4.0,2.0,2.0,1.0,3.0,3.0,1.0,2.0,200.0,800.0,9.0,5.0,4.0,3.0,0,,2.0,1.0,4,,0.0,.,.,0.0,.,.,6,,1,.,.,.,0,1.0,uuid:fc3ae65c-859d-4d52-a1c0-cd5949329171,,,,,,.,,,,1.0,,,,,,29 Apr 2019,2019-04-29,,,,,,1.0,41.0,,,,,,,,,,,,,,,,,,,,N.U.,0.0,0.0,2018-04-06,uuid:c56722b2-cea5-4175-86d5-de5fe95241ed,2018-04-06 10:08:42,,"Apr 6, 2018",10:08:00 AM,,,,9.0,9.0,1.0,1.0,25.0,LUNTU,,51.0,,3,,0.0,2015.0,Kananga,Plateau,1.0,,4.0,,DIMBELENGE,17,,,,16000.0,3000.0,3,1.0,3.0,6.0,OK,1.0,1.0,1.0,1.0,OK,2.0,3.0,OK,2.0,3.0,10:08:43,10:08:43,5.0,3.0,2.0,3.0,1.0,2.0,2.0,3.0,2.0,2.0,2.0,2.0,1,,1.0,,1.0,,1,,1,,1.0,,1,,1.0,,3.0,1.0,1.0,1.0,1.0,4.0,2.0,1.0,1.0,1.0,1000.0,0.0,8.0,7.0,6.0,5.0,0,,3.0,4.0,3,,0.0,.,.,0.0,.,.,9999,,1,.,4,.,0,1.0,uuid:c56722b2-cea5-4175-86d5-de5fe95241ed,,,,,,.,,,,1.0,,,,,,29 Apr 2019,2019-04-29,,,,,,1.0,6.0,,,,,,,,,,,,,,,,,,,,N.U.,0.0
5,1,109,1.0,4.0,19.0,0.0,23.0,2.0,9.5,0.0,11.5,71.0,1,,18.0,1,,2018-04-26,uuid:2120a121-51d0-4386-bd4a-6fd6abcd95be,2018-04-26 09:13:31,2018-04-26 09:52:34,"Apr 26, 2018",9:13:00 AM,,,,85.0,85.0,1.0,1.0,38.0,LUALUA,.,,,12,,0.0,1985.0,Katoka,Kapanda,1.0,,4.0,,KAZUMBA,4,,.,.,160000.0,38000.0,3,2.0,4.0,4.0,OK,1.0,1.0,0.0,1.0,OK,3.0,3.0,OK,2.0,2.0,09:13:32,09:13:32,5.0,5.0,1.0,3.0,2.0,1.0,1.0,2.0,2.0,2.0,2.0,2.0,3,,3.0,,3.0,,2,,3,,2.0,,3,,0.0,1.0,2.0,2.0,2.0,1.0,1.0,1.0,4.0,1.0,1.0,3.0,600.0,400.0,10.0,8.0,6.0,5.0,0,,2.0,3.0,2,,0.0,,,0.0,,,other,"Un pasteur qui n'est pas de mon eglise , on travaillé avec lui a la campagne  ",1,.,1,.,0,1.0,uuid:2120a121-51d0-4386-bd4a-6fd6abcd95be,,,,,,,,,,1.0,,,,,,29 Apr 2019,2019-04-29,,,,,,1.0,71.0,,,,,,,,,,,,,,,,,,,,N.U.,0.0,0.0,2018-04-06,uuid:c5ca5212-b840-4a26-8c33-88a33844849b,2018-04-06 18:14:32,2018-04-06 18:52:46,"Apr 6, 2018",6:14:00 PM,,,,35.0,35.0,1.0,1.0,46.0,LUNTU,,52.0,,12,,0.0,1996.0,Kananga,Plateau,1.0,,4.0,,DIMBELENGE,30,,,,150000.0,35000.0,3,2.0,3.0,6.0,OK,1.0,0.0,0.0,1.0,OK,1.0,2.0,OK,1.0,2.0,09:14:33,09:14:33,5.0,5.0,3.0,3.0,2.0,2.0,2.0,2.0,2.0,2.0,2.0,4.0,1,,1.0,,1.0,,1,,1,,1.0,,2,,1.0,,3.0,3.0,3.0,3.0,1.0,1.0,4.0,1.0,1.0,3.0,800.0,200.0,7.0,5.0,4.0,3.0,0,,0.0,4.0,2,,1.0,9,.,0.0,.,.,other,Aucun,1,.,1,.,0,1.0,uuid:c5ca5212-b840-4a26-8c33-88a33844849b,,,,,,.,,,,1.0,,,,,,29 Apr 2019,2019-04-29,,,,,,1.0,18.0,,,,,,,,,,,,,,,,,,,,N.U.,0.0
5,1,211,1.0,5.0,17.0,0.0,22.0,2.5,8.5,0.0,11.0,55.0,1,,45.0,1,,2018-04-11,uuid:e4d1925a-67fc-4ce6-a834-24f3e73f41ee,2018-04-11 16:55:43,2018-04-11 17:27:22,"Apr 11, 2018",4:55:00 PM,,,,51.0,51.0,1.0,1.0,29.0,LUALUA,,,,3,,1.0,,Katoka,Mpokolo,1.0,,4.0,,DEMBA,30,,,,100000.0,40000.0,0,0.0,4.0,5.0,OK,1.0,1.0,0.0,0.0,OK,1.0,1.0,OK,1.0,1.0,16:55:45,16:55:45,3.0,3.0,2.0,2.0,2.0,2.0,3.0,1.0,3.0,2.0,1.0,4.0,8,,3.0,,7.0,,2,,1,,2.0,,2,,1.0,,1.0,1.0,3.0,2.0,2.0,2.0,4.0,1.0,1.0,2.0,500.0,500.0,10.0,8.0,5.0,3.0,0,,3.0,3.0,3,,0.0,.,.,0.0,.,.,4,,1,.,1,.,0,1.0,uuid:e4d1925a-67fc-4ce6-a834-24f3e73f41ee,,,,,,.,,,,1.0,,,,,,29 Apr 2019,2019-04-29,,,,,,1.0,55.0,,,,,,,,,,,,,,,,,,,,N.U.,0.0,0.0,2018-04-10,uuid:71419d38-5b75-458a-bde4-5cb7c5694a6f,2018-04-10 10:32:02,2018-04-10 11:14:13,"Apr 10, 2018",10:32:00 AM,,,,74.0,74.0,1.0,1.0,30.0,LUALUA,,,,3,,1.0,,Kananga,Malandji,1.0,,4.0,,DEMBA,24,,,,250000.0,45000.0,3 4 6,0.0,3.0,3.0,OK,1.0,1.0,1.0,1.0,OK,2.0,2.0,OK,2.0,2.0,10:32:04,10:32:04,5.0,5.0,3.0,3.0,2.0,2.0,2.0,4.0,2.0,2.0,2.0,2.0,2,,2.0,,2.0,,2,,2,,2.0,,2,,0.0,4.0,1.0,1.0,1.0,1.0,1.0,1.0,3.0,1.0,1.0,3.0,600.0,400.0,10.0,5.0,2.0,1.0,0,,0.0,3.0,4,,0.0,.,.,0.0,.,.,9999,,1,.,1,.,0,2.0,uuid:71419d38-5b75-458a-bde4-5cb7c5694a6f,,,,,,.,,,,1.0,,,,,,29 Apr 2019,2019-04-29,,,,,,1.0,45.0,,,,,,,,,,,,,,,,,,,,N.U.,0.0
5,1,309,1.0,4.0,19.0,0.0,23.0,2.0,9.5,0.0,11.5,13.0,1,,,1,,2018-04-06,uuid:34057916-aa69-453d-9561-e96e7822c8ac,2018-04-06 16:02:16,2018-04-06 16:33:56,"Apr 6, 2018",4:02:00 PM,,,,30.0,30.0,1.0,1.0,26.0,LUBA,,,Bena muya,12,,1.0,,Kananga,Tshinsambi,1.0,,5.0,,KABEYA-KAMWANGA,17,,,,50000.0,27000.0,3 4,4.0,4.0,3.0,OK,1.0,1.0,1.0,1.0,OK,2.0,2.0,OK,1.0,1.0,16:02:17,16:02:17,3.0,4.0,3.0,3.0,1.0,4.0,3.0,2.0,2.0,2.0,2.0,3.0,1,,2.0,,2.0,,2,,2,,1.0,,2,,1.0,,2.0,3.0,3.0,2.0,2.0,1.0,4.0,1.0,2.0,3.0,600.0,400.0,8.0,5.0,3.0,1.0,0,,2.0,3.0,4,,0.0,.,.,0.0,.,.,9999,,1,.,1,.,0,1.0,uuid:34057916-aa69-453d-9561-e96e7822c8ac,,,,,,.,,,,1.0,,,,,,29 Apr 2019,2019-04-29,,,,,,1.0,13.0,,,,,,,,,,,,,,,,,,,,N.U.,0.0,0.0,2018-04-13,uuid:8f434b3d-641d-4bbb-87de-7fd7917953c4,2018-04-13 12:38:20,2018-04-13 13:16:39,"Apr 13, 2018",12:38:00 PM,,,,80.0,80.0,1.0,1.0,46.0,LUALUA,,,,3,,0.0,2008.0,Kananga,Kamayi,1.0,,4.0,,DEMBA,18,,,,492000.0,8000.0,3,3.0,4.0,3.0,OK,1.0,1.0,0.0,1.0,OK,1.0,1.0,OK,1.0,1.0,12:38:21,12:38:21,5.0,5.0,1.0,3.0,1.0,1.0,2.0,2.0,2.0,2.0,2.0,2.0,1,,1.0,,1.0,,1,,1,,1.0,,1,,0.0,4.0,1.0,1.0,2.0,1.0,1.0,3.0,4.0,2.0,2.0,3.0,100.0,900.0,10.0,2.0,1.0,0.0,other,Je ne travaille pas à la dgrkoc j'attends la réponse  de ma demande,0.0,0.0,other,Je ne travaille pas encore la bas,0.0,.,.,0.0,.,.,2,,1,.,1,.,0,1.0,uuid:8f434b3d-641d-4bbb-87de-7fd7917953c4,,,,,,.,,,,1.0,,,,,,29 Apr 2019,2019-04-29,,,,,,1.0,66.0,,,,,,,,,,,,,,,,,,,,N.U.,0.0
5,1,325,1.0,5.0,18.0,0.0,23.0,2.5,9.0,0.0,11.5,48.0,1,,27.0,1,,2018-04-10,uuid:0bb3dfc8-dbcb-44a5-9438-cebc00fe9801,2018-04-10 12:48:48,2018-04-10 13:42:31,"Apr 10, 2018",12:48:00 PM,,,,39.0,39.0,1.0,1.0,42.0,LUALUA,,,,12,,0.0,2011.0,Ndesha,Lubuwa,1.0,,4.0,,DEMBA,20,,,,300000.0,45000.0,3 4 5,1.0,4.0,3.0,OK,1.0,1.0,1.0,1.0,OK,1.0,1.0,OK,1.0,1.0,12:48:49,12:48:49,5.0,3.0,3.0,2.0,2.0,1.0,3.0,1.0,2.0,2.0,2.0,1.0,3,,1.0,,1.0,,2,,1,,1.0,,8,,0.0,1.0,1.0,1.0,1.0,1.0,2.0,2.0,4.0,1.0,2.0,2.0,800.0,200.0,7.0,5.0,4.0,3.0,0,,0.0,0.0,4,,0.0,.,.,0.0,.,.,9999,,1,.,.,.,0,2.0,uuid:0bb3dfc8-dbcb-44a5-9438-cebc00fe9801,,,,,,.,,,,1.0,,,,,,29 Apr 2019,2019-04-29,,,,,,1.0,48.0,,,,,,,,,,,,,,,,,,,,N.U.,0.0,0.0,2018-04-08,uuid:b3a81225-8ee2-48c5-8016-c430a8a13eb4,2018-04-08 11:24:51,2018-04-08 12:09:32,"Apr 8, 2018",11:25:00 AM,,,,5.0,5.0,1.0,1.0,23.0,LUALUA,,,,7,,1.0,,Katoka,Mpokolo,1.0,,4.0,,DEMBA,23,,,,90000.0,30000.0,3,8.0,3.0,2.0,OK,1.0,1.0,1.0,1.0,OK,2.0,2.0,OK,2.0,2.0,11:24:52,11:24:52,3.0,3.0,3.0,3.0,1.0,2.0,2.0,2.0,2.0,2.0,2.0,2.0,2,,2.0,,2.0,,2,,2,,2.0,,2,,1.0,,3.0,4.0,1.0,1.0,1.0,2.0,4.0,1.0,1.0,1.0,1000.0,0.0,8.0,5.0,3.0,1.0,0,,0.0,0.0,4,,1.0,3,.,1.0,3,.,other,Un frère de la famille,1,.,1,.,0,1.0,uuid:b3a81225-8ee2-48c5-8016-c430a8a13eb4,,,,,,.,,,,1.0,,,,,,29 Apr 2019,2019-04-29,,,,,,1.0,27.0,,,,,,,,,,,,,,,,,,,,N.U.,0.0
5,1,329,1.0,4.0,19.0,0.0,23.0,2.0,9.5,0.0,11.5,35.0,1,,,1,,2018-04-08,uuid:c58c67f9-c3cb-4834-864e-c775796090a4,2018-04-08 18:11:10,2018-04-08 18:55:29,"Apr 8, 2018",6:11:00 PM,,,,61.0,61.0,1.0,1.0,26.0,LUALUA,,,,1,,1.0,,Katoka,Mpokolo,1.0,,4.0,,DEMBA,15,,,,200000.0,50000.0,3 4,3.0,3.0,6.0,OK,1.0,1.0,1.0,0.0,OK,2.0,2.0,OK,1.0,1.0,18:11:11,18:11:11,3.0,3.0,3.0,3.0,1.0,2.0,2.0,4.0,1.0,2.0,2.0,2.0,1,,1.0,,1.0,,1,,1,,1.0,,1,,0.0,4.0,1.0,1.0,1.0,1.0,2.0,1.0,4.0,2.0,2.0,1.0,900.0,100.0,10.0,9.0,8.0,7.0,0,,0.0,2.0,4,,0.0,.,.,1.0,3,.,4,,1,.,1,.,0,2.0,uuid:c58c67f9-c3cb-4834-864e-c775796090a4,,,,,,.,,,,1.0,,,,,,29 Apr 2019,2019-04-29,,,,,,1.0,35.0,,,,,,,,,,,,,,,,,,,,N.U.,0.0,0.0,2018-04-26,uuid:5ea99866-881e-4d9c-bbb1-8abc8f30a138,2018-04-26 11:31:21,2018-04-26 11:57:46,"Apr 26, 2018",11:31:00 AM,,,,88.0,88.0,1.0,1.0,28.0,LULUWA,.,,Bena biduaya,1,,0.0,2005.0,Katoka,Mpokolo,1.0,,4.0,,KAZUMBA,17,,.,.,81000.0,50000.0,3 4 6,6.0,4.0,5.0,OK,1.0,1.0,0.0,1.0,OK,1.0,1.0,OK,1.0,1.0,11:31:22,11:31:22,3.0,3.0,4.0,3.0,2.0,1.0,2.0,2.0,1.0,1.0,2.0,1.0,2,,2.0,,2.0,,2,,2,,2.0,,2,,0.0,4.0,1.0,3.0,3.0,1.0,2.0,1.0,1.0,1.0,1.0,1.0,500.0,500.0,6.0,5.0,3.0,2.0,0,,0.0,6.0,1,,0.0,,,0.0,,,6,,1,.,1,.,0,1.0,uuid:5ea99866-881e-4d9c-bbb1-8abc8f30a138,,,,,,,,,,1.0,,,,,,29 Apr 2019,2019-04-29,,,,,,1.0,74.0,,,,,,,,,,,,,,,,,,,,N.U.,0.0
5,1,345,1.0,5.0,18.0,0.0,23.0,2.5,9.0,0.0,11.5,48.0,1,,27.0,1,,2018-04-10,uuid:0bb3dfc8-dbcb-44a5-9438-cebc00fe9801,2018-04-10 12:48:48,2018-04-10 13:42:31,"Apr 10, 2018",12:48:00 PM,,,,39.0,39.0,1.0,1.0,42.0,LUALUA,,,,12,,0.0,2011.0,Ndesha,Lubuwa,1.0,,4.0,,DEMBA,20,,,,300000.0,45000.0,3 4 5,1.0,4.0,3.0,OK,1.0,1.0,1.0,1.0,OK,1.0,1.0,OK,1.0,1.0,12:48:49,12:48:49,5.0,3.0,3.0,2.0,2.0,1.0,3.0,1.0,2.0,2.0,2.0,1.0,3,,1.0,,1.0,,2,,1,,1.0,,8,,0.0,1.0,1.0,1.0,1.0,1.0,2.0,2.0,4.0,1.0,2.0,2.0,800.0,200.0,7.0,5.0,4.0,3.0,0,,0.0,0.0,4,,0.0,.,.,0.0,.,.,9999,,1,.,.,.,0,2.0,uuid:0bb3dfc8-dbcb-44a5-9438-cebc00fe9801,,,,,,.,,,,1.0,,,,,,29 Apr 2019,2019-04-29,,,,,,1.0,48.0,,,,,,,,,,,,,,,,,,,,N.U.,0.0,0.0,2018-04-08,uuid:b3a81225-8ee2-48c5-8016-c430a8a13eb4,2018-04-08 11:24:51,2018-04-08 12:09:32,"Apr 8, 2018",11:25:00 AM,,,,5.0,5.0,1.0,1.0,23.0,LUALUA,,,,7,,1.0,,Katoka,Mpokolo,1.0,,4.0,,DEMBA,23,,,,90000.0,30000.0,3,8.0,3.0,2.0,OK,1.0,1.0,1.0,1.0,OK,2.0,2.0,OK,2.0,2.0,11:24:52,11:24:52,3.0,3.0,3.0,3.0,1.0,2.0,2.0,2.0,2.0,2.0,2.0,2.0,2,,2.0,,2.0,,2,,2,,2.0,,2,,1.0,,3.0,4.0,1.0,1.0,1.0,2.0,4.0,1.0,1.0,1.0,1000.0,0.0,8.0,5.0,3.0,1.0,0,,0.0,0.0,4,,1.0,3,.,1.0,3,.,other,Un frère de la famille,1,.,1,.,0,1.0,uuid:b3a81225-8ee2-48c5-8016-c430a8a13eb4,,,,,,.,,,,1.0,,,,,,29 Apr 2019,2019-04-29,,,,,,1.0,27.0,,,,,,,,,,,,,,,,,,,,N.U.,0.0
5,1,352,1.0,3.0,18.0,0.0,21.0,1.5,9.0,0.0,10.5,83.0,1,,75.0,1,,2018-04-30,uuid:c0bb8a71-f4a8-4868-b813-895359d250d4,2018-04-30 10:11:52,2018-04-30 11:02:05,"Apr 30, 2018",10:12:00 AM,,,,109.0,109.0,1.0,1.0,23.0,LUALUA,.,,,12,,0.0,2006.0,Katoka,Kele kele,1.0,,4.0,,KAZUMBA,0,,9,.,55000.0,35000.0,0,0.0,4.0,4.0,OK,1.0,1.0,0.0,1.0,OK,3.0,3.0,OK,3.0,3.0,10:11:53,10:11:53,3.0,3.0,3.0,3.0,1.0,1.0,2.0,1.0,2.0,2.0,1.0,2.0,3,,3.0,,3.0,,7,,3,,3.0,,3,,0.0,1.0,1.0,1.0,3.0,1.0,1.0,1.0,4.0,1.0,1.0,1.0,400.0,600.0,10.0,5.0,4.0,3.0,0,,2.0,0.0,3,,1.0,3,,1.0,8,,6,,1,.,,.,0,1.0,uuid:c0bb8a71-f4a8-4868-b813-895359d250d4,,,,,,,,,,1.0,,,,,,29 Apr 2019,2019-04-29,,,,,,1.0,83.0,,,,,,,,,,,,,,,,,,,,N.U.,0.0,0.0,2018-04-27,uuid:79f70fa2-9716-48b2-b4a4-2e51e37617d6,2018-04-27 09:22:45,2018-04-27 10:04:31,"Apr 27, 2018",9:22:00 AM,,,,71.0,71.0,1.0,1.0,23.0,LUALUA,.,,,2,,1.0,,Ngaza,Salongo muimba,0.0,,4.0,,DIBAYA,20,,.,.,50000.0,15000.0,3 6,3.0,3.0,4.0,OK,1.0,1.0,1.0,1.0,OK,3.0,3.0,OK,2.0,2.0,09:22:46,09:22:46,4.0,3.0,1.0,3.0,2.0,1.0,2.0,4.0,2.0,2.0,2.0,1.0,2,,2.0,,1.0,,1,,1,,1.0,,1,,1.0,,2.0,3.0,1.0,1.0,2.0,1.0,4.0,1.0,1.0,2.0,400.0,600.0,6.0,5.0,4.0,3.0,0,,0.0,3.0,4,,1.0,8,,1.0,7,,other,Connaissance familiale avec mon oncle,1,.,,.,0,2.0,uuid:79f70fa2-9716-48b2-b4a4-2e51e37617d6,,,,,,,,,,1.0,,,,,,29 Apr 2019,2019-04-29,,,,,,1.0,75.0,,,,,,,,,,,,,,,,,,,,N.U.,0.0
5,1,357,1.0,8.0,15.0,0.0,23.0,4.0,7.5,0.0,11.5,56.0,1,,77.0,1,,2018-04-12,uuid:fff3a015-3067-40ab-b13b-c7798491c5d3,2018-04-12 09:12:15,2018-04-12 09:52:35,"Apr 12, 2018",9:12:00 AM,,,,66.0,66.0,1.0,1.0,26.0,LUALUA,,,,3,,1.0,,Kananga,Malandji,1.0,,4.0,,DIBAYA,0,,0,,10000.0,1000.0,3 4 5,1.0,4.0,4.0,OK,1.0,1.0,0.0,0.0,OK,1.0,1.0,OK,3.0,3.0,09:12:17,09:12:17,3.0,3.0,3.0,3.0,1.0,2.0,2.0,1.0,2.0,2.0,1.0,1.0,2,,2.0,,8.0,,2,,2,,8.0,,2,,1.0,,1.0,1.0,1.0,1.0,1.0,4.0,1.0,1.0,1.0,2.0,700.0,300.0,10.0,7.0,6.0,4.0,0,,0.0,1.0,4,,0.0,.,.,0.0,.,.,9999,,1,.,1,.,0,1.0,uuid:fff3a015-3067-40ab-b13b-c7798491c5d3,,,,,,.,,,,1.0,,,,,,29 Apr 2019,2019-04-29,,,,,,1.0,56.0,,,,,,,,,,,,,,,,,,,,N.U.,0.0,0.0,2018-04-27,uuid:576d33a5-e205-411e-ae9b-7ad03c97f91b,2018-04-27 11:17:43,2018-04-27 12:04:53,"Apr 27, 2018",11:17:00 AM,,,,89.0,89.0,1.0,1.0,27.0,LUALUA,.,,,2,,0.0,2000.0,Kananga,Tshisambi,1.0,,4.0,,LUIZA,22,,.,.,640000.0,200000.0,3 4,2.0,4.0,5.0,OK,1.0,1.0,0.0,0.0,OK,3.0,3.0,OK,3.0,3.0,11:17:43,11:17:43,3.0,3.0,2.0,3.0,2.0,1.0,2.0,1.0,1.0,1.0,1.0,1.0,1,,1.0,,1.0,,1,,3,,1.0,,1,,0.0,1.0,2.0,4.0,2.0,2.0,3.0,1.0,4.0,1.0,1.0,3.0,600.0,400.0,7.0,6.0,4.0,3.0,0,,1.0,2.0,3,,0.0,,,0.0,,,6,,1,.,1,.,0,1.0,uuid:576d33a5-e205-411e-ae9b-7ad03c97f91b,,,,,,,,,,1.0,,,,,,29 Apr 2019,2019-04-29,,,,,,1.0,78.0,,,,,,,,,,,,,,,,,,,,N.U.,0.0
5,1,376,1.0,3.0,18.0,0.0,21.0,1.5,9.0,0.0,10.5,83.0,1,,75.0,1,,2018-04-30,uuid:c0bb8a71-f4a8-4868-b813-895359d250d4,2018-04-30 10:11:52,2018-04-30 11:02:05,"Apr 30, 2018",10:12:00 AM,,,,109.0,109.0,1.0,1.0,23.0,LUALUA,.,,,12,,0.0,2006.0,Katoka,Kele kele,1.0,,4.0,,KAZUMBA,0,,9,.,55000.0,35000.0,0,0.0,4.0,4.0,OK,1.0,1.0,0.0,1.0,OK,3.0,3.0,OK,3.0,3.0,10:11:53,10:11:53,3.0,3.0,3.0,3.0,1.0,1.0,2.0,1.0,2.0,2.0,1.0,2.0,3,,3.0,,3.0,,7,,3,,3.0,,3,,0.0,1.0,1.0,1.0,3.0,1.0,1.0,1.0,4.0,1.0,1.0,1.0,400.0,600.0,10.0,5.0,4.0,3.0,0,,2.0,0.0,3,,1.0,3,,1.0,8,,6,,1,.,,.,0,1.0,uuid:c0bb8a71-f4a8-4868-b813-895359d250d4,,,,,,,,,,1.0,,,,,,29 Apr 2019,2019-04-29,,,,,,1.0,83.0,,,,,,,,,,,,,,,,,,,,N.U.,0.0,0.0,2018-04-27,uuid:79f70fa2-9716-48b2-b4a4-2e51e37617d6,2018-04-27 09:22:45,2018-04-27 10:04:31,"Apr 27, 2018",9:22:00 AM,,,,71.0,71.0,1.0,1.0,23.0,LUALUA,.,,,2,,1.0,,Ngaza,Salongo muimba,0.0,,4.0,,DIBAYA,20,,.,.,50000.0,15000.0,3 6,3.0,3.0,4.0,OK,1.0,1.0,1.0,1.0,OK,3.0,3.0,OK,2.0,2.0,09:22:46,09:22:46,4.0,3.0,1.0,3.0,2.0,1.0,2.0,4.0,2.0,2.0,2.0,1.0,2,,2.0,,1.0,,1,,1,,1.0,,1,,1.0,,2.0,3.0,1.0,1.0,2.0,1.0,4.0,1.0,1.0,2.0,400.0,600.0,6.0,5.0,4.0,3.0,0,,0.0,3.0,4,,1.0,8,,1.0,7,,other,Connaissance familiale avec mon oncle,1,.,,.,0,2.0,uuid:79f70fa2-9716-48b2-b4a4-2e51e37617d6,,,,,,,,,,1.0,,,,,,29 Apr 2019,2019-04-29,,,,,,1.0,75.0,,,,,,,,,,,,,,,,,,,,N.U.,0.0
5,1,503,1.0,8.0,15.0,0.0,23.0,4.0,7.5,0.0,11.5,14.0,1,,98.0,1,,2018-04-06,uuid:7396dcd4-a963-40ba-a23e-0b69f6f6f71f,2018-04-06 16:07:18,2018-04-06 16:41:25,"Apr 6, 2018",4:07:00 PM,,,,62.0,62.0,1.0,1.0,49.0,LULUWA,,47.0,,4,,1.0,,Katoka,Kapanda,1.0,,4.0,,KAZUMBA,1,,,,133000.0,37000.0,3 4 6,5.0,4.0,3.0,OK,1.0,1.0,1.0,1.0,OK,1.0,1.0,OK,1.0,1.0,16:11:59,16:11:59,5.0,4.0,3.0,3.0,2.0,3.0,4.0,1.0,2.0,2.0,2.0,4.0,2,,8.0,,2.0,,2,,2,,8.0,,2,,1.0,,2.0,3.0,3.0,1.0,2.0,1.0,5.0,1.0,1.0,2.0,600.0,400.0,10.0,7.0,7.0,7.0,0,,0.0,6.0,2,,1.0,3,.,0.0,.,.,4,,1,.,.,.,0,1.0,uuid:7396dcd4-a963-40ba-a23e-0b69f6f6f71f,,,,,,.,,,,1.0,,,,,,29 Apr 2019,2019-04-29,,,,,,1.0,14.0,,,,,,,,,,,,,,,,1.0,1.0,1.0,1.0,N.U.,0.0,0.0,2018-05-21,uuid:1f5de587-4605-4f4e-ae53-3d9559cc5bbd,2018-05-21 16:20:35,2018-05-21 17:05:42,"May 21, 2018",4:20:00 PM,,,,119.0,119.0,2.0,1.0,20.0,LUNTU,.,,Bakua tshibasu,3,,0.0,2005.0,Kananga, Malandji,1.0,,4.0,,DIMBELENGE,0,,6,.,150000.0,35000.0,3 4 6,2.0,4.0,3.0,OK,1.0,1.0,1.0,1.0,OK,1.0,1.0,OK,1.0,1.0,16:20:37,16:20:37,3.0,4.0,2.0,3.0,1.0,2.0,4.0,2.0,2.0,4.0,1.0,4.0,2,,3.0,,1.0,,1,,3,,2.0,,1,,0.0,4.0,1.0,1.0,1.0,1.0,1.0,2.0,4.0,1.0,1.0,3.0,900.0,100.0,8.0,6.0,4.0,2.0,0,,0.0,8.0,3,,0.0,,,0.0,,,9999,,6,.,6,.,0,1.0,uuid:1f5de587-4605-4f4e-ae53-3d9559cc5bbd,,,,,,,,,,1.0,,,,,,29 Apr 2019,2019-04-29,,,,,,1.0,98.0,,,,,,,,,,,,,,,,,,,,N.U.,0.0
5,1,508,1.0,8.0,15.0,0.0,23.0,4.0,7.5,0.0,11.5,14.0,1,,98.0,1,,2018-04-06,uuid:7396dcd4-a963-40ba-a23e-0b69f6f6f71f,2018-04-06 16:07:18,2018-04-06 16:41:25,"Apr 6, 2018",4:07:00 PM,,,,62.0,62.0,1.0,1.0,49.0,LULUWA,,47.0,,4,,1.0,,Katoka,Kapanda,1.0,,4.0,,KAZUMBA,1,,,,133000.0,37000.0,3 4 6,5.0,4.0,3.0,OK,1.0,1.0,1.0,1.0,OK,1.0,1.0,OK,1.0,1.0,16:11:59,16:11:59,5.0,4.0,3.0,3.0,2.0,3.0,4.0,1.0,2.0,2.0,2.0,4.0,2,,8.0,,2.0,,2,,2,,8.0,,2,,1.0,,2.0,3.0,3.0,1.0,2.0,1.0,5.0,1.0,1.0,2.0,600.0,400.0,10.0,7.0,7.0,7.0,0,,0.0,6.0,2,,1.0,3,.,0.0,.,.,4,,1,.,.,.,0,1.0,uuid:7396dcd4-a963-40ba-a23e-0b69f6f6f71f,,,,,,.,,,,1.0,,,,,,29 Apr 2019,2019-04-29,,,,,,1.0,14.0,,,,,,,,,,,,,,,,1.0,1.0,1.0,1.0,N.U.,0.0,0.0,2018-05-21,uuid:1f5de587-4605-4f4e-ae53-3d9559cc5bbd,2018-05-21 16:20:35,2018-05-21 17:05:42,"May 21, 2018",4:20:00 PM,,,,119.0,119.0,2.0,1.0,20.0,LUNTU,.,,Bakua tshibasu,3,,0.0,2005.0,Kananga, Malandji,1.0,,4.0,,DIMBELENGE,0,,6,.,150000.0,35000.0,3 4 6,2.0,4.0,3.0,OK,1.0,1.0,1.0,1.0,OK,1.0,1.0,OK,1.0,1.0,16:20:37,16:20:37,3.0,4.0,2.0,3.0,1.0,2.0,4.0,2.0,2.0,4.0,1.0,4.0,2,,3.0,,1.0,,1,,3,,2.0,,1,,0.0,4.0,1.0,1.0,1.0,1.0,1.0,2.0,4.0,1.0,1.0,3.0,900.0,100.0,8.0,6.0,4.0,2.0,0,,0.0,8.0,3,,0.0,,,0.0,,,9999,,6,.,6,.,0,1.0,uuid:1f5de587-4605-4f4e-ae53-3d9559cc5bbd,,,,,,,,,,1.0,,,,,,29 Apr 2019,2019-04-29,,,,,,1.0,98.0,,,,,,,,,,,,,,,,,,,,N.U.,0.0
5,1,537,1.0,6.0,15.0,0.0,21.0,3.0,7.5,0.0,10.5,37.0,1,,30.0,1,,2018-04-09,uuid:a65038b1-c402-4bcb-8786-436f431c5ee7,2018-04-09 10:52:39,2018-04-09 11:21:29,"Apr 9, 2018",10:53:00 AM,,,,75.0,75.0,1.0,1.0,21.0,LULUWA,,,Tshialu mukombo,3,,0.0,2010.0,Katoka,Mpokolo,1.0,,4.0,,KAZUMBA,0,,other,Prise en charge familiale,0.0,0.0,0,8.0,3.0,6.0,OK,1.0,0.0,1.0,0.0,OK,2.0,3.0,OK,1.0,1.0,10:52:40,10:52:40,3.0,3.0,4.0,3.0,2.0,1.0,4.0,1.0,2.0,4.0,1.0,4.0,3,,2.0,,1.0,,2,,3,,1.0,,1,,0.0,4.0,1.0,3.0,3.0,3.0,3.0,1.0,4.0,1.0,1.0,2.0,0.0,0.0,8.0,5.0,5.0,3.0,0,,0.0,1.0,4,,0.0,.,.,0.0,.,.,4,,1,.,5,.,0,1.0,uuid:a65038b1-c402-4bcb-8786-436f431c5ee7,,,,,,.,,,,1.0,,,,,,29 Apr 2019,2019-04-29,,,,,,1.0,37.0,,,,,,,,,,,,,,,,1.0,,,1.0,N.U.,0.0,0.0,2018-04-08,uuid:45c5446d-07aa-4789-abf8-48dda47b20a4,2018-04-08 13:42:13,,"Apr 8, 2018",1:42:00 PM,,,,21.0,21.0,1.0,1.0,34.0,LUALUA,,,,2,,1.0,,Kanaga,Plateau,1.0,,4.0,,DIBAYA,other,Je travaillais à la Dgrkoc,,,174000.0,50000.0,3 6,4.0,4.0,1.0,OK,1.0,1.0,0.0,1.0,OK,2.0,2.0,OK,2.0,2.0,14:00:42,14:00:42,5.0,3.0,1.0,1.0,2.0,1.0,2.0,2.0,2.0,2.0,1.0,2.0,1,,2.0,,1.0,,2,,8,,1.0,,1,,0.0,4.0,1.0,2.0,2.0,2.0,1.0,1.0,4.0,1.0,1.0,1.0,1000.0,0.0,5.0,4.0,3.0,0.0,0,,1.0,3.0,4,,0.0,.,.,0.0,.,.,9999,,1,.,1,.,Il es tellement sur de ses reponses,1.0,uuid:45c5446d-07aa-4789-abf8-48dda47b20a4,,,,,,.,,,,2.0,,,,,,29 Apr 2019,2019-04-29,,,,,,1.0,30.0,,,,,,,,,,,,,,,,,,,,N.U.,0.0
5,1,541,1.0,5.0,16.0,0.0,21.0,2.5,8.0,0.0,10.5,8.0,1,,,1,,2018-04-06,uuid:aca9f25e-94bb-4487-9f79-b397ed39edb8,2018-04-06 11:11:02,,"Apr 6, 2018",11:11:00 AM,,,,13.0,13.0,1.0,1.0,32.0,LULUWA,,,Bakua mbuyi,2,,1.0,,Ndesha,Lubuwa,1.0,,4.0,,DEMBA,17,,,,96000.0,250000.0,3 4,5.0,4.0,3.0,OK,1.0,0.0,0.0,1.0,OK,1.0,2.0,OK,1.0,1.0,11:11:03,11:11:03,3.0,3.0,2.0,3.0,1.0,1.0,1.0,1.0,1.0,2.0,1.0,1.0,1,,3.0,,3.0,,1,,3,,3.0,,3,,0.0,1.0,1.0,3.0,2.0,2.0,2.0,1.0,3.0,2.0,2.0,2.0,900.0,100.0,7.0,5.0,4.0,3.0,0,,1.0,0.0,3,,0.0,.,.,0.0,.,.,9999,,1,.,1,.,0,1.0,uuid:aca9f25e-94bb-4487-9f79-b397ed39edb8,,,,,,.,,,,1.0,,,,,,29 Apr 2019,2019-04-29,,,,,,1.0,8.0,,,,,,,,,,,,,,,,,,,,N.U.,0.0,0.0,2018-05-22,uuid:5899215c-83da-4387-8f64-aced73d64df5,2018-05-22 14:14:37,2018-05-22 15:06:40,"May 22, 2018",2:14:00 PM,,,,125.0,125.0,1.0,1.0,31.0,BINDI,.,,,3,,0.0,2009.0,Kananga,Tshisambi,1.0,,4.0,,KAZUMBA,9,,.,.,40000.0,5000.0,1 3 4 5,1.0,4.0,5.0,OK,1.0,0.0,0.0,0.0,OK,3.0,3.0,OK,2.0,2.0,14:14:38,14:14:38,4.0,3.0,1.0,2.0,1.0,2.0,4.0,2.0,2.0,2.0,2.0,3.0,1,,2.0,,2.0,,2,,3,,1.0,,2,,1.0,,1.0,1.0,1.0,1.0,1.0,3.0,1.0,1.0,1.0,3.0,900.0,100.0,8.0,5.0,4.0,2.0,0,,0.0,0.0,2,,0.0,,,0.0,,,6,,1,.,1,.,Il fallait beaucoup expliquer afin qu il comprenne si non il ne comprenait pas.,1.0,uuid:5899215c-83da-4387-8f64-aced73d64df5,,,,,,,,,,1.0,,,,,,29 Apr 2019,2019-04-29,,,,,,1.0,103.0,,,,,,,,,,,,,,,,,,,,N.U.,0.0
5,1,546,1.0,4.0,19.0,0.0,23.0,2.0,9.5,0.0,11.5,71.0,1,,18.0,1,,2018-04-26,uuid:2120a121-51d0-4386-bd4a-6fd6abcd95be,2018-04-26 09:13:31,2018-04-26 09:52:34,"Apr 26, 2018",9:13:00 AM,,,,85.0,85.0,1.0,1.0,38.0,LUALUA,.,,,12,,0.0,1985.0,Katoka,Kapanda,1.0,,4.0,,KAZUMBA,4,,.,.,160000.0,38000.0,3,2.0,4.0,4.0,OK,1.0,1.0,0.0,1.0,OK,3.0,3.0,OK,2.0,2.0,09:13:32,09:13:32,5.0,5.0,1.0,3.0,2.0,1.0,1.0,2.0,2.0,2.0,2.0,2.0,3,,3.0,,3.0,,2,,3,,2.0,,3,,0.0,1.0,2.0,2.0,2.0,1.0,1.0,1.0,4.0,1.0,1.0,3.0,600.0,400.0,10.0,8.0,6.0,5.0,0,,2.0,3.0,2,,0.0,,,0.0,,,other,"Un pasteur qui n'est pas de mon eglise , on travaillé avec lui a la campagne  ",1,.,1,.,0,1.0,uuid:2120a121-51d0-4386-bd4a-6fd6abcd95be,,,,,,,,,,1.0,,,,,,29 Apr 2019,2019-04-29,,,,,,1.0,71.0,,,,,,,,,,,,,,,,,,,,N.U.,0.0,0.0,2018-04-06,uuid:c5ca5212-b840-4a26-8c33-88a33844849b,2018-04-06 18:14:32,2018-04-06 18:52:46,"Apr 6, 2018",6:14:00 PM,,,,35.0,35.0,1.0,1.0,46.0,LUNTU,,52.0,,12,,0.0,1996.0,Kananga,Plateau,1.0,,4.0,,DIMBELENGE,30,,,,150000.0,35000.0,3,2.0,3.0,6.0,OK,1.0,0.0,0.0,1.0,OK,1.0,2.0,OK,1.0,2.0,09:14:33,09:14:33,5.0,5.0,3.0,3.0,2.0,2.0,2.0,2.0,2.0,2.0,2.0,4.0,1,,1.0,,1.0,,1,,1,,1.0,,2,,1.0,,3.0,3.0,3.0,3.0,1.0,1.0,4.0,1.0,1.0,3.0,800.0,200.0,7.0,5.0,4.0,3.0,0,,0.0,4.0,2,,1.0,9,.,0.0,.,.,other,Aucun,1,.,1,.,0,1.0,uuid:c5ca5212-b840-4a26-8c33-88a33844849b,,,,,,.,,,,1.0,,,,,,29 Apr 2019,2019-04-29,,,,,,1.0,18.0,,,,,,,,,,,,,,,,,,,,N.U.,0.0
5,1,556,1.0,4.0,19.0,0.0,23.0,2.0,9.5,0.0,11.5,71.0,1,,18.0,1,,2018-04-26,uuid:2120a121-51d0-4386-bd4a-6fd6abcd95be,2018-04-26 09:13:31,2018-04-26 09:52:34,"Apr 26, 2018",9:13:00 AM,,,,85.0,85.0,1.0,1.0,38.0,LUALUA,.,,,12,,0.0,1985.0,Katoka,Kapanda,1.0,,4.0,,KAZUMBA,4,,.,.,160000.0,38000.0,3,2.0,4.0,4.0,OK,1.0,1.0,0.0,1.0,OK,3.0,3.0,OK,2.0,2.0,09:13:32,09:13:32,5.0,5.0,1.0,3.0,2.0,1.0,1.0,2.0,2.0,2.0,2.0,2.0,3,,3.0,,3.0,,2,,3,,2.0,,3,,0.0,1.0,2.0,2.0,2.0,1.0,1.0,1.0,4.0,1.0,1.0,3.0,600.0,400.0,10.0,8.0,6.0,5.0,0,,2.0,3.0,2,,0.0,,,0.0,,,other,"Un pasteur qui n'est pas de mon eglise , on travaillé avec lui a la campagne  ",1,.,1,.,0,1.0,uuid:2120a121-51d0-4386-bd4a-6fd6abcd95be,,,,,,,,,,1.0,,,,,,29 Apr 2019,2019-04-29,,,,,,1.0,71.0,,,,,,,,,,,,,,,,,,,,N.U.,0.0,0.0,2018-04-06,uuid:c5ca5212-b840-4a26-8c33-88a33844849b,2018-04-06 18:14:32,2018-04-06 18:52:46,"Apr 6, 2018",6:14:00 PM,,,,35.0,35.0,1.0,1.0,46.0,LUNTU,,52.0,,12,,0.0,1996.0,Kananga,Plateau,1.0,,4.0,,DIMBELENGE,30,,,,150000.0,35000.0,3,2.0,3.0,6.0,OK,1.0,0.0,0.0,1.0,OK,1.0,2.0,OK,1.0,2.0,09:14:33,09:14:33,5.0,5.0,3.0,3.0,2.0,2.0,2.0,2.0,2.0,2.0,2.0,4.0,1,,1.0,,1.0,,1,,1,,1.0,,2,,1.0,,3.0,3.0,3.0,3.0,1.0,1.0,4.0,1.0,1.0,3.0,800.0,200.0,7.0,5.0,4.0,3.0,0,,0.0,4.0,2,,1.0,9,.,0.0,.,.,other,Aucun,1,.,1,.,0,1.0,uuid:c5ca5212-b840-4a26-8c33-88a33844849b,,,,,,.,,,,1.0,,,,,,29 Apr 2019,2019-04-29,,,,,,1.0,18.0,,,,,,,,,,,,,,,,,,,,N.U.,0.0
5,1,569,1.0,5.0,16.0,0.0,21.0,2.5,8.0,0.0,10.5,8.0,1,,,1,,2018-04-06,uuid:aca9f25e-94bb-4487-9f79-b397ed39edb8,2018-04-06 11:11:02,,"Apr 6, 2018",11:11:00 AM,,,,13.0,13.0,1.0,1.0,32.0,LULUWA,,,Bakua mbuyi,2,,1.0,,Ndesha,Lubuwa,1.0,,4.0,,DEMBA,17,,,,96000.0,250000.0,3 4,5.0,4.0,3.0,OK,1.0,0.0,0.0,1.0,OK,1.0,2.0,OK,1.0,1.0,11:11:03,11:11:03,3.0,3.0,2.0,3.0,1.0,1.0,1.0,1.0,1.0,2.0,1.0,1.0,1,,3.0,,3.0,,1,,3,,3.0,,3,,0.0,1.0,1.0,3.0,2.0,2.0,2.0,1.0,3.0,2.0,2.0,2.0,900.0,100.0,7.0,5.0,4.0,3.0,0,,1.0,0.0,3,,0.0,.,.,0.0,.,.,9999,,1,.,1,.,0,1.0,uuid:aca9f25e-94bb-4487-9f79-b397ed39edb8,,,,,,.,,,,1.0,,,,,,29 Apr 2019,2019-04-29,,,,,,1.0,8.0,,,,,,,,,,,,,,,,,,,,N.U.,0.0,0.0,2018-05-22,uuid:5899215c-83da-4387-8f64-aced73d64df5,2018-05-22 14:14:37,2018-05-22 15:06:40,"May 22, 2018",2:14:00 PM,,,,125.0,125.0,1.0,1.0,31.0,BINDI,.,,,3,,0.0,2009.0,Kananga,Tshisambi,1.0,,4.0,,KAZUMBA,9,,.,.,40000.0,5000.0,1 3 4 5,1.0,4.0,5.0,OK,1.0,0.0,0.0,0.0,OK,3.0,3.0,OK,2.0,2.0,14:14:38,14:14:38,4.0,3.0,1.0,2.0,1.0,2.0,4.0,2.0,2.0,2.0,2.0,3.0,1,,2.0,,2.0,,2,,3,,1.0,,2,,1.0,,1.0,1.0,1.0,1.0,1.0,3.0,1.0,1.0,1.0,3.0,900.0,100.0,8.0,5.0,4.0,2.0,0,,0.0,0.0,2,,0.0,,,0.0,,,6,,1,.,1,.,Il fallait beaucoup expliquer afin qu il comprenne si non il ne comprenait pas.,1.0,uuid:5899215c-83da-4387-8f64-aced73d64df5,,,,,,,,,,1.0,,,,,,29 Apr 2019,2019-04-29,,,,,,1.0,103.0,,,,,,,,,,,,,,,,,,,,N.U.,0.0
5,1,578,1.0,3.0,20.0,0.0,23.0,1.5,10.0,0.0,11.5,96.0,1,,90.0,1,,2018-05-21,uuid:1e1a6c9a-d8c0-4d9b-a8ca-0042b29fe7ac,2018-05-21 15:56:17,2018-05-21 16:37:31,"May 21, 2018",3:56:00 PM,,,,117.0,117.0,1.0,1.0,37.0,BINDI,.,,,12,,0.0,1987.0,Kananga,Malandji,1.0,,4.0,,KAZUMBA,25,,.,.,90000.0,21000.0,1 4,1.0,3.0,4.0,OK,1.0,1.0,0.0,1.0,OK,2.0,2.0,OK,1.0,1.0,15:56:17,15:56:17,5.0,5.0,3.0,3.0,2.0,2.0,2.0,3.0,2.0,2.0,2.0,1.0,1,,3.0,,1.0,,1,,3,,1.0,,1,,0.0,4.0,1.0,2.0,2.0,1.0,1.0,2.0,4.0,1.0,1.0,1.0,300.0,700.0,7.0,5.0,3.0,2.0,0,,1.0,0.0,4,,0.0,,,1.0,3,,9999,,1,.,1,.,Il prenez beaucoup de temps pour répondre,2.0,uuid:1e1a6c9a-d8c0-4d9b-a8ca-0042b29fe7ac,,,,,,,,,,1.0,,,,,,29 Apr 2019,2019-04-29,,,,,,1.0,96.0,,,,,,,,,,,,,,,,,,,,N.U.,0.0,0.0,2018-05-21,uuid:acd7c7e6-9c34-4730-b887-ee35efc0720b,2018-05-21 13:22:42,2018-05-21 13:54:52,"May 21, 2018",1:24:00 PM,,,,111.0,111.0,1.0,1.0,23.0,LUALUA,.,,,1,,1.0,,Katoka,Mpokolo,1.0,,4.0,,DIBAYA,4,,.,.,250000.0,3000.0,0,3.0,2.0,2.0,OK,1.0,0.0,1.0,0.0,OK,2.0,2.0,OK,2.0,2.0,13:22:42,13:22:42,5.0,5.0,3.0,3.0,2.0,2.0,2.0,2.0,2.0,2.0,2.0,3.0,8,,2.0,,1.0,,1,,1,,8.0,,2,,0.0,1.0,3.0,2.0,1.0,1.0,1.0,2.0,4.0,3.0,2.0,2.0,600.0,400.0,5.0,2.0,1.0,0.0,0,,0.0,1.0,2,,1.0,3,,1.0,other,Beau frère,9999,,1,.,1,.,0,2.0,uuid:acd7c7e6-9c34-4730-b887-ee35efc0720b,,,,,,,,,,1.0,,,,,,29 Apr 2019,2019-04-29,,,,,,1.0,90.0,,,,,,,,,,,,,,,,,,,,N.U.,0.0
5,1,590,1.0,5.0,17.0,0.0,22.0,2.5,8.5,0.0,11.0,9.0,1,,99.0,1,,2018-04-06,uuid:ded3e597-b17f-46a1-8df5-253e81cb6f37,2018-04-06 11:58:06,,"Apr 6, 2018",11:58:00 AM,,,,18.0,18.0,1.0,1.0,30.0,LULUWA,,,Bena diulu,3,,1.0,,Lukonga,Dikongayi,,,4.0,,DEMBA,27,,,,100000.0,50000.0,4,7.0,4.0,5.0,OK,1.0,1.0,1.0,1.0,OK,1.0,2.0,OK,1.0,1.0,11:58:08,11:58:08,3.0,3.0,3.0,3.0,2.0,1.0,1.0,1.0,1.0,2.0,2.0,2.0,1,,1.0,,1.0,,1,,1,,1.0,,1,,0.0,1.0,3.0,2.0,3.0,3.0,2.0,3.0,1.0,1.0,1.0,2.0,800.0,200.0,10.0,8.0,7.0,5.0,0,,1.0,6.0,3,,1.0,3,.,0.0,.,.,2,,1,.,5,.,0,1.0,uuid:ded3e597-b17f-46a1-8df5-253e81cb6f37,,,,,,.,,,,1.0,,,,,,29 Apr 2019,2019-04-29,,,,,,1.0,9.0,,,,,,,,,,,,,,,,,,,,N.U.,0.0,0.0,2018-05-21,uuid:584cfc35-b8c5-4906-843e-e2c567070e2a,2018-05-21 16:38:20,2018-05-21 17:17:35,"May 21, 2018",4:38:00 PM,,,,120.0,120.0,1.0,1.0,34.0,BINDI,.,,,12,,0.0,2018.0,Katoka,Mpokolo,1.0,,4.0,,KAZUMBA,other,Travailler pour la ceni,.,.,320000.0,32000.0,0,3.0,4.0,5.0,OK,1.0,1.0,0.0,1.0,OK,3.0,3.0,OK,1.0,1.0,16:38:20,16:38:20,5.0,3.0,1.0,3.0,2.0,2.0,2.0,1.0,2.0,2.0,1.0,2.0,3,,1.0,,3.0,,1,,4,,1.0,,1,,0.0,4.0,1.0,2.0,2.0,1.0,1.0,2.0,4.0,1.0,1.0,3.0,500.0,500.0,8.0,6.0,5.0,4.0,0,,0.0,2.0,other,Grâce une demande faîte à l'onem  (office de demandeurs d'emplois ),0.0,,,0.0,,,9999,,1,.,1,.,0,1.0,uuid:584cfc35-b8c5-4906-843e-e2c567070e2a,,,,,,,,,,1.0,,,,,,29 Apr 2019,2019-04-29,,,,,,1.0,99.0,,,,,,,,,,,,,,,,,,,,N.U.,0.0
5,1,592,1.0,5.0,18.0,0.0,23.0,2.5,9.0,0.0,11.5,20.0,1,,,1,,2018-04-06,uuid:7f5744b5-6d02-46a1-9264-de719773f4a9,2018-04-06 19:35:41,2018-04-06 20:17:36,"Apr 6, 2018",7:35:00 PM,,,,15.0,15.0,1.0,1.0,22.0,KUBA,,7.0,,1,,1.0,,Katoka,Mpokolo,1.0,,4.0,,MWEKA,0,,other,Electronicien,150000.0,7500.0,3,8.0,4.0,4.0,OK,1.0,1.0,0.0,1.0,OK,2.0,3.0,OK,2.0,2.0,10:35:42,10:35:42,5.0,3.0,3.0,3.0,1.0,2.0,2.0,4.0,2.0,2.0,2.0,2.0,1,,3.0,,2.0,,2,,2,,2.0,,2,,1.0,,2.0,2.0,2.0,1.0,2.0,3.0,4.0,1.0,1.0,2.0,800.0,200.0,8.0,7.0,5.0,4.0,0,,0.0,6.0,4,,1.0,4,.,0.0,.,.,7,,1,.,1,.,0,2.0,uuid:7f5744b5-6d02-46a1-9264-de719773f4a9,,,,,,.,,,,1.0,,,,,,29 Apr 2019,2019-04-29,,,,,,1.0,20.0,,,,,,,,,,,,,,,,,,,,N.U.,0.0,0.0,2018-04-08,uuid:db5f1993-b5c1-4a20-8a63-1322ef5cc1c6,2018-04-08 09:50:41,2018-04-08 10:38:25,"Apr 8, 2018",8:09:00 AM,,,,1.0,1.0,1.0,1.0,38.0,KETE,,,,12,,0.0,2012.0,Katoka,Pokolo,1.0,,4.0,,TSHIKAPA,other,Il travaillait à la dgrkoc,,,90000.0,21000.0,3,2.0,4.0,3.0,OK,1.0,1.0,0.0,1.0,OK,2.0,2.0,OK,1.0,2.0,09:50:42,09:50:42,5.0,2.0,3.0,3.0,1.0,2.0,3.0,2.0,2.0,1.0,1.0,2.0,1,,2.0,,1.0,,2,,1,,1.0,,1,,1.0,,1.0,1.0,1.0,1.0,1.0,2.0,2.0,1.0,1.0,1.0,750.0,250.0,10.0,9.0,8.0,7.0,3,,1.0,3.0,4,,0.0,.,.,0.0,.,.,9999,,1,.,1,.,0,1.0,uuid:db5f1993-b5c1-4a20-8a63-1322ef5cc1c6,,,,,,.,,,,1.0,,,,,,29 Apr 2019,2019-04-29,,,,,,1.0,25.0,,,,,,,,,,,,,,,,,,,,C.B. a.i.,0.0
5,1,594,1.0,4.0,19.0,0.0,23.0,2.0,9.5,0.0,11.5,44.0,1,,22.0,1,,2018-04-09,uuid:b39f302d-1342-4bac-adef-e38adf37aa39,2018-04-09 19:28:58,2018-04-09 19:59:15,"Apr 9, 2018",7:29:00 PM,,,,22.0,22.0,1.0,1.0,24.0,LULUWA,,44.0,,12,,1.0,,Kananga,Plateau,0.0,,4.0,,DIBAYA,27,,,,560000.0,120000.0,1 3 4 5 6,6.0,4.0,5.0,OK,1.0,1.0,1.0,1.0,OK,2.0,2.0,OK,1.0,1.0,10:29:00,10:29:00,5.0,5.0,2.0,3.0,1.0,2.0,4.0,2.0,2.0,2.0,2.0,2.0,2,,2.0,,2.0,,2,,3,,2.0,,2,,0.0,4.0,2.0,2.0,2.0,2.0,2.0,1.0,4.0,1.0,1.0,2.0,500.0,500.0,7.0,5.0,4.0,2.0,0,,0.0,4.0,1,,0.0,.,.,1.0,8,.,2,,1,.,.,.,0,1.0,uuid:b39f302d-1342-4bac-adef-e38adf37aa39,,,,,,.,,,,2.0,,,,,,29 Apr 2019,2019-04-29,,,,,,1.0,44.0,,,,,,,,,,,,,,,,,,,,N.U.,0.0,0.0,2018-04-06,uuid:df9cdea1-b392-40b8-9d3b-f3bde0ead25a,2018-04-06 20:59:45,2018-04-06 21:35:48,"Apr 6, 2018",8:59:00 PM,,,,19.0,19.0,2.0,1.0,30.0,LUALUA,,,,8,,0.0,2008.0,Katoka,Mpokolo,1.0,,4.0,,LUIZA,17,,,,480000.0,40000.0,3,3.0,3.0,6.0,OK,1.0,1.0,1.0,1.0,OK,1.0,2.0,OK,2.0,3.0,11:59:47,11:59:47,3.0,3.0,3.0,3.0,2.0,1.0,1.0,1.0,1.0,2.0,3.0,4.0,2,,2.0,,2.0,,2,,2,,2.0,,2,,1.0,,2.0,2.0,2.0,2.0,1.0,1.0,7.0,2.0,1.0,3.0,100.0,900.0,7.0,5.0,3.0,2.0,0,,2.0,3.0,4,,0.0,.,.,1.0,8,.,4,,1,.,1,.,0,1.0,uuid:df9cdea1-b392-40b8-9d3b-f3bde0ead25a,,,,,,.,,,,1.0,,,,,,29 Apr 2019,2019-04-29,,,,,,1.0,22.0,,,,,,,,,,,,,,,,,,,,N.U.,0.0
5,1,604,1.0,3.0,17.0,0.0,20.0,1.5,8.5,0.0,10.0,101.0,1,,82.0,1,,2018-05-22,uuid:1082dae7-cf9f-46a0-a576-fd49b38ecd0a,2018-05-22 11:27:51,2018-05-22 12:01:36,"May 22, 2018",11:27:00 AM,,,,123.0,123.0,1.0,1.0,22.0,LUALUA,.,,,12,,1.0,,Kananga,Malandji,1.0,,4.0,,DIMBELENGE,4,,.,.,20000.0,5000.0,3,0.0,2.0,3.0,OK,1.0,1.0,0.0,0.0,OK,3.0,3.0,OK,3.0,3.0,11:27:51,11:27:51,3.0,3.0,3.0,3.0,2.0,2.0,3.0,3.0,3.0,3.0,2.0,1.0,8,,8.0,,8.0,,2,,8,,8.0,,2,,0.0,1.0,1.0,1.0,1.0,1.0,1.0,2.0,4.0,1.0,1.0,2.0,1000.0,0.0,6.0,5.0,4.0,3.0,0,,0.0,0.0,4,,0.0,,,0.0,,,9999,,1,.,,.,Il n'a jamais était à la dgrkoc on a juste pris son nom,2.0,uuid:1082dae7-cf9f-46a0-a576-fd49b38ecd0a,,,,,,,,,,1.0,,,,,,29 Apr 2019,2019-04-29,,,,,,1.0,101.0,,,,,,,,,,,,,,,,,,,,N.U.,0.0,0.0,2018-04-30,uuid:45b7e49c-0d35-4963-a969-6c0aec4af364,2018-04-30 09:11:14,2018-04-30 10:09:56,"Apr 30, 2018",9:31:00 AM,,,,108.0,108.0,1.0,1.0,25.0,LUALUA,.,,,12,,0.0,2002.0,Katoka,Kapanda,1.0,,4.0,,KAMONIA,27,,.,.,50000.0,10000.0,3,2.0,4.0,5.0,OK,1.0,1.0,0.0,0.0,OK,2.0,2.0,OK,1.0,1.0,09:11:15,09:11:15,5.0,3.0,3.0,2.0,2.0,1.0,2.0,2.0,3.0,3.0,1.0,2.0,8,,1.0,,8.0,,2,,1,,8.0,,2,,0.0,4.0,2.0,3.0,3.0,1.0,1.0,2.0,4.0,1.0,1.0,1.0,500.0,500.0,5.0,2.0,1.0,0.0,other,Il était là comme stagiaire,0.0,3.0,other,L'université l'avait recommandé d'aller faire son stage à la dgrkoc,0.0,,,0.0,,,9999,,1,.,1,.,0,1.0,uuid:45b7e49c-0d35-4963-a969-6c0aec4af364,,,,,,,,,,1.0,,,,,,29 Apr 2019,2019-04-29,,,,,,1.0,82.0,,,,,,,,,,,,,,,,,,,,N.U.,0.0
5,1,625,1.0,5.0,18.0,0.0,23.0,2.5,9.0,0.0,11.5,20.0,1,,,1,,2018-04-06,uuid:7f5744b5-6d02-46a1-9264-de719773f4a9,2018-04-06 19:35:41,2018-04-06 20:17:36,"Apr 6, 2018",7:35:00 PM,,,,15.0,15.0,1.0,1.0,22.0,KUBA,,7.0,,1,,1.0,,Katoka,Mpokolo,1.0,,4.0,,MWEKA,0,,other,Electronicien,150000.0,7500.0,3,8.0,4.0,4.0,OK,1.0,1.0,0.0,1.0,OK,2.0,3.0,OK,2.0,2.0,10:35:42,10:35:42,5.0,3.0,3.0,3.0,1.0,2.0,2.0,4.0,2.0,2.0,2.0,2.0,1,,3.0,,2.0,,2,,2,,2.0,,2,,1.0,,2.0,2.0,2.0,1.0,2.0,3.0,4.0,1.0,1.0,2.0,800.0,200.0,8.0,7.0,5.0,4.0,0,,0.0,6.0,4,,1.0,4,.,0.0,.,.,7,,1,.,1,.,0,2.0,uuid:7f5744b5-6d02-46a1-9264-de719773f4a9,,,,,,.,,,,1.0,,,,,,29 Apr 2019,2019-04-29,,,,,,1.0,20.0,,,,,,,,,,,,,,,,,,,,N.U.,0.0,0.0,2018-04-08,uuid:db5f1993-b5c1-4a20-8a63-1322ef5cc1c6,2018-04-08 09:50:41,2018-04-08 10:38:25,"Apr 8, 2018",8:09:00 AM,,,,1.0,1.0,1.0,1.0,38.0,KETE,,,,12,,0.0,2012.0,Katoka,Pokolo,1.0,,4.0,,TSHIKAPA,other,Il travaillait à la dgrkoc,,,90000.0,21000.0,3,2.0,4.0,3.0,OK,1.0,1.0,0.0,1.0,OK,2.0,2.0,OK,1.0,2.0,09:50:42,09:50:42,5.0,2.0,3.0,3.0,1.0,2.0,3.0,2.0,2.0,1.0,1.0,2.0,1,,2.0,,1.0,,2,,1,,1.0,,1,,1.0,,1.0,1.0,1.0,1.0,1.0,2.0,2.0,1.0,1.0,1.0,750.0,250.0,10.0,9.0,8.0,7.0,3,,1.0,3.0,4,,0.0,.,.,0.0,.,.,9999,,1,.,1,.,0,1.0,uuid:db5f1993-b5c1-4a20-8a63-1322ef5cc1c6,,,,,,.,,,,1.0,,,,,,29 Apr 2019,2019-04-29,,,,,,1.0,25.0,,,,,,,,,,,,,,,,,,,,C.B. a.i.,0.0
5,1,628,1.0,6.0,15.0,0.0,21.0,3.0,7.5,0.0,10.5,37.0,1,,30.0,1,,2018-04-09,uuid:a65038b1-c402-4bcb-8786-436f431c5ee7,2018-04-09 10:52:39,2018-04-09 11:21:29,"Apr 9, 2018",10:53:00 AM,,,,75.0,75.0,1.0,1.0,21.0,LULUWA,,,Tshialu mukombo,3,,0.0,2010.0,Katoka,Mpokolo,1.0,,4.0,,KAZUMBA,0,,other,Prise en charge familiale,0.0,0.0,0,8.0,3.0,6.0,OK,1.0,0.0,1.0,0.0,OK,2.0,3.0,OK,1.0,1.0,10:52:40,10:52:40,3.0,3.0,4.0,3.0,2.0,1.0,4.0,1.0,2.0,4.0,1.0,4.0,3,,2.0,,1.0,,2,,3,,1.0,,1,,0.0,4.0,1.0,3.0,3.0,3.0,3.0,1.0,4.0,1.0,1.0,2.0,0.0,0.0,8.0,5.0,5.0,3.0,0,,0.0,1.0,4,,0.0,.,.,0.0,.,.,4,,1,.,5,.,0,1.0,uuid:a65038b1-c402-4bcb-8786-436f431c5ee7,,,,,,.,,,,1.0,,,,,,29 Apr 2019,2019-04-29,,,,,,1.0,37.0,,,,,,,,,,,,,,,,1.0,,,1.0,N.U.,0.0,0.0,2018-04-08,uuid:45c5446d-07aa-4789-abf8-48dda47b20a4,2018-04-08 13:42:13,,"Apr 8, 2018",1:42:00 PM,,,,21.0,21.0,1.0,1.0,34.0,LUALUA,,,,2,,1.0,,Kanaga,Plateau,1.0,,4.0,,DIBAYA,other,Je travaillais à la Dgrkoc,,,174000.0,50000.0,3 6,4.0,4.0,1.0,OK,1.0,1.0,0.0,1.0,OK,2.0,2.0,OK,2.0,2.0,14:00:42,14:00:42,5.0,3.0,1.0,1.0,2.0,1.0,2.0,2.0,2.0,2.0,1.0,2.0,1,,2.0,,1.0,,2,,8,,1.0,,1,,0.0,4.0,1.0,2.0,2.0,2.0,1.0,1.0,4.0,1.0,1.0,1.0,1000.0,0.0,5.0,4.0,3.0,0.0,0,,1.0,3.0,4,,0.0,.,.,0.0,.,.,9999,,1,.,1,.,Il es tellement sur de ses reponses,1.0,uuid:45c5446d-07aa-4789-abf8-48dda47b20a4,,,,,,.,,,,2.0,,,,,,29 Apr 2019,2019-04-29,,,,,,1.0,30.0,,,,,,,,,,,,,,,,,,,,N.U.,0.0
5,1,641,1.0,5.0,17.0,0.0,22.0,2.5,8.5,0.0,11.0,55.0,1,,45.0,1,,2018-04-11,uuid:e4d1925a-67fc-4ce6-a834-24f3e73f41ee,2018-04-11 16:55:43,2018-04-11 17:27:22,"Apr 11, 2018",4:55:00 PM,,,,51.0,51.0,1.0,1.0,29.0,LUALUA,,,,3,,1.0,,Katoka,Mpokolo,1.0,,4.0,,DEMBA,30,,,,100000.0,40000.0,0,0.0,4.0,5.0,OK,1.0,1.0,0.0,0.0,OK,1.0,1.0,OK,1.0,1.0,16:55:45,16:55:45,3.0,3.0,2.0,2.0,2.0,2.0,3.0,1.0,3.0,2.0,1.0,4.0,8,,3.0,,7.0,,2,,1,,2.0,,2,,1.0,,1.0,1.0,3.0,2.0,2.0,2.0,4.0,1.0,1.0,2.0,500.0,500.0,10.0,8.0,5.0,3.0,0,,3.0,3.0,3,,0.0,.,.,0.0,.,.,4,,1,.,1,.,0,1.0,uuid:e4d1925a-67fc-4ce6-a834-24f3e73f41ee,,,,,,.,,,,1.0,,,,,,29 Apr 2019,2019-04-29,,,,,,1.0,55.0,,,,,,,,,,,,,,,,,,,,N.U.,0.0,0.0,2018-04-10,uuid:71419d38-5b75-458a-bde4-5cb7c5694a6f,2018-04-10 10:32:02,2018-04-10 11:14:13,"Apr 10, 2018",10:32:00 AM,,,,74.0,74.0,1.0,1.0,30.0,LUALUA,,,,3,,1.0,,Kananga,Malandji,1.0,,4.0,,DEMBA,24,,,,250000.0,45000.0,3 4 6,0.0,3.0,3.0,OK,1.0,1.0,1.0,1.0,OK,2.0,2.0,OK,2.0,2.0,10:32:04,10:32:04,5.0,5.0,3.0,3.0,2.0,2.0,2.0,4.0,2.0,2.0,2.0,2.0,2,,2.0,,2.0,,2,,2,,2.0,,2,,0.0,4.0,1.0,1.0,1.0,1.0,1.0,1.0,3.0,1.0,1.0,3.0,600.0,400.0,10.0,5.0,2.0,1.0,0,,0.0,3.0,4,,0.0,.,.,0.0,.,.,9999,,1,.,1,.,0,2.0,uuid:71419d38-5b75-458a-bde4-5cb7c5694a6f,,,,,,.,,,,1.0,,,,,,29 Apr 2019,2019-04-29,,,,,,1.0,45.0,,,,,,,,,,,,,,,,,,,,N.U.,0.0
5,1,650,1.0,8.0,15.0,0.0,23.0,4.0,7.5,0.0,11.5,56.0,1,,77.0,1,,2018-04-12,uuid:fff3a015-3067-40ab-b13b-c7798491c5d3,2018-04-12 09:12:15,2018-04-12 09:52:35,"Apr 12, 2018",9:12:00 AM,,,,66.0,66.0,1.0,1.0,26.0,LUALUA,,,,3,,1.0,,Kananga,Malandji,1.0,,4.0,,DIBAYA,0,,0,,10000.0,1000.0,3 4 5,1.0,4.0,4.0,OK,1.0,1.0,0.0,0.0,OK,1.0,1.0,OK,3.0,3.0,09:12:17,09:12:17,3.0,3.0,3.0,3.0,1.0,2.0,2.0,1.0,2.0,2.0,1.0,1.0,2,,2.0,,8.0,,2,,2,,8.0,,2,,1.0,,1.0,1.0,1.0,1.0,1.0,4.0,1.0,1.0,1.0,2.0,700.0,300.0,10.0,7.0,6.0,4.0,0,,0.0,1.0,4,,0.0,.,.,0.0,.,.,9999,,1,.,1,.,0,1.0,uuid:fff3a015-3067-40ab-b13b-c7798491c5d3,,,,,,.,,,,1.0,,,,,,29 Apr 2019,2019-04-29,,,,,,1.0,56.0,,,,,,,,,,,,,,,,,,,,N.U.,0.0,0.0,2018-04-27,uuid:576d33a5-e205-411e-ae9b-7ad03c97f91b,2018-04-27 11:17:43,2018-04-27 12:04:53,"Apr 27, 2018",11:17:00 AM,,,,89.0,89.0,1.0,1.0,27.0,LUALUA,.,,,2,,0.0,2000.0,Kananga,Tshisambi,1.0,,4.0,,LUIZA,22,,.,.,640000.0,200000.0,3 4,2.0,4.0,5.0,OK,1.0,1.0,0.0,0.0,OK,3.0,3.0,OK,3.0,3.0,11:17:43,11:17:43,3.0,3.0,2.0,3.0,2.0,1.0,2.0,1.0,1.0,1.0,1.0,1.0,1,,1.0,,1.0,,1,,3,,1.0,,1,,0.0,1.0,2.0,4.0,2.0,2.0,3.0,1.0,4.0,1.0,1.0,3.0,600.0,400.0,7.0,6.0,4.0,3.0,0,,1.0,2.0,3,,0.0,,,0.0,,,6,,1,.,1,.,0,1.0,uuid:576d33a5-e205-411e-ae9b-7ad03c97f91b,,,,,,,,,,1.0,,,,,,29 Apr 2019,2019-04-29,,,,,,1.0,78.0,,,,,,,,,,,,,,,,,,,,N.U.,0.0
5,1,660,1.0,4.0,19.0,0.0,23.0,2.0,9.5,0.0,11.5,35.0,1,,,1,,2018-04-08,uuid:c58c67f9-c3cb-4834-864e-c775796090a4,2018-04-08 18:11:10,2018-04-08 18:55:29,"Apr 8, 2018",6:11:00 PM,,,,61.0,61.0,1.0,1.0,26.0,LUALUA,,,,1,,1.0,,Katoka,Mpokolo,1.0,,4.0,,DEMBA,15,,,,200000.0,50000.0,3 4,3.0,3.0,6.0,OK,1.0,1.0,1.0,0.0,OK,2.0,2.0,OK,1.0,1.0,18:11:11,18:11:11,3.0,3.0,3.0,3.0,1.0,2.0,2.0,4.0,1.0,2.0,2.0,2.0,1,,1.0,,1.0,,1,,1,,1.0,,1,,0.0,4.0,1.0,1.0,1.0,1.0,2.0,1.0,4.0,2.0,2.0,1.0,900.0,100.0,10.0,9.0,8.0,7.0,0,,0.0,2.0,4,,0.0,.,.,1.0,3,.,4,,1,.,1,.,0,2.0,uuid:c58c67f9-c3cb-4834-864e-c775796090a4,,,,,,.,,,,1.0,,,,,,29 Apr 2019,2019-04-29,,,,,,1.0,35.0,,,,,,,,,,,,,,,,,,,,N.U.,0.0,0.0,2018-04-26,uuid:5ea99866-881e-4d9c-bbb1-8abc8f30a138,2018-04-26 11:31:21,2018-04-26 11:57:46,"Apr 26, 2018",11:31:00 AM,,,,88.0,88.0,1.0,1.0,28.0,LULUWA,.,,Bena biduaya,1,,0.0,2005.0,Katoka,Mpokolo,1.0,,4.0,,KAZUMBA,17,,.,.,81000.0,50000.0,3 4 6,6.0,4.0,5.0,OK,1.0,1.0,0.0,1.0,OK,1.0,1.0,OK,1.0,1.0,11:31:22,11:31:22,3.0,3.0,4.0,3.0,2.0,1.0,2.0,2.0,1.0,1.0,2.0,1.0,2,,2.0,,2.0,,2,,2,,2.0,,2,,0.0,4.0,1.0,3.0,3.0,1.0,2.0,1.0,1.0,1.0,1.0,1.0,500.0,500.0,6.0,5.0,3.0,2.0,0,,0.0,6.0,1,,0.0,,,0.0,,,6,,1,.,1,.,0,1.0,uuid:5ea99866-881e-4d9c-bbb1-8abc8f30a138,,,,,,,,,,1.0,,,,,,29 Apr 2019,2019-04-29,,,,,,1.0,74.0,,,,,,,,,,,,,,,,,,,,N.U.,0.0
5,1,662,1.0,3.0,20.0,0.0,23.0,1.5,10.0,0.0,11.5,96.0,1,,90.0,1,,2018-05-21,uuid:1e1a6c9a-d8c0-4d9b-a8ca-0042b29fe7ac,2018-05-21 15:56:17,2018-05-21 16:37:31,"May 21, 2018",3:56:00 PM,,,,117.0,117.0,1.0,1.0,37.0,BINDI,.,,,12,,0.0,1987.0,Kananga,Malandji,1.0,,4.0,,KAZUMBA,25,,.,.,90000.0,21000.0,1 4,1.0,3.0,4.0,OK,1.0,1.0,0.0,1.0,OK,2.0,2.0,OK,1.0,1.0,15:56:17,15:56:17,5.0,5.0,3.0,3.0,2.0,2.0,2.0,3.0,2.0,2.0,2.0,1.0,1,,3.0,,1.0,,1,,3,,1.0,,1,,0.0,4.0,1.0,2.0,2.0,1.0,1.0,2.0,4.0,1.0,1.0,1.0,300.0,700.0,7.0,5.0,3.0,2.0,0,,1.0,0.0,4,,0.0,,,1.0,3,,9999,,1,.,1,.,Il prenez beaucoup de temps pour répondre,2.0,uuid:1e1a6c9a-d8c0-4d9b-a8ca-0042b29fe7ac,,,,,,,,,,1.0,,,,,,29 Apr 2019,2019-04-29,,,,,,1.0,96.0,,,,,,,,,,,,,,,,,,,,N.U.,0.0,0.0,2018-05-21,uuid:acd7c7e6-9c34-4730-b887-ee35efc0720b,2018-05-21 13:22:42,2018-05-21 13:54:52,"May 21, 2018",1:24:00 PM,,,,111.0,111.0,1.0,1.0,23.0,LUALUA,.,,,1,,1.0,,Katoka,Mpokolo,1.0,,4.0,,DIBAYA,4,,.,.,250000.0,3000.0,0,3.0,2.0,2.0,OK,1.0,0.0,1.0,0.0,OK,2.0,2.0,OK,2.0,2.0,13:22:42,13:22:42,5.0,5.0,3.0,3.0,2.0,2.0,2.0,2.0,2.0,2.0,2.0,3.0,8,,2.0,,1.0,,1,,1,,8.0,,2,,0.0,1.0,3.0,2.0,1.0,1.0,1.0,2.0,4.0,3.0,2.0,2.0,600.0,400.0,5.0,2.0,1.0,0.0,0,,0.0,1.0,2,,1.0,3,,1.0,other,Beau frère,9999,,1,.,1,.,0,2.0,uuid:acd7c7e6-9c34-4730-b887-ee35efc0720b,,,,,,,,,,1.0,,,,,,29 Apr 2019,2019-04-29,,,,,,1.0,90.0,,,,,,,,,,,,,,,,,,,,N.U.,0.0
5,1,672,1.0,4.0,19.0,0.0,23.0,2.0,9.5,0.0,11.5,44.0,1,,22.0,1,,2018-04-09,uuid:b39f302d-1342-4bac-adef-e38adf37aa39,2018-04-09 19:28:58,2018-04-09 19:59:15,"Apr 9, 2018",7:29:00 PM,,,,22.0,22.0,1.0,1.0,24.0,LULUWA,,44.0,,12,,1.0,,Kananga,Plateau,0.0,,4.0,,DIBAYA,27,,,,560000.0,120000.0,1 3 4 5 6,6.0,4.0,5.0,OK,1.0,1.0,1.0,1.0,OK,2.0,2.0,OK,1.0,1.0,10:29:00,10:29:00,5.0,5.0,2.0,3.0,1.0,2.0,4.0,2.0,2.0,2.0,2.0,2.0,2,,2.0,,2.0,,2,,3,,2.0,,2,,0.0,4.0,2.0,2.0,2.0,2.0,2.0,1.0,4.0,1.0,1.0,2.0,500.0,500.0,7.0,5.0,4.0,2.0,0,,0.0,4.0,1,,0.0,.,.,1.0,8,.,2,,1,.,.,.,0,1.0,uuid:b39f302d-1342-4bac-adef-e38adf37aa39,,,,,,.,,,,2.0,,,,,,29 Apr 2019,2019-04-29,,,,,,1.0,44.0,,,,,,,,,,,,,,,,,,,,N.U.,0.0,0.0,2018-04-06,uuid:df9cdea1-b392-40b8-9d3b-f3bde0ead25a,2018-04-06 20:59:45,2018-04-06 21:35:48,"Apr 6, 2018",8:59:00 PM,,,,19.0,19.0,2.0,1.0,30.0,LUALUA,,,,8,,0.0,2008.0,Katoka,Mpokolo,1.0,,4.0,,LUIZA,17,,,,480000.0,40000.0,3,3.0,3.0,6.0,OK,1.0,1.0,1.0,1.0,OK,1.0,2.0,OK,2.0,3.0,11:59:47,11:59:47,3.0,3.0,3.0,3.0,2.0,1.0,1.0,1.0,1.0,2.0,3.0,4.0,2,,2.0,,2.0,,2,,2,,2.0,,2,,1.0,,2.0,2.0,2.0,2.0,1.0,1.0,7.0,2.0,1.0,3.0,100.0,900.0,7.0,5.0,3.0,2.0,0,,2.0,3.0,4,,0.0,.,.,1.0,8,.,4,,1,.,1,.,0,1.0,uuid:df9cdea1-b392-40b8-9d3b-f3bde0ead25a,,,,,,.,,,,1.0,,,,,,29 Apr 2019,2019-04-29,,,,,,1.0,22.0,,,,,,,,,,,,,,,,,,,,N.U.,0.0
5,1,679,1.0,3.0,17.0,0.0,20.0,1.5,8.5,0.0,10.0,101.0,1,,82.0,1,,2018-05-22,uuid:1082dae7-cf9f-46a0-a576-fd49b38ecd0a,2018-05-22 11:27:51,2018-05-22 12:01:36,"May 22, 2018",11:27:00 AM,,,,123.0,123.0,1.0,1.0,22.0,LUALUA,.,,,12,,1.0,,Kananga,Malandji,1.0,,4.0,,DIMBELENGE,4,,.,.,20000.0,5000.0,3,0.0,2.0,3.0,OK,1.0,1.0,0.0,0.0,OK,3.0,3.0,OK,3.0,3.0,11:27:51,11:27:51,3.0,3.0,3.0,3.0,2.0,2.0,3.0,3.0,3.0,3.0,2.0,1.0,8,,8.0,,8.0,,2,,8,,8.0,,2,,0.0,1.0,1.0,1.0,1.0,1.0,1.0,2.0,4.0,1.0,1.0,2.0,1000.0,0.0,6.0,5.0,4.0,3.0,0,,0.0,0.0,4,,0.0,,,0.0,,,9999,,1,.,,.,Il n'a jamais était à la dgrkoc on a juste pris son nom,2.0,uuid:1082dae7-cf9f-46a0-a576-fd49b38ecd0a,,,,,,,,,,1.0,,,,,,29 Apr 2019,2019-04-29,,,,,,1.0,101.0,,,,,,,,,,,,,,,,,,,,N.U.,0.0,0.0,2018-04-30,uuid:45b7e49c-0d35-4963-a969-6c0aec4af364,2018-04-30 09:11:14,2018-04-30 10:09:56,"Apr 30, 2018",9:31:00 AM,,,,108.0,108.0,1.0,1.0,25.0,LUALUA,.,,,12,,0.0,2002.0,Katoka,Kapanda,1.0,,4.0,,KAMONIA,27,,.,.,50000.0,10000.0,3,2.0,4.0,5.0,OK,1.0,1.0,0.0,0.0,OK,2.0,2.0,OK,1.0,1.0,09:11:15,09:11:15,5.0,3.0,3.0,2.0,2.0,1.0,2.0,2.0,3.0,3.0,1.0,2.0,8,,1.0,,8.0,,2,,1,,8.0,,2,,0.0,4.0,2.0,3.0,3.0,1.0,1.0,2.0,4.0,1.0,1.0,1.0,500.0,500.0,5.0,2.0,1.0,0.0,other,Il était là comme stagiaire,0.0,3.0,other,L'université l'avait recommandé d'aller faire son stage à la dgrkoc,0.0,,,0.0,,,9999,,1,.,1,.,0,1.0,uuid:45b7e49c-0d35-4963-a969-6c0aec4af364,,,,,,,,,,1.0,,,,,,29 Apr 2019,2019-04-29,,,,,,1.0,82.0,,,,,,,,,,,,,,,,,,,,N.U.,0.0
5,1,685,1.0,4.0,19.0,0.0,23.0,2.0,9.5,0.0,11.5,13.0,1,,,1,,2018-04-06,uuid:34057916-aa69-453d-9561-e96e7822c8ac,2018-04-06 16:02:16,2018-04-06 16:33:56,"Apr 6, 2018",4:02:00 PM,,,,30.0,30.0,1.0,1.0,26.0,LUBA,,,Bena muya,12,,1.0,,Kananga,Tshinsambi,1.0,,5.0,,KABEYA-KAMWANGA,17,,,,50000.0,27000.0,3 4,4.0,4.0,3.0,OK,1.0,1.0,1.0,1.0,OK,2.0,2.0,OK,1.0,1.0,16:02:17,16:02:17,3.0,4.0,3.0,3.0,1.0,4.0,3.0,2.0,2.0,2.0,2.0,3.0,1,,2.0,,2.0,,2,,2,,1.0,,2,,1.0,,2.0,3.0,3.0,2.0,2.0,1.0,4.0,1.0,2.0,3.0,600.0,400.0,8.0,5.0,3.0,1.0,0,,2.0,3.0,4,,0.0,.,.,0.0,.,.,9999,,1,.,1,.,0,1.0,uuid:34057916-aa69-453d-9561-e96e7822c8ac,,,,,,.,,,,1.0,,,,,,29 Apr 2019,2019-04-29,,,,,,1.0,13.0,,,,,,,,,,,,,,,,,,,,N.U.,0.0,0.0,2018-04-13,uuid:8f434b3d-641d-4bbb-87de-7fd7917953c4,2018-04-13 12:38:20,2018-04-13 13:16:39,"Apr 13, 2018",12:38:00 PM,,,,80.0,80.0,1.0,1.0,46.0,LUALUA,,,,3,,0.0,2008.0,Kananga,Kamayi,1.0,,4.0,,DEMBA,18,,,,492000.0,8000.0,3,3.0,4.0,3.0,OK,1.0,1.0,0.0,1.0,OK,1.0,1.0,OK,1.0,1.0,12:38:21,12:38:21,5.0,5.0,1.0,3.0,1.0,1.0,2.0,2.0,2.0,2.0,2.0,2.0,1,,1.0,,1.0,,1,,1,,1.0,,1,,0.0,4.0,1.0,1.0,2.0,1.0,1.0,3.0,4.0,2.0,2.0,3.0,100.0,900.0,10.0,2.0,1.0,0.0,other,Je ne travaille pas à la dgrkoc j'attends la réponse  de ma demande,0.0,0.0,other,Je ne travaille pas encore la bas,0.0,.,.,0.0,.,.,2,,1,.,1,.,0,1.0,uuid:8f434b3d-641d-4bbb-87de-7fd7917953c4,,,,,,.,,,,1.0,,,,,,29 Apr 2019,2019-04-29,,,,,,1.0,66.0,,,,,,,,,,,,,,,,,,,,N.U.,0.0
5,1,702,1.0,5.0,17.0,0.0,22.0,2.5,8.5,0.0,11.0,9.0,1,,99.0,1,,2018-04-06,uuid:ded3e597-b17f-46a1-8df5-253e81cb6f37,2018-04-06 11:58:06,,"Apr 6, 2018",11:58:00 AM,,,,18.0,18.0,1.0,1.0,30.0,LULUWA,,,Bena diulu,3,,1.0,,Lukonga,Dikongayi,,,4.0,,DEMBA,27,,,,100000.0,50000.0,4,7.0,4.0,5.0,OK,1.0,1.0,1.0,1.0,OK,1.0,2.0,OK,1.0,1.0,11:58:08,11:58:08,3.0,3.0,3.0,3.0,2.0,1.0,1.0,1.0,1.0,2.0,2.0,2.0,1,,1.0,,1.0,,1,,1,,1.0,,1,,0.0,1.0,3.0,2.0,3.0,3.0,2.0,3.0,1.0,1.0,1.0,2.0,800.0,200.0,10.0,8.0,7.0,5.0,0,,1.0,6.0,3,,1.0,3,.,0.0,.,.,2,,1,.,5,.,0,1.0,uuid:ded3e597-b17f-46a1-8df5-253e81cb6f37,,,,,,.,,,,1.0,,,,,,29 Apr 2019,2019-04-29,,,,,,1.0,9.0,,,,,,,,,,,,,,,,,,,,N.U.,0.0,0.0,2018-05-21,uuid:584cfc35-b8c5-4906-843e-e2c567070e2a,2018-05-21 16:38:20,2018-05-21 17:17:35,"May 21, 2018",4:38:00 PM,,,,120.0,120.0,1.0,1.0,34.0,BINDI,.,,,12,,0.0,2018.0,Katoka,Mpokolo,1.0,,4.0,,KAZUMBA,other,Travailler pour la ceni,.,.,320000.0,32000.0,0,3.0,4.0,5.0,OK,1.0,1.0,0.0,1.0,OK,3.0,3.0,OK,1.0,1.0,16:38:20,16:38:20,5.0,3.0,1.0,3.0,2.0,2.0,2.0,1.0,2.0,2.0,1.0,2.0,3,,1.0,,3.0,,1,,4,,1.0,,1,,0.0,4.0,1.0,2.0,2.0,1.0,1.0,2.0,4.0,1.0,1.0,3.0,500.0,500.0,8.0,6.0,5.0,4.0,0,,0.0,2.0,other,Grâce une demande faîte à l'onem  (office de demandeurs d'emplois ),0.0,,,0.0,,,9999,,1,.,1,.,0,1.0,uuid:584cfc35-b8c5-4906-843e-e2c567070e2a,,,,,,,,,,1.0,,,,,,29 Apr 2019,2019-04-29,,,,,,1.0,99.0,,,,,,,,,,,,,,,,,,,,N.U.,0.0
5,2,111,0.0,5.0,17.0,0.0,22.0,5.0,17.0,0.0,22.0,314.0,2,11146.0,216.0,3,,2018-06-11,uuid:808c3a45-7995-4208-a35b-ac729955c394,2018-06-11 14:06:08,2018-06-11 14:40:04,"Jun 11, 2018",1:07:00 PM,11146.0,1.0,,,,,1.0,,,.,,,,,,,,,,,,,,,,,,,,,,,,OK,1.0,1.0,0.0,1.0,OK,1.0,1.0,OK,1.0,1.0,.,.,5.0,5.0,1.0,1.0,2.0,,,,,,,,.,,,,,,.,,.,,,,,,,,,,,,,,,2.0,2.0,2.0,500.0,500.0,8.0,4.0,2.0,1.0,,,,,.,.,,.,.,,.,.,,,1,,,,0,2.0,uuid:808c3a45-7995-4208-a35b-ac729955c394,,,,,,,,,,,,,,,,29 Apr 2019,2019-04-29,,,,,,1.0,314.0,314.0,714.0,,0.0,,,,,,,,,,,,,,,,,0.0,0.0,2018-06-28,uuid:0e620656-1b9a-4e3c-b110-6a6cfdb49176,2018-06-28 14:40:14,2018-06-28 15:20:07,"Jun 28, 2018",1:40:00 PM,11146.0,,1.0,,,1.0,1.0,29.0,LULUWA,.,22.0,,2,,0.0,1996.0,Lukonga,Mabondo,1.0,,4.0,,DEMBA,12,,,,30000.0,15000.0,1 3,4.0,3.0,6.0,OK,1.0,1.0,1.0,1.0,OK,2.0,2.0,OK,2.0,2.0,.,.,4.0,4.0,3.0,3.0,1.0,4.0,1.0,3.0,1.0,1.0,4.0,1.0,1,,1.0,,1.0,,1,,1,,8.0,,1,,1.0,,1.0,1.0,1.0,1.0,2.0,2.0,4.0,1.0,1.0,2.0,500.0,500.0,7.0,5.0,3.0,1.0,,,,,.,.,,.,.,,.,.,,,6,,,,0,2.0,uuid:0e620656-1b9a-4e3c-b110-6a6cfdb49176,,,,,,,,,,,,,,,,29 Apr 2019,2019-04-29,,,,,,1.0,,,,445.0,,,0.0,,,,,,,,,,,,,,,1.0
5,2,120,1.0,4.0,19.0,0.0,23.0,2.0,9.5,0.0,11.5,,2,12110.0,148.0,3,,2018-06-04,uuid:df138e9d-5e97-4476-a1b6-8ad929907157,2018-06-04 11:03:43,2018-06-04 11:35:15,"Jun 4, 2018",11:03:00 AM,12110.0,1.0,,,,,1.0,,.,.,,.,.,.,,,.,.,,,,,.,.,.,.,.,,,.,,,,OK,1.0,1.0,0.0,1.0,OK,1.0,1.0,OK,2.0,1.0,.,.,3.0,3.0,3.0,3.0,2.0,,,,,,,,.,,,,,,.,,.,,,,.,,,,,,,,,,,2.0,3.0,2.0,800.0,200.0,9.0,7.0,7.0,1.0,.,.,,,.,.,,.,.,,.,.,.,.,2,.,2,.,0,2.0,uuid:df138e9d-5e97-4476-a1b6-8ad929907157,,,,,,,,,,1.0,0.0,.,,,,29 Apr 2019,2019-04-29,,,,,,1.0,246.0,246.0,646.0,,0.0,,,,,,,,,,,,1.0,,,1.0,N.U.,0.0,0.0,2018-06-12,uuid:12f8abcc-3f03-49d0-91d4-7fd4b679c36e,2018-06-12 16:15:07,,"Jun 12, 2018",3:15:00 PM,12110.0,,1.0,,,1.0,1.0,22.0,LULUWA,.,20.0,,1,,1.0,,Lukonga,Itabayi,0.0,,4.0,,DEMBA,27,,,,100000.0,15000.0,3,3.0,4.0,7.0,OK,1.0,1.0,1.0,1.0,OK,1.0,1.0,OK,1.0,1.0,.,.,3.0,3.0,3.0,3.0,2.0,2.0,2.0,2.0,2.0,2.0,2.0,2.0,2,,2.0,,2.0,,2,,2,,2.0,,2,,0.0,1.0,1.0,1.0,1.0,1.0,2.0,3.0,1.0,1.0,2.0,2.0,1000.0,0.0,10.0,9.0,7.0,5.0,,,,,.,.,,.,.,,.,.,,,1,,1,,0,2.0,uuid:12f8abcc-3f03-49d0-91d4-7fd4b679c36e,,,,,,,,,,,,,,,,29 Apr 2019,2019-04-29,,,,,,1.0,,,,445.0,,,0.0,,,,,,,,,,,,,,,0.0
5,2,121,1.0,4.0,19.0,0.0,23.0,2.0,9.5,0.0,11.5,,2,12110.0,148.0,3,,2018-06-04,uuid:df138e9d-5e97-4476-a1b6-8ad929907157,2018-06-04 11:03:43,2018-06-04 11:35:15,"Jun 4, 2018",11:03:00 AM,12110.0,1.0,,,,,1.0,,.,.,,.,.,.,,,.,.,,,,,.,.,.,.,.,,,.,,,,OK,1.0,1.0,0.0,1.0,OK,1.0,1.0,OK,2.0,1.0,.,.,3.0,3.0,3.0,3.0,2.0,,,,,,,,.,,,,,,.,,.,,,,.,,,,,,,,,,,2.0,3.0,2.0,800.0,200.0,9.0,7.0,7.0,1.0,.,.,,,.,.,,.,.,,.,.,.,.,2,.,2,.,0,2.0,uuid:df138e9d-5e97-4476-a1b6-8ad929907157,,,,,,,,,,1.0,0.0,.,,,,29 Apr 2019,2019-04-29,,,,,,1.0,246.0,246.0,646.0,,0.0,,,,,,,,,,,,1.0,,,1.0,N.U.,0.0,0.0,2018-06-12,uuid:12f8abcc-3f03-49d0-91d4-7fd4b679c36e,2018-06-12 16:15:07,,"Jun 12, 2018",3:15:00 PM,12110.0,,1.0,,,1.0,1.0,22.0,LULUWA,.,20.0,,1,,1.0,,Lukonga,Itabayi,0.0,,4.0,,DEMBA,27,,,,100000.0,15000.0,3,3.0,4.0,7.0,OK,1.0,1.0,1.0,1.0,OK,1.0,1.0,OK,1.0,1.0,.,.,3.0,3.0,3.0,3.0,2.0,2.0,2.0,2.0,2.0,2.0,2.0,2.0,2,,2.0,,2.0,,2,,2,,2.0,,2,,0.0,1.0,1.0,1.0,1.0,1.0,2.0,3.0,1.0,1.0,2.0,2.0,1000.0,0.0,10.0,9.0,7.0,5.0,,,,,.,.,,.,.,,.,.,,,1,,1,,0,2.0,uuid:12f8abcc-3f03-49d0-91d4-7fd4b679c36e,,,,,,,,,,,,,,,,29 Apr 2019,2019-04-29,,,,,,1.0,,,,445.0,,,0.0,,,,,,,,,,,,,,,0.0
5,2,213,0.0,4.0,18.0,0.0,22.0,4.0,18.0,0.0,22.0,253.0,2,21985.0,,3,,2018-06-05,uuid:283da6e6-1cb0-477f-840f-4ee46962ca84,2018-06-05 08:25:02,2018-06-05 09:03:05,"Jun 5, 2018",8:25:00 AM,21985.0,1.0,,,,,1.0,,.,.,,.,.,.,,,.,.,,,,,.,.,.,.,.,,,.,,,,OK,1.0,1.0,0.0,0.0,OK,1.0,1.0,OK,1.0,1.0,.,.,5.0,4.0,1.0,2.0,2.0,,,,,,,,.,,,,,,.,,.,,,,.,,,,,,,,,,,1.0,1.0,2.0,500.0,500.0,8.0,7.0,6.0,5.0,.,.,,,.,.,,.,.,,.,.,.,.,6,.,6,.,0,2.0,uuid:283da6e6-1cb0-477f-840f-4ee46962ca84,,,,,,,,,,1.0,1.0,,,,,29 Apr 2019,2019-04-29,,,,,,1.0,253.0,253.0,653.0,,0.0,,,,,,,,,,,,,,,,N.U.,0.0,0.0,2018-10-18,uuid:582da30e-3208-403b-8004-3cbb7173141f,2018-10-18 09:10:14,2018-10-18 10:31:20,"Oct 18, 2018",8:10:00 AM,21985.0,,1.0,,,2.0,1.0,37.0,LULUWA,.,46.0,,2,,1.0,,Ndesha,Ndesha,1.0,,4.0,,KANANGA,4,,,,100000.0,15000.0,4,2.0,3.0,1.0,OK,1.0,1.0,0.0,1.0,OK,2.0,3.0,OK,3.0,3.0,.,.,3.0,3.0,3.0,3.0,2.0,1.0,1.0,1.0,1.0,1.0,1.0,1.0,1,,1.0,,1.0,,1,,1,,1.0,,1,,0.0,2.0,1.0,1.0,1.0,1.0,1.0,1.0,5.0,1.0,1.0,3.0,500.0,500.0,6.0,5.0,4.0,3.0,,,,,.,.,,.,.,,.,.,,,1,,6,,0,2.0,uuid:582da30e-3208-403b-8004-3cbb7173141f,,,,,,,,,,,,,,,,29 Apr 2019,2019-04-29,,,,,,1.0,273.0,,,445.0,,,0.0,,,,,,,,,,,,,,,1.0
5,2,303,0.0,4.0,19.0,0.0,23.0,4.0,19.0,0.0,23.0,290.0,2,30490.0,0.0,3,,2018-06-08,uuid:5780f075-29e3-45bd-beea-bc80caacbcf1,2018-06-08 11:01:09,2018-06-08 11:33:41,"Jun 8, 2018",11:01:00 AM,30490.0,1.0,,,,,1.0,,.,.,,.,.,.,,,.,.,,,,,.,.,.,.,.,,,.,,,,OK,1.0,0.0,1.0,1.0,OK,3.0,2.0,OK,3.0,3.0,.,.,5.0,3.0,1.0,3.0,2.0,,,,,,,,.,,,,,,.,,.,,,,.,,,,,,,,,,,2.0,2.0,2.0,900.0,100.0,8.0,5.0,4.0,3.0,.,.,,,.,.,,.,.,,.,.,.,.,6,.,,.,"Le repondant a beaucoup de difficultes pour ecrire et lire, au moins si il a un tres bon assistant",2.0,uuid:5780f075-29e3-45bd-beea-bc80caacbcf1,,,,,,,,,,1.0,1.0,,,,,29 Apr 2019,2019-04-29,,,,,,1.0,290.0,290.0,690.0,,0.0,,,,,,,,,,,,,,,,N.U.,0.0,0.0,2018-06-14,uuid:338ba8ff-ec3f-4e18-91ff-0690825b10a3,2018-06-14 13:43:13,2018-06-14 14:18:11,"Jun 14, 2018",12:43:00 PM,30490.0,,1.0,,,1.0,1.0,48.0,LULUWA,.,,Bena Mukangala,11,,1.0,,Ndesha,Kamupongo,1.0,,4.0,,KANANGA,4,,,,155000.0,35000.0,0,5.0,3.0,4.0,OK,1.0,1.0,0.0,1.0,OK,1.0,1.0,OK,2.0,2.0,.,.,4.0,5.0,1.0,3.0,2.0,2.0,3.0,2.0,1.0,2.0,2.0,2.0,1,,1.0,,1.0,,1,,1,,1.0,,1,,0.0,4.0,3.0,1.0,1.0,1.0,1.0,1.0,4.0,2.0,1.0,2.0,200.0,800.0,10.0,8.0,7.0,6.0,,,,,.,.,,.,.,,.,.,,,6,,,,0,2.0,uuid:338ba8ff-ec3f-4e18-91ff-0690825b10a3,,,,,,,,,,,,,,,,29 Apr 2019,2019-04-29,,,,,,1.0,187.0,,,445.0,,,0.0,,,,,,,,,,,,,,,0.0
5,2,326,0.0,2.0,20.0,0.0,22.0,2.0,20.0,0.0,22.0,297.0,2,32686.0,0.0,3,,2018-06-09,uuid:fbecfa3f-dbdc-4ff7-9533-aa626e710ec2,2018-06-09 10:58:13,2018-06-09 11:46:08,"Jun 9, 2018",10:58:00 AM,32686.0,1.0,,,,,1.0,,.,.,,.,.,.,,,.,.,,,,,.,.,.,.,.,,,.,,,,OK,1.0,1.0,0.0,1.0,OK,1.0,1.0,OK,2.0,2.0,.,.,3.0,3.0,3.0,3.0,2.0,,,,,,,,.,,,,,,.,,.,,,,.,,,,,,,,,,,3.0,2.0,2.0,0.0,1000.0,5.0,4.0,3.0,2.0,.,.,,,.,.,,.,.,,.,.,.,.,6,.,,.,0,2.0,uuid:fbecfa3f-dbdc-4ff7-9533-aa626e710ec2,,,,,,,,,,3.0,1.0,,,,,29 Apr 2019,2019-04-29,,,,,,1.0,297.0,297.0,697.0,,0.0,,,,,,,,,,,,,,,,N.U.,0.0,0.0,2018-06-13,uuid:efcb5748-0b7a-4ae3-bcb8-eeb6fd37671e,2018-06-13 14:00:15,2018-06-13 14:45:04,"Jun 13, 2018",1:00:00 PM,32686.0,,1.0,,,1.0,1.0,46.0,LULUWA,.,28.0,,3,,1.0,,Katoka,Tukombe,1.0,,4.0,,KAZUMBA,22,,,,50000.0,8000.0,3 4,2.0,4.0,1.0,OK,1.0,1.0,1.0,1.0,OK,1.0,1.0,OK,1.0,1.0,.,.,3.0,3.0,3.0,3.0,1.0,2.0,3.0,2.0,2.0,2.0,4.0,2.0,2,,2.0,,2.0,,2,,2,,1.0,,8,,0.0,4.0,1.0,2.0,2.0,2.0,1.0,1.0,4.0,1.0,2.0,2.0,200.0,800.0,7.0,5.0,3.0,1.0,,,,,.,.,,.,.,,.,.,,,6,,,,0,2.0,uuid:efcb5748-0b7a-4ae3-bcb8-eeb6fd37671e,,,,,,,,,,,,,,,,29 Apr 2019,2019-04-29,,,,,,1.0,,,,445.0,,,0.0,,,,,,,,,,,,,,,0.0
5,2,358,0.0,4.0,18.0,0.0,22.0,4.0,18.0,0.0,22.0,,2,35797.0,0.0,3,,2018-06-04,uuid:385dbf8f-f5df-4021-9394-4d1a905d6806,2018-06-04 16:20:10,2018-06-04 16:52:41,"Jun 4, 2018",4:20:00 PM,35797.0,1.0,,,,,1.0,,.,.,,.,.,.,,,.,.,,,,,.,.,.,.,.,,,.,,,,OK,1.0,1.0,1.0,1.0,OK,1.0,2.0,OK,1.0,2.0,.,.,5.0,5.0,1.0,1.0,2.0,,,,,,,,.,,,,,,.,,.,,,,.,,,,,,,,,,,2.0,2.0,2.0,400.0,600.0,6.0,4.0,3.0,2.0,.,.,,,.,.,,.,.,,.,.,.,.,.,.,.,.,"Le repondant est avance un peu en age, mais il peut faire quand meme un bon travail s’il est aide par un bon assistant",2.0,uuid:385dbf8f-f5df-4021-9394-4d1a905d6806,,,,,,,,,,2.0,0.0,.,,,,29 Apr 2019,2019-04-29,,,,,,1.0,252.0,252.0,652.0,,0.0,,,,,,,,,,,,,,,,N.U.,0.0,0.0,2018-10-23,uuid:bd965336-54f6-4de4-ad4a-c0484b5dbb05,2018-10-23 17:00:49,2018-10-23 17:46:03,"Oct 23, 2018",4:00:00 PM,35797.0,,1.0,,,1.0,1.0,41.0,LULUWA,.,,Bakua ntumba,3,,1.0,,Katoka,Mpokolo,1.0,,4.0,,KAZUMBA,0,,0,,150000.0,20000.0,0,3.0,3.0,4.0,OK,1.0,0.0,0.0,1.0,OK,2.0,2.0,OK,3.0,2.0,.,.,3.0,3.0,2.0,3.0,2.0,2.0,1.0,1.0,2.0,3.0,3.0,3.0,2,,2.0,,2.0,,1,,3,,2.0,,2,,0.0,1.0,1.0,1.0,1.0,1.0,1.0,2.0,1.0,2.0,2.0,2.0,1000.0,0.0,5.0,3.0,2.0,0.0,,,,,.,.,,.,.,,.,.,,,1,,,,0,2.0,uuid:bd965336-54f6-4de4-ad4a-c0484b5dbb05,,,,,,,,,,,,,,,,29 Apr 2019,2019-04-29,,,,,,1.0,,,,445.0,,,0.0,,,,,,,,,,,,,,,1.0
5,2,365,0.0,2.0,21.0,0.0,23.0,2.0,21.0,0.0,23.0,227.0,2,36589.0,0.0,3,,2018-06-01,uuid:f2dc93bc-22eb-4a8d-992d-8cab746cbb24,2018-06-01 11:15:35,2018-06-01 11:57:04,"Jun 1, 2018",11:16:00 AM,36589.0,1.0,,,,,1.0,,.,.,,.,.,.,,,.,.,,,,,.,.,.,.,.,,,.,,,,OK,0.0,1.0,0.0,1.0,OK,3.0,3.0,OK,2.0,2.0,.,.,3.0,3.0,3.0,3.0,1.0,,,,,,,,.,,,,,,.,,.,,,,.,,,,,,,,,,,1.0,2.0,2.0,800.0,200.0,5.0,4.0,1.0,0.0,.,.,,,.,.,,.,.,,.,.,.,.,6,.,,.,0,2.0,uuid:f2dc93bc-22eb-4a8d-992d-8cab746cbb24,,,,,,,,,,1.0,,,,,,29 Apr 2019,2019-04-29,,,,,,1.0,227.0,227.0,627.0,,0.0,,,,,,,,,,,,,,,,N.U.,0.0,0.0,2018-06-12,uuid:8fa4706b-eb1d-45ad-a1c3-76edd098e6cc,2018-06-12 14:05:12,2018-06-12 14:58:06,"Jun 12, 2018",1:05:00 PM,36589.0,,1.0,,,1.0,1.0,38.0,LULUWA,.,,Bena Kasenga,8,,0.0,1984.0,Katoka,Katoka II,0.0,,4.0,,DIBAYA,4,,,,90000.0,21000.0,3 4 5,2.0,3.0,5.0,OK,1.0,1.0,0.0,1.0,OK,2.0,2.0,OK,1.0,1.0,.,.,4.0,3.0,3.0,3.0,1.0,2.0,2.0,2.0,2.0,2.0,2.0,2.0,1,,1.0,,1.0,,1,,1,,1.0,,1,,0.0,4.0,2.0,2.0,2.0,2.0,1.0,1.0,4.0,1.0,1.0,2.0,300.0,700.0,3.0,1.0,0.0,0.0,,,,,.,.,,.,.,,.,.,,,1,,1,,0,2.0,uuid:8fa4706b-eb1d-45ad-a1c3-76edd098e6cc,,,,,,,,,,,,,,,,29 Apr 2019,2019-04-29,,,,,,1.0,141.0,,,445.0,,,0.0,,,,,,,,,,,,1.0,1.0,,0.0
5,2,509,0.0,3.0,19.0,0.0,22.0,3.0,19.0,0.0,22.0,,2,50894.0,,3,,2018-06-04,uuid:e965a5af-c953-4edd-b4b6-aedaebc02b97,2018-06-04 14:58:25,2018-06-04 15:36:23,"Jun 4, 2018",2:58:00 PM,50894.0,1.0,,,,,1.0,,.,.,,.,.,.,,,.,.,,,,,.,.,.,.,.,,,.,,,,OK,0.0,1.0,1.0,0.0,OK,3.0,3.0,OK,3.0,3.0,.,.,5.0,5.0,2.0,3.0,2.0,,,,,,,,.,,,,,,.,,.,,,,.,,,,,,,,,,,2.0,2.0,2.0,700.0,300.0,10.0,7.0,5.0,3.0,.,.,,,.,.,,.,.,,.,.,.,.,6,.,.,.,0,2.0,uuid:e965a5af-c953-4edd-b4b6-aedaebc02b97,,,,,,,,,,2.0,1.0,0,50894.0,50894.0,,29 Apr 2019,2019-04-29,,,,,,1.0,250.0,250.0,650.0,,0.0,,,,,,,,,,,,,,,,N.U.,0.0,0.0,2019-02-25,uuid:53749190-d992-4277-8509-81d9b4d213f4,2019-02-25 16:46:43,2019-02-25 17:14:31,"Feb 25, 2019",4:47:00 PM,50894.0,,1.0,,,1.0,1.0,26.0,LULUWA,.,31.0,,3,,1.0,,Kananga,Tshinsambi,1.0,,4.0,,KANANGA,18,,,,250000.0,50000.0,3 4,4.0,3.0,6.0,OK,1.0,0.0,1.0,1.0,OK,2.0,1.0,OK,1.0,1.0,.,.,3.0,4.0,2.0,3.0,2.0,1.0,2.0,1.0,1.0,1.0,4.0,1.0,1,,1.0,,1.0,,1,,3,,1.0,,2,,0.0,4.0,1.0,1.0,2.0,2.0,1.0,1.0,4.0,2.0,3.0,2.0,500.0,500.0,8.0,6.0,5.0,4.0,,,,,.,.,,.,.,,.,.,,,3,,,,0,2.0,uuid:53749190-d992-4277-8509-81d9b4d213f4,,,,,,,,,,,,,,,,29 Apr 2019,2019-04-29,,,,,,1.0,,,,445.0,,,0.0,,,,,,,,,,,,,,,2.0
5,2,513,0.0,2.0,20.0,0.0,22.0,2.0,20.0,0.0,22.0,,2,51289.0,122.0,3,,2018-06-04,uuid:529cd5dc-c776-436c-bfbd-ffb2f6848482,2018-06-04 12:14:50,2018-06-04 12:37:24,"Jun 4, 2018",12:14:00 PM,51289.0,1.0,,,,,1.0,,.,.,,.,.,.,,,.,.,,,,,.,.,.,.,.,,,.,,,,OK,1.0,1.0,0.0,0.0,OK,1.0,1.0,OK,1.0,1.0,.,.,5.0,5.0,3.0,2.0,2.0,,,,,,,,.,,,,,,.,,.,,,,.,,,,,,,,,,,2.0,3.0,2.0,1000.0,0.0,7.0,5.0,4.0,0.0,.,.,,,.,.,,.,.,,.,.,.,.,6,.,.,.,0,2.0,uuid:529cd5dc-c776-436c-bfbd-ffb2f6848482,,,,,,,,,,2.0,1.0,0,51289.0,51289.0,,29 Apr 2019,2019-04-29,,,,,,1.0,247.0,247.0,647.0,,0.0,,,,,,,,,,,,,,,,N.U.,0.0,0.0,2018-06-11,uuid:5c228cf2-5189-4b89-8fcf-5160a70201ff,2018-06-11 17:00:35,2018-06-11 17:48:22,"Jun 11, 2018",4:00:00 PM,51289.0,,1.0,,,2.0,1.0,45.0,TSHOKWE,.,,,2,,0.0,1996.0,Kananga,Tshinsambi,1.0,,4.0,,ILEBO,4,,,,150000.0,15000.0,0,2.0,3.0,4.0,OK,1.0,1.0,0.0,1.0,OK,1.0,1.0,OK,2.0,1.0,.,.,3.0,3.0,2.0,3.0,2.0,2.0,2.0,3.0,2.0,2.0,2.0,2.0,2,,2.0,,2.0,,2,,2,,2.0,,2,,0.0,1.0,1.0,1.0,1.0,1.0,1.0,3.0,2.0,1.0,2.0,2.0,700.0,300.0,8.0,7.0,5.0,4.0,,,,,.,.,,.,.,,.,.,,,1,,1,,0,2.0,uuid:5c228cf2-5189-4b89-8fcf-5160a70201ff,,,,,,,,,,,,,,,,29 Apr 2019,2019-04-29,,,,,,1.0,122.0,,,445.0,,,0.0,,,,,,,,,,,,,,,0.0
5,2,539,0.0,2.0,20.0,0.0,22.0,2.0,20.0,0.0,22.0,,2,53987.0,,3,,2018-06-04,uuid:62666884-6072-431e-ace1-7b1ec25a9c84,2018-06-04 10:20:32,2018-06-04 11:02:04,"Jun 4, 2018",10:20:00 AM,53987.0,1.0,,,,,1.0,,.,.,,.,.,.,,,.,.,,,,,.,.,.,.,.,,,.,,,,OK,1.0,1.0,0.0,1.0,OK,1.0,2.0,OK,1.0,1.0,.,.,3.0,4.0,1.0,3.0,2.0,,,,,,,,.,,,,,,.,,.,,,,.,,,,,,,,,,,2.0,1.0,2.0,300.0,700.0,8.0,7.0,6.0,5.0,.,.,,,.,.,,.,.,,.,.,.,.,6,.,6,.,0,2.0,uuid:62666884-6072-431e-ace1-7b1ec25a9c84,,,,,,,,,,1.0,1.0,0,53987.0,53987.0,,29 Apr 2019,2019-04-29,,,,,,1.0,244.0,244.0,644.0,,0.0,,,,,,,,,,,,,,,,N.U.,0.0,0.0,2019-02-25,uuid:ec37f559-ca1c-4f6c-bed8-e2149d117d50,2019-02-25 14:07:13,2019-02-25 14:57:04,"Feb 25, 2019",2:07:00 PM,53987.0,,1.0,,,1.0,1.0,48.0,LULUWA,.,,Luemba,3,,1.0,,Kananga,Tshinsambi,1.0,,4.0,,KAZUMBA,4,,,,80000.0,50000.0,1,6.0,3.0,4.0,OK,1.0,1.0,1.0,1.0,OK,2.0,3.0,OK,3.0,3.0,.,.,3.0,3.0,3.0,3.0,2.0,1.0,2.0,2.0,1.0,1.0,1.0,1.0,1,,1.0,,1.0,,1,,1,,1.0,,1,,0.0,3.0,1.0,1.0,1.0,1.0,1.0,1.0,4.0,1.0,1.0,2.0,500.0,500.0,7.0,5.0,4.0,2.0,,,,,.,.,,.,.,,.,.,,,1,,1,,0,2.0,uuid:ec37f559-ca1c-4f6c-bed8-e2149d117d50,,,,,,,,,,,,,,,,29 Apr 2019,2019-04-29,,,,,,1.0,,,,445.0,,,0.0,,,,,,,,,,,,,,,2.0
5,2,566,0.0,3.0,19.0,0.0,22.0,3.0,19.0,0.0,22.0,,2,56385.0,184.0,3,,2018-05-30,uuid:44926421-e1aa-454e-9da1-0b0489916a67,2018-05-30 10:26:53,2018-05-30 10:44:44,"May 30, 2018",10:26:00 AM,56385.0,1.0,,,,,1.0,,,.,,,,,,,,,,,,,,,,.,.,,,,,,,OK,1.0,1.0,1.0,1.0,OK,1.0,2.0,OK,1.0,1.0,,,4.0,4.0,2.0,3.0,2.0,,,,,,,,.,,,,,,.,,.,,,,.,,,,,,,,,,,1.0,2.0,2.0,0.0,1000.0,9.0,8.0,7.0,4.0,,,,,,,,,,,,,,,6,.,6,.,0,1.0,uuid:44926421-e1aa-454e-9da1-0b0489916a67,,,,,,12,,0.0,5.0,1.0,,,,,,29 Apr 2019,2019-04-29,,,,,,1.0,204.0,204.0,604.0,,0.0,,,,,,,,,,,,,,,,,0.0,0.0,2018-06-14,uuid:297e95bc-aeb4-4ff2-9134-ec45049218dc,2018-06-14 12:24:09,2018-06-14 13:03:04,"Jun 14, 2018",11:24:00 AM,56385.0,,1.0,,,1.0,1.0,34.0,LULUWA,.,,Bakua mushilu,1,,1.0,,Kananga,Plateau,0.0,,4.0,,KANANGA,0,,9,,200000.0,45000.0,3,4.0,3.0,6.0,OK,1.0,1.0,0.0,1.0,OK,1.0,1.0,OK,1.0,1.0,.,.,5.0,5.0,4.0,1.0,2.0,1.0,4.0,1.0,1.0,4.0,1.0,4.0,1,,3.0,,1.0,,1,,3,,3.0,,1,,0.0,1.0,2.0,3.0,1.0,2.0,2.0,1.0,3.0,1.0,1.0,2.0,600.0,400.0,7.0,6.0,5.0,3.0,,,,,.,.,,.,.,,.,.,,,1,,5,,0,1.0,uuid:297e95bc-aeb4-4ff2-9134-ec45049218dc,,,,,,,,,,,,,,,,29 Apr 2019,2019-04-29,,,,,,1.0,,,,445.0,,,0.0,,,,,,,,,,,,,,,0.0
5,2,593,0.0,3.0,13.0,0.0,16.0,3.0,13.0,0.0,16.0,,2,59148.0,0.0,3,,2018-11-15,uuid:65816e8b-a3c1-49be-8e0f-fbe4f9e9bc8d,2018-11-15 13:43:57,2018-11-15 14:00:11,"Nov 15, 2018",1:44:00 PM,59148.0,1.0,,,,,1.0,,,.,,,,,,,,,,,,,,,,,,,,,,,,OK,1.0,1.0,1.0,1.0,OK,1.0,1.0,OK,1.0,1.0,.,.,3.0,3.0,3.0,3.0,2.0,,,,,,,,.,,,,,,.,,.,,,,,,,,,,,,,,,2.0,2.0,2.0,888.0,888.0,10.0,5.0,3.0,1.0,,,,,.,.,,.,.,,.,.,,,1,,1,,0,2.0,uuid:65816e8b-a3c1-49be-8e0f-fbe4f9e9bc8d,,,,,,,,,,,,,,,,29 Apr 2019,2019-04-29,,,,,,1.0,484.0,484.0,884.0,,0.0,,,,,,,,,,,,,,,,,1.0,0.0,2018-08-21,uuid:388e31ea-8412-4f81-914e-44daa7791b96,2018-08-21 16:45:05,2018-08-21 17:16:02,"Aug 21, 2018",3:45:00 PM,59133.0,,1.0,,,1.0,1.0,34.0,LUNTU,.,,Bakua mputu,1,,0.0,1994.0,Kananaga,Plateau,1.0,,4.0,,DIMBELENGE,22,,,,486000.0,0.0,3 4 5,2.0,4.0,3.0,OK,1.0,1.0,0.0,1.0,OK,2.0,2.0,OK,1.0,1.0,.,.,4.0,4.0,3.0,2.0,2.0,2.0,2.0,3.0,3.0,3.0,4.0,2.0,1,,1.0,,1.0,,1,,1,,1.0,,1,,0.0,2.0,2.0,3.0,3.0,3.0,3.0,1.0,4.0,3.0,3.0,3.0,0.0,1000.0,2.0,1.0,0.0,0.0,,,,,.,.,,.,.,,.,.,,,1,,1,,0,1.0,uuid:388e31ea-8412-4f81-914e-44daa7791b96,,,,,,,,,,,,,,,,29 Apr 2019,2019-04-29,,,,,,1.0,232.0,,,445.0,,,0.0,,,,,,,,,,,,1.0,1.0,,1.0
5,2,621,0.0,3.0,19.0,0.0,22.0,3.0,19.0,0.0,22.0,265.0,2,62295.0,110.0,3,,2018-06-06,uuid:55a30cd9-df57-43d8-9515-6c79bec98b4a,2018-06-06 08:26:23,2018-06-06 08:52:05,"Jun 6, 2018",8:26:00 AM,62295.0,1.0,,,,,1.0,,.,.,,.,.,.,,,.,.,,,,,.,.,.,.,.,,,.,,,,OK,1.0,1.0,0.0,1.0,OK,2.0,2.0,OK,2.0,2.0,.,.,5.0,3.0,3.0,3.0,2.0,,,,,,,,.,,,,,,.,,.,,,,.,,,,,,,,,,,2.0,2.0,2.0,500.0,500.0,2.0,0.0,0.0,0.0,.,.,,,.,.,,.,.,,.,.,.,.,6,.,,.,0,2.0,uuid:55a30cd9-df57-43d8-9515-6c79bec98b4a,,,,,,,,,,1.0,1.0,,,,,29 Apr 2019,2019-04-29,,,,,,1.0,265.0,265.0,665.0,,0.0,,,,,,,,,,,,1.0,1.0,1.0,1.0,N.U.,0.0,0.0,2018-06-11,uuid:a898a314-c5b5-4df4-a552-8e3a4e6842e3,2018-06-11 12:58:10,2018-06-11 13:32:04,"Jun 11, 2018",11:58:00 AM,62295.0,,1.0,,,1.0,1.0,29.0,LUNTU,.,,Bena Mpuka,11,,1.0,,Kananga,Plateau,1.0,,4.0,,DIMBELENGE,4,,,,150000.0,35000.0,3,4.0,3.0,6.0,OK,1.0,1.0,1.0,1.0,OK,1.0,1.0,OK,2.0,2.0,.,.,3.0,5.0,2.0,3.0,2.0,2.0,3.0,2.0,2.0,2.0,2.0,2.0,2,,2.0,,2.0,,1,,1,,8.0,,2,,0.0,2.0,2.0,2.0,2.0,2.0,,1.0,3.0,2.0,2.0,2.0,700.0,300.0,5.0,4.0,3.0,0.0,,,,,.,.,,.,.,,.,.,,,6,,6,,0,2.0,uuid:a898a314-c5b5-4df4-a552-8e3a4e6842e3,,,,,,,,,,,,,,,,29 Apr 2019,2019-04-29,,,,,,1.0,,,,445.0,,,0.0,,,,,,,,,,,,,,,0.0
5,2,653,0.0,4.0,18.0,0.0,22.0,4.0,18.0,0.0,22.0,280.0,2,6525.0,272.0,3,,2018-06-07,uuid:f823d54a-8978-4e0d-a889-619300e0542f,2018-06-07 13:56:10,2018-06-07 14:45:04,"Jun 7, 2018",1:56:00 PM,6525.0,1.0,,,,,1.0,,.,.,,.,.,.,,,.,.,,,,,.,.,.,.,.,,,.,,,,OK,1.0,0.0,1.0,1.0,OK,1.0,1.0,OK,1.0,2.0,.,.,3.0,5.0,3.0,3.0,1.0,,,,,,,,.,,,,,,.,,.,,,,.,,,,,,,,,,,2.0,2.0,2.0,0.0,1000.0,5.0,4.0,3.0,0.0,.,.,,,.,.,,.,.,,.,.,.,.,1,.,,.,0,2.0,uuid:f823d54a-8978-4e0d-a889-619300e0542f,,,,,,,,,,1.0,1.0,,,,,29 Apr 2019,2019-04-29,,,,,,1.0,280.0,280.0,680.0,,0.0,,,,,,,,,,,,,,,,N.U.,0.0,0.0,2018-10-17,uuid:ac45d09a-0db5-44c3-a0cb-09ab0e6fa221,2018-10-17 11:50:45,2018-10-17 12:46:13,"Oct 17, 2018",10:50:00 AM,6525.0,,1.0,,,1.0,1.0,74.0,LULUWA,.,19.0,,2,,0.0,1956.0,Kananga,Kamayi,1.0,,4.0,,DIBAYA,0,,0,,50000.0,2000.0,0,10.0,3.0,2.0,OK,1.0,1.0,0.0,0.0,OK,2.0,2.0,OK,2.0,2.0,.,.,5.0,5.0,3.0,3.0,2.0,2.0,2.0,2.0,3.0,3.0,3.0,2.0,3,,3.0,,2.0,,1,,1,,2.0,,1,,0.0,4.0,2.0,2.0,2.0,2.0,1.0,1.0,3.0,3.0,3.0,2.0,300.0,700.0,8.0,5.0,3.0,1.0,,,,,.,.,,.,.,,.,.,,,1,,,,0,2.0,uuid:ac45d09a-0db5-44c3-a0cb-09ab0e6fa221,,,,,,,,,,,,,,,,29 Apr 2019,2019-04-29,,,,,,1.0,272.0,,,445.0,,,0.0,,,,,,,,,,,,,,,1.0
5,2,680,0.0,2.0,21.0,0.0,23.0,2.0,21.0,0.0,23.0,,2,6775.0,,3,,2018-06-02,uuid:7390df33-e697-4b1c-8984-0d1d856a5434,2018-06-02 14:03:16,2018-06-02 14:20:18,"Jun 2, 2018",2:03:00 PM,6775.0,1.0,,,,,1.0,,.,.,,.,.,.,,,.,.,,,,,.,.,.,.,.,,,.,,,,OK,1.0,1.0,1.0,1.0,OK,2.0,2.0,OK,1.0,2.0,.,.,4.0,4.0,3.0,2.0,2.0,,,,,,,,.,,,,,,.,,.,,,,.,,,,,,,,,,,1.0,2.0,2.0,900.0,100.0,8.0,7.0,6.0,4.0,.,.,,,.,.,,.,.,,.,.,.,.,6,.,6,.,0,2.0,uuid:7390df33-e697-4b1c-8984-0d1d856a5434,,,,,,,,,,1.0,,,,,,29 Apr 2019,2019-04-29,,,,,,1.0,241.0,241.0,641.0,,0.0,,,,,,,,,,,,,,,,N.U.,0.0,0.0,2018-06-19,uuid:58c0632b-03fd-4a83-bfbf-b4ec99647910,2018-06-19 16:09:58,2018-06-19 16:40:46,"Jun 19, 2018",3:10:00 PM,6775.0,,1.0,,,1.0,1.0,70.0,LULUWA,.,,Bakua mbuyi,1,,0.0,1960.0,Kananga,Malandji,1.0,,4.0,,KANANGA,9,,,,120000.0,28000.0,3,2.0,2.0,4.0,OK,1.0,1.0,0.0,0.0,OK,1.0,1.0,OK,2.0,2.0,.,.,3.0,5.0,3.0,3.0,2.0,2.0,2.0,4.0,2.0,2.0,2.0,2.0,2,,8.0,,3.0,,2,,8,,2.0,,2,,0.0,4.0,4.0,1.0,1.0,1.0,1.0,1.0,3.0,1.0,1.0,2.0,800.0,200.0,7.0,6.0,5.0,4.0,,,,,.,.,,.,.,,.,.,,,6,,,,0,2.0,uuid:58c0632b-03fd-4a83-bfbf-b4ec99647910,,,,,,,,,,,,,,,,29 Apr 2019,2019-04-29,,,,,,1.0,,,,445.0,,,0.0,,,,,,,,,,,,,,,1.0
5,4,301,0.0,2.0,16.0,0.0,18.0,2.0,16.0,0.0,18.0,10.0,1,,476.0,2,30489.0,2018-04-06,uuid:53d8b747-3079-463b-b8cf-4462e9c153ac,2018-04-06 12:27:45,,"Apr 6, 2018",12:27:00 PM,,,,16.0,16.0,1.0,1.0,24.0,LULUWA,,46.0,,8,,1.0,,Kananga,Mulunda,1.0,,4.0,,KANANGA,17,,,,39000.0,0.0,3,4.0,4.0,3.0,OK,1.0,1.0,0.0,0.0,OK,1.0,2.0,OK,1.0,1.0,12:27:46,12:27:46,3.0,4.0,3.0,3.0,2.0,2.0,2.0,2.0,2.0,2.0,2.0,2.0,2,,2.0,,2.0,,2,,2,,2.0,,2,,0.0,4.0,3.0,3.0,3.0,1.0,1.0,4.0,4.0,1.0,1.0,1.0,400.0,600.0,6.0,4.0,3.0,2.0,0,,1.0,4.0,1,,1.0,8,.,1.0,8,.,2,,1,.,1,.,0,1.0,uuid:53d8b747-3079-463b-b8cf-4462e9c153ac,,,,,,.,,,,1.0,,,,,,29 Apr 2019,2019-04-29,,,,,,1.0,10.0,,,,,,,,,,,,,,,,,,,,N.U.,0.0,0.0,2018-10-24,uuid:a213d141-7d5e-4b1b-b492-8bb13cf461a4,2018-10-24 14:36:35,2018-10-24 14:55:49,"Oct 24, 2018",1:36:00 PM,30489.0,1.0,,,,,1.0,,,.,,,,,,,,,,,,,,,,,,,,,,,,OK,1.0,0.0,0.0,0.0,OK,3.0,4.0,OK,3.0,4.0,.,.,5.0,4.0,3.0,3.0,2.0,,,,,,,,.,,,,,,.,,.,,,,,,,,,,,,,,,1.0,2.0,1.0,500.0,500.0,6.0,4.0,3.0,2.0,,,,,.,.,,.,.,,.,.,,,1,,1,,0,2.0,uuid:a213d141-7d5e-4b1b-b492-8bb13cf461a4,,,,,,,,,,,,,,,,29 Apr 2019,2019-04-29,,,,,,1.0,476.0,476.0,876.0,,0.0,,,,,,,,,,,,,,,,,1.0
5,4,311,0.0,2.0,20.0,0.0,22.0,2.0,20.0,0.0,22.0,52.0,1,,477.0,2,31395.0,2018-04-11,uuid:0d417642-db2e-4db8-ae2c-1d1282bce06c,2018-04-11 10:42:12,2018-04-11 11:30:55,"Apr 11, 2018",10:43:00 AM,,,,73.0,73.0,1.0,1.0,34.0,LUALUA,,,,1,,0.0,1989.0,Kananga,Malandji,1.0,,4.0,,DEMBA,22,,,,150000.0,20000.0,1 3 4 5 6,2.0,4.0,3.0,OK,1.0,1.0,1.0,1.0,OK,2.0,2.0,OK,1.0,1.0,10:42:13,10:42:13,3.0,3.0,3.0,2.0,2.0,1.0,2.0,2.0,1.0,2.0,1.0,2.0,2,,2.0,,5.0,,2,,7,,2.0,,2,,0.0,1.0,1.0,3.0,1.0,1.0,1.0,1.0,1.0,1.0,1.0,1.0,800.0,200.0,7.0,5.0,4.0,3.0,0,,3.0,3.0,3,,0.0,.,.,0.0,.,.,9999,,1,.,1,.,Il est vraiment apte,1.0,uuid:0d417642-db2e-4db8-ae2c-1d1282bce06c,,,,,,.,,,,1.0,,,,,,29 Apr 2019,2019-04-29,,,,,,1.0,52.0,,,,,,,,,,,,,,,,,,,,N.U.,0.0,0.0,2018-10-24,uuid:e0f2e2b8-a040-4599-95bd-662ea788569d,2018-10-24 15:01:09,2018-10-24 15:19:08,"Oct 24, 2018",2:01:00 PM,31395.0,1.0,,,,,1.0,,,.,,,,,,,,,,,,,,,,,,,,,,,,OK,1.0,1.0,1.0,1.0,OK,2.0,2.0,OK,2.0,2.0,.,.,3.0,3.0,3.0,4.0,2.0,,,,,,,,.,,,,,,.,,.,,,,,,,,,,,,,,,1.0,1.0,2.0,1000.0,0.0,8.0,5.0,3.0,1.0,,,,,.,.,,.,.,,.,.,,,1,,1,,0,2.0,uuid:e0f2e2b8-a040-4599-95bd-662ea788569d,,,,,,,,,,,,,,,,29 Apr 2019,2019-04-29,,,,,,1.0,477.0,477.0,877.0,,0.0,,,,,,,,,,,,,,,,,1.0
5,4,362,0.0,2.0,21.0,0.0,23.0,2.0,21.0,0.0,23.0,79.0,1,,,2,36244.0,2018-04-28,uuid:586fa3bf-6ec6-4a07-891c-65b543159a4d,2018-04-28 08:32:21,2018-04-28 14:56:43,"Apr 28, 2018",2:26:00 PM,,,,107.0,107.0,1.0,1.0,24.0,LUALUA,.,,,1,,0.0,2007.0,Katoka,Mpokolo,1.0,,4.0,,DIBAYA,27,,.,.,30000.0,7000.0,0,2.0,3.0,3.0,OK,1.0,1.0,0.0,1.0,OK,2.0,2.0,OK,2.0,2.0,08:32:22,08:32:22,5.0,3.0,3.0,3.0,2.0,2.0,2.0,2.0,1.0,2.0,2.0,4.0,8,,4.0,,1.0,,1,,7,,1.0,,1,,1.0,,1.0,4.0,3.0,2.0,2.0,2.0,4.0,1.0,1.0,2.0,200.0,800.0,7.0,5.0,3.0,2.0,0,,0.0,0.0,3,,0.0,,,0.0,,,4,,1,.,,.,0,1.0,uuid:586fa3bf-6ec6-4a07-891c-65b543159a4d,,,,,,,,,,1.0,,,,,,29 Apr 2019,2019-04-29,,,,,,1.0,79.0,,,,,,,,,,,,,,,,,,,,N.U.,0.0,0.0,2018-06-14,uuid:bdd5d646-e358-47da-b222-148fff90e7d5,2018-06-14 09:47:14,2018-06-14 10:12:23,"Jun 14, 2018",8:47:00 AM,36244.0,1.0,,,,,1.0,,,.,,,,,,,,,,,,,,,,,,,,,,,,OK,1.0,1.0,1.0,1.0,OK,3.0,2.0,OK,4.0,4.0,.,.,5.0,5.0,2.0,3.0,1.0,,,,,,,,.,,,,,,.,,.,,,,,,,,,,,,,,,1.0,1.0,2.0,500.0,500.0,7.0,5.0,4.0,3.0,,,,,.,.,,.,.,,.,.,,,6,,,,Il est moyen,2.0,uuid:bdd5d646-e358-47da-b222-148fff90e7d5,,,,,,,,,,,,,,,,29 Apr 2019,2019-04-29,,,,,,1.0,378.0,378.0,778.0,,0.0,,,,,,,,,,,,,,,,,0.0
5,4,381,0.0,5.0,17.0,0.0,22.0,5.0,17.0,0.0,22.0,,1,,475.0,2,382121.0,2018-05-04,uuid:fd3158a7-7dcf-47b7-a6c3-35fe81344d20,2018-05-04 08:33:59,2018-05-04 10:48:18,"May 4, 2018",8:34:00 AM,,,,86.0,86.0,1.0,1.0,27.0,LUALUA,.,,,12,,0.0,2001.0,Ndesha,Lubuwa,1.0,,4.0,,DEMBA,27,,.,.,164000.0,50000.0,3,6.0,4.0,4.0,OK,1.0,1.0,1.0,1.0,OK,2.0,1.0,OK,1.0,1.0,08:33:59,08:33:59,3.0,5.0,3.0,3.0,1.0,1.0,1.0,1.0,1.0,1.0,1.0,1.0,2,,3.0,,3.0,,8,,3,,3.0,,3,,1.0,,1.0,2.0,2.0,1.0,1.0,2.0,3.0,1.0,1.0,1.0,500.0,500.0,10.0,8.0,7.0,6.0,other,Récepteur,2.0,0.0,3,,0.0,,,0.0,,,2,,1,.,1,.,Le répondant était trop lent à répondre,1.0,uuid:fd3158a7-7dcf-47b7-a6c3-35fe81344d20,,,,,,,,,,1.0,,,,,,29 Apr 2019,2019-04-29,,,,,,1.0,89.0,,,,,,,,,,,,,,,,,,,,N.U.,0.0,0.0,2018-10-24,uuid:f01a54ed-f3ff-4270-a5bf-33b60765c040,2018-10-24 14:16:24,2018-10-24 14:32:56,"Oct 24, 2018",1:16:00 PM,382121.0,1.0,,,,,1.0,,,.,,,,,,,,,,,,,,,,,,,,,,,,OK,1.0,1.0,0.0,0.0,OK,2.0,3.0,OK,2.0,2.0,.,.,3.0,3.0,4.0,3.0,2.0,,,,,,,,.,,,,,,.,,.,,,,,,,,,,,,,,,2.0,2.0,2.0,600.0,400.0,10.0,9.0,7.0,6.0,,,,,.,.,,.,.,,.,.,,,1,,1,,0,2.0,uuid:f01a54ed-f3ff-4270-a5bf-33b60765c040,,,,,,,,,,,,,,,,29 Apr 2019,2019-04-29,,,,,,1.0,475.0,475.0,875.0,,0.0,,,,,,,,,,,,,,,,,1.0
5,4,505,0.0,4.0,19.0,0.0,23.0,4.0,19.0,0.0,23.0,,1,,226.0,2,50586.0,2018-04-09,uuid:24a3dce4-3857-4eed-974d-f31e69050580,2018-04-09 18:14:28,2018-04-09 18:52:28,"Apr 9, 2018",6:14:00 PM,,,,55.0,55.0,1.0,1.0,44.0,LULUWA,,46.0,,1,,1.0,,Katoka,Mpokolo,1.0,,4.0,,KANANGA,17,,,,76000.0,42000.0,3,3.0,4.0,2.0,OK,1.0,1.0,1.0,1.0,OK,1.0,2.0,OK,2.0,2.0,09:14:30,09:14:30,5.0,5.0,2.0,2.0,2.0,1.0,3.0,2.0,4.0,2.0,2.0,4.0,2,,2.0,,2.0,,2,,2,,2.0,,2,,0.0,4.0,4.0,2.0,2.0,2.0,2.0,2.0,3.0,2.0,1.0,2.0,1000.0,0.0,9.0,8.0,7.0,6.0,0,,2.0,3.0,4,,0.0,.,.,0.0,.,.,5,,1,.,1,.,0,1.0,uuid:24a3dce4-3857-4eed-974d-f31e69050580,,,,,,.,,,,1.0,,,,,,29 Apr 2019,2019-04-29,,,,,,1.0,42.0,,,,,,,,,,,,,,,,,,,,N.U.,0.0,0.0,2018-06-01,uuid:e618eeeb-a94b-4970-9903-782629620da0,2018-06-01 11:05:38,2018-06-01 11:36:01,"Jun 1, 2018",11:05:00 AM,50586.0,1.0,,,,,1.0,,.,.,,.,.,.,,,.,.,,,,,.,.,.,.,.,,,.,,,,OK,1.0,1.0,0.0,1.0,OK,2.0,2.0,OK,1.0,1.0,.,.,3.0,3.0,3.0,3.0,1.0,,,,,,,,.,,,,,,.,,.,,,,.,,,,,,,,,,,2.0,1.0,1.0,1000.0,0.0,9.0,9.0,8.0,8.0,.,.,,,.,.,,.,.,,.,.,.,.,6,.,6,.,0,2.0,uuid:e618eeeb-a94b-4970-9903-782629620da0,,,,,,,,,,1.0,,,,,,29 Apr 2019,2019-04-29,,,,,,1.0,226.0,226.0,626.0,,0.0,,,,,,,,,1.0,,,,,1.0,1.0,N.U.,0.0
5,4,603,0.0,3.0,19.0,0.0,22.0,3.0,19.0,0.0,22.0,72.0,1,,230.0,2,60383.0,2018-04-26,uuid:26c9fb91-0ea3-4692-8c87-06d099f32292,2018-04-26 09:22:23,2018-04-26 10:01:01,"Apr 26, 2018",9:29:00 AM,,,,87.0,87.0,1.0,1.0,37.0,LULUWA,.,47.0,,1,,0.0,1997.0,Kananga,Malandji,1.0,,4.0,,KAZUMBA,other,Stagiaire à la DGRKOC,.,.,145000.0,15000.0,3,3.0,4.0,3.0,OK,1.0,1.0,0.0,1.0,OK,2.0,2.0,OK,1.0,1.0,09:22:27,09:22:27,5.0,3.0,1.0,3.0,2.0,2.0,3.0,2.0,2.0,2.0,2.0,2.0,1,,1.0,,1.0,,1,,1,,1.0,,1,,0.0,4.0,2.0,1.0,1.0,1.0,1.0,2.0,4.0,1.0,2.0,3.0,5.0,995.0,8.0,5.0,3.0,1.0,0,,0.0,10.0,3,,0.0,,,0.0,,,9999,,1,.,1,.,0,1.0,uuid:26c9fb91-0ea3-4692-8c87-06d099f32292,,,,,,,,,,1.0,,,,,,29 Apr 2019,2019-04-29,,,,,,1.0,72.0,,,,,,,,,,,,,,,,,,,,N.U.,0.0,0.0,2018-06-01,uuid:0c705f95-21fc-4a9c-94e0-78f5ded4db9a,2018-06-01 14:38:59,2018-06-01 15:15:03,"Jun 1, 2018",2:39:00 PM,60383.0,1.0,,,,,1.0,,.,.,,.,.,.,,,.,.,,,,,.,.,.,.,.,,,.,,,,OK,1.0,1.0,1.0,1.0,OK,2.0,1.0,OK,1.0,1.0,.,.,5.0,3.0,3.0,3.0,2.0,,,,,,,,.,,,,,,.,,.,,,,.,,,,,,,,,,,2.0,2.0,2.0,600.0,400.0,8.0,7.0,6.0,4.0,.,.,,,.,.,,.,.,,.,.,.,.,6,.,,.,0,2.0,uuid:0c705f95-21fc-4a9c-94e0-78f5ded4db9a,,,,,,,,,,1.0,,,,,,29 Apr 2019,2019-04-29,,,,,,1.0,230.0,230.0,630.0,,0.0,,,,,,,,,,,,,,,,N.U.,0.0
5,4,639,0.0,4.0,17.0,0.0,21.0,4.0,17.0,0.0,21.0,,1,,474.0,2,639157.0,2019-02-25,uuid:5aef8dcc-83f7-4fc2-b698-7f65e121f8d4,2019-02-25 09:35:18,2019-02-25 10:07:27,"Feb 25, 2019",9:35:00 AM,,,,133.0,133.0,1.0,1.0,31.0,LULUWA,.,38.0,,3,,1.0,,Katoka,Tukombe,1.0,,4.0,,KAZUMBA,17,,,,45000.0,10000.0,3,6.0,4.0,5.0,OK,1.0,1.0,0.0,1.0,OK,2.0,2.0,OK,1.0,1.0,.,.,5.0,3.0,3.0,3.0,1.0,2.0,2.0,2.0,2.0,2.0,2.0,2.0,1,,1.0,,1.0,,1,,3,,2.0,,2,,0.0,1.0,2.0,2.0,1.0,4.0,1.0,1.0,4.0,1.0,2.0,1.0,0.0,1000.0,5.0,4.0,3.0,2.0,0,,1.0,0.0,1,.,0.0,.,.,0.0,.,.,6,,1,,,,0,2.0,uuid:5aef8dcc-83f7-4fc2-b698-7f65e121f8d4,,,,,,,,,,,,,,,,29 Apr 2019,2019-04-29,,,,,,1.0,113.0,,,,,,,,,,,,,,,,,,,,N.U.,2.0,0.0,2018-10-24,uuid:995ebfe7-f02b-417f-beb5-82bf5921d989,2018-10-24 13:51:16,2018-10-24 14:14:59,"Oct 24, 2018",12:51:00 PM,639157.0,1.0,,,,,1.0,,,.,,,,,,,,,,,,,,,,,,,,,,,,OK,1.0,1.0,0.0,0.0,OK,2.0,3.0,OK,2.0,2.0,.,.,5.0,3.0,1.0,2.0,2.0,,,,,,,,.,,,,,,.,,.,,,,,,,,,,,,,,,2.0,1.0,2.0,500.0,500.0,10.0,5.0,3.0,1.0,,,,,.,.,,.,.,,.,.,,,1,,1,,0,2.0,uuid:995ebfe7-f02b-417f-beb5-82bf5921d989,,,,,,,,,,,,,,,,29 Apr 2019,2019-04-29,,,,,,1.0,474.0,474.0,874.0,,0.0,,,,,,,,,,,,,,,,,1.0
5,4,699,0.0,2.0,21.0,0.0,23.0,2.0,21.0,0.0,23.0,64.0,1,,,2,70288.0,2018-04-13,uuid:68c51a7f-2f65-4735-9ca4-ca3cd7b19434,2018-04-13 11:27:03,2018-04-13 12:11:28,"Apr 13, 2018",3:27:00 PM,,,,56.0,56.0,1.0,1.0,28.0,BINDI,,,,2,,0.0,2010.0,Kananga,Apolo,0.0,,4.0,,DIMBELENGE,27,,,,48000.0,30000.0,0,5.0,4.0,5.0,OK,1.0,0.0,0.0,0.0,OK,2.0,2.0,OK,3.0,3.0,11:27:04,11:27:04,4.0,3.0,1.0,2.0,2.0,2.0,3.0,2.0,2.0,3.0,3.0,3.0,1,,1.0,,7.0,,1,,7,,2.0,,2,,0.0,4.0,1.0,2.0,2.0,3.0,1.0,1.0,4.0,3.0,3.0,2.0,200.0,800.0,7.0,5.0,3.0,1.0,0,,0.0,9.0,3,,0.0,.,.,0.0,.,.,9999,,1,.,1,.,0,1.0,uuid:68c51a7f-2f65-4735-9ca4-ca3cd7b19434,,,,,,.,,,,1.0,,,,,,29 Apr 2019,2019-04-29,,,,,,1.0,64.0,,,,,,,,,,,,,,,,,,,,N.U.,0.0,0.0,2018-06-09,uuid:a2e7204f-b931-4bb2-893c-82e5a5d4a534,2018-06-09 10:50:20,2018-06-09 11:45:02,"Jun 9, 2018",10:51:00 AM,70288.0,1.0,,,,,1.0,,.,.,,.,.,.,,,.,.,,,,,.,.,.,.,.,,,.,,,,OK,0.0,0.0,1.0,1.0,OK,1.0,2.0,OK,1.0,1.0,.,.,3.0,5.0,3.0,3.0,2.0,,,,,,,,.,,,,,,.,,.,,,,.,,,,,,,,,,,1.0,2.0,2.0,1000.0,0.0,9.0,8.0,6.0,5.0,.,.,,,.,.,,.,.,,.,.,.,.,1,.,1,.,0,2.0,uuid:a2e7204f-b931-4bb2-893c-82e5a5d4a534,,,,,,,,,,1.0,1.0,,,,,29 Apr 2019,2019-04-29,,,,,,1.0,296.0,296.0,696.0,,0.0,,,,,,,,,,,,,,,,N.U.,0.0
6,1,114,1.0,4.0,8.0,0.0,12.0,2.0,4.0,0.0,6.0,90.0,1,,,1,,2018-05-21,uuid:acd7c7e6-9c34-4730-b887-ee35efc0720b,2018-05-21 13:22:42,2018-05-21 13:54:52,"May 21, 2018",1:24:00 PM,,,,111.0,111.0,1.0,1.0,23.0,LUALUA,.,,,1,,1.0,,Katoka,Mpokolo,1.0,,4.0,,DIBAYA,4,,.,.,250000.0,3000.0,0,3.0,2.0,2.0,OK,1.0,0.0,1.0,0.0,OK,2.0,2.0,OK,2.0,2.0,13:22:42,13:22:42,5.0,5.0,3.0,3.0,2.0,2.0,2.0,2.0,2.0,2.0,2.0,3.0,8,,2.0,,1.0,,1,,1,,8.0,,2,,0.0,1.0,3.0,2.0,1.0,1.0,1.0,2.0,4.0,3.0,2.0,2.0,600.0,400.0,5.0,2.0,1.0,0.0,0,,0.0,1.0,2,,1.0,3,,1.0,other,Beau frère,9999,,1,.,1,.,0,2.0,uuid:acd7c7e6-9c34-4730-b887-ee35efc0720b,,,,,,,,,,1.0,,,,,,29 Apr 2019,2019-04-29,,,,,,1.0,90.0,,,,,,,,,,,,,,,,,,,,N.U.,0.0,0.0,2018-05-22,uuid:5899215c-83da-4387-8f64-aced73d64df5,2018-05-22 14:14:37,2018-05-22 15:06:40,"May 22, 2018",2:14:00 PM,,,,125.0,125.0,1.0,1.0,31.0,BINDI,.,,,3,,0.0,2009.0,Kananga,Tshisambi,1.0,,4.0,,KAZUMBA,9,,.,.,40000.0,5000.0,1 3 4 5,1.0,4.0,5.0,OK,1.0,0.0,0.0,0.0,OK,3.0,3.0,OK,2.0,2.0,14:14:38,14:14:38,4.0,3.0,1.0,2.0,1.0,2.0,4.0,2.0,2.0,2.0,2.0,3.0,1,,2.0,,2.0,,2,,3,,1.0,,2,,1.0,,1.0,1.0,1.0,1.0,1.0,3.0,1.0,1.0,1.0,3.0,900.0,100.0,8.0,5.0,4.0,2.0,0,,0.0,0.0,2,,0.0,,,0.0,,,6,,1,.,1,.,Il fallait beaucoup expliquer afin qu il comprenne si non il ne comprenait pas.,1.0,uuid:5899215c-83da-4387-8f64-aced73d64df5,,,,,,,,,,1.0,,,,,,29 Apr 2019,2019-04-29,,,,,,1.0,103.0,,,,,,,,,,,,,,,,,,,,N.U.,0.0
6,1,205,1.0,6.0,6.0,0.0,12.0,3.0,3.0,0.0,6.0,20.0,1,,55.0,1,,2018-04-06,uuid:7f5744b5-6d02-46a1-9264-de719773f4a9,2018-04-06 19:35:41,2018-04-06 20:17:36,"Apr 6, 2018",7:35:00 PM,,,,15.0,15.0,1.0,1.0,22.0,KUBA,,7.0,,1,,1.0,,Katoka,Mpokolo,1.0,,4.0,,MWEKA,0,,other,Electronicien,150000.0,7500.0,3,8.0,4.0,4.0,OK,1.0,1.0,0.0,1.0,OK,2.0,3.0,OK,2.0,2.0,10:35:42,10:35:42,5.0,3.0,3.0,3.0,1.0,2.0,2.0,4.0,2.0,2.0,2.0,2.0,1,,3.0,,2.0,,2,,2,,2.0,,2,,1.0,,2.0,2.0,2.0,1.0,2.0,3.0,4.0,1.0,1.0,2.0,800.0,200.0,8.0,7.0,5.0,4.0,0,,0.0,6.0,4,,1.0,4,.,0.0,.,.,7,,1,.,1,.,0,2.0,uuid:7f5744b5-6d02-46a1-9264-de719773f4a9,,,,,,.,,,,1.0,,,,,,29 Apr 2019,2019-04-29,,,,,,1.0,20.0,,,,,,,,,,,,,,,,,,,,N.U.,0.0,0.0,2018-04-11,uuid:e4d1925a-67fc-4ce6-a834-24f3e73f41ee,2018-04-11 16:55:43,2018-04-11 17:27:22,"Apr 11, 2018",4:55:00 PM,,,,51.0,51.0,1.0,1.0,29.0,LUALUA,,,,3,,1.0,,Katoka,Mpokolo,1.0,,4.0,,DEMBA,30,,,,100000.0,40000.0,0,0.0,4.0,5.0,OK,1.0,1.0,0.0,0.0,OK,1.0,1.0,OK,1.0,1.0,16:55:45,16:55:45,3.0,3.0,2.0,2.0,2.0,2.0,3.0,1.0,3.0,2.0,1.0,4.0,8,,3.0,,7.0,,2,,1,,2.0,,2,,1.0,,1.0,1.0,3.0,2.0,2.0,2.0,4.0,1.0,1.0,2.0,500.0,500.0,10.0,8.0,5.0,3.0,0,,3.0,3.0,3,,0.0,.,.,0.0,.,.,4,,1,.,1,.,0,1.0,uuid:e4d1925a-67fc-4ce6-a834-24f3e73f41ee,,,,,,.,,,,1.0,,,,,,29 Apr 2019,2019-04-29,,,,,,1.0,55.0,,,,,,,,,,,,,,,,,,,,N.U.,0.0
6,1,225,1.0,3.0,9.0,0.0,12.0,1.5,4.5,0.0,6.0,77.0,1,,,1,,2018-04-27,uuid:576d33a5-e205-411e-ae9b-7ad03c97f91b,2018-04-27 11:17:43,2018-04-27 12:04:53,"Apr 27, 2018",11:17:00 AM,,,,89.0,89.0,1.0,1.0,27.0,LUALUA,.,,,2,,0.0,2000.0,Kananga,Tshisambi,1.0,,4.0,,LUIZA,22,,.,.,640000.0,200000.0,3 4,2.0,4.0,5.0,OK,1.0,1.0,0.0,0.0,OK,3.0,3.0,OK,3.0,3.0,11:17:43,11:17:43,3.0,3.0,2.0,3.0,2.0,1.0,2.0,1.0,1.0,1.0,1.0,1.0,1,,1.0,,1.0,,1,,3,,1.0,,1,,0.0,1.0,2.0,4.0,2.0,2.0,3.0,1.0,4.0,1.0,1.0,3.0,600.0,400.0,7.0,6.0,4.0,3.0,0,,1.0,2.0,3,,0.0,,,0.0,,,6,,1,.,1,.,0,1.0,uuid:576d33a5-e205-411e-ae9b-7ad03c97f91b,,,,,,,,,,1.0,,,,,,29 Apr 2019,2019-04-29,,,,,,1.0,78.0,,,,,,,,,,,,,,,,,,,,N.U.,0.0,0.0,2018-11-06,uuid:30749c98-2665-49db-b0da-a0eba304e879,2018-11-06 16:33:09,2018-11-06 17:14:34,"Nov 6, 2018",4:33:00 PM,,,,127.0,127.0,1.0,1.0,31.0,LULUWA,.,,Bena diulu,3,,0.0,2000.0,Ndesha,Tshibandabanda,1.0,,4.0,,DEMBA,4,,,,135000.0,31500.0,3 6,3.0,3.0,6.0,OK,1.0,1.0,1.0,1.0,OK,1.0,1.0,OK,1.0,1.0,.,.,5.0,3.0,1.0,3.0,2.0,2.0,3.0,2.0,3.0,2.0,4.0,3.0,1,,1.0,,1.0,,1,,3,,1.0,,1,,0.0,4.0,2.0,4.0,2.0,1.0,2.0,2.0,4.0,1.0,1.0,2.0,500.0,500.0,8.0,6.0,5.0,4.0,0,,0.0,1.0,1,.,0.0,.,.,0.0,.,.,4,,1,,1,,0,1.0,uuid:30749c98-2665-49db-b0da-a0eba304e879,,,,,,,,,,,,,,,,29 Apr 2019,2019-04-29,,,,,,1.0,111.0,,,,,,,,,,,,,,,,,,,,N.U.,1.0
6,1,346,1.0,5.0,7.0,0.0,12.0,2.5,3.5,0.0,6.0,82.0,1,,27.0,1,,2018-04-30,uuid:45b7e49c-0d35-4963-a969-6c0aec4af364,2018-04-30 09:11:14,2018-04-30 10:09:56,"Apr 30, 2018",9:31:00 AM,,,,108.0,108.0,1.0,1.0,25.0,LUALUA,.,,,12,,0.0,2002.0,Katoka,Kapanda,1.0,,4.0,,KAMONIA,27,,.,.,50000.0,10000.0,3,2.0,4.0,5.0,OK,1.0,1.0,0.0,0.0,OK,2.0,2.0,OK,1.0,1.0,09:11:15,09:11:15,5.0,3.0,3.0,2.0,2.0,1.0,2.0,2.0,3.0,3.0,1.0,2.0,8,,1.0,,8.0,,2,,1,,8.0,,2,,0.0,4.0,2.0,3.0,3.0,1.0,1.0,2.0,4.0,1.0,1.0,1.0,500.0,500.0,5.0,2.0,1.0,0.0,other,Il était là comme stagiaire,0.0,3.0,other,L'université l'avait recommandé d'aller faire son stage à la dgrkoc,0.0,,,0.0,,,9999,,1,.,1,.,0,1.0,uuid:45b7e49c-0d35-4963-a969-6c0aec4af364,,,,,,,,,,1.0,,,,,,29 Apr 2019,2019-04-29,,,,,,1.0,82.0,,,,,,,,,,,,,,,,,,,,N.U.,0.0,0.0,2018-04-08,uuid:b3a81225-8ee2-48c5-8016-c430a8a13eb4,2018-04-08 11:24:51,2018-04-08 12:09:32,"Apr 8, 2018",11:25:00 AM,,,,5.0,5.0,1.0,1.0,23.0,LUALUA,,,,7,,1.0,,Katoka,Mpokolo,1.0,,4.0,,DEMBA,23,,,,90000.0,30000.0,3,8.0,3.0,2.0,OK,1.0,1.0,1.0,1.0,OK,2.0,2.0,OK,2.0,2.0,11:24:52,11:24:52,3.0,3.0,3.0,3.0,1.0,2.0,2.0,2.0,2.0,2.0,2.0,2.0,2,,2.0,,2.0,,2,,2,,2.0,,2,,1.0,,3.0,4.0,1.0,1.0,1.0,2.0,4.0,1.0,1.0,1.0,1000.0,0.0,8.0,5.0,3.0,1.0,0,,0.0,0.0,4,,1.0,3,.,1.0,3,.,other,Un frère de la famille,1,.,1,.,0,1.0,uuid:b3a81225-8ee2-48c5-8016-c430a8a13eb4,,,,,,.,,,,1.0,,,,,,29 Apr 2019,2019-04-29,,,,,,1.0,27.0,,,,,,,,,,,,,,,,,,,,N.U.,0.0
6,1,528,1.0,6.0,6.0,0.0,12.0,3.0,3.0,0.0,6.0,20.0,1,,55.0,1,,2018-04-06,uuid:7f5744b5-6d02-46a1-9264-de719773f4a9,2018-04-06 19:35:41,2018-04-06 20:17:36,"Apr 6, 2018",7:35:00 PM,,,,15.0,15.0,1.0,1.0,22.0,KUBA,,7.0,,1,,1.0,,Katoka,Mpokolo,1.0,,4.0,,MWEKA,0,,other,Electronicien,150000.0,7500.0,3,8.0,4.0,4.0,OK,1.0,1.0,0.0,1.0,OK,2.0,3.0,OK,2.0,2.0,10:35:42,10:35:42,5.0,3.0,3.0,3.0,1.0,2.0,2.0,4.0,2.0,2.0,2.0,2.0,1,,3.0,,2.0,,2,,2,,2.0,,2,,1.0,,2.0,2.0,2.0,1.0,2.0,3.0,4.0,1.0,1.0,2.0,800.0,200.0,8.0,7.0,5.0,4.0,0,,0.0,6.0,4,,1.0,4,.,0.0,.,.,7,,1,.,1,.,0,2.0,uuid:7f5744b5-6d02-46a1-9264-de719773f4a9,,,,,,.,,,,1.0,,,,,,29 Apr 2019,2019-04-29,,,,,,1.0,20.0,,,,,,,,,,,,,,,,,,,,N.U.,0.0,0.0,2018-04-11,uuid:e4d1925a-67fc-4ce6-a834-24f3e73f41ee,2018-04-11 16:55:43,2018-04-11 17:27:22,"Apr 11, 2018",4:55:00 PM,,,,51.0,51.0,1.0,1.0,29.0,LUALUA,,,,3,,1.0,,Katoka,Mpokolo,1.0,,4.0,,DEMBA,30,,,,100000.0,40000.0,0,0.0,4.0,5.0,OK,1.0,1.0,0.0,0.0,OK,1.0,1.0,OK,1.0,1.0,16:55:45,16:55:45,3.0,3.0,2.0,2.0,2.0,2.0,3.0,1.0,3.0,2.0,1.0,4.0,8,,3.0,,7.0,,2,,1,,2.0,,2,,1.0,,1.0,1.0,3.0,2.0,2.0,2.0,4.0,1.0,1.0,2.0,500.0,500.0,10.0,8.0,5.0,3.0,0,,3.0,3.0,3,,0.0,.,.,0.0,.,.,4,,1,.,1,.,0,1.0,uuid:e4d1925a-67fc-4ce6-a834-24f3e73f41ee,,,,,,.,,,,1.0,,,,,,29 Apr 2019,2019-04-29,,,,,,1.0,55.0,,,,,,,,,,,,,,,,,,,,N.U.,0.0
6,1,535,1.0,3.0,9.0,0.0,12.0,1.5,4.5,0.0,6.0,77.0,1,,,1,,2018-04-27,uuid:576d33a5-e205-411e-ae9b-7ad03c97f91b,2018-04-27 11:17:43,2018-04-27 12:04:53,"Apr 27, 2018",11:17:00 AM,,,,89.0,89.0,1.0,1.0,27.0,LUALUA,.,,,2,,0.0,2000.0,Kananga,Tshisambi,1.0,,4.0,,LUIZA,22,,.,.,640000.0,200000.0,3 4,2.0,4.0,5.0,OK,1.0,1.0,0.0,0.0,OK,3.0,3.0,OK,3.0,3.0,11:17:43,11:17:43,3.0,3.0,2.0,3.0,2.0,1.0,2.0,1.0,1.0,1.0,1.0,1.0,1,,1.0,,1.0,,1,,3,,1.0,,1,,0.0,1.0,2.0,4.0,2.0,2.0,3.0,1.0,4.0,1.0,1.0,3.0,600.0,400.0,7.0,6.0,4.0,3.0,0,,1.0,2.0,3,,0.0,,,0.0,,,6,,1,.,1,.,0,1.0,uuid:576d33a5-e205-411e-ae9b-7ad03c97f91b,,,,,,,,,,1.0,,,,,,29 Apr 2019,2019-04-29,,,,,,1.0,78.0,,,,,,,,,,,,,,,,,,,,N.U.,0.0,0.0,2018-11-06,uuid:30749c98-2665-49db-b0da-a0eba304e879,2018-11-06 16:33:09,2018-11-06 17:14:34,"Nov 6, 2018",4:33:00 PM,,,,127.0,127.0,1.0,1.0,31.0,LULUWA,.,,Bena diulu,3,,0.0,2000.0,Ndesha,Tshibandabanda,1.0,,4.0,,DEMBA,4,,,,135000.0,31500.0,3 6,3.0,3.0,6.0,OK,1.0,1.0,1.0,1.0,OK,1.0,1.0,OK,1.0,1.0,.,.,5.0,3.0,1.0,3.0,2.0,2.0,3.0,2.0,3.0,2.0,4.0,3.0,1,,1.0,,1.0,,1,,3,,1.0,,1,,0.0,4.0,2.0,4.0,2.0,1.0,2.0,2.0,4.0,1.0,1.0,2.0,500.0,500.0,8.0,6.0,5.0,4.0,0,,0.0,1.0,1,.,0.0,.,.,0.0,.,.,4,,1,,1,,0,1.0,uuid:30749c98-2665-49db-b0da-a0eba304e879,,,,,,,,,,,,,,,,29 Apr 2019,2019-04-29,,,,,,1.0,111.0,,,,,,,,,,,,,,,,,,,,N.U.,1.0
6,1,572,1.0,4.0,8.0,0.0,12.0,2.0,4.0,0.0,6.0,90.0,1,,,1,,2018-05-21,uuid:acd7c7e6-9c34-4730-b887-ee35efc0720b,2018-05-21 13:22:42,2018-05-21 13:54:52,"May 21, 2018",1:24:00 PM,,,,111.0,111.0,1.0,1.0,23.0,LUALUA,.,,,1,,1.0,,Katoka,Mpokolo,1.0,,4.0,,DIBAYA,4,,.,.,250000.0,3000.0,0,3.0,2.0,2.0,OK,1.0,0.0,1.0,0.0,OK,2.0,2.0,OK,2.0,2.0,13:22:42,13:22:42,5.0,5.0,3.0,3.0,2.0,2.0,2.0,2.0,2.0,2.0,2.0,3.0,8,,2.0,,1.0,,1,,1,,8.0,,2,,0.0,1.0,3.0,2.0,1.0,1.0,1.0,2.0,4.0,3.0,2.0,2.0,600.0,400.0,5.0,2.0,1.0,0.0,0,,0.0,1.0,2,,1.0,3,,1.0,other,Beau frère,9999,,1,.,1,.,0,2.0,uuid:acd7c7e6-9c34-4730-b887-ee35efc0720b,,,,,,,,,,1.0,,,,,,29 Apr 2019,2019-04-29,,,,,,1.0,90.0,,,,,,,,,,,,,,,,,,,,N.U.,0.0,0.0,2018-05-22,uuid:5899215c-83da-4387-8f64-aced73d64df5,2018-05-22 14:14:37,2018-05-22 15:06:40,"May 22, 2018",2:14:00 PM,,,,125.0,125.0,1.0,1.0,31.0,BINDI,.,,,3,,0.0,2009.0,Kananga,Tshisambi,1.0,,4.0,,KAZUMBA,9,,.,.,40000.0,5000.0,1 3 4 5,1.0,4.0,5.0,OK,1.0,0.0,0.0,0.0,OK,3.0,3.0,OK,2.0,2.0,14:14:38,14:14:38,4.0,3.0,1.0,2.0,1.0,2.0,4.0,2.0,2.0,2.0,2.0,3.0,1,,2.0,,2.0,,2,,3,,1.0,,2,,1.0,,1.0,1.0,1.0,1.0,1.0,3.0,1.0,1.0,1.0,3.0,900.0,100.0,8.0,5.0,4.0,2.0,0,,0.0,0.0,2,,0.0,,,0.0,,,6,,1,.,1,.,Il fallait beaucoup expliquer afin qu il comprenne si non il ne comprenait pas.,1.0,uuid:5899215c-83da-4387-8f64-aced73d64df5,,,,,,,,,,1.0,,,,,,29 Apr 2019,2019-04-29,,,,,,1.0,103.0,,,,,,,,,,,,,,,,,,,,N.U.,0.0
6,1,606,1.0,5.0,7.0,0.0,12.0,2.5,3.5,0.0,6.0,9.0,1,,37.0,1,,2018-04-06,uuid:ded3e597-b17f-46a1-8df5-253e81cb6f37,2018-04-06 11:58:06,,"Apr 6, 2018",11:58:00 AM,,,,18.0,18.0,1.0,1.0,30.0,LULUWA,,,Bena diulu,3,,1.0,,Lukonga,Dikongayi,,,4.0,,DEMBA,27,,,,100000.0,50000.0,4,7.0,4.0,5.0,OK,1.0,1.0,1.0,1.0,OK,1.0,2.0,OK,1.0,1.0,11:58:08,11:58:08,3.0,3.0,3.0,3.0,2.0,1.0,1.0,1.0,1.0,2.0,2.0,2.0,1,,1.0,,1.0,,1,,1,,1.0,,1,,0.0,1.0,3.0,2.0,3.0,3.0,2.0,3.0,1.0,1.0,1.0,2.0,800.0,200.0,10.0,8.0,7.0,5.0,0,,1.0,6.0,3,,1.0,3,.,0.0,.,.,2,,1,.,5,.,0,1.0,uuid:ded3e597-b17f-46a1-8df5-253e81cb6f37,,,,,,.,,,,1.0,,,,,,29 Apr 2019,2019-04-29,,,,,,1.0,9.0,,,,,,,,,,,,,,,,,,,,N.U.,0.0,0.0,2018-04-09,uuid:a65038b1-c402-4bcb-8786-436f431c5ee7,2018-04-09 10:52:39,2018-04-09 11:21:29,"Apr 9, 2018",10:53:00 AM,,,,75.0,75.0,1.0,1.0,21.0,LULUWA,,,Tshialu mukombo,3,,0.0,2010.0,Katoka,Mpokolo,1.0,,4.0,,KAZUMBA,0,,other,Prise en charge familiale,0.0,0.0,0,8.0,3.0,6.0,OK,1.0,0.0,1.0,0.0,OK,2.0,3.0,OK,1.0,1.0,10:52:40,10:52:40,3.0,3.0,4.0,3.0,2.0,1.0,4.0,1.0,2.0,4.0,1.0,4.0,3,,2.0,,1.0,,2,,3,,1.0,,1,,0.0,4.0,1.0,3.0,3.0,3.0,3.0,1.0,4.0,1.0,1.0,2.0,0.0,0.0,8.0,5.0,5.0,3.0,0,,0.0,1.0,4,,0.0,.,.,0.0,.,.,4,,1,.,5,.,0,1.0,uuid:a65038b1-c402-4bcb-8786-436f431c5ee7,,,,,,.,,,,1.0,,,,,,29 Apr 2019,2019-04-29,,,,,,1.0,37.0,,,,,,,,,,,,,,,,1.0,,,1.0,N.U.,0.0
6,1,617,1.0,5.0,7.0,0.0,12.0,2.5,3.5,0.0,6.0,9.0,1,,37.0,1,,2018-04-06,uuid:ded3e597-b17f-46a1-8df5-253e81cb6f37,2018-04-06 11:58:06,,"Apr 6, 2018",11:58:00 AM,,,,18.0,18.0,1.0,1.0,30.0,LULUWA,,,Bena diulu,3,,1.0,,Lukonga,Dikongayi,,,4.0,,DEMBA,27,,,,100000.0,50000.0,4,7.0,4.0,5.0,OK,1.0,1.0,1.0,1.0,OK,1.0,2.0,OK,1.0,1.0,11:58:08,11:58:08,3.0,3.0,3.0,3.0,2.0,1.0,1.0,1.0,1.0,2.0,2.0,2.0,1,,1.0,,1.0,,1,,1,,1.0,,1,,0.0,1.0,3.0,2.0,3.0,3.0,2.0,3.0,1.0,1.0,1.0,2.0,800.0,200.0,10.0,8.0,7.0,5.0,0,,1.0,6.0,3,,1.0,3,.,0.0,.,.,2,,1,.,5,.,0,1.0,uuid:ded3e597-b17f-46a1-8df5-253e81cb6f37,,,,,,.,,,,1.0,,,,,,29 Apr 2019,2019-04-29,,,,,,1.0,9.0,,,,,,,,,,,,,,,,,,,,N.U.,0.0,0.0,2018-04-09,uuid:a65038b1-c402-4bcb-8786-436f431c5ee7,2018-04-09 10:52:39,2018-04-09 11:21:29,"Apr 9, 2018",10:53:00 AM,,,,75.0,75.0,1.0,1.0,21.0,LULUWA,,,Tshialu mukombo,3,,0.0,2010.0,Katoka,Mpokolo,1.0,,4.0,,KAZUMBA,0,,other,Prise en charge familiale,0.0,0.0,0,8.0,3.0,6.0,OK,1.0,0.0,1.0,0.0,OK,2.0,3.0,OK,1.0,1.0,10:52:40,10:52:40,3.0,3.0,4.0,3.0,2.0,1.0,4.0,1.0,2.0,4.0,1.0,4.0,3,,2.0,,1.0,,2,,3,,1.0,,1,,0.0,4.0,1.0,3.0,3.0,3.0,3.0,1.0,4.0,1.0,1.0,2.0,0.0,0.0,8.0,5.0,5.0,3.0,0,,0.0,1.0,4,,0.0,.,.,0.0,.,.,4,,1,.,5,.,0,1.0,uuid:a65038b1-c402-4bcb-8786-436f431c5ee7,,,,,,.,,,,1.0,,,,,,29 Apr 2019,2019-04-29,,,,,,1.0,37.0,,,,,,,,,,,,,,,,1.0,,,1.0,N.U.,0.0
6,1,620,1.0,5.0,7.0,0.0,12.0,2.5,3.5,0.0,6.0,82.0,1,,27.0,1,,2018-04-30,uuid:45b7e49c-0d35-4963-a969-6c0aec4af364,2018-04-30 09:11:14,2018-04-30 10:09:56,"Apr 30, 2018",9:31:00 AM,,,,108.0,108.0,1.0,1.0,25.0,LUALUA,.,,,12,,0.0,2002.0,Katoka,Kapanda,1.0,,4.0,,KAMONIA,27,,.,.,50000.0,10000.0,3,2.0,4.0,5.0,OK,1.0,1.0,0.0,0.0,OK,2.0,2.0,OK,1.0,1.0,09:11:15,09:11:15,5.0,3.0,3.0,2.0,2.0,1.0,2.0,2.0,3.0,3.0,1.0,2.0,8,,1.0,,8.0,,2,,1,,8.0,,2,,0.0,4.0,2.0,3.0,3.0,1.0,1.0,2.0,4.0,1.0,1.0,1.0,500.0,500.0,5.0,2.0,1.0,0.0,other,Il était là comme stagiaire,0.0,3.0,other,L'université l'avait recommandé d'aller faire son stage à la dgrkoc,0.0,,,0.0,,,9999,,1,.,1,.,0,1.0,uuid:45b7e49c-0d35-4963-a969-6c0aec4af364,,,,,,,,,,1.0,,,,,,29 Apr 2019,2019-04-29,,,,,,1.0,82.0,,,,,,,,,,,,,,,,,,,,N.U.,0.0,0.0,2018-04-08,uuid:b3a81225-8ee2-48c5-8016-c430a8a13eb4,2018-04-08 11:24:51,2018-04-08 12:09:32,"Apr 8, 2018",11:25:00 AM,,,,5.0,5.0,1.0,1.0,23.0,LUALUA,,,,7,,1.0,,Katoka,Mpokolo,1.0,,4.0,,DEMBA,23,,,,90000.0,30000.0,3,8.0,3.0,2.0,OK,1.0,1.0,1.0,1.0,OK,2.0,2.0,OK,2.0,2.0,11:24:52,11:24:52,3.0,3.0,3.0,3.0,1.0,2.0,2.0,2.0,2.0,2.0,2.0,2.0,2,,2.0,,2.0,,2,,2,,2.0,,2,,1.0,,3.0,4.0,1.0,1.0,1.0,2.0,4.0,1.0,1.0,1.0,1000.0,0.0,8.0,5.0,3.0,1.0,0,,0.0,0.0,4,,1.0,3,.,1.0,3,.,other,Un frère de la famille,1,.,1,.,0,1.0,uuid:b3a81225-8ee2-48c5-8016-c430a8a13eb4,,,,,,.,,,,1.0,,,,,,29 Apr 2019,2019-04-29,,,,,,1.0,27.0,,,,,,,,,,,,,,,,,,,,N.U.,0.0
6,2,214,0.0,4.0,8.0,0.0,12.0,4.0,8.0,0.0,12.0,258.0,2,21432.0,,3,,2018-06-05,uuid:aac61b78-8941-40f1-81d6-1b7309b2c6b9,2018-06-05 13:03:53,2018-06-05 13:28:50,"Jun 5, 2018",1:04:00 PM,21432.0,1.0,,,,,1.0,,.,.,,.,.,.,,,.,.,,,,,.,.,.,.,.,,,.,,,,OK,1.0,1.0,0.0,0.0,OK,2.0,2.0,OK,2.0,1.0,.,.,3.0,4.0,2.0,2.0,2.0,,,,,,,,.,,,,,,.,,.,,,,.,,,,,,,,,,,1.0,2.0,2.0,700.0,300.0,10.0,8.0,7.0,6.0,.,.,,,.,.,,.,.,,.,.,.,.,4,.,,.,"Le telephone est abime, c’est a dire qu’il est injoignable",2.0,uuid:aac61b78-8941-40f1-81d6-1b7309b2c6b9,,,,,,,,,,3.0,1.0,,,,,29 Apr 2019,2019-04-29,,,,,,1.0,258.0,258.0,658.0,,0.0,,,,,,,,,,,,,,,,N.U.,0.0,0.0,,,,,,,,,,,,,,,,,,,,,,,,,,,,,,,,,,,,,,,,,,,,,,,,,,,,,,,,,,,,,,,,,,,,,,,,,,,,,,,,,,,,,,,,,,,,,,,,,,,,,,,,,,,,,,,,,,,,,,,,,,,,,,,,,,,,,,,,,,,,,,,,,,,,,,,,,,,,,,,,,,
6,2,234,0.0,1.0,11.0,0.0,12.0,1.0,11.0,0.0,12.0,260.0,2,23449.0,,3,,2018-06-05,uuid:38ee4abc-018c-4cb2-a9a0-461b6a177c32,2018-06-05 15:36:32,2018-06-05 16:04:02,"Jun 5, 2018",3:36:00 PM,23449.0,1.0,,,,,1.0,,.,.,,.,.,.,,,.,.,,,,,.,.,.,.,.,,,.,,,,OK,1.0,1.0,1.0,0.0,OK,2.0,1.0,OK,4.0,4.0,.,.,5.0,3.0,3.0,3.0,1.0,,,,,,,,.,,,,,,.,,.,,,,.,,,,,,,,,,,1.0,2.0,2.0,800.0,200.0,5.0,3.0,2.0,0.0,.,.,,,.,.,,.,.,,.,.,.,.,1,.,1,.,Très vieux mais presentant la disponibilité et performence,2.0,uuid:38ee4abc-018c-4cb2-a9a0-461b6a177c32,,,,,,,,,,1.0,1.0,,,,,29 Apr 2019,2019-04-29,,,,,,1.0,260.0,260.0,660.0,,0.0,,,,,,,,,,,,,,,,N.U.,0.0,0.0,2019-02-26,uuid:94ce5f34-4d87-4a72-a1bb-6d2511128bf7,2019-02-26 07:44:52,2019-02-26 08:23:38,"Feb 26, 2019",7:44:00 AM,23449.0,,1.0,,,1.0,1.0,34.0,LULUWA,.,19.0,,1,,0.0,,Lukonga,Dikongayi,1.0,,4.0,,DIBAYA,other,Journalier chez orange,,,48000.0,35000.0,0,10.0,3.0,6.0,OK,1.0,1.0,1.0,1.0,OK,2.0,1.0,OK,2.0,3.0,.,.,4.0,4.0,1.0,3.0,2.0,2.0,4.0,3.0,2.0,2.0,2.0,2.0,2,,8.0,,2.0,,2,,8,,2.0,,2,,0.0,1.0,2.0,2.0,4.0,1.0,2.0,1.0,4.0,2.0,2.0,2.0,300.0,700.0,6.0,3.0,1.0,0.0,,,,,.,.,,.,.,,.,.,,,1,,1,,0,2.0,uuid:94ce5f34-4d87-4a72-a1bb-6d2511128bf7,,,,,,,,,,,,,,,,29 Apr 2019,2019-04-29,,,,,,1.0,333.0,,,445.0,,,0.0,,,,,,,,,,,,,,,2.0
6,2,310,0.0,1.0,11.0,0.0,12.0,1.0,11.0,0.0,12.0,257.0,2,31085.0,,3,,2018-06-05,uuid:21353ddd-6964-4b1c-a180-56db863b863e,2018-06-05 11:45:08,2018-06-05 12:10:27,"Jun 5, 2018",11:45:00 AM,31085.0,1.0,,,,,1.0,,.,.,,.,.,.,,,.,.,,,,,.,.,.,.,.,,,.,,,,OK,1.0,1.0,0.0,1.0,OK,2.0,3.0,OK,3.0,4.0,.,.,5.0,5.0,2.0,3.0,2.0,,,,,,,,.,,,,,,.,,.,,,,.,,,,,,,,,,,2.0,2.0,2.0,600.0,400.0,6.0,5.0,3.0,1.0,.,.,,,.,.,,.,.,,.,.,.,.,.,.,,.,0,2.0,uuid:21353ddd-6964-4b1c-a180-56db863b863e,,,,,,,,,,1.0,1.0,,,,,29 Apr 2019,2019-04-29,,,,,,1.0,257.0,257.0,657.0,,0.0,,,,,,,,,,,,,,,,N.U.,0.0,0.0,2019-02-26,uuid:1fae2794-d16c-41ae-9949-14687c5f3610,2019-02-26 09:43:39,2019-02-26 10:17:17,"Feb 26, 2019",9:43:00 AM,31085.0,,0.0,,,1.0,1.0,32.0,LULUWA,.,,Bena mukangala,2,,1.0,,Katoka,Tukombe,1.0,,4.0,,KANANGA,27,,,,45000.0,10000.0,3,2.0,4.0,5.0,OK,1.0,1.0,1.0,0.0,OK,1.0,1.0,OK,1.0,1.0,.,.,3.0,3.0,1.0,3.0,2.0,1.0,1.0,1.0,1.0,1.0,1.0,1.0,1,,2.0,,1.0,,1,,3,,1.0,,1,,1.0,,2.0,2.0,2.0,2.0,2.0,2.0,4.0,2.0,2.0,1.0,1000.0,0.0,7.0,6.0,4.0,2.0,,,,,.,.,,.,.,,.,.,,,1,,6,,0,1.0,uuid:1fae2794-d16c-41ae-9949-14687c5f3610,,,,,,,,,,,,,,,,29 Apr 2019,2019-04-29,,,,,,1.0,335.0,,,445.0,,,0.0,,,,,,,,,,,,,,,2.0
6,2,339,0.0,3.0,9.0,0.0,12.0,3.0,9.0,0.0,12.0,256.0,2,33983.0,0.0,3,,2018-06-05,uuid:f886d48c-76dc-4aa2-8136-f5a8b42fd0c6,2018-06-05 11:33:33,2018-06-05 13:54:06,"Jun 5, 2018",11:34:00 AM,33983.0,1.0,,,,,1.0,,.,.,,.,.,.,,,.,.,,,,,.,.,.,.,.,,,.,,,,OK,1.0,1.0,1.0,1.0,OK,2.0,2.0,OK,2.0,2.0,.,.,5.0,3.0,4.0,3.0,2.0,,,,,,,,.,,,,,,.,,.,,,,.,,,,,,,,,,,2.0,2.0,2.0,0.0,1000.0,9.0,7.0,6.0,4.0,.,.,,,.,.,,.,.,,.,.,.,.,6,.,6,.,0,2.0,uuid:f886d48c-76dc-4aa2-8136-f5a8b42fd0c6,,,,,,,,,,1.0,1.0,,,,,29 Apr 2019,2019-04-29,,,,,,1.0,256.0,256.0,656.0,,0.0,,,,,,,,,,,,,,,,N.U.,0.0,0.0,2018-06-11,uuid:1f7b7b71-a758-45e8-8838-3b766f509864,2018-06-11 18:04:39,2018-06-11 18:29:00,"Jun 11, 2018",5:04:00 PM,33983.0,,1.0,,,2.0,1.0,58.0,LULUWA,.,38.0,,2,,1.0,,Katoka,Kapanda,0.0,,4.0,,KAZUMBA,9,,,,20000.0,5000.0,0,2.0,2.0,6.0,OK,1.0,1.0,1.0,1.0,OK,1.0,1.0,OK,2.0,1.0,.,.,3.0,3.0,3.0,3.0,2.0,1.0,1.0,4.0,1.0,1.0,1.0,4.0,1,,1.0,,1.0,,1,,1,,1.0,,1,,0.0,4.0,1.0,1.0,1.0,1.0,1.0,2.0,2.0,2.0,1.0,2.0,0.0,1000.0,5.0,3.0,2.0,0.0,,,,,.,.,,.,.,,.,.,,,,,,,0,2.0,uuid:1f7b7b71-a758-45e8-8838-3b766f509864,,,,,,,,,,,,,,,,29 Apr 2019,2019-04-29,,,,,,1.0,,,,445.0,,,0.0,,,,,,,,,,,,,,,0.0
6,2,351,0.0,1.0,11.0,0.0,12.0,1.0,11.0,0.0,12.0,294.0,2,3518.0,0.0,3,,2018-06-08,uuid:52769a0d-6d35-4d68-8f12-6b758ea4f876,2018-06-08 13:12:12,2018-06-08 13:45:13,"Jun 8, 2018",1:12:00 PM,3518.0,1.0,,,,,1.0,,.,.,,.,.,.,,,.,.,,,,,.,.,.,.,.,,,.,,,,OK,1.0,1.0,1.0,1.0,OK,2.0,1.0,OK,1.0,1.0,.,.,5.0,5.0,3.0,3.0,2.0,,,,,,,,.,,,,,,.,,.,,,,.,,,,,,,,,,,1.0,1.0,1.0,1000.0,0.0,10.0,5.0,3.0,1.0,.,.,,,.,.,,.,.,,.,.,.,.,6,.,,.,0,2.0,uuid:52769a0d-6d35-4d68-8f12-6b758ea4f876,,,,,,,,,,1.0,1.0,,,,,29 Apr 2019,2019-04-29,,,,,,1.0,294.0,294.0,694.0,,0.0,,,,,,,,,,,,,,,,N.U.,0.0,0.0,2018-06-20,uuid:25229314-6ab0-45ac-ba2b-0d9187b8c765,2018-06-20 17:43:08,2018-06-20 18:10:06,"Jun 20, 2018",4:43:00 PM,3518.0,,1.0,,,1.0,1.0,48.0,LULUWA,.,44.0,,8,,1.0,,Katoka,Mpokolo,1.0,,4.0,,DIBAYA,11,,,,70000.0,20000.0,0,7.0,3.0,6.0,OK,1.0,1.0,0.0,1.0,OK,2.0,2.0,OK,2.0,2.0,.,.,3.0,5.0,3.0,3.0,1.0,2.0,2.0,2.0,2.0,2.0,2.0,2.0,2,,3.0,,2.0,,2,,3,,2.0,,2,,1.0,,1.0,1.0,1.0,1.0,1.0,3.0,4.0,2.0,2.0,2.0,900.0,100.0,7.0,5.0,3.0,1.0,,,,,.,.,,.,.,,.,.,,,,,,,0,2.0,uuid:25229314-6ab0-45ac-ba2b-0d9187b8c765,,,,,,,,,,,,,,,,29 Apr 2019,2019-04-29,,,,,,1.0,,,,445.0,,,0.0,,,,,,,,,,,,,,,1.0
6,2,354,0.0,4.0,8.0,0.0,12.0,4.0,8.0,0.0,12.0,266.0,2,35410.0,,3,,2018-06-06,uuid:4935ff00-8118-4298-93d5-839100af8eff,2018-06-06 09:58:09,2018-06-06 10:19:05,"Jun 6, 2018",9:58:00 AM,35410.0,1.0,,,,,1.0,,.,.,,.,.,.,,,.,.,,,,,.,.,.,.,.,,,.,,,,OK,1.0,1.0,0.0,1.0,OK,1.0,1.0,OK,1.0,2.0,.,.,5.0,5.0,3.0,3.0,2.0,,,,,,,,.,,,,,,.,,.,,,,.,,,,,,,,,,,2.0,2.0,2.0,900.0,100.0,8.0,7.0,5.0,5.0,.,.,,,.,.,,.,.,,.,.,.,.,6,.,,.,0,2.0,uuid:4935ff00-8118-4298-93d5-839100af8eff,,,,,,,,,,1.0,1.0,,,,,29 Apr 2019,2019-04-29,,,,,,1.0,266.0,266.0,666.0,,0.0,,,,,,,,,,,,,,1.0,1.0,N.U.,0.0,0.0,2019-02-25,uuid:2eb73722-e9cb-429f-b596-2aa814b17190,2019-02-25 08:28:21,2019-02-25 09:15:04,"Feb 25, 2019",8:28:00 AM,35410.0,,1.0,,,1.0,1.0,40.0,NYAMBI,.,,,9,,0.0,2008.0,Katoka,Mpokolo,1.0,,4.0,,KAMONIA,27,,,,100000.0,40000.0,1 6,2.0,4.0,2.0,OK,1.0,1.0,0.0,1.0,OK,1.0,1.0,OK,1.0,1.0,.,.,5.0,3.0,3.0,3.0,2.0,1.0,4.0,4.0,1.0,1.0,1.0,1.0,1,,1.0,,1.0,,1,,1,,1.0,,1,,1.0,,1.0,1.0,1.0,1.0,1.0,4.0,4.0,3.0,1.0,1.0,700.0,300.0,7.0,4.0,2.0,0.0,,,,,.,.,,.,.,,.,.,,,1,,1,,0,2.0,uuid:2eb73722-e9cb-429f-b596-2aa814b17190,,,,,,,,,,,,,,,,29 Apr 2019,2019-04-29,,,,,,1.0,320.0,,,445.0,,,0.0,,,,,,,,,,,,,,,2.0
6,2,361,0.0,1.0,11.0,0.0,12.0,1.0,11.0,0.0,12.0,,2,36183.0,0.0,3,,2018-11-13,uuid:9b3cda73-3b41-47a0-91e6-796014f5aef4,2018-11-13 12:53:11,2018-11-13 13:23:57,"Nov 13, 2018",12:53:00 PM,36183.0,1.0,,,,,1.0,,,.,,,,,,,,,,,,,,,,,,,,,,,,OK,1.0,1.0,1.0,1.0,OK,2.0,1.0,OK,1.0,1.0,.,.,3.0,3.0,3.0,3.0,2.0,,,,,,,,.,,,,,,.,,.,,,,,,,,,,,,,,,1.0,1.0,2.0,1000.0,0.0,7.0,6.0,4.0,3.0,,,,,.,.,,.,.,,.,.,,,1,,1,,0,2.0,uuid:9b3cda73-3b41-47a0-91e6-796014f5aef4,,,,,,,,,,,,,,,,29 Apr 2019,2019-04-29,,,,,,1.0,479.0,479.0,879.0,,0.0,,,,,,,,,,,,,,,,,1.0,0.0,2018-11-13,uuid:f84c965f-c495-4dc8-bc7f-c80b5ef598fc,2018-11-13 13:32:02,2018-11-13 13:52:29,"Nov 13, 2018",1:32:00 PM,36183.0,,1.0,,,1.0,1.0,58.0,LULUWA,.,25.0,,12,,1.0,,Katoka,Mpokolo,0.0,,4.0,,DIBAYA,0,,23,,200000.0,18000.0,1 3,5.0,3.0,3.0,OK,1.0,1.0,0.0,1.0,OK,2.0,1.0,OK,1.0,2.0,.,.,5.0,3.0,4.0,3.0,2.0,1.0,2.0,4.0,2.0,2.0,2.0,2.0,1,,1.0,,1.0,,1,,1,,1.0,,1,,1.0,,4.0,1.0,1.0,1.0,4.0,1.0,4.0,1.0,1.0,2.0,700.0,300.0,5.0,3.0,3.0,2.0,,,,,.,.,,.,.,,.,.,,,2,,2,,0,2.0,uuid:f84c965f-c495-4dc8-bc7f-c80b5ef598fc,,,,,,,,,,,,,,,,29 Apr 2019,2019-04-29,,,,,,1.0,281.0,,,445.0,,,0.0,,,,,,,,,,1.0,,,1.0,,1.0
6,2,370,0.0,2.0,10.0,0.0,12.0,2.0,10.0,0.0,12.0,289.0,2,37051.0,132.0,3,,2018-06-08,uuid:91de7c12-a693-4bd7-b60d-5aaa9b5c4385,2018-06-08 10:28:34,2018-06-08 11:00:05,"Jun 8, 2018",10:28:00 AM,37051.0,1.0,,,,,1.0,,.,.,,.,.,.,,,.,.,,,,,.,.,.,.,.,,,.,,,,OK,1.0,1.0,1.0,1.0,OK,1.0,1.0,OK,1.0,1.0,.,.,3.0,3.0,3.0,3.0,2.0,,,,,,,,.,,,,,,.,,.,,,,.,,,,,,,,,,,2.0,2.0,2.0,1000.0,0.0,10.0,8.0,6.0,5.0,.,.,,,.,.,,.,.,,.,.,.,.,1,.,,.,0,2.0,uuid:91de7c12-a693-4bd7-b60d-5aaa9b5c4385,,,,,,,,,,1.0,1.0,,,,,29 Apr 2019,2019-04-29,,,,,,1.0,289.0,289.0,689.0,,0.0,,,,,,,,,,,,,,,,N.U.,0.0,0.0,2018-06-12,uuid:7ef65c67-bddf-4770-aec8-4fdead9f8e62,2018-06-12 10:41:29,2018-06-12 11:25:04,"Jun 12, 2018",9:41:00 AM,37051.0,,1.0,,,1.0,1.0,53.0,LULUWA,.,47.0,,2,,0.0,1993.0,Katoka,Katoka 2,1.0,,4.0,,KAZUMBA,9,,,,70000.0,15000.0,1 3 4,7.0,3.0,6.0,OK,1.0,1.0,1.0,1.0,OK,1.0,1.0,OK,1.0,1.0,.,.,5.0,4.0,3.0,3.0,2.0,2.0,2.0,2.0,2.0,2.0,2.0,2.0,1,,2.0,,2.0,,2,,2,,2.0,,2,,0.0,4.0,3.0,1.0,1.0,1.0,1.0,3.0,4.0,1.0,1.0,2.0,800.0,200.0,10.0,5.0,1.0,0.0,,,,,.,.,,.,.,,.,.,,,1,,,,0,2.0,uuid:7ef65c67-bddf-4770-aec8-4fdead9f8e62,,,,,,,,,,,,,,,,29 Apr 2019,2019-04-29,,,,,,1.0,132.0,,,445.0,,,0.0,,,,,,,,,,,,,,,0.0
6,2,380,0.0,2.0,10.0,0.0,12.0,2.0,10.0,0.0,12.0,481.0,2,38091.0,0.0,3,,2018-11-15,uuid:ae0bed9c-3158-4593-a667-4260bfeb3491,2018-11-15 12:41:41,2018-11-15 13:00:53,"Nov 15, 2018",12:41:00 PM,38091.0,1.0,,,,,1.0,,,.,,,,,,,,,,,,,,,,,,,,,,,,OK,1.0,0.0,0.0,0.0,OK,2.0,2.0,OK,3.0,3.0,.,.,4.0,3.0,3.0,2.0,2.0,,,,,,,,.,,,,,,.,,.,,,,,,,,,,,,,,,2.0,2.0,2.0,500.0,500.0,6.0,5.0,5.0,4.0,,,,,.,.,,.,.,,.,.,,,1,,1,,999999999,2.0,uuid:ae0bed9c-3158-4593-a667-4260bfeb3491,,,,,,,,,,,,,,,,29 Apr 2019,2019-04-29,,,,,,1.0,481.0,481.0,881.0,,0.0,,,,,,,,,,,,1.0,,,1.0,,1.0,0.0,2018-11-15,uuid:147debd0-5748-458c-9aa1-488b42f3b8bf,2018-11-15 13:05:38,2018-11-15 13:29:31,"Nov 15, 2018",1:05:00 PM,38091.0,,1.0,,,1.0,1.0,45.0,LULUWA,.,19.0,,3,,1.0,,Katoka,Mpokolo,0.0,,4.0,,DIBAYA,22,,,,150000.0,35000.0,3,5.0,3.0,6.0,OK,1.0,0.0,1.0,0.0,OK,2.0,1.0,OK,1.0,1.0,.,.,3.0,3.0,1.0,2.0,2.0,2.0,3.0,4.0,2.0,3.0,4.0,2.0,2,,2.0,,2.0,,1,,1,,1.0,,1,,0.0,4.0,1.0,2.0,2.0,1.0,1.0,1.0,4.0,2.0,2.0,2.0,700.0,300.0,7.0,6.0,5.0,4.0,,,,,.,.,,.,.,,.,.,,,1,,1,,999999999,2.0,uuid:147debd0-5748-458c-9aa1-488b42f3b8bf,,,,,,,,,,,,,,,,29 Apr 2019,2019-04-29,,,,,,1.0,283.0,,,445.0,,,0.0,,,,,,,,,,,,,,,1.0
6,2,500,0.0,3.0,11.0,0.0,14.0,3.0,11.0,0.0,14.0,270.0,2,50346.0,,3,,2018-06-06,uuid:08eb3517-ca0c-41da-8c6f-51204de871ef,2018-06-06 17:16:19,2018-06-06 17:37:56,"Jun 6, 2018",5:16:00 PM,50346.0,1.0,,,,,1.0,,.,.,,.,.,.,,,.,.,,,,,.,.,.,.,.,,,.,,,,OK,1.0,1.0,1.0,1.0,OK,1.0,1.0,OK,1.0,1.0,.,.,3.0,3.0,3.0,3.0,2.0,,,,,,,,.,,,,,,.,,.,,,,.,,,,,,,,,,,2.0,1.0,2.0,200.0,800.0,5.0,2.0,1.0,0.0,.,.,,,.,.,,.,.,,.,.,.,.,.,.,,.,0,2.0,uuid:08eb3517-ca0c-41da-8c6f-51204de871ef,,,,,,,,,,2.0,1.0,,,,,29 Apr 2019,2019-04-29,,,,,,1.0,270.0,270.0,670.0,,0.0,,,,,,,,,,,,,,,,N.U.,0.0,0.0,,,,,,,,,,,,,,,,,,,,,,,,,,,,,,,,,,,,,,,,,,,,,,,,,,,,,,,,,,,,,,,,,,,,,,,,,,,,,,,,,,,,,,,,,,,,,,,,,,,,,,,,,,,,,,,,,,,,,,,,,,,,,,,,,,,,,,,,,,,,,,,,,,,,,,,,,,,,,,,,,,
6,2,515,0.0,2.0,10.0,0.0,12.0,2.0,10.0,0.0,12.0,268.0,2,51611.0,0.0,3,,2018-06-06,uuid:7b3392d7-a807-4dde-ad65-7c22786d315d,2018-06-06 14:35:20,2018-06-06 15:00:30,"Jun 6, 2018",2:35:00 PM,51611.0,1.0,,,,,1.0,,.,.,,.,.,.,,,.,.,,,,,.,.,.,.,.,,,.,,,,OK,1.0,1.0,1.0,1.0,OK,1.0,1.0,OK,1.0,1.0,.,.,4.0,4.0,3.0,3.0,2.0,,,,,,,,.,,,,,,.,,.,,,,.,,,,,,,,,,,2.0,2.0,2.0,950.0,50.0,10.0,8.0,5.0,4.0,.,.,,,.,.,,.,.,,.,.,.,.,6,.,,.,0,2.0,uuid:7b3392d7-a807-4dde-ad65-7c22786d315d,,,,,,,,,,1.0,1.0,,,,,29 Apr 2019,2019-04-29,,,,,,1.0,268.0,268.0,668.0,,0.0,,,,,,,,,,,,,,,,N.U.,0.0,0.0,2018-11-15,uuid:ea758d27-fb3f-4a53-ab7f-0c178d8516e2,2018-11-15 14:34:58,2018-11-15 14:56:17,"Nov 15, 2018",2:35:00 PM,51611.0,,1.0,,,1.0,1.0,54.0,SONGE,.,,,3,,0.0,1975.0,Kananga,Tshinsambi,1.0,,5.0,,KABINDA,4,,,,90000.0,20000.0,0,6.0,3.0,4.0,OK,1.0,1.0,0.0,1.0,OK,2.0,2.0,OK,2.0,2.0,.,.,5.0,5.0,3.0,3.0,2.0,2.0,2.0,2.0,4.0,2.0,2.0,2.0,1,,1.0,,1.0,,1,,1,,1.0,,1,,0.0,4.0,1.0,1.0,1.0,1.0,1.0,1.0,4.0,2.0,2.0,2.0,0.0,1000.0,8.0,5.0,4.0,2.0,,,,,.,.,,.,.,,.,.,,,1,,1,,0,2.0,uuid:ea758d27-fb3f-4a53-ab7f-0c178d8516e2,,,,,,,,,,,,,,,,29 Apr 2019,2019-04-29,,,,,,1.0,287.0,,,445.0,,,0.0,,,,,,,,,,,,,,,1.0
6,2,663,0.0,3.0,9.0,0.0,12.0,3.0,9.0,0.0,12.0,254.0,2,66311.0,,3,,2018-06-05,uuid:69418fc1-57af-4362-b56c-bd358e97084d,2018-06-05 10:00:28,2018-06-05 10:31:25,"Jun 5, 2018",10:00:00 AM,66311.0,1.0,,,,,1.0,,.,.,,.,.,.,,,.,.,,,,,.,.,.,.,.,,,.,,,,OK,1.0,1.0,0.0,1.0,OK,2.0,1.0,OK,3.0,2.0,.,.,5.0,3.0,1.0,3.0,2.0,,,,,,,,.,,,,,,.,,.,,,,.,,,,,,,,,,,2.0,2.0,2.0,700.0,300.0,10.0,8.0,6.0,5.0,.,.,,,.,.,,.,.,,.,.,.,.,6,.,,.,Un peu de difficultes pour lire le francais et ecrire avec la tablette.,2.0,uuid:69418fc1-57af-4362-b56c-bd358e97084d,,,,,,,,,,1.0,1.0,,,,,29 Apr 2019,2019-04-29,,,,,,1.0,254.0,254.0,654.0,,0.0,,,,,,,,,,,,,,,,N.U.,0.0,0.0,2018-06-22,uuid:27bb58f0-efa6-4948-9ff8-8e88e588be95,2018-06-22 09:39:11,2018-06-22 10:22:42,"Jun 22, 2018",8:39:00 AM,66311.0,,1.0,,,1.0,1.0,53.0,LULUWA,.,,Bakua tshishimbula,9,,0.0,1971.0,Kananga,Kamayi offida,1.0,,4.0,,DEMBA,17,,,,80000.0,35000.0,3,4.0,3.0,6.0,OK,1.0,1.0,1.0,1.0,OK,1.0,2.0,OK,2.0,2.0,.,.,3.0,5.0,3.0,3.0,2.0,1.0,2.0,2.0,2.0,2.0,2.0,2.0,2,,2.0,,2.0,,2,,8,,2.0,,2,,0.0,4.0,2.0,1.0,1.0,1.0,1.0,1.0,4.0,2.0,2.0,2.0,800.0,200.0,7.0,6.0,5.0,4.0,,,,,.,.,,.,.,,.,.,,,6,,6,,0,2.0,uuid:27bb58f0-efa6-4948-9ff8-8e88e588be95,,,,,,,,,,,,,,,,29 Apr 2019,2019-04-29,,,,,,1.0,,,,445.0,,,0.0,,,,,,,,,,,,,,,1.0
6,2,674,0.0,2.0,9.0,0.0,11.0,2.0,9.0,0.0,11.0,,2,670101.0,284.0,3,,2018-11-15,uuid:e06ea7d6-8145-4f93-9628-be920be28e1d,2018-11-15 14:06:09,2018-11-15 14:24:17,"Nov 15, 2018",2:06:00 PM,670101.0,1.0,,,,,1.0,,,.,,,,,,,,,,,,,,,,,,,,,,,,OK,1.0,1.0,1.0,1.0,OK,3.0,3.0,OK,3.0,3.0,.,.,5.0,3.0,4.0,3.0,2.0,,,,,,,,.,,,,,,.,,.,,,,,,,,,,,,,,,2.0,2.0,1.0,1000.0,0.0,5.0,3.0,2.0,0.0,,,,,.,.,,.,.,,.,.,,,3,,,,0,2.0,uuid:e06ea7d6-8145-4f93-9628-be920be28e1d,,,,,,,,,,,,,,,,29 Apr 2019,2019-04-29,,,,,,1.0,485.0,485.0,885.0,,0.0,,,,,,,,,,,,,,,,,1.0,0.0,2018-11-15,uuid:1710ea88-f164-423e-8f2d-1fb73db10b6f,2018-11-15 13:32:02,2018-11-15 13:56:10,"Nov 15, 2018",1:32:00 PM,670101.0,,1.0,,,2.0,1.0,22.0,LULUWA,.,44.0,,1,,1.0,,Kananga,Snel,0.0,,4.0,,DIBAYA,23,,,,120000.0,28000.0,0,4.0,2.0,6.0,OK,1.0,1.0,0.0,0.0,OK,2.0,2.0,OK,3.0,3.0,.,.,3.0,5.0,3.0,3.0,2.0,2.0,2.0,4.0,4.0,2.0,2.0,2.0,1,,1.0,,1.0,,1,,1,,3.0,,1,,1.0,,3.0,4.0,4.0,1.0,1.0,4.0,5.0,2.0,2.0,1.0,700.0,300.0,10.0,5.0,4.0,3.0,,,,,.,.,,.,.,,.,.,,,1,,1,,999999999,2.0,uuid:1710ea88-f164-423e-8f2d-1fb73db10b6f,,,,,,,,,,,,,,,,29 Apr 2019,2019-04-29,,,,,,1.0,,,,445.0,,,0.0,,,,,,,,,,,,,,,1.0
6,3,123,1.0,4.0,12.0,2.0,18.0,2.0,6.0,0.0,8.0,99.0,1,,22.0,1,,2018-05-21,uuid:584cfc35-b8c5-4906-843e-e2c567070e2a,2018-05-21 16:38:20,2018-05-21 17:17:35,"May 21, 2018",4:38:00 PM,,,,120.0,120.0,1.0,1.0,34.0,BINDI,.,,,12,,0.0,2018.0,Katoka,Mpokolo,1.0,,4.0,,KAZUMBA,other,Travailler pour la ceni,.,.,320000.0,32000.0,0,3.0,4.0,5.0,OK,1.0,1.0,0.0,1.0,OK,3.0,3.0,OK,1.0,1.0,16:38:20,16:38:20,5.0,3.0,1.0,3.0,2.0,2.0,2.0,1.0,2.0,2.0,1.0,2.0,3,,1.0,,3.0,,1,,4,,1.0,,1,,0.0,4.0,1.0,2.0,2.0,1.0,1.0,2.0,4.0,1.0,1.0,3.0,500.0,500.0,8.0,6.0,5.0,4.0,0,,0.0,2.0,other,Grâce une demande faîte à l'onem  (office de demandeurs d'emplois ),0.0,,,0.0,,,9999,,1,.,1,.,0,1.0,uuid:584cfc35-b8c5-4906-843e-e2c567070e2a,,,,,,,,,,1.0,,,,,,29 Apr 2019,2019-04-29,,,,,,1.0,99.0,,,,,,,,,,,,,,,,,,,,N.U.,0.0,0.0,2018-04-06,uuid:df9cdea1-b392-40b8-9d3b-f3bde0ead25a,2018-04-06 20:59:45,2018-04-06 21:35:48,"Apr 6, 2018",8:59:00 PM,,,,19.0,19.0,2.0,1.0,30.0,LUALUA,,,,8,,0.0,2008.0,Katoka,Mpokolo,1.0,,4.0,,LUIZA,17,,,,480000.0,40000.0,3,3.0,3.0,6.0,OK,1.0,1.0,1.0,1.0,OK,1.0,2.0,OK,2.0,3.0,11:59:47,11:59:47,3.0,3.0,3.0,3.0,2.0,1.0,1.0,1.0,1.0,2.0,3.0,4.0,2,,2.0,,2.0,,2,,2,,2.0,,2,,1.0,,2.0,2.0,2.0,2.0,1.0,1.0,7.0,2.0,1.0,3.0,100.0,900.0,7.0,5.0,3.0,2.0,0,,2.0,3.0,4,,0.0,.,.,1.0,8,.,4,,1,.,1,.,0,1.0,uuid:df9cdea1-b392-40b8-9d3b-f3bde0ead25a,,,,,,.,,,,1.0,,,,,,29 Apr 2019,2019-04-29,,,,,,1.0,22.0,,,,,,,,,,,,,,,,,,,,N.U.,0.0
6,3,217,1.0,7.0,9.0,2.0,18.0,3.5,5.5,1.0,10.0,,1,,109.0,1,,2018-04-13,uuid:8f434b3d-641d-4bbb-87de-7fd7917953c4,2018-04-13 12:38:20,2018-04-13 13:16:39,"Apr 13, 2018",12:38:00 PM,,,,80.0,80.0,1.0,1.0,46.0,LUALUA,,,,3,,0.0,2008.0,Kananga,Kamayi,1.0,,4.0,,DEMBA,18,,,,492000.0,8000.0,3,3.0,4.0,3.0,OK,1.0,1.0,0.0,1.0,OK,1.0,1.0,OK,1.0,1.0,12:38:21,12:38:21,5.0,5.0,1.0,3.0,1.0,1.0,2.0,2.0,2.0,2.0,2.0,2.0,1,,1.0,,1.0,,1,,1,,1.0,,1,,0.0,4.0,1.0,1.0,2.0,1.0,1.0,3.0,4.0,2.0,2.0,3.0,100.0,900.0,10.0,2.0,1.0,0.0,other,Je ne travaille pas à la dgrkoc j'attends la réponse  de ma demande,0.0,0.0,other,Je ne travaille pas encore la bas,0.0,.,.,0.0,.,.,2,,1,.,1,.,0,1.0,uuid:8f434b3d-641d-4bbb-87de-7fd7917953c4,,,,,,.,,,,1.0,,,,,,29 Apr 2019,2019-04-29,,,,,,1.0,66.0,,,,,,,,,,,,,,,,,,,,N.U.,0.0,0.0,2018-11-06,uuid:fd201e82-9263-4cbd-8b4b-9444ffb4a279,2018-11-06 15:53:39,2018-11-06 16:19:41,"Nov 6, 2018",3:53:00 PM,,,,130.0,130.0,1.0,1.0,31.0,LULUWA,.,,Bena Mukadi,3,,0.0,2006.0,Kananga,Malandji,1.0,,4.0,,KAZUMBA,24,,,,100000.0,10000.0,3,4.0,3.0,6.0,OK,1.0,1.0,0.0,1.0,OK,3.0,2.0,OK,2.0,2.0,.,.,5.0,5.0,4.0,3.0,2.0,2.0,1.0,2.0,1.0,1.0,1.0,1.0,1,,1.0,,1.0,,1,,1,,1.0,,1,,0.0,1.0,1.0,1.0,2.0,2.0,2.0,2.0,4.0,1.0,1.0,2.0,500.0,500.0,8.0,5.0,4.0,3.0,0,,0.0,0.0,1,.,0.0,.,.,0.0,.,.,1,,2,,1,,0,1.0,uuid:fd201e82-9263-4cbd-8b4b-9444ffb4a279,,,,,,,,,,,,,,,,29 Apr 2019,2019-04-29,,,,,,1.0,109.0,,,,,,,,,,,,,,,,,,,,N.U.,1.0
6,3,218,1.0,4.0,11.0,2.0,17.0,2.0,6.5,1.0,9.5,107.0,1,,71.0,1,,2018-11-06,uuid:532656fa-39f9-456b-8d67-a5f1e3437073,2018-11-06 15:19:21,2018-11-06 15:50:54,"Nov 6, 2018",3:19:00 PM,,,,126.0,126.0,1.0,1.0,22.0,LULUWA,.,44.0,,1,,1.0,,Kananga,Plateau,1.0,,4.0,,DIBAYA,27,,,,700000.0,100000.0,3 4 5,3.0,4.0,4.0,OK,1.0,1.0,0.0,1.0,OK,3.0,2.0,OK,2.0,2.0,.,.,3.0,3.0,4.0,3.0,2.0,2.0,2.0,2.0,2.0,3.0,2.0,4.0,1,,2.0,,2.0,,1,,3,,1.0,,1,,0.0,3.0,1.0,4.0,3.0,3.0,2.0,2.0,5.0,4.0,4.0,1.0,50.0,950.0,5.0,4.0,3.0,1.0,0,,0.0,3.0,3,.,1.0,4,.,0.0,.,.,other,Parent,1,,,,0,1.0,uuid:532656fa-39f9-456b-8d67-a5f1e3437073,,,,,,,,,,,,,,,,29 Apr 2019,2019-04-29,,,,,,1.0,107.0,,,,,,,,,,,,,,,,,,,,N.U.,1.0,0.0,2018-04-26,uuid:2120a121-51d0-4386-bd4a-6fd6abcd95be,2018-04-26 09:13:31,2018-04-26 09:52:34,"Apr 26, 2018",9:13:00 AM,,,,85.0,85.0,1.0,1.0,38.0,LUALUA,.,,,12,,0.0,1985.0,Katoka,Kapanda,1.0,,4.0,,KAZUMBA,4,,.,.,160000.0,38000.0,3,2.0,4.0,4.0,OK,1.0,1.0,0.0,1.0,OK,3.0,3.0,OK,2.0,2.0,09:13:32,09:13:32,5.0,5.0,1.0,3.0,2.0,1.0,1.0,2.0,2.0,2.0,2.0,2.0,3,,3.0,,3.0,,2,,3,,2.0,,3,,0.0,1.0,2.0,2.0,2.0,1.0,1.0,1.0,4.0,1.0,1.0,3.0,600.0,400.0,10.0,8.0,6.0,5.0,0,,2.0,3.0,2,,0.0,,,0.0,,,other,"Un pasteur qui n'est pas de mon eglise , on travaillé avec lui a la campagne  ",1,.,1,.,0,1.0,uuid:2120a121-51d0-4386-bd4a-6fd6abcd95be,,,,,,,,,,1.0,,,,,,29 Apr 2019,2019-04-29,,,,,,1.0,71.0,,,,,,,,,,,,,,,,,,,,N.U.,0.0
6,3,229,1.0,4.0,12.0,2.0,18.0,2.0,6.0,0.0,8.0,99.0,1,,22.0,1,,2018-05-21,uuid:584cfc35-b8c5-4906-843e-e2c567070e2a,2018-05-21 16:38:20,2018-05-21 17:17:35,"May 21, 2018",4:38:00 PM,,,,120.0,120.0,1.0,1.0,34.0,BINDI,.,,,12,,0.0,2018.0,Katoka,Mpokolo,1.0,,4.0,,KAZUMBA,other,Travailler pour la ceni,.,.,320000.0,32000.0,0,3.0,4.0,5.0,OK,1.0,1.0,0.0,1.0,OK,3.0,3.0,OK,1.0,1.0,16:38:20,16:38:20,5.0,3.0,1.0,3.0,2.0,2.0,2.0,1.0,2.0,2.0,1.0,2.0,3,,1.0,,3.0,,1,,4,,1.0,,1,,0.0,4.0,1.0,2.0,2.0,1.0,1.0,2.0,4.0,1.0,1.0,3.0,500.0,500.0,8.0,6.0,5.0,4.0,0,,0.0,2.0,other,Grâce une demande faîte à l'onem  (office de demandeurs d'emplois ),0.0,,,0.0,,,9999,,1,.,1,.,0,1.0,uuid:584cfc35-b8c5-4906-843e-e2c567070e2a,,,,,,,,,,1.0,,,,,,29 Apr 2019,2019-04-29,,,,,,1.0,99.0,,,,,,,,,,,,,,,,,,,,N.U.,0.0,0.0,2018-04-06,uuid:df9cdea1-b392-40b8-9d3b-f3bde0ead25a,2018-04-06 20:59:45,2018-04-06 21:35:48,"Apr 6, 2018",8:59:00 PM,,,,19.0,19.0,2.0,1.0,30.0,LUALUA,,,,8,,0.0,2008.0,Katoka,Mpokolo,1.0,,4.0,,LUIZA,17,,,,480000.0,40000.0,3,3.0,3.0,6.0,OK,1.0,1.0,1.0,1.0,OK,1.0,2.0,OK,2.0,3.0,11:59:47,11:59:47,3.0,3.0,3.0,3.0,2.0,1.0,1.0,1.0,1.0,2.0,3.0,4.0,2,,2.0,,2.0,,2,,2,,2.0,,2,,1.0,,2.0,2.0,2.0,2.0,1.0,1.0,7.0,2.0,1.0,3.0,100.0,900.0,7.0,5.0,3.0,2.0,0,,2.0,3.0,4,,0.0,.,.,1.0,8,.,4,,1,.,1,.,0,1.0,uuid:df9cdea1-b392-40b8-9d3b-f3bde0ead25a,,,,,,.,,,,1.0,,,,,,29 Apr 2019,2019-04-29,,,,,,1.0,22.0,,,,,,,,,,,,,,,,,,,,N.U.,0.0
6,3,323,1.0,4.0,11.0,2.0,17.0,2.0,4.5,0.0,6.5,107.0,1,,71.0,1,,2018-11-06,uuid:532656fa-39f9-456b-8d67-a5f1e3437073,2018-11-06 15:19:21,2018-11-06 15:50:54,"Nov 6, 2018",3:19:00 PM,,,,126.0,126.0,1.0,1.0,22.0,LULUWA,.,44.0,,1,,1.0,,Kananga,Plateau,1.0,,4.0,,DIBAYA,27,,,,700000.0,100000.0,3 4 5,3.0,4.0,4.0,OK,1.0,1.0,0.0,1.0,OK,3.0,2.0,OK,2.0,2.0,.,.,3.0,3.0,4.0,3.0,2.0,2.0,2.0,2.0,2.0,3.0,2.0,4.0,1,,2.0,,2.0,,1,,3,,1.0,,1,,0.0,3.0,1.0,4.0,3.0,3.0,2.0,2.0,5.0,4.0,4.0,1.0,50.0,950.0,5.0,4.0,3.0,1.0,0,,0.0,3.0,3,.,1.0,4,.,0.0,.,.,other,Parent,1,,,,0,1.0,uuid:532656fa-39f9-456b-8d67-a5f1e3437073,,,,,,,,,,,,,,,,29 Apr 2019,2019-04-29,,,,,,1.0,107.0,,,,,,,,,,,,,,,,,,,,N.U.,1.0,0.0,2018-04-26,uuid:2120a121-51d0-4386-bd4a-6fd6abcd95be,2018-04-26 09:13:31,2018-04-26 09:52:34,"Apr 26, 2018",9:13:00 AM,,,,85.0,85.0,1.0,1.0,38.0,LUALUA,.,,,12,,0.0,1985.0,Katoka,Kapanda,1.0,,4.0,,KAZUMBA,4,,.,.,160000.0,38000.0,3,2.0,4.0,4.0,OK,1.0,1.0,0.0,1.0,OK,3.0,3.0,OK,2.0,2.0,09:13:32,09:13:32,5.0,5.0,1.0,3.0,2.0,1.0,1.0,2.0,2.0,2.0,2.0,2.0,3,,3.0,,3.0,,2,,3,,2.0,,3,,0.0,1.0,2.0,2.0,2.0,1.0,1.0,1.0,4.0,1.0,1.0,3.0,600.0,400.0,10.0,8.0,6.0,5.0,0,,2.0,3.0,2,,0.0,,,0.0,,,other,"Un pasteur qui n'est pas de mon eglise , on travaillé avec lui a la campagne  ",1,.,1,.,0,1.0,uuid:2120a121-51d0-4386-bd4a-6fd6abcd95be,,,,,,,,,,1.0,,,,,,29 Apr 2019,2019-04-29,,,,,,1.0,71.0,,,,,,,,,,,,,,,,,,,,N.U.,0.0
6,3,330,1.0,3.0,14.0,2.0,19.0,1.5,7.0,0.0,8.5,45.0,1,,35.0,1,,2018-04-10,uuid:71419d38-5b75-458a-bde4-5cb7c5694a6f,2018-04-10 10:32:02,2018-04-10 11:14:13,"Apr 10, 2018",10:32:00 AM,,,,74.0,74.0,1.0,1.0,30.0,LUALUA,,,,3,,1.0,,Kananga,Malandji,1.0,,4.0,,DEMBA,24,,,,250000.0,45000.0,3 4 6,0.0,3.0,3.0,OK,1.0,1.0,1.0,1.0,OK,2.0,2.0,OK,2.0,2.0,10:32:04,10:32:04,5.0,5.0,3.0,3.0,2.0,2.0,2.0,4.0,2.0,2.0,2.0,2.0,2,,2.0,,2.0,,2,,2,,2.0,,2,,0.0,4.0,1.0,1.0,1.0,1.0,1.0,1.0,3.0,1.0,1.0,3.0,600.0,400.0,10.0,5.0,2.0,1.0,0,,0.0,3.0,4,,0.0,.,.,0.0,.,.,9999,,1,.,1,.,0,2.0,uuid:71419d38-5b75-458a-bde4-5cb7c5694a6f,,,,,,.,,,,1.0,,,,,,29 Apr 2019,2019-04-29,,,,,,1.0,45.0,,,,,,,,,,,,,,,,,,,,N.U.,0.0,0.0,2018-04-08,uuid:c58c67f9-c3cb-4834-864e-c775796090a4,2018-04-08 18:11:10,2018-04-08 18:55:29,"Apr 8, 2018",6:11:00 PM,,,,61.0,61.0,1.0,1.0,26.0,LUALUA,,,,1,,1.0,,Katoka,Mpokolo,1.0,,4.0,,DEMBA,15,,,,200000.0,50000.0,3 4,3.0,3.0,6.0,OK,1.0,1.0,1.0,0.0,OK,2.0,2.0,OK,1.0,1.0,18:11:11,18:11:11,3.0,3.0,3.0,3.0,1.0,2.0,2.0,4.0,1.0,2.0,2.0,2.0,1,,1.0,,1.0,,1,,1,,1.0,,1,,0.0,4.0,1.0,1.0,1.0,1.0,2.0,1.0,4.0,2.0,2.0,1.0,900.0,100.0,10.0,9.0,8.0,7.0,0,,0.0,2.0,4,,0.0,.,.,1.0,3,.,4,,1,.,1,.,0,2.0,uuid:c58c67f9-c3cb-4834-864e-c775796090a4,,,,,,.,,,,1.0,,,,,,29 Apr 2019,2019-04-29,,,,,,1.0,35.0,,,,,,,,,,,,,,,,,,,,N.U.,0.0
6,3,341,1.0,3.0,14.0,2.0,19.0,1.5,7.0,0.0,8.5,45.0,1,,35.0,1,,2018-04-10,uuid:71419d38-5b75-458a-bde4-5cb7c5694a6f,2018-04-10 10:32:02,2018-04-10 11:14:13,"Apr 10, 2018",10:32:00 AM,,,,74.0,74.0,1.0,1.0,30.0,LUALUA,,,,3,,1.0,,Kananga,Malandji,1.0,,4.0,,DEMBA,24,,,,250000.0,45000.0,3 4 6,0.0,3.0,3.0,OK,1.0,1.0,1.0,1.0,OK,2.0,2.0,OK,2.0,2.0,10:32:04,10:32:04,5.0,5.0,3.0,3.0,2.0,2.0,2.0,4.0,2.0,2.0,2.0,2.0,2,,2.0,,2.0,,2,,2,,2.0,,2,,0.0,4.0,1.0,1.0,1.0,1.0,1.0,1.0,3.0,1.0,1.0,3.0,600.0,400.0,10.0,5.0,2.0,1.0,0,,0.0,3.0,4,,0.0,.,.,0.0,.,.,9999,,1,.,1,.,0,2.0,uuid:71419d38-5b75-458a-bde4-5cb7c5694a6f,,,,,,.,,,,1.0,,,,,,29 Apr 2019,2019-04-29,,,,,,1.0,45.0,,,,,,,,,,,,,,,,,,,,N.U.,0.0,0.0,2018-04-08,uuid:c58c67f9-c3cb-4834-864e-c775796090a4,2018-04-08 18:11:10,2018-04-08 18:55:29,"Apr 8, 2018",6:11:00 PM,,,,61.0,61.0,1.0,1.0,26.0,LUALUA,,,,1,,1.0,,Katoka,Mpokolo,1.0,,4.0,,DEMBA,15,,,,200000.0,50000.0,3 4,3.0,3.0,6.0,OK,1.0,1.0,1.0,0.0,OK,2.0,2.0,OK,1.0,1.0,18:11:11,18:11:11,3.0,3.0,3.0,3.0,1.0,2.0,2.0,4.0,1.0,2.0,2.0,2.0,1,,1.0,,1.0,,1,,1,,1.0,,1,,0.0,4.0,1.0,1.0,1.0,1.0,2.0,1.0,4.0,2.0,2.0,1.0,900.0,100.0,10.0,9.0,8.0,7.0,0,,0.0,2.0,4,,0.0,.,.,1.0,3,.,4,,1,.,1,.,0,2.0,uuid:c58c67f9-c3cb-4834-864e-c775796090a4,,,,,,.,,,,1.0,,,,,,29 Apr 2019,2019-04-29,,,,,,1.0,35.0,,,,,,,,,,,,,,,,,,,,N.U.,0.0
6,3,344,1.0,3.0,13.0,2.0,18.0,1.5,6.5,0.0,8.0,96.0,1,,83.0,1,,2018-05-21,uuid:1e1a6c9a-d8c0-4d9b-a8ca-0042b29fe7ac,2018-05-21 15:56:17,2018-05-21 16:37:31,"May 21, 2018",3:56:00 PM,,,,117.0,117.0,1.0,1.0,37.0,BINDI,.,,,12,,0.0,1987.0,Kananga,Malandji,1.0,,4.0,,KAZUMBA,25,,.,.,90000.0,21000.0,1 4,1.0,3.0,4.0,OK,1.0,1.0,0.0,1.0,OK,2.0,2.0,OK,1.0,1.0,15:56:17,15:56:17,5.0,5.0,3.0,3.0,2.0,2.0,2.0,3.0,2.0,2.0,2.0,1.0,1,,3.0,,1.0,,1,,3,,1.0,,1,,0.0,4.0,1.0,2.0,2.0,1.0,1.0,2.0,4.0,1.0,1.0,1.0,300.0,700.0,7.0,5.0,3.0,2.0,0,,1.0,0.0,4,,0.0,,,1.0,3,,9999,,1,.,1,.,Il prenez beaucoup de temps pour répondre,2.0,uuid:1e1a6c9a-d8c0-4d9b-a8ca-0042b29fe7ac,,,,,,,,,,1.0,,,,,,29 Apr 2019,2019-04-29,,,,,,1.0,96.0,,,,,,,,,,,,,,,,,,,,N.U.,0.0,0.0,2018-04-30,uuid:c0bb8a71-f4a8-4868-b813-895359d250d4,2018-04-30 10:11:52,2018-04-30 11:02:05,"Apr 30, 2018",10:12:00 AM,,,,109.0,109.0,1.0,1.0,23.0,LUALUA,.,,,12,,0.0,2006.0,Katoka,Kele kele,1.0,,4.0,,KAZUMBA,0,,9,.,55000.0,35000.0,0,0.0,4.0,4.0,OK,1.0,1.0,0.0,1.0,OK,3.0,3.0,OK,3.0,3.0,10:11:53,10:11:53,3.0,3.0,3.0,3.0,1.0,1.0,2.0,1.0,2.0,2.0,1.0,2.0,3,,3.0,,3.0,,7,,3,,3.0,,3,,0.0,1.0,1.0,1.0,3.0,1.0,1.0,1.0,4.0,1.0,1.0,1.0,400.0,600.0,10.0,5.0,4.0,3.0,0,,2.0,0.0,3,,1.0,3,,1.0,8,,6,,1,.,,.,0,1.0,uuid:c0bb8a71-f4a8-4868-b813-895359d250d4,,,,,,,,,,1.0,,,,,,29 Apr 2019,2019-04-29,,,,,,1.0,83.0,,,,,,,,,,,,,,,,,,,,N.U.,0.0
6,3,367,1.0,6.0,10.0,2.0,18.0,3.0,8.0,1.0,12.0,75.0,1,,18.0,1,,2018-04-27,uuid:79f70fa2-9716-48b2-b4a4-2e51e37617d6,2018-04-27 09:22:45,2018-04-27 10:04:31,"Apr 27, 2018",9:22:00 AM,,,,71.0,71.0,1.0,1.0,23.0,LUALUA,.,,,2,,1.0,,Ngaza,Salongo muimba,0.0,,4.0,,DIBAYA,20,,.,.,50000.0,15000.0,3 6,3.0,3.0,4.0,OK,1.0,1.0,1.0,1.0,OK,3.0,3.0,OK,2.0,2.0,09:22:46,09:22:46,4.0,3.0,1.0,3.0,2.0,1.0,2.0,4.0,2.0,2.0,2.0,1.0,2,,2.0,,1.0,,1,,1,,1.0,,1,,1.0,,2.0,3.0,1.0,1.0,2.0,1.0,4.0,1.0,1.0,2.0,400.0,600.0,6.0,5.0,4.0,3.0,0,,0.0,3.0,4,,1.0,8,,1.0,7,,other,Connaissance familiale avec mon oncle,1,.,,.,0,2.0,uuid:79f70fa2-9716-48b2-b4a4-2e51e37617d6,,,,,,,,,,1.0,,,,,,29 Apr 2019,2019-04-29,,,,,,1.0,75.0,,,,,,,,,,,,,,,,,,,,N.U.,0.0,0.0,2018-04-06,uuid:c5ca5212-b840-4a26-8c33-88a33844849b,2018-04-06 18:14:32,2018-04-06 18:52:46,"Apr 6, 2018",6:14:00 PM,,,,35.0,35.0,1.0,1.0,46.0,LUNTU,,52.0,,12,,0.0,1996.0,Kananga,Plateau,1.0,,4.0,,DIMBELENGE,30,,,,150000.0,35000.0,3,2.0,3.0,6.0,OK,1.0,0.0,0.0,1.0,OK,1.0,2.0,OK,1.0,2.0,09:14:33,09:14:33,5.0,5.0,3.0,3.0,2.0,2.0,2.0,2.0,2.0,2.0,2.0,4.0,1,,1.0,,1.0,,1,,1,,1.0,,2,,1.0,,3.0,3.0,3.0,3.0,1.0,1.0,4.0,1.0,1.0,3.0,800.0,200.0,7.0,5.0,4.0,3.0,0,,0.0,4.0,2,,1.0,9,.,0.0,.,.,other,Aucun,1,.,1,.,0,1.0,uuid:c5ca5212-b840-4a26-8c33-88a33844849b,,,,,,.,,,,1.0,,,,,,29 Apr 2019,2019-04-29,,,,,,1.0,18.0,,,,,,,,,,,,,,,,,,,,N.U.,0.0
6,3,377,1.0,5.0,3.0,2.0,10.0,2.5,0.5,0.0,3.0,98.0,1,,56.0,1,,2018-05-21,uuid:1f5de587-4605-4f4e-ae53-3d9559cc5bbd,2018-05-21 16:20:35,2018-05-21 17:05:42,"May 21, 2018",4:20:00 PM,,,,119.0,119.0,2.0,1.0,20.0,LUNTU,.,,Bakua tshibasu,3,,0.0,2005.0,Kananga, Malandji,1.0,,4.0,,DIMBELENGE,0,,6,.,150000.0,35000.0,3 4 6,2.0,4.0,3.0,OK,1.0,1.0,1.0,1.0,OK,1.0,1.0,OK,1.0,1.0,16:20:37,16:20:37,3.0,4.0,2.0,3.0,1.0,2.0,4.0,2.0,2.0,4.0,1.0,4.0,2,,3.0,,1.0,,1,,3,,2.0,,1,,0.0,4.0,1.0,1.0,1.0,1.0,1.0,2.0,4.0,1.0,1.0,3.0,900.0,100.0,8.0,6.0,4.0,2.0,0,,0.0,8.0,3,,0.0,,,0.0,,,9999,,6,.,6,.,0,1.0,uuid:1f5de587-4605-4f4e-ae53-3d9559cc5bbd,,,,,,,,,,1.0,,,,,,29 Apr 2019,2019-04-29,,,,,,1.0,98.0,,,,,,,,,,,,,,,,,,,,N.U.,0.0,0.0,2018-04-12,uuid:fff3a015-3067-40ab-b13b-c7798491c5d3,2018-04-12 09:12:15,2018-04-12 09:52:35,"Apr 12, 2018",9:12:00 AM,,,,66.0,66.0,1.0,1.0,26.0,LUALUA,,,,3,,1.0,,Kananga,Malandji,1.0,,4.0,,DIBAYA,0,,0,,10000.0,1000.0,3 4 5,1.0,4.0,4.0,OK,1.0,1.0,0.0,0.0,OK,1.0,1.0,OK,3.0,3.0,09:12:17,09:12:17,3.0,3.0,3.0,3.0,1.0,2.0,2.0,1.0,2.0,2.0,1.0,1.0,2,,2.0,,8.0,,2,,2,,8.0,,2,,1.0,,1.0,1.0,1.0,1.0,1.0,4.0,1.0,1.0,1.0,2.0,700.0,300.0,10.0,7.0,6.0,4.0,0,,0.0,1.0,4,,0.0,.,.,0.0,.,.,9999,,1,.,1,.,0,1.0,uuid:fff3a015-3067-40ab-b13b-c7798491c5d3,,,,,,.,,,,1.0,,,,,,29 Apr 2019,2019-04-29,,,,,,1.0,56.0,,,,,,,,,,,,,,,,,,,,N.U.,0.0
6,3,608,1.0,7.0,9.0,2.0,18.0,3.5,3.5,0.0,7.0,,1,,109.0,1,,2018-04-13,uuid:8f434b3d-641d-4bbb-87de-7fd7917953c4,2018-04-13 12:38:20,2018-04-13 13:16:39,"Apr 13, 2018",12:38:00 PM,,,,80.0,80.0,1.0,1.0,46.0,LUALUA,,,,3,,0.0,2008.0,Kananga,Kamayi,1.0,,4.0,,DEMBA,18,,,,492000.0,8000.0,3,3.0,4.0,3.0,OK,1.0,1.0,0.0,1.0,OK,1.0,1.0,OK,1.0,1.0,12:38:21,12:38:21,5.0,5.0,1.0,3.0,1.0,1.0,2.0,2.0,2.0,2.0,2.0,2.0,1,,1.0,,1.0,,1,,1,,1.0,,1,,0.0,4.0,1.0,1.0,2.0,1.0,1.0,3.0,4.0,2.0,2.0,3.0,100.0,900.0,10.0,2.0,1.0,0.0,other,Je ne travaille pas à la dgrkoc j'attends la réponse  de ma demande,0.0,0.0,other,Je ne travaille pas encore la bas,0.0,.,.,0.0,.,.,2,,1,.,1,.,0,1.0,uuid:8f434b3d-641d-4bbb-87de-7fd7917953c4,,,,,,.,,,,1.0,,,,,,29 Apr 2019,2019-04-29,,,,,,1.0,66.0,,,,,,,,,,,,,,,,,,,,N.U.,0.0,0.0,2018-11-06,uuid:fd201e82-9263-4cbd-8b4b-9444ffb4a279,2018-11-06 15:53:39,2018-11-06 16:19:41,"Nov 6, 2018",3:53:00 PM,,,,130.0,130.0,1.0,1.0,31.0,LULUWA,.,,Bena Mukadi,3,,0.0,2006.0,Kananga,Malandji,1.0,,4.0,,KAZUMBA,24,,,,100000.0,10000.0,3,4.0,3.0,6.0,OK,1.0,1.0,0.0,1.0,OK,3.0,2.0,OK,2.0,2.0,.,.,5.0,5.0,4.0,3.0,2.0,2.0,1.0,2.0,1.0,1.0,1.0,1.0,1,,1.0,,1.0,,1,,1,,1.0,,1,,0.0,1.0,1.0,1.0,2.0,2.0,2.0,2.0,4.0,1.0,1.0,2.0,500.0,500.0,8.0,5.0,4.0,3.0,0,,0.0,0.0,1,.,0.0,.,.,0.0,.,.,1,,2,,1,,0,1.0,uuid:fd201e82-9263-4cbd-8b4b-9444ffb4a279,,,,,,,,,,,,,,,,29 Apr 2019,2019-04-29,,,,,,1.0,109.0,,,,,,,,,,,,,,,,,,,,N.U.,1.0
6,3,623,1.0,3.0,13.0,2.0,18.0,1.5,6.5,0.0,8.0,101.0,1,,14.0,1,,2018-05-22,uuid:1082dae7-cf9f-46a0-a576-fd49b38ecd0a,2018-05-22 11:27:51,2018-05-22 12:01:36,"May 22, 2018",11:27:00 AM,,,,123.0,123.0,1.0,1.0,22.0,LUALUA,.,,,12,,1.0,,Kananga,Malandji,1.0,,4.0,,DIMBELENGE,4,,.,.,20000.0,5000.0,3,0.0,2.0,3.0,OK,1.0,1.0,0.0,0.0,OK,3.0,3.0,OK,3.0,3.0,11:27:51,11:27:51,3.0,3.0,3.0,3.0,2.0,2.0,3.0,3.0,3.0,3.0,2.0,1.0,8,,8.0,,8.0,,2,,8,,8.0,,2,,0.0,1.0,1.0,1.0,1.0,1.0,1.0,2.0,4.0,1.0,1.0,2.0,1000.0,0.0,6.0,5.0,4.0,3.0,0,,0.0,0.0,4,,0.0,,,0.0,,,9999,,1,.,,.,Il n'a jamais était à la dgrkoc on a juste pris son nom,2.0,uuid:1082dae7-cf9f-46a0-a576-fd49b38ecd0a,,,,,,,,,,1.0,,,,,,29 Apr 2019,2019-04-29,,,,,,1.0,101.0,,,,,,,,,,,,,,,,,,,,N.U.,0.0,0.0,2018-04-06,uuid:7396dcd4-a963-40ba-a23e-0b69f6f6f71f,2018-04-06 16:07:18,2018-04-06 16:41:25,"Apr 6, 2018",4:07:00 PM,,,,62.0,62.0,1.0,1.0,49.0,LULUWA,,47.0,,4,,1.0,,Katoka,Kapanda,1.0,,4.0,,KAZUMBA,1,,,,133000.0,37000.0,3 4 6,5.0,4.0,3.0,OK,1.0,1.0,1.0,1.0,OK,1.0,1.0,OK,1.0,1.0,16:11:59,16:11:59,5.0,4.0,3.0,3.0,2.0,3.0,4.0,1.0,2.0,2.0,2.0,4.0,2,,8.0,,2.0,,2,,2,,8.0,,2,,1.0,,2.0,3.0,3.0,1.0,2.0,1.0,5.0,1.0,1.0,2.0,600.0,400.0,10.0,7.0,7.0,7.0,0,,0.0,6.0,2,,1.0,3,.,0.0,.,.,4,,1,.,.,.,0,1.0,uuid:7396dcd4-a963-40ba-a23e-0b69f6f6f71f,,,,,,.,,,,1.0,,,,,,29 Apr 2019,2019-04-29,,,,,,1.0,14.0,,,,,,,,,,,,,,,,1.0,1.0,1.0,1.0,N.U.,0.0
6,3,632,1.0,4.0,11.0,2.0,17.0,2.0,5.5,0.0,7.5,,1,,30.0,1,,2018-04-08,uuid:db5f1993-b5c1-4a20-8a63-1322ef5cc1c6,2018-04-08 09:50:41,2018-04-08 10:38:25,"Apr 8, 2018",8:09:00 AM,,,,1.0,1.0,1.0,1.0,38.0,KETE,,,,12,,0.0,2012.0,Katoka,Pokolo,1.0,,4.0,,TSHIKAPA,other,Il travaillait à la dgrkoc,,,90000.0,21000.0,3,2.0,4.0,3.0,OK,1.0,1.0,0.0,1.0,OK,2.0,2.0,OK,1.0,2.0,09:50:42,09:50:42,5.0,2.0,3.0,3.0,1.0,2.0,3.0,2.0,2.0,1.0,1.0,2.0,1,,2.0,,1.0,,2,,1,,1.0,,1,,1.0,,1.0,1.0,1.0,1.0,1.0,2.0,2.0,1.0,1.0,1.0,750.0,250.0,10.0,9.0,8.0,7.0,3,,1.0,3.0,4,,0.0,.,.,0.0,.,.,9999,,1,.,1,.,0,1.0,uuid:db5f1993-b5c1-4a20-8a63-1322ef5cc1c6,,,,,,.,,,,1.0,,,,,,29 Apr 2019,2019-04-29,,,,,,1.0,25.0,,,,,,,,,,,,,,,,,,,,C.B. a.i.,0.0,0.0,2018-04-08,uuid:45c5446d-07aa-4789-abf8-48dda47b20a4,2018-04-08 13:42:13,,"Apr 8, 2018",1:42:00 PM,,,,21.0,21.0,1.0,1.0,34.0,LUALUA,,,,2,,1.0,,Kanaga,Plateau,1.0,,4.0,,DIBAYA,other,Je travaillais à la Dgrkoc,,,174000.0,50000.0,3 6,4.0,4.0,1.0,OK,1.0,1.0,0.0,1.0,OK,2.0,2.0,OK,2.0,2.0,14:00:42,14:00:42,5.0,3.0,1.0,1.0,2.0,1.0,2.0,2.0,2.0,2.0,1.0,2.0,1,,2.0,,1.0,,2,,8,,1.0,,1,,0.0,4.0,1.0,2.0,2.0,2.0,1.0,1.0,4.0,1.0,1.0,1.0,1000.0,0.0,5.0,4.0,3.0,0.0,0,,1.0,3.0,4,,0.0,.,.,0.0,.,.,9999,,1,.,1,.,Il es tellement sur de ses reponses,1.0,uuid:45c5446d-07aa-4789-abf8-48dda47b20a4,,,,,,.,,,,2.0,,,,,,29 Apr 2019,2019-04-29,,,,,,1.0,30.0,,,,,,,,,,,,,,,,,,,,N.U.,0.0
6,3,638,1.0,6.0,10.0,2.0,18.0,3.0,2.0,0.0,5.0,75.0,1,,18.0,1,,2018-04-27,uuid:79f70fa2-9716-48b2-b4a4-2e51e37617d6,2018-04-27 09:22:45,2018-04-27 10:04:31,"Apr 27, 2018",9:22:00 AM,,,,71.0,71.0,1.0,1.0,23.0,LUALUA,.,,,2,,1.0,,Ngaza,Salongo muimba,0.0,,4.0,,DIBAYA,20,,.,.,50000.0,15000.0,3 6,3.0,3.0,4.0,OK,1.0,1.0,1.0,1.0,OK,3.0,3.0,OK,2.0,2.0,09:22:46,09:22:46,4.0,3.0,1.0,3.0,2.0,1.0,2.0,4.0,2.0,2.0,2.0,1.0,2,,2.0,,1.0,,1,,1,,1.0,,1,,1.0,,2.0,3.0,1.0,1.0,2.0,1.0,4.0,1.0,1.0,2.0,400.0,600.0,6.0,5.0,4.0,3.0,0,,0.0,3.0,4,,1.0,8,,1.0,7,,other,Connaissance familiale avec mon oncle,1,.,,.,0,2.0,uuid:79f70fa2-9716-48b2-b4a4-2e51e37617d6,,,,,,,,,,1.0,,,,,,29 Apr 2019,2019-04-29,,,,,,1.0,75.0,,,,,,,,,,,,,,,,,,,,N.U.,0.0,0.0,2018-04-06,uuid:c5ca5212-b840-4a26-8c33-88a33844849b,2018-04-06 18:14:32,2018-04-06 18:52:46,"Apr 6, 2018",6:14:00 PM,,,,35.0,35.0,1.0,1.0,46.0,LUNTU,,52.0,,12,,0.0,1996.0,Kananga,Plateau,1.0,,4.0,,DIMBELENGE,30,,,,150000.0,35000.0,3,2.0,3.0,6.0,OK,1.0,0.0,0.0,1.0,OK,1.0,2.0,OK,1.0,2.0,09:14:33,09:14:33,5.0,5.0,3.0,3.0,2.0,2.0,2.0,2.0,2.0,2.0,2.0,4.0,1,,1.0,,1.0,,1,,1,,1.0,,2,,1.0,,3.0,3.0,3.0,3.0,1.0,1.0,4.0,1.0,1.0,3.0,800.0,200.0,7.0,5.0,4.0,3.0,0,,0.0,4.0,2,,1.0,9,.,0.0,.,.,other,Aucun,1,.,1,.,0,1.0,uuid:c5ca5212-b840-4a26-8c33-88a33844849b,,,,,,.,,,,1.0,,,,,,29 Apr 2019,2019-04-29,,,,,,1.0,18.0,,,,,,,,,,,,,,,,,,,,N.U.,0.0
6,3,642,1.0,3.0,13.0,2.0,18.0,1.5,6.5,0.0,8.0,101.0,1,,14.0,1,,2018-05-22,uuid:1082dae7-cf9f-46a0-a576-fd49b38ecd0a,2018-05-22 11:27:51,2018-05-22 12:01:36,"May 22, 2018",11:27:00 AM,,,,123.0,123.0,1.0,1.0,22.0,LUALUA,.,,,12,,1.0,,Kananga,Malandji,1.0,,4.0,,DIMBELENGE,4,,.,.,20000.0,5000.0,3,0.0,2.0,3.0,OK,1.0,1.0,0.0,0.0,OK,3.0,3.0,OK,3.0,3.0,11:27:51,11:27:51,3.0,3.0,3.0,3.0,2.0,2.0,3.0,3.0,3.0,3.0,2.0,1.0,8,,8.0,,8.0,,2,,8,,8.0,,2,,0.0,1.0,1.0,1.0,1.0,1.0,1.0,2.0,4.0,1.0,1.0,2.0,1000.0,0.0,6.0,5.0,4.0,3.0,0,,0.0,0.0,4,,0.0,,,0.0,,,9999,,1,.,,.,Il n'a jamais était à la dgrkoc on a juste pris son nom,2.0,uuid:1082dae7-cf9f-46a0-a576-fd49b38ecd0a,,,,,,,,,,1.0,,,,,,29 Apr 2019,2019-04-29,,,,,,1.0,101.0,,,,,,,,,,,,,,,,,,,,N.U.,0.0,0.0,2018-04-06,uuid:7396dcd4-a963-40ba-a23e-0b69f6f6f71f,2018-04-06 16:07:18,2018-04-06 16:41:25,"Apr 6, 2018",4:07:00 PM,,,,62.0,62.0,1.0,1.0,49.0,LULUWA,,47.0,,4,,1.0,,Katoka,Kapanda,1.0,,4.0,,KAZUMBA,1,,,,133000.0,37000.0,3 4 6,5.0,4.0,3.0,OK,1.0,1.0,1.0,1.0,OK,1.0,1.0,OK,1.0,1.0,16:11:59,16:11:59,5.0,4.0,3.0,3.0,2.0,3.0,4.0,1.0,2.0,2.0,2.0,4.0,2,,8.0,,2.0,,2,,2,,8.0,,2,,1.0,,2.0,3.0,3.0,1.0,2.0,1.0,5.0,1.0,1.0,2.0,600.0,400.0,10.0,7.0,7.0,7.0,0,,0.0,6.0,2,,1.0,3,.,0.0,.,.,4,,1,.,.,.,0,1.0,uuid:7396dcd4-a963-40ba-a23e-0b69f6f6f71f,,,,,,.,,,,1.0,,,,,,29 Apr 2019,2019-04-29,,,,,,1.0,14.0,,,,,,,,,,,,,,,,1.0,1.0,1.0,1.0,N.U.,0.0
6,3,647,1.0,3.0,13.0,2.0,18.0,1.5,6.5,0.0,8.0,96.0,1,,83.0,1,,2018-05-21,uuid:1e1a6c9a-d8c0-4d9b-a8ca-0042b29fe7ac,2018-05-21 15:56:17,2018-05-21 16:37:31,"May 21, 2018",3:56:00 PM,,,,117.0,117.0,1.0,1.0,37.0,BINDI,.,,,12,,0.0,1987.0,Kananga,Malandji,1.0,,4.0,,KAZUMBA,25,,.,.,90000.0,21000.0,1 4,1.0,3.0,4.0,OK,1.0,1.0,0.0,1.0,OK,2.0,2.0,OK,1.0,1.0,15:56:17,15:56:17,5.0,5.0,3.0,3.0,2.0,2.0,2.0,3.0,2.0,2.0,2.0,1.0,1,,3.0,,1.0,,1,,3,,1.0,,1,,0.0,4.0,1.0,2.0,2.0,1.0,1.0,2.0,4.0,1.0,1.0,1.0,300.0,700.0,7.0,5.0,3.0,2.0,0,,1.0,0.0,4,,0.0,,,1.0,3,,9999,,1,.,1,.,Il prenez beaucoup de temps pour répondre,2.0,uuid:1e1a6c9a-d8c0-4d9b-a8ca-0042b29fe7ac,,,,,,,,,,1.0,,,,,,29 Apr 2019,2019-04-29,,,,,,1.0,96.0,,,,,,,,,,,,,,,,,,,,N.U.,0.0,0.0,2018-04-30,uuid:c0bb8a71-f4a8-4868-b813-895359d250d4,2018-04-30 10:11:52,2018-04-30 11:02:05,"Apr 30, 2018",10:12:00 AM,,,,109.0,109.0,1.0,1.0,23.0,LUALUA,.,,,12,,0.0,2006.0,Katoka,Kele kele,1.0,,4.0,,KAZUMBA,0,,9,.,55000.0,35000.0,0,0.0,4.0,4.0,OK,1.0,1.0,0.0,1.0,OK,3.0,3.0,OK,3.0,3.0,10:11:53,10:11:53,3.0,3.0,3.0,3.0,1.0,1.0,2.0,1.0,2.0,2.0,1.0,2.0,3,,3.0,,3.0,,7,,3,,3.0,,3,,0.0,1.0,1.0,1.0,3.0,1.0,1.0,1.0,4.0,1.0,1.0,1.0,400.0,600.0,10.0,5.0,4.0,3.0,0,,2.0,0.0,3,,1.0,3,,1.0,8,,6,,1,.,,.,0,1.0,uuid:c0bb8a71-f4a8-4868-b813-895359d250d4,,,,,,,,,,1.0,,,,,,29 Apr 2019,2019-04-29,,,,,,1.0,83.0,,,,,,,,,,,,,,,,,,,,N.U.,0.0
6,3,667,1.0,5.0,3.0,2.0,10.0,2.5,2.5,1.0,6.0,98.0,1,,56.0,1,,2018-05-21,uuid:1f5de587-4605-4f4e-ae53-3d9559cc5bbd,2018-05-21 16:20:35,2018-05-21 17:05:42,"May 21, 2018",4:20:00 PM,,,,119.0,119.0,2.0,1.0,20.0,LUNTU,.,,Bakua tshibasu,3,,0.0,2005.0,Kananga, Malandji,1.0,,4.0,,DIMBELENGE,0,,6,.,150000.0,35000.0,3 4 6,2.0,4.0,3.0,OK,1.0,1.0,1.0,1.0,OK,1.0,1.0,OK,1.0,1.0,16:20:37,16:20:37,3.0,4.0,2.0,3.0,1.0,2.0,4.0,2.0,2.0,4.0,1.0,4.0,2,,3.0,,1.0,,1,,3,,2.0,,1,,0.0,4.0,1.0,1.0,1.0,1.0,1.0,2.0,4.0,1.0,1.0,3.0,900.0,100.0,8.0,6.0,4.0,2.0,0,,0.0,8.0,3,,0.0,,,0.0,,,9999,,6,.,6,.,0,1.0,uuid:1f5de587-4605-4f4e-ae53-3d9559cc5bbd,,,,,,,,,,1.0,,,,,,29 Apr 2019,2019-04-29,,,,,,1.0,98.0,,,,,,,,,,,,,,,,,,,,N.U.,0.0,0.0,2018-04-12,uuid:fff3a015-3067-40ab-b13b-c7798491c5d3,2018-04-12 09:12:15,2018-04-12 09:52:35,"Apr 12, 2018",9:12:00 AM,,,,66.0,66.0,1.0,1.0,26.0,LUALUA,,,,3,,1.0,,Kananga,Malandji,1.0,,4.0,,DIBAYA,0,,0,,10000.0,1000.0,3 4 5,1.0,4.0,4.0,OK,1.0,1.0,0.0,0.0,OK,1.0,1.0,OK,3.0,3.0,09:12:17,09:12:17,3.0,3.0,3.0,3.0,1.0,2.0,2.0,1.0,2.0,2.0,1.0,1.0,2,,2.0,,8.0,,2,,2,,8.0,,2,,1.0,,1.0,1.0,1.0,1.0,1.0,4.0,1.0,1.0,1.0,2.0,700.0,300.0,10.0,7.0,6.0,4.0,0,,0.0,1.0,4,,0.0,.,.,0.0,.,.,9999,,1,.,1,.,0,1.0,uuid:fff3a015-3067-40ab-b13b-c7798491c5d3,,,,,,.,,,,1.0,,,,,,29 Apr 2019,2019-04-29,,,,,,1.0,56.0,,,,,,,,,,,,,,,,,,,,N.U.,0.0
6,3,694,1.0,7.0,8.0,2.0,17.0,3.5,4.0,0.0,7.5,8.0,1,,13.0,1,,2018-04-06,uuid:aca9f25e-94bb-4487-9f79-b397ed39edb8,2018-04-06 11:11:02,,"Apr 6, 2018",11:11:00 AM,,,,13.0,13.0,1.0,1.0,32.0,LULUWA,,,Bakua mbuyi,2,,1.0,,Ndesha,Lubuwa,1.0,,4.0,,DEMBA,17,,,,96000.0,250000.0,3 4,5.0,4.0,3.0,OK,1.0,0.0,0.0,1.0,OK,1.0,2.0,OK,1.0,1.0,11:11:03,11:11:03,3.0,3.0,2.0,3.0,1.0,1.0,1.0,1.0,1.0,2.0,1.0,1.0,1,,3.0,,3.0,,1,,3,,3.0,,3,,0.0,1.0,1.0,3.0,2.0,2.0,2.0,1.0,3.0,2.0,2.0,2.0,900.0,100.0,7.0,5.0,4.0,3.0,0,,1.0,0.0,3,,0.0,.,.,0.0,.,.,9999,,1,.,1,.,0,1.0,uuid:aca9f25e-94bb-4487-9f79-b397ed39edb8,,,,,,.,,,,1.0,,,,,,29 Apr 2019,2019-04-29,,,,,,1.0,8.0,,,,,,,,,,,,,,,,,,,,N.U.,0.0,0.0,2018-04-06,uuid:34057916-aa69-453d-9561-e96e7822c8ac,2018-04-06 16:02:16,2018-04-06 16:33:56,"Apr 6, 2018",4:02:00 PM,,,,30.0,30.0,1.0,1.0,26.0,LUBA,,,Bena muya,12,,1.0,,Kananga,Tshinsambi,1.0,,5.0,,KABEYA-KAMWANGA,17,,,,50000.0,27000.0,3 4,4.0,4.0,3.0,OK,1.0,1.0,1.0,1.0,OK,2.0,2.0,OK,1.0,1.0,16:02:17,16:02:17,3.0,4.0,3.0,3.0,1.0,4.0,3.0,2.0,2.0,2.0,2.0,3.0,1,,2.0,,2.0,,2,,2,,1.0,,2,,1.0,,2.0,3.0,3.0,2.0,2.0,1.0,4.0,1.0,2.0,3.0,600.0,400.0,8.0,5.0,3.0,1.0,0,,2.0,3.0,4,,0.0,.,.,0.0,.,.,9999,,1,.,1,.,0,1.0,uuid:34057916-aa69-453d-9561-e96e7822c8ac,,,,,,.,,,,1.0,,,,,,29 Apr 2019,2019-04-29,,,,,,1.0,13.0,,,,,,,,,,,,,,,,,,,,N.U.,0.0
6,3,697,1.0,7.0,8.0,2.0,17.0,3.5,4.0,0.0,7.5,8.0,1,,13.0,1,,2018-04-06,uuid:aca9f25e-94bb-4487-9f79-b397ed39edb8,2018-04-06 11:11:02,,"Apr 6, 2018",11:11:00 AM,,,,13.0,13.0,1.0,1.0,32.0,LULUWA,,,Bakua mbuyi,2,,1.0,,Ndesha,Lubuwa,1.0,,4.0,,DEMBA,17,,,,96000.0,250000.0,3 4,5.0,4.0,3.0,OK,1.0,0.0,0.0,1.0,OK,1.0,2.0,OK,1.0,1.0,11:11:03,11:11:03,3.0,3.0,2.0,3.0,1.0,1.0,1.0,1.0,1.0,2.0,1.0,1.0,1,,3.0,,3.0,,1,,3,,3.0,,3,,0.0,1.0,1.0,3.0,2.0,2.0,2.0,1.0,3.0,2.0,2.0,2.0,900.0,100.0,7.0,5.0,4.0,3.0,0,,1.0,0.0,3,,0.0,.,.,0.0,.,.,9999,,1,.,1,.,0,1.0,uuid:aca9f25e-94bb-4487-9f79-b397ed39edb8,,,,,,.,,,,1.0,,,,,,29 Apr 2019,2019-04-29,,,,,,1.0,8.0,,,,,,,,,,,,,,,,,,,,N.U.,0.0,0.0,2018-04-06,uuid:34057916-aa69-453d-9561-e96e7822c8ac,2018-04-06 16:02:16,2018-04-06 16:33:56,"Apr 6, 2018",4:02:00 PM,,,,30.0,30.0,1.0,1.0,26.0,LUBA,,,Bena muya,12,,1.0,,Kananga,Tshinsambi,1.0,,5.0,,KABEYA-KAMWANGA,17,,,,50000.0,27000.0,3 4,4.0,4.0,3.0,OK,1.0,1.0,1.0,1.0,OK,2.0,2.0,OK,1.0,1.0,16:02:17,16:02:17,3.0,4.0,3.0,3.0,1.0,4.0,3.0,2.0,2.0,2.0,2.0,3.0,1,,2.0,,2.0,,2,,2,,1.0,,2,,1.0,,2.0,3.0,3.0,2.0,2.0,1.0,4.0,1.0,2.0,3.0,600.0,400.0,8.0,5.0,3.0,1.0,0,,2.0,3.0,4,,0.0,.,.,0.0,.,.,9999,,1,.,1,.,0,1.0,uuid:34057916-aa69-453d-9561-e96e7822c8ac,,,,,,.,,,,1.0,,,,,,29 Apr 2019,2019-04-29,,,,,,1.0,13.0,,,,,,,,,,,,,,,,,,,,N.U.,0.0
6,3,6103,1.0,4.0,11.0,2.0,17.0,2.0,5.5,0.0,7.5,,1,,30.0,1,,2018-04-08,uuid:db5f1993-b5c1-4a20-8a63-1322ef5cc1c6,2018-04-08 09:50:41,2018-04-08 10:38:25,"Apr 8, 2018",8:09:00 AM,,,,1.0,1.0,1.0,1.0,38.0,KETE,,,,12,,0.0,2012.0,Katoka,Pokolo,1.0,,4.0,,TSHIKAPA,other,Il travaillait à la dgrkoc,,,90000.0,21000.0,3,2.0,4.0,3.0,OK,1.0,1.0,0.0,1.0,OK,2.0,2.0,OK,1.0,2.0,09:50:42,09:50:42,5.0,2.0,3.0,3.0,1.0,2.0,3.0,2.0,2.0,1.0,1.0,2.0,1,,2.0,,1.0,,2,,1,,1.0,,1,,1.0,,1.0,1.0,1.0,1.0,1.0,2.0,2.0,1.0,1.0,1.0,750.0,250.0,10.0,9.0,8.0,7.0,3,,1.0,3.0,4,,0.0,.,.,0.0,.,.,9999,,1,.,1,.,0,1.0,uuid:db5f1993-b5c1-4a20-8a63-1322ef5cc1c6,,,,,,.,,,,1.0,,,,,,29 Apr 2019,2019-04-29,,,,,,1.0,25.0,,,,,,,,,,,,,,,,,,,,C.B. a.i.,0.0,0.0,2018-04-08,uuid:45c5446d-07aa-4789-abf8-48dda47b20a4,2018-04-08 13:42:13,,"Apr 8, 2018",1:42:00 PM,,,,21.0,21.0,1.0,1.0,34.0,LUALUA,,,,2,,1.0,,Kanaga,Plateau,1.0,,4.0,,DIBAYA,other,Je travaillais à la Dgrkoc,,,174000.0,50000.0,3 6,4.0,4.0,1.0,OK,1.0,1.0,0.0,1.0,OK,2.0,2.0,OK,2.0,2.0,14:00:42,14:00:42,5.0,3.0,1.0,1.0,2.0,1.0,2.0,2.0,2.0,2.0,1.0,2.0,1,,2.0,,1.0,,2,,8,,1.0,,1,,0.0,4.0,1.0,2.0,2.0,2.0,1.0,1.0,4.0,1.0,1.0,1.0,1000.0,0.0,5.0,4.0,3.0,0.0,0,,1.0,3.0,4,,0.0,.,.,0.0,.,.,9999,,1,.,1,.,Il es tellement sur de ses reponses,1.0,uuid:45c5446d-07aa-4789-abf8-48dda47b20a4,,,,,,.,,,,2.0,,,,,,29 Apr 2019,2019-04-29,,,,,,1.0,30.0,,,,,,,,,,,,,,,,,,,,N.U.,0.0
7,1,224,1.0,4.0,7.0,0.0,11.0,2.0,3.5,0.0,5.5,,1,,75.0,1,,2018-11-06,uuid:30749c98-2665-49db-b0da-a0eba304e879,2018-11-06 16:33:09,2018-11-06 17:14:34,"Nov 6, 2018",4:33:00 PM,,,,127.0,127.0,1.0,1.0,31.0,LULUWA,.,,Bena diulu,3,,0.0,2000.0,Ndesha,Tshibandabanda,1.0,,4.0,,DEMBA,4,,,,135000.0,31500.0,3 6,3.0,3.0,6.0,OK,1.0,1.0,1.0,1.0,OK,1.0,1.0,OK,1.0,1.0,.,.,5.0,3.0,1.0,3.0,2.0,2.0,3.0,2.0,3.0,2.0,4.0,3.0,1,,1.0,,1.0,,1,,3,,1.0,,1,,0.0,4.0,2.0,4.0,2.0,1.0,2.0,2.0,4.0,1.0,1.0,2.0,500.0,500.0,8.0,6.0,5.0,4.0,0,,0.0,1.0,1,.,0.0,.,.,0.0,.,.,4,,1,,1,,0,1.0,uuid:30749c98-2665-49db-b0da-a0eba304e879,,,,,,,,,,,,,,,,29 Apr 2019,2019-04-29,,,,,,1.0,111.0,,,,,,,,,,,,,,,,,,,,N.U.,1.0,0.0,2018-04-27,uuid:79f70fa2-9716-48b2-b4a4-2e51e37617d6,2018-04-27 09:22:45,2018-04-27 10:04:31,"Apr 27, 2018",9:22:00 AM,,,,71.0,71.0,1.0,1.0,23.0,LUALUA,.,,,2,,1.0,,Ngaza,Salongo muimba,0.0,,4.0,,DIBAYA,20,,.,.,50000.0,15000.0,3 6,3.0,3.0,4.0,OK,1.0,1.0,1.0,1.0,OK,3.0,3.0,OK,2.0,2.0,09:22:46,09:22:46,4.0,3.0,1.0,3.0,2.0,1.0,2.0,4.0,2.0,2.0,2.0,1.0,2,,2.0,,1.0,,1,,1,,1.0,,1,,1.0,,2.0,3.0,1.0,1.0,2.0,1.0,4.0,1.0,1.0,2.0,400.0,600.0,6.0,5.0,4.0,3.0,0,,0.0,3.0,4,,1.0,8,,1.0,7,,other,Connaissance familiale avec mon oncle,1,.,,.,0,2.0,uuid:79f70fa2-9716-48b2-b4a4-2e51e37617d6,,,,,,,,,,1.0,,,,,,29 Apr 2019,2019-04-29,,,,,,1.0,75.0,,,,,,,,,,,,,,,,,,,,N.U.,0.0
7,1,238,1.0,7.0,8.0,0.0,15.0,3.5,4.0,0.0,7.5,99.0,1,,101.0,1,,2018-05-21,uuid:584cfc35-b8c5-4906-843e-e2c567070e2a,2018-05-21 16:38:20,2018-05-21 17:17:35,"May 21, 2018",4:38:00 PM,,,,120.0,120.0,1.0,1.0,34.0,BINDI,.,,,12,,0.0,2018.0,Katoka,Mpokolo,1.0,,4.0,,KAZUMBA,other,Travailler pour la ceni,.,.,320000.0,32000.0,0,3.0,4.0,5.0,OK,1.0,1.0,0.0,1.0,OK,3.0,3.0,OK,1.0,1.0,16:38:20,16:38:20,5.0,3.0,1.0,3.0,2.0,2.0,2.0,1.0,2.0,2.0,1.0,2.0,3,,1.0,,3.0,,1,,4,,1.0,,1,,0.0,4.0,1.0,2.0,2.0,1.0,1.0,2.0,4.0,1.0,1.0,3.0,500.0,500.0,8.0,6.0,5.0,4.0,0,,0.0,2.0,other,Grâce une demande faîte à l'onem  (office de demandeurs d'emplois ),0.0,,,0.0,,,9999,,1,.,1,.,0,1.0,uuid:584cfc35-b8c5-4906-843e-e2c567070e2a,,,,,,,,,,1.0,,,,,,29 Apr 2019,2019-04-29,,,,,,1.0,99.0,,,,,,,,,,,,,,,,,,,,N.U.,0.0,0.0,2018-05-22,uuid:1082dae7-cf9f-46a0-a576-fd49b38ecd0a,2018-05-22 11:27:51,2018-05-22 12:01:36,"May 22, 2018",11:27:00 AM,,,,123.0,123.0,1.0,1.0,22.0,LUALUA,.,,,12,,1.0,,Kananga,Malandji,1.0,,4.0,,DIMBELENGE,4,,.,.,20000.0,5000.0,3,0.0,2.0,3.0,OK,1.0,1.0,0.0,0.0,OK,3.0,3.0,OK,3.0,3.0,11:27:51,11:27:51,3.0,3.0,3.0,3.0,2.0,2.0,3.0,3.0,3.0,3.0,2.0,1.0,8,,8.0,,8.0,,2,,8,,8.0,,2,,0.0,1.0,1.0,1.0,1.0,1.0,1.0,2.0,4.0,1.0,1.0,2.0,1000.0,0.0,6.0,5.0,4.0,3.0,0,,0.0,0.0,4,,0.0,,,0.0,,,9999,,1,.,,.,Il n'a jamais était à la dgrkoc on a juste pris son nom,2.0,uuid:1082dae7-cf9f-46a0-a576-fd49b38ecd0a,,,,,,,,,,1.0,,,,,,29 Apr 2019,2019-04-29,,,,,,1.0,101.0,,,,,,,,,,,,,,,,,,,,N.U.,0.0
7,1,343,1.0,5.0,6.0,0.0,11.0,2.5,3.0,0.0,5.5,90.0,1,,18.0,1,,2018-05-21,uuid:acd7c7e6-9c34-4730-b887-ee35efc0720b,2018-05-21 13:22:42,2018-05-21 13:54:52,"May 21, 2018",1:24:00 PM,,,,111.0,111.0,1.0,1.0,23.0,LUALUA,.,,,1,,1.0,,Katoka,Mpokolo,1.0,,4.0,,DIBAYA,4,,.,.,250000.0,3000.0,0,3.0,2.0,2.0,OK,1.0,0.0,1.0,0.0,OK,2.0,2.0,OK,2.0,2.0,13:22:42,13:22:42,5.0,5.0,3.0,3.0,2.0,2.0,2.0,2.0,2.0,2.0,2.0,3.0,8,,2.0,,1.0,,1,,1,,8.0,,2,,0.0,1.0,3.0,2.0,1.0,1.0,1.0,2.0,4.0,3.0,2.0,2.0,600.0,400.0,5.0,2.0,1.0,0.0,0,,0.0,1.0,2,,1.0,3,,1.0,other,Beau frère,9999,,1,.,1,.,0,2.0,uuid:acd7c7e6-9c34-4730-b887-ee35efc0720b,,,,,,,,,,1.0,,,,,,29 Apr 2019,2019-04-29,,,,,,1.0,90.0,,,,,,,,,,,,,,,,,,,,N.U.,0.0,0.0,2018-04-06,uuid:c5ca5212-b840-4a26-8c33-88a33844849b,2018-04-06 18:14:32,2018-04-06 18:52:46,"Apr 6, 2018",6:14:00 PM,,,,35.0,35.0,1.0,1.0,46.0,LUNTU,,52.0,,12,,0.0,1996.0,Kananga,Plateau,1.0,,4.0,,DIMBELENGE,30,,,,150000.0,35000.0,3,2.0,3.0,6.0,OK,1.0,0.0,0.0,1.0,OK,1.0,2.0,OK,1.0,2.0,09:14:33,09:14:33,5.0,5.0,3.0,3.0,2.0,2.0,2.0,2.0,2.0,2.0,2.0,4.0,1,,1.0,,1.0,,1,,1,,1.0,,2,,1.0,,3.0,3.0,3.0,3.0,1.0,1.0,4.0,1.0,1.0,3.0,800.0,200.0,7.0,5.0,4.0,3.0,0,,0.0,4.0,2,,1.0,9,.,0.0,.,.,other,Aucun,1,.,1,.,0,1.0,uuid:c5ca5212-b840-4a26-8c33-88a33844849b,,,,,,.,,,,1.0,,,,,,29 Apr 2019,2019-04-29,,,,,,1.0,18.0,,,,,,,,,,,,,,,,,,,,N.U.,0.0
7,1,356,1.0,5.0,6.0,0.0,11.0,2.5,3.0,0.0,5.5,90.0,1,,18.0,1,,2018-05-21,uuid:acd7c7e6-9c34-4730-b887-ee35efc0720b,2018-05-21 13:22:42,2018-05-21 13:54:52,"May 21, 2018",1:24:00 PM,,,,111.0,111.0,1.0,1.0,23.0,LUALUA,.,,,1,,1.0,,Katoka,Mpokolo,1.0,,4.0,,DIBAYA,4,,.,.,250000.0,3000.0,0,3.0,2.0,2.0,OK,1.0,0.0,1.0,0.0,OK,2.0,2.0,OK,2.0,2.0,13:22:42,13:22:42,5.0,5.0,3.0,3.0,2.0,2.0,2.0,2.0,2.0,2.0,2.0,3.0,8,,2.0,,1.0,,1,,1,,8.0,,2,,0.0,1.0,3.0,2.0,1.0,1.0,1.0,2.0,4.0,3.0,2.0,2.0,600.0,400.0,5.0,2.0,1.0,0.0,0,,0.0,1.0,2,,1.0,3,,1.0,other,Beau frère,9999,,1,.,1,.,0,2.0,uuid:acd7c7e6-9c34-4730-b887-ee35efc0720b,,,,,,,,,,1.0,,,,,,29 Apr 2019,2019-04-29,,,,,,1.0,90.0,,,,,,,,,,,,,,,,,,,,N.U.,0.0,0.0,2018-04-06,uuid:c5ca5212-b840-4a26-8c33-88a33844849b,2018-04-06 18:14:32,2018-04-06 18:52:46,"Apr 6, 2018",6:14:00 PM,,,,35.0,35.0,1.0,1.0,46.0,LUNTU,,52.0,,12,,0.0,1996.0,Kananga,Plateau,1.0,,4.0,,DIMBELENGE,30,,,,150000.0,35000.0,3,2.0,3.0,6.0,OK,1.0,0.0,0.0,1.0,OK,1.0,2.0,OK,1.0,2.0,09:14:33,09:14:33,5.0,5.0,3.0,3.0,2.0,2.0,2.0,2.0,2.0,2.0,2.0,4.0,1,,1.0,,1.0,,1,,1,,1.0,,2,,1.0,,3.0,3.0,3.0,3.0,1.0,1.0,4.0,1.0,1.0,3.0,800.0,200.0,7.0,5.0,4.0,3.0,0,,0.0,4.0,2,,1.0,9,.,0.0,.,.,other,Aucun,1,.,1,.,0,1.0,uuid:c5ca5212-b840-4a26-8c33-88a33844849b,,,,,,.,,,,1.0,,,,,,29 Apr 2019,2019-04-29,,,,,,1.0,18.0,,,,,,,,,,,,,,,,,,,,N.U.,0.0
7,1,533,0.0,3.0,8.0,0.0,11.0,3.0,8.0,0.0,11.0,107.0,1,,82.0,1,,2018-11-06,uuid:532656fa-39f9-456b-8d67-a5f1e3437073,2018-11-06 15:19:21,2018-11-06 15:50:54,"Nov 6, 2018",3:19:00 PM,,,,126.0,126.0,1.0,1.0,22.0,LULUWA,.,44.0,,1,,1.0,,Kananga,Plateau,1.0,,4.0,,DIBAYA,27,,,,700000.0,100000.0,3 4 5,3.0,4.0,4.0,OK,1.0,1.0,0.0,1.0,OK,3.0,2.0,OK,2.0,2.0,.,.,3.0,3.0,4.0,3.0,2.0,2.0,2.0,2.0,2.0,3.0,2.0,4.0,1,,2.0,,2.0,,1,,3,,1.0,,1,,0.0,3.0,1.0,4.0,3.0,3.0,2.0,2.0,5.0,4.0,4.0,1.0,50.0,950.0,5.0,4.0,3.0,1.0,0,,0.0,3.0,3,.,1.0,4,.,0.0,.,.,other,Parent,1,,,,0,1.0,uuid:532656fa-39f9-456b-8d67-a5f1e3437073,,,,,,,,,,,,,,,,29 Apr 2019,2019-04-29,,,,,,1.0,107.0,,,,,,,,,,,,,,,,,,,,N.U.,1.0,0.0,2018-04-30,uuid:45b7e49c-0d35-4963-a969-6c0aec4af364,2018-04-30 09:11:14,2018-04-30 10:09:56,"Apr 30, 2018",9:31:00 AM,,,,108.0,108.0,1.0,1.0,25.0,LUALUA,.,,,12,,0.0,2002.0,Katoka,Kapanda,1.0,,4.0,,KAMONIA,27,,.,.,50000.0,10000.0,3,2.0,4.0,5.0,OK,1.0,1.0,0.0,0.0,OK,2.0,2.0,OK,1.0,1.0,09:11:15,09:11:15,5.0,3.0,3.0,2.0,2.0,1.0,2.0,2.0,3.0,3.0,1.0,2.0,8,,1.0,,8.0,,2,,1,,8.0,,2,,0.0,4.0,2.0,3.0,3.0,1.0,1.0,2.0,4.0,1.0,1.0,1.0,500.0,500.0,5.0,2.0,1.0,0.0,other,Il était là comme stagiaire,0.0,3.0,other,L'université l'avait recommandé d'aller faire son stage à la dgrkoc,0.0,,,0.0,,,9999,,1,.,1,.,0,1.0,uuid:45b7e49c-0d35-4963-a969-6c0aec4af364,,,,,,,,,,1.0,,,,,,29 Apr 2019,2019-04-29,,,,,,1.0,82.0,,,,,,,,,,,,,,,,,,,,N.U.,0.0
7,1,544,1.0,4.0,7.0,0.0,11.0,2.0,3.5,0.0,5.5,,1,,75.0,1,,2018-11-06,uuid:30749c98-2665-49db-b0da-a0eba304e879,2018-11-06 16:33:09,2018-11-06 17:14:34,"Nov 6, 2018",4:33:00 PM,,,,127.0,127.0,1.0,1.0,31.0,LULUWA,.,,Bena diulu,3,,0.0,2000.0,Ndesha,Tshibandabanda,1.0,,4.0,,DEMBA,4,,,,135000.0,31500.0,3 6,3.0,3.0,6.0,OK,1.0,1.0,1.0,1.0,OK,1.0,1.0,OK,1.0,1.0,.,.,5.0,3.0,1.0,3.0,2.0,2.0,3.0,2.0,3.0,2.0,4.0,3.0,1,,1.0,,1.0,,1,,3,,1.0,,1,,0.0,4.0,2.0,4.0,2.0,1.0,2.0,2.0,4.0,1.0,1.0,2.0,500.0,500.0,8.0,6.0,5.0,4.0,0,,0.0,1.0,1,.,0.0,.,.,0.0,.,.,4,,1,,1,,0,1.0,uuid:30749c98-2665-49db-b0da-a0eba304e879,,,,,,,,,,,,,,,,29 Apr 2019,2019-04-29,,,,,,1.0,111.0,,,,,,,,,,,,,,,,,,,,N.U.,1.0,0.0,2018-04-27,uuid:79f70fa2-9716-48b2-b4a4-2e51e37617d6,2018-04-27 09:22:45,2018-04-27 10:04:31,"Apr 27, 2018",9:22:00 AM,,,,71.0,71.0,1.0,1.0,23.0,LUALUA,.,,,2,,1.0,,Ngaza,Salongo muimba,0.0,,4.0,,DIBAYA,20,,.,.,50000.0,15000.0,3 6,3.0,3.0,4.0,OK,1.0,1.0,1.0,1.0,OK,3.0,3.0,OK,2.0,2.0,09:22:46,09:22:46,4.0,3.0,1.0,3.0,2.0,1.0,2.0,4.0,2.0,2.0,2.0,1.0,2,,2.0,,1.0,,1,,1,,1.0,,1,,1.0,,2.0,3.0,1.0,1.0,2.0,1.0,4.0,1.0,1.0,2.0,400.0,600.0,6.0,5.0,4.0,3.0,0,,0.0,3.0,4,,1.0,8,,1.0,7,,other,Connaissance familiale avec mon oncle,1,.,,.,0,2.0,uuid:79f70fa2-9716-48b2-b4a4-2e51e37617d6,,,,,,,,,,1.0,,,,,,29 Apr 2019,2019-04-29,,,,,,1.0,75.0,,,,,,,,,,,,,,,,,,,,N.U.,0.0
7,1,595,1.0,7.0,8.0,0.0,15.0,3.5,4.0,0.0,7.5,99.0,1,,101.0,1,,2018-05-21,uuid:584cfc35-b8c5-4906-843e-e2c567070e2a,2018-05-21 16:38:20,2018-05-21 17:17:35,"May 21, 2018",4:38:00 PM,,,,120.0,120.0,1.0,1.0,34.0,BINDI,.,,,12,,0.0,2018.0,Katoka,Mpokolo,1.0,,4.0,,KAZUMBA,other,Travailler pour la ceni,.,.,320000.0,32000.0,0,3.0,4.0,5.0,OK,1.0,1.0,0.0,1.0,OK,3.0,3.0,OK,1.0,1.0,16:38:20,16:38:20,5.0,3.0,1.0,3.0,2.0,2.0,2.0,1.0,2.0,2.0,1.0,2.0,3,,1.0,,3.0,,1,,4,,1.0,,1,,0.0,4.0,1.0,2.0,2.0,1.0,1.0,2.0,4.0,1.0,1.0,3.0,500.0,500.0,8.0,6.0,5.0,4.0,0,,0.0,2.0,other,Grâce une demande faîte à l'onem  (office de demandeurs d'emplois ),0.0,,,0.0,,,9999,,1,.,1,.,0,1.0,uuid:584cfc35-b8c5-4906-843e-e2c567070e2a,,,,,,,,,,1.0,,,,,,29 Apr 2019,2019-04-29,,,,,,1.0,99.0,,,,,,,,,,,,,,,,,,,,N.U.,0.0,0.0,2018-05-22,uuid:1082dae7-cf9f-46a0-a576-fd49b38ecd0a,2018-05-22 11:27:51,2018-05-22 12:01:36,"May 22, 2018",11:27:00 AM,,,,123.0,123.0,1.0,1.0,22.0,LUALUA,.,,,12,,1.0,,Kananga,Malandji,1.0,,4.0,,DIMBELENGE,4,,.,.,20000.0,5000.0,3,0.0,2.0,3.0,OK,1.0,1.0,0.0,0.0,OK,3.0,3.0,OK,3.0,3.0,11:27:51,11:27:51,3.0,3.0,3.0,3.0,2.0,2.0,3.0,3.0,3.0,3.0,2.0,1.0,8,,8.0,,8.0,,2,,8,,8.0,,2,,0.0,1.0,1.0,1.0,1.0,1.0,1.0,2.0,4.0,1.0,1.0,2.0,1000.0,0.0,6.0,5.0,4.0,3.0,0,,0.0,0.0,4,,0.0,,,0.0,,,9999,,1,.,,.,Il n'a jamais était à la dgrkoc on a juste pris son nom,2.0,uuid:1082dae7-cf9f-46a0-a576-fd49b38ecd0a,,,,,,,,,,1.0,,,,,,29 Apr 2019,2019-04-29,,,,,,1.0,101.0,,,,,,,,,,,,,,,,,,,,N.U.,0.0
7,1,596,1.0,4.0,7.0,0.0,11.0,2.0,3.5,0.0,5.5,9.0,1,,13.0,1,,2018-04-06,uuid:ded3e597-b17f-46a1-8df5-253e81cb6f37,2018-04-06 11:58:06,,"Apr 6, 2018",11:58:00 AM,,,,18.0,18.0,1.0,1.0,30.0,LULUWA,,,Bena diulu,3,,1.0,,Lukonga,Dikongayi,,,4.0,,DEMBA,27,,,,100000.0,50000.0,4,7.0,4.0,5.0,OK,1.0,1.0,1.0,1.0,OK,1.0,2.0,OK,1.0,1.0,11:58:08,11:58:08,3.0,3.0,3.0,3.0,2.0,1.0,1.0,1.0,1.0,2.0,2.0,2.0,1,,1.0,,1.0,,1,,1,,1.0,,1,,0.0,1.0,3.0,2.0,3.0,3.0,2.0,3.0,1.0,1.0,1.0,2.0,800.0,200.0,10.0,8.0,7.0,5.0,0,,1.0,6.0,3,,1.0,3,.,0.0,.,.,2,,1,.,5,.,0,1.0,uuid:ded3e597-b17f-46a1-8df5-253e81cb6f37,,,,,,.,,,,1.0,,,,,,29 Apr 2019,2019-04-29,,,,,,1.0,9.0,,,,,,,,,,,,,,,,,,,,N.U.,0.0,0.0,2018-04-06,uuid:34057916-aa69-453d-9561-e96e7822c8ac,2018-04-06 16:02:16,2018-04-06 16:33:56,"Apr 6, 2018",4:02:00 PM,,,,30.0,30.0,1.0,1.0,26.0,LUBA,,,Bena muya,12,,1.0,,Kananga,Tshinsambi,1.0,,5.0,,KABEYA-KAMWANGA,17,,,,50000.0,27000.0,3 4,4.0,4.0,3.0,OK,1.0,1.0,1.0,1.0,OK,2.0,2.0,OK,1.0,1.0,16:02:17,16:02:17,3.0,4.0,3.0,3.0,1.0,4.0,3.0,2.0,2.0,2.0,2.0,3.0,1,,2.0,,2.0,,2,,2,,1.0,,2,,1.0,,2.0,3.0,3.0,2.0,2.0,1.0,4.0,1.0,2.0,3.0,600.0,400.0,8.0,5.0,3.0,1.0,0,,2.0,3.0,4,,0.0,.,.,0.0,.,.,9999,,1,.,1,.,0,1.0,uuid:34057916-aa69-453d-9561-e96e7822c8ac,,,,,,.,,,,1.0,,,,,,29 Apr 2019,2019-04-29,,,,,,1.0,13.0,,,,,,,,,,,,,,,,,,,,N.U.,0.0
7,1,678,1.0,4.0,7.0,0.0,11.0,2.0,3.5,0.0,5.5,9.0,1,,13.0,1,,2018-04-06,uuid:ded3e597-b17f-46a1-8df5-253e81cb6f37,2018-04-06 11:58:06,,"Apr 6, 2018",11:58:00 AM,,,,18.0,18.0,1.0,1.0,30.0,LULUWA,,,Bena diulu,3,,1.0,,Lukonga,Dikongayi,,,4.0,,DEMBA,27,,,,100000.0,50000.0,4,7.0,4.0,5.0,OK,1.0,1.0,1.0,1.0,OK,1.0,2.0,OK,1.0,1.0,11:58:08,11:58:08,3.0,3.0,3.0,3.0,2.0,1.0,1.0,1.0,1.0,2.0,2.0,2.0,1,,1.0,,1.0,,1,,1,,1.0,,1,,0.0,1.0,3.0,2.0,3.0,3.0,2.0,3.0,1.0,1.0,1.0,2.0,800.0,200.0,10.0,8.0,7.0,5.0,0,,1.0,6.0,3,,1.0,3,.,0.0,.,.,2,,1,.,5,.,0,1.0,uuid:ded3e597-b17f-46a1-8df5-253e81cb6f37,,,,,,.,,,,1.0,,,,,,29 Apr 2019,2019-04-29,,,,,,1.0,9.0,,,,,,,,,,,,,,,,,,,,N.U.,0.0,0.0,2018-04-06,uuid:34057916-aa69-453d-9561-e96e7822c8ac,2018-04-06 16:02:16,2018-04-06 16:33:56,"Apr 6, 2018",4:02:00 PM,,,,30.0,30.0,1.0,1.0,26.0,LUBA,,,Bena muya,12,,1.0,,Kananga,Tshinsambi,1.0,,5.0,,KABEYA-KAMWANGA,17,,,,50000.0,27000.0,3 4,4.0,4.0,3.0,OK,1.0,1.0,1.0,1.0,OK,2.0,2.0,OK,1.0,1.0,16:02:17,16:02:17,3.0,4.0,3.0,3.0,1.0,4.0,3.0,2.0,2.0,2.0,2.0,3.0,1,,2.0,,2.0,,2,,2,,1.0,,2,,1.0,,2.0,3.0,3.0,2.0,2.0,1.0,4.0,1.0,2.0,3.0,600.0,400.0,8.0,5.0,3.0,1.0,0,,2.0,3.0,4,,0.0,.,.,0.0,.,.,9999,,1,.,1,.,0,1.0,uuid:34057916-aa69-453d-9561-e96e7822c8ac,,,,,,.,,,,1.0,,,,,,29 Apr 2019,2019-04-29,,,,,,1.0,13.0,,,,,,,,,,,,,,,,,,,,N.U.,0.0
7,2,118,0.0,4.0,8.0,0.0,12.0,4.0,8.0,0.0,12.0,495.0,2,11887.0,291.0,3,,2018-11-28,uuid:9c9793b0-4db6-43a8-8222-d0b046e47f2d,2018-11-28 15:45:56,2018-11-28 15:58:57,"Nov 28, 2018",3:46:00 PM,11887.0,1.0,,,,,1.0,,,.,,,,,,,,,,,,,,,,,,,,,,,,OK,1.0,1.0,0.0,1.0,OK,3.0,3.0,OK,4.0,4.0,.,.,3.0,4.0,1.0,3.0,2.0,,,,,,,,.,,,,,,.,,.,,,,,,,,,,,,,,,1.0,2.0,2.0,1000.0,0.0,9.0,8.0,7.0,6.0,,,,,.,.,,.,.,,.,.,,,1,,1,,0,2.0,uuid:9c9793b0-4db6-43a8-8222-d0b046e47f2d,,,,,,,,,,,,,,,,29 Apr 2019,2019-04-29,,,,,,1.0,495.0,495.0,895.0,,0.0,,,,,,,,,,,,,,,,,1.0,0.0,2018-11-27,uuid:ce67a7d0-4b03-4173-97e7-d4f03b2681d3,2018-11-27 09:35:42,2018-11-27 10:25:04,"Nov 27, 2018",9:35:00 AM,11887.0,,1.0,,,1.0,1.0,40.0,LULUWA,.,,Bitanda,3,,1.0,,Lukonga,Itabayi,1.0,,4.0,,DIBAYA,4,,,,15000.0,7500.0,0,3.0,3.0,5.0,OK,1.0,1.0,0.0,1.0,OK,1.0,1.0,OK,1.0,1.0,.,.,4.0,5.0,2.0,3.0,2.0,1.0,1.0,1.0,1.0,1.0,1.0,1.0,1,,1.0,,1.0,,1,,1,,1.0,,1,,0.0,1.0,1.0,2.0,2.0,2.0,1.0,2.0,3.0,1.0,1.0,2.0,0.0,0.0,8.0,7.0,5.0,4.0,,,,,.,.,,.,.,,.,.,,,1,,1,,0,2.0,uuid:ce67a7d0-4b03-4173-97e7-d4f03b2681d3,,,,,,,,,,,,,,,,29 Apr 2019,2019-04-29,,,,,,1.0,,,,445.0,,,0.0,,,,,,,,,,,,,,,1.0
7,2,215,0.0,3.0,8.0,0.0,11.0,3.0,8.0,0.0,11.0,,2,21595.0,,3,,2018-11-30,uuid:4f3c9d11-1a48-44fa-9f95-c3554cb6078e,2018-11-30 08:54:54,2018-11-30 09:07:29,"Nov 30, 2018",8:55:00 AM,21595.0,1.0,,,,,1.0,,,.,,,,,,,,,,,,,,,,,,,,,,,,OK,1.0,1.0,0.0,0.0,OK,4.0,4.0,OK,4.0,4.0,.,.,3.0,3.0,3.0,3.0,2.0,,,,,,,,.,,,,,,.,,.,,,,,,,,,,,,,,,2.0,2.0,2.0,800.0,200.0,6.0,5.0,4.0,3.0,,,,,.,.,,.,.,,.,.,,,1,,1,,00,2.0,uuid:4f3c9d11-1a48-44fa-9f95-c3554cb6078e,,,,,,,,,,,,,,,,29 Apr 2019,2019-04-29,,,,,,1.0,500.0,500.0,900.0,,0.0,,,,,,,,,,,,,,,,,1.0,0.0,2019-02-27,uuid:1b7dce52-2901-42bb-b6ee-c03b7adbbab6,2019-02-27 12:37:13,2019-02-27 13:20:25,"Feb 27, 2019",12:37:00 PM,21595.0,,1.0,,,1.0,1.0,33.0,LULUWA,.,22.0,,3,,1.0,,Lukonga,Lumumba1,1.0,,4.0,,DEMBA,4,,,,180000.0,10000.0,3,2.0,3.0,6.0,OK,1.0,1.0,0.0,1.0,OK,1.0,2.0,OK,1.0,1.0,.,.,4.0,3.0,3.0,3.0,2.0,1.0,2.0,2.0,2.0,2.0,2.0,1.0,1,,1.0,,1.0,,1,,1,,1.0,,1,,0.0,4.0,1.0,1.0,1.0,1.0,1.0,2.0,4.0,1.0,1.0,2.0,800.0,200.0,10.0,9.0,7.0,5.0,,,,,.,.,,.,.,,.,.,,,2,,,,0,2.0,uuid:1b7dce52-2901-42bb-b6ee-c03b7adbbab6,,,,,,,,,,,,,,,,29 Apr 2019,2019-04-29,,,,,,1.0,,,,445.0,,,0.0,,,,,,,,,,,,,,,2.0
7,2,327,0.0,2.0,9.0,0.0,11.0,2.0,9.0,0.0,11.0,497.0,2,32784.0,0.0,3,,2018-11-28,uuid:95bd410c-45bf-49ef-9925-bc7a8ec6caaa,2018-11-28 16:17:08,2018-11-28 16:33:40,"Nov 28, 2018",4:17:00 PM,32784.0,1.0,,,,,1.0,,,.,,,,,,,,,,,,,,,,,,,,,,,,OK,1.0,1.0,0.0,1.0,OK,1.0,1.0,OK,1.0,1.0,.,.,4.0,3.0,4.0,3.0,2.0,,,,,,,,.,,,,,,.,,.,,,,,,,,,,,,,,,2.0,2.0,2.0,700.0,300.0,5.0,4.0,3.0,2.0,,,,,.,.,,.,.,,.,.,,,1,,1,,0,2.0,uuid:95bd410c-45bf-49ef-9925-bc7a8ec6caaa,,,,,,,,,,,,,,,,29 Apr 2019,2019-04-29,,,,,,1.0,497.0,497.0,897.0,,0.0,,,,,,,,,,,,,,,,,1.0,0.0,2018-12-04,uuid:19218509-d6c2-4fe0-beba-6d7f5a2f3482,2018-12-04 08:59:08,2018-12-04 09:15:19,"Dec 4, 2018",8:59:00 AM,32784.0,,1.0,,,1.0,1.0,25.0,LULUWA,.,,Bena mbuyi,3,,1.0,,Katoka,Katoka4,1.0,,4.0,,KANANGA,12,,,,12000.0,3000.0,0,5.0,3.0,3.0,OK,1.0,1.0,1.0,0.0,OK,2.0,2.0,OK,2.0,2.0,.,.,3.0,3.0,3.0,3.0,2.0,2.0,2.0,4.0,2.0,2.0,2.0,2.0,2,,2.0,,2.0,,2,,3,,2.0,,2,,0.0,4.0,4.0,4.0,4.0,3.0,4.0,1.0,3.0,1.0,2.0,2.0,500.0,500.0,7.0,5.0,3.0,1.0,,,,,.,.,,.,.,,.,.,,,1,,1,,0,2.0,uuid:19218509-d6c2-4fe0-beba-6d7f5a2f3482,,,,,,,,,,,,,,,,29 Apr 2019,2019-04-29,,,,,,1.0,308.0,,,445.0,,,0.0,,,,,,,,,,,,,,,1.0
7,2,514,0.0,1.0,11.0,0.0,12.0,1.0,11.0,0.0,12.0,261.0,2,5146.0,,3,,2018-06-05,uuid:f1a9cca9-1860-459d-9421-28ac7a8c5c59,2018-06-05 15:58:09,2018-06-05 16:26:27,"Jun 5, 2018",3:58:00 PM,5146.0,1.0,,,,,1.0,,.,.,,.,.,.,,,.,.,,,,,.,.,.,.,.,,,.,,,,OK,1.0,1.0,1.0,1.0,OK,1.0,1.0,OK,1.0,1.0,.,.,5.0,5.0,3.0,3.0,2.0,,,,,,,,.,,,,,,.,,.,,,,.,,,,,,,,,,,2.0,1.0,2.0,800.0,200.0,7.0,5.0,3.0,0.0,.,.,,,.,.,,.,.,,.,.,.,.,1,.,1,.,0,2.0,uuid:f1a9cca9-1860-459d-9421-28ac7a8c5c59,,,,,,,,,,2.0,1.0,,,,,29 Apr 2019,2019-04-29,,,,,,1.0,261.0,261.0,661.0,,0.0,,,,,,,,,,,,,,,,N.U.,0.0,0.0,2019-02-28,uuid:36b02073-ca98-4ba1-b708-472f6451de29,2019-02-28 11:36:33,2019-02-28 12:20:19,"Feb 28, 2019",11:36:00 AM,51471.0,,1.0,,,2.0,1.0,25.0,KUBA,.,7.0,,2,,1.0,,Kananga,Tshinsambi,1.0,,4.0,,MWEKA,4,,,,200000.0,8000.0,3,8.0,3.0,6.0,OK,1.0,1.0,1.0,0.0,OK,2.0,1.0,OK,2.0,2.0,.,.,4.0,3.0,1.0,3.0,2.0,4.0,2.0,4.0,2.0,4.0,1.0,2.0,1,,2.0,,1.0,,1,,1,,,,1,,0.0,1.0,1.0,1.0,1.0,1.0,1.0,2.0,2.0,1.0,2.0,2.0,800.0,200.0,7.0,4.0,3.0,2.0,,,,,.,.,,.,.,,.,.,,,6,,6,,0,2.0,uuid:36b02073-ca98-4ba1-b708-472f6451de29,,,,,,,,,,,,,,,,29 Apr 2019,2019-04-29,,,,,,1.0,,,,445.0,,,0.0,,,,,,,,,,,,,,,2.0
7,2,530,0.0,3.0,5.0,0.0,8.0,3.0,5.0,0.0,8.0,288.0,2,53072.0,307.0,3,,2018-11-16,uuid:ea650293-a2e3-45e9-9da1-b0995b0be943,2018-11-16 16:59:08,,"Nov 16, 2018",4:59:00 PM,53072.0,,1.0,,,1.0,1.0,52.0,LULUWA,.,46.0,,1,,1.0,,Lukonga,Mulunda,1.0,,4.0,,KANANGA,17,,,,151000.0,10000.0,0,9.0,3.0,6.0,OK,1.0,1.0,1.0,1.0,OK,1.0,1.0,OK,1.0,1.0,.,.,5.0,5.0,3.0,3.0,1.0,1.0,1.0,1.0,1.0,1.0,4.0,1.0,1,,1.0,,1.0,,1,,1,,1.0,,1,,0.0,4.0,3.0,1.0,1.0,1.0,1.0,1.0,4.0,1.0,1.0,2.0,200.0,800.0,9.0,9.0,9.0,5.0,,,,,.,.,,.,.,,.,.,,,1,,6,,0,2.0,uuid:ea650293-a2e3-45e9-9da1-b0995b0be943,,,,,,,,,,,,,,,,29 Apr 2019,2019-04-29,,,,,,1.0,288.0,,,,0.0,,,,,,,,,1.0,1.0,,1.0,,,1.0,,1.0,0.0,2018-12-01,uuid:9d41d26f-1508-47a2-8bcd-d0bac4dfd144,2018-12-01 12:56:14,2018-12-01 13:24:26,"Dec 1, 2018",12:56:00 PM,53072.0,,1.0,,,1.0,1.0,27.0,LULUWA,.,46.0,,1,,1.0,,Lukonga,Tshisambi,1.0,,4.0,,KANANGA,27,,,,102000.0,94000.0,0,5.0,4.0,4.0,OK,1.0,1.0,1.0,0.0,OK,3.0,3.0,OK,3.0,2.0,.,.,3.0,3.0,3.0,3.0,2.0,1.0,3.0,3.0,1.0,1.0,1.0,1.0,1,,2.0,,2.0,,2,,3,,2.0,,2,,0.0,4.0,1.0,2.0,2.0,1.0,1.0,2.0,4.0,1.0,1.0,2.0,200.0,800.0,10.0,8.0,6.0,3.0,,,,,.,.,,.,.,,.,.,,,1,,1,,0,2.0,uuid:9d41d26f-1508-47a2-8bcd-d0bac4dfd144,,,,,,,,,,,,,,,,29 Apr 2019,2019-04-29,,,,,,1.0,307.0,,,445.0,,,0.0,,,,,,,,,,,,,,,1.0
7,2,538,1.0,5.0,5.0,0.0,10.0,2.5,2.5,0.0,5.0,,2,53859.0,0.0,3,,2018-06-04,uuid:50b985fc-603c-4ae6-838a-e2baf055ef9d,2018-06-04 15:52:35,2018-06-04 16:26:14,"Jun 4, 2018",3:52:00 PM,53859.0,1.0,,,,,1.0,,.,.,,.,.,.,,,.,.,,,,,.,.,.,.,.,,,.,,,,OK,1.0,1.0,1.0,1.0,OK,1.0,1.0,OK,2.0,2.0,.,.,5.0,5.0,1.0,2.0,2.0,,,,,,,,.,,,,,,.,,.,,,,.,,,,,,,,,,,2.0,2.0,2.0,700.0,300.0,6.0,3.0,2.0,2.0,.,.,,,.,.,,.,.,,.,.,.,.,2,.,2,.,0,2.0,uuid:50b985fc-603c-4ae6-838a-e2baf055ef9d,,,,,,,,,,1.0,0.0,.,,,,29 Apr 2019,2019-04-29,,,,,,1.0,251.0,251.0,651.0,,0.0,,,,,,,,,,,,,,1.0,1.0,N.U.,0.0,0.0,2018-06-26,uuid:fda9d21a-94f2-4552-8fe5-61de9cd88681,2018-06-26 16:54:39,,"Jun 26, 2018",3:54:00 PM,53859.0,,1.0,,,1.0,1.0,46.0,LULUWA,.,33.0,,3,,0.0,1993.0,Kananga,Tshisambi,1.0,,4.0,,DIBAYA,other,Electricien,,,800000.0,160000.0,4 5,4.0,4.0,7.0,OK,1.0,1.0,1.0,1.0,OK,1.0,1.0,OK,1.0,1.0,.,.,4.0,4.0,3.0,1.0,2.0,2.0,2.0,2.0,2.0,2.0,2.0,2.0,2,,3.0,,2.0,,2,,1,,2.0,,2,,1.0,,2.0,2.0,2.0,2.0,2.0,3.0,3.0,1.0,1.0,2.0,800.0,200.0,7.0,6.0,5.0,4.0,,,,,.,.,,.,.,,.,.,,,6,,6,,0,2.0,uuid:fda9d21a-94f2-4552-8fe5-61de9cd88681,,,,,,,,,,,,,,,,29 Apr 2019,2019-04-29,,,,,,1.0,,,,445.0,,,0.0,,,,,,,,,,,,,,,1.0
7,2,540,1.0,5.0,5.0,0.0,10.0,2.5,2.5,0.0,5.0,,2,53859.0,0.0,3,,2018-06-04,uuid:50b985fc-603c-4ae6-838a-e2baf055ef9d,2018-06-04 15:52:35,2018-06-04 16:26:14,"Jun 4, 2018",3:52:00 PM,53859.0,1.0,,,,,1.0,,.,.,,.,.,.,,,.,.,,,,,.,.,.,.,.,,,.,,,,OK,1.0,1.0,1.0,1.0,OK,1.0,1.0,OK,2.0,2.0,.,.,5.0,5.0,1.0,2.0,2.0,,,,,,,,.,,,,,,.,,.,,,,.,,,,,,,,,,,2.0,2.0,2.0,700.0,300.0,6.0,3.0,2.0,2.0,.,.,,,.,.,,.,.,,.,.,.,.,2,.,2,.,0,2.0,uuid:50b985fc-603c-4ae6-838a-e2baf055ef9d,,,,,,,,,,1.0,0.0,.,,,,29 Apr 2019,2019-04-29,,,,,,1.0,251.0,251.0,651.0,,0.0,,,,,,,,,,,,,,1.0,1.0,N.U.,0.0,0.0,2018-06-26,uuid:fda9d21a-94f2-4552-8fe5-61de9cd88681,2018-06-26 16:54:39,,"Jun 26, 2018",3:54:00 PM,53859.0,,1.0,,,1.0,1.0,46.0,LULUWA,.,33.0,,3,,0.0,1993.0,Kananga,Tshisambi,1.0,,4.0,,DIBAYA,other,Electricien,,,800000.0,160000.0,4 5,4.0,4.0,7.0,OK,1.0,1.0,1.0,1.0,OK,1.0,1.0,OK,1.0,1.0,.,.,4.0,4.0,3.0,1.0,2.0,2.0,2.0,2.0,2.0,2.0,2.0,2.0,2,,3.0,,2.0,,2,,1,,2.0,,2,,1.0,,2.0,2.0,2.0,2.0,2.0,3.0,3.0,1.0,1.0,2.0,800.0,200.0,7.0,6.0,5.0,4.0,,,,,.,.,,.,.,,.,.,,,6,,6,,0,2.0,uuid:fda9d21a-94f2-4552-8fe5-61de9cd88681,,,,,,,,,,,,,,,,29 Apr 2019,2019-04-29,,,,,,1.0,,,,445.0,,,0.0,,,,,,,,,,,,,,,1.0
7,2,588,0.0,2.0,9.0,0.0,11.0,2.0,9.0,0.0,11.0,233.0,2,58784.0,111.0,3,,2018-06-01,uuid:fabedd8c-b27a-48c9-8ff1-5c58015871b3,2018-06-01 16:37:47,2018-06-01 16:57:08,"Jun 1, 2018",4:37:00 PM,58784.0,1.0,,,,,1.0,,.,.,,.,.,.,,,.,.,,,,,.,.,.,.,.,,,.,,,,OK,1.0,1.0,0.0,1.0,OK,2.0,2.0,OK,2.0,2.0,.,.,3.0,5.0,3.0,3.0,2.0,,,,,,,,.,,,,,,.,,.,,,,.,,,,,,,,,,,2.0,2.0,1.0,500.0,500.0,7.0,5.0,4.0,1.0,.,.,,,.,.,,.,.,,.,.,.,.,6,.,,.,0,2.0,uuid:fabedd8c-b27a-48c9-8ff1-5c58015871b3,,,,,,,,,,2.0,,,,,,29 Apr 2019,2019-04-29,,,,,,1.0,233.0,233.0,633.0,,0.0,,,,,,,,,,,,,,,,N.U.,0.0,0.0,2018-06-11,uuid:5d041ec2-63f6-4aa6-8ab9-79b928e9995c,2018-06-11 13:08:07,2018-06-11 13:34:26,"Jun 11, 2018",12:08:00 PM,58784.0,,1.0,,,1.0,1.0,64.0,TETELA,.,,,11,,0.0,2003.0,Kananga,Plateau,1.0,,5.0,,LUBEFU,9,,,,150000.0,78000.0,3 6,8.0,4.0,2.0,OK,1.0,1.0,1.0,1.0,OK,3.0,3.0,OK,1.0,2.0,.,.,3.0,3.0,2.0,3.0,1.0,1.0,3.0,2.0,2.0,2.0,1.0,1.0,2,,2.0,,2.0,,2,,5,,2.0,,2,,1.0,,1.0,1.0,2.0,2.0,2.0,2.0,2.0,1.0,1.0,2.0,600.0,400.0,6.0,4.0,3.0,2.0,,,,,.,.,,.,.,,.,.,,,6,,6,,Le sondage administré dans le polygone mais pas chez le repondant car il était occupé chez son voisin à 3 avenues de chez lui,1.0,uuid:5d041ec2-63f6-4aa6-8ab9-79b928e9995c,,,,,,,,,,,,,,,,29 Apr 2019,2019-04-29,,,,,,1.0,111.0,,,445.0,,,0.0,,,,,,,,,,,,,,,0.0
7,2,654,0.0,2.0,8.0,0.0,10.0,2.0,8.0,0.0,10.0,,2,65553.0,,3,,2018-06-05,uuid:9264aef1-33c7-4ec7-9fa6-7850eb8b25b5,2018-06-05 14:27:48,2018-06-05 15:01:42,"Jun 5, 2018",2:27:00 PM,6558888.0,1.0,,,,,1.0,,.,.,,.,.,.,,,.,.,,,,,.,.,.,.,.,,,.,,,,OK,1.0,1.0,0.0,0.0,OK,1.0,2.0,OK,2.0,3.0,.,.,5.0,3.0,2.0,3.0,1.0,,,,,,,,.,,,,,,.,,.,,,,.,,,,,,,,,,,2.0,2.0,2.0,500.0,500.0,2.0,0.0,0.0,0.0,.,.,,,.,.,,.,.,,.,.,.,.,.,.,,.,0,2.0,uuid:9264aef1-33c7-4ec7-9fa6-7850eb8b25b5,,,,,,,,,,2.0,0.0,Ne plus chef,65550.0,65550.0,,29 Apr 2019,2019-04-29,,,,,,1.0,259.0,259.0,659.0,,0.0,,,,,,,,,,,,1.0,1.0,1.0,1.0,N.U.,0.0,0.0,2019-03-01,uuid:323ec042-a133-405e-87f5-07a58cc356ca,2019-03-01 13:35:15,,"Mar 1, 2019",1:35:00 PM,655553.0,,1.0,,,1.0,1.0,60.0,LULUWA,.,,Bakua mushilu,1,,0.0,,Kananga,Kamayi,0.0,,4.0,,KANANGA,11,,,,100000.0,30000.0,3,3.0,3.0,2.0,OK,1.0,1.0,1.0,1.0,OK,1.0,1.0,OK,1.0,1.0,.,.,5.0,5.0,3.0,3.0,2.0,2.0,2.0,2.0,2.0,2.0,2.0,2.0,1,,3.0,,2.0,,1,,1,,8.0,,2,,0.0,2.0,2.0,1.0,,2.0,3.0,1.0,5.0,1.0,2.0,2.0,400.0,600.0,6.0,6.0,4.0,0.0,,,,,.,.,,.,.,,.,.,,,1,,1,,0,2.0,uuid:323ec042-a133-405e-87f5-07a58cc356ca,,,,,,,,,,,,,,,,29 Apr 2019,2019-04-29,,,,,,1.0,371.0,,,445.0,,,0.0,,,,,,,1.0,,,,,,1.0,,2.0
7,2,658,0.0,2.0,9.0,0.0,11.0,2.0,9.0,0.0,11.0,488.0,2,65791.0,0.0,3,,2018-11-22,uuid:52b39758-d30f-423d-a4d5-e7b256b15df7,2018-11-22 12:37:48,2018-11-22 13:01:57,"Nov 22, 2018",12:38:00 PM,65791.0,1.0,,,,,1.0,,,.,,,,,,,,,,,,,,,,,,,,,,,,OK,1.0,1.0,0.0,0.0,OK,3.0,4.0,OK,2.0,3.0,.,.,3.0,5.0,3.0,3.0,2.0,,,,,,,,.,,,,,,.,,.,,,,,,,,,,,,,,,2.0,2.0,2.0,500.0,500.0,5.0,4.0,3.0,2.0,,,,,.,.,,.,.,,.,.,,,1,,1,,0,2.0,uuid:52b39758-d30f-423d-a4d5-e7b256b15df7,,,,,,,,,,,,,,,,29 Apr 2019,2019-04-29,,,,,,1.0,488.0,488.0,888.0,,0.0,,,,,,,,,,,,,,,,,1.0,0.0,2018-11-22,uuid:3aeb260f-2cda-47d9-9df4-6ac09a55454d,2018-11-22 13:03:40,2018-11-22 13:31:27,"Nov 22, 2018",1:03:00 PM,65791.0,,1.0,,,1.0,1.0,74.0,LULUWA,.,45.0,,11,,0.0,1958.0,Kananga,Kamayi,1.0,,4.0,,DIBAYA,4,,,,40000.0,8000.0,3 4,5.0,3.0,5.0,OK,1.0,1.0,1.0,1.0,OK,2.0,3.0,OK,2.0,3.0,.,.,5.0,3.0,2.0,3.0,2.0,2.0,2.0,4.0,2.0,2.0,1.0,1.0,1,,1.0,,1.0,,1,,1,,1.0,,1,,0.0,1.0,1.0,1.0,1.0,1.0,1.0,2.0,3.0,2.0,1.0,2.0,1000.0,0.0,6.0,5.0,4.0,2.0,,,,,.,.,,.,.,,.,.,,,1,,1,,0,2.0,uuid:3aeb260f-2cda-47d9-9df4-6ac09a55454d,,,,,,,,,,,,,,,,29 Apr 2019,2019-04-29,,,,,,1.0,,,,445.0,,,0.0,,,,,,,,,,,,,,,1.0
7,2,664,0.0,2.0,9.0,0.0,11.0,2.0,9.0,0.0,11.0,232.0,2,66187.0,207.0,3,,2018-06-01,uuid:d7a88c22-450a-4a44-89f6-d191325717d0,2018-06-01 15:35:11,2018-06-01 15:57:59,"Jun 1, 2018",3:35:00 PM,66187.0,1.0,,,,,1.0,,.,.,,.,.,.,,,.,.,,,,,.,.,.,.,.,,,.,,,,OK,1.0,1.0,1.0,1.0,OK,2.0,1.0,OK,2.0,1.0,.,.,5.0,3.0,3.0,3.0,2.0,,,,,,,,.,,,,,,.,,.,,,,.,,,,,,,,,,,2.0,1.0,2.0,800.0,200.0,7.0,5.0,3.0,2.0,.,.,,,.,.,,.,.,,.,.,.,.,.,.,,.,Il va s'acheter le telephone.,2.0,uuid:d7a88c22-450a-4a44-89f6-d191325717d0,,,,,,,,,,1.0,,,,,,29 Apr 2019,2019-04-29,,,,,,1.0,232.0,232.0,632.0,,0.0,,,,,,,,,,,,,,,,N.U.,0.0,0.0,2018-06-22,uuid:f2bdc141-69c1-4ee1-94fc-a55c4530f164,2018-06-22 14:34:09,2018-06-22 15:13:02,"Jun 22, 2018",1:34:00 PM,66187.0,,1.0,,,1.0,1.0,42.0,LULUWA,.,47.0,,3,,0.0,1980.0,Kananga,Kamayi Douane.,1.0,,4.0,,DIBAYA,9,,,,90000.0,21000.0,3,4.0,3.0,6.0,OK,1.0,1.0,0.0,1.0,OK,2.0,2.0,OK,2.0,2.0,.,.,5.0,5.0,3.0,3.0,2.0,2.0,2.0,2.0,2.0,2.0,2.0,2.0,1,,2.0,,2.0,,2,,2,,2.0,,2,,0.0,1.0,1.0,1.0,1.0,1.0,1.0,3.0,4.0,2.0,2.0,2.0,500.0,500.0,5.0,4.0,3.0,1.0,,,,,.,.,,.,.,,.,.,,,,,,,Il a perdu son telephone.,2.0,uuid:f2bdc141-69c1-4ee1-94fc-a55c4530f164,,,,,,,,,,,,,,,,29 Apr 2019,2019-04-29,,,,,,1.0,,,,445.0,,,0.0,,,,,,,,,,,,,,,1.0
7,2,675,0.0,2.0,9.0,0.0,11.0,2.0,9.0,0.0,11.0,502.0,2,67545.0,,3,,2018-12-01,uuid:28293b4a-a686-4471-9944-74f5a5eee591,2018-12-01 08:37:52,2018-12-01 08:53:26,"Dec 1, 2018",8:42:00 AM,67545.0,1.0,,,,,1.0,,,.,,,,,,,,,,,,,,,,,,,,,,,,OK,1.0,1.0,0.0,1.0,OK,4.0,3.0,OK,4.0,3.0,.,.,3.0,3.0,1.0,3.0,1.0,,,,,,,,.,,,,,,.,,.,,,,,,,,,,,,,,,2.0,2.0,2.0,100.0,900.0,7.0,5.0,3.0,0.0,,,,,.,.,,.,.,,.,.,,,1,,1,,0,2.0,uuid:28293b4a-a686-4471-9944-74f5a5eee591,,,,,,,,,,,,,,,,29 Apr 2019,2019-04-29,,,,,,1.0,502.0,502.0,902.0,,0.0,,,,,,,,,,,,,,,,,1.0,0.0,2018-06-19,uuid:58c0632b-03fd-4a83-bfbf-b4ec99647910,2018-06-19 16:09:58,2018-06-19 16:40:46,"Jun 19, 2018",3:10:00 PM,6775.0,,1.0,,,1.0,1.0,70.0,LULUWA,.,,Bakua mbuyi,1,,0.0,1960.0,Kananga,Malandji,1.0,,4.0,,KANANGA,9,,,,120000.0,28000.0,3,2.0,2.0,4.0,OK,1.0,1.0,0.0,0.0,OK,1.0,1.0,OK,2.0,2.0,.,.,3.0,5.0,3.0,3.0,2.0,2.0,2.0,4.0,2.0,2.0,2.0,2.0,2,,8.0,,3.0,,2,,8,,2.0,,2,,0.0,4.0,4.0,1.0,1.0,1.0,1.0,1.0,3.0,1.0,1.0,2.0,800.0,200.0,7.0,6.0,5.0,4.0,,,,,.,.,,.,.,,.,.,,,6,,,,0,2.0,uuid:58c0632b-03fd-4a83-bfbf-b4ec99647910,,,,,,,,,,,,,,,,29 Apr 2019,2019-04-29,,,,,,1.0,,,,445.0,,,0.0,,,,,,,,,,,,,,,1.0
7,2,703,0.0,2.0,9.0,0.0,11.0,2.0,9.0,0.0,11.0,,2,70288.0,292.0,3,,2018-06-09,uuid:a2e7204f-b931-4bb2-893c-82e5a5d4a534,2018-06-09 10:50:20,2018-06-09 11:45:02,"Jun 9, 2018",10:51:00 AM,70288.0,1.0,,,,,1.0,,.,.,,.,.,.,,,.,.,,,,,.,.,.,.,.,,,.,,,,OK,0.0,0.0,1.0,1.0,OK,1.0,2.0,OK,1.0,1.0,.,.,3.0,5.0,3.0,3.0,2.0,,,,,,,,.,,,,,,.,,.,,,,.,,,,,,,,,,,1.0,2.0,2.0,1000.0,0.0,9.0,8.0,6.0,5.0,.,.,,,.,.,,.,.,,.,.,.,.,1,.,1,.,0,2.0,uuid:a2e7204f-b931-4bb2-893c-82e5a5d4a534,,,,,,,,,,1.0,1.0,,,,,29 Apr 2019,2019-04-29,,,,,,1.0,296.0,296.0,696.0,,0.0,,,,,,,,,,,,,,,,N.U.,0.0,0.0,2018-11-28,uuid:b426c061-19da-4fe8-bfe6-1bf185017e4a,2018-11-28 09:32:38,2018-11-28 10:02:11,"Nov 28, 2018",9:32:00 AM,70288.0,,1.0,,,1.0,1.0,27.0,LULUWA,.,,Bena kayembe,3,,0.0,2009.0,Kananga,Malandji,1.0,,4.0,,DEMBA,18,,,,120000.0,40000.0,3,5.0,2.0,6.0,OK,1.0,1.0,1.0,0.0,OK,2.0,2.0,OK,2.0,2.0,.,.,5.0,5.0,2.0,3.0,2.0,2.0,2.0,2.0,2.0,2.0,2.0,2.0,1,,1.0,,1.0,,1,,3,,8.0,,1,,0.0,4.0,3.0,2.0,2.0,4.0,,1.0,3.0,2.0,2.0,2.0,0.0,1000.0,10.0,9.0,7.0,4.0,,,,,.,.,,.,.,,.,.,,,1,,1,,0,2.0,uuid:b426c061-19da-4fe8-bfe6-1bf185017e4a,,,,,,,,,,,,,,,,29 Apr 2019,2019-04-29,,,,,,1.0,,,,445.0,,,0.0,,,,,,,,,,,,,,,1.0
7,4,112,0.0,3.0,8.0,0.0,11.0,3.0,8.0,0.0,11.0,,1,,314.0,2,11146.0,2018-04-09,uuid:24a3dce4-3857-4eed-974d-f31e69050580,2018-04-09 18:14:28,2018-04-09 18:52:28,"Apr 9, 2018",6:14:00 PM,,,,55.0,55.0,1.0,1.0,44.0,LULUWA,,46.0,,1,,1.0,,Katoka,Mpokolo,1.0,,4.0,,KANANGA,17,,,,76000.0,42000.0,3,3.0,4.0,2.0,OK,1.0,1.0,1.0,1.0,OK,1.0,2.0,OK,2.0,2.0,09:14:30,09:14:30,5.0,5.0,2.0,2.0,2.0,1.0,3.0,2.0,4.0,2.0,2.0,4.0,2,,2.0,,2.0,,2,,2,,2.0,,2,,0.0,4.0,4.0,2.0,2.0,2.0,2.0,2.0,3.0,2.0,1.0,2.0,1000.0,0.0,9.0,8.0,7.0,6.0,0,,2.0,3.0,4,,0.0,.,.,0.0,.,.,5,,1,.,1,.,0,1.0,uuid:24a3dce4-3857-4eed-974d-f31e69050580,,,,,,.,,,,1.0,,,,,,29 Apr 2019,2019-04-29,,,,,,1.0,42.0,,,,,,,,,,,,,,,,,,,,N.U.,0.0,0.0,2018-06-11,uuid:808c3a45-7995-4208-a35b-ac729955c394,2018-06-11 14:06:08,2018-06-11 14:40:04,"Jun 11, 2018",1:07:00 PM,11146.0,1.0,,,,,1.0,,,.,,,,,,,,,,,,,,,,,,,,,,,,OK,1.0,1.0,0.0,1.0,OK,1.0,1.0,OK,1.0,1.0,.,.,5.0,5.0,1.0,1.0,2.0,,,,,,,,.,,,,,,.,,.,,,,,,,,,,,,,,,2.0,2.0,2.0,500.0,500.0,8.0,4.0,2.0,1.0,,,,,.,.,,.,.,,.,.,,,1,,,,0,2.0,uuid:808c3a45-7995-4208-a35b-ac729955c394,,,,,,,,,,,,,,,,29 Apr 2019,2019-04-29,,,,,,1.0,314.0,314.0,714.0,,0.0,,,,,,,,,,,,,,,,,0.0
7,4,219,0.0,3.0,9.0,0.0,12.0,3.0,9.0,0.0,12.0,91.0,1,,253.0,2,21985.0,2018-05-21,uuid:42ce0977-0346-4443-921c-d937e4a038c0,2018-05-21 13:56:28,2018-05-21 14:34:52,"May 21, 2018",1:58:00 PM,,,,112.0,112.0,1.0,1.0,26.0,BINDI,.,,,1,,0.0,2008.0,Kananga,Malandji,1.0,,4.0,,KAZUMBA,4,,.,.,300000.0,32000.0,1 3 4,2.0,4.0,5.0,OK,1.0,0.0,0.0,1.0,OK,2.0,2.0,OK,2.0,2.0,13:56:29,13:56:29,3.0,3.0,4.0,3.0,2.0,2.0,2.0,1.0,2.0,2.0,1.0,2.0,1,,8.0,,1.0,,1,,4,,1.0,,1,,0.0,1.0,3.0,1.0,1.0,1.0,1.0,2.0,4.0,1.0,1.0,1.0,800.0,200.0,9.0,7.0,6.0,5.0,0,,3.0,3.0,2,,0.0,,,1.0,3,,6,,1,.,1,.,0,1.0,uuid:42ce0977-0346-4443-921c-d937e4a038c0,,,,,,,,,,1.0,,,,,,29 Apr 2019,2019-04-29,,,,,,1.0,91.0,,,,,,,,,,,,,,,,,,,,N.U.,0.0,0.0,2018-06-05,uuid:283da6e6-1cb0-477f-840f-4ee46962ca84,2018-06-05 08:25:02,2018-06-05 09:03:05,"Jun 5, 2018",8:25:00 AM,21985.0,1.0,,,,,1.0,,.,.,,.,.,.,,,.,.,,,,,.,.,.,.,.,,,.,,,,OK,1.0,1.0,0.0,0.0,OK,1.0,1.0,OK,1.0,1.0,.,.,5.0,4.0,1.0,2.0,2.0,,,,,,,,.,,,,,,.,,.,,,,.,,,,,,,,,,,1.0,1.0,2.0,500.0,500.0,8.0,7.0,6.0,5.0,.,.,,,.,.,,.,.,,.,.,.,.,6,.,6,.,0,2.0,uuid:283da6e6-1cb0-477f-840f-4ee46962ca84,,,,,,,,,,1.0,1.0,,,,,29 Apr 2019,2019-04-29,,,,,,1.0,253.0,253.0,653.0,,0.0,,,,,,,,,,,,,,,,N.U.,0.0
7,4,379,0.0,2.0,6.0,0.0,8.0,2.0,6.0,0.0,8.0,10.0,1,,494.0,2,379140.0,2018-04-06,uuid:53d8b747-3079-463b-b8cf-4462e9c153ac,2018-04-06 12:27:45,,"Apr 6, 2018",12:27:00 PM,,,,16.0,16.0,1.0,1.0,24.0,LULUWA,,46.0,,8,,1.0,,Kananga,Mulunda,1.0,,4.0,,KANANGA,17,,,,39000.0,0.0,3,4.0,4.0,3.0,OK,1.0,1.0,0.0,0.0,OK,1.0,2.0,OK,1.0,1.0,12:27:46,12:27:46,3.0,4.0,3.0,3.0,2.0,2.0,2.0,2.0,2.0,2.0,2.0,2.0,2,,2.0,,2.0,,2,,2,,2.0,,2,,0.0,4.0,3.0,3.0,3.0,1.0,1.0,4.0,4.0,1.0,1.0,1.0,400.0,600.0,6.0,4.0,3.0,2.0,0,,1.0,4.0,1,,1.0,8,.,1.0,8,.,2,,1,.,1,.,0,1.0,uuid:53d8b747-3079-463b-b8cf-4462e9c153ac,,,,,,.,,,,1.0,,,,,,29 Apr 2019,2019-04-29,,,,,,1.0,10.0,,,,,,,,,,,,,,,,,,,,N.U.,0.0,0.0,2018-11-28,uuid:88ae8f23-75d0-4bbd-b0f2-d22e2ec0bdf1,2018-11-28 15:21:34,2018-11-28 15:39:34,"Nov 28, 2018",3:21:00 PM,379140.0,1.0,,,,,1.0,,,.,,,,,,,,,,,,,,,,,,,,,,,,OK,1.0,0.0,0.0,0.0,OK,4.0,4.0,OK,4.0,4.0,.,.,4.0,4.0,3.0,3.0,2.0,,,,,,,,.,,,,,,.,,.,,,,,,,,,,,,,,,2.0,4.0,2.0,1000.0,0.0,10.0,5.0,4.0,3.0,,,,,.,.,,.,.,,.,.,,,2,,3,,0,2.0,uuid:88ae8f23-75d0-4bbd-b0f2-d22e2ec0bdf1,,,,,,,,,,,,,,,,29 Apr 2019,2019-04-29,,,,,,1.0,494.0,494.0,894.0,,0.0,,,,,,,,,,,,,,,,,1.0
7,4,385,0.0,2.0,9.0,0.0,11.0,2.0,9.0,0.0,11.0,52.0,1,,492.0,2,3857.0,2018-04-11,uuid:0d417642-db2e-4db8-ae2c-1d1282bce06c,2018-04-11 10:42:12,2018-04-11 11:30:55,"Apr 11, 2018",10:43:00 AM,,,,73.0,73.0,1.0,1.0,34.0,LUALUA,,,,1,,0.0,1989.0,Kananga,Malandji,1.0,,4.0,,DEMBA,22,,,,150000.0,20000.0,1 3 4 5 6,2.0,4.0,3.0,OK,1.0,1.0,1.0,1.0,OK,2.0,2.0,OK,1.0,1.0,10:42:13,10:42:13,3.0,3.0,3.0,2.0,2.0,1.0,2.0,2.0,1.0,2.0,1.0,2.0,2,,2.0,,5.0,,2,,7,,2.0,,2,,0.0,1.0,1.0,3.0,1.0,1.0,1.0,1.0,1.0,1.0,1.0,1.0,800.0,200.0,7.0,5.0,4.0,3.0,0,,3.0,3.0,3,,0.0,.,.,0.0,.,.,9999,,1,.,1,.,Il est vraiment apte,1.0,uuid:0d417642-db2e-4db8-ae2c-1d1282bce06c,,,,,,.,,,,1.0,,,,,,29 Apr 2019,2019-04-29,,,,,,1.0,52.0,,,,,,,,,,,,,,,,,,,,N.U.,0.0,0.0,2018-11-28,uuid:e0815204-71c4-480d-aed8-c166ced82a67,2018-11-28 14:40:12,2018-11-28 14:58:22,"Nov 28, 2018",2:40:00 PM,3857.0,1.0,,,,,1.0,,,.,,,,,,,,,,,,,,,,,,,,,,,,OK,1.0,1.0,1.0,1.0,OK,1.0,1.0,OK,3.0,3.0,.,.,4.0,4.0,3.0,3.0,2.0,,,,,,,,.,,,,,,.,,.,,,,,,,,,,,,,,,2.0,2.0,2.0,1000.0,0.0,10.0,7.0,6.0,5.0,,,,,.,.,,.,.,,.,.,,,1,,1,,Oh0,2.0,uuid:e0815204-71c4-480d-aed8-c166ced82a67,,,,,,,,,,,,,,,,29 Apr 2019,2019-04-29,,,,,,1.0,492.0,492.0,892.0,,0.0,,,,,,,,,,,,,,,,,1.0
7,4,510,1.0,4.0,10.0,0.0,14.0,2.0,5.0,0.0,7.0,79.0,1,,,2,51289.0,2018-04-28,uuid:586fa3bf-6ec6-4a07-891c-65b543159a4d,2018-04-28 08:32:21,2018-04-28 14:56:43,"Apr 28, 2018",2:26:00 PM,,,,107.0,107.0,1.0,1.0,24.0,LUALUA,.,,,1,,0.0,2007.0,Katoka,Mpokolo,1.0,,4.0,,DIBAYA,27,,.,.,30000.0,7000.0,0,2.0,3.0,3.0,OK,1.0,1.0,0.0,1.0,OK,2.0,2.0,OK,2.0,2.0,08:32:22,08:32:22,5.0,3.0,3.0,3.0,2.0,2.0,2.0,2.0,1.0,2.0,2.0,4.0,8,,4.0,,1.0,,1,,7,,1.0,,1,,1.0,,1.0,4.0,3.0,2.0,2.0,2.0,4.0,1.0,1.0,2.0,200.0,800.0,7.0,5.0,3.0,2.0,0,,0.0,0.0,3,,0.0,,,0.0,,,4,,1,.,,.,0,1.0,uuid:586fa3bf-6ec6-4a07-891c-65b543159a4d,,,,,,,,,,1.0,,,,,,29 Apr 2019,2019-04-29,,,,,,1.0,79.0,,,,,,,,,,,,,,,,,,,,N.U.,0.0,0.0,2018-06-04,uuid:529cd5dc-c776-436c-bfbd-ffb2f6848482,2018-06-04 12:14:50,2018-06-04 12:37:24,"Jun 4, 2018",12:14:00 PM,51289.0,1.0,,,,,1.0,,.,.,,.,.,.,,,.,.,,,,,.,.,.,.,.,,,.,,,,OK,1.0,1.0,0.0,0.0,OK,1.0,1.0,OK,1.0,1.0,.,.,5.0,5.0,3.0,2.0,2.0,,,,,,,,.,,,,,,.,,.,,,,.,,,,,,,,,,,2.0,3.0,2.0,1000.0,0.0,7.0,5.0,4.0,0.0,.,.,,,.,.,,.,.,,.,.,.,.,6,.,.,.,0,2.0,uuid:529cd5dc-c776-436c-bfbd-ffb2f6848482,,,,,,,,,,2.0,1.0,0,51289.0,51289.0,,29 Apr 2019,2019-04-29,,,,,,1.0,247.0,247.0,647.0,,0.0,,,,,,,,,,,,,,,,N.U.,0.0
7,4,512,1.0,4.0,10.0,0.0,14.0,2.0,5.0,0.0,7.0,79.0,1,,,2,51289.0,2018-04-28,uuid:586fa3bf-6ec6-4a07-891c-65b543159a4d,2018-04-28 08:32:21,2018-04-28 14:56:43,"Apr 28, 2018",2:26:00 PM,,,,107.0,107.0,1.0,1.0,24.0,LUALUA,.,,,1,,0.0,2007.0,Katoka,Mpokolo,1.0,,4.0,,DIBAYA,27,,.,.,30000.0,7000.0,0,2.0,3.0,3.0,OK,1.0,1.0,0.0,1.0,OK,2.0,2.0,OK,2.0,2.0,08:32:22,08:32:22,5.0,3.0,3.0,3.0,2.0,2.0,2.0,2.0,1.0,2.0,2.0,4.0,8,,4.0,,1.0,,1,,7,,1.0,,1,,1.0,,1.0,4.0,3.0,2.0,2.0,2.0,4.0,1.0,1.0,2.0,200.0,800.0,7.0,5.0,3.0,2.0,0,,0.0,0.0,3,,0.0,,,0.0,,,4,,1,.,,.,0,1.0,uuid:586fa3bf-6ec6-4a07-891c-65b543159a4d,,,,,,,,,,1.0,,,,,,29 Apr 2019,2019-04-29,,,,,,1.0,79.0,,,,,,,,,,,,,,,,,,,,N.U.,0.0,0.0,2018-06-04,uuid:529cd5dc-c776-436c-bfbd-ffb2f6848482,2018-06-04 12:14:50,2018-06-04 12:37:24,"Jun 4, 2018",12:14:00 PM,51289.0,1.0,,,,,1.0,,.,.,,.,.,.,,,.,.,,,,,.,.,.,.,.,,,.,,,,OK,1.0,1.0,0.0,0.0,OK,1.0,1.0,OK,1.0,1.0,.,.,5.0,5.0,3.0,2.0,2.0,,,,,,,,.,,,,,,.,,.,,,,.,,,,,,,,,,,2.0,3.0,2.0,1000.0,0.0,7.0,5.0,4.0,0.0,.,.,,,.,.,,.,.,,.,.,.,.,6,.,.,.,0,2.0,uuid:529cd5dc-c776-436c-bfbd-ffb2f6848482,,,,,,,,,,2.0,1.0,0,51289.0,51289.0,,29 Apr 2019,2019-04-29,,,,,,1.0,247.0,247.0,647.0,,0.0,,,,,,,,,,,,,,,,N.U.,0.0
7,4,532,0.0,2.0,9.0,0.0,11.0,2.0,9.0,0.0,11.0,27.0,1,,411.0,2,53085.0,2018-04-08,uuid:b3a81225-8ee2-48c5-8016-c430a8a13eb4,2018-04-08 11:24:51,2018-04-08 12:09:32,"Apr 8, 2018",11:25:00 AM,,,,5.0,5.0,1.0,1.0,23.0,LUALUA,,,,7,,1.0,,Katoka,Mpokolo,1.0,,4.0,,DEMBA,23,,,,90000.0,30000.0,3,8.0,3.0,2.0,OK,1.0,1.0,1.0,1.0,OK,2.0,2.0,OK,2.0,2.0,11:24:52,11:24:52,3.0,3.0,3.0,3.0,1.0,2.0,2.0,2.0,2.0,2.0,2.0,2.0,2,,2.0,,2.0,,2,,2,,2.0,,2,,1.0,,3.0,4.0,1.0,1.0,1.0,2.0,4.0,1.0,1.0,1.0,1000.0,0.0,8.0,5.0,3.0,1.0,0,,0.0,0.0,4,,1.0,3,.,1.0,3,.,other,Un frère de la famille,1,.,1,.,0,1.0,uuid:b3a81225-8ee2-48c5-8016-c430a8a13eb4,,,,,,.,,,,1.0,,,,,,29 Apr 2019,2019-04-29,,,,,,1.0,27.0,,,,,,,,,,,,,,,,,,,,N.U.,0.0,0.0,2018-06-26,uuid:16d61f3c-5106-4edc-a573-bc8d2b8599ec,2018-06-26 15:50:06,2018-06-26 16:15:24,"Jun 26, 2018",2:50:00 PM,53085.0,1.0,,,,,1.0,,,.,,,,,,,,,,,,,,,,,,,,,,,,OK,1.0,1.0,1.0,1.0,OK,1.0,1.0,OK,3.0,1.0,.,.,5.0,5.0,3.0,3.0,2.0,,,,,,,,.,,,,,,.,,.,,,,,,,,,,,,,,,1.0,2.0,2.0,700.0,300.0,10.0,7.0,5.0,2.0,,,,,.,.,,.,.,,.,.,,,6,,6,,0,2.0,uuid:16d61f3c-5106-4edc-a573-bc8d2b8599ec,,,,,,,,,,,,,,,,29 Apr 2019,2019-04-29,,,,,,1.0,411.0,411.0,811.0,,0.0,,,,,,,,,,,,,,,,,1.0
7,4,668,0.0,1.0,10.0,0.0,11.0,1.0,10.0,0.0,11.0,35.0,1,,501.0,2,6707.0,2018-04-08,uuid:c58c67f9-c3cb-4834-864e-c775796090a4,2018-04-08 18:11:10,2018-04-08 18:55:29,"Apr 8, 2018",6:11:00 PM,,,,61.0,61.0,1.0,1.0,26.0,LUALUA,,,,1,,1.0,,Katoka,Mpokolo,1.0,,4.0,,DEMBA,15,,,,200000.0,50000.0,3 4,3.0,3.0,6.0,OK,1.0,1.0,1.0,0.0,OK,2.0,2.0,OK,1.0,1.0,18:11:11,18:11:11,3.0,3.0,3.0,3.0,1.0,2.0,2.0,4.0,1.0,2.0,2.0,2.0,1,,1.0,,1.0,,1,,1,,1.0,,1,,0.0,4.0,1.0,1.0,1.0,1.0,2.0,1.0,4.0,2.0,2.0,1.0,900.0,100.0,10.0,9.0,8.0,7.0,0,,0.0,2.0,4,,0.0,.,.,1.0,3,.,4,,1,.,1,.,0,2.0,uuid:c58c67f9-c3cb-4834-864e-c775796090a4,,,,,,.,,,,1.0,,,,,,29 Apr 2019,2019-04-29,,,,,,1.0,35.0,,,,,,,,,,,,,,,,,,,,N.U.,0.0,0.0,2018-12-01,uuid:a5f770b2-4d8a-448f-8f2e-a43d59d704e3,2018-12-01 08:22:23,2018-12-01 08:37:30,"Dec 1, 2018",8:22:00 AM,6707.0,1.0,,,,,1.0,,,.,,,,,,,,,,,,,,,,,,,,,,,,OK,1.0,1.0,0.0,0.0,OK,2.0,1.0,OK,2.0,1.0,.,.,3.0,3.0,3.0,3.0,2.0,,,,,,,,.,,,,,,.,,.,,,,,,,,,,,,,,,1.0,1.0,1.0,1000.0,0.0,8.0,7.0,6.0,5.0,,,,,.,.,,.,.,,.,.,,,1,,1,,0,2.0,uuid:a5f770b2-4d8a-448f-8f2e-a43d59d704e3,,,,,,,,,,,,,,,,29 Apr 2019,2019-04-29,,,,,,1.0,501.0,501.0,901.0,,0.0,,,,,,,,,,,,,,,,,1.0
7,4,669,0.0,5.0,7.0,0.0,12.0,5.0,7.0,0.0,12.0,72.0,1,,339.0,2,66189.0,2018-04-26,uuid:26c9fb91-0ea3-4692-8c87-06d099f32292,2018-04-26 09:22:23,2018-04-26 10:01:01,"Apr 26, 2018",9:29:00 AM,,,,87.0,87.0,1.0,1.0,37.0,LULUWA,.,47.0,,1,,0.0,1997.0,Kananga,Malandji,1.0,,4.0,,KAZUMBA,other,Stagiaire à la DGRKOC,.,.,145000.0,15000.0,3,3.0,4.0,3.0,OK,1.0,1.0,0.0,1.0,OK,2.0,2.0,OK,1.0,1.0,09:22:27,09:22:27,5.0,3.0,1.0,3.0,2.0,2.0,3.0,2.0,2.0,2.0,2.0,2.0,1,,1.0,,1.0,,1,,1,,1.0,,1,,0.0,4.0,2.0,1.0,1.0,1.0,1.0,2.0,4.0,1.0,2.0,3.0,5.0,995.0,8.0,5.0,3.0,1.0,0,,0.0,10.0,3,,0.0,,,0.0,,,9999,,1,.,1,.,0,1.0,uuid:26c9fb91-0ea3-4692-8c87-06d099f32292,,,,,,,,,,1.0,,,,,,29 Apr 2019,2019-04-29,,,,,,1.0,72.0,,,,,,,,,,,,,,,,,,,,N.U.,0.0,0.0,2018-06-12,uuid:1ba388fd-d2ae-4fce-a0d8-8d5710e276c2,2018-06-12 13:03:04,2018-06-12 13:21:44,"Jun 12, 2018",12:03:00 PM,66189.0,1.0,,,,,1.0,,,.,,,,,,,,,,,,,,,,,,,,,,,,OK,0.0,1.0,1.0,0.0,OK,4.0,3.0,OK,4.0,3.0,.,.,5.0,5.0,3.0,3.0,2.0,,,,,,,,.,,,,,,.,,.,,,,,,,,,,,,,,,2.0,2.0,2.0,700.0,300.0,10.0,9.0,8.0,7.0,,,,,.,.,,.,.,,.,.,,,6,,6,,Je pense qu'il fallait soit la remplace ou l'appuyer avec quelqu'un qui l'aiderait pour ecrire et lire.,2.0,uuid:1ba388fd-d2ae-4fce-a0d8-8d5710e276c2,,,,,,,,,,,,,,,,29 Apr 2019,2019-04-29,,,,,,1.0,339.0,339.0,739.0,,0.0,,,,,,,,,,,,,,,,,0.0
7,4,673,0.0,1.0,10.0,0.0,11.0,1.0,10.0,0.0,11.0,64.0,1,,,2,67945.0,2018-04-13,uuid:68c51a7f-2f65-4735-9ca4-ca3cd7b19434,2018-04-13 11:27:03,2018-04-13 12:11:28,"Apr 13, 2018",3:27:00 PM,,,,56.0,56.0,1.0,1.0,28.0,BINDI,,,,2,,0.0,2010.0,Kananga,Apolo,0.0,,4.0,,DIMBELENGE,27,,,,48000.0,30000.0,0,5.0,4.0,5.0,OK,1.0,0.0,0.0,0.0,OK,2.0,2.0,OK,3.0,3.0,11:27:04,11:27:04,4.0,3.0,1.0,2.0,2.0,2.0,3.0,2.0,2.0,3.0,3.0,3.0,1,,1.0,,7.0,,1,,7,,2.0,,2,,0.0,4.0,1.0,2.0,2.0,3.0,1.0,1.0,4.0,3.0,3.0,2.0,200.0,800.0,7.0,5.0,3.0,1.0,0,,0.0,9.0,3,,0.0,.,.,0.0,.,.,9999,,1,.,1,.,0,1.0,uuid:68c51a7f-2f65-4735-9ca4-ca3cd7b19434,,,,,,.,,,,1.0,,,,,,29 Apr 2019,2019-04-29,,,,,,1.0,64.0,,,,,,,,,,,,,,,,,,,,N.U.,0.0,0.0,2018-06-11,uuid:5625f053-932a-487d-9827-3d90f8deb0c0,2018-06-11 15:58:11,2018-06-11 16:22:02,"Jun 11, 2018",2:58:00 PM,67945.0,1.0,,,,,1.0,,,.,,,,,,,,,,,,,,,,,,,,,,,,OK,1.0,1.0,1.0,1.0,OK,2.0,1.0,OK,2.0,2.0,.,.,3.0,3.0,1.0,3.0,2.0,,,,,,,,.,,,,,,.,,.,,,,,,,,,,,,,,,2.0,2.0,2.0,800.0,200.0,8.0,7.0,6.0,5.0,,,,,.,.,,.,.,,.,.,,,1,,1,,0,2.0,uuid:5625f053-932a-487d-9827-3d90f8deb0c0,,,,,,,,,,,,,,,,29 Apr 2019,2019-04-29,,,,,,1.0,318.0,318.0,718.0,,0.0,,,,,,,,,,,,,,,,,0.0
