start,end,today,activity,chef_code,a7,a7b,chef_on_time,chef_late_min,chef_know1,chef_know2,chef_know3,chef_know4,chef_duty1,chef_duty2,chef_duty3,chef_duty4,chef_duty5,chef_duty6,chef_duty7,chef_duty8,chef_obed,chef_client,chef_obed2,coll_act_prior_vote,coll_act_prior_1,coll_act_prior_rel_1,coll_act_prior_2,coll_act_prior_rel_2,coll_act_prior_3,coll_act_prior_rel_3,coll_act_prior_4,coll_act_prior_rel_4,coll_act_prior_5,coll_act_prior_rel_5,coll_act_prior_6,coll_act_prior_rel_6,coll_act_prior_7,coll_act_prior_rel_7,coll_act_prior_8,coll_act_prior_rel_8,key,person1_need,person2_need,person3_need,person4_need,person5_need,person6_need,person7_need,person8_need,person9_need,person10_know,person10_showname,person10_realname,person10_job,person10_edu,person10_need,person11_need,person12_need,person13_need,person14_need,person15_need,coll_act_prior,coll_act_prior_rel,person1_know,person1_showname,person1_realname,person1_job,person1_edu,person2_know,person2_showname,person2_realname,person2_job,person2_edu,person3_know,person3_showname,person3_realname,person3_job,person3_edu,person4_know,person4_showname,person4_realname,person4_job,person4_edu,person5_know,person5_showname,person5_realname,person5_job,person5_edu,person6_know,person6_showname,person6_realname,person6_job,person6_edu,person7_know,person7_showname,person7_realname,person7_job,person7_edu,person8_know,person8_showname,person8_realname,person8_job,person8_edu,person9_know,person9_showname,person9_realname,person9_job,person9_edu,person11_know,person11_showname,person11_realname,person11_job,person11_edu,person12_know,person12_showname,person12_realname,person12_job,person12_edu,person13_know,person13_showname,person13_realname,person13_job,person13_edu,person14_know,person14_showname,person14_realname,person14_job,person14_edu,person15_know,person15_showname,person15_realname,person15_job,person15_edu
2019-08-12 22:42:13,2019-08-12 23:18:20,2019-08-12,4,10386,100,100,2,,2,9,5,7,0,0,1,0,3,3,0,1,1.0,4.0,-2,4,,,,,,,,,,,,,,,,,uuid:1cd2034c-3e51-4506-80c3-e51a6e701e07/G4-R2[1],1.0,,1.0,1.0,,1.0,,,2.0,1.0,,0.0,25.0,,2.0,,2.0,,,,,,1,,0.0,4.0,2.0,0,1.0,,,,1,,0.0,8.0,2.0,1,,0.0,8.0,,0,1.0,,,,1.0,,0.0,0.0,2.0,0.0,1.0,,,,0.0,1.0,,,,1.0,,0.0,18.0,3.0,0.0,1.0,,,,1.0,,0.0,8.0,2.0,,,,,,,,,,,,,,,
2019-07-22 09:16:25,2019-07-22 09:49:47,2019-07-22,4,10193,101,101,1,,7,3,3,10,1,1,2,1,3,2,1,1,4.0,4.0,-2,4,,,,,,,,,,,,,,,,,uuid:e94b78d6-1800-4bec-9281-869b6e521f52/G4-R2[1],,2.0,2.0,3.0,2.0,1.0,3.0,2.0,2.0,1.0,,1.0,8.0,2.0,2.0,2.0,2.0,,,,,,0,0.0,,,,1,,1.0,4.0,2.0,0,0.0,,7.0,2.0,1,,0.0,4.0,3.0,1,,1.0,0.0,2.0,1.0,,0.0,8.0,3.0,1.0,,0.0,23.0,2.0,1.0,,1.0,14.0,2.0,1.0,,1.0,23.0,2.0,1.0,,1.0,0.0,2.0,1.0,,1.0,17.0,3.0,,,,,,,,,,,,,,,
2019-07-08 23:14:58,2019-07-08 00:00:21,2019-07-08,4,1025,102,102,2,,5,7,4,9,0,0,0,0,3,3,3,1,3.0,1.0,2,0,,,,,,,,,,,,,,,,,uuid:c1265be0-5bba-4afb-8be5-4e525990d79b/G9-R2[1],2.0,3.0,3.0,2.0,3.0,4.0,,3.0,3.0,1.0,,1.0,8.0,3.0,2.0,2.0,3.0,,,,,,0,0.0,,4.0,0.0,1,,1.0,9.0,3.0,1,,1.0,13.0,3.0,1,,0.0,8.0,2.0,1,,0.0,8.0,2.0,1.0,,0.0,9.0,3.0,0.0,1.0,,,,0.0,0.0,,4.0,0.0,1.0,,0.0,15.0,3.0,1.0,,0.0,8.0,2.0,1.0,,0.0,25.0,,,,,,,,,,,,,,,,
2019-08-12 22:42:13,2019-08-12 23:18:20,2019-08-12,4,10386,103,103,2,,2,9,5,7,0,0,1,0,3,3,0,1,1.0,4.0,-2,4,,,,,,,,,,,,,,,,,uuid:1cd2034c-3e51-4506-80c3-e51a6e701e07/G4-R2[2],2.0,1.0,3.0,2.0,,,1.0,1.0,1.0,1.0,,0.0,18.0,3.0,3.0,3.0,,,,,,,1,,0.0,25.0,2.0,1,,0.0,8.0,2.0,1,,0.0,1.0,3.0,1,,1.0,6.0,3.0,0,1.0,,,,0.0,1.0,,,,1.0,,0.0,6.0,2.0,1.0,,0.0,8.0,2.0,1.0,,0.0,0.0,2.0,1.0,,0.0,15.0,3.0,0.0,1.0,,,,,,,,,,,,,,,,,,
2019-09-09 06:53:56,2019-09-09 07:09:10,2019-09-09,4,10248,104,104,1,,3,6,3,7,1,0,1,0,3,2,1,1,4.0,4.0,0,4,,,,,,,,,,,,,,,,,uuid:77d1ec1a-3b66-4e5f-8173-87016aff3e47/R2[1],,3.0,3.0,2.0,3.0,2.0,,,4.0,1.0,,0.0,4.0,,3.0,,,,,,,,0,1.0,,,,1,,0.0,4.0,,1,,0.0,4.0,4.0,1,,1.0,0.0,2.0,1,,0.0,0.0,,1.0,,0.0,0.0,,0.0,1.0,,,,0.0,1.0,,,,1.0,,1.0,9.0,3.0,0.0,1.0,,,,0.0,1.0,,,,,,,,,,,,,,,,,,
2019-09-02 09:05:04,2019-09-02 09:35:36,2019-09-02,4,10546,105,105,1,,3,2,10,8,3,2,2,0,2,2,1,0,1.0,2.0,-2,3,,,,,,,,,,,,,,,,,uuid:336e371f-3a88-4698-bbd5-3b42edc01f8f/R2[1],2.0,2.0,,2.0,2.0,2.0,2.0,3.0,3.0,1.0,,0.0,14.0,3.0,2.0,3.0,2.0,,,,,,1,,1.0,8.0,2.0,1,,0.0,14.0,3.0,0,1.0,,,,1,,0.0,0.0,3.0,1,,1.0,14.0,3.0,1.0,,0.0,6.0,3.0,1.0,,1.0,0.0,3.0,1.0,,1.0,14.0,3.0,1.0,,0.0,6.0,2.0,1.0,,0.0,4.0,3.0,1.0,,1.0,14.0,4.0,,,,,,,,,,,,,,,
2019-09-02 09:05:04,2019-09-02 09:35:36,2019-09-02,4,10546,106,106,1,,3,2,10,8,3,2,2,0,2,2,1,0,1.0,2.0,-2,3,,,,,,,,,,,,,,,,,uuid:336e371f-3a88-4698-bbd5-3b42edc01f8f/R2[2],,2.0,3.0,2.0,2.0,3.0,,2.0,,1.0,,0.0,13.0,3.0,3.0,2.0,2.0,,,,,,0,1.0,,,,1,,0.0,25.0,3.0,1,,0.0,1.0,3.0,1,,0.0,23.0,3.0,1,,0.0,23.0,3.0,1.0,,1.0,17.0,3.0,0.0,1.0,,,,1.0,,1.0,14.0,3.0,0.0,1.0,,,,0.0,0.0,,8.0,2.0,1.0,,1.0,9.0,4.0,,,,,,,,,,,,,,,
2019-07-22 00:10:17,2019-07-22 00:45:48,2019-07-22,4,10746,107,107,2,,4,9,5,10,2,3,2,0,3,3,1,1,4.0,1.0,2,4,,,,,,,,,,,,,,,,,uuid:7b1467f9-1ecc-49a8-96b3-0f2616619bb3/G4-R2[1],,2.0,2.0,3.0,2.0,2.0,,3.0,,1.0,,1.0,25.0,2.0,2.0,2.0,3.0,,,,,,0,1.0,,,,1,,1.0,4.0,3.0,1,,1.0,8.0,2.0,1,,1.0,11.0,3.0,1,,1.0,9.0,3.0,1.0,,0.0,4.0,2.0,0.0,1.0,,,,1.0,,0.0,4.0,3.0,0.0,1.0,,,,1.0,,0.0,1.0,4.0,1.0,,1.0,15.0,3.0,,,,,,,,,,,,,,,
2019-09-28 08:19:05,2019-10-07 17:07:49,2019-09-28,4,10984,108,108,1,,2,8,4,8,0,0,0,0,3,3,1,1,4.0,4.0,-2,4,,,,,,,,,,,,,,,,,uuid:c5a647fc-6ce2-4a96-8566-e9dec6b24947/R2[1],2.0,2.0,,4.0,,3.0,3.0,2.0,,0.0,1.0,,,,,,2.0,,,,,,1,,1.0,9.0,2.0,1,,1.0,0.0,2.0,0,1.0,,,,1,,1.0,24.0,2.0,0,1.0,,,,1.0,,1.0,17.0,3.0,1.0,,1.0,17.0,3.0,1.0,,1.0,21.0,0.0,0.0,1.0,,,,0.0,1.0,,,,1.0,,1.0,4.0,2.0,,,,,,,,,,,,,,,
2019-09-28 08:19:05,2019-10-07 17:07:49,2019-09-28,4,10984,109,109,1,,2,8,4,8,0,0,0,0,3,3,1,1,4.0,4.0,-2,4,,,,,,,,,,,,,,,,,uuid:c5a647fc-6ce2-4a96-8566-e9dec6b24947/R2[2],,,2.0,,,,3.0,,,1.0,,1.0,6.0,3.0,3.0,2.0,,,,,,,0,1.0,,,,0,1.0,,,,1,,1.0,0.0,2.0,0,1.0,,,,0,1.0,,,,0.0,1.0,,,,1.0,,1.0,23.0,2.0,0.0,1.0,,,,0.0,1.0,,,,1.0,,1.0,4.0,3.0,0.0,1.0,,,,,,,,,,,,,,,,,,
2019-09-02 06:39:00,2019-09-02 07:00:20,2019-09-02,4,11012,110,110,2,,4,5,3,10,2,3,2,2,3,3,1,2,1.0,4.0,-1,4,,,,,,,,,,,,,,,,,uuid:58b21e06-4ee9-42cb-a488-ebe98bacbeda/R2[1],3.0,1.0,3.0,1.0,2.0,,1.0,1.0,,1.0,,1.0,8.0,0.0,2.0,1.0,,,,,,,1,,1.0,17.0,,1,,1.0,7.0,3.0,1,,1.0,0.0,,1,,1.0,0.0,2.0,1,,1.0,14.0,2.0,0.0,1.0,,,,1.0,,1.0,11.0,,1.0,,1.0,9.0,3.0,0.0,1.0,,,,1.0,,1.0,8.0,,0.0,1.0,,,,,,,,,,,,,,,,,,
2019-08-26 06:03:49,2019-08-26 06:51:43,2019-08-26,4,11146,111,111,2,,3,5,5,9,1,2,2,1,2,2,1,1,2.0,3.0,2,4,,,,,,,,,,,,,,,,,uuid:3afbcb50-75a0-4734-9538-8757ba73bdff/R2[1],4.0,3.0,2.0,2.0,4.0,2.0,3.0,2.0,2.0,1.0,,1.0,21.0,2.0,2.0,4.0,2.0,,,,,,1,,0.0,4.0,3.0,1,,0.0,4.0,,1,,0.0,,,1,,1.0,0.0,,1,,1.0,4.0,4.0,1.0,,1.0,0.0,3.0,1.0,,1.0,6.0,3.0,1.0,,1.0,6.0,3.0,1.0,,1.0,0.0,,1.0,,1.0,17.0,,1.0,,1.0,4.0,,,,,,,,,,,,,,,,
2019-08-26 06:03:49,2019-08-26 06:51:43,2019-08-26,4,11146,112,112,2,,3,5,5,9,1,2,2,1,2,2,1,1,2.0,3.0,2,4,,,,,,,,,,,,,,,,,uuid:3afbcb50-75a0-4734-9538-8757ba73bdff/R2[2],,3.0,2.0,2.0,4.0,2.0,2.0,4.0,2.0,1.0,,0.0,0.0,3.0,2.0,,2.0,,,,,,0,1.0,,,,1,,1.0,17.0,3.0,1,,1.0,0.0,3.0,1,,0.0,4.0,,1,,1.0,4.0,3.0,1.0,,1.0,0.0,3.0,1.0,,1.0,8.0,3.0,1.0,,0.0,17.0,4.0,1.0,,1.0,8.0,2.0,0.0,1.0,,,,1.0,,1.0,21.0,2.0,,,,,,,,,,,,,,,
2019-08-12 08:36:36,2019-08-12 09:16:11,2019-08-12,4,11594,113,113,1,,1,9,3,10,1,1,1,3,2,2,1,1,1.0,1.0,2,4,,,,,,,,,,,,,,,,,uuid:464f323d-b97d-48c3-8cb9-865b06def40f/G4-R2[1],2.0,1.0,2.0,3.0,3.0,2.0,,3.0,2.0,1.0,,1.0,0.0,2.0,1.0,1.0,2.0,,,,,,0,0.0,,6.0,3.0,1,,0.0,0.0,0.0,1,,0.0,25.0,2.0,0,0.0,,4.0,3.0,1,,1.0,17.0,3.0,0.0,0.0,,11.0,3.0,0.0,1.0,,,,0.0,0.0,,4.0,3.0,0.0,0.0,,11.0,3.0,0.0,0.0,,9.0,3.0,0.0,0.0,,6.0,3.0,,,,,,,,,,,,,,,
2019-09-02 07:04:33,2019-09-02 07:19:47,2019-09-02,4,1142,114,114,3,60.0,3,8,4,6,0,3,3,2,3,3,2,3,4.0,4.0,-2,4,,,,,,,,,,,,,,,,,uuid:63063bbe-ac5f-4c23-ad52-9b72d4ef53bb/R2[1],2.0,3.0,4.0,1.0,1.0,2.0,2.0,3.0,2.0,1.0,,1.0,0.0,,2.0,2.0,1.0,,,,,,1,,1.0,9.0,3.0,1,,1.0,14.0,,1,,1.0,17.0,4.0,1,,1.0,0.0,,1,,1.0,0.0,,1.0,,1.0,14.0,3.0,1.0,,0.0,4.0,,1.0,,1.0,18.0,,1.0,,1.0,27.0,4.0,1.0,,1.0,17.0,,1.0,,0.0,14.0,,,,,,,,,,,,,,,,
2019-08-12 08:36:36,2019-08-12 09:16:11,2019-08-12,4,11594,115,115,1,,1,9,3,10,1,1,1,3,2,2,1,1,1.0,1.0,2,4,,,,,,,,,,,,,,,,,uuid:464f323d-b97d-48c3-8cb9-865b06def40f/G4-R2[2],2.0,2.0,2.0,1.0,3.0,2.0,2.0,1.0,2.0,1.0,,1.0,4.0,0.0,2.0,2.0,2.0,,,,,,1,,1.0,4.0,3.0,1,,1.0,4.0,2.0,0,0.0,,18.0,4.0,1,,1.0,0.0,3.0,0,0.0,,4.0,0.0,1.0,,1.0,4.0,2.0,1.0,,0.0,17.0,3.0,1.0,,0.0,0.0,0.0,0.0,0.0,,4.0,0.0,1.0,,1.0,21.0,3.0,0.0,0.0,,0.0,3.0,,,,,,,,,,,,,,,
2019-07-22 08:24:49,2019-07-22 08:55:25,2019-07-22,4,11686,116,116,1,,5,4,4,9,1,1,2,1,2,2,1,1,3.0,3.0,2,3,,,,,,,,,,,,,,,,,uuid:41029a68-63b3-4688-a50d-9ac9bb9156a1/G4-R2[1],,2.0,2.0,3.0,1.0,2.0,4.0,2.0,5.0,1.0,,1.0,17.0,3.0,4.0,3.0,,,,,,,0,1.0,,,,1,,0.0,4.0,3.0,1,,0.0,8.0,2.0,1,,1.0,4.0,2.0,1,,1.0,0.0,0.0,1.0,,0.0,4.0,2.0,1.0,,1.0,17.0,4.0,1.0,,1.0,14.0,2.0,1.0,,1.0,17.0,4.0,1.0,,1.0,17.0,3.0,0.0,1.0,,,,,,,,,,,,,,,,,,
2019-09-16 06:10:43,2019-09-16 07:10:22,2019-09-16,4,11789,117,117,1,,5,5,7,9,1,1,1,1,3,3,1,1,2.0,2.0,0,0,,,,,,,,,,,,,,,,,uuid:1d72d8e1-300a-4d78-9900-c0860eac79d0/R2[1],,2.0,1.0,2.0,1.0,3.0,,3.0,,0.0,1.0,,,,,,,,,,,,0,1.0,,,,1,,1.0,0.0,2.0,1,,1.0,0.0,,1,,1.0,14.0,2.0,1,,1.0,18.0,2.0,1.0,,1.0,28.0,3.0,0.0,1.0,,,,1.0,,1.0,21.0,3.0,0.0,1.0,,,,0.0,1.0,,,,0.0,1.0,,,,,,,,,,,,,,,,,,
2019-10-13 20:55:55,2019-10-13 21:17:34,2019-10-14,4,11887,118,118,2,,4,9,4,9,0,0,1,0,3,3,0,0,3.0,2.0,-1,4,,,,,,,,,,,,,,,,,uuid:ee13d24e-8d62-4f21-bedd-6b91681845f8/R2[1],4.0,2.0,2.0,2.0,3.0,1.0,1.0,2.0,1.0,1.0,,0.0,0.0,,1.0,1.0,2.0,,,,,,1,,0.0,22.0,3.0,1,,1.0,15.0,2.0,1,,1.0,0.0,3.0,1,,1.0,4.0,2.0,1,,0.0,13.0,3.0,1.0,,0.0,4.0,,1.0,,0.0,4.0,,1.0,,1.0,8.0,,1.0,,1.0,0.0,,1.0,,1.0,4.0,,1.0,,1.0,8.0,,,,,,,,,,,,,,,,
2019-08-19 07:15:23,2019-08-19 07:39:47,2019-08-19,4,11986,119,119,1,,3,7,2,8,1,0,0,0,3,2,1,0,3.0,2.0,-2,4,,,,,,,,,,,,,,,,,uuid:a615d6da-0436-45d5-89cd-4b7756e8c8b5/R2[1],2.0,2.0,,2.0,,3.0,3.0,2.0,,1.0,,1.0,9.0,3.0,2.0,,,,,,,,1,,1.0,23.0,2.0,1,,1.0,9.0,4.0,0,1.0,,,,1,,1.0,25.0,3.0,0,1.0,,,,1.0,,1.0,9.0,3.0,1.0,,1.0,4.0,3.0,1.0,,1.0,17.0,3.0,0.0,1.0,,,,0.0,1.0,,,,0.0,1.0,,,,,,,,,,,,,,,,,,
2019-08-12 07:44:47,2019-08-12 08:25:56,2019-08-12,4,12110,120,120,1,,3,5,4,9,1,2,2,1,2,2,1,1,3.0,2.0,-2,4,,,,,,,,,,,,,,,,,uuid:b2f7e401-7410-40fc-afdc-20d7b14f5b94/G4-R2[1],3.0,2.0,2.0,1.0,3.0,2.0,,3.0,2.0,0.0,1.0,,,,,3.0,2.0,,,,,,1,,0.0,13.0,3.0,1,,1.0,0.0,2.0,1,,1.0,4.0,2.0,1,,0.0,8.0,0.0,1,,1.0,9.0,3.0,1.0,,1.0,12.0,3.0,0.0,1.0,,,,1.0,,1.0,4.0,3.0,1.0,,0.0,4.0,,1.0,,0.0,6.0,3.0,1.0,,0.0,,,,,,,,,,,,,,,,,
2019-08-12 07:44:47,2019-08-12 08:25:56,2019-08-12,4,12110,121,121,1,,3,5,4,9,1,2,2,1,2,2,1,1,3.0,2.0,-2,4,,,,,,,,,,,,,,,,,uuid:b2f7e401-7410-40fc-afdc-20d7b14f5b94/G4-R2[2],4.0,3.0,,3.0,2.0,2.0,3.0,2.0,3.0,1.0,,1.0,8.0,2.0,4.0,2.0,1.0,,,,,,1,,1.0,17.0,3.0,1,,1.0,4.0,3.0,0,1.0,,,,1,,1.0,17.0,3.0,1,,0.0,0.0,3.0,1.0,,0.0,14.0,2.0,1.0,,1.0,17.0,3.0,1.0,,0.0,,3.0,1.0,,1.0,14.0,3.0,1.0,,0.0,14.0,3.0,1.0,,1.0,4.0,0.0,,,,,,,,,,,,,,,
2019-09-09 07:09:32,2019-09-09 07:26:54,2019-09-09,4,12395,122,122,1,,6,8,9,10,2,1,1,1,2,3,1,1,1.0,4.0,-2,4,,,,,,,,,,,,,,,,,uuid:9e9f1fc9-2c90-4e12-8618-6915696443df/R2[1],3.0,4.0,2.0,3.0,4.0,2.0,4.0,2.0,2.0,1.0,,0.0,21.0,2.0,2.0,2.0,4.0,2.0,3.0,,,,1,,1.0,4.0,2.0,1,,1.0,21.0,3.0,1,,0.0,4.0,2.0,1,,0.0,14.0,2.0,1,,1.0,17.0,3.0,1.0,,1.0,4.0,0.0,1.0,,0.0,1.0,4.0,1.0,,1.0,4.0,0.0,1.0,,0.0,4.0,2.0,1.0,,0.0,0.0,2.0,1.0,,0.0,15.0,3.0,1.0,,0.0,14.0,0.0,1.0,,0.0,25.0,3.0,,,,,
2019-09-16 06:10:43,2019-09-16 07:10:22,2019-09-16,4,11789,123,123,1,,5,5,7,9,1,1,1,1,3,3,1,1,2.0,2.0,0,0,,,,,,,,,,,,,,,,,uuid:1d72d8e1-300a-4d78-9900-c0860eac79d0/R2[2],3.0,2.0,,,3.0,,,3.0,,1.0,,1.0,0.0,,1.0,,2.0,,,,,,1,,1.0,1.0,4.0,1,,1.0,23.0,3.0,0,1.0,,,,0,1.0,,,,1,,1.0,17.0,3.0,0.0,1.0,,,,0.0,1.0,,,,1.0,,1.0,9.0,4.0,0.0,1.0,,,,0.0,1.0,,,,1.0,,1.0,6.0,3.0,,,,,,,,,,,,,,,
2019-09-16 06:10:43,2019-09-16 07:10:22,2019-09-16,4,11789,124,124,1,,5,5,7,9,1,1,1,1,3,3,1,1,2.0,2.0,0,0,,,,,,,,,,,,,,,,,uuid:1d72d8e1-300a-4d78-9900-c0860eac79d0/R2[3],,,2.0,,3.0,,2.0,,,1.0,,1.0,9.0,3.0,2.0,,3.0,,,,,,0,1.0,,,,0,1.0,,,,1,,1.0,0.0,2.0,0,1.0,,,,1,,1.0,22.0,3.0,0.0,1.0,,,,1.0,,1.0,9.0,3.0,0.0,1.0,,,,0.0,1.0,,,,0.0,1.0,,,,1.0,,1.0,25.0,,,,,,,,,,,,,,,,
2019-07-17 17:15:56,2019-07-17 17:35:55,2019-07-17,4,12545,125,125,2,,4,9,3,9,2,3,2,0,0,0,0,0,1.0,4.0,0,4,,,,,,,,,,,,,,,,,uuid:3f89da28-1cea-436b-a691-e640c0ec41fe/G4-R2[1],3.0,2.0,2.0,2.0,2.0,3.0,3.0,2.0,3.0,1.0,,1.0,13.0,3.0,3.0,2.0,2.0,,,,,,1,,1.0,0.0,3.0,1,,1.0,4.0,2.0,1,,1.0,4.0,2.0,1,,1.0,4.0,2.0,1,,1.0,23.0,2.0,1.0,,1.0,25.0,3.0,1.0,,1.0,9.0,3.0,1.0,,1.0,0.0,3.0,1.0,,1.0,6.0,3.0,1.0,,1.0,4.0,3.0,1.0,,1.0,0.0,2.0,,,,,,,,,,,,,,,
2019-10-13 21:18:52,2019-10-13 21:39:55,2019-10-14,4,21647,126,126,2,,4,3,7,9,3,0,0,0,3,2,0,0,1.0,4.0,-2,4,,,,,,,,,,,,,,,,,uuid:96cddb45-84fe-406a-b327-d352af156e7a/R2[1],,2.0,1.0,3.0,2.0,3.0,3.0,2.0,3.0,1.0,,1.0,9.0,4.0,3.0,,3.0,,,,,,0,1.0,,,,1,,1.0,0.0,2.0,1,,1.0,4.0,,1,,1.0,4.0,2.0,1,,0.0,4.0,0.0,1.0,,0.0,14.0,3.0,1.0,,1.0,17.0,3.0,1.0,,1.0,21.0,2.0,1.0,,1.0,4.0,3.0,0.0,1.0,,,,1.0,,0.0,17.0,3.0,,,,,,,,,,,,,,,
2019-10-07 07:09:39,2019-10-07 07:42:02,2019-10-07,4,2048,204,204,2,,4,3,3,8,0,2,2,0,3,3,0,0,2.0,2.0,0,4,,,,,,,,,,,,,,,,,uuid:1fb534f1-06fa-4375-b289-6303078fff1d/R2[1],3.0,3.0,3.0,3.0,3.0,2.0,3.0,2.0,2.0,1.0,,1.0,0.0,2.0,2.0,3.0,,,,,,,1,,0.0,0.0,2.0,1,,0.0,6.0,3.0,1,,0.0,9.0,3.0,1,,1.0,4.0,2.0,1,,1.0,8.0,2.0,1.0,,1.0,8.0,,1.0,,0.0,14.0,2.0,1.0,,1.0,21.0,2.0,1.0,,1.0,4.0,2.0,1.0,,1.0,4.0,2.0,1.0,,0.0,,,,,,,,,,,,,,,,,
2019-10-07 07:09:39,2019-10-07 07:42:02,2019-10-07,4,2048,205,205,2,,4,3,3,8,0,2,2,0,3,3,0,0,2.0,2.0,0,4,,,,,,,,,,,,,,,,,uuid:1fb534f1-06fa-4375-b289-6303078fff1d/R2[2],2.0,2.0,3.0,3.0,2.0,2.0,2.0,,2.0,0.0,1.0,,,,,2.0,2.0,,,,,,1,,0.0,4.0,2.0,1,,0.0,,0.0,1,,1.0,1.0,3.0,1,,0.0,24.0,3.0,1,,1.0,4.0,0.0,1.0,,1.0,10.0,2.0,1.0,,0.0,0.0,2.0,0.0,1.0,,,,1.0,,0.0,4.0,2.0,1.0,,0.0,18.0,3.0,1.0,,1.0,15.0,3.0,,,,,,,,,,,,,,,
2019-10-07 07:09:39,2019-10-07 07:42:02,2019-10-07,4,2048,206,206,2,,4,3,3,8,0,2,2,0,3,3,0,0,2.0,2.0,0,4,,,,,,,,,,,,,,,,,uuid:1fb534f1-06fa-4375-b289-6303078fff1d/R2[3],2.0,2.0,3.0,4.0,2.0,3.0,2.0,3.0,2.0,1.0,,1.0,25.0,2.0,3.0,2.0,3.0,,,,,,1,,1.0,0.0,2.0,1,,0.0,8.0,2.0,1,,1.0,4.0,2.0,1,,1.0,25.0,2.0,1,,1.0,5.0,2.0,1.0,,0.0,8.0,2.0,1.0,,0.0,4.0,2.0,1.0,,1.0,9.0,3.0,1.0,,0.0,8.0,2.0,1.0,,0.0,4.0,2.0,1.0,,0.0,9.0,3.0,,,,,,,,,,,,,,,
2019-10-21 05:06:41,2019-10-21 05:34:30,2019-10-21,4,20812,209,209,1,,5,3,2,8,1,2,2,1,2,2,1,1,3.0,2.0,-2,4,,,,,,,,,,,,,,,,,uuid:f51a1ca9-9e92-4d8a-9262-0ebabf6ed1ba/R2[1],2.0,2.0,3.0,3.0,2.0,,2.0,2.0,3.0,1.0,,0.0,4.0,2.0,2.0,,2.0,,,,,,1,,0.0,9.0,4.0,1,,1.0,0.0,0.0,1,,1.0,15.0,3.0,1,,1.0,15.0,3.0,1,,1.0,4.0,2.0,0.0,1.0,,,,1.0,,1.0,4.0,3.0,1.0,,1.0,17.0,3.0,1.0,,1.0,20.0,4.0,0.0,1.0,,,,1.0,,0.0,4.0,2.0,,,,,,,,,,,,,,,
2019-09-09 09:20:55,2019-09-09 10:02:43,2019-09-09,4,24187,211,211,2,,6,4,5,8,0,0,2,0,3,2,0,0,4.0,4.0,-2,4,,,,,,,,,,,,,,,,,uuid:14cd33e6-8887-4f40-a6e6-0fa688928055/R2[1],2.0,3.0,4.0,5.0,5.0,5.0,2.0,5.0,2.0,1.0,,0.0,0.0,,1.0,2.0,1.0,,,,,,1,,1.0,0.0,,1,,1.0,23.0,,1,,0.0,4.0,,1,,1.0,17.0,4.0,1,,1.0,0.0,3.0,1.0,,1.0,4.0,3.0,1.0,,0.0,0.0,,1.0,,1.0,20.0,4.0,1.0,,1.0,0.0,,1.0,,1.0,0.0,2.0,1.0,,0.0,0.0,,,,,,,,,,,,,,,,
2019-07-15 08:43:45,2019-07-15 11:39:19,2019-07-15,4,21256,212,212,1,,6,5,7,9,2,1,2,1,3,3,3,3,1.0,4.0,2,0,,,,,,,,,,,,,,,,,uuid:83d1e7b1-e2e7-4c41-9713-51196e23560f/G4-R2[1],2.0,2.0,3.0,2.0,1.0,1.0,2.0,2.0,,1.0,,1.0,11.0,3.0,1.0,1.0,1.0,,,,,,1,,1.0,0.0,3.0,1,,1.0,1.0,3.0,1,,1.0,4.0,3.0,1,,1.0,4.0,2.0,1,,1.0,4.0,2.0,1.0,,1.0,4.0,2.0,1.0,,1.0,4.0,3.0,1.0,,1.0,0.0,2.0,0.0,1.0,,,,1.0,,1.0,11.0,3.0,1.0,,1.0,0.0,1.0,,,,,,,,,,,,,,,
2019-08-05 07:58:13,2019-08-05 08:41:20,2019-08-05,4,21989,213,213,1,,5,5,7,8,2,1,2,1,2,2,1,1,3.0,2.0,-2,3,,,,,,,,,,,,,,,,,uuid:193a2b8d-7e74-4e75-83b4-e4950e628d62/G4-R2[1],2.0,3.0,2.0,2.0,3.0,1.0,2.0,3.0,3.0,0.0,1.0,,,,,3.0,2.0,,,,,,1,,0.0,4.0,,1,,1.0,4.0,,1,,1.0,0.0,0.0,1,,0.0,5.0,,1,,0.0,,,1.0,,0.0,0.0,3.0,1.0,,1.0,0.0,2.0,1.0,,1.0,4.0,3.0,1.0,,0.0,9.0,3.0,1.0,,0.0,,,1.0,,1.0,4.0,2.0,,,,,,,,,,,,,,,
2019-10-14 09:07:52,2019-10-14 09:32:25,2019-10-14,4,21432,214,214,1,,2,5,7,6,1,1,1,1,1,1,1,1,4.0,4.0,0,4,,,,,,,,,,,,,,,,,uuid:3a984d23-9538-4659-b66f-1113adec9a1e/R2[1],3.0,3.0,1.0,3.0,2.0,,2.0,2.0,,1.0,,0.0,6.0,3.0,2.0,2.0,,,,,,,1,,1.0,17.0,3.0,1,,0.0,9.0,3.0,1,,1.0,0.0,,1,,1.0,0.0,3.0,1,,0.0,11.0,3.0,0.0,1.0,,,,1.0,,0.0,4.0,3.0,1.0,,0.0,7.0,2.0,0.0,1.0,,,,1.0,,1.0,7.0,3.0,0.0,1.0,,,,,,,,,,,,,,,,,,
2019-08-26 05:29:32,2019-08-26 06:01:47,2019-08-26,4,21595,215,215,1,,3,4,6,8,2,1,2,1,2,2,1,1,2.0,2.0,2,4,,,,,,,,,,,,,,,,,uuid:d8507b1e-aca8-40a9-9333-ac821e3b6710/R2[1],3.0,3.0,2.0,2.0,2.0,3.0,1.0,3.0,3.0,1.0,,1.0,0.0,3.0,2.0,4.0,3.0,,,,,,1,,0.0,18.0,3.0,1,,1.0,17.0,3.0,1,,0.0,4.0,2.0,1,,0.0,4.0,3.0,1,,0.0,4.0,2.0,1.0,,1.0,4.0,3.0,1.0,,0.0,0.0,2.0,1.0,,0.0,17.0,3.0,1.0,,0.0,17.0,3.0,1.0,,1.0,,4.0,1.0,,1.0,4.0,3.0,,,,,,,,,,,,,,,
2019-09-16 07:41:55,2019-09-16 08:06:02,2019-09-16,4,2164,216,216,1,,6,9,8,6,0,1,3,0,0,0,1,1,4.0,4.0,0,4,,,,,,,,,,,,,,,,,uuid:95b78909-3d06-4bf8-aecd-f147b6327b9c/R2[1],2.0,4.0,4.0,2.0,2.0,3.0,4.0,2.0,3.0,0.0,0.0,,23.0,3.0,3.0,2.0,3.0,,,,,,1,,1.0,0.0,3.0,1,,0.0,0.0,4.0,1,,1.0,17.0,3.0,1,,1.0,24.0,2.0,0,0.0,,25.0,2.0,1.0,,1.0,25.0,2.0,1.0,,0.0,9.0,4.0,1.0,,0.0,4.0,2.0,1.0,,0.0,4.0,2.0,1.0,,1.0,0.0,2.0,1.0,,0.0,4.0,2.0,,,,,,,,,,,,,,,
2019-10-14 09:33:42,2019-10-14 09:53:37,2019-10-14,4,21785,217,217,1,,5,5,6,7,1,0,2,3,3,3,0,0,4.0,4.0,-2,4,,,,,,,,,,,,,,,,,uuid:dfac0abb-40fd-4571-90e9-865e7c6d3419/R2[1],3.0,1.0,3.0,3.0,,3.0,1.0,3.0,1.0,1.0,,1.0,14.0,3.0,3.0,2.0,2.0,,,,,,1,,1.0,23.0,2.0,1,,1.0,0.0,3.0,1,,0.0,14.0,3.0,1,,1.0,17.0,3.0,0,1.0,,,,1.0,,1.0,23.0,3.0,1.0,,1.0,0.0,0.0,1.0,,1.0,0.0,4.0,1.0,,1.0,23.0,2.0,1.0,,0.0,0.0,3.0,1.0,,0.0,0.0,3.0,,,,,,,,,,,,,,,
2019-09-30 08:39:14,2019-09-30 08:55:58,2019-09-30,4,22289,218,218,1,,6,7,8,8,0,0,0,0,3,3,0,0,,4.0,-2,4,,,,,,,,,,,,,,,,,uuid:e0409ffa-2763-45fb-9496-13bef13a4208/R2[1],,,,2.0,,,,,,0.0,1.0,,,,,3.0,,,,,,,0,1.0,,,,0,1.0,,,,0,1.0,,,,0,0.0,,0.0,,0,1.0,,,,0.0,1.0,,,,0.0,1.0,,,,0.0,1.0,,,,0.0,1.0,,,,0.0,0.0,,0.0,3.0,0.0,1.0,,,,,,,,,,,,,,,,,,
2019-08-05 07:58:13,2019-08-05 08:41:20,2019-08-05,4,21989,219,219,1,,5,5,7,8,2,1,2,1,2,2,1,1,3.0,2.0,-2,3,,,,,,,,,,,,,,,,,uuid:193a2b8d-7e74-4e75-83b4-e4950e628d62/G4-R2[2],,2.0,3.0,4.0,2.0,2.0,,3.0,4.0,0.0,1.0,,,,,2.0,2.0,3.0,,,,,0,1.0,,,,1,,0.0,0.0,,1,,1.0,18.0,,1,,1.0,23.0,,1,,0.0,,3.0,1.0,,0.0,4.0,2.0,0.0,1.0,,,,1.0,,1.0,17.0,3.0,1.0,,0.0,4.0,4.0,1.0,,0.0,4.0,2.0,1.0,,1.0,0.0,2.0,1.0,,0.0,23.0,2.0,,,,,,,,,,
2019-08-19 06:06:55,2019-08-19 06:20:24,2019-08-19,4,22088,220,220,1,,3,5,3,9,1,2,2,1,2,2,1,1,3.0,3.0,-2,4,,,,,,,,,,,,,,,,,uuid:cef20613-56c2-4387-989b-9b91e5bfb611/R2[1],,1.0,2.0,,,3.0,2.0,2.0,,0.0,1.0,,,,,2.0,3.0,,,,,,0,1.0,,,,1,,1.0,0.0,,1,,0.0,0.0,3.0,0,1.0,,,,0,1.0,,,,1.0,,1.0,27.0,4.0,1.0,,0.0,4.0,2.0,1.0,,1.0,0.0,2.0,0.0,1.0,,,,1.0,,1.0,4.0,3.0,1.0,,1.0,27.0,4.0,,,,,,,,,,,,,,,
2019-09-09 09:20:55,2019-09-09 10:02:43,2019-09-09,4,24187,221,221,2,,6,4,5,8,0,0,2,0,3,2,0,0,4.0,4.0,-2,4,,,,,,,,,,,,,,,,,uuid:14cd33e6-8887-4f40-a6e6-0fa688928055/R2[2],1.0,2.0,4.0,,2.0,3.0,2.0,5.0,2.0,0.0,1.0,,,,,4.0,3.0,,,,,,1,,0.0,0.0,,1,,0.0,0.0,,1,,0.0,0.0,3.0,0,1.0,,,,1,,0.0,,,1.0,,0.0,17.0,3.0,1.0,,0.0,0.0,,1.0,,1.0,2.0,4.0,1.0,,0.0,,,1.0,,1.0,9.0,3.0,1.0,,0.0,0.0,2.0,,,,,,,,,,,,,,,
2019-08-19 06:20:57,2019-08-19 06:43:53,2019-08-19,4,21845,222,222,1,,4,3,6,9,2,2,2,1,2,2,1,1,2.0,3.0,-2,4,,,,,,,,,,,,,,,,,uuid:2df15d21-d1a1-4640-92d4-1bc6c27df059/R2[1],2.0,2.0,,3.0,3.0,1.0,3.0,2.0,3.0,1.0,,1.0,17.0,4.0,4.0,2.0,3.0,,,,,,1,,0.0,27.0,4.0,1,,1.0,0.0,3.0,0,1.0,,,,1,,0.0,7.0,4.0,1,,0.0,0.0,3.0,1.0,,0.0,0.0,,1.0,,0.0,4.0,3.0,1.0,,1.0,0.0,3.0,1.0,,1.0,17.0,3.0,1.0,,1.0,4.0,0.0,1.0,,1.0,12.0,3.0,,,,,,,,,,,,,,,
2019-07-17 08:51:12,2019-07-17 09:06:01,2019-07-17,4,22387,223,223,1,,2,7,2,8,1,1,1,1,3,3,3,3,4.0,4.0,-2,0,,,,,,,,,,,,,,,,,uuid:64a8e243-a389-47ff-8735-42557fafef17/G4-R2[1],2.0,1.0,1.0,2.0,1.0,1.0,1.0,1.0,1.0,1.0,,1.0,0.0,3.0,1.0,2.0,1.0,,,,,,1,,1.0,17.0,3.0,1,,1.0,0.0,2.0,1,,1.0,4.0,2.0,1,,1.0,17.0,4.0,1,,1.0,0.0,3.0,1.0,,1.0,0.0,0.0,1.0,,1.0,0.0,2.0,1.0,,1.0,0.0,3.0,1.0,,1.0,0.0,2.0,1.0,,1.0,4.0,3.0,1.0,,1.0,11.0,3.0,,,,,,,,,,,,,,,
2019-07-22 09:36:16,2019-07-22 10:03:14,2019-07-22,4,22584,224,224,1,,6,4,5,8,1,1,0,1,3,3,1,3,2.0,4.0,2,3,,,,,,,,,,,,,,,,,uuid:171409ff-709c-4a77-a194-1672b9d61f8a/G4-R2[1],,,3.0,2.0,,3.0,,2.0,2.0,1.0,,1.0,23.0,3.0,3.0,,,,,,,,0,1.0,,,,0,1.0,,,,1,,1.0,9.0,4.0,1,,1.0,4.0,2.0,0,1.0,,,,1.0,,1.0,4.0,2.0,0.0,1.0,,,,1.0,,1.0,11.0,3.0,1.0,,1.0,14.0,2.0,0.0,1.0,,,,0.0,1.0,,,,,,,,,,,,,,,,,,
2019-09-16 06:46:01,2019-09-16 07:33:01,2019-09-16,4,22510,225,225,1,,6,8,4,8,0,1,3,1,0,3,0,0,4.0,4.0,0,4,,,,,,,,,,,,,,,,,uuid:bfab4fc8-a717-470d-8c4e-0ef01bad14b7/R2[1],2.0,2.0,1.0,1.0,1.0,3.0,2.0,3.0,2.0,1.0,,1.0,0.0,3.0,2.0,3.0,2.0,,,,,,1,,1.0,1.0,3.0,1,,1.0,9.0,3.0,1,,0.0,1.0,3.0,0,0.0,,0.0,2.0,1,,0.0,25.0,3.0,1.0,,1.0,9.0,4.0,0.0,0.0,,4.0,3.0,0.0,0.0,,0.0,3.0,0.0,0.0,,4.0,2.0,1.0,,1.0,17.0,3.0,1.0,,1.0,18.0,2.0,,,,,,,,,,,,,,,
2019-09-16 06:46:01,2019-09-16 07:33:01,2019-09-16,4,22510,226,226,1,,6,8,4,8,0,1,3,1,0,3,0,0,4.0,4.0,0,4,,,,,,,,,,,,,,,,,uuid:bfab4fc8-a717-470d-8c4e-0ef01bad14b7/R2[2],2.0,1.0,4.0,1.0,3.0,3.0,2.0,2.0,3.0,1.0,,0.0,0.0,2.0,1.0,3.0,2.0,,,,,,1,,0.0,4.0,2.0,1,,1.0,0.0,2.0,0,0.0,,17.0,4.0,1,,1.0,0.0,2.0,1,,0.0,1.0,3.0,1.0,,1.0,18.0,3.0,1.0,,0.0,4.0,3.0,1.0,,1.0,0.0,,1.0,,1.0,9.0,3.0,1.0,,1.0,9.0,4.0,1.0,,1.0,8.0,2.0,,,,,,,,,,,,,,,
2019-09-30 08:56:56,2019-09-30 09:25:54,2019-09-30,4,22952,227,227,1,,1,9,3,9,0,0,2,0,3,3,0,0,4.0,3.0,2,4,,,,,,,,,,,,,,,,,uuid:a4fa89b7-286d-4f3c-b1ae-d74ff0f63467/R2[1],1.0,1.0,1.0,1.0,1.0,1.0,1.0,1.0,3.0,1.0,,0.0,8.0,0.0,1.0,1.0,3.0,,,,,,1,,0.0,4.0,2.0,1,,0.0,4.0,2.0,1,,0.0,4.0,0.0,1,,0.0,25.0,0.0,1,,0.0,4.0,0.0,1.0,,0.0,25.0,2.0,1.0,,1.0,8.0,2.0,1.0,,1.0,0.0,3.0,1.0,,0.0,9.0,4.0,1.0,,1.0,0.0,3.0,1.0,,1.0,18.0,3.0,,,,,,,,,,,,,,,
2019-09-30 08:56:56,2019-09-30 09:25:54,2019-09-30,4,22952,228,228,1,,1,9,3,9,0,0,2,0,3,3,0,0,4.0,3.0,2,4,,,,,,,,,,,,,,,,,uuid:a4fa89b7-286d-4f3c-b1ae-d74ff0f63467/R2[2],,1.0,2.0,1.0,1.0,2.0,1.0,1.0,1.0,1.0,,0.0,17.0,4.0,2.0,1.0,1.0,,,,,,0,1.0,,,,1,,0.0,0.0,0.0,1,,0.0,15.0,2.0,1,,0.0,21.0,2.0,0,0.0,,4.0,2.0,1.0,,0.0,17.0,3.0,1.0,,0.0,23.0,0.0,1.0,,0.0,14.0,3.0,1.0,,0.0,0.0,0.0,1.0,,0.0,8.0,0.0,1.0,,1.0,8.0,0.0,,,,,,,,,,,,,,,
2019-10-07 06:38:14,2019-10-07 06:58:48,2019-10-07,4,2291,229,229,2,,7,3,0,9,0,0,0,0,3,3,3,1,4.0,4.0,2,4,,,,,,,,,,,,,,,,,uuid:83160d61-259f-488b-b063-973c0e5cf8ca/R2[1],1.0,2.0,2.0,1.0,1.0,1.0,1.0,1.0,1.0,1.0,,1.0,15.0,3.0,1.0,,1.0,,,,,,1,,1.0,21.0,2.0,1,,1.0,17.0,3.0,1,,1.0,1.0,4.0,1,,0.0,0.0,2.0,1,,0.0,,3.0,1.0,,1.0,27.0,4.0,1.0,,1.0,0.0,2.0,1.0,,0.0,14.0,3.0,1.0,,1.0,17.0,3.0,0.0,1.0,,,,1.0,,0.0,0.0,0.0,,,,,,,,,,,,,,,
2019-08-26 07:28:45,2019-08-26 08:44:56,2019-08-26,4,22950,230,230,2,,8,5,6,9,1,0,2,0,3,2,0,0,1.0,2.0,-2,4,,,,,,,,,,,,,,,,,uuid:49958a8e-b8e8-4c38-9a54-66f37bf9d251/R2[1],2.0,3.0,2.0,1.0,,2.0,,2.0,1.0,1.0,,1.0,0.0,3.0,2.0,2.0,2.0,,,,,,0,0.0,,0.0,2.0,1,,1.0,9.0,3.0,0,0.0,,0.0,2.0,0,0.0,,14.0,3.0,0,1.0,,,,1.0,,1.0,4.0,0.0,0.0,1.0,,,,0.0,0.0,,0.0,2.0,0.0,0.0,,0.0,3.0,1.0,,1.0,4.0,2.0,1.0,,1.0,4.0,3.0,,,,,,,,,,,,,,,
2019-08-26 07:28:45,2019-08-26 08:44:56,2019-08-26,4,22950,231,231,2,,8,5,6,9,1,0,2,0,3,2,0,0,1.0,2.0,-2,4,,,,,,,,,,,,,,,,,uuid:49958a8e-b8e8-4c38-9a54-66f37bf9d251/R2[2],,2.0,2.0,2.0,2.0,2.0,3.0,2.0,3.0,1.0,,1.0,25.0,2.0,2.0,1.0,,,,,,,0,1.0,,,,0,0.0,,11.0,3.0,0,0.0,,0.0,3.0,0,0.0,,0.0,3.0,1,,1.0,12.0,3.0,1.0,,1.0,0.0,2.0,1.0,,1.0,17.0,3.0,1.0,,1.0,4.0,2.0,0.0,0.0,,14.0,3.0,1.0,,1.0,0.0,2.0,,,,,,,,,,,,,,,,,,,,
2019-08-26 07:28:45,2019-08-26 08:44:56,2019-08-26,4,22950,232,232,2,,8,5,6,9,1,0,2,0,3,2,0,0,1.0,2.0,-2,4,,,,,,,,,,,,,,,,,uuid:49958a8e-b8e8-4c38-9a54-66f37bf9d251/R2[3],2.0,,1.0,1.0,,3.0,3.0,3.0,2.0,1.0,,1.0,9.0,4.0,3.0,2.0,2.0,,,,,,1,,1.0,0.0,3.0,0,1.0,,,,1,,1.0,0.0,2.0,1,,1.0,8.0,2.0,0,1.0,,,,1.0,,1.0,2.0,4.0,1.0,,1.0,9.0,3.0,1.0,,1.0,17.0,4.0,1.0,,1.0,14.0,3.0,1.0,,1.0,17.0,3.0,1.0,,1.0,0.0,2.0,0.0,1.0,,,,,,,,,,,,,
2019-08-26 06:50:19,2019-08-26 07:21:15,2019-08-26,4,23374,233,233,2,,8,4,8,9,0,1,1,0,3,3,0,1,1.0,4.0,2,4,,,,,,,,,,,,,,,,,uuid:f2e15ab9-a7d6-4954-977d-69165af39759/R2[1],1.0,3.0,2.0,,1.0,3.0,2.0,4.0,,0.0,0.0,,4.0,3.0,2.0,4.0,,,,,,,1,,1.0,0.0,2.0,1,,1.0,25.0,3.0,0,0.0,,11.0,3.0,0,1.0,,,,1,,1.0,8.0,2.0,1.0,,1.0,3.0,3.0,1.0,,1.0,6.0,3.0,0.0,0.0,,9.0,4.0,0.0,1.0,,,,0.0,0.0,,9.0,3.0,,,,,,,,,,,,,,,,,,,,
2019-10-21 05:34:38,2019-10-21 05:57:52,2019-10-21,4,23449,234,234,1,,4,3,4,8,1,1,2,1,2,2,1,1,3.0,2.0,-2,3,,,,,,,,,,,,,,,,,uuid:a349781d-6808-4599-b428-339fec524d19/R2[1],,,,,,,,,3.0,1.0,,1.0,22.0,2.0,3.0,,3.0,,,,,,0,1.0,,,,0,1.0,,,,0,1.0,,,,0,1.0,,,,0,1.0,,,,0.0,1.0,,,,0.0,1.0,,,,0.0,1.0,,,,1.0,,0.0,,,0.0,1.0,,,,1.0,,0.0,17.0,3.0,,,,,,,,,,,,,,,
2019-07-08 09:01:48,2019-07-08 09:48:47,2019-07-08,4,23584,235,235,1,,8,3,5,7,2,3,2,3,2,2,0,0,,3.0,-2,0,,,,,,,,,,,,,,,,,uuid:d903de67-e3b6-4124-bc3d-3013691ca896/G9-R2[1],3.0,2.0,1.0,3.0,3.0,3.0,1.0,1.0,1.0,1.0,,0.0,0.0,2.0,1.0,3.0,1.0,,,,,,1,,1.0,1.0,3.0,1,,1.0,0.0,2.0,1,,1.0,0.0,0.0,1,,1.0,17.0,3.0,1,,1.0,15.0,,1.0,,1.0,9.0,4.0,1.0,,1.0,0.0,2.0,1.0,,1.0,17.0,3.0,1.0,,1.0,0.0,0.0,1.0,,1.0,17.0,3.0,1.0,,1.0,0.0,0.0,,,,,,,,,,,,,,,
2019-09-02 07:02:27,2019-09-02 07:28:24,2019-09-02,4,23695,236,236,1,,3,8,3,6,2,2,1,1,3,3,1,1,4.0,4.0,2,4,,,,,,,,,,,,,,,,,uuid:d123b8cc-1051-4837-bf1a-ef3c6753de50/R2[1],,,,,,,2.0,1.0,,1.0,,1.0,28.0,2.0,1.0,,1.0,,,,,,0,1.0,,,,0,1.0,,,,0,1.0,,,,0,1.0,,,,0,1.0,,,,0.0,1.0,,,,1.0,,1.0,4.0,2.0,1.0,,0.0,5.0,2.0,0.0,1.0,,,,0.0,1.0,,,,1.0,,1.0,0.0,2.0,,,,,,,,,,,,,,,
2019-07-29 08:27:14,2019-07-29 08:56:17,2019-07-29,4,23845,237,237,1,,7,6,7,8,3,3,2,2,3,3,1,1,4.0,,-2,0,,,,,,,,,,,,,,,,,uuid:d4959ce3-d175-486c-95d3-f059759a142d/G4-R2[1],,,,,,,,,,0.0,1.0,,,,,,,,,,,,0,1.0,,,,0,1.0,,,,0,1.0,,,,0,1.0,,,,0,1.0,,,,0.0,1.0,,,,0.0,1.0,,,,0.0,1.0,,,,0.0,1.0,,,,,,,,,,,,,,,,,,,,,,,,,,,,
2019-08-05 08:59:08,2019-08-05 09:35:54,2019-08-05,4,23844,238,238,1,,5,6,7,9,1,1,1,1,2,2,1,1,3.0,2.0,-2,3,,,,,,,,,,,,,,,,,uuid:bc3bb716-469a-499d-ae00-26477d52dc89/G4-R2[1],2.0,,3.0,,3.0,4.0,4.0,3.0,3.0,1.0,,0.0,9.0,3.0,3.0,2.0,2.0,,,,,,1,,0.0,4.0,2.0,0,1.0,,,,1,,0.0,0.0,2.0,0,1.0,,,,1,,1.0,23.0,3.0,1.0,,1.0,0.0,2.0,1.0,,1.0,1.0,3.0,1.0,,0.0,17.0,3.0,1.0,,1.0,0.0,2.0,1.0,,1.0,4.0,2.0,1.0,,1.0,19.0,2.0,,,,,,,,,,,,,,,
2019-07-29 08:27:14,2019-07-29 08:56:17,2019-07-29,4,23845,239,239,1,,7,6,7,8,3,3,2,2,3,3,1,1,4.0,,-2,0,,,,,,,,,,,,,,,,,uuid:d4959ce3-d175-486c-95d3-f059759a142d/G4-R2[2],,,,,,,,3.0,3.0,0.0,1.0,,,,,,,,,,,,0,1.0,,,,0,1.0,,,,0,1.0,,,,0,1.0,,,,0,1.0,,,,0.0,1.0,,,,0.0,1.0,,,,1.0,,1.0,17.0,2.0,1.0,,1.0,0.0,,0.0,1.0,,,,0.0,1.0,,,,,,,,,,,,,,,,,,
2019-08-05 08:59:08,2019-08-05 09:35:54,2019-08-05,4,23844,240,240,1,,5,6,7,9,1,1,1,1,2,2,1,1,3.0,2.0,-2,3,,,,,,,,,,,,,,,,,uuid:bc3bb716-469a-499d-ae00-26477d52dc89/G4-R2[2],2.0,1.0,,2.0,2.0,,,3.0,3.0,1.0,,1.0,4.0,0.0,2.0,,,,,,,,1,,1.0,4.0,,1,,0.0,4.0,,0,1.0,,,,1,,1.0,4.0,3.0,1,,0.0,0.0,,1.0,,0.0,,,0.0,1.0,,,,1.0,,0.0,4.0,3.0,1.0,,1.0,17.0,3.0,0.0,1.0,,,,0.0,1.0,,,,,,,,,,,,,,,,,,
2019-09-09 09:20:55,2019-09-09 10:02:43,2019-09-09,4,24187,241,241,2,,6,4,5,8,0,0,2,0,3,2,0,0,4.0,4.0,-2,4,,,,,,,,,,,,,,,,,uuid:14cd33e6-8887-4f40-a6e6-0fa688928055/R2[3],3.0,4.0,5.0,2.0,3.0,4.0,5.0,2.0,2.0,1.0,,1.0,6.0,,2.0,3.0,2.0,,,,,,1,,1.0,0.0,,1,,1.0,7.0,3.0,1,,1.0,17.0,3.0,1,,1.0,6.0,,1,,1.0,4.0,3.0,1.0,,1.0,17.0,3.0,1.0,,1.0,9.0,4.0,1.0,,0.0,0.0,,1.0,,1.0,0.0,,1.0,,0.0,7.0,,1.0,,0.0,4.0,,,,,,,,,,,,,,,,
2019-09-09 06:51:59,2019-09-09 07:27:09,2019-09-09,4,24450,242,242,1,,6,8,2,9,0,0,1,0,3,2,1,1,2.0,4.0,-2,4,,,,,,,,,,,,,,,,,uuid:ae8e4140-c342-4db3-962d-d6a96c9feaaa/R2[1],,3.0,2.0,,1.0,,2.0,,1.0,0.0,1.0,,,,,,,,,,,,0,1.0,,,,1,,1.0,12.0,3.0,1,,1.0,5.0,3.0,0,1.0,,,,1,,1.0,0.0,,0.0,1.0,,,,1.0,,1.0,17.0,3.0,0.0,1.0,,,,1.0,,1.0,0.0,2.0,0.0,1.0,,,,0.0,1.0,,,,,,,,,,,,,,,,,,
2019-09-09 06:51:59,2019-09-09 07:27:09,2019-09-09,4,24450,243,243,1,,6,8,2,9,0,0,1,0,3,2,1,1,2.0,4.0,-2,4,,,,,,,,,,,,,,,,,uuid:ae8e4140-c342-4db3-962d-d6a96c9feaaa/R2[2],,1.0,2.0,,2.0,,1.0,1.0,1.0,0.0,1.0,,,,,,2.0,,,,,,0,1.0,,,,1,,1.0,12.0,3.0,1,,1.0,4.0,3.0,0,1.0,,,,1,,1.0,4.0,3.0,0.0,1.0,,,,1.0,,1.0,4.0,2.0,1.0,,1.0,0.0,0.0,1.0,,1.0,,3.0,0.0,1.0,,,,1.0,,0.0,9.0,3.0,,,,,,,,,,,,,,,
2019-09-09 06:51:59,2019-09-09 07:27:09,2019-09-09,4,24450,244,244,1,,6,8,2,9,0,0,1,0,3,2,1,1,2.0,4.0,-2,4,,,,,,,,,,,,,,,,,uuid:ae8e4140-c342-4db3-962d-d6a96c9feaaa/R2[3],1.0,2.0,1.0,1.0,1.0,2.0,,,,0.0,0.0,,0.0,,1.0,,,,,,,,1,,1.0,0.0,2.0,1,,1.0,25.0,3.0,1,,1.0,0.0,3.0,1,,1.0,0.0,3.0,1,,1.0,21.0,,1.0,,1.0,15.0,3.0,0.0,1.0,,,,0.0,1.0,,,,0.0,1.0,,,,0.0,1.0,,,,0.0,1.0,,,,,,,,,,,,,,,,,,
2019-09-16 06:49:05,2019-09-16 07:18:53,2019-09-16,4,24644,245,245,2,,2,8,4,8,3,1,0,0,3,3,0,0,4.0,4.0,-2,4,,,,,,,,,,,,,,,,,uuid:d319af10-be40-445b-bf46-cde87383eb5e/R2[1],2.0,1.0,1.0,3.0,,2.0,,,3.0,1.0,,0.0,,2.0,2.0,2.0,4.0,,,,,,1,,0.0,0.0,,1,,0.0,0.0,2.0,1,,0.0,4.0,2.0,1,,0.0,4.0,3.0,0,1.0,,,,1.0,,0.0,,2.0,0.0,1.0,,,,0.0,1.0,,,,1.0,,0.0,4.0,3.0,1.0,,0.0,,2.0,1.0,,0.0,17.0,3.0,,,,,,,,,,,,,,,
2019-09-16 06:49:05,2019-09-16 07:18:53,2019-09-16,4,24644,246,246,2,,2,8,4,8,3,1,0,0,3,3,0,0,4.0,4.0,-2,4,,,,,,,,,,,,,,,,,uuid:d319af10-be40-445b-bf46-cde87383eb5e/R2[2],4.0,3.0,1.0,2.0,,2.0,2.0,,,0.0,1.0,,,,,3.0,1.0,,,,,,1,,1.0,17.0,3.0,1,,0.0,0.0,2.0,1,,0.0,0.0,0.0,1,,1.0,0.0,2.0,0,1.0,,,,1.0,,0.0,0.0,2.0,1.0,,0.0,4.0,2.0,0.0,1.0,,,,0.0,1.0,,,,1.0,,1.0,5.0,3.0,1.0,,1.0,0.0,2.0,,,,,,,,,,,,,,,
2019-08-12 08:50:48,2019-08-12 10:11:11,2019-08-12,4,30490,300,300,2,,7,5,6,10,0,2,3,2,3,3,2,2,1.0,4.0,2,4,,,,,,,,,,,,,,,,,uuid:beedba3c-447b-4f84-ae9a-fcbd9004ccd3/G4-R2[1],3.0,3.0,3.0,2.0,,3.0,3.0,3.0,2.0,1.0,,1.0,6.0,3.0,3.0,,3.0,,,,,,1,,1.0,17.0,3.0,1,,1.0,8.0,,1,,1.0,25.0,,1,,1.0,8.0,2.0,0,1.0,,,,1.0,,1.0,23.0,,1.0,,1.0,15.0,3.0,1.0,,1.0,8.0,3.0,1.0,,1.0,0.0,2.0,0.0,1.0,,,,1.0,,1.0,8.0,3.0,,,,,,,,,,,,,,,
2019-08-19 07:41:03,2019-08-19 08:01:19,2019-08-19,4,30489,301,301,1,,5,5,5,8,1,1,2,0,1,2,1,0,4.0,2.0,2,3,,,,,,,,,,,,,,,,,uuid:ffa740e4-e39d-4ef7-9009-69a2f0ca475c/R2[1],,,,2.0,3.0,,,,,0.0,1.0,,,,,2.0,2.0,,,,,,0,1.0,,,,0,1.0,,,,0,1.0,,,,1,,1.0,11.0,3.0,1,,1.0,2.0,4.0,0.0,1.0,,,,0.0,1.0,,,,0.0,1.0,,,,0.0,1.0,,,,1.0,,1.0,7.0,3.0,1.0,,1.0,18.0,3.0,,,,,,,,,,,,,,,
2019-08-12 08:50:48,2019-08-12 10:11:11,2019-08-12,4,30490,302,302,2,,7,5,6,10,0,2,3,2,3,3,2,2,1.0,4.0,2,4,,,,,,,,,,,,,,,,,uuid:beedba3c-447b-4f84-ae9a-fcbd9004ccd3/G4-R2[2],2.0,3.0,3.0,3.0,2.0,3.0,2.0,3.0,2.0,0.0,1.0,,,,,3.0,3.0,,,,,,1,,1.0,8.0,2.0,1,,0.0,0.0,3.0,1,,1.0,14.0,3.0,1,,1.0,25.0,,1,,1.0,8.0,3.0,1.0,,1.0,25.0,3.0,1.0,,1.0,8.0,,1.0,,1.0,4.0,3.0,1.0,,1.0,8.0,,1.0,,1.0,15.0,3.0,1.0,,1.0,18.0,,0.0,1.0,,,,,,,,,,,,,
2019-08-12 08:50:48,2019-08-12 10:11:11,2019-08-12,4,30490,303,303,2,,7,5,6,10,0,2,3,2,3,3,2,2,1.0,4.0,2,4,,,,,,,,,,,,,,,,,uuid:beedba3c-447b-4f84-ae9a-fcbd9004ccd3/G4-R2[3],3.0,3.0,3.0,3.0,,3.0,,2.0,,0.0,1.0,,,,,3.0,3.0,,,,,,1,,1.0,17.0,3.0,1,,1.0,25.0,2.0,1,,1.0,9.0,3.0,1,,1.0,23.0,3.0,0,1.0,,,,1.0,,1.0,23.0,3.0,0.0,1.0,,,,1.0,,1.0,8.0,,0.0,1.0,,,,1.0,,1.0,18.0,3.0,1.0,,1.0,14.0,2.0,,,,,,,,,,,,,,,
2019-08-12 08:50:48,2019-08-12 10:11:11,2019-08-12,4,30490,304,304,2,,7,5,6,10,0,2,3,2,3,3,2,2,1.0,4.0,2,4,,,,,,,,,,,,,,,,,uuid:beedba3c-447b-4f84-ae9a-fcbd9004ccd3/G4-R2[4],3.0,2.0,,2.0,2.0,2.0,2.0,2.0,3.0,0.0,1.0,,,,,3.0,3.0,,,,,,1,,1.0,6.0,3.0,1,,1.0,8.0,2.0,0,1.0,,,,1,,0.0,8.0,3.0,1,,1.0,25.0,2.0,1.0,,1.0,0.0,2.0,1.0,,0.0,8.0,2.0,1.0,,1.0,4.0,,1.0,,1.0,25.0,3.0,1.0,,1.0,14.0,3.0,1.0,,1.0,2.0,4.0,,,,,,,,,,,,,,,
2019-08-12 08:50:48,2019-08-12 10:11:11,2019-08-12,4,30490,305,305,2,,7,5,6,10,0,2,3,2,3,3,2,2,1.0,4.0,2,4,,,,,,,,,,,,,,,,,uuid:beedba3c-447b-4f84-ae9a-fcbd9004ccd3/G4-R2[5],3.0,,,2.0,2.0,,,,3.0,1.0,,1.0,4.0,,2.0,3.0,,,,,,,1,,1.0,4.0,3.0,0,1.0,,,,0,1.0,,,,1,,1.0,0.0,,1,,1.0,8.0,2.0,0.0,1.0,,,,0.0,1.0,,,,0.0,1.0,,,,1.0,,0.0,23.0,2.0,1.0,,1.0,17.0,3.0,0.0,1.0,,,,,,,,,,,,,,,,,,
2019-08-12 08:50:48,2019-08-12 10:11:11,2019-08-12,4,30490,306,306,2,,7,5,6,10,0,2,3,2,3,3,2,2,1.0,4.0,2,4,,,,,,,,,,,,,,,,,uuid:beedba3c-447b-4f84-ae9a-fcbd9004ccd3/G4-R2[6],3.0,,3.0,3.0,2.0,1.0,1.0,2.0,,1.0,,1.0,8.0,3.0,3.0,3.0,2.0,,,,,,1,,1.0,23.0,,0,1.0,,,,1,,1.0,23.0,3.0,1,,1.0,18.0,3.0,1,,1.0,8.0,2.0,1.0,,0.0,21.0,3.0,1.0,,1.0,0.0,3.0,1.0,,1.0,14.0,2.0,0.0,1.0,,,,1.0,,1.0,18.0,2.0,1.0,,1.0,4.0,,,,,,,,,,,,,,,,
2019-08-12 08:50:48,2019-08-12 10:11:11,2019-08-12,4,30490,307,307,2,,7,5,6,10,0,2,3,2,3,3,2,2,1.0,4.0,2,4,,,,,,,,,,,,,,,,,uuid:beedba3c-447b-4f84-ae9a-fcbd9004ccd3/G4-R2[7],3.0,3.0,2.0,,,3.0,3.0,,,1.0,,1.0,0.0,3.0,1.0,2.0,2.0,,,,,,1,,1.0,18.0,3.0,1,,1.0,17.0,3.0,1,,1.0,17.0,3.0,0,1.0,,,,0,1.0,,,,1.0,,1.0,0.0,3.0,1.0,,1.0,9.0,4.0,0.0,1.0,,,,0.0,1.0,,,,1.0,,1.0,0.0,3.0,1.0,,1.0,8.0,3.0,0.0,1.0,,,,,,,,,,,,,
2019-08-12 08:50:48,2019-08-12 10:11:11,2019-08-12,4,30490,308,308,2,,7,5,6,10,0,2,3,2,3,3,2,2,1.0,4.0,2,4,,,,,,,,,,,,,,,,,uuid:beedba3c-447b-4f84-ae9a-fcbd9004ccd3/G4-R2[8],3.0,3.0,3.0,,2.0,3.0,,,,1.0,,1.0,4.0,2.0,3.0,,3.0,,,,,,1,,1.0,15.0,3.0,1,,1.0,18.0,3.0,1,,1.0,2.0,4.0,0,1.0,,,,1,,1.0,0.0,3.0,1.0,,1.0,17.0,3.0,0.0,1.0,,,,1.0,,1.0,0.0,,0.0,1.0,,,,0.0,1.0,,,,1.0,,1.0,4.0,3.0,,,,,,,,,,,,,,,
2019-10-25 08:38:50,2019-10-25 09:15:48,2019-10-25,4,31085,309,309,1,,4,7,3,8,3,2,2,2,3,3,2,1,1.0,2.0,0,4,,,,,,,,,,,,,,,,,uuid:8fe88585-994b-437f-abd8-e660545e95ae/R2[1],2.0,3.0,2.0,1.0,4.0,1.0,2.0,2.0,2.0,1.0,,1.0,1.0,3.0,3.0,1.0,3.0,,,,,,1,,1.0,17.0,3.0,1,,0.0,0.0,,0,0.0,,17.0,2.0,1,,0.0,4.0,0.0,1,,1.0,17.0,3.0,0.0,0.0,,0.0,2.0,1.0,,0.0,8.0,2.0,1.0,,1.0,6.0,3.0,1.0,,1.0,0.0,,1.0,,1.0,0.0,2.0,1.0,,1.0,9.0,3.0,,,,,,,,,,,,,,,
2019-10-25 08:38:50,2019-10-25 09:15:48,2019-10-25,4,31085,310,310,1,,4,7,3,8,3,2,2,2,3,3,2,1,1.0,2.0,0,4,,,,,,,,,,,,,,,,,uuid:8fe88585-994b-437f-abd8-e660545e95ae/R2[2],2.0,1.0,,1.0,1.0,2.0,2.0,2.0,3.0,1.0,,1.0,9.0,3.0,4.0,2.0,,,,,,,1,,0.0,8.0,2.0,1,,1.0,8.0,0.0,0,1.0,,,,1,,1.0,0.0,2.0,1,,1.0,4.0,2.0,1.0,,0.0,8.0,0.0,1.0,,0.0,8.0,2.0,1.0,,0.0,8.0,2.0,1.0,,1.0,,3.0,1.0,,1.0,8.0,3.0,0.0,1.0,,,,,,,,,,,,,,,,,,
2019-10-21 07:31:34,2019-10-21 07:48:26,2019-10-21,4,31395,311,311,1,,1,9,8,8,0,3,1,0,3,3,0,0,2.0,2.0,-2,1,,,,,,,,,,,,,,,,,uuid:8e8405a5-bcb4-48b1-841f-5e23ec13814b/R2[1],,1.0,,,,,3.0,,,0.0,1.0,,,,,,3.0,,,,,,0,1.0,,,,1,,1.0,0.0,2.0,0,1.0,,,,0,1.0,,,,0,1.0,,,,0.0,1.0,,,,1.0,,1.0,0.0,3.0,0.0,1.0,,,,0.0,1.0,,,,0.0,1.0,,,,1.0,,1.0,6.0,3.0,,,,,,,,,,,,,,,
2019-08-26 07:37:29,2019-08-26 08:01:09,2019-08-26,4,31236,312,312,1,,7,2,6,10,2,0,3,0,3,3,1,0,3.0,4.0,2,4,,,,,,,,,,,,,,,,,uuid:b9ed2b02-11cd-4ae0-b50c-cf8248841ba9/R2[1],2.0,2.0,2.0,2.0,3.0,3.0,3.0,3.0,2.0,1.0,,0.0,4.0,2.0,1.0,3.0,2.0,,,,,,1,,1.0,17.0,2.0,0,0.0,,27.0,4.0,1,,0.0,0.0,3.0,0,0.0,,27.0,3.0,1,,1.0,18.0,3.0,1.0,,1.0,9.0,4.0,1.0,,1.0,1.0,3.0,1.0,,1.0,9.0,3.0,1.0,,1.0,9.0,3.0,1.0,,1.0,9.0,3.0,1.0,,0.0,15.0,3.0,,,,,,,,,,,,,,,
2019-08-05 08:45:32,2019-08-05 10:19:22,2019-08-05,4,33732,313,313,2,,8,9,7,9,3,2,2,2,3,3,2,1,1.0,4.0,2,4,,,,,,,,,,,,,,,,,uuid:7c0001ee-cedd-4cd2-8d1f-827323d1c293/G4-R2[1],3.0,,2.0,,4.0,,2.0,,2.0,1.0,,1.0,,3.0,2.0,2.0,2.0,,,,,,1,,1.0,4.0,2.0,0,1.0,,,,1,,1.0,,3.0,0,1.0,,,,1,,1.0,9.0,4.0,0.0,1.0,,,,1.0,,1.0,15.0,3.0,0.0,1.0,,,,1.0,,1.0,,2.0,1.0,,1.0,0.0,,1.0,,1.0,12.0,3.0,0.0,1.0,,,,,,,,,,,,,
2019-09-16 07:21:44,2019-09-16 07:48:22,2019-09-16,4,31487,314,314,2,,4,9,2,10,3,3,2,2,1,3,0,0,4.0,1.0,-1,4,,,,,,,,,,,,,,,,,uuid:35cc415f-ece2-4eb7-bad4-4034ed07d85b/R2[1],2.0,1.0,3.0,4.0,4.0,4.0,4.0,3.0,2.0,1.0,,0.0,15.0,2.0,3.0,,4.0,,,,,,1,,0.0,27.0,3.0,1,,0.0,0.0,0.0,1,,1.0,6.0,3.0,1,,0.0,4.0,3.0,1,,1.0,17.0,3.0,1.0,,0.0,4.0,3.0,1.0,,0.0,15.0,2.0,1.0,,1.0,4.0,3.0,1.0,,1.0,17.0,2.0,0.0,1.0,,,,1.0,,1.0,5.0,3.0,,,,,,,,,,,,,,,
2019-09-23 04:58:10,2019-09-23 05:29:06,2019-09-23,4,3196,315,315,1,,2,5,4,8,1,1,1,1,2,2,1,1,3.0,2.0,2,3,,,,,,,,,,,,,,,,,uuid:7a9f997a-b9b8-42f5-a35c-8b841ba25e03/R2[1],2.0,3.0,,,2.0,3.0,2.0,2.0,3.0,0.0,1.0,,,,,,,,,,,,1,,1.0,0.0,2.0,1,,0.0,4.0,2.0,0,1.0,,,,0,1.0,,,,1,,1.0,4.0,2.0,1.0,,1.0,9.0,3.0,1.0,,0.0,4.0,2.0,1.0,,1.0,4.0,2.0,1.0,,0.0,4.0,3.0,0.0,1.0,,,,0.0,1.0,,,,,,,,,,,,,,,,,,
2019-09-23 04:58:10,2019-09-23 05:29:06,2019-09-23,4,3196,316,316,1,,2,5,4,8,1,1,1,1,2,2,1,1,3.0,2.0,2,3,,,,,,,,,,,,,,,,,uuid:7a9f997a-b9b8-42f5-a35c-8b841ba25e03/R2[2],,3.0,,3.0,,,,2.0,1.0,0.0,1.0,,,,,,,,,,,,0,1.0,,,,1,,1.0,21.0,2.0,0,1.0,,,,1,,0.0,12.0,3.0,0,1.0,,,,0.0,1.0,,,,0.0,1.0,,,,1.0,,1.0,0.0,2.0,1.0,,0.0,0.0,2.0,0.0,1.0,,,,0.0,1.0,,,,0.0,1.0,,,,,,,,,,,,,
2019-10-21 07:55:12,2019-10-21 08:16:39,2019-10-21,4,31786,317,317,2,,2,8,9,10,0,1,1,1,3,3,1,1,3.0,3.0,0,0,,,,,,,,,,,,,,,,,uuid:a4dc71e6-0a94-4560-a585-bfa6636d9adc/R2[1],2.0,2.0,,,,1.0,,,,1.0,,1.0,18.0,3.0,3.0,2.0,2.0,,,,,,1,,1.0,9.0,3.0,1,,1.0,17.0,2.0,0,1.0,,,,0,1.0,,,,0,1.0,,,,1.0,,1.0,17.0,2.0,0.0,1.0,,,,0.0,1.0,,,,0.0,1.0,,,,1.0,,1.0,0.0,3.0,1.0,,1.0,1.0,3.0,,,,,,,,,,,,,,,
2019-09-23 04:58:10,2019-09-23 05:29:06,2019-09-23,4,3196,318,318,1,,2,5,4,8,1,1,1,1,2,2,1,1,3.0,2.0,2,3,,,,,,,,,,,,,,,,,uuid:7a9f997a-b9b8-42f5-a35c-8b841ba25e03/R2[3],2.0,,2.0,3.0,3.0,,,3.0,3.0,0.0,1.0,,,,,,,,,,,,1,,1.0,0.0,3.0,0,1.0,,,,1,,0.0,27.0,4.0,1,,1.0,4.0,3.0,1,,0.0,17.0,3.0,0.0,1.0,,,,0.0,1.0,,,,1.0,,0.0,14.0,3.0,1.0,,1.0,4.0,3.0,0.0,1.0,,,,0.0,1.0,,,,,,,,,,,,,,,,,,
2019-10-21 07:55:12,2019-10-21 08:16:39,2019-10-21,4,31786,319,319,2,,2,8,9,10,0,1,1,1,3,3,1,1,3.0,3.0,0,0,,,,,,,,,,,,,,,,,uuid:a4dc71e6-0a94-4560-a585-bfa6636d9adc/R2[2],,,,,,,,,2.0,0.0,1.0,,,,,2.0,2.0,,,,,,0,1.0,,,,0,1.0,,,,0,1.0,,,,0,1.0,,,,0,1.0,,,,0.0,1.0,,,,0.0,1.0,,,,0.0,1.0,,,,1.0,,1.0,9.0,3.0,1.0,,1.0,17.0,2.0,1.0,,1.0,9.0,3.0,,,,,,,,,,,,,,,
2019-07-22 08:35:02,2019-07-22 08:52:48,2019-07-22,4,32092,320,320,2,,3,3,5,9,1,0,1,1,3,2,1,1,4.0,1.0,-2,4,,,,,,,,,,,,,,,,,uuid:a82aac9d-343e-457d-b5bf-1598982bc5a7/G4-R2[1],3.0,3.0,3.0,1.0,4.0,2.0,3.0,3.0,1.0,1.0,,1.0,9.0,4.0,3.0,1.0,2.0,,,,,,0,0.0,,0.0,,1,,1.0,9.0,4.0,0,0.0,,15.0,3.0,1,,1.0,4.0,2.0,1,,1.0,9.0,4.0,1.0,,1.0,8.0,2.0,1.0,,1.0,18.0,3.0,0.0,0.0,,18.0,3.0,1.0,,1.0,4.0,2.0,1.0,,1.0,0.0,2.0,0.0,0.0,,14.0,3.0,,,,,,,,,,,,,,,
2019-10-14 06:47:43,2019-10-14 07:11:45,2019-10-14,4,32188,321,321,2,,4,3,4,10,0,3,0,0,3,3,0,0,4.0,4.0,-2,4,,,,,,,,,,,,,,,,,uuid:6462b996-227b-4f61-944d-d9c75ff871f9/R2[1],3.0,2.0,2.0,1.0,3.0,1.0,2.0,1.0,1.0,0.0,1.0,,,,,,4.0,,,,,,1,,1.0,8.0,2.0,1,,0.0,8.0,2.0,1,,1.0,11.0,,0,0.0,,4.0,,0,0.0,,9.0,3.0,1.0,,1.0,0.0,0.0,1.0,,0.0,14.0,3.0,1.0,,1.0,8.0,,1.0,,0.0,4.0,0.0,0.0,1.0,,,,1.0,,0.0,0.0,,,,,,,,,,,,,,,,
2019-10-14 07:12:38,2019-10-14 07:33:31,2019-10-14,4,32273,322,322,2,,3,5,7,6,0,0,0,0,3,2,0,0,4.0,4.0,-1,4,,,,,,,,,,,,,,,,,uuid:e28ae4de-6bf7-4f84-a881-f40b223e2d55/R2[1],3.0,2.0,3.0,2.0,2.0,3.0,1.0,3.0,3.0,1.0,,1.0,8.0,2.0,3.0,3.0,3.0,,,,,,0,0.0,,1.0,3.0,1,,1.0,8.0,3.0,1,,0.0,,3.0,1,,1.0,8.0,3.0,1,,0.0,21.0,,1.0,,0.0,15.0,3.0,1.0,,1.0,0.0,3.0,1.0,,0.0,9.0,3.0,1.0,,0.0,,3.0,1.0,,1.0,8.0,3.0,1.0,,1.0,4.0,3.0,,,,,,,,,,,,,,,
2019-09-09 06:51:36,2019-09-09 07:23:47,2019-09-09,4,32276,323,323,1,,5,8,10,9,0,0,2,3,0,1,2,2,4.0,4.0,-2,4,,,,,,,,,,,,,,,,,uuid:4a1d8b55-26f9-4a68-8c22-67a007b2117d/R2[1],1.0,1.0,1.0,1.0,1.0,1.0,2.0,1.0,2.0,0.0,0.0,,15.0,3.0,2.0,2.0,1.0,,,,,,0,0.0,,0.0,2.0,0,0.0,,0.0,4.0,0,0.0,,4.0,3.0,0,0.0,,9.0,3.0,0,0.0,,8.0,2.0,0.0,0.0,,17.0,3.0,0.0,0.0,,9.0,3.0,0.0,0.0,,8.0,2.0,0.0,0.0,,5.0,3.0,0.0,0.0,,23.0,3.0,0.0,0.0,,8.0,2.0,,,,,,,,,,,,,,,
2019-09-09 06:51:36,2019-09-09 07:23:47,2019-09-09,4,32276,324,324,1,,5,8,10,9,0,0,2,3,0,1,2,2,4.0,4.0,-2,4,,,,,,,,,,,,,,,,,uuid:4a1d8b55-26f9-4a68-8c22-67a007b2117d/R2[2],2.0,2.0,2.0,2.0,1.0,1.0,2.0,1.0,2.0,0.0,0.0,,14.0,3.0,2.0,2.0,2.0,,,,,,1,,1.0,8.0,3.0,1,,1.0,4.0,3.0,0,0.0,,8.0,2.0,1,,0.0,8.0,3.0,0,0.0,,27.0,3.0,0.0,0.0,,8.0,2.0,1.0,,1.0,13.0,3.0,0.0,0.0,,8.0,2.0,0.0,0.0,,16.0,2.0,0.0,0.0,,4.0,3.0,1.0,,0.0,8.0,2.0,,,,,,,,,,,,,,,
2019-08-19 07:13:56,2019-08-19 07:51:45,2019-08-19,4,3259,325,325,1,,5,5,3,8,0,0,3,0,3,2,0,0,3.0,3.0,2,4,,,,,,,,,,,,,,,,,uuid:8898c562-4954-49b5-a312-f0fd05becd01/R2[1],1.0,2.0,2.0,3.0,3.0,2.0,3.0,3.0,3.0,1.0,,1.0,4.0,,3.0,3.0,3.0,,,,,,1,,1.0,8.0,2.0,0,0.0,,8.0,2.0,0,0.0,,25.0,,1,,0.0,17.0,2.0,0,0.0,,16.0,,1.0,,1.0,0.0,2.0,0.0,0.0,,4.0,,1.0,,1.0,21.0,2.0,1.0,,1.0,14.0,3.0,0.0,0.0,,4.0,,0.0,0.0,,16.0,2.0,,,,,,,,,,,,,,,
2019-09-23 06:47:38,2019-09-23 07:08:29,2019-09-23,4,32687,326,326,1,,6,3,4,8,0,0,3,1,2,2,1,1,3.0,1.0,-2,4,,,,,,,,,,,,,,,,,uuid:8a5f7b28-d77c-4171-a8c8-fb2acb8fa368/R2[1],2.0,2.0,2.0,2.0,1.0,2.0,2.0,1.0,2.0,0.0,0.0,,27.0,4.0,2.0,2.0,3.0,,,,,,1,,0.0,8.0,2.0,0,0.0,,4.0,2.0,0,0.0,,8.0,2.0,0,0.0,,4.0,2.0,1,,1.0,0.0,2.0,1.0,,1.0,5.0,2.0,0.0,0.0,,25.0,2.0,1.0,,1.0,8.0,2.0,0.0,0.0,,9.0,3.0,1.0,,1.0,0.0,2.0,1.0,,1.0,23.0,2.0,,,,,,,,,,,,,,,
2019-10-14 07:34:01,2019-10-14 07:54:23,2019-10-14,4,32784,327,327,2,,4,7,6,8,3,0,3,0,3,3,0,0,2.0,4.0,0,4,,,,,,,,,,,,,,,,,uuid:06b1f504-6b42-4123-a191-487a862341b9/R2[1],3.0,3.0,3.0,1.0,2.0,2.0,3.0,2.0,3.0,1.0,,1.0,0.0,3.0,2.0,3.0,3.0,,,,,,1,,1.0,0.0,3.0,1,,0.0,0.0,,1,,0.0,,3.0,1,,1.0,0.0,3.0,1,,1.0,0.0,3.0,1.0,,1.0,0.0,3.0,1.0,,1.0,9.0,3.0,1.0,,0.0,8.0,,1.0,,0.0,25.0,3.0,1.0,,1.0,4.0,3.0,1.0,,0.0,4.0,2.0,,,,,,,,,,,,,,,
2019-09-09 06:22:19,2019-09-09 06:51:25,2019-09-09,4,3283,328,328,1,,5,8,6,10,0,0,3,0,2,2,0,0,4.0,4.0,0,4,,,,,,,,,,,,,,,,,uuid:eadea6be-88c8-415b-b040-8f18988da5ea/R2[1],2.0,1.0,1.0,2.0,2.0,1.0,2.0,2.0,3.0,1.0,,0.0,9.0,3.0,1.0,1.0,3.0,,,,,,1,,1.0,22.0,2.0,1,,1.0,0.0,0.0,0,0.0,,4.0,,1,,0.0,4.0,3.0,1,,1.0,4.0,3.0,0.0,0.0,,,3.0,1.0,,0.0,9.0,3.0,1.0,,1.0,4.0,,1.0,,1.0,0.0,2.0,0.0,0.0,,0.0,,0.0,0.0,,1.0,4.0,,,,,,,,,,,,,,,
2019-08-19 06:41:42,2019-08-19 07:12:57,2019-08-19,4,32989,329,329,1,,5,5,4,10,1,1,3,1,3,3,1,1,4.0,4.0,0,4,,,,,,,,,,,,,,,,,uuid:ed12a647-5ff2-4a97-88d3-284a7c6ae5ef/R2[1],2.0,3.0,3.0,2.0,4.0,2.0,1.0,2.0,2.0,1.0,,1.0,0.0,2.0,1.0,1.0,,,,,,,1,,1.0,0.0,2.0,1,,1.0,25.0,,1,,1.0,11.0,3.0,1,,1.0,14.0,3.0,1,,1.0,9.0,4.0,0.0,0.0,,14.0,2.0,0.0,0.0,,8.0,,1.0,,1.0,11.0,3.0,1.0,,1.0,8.0,2.0,0.0,0.0,,15.0,2.0,0.0,1.0,,,,,,,,,,,,,,,,,,
2019-09-16 08:12:34,2019-09-16 09:20:11,2019-09-16,4,33089,330,330,1,,4,8,5,7,0,2,3,0,2,3,1,0,1.0,4.0,-2,4,,,,,,,,,,,,,,,,,uuid:b268396a-acc5-448b-a7cc-ec7a583563ba/R2[1],1.0,2.0,1.0,1.0,2.0,1.0,1.0,1.0,1.0,1.0,,1.0,0.0,,1.0,1.0,2.0,,,,,,1,,1.0,8.0,,0,0.0,,4.0,,1,,1.0,0.0,2.0,1,,1.0,0.0,2.0,1,,1.0,9.0,3.0,1.0,,1.0,0.0,2.0,1.0,,0.0,4.0,,1.0,,0.0,0.0,2.0,1.0,,1.0,8.0,,1.0,,0.0,8.0,3.0,1.0,,1.0,21.0,3.0,,,,,,,,,,,,,,,
2019-09-16 08:12:34,2019-09-16 09:20:11,2019-09-16,4,33089,331,331,1,,4,8,5,7,0,2,3,0,2,3,1,0,1.0,4.0,-2,4,,,,,,,,,,,,,,,,,uuid:b268396a-acc5-448b-a7cc-ec7a583563ba/R2[2],1.0,1.0,1.0,2.0,2.0,1.0,2.0,1.0,1.0,1.0,,1.0,,,1.0,1.0,1.0,,,,,,1,,1.0,8.0,2.0,1,,1.0,8.0,,1,,1.0,25.0,2.0,1,,1.0,,,1,,1.0,15.0,,1.0,,1.0,8.0,,1.0,,1.0,21.0,2.0,1.0,,1.0,0.0,2.0,1.0,,1.0,0.0,2.0,1.0,,1.0,0.0,,1.0,,1.0,0.0,,,,,,,,,,,,,,,,
2019-09-23 06:15:31,2019-09-23 06:43:06,2019-09-23,4,3342,332,332,1,,5,5,8,8,0,0,2,2,2,3,1,0,1.0,1.0,-2,4,,,,,,,,,,,,,,,,,uuid:1646eae0-8743-44d2-98bf-31f24e213945/R2[1],3.0,3.0,2.0,2.0,2.0,,3.0,4.0,1.0,0.0,0.0,,15.0,3.0,3.0,2.0,,,,,,,0,0.0,,,,0,0.0,,4.0,,0,0.0,,,,1,,1.0,17.0,3.0,0,0.0,,4.0,3.0,0.0,1.0,,,,0.0,0.0,,,,1.0,,0.0,18.0,4.0,0.0,0.0,,4.0,3.0,0.0,0.0,,8.0,0.0,0.0,1.0,,,,,,,,,,,,,,,,,,
2019-08-05 08:45:32,2019-08-05 10:19:22,2019-08-05,4,33732,333,333,2,,8,9,7,9,3,2,2,2,3,3,2,1,1.0,4.0,2,4,,,,,,,,,,,,,,,,,uuid:7c0001ee-cedd-4cd2-8d1f-827323d1c293/G4-R2[2],2.0,1.0,3.0,,2.0,,,,,1.0,,1.0,,3.0,2.0,1.0,,,,,,,1,,1.0,17.0,3.0,1,,1.0,21.0,2.0,1,,1.0,9.0,4.0,0,1.0,,,,1,,1.0,18.0,3.0,0.0,1.0,,,,0.0,1.0,,,,0.0,1.0,,,,0.0,1.0,,,,1.0,,1.0,6.0,3.0,0.0,1.0,,,,,,,,,,,,,,,,,,
2019-08-05 08:45:32,2019-08-05 10:19:22,2019-08-05,4,33732,334,334,2,,8,9,7,9,3,2,2,2,3,3,2,1,1.0,4.0,2,4,,,,,,,,,,,,,,,,,uuid:7c0001ee-cedd-4cd2-8d1f-827323d1c293/G4-R2[3],,,1.0,1.0,1.0,1.0,1.0,,,1.0,,1.0,0.0,2.0,1.0,1.0,1.0,,,,,,0,1.0,,,,0,1.0,,,,1,,1.0,0.0,3.0,1,,1.0,0.0,3.0,1,,1.0,0.0,3.0,1.0,,1.0,0.0,3.0,1.0,,1.0,0.0,2.0,0.0,1.0,,,,0.0,1.0,,,,1.0,,1.0,0.0,2.0,1.0,,1.0,27.0,4.0,,,,,,,,,,,,,,,
2019-08-05 08:45:32,2019-08-05 10:19:22,2019-08-05,4,33732,335,335,2,,8,9,7,9,3,2,2,2,3,3,2,1,1.0,4.0,2,4,,,,,,,,,,,,,,,,,uuid:7c0001ee-cedd-4cd2-8d1f-827323d1c293/G4-R2[4],1.0,,1.0,2.0,1.0,,1.0,,,1.0,,1.0,17.0,2.0,1.0,,,,,,,,1,,1.0,0.0,2.0,0,1.0,,,,1,,1.0,0.0,3.0,1,,1.0,15.0,4.0,1,,1.0,4.0,2.0,0.0,1.0,,,,1.0,,1.0,0.0,3.0,0.0,1.0,,,,0.0,1.0,,,,0.0,1.0,,,,0.0,1.0,,,,,,,,,,,,,,,,,,
2019-08-05 08:45:32,2019-08-05 10:19:22,2019-08-05,4,33732,336,336,2,,8,9,7,9,3,2,2,2,3,3,2,1,1.0,4.0,2,4,,,,,,,,,,,,,,,,,uuid:7c0001ee-cedd-4cd2-8d1f-827323d1c293/G4-R2[5],1.0,1.0,,1.0,1.0,1.0,1.0,1.0,1.0,0.0,1.0,,,,,,,,,,,,1,,1.0,4.0,2.0,1,,1.0,4.0,2.0,0,1.0,,,,1,,1.0,0.0,2.0,1,,1.0,0.0,2.0,1.0,,1.0,0.0,3.0,1.0,,1.0,18.0,2.0,1.0,,1.0,4.0,2.0,1.0,,1.0,0.0,2.0,0.0,1.0,,,,0.0,1.0,,,,,,,,,,,,,,,,,,
2019-08-05 08:45:32,2019-08-05 10:19:22,2019-08-05,4,33732,337,337,2,,8,9,7,9,3,2,2,2,3,3,2,1,1.0,4.0,2,4,,,,,,,,,,,,,,,,,uuid:7c0001ee-cedd-4cd2-8d1f-827323d1c293/G4-R2[6],2.0,1.0,1.0,1.0,1.0,1.0,2.0,1.0,1.0,1.0,,1.0,13.0,3.0,2.0,1.0,1.0,,,,,,1,,1.0,17.0,3.0,1,,1.0,8.0,0.0,1,,1.0,0.0,0.0,1,,1.0,15.0,3.0,1,,1.0,0.0,3.0,1.0,,1.0,0.0,2.0,1.0,,1.0,17.0,3.0,1.0,,1.0,0.0,2.0,1.0,,1.0,0.0,2.0,1.0,,1.0,0.0,3.0,1.0,,1.0,9.0,3.0,,,,,,,,,,,,,,,
2019-09-22 20:39:20,2019-09-22 21:06:18,2019-09-23,4,33871,338,338,2,,4,6,2,9,0,0,0,0,3,2,1,0,1.0,4.0,0,4,,,,,,,,,,,,,,,,,uuid:085a64b0-9405-4a86-8148-6f26b6e16632/R2[1],1.0,2.0,2.0,3.0,3.0,1.0,2.0,2.0,2.0,1.0,,1.0,13.0,3.0,3.0,2.0,3.0,3.0,,,,,1,,0.0,0.0,,1,,1.0,25.0,3.0,1,,1.0,23.0,3.0,1,,0.0,25.0,,1,,1.0,18.0,3.0,1.0,,0.0,,,1.0,,0.0,0.0,3.0,1.0,,0.0,0.0,2.0,1.0,,1.0,0.0,3.0,1.0,,0.0,23.0,3.0,1.0,,0.0,9.0,3.0,1.0,,1.0,17.0,3.0,,,,,,,,,,
2019-09-02 00:18:25,2019-09-02 00:39:22,2019-09-02,4,33983,339,339,2,,4,9,4,8,0,0,0,0,3,2,1,0,4.0,2.0,-2,4,,,,,,,,,,,,,,,,,uuid:4ea75ed6-9662-4f0e-a1c7-fd8d85b55537/R2[1],2.0,,2.0,,2.0,,1.0,,,1.0,,1.0,0.0,2.0,1.0,,2.0,,,,,,1,,0.0,0.0,2.0,0,1.0,,,,1,,0.0,0.0,2.0,0,1.0,,,,1,,1.0,23.0,,0.0,1.0,,,,1.0,,1.0,0.0,2.0,0.0,1.0,,,,0.0,1.0,,,,0.0,1.0,,,,1.0,,1.0,0.0,3.0,,,,,,,,,,,,,,,
2019-07-30 08:56:47,2019-07-30 09:20:18,2019-07-30,4,34193,341,341,2,,5,6,6,8,2,1,2,1,2,2,1,1,3.0,2.0,-2,3,,,,,,,,,,,,,,,,,uuid:cfc5797b-c1c2-4cac-9703-043985a109fc/G4-R2[1],2.0,2.0,2.0,1.0,1.0,2.0,3.0,3.0,3.0,1.0,,1.0,0.0,3.0,2.0,2.0,3.0,,,,,,1,,1.0,0.0,2.0,1,,1.0,4.0,3.0,1,,1.0,4.0,3.0,1,,1.0,0.0,2.0,1,,1.0,0.0,2.0,1.0,,1.0,0.0,3.0,1.0,,1.0,9.0,3.0,1.0,,1.0,27.0,4.0,1.0,,1.0,13.0,3.0,1.0,,0.0,4.0,2.0,1.0,,1.0,1.0,4.0,,,,,,,,,,,,,,,
2019-08-26 06:38:27,2019-08-26 07:22:11,2019-08-26,4,34246,342,342,1,,5,5,5,6,1,1,1,2,2,2,2,2,3.0,3.0,-2,0,,,,,,,,,,,,,,,,,uuid:5ea8ccc9-1f53-4111-afe4-cc94a2c88e43/R2[1],,3.0,,3.0,1.0,2.0,2.0,1.0,1.0,1.0,,1.0,0.0,2.0,1.0,3.0,2.0,,,,,,0,1.0,,,,1,,1.0,,,0,1.0,,,,1,,1.0,9.0,4.0,1,,1.0,0.0,3.0,1.0,,1.0,17.0,3.0,1.0,,1.0,17.0,3.0,1.0,,1.0,0.0,2.0,1.0,,1.0,0.0,2.0,1.0,,1.0,17.0,3.0,1.0,,1.0,23.0,2.0,,,,,,,,,,,,,,,
2019-08-26 06:38:27,2019-08-26 07:22:11,2019-08-26,4,34246,343,343,1,,5,5,5,6,1,1,1,2,2,2,2,2,3.0,3.0,-2,0,,,,,,,,,,,,,,,,,uuid:5ea8ccc9-1f53-4111-afe4-cc94a2c88e43/R2[2],2.0,2.0,,2.0,1.0,1.0,3.0,1.0,1.0,1.0,,1.0,0.0,3.0,1.0,1.0,2.0,2.0,,,,,1,,1.0,9.0,4.0,1,,1.0,23.0,3.0,0,1.0,,,,1,,1.0,25.0,2.0,1,,1.0,17.0,3.0,1.0,,1.0,0.0,2.0,1.0,,1.0,9.0,4.0,1.0,,1.0,0.0,2.0,1.0,,1.0,0.0,4.0,1.0,,1.0,0.0,3.0,1.0,,1.0,1.0,4.0,1.0,,1.0,6.0,3.0,,,,,,,,,,
2019-08-19 07:20:52,2019-08-19 07:44:42,2019-08-19,4,34450,344,344,1,,6,5,7,9,2,2,2,1,3,3,1,1,3.0,3.0,2,4,,,,,,,,,,,,,,,,,uuid:a93ff22c-f948-4a2c-817d-b86c13a7d029/R2[1],1.0,1.0,3.0,1.0,3.0,3.0,1.0,3.0,,1.0,,1.0,6.0,3.0,3.0,1.0,3.0,,,,,,1,,1.0,23.0,2.0,1,,1.0,0.0,0.0,1,,1.0,9.0,3.0,1,,1.0,0.0,0.0,1,,1.0,17.0,3.0,1.0,,1.0,17.0,3.0,1.0,,1.0,0.0,3.0,1.0,,1.0,17.0,3.0,0.0,0.0,,,,1.0,,1.0,0.0,2.0,1.0,,1.0,15.0,3.0,,,,,,,,,,,,,,,
2019-09-09 08:49:59,2019-09-09 09:19:39,2019-09-09,4,3453,345,345,1,,6,4,2,7,2,2,1,0,3,3,0,0,4.0,4.0,-2,4,,,,,,,,,,,,,,,,,uuid:837553b8-c335-40ef-b92f-5b1322540d02/R2[1],3.0,3.0,3.0,2.0,2.0,3.0,2.0,2.0,3.0,1.0,,1.0,0.0,2.0,2.0,3.0,2.0,,,,,,1,,1.0,17.0,4.0,1,,0.0,11.0,,1,,0.0,14.0,,1,,1.0,0.0,2.0,1,,1.0,7.0,2.0,1.0,,1.0,11.0,3.0,1.0,,0.0,14.0,,1.0,,0.0,14.0,,1.0,,1.0,17.0,,1.0,,0.0,,4.0,1.0,,0.0,0.0,,,,,,,,,,,,,,,,
2019-09-30 06:22:36,2019-09-30 06:39:34,2019-09-30,4,354100,346,346,2,,4,6,4,9,1,2,2,0,3,3,0,0,4.0,4.0,-2,4,,,,,,,,,,,,,,,,,uuid:2154b7c8-e658-4345-868c-4fe265979c8e/R2[1],,2.0,,,,1.0,,1.0,,0.0,1.0,,,,,,,,,,,,0,1.0,,,,1,,1.0,23.0,,0,1.0,,,,0,1.0,,,,0,1.0,,,,1.0,,1.0,0.0,0.0,0.0,1.0,,,,1.0,,1.0,0.0,3.0,0.0,1.0,,,,0.0,1.0,,,,0.0,1.0,,,,,,,,,,,,,,,,,,
2019-07-30 08:56:47,2019-07-30 09:20:18,2019-07-30,4,34193,347,347,2,,5,6,6,8,2,1,2,1,2,2,1,1,3.0,2.0,-2,3,,,,,,,,,,,,,,,,,uuid:cfc5797b-c1c2-4cac-9703-043985a109fc/G4-R2[2],3.0,4.0,3.0,,2.0,,3.0,,2.0,1.0,,0.0,,,3.0,,3.0,4.0,,,,,1,,1.0,4.0,4.0,1,,1.0,24.0,4.0,1,,1.0,17.0,4.0,0,1.0,,,,1,,0.0,4.0,3.0,0.0,1.0,,,,1.0,,0.0,,,0.0,1.0,,,,1.0,,1.0,4.0,3.0,0.0,1.0,,,,1.0,,1.0,17.0,4.0,1.0,,1.0,18.0,3.0,,,,,,,,,,
2019-07-30 08:56:47,2019-07-30 09:20:18,2019-07-30,4,34193,348,348,2,,5,6,6,8,2,1,2,1,2,2,1,1,3.0,2.0,-2,3,,,,,,,,,,,,,,,,,uuid:cfc5797b-c1c2-4cac-9703-043985a109fc/G4-R2[3],2.0,4.0,2.0,3.0,3.0,,2.0,,,1.0,,0.0,4.0,,2.0,3.0,2.0,,,,,,1,,0.0,,,1,,1.0,17.0,4.0,1,,0.0,0.0,3.0,1,,1.0,20.0,4.0,1,,1.0,0.0,3.0,0.0,1.0,,,,1.0,,1.0,4.0,,0.0,1.0,,,,0.0,1.0,,,,1.0,,1.0,17.0,3.0,1.0,,0.0,4.0,,,,,,,,,,,,,,,,
1923-08-27 18:37:32,2019-09-29 20:53:07,1923-08-28,4,3495,349,349,2,,5,6,0,9,1,0,0,0,3,3,3,0,1.0,4.0,-2,4,,,,,,,,,,,,,,,,,uuid:a34aa429-a1b3-4bf8-95be-73f4568f0a4e/R2[1],2.0,2.0,2.0,4.0,,2.0,,3.0,,1.0,,1.0,11.0,3.0,2.0,,2.0,3.0,,,,,1,,0.0,0.0,,1,,0.0,23.0,,1,,1.0,4.0,3.0,1,,1.0,1.0,4.0,0,1.0,,,,1.0,,0.0,4.0,0.0,0.0,1.0,,,,1.0,,0.0,4.0,,0.0,1.0,,,,0.0,1.0,,,,1.0,,1.0,11.0,0.0,1.0,,1.0,0.0,3.0,,,,,,,,,,
2019-07-22 10:57:36,2019-07-22 12:18:25,2019-07-22,4,35285,350,350,1,,3,7,8,9,3,2,3,0,3,2,1,0,2.0,4.0,0,4,,,,,,,,,,,,,,,,,uuid:6ee38120-1313-4d56-aa3e-d77c4ece4151/G4-R2[1],2.0,2.0,2.0,1.0,1.0,3.0,,,4.0,0.0,1.0,,,,,2.0,,,,,,,1,,0.0,,,1,,1.0,0.0,3.0,1,,0.0,,3.0,1,,1.0,0.0,2.0,1,,0.0,0.0,2.0,1.0,,1.0,9.0,3.0,0.0,1.0,,,,0.0,1.0,,,,0.0,0.0,,24.0,3.0,1.0,,1.0,0.0,3.0,0.0,1.0,,,,,,,,,,,,,,,,,,
2019-10-21 09:23:40,2019-10-21 09:40:31,2019-10-21,4,3518,351,351,1,,4,6,3,8,2,1,1,0,3,3,0,0,4.0,,2,4,,,,,,,,,,,,,,,,,uuid:48fa42e2-4d5d-4c4f-ad02-4dc5e23d185a/R2[1],1.0,1.0,3.0,1.0,,1.0,1.0,3.0,1.0,1.0,,0.0,0.0,,1.0,,2.0,,,,,,1,,0.0,8.0,2.0,1,,0.0,23.0,0.0,1,,0.0,4.0,3.0,1,,0.0,25.0,0.0,0,1.0,,,,1.0,,1.0,8.0,3.0,1.0,,0.0,25.0,,1.0,,1.0,9.0,3.0,1.0,,1.0,4.0,2.0,0.0,1.0,,,,1.0,,0.0,8.0,3.0,,,,,,,,,,,,,,,
2019-07-22 10:57:36,2019-07-22 12:18:25,2019-07-22,4,35285,352,352,1,,3,7,8,9,3,2,3,0,3,2,1,0,2.0,4.0,0,4,,,,,,,,,,,,,,,,,uuid:6ee38120-1313-4d56-aa3e-d77c4ece4151/G4-R2[2],,1.0,1.0,1.0,2.0,1.0,1.0,1.0,,1.0,,0.0,0.0,3.0,2.0,2.0,1.0,,,,,,0,1.0,,,,1,,0.0,0.0,2.0,1,,1.0,0.0,3.0,1,,1.0,0.0,2.0,1,,1.0,0.0,2.0,1.0,,0.0,0.0,0.0,1.0,,1.0,0.0,3.0,1.0,,0.0,0.0,0.0,0.0,1.0,,,,1.0,,1.0,0.0,3.0,1.0,,1.0,0.0,2.0,,,,,,,,,,,,,,,
2019-07-15 11:05:31,2019-07-15 14:12:00,2019-07-15,4,35396,353,353,2,,6,4,3,6,2,0,0,0,2,2,0,0,4.0,4.0,-2,4,,,,,,,,,,,,,,,,,uuid:3912a84f-842b-4672-a3ce-f077b392734d/G4-R2[1],,,,,,,,3.0,,0.0,1.0,,,,,,,,,,,,0,1.0,,,,0,1.0,,,,0,1.0,,,,0,1.0,,,,0,1.0,,,,0.0,1.0,,,,0.0,1.0,,,,1.0,,1.0,9.0,4.0,0.0,1.0,,,,0.0,1.0,,,,0.0,1.0,,,,,,,,,,,,,,,,,,
2019-08-26 07:23:58,2019-08-26 07:54:50,2019-08-26,4,35410,354,354,1,,2,8,7,9,1,3,1,1,3,3,3,1,3.0,3.0,2,0,,,,,,,,,,,,,,,,,uuid:f76c1dcd-f420-4fa2-95f8-45a24e625c72/R2[1],,3.0,1.0,3.0,2.0,,1.0,2.0,2.0,1.0,,1.0,9.0,3.0,2.0,2.0,1.0,,,,,,0,1.0,,,,1,,1.0,9.0,4.0,1,,1.0,0.0,2.0,1,,1.0,1.0,4.0,1,,1.0,11.0,3.0,0.0,1.0,,,,1.0,,1.0,0.0,3.0,1.0,,1.0,11.0,3.0,1.0,,1.0,4.0,3.0,1.0,,1.0,6.0,3.0,1.0,,1.0,8.0,3.0,,,,,,,,,,,,,,,
2019-10-21 09:44:03,2019-10-21 10:17:03,2019-10-21,4,35690,355,355,1,,3,8,5,8,3,0,1,0,3,3,0,0,4.0,3.0,-2,4,,,,,,,,,,,,,,,,,uuid:3aaebf20-6929-4fd0-ae42-c55ea9689897/R2[1],1.0,2.0,2.0,1.0,1.0,2.0,1.0,2.0,1.0,1.0,,1.0,0.0,3.0,1.0,1.0,2.0,,,,,,1,,0.0,4.0,2.0,1,,0.0,4.0,3.0,1,,0.0,0.0,2.0,1,,0.0,14.0,3.0,1,,0.0,0.0,2.0,1.0,,1.0,17.0,3.0,1.0,,1.0,4.0,3.0,1.0,,0.0,13.0,3.0,1.0,,1.0,0.0,3.0,1.0,,0.0,0.0,3.0,1.0,,0.0,5.0,3.0,,,,,,,,,,,,,,,
2019-10-21 09:44:03,2019-10-21 10:17:03,2019-10-21,4,35690,356,356,1,,3,8,5,8,3,0,1,0,3,3,0,0,4.0,3.0,-2,4,,,,,,,,,,,,,,,,,uuid:3aaebf20-6929-4fd0-ae42-c55ea9689897/R2[2],2.0,1.0,2.0,3.0,2.0,2.0,1.0,1.0,1.0,1.0,,1.0,14.0,3.0,1.0,2.0,1.0,,,,,,1,,1.0,17.0,3.0,1,,0.0,4.0,3.0,1,,1.0,27.0,4.0,1,,1.0,9.0,4.0,1,,0.0,0.0,3.0,1.0,,0.0,0.0,3.0,1.0,,0.0,0.0,2.0,1.0,,0.0,0.0,2.0,1.0,,0.0,14.0,3.0,1.0,,1.0,9.0,4.0,1.0,,1.0,0.0,3.0,,,,,,,,,,,,,,,
2019-09-09 06:32:43,2019-09-09 07:00:18,2019-09-09,4,35797,357,357,1,,3,7,8,9,0,2,1,1,3,3,0,0,3.0,3.0,-2,1,,,,,,,,,,,,,,,,,uuid:f5d546df-405b-474f-a27a-5b5a4f7917b7/R2[1],,2.0,,,,,,,1.0,0.0,1.0,,,,,,1.0,,,,,,0,1.0,,,,1,,1.0,3.0,0.0,0,1.0,,,,0,1.0,,,,0,1.0,,,,0.0,1.0,,,,0.0,1.0,,,,0.0,1.0,,,,1.0,,1.0,0.0,2.0,0.0,1.0,,,,1.0,,1.0,0.0,3.0,,,,,,,,,,,,,,,
2019-09-09 06:32:43,2019-09-09 07:00:18,2019-09-09,4,35797,358,358,1,,3,7,8,9,0,2,1,1,3,3,0,0,3.0,3.0,-2,1,,,,,,,,,,,,,,,,,uuid:f5d546df-405b-474f-a27a-5b5a4f7917b7/R2[2],,,,1.0,3.0,2.0,,,,1.0,,1.0,8.0,2.0,1.0,2.0,,1.0,,,,,0,1.0,,,,0,1.0,,,,0,1.0,,,,1,,1.0,0.0,3.0,1,,1.0,13.0,3.0,1.0,,1.0,4.0,3.0,0.0,1.0,,,,0.0,1.0,,,,0.0,1.0,,,,1.0,,1.0,18.0,3.0,0.0,1.0,,,,1.0,,1.0,8.0,2.0,,,,,,,,,,
2019-10-06 20:38:56,2019-10-06 21:04:06,2019-10-07,4,3599,359,359,2,,8,8,5,9,0,1,1,0,2,3,0,0,1.0,4.0,2,4,,,,,,,,,,,,,,,,,uuid:1146d881-ccf6-46f4-b3ce-3923eabc5761/R2[1],3.0,2.0,2.0,2.0,2.0,3.0,,2.0,3.0,1.0,,1.0,0.0,2.0,2.0,2.0,,,,,,,1,,1.0,9.0,3.0,1,,1.0,0.0,2.0,1,,1.0,,2.0,1,,1.0,0.0,3.0,1,,0.0,4.0,2.0,1.0,,1.0,11.0,3.0,0.0,1.0,,,,1.0,,1.0,22.0,2.0,1.0,,1.0,4.0,3.0,1.0,,1.0,0.0,2.0,,,,,,,,,,,,,,,,,,,,
2019-07-22 09:50:02,2019-07-22 10:22:26,2019-07-22,4,36047,360,360,1,,8,6,7,5,1,1,2,1,2,2,3,1,1.0,1.0,-2,3,,,,,,,,,,,,,,,,,uuid:42c1bad1-e22b-46b0-b004-7e390349b6b2/G4-R2[1],3.0,2.0,,,2.0,,,2.0,3.0,1.0,,1.0,0.0,2.0,2.0,,,,,,,,0,0.0,,17.0,2.0,0,0.0,,4.0,,0,1.0,,,,0,1.0,,,,0,0.0,,27.0,3.0,0.0,1.0,,,,0.0,1.0,,,,0.0,0.0,,4.0,,1.0,,1.0,4.0,,0.0,1.0,,,,0.0,1.0,,,,,,,,,,,,,,,,,,
2019-10-06 21:04:27,2019-10-06 21:22:47,2019-10-07,4,36183,361,361,2,,4,8,7,8,0,3,3,0,3,3,0,0,4.0,3.0,-2,4,,,,,,,,,,,,,,,,,uuid:8b3da45b-2943-47dd-812e-b1500cbe248b/R2[1],2.0,2.0,,,2.0,2.0,3.0,,,1.0,,0.0,0.0,2.0,1.0,,,,,,,,1,,1.0,13.0,3.0,1,,1.0,,,0,1.0,,,,0,1.0,,,,1,,1.0,0.0,3.0,1.0,,1.0,17.0,,1.0,,1.0,9.0,3.0,0.0,1.0,,,,0.0,1.0,,,,0.0,1.0,,,,0.0,1.0,,,,,,,,,,,,,,,,,,
2019-09-09 07:01:35,2019-09-09 07:16:53,2019-09-09,4,36244,362,362,2,,6,4,3,7,0,1,0,2,2,2,0,0,3.0,3.0,-2,0,,,,,,,,,,,,,,,,,uuid:5e886048-72a6-4e40-9801-c1813080f057/R2[1],2.0,,,2.0,1.0,1.0,1.0,2.0,1.0,1.0,,1.0,17.0,3.0,1.0,1.0,1.0,,,,,,1,,1.0,,,0,1.0,,,,0,1.0,,,,1,,1.0,17.0,3.0,1,,1.0,0.0,2.0,1.0,,1.0,25.0,2.0,1.0,,1.0,0.0,0.0,1.0,,1.0,6.0,3.0,1.0,,1.0,6.0,3.0,1.0,,1.0,0.0,2.0,1.0,,1.0,0.0,3.0,,,,,,,,,,,,,,,
2019-07-29 22:34:40,,2019-07-29,4,36589,363,363,2,,5,8,4,9,2,0,1,0,3,3,0,1,1.0,4.0,-2,4,,,,,,,,,,,,,,,,,uuid:cf30b9c1-6537-493d-b9de-fec9b6aec8eb/G4-R2[1],,,3.0,,2.0,4.0,3.0,,2.0,0.0,1.0,,,,,,2.0,,,,,,0,1.0,,,,0,1.0,,,,1,,1.0,4.0,,0,1.0,,,,1,,1.0,4.0,2.0,1.0,,1.0,25.0,3.0,1.0,,1.0,25.0,3.0,0.0,1.0,,,,1.0,,1.0,25.0,2.0,0.0,1.0,,,,1.0,,0.0,4.0,3.0,,,,,,,,,,,,,,,
2019-07-29 22:34:40,,2019-07-29,4,36589,364,364,2,,5,8,4,9,2,0,1,0,3,3,0,1,1.0,4.0,-2,4,,,,,,,,,,,,,,,,,uuid:cf30b9c1-6537-493d-b9de-fec9b6aec8eb/G4-R2[2],2.0,,1.0,,3.0,,2.0,,2.0,1.0,,1.0,6.0,3.0,2.0,3.0,3.0,,,,,,1,,0.0,15.0,2.0,0,1.0,,,,1,,1.0,0.0,3.0,0,1.0,,,,1,,1.0,5.0,3.0,0.0,1.0,,,,1.0,,0.0,4.0,3.0,0.0,1.0,,,,1.0,,0.0,25.0,2.0,1.0,,0.0,4.0,3.0,1.0,,1.0,6.0,3.0,,,,,,,,,,,,,,,
2019-07-29 22:34:40,,2019-07-29,4,36589,365,365,2,,5,8,4,9,2,0,1,0,3,3,0,1,1.0,4.0,-2,4,,,,,,,,,,,,,,,,,uuid:cf30b9c1-6537-493d-b9de-fec9b6aec8eb/G4-R2[3],,,,,3.0,3.0,4.0,3.0,3.0,0.0,1.0,,,,,3.0,2.0,,,,,,0,1.0,,,,0,1.0,,,,0,1.0,,,,0,1.0,,,,1,,1.0,4.0,3.0,1.0,,1.0,17.0,3.0,1.0,,1.0,17.0,4.0,1.0,,1.0,17.0,3.0,1.0,,1.0,15.0,2.0,1.0,,0.0,9.0,3.0,1.0,,1.0,4.0,3.0,,,,,,,,,,,,,,,
2019-09-16 09:20:44,2019-09-16 09:44:00,2019-09-16,4,36693,366,366,1,,2,3,0,7,2,2,3,0,3,3,0,0,3.0,4.0,1,4,,,,,,,,,,,,,,,,,uuid:e7f7d28e-fd71-43b6-b7c2-cb9b4cdb064b/R2[1],3.0,3.0,,2.0,2.0,3.0,,,1.0,1.0,,0.0,14.0,,2.0,2.0,2.0,,,,,,1,,1.0,9.0,4.0,1,,0.0,9.0,,0,1.0,,,,1,,0.0,21.0,,1,,1.0,0.0,,1.0,,1.0,8.0,,0.0,1.0,,,,0.0,1.0,,,,1.0,,0.0,0.0,,1.0,,0.0,4.0,,1.0,,0.0,9.0,,,,,,,,,,,,,,,,
2019-08-25 18:29:58,2019-08-25 18:56:33,2019-08-25,4,367101,367,367,1,,8,9,3,6,1,2,2,1,3,2,1,1,4.0,4.0,2,4,,,,,,,,,,,,,,,,,uuid:d8047d25-35b5-4bba-b45f-c4a32c2f70b2/R2[1],,,,4.0,,3.0,2.0,1.0,2.0,1.0,,0.0,9.0,3.0,3.0,2.0,,,,,,,0,1.0,,,,0,1.0,,,,0,1.0,,,,1,,1.0,9.0,4.0,0,1.0,,,,1.0,,1.0,4.0,3.0,1.0,,0.0,4.0,2.0,1.0,,0.0,21.0,,1.0,,1.0,0.0,0.0,1.0,,1.0,4.0,2.0,0.0,1.0,,,,,,,,,,,,,,,,,,
2019-10-21 09:06:23,2019-10-21 09:21:02,2019-10-21,4,36876,368,368,1,,8,3,6,8,1,1,2,2,3,3,0,0,4.0,4.0,-2,4,,,,,,,,,,,,,,,,,uuid:f0013473-482f-4c73-8949-dc497b0f78d2/R2[1],1.0,,1.0,,1.0,1.0,1.0,1.0,1.0,1.0,,0.0,13.0,3.0,2.0,2.0,2.0,2.0,,,,,1,,0.0,,,0,1.0,,,,1,,0.0,4.0,,0,1.0,,,,1,,0.0,8.0,2.0,1.0,,0.0,4.0,2.0,1.0,,0.0,4.0,,1.0,,0.0,4.0,2.0,1.0,,0.0,4.0,,1.0,,0.0,4.0,3.0,1.0,,0.0,4.0,,1.0,,1.0,5.0,3.0,,,,,,,,,,
2019-10-07 09:31:25,2019-10-07 09:48:34,2019-10-07,4,37052,369,369,1,,3,8,4,9,1,2,1,3,3,3,0,0,1.0,4.0,0,4,,,,,,,,,,,,,,,,,uuid:8f052566-275e-494f-8c29-0af1a7295ff4/R2[1],,2.0,3.0,2.0,3.0,3.0,1.0,,1.0,1.0,,0.0,9.0,3.0,4.0,1.0,2.0,,,,,,0,1.0,,,,1,,0.0,9.0,3.0,1,,1.0,23.0,3.0,1,,0.0,4.0,3.0,1,,0.0,,,1.0,,1.0,9.0,3.0,1.0,,0.0,0.0,,0.0,1.0,,,,1.0,,0.0,9.0,3.0,1.0,,0.0,,,1.0,,0.0,,,,,,,,,,,,,,,,,
2019-07-22 09:14:25,2019-07-22 09:55:17,2019-07-22,4,37051,370,370,1,,6,2,5,6,2,3,1,1,3,3,3,3,3.0,3.0,2,1,,,,,,,,,,,,,,,,,uuid:e7f6b596-2762-4491-bdd1-0fdfc4be59fe/G4-R2[1],2.0,1.0,3.0,2.0,2.0,3.0,2.0,2.0,2.0,1.0,,1.0,4.0,3.0,2.0,1.0,2.0,,,,,,1,,1.0,9.0,3.0,1,,1.0,13.0,2.0,1,,1.0,1.0,3.0,1,,1.0,4.0,2.0,1,,1.0,3.0,3.0,1.0,,1.0,9.0,3.0,1.0,,1.0,4.0,3.0,1.0,,1.0,17.0,4.0,1.0,,1.0,17.0,3.0,1.0,,1.0,0.0,0.0,1.0,,1.0,4.0,3.0,,,,,,,,,,,,,,,
2019-09-29 20:54:29,2019-09-29 21:22:54,2019-09-30,4,37232,371,371,2,,1,8,6,9,0,0,0,0,1,3,3,0,4.0,1.0,-2,4,,,,,,,,,,,,,,,,,uuid:aaac9cbe-d2f3-450d-b06a-2ef4f5a91da6/R2[1],2.0,,,2.0,,,,,2.0,1.0,,0.0,0.0,,1.0,2.0,3.0,,,,,,1,,0.0,0.0,,0,1.0,,,,0,1.0,,,,1,,0.0,4.0,3.0,0,1.0,,,,0.0,1.0,,,,0.0,1.0,,,,0.0,1.0,,,,1.0,,0.0,0.0,3.0,1.0,,0.0,0.0,2.0,1.0,,1.0,4.0,3.0,,,,,,,,,,,,,,,
2019-09-29 20:54:29,2019-09-29 21:22:54,2019-09-30,4,37232,372,372,2,,1,8,6,9,0,0,0,0,1,3,3,0,4.0,1.0,-2,4,,,,,,,,,,,,,,,,,uuid:aaac9cbe-d2f3-450d-b06a-2ef4f5a91da6/R2[2],3.0,3.0,2.0,3.0,,3.0,3.0,,3.0,1.0,,1.0,8.0,2.0,2.0,3.0,3.0,,,,,,1,,1.0,9.0,3.0,1,,1.0,17.0,3.0,1,,0.0,25.0,2.0,1,,0.0,4.0,3.0,0,1.0,,,,1.0,,1.0,17.0,3.0,1.0,,1.0,9.0,4.0,0.0,1.0,,,,1.0,,1.0,1.0,4.0,1.0,,0.0,17.0,3.0,1.0,,1.0,17.0,3.0,,,,,,,,,,,,,,,
2019-08-26 07:04:51,2019-08-26 07:36:32,2019-08-26,4,3714,373,373,1,,4,6,3,8,0,0,0,0,3,1,0,0,4.0,4.0,2,4,,,,,,,,,,,,,,,,,uuid:cd02f915-76a7-472f-a48d-65205ac23712/R2[1],,1.0,,2.0,1.0,1.0,1.0,2.0,1.0,0.0,0.0,,0.0,2.0,1.0,2.0,2.0,,,,,,0,1.0,,,,0,0.0,,0.0,2.0,0,1.0,,,,1,,1.0,17.0,3.0,0,0.0,,0.0,2.0,1.0,,1.0,0.0,0.0,1.0,,0.0,4.0,2.0,0.0,0.0,,0.0,3.0,0.0,0.0,,4.0,2.0,0.0,0.0,,,3.0,0.0,0.0,,,,,,,,,,,,,,,,,,
2019-08-05 22:20:52,2019-08-05 23:38:07,2019-08-05,4,3762,374,374,2,,3,7,5,9,0,0,1,0,2,2,1,1,1.0,4.0,2,0,,,,,,,,,,,,,,,,,uuid:6b57ef3f-be7f-41bd-99d8-a4de2263b225/G4-R2[1],,3.0,1.0,,2.0,,,2.0,3.0,1.0,,0.0,8.0,3.0,3.0,,2.0,4.0,,,,,0,1.0,,,,1,,0.0,4.0,3.0,1,,0.0,0.0,0.0,0,1.0,,,,1,,0.0,8.0,2.0,0.0,1.0,,,,0.0,1.0,,,,1.0,,0.0,8.0,2.0,1.0,,0.0,25.0,3.0,0.0,1.0,,,,1.0,,0.0,4.0,2.0,1.0,,0.0,17.0,3.0,,,,,,,,,,
2019-07-08 09:17:47,2019-07-08 09:49:51,2019-07-08,4,37688,375,375,1,,6,3,3,8,0,2,2,0,3,3,2,0,1.0,4.0,0,0,,,,,,,,,,,,,,,,,uuid:54898d7b-4e39-43f5-a363-c9aad4e99a63/G9-R2[1],,,2.0,,3.0,,2.0,2.0,3.0,1.0,,1.0,25.0,2.0,3.0,2.0,2.0,,,,,,0,0.0,,,,0,0.0,,,,1,,1.0,0.0,3.0,0,0.0,,,,1,,1.0,9.0,3.0,0.0,0.0,,,,1.0,,1.0,25.0,3.0,1.0,,1.0,0.0,2.0,1.0,,1.0,,,1.0,,1.0,25.0,2.0,1.0,,1.0,4.0,3.0,,,,,,,,,,,,,,,
2019-08-05 22:20:52,2019-08-05 23:38:07,2019-08-05,4,3762,376,376,2,,3,7,5,9,0,0,1,0,2,2,1,1,1.0,4.0,2,0,,,,,,,,,,,,,,,,,uuid:6b57ef3f-be7f-41bd-99d8-a4de2263b225/G4-R2[2],3.0,,3.0,4.0,,3.0,3.0,4.0,4.0,1.0,,0.0,5.0,3.0,3.0,3.0,3.0,,,,,,1,,1.0,4.0,3.0,0,1.0,,,,1,,0.0,4.0,3.0,1,,1.0,17.0,4.0,0,1.0,,,,1.0,,1.0,9.0,3.0,1.0,,0.0,23.0,3.0,1.0,,1.0,18.0,4.0,1.0,,0.0,17.0,4.0,1.0,,1.0,9.0,4.0,1.0,,0.0,0.0,3.0,,,,,,,,,,,,,,,
2019-07-29 09:31:18,2019-07-29 10:14:33,2019-07-29,4,37890,377,377,1,,3,6,7,4,1,0,2,1,1,3,3,1,2.0,2.0,0,4,,,,,,,,,,,,,,,,,uuid:768c25fc-35c1-4b6e-9a6d-51a9c4b10ca2/G4-R2[1],,,2.0,3.0,2.0,,,3.0,,1.0,,1.0,17.0,3.0,3.0,1.0,2.0,,,,,,0,1.0,,,,0,1.0,,,,1,,1.0,0.0,2.0,0,0.0,,0.0,3.0,0,0.0,,4.0,2.0,0.0,1.0,,,,0.0,1.0,,,,1.0,,1.0,17.0,3.0,0.0,1.0,,,,1.0,,1.0,0.0,2.0,1.0,,1.0,0.0,2.0,,,,,,,,,,,,,,,
2019-07-29 09:31:18,2019-07-29 10:14:33,2019-07-29,4,37890,378,378,1,,3,6,7,4,1,0,2,1,1,3,3,1,2.0,2.0,0,4,,,,,,,,,,,,,,,,,uuid:768c25fc-35c1-4b6e-9a6d-51a9c4b10ca2/G4-R2[2],2.0,2.0,2.0,1.0,1.0,2.0,2.0,,,1.0,,1.0,15.0,3.0,2.0,1.0,2.0,,,,,,0,0.0,,0.0,3.0,1,,1.0,8.0,2.0,0,0.0,,25.0,2.0,1,,1.0,8.0,2.0,1,,1.0,24.0,2.0,1.0,,1.0,23.0,3.0,1.0,,1.0,0.0,3.0,0.0,1.0,,,,0.0,1.0,,,,1.0,,1.0,0.0,2.0,1.0,,1.0,17.0,3.0,,,,,,,,,,,,,,,
2019-09-02 00:40:02,2019-09-02 00:55:35,2019-09-02,4,379140,379,379,3,15.0,5,8,1,9,0,0,3,0,3,3,1,0,4.0,4.0,-1,4,,,,,,,,,,,,,,,,,uuid:ad1676d0-e263-41fd-a781-d7883b349820/R2[1],3.0,,2.0,,,2.0,,,,0.0,1.0,,,,,,1.0,,,,,,1,,0.0,15.0,,0,1.0,,,,1,,0.0,17.0,4.0,0,1.0,,,,0,1.0,,,,1.0,,0.0,0.0,,0.0,1.0,,,,0.0,1.0,,,,0.0,1.0,,,,0.0,1.0,,,,1.0,,0.0,23.0,2.0,,,,,,,,,,,,,,,
2019-10-24 18:13:14,2019-10-24 07:01:16,2019-10-24,4,38673,380,380,2,,7,3,6,7,2,2,2,1,3,3,0,0,1.0,4.0,0,4,,,,,,,,,,,,,,,,,uuid:1eedfe33-c1ed-4ae7-aec1-e5d943553d0c/R2[1],,,2.0,2.0,3.0,3.0,2.0,,2.0,1.0,,1.0,0.0,0.0,1.0,,2.0,,,,,,0,1.0,,,,0,1.0,,,,1,,1.0,9.0,4.0,1,,1.0,0.0,2.0,1,,1.0,27.0,4.0,1.0,,1.0,9.0,4.0,1.0,,1.0,17.0,3.0,0.0,1.0,,,,1.0,,1.0,0.0,2.0,0.0,1.0,,,,1.0,,1.0,4.0,4.0,,,,,,,,,,,,,,,
2019-08-26 07:07:48,2019-08-26 07:23:02,2019-08-26,4,382121,381,381,1,,9,2,4,7,2,3,3,1,3,3,0,0,2.0,4.0,2,4,,,,,,,,,,,,,,,,,uuid:6076be78-4c20-4bff-b5e6-58bacda49d97/R2[1],3.0,3.0,3.0,2.0,2.0,,3.0,2.0,3.0,0.0,1.0,,,,,2.0,3.0,,,,,,1,,1.0,4.0,0.0,1,,1.0,9.0,4.0,1,,1.0,6.0,3.0,1,,1.0,4.0,3.0,1,,1.0,5.0,3.0,0.0,1.0,,,,1.0,,1.0,17.0,3.0,1.0,,1.0,4.0,3.0,1.0,,1.0,23.0,3.0,1.0,,1.0,4.0,3.0,1.0,,1.0,23.0,3.0,,,,,,,,,,,,,,,
2019-07-22 09:18:02,2019-07-22 10:18:01,2019-07-22,4,38788,382,382,2,,8,10,6,8,0,3,2,0,3,3,0,0,1.0,4.0,2,4,,,,,,,,,,,,,,,,,uuid:aa4dc105-4ad2-4029-8d3d-f939012d1876/G4-R2[1],2.0,,3.0,3.0,,3.0,3.0,3.0,,1.0,,1.0,4.0,2.0,2.0,,3.0,,,,,,1,,1.0,4.0,,0,1.0,,,,1,,1.0,9.0,3.0,1,,1.0,27.0,4.0,0,1.0,,,,1.0,,1.0,23.0,3.0,1.0,,1.0,0.0,2.0,1.0,,1.0,12.0,3.0,0.0,1.0,,,,0.0,1.0,,,,1.0,,1.0,25.0,3.0,,,,,,,,,,,,,,,
2019-07-22 09:18:02,2019-07-22 10:18:01,2019-07-22,4,38788,384,384,2,,8,10,6,8,0,3,2,0,3,3,0,0,1.0,4.0,2,4,,,,,,,,,,,,,,,,,uuid:aa4dc105-4ad2-4029-8d3d-f939012d1876/G4-R2[2],,2.0,2.0,,3.0,2.0,,,3.0,1.0,,1.0,6.0,3.0,2.0,,2.0,,,,,,0,1.0,,,,1,,1.0,0.0,2.0,1,,1.0,0.0,3.0,0,1.0,,,,1,,1.0,25.0,3.0,1.0,,1.0,25.0,2.0,0.0,1.0,,,,1.0,,1.0,,3.0,1.0,,1.0,6.0,3.0,0.0,1.0,,,,1.0,,1.0,4.0,3.0,,,,,,,,,,,,,,,
2019-09-02 06:35:44,2019-09-02 06:57:14,2019-09-02,4,3857,385,385,2,,7,3,6,8,1,2,1,3,3,2,1,1,3.0,3.0,-2,0,,,,,,,,,,,,,,,,,uuid:986b7618-1c3e-4bf8-b3b4-53e6265a3326/R2[1],4.0,,3.0,1.0,,3.0,,3.0,,0.0,1.0,,,,,2.0,,,,,,,1,,1.0,23.0,3.0,0,1.0,,,,1,,1.0,9.0,4.0,1,,1.0,0.0,3.0,0,1.0,,,,1.0,,1.0,0.0,3.0,0.0,1.0,,,,1.0,,1.0,4.0,3.0,0.0,1.0,,,,1.0,,1.0,0.0,3.0,0.0,1.0,,,,,,,,,,,,,,,,,,
2019-08-26 06:46:09,2019-08-26 07:04:35,2019-08-26,4,38673,386,386,1,,5,8,5,9,2,3,2,2,3,3,0,0,1.0,4.0,2,4,,,,,,,,,,,,,,,,,uuid:4beecf49-1c6c-4057-831e-370edfc0a8a6/R2[1],3.0,,3.0,3.0,2.0,3.0,3.0,3.0,2.0,1.0,,1.0,0.0,2.0,2.0,3.0,3.0,,,,,,1,,1.0,,3.0,0,1.0,,,,1,,1.0,23.0,2.0,1,,1.0,4.0,,1,,1.0,17.0,3.0,1.0,,1.0,15.0,4.0,1.0,,1.0,4.0,4.0,1.0,,1.0,0.0,0.0,1.0,,1.0,0.0,0.0,1.0,,1.0,4.0,3.0,1.0,,1.0,2.0,4.0,,,,,,,,,,,,,,,
2019-09-02 06:07:08,2019-09-02 06:34:27,2019-09-02,4,38787,387,387,1,,6,3,7,6,1,2,1,1,3,3,1,1,3.0,3.0,-2,0,,,,,,,,,,,,,,,,,uuid:87635daf-b950-4d2f-b08f-b9a677a37b1f/R2[1],3.0,,2.0,1.0,,3.0,,2.0,,0.0,1.0,,,,,,3.0,,,,,,1,,1.0,17.0,3.0,0,1.0,,,,1,,1.0,0.0,,1,,1.0,0.0,2.0,0,1.0,,,,1.0,,1.0,9.0,4.0,0.0,1.0,,,,1.0,,1.0,18.0,3.0,0.0,1.0,,,,0.0,1.0,,,,1.0,,1.0,17.0,3.0,,,,,,,,,,,,,,,
2019-09-23 06:53:59,2019-09-23 07:35:14,2019-09-23,4,50346,500,500,1,,5,3,2,3,3,0,0,0,2,2,1,0,1.0,4.0,-2,4,,,,,,,,,,,,,,,,,uuid:c49f0459-c93d-4ae7-94b3-ac63b7fffcc5/R2[1],3.0,2.0,,1.0,,1.0,2.0,,,0.0,1.0,,,,,1.0,,,,,,,1,,1.0,17.0,4.0,1,,1.0,17.0,3.0,0,1.0,,,,0,0.0,,23.0,2.0,0,1.0,,,,1.0,,1.0,0.0,0.0,1.0,,1.0,11.0,3.0,0.0,1.0,,,,0.0,1.0,,,,1.0,,1.0,4.0,2.0,0.0,1.0,,,,,,,,,,,,,,,,,,
2019-10-14 06:04:42,2019-10-14 06:29:16,2019-10-14,4,50185,501,501,2,,3,4,7,6,2,2,2,1,2,2,1,1,3.0,2.0,-2,4,,,,,,,,,,,,,,,,,uuid:ca86b330-182f-4c19-92df-919fd5dfb58d/R2[1],,,,3.0,,,,4.0,3.0,0.0,1.0,,,,,3.0,,,,,,,0,1.0,,,,0,1.0,,,,0,1.0,,,,1,,0.0,0.0,4.0,0,1.0,,,,0.0,1.0,,,,0.0,1.0,,,,1.0,,1.0,4.0,,1.0,,0.0,,,1.0,,0.0,,,0.0,1.0,,,,,,,,,,,,,,,,,,
2019-09-23 06:53:59,2019-09-23 07:35:14,2019-09-23,4,50346,502,502,1,,5,3,2,3,3,0,0,0,2,2,1,0,1.0,4.0,-2,4,,,,,,,,,,,,,,,,,uuid:c49f0459-c93d-4ae7-94b3-ac63b7fffcc5/R2[2],,1.0,2.0,,2.0,,2.0,,,0.0,1.0,,,,,1.0,,,,,,,0,1.0,,,,1,,1.0,0.0,3.0,1,,1.0,,2.0,0,1.0,,,,1,,1.0,11.0,3.0,0.0,1.0,,,,1.0,,1.0,6.0,3.0,0.0,1.0,,,,0.0,1.0,,,,1.0,,1.0,0.0,2.0,0.0,1.0,,,,,,,,,,,,,,,,,,
2019-09-23 06:53:59,2019-09-23 07:35:14,2019-09-23,4,50346,503,503,1,,5,3,2,3,3,0,0,0,2,2,1,0,1.0,4.0,-2,4,,,,,,,,,,,,,,,,,uuid:c49f0459-c93d-4ae7-94b3-ac63b7fffcc5/R2[3],,2.0,,,,,4.0,,2.0,0.0,1.0,,,,,3.0,,,,,,,0,1.0,,,,1,,1.0,9.0,3.0,0,1.0,,,,0,1.0,,,,0,1.0,,,,0.0,1.0,,,,1.0,,1.0,0.0,3.0,0.0,1.0,,,,1.0,,1.0,23.0,3.0,1.0,,1.0,17.0,3.0,0.0,1.0,,,,,,,,,,,,,,,,,,
2019-09-23 07:37:41,2019-09-23 07:52:34,2019-09-23,4,50586,504,504,1,,5,7,4,4,1,1,0,0,2,1,1,0,1.0,4.0,1,4,,,,,,,,,,,,,,,,,uuid:b6e5baf2-8c2b-4406-8951-e8fa5a9dd9c6/R2[1],2.0,1.0,,,1.0,,,,1.0,1.0,,1.0,4.0,,1.0,,,,,,,,1,,1.0,15.0,2.0,1,,1.0,0.0,3.0,0,1.0,,,,0,1.0,,,,1,,1.0,23.0,2.0,0.0,1.0,,,,0.0,1.0,,,,0.0,1.0,,,,1.0,,1.0,0.0,2.0,0.0,1.0,,,,0.0,1.0,,,,,,,,,,,,,,,,,,
2019-10-14 05:40:26,2019-10-14 06:01:09,2019-10-14,4,50584,505,505,2,,4,4,3,5,1,2,1,1,2,1,2,1,3.0,2.0,-2,4,,,,,,,,,,,,,,,,,uuid:697643ac-c3f8-4a1e-b74b-9a4fbd877e3d/R2[1],,2.0,3.0,1.0,2.0,1.0,3.0,2.0,2.0,1.0,,0.0,4.0,,2.0,2.0,,,,,,,0,1.0,,,,1,,0.0,4.0,,1,,1.0,9.0,3.0,1,,1.0,0.0,2.0,1,,1.0,4.0,3.0,1.0,,0.0,0.0,,1.0,,0.0,4.0,,1.0,,0.0,4.0,2.0,1.0,,0.0,0.0,,1.0,,0.0,4.0,3.0,0.0,1.0,,,,,,,,,,,,,,,,,,
2019-08-25 20:45:37,2019-08-25 21:14:18,2019-08-26,4,50650,506,506,2,,4,6,5,7,1,0,3,0,3,3,2,0,4.0,4.0,0,4,,,,,,,,,,,,,,,,,uuid:1159de50-5388-4daa-a4f8-9a502df147a0/R2[1],1.0,1.0,2.0,1.0,1.0,1.0,2.0,1.0,2.0,1.0,,1.0,13.0,3.0,2.0,1.0,1.0,,,,,,1,,0.0,0.0,2.0,1,,1.0,14.0,3.0,1,,1.0,22.0,3.0,1,,1.0,18.0,0.0,1,,0.0,4.0,2.0,1.0,,0.0,0.0,2.0,1.0,,1.0,0.0,3.0,1.0,,0.0,25.0,2.0,1.0,,1.0,4.0,2.0,1.0,,1.0,0.0,3.0,1.0,,0.0,0.0,,,,,,,,,,,,,,,,
2019-07-17 17:14:41,2019-07-17 17:41:13,2019-07-17,4,50732,507,507,1,,4,4,5,7,0,2,3,2,3,1,1,1,3.0,3.0,2,3,,,,,,,,,,,,,,,,,uuid:5a10d4a3-9ab2-43fc-af75-72423a76f62a/G4-R2[1],3.0,2.0,2.0,3.0,3.0,2.0,2.0,2.0,2.0,1.0,,1.0,17.0,4.0,3.0,3.0,2.0,,,,,,1,,1.0,17.0,4.0,1,,1.0,4.0,2.0,1,,1.0,4.0,2.0,1,,1.0,17.0,3.0,1,,1.0,17.0,3.0,0.0,0.0,,4.0,2.0,1.0,,1.0,23.0,2.0,1.0,,1.0,21.0,3.0,1.0,,1.0,4.0,3.0,1.0,,1.0,4.0,3.0,1.0,,1.0,4.0,2.0,,,,,,,,,,,,,,,
2019-08-12 08:51:51,2019-08-12 10:27:24,2019-08-12,4,50894,508,508,3,98.0,5,8,9,9,1,3,1,3,3,3,3,3,4.0,4.0,-2,4,,,,,,,,,,,,,,,,,uuid:75aface1-a02d-4a64-9577-599c68b87b9d/G4-R2[1],3.0,2.0,2.0,,1.0,4.0,,,2.0,1.0,,1.0,18.0,3.0,2.0,3.0,,,,,,,1,,1.0,23.0,3.0,1,,1.0,23.0,3.0,1,,1.0,0.0,3.0,0,1.0,,,,1,,1.0,0.0,3.0,1.0,,1.0,17.0,3.0,0.0,1.0,,,,0.0,1.0,,,,1.0,,1.0,25.0,2.0,1.0,,1.0,22.0,3.0,0.0,1.0,,,,,,,,,,,,,,,,,,
2019-08-12 08:51:51,2019-08-12 10:27:24,2019-08-12,4,50894,509,509,3,98.0,5,8,9,9,1,3,1,3,3,3,3,3,4.0,4.0,-2,4,,,,,,,,,,,,,,,,,uuid:75aface1-a02d-4a64-9577-599c68b87b9d/G4-R2[2],3.0,3.0,2.0,2.0,,2.0,2.0,1.0,1.0,1.0,,1.0,23.0,3.0,2.0,2.0,2.0,,,,,,1,,1.0,17.0,3.0,1,,1.0,4.0,3.0,1,,1.0,23.0,3.0,1,,1.0,21.0,3.0,0,1.0,,,,1.0,,1.0,23.0,2.0,1.0,,1.0,1.0,4.0,1.0,,1.0,23.0,2.0,1.0,,1.0,0.0,2.0,1.0,,1.0,21.0,2.0,1.0,,1.0,23.0,3.0,,,,,,,,,,,,,,,
2019-09-30 06:20:11,2019-09-30 07:07:00,2019-09-30,4,51289,510,510,2,,4,5,5,8,0,2,3,2,3,3,0,0,1.0,4.0,-2,4,,,,,,,,,,,,,,,,,uuid:8bd6c435-9246-4560-b4ae-b0d77537dd59/R2[1],3.0,,3.0,,2.0,2.0,2.0,2.0,2.0,1.0,,1.0,2.0,4.0,3.0,2.0,3.0,,,,,,1,,0.0,,3.0,1,,1.0,,,1,,1.0,17.0,2.0,0,1.0,,,,1,,1.0,0.0,2.0,1.0,,0.0,,3.0,1.0,,1.0,1.0,3.0,1.0,,1.0,4.0,2.0,1.0,,0.0,0.0,3.0,1.0,,0.0,0.0,3.0,1.0,,0.0,27.0,4.0,,,,,,,,,,,,,,,
2019-08-18 21:44:07,2019-08-18 22:10:29,2019-08-19,4,51194,511,511,2,,4,5,3,7,1,0,1,0,3,3,1,0,3.0,1.0,0,4,,,,,,,,,,,,,,,,,uuid:14162e11-25b9-4137-9184-8160d451c132/R2[1],2.0,1.0,2.0,1.0,2.0,1.0,1.0,2.0,1.0,1.0,,1.0,17.0,3.0,3.0,2.0,1.0,,,,,,1,,0.0,12.0,3.0,1,,1.0,9.0,3.0,1,,0.0,18.0,3.0,1,,1.0,0.0,3.0,1,,1.0,25.0,2.0,1.0,,1.0,0.0,2.0,1.0,,1.0,0.0,2.0,1.0,,1.0,9.0,3.0,1.0,,0.0,0.0,,1.0,,0.0,23.0,2.0,1.0,,0.0,0.0,2.0,,,,,,,,,,,,,,,
2019-09-30 06:20:11,2019-09-30 07:07:00,2019-09-30,4,51289,512,512,2,,4,5,5,8,0,2,3,2,3,3,0,0,1.0,4.0,-2,4,,,,,,,,,,,,,,,,,uuid:8bd6c435-9246-4560-b4ae-b0d77537dd59/R2[2],,2.0,2.0,2.0,2.0,3.0,2.0,2.0,2.0,0.0,1.0,,,,,1.0,3.0,,,,,,1,,0.0,,,1,,0.0,14.0,3.0,1,,0.0,4.0,4.0,1,,0.0,,3.0,1,,0.0,6.0,3.0,1.0,,0.0,0.0,,1.0,,1.0,0.0,3.0,1.0,,0.0,,3.0,0.0,0.0,,4.0,3.0,1.0,,1.0,4.0,3.0,1.0,,0.0,9.0,3.0,,,,,,,,,,,,,,,
2019-09-30 06:20:11,2019-09-30 07:07:00,2019-09-30,4,51289,513,513,2,,4,5,5,8,0,2,3,2,3,3,0,0,1.0,4.0,-2,4,,,,,,,,,,,,,,,,,uuid:8bd6c435-9246-4560-b4ae-b0d77537dd59/R2[3],,1.0,2.0,1.0,1.0,1.0,1.0,2.0,1.0,1.0,,0.0,4.0,,2.0,,,,,,,,1,,0.0,,,1,,0.0,4.0,2.0,1,,0.0,6.0,3.0,1,,1.0,21.0,2.0,1,,0.0,4.0,3.0,1.0,,0.0,4.0,2.0,1.0,,1.0,4.0,2.0,1.0,,1.0,4.0,3.0,1.0,,0.0,4.0,2.0,0.0,1.0,,,,0.0,1.0,,,,,,,,,,,,,,,,,,
2019-09-22 21:08:26,2019-09-22 21:31:04,2019-09-23,4,5146,514,514,2,,4,5,2,5,0,2,0,0,3,3,0,0,2.0,3.0,-2,4,,,,,,,,,,,,,,,,,uuid:a26ab5e7-3710-4f0b-864d-d8e864457343/R2[1],3.0,3.0,,,3.0,,2.0,2.0,3.0,1.0,,1.0,9.0,4.0,3.0,2.0,3.0,,,,,,1,,1.0,24.0,3.0,1,,0.0,17.0,3.0,0,1.0,,,,0,1.0,,,,1,,0.0,0.0,3.0,1.0,,0.0,0.0,4.0,1.0,,0.0,24.0,3.0,1.0,,1.0,0.0,3.0,1.0,,0.0,1.0,,1.0,,1.0,4.0,2.0,1.0,,1.0,4.0,3.0,,,,,,,,,,,,,,,
2019-10-21 06:22:24,2019-10-21 06:44:27,2019-10-21,4,51547,515,515,1,,7,3,0,9,0,1,0,0,3,3,0,1,4.0,3.0,-1,4,,,,,,,,,,,,,,,,,uuid:a17e00c7-18b1-48fa-8f1e-318c09916806/R2[1],3.0,1.0,3.0,1.0,2.0,3.0,3.0,3.0,3.0,1.0,,1.0,9.0,4.0,4.0,3.0,2.0,3.0,,,,,1,,0.0,1.0,2.0,0,0.0,,0.0,4.0,0,0.0,,4.0,4.0,1,,1.0,0.0,2.0,0,0.0,,0.0,3.0,0.0,0.0,,0.0,3.0,0.0,0.0,,23.0,2.0,0.0,0.0,,0.0,3.0,1.0,,1.0,0.0,3.0,0.0,0.0,,25.0,3.0,0.0,0.0,,4.0,3.0,0.0,0.0,,17.0,3.0,,,,,,,,,,
2019-10-14 06:57:10,2019-10-14 07:25:16,2019-10-14,4,51789,516,516,1,,6,4,3,8,0,0,1,0,3,3,0,0,3.0,3.0,-2,4,,,,,,,,,,,,,,,,,uuid:a8a3c942-ca1b-4dec-a542-dc2e2a6e1ff1/R2[1],,3.0,,,,,3.0,2.0,,0.0,1.0,,,,,,,,,,,,0,1.0,,,,1,,1.0,17.0,3.0,0,1.0,,,,0,1.0,,,,0,1.0,,,,0.0,1.0,,,,1.0,,1.0,6.0,3.0,1.0,,1.0,25.0,2.0,0.0,1.0,,,,0.0,1.0,,,,0.0,1.0,,,,,,,,,,,,,,,,,,
2019-10-14 06:57:10,2019-10-14 07:25:16,2019-10-14,4,51789,517,517,1,,6,4,3,8,0,0,1,0,3,3,0,0,3.0,3.0,-2,4,,,,,,,,,,,,,,,,,uuid:a8a3c942-ca1b-4dec-a542-dc2e2a6e1ff1/R2[2],,4.0,,,,3.0,,,4.0,1.0,,1.0,11.0,2.0,2.0,,,,,,,,0,1.0,,,,1,,1.0,9.0,2.0,0,1.0,,,,0,1.0,,,,0,1.0,,,,1.0,,1.0,9.0,4.0,0.0,1.0,,,,0.0,1.0,,,,1.0,,1.0,9.0,4.0,0.0,1.0,,,,0.0,1.0,,,,,,,,,,,,,,,,,,
2019-07-22 08:55:11,2019-07-22 09:20:21,2019-07-22,4,51895,518,518,1,,5,4,5,8,1,1,2,1,2,2,1,1,3.0,2.0,-2,3,,,,,,,,,,,,,,,,,uuid:513525ee-f656-4c38-a608-001feb4da88c/G4-R2[1],,4.0,3.0,,3.0,2.0,4.0,,,1.0,,1.0,17.0,3.0,4.0,,,,,,,,0,1.0,,,,1,,0.0,9.0,4.0,1,,1.0,6.0,3.0,0,1.0,,,,1,,1.0,,3.0,1.0,,1.0,4.0,,1.0,,0.0,17.0,,0.0,1.0,,,,0.0,1.0,,,,0.0,1.0,,,,0.0,1.0,,,,,,,,,,,,,,,,,,
2019-08-12 09:23:25,2019-08-12 10:23:43,2019-08-12,4,52247,520,520,2,,5,6,3,7,1,2,1,0,3,3,0,2,1.0,3.0,-2,3,,,,,,,,,,,,,,,,,uuid:2e66254a-eeab-455d-9241-7975d0cb3b70/G4-R2[1],,,3.0,2.0,2.0,,2.0,3.0,,1.0,,1.0,4.0,2.0,2.0,3.0,,,,,,,0,1.0,,,,0,1.0,,,,1,,1.0,2.0,4.0,1,,1.0,,3.0,1,,1.0,4.0,3.0,0.0,1.0,,,,1.0,,1.0,9.0,4.0,1.0,,1.0,28.0,4.0,0.0,1.0,,,,0.0,0.0,,9.0,4.0,0.0,1.0,,,,,,,,,,,,,,,,,,
2019-08-12 09:23:25,2019-08-12 10:23:43,2019-08-12,4,52247,521,521,2,,5,6,3,7,1,2,1,0,3,3,0,2,1.0,3.0,-2,3,,,,,,,,,,,,,,,,,uuid:2e66254a-eeab-455d-9241-7975d0cb3b70/G4-R2[2],,3.0,2.0,,3.0,,2.0,,,,,,,,,,,,,,,,0,1.0,,,,1,,1.0,2.0,4.0,1,,1.0,24.0,3.0,0,1.0,,,,1,,1.0,24.0,2.0,0.0,1.0,,,,1.0,,1.0,0.0,3.0,,,,,,,,,,,,,,,,,,,,,,,,,,,,,,,,,,,
2019-08-12 09:23:25,2019-08-12 10:23:43,2019-08-12,4,52247,522,522,2,,5,6,3,7,1,2,1,0,3,3,0,2,1.0,3.0,-2,3,,,,,,,,,,,,,,,,,uuid:2e66254a-eeab-455d-9241-7975d0cb3b70/G4-R2[3],2.0,3.0,2.0,2.0,2.0,2.0,2.0,3.0,3.0,1.0,,1.0,4.0,2.0,2.0,,,,,,,,1,,1.0,23.0,3.0,1,,1.0,6.0,3.0,1,,1.0,4.0,3.0,1,,1.0,0.0,2.0,1,,1.0,23.0,2.0,1.0,,1.0,0.0,3.0,1.0,,1.0,18.0,3.0,1.0,,1.0,17.0,4.0,1.0,,1.0,0.0,3.0,0.0,1.0,,,,0.0,1.0,,,,,,,,,,,,,,,,,,
2019-08-12 09:23:25,2019-08-12 10:23:43,2019-08-12,4,52247,523,523,2,,5,6,3,7,1,2,1,0,3,3,0,2,1.0,3.0,-2,3,,,,,,,,,,,,,,,,,uuid:2e66254a-eeab-455d-9241-7975d0cb3b70/G4-R2[4],3.0,,,3.0,,3.0,2.0,,3.0,1.0,,1.0,9.0,4.0,3.0,2.0,,,,,,,1,,1.0,24.0,3.0,0,1.0,,,,0,1.0,,,,1,,1.0,9.0,4.0,0,1.0,,,,1.0,,1.0,17.0,4.0,1.0,,1.0,0.0,3.0,0.0,1.0,,,,1.0,,1.0,9.0,3.0,1.0,,1.0,4.0,3.0,0.0,1.0,,,,,,,,,,,,,,,,,,
2019-10-07 06:14:09,2019-10-07 07:11:35,2019-10-07,4,52754,524,524,1,,4,6,7,10,2,0,0,0,3,2,0,1,1.0,4.0,-2,4,,,,,,,,,,,,,,,,,uuid:e600298f-7860-4b09-9410-6331dda44c5a/R2[1],3.0,2.0,,2.0,2.0,3.0,2.0,2.0,2.0,0.0,0.0,,25.0,,3.0,,2.0,,,,,,0,0.0,,0.0,,0,0.0,,4.0,2.0,0,1.0,,,,0,0.0,,15.0,,1,,1.0,9.0,3.0,0.0,0.0,,4.0,,0.0,0.0,,4.0,,0.0,0.0,,4.0,,0.0,0.0,,4.0,3.0,0.0,1.0,,,,0.0,0.0,,0.0,,,,,,,,,,,,,,,,
2019-10-07 06:14:09,2019-10-07 07:11:35,2019-10-07,4,52754,525,525,1,,4,6,7,10,2,0,0,0,3,2,0,1,1.0,4.0,-2,4,,,,,,,,,,,,,,,,,uuid:e600298f-7860-4b09-9410-6331dda44c5a/R2[2],2.0,,2.0,2.0,,1.0,2.0,1.0,2.0,0.0,0.0,,4.0,2.0,2.0,2.0,1.0,,,,,,0,0.0,,0.0,,0,1.0,,,,0,0.0,,4.0,,0,0.0,,0.0,,0,1.0,,,,0.0,0.0,,0.0,,0.0,0.0,,4.0,,0.0,0.0,,0.0,,0.0,0.0,,0.0,,0.0,0.0,,0.0,,0.0,0.0,,4.0,,,,,,,,,,,,,,,,
2019-10-07 06:14:09,2019-10-07 07:11:35,2019-10-07,4,52754,526,526,1,,4,6,7,10,2,0,0,0,3,2,0,1,1.0,4.0,-2,4,,,,,,,,,,,,,,,,,uuid:e600298f-7860-4b09-9410-6331dda44c5a/R2[3],3.0,3.0,2.0,3.0,2.0,3.0,,,1.0,1.0,,1.0,17.0,4.0,3.0,1.0,,,,,,,1,,1.0,9.0,3.0,1,,1.0,9.0,3.0,1,,1.0,8.0,3.0,1,,1.0,17.0,4.0,1,,1.0,6.0,3.0,1.0,,1.0,8.0,3.0,0.0,1.0,,,,0.0,1.0,,,,0.0,0.0,,,,0.0,0.0,,4.0,,0.0,1.0,,,,,,,,,,,,,,,,,,
2019-10-07 06:14:09,2019-10-07 07:11:35,2019-10-07,4,52754,527,527,1,,4,6,7,10,2,0,0,0,3,2,0,1,1.0,4.0,-2,4,,,,,,,,,,,,,,,,,uuid:e600298f-7860-4b09-9410-6331dda44c5a/R2[4],1.0,2.0,2.0,1.0,1.0,1.0,2.0,2.0,,0.0,0.0,,,,1.0,2.0,2.0,,,,,,1,,1.0,0.0,,1,,1.0,4.0,3.0,0,0.0,,4.0,,1,,1.0,8.0,2.0,1,,1.0,23.0,,0.0,0.0,,0.0,,1.0,,1.0,4.0,,0.0,0.0,,0.0,,0.0,1.0,,,,1.0,,1.0,4.0,,1.0,,1.0,7.0,,,,,,,,,,,,,,,,
2019-10-07 06:14:09,2019-10-07 07:11:35,2019-10-07,4,52754,528,528,1,,4,6,7,10,2,0,0,0,3,2,0,1,1.0,4.0,-2,4,,,,,,,,,,,,,,,,,uuid:e600298f-7860-4b09-9410-6331dda44c5a/R2[5],2.0,1.0,2.0,1.0,2.0,2.0,2.0,2.0,2.0,0.0,0.0,,4.0,3.0,1.0,2.0,2.0,,,,,,1,,0.0,4.0,3.0,1,,1.0,0.0,,1,,1.0,0.0,3.0,0,0.0,,4.0,,1,,1.0,15.0,3.0,1.0,,1.0,0.0,,1.0,,1.0,4.0,,0.0,0.0,,4.0,,0.0,0.0,,15.0,3.0,1.0,,1.0,4.0,,1.0,,1.0,9.0,3.0,,,,,,,,,,,,,,,
2019-10-07 08:39:23,2019-10-07 09:31:09,2019-10-07,4,53085,529,529,1,,8,5,5,8,2,1,0,0,2,2,0,0,1.0,3.0,1,4,,,,,,,,,,,,,,,,,uuid:e35db3e3-1f85-4650-95c9-25d270b79977/R2[1],2.0,1.0,1.0,2.0,1.0,1.0,2.0,3.0,2.0,1.0,,0.0,9.0,4.0,3.0,1.0,1.0,,,,,,1,,1.0,4.0,,1,,0.0,6.0,,1,,0.0,0.0,3.0,1,,1.0,17.0,3.0,1,,0.0,14.0,,1.0,,0.0,4.0,,1.0,,0.0,4.0,3.0,1.0,,1.0,1.0,4.0,1.0,,0.0,4.0,,1.0,,1.0,6.0,,1.0,,0.0,12.0,,,,,,,,,,,,,,,,
2019-09-23 07:13:20,2019-09-23 07:31:52,2019-09-23,4,53072,530,530,1,,6,4,3,10,1,0,0,0,3,2,0,1,3.0,3.0,2,1,,,,,,,,,,,,,,,,,uuid:95920908-b816-441b-8733-7878ea1de562/R2[1],1.0,1.0,1.0,1.0,1.0,3.0,1.0,1.0,2.0,1.0,,1.0,8.0,2.0,1.0,1.0,1.0,,,,,,1,,1.0,4.0,2.0,1,,1.0,0.0,3.0,1,,1.0,12.0,2.0,1,,1.0,0.0,2.0,1,,1.0,0.0,3.0,1.0,,1.0,17.0,4.0,1.0,,1.0,14.0,,1.0,,1.0,8.0,2.0,1.0,,1.0,17.0,3.0,1.0,,1.0,8.0,2.0,1.0,,1.0,4.0,3.0,,,,,,,,,,,,,,,
2019-10-07 08:39:23,2019-10-07 09:31:09,2019-10-07,4,53085,531,531,1,,8,5,5,8,2,1,0,0,2,2,0,0,1.0,3.0,1,4,,,,,,,,,,,,,,,,,uuid:e35db3e3-1f85-4650-95c9-25d270b79977/R2[2],1.0,1.0,2.0,2.0,2.0,2.0,1.0,2.0,1.0,0.0,0.0,,5.0,3.0,2.0,1.0,1.0,,,,,,1,,0.0,8.0,2.0,0,0.0,,4.0,,1,,0.0,25.0,2.0,1,,0.0,18.0,3.0,1,,0.0,5.0,3.0,0.0,0.0,,8.0,3.0,1.0,,0.0,15.0,,1.0,,1.0,8.0,,1.0,,1.0,8.0,3.0,1.0,,1.0,8.0,0.0,1.0,,1.0,0.0,,,,,,,,,,,,,,,,
2019-10-07 08:39:23,2019-10-07 09:31:09,2019-10-07,4,53085,532,532,1,,8,5,5,8,2,1,0,0,2,2,0,0,1.0,3.0,1,4,,,,,,,,,,,,,,,,,uuid:e35db3e3-1f85-4650-95c9-25d270b79977/R2[3],,1.0,1.0,,1.0,1.0,1.0,1.0,1.0,1.0,,0.0,8.0,,1.0,1.0,,,,,,,0,1.0,,,,1,,0.0,11.0,,1,,0.0,8.0,,0,1.0,,,,1,,0.0,8.0,2.0,1.0,,0.0,4.0,,1.0,,1.0,8.0,,1.0,,0.0,11.0,,1.0,,0.0,18.0,,1.0,,1.0,23.0,,0.0,1.0,,,,,,,,,,,,,,,,,,
2019-10-21 06:49:34,2019-10-21 07:15:18,2019-10-21,4,52910,533,533,1,,6,9,5,10,2,0,2,3,2,3,2,2,3.0,2.0,-2,4,,,,,,,,,,,,,,,,,uuid:3bc951d4-0a82-4878-b871-a28e9f425743/R2[1],1.0,4.0,,1.0,2.0,,3.0,3.0,3.0,1.0,,1.0,8.0,3.0,2.0,2.0,4.0,,,,,,1,,0.0,14.0,0.0,1,,0.0,1.0,4.0,0,1.0,,,,1,,1.0,0.0,4.0,0,0.0,,23.0,3.0,0.0,1.0,,,,0.0,0.0,,15.0,3.0,0.0,0.0,,5.0,3.0,1.0,,1.0,17.0,3.0,0.0,0.0,,5.0,,1.0,,1.0,17.0,3.0,,,,,,,,,,,,,,,
2019-10-07 06:14:09,2019-10-07 07:11:35,2019-10-07,4,52754,534,534,1,,4,6,7,10,2,0,0,0,3,2,0,1,1.0,4.0,-2,4,,,,,,,,,,,,,,,,,uuid:e600298f-7860-4b09-9410-6331dda44c5a/R2[6],2.0,1.0,2.0,,2.0,1.0,2.0,1.0,3.0,0.0,1.0,,,,,2.0,,,,,,,0,0.0,,,,1,,0.0,,,0,0.0,,,,0,1.0,,,,0,0.0,,8.0,,0.0,0.0,,25.0,,0.0,0.0,,4.0,,0.0,0.0,,,,0.0,0.0,,4.0,3.0,1.0,,1.0,25.0,,,,,,,,,,,,,,,,,,,,,
2019-09-16 06:59:18,2019-09-16 07:22:37,2019-09-16,4,53646,535,535,1,,3,6,3,8,0,1,2,0,2,1,0,1,1.0,3.0,2,3,,,,,,,,,,,,,,,,,uuid:39e73a45-a4f3-4b1d-93d0-f72d769ed465/R2[1],3.0,,2.0,2.0,,,1.0,2.0,,,,,,,,,,,,,,,1,,1.0,0.0,2.0,0,1.0,,,,0,0.0,,12.0,3.0,1,,1.0,0.0,3.0,0,1.0,,,,0.0,1.0,,,,1.0,,1.0,0.0,2.0,1.0,,1.0,25.0,2.0,0.0,1.0,,,,,,,,,,,,,,,,,,,,,,,,,,,,
2019-09-16 06:59:18,2019-09-16 07:22:37,2019-09-16,4,53646,536,536,1,,3,6,3,8,0,1,2,0,2,1,0,1,1.0,3.0,2,3,,,,,,,,,,,,,,,,,uuid:39e73a45-a4f3-4b1d-93d0-f72d769ed465/R2[2],2.0,,1.0,,1.0,,2.0,,2.0,0.0,1.0,,,,,2.0,2.0,,,,,,1,,1.0,17.0,3.0,0,1.0,,,,1,,1.0,,2.0,0,1.0,,,,1,,0.0,0.0,2.0,0.0,1.0,,,,1.0,,1.0,0.0,3.0,0.0,1.0,,,,1.0,,1.0,0.0,,1.0,,0.0,25.0,3.0,1.0,,1.0,0.0,3.0,,,,,,,,,,,,,,,
2019-10-07 06:39:22,2019-10-07 07:18:14,2019-10-07,4,53861,537,537,1,,3,7,1,8,0,1,1,0,3,2,1,0,1.0,4.0,-2,4,,,,,,,,,,,,,,,,,uuid:0417fe4d-dbce-4775-8f90-12ae4728e54e/R2[1],,2.0,,,1.0,2.0,,,,0.0,1.0,,,,,2.0,1.0,,,,,,0,1.0,,,,1,,1.0,11.0,3.0,0,1.0,,,,0,1.0,,,,1,,1.0,0.0,2.0,1.0,,1.0,,,0.0,1.0,,,,0.0,1.0,,,,0.0,1.0,,,,1.0,,1.0,21.0,3.0,1.0,,1.0,0.0,,,,,,,,,,,,,,,,
2019-10-07 06:39:22,2019-10-07 07:18:14,2019-10-07,4,53861,538,538,1,,3,7,1,8,0,1,1,0,3,2,1,0,1.0,4.0,-2,4,,,,,,,,,,,,,,,,,uuid:0417fe4d-dbce-4775-8f90-12ae4728e54e/R2[2],2.0,3.0,,1.0,2.0,2.0,3.0,2.0,,0.0,1.0,,,,,,2.0,,,,,,1,,1.0,17.0,,1,,1.0,9.0,4.0,0,1.0,,,,1,,1.0,0.0,,1,,1.0,17.0,2.0,1.0,,1.0,0.0,,1.0,,1.0,9.0,,1.0,,1.0,0.0,,0.0,1.0,,,,0.0,1.0,,,,1.0,,1.0,24.0,3.0,,,,,,,,,,,,,,,
2019-08-19 07:14:05,2019-08-19 08:04:49,2019-08-19,4,53987,539,539,3,35.0,4,5,5,5,1,1,1,1,3,0,3,3,1.0,4.0,0,0,,,,,,,,,,,,,,,,,uuid:31509d65-9805-4ea6-9eb3-da1e8da63aea/R2[1],1.0,1.0,5.0,3.0,2.0,3.0,1.0,3.0,1.0,1.0,,1.0,15.0,3.0,2.0,1.0,4.0,,,,,,1,,1.0,0.0,2.0,1,,1.0,17.0,2.0,1,,1.0,9.0,4.0,1,,1.0,0.0,,1,,1.0,15.0,3.0,1.0,,1.0,9.0,3.0,1.0,,1.0,4.0,3.0,1.0,,1.0,9.0,4.0,1.0,,1.0,4.0,4.0,1.0,,1.0,6.0,3.0,1.0,,0.0,17.0,4.0,,,,,,,,,,,,,,,
2019-10-07 06:39:22,2019-10-07 07:18:14,2019-10-07,4,53861,540,540,1,,3,7,1,8,0,1,1,0,3,2,1,0,1.0,4.0,-2,4,,,,,,,,,,,,,,,,,uuid:0417fe4d-dbce-4775-8f90-12ae4728e54e/R2[3],3.0,2.0,2.0,2.0,,,3.0,,,1.0,,1.0,23.0,2.0,2.0,,2.0,,,,,,1,,1.0,4.0,3.0,1,,1.0,0.0,2.0,1,,1.0,4.0,2.0,1,,1.0,15.0,2.0,0,1.0,,,,0.0,1.0,,,,1.0,,1.0,28.0,3.0,0.0,1.0,,,,0.0,1.0,,,,0.0,1.0,,,,1.0,,1.0,5.0,3.0,,,,,,,,,,,,,,,
2019-08-19 07:14:05,2019-08-19 08:04:49,2019-08-19,4,53987,541,541,3,35.0,4,5,5,5,1,1,1,1,3,0,3,3,1.0,4.0,0,0,,,,,,,,,,,,,,,,,uuid:31509d65-9805-4ea6-9eb3-da1e8da63aea/R2[2],2.0,2.0,2.0,2.0,1.0,2.0,1.0,1.0,1.0,1.0,,1.0,4.0,,1.0,1.0,1.0,,,,,,1,,1.0,4.0,3.0,1,,1.0,4.0,3.0,1,,1.0,4.0,3.0,1,,1.0,4.0,3.0,0,0.0,,9.0,2.0,1.0,,1.0,4.0,2.0,1.0,,1.0,4.0,2.0,1.0,,1.0,0.0,2.0,1.0,,1.0,0.0,3.0,1.0,,0.0,0.0,3.0,1.0,,1.0,4.0,3.0,,,,,,,,,,,,,,,
2019-08-18 21:15:55,2019-08-18 21:43:54,2019-08-19,4,54292,542,542,2,,6,8,5,9,1,0,0,0,3,3,3,1,3.0,1.0,-2,4,,,,,,,,,,,,,,,,,uuid:5b18ca85-3180-4ad8-ad18-5c8e5a87170e/R2[1],2.0,1.0,2.0,,2.0,3.0,3.0,3.0,4.0,1.0,,1.0,12.0,2.0,2.0,2.0,2.0,,,,,,1,,1.0,18.0,,1,,1.0,0.0,2.0,1,,1.0,0.0,2.0,0,1.0,,,,1,,0.0,4.0,,1.0,,1.0,12.0,3.0,1.0,,1.0,24.0,3.0,1.0,,1.0,5.0,3.0,1.0,,1.0,9.0,4.0,1.0,,0.0,0.0,,1.0,,1.0,3.0,0.0,,,,,,,,,,,,,,,
2019-08-12 09:23:25,2019-08-12 10:23:43,2019-08-12,4,52247,543,543,2,,5,6,3,7,1,2,1,0,3,3,0,2,1.0,3.0,-2,3,,,,,,,,,,,,,,,,,uuid:2e66254a-eeab-455d-9241-7975d0cb3b70/G4-R2[5],2.0,2.0,2.0,3.0,,2.0,2.0,1.0,,0.0,1.0,,,,,,,,,,,,1,,1.0,24.0,2.0,1,,1.0,4.0,3.0,1,,1.0,9.0,4.0,1,,1.0,9.0,3.0,0,1.0,,,,1.0,,1.0,21.0,3.0,1.0,,1.0,0.0,3.0,0.0,0.0,,0.0,2.0,0.0,1.0,,,,0.0,1.0,,,,0.0,1.0,,,,,,,,,,,,,,,,,,
2019-10-14 07:25:43,2019-10-14 07:56:09,2019-10-14,4,54445,544,544,1,,5,5,2,7,0,0,1,0,1,2,0,0,1.0,4.0,-2,4,,,,,,,,,,,,,,,,,uuid:26122fde-a795-4071-9c9d-2409beb20210/R2[1],,1.0,,,1.0,1.0,1.0,2.0,,1.0,,1.0,27.0,4.0,2.0,,,,,,,,0,1.0,,,,1,,1.0,18.0,3.0,0,1.0,,,,0,1.0,,,,1,,1.0,12.0,3.0,1.0,,1.0,,3.0,1.0,,1.0,9.0,4.0,1.0,,1.0,4.0,2.0,0.0,1.0,,,,0.0,1.0,,,,0.0,1.0,,,,,,,,,,,,,,,,,,
2019-09-30 07:15:30,2019-09-30 07:38:11,2019-09-30,4,54585,545,545,1,,3,7,5,10,1,3,0,3,0,1,1,1,4.0,4.0,-2,4,,,,,,,,,,,,,,,,,uuid:c94a3b3d-ae23-4c18-a2f9-cefb06b7148a/R2[1],3.0,3.0,3.0,3.0,3.0,3.0,2.0,2.0,,0.0,0.0,,0.0,3.0,3.0,3.0,,,,,,,0,0.0,,0.0,,1,,1.0,0.0,,1,,1.0,23.0,,0,0.0,,0.0,,0,0.0,,9.0,3.0,0.0,0.0,,8.0,3.0,0.0,0.0,,0.0,3.0,0.0,0.0,,0.0,,0.0,1.0,,,,0.0,0.0,,0.0,3.0,0.0,1.0,,,,,,,,,,,,,,,,,,
2019-10-20 21:01:27,2019-10-20 21:39:19,2019-10-21,4,54744,546,546,2,,7,8,5,9,0,0,3,0,3,3,0,0,4.0,4.0,-2,4,,,,,,,,,,,,,,,,,uuid:c09eaa98-1668-4989-985b-062a1cb9daa4/R2[1],,2.0,,,,,,,,,,,,,,,,,,,,,0,1.0,,,,1,,0.0,17.0,,0,1.0,,,,0,1.0,,,,0,1.0,,,,0.0,1.0,,,,0.0,1.0,,,,,,,,,,,,,,,,,,,,,,,,,,,,,,,,,,,,,,
2019-10-20 21:01:27,2019-10-20 21:39:19,2019-10-21,4,54744,547,547,2,,7,8,5,9,0,0,3,0,3,3,0,0,4.0,4.0,-2,4,,,,,,,,,,,,,,,,,uuid:c09eaa98-1668-4989-985b-062a1cb9daa4/R2[2],3.0,,2.0,,3.0,4.0,3.0,3.0,2.0,0.0,1.0,,,,,1.0,2.0,,,,,,1,,0.0,0.0,3.0,0,1.0,,,,1,,1.0,0.0,3.0,0,1.0,,,,1,,1.0,4.0,3.0,1.0,,1.0,17.0,4.0,1.0,,1.0,28.0,2.0,1.0,,0.0,21.0,2.0,1.0,,1.0,0.0,2.0,1.0,,1.0,13.0,3.0,1.0,,0.0,4.0,,,,,,,,,,,,,,,,
2019-10-20 21:01:27,2019-10-20 21:39:19,2019-10-21,4,54744,548,548,2,,7,8,5,9,0,0,3,0,3,3,0,0,4.0,4.0,-2,4,,,,,,,,,,,,,,,,,uuid:c09eaa98-1668-4989-985b-062a1cb9daa4/R2[3],1.0,2.0,,3.0,2.0,4.0,,2.0,4.0,1.0,,0.0,15.0,,4.0,1.0,,,,,,,1,,0.0,4.0,,1,,0.0,0.0,2.0,0,1.0,,,,1,,1.0,13.0,3.0,1,,0.0,0.0,2.0,1.0,,1.0,9.0,4.0,0.0,1.0,,,,1.0,,1.0,12.0,3.0,1.0,,0.0,21.0,3.0,1.0,,1.0,0.0,0.0,0.0,1.0,,,,,,,,,,,,,,,,,,
2019-09-23 06:27:31,2019-09-23 07:09:17,2019-09-23,4,55048,549,549,1,,2,8,8,4,1,0,0,0,3,3,0,0,3.0,3.0,0,0,,,,,,,,,,,,,,,,,uuid:bd97dad7-8c19-4a85-aa1a-59119a2e088d/R2[1],,3.0,3.0,2.0,2.0,1.0,2.0,1.0,1.0,1.0,,1.0,8.0,3.0,2.0,3.0,1.0,,,,,,0,1.0,,,,1,,1.0,6.0,3.0,1,,1.0,17.0,2.0,1,,1.0,0.0,2.0,1,,1.0,17.0,2.0,1.0,,1.0,0.0,3.0,1.0,,1.0,17.0,3.0,1.0,,1.0,0.0,3.0,1.0,,1.0,0.0,2.0,1.0,,1.0,17.0,3.0,1.0,,1.0,0.0,3.0,,,,,,,,,,,,,,,
2019-09-23 06:27:31,2019-09-23 07:09:17,2019-09-23,4,55048,550,550,1,,2,8,8,4,1,0,0,0,3,3,0,0,3.0,3.0,0,0,,,,,,,,,,,,,,,,,uuid:bd97dad7-8c19-4a85-aa1a-59119a2e088d/R2[2],,1.0,2.0,,,,2.0,,3.0,1.0,,1.0,21.0,2.0,1.0,2.0,,,,,,,0,1.0,,,,1,,1.0,28.0,2.0,1,,1.0,25.0,2.0,0,1.0,,,,0,1.0,,,,0.0,1.0,,,,1.0,,1.0,0.0,3.0,0.0,1.0,,,,1.0,,1.0,23.0,3.0,1.0,,1.0,4.0,3.0,0.0,1.0,,,,,,,,,,,,,,,,,,
2019-09-23 06:27:31,2019-09-23 07:09:17,2019-09-23,4,55048,551,551,1,,2,8,8,4,1,0,0,0,3,3,0,0,3.0,3.0,0,0,,,,,,,,,,,,,,,,,uuid:bd97dad7-8c19-4a85-aa1a-59119a2e088d/R2[3],1.0,2.0,,1.0,1.0,2.0,,,3.0,0.0,1.0,,,,,,,,,,,,1,,1.0,14.0,2.0,1,,1.0,14.0,2.0,0,1.0,,,,1,,1.0,0.0,3.0,1,,1.0,0.0,2.0,1.0,,1.0,18.0,3.0,0.0,1.0,,,,0.0,1.0,,,,1.0,,1.0,5.0,3.0,0.0,1.0,,,,0.0,1.0,,,,,,,,,,,,,,,,,,
2019-10-21 06:40:56,2019-10-21 07:21:27,2019-10-21,4,55292,552,552,1,,3,7,2,8,0,0,2,0,3,1,1,0,4.0,4.0,2,4,,,,,,,,,,,,,,,,,uuid:f6c34435-9727-4163-bf61-d399213a275d/R2[1],2.0,1.0,,2.0,1.0,3.0,2.0,3.0,,1.0,,1.0,17.0,3.0,3.0,,,,,,,,1,,1.0,21.0,3.0,1,,1.0,0.0,4.0,0,1.0,,,,1,,1.0,0.0,3.0,1,,1.0,0.0,3.0,1.0,,1.0,15.0,3.0,1.0,,1.0,4.0,3.0,1.0,,1.0,1.0,,0.0,1.0,,,,0.0,1.0,,,,0.0,1.0,,,,,,,,,,,,,,,,,,
2019-10-14 06:44:50,2019-10-14 07:36:12,2019-10-14,4,55544,553,553,3,30.0,8,2,4,8,1,1,3,2,3,3,0,0,1.0,4.0,2,4,,,,,,,,,,,,,,,,,uuid:e15b6e7c-42d2-406c-9270-94c5344e8b60/R2[1],,3.0,3.0,1.0,2.0,1.0,,1.0,,1.0,,1.0,17.0,3.0,3.0,,2.0,,,,,,0,1.0,,,,1,,1.0,0.0,3.0,1,,1.0,14.0,,1,,1.0,0.0,,1,,1.0,0.0,,1.0,,1.0,0.0,3.0,0.0,1.0,,,,1.0,,1.0,4.0,0.0,0.0,1.0,,,,0.0,1.0,,,,1.0,,1.0,0.0,3.0,,,,,,,,,,,,,,,
2019-10-14 06:44:50,2019-10-14 07:36:12,2019-10-14,4,55544,554,554,3,30.0,8,2,4,8,1,1,3,2,3,3,0,0,1.0,4.0,2,4,,,,,,,,,,,,,,,,,uuid:e15b6e7c-42d2-406c-9270-94c5344e8b60/R2[2],3.0,3.0,,,3.0,3.0,3.0,,3.0,0.0,1.0,,,,,1.0,1.0,,,,,,1,,1.0,0.0,3.0,1,,1.0,0.0,3.0,0,1.0,,,,0,1.0,,,,1,,1.0,25.0,3.0,1.0,,1.0,0.0,3.0,1.0,,1.0,9.0,3.0,0.0,1.0,,,,1.0,,1.0,9.0,3.0,1.0,,1.0,0.0,0.0,1.0,,1.0,4.0,3.0,,,,,,,,,,,,,,,
2019-10-14 06:44:50,2019-10-14 07:36:12,2019-10-14,4,55544,555,555,3,30.0,8,2,4,8,1,1,3,2,3,3,0,0,1.0,4.0,2,4,,,,,,,,,,,,,,,,,uuid:e15b6e7c-42d2-406c-9270-94c5344e8b60/R2[3],2.0,3.0,,,,2.0,,3.0,1.0,0.0,1.0,,,,,1.0,1.0,,,,,,1,,1.0,25.0,2.0,1,,1.0,17.0,3.0,0,1.0,,,,0,1.0,,,,0,1.0,,,,1.0,,1.0,4.0,3.0,0.0,1.0,,,,1.0,,1.0,17.0,3.0,1.0,,1.0,4.0,3.0,1.0,,1.0,0.0,3.0,1.0,,0.0,0.0,0.0,,,,,,,,,,,,,,,
2019-10-21 06:40:56,2019-10-21 07:21:27,2019-10-21,4,55292,556,556,1,,3,7,2,8,0,0,2,0,3,1,1,0,4.0,4.0,2,4,,,,,,,,,,,,,,,,,uuid:f6c34435-9727-4163-bf61-d399213a275d/R2[2],3.0,,,,1.0,,2.0,,,0.0,1.0,,,,,,,,,,,,1,,1.0,9.0,3.0,0,1.0,,,,0,1.0,,,,0,1.0,,,,1,,1.0,1.0,3.0,0.0,1.0,,,,1.0,,1.0,9.0,3.0,0.0,1.0,,,,0.0,1.0,,,,0.0,1.0,,,,0.0,1.0,,,,,,,,,,,,,,,,,,
2019-10-21 06:40:56,2019-10-21 07:21:27,2019-10-21,4,55292,557,557,1,,3,7,2,8,0,0,2,0,3,1,1,0,4.0,4.0,2,4,,,,,,,,,,,,,,,,,uuid:f6c34435-9727-4163-bf61-d399213a275d/R2[3],,3.0,,,,2.0,,2.0,2.0,0.0,1.0,,,,,,2.0,,,,,,0,1.0,,,,1,,1.0,28.0,3.0,0,1.0,,,,0,1.0,,,,0,1.0,,,,1.0,,0.0,4.0,3.0,0.0,1.0,,,,1.0,,1.0,0.0,,1.0,,1.0,0.0,,0.0,1.0,,,,1.0,,1.0,9.0,4.0,,,,,,,,,,,,,,,
2019-09-16 07:25:29,2019-09-16 07:57:22,2019-09-16,4,55885,558,558,1,,5,4,8,6,1,1,2,1,3,2,1,0,1.0,3.0,2,4,,,,,,,,,,,,,,,,,uuid:46efb77e-1619-430f-ad64-bbf608431dcf/R2[1],,,2.0,3.0,4.0,2.0,3.0,,,0.0,1.0,,,,,3.0,4.0,,,,,,0,1.0,,,,0,1.0,,,,1,,1.0,0.0,3.0,1,,1.0,4.0,3.0,1,,1.0,17.0,4.0,1.0,,1.0,25.0,3.0,1.0,,1.0,9.0,4.0,0.0,1.0,,,,0.0,1.0,,,,1.0,,1.0,,,1.0,,1.0,17.0,4.0,,,,,,,,,,,,,,,
2019-09-16 07:25:29,2019-09-16 07:57:22,2019-09-16,4,55885,559,559,1,,5,4,8,6,1,1,2,1,3,2,1,0,1.0,3.0,2,4,,,,,,,,,,,,,,,,,uuid:46efb77e-1619-430f-ad64-bbf608431dcf/R2[2],2.0,3.0,,,,2.0,3.0,,3.0,1.0,,1.0,0.0,,2.0,,4.0,,,,,,1,,1.0,0.0,2.0,1,,1.0,0.0,2.0,0,1.0,,,,0,1.0,,,,0,1.0,,,,1.0,,1.0,28.0,2.0,1.0,,1.0,4.0,3.0,0.0,1.0,,,,1.0,,1.0,28.0,2.0,0.0,1.0,,,,1.0,,1.0,24.0,3.0,,,,,,,,,,,,,,,
2019-10-14 06:44:50,2019-10-14 07:36:12,2019-10-14,4,55544,560,560,3,30.0,8,2,4,8,1,1,3,2,3,3,0,0,1.0,4.0,2,4,,,,,,,,,,,,,,,,,uuid:e15b6e7c-42d2-406c-9270-94c5344e8b60/R2[4],3.0,,2.0,,2.0,1.0,3.0,2.0,1.0,1.0,,1.0,21.0,3.0,2.0,2.0,2.0,,,,,,1,,1.0,0.0,3.0,0,1.0,,,,1,,1.0,4.0,3.0,0,1.0,,,,1,,1.0,12.0,3.0,1.0,,1.0,0.0,0.0,1.0,,1.0,0.0,3.0,1.0,,1.0,0.0,0.0,1.0,,1.0,0.0,0.0,1.0,,1.0,0.0,3.0,1.0,,1.0,11.0,3.0,,,,,,,,,,,,,,,
2019-10-07 05:24:52,2019-10-07 06:37:22,2019-10-07,4,56385,561,561,2,,2,4,6,7,1,1,1,1,2,2,1,1,3.0,3.0,-2,4,,,,,,,,,,,,,,,,,uuid:6efc4ce5-3a02-4af8-b77f-30535529df72/R2[1],,2.0,,2.0,2.0,,2.0,2.0,2.0,0.0,1.0,,,,,3.0,2.0,,,,,,0,1.0,,,,1,,1.0,21.0,,0,1.0,,,,1,,0.0,0.0,,1,,0.0,18.0,3.0,0.0,1.0,,,,1.0,,0.0,17.0,,1.0,,0.0,4.0,2.0,1.0,,1.0,0.0,2.0,1.0,,0.0,17.0,4.0,1.0,,1.0,0.0,4.0,,,,,,,,,,,,,,,
2019-10-07 05:24:52,2019-10-07 06:37:22,2019-10-07,4,56385,562,562,2,,2,4,6,7,1,1,1,1,2,2,1,1,3.0,3.0,-2,4,,,,,,,,,,,,,,,,,uuid:6efc4ce5-3a02-4af8-b77f-30535529df72/R2[2],2.0,2.0,,2.0,2.0,2.0,1.0,2.0,2.0,1.0,,1.0,4.0,3.0,2.0,2.0,2.0,1.0,,,,,1,,1.0,,3.0,1,,0.0,0.0,,0,1.0,,,,1,,1.0,0.0,2.0,1,,0.0,4.0,0.0,1.0,,1.0,0.0,3.0,1.0,,0.0,0.0,0.0,1.0,,0.0,0.0,,1.0,,0.0,0.0,,1.0,,0.0,,,1.0,,1.0,4.0,3.0,1.0,,1.0,0.0,,,,,,,,,,,
2019-10-07 05:24:52,2019-10-07 06:37:22,2019-10-07,4,56385,563,563,2,,2,4,6,7,1,1,1,1,2,2,1,1,3.0,3.0,-2,4,,,,,,,,,,,,,,,,,uuid:6efc4ce5-3a02-4af8-b77f-30535529df72/R2[3],2.0,2.0,2.0,2.0,2.0,2.0,2.0,2.0,2.0,1.0,,1.0,9.0,4.0,2.0,2.0,2.0,,,,,,1,,0.0,17.0,3.0,1,,0.0,4.0,2.0,1,,1.0,12.0,3.0,1,,1.0,17.0,3.0,1,,1.0,4.0,3.0,1.0,,1.0,9.0,3.0,1.0,,1.0,17.0,3.0,1.0,,0.0,21.0,3.0,1.0,,1.0,6.0,,1.0,,1.0,27.0,4.0,1.0,,1.0,17.0,,,,,,,,,,,,,,,,
2019-10-07 05:24:52,2019-10-07 06:37:22,2019-10-07,4,56385,564,564,2,,2,4,6,7,1,1,1,1,2,2,1,1,3.0,3.0,-2,4,,,,,,,,,,,,,,,,,uuid:6efc4ce5-3a02-4af8-b77f-30535529df72/R2[4],2.0,2.0,,2.0,2.0,3.0,2.0,2.0,2.0,0.0,1.0,,,,,2.0,2.0,,,,,,1,,1.0,9.0,3.0,1,,0.0,0.0,,0,1.0,,,,1,,0.0,4.0,3.0,1,,1.0,0.0,3.0,1.0,,1.0,18.0,3.0,1.0,,0.0,0.0,3.0,1.0,,0.0,18.0,3.0,1.0,,0.0,4.0,2.0,1.0,,1.0,0.0,2.0,1.0,,0.0,18.0,3.0,,,,,,,,,,,,,,,
2019-09-09 06:16:35,2019-09-09 06:35:01,2019-09-09,4,5648,565,565,2,,5,6,7,6,1,1,1,1,3,3,0,0,1.0,4.0,0,4,,,,,,,,,,,,,,,,,uuid:264d4425-5dc3-4d8a-b2de-76bec165190b/R2[1],1.0,2.0,2.0,3.0,1.0,1.0,3.0,1.0,1.0,1.0,,1.0,4.0,0.0,1.0,4.0,2.0,,,,,,1,,1.0,0.0,0.0,1,,1.0,0.0,,1,,1.0,0.0,,1,,1.0,9.0,4.0,1,,1.0,0.0,0.0,1.0,,1.0,4.0,,1.0,,1.0,9.0,4.0,1.0,,1.0,21.0,3.0,1.0,,1.0,4.0,3.0,1.0,,1.0,4.0,3.0,1.0,,1.0,4.0,2.0,,,,,,,,,,,,,,,
2019-10-07 05:24:52,2019-10-07 06:37:22,2019-10-07,4,56385,566,566,2,,2,4,6,7,1,1,1,1,2,2,1,1,3.0,3.0,-2,4,,,,,,,,,,,,,,,,,uuid:6efc4ce5-3a02-4af8-b77f-30535529df72/R2[5],2.0,2.0,2.0,2.0,2.0,,2.0,1.0,2.0,1.0,,0.0,4.0,3.0,2.0,,,,,,,,1,,0.0,27.0,4.0,1,,0.0,0.0,3.0,1,,0.0,27.0,4.0,1,,0.0,0.0,3.0,1,,0.0,21.0,2.0,0.0,1.0,,,,1.0,,0.0,9.0,4.0,1.0,,0.0,0.0,,1.0,,1.0,18.0,3.0,0.0,1.0,,,,0.0,1.0,,,,,,,,,,,,,,,,,,
2019-10-07 05:24:52,2019-10-07 06:37:22,2019-10-07,4,56385,567,567,2,,2,4,6,7,1,1,1,1,2,2,1,1,3.0,3.0,-2,4,,,,,,,,,,,,,,,,,uuid:6efc4ce5-3a02-4af8-b77f-30535529df72/R2[6],,,2.0,,,2.0,3.0,,,,,,,,,,,,,,,,0,1.0,,,,0,1.0,,,,1,,0.0,0.0,3.0,0,1.0,,,,0,1.0,,,,1.0,,0.0,27.0,4.0,1.0,,1.0,17.0,4.0,0.0,1.0,,,,,,,,,,,,,,,,,,,,,,,,,,,,,,,,,
2019-10-07 05:24:52,2019-10-07 06:37:22,2019-10-07,4,56385,569,569,2,,2,4,6,7,1,1,1,1,2,2,1,1,3.0,3.0,-2,4,,,,,,,,,,,,,,,,,uuid:6efc4ce5-3a02-4af8-b77f-30535529df72/R2[7],,,2.0,2.0,3.0,,2.0,3.0,2.0,0.0,1.0,,,,,,3.0,,,,,,0,1.0,,,,0,1.0,,,,1,,0.0,0.0,3.0,1,,0.0,27.0,4.0,1,,0.0,4.0,3.0,0.0,1.0,,,,1.0,,0.0,17.0,3.0,1.0,,0.0,0.0,3.0,1.0,,0.0,27.0,4.0,0.0,1.0,,,,1.0,,0.0,0.0,3.0,,,,,,,,,,,,,,,
2019-10-14 06:44:02,2019-10-14 07:48:38,2019-10-14,4,58784,570,570,1,,6,4,5,8,0,0,1,1,0,3,0,0,1.0,1.0,-2,4,,,,,,,,,,,,,,,,,uuid:7d844010-f6ef-4628-b105-623f1d467225/R2[1],1.0,2.0,4.0,4.0,2.0,3.0,1.0,3.0,3.0,0.0,0.0,,1.0,3.0,3.0,3.0,2.0,,,,,,0,0.0,,0.0,,0,0.0,,4.0,,0,0.0,,17.0,4.0,0,0.0,,17.0,4.0,0,0.0,,4.0,3.0,0.0,0.0,,5.0,3.0,0.0,0.0,,8.0,,0.0,0.0,,17.0,3.0,0.0,0.0,,9.0,4.0,0.0,0.0,,9.0,3.0,0.0,0.0,,25.0,,,,,,,,,,,,,,,,
2019-08-05 08:53:32,2019-08-05 11:09:52,2019-08-05,4,58210,571,571,1,,5,8,5,5,1,1,3,1,3,3,0,0,1.0,1.0,-2,4,,,,,,,,,,,,,,,,,uuid:47cbb543-7de4-4b38-8a27-fd1d2b2770ae/G4-R2[1],2.0,,3.0,,,5.0,3.0,,,0.0,0.0,,4.0,2.0,4.0,,,,,,,,0,0.0,,5.0,3.0,0,1.0,,,,0,0.0,,4.0,2.0,0,1.0,,,,0,1.0,,,,1.0,,0.0,23.0,2.0,0.0,0.0,,4.0,4.0,0.0,1.0,,,,0.0,1.0,,,,0.0,1.0,,,,0.0,1.0,,,,,,,,,,,,,,,,,,
2019-08-05 08:53:32,2019-08-05 11:09:52,2019-08-05,4,58210,572,572,1,,5,8,5,5,1,1,3,1,3,3,0,0,1.0,1.0,-2,4,,,,,,,,,,,,,,,,,uuid:47cbb543-7de4-4b38-8a27-fd1d2b2770ae/G4-R2[2],,2.0,,,,1.0,1.0,,2.0,1.0,,0.0,4.0,3.0,2.0,,1.0,,,,,,0,1.0,,,,0,0.0,,17.0,4.0,0,1.0,,,,0,1.0,,,,0,1.0,,,,1.0,,1.0,12.0,2.0,0.0,0.0,,4.0,2.0,0.0,1.0,,,,0.0,0.0,,9.0,3.0,0.0,1.0,,,,0.0,0.0,,4.0,3.0,,,,,,,,,,,,,,,
2019-09-23 06:49:59,2019-09-23 07:04:58,2019-09-23,4,57386,573,573,2,,2,8,0,5,2,3,2,2,3,3,1,0,1.0,4.0,2,4,,,,,,,,,,,,,,,,,uuid:caae4674-3e99-4834-9758-92aef5898229/R2[1],2.0,2.0,1.0,1.0,2.0,3.0,3.0,3.0,2.0,1.0,,0.0,4.0,3.0,2.0,,2.0,,,,,,1,,1.0,27.0,4.0,1,,0.0,4.0,3.0,1,,1.0,0.0,3.0,1,,0.0,0.0,2.0,1,,1.0,8.0,3.0,1.0,,1.0,17.0,3.0,1.0,,1.0,13.0,3.0,1.0,,1.0,1.0,3.0,1.0,,0.0,4.0,2.0,0.0,1.0,,,,1.0,,1.0,8.0,4.0,,,,,,,,,,,,,,,
2019-08-13 11:41:01,2019-08-13 12:41:24,2019-08-13,4,57688,574,574,3,45.0,3,5,2,7,1,1,2,3,3,3,2,2,2.0,2.0,-2,3,,,,,,,,,,,,,,,,,uuid:7daab545-ee50-451a-a8c6-8dfc33591013/G4-R2[1],1.0,1.0,1.0,1.0,1.0,2.0,2.0,3.0,,1.0,,0.0,15.0,3.0,4.0,4.0,2.0,,,,,,1,,1.0,0.0,0.0,1,,0.0,4.0,2.0,1,,1.0,18.0,3.0,1,,1.0,0.0,2.0,1,,0.0,14.0,3.0,1.0,,1.0,6.0,3.0,1.0,,1.0,21.0,2.0,1.0,,1.0,0.0,3.0,0.0,1.0,,,,0.0,0.0,,0.0,3.0,1.0,,0.0,8.0,2.0,,,,,,,,,,,,,,,
2019-08-13 11:41:01,2019-08-13 12:41:24,2019-08-13,4,57688,575,575,3,45.0,3,5,2,7,1,1,2,3,3,3,2,2,2.0,2.0,-2,3,,,,,,,,,,,,,,,,,uuid:7daab545-ee50-451a-a8c6-8dfc33591013/G4-R2[2],2.0,2.0,3.0,4.0,2.0,1.0,1.0,2.0,1.0,1.0,,1.0,0.0,2.0,1.0,1.0,3.0,,,,,,1,,0.0,0.0,2.0,1,,1.0,18.0,2.0,1,,1.0,4.0,2.0,1,,0.0,0.0,3.0,1,,0.0,14.0,2.0,1.0,,1.0,0.0,0.0,1.0,,0.0,0.0,0.0,1.0,,0.0,8.0,2.0,1.0,,1.0,4.0,2.0,1.0,,1.0,14.0,2.0,1.0,,1.0,4.0,4.0,,,,,,,,,,,,,,,
2019-08-13 11:41:01,2019-08-13 12:41:24,2019-08-13,4,57688,576,576,3,45.0,3,5,2,7,1,1,2,3,3,3,2,2,2.0,2.0,-2,3,,,,,,,,,,,,,,,,,uuid:7daab545-ee50-451a-a8c6-8dfc33591013/G4-R2[3],1.0,,1.0,1.0,3.0,1.0,1.0,1.0,3.0,1.0,,0.0,8.0,2.0,1.0,1.0,3.0,,,,,,1,,0.0,8.0,2.0,0,1.0,,,,0,0.0,,9.0,3.0,1,,1.0,25.0,2.0,1,,1.0,9.0,3.0,1.0,,0.0,14.0,2.0,0.0,0.0,,8.0,2.0,1.0,,1.0,8.0,2.0,1.0,,1.0,9.0,3.0,1.0,,1.0,0.0,2.0,1.0,,1.0,0.0,2.0,,,,,,,,,,,,,,,
2019-08-13 11:41:01,2019-08-13 12:41:24,2019-08-13,4,57688,577,577,3,45.0,3,5,2,7,1,1,2,3,3,3,2,2,2.0,2.0,-2,3,,,,,,,,,,,,,,,,,uuid:7daab545-ee50-451a-a8c6-8dfc33591013/G4-R2[4],1.0,2.0,1.0,1.0,3.0,2.0,1.0,1.0,3.0,1.0,,1.0,18.0,,2.0,1.0,4.0,,,,,,1,,1.0,8.0,2.0,1,,1.0,1.0,3.0,1,,0.0,,2.0,1,,0.0,0.0,2.0,1,,0.0,25.0,2.0,1.0,,0.0,14.0,2.0,1.0,,0.0,8.0,2.0,1.0,,1.0,18.0,,1.0,,1.0,21.0,3.0,1.0,,1.0,0.0,3.0,1.0,,1.0,4.0,3.0,,,,,,,,,,,,,,,
2019-08-13 11:41:01,2019-08-13 12:41:24,2019-08-13,4,57688,578,578,3,45.0,3,5,2,7,1,1,2,3,3,3,2,2,2.0,2.0,-2,3,,,,,,,,,,,,,,,,,uuid:7daab545-ee50-451a-a8c6-8dfc33591013/G4-R2[5],1.0,2.0,1.0,1.0,,1.0,2.0,1.0,2.0,1.0,,1.0,0.0,3.0,1.0,2.0,3.0,3.0,,,,,1,,0.0,4.0,2.0,0,0.0,,6.0,2.0,0,0.0,,0.0,2.0,1,,0.0,8.0,2.0,0,1.0,,,,1.0,,1.0,27.0,3.0,1.0,,1.0,15.0,,1.0,,0.0,14.0,,1.0,,1.0,11.0,3.0,0.0,0.0,,17.0,2.0,1.0,,1.0,1.0,3.0,1.0,,1.0,9.0,3.0,,,,,,,,,,
2019-08-05 08:53:32,2019-08-05 11:09:52,2019-08-05,4,58210,579,579,1,,5,8,5,5,1,1,3,1,3,3,0,0,1.0,1.0,-2,4,,,,,,,,,,,,,,,,,uuid:47cbb543-7de4-4b38-8a27-fd1d2b2770ae/G4-R2[3],,,,1.0,2.0,1.0,,1.0,2.0,0.0,0.0,,4.0,3.0,1.0,1.0,,,,,,,0,1.0,,,,1,,0.0,,,0,1.0,,,,0,0.0,,4.0,2.0,0,0.0,,4.0,3.0,1.0,,1.0,9.0,2.0,0.0,1.0,,,,1.0,,1.0,8.0,2.0,0.0,0.0,,4.0,2.0,0.0,0.0,,8.0,2.0,0.0,1.0,,,,,,,,,,,,,,,,,,
2019-08-05 08:53:32,2019-08-05 11:09:52,2019-08-05,4,58210,580,580,1,,5,8,5,5,1,1,3,1,3,3,0,0,1.0,1.0,-2,4,,,,,,,,,,,,,,,,,uuid:47cbb543-7de4-4b38-8a27-fd1d2b2770ae/G4-R2[4],1.0,2.0,,1.0,1.0,1.0,1.0,2.0,1.0,1.0,,0.0,20.0,3.0,4.0,2.0,1.0,1.0,,,,,1,,1.0,4.0,2.0,1,,1.0,12.0,2.0,0,1.0,,,,1,,1.0,10.0,2.0,1,,1.0,4.0,2.0,1.0,,1.0,11.0,2.0,1.0,,0.0,4.0,2.0,0.0,0.0,,5.0,3.0,0.0,0.0,,4.0,2.0,1.0,,0.0,9.0,2.0,1.0,,1.0,4.0,2.0,1.0,,1.0,4.0,,,,,,,,,,,
2019-08-05 08:53:32,2019-08-05 11:09:52,2019-08-05,4,58210,581,581,1,,5,8,5,5,1,1,3,1,3,3,0,0,1.0,1.0,-2,4,,,,,,,,,,,,,,,,,uuid:47cbb543-7de4-4b38-8a27-fd1d2b2770ae/G4-R2[5],1.0,2.0,2.0,2.0,1.0,2.0,2.0,,1.0,1.0,,1.0,1.0,3.0,2.0,1.0,,,,,,,0,0.0,,23.0,2.0,0,0.0,,4.0,3.0,1,,1.0,8.0,3.0,0,0.0,,8.0,2.0,0,0.0,,4.0,2.0,0.0,0.0,,4.0,3.0,0.0,0.0,,9.0,2.0,0.0,1.0,,,,1.0,,1.0,8.0,0.0,0.0,0.0,,8.0,0.0,,,,,,,,,,,,,,,,,,,,
2019-08-05 08:53:32,2019-08-05 11:09:52,2019-08-05,4,58210,582,582,1,,5,8,5,5,1,1,3,1,3,3,0,0,1.0,1.0,-2,4,,,,,,,,,,,,,,,,,uuid:47cbb543-7de4-4b38-8a27-fd1d2b2770ae/G4-R2[6],2.0,2.0,2.0,1.0,4.0,3.0,1.0,3.0,2.0,1.0,,1.0,8.0,3.0,2.0,3.0,2.0,,,,,,0,0.0,,9.0,2.0,0,0.0,,8.0,2.0,1,,1.0,23.0,2.0,1,,0.0,,2.0,1,,1.0,9.0,4.0,1.0,,1.0,18.0,4.0,0.0,0.0,,8.0,2.0,1.0,,0.0,9.0,3.0,0.0,0.0,,4.0,2.0,1.0,,1.0,12.0,3.0,1.0,,1.0,4.0,3.0,,,,,,,,,,,,,,,
2019-08-05 08:53:32,2019-08-05 11:09:52,2019-08-05,4,58210,583,583,1,,5,8,5,5,1,1,3,1,3,3,0,0,1.0,1.0,-2,4,,,,,,,,,,,,,,,,,uuid:47cbb543-7de4-4b38-8a27-fd1d2b2770ae/G4-R2[7],2.0,3.0,2.0,2.0,2.0,2.0,3.0,1.0,1.0,1.0,,0.0,9.0,3.0,2.0,2.0,2.0,,,,,,1,,1.0,8.0,3.0,1,,1.0,4.0,3.0,1,,0.0,9.0,3.0,0,0.0,,0.0,2.0,1,,0.0,4.0,3.0,1.0,,0.0,25.0,3.0,0.0,0.0,,17.0,4.0,1.0,,0.0,25.0,2.0,1.0,,0.0,25.0,2.0,1.0,,1.0,0.0,3.0,0.0,0.0,,4.0,,,,,,,,,,,,,,,,
2019-08-05 08:53:32,2019-08-05 11:09:52,2019-08-05,4,58210,584,584,1,,5,8,5,5,1,1,3,1,3,3,0,0,1.0,1.0,-2,4,,,,,,,,,,,,,,,,,uuid:47cbb543-7de4-4b38-8a27-fd1d2b2770ae/G4-R2[8],3.0,1.0,1.0,1.0,2.0,1.0,1.0,1.0,2.0,0.0,0.0,,,,1.0,2.0,2.0,,,,,,0,0.0,,17.0,3.0,0,0.0,,,,0,0.0,,8.0,0.0,0,0.0,,25.0,2.0,0,0.0,,9.0,3.0,0.0,0.0,,8.0,0.0,0.0,0.0,,4.0,2.0,0.0,0.0,,27.0,3.0,0.0,0.0,,18.0,3.0,0.0,0.0,,4.0,2.0,1.0,,1.0,8.0,,,,,,,,,,,,,,,,
2019-10-14 06:44:02,2019-10-14 07:48:38,2019-10-14,4,58784,585,585,1,,6,4,5,8,0,0,1,1,0,3,0,0,1.0,1.0,-2,4,,,,,,,,,,,,,,,,,uuid:7d844010-f6ef-4628-b105-623f1d467225/R2[2],3.0,3.0,2.0,,3.0,1.0,2.0,3.0,2.0,0.0,0.0,,4.0,2.0,2.0,3.0,3.0,,,,,,0,0.0,,0.0,,0,0.0,,,3.0,0,0.0,,25.0,3.0,0,1.0,,,,0,0.0,,17.0,3.0,0.0,0.0,,,3.0,0.0,0.0,,4.0,2.0,0.0,0.0,,0.0,3.0,0.0,0.0,,0.0,,0.0,0.0,,4.0,3.0,0.0,0.0,,9.0,3.0,,,,,,,,,,,,,,,
2019-10-14 06:44:02,2019-10-14 07:48:38,2019-10-14,4,58784,586,586,1,,6,4,5,8,0,0,1,1,0,3,0,0,1.0,1.0,-2,4,,,,,,,,,,,,,,,,,uuid:7d844010-f6ef-4628-b105-623f1d467225/R2[3],3.0,3.0,2.0,2.0,3.0,2.0,3.0,2.0,2.0,0.0,0.0,,0.0,0.0,1.0,3.0,3.0,,,,,,0,0.0,,0.0,2.0,0,0.0,,25.0,2.0,0,0.0,,8.0,,0,0.0,,4.0,3.0,0,0.0,,27.0,4.0,0.0,0.0,,4.0,2.0,0.0,0.0,,17.0,3.0,0.0,0.0,,0.0,,0.0,0.0,,9.0,3.0,0.0,0.0,,27.0,4.0,1.0,,1.0,23.0,3.0,,,,,,,,,,,,,,,
2019-10-14 06:44:02,2019-10-14 07:48:38,2019-10-14,4,58784,587,587,1,,6,4,5,8,0,0,1,1,0,3,0,0,1.0,1.0,-2,4,,,,,,,,,,,,,,,,,uuid:7d844010-f6ef-4628-b105-623f1d467225/R2[4],4.0,3.0,3.0,3.0,2.0,2.0,2.0,2.0,2.0,1.0,,1.0,23.0,2.0,2.0,3.0,3.0,,,,,,0,0.0,,27.0,4.0,0,0.0,,0.0,2.0,0,0.0,,1.0,4.0,1,,1.0,4.0,3.0,1,,1.0,14.0,3.0,1.0,,0.0,14.0,3.0,0.0,0.0,,21.0,3.0,0.0,0.0,,14.0,3.0,0.0,0.0,,0.0,2.0,0.0,0.0,,9.0,4.0,0.0,0.0,,1.0,4.0,,,,,,,,,,,,,,,
2019-10-14 06:44:02,2019-10-14 07:48:38,2019-10-14,4,58784,588,588,1,,6,4,5,8,0,0,1,1,0,3,0,0,1.0,1.0,-2,4,,,,,,,,,,,,,,,,,uuid:7d844010-f6ef-4628-b105-623f1d467225/R2[5],2.0,,3.0,2.0,2.0,2.0,3.0,2.0,3.0,0.0,0.0,,25.0,3.0,2.0,3.0,2.0,,,,,,0,0.0,,0.0,,0,1.0,,,,0,0.0,,9.0,3.0,0,0.0,,0.0,3.0,0,0.0,,4.0,2.0,0.0,0.0,,21.0,3.0,0.0,0.0,,5.0,3.0,0.0,0.0,,6.0,3.0,0.0,0.0,,0.0,3.0,1.0,,1.0,17.0,3.0,0.0,0.0,,4.0,3.0,,,,,,,,,,,,,,,
2019-10-07 08:23:59,2019-10-07 08:40:00,2019-10-07,4,59093,589,589,1,,5,5,0,5,0,0,0,0,3,3,0,0,3.0,3.0,-2,0,,,,,,,,,,,,,,,,,uuid:bb5d227d-e662-4e2f-b318-0f6dbc885b1b/R2[1],,3.0,2.0,3.0,,,,3.0,,1.0,,1.0,25.0,2.0,1.0,,3.0,,,,,,0,1.0,,,,1,,1.0,17.0,4.0,1,,1.0,0.0,3.0,1,,1.0,9.0,3.0,0,1.0,,,,0.0,1.0,,,,0.0,1.0,,,,1.0,,1.0,0.0,2.0,0.0,1.0,,,,0.0,1.0,,,,1.0,,1.0,23.0,3.0,,,,,,,,,,,,,,,
2019-10-14 06:44:02,2019-10-14 07:48:38,2019-10-14,4,58784,590,590,1,,6,4,5,8,0,0,1,1,0,3,0,0,1.0,1.0,-2,4,,,,,,,,,,,,,,,,,uuid:7d844010-f6ef-4628-b105-623f1d467225/R2[6],2.0,,3.0,3.0,2.0,4.0,2.0,3.0,2.0,0.0,0.0,,14.0,3.0,2.0,3.0,3.0,,,,,,0,0.0,,4.0,,0,1.0,,,,0,0.0,,9.0,3.0,0,0.0,,4.0,3.0,0,0.0,,0.0,,0.0,0.0,,1.0,4.0,0.0,0.0,,4.0,3.0,0.0,0.0,,23.0,3.0,0.0,0.0,,0.0,,0.0,0.0,,15.0,3.0,0.0,0.0,,0.0,3.0,,,,,,,,,,,,,,,
2019-10-07 07:28:04,2019-10-07 08:14:34,2019-10-07,4,59148,591,591,1,,2,8,8,5,0,0,0,0,3,3,0,0,3.0,2.0,0,1,,,,,,,,,,,,,,,,,uuid:6928d462-ffb2-48c6-88ed-74481811945f/R2[1],1.0,2.0,2.0,,,2.0,1.0,1.0,,1.0,,1.0,28.0,3.0,3.0,2.0,1.0,,,,,,1,,1.0,14.0,2.0,1,,1.0,0.0,3.0,1,,1.0,9.0,3.0,0,1.0,,,,0,1.0,,,,1.0,,1.0,25.0,3.0,1.0,,1.0,14.0,3.0,1.0,,1.0,0.0,2.0,0.0,1.0,,,,1.0,,1.0,0.0,3.0,1.0,,1.0,0.0,3.0,,,,,,,,,,,,,,,
2019-10-07 07:28:04,2019-10-07 08:14:34,2019-10-07,4,59148,592,592,1,,2,8,8,5,0,0,0,0,3,3,0,0,3.0,2.0,0,1,,,,,,,,,,,,,,,,,uuid:6928d462-ffb2-48c6-88ed-74481811945f/R2[2],,3.0,,,1.0,,3.0,3.0,3.0,1.0,,1.0,0.0,3.0,1.0,,1.0,,,,,,0,1.0,,,,1,,1.0,25.0,2.0,0,1.0,,,,0,1.0,,,,1,,1.0,0.0,2.0,0.0,1.0,,,,1.0,,1.0,18.0,3.0,1.0,,1.0,0.0,2.0,1.0,,1.0,18.0,3.0,0.0,1.0,,,,1.0,,1.0,0.0,3.0,,,,,,,,,,,,,,,
2019-10-07 07:28:04,2019-10-07 08:14:34,2019-10-07,4,59148,593,593,1,,2,8,8,5,0,0,0,0,3,3,0,0,3.0,2.0,0,1,,,,,,,,,,,,,,,,,uuid:6928d462-ffb2-48c6-88ed-74481811945f/R2[3],3.0,,3.0,,2.0,,,,,0.0,1.0,,,,,2.0,2.0,,,,,,1,,1.0,9.0,4.0,0,1.0,,,,1,,1.0,9.0,4.0,0,1.0,,,,1,,1.0,25.0,2.0,0.0,1.0,,,,0.0,1.0,,,,0.0,1.0,,,,0.0,1.0,,,,1.0,,1.0,9.0,3.0,1.0,,1.0,17.0,3.0,,,,,,,,,,,,,,,
2019-09-08 20:51:11,2019-09-08 21:20:35,2019-09-09,4,59493,594,594,2,,0,7,4,9,1,2,3,0,3,3,0,0,,4.0,2,4,,,,,,,,,,,,,,,,,uuid:e1f8587a-42ea-4c93-87c7-925166f77bb1/R2[1],,,3.0,3.0,,,,1.0,,1.0,,0.0,,3.0,2.0,4.0,2.0,4.0,,,,,0,1.0,,,,0,1.0,,,,1,,0.0,23.0,4.0,1,,1.0,4.0,3.0,0,1.0,,,,0.0,1.0,,,,0.0,1.0,,,,1.0,,1.0,0.0,3.0,0.0,1.0,,,,1.0,,1.0,22.0,4.0,1.0,,0.0,9.0,3.0,1.0,,0.0,22.0,4.0,,,,,,,,,,
2019-09-23 06:17:49,2019-09-23 06:45:45,2019-09-23,4,59648,595,595,2,,8,5,7,8,0,3,3,0,3,2,0,0,1.0,4.0,0,4,,,,,,,,,,,,,,,,,uuid:f3e4ce87-7c56-4714-b24c-61097d382d5d/R2[1],3.0,3.0,3.0,3.0,3.0,2.0,2.0,,2.0,1.0,,1.0,17.0,4.0,4.0,2.0,,,,,,,1,,1.0,4.0,3.0,1,,1.0,9.0,4.0,1,,1.0,15.0,3.0,1,,1.0,9.0,4.0,1,,1.0,12.0,3.0,1.0,,1.0,4.0,3.0,1.0,,1.0,13.0,3.0,0.0,1.0,,,,1.0,,1.0,4.0,3.0,1.0,,1.0,0.0,3.0,0.0,1.0,,,,,,,,,,,,,,,,,,
2019-09-23 06:17:49,2019-09-23 06:45:45,2019-09-23,4,59648,596,596,2,,8,5,7,8,0,3,3,0,3,2,0,0,1.0,4.0,0,4,,,,,,,,,,,,,,,,,uuid:f3e4ce87-7c56-4714-b24c-61097d382d5d/R2[2],2.0,2.0,,2.0,3.0,3.0,,2.0,2.0,1.0,,1.0,17.0,2.0,3.0,3.0,2.0,,,,,,1,,1.0,17.0,3.0,1,,1.0,0.0,3.0,0,1.0,,,,1,,1.0,11.0,3.0,1,,1.0,17.0,4.0,1.0,,1.0,9.0,4.0,0.0,1.0,,,,1.0,,1.0,0.0,3.0,1.0,,0.0,18.0,3.0,1.0,,1.0,17.0,4.0,1.0,,1.0,0.0,3.0,,,,,,,,,,,,,,,
2019-09-08 21:24:54,2019-09-08 21:57:54,2019-09-09,4,59649,597,597,2,,8,9,6,10,1,1,1,1,3,3,1,1,4.0,4.0,0,4,,,,,,,,,,,,,,,,,uuid:7117eddb-3c11-42e3-b079-789eae9d7c54/R2[1],3.0,1.0,3.0,2.0,2.0,2.0,2.0,3.0,5.0,1.0,,0.0,9.0,3.0,4.0,4.0,5.0,,,,,,1,,0.0,4.0,2.0,1,,0.0,0.0,2.0,1,,0.0,4.0,2.0,1,,0.0,4.0,,1,,0.0,4.0,,1.0,,0.0,0.0,2.0,1.0,,0.0,4.0,2.0,1.0,,0.0,0.0,3.0,1.0,,0.0,17.0,4.0,1.0,,0.0,4.0,3.0,1.0,,0.0,9.0,4.0,,,,,,,,,,,,,,,
2019-10-14 05:12:52,2019-10-14 05:38:05,2019-10-14,4,59885,598,598,1,,4,3,3,7,1,1,1,1,1,1,1,1,2.0,2.0,-2,4,,,,,,,,,,,,,,,,,uuid:5c7d8cc5-df53-423e-b7f6-f0895cb15cd1/R2[1],2.0,3.0,3.0,2.0,3.0,4.0,2.0,2.0,,1.0,,1.0,5.0,3.0,4.0,3.0,2.0,,,,,,1,,1.0,0.0,3.0,1,,1.0,11.0,3.0,1,,1.0,15.0,0.0,1,,1.0,4.0,0.0,1,,1.0,27.0,4.0,1.0,,1.0,11.0,4.0,1.0,,1.0,8.0,0.0,1.0,,1.0,4.0,2.0,0.0,1.0,,,,1.0,,1.0,17.0,3.0,1.0,,1.0,0.0,3.0,,,,,,,,,,,,,,,
2019-10-21 07:23:15,2019-10-21 07:41:57,2019-10-21,4,5992,599,599,1,,6,8,3,8,0,0,1,0,0,3,1,0,3.0,4.0,2,4,,,,,,,,,,,,,,,,,uuid:8d79dee4-9e3b-4738-a6eb-367d8e29944b/R2[1],3.0,2.0,2.0,3.0,,3.0,,,,1.0,,1.0,0.0,3.0,2.0,,2.0,,,,,,1,,1.0,4.0,3.0,1,,1.0,0.0,,1,,1.0,0.0,3.0,1,,1.0,9.0,3.0,0,1.0,,,,1.0,,1.0,6.0,3.0,0.0,1.0,,,,0.0,1.0,,,,0.0,1.0,,,,0.0,1.0,,,,1.0,,1.0,0.0,,,,,,,,,,,,,,,,
2019-09-16 06:52:07,2019-09-16 07:10:43,2019-09-16,4,60183,600,600,2,,5,5,3,5,1,3,1,0,3,3,0,1,1.0,4.0,0,4,,,,,,,,,,,,,,,,,uuid:3e697e5d-2799-4d19-9a4c-1408d4107ca3/R2[1],2.0,2.0,2.0,2.0,3.0,3.0,2.0,3.0,3.0,1.0,,1.0,4.0,2.0,2.0,3.0,2.0,,,,,,1,,1.0,17.0,3.0,1,,1.0,4.0,3.0,1,,1.0,0.0,3.0,1,,1.0,4.0,,1,,1.0,0.0,4.0,1.0,,1.0,17.0,3.0,1.0,,1.0,4.0,2.0,1.0,,1.0,9.0,4.0,1.0,,1.0,17.0,4.0,1.0,,1.0,23.0,3.0,1.0,,1.0,4.0,2.0,,,,,,,,,,,,,,,
2019-09-16 06:52:07,2019-09-16 07:10:43,2019-09-16,4,60183,601,601,2,,5,5,3,5,1,3,1,0,3,3,0,1,1.0,4.0,0,4,,,,,,,,,,,,,,,,,uuid:0ff79581-bcea-4556-8807-83427c10c22c/R2[1],3.0,2.0,3.0,2.0,2.0,3.0,3.0,3.0,2.0,1.0,,1.0,0.0,4.0,2.0,2.0,3.0,,,,,,1,,1.0,0.0,3.0,1,,1.0,4.0,2.0,1,,1.0,0.0,4.0,1,,1.0,0.0,2.0,1,,1.0,5.0,3.0,1.0,,1.0,0.0,3.0,1.0,,1.0,17.0,3.0,1.0,,1.0,17.0,4.0,1.0,,1.0,8.0,2.0,1.0,,1.0,0.0,2.0,1.0,,1.0,4.0,3.0,,,,,,,,,,,,,,,
2019-08-25 21:14:31,2019-08-25 22:16:13,2019-08-26,4,60383,602,602,2,,6,9,5,5,0,0,2,0,3,3,1,0,4.0,4.0,0,4,,,,,,,,,,,,,,,,,uuid:d86a8817-5a0f-4893-adca-557366968a84/R2[1],3.0,,3.0,3.0,1.0,3.0,3.0,2.0,2.0,1.0,,0.0,,,,,2.0,,,,,,1,,1.0,17.0,,0,1.0,,,,1,,0.0,,3.0,1,,1.0,18.0,3.0,1,,0.0,0.0,2.0,1.0,,0.0,4.0,3.0,1.0,,1.0,9.0,3.0,1.0,,1.0,0.0,3.0,1.0,,0.0,22.0,4.0,0.0,1.0,,,,1.0,,0.0,4.0,3.0,,,,,,,,,,,,,,,
2019-08-25 21:14:31,2019-08-25 22:16:13,2019-08-26,4,60383,603,603,2,,6,9,5,5,0,0,2,0,3,3,1,0,4.0,4.0,0,4,,,,,,,,,,,,,,,,,uuid:d86a8817-5a0f-4893-adca-557366968a84/R2[2],2.0,1.0,1.0,2.0,2.0,3.0,2.0,,2.0,1.0,,0.0,,,2.0,3.0,,,,,,,1,,1.0,0.0,3.0,1,,1.0,0.0,3.0,1,,0.0,0.0,0.0,1,,0.0,4.0,2.0,1,,0.0,0.0,2.0,1.0,,0.0,,4.0,1.0,,1.0,0.0,3.0,0.0,1.0,,,,1.0,,1.0,6.0,3.0,1.0,,1.0,9.0,4.0,0.0,1.0,,,,,,,,,,,,,,,,,,
2019-09-15 21:19:04,2019-09-15 21:47:46,2019-09-16,4,60591,604,604,2,,8,7,5,8,0,0,0,0,3,3,0,0,1.0,1.0,-2,4,,,,,,,,,,,,,,,,,uuid:0a5cd593-33d3-4cb6-ba8a-1b0a6cb82c0c/R2[1],,,,,3.0,,,,,0.0,1.0,,,,,,,,,,,,0,1.0,,,,0,1.0,,,,0,1.0,,,,0,1.0,,,,1,,0.0,23.0,,0.0,1.0,,,,0.0,1.0,,,,0.0,1.0,,,,0.0,1.0,,,,0.0,1.0,,,,0.0,1.0,,,,,,,,,,,,,,,,,,
2019-09-15 21:19:04,2019-09-15 21:47:46,2019-09-16,4,60591,605,605,2,,8,7,5,8,0,0,0,0,3,3,0,0,1.0,1.0,-2,4,,,,,,,,,,,,,,,,,uuid:0a5cd593-33d3-4cb6-ba8a-1b0a6cb82c0c/R2[2],,3.0,,,3.0,,1.0,,,1.0,,0.0,8.0,,2.0,,,,,,,,0,1.0,,,,1,,1.0,23.0,3.0,0,1.0,,,,0,1.0,,,,1,,0.0,6.0,3.0,0.0,1.0,,,,1.0,,1.0,,,0.0,1.0,,,,0.0,1.0,,,,0.0,1.0,,,,0.0,1.0,,,,,,,,,,,,,,,,,,
2019-09-15 21:19:04,2019-09-15 21:47:46,2019-09-16,4,60591,606,606,2,,8,7,5,8,0,0,0,0,3,3,0,0,1.0,1.0,-2,4,,,,,,,,,,,,,,,,,uuid:0a5cd593-33d3-4cb6-ba8a-1b0a6cb82c0c/R2[3],3.0,,2.0,1.0,2.0,,,,3.0,0.0,1.0,,,,,2.0,,,,,,,1,,1.0,1.0,3.0,0,1.0,,,,1,,1.0,6.0,3.0,1,,0.0,0.0,,1,,1.0,4.0,,0.0,1.0,,,,0.0,1.0,,,,0.0,1.0,,,,1.0,,1.0,12.0,3.0,1.0,,1.0,0.0,3.0,0.0,1.0,,,,,,,,,,,,,,,,,,
2019-09-09 05:18:22,2019-09-09 05:47:41,2019-09-09,4,61349,607,607,1,,3,5,2,8,1,1,1,1,2,2,1,1,3.0,3.0,2,4,,,,,,,,,,,,,,,,,uuid:efd5c2f0-0b8e-42cf-8692-87d38fbf3f44/R2[1],,1.0,2.0,,4.0,,3.0,2.0,,1.0,,0.0,4.0,2.0,3.0,,2.0,,,,,,0,1.0,,,,1,,1.0,11.0,,1,,0.0,0.0,3.0,0,1.0,,,,1,,0.0,4.0,3.0,0.0,1.0,,,,1.0,,0.0,4.0,3.0,1.0,,0.0,0.0,2.0,0.0,1.0,,,,0.0,1.0,,,,1.0,,0.0,4.0,,,,,,,,,,,,,,,,
2019-09-09 05:49:12,2019-09-09 06:32:06,2019-09-09,4,60895,608,608,1,,5,3,4,7,1,2,1,1,2,1,1,1,3.0,2.0,-2,4,,,,,,,,,,,,,,,,,uuid:9a4fd733-0c2b-4b34-83fc-f6456e59dde5/R2[1],4.0,,,,,,,2.0,,0.0,1.0,,,,,,,,,,,,1,,0.0,,,0,1.0,,,,0,1.0,,,,0,1.0,,,,0,1.0,,,,0.0,1.0,,,,0.0,1.0,,,,1.0,,1.0,,,0.0,1.0,,,,0.0,1.0,,,,0.0,1.0,,,,,,,,,,,,,,,,,,
2019-07-29 11:59:16,2019-07-29 12:47:54,2019-07-29,4,61189,6091,6091,1,,4,7,6,8,3,1,2,0,3,2,1,0,3.0,2.0,-2,4,,,,,,,,,,,,,,,,,uuid:21a95da7-766a-4b01-9482-dc6e66c7e230/G4-R2[3],3.0,2.0,4.0,1.0,1.0,4.0,3.0,1.0,1.0,1.0,,0.0,14.0,2.0,1.0,3.0,,,,,,,1,,0.0,0.0,2.0,1,,0.0,8.0,,1,,0.0,9.0,3.0,1,,0.0,0.0,,1,,0.0,3.0,,1.0,,1.0,17.0,3.0,1.0,,0.0,4.0,3.0,1.0,,0.0,25.0,2.0,1.0,,0.0,0.0,,1.0,,0.0,5.0,3.0,,,,,,,,,,,,,,,,,,,,
2019-09-16 08:01:17,2019-09-16 08:21:26,2019-09-16,4,60930105,6092,6092,3,120.0,2,8,1,9,2,3,2,0,3,3,0,0,1.0,4.0,-2,4,,,,,,,,,,,,,,,,,uuid:d39c5ddb-d00c-458c-9266-30522b8e9411/R2[1],,2.0,3.0,3.0,,3.0,,3.0,2.0,0.0,1.0,,,,,1.0,1.0,,,,,,0,1.0,,,,1,,0.0,0.0,0.0,1,,1.0,0.0,3.0,1,,1.0,0.0,3.0,0,1.0,,,,1.0,,1.0,17.0,4.0,0.0,1.0,,,,1.0,,1.0,0.0,4.0,1.0,,1.0,0.0,,1.0,,1.0,4.0,2.0,1.0,,1.0,27.0,4.0,,,,,,,,,,,,,,,
2019-09-16 08:01:17,2019-09-16 08:21:26,2019-09-16,4,60930105,6093,6093,3,120.0,2,8,1,9,2,3,2,0,3,3,0,0,1.0,4.0,-2,4,,,,,,,,,,,,,,,,,uuid:d39c5ddb-d00c-458c-9266-30522b8e9411/R2[2],3.0,,,3.0,4.0,3.0,,3.0,2.0,1.0,,1.0,22.0,4.0,3.0,2.0,2.0,,,,,,1,,1.0,18.0,4.0,0,1.0,,,,0,1.0,,,,1,,1.0,17.0,4.0,1,,1.0,9.0,4.0,1.0,,1.0,17.0,4.0,0.0,1.0,,,,1.0,,1.0,17.0,3.0,1.0,,1.0,4.0,3.0,1.0,,1.0,27.0,4.0,1.0,,1.0,0.0,3.0,,,,,,,,,,,,,,,
2019-10-14 07:18:30,2019-10-14 08:03:12,2019-10-14,4,6101077,6101,6101,1,,2,8,3,7,1,1,0,0,3,3,3,0,3.0,3.0,2,0,,,,,,,,,,,,,,,,,uuid:e6984d53-d095-4e3b-8f7c-d7d7fa4452d9/R2[1],,2.0,1.0,3.0,1.0,1.0,2.0,,2.0,1.0,,1.0,25.0,0.0,2.0,2.0,1.0,,,,,,0,1.0,,,,1,,1.0,25.0,0.0,1,,1.0,25.0,0.0,1,,1.0,17.0,3.0,1,,1.0,14.0,2.0,1.0,,1.0,11.0,2.0,1.0,,1.0,0.0,0.0,0.0,1.0,,,,1.0,,1.0,6.0,2.0,1.0,,1.0,25.0,2.0,1.0,,1.0,14.0,2.0,,,,,,,,,,,,,,,
2019-10-14 07:18:30,2019-10-14 08:03:12,2019-10-14,4,6101077,6102,6102,1,,2,8,3,7,1,1,0,0,3,3,3,0,3.0,3.0,2,0,,,,,,,,,,,,,,,,,uuid:e6984d53-d095-4e3b-8f7c-d7d7fa4452d9/R2[2],,3.0,2.0,,,,,,1.0,1.0,,1.0,0.0,3.0,3.0,,,,,,,,0,1.0,,,,1,,1.0,17.0,4.0,1,,1.0,23.0,2.0,0,1.0,,,,0,1.0,,,,0.0,1.0,,,,0.0,1.0,,,,0.0,1.0,,,,1.0,,1.0,0.0,2.0,0.0,1.0,,,,0.0,1.0,,,,,,,,,,,,,,,,,,
2019-10-14 07:18:30,2019-10-14 08:03:12,2019-10-14,4,6101077,6103,6103,1,,2,8,3,7,1,1,0,0,3,3,3,0,3.0,3.0,2,0,,,,,,,,,,,,,,,,,uuid:e6984d53-d095-4e3b-8f7c-d7d7fa4452d9/R2[3],,,,2.0,,,,,3.0,0.0,1.0,,,,,2.0,,,,,,,0,1.0,,,,0,1.0,,,,0,1.0,,,,1,,1.0,14.0,2.0,0,1.0,,,,0.0,1.0,,,,0.0,1.0,,,,0.0,1.0,,,,1.0,,1.0,1.0,4.0,1.0,,1.0,13.0,3.0,0.0,1.0,,,,,,,,,,,,,,,,,,
2019-10-14 07:18:30,2019-10-14 08:03:12,2019-10-14,4,6101077,6104,6104,1,,2,8,3,7,1,1,0,0,3,3,3,0,3.0,3.0,2,0,,,,,,,,,,,,,,,,,uuid:e6984d53-d095-4e3b-8f7c-d7d7fa4452d9/R2[4],1.0,,,,,3.0,1.0,,,0.0,1.0,,,,,1.0,1.0,,,,,,1,,1.0,0.0,2.0,0,1.0,,,,0,1.0,,,,0,1.0,,,,0,1.0,,,,1.0,,1.0,0.0,2.0,1.0,,1.0,0.0,3.0,0.0,1.0,,,,0.0,1.0,,,,1.0,,1.0,13.0,0.0,1.0,,1.0,0.0,3.0,,,,,,,,,,,,,,,
2019-07-29 11:59:16,2019-07-29 12:47:54,2019-07-29,4,61189,611,611,1,,4,7,6,8,3,1,2,0,3,2,1,0,3.0,2.0,-2,4,,,,,,,,,,,,,,,,,uuid:21a95da7-766a-4b01-9482-dc6e66c7e230/G4-R2[1],2.0,3.0,1.0,4.0,2.0,2.0,1.0,1.0,1.0,1.0,,0.0,4.0,2.0,1.0,1.0,1.0,,,,,,1,,0.0,6.0,3.0,1,,0.0,17.0,3.0,1,,0.0,14.0,,1,,0.0,9.0,3.0,1,,1.0,18.0,3.0,1.0,,0.0,25.0,3.0,1.0,,0.0,21.0,2.0,1.0,,0.0,6.0,3.0,1.0,,0.0,6.0,2.0,1.0,,0.0,,,1.0,,0.0,5.0,2.0,,,,,,,,,,,,,,,
2019-09-30 05:52:08,2019-09-30 06:12:28,2019-09-30,4,61293,612,612,2,,2,4,4,9,2,1,1,1,2,2,1,1,3.0,3.0,2,4,,,,,,,,,,,,,,,,,uuid:b25f02f9-c141-4111-bf0a-4d4d1d00383c/R2[1],2.0,1.0,3.0,3.0,2.0,,2.0,2.0,,1.0,,1.0,0.0,3.0,2.0,2.0,,,,,,,1,,0.0,4.0,3.0,1,,1.0,0.0,3.0,1,,1.0,18.0,3.0,1,,1.0,12.0,3.0,1,,0.0,0.0,2.0,0.0,1.0,,,,1.0,,0.0,4.0,2.0,1.0,,0.0,0.0,3.0,0.0,1.0,,,,1.0,,1.0,0.0,2.0,0.0,1.0,,,,,,,,,,,,,,,,,,
2019-07-29 11:59:16,2019-07-29 12:47:54,2019-07-29,4,61189,613,613,1,,4,7,6,8,3,1,2,0,3,2,1,0,3.0,2.0,-2,4,,,,,,,,,,,,,,,,,uuid:21a95da7-766a-4b01-9482-dc6e66c7e230/G4-R2[2],1.0,2.0,3.0,4.0,2.0,,1.0,4.0,2.0,1.0,,0.0,0.0,2.0,1.0,1.0,4.0,,,,,,1,,0.0,0.0,0.0,1,,0.0,4.0,3.0,1,,0.0,4.0,,1,,0.0,,,1,,0.0,4.0,2.0,0.0,1.0,,,,1.0,,0.0,4.0,2.0,1.0,,1.0,20.0,3.0,1.0,,0.0,14.0,,1.0,,0.0,0.0,2.0,1.0,,0.0,1.0,4.0,,,,,,,,,,,,,,,
2019-09-09 05:18:22,2019-09-09 05:47:41,2019-09-09,4,61349,614,614,1,,3,5,2,8,1,1,1,1,2,2,1,1,3.0,3.0,2,4,,,,,,,,,,,,,,,,,uuid:efd5c2f0-0b8e-42cf-8692-87d38fbf3f44/R2[2],1.0,3.0,2.0,2.0,3.0,,2.0,3.0,,1.0,,0.0,4.0,,3.0,2.0,2.0,,,,,,1,,0.0,0.0,,1,,0.0,9.0,3.0,1,,0.0,0.0,3.0,1,,0.0,0.0,3.0,1,,1.0,4.0,3.0,0.0,1.0,,,,1.0,,1.0,4.0,0.0,1.0,,1.0,1.0,4.0,0.0,1.0,,,,1.0,,1.0,4.0,2.0,1.0,,0.0,4.0,2.0,,,,,,,,,,,,,,,
2019-08-25 21:14:31,2019-08-25 22:16:13,2019-08-26,4,60383,615,615,2,,6,9,5,5,0,0,2,0,3,3,1,0,4.0,4.0,0,4,,,,,,,,,,,,,,,,,uuid:d86a8817-5a0f-4893-adca-557366968a84/R2[3],2.0,,2.0,3.0,2.0,2.0,2.0,,2.0,1.0,,0.0,0.0,2.0,2.0,2.0,,,,,,,1,,0.0,4.0,,0,1.0,,,,1,,0.0,4.0,,1,,0.0,,3.0,1,,0.0,,,1.0,,0.0,13.0,3.0,1.0,,0.0,0.0,3.0,0.0,1.0,,,,1.0,,0.0,,,1.0,,1.0,21.0,2.0,0.0,1.0,,,,,,,,,,,,,,,,,,
2019-08-25 21:14:31,2019-08-25 22:16:13,2019-08-26,4,60383,616,616,2,,6,9,5,5,0,0,2,0,3,3,1,0,4.0,4.0,0,4,,,,,,,,,,,,,,,,,uuid:d86a8817-5a0f-4893-adca-557366968a84/R2[4],2.0,2.0,2.0,1.0,,2.0,2.0,2.0,2.0,1.0,,0.0,0.0,,1.0,,,,,,,,1,,0.0,,,1,,0.0,,,1,,0.0,,,1,,1.0,0.0,2.0,0,1.0,,,,1.0,,0.0,,,1.0,,1.0,17.0,3.0,1.0,,1.0,8.0,,1.0,,0.0,28.0,3.0,0.0,1.0,,,,0.0,1.0,,,,,,,,,,,,,,,,,,
2019-08-25 21:14:31,2019-08-25 22:16:13,2019-08-26,4,60383,617,617,2,,6,9,5,5,0,0,2,0,3,3,1,0,4.0,4.0,0,4,,,,,,,,,,,,,,,,,uuid:d86a8817-5a0f-4893-adca-557366968a84/R2[5],2.0,3.0,2.0,,2.0,2.0,3.0,2.0,,1.0,,0.0,,0.0,2.0,,2.0,,,,,,1,,0.0,0.0,,1,,0.0,,3.0,1,,0.0,,,0,1.0,,,,1,,1.0,17.0,3.0,1.0,,0.0,12.0,3.0,1.0,,0.0,,,1.0,,0.0,,3.0,0.0,1.0,,,,0.0,1.0,,,,1.0,,0.0,,,,,,,,,,,,,,,,,
2019-08-25 21:14:31,2019-08-25 22:16:13,2019-08-26,4,60383,618,618,2,,6,9,5,5,0,0,2,0,3,3,1,0,4.0,4.0,0,4,,,,,,,,,,,,,,,,,uuid:d86a8817-5a0f-4893-adca-557366968a84/R2[6],2.0,,2.0,1.0,2.0,1.0,1.0,2.0,,1.0,,0.0,,,2.0,2.0,2.0,,,,,,1,,0.0,0.0,,1,,0.0,0.0,,1,,1.0,11.0,3.0,1,,1.0,0.0,3.0,1,,0.0,,,1.0,,1.0,4.0,2.0,1.0,,1.0,0.0,2.0,1.0,,1.0,0.0,,0.0,1.0,,,,1.0,,0.0,4.0,,1.0,,1.0,4.0,3.0,,,,,,,,,,,,,,,
2019-09-30 07:30:57,2019-09-30 08:02:34,2019-09-30,4,6232,619,619,1,,4,6,4,7,0,0,0,0,3,0,0,0,2.0,1.0,2,0,,,,,,,,,,,,,,,,,uuid:8b8cfa6a-3446-4a7e-a129-e2c9817b6cf4/R2[1],2.0,,,,3.0,3.0,,2.0,,0.0,1.0,,,,,1.0,,,,,,,1,,1.0,0.0,,0,1.0,,,,0,1.0,,,,0,1.0,,,,1,,1.0,,,1.0,,1.0,17.0,3.0,0.0,1.0,,,,1.0,,1.0,25.0,3.0,0.0,1.0,,,,1.0,,1.0,0.0,2.0,0.0,1.0,,,,,,,,,,,,,,,,,,
2019-09-02 07:00:25,2019-09-02 07:30:15,2019-09-02,4,6207,620,620,1,,3,7,2,10,1,0,3,1,3,3,1,1,4.0,4.0,0,4,,,,,,,,,,,,,,,,,uuid:15e21ac0-f20e-4e19-b04a-17ee30bb5286/R2[1],1.0,2.0,2.0,3.0,3.0,2.0,3.0,,3.0,1.0,,1.0,18.0,,3.0,2.0,2.0,3.0,,,,,1,,1.0,21.0,0.0,1,,0.0,4.0,3.0,0,0.0,,0.0,,1,,0.0,17.0,4.0,1,,0.0,0.0,,1.0,,1.0,0.0,3.0,1.0,,1.0,2.0,4.0,0.0,1.0,,,,1.0,,1.0,6.0,3.0,1.0,,1.0,0.0,4.0,0.0,0.0,,9.0,4.0,0.0,0.0,,4.0,0.0,,,,,,,,,,
2019-08-19 09:17:10,2019-08-19 09:52:03,2019-08-19,4,62295,621,621,1,,6,2,5,8,2,2,3,0,1,2,0,0,4.0,3.0,-2,4,,,,,,,,,,,,,,,,,uuid:cbc6329a-08ff-4603-b817-50d98862dba4/R2[1],2.0,,3.0,2.0,,,3.0,3.0,2.0,0.0,1.0,,,,,2.0,,,,,,,1,,0.0,23.0,2.0,0,1.0,,,,1,,1.0,13.0,3.0,1,,0.0,23.0,2.0,0,1.0,,,,0.0,1.0,,,,1.0,,0.0,11.0,3.0,1.0,,0.0,27.0,4.0,1.0,,0.0,,3.0,1.0,,0.0,4.0,2.0,0.0,1.0,,,,,,,,,,,,,,,,,,
2019-08-19 09:17:10,2019-08-19 09:52:03,2019-08-19,4,62295,622,622,1,,6,2,5,8,2,2,3,0,1,2,0,0,4.0,3.0,-2,4,,,,,,,,,,,,,,,,,uuid:cbc6329a-08ff-4603-b817-50d98862dba4/R2[2],,1.0,2.0,2.0,2.0,1.0,2.0,3.0,4.0,1.0,,0.0,25.0,3.0,3.0,3.0,2.0,,,,,,0,1.0,,,,1,,0.0,23.0,2.0,1,,1.0,0.0,3.0,1,,1.0,15.0,3.0,1,,1.0,14.0,3.0,1.0,,1.0,0.0,3.0,0.0,0.0,,25.0,2.0,0.0,0.0,,9.0,3.0,1.0,,1.0,9.0,4.0,1.0,,1.0,4.0,3.0,1.0,,1.0,21.0,2.0,,,,,,,,,,,,,,,
2019-09-30 05:19:15,2019-09-30 05:50:02,2019-09-30,4,62344,623,623,1,,5,3,7,7,2,1,2,1,2,2,1,1,3.0,3.0,-2,4,,,,,,,,,,,,,,,,,uuid:572b9792-526e-4927-afeb-8ddd376fdcff/R2[1],,2.0,,,,,2.0,,,1.0,,1.0,4.0,3.0,3.0,3.0,2.0,,,,,,0,1.0,,,,1,,0.0,0.0,,0,1.0,,,,0,1.0,,,,0,1.0,,,,0.0,1.0,,,,1.0,,0.0,0.0,0.0,0.0,1.0,,,,0.0,1.0,,,,1.0,,1.0,6.0,2.0,1.0,,1.0,8.0,3.0,,,,,,,,,,,,,,,
2019-09-30 07:30:57,2019-09-30 08:02:34,2019-09-30,4,6232,624,624,1,,4,6,4,7,0,0,0,0,3,0,0,0,2.0,1.0,2,0,,,,,,,,,,,,,,,,,uuid:8b8cfa6a-3446-4a7e-a129-e2c9817b6cf4/R2[2],,,1.0,3.0,,,2.0,1.0,,0.0,1.0,,,,,2.0,3.0,,,,,,0,1.0,,,,0,1.0,,,,1,,1.0,0.0,2.0,1,,1.0,25.0,3.0,0,1.0,,,,0.0,1.0,,,,1.0,,1.0,0.0,3.0,1.0,,1.0,0.0,2.0,0.0,1.0,,,,1.0,,1.0,25.0,3.0,1.0,,1.0,17.0,3.0,,,,,,,,,,,,,,,
2019-09-30 05:19:15,2019-09-30 05:50:02,2019-09-30,4,62344,625,625,1,,5,3,7,7,2,1,2,1,2,2,1,1,3.0,3.0,-2,4,,,,,,,,,,,,,,,,,uuid:572b9792-526e-4927-afeb-8ddd376fdcff/R2[2],,2.0,,1.0,2.0,3.0,,4.0,4.0,1.0,,0.0,0.0,2.0,2.0,,2.0,,,,,,0,1.0,,,,1,,0.0,0.0,,0,1.0,,,,1,,0.0,0.0,,1,,1.0,8.0,2.0,1.0,,0.0,,3.0,0.0,1.0,,,,1.0,,0.0,1.0,4.0,1.0,,1.0,22.0,4.0,0.0,1.0,,,,1.0,,1.0,0.0,2.0,,,,,,,,,,,,,,,
2019-09-30 07:30:57,2019-09-30 08:02:34,2019-09-30,4,6232,626,626,1,,4,6,4,7,0,0,0,0,3,0,0,0,2.0,1.0,2,0,,,,,,,,,,,,,,,,,uuid:8b8cfa6a-3446-4a7e-a129-e2c9817b6cf4/R2[3],,,,,,,,,3.0,0.0,1.0,,,,,,,,,,,,0,1.0,,,,0,1.0,,,,0,1.0,,,,0,1.0,,,,0,1.0,,,,0.0,1.0,,,,0.0,1.0,,,,0.0,1.0,,,,1.0,,1.0,1.0,4.0,0.0,1.0,,,,0.0,1.0,,,,,,,,,,,,,,,,,,
2019-09-02 06:59:40,2019-09-02 07:38:32,2019-09-02,4,628124,627,627,1,,5,7,2,8,0,0,0,1,3,3,1,3,4.0,4.0,2,3,,,,,,,,,,,,,,,,,uuid:3fb2799c-521a-420b-97da-0dee7ffb797a/R2[1],,,1.0,3.0,,,2.0,,,1.0,,1.0,12.0,3.0,2.0,,2.0,,,,,,0,1.0,,,,0,1.0,,,,1,,1.0,14.0,2.0,1,,1.0,9.0,4.0,0,1.0,,,,0.0,1.0,,,,1.0,,1.0,5.0,3.0,0.0,1.0,,,,0.0,1.0,,,,0.0,1.0,,,,1.0,,1.0,24.0,3.0,,,,,,,,,,,,,,,
2019-09-02 06:59:40,2019-09-02 07:38:32,2019-09-02,4,628124,628,628,1,,5,7,2,8,0,0,0,1,3,3,1,3,4.0,4.0,2,3,,,,,,,,,,,,,,,,,uuid:3fb2799c-521a-420b-97da-0dee7ffb797a/R2[2],2.0,2.0,,,,3.0,,3.0,,1.0,,1.0,0.0,2.0,2.0,1.0,3.0,,,,,,1,,1.0,0.0,3.0,1,,1.0,0.0,3.0,0,1.0,,,,0,1.0,,,,0,1.0,,,,1.0,,1.0,0.0,3.0,0.0,1.0,,,,1.0,,1.0,6.0,3.0,0.0,1.0,,,,0.0,0.0,,0.0,2.0,1.0,,1.0,4.0,3.0,,,,,,,,,,,,,,,
2019-10-07 06:51:44,2019-10-07 07:16:00,2019-10-07,4,6302,629,629,2,,6,4,9,9,0,3,3,0,3,3,0,0,4.0,4.0,2,0,,,,,,,,,,,,,,,,,uuid:14af8b09-c3a2-42d2-a40f-b56ee9fb0978/R2[1],,,,,2.0,,,,,0.0,1.0,,,,,,,,,,,,0,1.0,,,,0,1.0,,,,0,1.0,,,,0,1.0,,,,1,,1.0,4.0,2.0,0.0,1.0,,,,0.0,1.0,,,,0.0,1.0,,,,0.0,1.0,,,,0.0,1.0,,,,0.0,1.0,,,,,,,,,,,,,,,,,,
2019-10-07 06:51:44,2019-10-07 07:16:00,2019-10-07,4,6302,630,630,2,,6,4,9,9,0,3,3,0,3,3,0,0,4.0,4.0,2,0,,,,,,,,,,,,,,,,,uuid:14af8b09-c3a2-42d2-a40f-b56ee9fb0978/R2[2],,3.0,,2.0,4.0,,3.0,,,0.0,1.0,,,,,3.0,,,,,,,0,1.0,,,,1,,1.0,4.0,0.0,0,1.0,,,,1,,1.0,0.0,2.0,1,,1.0,17.0,4.0,0.0,1.0,,,,1.0,,1.0,0.0,3.0,0.0,1.0,,,,0.0,1.0,,,,1.0,,1.0,0.0,3.0,0.0,1.0,,,,,,,,,,,,,,,,,,
2019-09-02 06:59:40,2019-09-02 07:38:32,2019-09-02,4,628124,631,631,1,,5,7,2,8,0,0,0,1,3,3,1,3,4.0,4.0,2,3,,,,,,,,,,,,,,,,,uuid:3fb2799c-521a-420b-97da-0dee7ffb797a/R2[3],,2.0,,,,,,,,0.0,1.0,,,,,2.0,,,,,,,0,1.0,,,,1,,1.0,0.0,3.0,0,1.0,,,,0,1.0,,,,0,1.0,,,,0.0,1.0,,,,0.0,1.0,,,,0.0,1.0,,,,0.0,1.0,,,,1.0,,1.0,11.0,3.0,0.0,1.0,,,,,,,,,,,,,,,,,,
2019-08-26 09:19:26,2019-08-26 09:57:27,2019-08-26,4,6336,632,632,1,,7,2,2,1,3,1,1,0,3,3,1,0,1.0,4.0,2,2,,,,,,,,,,,,,,,,,uuid:c9423791-01da-4ef4-bfc3-1f85ab3e788c/R2[1],,,3.0,,2.0,2.0,,1.0,2.0,1.0,,1.0,0.0,3.0,1.0,,,,,,,,0,1.0,,,,0,1.0,,,,1,,0.0,17.0,,0,1.0,,,,1,,1.0,0.0,2.0,1.0,,1.0,0.0,3.0,0.0,1.0,,,,1.0,,0.0,0.0,,1.0,,0.0,17.0,3.0,0.0,1.0,,,,0.0,1.0,,,,,,,,,,,,,,,,,,
2019-08-26 09:19:26,2019-08-26 09:57:27,2019-08-26,4,6336,633,633,1,,7,2,2,1,3,1,1,0,3,3,1,0,1.0,4.0,2,2,,,,,,,,,,,,,,,,,uuid:c9423791-01da-4ef4-bfc3-1f85ab3e788c/R2[2],3.0,3.0,,2.0,3.0,2.0,,,3.0,1.0,,0.0,25.0,3.0,2.0,2.0,2.0,,,,,,1,,0.0,15.0,3.0,1,,0.0,0.0,3.0,0,1.0,,,,1,,1.0,17.0,3.0,1,,0.0,0.0,3.0,1.0,,1.0,15.0,3.0,0.0,1.0,,,,0.0,1.0,,,,1.0,,0.0,25.0,3.0,1.0,,0.0,,3.0,0.0,0.0,,17.0,2.0,,,,,,,,,,,,,,,
2019-07-08 11:30:50,2019-07-08 12:08:57,2019-07-08,4,63445,634,634,1,,4,6,3,5,2,2,2,2,2,3,3,1,3.0,3.0,-2,3,,,,,,,,,,,,,,,,,uuid:b7e45214-fa34-4a35-82ab-06106a1e0856/G9-R2[1],2.0,2.0,1.0,1.0,3.0,1.0,1.0,1.0,1.0,1.0,,1.0,4.0,2.0,1.0,3.0,1.0,,,,,,1,,0.0,25.0,3.0,1,,0.0,,,1,,0.0,,,1,,0.0,0.0,2.0,1,,0.0,1.0,3.0,1.0,,0.0,0.0,,1.0,,1.0,0.0,0.0,1.0,,0.0,0.0,3.0,1.0,,0.0,0.0,3.0,1.0,,1.0,17.0,4.0,1.0,,1.0,28.0,,,,,,,,,,,,,,,,
2019-08-12 10:17:56,2019-08-12 11:32:01,2019-08-12,4,63586,635,635,1,,4,5,3,7,1,0,3,0,0,3,1,0,3.0,4.0,0,4,,,,,,,,,,,,,,,,,uuid:19527b4c-f2d7-4b21-b830-809cb0558789/G4-R2[1],2.0,3.0,3.0,3.0,3.0,2.0,1.0,3.0,3.0,1.0,,0.0,25.0,2.0,2.0,2.0,2.0,,,,,,1,,0.0,,,1,,0.0,,,1,,0.0,,3.0,1,,0.0,23.0,3.0,1,,0.0,0.0,3.0,1.0,,0.0,0.0,,1.0,,1.0,0.0,2.0,1.0,,1.0,17.0,2.0,1.0,,0.0,15.0,,1.0,,1.0,0.0,3.0,1.0,,1.0,4.0,,,,,,,,,,,,,,,,
2019-08-12 10:17:56,2019-08-12 11:32:01,2019-08-12,4,63586,636,636,1,,4,5,3,7,1,0,3,0,0,3,1,0,3.0,4.0,0,4,,,,,,,,,,,,,,,,,uuid:19527b4c-f2d7-4b21-b830-809cb0558789/G4-R2[2],1.0,3.0,2.0,1.0,1.0,2.0,1.0,3.0,1.0,1.0,,1.0,15.0,,2.0,2.0,2.0,,,,,,1,,0.0,0.0,,1,,0.0,17.0,3.0,1,,0.0,4.0,,1,,0.0,0.0,,1,,0.0,0.0,3.0,1.0,,1.0,0.0,3.0,1.0,,0.0,0.0,2.0,1.0,,0.0,1.0,3.0,1.0,,1.0,23.0,2.0,1.0,,0.0,,,1.0,,0.0,,,,,,,,,,,,,,,,,
2019-08-12 10:17:56,2019-08-12 11:32:01,2019-08-12,4,63586,637,637,1,,4,5,3,7,1,0,3,0,0,3,1,0,3.0,4.0,0,4,,,,,,,,,,,,,,,,,uuid:19527b4c-f2d7-4b21-b830-809cb0558789/G4-R2[3],2.0,2.0,2.0,3.0,3.0,3.0,2.0,2.0,3.0,1.0,,0.0,4.0,,2.0,3.0,1.0,,,,,,1,,0.0,0.0,2.0,1,,0.0,0.0,,1,,1.0,4.0,2.0,1,,0.0,0.0,2.0,1,,0.0,0.0,3.0,1.0,,0.0,,2.0,1.0,,1.0,0.0,2.0,1.0,,1.0,0.0,3.0,1.0,,0.0,,,1.0,,0.0,,,1.0,,1.0,0.0,2.0,,,,,,,,,,,,,,,
2019-09-23 08:19:44,2019-09-23 08:42:13,2019-09-23,4,63845,638,638,1,,5,5,6,7,3,1,2,0,3,3,0,0,2.0,4.0,-2,4,,,,,,,,,,,,,,,,,uuid:eebe75a6-f510-4298-8ea6-a16641473d0a/R2[1],2.0,2.0,,1.0,1.0,2.0,1.0,1.0,,1.0,,1.0,25.0,0.0,1.0,1.0,2.0,1.0,,,,,1,,0.0,21.0,2.0,1,,1.0,11.0,2.0,0,1.0,,,,1,,1.0,0.0,0.0,1,,0.0,,,1.0,,0.0,28.0,,1.0,,0.0,14.0,,1.0,,1.0,0.0,2.0,0.0,1.0,,,,1.0,,0.0,25.0,0.0,1.0,,0.0,,3.0,1.0,,1.0,0.0,2.0,,,,,,,,,,
2019-09-23 09:02:55,2019-09-23 09:25:30,2019-09-23,4,639157,639,639,3,30.0,1,5,7,5,2,1,2,0,3,3,1,0,4.0,4.0,0,4,,,,,,,,,,,,,,,,,uuid:f67cd3bb-3d61-47a1-b2e3-1e5ed1bb01c2/R2[1],3.0,3.0,2.0,3.0,3.0,3.0,3.0,3.0,3.0,1.0,,0.0,17.0,2.0,3.0,3.0,,,,,,,1,,1.0,1.0,3.0,1,,0.0,28.0,,1,,1.0,0.0,3.0,1,,1.0,28.0,3.0,0,0.0,,4.0,3.0,1.0,,0.0,9.0,3.0,1.0,,0.0,28.0,3.0,1.0,,1.0,0.0,3.0,1.0,,1.0,4.0,3.0,1.0,,1.0,4.0,2.0,,,,,,,,,,,,,,,,,,,,
2019-09-02 05:33:42,2019-09-02 06:25:33,2019-09-02,4,64093,640,640,1,,3,5,2,7,1,2,2,1,2,2,1,1,2.0,3.0,-2,4,,,,,,,,,,,,,,,,,uuid:48db52a6-39f8-46f2-9e54-50df1372be3f/R2[1],,2.0,4.0,3.0,3.0,1.0,3.0,4.0,2.0,1.0,,1.0,0.0,2.0,2.0,1.0,2.0,,,,,,0,1.0,,,,1,,1.0,15.0,2.0,1,,1.0,4.0,2.0,1,,1.0,0.0,4.0,1,,0.0,4.0,3.0,1.0,,1.0,0.0,3.0,1.0,,1.0,21.0,4.0,1.0,,1.0,18.0,3.0,1.0,,1.0,4.0,2.0,1.0,,0.0,0.0,0.0,1.0,,1.0,0.0,2.0,,,,,,,,,,,,,,,
2019-08-19 06:40:07,2019-08-19 07:12:13,2019-08-19,4,6412,641,641,2,,10,7,10,8,0,3,3,2,3,3,1,0,1.0,4.0,2,4,,,,,,,,,,,,,,,,,uuid:17961eea-b014-4628-a5eb-925075f818c7/R2[1],2.0,3.0,2.0,,1.0,3.0,1.0,2.0,2.0,1.0,,1.0,17.0,2.0,2.0,3.0,3.0,,,,,,1,,1.0,0.0,3.0,1,,1.0,0.0,3.0,1,,1.0,11.0,3.0,0,1.0,,,,1,,1.0,0.0,0.0,1.0,,1.0,28.0,3.0,1.0,,1.0,,4.0,1.0,,1.0,0.0,3.0,1.0,,1.0,4.0,2.0,1.0,,1.0,4.0,3.0,1.0,,1.0,0.0,2.0,,,,,,,,,,,,,,,
2019-09-02 05:33:42,2019-09-02 06:25:33,2019-09-02,4,64093,642,642,1,,3,5,2,7,1,2,2,1,2,2,1,1,2.0,3.0,-2,4,,,,,,,,,,,,,,,,,uuid:48db52a6-39f8-46f2-9e54-50df1372be3f/R2[2],2.0,2.0,4.0,4.0,,4.0,,3.0,,1.0,,1.0,0.0,3.0,3.0,4.0,3.0,,,,,,1,,0.0,0.0,2.0,1,,1.0,0.0,3.0,1,,1.0,1.0,4.0,1,,1.0,17.0,4.0,0,1.0,,,,1.0,,1.0,17.0,3.0,0.0,1.0,,,,1.0,,0.0,4.0,3.0,0.0,1.0,,,,1.0,,1.0,9.0,3.0,1.0,,1.0,4.0,3.0,,,,,,,,,,,,,,,
2019-09-02 05:33:42,2019-09-02 06:25:33,2019-09-02,4,64093,643,643,1,,3,5,2,7,1,2,2,1,2,2,1,1,2.0,3.0,-2,4,,,,,,,,,,,,,,,,,uuid:48db52a6-39f8-46f2-9e54-50df1372be3f/R2[3],,3.0,3.0,3.0,2.0,3.0,4.0,4.0,4.0,1.0,,1.0,17.0,4.0,3.0,2.0,,,,,,,0,1.0,,,,1,,1.0,4.0,3.0,1,,1.0,2.0,4.0,1,,0.0,18.0,3.0,1,,0.0,4.0,3.0,1.0,,1.0,18.0,3.0,1.0,,1.0,17.0,4.0,1.0,,1.0,17.0,4.0,1.0,,1.0,4.0,4.0,1.0,,0.0,4.0,2.0,0.0,1.0,,,,,,,,,,,,,,,,,,
2019-08-05 09:01:06,2019-08-05 10:18:39,2019-08-05,4,64491,644,644,2,,8,6,5,8,1,1,1,0,3,2,0,0,4.0,4.0,2,3,,,,,,,,,,,,,,,,,uuid:f8cf2071-a91f-42ff-960f-d12980ab5ba6/G4-R2[1],2.0,4.0,1.0,3.0,4.0,2.0,,2.0,3.0,0.0,0.0,,6.0,3.0,1.0,3.0,2.0,,,,,,1,,1.0,6.0,3.0,1,,1.0,9.0,4.0,1,,1.0,21.0,0.0,0,0.0,,1.0,3.0,1,,1.0,9.0,4.0,0.0,0.0,,18.0,3.0,0.0,1.0,,,,1.0,,1.0,17.0,2.0,0.0,0.0,,17.0,4.0,0.0,0.0,,5.0,4.0,0.0,0.0,,4.0,0.0,,,,,,,,,,,,,,,
2019-08-05 09:01:06,2019-08-05 10:18:39,2019-08-05,4,64491,645,645,2,,8,6,5,8,1,1,1,0,3,2,0,0,4.0,4.0,2,3,,,,,,,,,,,,,,,,,uuid:f8cf2071-a91f-42ff-960f-d12980ab5ba6/G4-R2[2],4.0,3.0,3.0,1.0,1.0,1.0,3.0,2.0,3.0,0.0,0.0,,0.0,0.0,1.0,2.0,2.0,,,,,,0,0.0,,1.0,4.0,0,0.0,,6.0,3.0,0,0.0,,17.0,4.0,0,0.0,,18.0,2.0,0,0.0,,0.0,,0.0,0.0,,0.0,0.0,0.0,0.0,,9.0,4.0,0.0,0.0,,8.0,1.0,1.0,,1.0,17.0,2.0,0.0,0.0,,27.0,4.0,0.0,0.0,,17.0,3.0,,,,,,,,,,,,,,,
2019-08-05 09:01:06,2019-08-05 10:18:39,2019-08-05,4,64491,646,646,2,,8,6,5,8,1,1,1,0,3,2,0,0,4.0,4.0,2,3,,,,,,,,,,,,,,,,,uuid:f8cf2071-a91f-42ff-960f-d12980ab5ba6/G4-R2[3],2.0,1.0,2.0,2.0,1.0,3.0,2.0,1.0,1.0,1.0,,0.0,0.0,0.0,1.0,2.0,1.0,1.0,,,,,1,,1.0,15.0,3.0,0,0.0,,0.0,0.0,0,0.0,,5.0,,0,0.0,,22.0,4.0,0,0.0,,0.0,0.0,0.0,0.0,,12.0,3.0,0.0,0.0,,3.0,,0.0,0.0,,0.0,3.0,0.0,0.0,,27.0,4.0,0.0,0.0,,17.0,4.0,0.0,0.0,,9.0,3.0,0.0,0.0,,0.0,,,,,,,,,,,
2019-10-07 06:24:35,2019-10-07 06:47:34,2019-10-07,4,64590,647,647,2,,6,9,5,7,1,1,3,0,3,3,0,0,1.0,4.0,0,4,,,,,,,,,,,,,,,,,uuid:5e84531c-c2e7-4f05-8be8-dd38ea7a3afb/R2[1],,,3.0,2.0,1.0,3.0,3.0,,1.0,0.0,1.0,,,,,3.0,,,,,,,0,1.0,,,,0,1.0,,,,1,,1.0,23.0,3.0,1,,1.0,0.0,3.0,1,,1.0,0.0,3.0,1.0,,1.0,17.0,3.0,1.0,,1.0,,3.0,0.0,1.0,,,,1.0,,1.0,0.0,0.0,1.0,,1.0,23.0,2.0,0.0,1.0,,,,,,,,,,,,,,,,,,
2019-08-05 09:01:06,2019-08-05 10:18:39,2019-08-05,4,64491,648,648,2,,8,6,5,8,1,1,1,0,3,2,0,0,4.0,4.0,2,3,,,,,,,,,,,,,,,,,uuid:f8cf2071-a91f-42ff-960f-d12980ab5ba6/G4-R2[4],2.0,3.0,2.0,2.0,2.0,1.0,2.0,2.0,1.0,0.0,0.0,,17.0,,1.0,1.0,1.0,,,,,,0,0.0,,,,0,0.0,,28.0,,0,0.0,,0.0,,0,0.0,,17.0,,0,0.0,,1.0,,0.0,0.0,,,,0.0,0.0,,9.0,,0.0,0.0,,,,0.0,0.0,,4.0,,0.0,0.0,,,,0.0,0.0,,,,,,,,,,,,,,,,,,
2019-09-30 06:51:51,2019-09-30 07:16:46,2019-09-30,4,64847,649,649,3,50.0,3,6,8,10,2,3,3,2,3,3,0,0,,4.0,2,4,,,,,,,,,,,,,,,,,uuid:1a8d1148-b689-48c5-a1a4-b3e208bb00eb/R2[1],3.0,,3.0,,2.0,,3.0,,,1.0,,1.0,0.0,3.0,1.0,1.0,2.0,,,,,,1,,1.0,1.0,3.0,0,1.0,,,,1,,1.0,9.0,4.0,0,1.0,,,,1,,1.0,14.0,,0.0,1.0,,,,1.0,,1.0,9.0,4.0,0.0,1.0,,,,0.0,1.0,,,,1.0,,1.0,0.0,0.0,1.0,,1.0,0.0,2.0,,,,,,,,,,,,,,,
2019-09-30 06:51:51,2019-09-30 07:16:46,2019-09-30,4,64847,650,650,3,50.0,3,6,8,10,2,3,3,2,3,3,0,0,,4.0,2,4,,,,,,,,,,,,,,,,,uuid:1a8d1148-b689-48c5-a1a4-b3e208bb00eb/R2[2],,,2.0,,2.0,,2.0,,,1.0,,1.0,0.0,3.0,2.0,2.0,3.0,,,,,,0,1.0,,,,0,1.0,,,,1,,1.0,18.0,4.0,0,1.0,,,,1,,1.0,,,0.0,1.0,,,,1.0,,0.0,0.0,,0.0,1.0,,,,0.0,1.0,,,,1.0,,1.0,6.0,,1.0,,1.0,9.0,4.0,,,,,,,,,,,,,,,
2019-09-09 06:35:34,2019-09-09 06:54:31,2019-09-09,4,65040,651,651,2,,3,7,0,9,2,2,2,2,3,3,0,0,1.0,4.0,2,4,,,,,,,,,,,,,,,,,uuid:a3856dc4-9850-4178-921f-b8b2ba0e1b66/R2[1],,,1.0,,3.0,3.0,4.0,2.0,2.0,0.0,1.0,,,,,1.0,,,,,,,0,1.0,,,,0,1.0,,,,1,,1.0,0.0,,0,1.0,,,,1,,1.0,,,1.0,,1.0,4.0,3.0,1.0,,1.0,0.0,3.0,1.0,,1.0,17.0,3.0,1.0,,1.0,0.0,2.0,1.0,,1.0,4.0,3.0,0.0,1.0,,,,,,,,,,,,,,,,,,
2019-10-21 07:01:34,2019-10-21 07:29:47,2019-10-21,4,6543,652,652,2,,10,10,8,10,2,0,0,0,2,2,0,0,4.0,4.0,-2,4,,,,,,,,,,,,,,,,,uuid:942657b8-3941-4d61-a8b5-14e1a01e7904/R2[1],1.0,,,,,3.0,3.0,4.0,3.0,0.0,1.0,,,,,,2.0,,,,,,1,,0.0,,,0,1.0,,,,0,1.0,,,,0,1.0,,,,0,1.0,,,,1.0,,1.0,4.0,3.0,1.0,,0.0,4.0,3.0,1.0,,1.0,20.0,4.0,1.0,,0.0,4.0,,0.0,1.0,,,,0.0,0.0,,,,,,,,,,,,,,,,,,
2019-10-21 07:01:34,2019-10-21 07:29:47,2019-10-21,4,6543,653,653,2,,10,10,8,10,2,0,0,0,2,2,0,0,4.0,4.0,-2,4,,,,,,,,,,,,,,,,,uuid:942657b8-3941-4d61-a8b5-14e1a01e7904/R2[2],2.0,,2.0,3.0,1.0,4.0,2.0,1.0,3.0,1.0,,0.0,0.0,,3.0,,,,,,,,1,,1.0,0.0,2.0,0,1.0,,,,1,,0.0,0.0,,1,,0.0,4.0,,1,,0.0,0.0,,1.0,,1.0,23.0,4.0,1.0,,0.0,0.0,,0.0,0.0,,0.0,,1.0,,1.0,4.0,3.0,0.0,1.0,,,,0.0,1.0,,,,,,,,,,,,,,,,,,
2019-10-21 07:31:32,2019-10-21 08:02:05,2019-10-21,4,65553,654,654,2,,5,7,4,10,3,3,3,3,3,3,3,3,4.0,4.0,-2,4,,,,,,,,,,,,,,,,,uuid:475fb9c2-64c3-4d44-8658-29eccc93c3ed/R2[1],,4.0,,3.0,3.0,2.0,3.0,1.0,4.0,1.0,,1.0,9.0,3.0,5.0,3.0,4.0,,,,,,1,,0.0,,,1,,0.0,9.0,3.0,0,1.0,,,,1,,1.0,4.0,3.0,1,,1.0,17.0,4.0,1.0,,1.0,0.0,3.0,1.0,,0.0,17.0,3.0,1.0,,1.0,0.0,3.0,1.0,,1.0,9.0,4.0,1.0,,0.0,,3.0,1.0,,1.0,5.0,3.0,,,,,,,,,,,,,,,
2019-10-21 07:31:32,2019-10-21 08:02:05,2019-10-21,4,65553,655,655,2,,5,7,4,10,3,3,3,3,3,3,3,3,4.0,4.0,-2,4,,,,,,,,,,,,,,,,,uuid:475fb9c2-64c3-4d44-8658-29eccc93c3ed/R2[2],2.0,5.0,3.0,4.0,2.0,3.0,5.0,1.0,2.0,1.0,,0.0,,,,2.0,1.0,,,,,,1,,0.0,0.0,3.0,1,,0.0,9.0,4.0,1,,1.0,21.0,2.0,1,,0.0,17.0,3.0,1,,0.0,0.0,3.0,1.0,,0.0,0.0,3.0,1.0,,1.0,17.0,3.0,1.0,,1.0,0.0,0.0,1.0,,0.0,0.0,3.0,1.0,,1.0,0.0,3.0,1.0,,0.0,8.0,0.0,,,,,,,,,,,,,,,
2019-09-23 06:18:19,2019-09-23 06:55:02,2019-09-23,4,65790,656,656,2,,8,6,6,10,0,0,0,0,3,3,0,0,4.0,4.0,-2,3,,,,,,,,,,,,,,,,,uuid:78ba9649-ef1e-4213-8d69-0b79c36a9e9e/R2[1],1.0,1.0,1.0,,3.0,3.0,1.0,,2.0,1.0,,1.0,11.0,3.0,3.0,3.0,3.0,,,,,,0,0.0,,0.0,0.0,1,,1.0,0.0,0.0,1,,0.0,0.0,0.0,0,1.0,,,,1,,1.0,17.0,,1.0,,0.0,4.0,,1.0,,1.0,0.0,3.0,0.0,1.0,,,,1.0,,0.0,0.0,3.0,1.0,,1.0,21.0,2.0,1.0,,0.0,9.0,3.0,,,,,,,,,,,,,,,
2019-09-23 06:18:19,2019-09-23 06:55:02,2019-09-23,4,65790,657,657,2,,8,6,6,10,0,0,0,0,3,3,0,0,4.0,4.0,-2,3,,,,,,,,,,,,,,,,,uuid:78ba9649-ef1e-4213-8d69-0b79c36a9e9e/R2[2],,,,,3.0,,,1.0,,1.0,,1.0,0.0,,2.0,,3.0,3.0,,,,,0,1.0,,,,0,1.0,,,,0,1.0,,,,1,,1.0,,,1,,0.0,13.0,3.0,0.0,1.0,,,,0.0,1.0,,,,1.0,,1.0,0.0,0.0,0.0,1.0,,,,0.0,1.0,,,,1.0,,1.0,4.0,3.0,1.0,,1.0,17.0,2.0,,,,,,,,,,
2019-09-16 07:11:57,2019-09-16 07:25:40,2019-09-16,4,65791,658,658,1,,5,5,2,5,1,1,1,1,3,3,1,0,3.0,3.0,2,0,,,,,,,,,,,,,,,,,uuid:e8ba1387-221b-480f-9a41-0631381dae19/R2[1],,,3.0,,1.0,,2.0,,,0.0,1.0,,,,,3.0,,,,,,,0,1.0,,,,0,1.0,,,,1,,1.0,5.0,3.0,0,1.0,,,,1,,1.0,8.0,2.0,0.0,1.0,,,,1.0,,1.0,0.0,3.0,0.0,1.0,,,,0.0,1.0,,,,1.0,,1.0,25.0,3.0,0.0,1.0,,,,,,,,,,,,,,,,,,
2019-08-19 07:14:48,2019-08-19 07:33:08,2019-08-19,4,66351,660,660,2,,3,7,0,8,2,3,3,2,3,2,1,0,1.0,4.0,2,4,,,,,,,,,,,,,,,,,uuid:aea8b148-6427-47e9-b373-4bbac769f6eb/R2[1],,3.0,,,,3.0,2.0,,,0.0,1.0,,,,,,,,,,,,0,1.0,,,,1,,1.0,,3.0,0,1.0,,,,0,1.0,,,,0,1.0,,,,1.0,,1.0,0.0,4.0,1.0,,1.0,0.0,3.0,0.0,1.0,,,,0.0,1.0,,,,0.0,1.0,,,,0.0,1.0,,,,,,,,,,,,,,,,,,
2019-08-05 09:11:07,2019-08-05 09:57:20,2019-08-05,4,66187,661,661,1,,2,4,5,9,3,1,1,3,3,3,3,2,4.0,4.0,2,0,,,,,,,,,,,,,,,,,uuid:a76badfa-dedb-4934-a7c4-66c5df48bb3d/G4-R2[1],2.0,3.0,2.0,2.0,4.0,2.0,3.0,4.0,4.0,1.0,,1.0,0.0,2.0,1.0,2.0,1.0,,,,,,1,,1.0,23.0,2.0,1,,1.0,9.0,3.0,1,,1.0,4.0,3.0,1,,1.0,17.0,2.0,1,,1.0,4.0,4.0,1.0,,1.0,17.0,2.0,1.0,,1.0,11.0,2.0,1.0,,1.0,9.0,3.0,1.0,,1.0,9.0,4.0,1.0,,1.0,0.0,3.0,1.0,,1.0,0.0,2.0,,,,,,,,,,,,,,,
2019-08-05 09:11:07,2019-08-05 09:57:20,2019-08-05,4,66187,662,662,1,,2,4,5,9,3,1,1,3,3,3,3,2,4.0,4.0,2,0,,,,,,,,,,,,,,,,,uuid:a76badfa-dedb-4934-a7c4-66c5df48bb3d/G4-R2[2],1.0,,,2.0,,3.0,,1.0,1.0,0.0,1.0,,,,,3.0,3.0,,,,,,1,,1.0,23.0,,0,1.0,,,,0,1.0,,,,1,,1.0,18.0,3.0,0,1.0,,,,1.0,,1.0,0.0,4.0,0.0,1.0,,,,1.0,,1.0,23.0,2.0,1.0,,1.0,11.0,3.0,1.0,,1.0,18.0,3.0,1.0,,1.0,0.0,3.0,,,,,,,,,,,,,,,
2019-07-08 08:04:21,2019-07-08 08:48:09,2019-07-08,4,66190,663,663,1,,6,5,7,8,2,1,2,1,2,2,1,1,3.0,3.0,-2,3,,,,,,,,,,,,,,,,,uuid:abbd06cc-6c6e-43ab-9e28-c24ad5a3a646/G9-R2[1],2.0,3.0,3.0,3.0,,3.0,2.0,2.0,,1.0,,1.0,18.0,,2.0,2.0,,,,,,,1,,1.0,13.0,3.0,1,,0.0,,,1,,0.0,,,1,,1.0,15.0,,0,1.0,,,,1.0,,1.0,24.0,3.0,1.0,,1.0,0.0,,1.0,,1.0,23.0,,0.0,1.0,,,,1.0,,1.0,0.0,2.0,0.0,1.0,,,,,,,,,,,,,,,,,,
2019-08-05 09:11:07,2019-08-05 09:57:20,2019-08-05,4,66187,664,664,1,,2,4,5,9,3,1,1,3,3,3,3,2,4.0,4.0,2,0,,,,,,,,,,,,,,,,,uuid:a76badfa-dedb-4934-a7c4-66c5df48bb3d/G4-R2[3],1.0,,2.0,,,,1.0,,,0.0,1.0,,,,,2.0,,,,,,,1,,1.0,4.0,2.0,0,1.0,,,,1,,1.0,17.0,3.0,0,1.0,,,,0,1.0,,,,0.0,1.0,,,,1.0,,1.0,23.0,,0.0,1.0,,,,0.0,1.0,,,,1.0,,1.0,,,0.0,1.0,,,,,,,,,,,,,,,,,,
2019-08-05 11:00:10,2019-08-05 13:04:43,2019-08-05,4,670106,667,667,1,,6,4,3,7,2,2,2,1,2,2,1,0,4.0,4.0,0,4,,,,,,,,,,,,,,,,,uuid:67ef4b45-68d2-4ab7-9ac7-7fb50c719601/G4-R2[1],,,3.0,,2.0,,,3.0,,,,,,,,,,,,,,,0,1.0,,,,1,,0.0,,,1,,0.0,,,0,1.0,,,,1,,0.0,,,0.0,1.0,,,,0.0,1.0,,,,1.0,,0.0,,,0.0,1.0,,,,,,,,,,,,,,,,,,,,,,,,,,,,
2019-09-15 20:59:48,2019-09-15 21:18:07,2019-09-16,4,6707,668,668,2,,2,8,3,10,0,1,3,0,3,3,2,2,2.0,4.0,2,4,,,,,,,,,,,,,,,,,uuid:ffe02848-3843-4c46-bb70-03de9ca5d55c/R2[1],,3.0,,,,,,,3.0,0.0,1.0,,,,,,3.0,,,,,,0,1.0,,,,1,,0.0,6.0,3.0,0,1.0,,,,0,1.0,,,,0,1.0,,,,0.0,1.0,,,,0.0,1.0,,,,0.0,1.0,,,,1.0,,0.0,4.0,3.0,0.0,1.0,,,,1.0,,0.0,9.0,3.0,,,,,,,,,,,,,,,
2019-08-19 07:14:48,2019-08-19 07:33:08,2019-08-19,4,66351,669,669,2,,3,7,0,8,2,3,3,2,3,2,1,0,1.0,4.0,2,4,,,,,,,,,,,,,,,,,uuid:aea8b148-6427-47e9-b373-4bbac769f6eb/R2[2],,3.0,,,,,,,,1.0,,1.0,,,,2.0,,,,,,,0,1.0,,,,1,,1.0,23.0,3.0,0,1.0,,,,0,1.0,,,,0,1.0,,,,0.0,1.0,,,,0.0,1.0,,,,0.0,1.0,,,,0.0,1.0,,,,1.0,,1.0,4.0,0.0,0.0,1.0,,,,0.0,1.0,,,,,,,,,,,,,
2019-08-05 11:00:10,2019-08-05 13:04:43,2019-08-05,4,670106,670,670,1,,6,4,3,7,2,2,2,1,2,2,1,0,4.0,4.0,0,4,,,,,,,,,,,,,,,,,uuid:67ef4b45-68d2-4ab7-9ac7-7fb50c719601/G4-R2[2],2.0,,2.0,2.0,,4.0,2.0,3.0,2.0,1.0,,1.0,21.0,0.0,1.0,1.0,3.0,,,,,,1,,0.0,,,1,,0.0,,,0,0.0,,23.0,2.0,1,,0.0,18.0,3.0,0,1.0,,,,1.0,,0.0,4.0,3.0,1.0,,1.0,0.0,0.0,1.0,,1.0,1.0,3.0,1.0,,0.0,18.0,,1.0,,1.0,0.0,2.0,1.0,,1.0,17.0,4.0,,,,,,,,,,,,,,,
2019-08-05 11:00:10,2019-08-05 13:04:43,2019-08-05,4,670106,671,671,1,,6,4,3,7,2,2,2,1,2,2,1,0,4.0,4.0,0,4,,,,,,,,,,,,,,,,,uuid:67ef4b45-68d2-4ab7-9ac7-7fb50c719601/G4-R2[3],4.0,2.0,,1.0,1.0,,,,,,,,,,,,,,,,,,1,,1.0,0.0,3.0,1,,0.0,,,0,1.0,,,,1,,0.0,0.0,0.0,1,,0.0,0.0,,,,,,,,,,,,,,,,,,,,,,,,,,,,,,,,,,,,,,,,,,,,,,
2019-08-05 11:00:10,2019-08-05 13:04:43,2019-08-05,4,670106,672,672,1,,6,4,3,7,2,2,2,1,2,2,1,0,4.0,4.0,0,4,,,,,,,,,,,,,,,,,uuid:67ef4b45-68d2-4ab7-9ac7-7fb50c719601/G4-R2[4],3.0,,,2.0,2.0,,,,,,,,,,,,,,,,,,1,,0.0,,,0,1.0,,,,0,1.0,,,,1,,0.0,,,1,,0.0,,,0.0,1.0,,,,0.0,1.0,,,,0.0,1.0,,,,,,,,,,,,,,,,,,,,,,,,,,,,,,,,,
2019-09-30 06:39:17,2019-10-01 15:59:49,2019-09-30,4,67945,673,673,1,,8,2,6,7,1,0,0,0,3,0,0,0,4.0,4.0,-2,4,,,,,,,,,,,,,,,,,uuid:7fdb3285-a4b0-4988-be27-ab7462aff9a3/R2[1],3.0,2.0,,3.0,2.0,3.0,,3.0,3.0,0.0,1.0,,,,,2.0,3.0,,,,,,0,0.0,,0.0,,0,0.0,,9.0,3.0,0,0.0,,,,0,0.0,,4.0,,1,,1.0,17.0,4.0,0.0,0.0,,4.0,,0.0,1.0,,,,0.0,0.0,,0.0,3.0,0.0,0.0,,4.0,3.0,0.0,0.0,,,3.0,0.0,0.0,,4.0,3.0,,,,,,,,,,,,,,,
2019-09-09 07:32:53,2019-09-09 07:47:21,2019-09-09,4,670101,674,674,3,10.0,6,5,3,6,0,2,0,0,3,3,1,0,3.0,3.0,-2,0,,,,,,,,,,,,,,,,,uuid:dca5139d-a4fe-41c1-af21-6643c20915f2/R2[1],,,,3.0,3.0,,3.0,,,1.0,,1.0,23.0,,2.0,1.0,3.0,,,,,,0,1.0,,,,0,1.0,,,,0,1.0,,,,0,0.0,,24.0,3.0,1,,1.0,,4.0,0.0,1.0,,,,1.0,,1.0,0.0,,0.0,1.0,,,,0.0,1.0,,,,0.0,0.0,,0.0,3.0,1.0,,1.0,4.0,3.0,,,,,,,,,,,,,,,
2019-07-08 09:09:56,2019-07-08 09:46:07,2019-07-08,4,67545,675,675,1,,8,7,8,10,1,1,3,0,2,2,2,0,4.0,4.0,-2,4,,,,,,,,,,,,,,,,,uuid:c31e1741-abe0-48d1-a56e-05f274abb847/G9-R2[1],3.0,2.0,3.0,,3.0,3.0,,1.0,,0.0,1.0,,,,,2.0,1.0,,,,,,1,,1.0,4.0,4.0,1,,0.0,,3.0,1,,1.0,,,0,1.0,,,,1,,0.0,17.0,,1.0,,1.0,21.0,3.0,0.0,1.0,,,,1.0,,1.0,4.0,3.0,0.0,1.0,,,,1.0,,1.0,0.0,0.0,1.0,,0.0,,3.0,,,,,,,,,,,,,,,
2019-08-12 08:48:22,2019-08-12 10:11:37,2019-08-12,4,6775,676,676,1,,6,4,8,8,1,1,1,1,2,2,0,0,4.0,3.0,-2,4,,,,,,,,,,,,,,,,,uuid:a6d61484-277d-4517-86dc-af6a7f778a55/G4-R2[1],2.0,3.0,2.0,2.0,3.0,2.0,2.0,2.0,2.0,1.0,,0.0,17.0,3.0,2.0,2.0,2.0,,,,,,1,,0.0,0.0,2.0,1,,0.0,4.0,3.0,1,,0.0,4.0,,1,,0.0,17.0,3.0,1,,0.0,17.0,4.0,1.0,,0.0,9.0,3.0,1.0,,1.0,0.0,3.0,1.0,,0.0,4.0,,1.0,,0.0,0.0,,1.0,,0.0,0.0,3.0,1.0,,0.0,17.0,3.0,,,,,,,,,,,,,,,
2019-08-12 08:48:22,2019-08-12 10:11:37,2019-08-12,4,6775,677,677,1,,6,4,8,8,1,1,1,1,2,2,0,0,4.0,3.0,-2,4,,,,,,,,,,,,,,,,,uuid:a6d61484-277d-4517-86dc-af6a7f778a55/G4-R2[2],2.0,2.0,2.0,3.0,3.0,2.0,2.0,2.0,2.0,1.0,,0.0,9.0,3.0,2.0,2.0,2.0,2.0,,,,,1,,0.0,17.0,3.0,1,,0.0,4.0,4.0,1,,1.0,0.0,3.0,1,,1.0,4.0,3.0,1,,0.0,17.0,3.0,1.0,,0.0,4.0,3.0,1.0,,0.0,0.0,3.0,1.0,,0.0,0.0,3.0,1.0,,1.0,11.0,,1.0,,0.0,8.0,3.0,1.0,,1.0,22.0,4.0,1.0,,1.0,0.0,4.0,,,,,,,,,,
2019-08-12 08:48:22,2019-08-12 10:11:37,2019-08-12,4,6775,678,678,1,,6,4,8,8,1,1,1,1,2,2,0,0,4.0,3.0,-2,4,,,,,,,,,,,,,,,,,uuid:a6d61484-277d-4517-86dc-af6a7f778a55/G4-R2[3],2.0,2.0,2.0,2.0,2.0,2.0,2.0,2.0,2.0,1.0,,1.0,4.0,3.0,2.0,2.0,2.0,2.0,2.0,2.0,,,1,,0.0,0.0,3.0,1,,0.0,0.0,3.0,1,,0.0,11.0,3.0,1,,1.0,5.0,3.0,1,,0.0,0.0,,1.0,,1.0,4.0,3.0,1.0,,0.0,0.0,,1.0,,0.0,17.0,4.0,1.0,,0.0,17.0,,1.0,,0.0,17.0,4.0,1.0,,0.0,,,1.0,,0.0,4.0,4.0,1.0,,1.0,0.0,2.0,1.0,,1.0,21.0,
2019-09-30 06:39:17,2019-10-01 15:59:49,2019-09-30,4,67945,679,679,1,,8,2,6,7,1,0,0,0,3,0,0,0,4.0,4.0,-2,4,,,,,,,,,,,,,,,,,uuid:7fdb3285-a4b0-4988-be27-ab7462aff9a3/R2[2],2.0,2.0,,2.0,3.0,2.0,3.0,3.0,5.0,1.0,,1.0,0.0,0.0,3.0,3.0,3.0,,,,,,1,,1.0,17.0,,1,,1.0,13.0,3.0,0,1.0,,,,0,0.0,,0.0,3.0,0,0.0,,0.0,4.0,0.0,0.0,,,3.0,0.0,0.0,,18.0,3.0,0.0,0.0,,9.0,4.0,0.0,0.0,,23.0,,1.0,,0.0,23.0,3.0,1.0,,1.0,0.0,2.0,,,,,,,,,,,,,,,
2019-08-12 08:48:22,2019-08-12 10:11:37,2019-08-12,4,6775,680,680,1,,6,4,8,8,1,1,1,1,2,2,0,0,4.0,3.0,-2,4,,,,,,,,,,,,,,,,,uuid:a6d61484-277d-4517-86dc-af6a7f778a55/G4-R2[4],,2.0,,,2.0,,,2.0,2.0,1.0,,0.0,9.0,4.0,2.0,2.0,,,,,,,0,1.0,,,,1,,0.0,,,0,1.0,,,,0,1.0,,,,1,,0.0,,,0.0,1.0,,,,0.0,1.0,,,,1.0,,0.0,6.0,3.0,1.0,,0.0,15.0,3.0,1.0,,0.0,4.0,3.0,0.0,1.0,,,,,,,,,,,,,,,,,,
2019-08-12 08:48:22,2019-08-12 10:11:37,2019-08-12,4,6775,681,681,1,,6,4,8,8,1,1,1,1,2,2,0,0,4.0,3.0,-2,4,,,,,,,,,,,,,,,,,uuid:a6d61484-277d-4517-86dc-af6a7f778a55/G4-R2[5],2.0,2.0,,2.0,,2.0,2.0,2.0,2.0,0.0,1.0,,,,,2.0,,,,,,,1,,0.0,9.0,3.0,1,,0.0,4.0,,0,1.0,,,,1,,0.0,0.0,,1,,0.0,,,1.0,,0.0,4.0,3.0,1.0,,0.0,0.0,,1.0,,0.0,4.0,3.0,1.0,,0.0,4.0,,1.0,,0.0,17.0,3.0,0.0,1.0,,,,,,,,,,,,,,,,,,
2019-08-12 08:48:22,2019-08-12 10:11:37,2019-08-12,4,6775,682,682,1,,6,4,8,8,1,1,1,1,2,2,0,0,4.0,3.0,-2,4,,,,,,,,,,,,,,,,,uuid:a6d61484-277d-4517-86dc-af6a7f778a55/G4-R2[6],2.0,,2.0,,,2.0,2.0,2.0,2.0,1.0,,0.0,,,,,2.0,,,,,,1,,0.0,4.0,3.0,0,1.0,,,,1,,0.0,17.0,4.0,0,1.0,,,,1,,0.0,,,1.0,,0.0,,,1.0,,0.0,17.0,4.0,1.0,,0.0,4.0,3.0,1.0,,0.0,,3.0,1.0,,0.0,,,1.0,,0.0,17.0,4.0,,,,,,,,,,,,,,,
2019-08-19 06:46:04,2019-08-19 07:19:57,2019-08-19,4,68384,683,683,1,,6,8,0,6,1,1,1,1,3,3,1,1,3.0,3.0,2,0,,,,,,,,,,,,,,,,,uuid:e9dbcaa5-c51c-49d0-9502-2156ef1ae1e6/R2[1],3.0,3.0,2.0,3.0,2.0,4.0,3.0,3.0,1.0,1.0,,1.0,0.0,3.0,1.0,1.0,3.0,3.0,,,,,1,,1.0,23.0,3.0,1,,1.0,25.0,2.0,1,,1.0,17.0,4.0,1,,1.0,25.0,2.0,1,,1.0,4.0,3.0,1.0,,1.0,17.0,1.0,1.0,,1.0,0.0,2.0,1.0,,1.0,17.0,3.0,1.0,,1.0,23.0,2.0,1.0,,1.0,0.0,2.0,1.0,,1.0,4.0,3.0,1.0,,1.0,17.0,4.0,,,,,,,,,,
2019-09-16 06:01:18,2019-09-16 06:25:50,2019-09-16,4,68647,685,685,2,,5,2,4,8,1,1,1,1,2,2,1,1,3.0,3.0,0,4,,,,,,,,,,,,,,,,,uuid:d01afa1d-cdf0-428b-89dd-1c086c2695e4/R2[1],,,2.0,,,,3.0,3.0,3.0,,,,,,,,,,,,,,0,1.0,,,,0,1.0,,,,1,,0.0,4.0,2.0,0,1.0,,,,0,1.0,,,,0.0,1.0,,,,1.0,,0.0,4.0,3.0,1.0,,0.0,22.0,4.0,1.0,,0.0,,4.0,,,,,,,,,,,,,,,,,,,,,,,,,
2019-09-16 06:01:18,2019-09-16 06:25:50,2019-09-16,4,68647,686,686,2,,5,2,4,8,1,1,1,1,2,2,1,1,3.0,3.0,0,4,,,,,,,,,,,,,,,,,uuid:d01afa1d-cdf0-428b-89dd-1c086c2695e4/R2[2],3.0,,2.0,2.0,2.0,2.0,3.0,2.0,,1.0,,1.0,4.0,3.0,3.0,1.0,3.0,,,,,,1,,1.0,12.0,3.0,0,1.0,,,,1,,0.0,4.0,3.0,1,,0.0,4.0,2.0,1,,1.0,4.0,4.0,1.0,,1.0,4.0,2.0,1.0,,1.0,17.0,3.0,1.0,,1.0,4.0,2.0,0.0,1.0,,,,1.0,,0.0,4.0,2.0,1.0,,0.0,17.0,3.0,,,,,,,,,,,,,,,
2019-09-16 05:10:18,2019-09-16 06:00:21,2019-09-16,4,6915,687,687,1,,7,2,5,8,2,2,2,1,2,2,1,1,3.0,3.0,2,4,,,,,,,,,,,,,,,,,uuid:14d678f6-debf-4124-9201-a92b4b8cdcc3/R2[1],2.0,3.0,3.0,2.0,2.0,3.0,3.0,3.0,4.0,1.0,,1.0,17.0,4.0,4.0,3.0,4.0,,,,,,1,,1.0,11.0,3.0,1,,1.0,17.0,3.0,1,,1.0,17.0,3.0,1,,0.0,4.0,3.0,1,,0.0,4.0,3.0,1.0,,0.0,,3.0,1.0,,0.0,4.0,3.0,1.0,,1.0,17.0,3.0,1.0,,1.0,17.0,4.0,1.0,,0.0,4.0,3.0,1.0,,1.0,18.0,3.0,,,,,,,,,,,,,,,
2019-09-05 08:56:49,2019-09-05 10:19:44,2019-09-05,4,69282,688,688,2,,8,3,9,7,2,1,2,0,3,3,0,0,3.0,4.0,2,4,,,,,,,,,,,,,,,,,uuid:e26e6bf7-0bd8-47cd-97be-547541f36915/R2[1],,,,3.0,,,,,,0.0,1.0,,,,,,,,,,,,0,1.0,,,,0,1.0,,,,0,1.0,,,,1,,0.0,17.0,4.0,0,1.0,,,,0.0,1.0,,,,0.0,1.0,,,,0.0,1.0,,,,0.0,1.0,,,,0.0,1.0,,,,0.0,1.0,,,,,,,,,,,,,,,,,,
2019-09-16 05:10:18,2019-09-16 06:00:21,2019-09-16,4,6915,689,689,1,,7,2,5,8,2,2,2,1,2,2,1,1,3.0,3.0,2,4,,,,,,,,,,,,,,,,,uuid:14d678f6-debf-4124-9201-a92b4b8cdcc3/R2[2],3.0,3.0,2.0,3.0,4.0,3.0,3.0,3.0,2.0,1.0,,1.0,11.0,3.0,3.0,3.0,4.0,,,,,,1,,1.0,9.0,3.0,1,,0.0,0.0,,1,,0.0,11.0,3.0,1,,0.0,17.0,3.0,1,,0.0,17.0,4.0,1.0,,0.0,4.0,2.0,1.0,,0.0,17.0,4.0,1.0,,0.0,4.0,3.0,1.0,,0.0,0.0,3.0,1.0,,0.0,17.0,3.0,1.0,,1.0,17.0,4.0,,,,,,,,,,,,,,,
2019-09-16 05:10:18,2019-09-16 06:00:21,2019-09-16,4,6915,691,691,1,,7,2,5,8,2,2,2,1,2,2,1,1,3.0,3.0,2,4,,,,,,,,,,,,,,,,,uuid:14d678f6-debf-4124-9201-a92b4b8cdcc3/R2[3],2.0,3.0,3.0,2.0,4.0,2.0,,3.0,3.0,1.0,,1.0,4.0,3.0,3.0,3.0,2.0,3.0,,,,,1,,1.0,0.0,3.0,1,,0.0,27.0,4.0,1,,0.0,11.0,4.0,1,,1.0,9.0,3.0,1,,1.0,4.0,3.0,1.0,,1.0,4.0,2.0,0.0,1.0,,,,1.0,,1.0,17.0,3.0,1.0,,0.0,4.0,3.0,1.0,,0.0,11.0,3.0,1.0,,1.0,0.0,3.0,1.0,,0.0,4.0,3.0,0.0,1.0,,,,,,,,
2019-09-05 08:56:49,2019-09-05 10:19:44,2019-09-05,4,69282,692,692,2,,8,3,9,7,2,1,2,0,3,3,0,0,3.0,4.0,2,4,,,,,,,,,,,,,,,,,uuid:e26e6bf7-0bd8-47cd-97be-547541f36915/R2[2],3.0,,,,1.0,,2.0,1.0,,0.0,1.0,,,,,,2.0,,,,,,1,,0.0,,,0,1.0,,,,0,1.0,,,,0,1.0,,,,1,,0.0,0.0,2.0,0.0,1.0,,,,1.0,,0.0,24.0,,1.0,,0.0,,,0.0,1.0,,,,0.0,1.0,,,,1.0,,0.0,,,,,,,,,,,,,,,,,
2019-09-02 07:29:52,2019-09-02 07:45:45,2019-09-02,4,69395,693,693,1,,5,5,0,10,1,0,2,0,3,2,1,1,1.0,4.0,-2,4,,,,,,,,,,,,,,,,,uuid:0dedae75-3ea5-4e46-8899-ee61a4d15a69/R2[1],1.0,1.0,1.0,1.0,1.0,1.0,,,1.0,1.0,,1.0,18.0,4.0,2.0,2.0,,,,,,,1,,1.0,21.0,3.0,1,,0.0,0.0,3.0,1,,1.0,4.0,2.0,0,0.0,,0.0,2.0,1,,1.0,0.0,0.0,1.0,,0.0,0.0,2.0,0.0,1.0,,,,0.0,1.0,,,,1.0,,0.0,0.0,,1.0,,0.0,14.0,,0.0,1.0,,,,,,,,,,,,,,,,,,
2019-07-15 09:01:55,2019-07-15 09:24:39,2019-07-15,4,69494,694,694,1,,6,4,4,9,3,2,1,1,3,3,1,1,4.0,4.0,2,4,,,,,,,,,,,,,,,,,uuid:537c1a0c-fdd1-4436-91f8-29359bed3609/G4-R2[1],2.0,3.0,3.0,3.0,2.0,3.0,3.0,3.0,,1.0,,1.0,0.0,3.0,3.0,2.0,,,,,,,1,,1.0,,3.0,1,,1.0,17.0,2.0,1,,0.0,17.0,3.0,1,,1.0,6.0,3.0,1,,1.0,0.0,2.0,1.0,,1.0,4.0,3.0,1.0,,1.0,11.0,3.0,1.0,,1.0,18.0,3.0,0.0,1.0,,,,1.0,,0.0,27.0,4.0,0.0,1.0,,,,,,,,,,,,,,,,,,
2019-10-22 09:53:48,2019-10-22 11:08:09,2019-10-22,4,6915,695,695,2,,3,7,6,7,2,2,2,2,3,3,0,0,1.0,4.0,2,4,,,,,,,,,,,,,,,,,uuid:824a3348-564f-4be9-a791-dbe1796d8c2c/R2[1],3.0,3.0,2.0,2.0,,2.0,2.0,2.0,3.0,0.0,1.0,,,,,3.0,3.0,,,,,,1,,1.0,0.0,3.0,1,,1.0,27.0,4.0,1,,1.0,27.0,4.0,1,,1.0,,3.0,0,1.0,,,,1.0,,1.0,17.0,3.0,1.0,,1.0,27.0,4.0,1.0,,1.0,0.0,3.0,1.0,,1.0,17.0,4.0,1.0,,1.0,27.0,4.0,1.0,,1.0,0.0,3.0,,,,,,,,,,,,,,,
2019-10-20 20:41:02,2019-10-20 21:00:43,2019-10-21,4,69646,696,696,2,,4,8,5,7,0,0,0,0,3,3,0,0,4.0,4.0,0,4,,,,,,,,,,,,,,,,,uuid:ff49b0cd-5fef-4d60-9f6a-bf04ed92cf19/R2[1],,,3.0,3.0,4.0,3.0,4.0,3.0,,1.0,,1.0,4.0,3.0,3.0,,3.0,,,,,,0,1.0,,,,0,1.0,,,,1,,0.0,,3.0,1,,1.0,4.0,2.0,1,,1.0,15.0,3.0,1.0,,1.0,4.0,4.0,1.0,,1.0,9.0,4.0,1.0,,1.0,0.0,3.0,0.0,1.0,,,,0.0,1.0,,,,1.0,,0.0,25.0,,,,,,,,,,,,,,,,
2019-07-29 09:54:37,2019-07-29 12:52:22,2019-07-29,4,70288,697,697,1,,4,7,6,8,1,1,1,3,3,3,3,3,3.0,4.0,2,0,,,,,,,,,,,,,,,,,uuid:ab7fff6e-c7da-44d5-a390-6f7155cd24e9/G4-R2[6],,1.0,2.0,1.0,2.0,2.0,1.0,2.0,1.0,1.0,,1.0,4.0,3.0,3.0,1.0,,,,,,,0,1.0,,,,1,,1.0,0.0,2.0,1,,1.0,23.0,2.0,1,,1.0,0.0,3.0,1,,1.0,4.0,3.0,1.0,,1.0,4.0,3.0,1.0,,1.0,17.0,3.0,1.0,,1.0,4.0,3.0,1.0,,1.0,0.0,3.0,1.0,,1.0,0.0,2.0,0.0,1.0,,,,,,,,,,,,,,,,,,
2019-07-29 09:54:37,2019-07-29 12:52:22,2019-07-29,4,70288,698,698,1,,4,7,6,8,1,1,1,3,3,3,3,3,3.0,4.0,2,0,,,,,,,,,,,,,,,,,uuid:ab7fff6e-c7da-44d5-a390-6f7155cd24e9/G4-R2[5],,1.0,3.0,2.0,1.0,2.0,,,,1.0,,1.0,17.0,3.0,2.0,,,,,,,,0,1.0,,,,1,,1.0,0.0,3.0,1,,1.0,23.0,3.0,1,,1.0,0.0,3.0,1,,1.0,4.0,2.0,1.0,,1.0,4.0,3.0,0.0,1.0,,,,0.0,1.0,,,,0.0,1.0,,,,,,,,,,,,,,,,,,,,,,,,,,,,
2019-07-29 09:54:37,2019-07-29 12:52:22,2019-07-29,4,70288,699,699,1,,4,7,6,8,1,1,1,3,3,3,3,3,3.0,4.0,2,0,,,,,,,,,,,,,,,,,uuid:ab7fff6e-c7da-44d5-a390-6f7155cd24e9/G4-R2[4],1.0,1.0,2.0,1.0,1.0,1.0,2.0,,,,,,,,,,,,,,,,1,,1.0,23.0,2.0,1,,1.0,0.0,3.0,1,,1.0,0.0,3.0,1,,1.0,0.0,2.0,1,,1.0,0.0,4.0,1.0,,1.0,0.0,4.0,1.0,,1.0,0.0,3.0,,,,,,,,,,,,,,,,,,,,,,,,,,,,,,,,,,,
2019-07-29 09:54:37,2019-07-29 12:52:22,2019-07-29,4,70288,700,700,1,,4,7,6,8,1,1,1,3,3,3,3,3,3.0,4.0,2,0,,,,,,,,,,,,,,,,,uuid:ab7fff6e-c7da-44d5-a390-6f7155cd24e9/G4-R2[3],2.0,2.0,1.0,3.0,2.0,2.0,1.0,2.0,3.0,1.0,,1.0,24.0,2.0,2.0,,,,,,,,1,,1.0,0.0,2.0,1,,1.0,4.0,3.0,1,,1.0,0.0,2.0,1,,1.0,1.0,4.0,1,,1.0,17.0,3.0,1.0,,1.0,0.0,3.0,1.0,,1.0,4.0,2.0,1.0,,1.0,6.0,3.0,1.0,,1.0,9.0,4.0,,,,,,,,,,,,,,,,,,,,,,,,,
2019-07-29 09:54:37,2019-07-29 12:52:22,2019-07-29,4,70288,701,701,1,,4,7,6,8,1,1,1,3,3,3,3,3,3.0,4.0,2,0,,,,,,,,,,,,,,,,,uuid:ab7fff6e-c7da-44d5-a390-6f7155cd24e9/G4-R2[2],2.0,1.0,2.0,1.0,3.0,2.0,3.0,2.0,2.0,1.0,,1.0,0.0,3.0,2.0,2.0,3.0,,,,,,1,,1.0,0.0,3.0,1,,1.0,11.0,2.0,1,,1.0,4.0,3.0,1,,1.0,0.0,2.0,1,,1.0,4.0,3.0,1.0,,1.0,0.0,2.0,1.0,,1.0,17.0,3.0,1.0,,1.0,0.0,3.0,1.0,,1.0,13.0,3.0,1.0,,1.0,23.0,2.0,1.0,,1.0,24.0,3.0,,,,,,,,,,,,,,,
2019-07-29 09:54:37,2019-07-29 12:52:22,2019-07-29,4,70288,702,702,1,,4,7,6,8,1,1,1,3,3,3,3,3,3.0,4.0,2,0,,,,,,,,,,,,,,,,,uuid:ab7fff6e-c7da-44d5-a390-6f7155cd24e9/G4-R2[1],2.0,3.0,3.0,1.0,2.0,1.0,2.0,3.0,2.0,1.0,,1.0,23.0,2.0,1.0,2.0,1.0,2.0,,,,,1,,1.0,0.0,3.0,1,,1.0,17.0,4.0,1,,1.0,1.0,4.0,1,,1.0,4.0,2.0,1,,1.0,17.0,2.0,1.0,,1.0,4.0,2.0,1.0,,1.0,4.0,3.0,1.0,,1.0,17.0,4.0,1.0,,1.0,0.0,3.0,1.0,,1.0,17.0,3.0,1.0,,1.0,0.0,4.0,1.0,,1.0,25.0,3.0,,,,,,,,,,
2019-07-29 09:54:37,2019-07-29 12:52:22,2019-07-29,4,70288,703,703,1,,4,7,6,8,1,1,1,3,3,3,3,3,3.0,4.0,2,0,,,,,,,,,,,,,,,,,uuid:ab7fff6e-c7da-44d5-a390-6f7155cd24e9/G4-R2[7],,2.0,1.0,2.0,1.0,1.0,1.0,,,1.0,,1.0,4.0,3.0,3.0,3.0,,,,,,,0,1.0,,,,1,,1.0,9.0,3.0,1,,1.0,0.0,2.0,1,,1.0,3.0,3.0,1,,1.0,0.0,2.0,1.0,,1.0,0.0,2.0,1.0,,1.0,0.0,3.0,0.0,1.0,,,,0.0,1.0,,,,1.0,,1.0,4.0,3.0,0.0,1.0,,,,,,,,,,,,,,,,,,
2019-09-23 07:15:15,2019-09-23 07:33:13,2019-09-23,4,70485,704,704,1,,9,10,10,8,0,0,1,0,3,1,0,0,2.0,2.0,-2,4,,,,,,,,,,,,,,,,,uuid:3ecb55e7-a75f-4cb2-9a62-7b8414e107dd/R2[1],3.0,,,,,,2.0,,4.0,1.0,,0.0,,,4.0,,,,,,,,1,,1.0,,,0,1.0,,,,0,1.0,,,,0,1.0,,,,0,1.0,,,,0.0,1.0,,,,1.0,,0.0,,,0.0,1.0,,,,1.0,,0.0,17.0,,0.0,1.0,,,,0.0,1.0,,,,,,,,,,,,,,,,,,
