a7,code,chef_type,area,pop,buff_dist,area_popw,rankarea,rankarea_popw,rankpop
100,1001.0,Coutumier,6.793879722000001e-06,157.0,20.0,3.417261976303185e-05,1.0,1.0,1.0
100,10185.0,Avenue,1.24402535e-07,2.0,20.0,1.2440253499999999e-07,3.0,3.0,2.0
100,10183.0,Localite,1.66331219e-07,2.0,20.0,1.66331219e-07,2.0,2.0,3.0
101,10183.0,Localite,3.3863596419999985e-06,72.0,20.0,1.0121793136e-05,1.0,1.0,1.0
101,10193.0,Avenue,1.431431114e-06,30.0,20.0,3.842852430057142e-06,2.0,4.0,2.0
101,1015.0,Avenue,1.228267612e-06,30.0,20.0,1.98063236125e-06,3.0,6.0,3.0
101,10184.0,Avenue (Past Loc),8.749528069999999e-07,22.0,20.0,5.774434163307689e-06,5.0,2.0,4.0
101,10186.0,Avenue,8.478904020000001e-07,21.0,20.0,5.542524627999998e-06,6.0,3.0,5.0
101,10192.0,Avenue,8.360941580000001e-07,21.0,20.0,2.1212545895172418e-06,7.0,5.0,6.0
101,10185.0,Avenue,8.930058109999998e-07,14.0,20.0,1.4456681589411759e-06,4.0,7.0,7.0
101,10188.0,Avenue,4.12972468e-07,10.0,20.0,9.309428929565219e-07,9.0,9.0,8.0
101,10189.0,Avenue,4.770723689999999e-07,7.0,20.0,9.811972977692307e-07,8.0,8.0,9.0
101,1001.0,Coutumier,5.354542599999999e-08,1.0,20.0,5.3545426000000004e-08,10.0,10.0,10.0
102,1025.0,Avenue,1.526807447e-06,32.0,20.0,4.309533789352942e-06,1.0,2.0,1.0
102,10248.0,Localite,9.361320880000001e-07,31.0,20.0,6.678068789642858e-06,2.0,1.0,2.0
102,11256.0,Avenue,4.73218635e-07,10.0,20.0,8.203880515714286e-07,4.0,3.0,3.0
102,10185.0,Avenue,6.168231790000001e-07,8.0,20.0,8.178756591290324e-07,3.0,4.0,4.0
102,1137.0,Avenue,1.74292267e-07,7.0,20.0,3.0402270420000005e-07,6.0,6.0,5.0
102,10183.0,Localite,3.767990370000001e-07,6.0,20.0,3.7679903700000004e-07,5.0,5.0,6.0
102,10186.0,Avenue,8.368940300000001e-08,2.0,20.0,8.368940300000001e-08,8.0,8.0,7.0
102,10184.0,Avenue (Past Loc),8.177589299999999e-08,2.0,20.0,8.1775893e-08,9.0,9.0,8.0
102,1015.0,Avenue,8.5289982e-08,0.0,20.0,8.528998199999998e-08,7.0,7.0,9.0
102,10192.0,Avenue,2.8077909e-08,0.0,20.0,2.8077909e-08,10.0,10.0,10.0
102,10546.0,Localite,4.399127e-09,0.0,20.0,4.399127e-09,11.0,11.0,11.0
103,10386.0,,5.952529979000001e-06,110.0,20.0,1.044826343891228e-05,1.0,1.0,1.0
103,10746.0,Avenue (Past Loc),1.4748183919999999e-06,27.0,20.0,2.1789576220344827e-06,2.0,2.0,2.0
103,10698.0,Avenue (Past Loc),1.175292489e-06,21.0,20.0,1.6424693638181818e-06,3.0,3.0,3.0
103,1047.0,Avenue,1.773414e-09,0.0,20.0,1.773414e-09,4.0,4.0,4.0
104,10248.0,Localite,1.1153366350000002e-06,40.0,20.0,2.2419393008163262e-06,3.0,1.0,1.0
104,1025.0,Avenue,2.30092237e-07,10.0,20.0,4.2542160499999995e-07,5.0,4.0,2.0
104,1046.0,Avenue,2.30821677e-07,8.0,20.0,3.32364669e-07,4.0,5.0,3.0
104,10546.0,Localite,1.2282729020000001e-06,4.0,20.0,1.6069833185714288e-06,2.0,2.0,4.0
104,1137.0,Avenue,1.37555988e-07,2.0,20.0,1.8589613e-07,6.0,6.0,5.0
104,10490.0,Avenue,1.1171226e-08,0.0,20.0,1.1171226e-08,7.0,7.0,6.0
104,11256.0,Avenue,8.709031999999999e-09,0.0,20.0,8.709031999999999e-09,8.0,8.0,7.0
104,1047.0,Avenue,1.351617888e-06,0.0,20.0,1.351617888e-06,1.0,3.0,8.0
105,10546.0,Localite,2.4257392160000003e-06,89.0,20.0,1.5089356860970876e-05,1.0,1.0,1.0
105,10545.0,Avenue,1.245581805e-06,74.0,20.0,4.453728312517648e-06,3.0,4.0,2.0
105,10248.0,Localite,1.4375910529999998e-06,69.0,20.0,3.4313730059065426e-06,2.0,5.0,3.0
105,1046.0,Avenue,8.663353500000001e-07,47.0,20.0,4.8298024013157904e-06,5.0,3.0,4.0
105,10547.0,Avenue,6.2641587e-07,37.0,20.0,2.865689037545454e-06,6.0,6.0,5.0
105,10490.0,Avenue,1.1638592350000002e-06,32.0,20.0,5.4229882025609744e-06,4.0,2.0,6.0
105,1025.0,Avenue,5.46510818e-07,20.0,20.0,1.0078717462068966e-06,7.0,7.0,7.0
105,1137.0,Avenue,1.15845853e-07,2.0,20.0,1.15845853e-07,8.0,8.0,8.0
106,10546.0,Localite,2.6206569980000002e-06,116.0,20.0,1.397723431510744e-05,1.0,1.0,1.0
106,10698.0,Avenue (Past Loc),1.623685669e-06,74.0,20.0,6.487393246410255e-06,2.0,3.0,2.0
106,11490.0,Avenue,1.0899591469999997e-06,62.0,20.0,1.1802909112499999e-05,4.0,2.0,3.0
106,10248.0,Localite,1.1571954589999998e-06,45.0,20.0,2.0897541039468087e-06,3.0,6.0,4.0
106,10746.0,Avenue (Past Loc),6.71874336e-07,43.0,20.0,3.9545946519677415e-06,5.0,4.0,5.0
106,10697.0,Avenue (Past Loc),6.602140459999999e-07,36.0,20.0,2.8864539862916673e-06,6.0,5.0,6.0
106,10984.0,Avenue (Past Loc),1.8023770000000003e-07,9.0,20.0,3.142205944705882e-07,7.0,7.0,7.0
106,1025.0,Avenue,5.8518206e-08,2.0,20.0,5.8518206e-08,8.0,8.0,8.0
106,10545.0,Avenue,2.321398e-09,0.0,20.0,2.3213979999999996e-09,10.0,10.0,9.0
106,10547.0,Avenue,9.523783e-09,0.0,20.0,9.523783e-09,9.0,9.0,10.0
106,1137.0,Avenue,2.187794e-09,0.0,20.0,2.187794e-09,11.0,11.0,11.0
107,10746.0,Avenue (Past Loc),5.132524806999999e-06,134.0,20.0,2.021464931984615e-05,1.0,1.0,1.0
107,10745.0,Avenue,1.3599245860000001e-06,36.0,20.0,3.758680478275861e-06,2.0,2.0,2.0
107,10747.0,Avenue,8.716999710000001e-07,27.0,20.0,3.398015199999999e-06,3.0,3.0,3.0
107,10698.0,Avenue (Past Loc),5.18441697e-07,14.0,20.0,5.18441697e-07,4.0,4.0,4.0
107,10984.0,Avenue (Past Loc),3.70590139e-07,9.0,20.0,5.072532025507244e-07,5.0,5.0,5.0
107,1088.0,Avenue Adjoint,1.6753226999999997e-08,0.0,20.0,1.6753227e-08,6.0,6.0,6.0
108,10984.0,Avenue (Past Loc),3.694260674e-06,199.0,20.0,1.961445144512304e-05,1.0,1.0,1.0
108,10746.0,Avenue (Past Loc),2.8876370089999987e-06,180.0,20.0,1.9164602277277772e-05,2.0,2.0,2.0
108,1088.0,Avenue Adjoint,2.2360244130000006e-06,110.0,20.0,1.209907964035333e-05,3.0,3.0,3.0
108,10985.0,Avenue,5.58476004e-07,53.0,20.0,1.541246283368421e-06,4.0,4.0,4.0
108,10747.0,Avenue,1.39419655e-07,8.0,20.0,1.7590561680000004e-07,6.0,5.0,5.0
108,10745.0,Avenue,9.0394906e-08,2.0,20.0,8.9006203125e-08,7.0,7.0,6.0
108,1137.0,Avenue,8.418966e-09,0.0,20.0,8.418966e-09,9.0,9.0,7.0
108,1025.0,Avenue,4.020013e-09,0.0,20.0,4.020013000000001e-09,10.0,10.0,8.0
108,10248.0,Localite,1.6239714800000003e-07,0.0,20.0,1.6239714800000006e-07,5.0,6.0,9.0
108,11490.0,Avenue,3.3912443e-08,0.0,20.0,3.3912443e-08,8.0,8.0,10.0
109,10984.0,Avenue (Past Loc),2.3521965060000004e-06,100.0,20.0,1.827416528555555e-05,1.0,1.0,1.0
109,11061.0,Avenue,1.7015145320000001e-06,83.0,20.0,7.607668310488637e-06,2.0,3.0,2.0
109,1136.0,Avenue (Past Loc),1.2440024760000002e-06,80.0,20.0,1.115847450923077e-05,4.0,2.0,3.0
109,10985.0,Avenue,1.3428304389999999e-06,67.0,20.0,2.8391313157714287e-06,3.0,4.0,4.0
109,10746.0,Avenue (Past Loc),9.74944697e-07,40.0,20.0,2.7586637017674422e-06,5.0,5.0,5.0
109,11012.0,Avenue (Past Loc),7.967747900000001e-08,1.0,20.0,7.967747900000001e-08,6.0,6.0,6.0
109,1088.0,Avenue Adjoint,8.7905e-11,0.0,20.0,8.7905e-11,8.0,8.0,7.0
109,11686.0,Avenue (Past Loc),5.490729e-09,0.0,20.0,5.490729e-09,7.0,7.0,8.0
110,1136.0,Avenue (Past Loc),3.349687299000001e-06,167.0,20.0,1.5224169397356843e-05,1.0,1.0,1.0
110,11012.0,Avenue (Past Loc),1.7680190820000002e-06,49.0,20.0,3.331625430492958e-06,2.0,2.0,2.0
110,11060.0,Avenue,4.797485600000001e-07,26.0,20.0,9.993497787906973e-07,5.0,5.0,3.0
110,11686.0,Avenue (Past Loc),5.157389759999998e-07,22.0,20.0,1.0383234882926829e-06,3.0,4.0,4.0
110,11061.0,Avenue,5.03754333e-07,17.0,20.0,1.359336335259259e-06,4.0,3.0,5.0
111,11146.0,Localite,9.776231691e-06,289.0,20.0,2.8108153183483147e-05,1.0,1.0,1.0
111,11110.0,Avenue,9.079989769999999e-07,32.0,20.0,3.644663017558139e-06,4.0,2.0,2.0
111,11254.0,Avenue,9.23034362e-07,31.0,20.0,3.5176719619047613e-06,3.0,3.0,3.0
111,11147.0,Avenue (Past Loc),1.282508016e-06,29.0,20.0,2.3364998945806447e-06,2.0,6.0,4.0
111,11148.0,Avenue Adjoint,7.451462489999999e-07,28.0,20.0,3.360938836538462e-06,6.0,4.0,5.0
111,11149.0,Avenue,8.53028942e-07,26.0,20.0,2.5292219655483876e-06,5.0,5.0,6.0
111,11257.0,Avenue,8.48989e-10,0.0,20.0,8.48989e-10,7.0,7.0,7.0
112,11146.0,Localite,3.6845094589999993e-06,179.0,20.0,1.4327273078769233e-05,1.0,1.0,1.0
112,11257.0,Avenue,1.297727832e-06,64.0,20.0,2.6241456104328356e-06,2.0,2.0,2.0
112,11253.0,Avenue,1.1771048539999997e-06,58.0,20.0,2.5598021115e-06,3.0,3.0,3.0
112,11258.0,Avenue,4.7285509799999997e-07,38.0,20.0,1.0176148899473684e-06,6.0,8.0,4.0
112,11255.0,Avenue (Past Loc),1.094730521e-06,36.0,20.0,1.4045618005000002e-06,4.0,6.0,5.0
112,1142.0,Avenue,4.94548293e-07,25.0,20.0,9.714549275925925e-07,5.0,9.0,6.0
112,11254.0,Avenue,4.43251115e-07,22.0,20.0,1.4424782224000002e-06,7.0,4.0,7.0
112,11148.0,Avenue Adjoint,3.55997241e-07,21.0,20.0,1.1729805606666664e-06,9.0,7.0,8.0
112,11110.0,Avenue,4.0634102799999994e-07,19.0,20.0,1.4354852824074074e-06,8.0,5.0,9.0
112,11594.0,Localite,2.7610296100000004e-07,18.0,20.0,4.94737592631579e-07,11.0,11.0,10.0
112,11149.0,Avenue,3.25646089e-07,7.0,20.0,4.998127074e-07,10.0,10.0,11.0
113,11594.0,Localite,2.2949001320000007e-06,57.0,20.0,1.1295332453904762e-05,1.0,1.0,1.0
113,1142.0,Avenue,1.8144916699999998e-06,49.0,20.0,1.0103290785636365e-05,2.0,2.0,2.0
113,1136.0,Avenue (Past Loc),1.087718628e-06,44.0,20.0,4.197525739787234e-06,5.0,3.0,3.0
113,11256.0,Avenue,1.343253677e-06,39.0,20.0,1.7736905410499999e-06,4.0,5.0,4.0
113,21647.0,Localite,7.523971179999998e-07,36.0,20.0,1.2579955368e-06,7.0,6.0,5.0
113,1137.0,Avenue,8.018678939999999e-07,31.0,20.0,1.1467533013749998e-06,6.0,7.0,6.0
113,11146.0,Localite,1.559348569e-06,27.0,20.0,4.092147088888889e-06,3.0,4.0,7.0
113,10248.0,Localite,2.50096946e-07,10.0,20.0,3.25244292e-07,8.0,8.0,8.0
113,12686.0,,1.43697938e-07,8.0,20.0,2.1860980733333334e-07,11.0,10.0,9.0
113,11012.0,Avenue (Past Loc),1.6961283800000002e-07,5.0,20.0,2.2920110950000002e-07,9.0,9.0,10.0
113,10185.0,Avenue,1.393874e-09,0.0,20.0,1.393874e-09,12.0,12.0,11.0
113,11147.0,Avenue (Past Loc),1.55259884e-07,0.0,20.0,1.55259884e-07,10.0,11.0,12.0
114,11594.0,Localite,1.1209073599999997e-06,54.0,20.0,4.260946091733333e-06,1.0,1.0,1.0
114,1142.0,Avenue,1.5537437299999998e-07,0.0,20.0,1.5537437299999998e-07,2.0,2.0,2.0
115,11594.0,Localite,2.57351534e-06,72.0,20.0,6.530313825682929e-06,1.0,1.0,1.0
115,11511.0,Avenue,5.94134719e-07,23.0,20.0,1.0270828174e-06,2.0,2.0,2.0
116,1136.0,Avenue (Past Loc),4.721869608999998e-06,193.0,20.0,2.8151726740800014e-05,1.0,1.0,1.0
116,11686.0,Avenue (Past Loc),1.957061531e-06,99.0,20.0,1.2528613124043956e-05,2.0,2.0,2.0
116,1166.0,Localite,1.599444612e-06,81.0,20.0,4.058524792206897e-06,3.0,4.0,3.0
116,11688.0,Avenue,1.5118212209999999e-06,41.0,20.0,5.512721384119401e-06,4.0,3.0,4.0
116,11687.0,Avenue Adjoint,7.477654860000002e-07,33.0,20.0,2.929314270873239e-06,5.0,5.0,5.0
116,11012.0,Avenue (Past Loc),4.834288089999999e-07,28.0,20.0,1.5051779742580644e-06,6.0,6.0,6.0
116,1253.0,Avenue (Past Loc),4.7585752300000004e-07,16.0,20.0,1.14350072648e-06,7.0,7.0,7.0
117,11789.0,Localite,3.1239735179999995e-06,79.0,20.0,1.0097310687325303e-05,1.0,1.0,1.0
117,11788.0,Avenue,6.370698519999999e-07,12.0,20.0,1.1129430889285713e-06,2.0,2.0,2.0
117,1253.0,Avenue (Past Loc),2.75342774e-07,6.0,20.0,3.460040624444444e-07,4.0,3.0,3.0
117,1166.0,Localite,2.93381802e-07,3.0,20.0,2.9338180199999997e-07,3.0,4.0,4.0
118,11887.0,Avenue,1.635915768e-06,37.0,20.0,2.889634393945946e-06,1.0,1.0,1.0
118,11788.0,Avenue,1.3451658889999999e-06,32.0,20.0,2.1265904484375e-06,2.0,2.0,2.0
118,11789.0,Localite,4.1442301000000004e-07,12.0,20.0,5.27804627e-07,3.0,3.0,3.0
118,1193.0,Avenue,2.74191959e-07,3.0,20.0,2.5953838866666663e-07,4.0,4.0,4.0
119,1193.0,Avenue,1.4971148919999998e-06,55.0,20.0,2.6270530121818178e-06,1.0,2.0,1.0
119,11986.0,Avenue,1.2994557999999998e-06,38.0,20.0,2.355312693263158e-06,2.0,3.0,2.0
119,11984.0,Avenue Adjoint,1.1451312089999999e-06,27.0,20.0,2.9249347887142852e-06,3.0,1.0,3.0
119,11789.0,Localite,2.76149889e-07,14.0,20.0,4.606592698235294e-07,5.0,4.0,4.0
119,11887.0,Avenue,4.31800937e-07,3.0,20.0,3.963707634e-07,4.0,5.0,5.0
119,11985.0,Avenue (Past Loc),1.3116037900000002e-07,0.0,20.0,1.31160379e-07,6.0,6.0,6.0
119,12110.0,Localite,5.792242e-09,0.0,20.0,5.792242e-09,8.0,8.0,7.0
119,11987.0,Avenue Adjoint,5.4772464999999995e-08,0.0,20.0,5.4772465e-08,7.0,7.0,8.0
120,12110.0,Localite,3.604911974e-06,136.0,20.0,1.0586893134760273e-05,1.0,1.0,1.0
120,12394.0,Avenue,8.55073686e-07,35.0,20.0,1.988201802888889e-06,3.0,2.0,2.0
120,11987.0,Avenue Adjoint,7.051030949999999e-07,30.0,20.0,1.5209593782727272e-06,4.0,5.0,3.0
120,12391.0,Avenue (Past Loc),8.64278781e-07,23.0,20.0,1.7799172586400001e-06,2.0,3.0,4.0
120,11985.0,Avenue (Past Loc),4.96403195e-07,16.0,20.0,1.6771845086666667e-06,5.0,4.0,5.0
120,11789.0,Localite,2.8743152699999995e-07,13.0,20.0,3.611178155555555e-07,6.0,6.0,6.0
120,1238.0,Avenue Adjoint,2.43516343e-07,9.0,20.0,3.2581790125e-07,8.0,7.0,7.0
120,1201.0,Avenue,2.47344158e-07,3.0,20.0,2.95772304e-07,7.0,8.0,8.0
120,12393.0,Avenue (Past Loc),9.230064299999999e-08,0.0,20.0,9.230064299999999e-08,9.0,9.0,9.0
120,12392.0,Avenue (Past Loc),2.3574049e-08,0.0,20.0,2.3574049e-08,10.0,10.0,10.0
121,12110.0,Localite,3.135469518e-06,94.0,20.0,7.372148570804124e-06,1.0,1.0,1.0
121,1238.0,Avenue Adjoint,1.29352162e-07,5.0,20.0,1.9985161209999997e-07,2.0,2.0,2.0
121,12395.0,Avenue,1.0484835199999999e-07,4.0,20.0,1.37125728e-07,3.0,3.0,3.0
121,12392.0,Avenue (Past Loc),6.838945e-08,2.0,20.0,9.277451325000002e-08,4.0,4.0,4.0
121,22890.0,Avenue Adjoint,1.086614e-09,0.0,20.0,1.086614e-09,5.0,5.0,5.0
122,1238.0,Avenue Adjoint,2.5098115639999997e-06,56.0,20.0,8.23181699913158e-06,1.0,1.0,2.0
122,12395.0,Avenue,5.578642930000001e-07,16.0,20.0,2.11184181325e-06,3.0,2.0,1.0
122,12392.0,Avenue (Past Loc),4.88230697e-07,12.0,20.0,8.70745648923077e-07,5.0,4.0,3.0
122,12393.0,Avenue (Past Loc),4.34174461e-07,10.0,20.0,9.322862176923078e-07,6.0,3.0,4.0
122,12397.0,Avenue,5.64810843e-07,8.0,20.0,6.613872904545454e-07,2.0,6.0,5.0
122,12396.0,Avenue,5.068164149999999e-07,8.0,20.0,7.320599101538462e-07,4.0,5.0,6.0
122,12394.0,Avenue,1.9843178799999999e-07,5.0,20.0,3.282947813333333e-07,7.0,7.0,7.0
122,12398.0,Avenue Adjoint,1.3477348099999998e-07,4.0,20.0,2.6910969249999995e-07,8.0,8.0,8.0
122,12399.0,Avenue,1.13421397e-07,1.0,20.0,1.13421397e-07,10.0,10.0,9.0
122,123100.0,Avenue,1.20477545e-07,1.0,20.0,1.20477545e-07,9.0,9.0,10.0
122,12110.0,Localite,1.6148142e-08,0.0,20.0,1.6148142e-08,11.0,11.0,11.0
123,1238.0,Avenue Adjoint,4.232556051000001e-06,100.0,20.0,1.1994786429000003e-05,1.0,1.0,2.0
123,11789.0,Localite,1.169414256e-06,24.0,20.0,1.2546171383999998e-06,2.0,7.0,1.0
123,12399.0,Avenue,7.55846892e-07,18.0,20.0,1.3598890237894737e-06,4.0,5.0,3.0
123,12398.0,Avenue Adjoint,7.75220859e-07,14.0,20.0,1.2760996407999999e-06,3.0,6.0,4.0
123,12397.0,Avenue,6.967682850000001e-07,14.0,20.0,1.4610758299999999e-06,5.0,4.0,5.0
123,12391.0,Avenue (Past Loc),4.995104759999999e-07,14.0,20.0,1.063603545e-06,9.0,8.0,6.0
123,12392.0,Avenue (Past Loc),5.926824920000001e-07,13.0,20.0,2.432701226277778e-06,8.0,2.0,7.0
123,11985.0,Avenue (Past Loc),2.77024822e-07,13.0,20.0,5.00560767142857e-07,13.0,12.0,8.0
123,12396.0,Avenue,6.535724069999998e-07,13.0,20.0,1.6870775308636362e-06,6.0,3.0,9.0
123,12393.0,Avenue (Past Loc),4.34804378e-07,10.0,20.0,7.846091405e-07,10.0,11.0,10.0
123,12394.0,Avenue,4.2195766799999996e-07,9.0,20.0,8.857171960000002e-07,11.0,10.0,11.0
123,12395.0,Avenue,2.79228467e-07,7.0,20.0,4.376346826666667e-07,12.0,13.0,12.0
123,123100.0,Avenue,6.3754551e-07,6.0,20.0,8.875643580000001e-07,7.0,9.0,13.0
124,11789.0,Localite,5.083927225999998e-06,258.0,20.0,3.1120264795118646e-05,1.0,1.0,1.0
124,12413.0,Avenue (Past Loc),2.8515148720000003e-06,158.0,20.0,1.0516504258601037e-05,2.0,2.0,2.0
124,12485.0,Localite,1.133478159e-06,64.0,20.0,5.338137610734939e-06,3.0,3.0,3.0
124,12545.0,Avenue Adjoint,9.267100680000002e-07,42.0,20.0,4.50635162112e-06,4.0,4.0,4.0
124,1253.0,Avenue (Past Loc),3.44270197e-07,35.0,20.0,4.984704886666666e-07,6.0,6.0,5.0
124,1166.0,Localite,5.111195989999999e-07,25.0,20.0,8.643588878918918e-07,5.0,5.0,6.0
124,11985.0,Avenue (Past Loc),9.176104199999999e-08,6.0,20.0,1.06203188e-07,8.0,8.0,7.0
124,12544.0,Avenue (Past Loc),1.22020389e-07,3.0,20.0,1.9144041375000002e-07,7.0,7.0,8.0
125,1166.0,Localite,2.1604277240000003e-06,88.0,20.0,9.902443908053097e-06,1.0,1.0,1.0
125,12544.0,Avenue (Past Loc),7.608122480000002e-07,34.0,20.0,3.662430139236842e-06,4.0,3.0,2.0
125,12545.0,Avenue Adjoint,7.94837169e-07,34.0,20.0,4.481052420150001e-06,3.0,2.0,3.0
125,1253.0,Avenue (Past Loc),3.7321947100000004e-07,33.0,20.0,1.1585785646944446e-06,7.0,6.0,4.0
125,1136.0,Avenue (Past Loc),5.803932009999999e-07,24.0,20.0,2.5653895539999996e-06,6.0,4.0,5.0
125,11686.0,Avenue (Past Loc),6.6486962e-08,6.0,20.0,1.1175549171428571e-07,8.0,8.0,6.0
125,12413.0,Avenue (Past Loc),1.2453599329999998e-06,6.0,20.0,1.7615412638e-06,2.0,5.0,7.0
125,12485.0,Localite,6.51225216e-07,3.0,20.0,8.763596728888888e-07,5.0,7.0,8.0
126,21647.0,Localite,1.1057753124000005e-05,686.0,20.0,4.279986195946594e-05,1.0,1.0,1.0
126,12686.0,,5.735887439e-06,400.0,20.0,2.2837079598921663e-05,2.0,2.0,2.0
200,20233.0,Localite,2.6437185359999997e-06,84.0,20.0,7.902988990344828e-06,1.0,1.0,1.0
200,20015.0,Localite,1.9867503059999997e-06,63.0,20.0,4.18966746e-06,2.0,2.0,2.0
200,20088.0,Localite Adjoint,1.062533501e-06,30.0,20.0,2.5120707695151513e-06,4.0,3.0,3.0
200,20145.0,Localite,1.1025504829999999e-06,24.0,20.0,2.4207993935714287e-06,3.0,4.0,4.0
200,20087.0,Localite,4.1793190799999997e-07,20.0,20.0,5.597627608e-07,7.0,8.0,5.0
200,20092.0,Avenue,4.15642698e-07,20.0,20.0,5.590759978e-07,8.0,9.0,6.0
200,20012.0,Avenue Adjoint,3.49991218e-07,17.0,20.0,6.389834437777778e-07,10.0,7.0,7.0
200,20086.0,Avenue,3.50887365e-07,17.0,20.0,6.390830156666667e-07,9.0,6.0,8.0
200,20089.0,Localite,5.421590119999999e-07,15.0,20.0,1.0103650013333332e-06,5.0,5.0,9.0
200,20091.0,Avenue,4.95537305e-07,15.0,20.0,4.95537305e-07,6.0,10.0,10.0
200,20090.0,Avenue,2.92503891e-07,13.0,20.0,2.92503891e-07,12.0,12.0,11.0
200,20245.0,Avenue,3.32656985e-07,13.0,20.0,3.32656985e-07,11.0,11.0,12.0
200,20345.0,Localite,9.3545208e-08,10.0,20.0,5.18287644e-08,13.0,13.0,13.0
201,20145.0,Localite,2.4328487759999993e-06,74.0,20.0,6.53709811161702e-06,1.0,1.0,1.0
201,20147.0,Avenue,1.4342048840000003e-06,35.0,20.0,3.058798816489796e-06,2.0,2.0,2.0
201,20089.0,Localite,9.97325574e-07,25.0,20.0,2.4607832677941177e-06,3.0,3.0,3.0
201,2014.0,Avenue,4.8439217e-07,20.0,20.0,9.278480468181818e-07,4.0,4.0,4.0
201,20144.0,Avenue,4.43382993e-07,17.0,20.0,6.4141380485e-07,5.0,5.0,5.0
202,20247.0,Avenue Adjoint,1.1556419600000002e-06,79.0,20.0,6.0027269924117645e-06,4.0,1.0,2.0
202,20249.0,Avenue,1.4467712099999998e-06,78.0,20.0,4.105219899025641e-06,1.0,3.0,1.0
202,20233.0,Localite,1.2691115289999998e-06,74.0,20.0,3.6827024022282605e-06,2.0,4.0,3.0
202,2028.0,Localite,1.217782924e-06,59.0,20.0,2.9206356958235287e-06,3.0,5.0,4.0
202,20244.0,Avenue,7.55812807e-07,57.0,20.0,4.923953851529412e-06,9.0,2.0,5.0
202,20015.0,Localite,9.94532691e-07,41.0,20.0,1.5797379664473685e-06,5.0,9.0,6.0
202,20088.0,Localite Adjoint,8.310757300000001e-07,36.0,20.0,1.7012283130704225e-06,7.0,7.0,7.0
202,20087.0,Localite,8.394781529999999e-07,32.0,20.0,1.59109688128125e-06,6.0,8.0,8.0
202,20245.0,Avenue,8.24367261e-07,26.0,20.0,2.077069370178572e-06,8.0,6.0,9.0
202,20089.0,Localite,6.51510589e-07,23.0,20.0,1.3387422885000002e-06,10.0,10.0,10.0
202,20147.0,Avenue,1.61502502e-07,8.0,20.0,1.61502502e-07,12.0,13.0,11.0
202,20090.0,Avenue,1.7686726200000002e-07,7.0,20.0,3.7953156325000004e-07,11.0,11.0,12.0
202,20092.0,Avenue,1.2103115799999998e-07,4.0,20.0,1.9692210057142856e-07,15.0,12.0,13.0
202,20091.0,Avenue,1.01578264e-07,2.0,20.0,1.0157826399999999e-07,16.0,16.0,14.0
202,20012.0,Avenue Adjoint,1.52353255e-07,1.0,20.0,1.52353255e-07,14.0,15.0,15.0
202,20086.0,Avenue,1.5419129599999994e-07,1.0,20.0,1.54191296e-07,13.0,14.0,16.0
203,2048.0,Localite,2.3468266810000002e-06,97.0,20.0,7.197737113245615e-06,1.0,1.0,1.0
203,20345.0,Localite,1.3738736459999998e-06,70.0,20.0,3.3548763261038964e-06,2.0,3.0,2.0
203,20589.0,Avenue,1.3093765710000002e-06,55.0,20.0,4.05773000939394e-06,3.0,2.0,3.0
203,20087.0,Localite,8.33504533e-07,41.0,20.0,1.3271246235714284e-06,4.0,5.0,4.0
203,20333.0,Localite,4.53037086e-07,29.0,20.0,1.971438636363636e-06,6.0,4.0,5.0
203,20793.0,Localite,5.85648068e-07,12.0,20.0,7.605856813333335e-07,5.0,6.0,6.0
203,20797.0,,2.29358167e-07,8.0,20.0,3.100505313333333e-07,9.0,8.0,7.0
203,20798.0,,2.2935816700000003e-07,8.0,20.0,3.100505313333333e-07,8.0,10.0,8.0
203,20799.0,,2.29358167e-07,8.0,20.0,3.100505313333333e-07,10.0,9.0,9.0
203,2044.0,Avenue,3.48201444e-07,7.0,20.0,6.07597269e-07,7.0,7.0,10.0
203,20792.0,,9.3542996e-08,0.0,20.0,9.354299599999999e-08,11.0,11.0,11.0
203,20796.0,Avenue Adjoint,3.8689e-11,0.0,20.0,3.8689e-11,15.0,15.0,12.0
203,20791.0,,2.1063339e-08,0.0,20.0,2.1063339e-08,14.0,14.0,13.0
203,20794.0,Avenue,6.9893888e-08,0.0,20.0,6.9893888e-08,12.0,12.0,14.0
203,207100.0,Avenue (Past Loc),3.8646848e-08,0.0,20.0,3.8646848000000006e-08,13.0,13.0,15.0
204,2048.0,Localite,2.721192397e-06,118.0,20.0,8.688859972162602e-06,1.0,2.0,1.0
204,20333.0,Localite,1.0730525760000003e-06,53.0,20.0,7.890107479200001e-06,3.0,3.0,2.0
204,2046.0,Avenue,1.2024624049999998e-06,45.0,20.0,9.148742934316666e-06,2.0,1.0,3.0
204,2047.0,Avenue,6.8486038e-07,35.0,20.0,2.645480582e-06,5.0,4.0,4.0
204,20087.0,Localite,5.043932570000001e-07,21.0,20.0,9.989950830999998e-07,8.0,6.0,5.0
204,2028.0,Localite,6.35184501e-07,19.0,20.0,1.011687971860465e-06,6.0,5.0,6.0
204,2045.0,Avenue,9.38268046e-07,15.0,20.0,8.925183273333333e-07,4.0,7.0,7.0
204,2044.0,Avenue,5.240805820000001e-07,15.0,20.0,8.720305374666668e-07,7.0,8.0,8.0
204,20345.0,Localite,3.3776949800000007e-07,9.0,20.0,3.5618982613953483e-07,9.0,9.0,9.0
204,20091.0,Avenue,5.0632502e-08,2.0,20.0,5.926624971428572e-08,10.0,10.0,10.0
205,2048.0,Localite,3.3102048980000003e-06,167.0,20.0,1.0520972814822215e-05,1.0,1.0,1.0
205,20589.0,Avenue,1.5825196920000002e-06,93.0,20.0,5.551149368554457e-06,2.0,2.0,2.0
205,2044.0,Avenue,5.79462227e-07,16.0,20.0,2.1520356165789474e-06,3.0,3.0,3.0
205,2046.0,Avenue,1.7381771400000002e-07,4.0,20.0,2.034861954e-07,4.0,4.0,4.0
205,2045.0,Avenue,2.1257315e-08,0.0,20.0,2.1257315e-08,5.0,5.0,5.0
206,2048.0,Localite,3.477950507e-06,165.0,20.0,1.2539344173840003e-05,1.0,2.0,1.0
206,20589.0,Avenue,2.919169165000001e-06,144.0,20.0,1.2916011193432262e-05,2.0,1.0,2.0
206,2044.0,Avenue,5.57868107e-07,19.0,20.0,5.57868107e-07,3.0,3.0,3.0
206,20793.0,Localite,3.7916904e-08,2.0,20.0,3.7916904e-08,6.0,6.0,4.0
206,20891.0,Avenue Adjoint,1.5493991500000002e-07,1.0,20.0,1.5493991500000002e-07,4.0,5.0,5.0
206,20812.0,Localite,1.54939915e-07,1.0,20.0,1.5493991500000002e-07,5.0,4.0,6.0
206,20797.0,,4.775596e-09,1.0,20.0,4.775596e-09,7.0,9.0,7.0
206,20799.0,,4.775596e-09,1.0,20.0,4.775596e-09,9.0,8.0,8.0
206,20798.0,,4.775596e-09,1.0,20.0,4.775596e-09,8.0,7.0,9.0
207,20793.0,Localite,7.134890253999999e-06,260.0,20.0,2.6512411980392163e-05,1.0,1.0,1.0
207,20791.0,,3.882770316000001e-06,159.0,20.0,1.2071293794407214e-05,2.0,2.0,2.0
207,207102.0,Localite,1.3473282950000003e-06,61.0,20.0,3.897515507049381e-06,4.0,5.0,3.0
207,20795.0,Avenue (Past Loc),1.0432616450000001e-06,49.0,20.0,3.0654695227941183e-06,6.0,8.0,4.0
207,20792.0,,1.314293113e-06,40.0,20.0,3.144445777102041e-06,5.0,7.0,5.0
207,20794.0,Avenue,1.5577124180000003e-06,39.0,20.0,4.813341017599999e-06,3.0,3.0,6.0
207,20796.0,Avenue Adjoint,8.5447088e-07,32.0,20.0,3.525160268023256e-06,7.0,6.0,7.0
207,207100.0,Avenue (Past Loc),6.126426720000001e-07,31.0,20.0,4.4430433755e-06,10.0,4.0,8.0
207,2078.0,Avenue,8.310611020000001e-07,31.0,20.0,2.653170962368421e-06,8.0,9.0,9.0
207,207101.0,Avenue,7.992020310000002e-07,28.0,20.0,2.5193508884210526e-06,9.0,10.0,10.0
207,20797.0,,3.8026673299999996e-07,4.0,20.0,3.9042299712e-07,13.0,13.0,11.0
207,20799.0,,3.80266733e-07,4.0,20.0,3.904229971200001e-07,11.0,11.0,12.0
207,20798.0,,3.8026673299999996e-07,4.0,20.0,3.9042299712e-07,12.0,12.0,13.0
208,20890.0,Avenue,8.31258175e-07,46.0,20.0,1.2723728400434782e-06,3.0,1.0,1.0
208,20891.0,Avenue Adjoint,8.53612788e-07,33.0,20.0,1.2315728466666668e-06,2.0,2.0,2.0
208,20812.0,Localite,8.53612788e-07,33.0,20.0,1.2315728466666668e-06,1.0,3.0,3.0
208,20889.0,Avenue (Past Loc),5.01740427e-07,14.0,20.0,6.671933052857143e-07,4.0,4.0,4.0
208,21086.0,Avenue (Past Loc),6.6236817e-08,0.0,20.0,6.6236817e-08,5.0,5.0,5.0
208,20793.0,Localite,5.863917e-09,0.0,20.0,5.863917e-09,6.0,6.0,6.0
209,20812.0,Localite,2.059053197e-06,74.0,20.0,1.1890069687493824e-05,2.0,1.0,1.0
209,20891.0,Avenue Adjoint,2.059053197e-06,74.0,20.0,1.1890069687493824e-05,1.0,2.0,2.0
209,21212.0,Avenue Adjoint,1.7261211e-08,5.0,20.0,2.4972065999999995e-08,3.0,3.0,3.0
209,21256.0,Localite,3.3402689999999998e-09,3.0,20.0,5.5673118e-09,6.0,6.0,4.0
209,21247.0,Avenue (Past Loc),4.428555e-09,3.0,20.0,6.911426e-09,4.0,4.0,5.0
209,21248.0,Avenue,4.24767e-09,3.0,20.0,6.111752399999999e-09,5.0,5.0,6.0
209,20890.0,Avenue,1.0163e-09,0.0,20.0,1.0163e-09,7.0,7.0,7.0
210,21086.0,Avenue (Past Loc),2.060654507e-06,62.0,20.0,2.101960738580645e-06,1.0,2.0,1.0
210,21085.0,Avenue,6.188687750000001e-07,33.0,20.0,4.856663621695654e-06,2.0,1.0,2.0
210,21212.0,Avenue Adjoint,4.342230499999999e-08,12.0,20.0,5.4649391999999994e-08,6.0,4.0,3.0
210,20891.0,Avenue Adjoint,4.3669203e-08,9.0,20.0,4.565735919999999e-08,4.0,6.0,4.0
210,20812.0,Localite,4.3669202999999994e-08,9.0,20.0,4.56573592e-08,5.0,5.0,5.0
210,21256.0,Localite,5.5454879e-08,9.0,20.0,5.50859e-08,3.0,3.0,6.0
210,21247.0,Avenue (Past Loc),2.1488333e-08,6.0,20.0,2.0937602699999996e-08,8.0,8.0,7.0
210,21189.0,,2.7472472999999998e-08,4.0,20.0,2.7978876e-08,7.0,7.0,8.0
210,21248.0,Avenue,7.71959e-09,4.0,20.0,6.4056006e-09,9.0,9.0,9.0
211,24187.0,,1.848576328e-06,106.0,20.0,7.421662752617646e-06,1.0,2.0,1.0
211,2418.0,Localite,1.8199687710000005e-06,96.0,20.0,8.607437734444445e-06,2.0,1.0,2.0
211,21086.0,Avenue (Past Loc),1.7045922070000004e-06,75.0,20.0,4.211235168e-06,3.0,3.0,3.0
211,21188.0,Localite,8.546162720000001e-07,47.0,20.0,3.2754289995624996e-06,6.0,8.0,4.0
211,21085.0,Avenue,8.781922939999999e-07,45.0,20.0,3.425162823714286e-06,5.0,7.0,5.0
211,2428.0,Avenue (Past Loc),9.930004970000003e-07,35.0,20.0,3.9497332656727275e-06,4.0,4.0,6.0
211,21190.0,Avenue,5.489073140000001e-07,30.0,20.0,1.9614859544736844e-06,8.0,11.0,7.0
211,22145.0,Avenue Adjoint,3.3810789800000005e-07,28.0,20.0,1.9122339838e-06,13.0,12.0,8.0
211,24186.0,Avenue,3.55336791e-07,28.0,20.0,2.005154107682927e-06,12.0,10.0,9.0
211,21194.0,Avenue,5.167195050000001e-07,26.0,20.0,3.4800454607692316e-06,10.0,6.0,10.0
211,21192.0,Avenue Adjoint,5.1653076e-07,26.0,20.0,3.6191717812e-06,11.0,5.0,11.0
211,21193.0,Avenue Adjoint,5.201464079999999e-07,19.0,20.0,1.8238700067586206e-06,9.0,13.0,12.0
211,21191.0,Avenue,5.56078606e-07,18.0,20.0,2.1286533010967743e-06,7.0,9.0,13.0
211,21248.0,Avenue,2.1901227600000002e-07,14.0,20.0,6.47628787368421e-07,17.0,17.0,14.0
211,21256.0,Localite,2.76171786e-07,14.0,20.0,9.901724772413795e-07,14.0,14.0,15.0
211,21212.0,Avenue Adjoint,1.6245984700000001e-07,11.0,20.0,3.6726541225000004e-07,18.0,18.0,16.0
211,21189.0,,2.38109527e-07,11.0,20.0,8.82692188e-07,15.0,15.0,17.0
211,21247.0,Avenue (Past Loc),2.20670798e-07,11.0,20.0,7.636363e-07,16.0,16.0,18.0
212,21256.0,Localite,3.5761926740000005e-06,420.0,20.0,3.0047932337958077e-05,2.0,2.0,1.0
212,21247.0,Avenue (Past Loc),3.5786987099999995e-06,418.0,20.0,3.1862843285655465e-05,1.0,1.0,2.0
212,21189.0,,3.4967294660000007e-06,411.0,20.0,2.912170409127834e-05,3.0,3.0,3.0
212,21251.0,Avenue,2.278258673000001e-06,307.0,20.0,1.659266056799999e-05,4.0,4.0,4.0
212,21249.0,Avenue Adjoint,8.95808692e-07,136.0,20.0,6.587030406848686e-06,7.0,7.0,5.0
212,21212.0,Avenue Adjoint,1.293990714e-06,121.0,20.0,1.4142559892740736e-05,5.0,6.0,6.0
212,21248.0,Avenue,1.2525653189999997e-06,119.0,20.0,1.4354230461886791e-05,6.0,5.0,7.0
212,20812.0,Localite,1.7309277600000003e-07,26.0,20.0,2.948424231724138e-07,8.0,11.0,8.0
212,20891.0,Avenue Adjoint,1.73092776e-07,26.0,20.0,2.9484242317241383e-07,9.0,10.0,9.0
212,21252.0,Avenue,1.41757294e-07,25.0,20.0,6.953433161290322e-07,11.0,9.0,10.0
212,21253.0,Avenue Adjoint,1.70101963e-07,25.0,20.0,8.25090914848485e-07,10.0,8.0,11.0
212,21085.0,Avenue,1.3900168700000002e-07,21.0,20.0,2.259965572e-07,12.0,12.0,12.0
212,2428.0,Avenue (Past Loc),4.2135589e-08,0.0,20.0,4.2135589e-08,13.0,13.0,13.0
213,21985.0,Localite,2.7716378490000007e-06,124.0,20.0,8.550605526086952e-06,1.0,1.0,1.0
213,21989.0,Avenue Adjoint,1.3905178989999999e-06,83.0,20.0,4.411409320281252e-06,2.0,5.0,2.0
213,21247.0,Avenue (Past Loc),1.3525684650000002e-06,79.0,20.0,7.071134628666665e-06,3.0,2.0,3.0
213,21253.0,Avenue Adjoint,7.24997526e-07,49.0,20.0,4.596350809428572e-06,10.0,4.0,4.0
213,21252.0,Avenue,7.873494609999998e-07,49.0,20.0,5.302847088000001e-06,7.0,3.0,5.0
213,21189.0,,6.95168033e-07,49.0,20.0,4.211776613770492e-06,11.0,7.0,6.0
213,21987.0,Avenue,7.455371449999999e-07,47.0,20.0,2.0643827236551726e-06,8.0,10.0,7.0
213,21251.0,Avenue,5.936353149999999e-07,46.0,20.0,3.6600842794285713e-06,13.0,9.0,8.0
213,2131.0,Avenue (Past Loc),6.73211004e-07,45.0,20.0,1.6316803280196084e-06,12.0,14.0,9.0
213,21256.0,Localite,4.40023815e-07,43.0,20.0,1.3741552019555558e-06,16.0,17.0,10.0
213,21349.0,Avenue,7.398839500000001e-07,38.0,20.0,1.673699471604651e-06,9.0,13.0,11.0
213,21350.0,,1.266347723e-06,36.0,20.0,3.75019277875e-06,5.0,8.0,12.0
213,21353.0,Avenue,5.256654199999999e-07,32.0,20.0,1.3436681232e-06,14.0,18.0,13.0
213,21988.0,Avenue Adjoint,3.81354112e-07,26.0,20.0,5.879241394285715e-07,18.0,19.0,14.0
213,21351.0,Avenue,4.13692951e-07,25.0,20.0,1.5436102817142858e-06,17.0,15.0,15.0
213,21352.0,Avenue (Past Loc),4.8763943e-07,25.0,20.0,1.792837149333333e-06,15.0,12.0,16.0
213,21986.0,Avenue,3.7804802799999997e-07,24.0,20.0,1.5359720839285716e-06,19.0,16.0,17.0
213,21354.0,Localite,1.036960021e-06,23.0,20.0,1.9852367975681817e-06,6.0,11.0,18.0
213,21355.0,Avenue,1.314472074e-06,23.0,20.0,4.390061033750001e-06,4.0,6.0,19.0
213,2048.0,Localite,1.8581089099999997e-07,3.0,20.0,2.538011113846154e-07,20.0,20.0,20.0
213,20589.0,Avenue,1.48441285e-07,2.0,20.0,2.1118364266666664e-07,21.0,21.0,21.0
213,2044.0,Avenue,4.4356643e-08,1.0,20.0,4.4356643e-08,22.0,22.0,22.0
214,21432.0,,4.790930516e-06,138.0,20.0,2.2374844257142857e-05,1.0,2.0,1.0
214,21454.0,Localite,4.670463240000002e-06,131.0,20.0,2.2534342459171882e-05,2.0,1.0,2.0
214,21443.0,Avenue Adjoint,1.7069740060000003e-06,71.0,20.0,7.720371547325583e-06,3.0,5.0,3.0
214,21447.0,Avenue Adjoint,1.4954626089999997e-06,63.0,20.0,1.1430486235034092e-05,6.0,4.0,4.0
214,21445.0,Avenue,1.529349817e-06,62.0,20.0,1.238930440858427e-05,5.0,3.0,5.0
214,21444.0,Avenue,1.654681872e-06,58.0,20.0,7.388177788923077e-06,4.0,6.0,6.0
214,21450.0,Avenue (Past Loc),1.05168241e-06,33.0,20.0,2.817797493092593e-06,8.0,10.0,7.0
214,21449.0,Avenue,1.0711050230000001e-06,32.0,20.0,2.783433411529411e-06,7.0,11.0,8.0
214,21448.0,Avenue (Past Loc),6.36245598e-07,28.0,20.0,5.3732755418867935e-06,12.0,7.0,9.0
214,21446.0,Avenue,6.503295029999999e-07,28.0,20.0,3.0217449479615386e-06,11.0,9.0,10.0
214,21455.0,Avenue Adjoint,6.300123320000001e-07,28.0,20.0,4.870542159416665e-06,13.0,8.0,11.0
214,21452.0,Avenue Adjoint,7.97891835e-07,23.0,20.0,1.2779077250434782e-06,9.0,13.0,12.0
214,21451.0,Avenue,7.97815938e-07,20.0,20.0,1.3854670827619048e-06,10.0,12.0,13.0
214,21453.0,Avenue,5.2141989e-07,11.0,20.0,9.450790512666667e-07,14.0,14.0,14.0
214,2131.0,Avenue (Past Loc),1.05789195e-07,4.0,20.0,1.05789195e-07,16.0,16.0,15.0
214,2044.0,Avenue,6.1069254e-08,2.0,20.0,7.123066720000001e-08,17.0,17.0,16.0
214,2048.0,Localite,1.2029975e-07,1.0,20.0,1.2029975e-07,15.0,15.0,17.0
214,21845.0,Localite,1.57029e-10,0.0,20.0,1.57029e-10,18.0,18.0,18.0
215,21589.0,Localite,3.0112807079999998e-06,109.0,20.0,7.91850787470229e-06,1.0,1.0,1.0
215,21647.0,Localite,1.8495069519999998e-06,78.0,20.0,6.402544660537311e-06,2.0,2.0,2.0
215,21593.0,Avenue,9.052695760000001e-07,35.0,20.0,2.8929087014999997e-06,4.0,4.0,3.0
215,21591.0,Avenue,9.45716472e-07,28.0,20.0,2.9112227881463413e-06,3.0,3.0,4.0
215,21594.0,Avenue,6.67128643e-07,24.0,20.0,1.3170867259615385e-06,5.0,5.0,5.0
215,21514.0,Avenue,3.429172319999999e-07,14.0,20.0,3.844925840555556e-07,6.0,6.0,6.0
215,12686.0,,2.2912889200000002e-07,6.0,20.0,3.351732442666667e-07,7.0,7.0,7.0
215,21449.0,Avenue,2.0441050000000004e-09,0.0,20.0,2.044105e-09,10.0,10.0,8.0
215,21450.0,Avenue (Past Loc),2.1715976999999997e-08,0.0,20.0,2.1715977e-08,8.0,8.0,9.0
215,21432.0,,2.0963650000000003e-09,0.0,20.0,2.0963650000000003e-09,9.0,9.0,10.0
216,2164.0,Localite,3.0524905760000005e-06,70.0,20.0,1.4355229066019417e-05,1.0,1.0,1.0
216,21593.0,Avenue,9.273349740000001e-07,30.0,20.0,5.462123765877549e-06,2.0,2.0,2.0
216,21645.0,Avenue,6.47268907e-07,27.0,20.0,2.5191027441666664e-06,3.0,3.0,3.0
216,21646.0,Avenue,4.59002233e-07,22.0,20.0,1.205971773e-06,6.0,5.0,4.0
216,21589.0,Localite,4.68274216e-07,18.0,20.0,6.435281910625001e-07,5.0,7.0,5.0
216,21644.0,Localite,4.90359832e-07,16.0,20.0,1.6239029653333332e-06,4.0,4.0,6.0
216,21647.0,Localite,4.3269230200000003e-07,14.0,20.0,6.773038216363635e-07,7.0,6.0,7.0
216,21514.0,Avenue,9.75987e-08,9.0,20.0,2.1438571749999998e-07,9.0,8.0,8.0
216,21594.0,Avenue,7.744482300000001e-08,8.0,20.0,1.142619476923077e-07,11.0,10.0,9.0
216,21785.0,Localite,6.421230899999999e-08,3.0,20.0,6.4212309e-08,12.0,12.0,10.0
216,21591.0,Avenue,9.296147999999999e-08,1.0,20.0,9.296148e-08,10.0,11.0,11.0
216,2173.0,Avenue,4.5623994e-08,1.0,20.0,4.5623994000000003e-08,15.0,15.0,12.0
216,21787.0,Avenue,1.9082250000000002e-08,1.0,20.0,1.908225e-08,16.0,16.0,13.0
216,12686.0,,6.1347869e-08,0.0,20.0,6.1347869e-08,13.0,13.0,14.0
216,12485.0,Localite,5.0971495e-08,0.0,20.0,5.0971494999999996e-08,14.0,14.0,15.0
216,1166.0,Localite,1.0236846e-08,0.0,20.0,1.0236846e-08,17.0,17.0,16.0
216,12413.0,Avenue (Past Loc),1.86168241e-07,0.0,20.0,1.86168241e-07,8.0,9.0,17.0
216,21786.0,Avenue (Past Loc),9.401178e-09,0.0,20.0,9.401178e-09,18.0,18.0,18.0
217,21785.0,Localite,2.606242582e-06,125.0,20.0,9.40993339446406e-06,1.0,1.0,1.0
217,2164.0,Localite,8.55574697e-07,41.0,20.0,2.2436254861578945e-06,3.0,4.0,2.0
217,21788.0,Localite Adjoint,1.01419055e-06,24.0,20.0,2.292082118769231e-06,2.0,3.0,3.0
217,21789.0,Avenue,8.066634060000001e-07,24.0,20.0,2.09762817552e-06,4.0,5.0,4.0
217,21845.0,Localite,7.940366409999999e-07,21.0,20.0,3.226937264833333e-06,5.0,2.0,5.0
217,2173.0,Avenue,5.426906369999999e-07,21.0,20.0,1.9998450102580646e-06,6.0,6.0,6.0
217,21786.0,Avenue (Past Loc),3.6639979399999994e-07,21.0,20.0,6.909908406800001e-07,8.0,7.0,7.0
217,21790.0,Avenue,4.7360994700000004e-07,16.0,20.0,6.61626076375e-07,7.0,8.0,8.0
217,21787.0,Avenue,2.32209013e-07,16.0,20.0,4.6520980133333334e-07,10.0,9.0,9.0
217,21589.0,Localite,3.05312252e-07,7.0,20.0,3.33455998875e-07,9.0,10.0,10.0
217,21645.0,Avenue,3.9405565999999996e-08,3.0,20.0,4.397347275e-08,14.0,14.0,11.0
217,21646.0,Avenue,5.8704537e-08,2.0,20.0,5.8704537e-08,13.0,13.0,12.0
217,21593.0,Avenue,2.0751540800000001e-07,1.0,20.0,2.0751540800000001e-07,11.0,11.0,13.0
217,21454.0,Localite,1.4901121000000001e-08,0.0,20.0,1.4901121e-08,15.0,15.0,14.0
217,21432.0,,7.7545975e-08,0.0,20.0,7.7545975e-08,12.0,12.0,15.0
217,21450.0,Avenue (Past Loc),7.910077e-09,0.0,20.0,7.910077e-09,17.0,17.0,16.0
217,21449.0,Avenue,8.702600000000002e-09,0.0,20.0,8.7026e-09,16.0,16.0,17.0
218,22289.0,Localite,3.2271202399999993e-06,107.0,20.0,1.6189162713697446e-05,1.0,1.0,1.0
218,21845.0,Localite,8.141397929999998e-07,22.0,20.0,1.7864216855593223e-06,2.0,2.0,2.0
218,21985.0,Localite,4.6551992899999996e-07,14.0,20.0,6.493398030769229e-07,3.0,3.0,3.0
218,22088.0,Localite,4.051549419999999e-07,14.0,20.0,5.015446518421052e-07,5.0,6.0,4.0
218,21454.0,Localite,3.03967202e-07,13.0,20.0,5.577870620000001e-07,7.0,5.0,5.0
218,2418.0,Localite,2.80238154e-07,12.0,20.0,3.605516817777777e-07,8.0,9.0,6.0
218,21989.0,Avenue Adjoint,4.066136009999999e-07,11.0,20.0,5.588994977142859e-07,4.0,4.0,7.0
218,21191.0,Avenue,1.45226329e-07,9.0,20.0,1.6140949003846156e-07,12.0,16.0,8.0
218,21188.0,Localite,1.8764782799999997e-07,8.0,20.0,2.047896154848485e-07,10.0,11.0,9.0
218,24187.0,,1.80228904e-07,8.0,20.0,1.95535197e-07,11.0,14.0,10.0
218,21432.0,,2.54067356e-07,7.0,20.0,4.447580781875e-07,9.0,8.0,11.0
218,21444.0,Avenue,1.3137204899999996e-07,6.0,20.0,2.0279657579999994e-07,14.0,12.0,12.0
218,21443.0,Avenue Adjoint,1.26346189e-07,6.0,20.0,1.9978105979999997e-07,17.0,13.0,13.0
218,2131.0,Avenue (Past Loc),4.0350330899999997e-07,5.0,20.0,4.6546140249999994e-07,6.0,7.0,14.0
218,21353.0,Avenue,7.215755300000001e-08,5.0,20.0,1.2155179466666667e-07,29.0,22.0,15.0
218,21988.0,Avenue Adjoint,7.1388367e-08,5.0,20.0,1.0374771771428571e-07,30.0,25.0,16.0
218,21193.0,Avenue Adjoint,1.1708095000000002e-07,5.0,20.0,1.4110627747368422e-07,19.0,18.0,17.0
218,22087.0,Avenue Adjoint,9.376036400000001e-08,4.0,20.0,9.702744784615384e-08,22.0,27.0,18.0
218,21447.0,Avenue Adjoint,9.2343398e-08,4.0,20.0,1.7040468628571427e-07,23.0,15.0,19.0
218,21445.0,Avenue,1.2747252699999997e-07,4.0,20.0,2.33336131e-07,16.0,10.0,20.0
218,21987.0,Avenue,8.5784286e-08,3.0,20.0,8.326627399999999e-08,26.0,31.0,21.0
218,21351.0,Avenue,1.2813589e-07,3.0,20.0,1.6012681873684208e-07,15.0,17.0,22.0
218,21352.0,Avenue (Past Loc),7.801153000000001e-08,3.0,20.0,1.0608788699999999e-07,28.0,24.0,23.0
218,22083.0,Avenue,6.6925884e-08,3.0,20.0,1.1419158359999999e-07,33.0,23.0,24.0
218,22071.0,Avenue,6.7172959e-08,3.0,20.0,1.27044254e-07,32.0,20.0,25.0
218,22086.0,Avenue,6.102318999999999e-08,3.0,20.0,6.703496836363636e-08,34.0,34.0,26.0
218,2218.0,Avenue Adjoint,6.780279400000001e-08,2.0,20.0,6.7802794e-08,31.0,33.0,27.0
218,22084.0,Avenue,8.8766987e-08,2.0,20.0,9.49163463e-08,25.0,30.0,28.0
218,22085.0,Avenue Adjoint,9.0666108e-08,2.0,20.0,9.76015709090909e-08,24.0,26.0,29.0
218,21086.0,Avenue (Past Loc),1.2173113700000001e-07,2.0,20.0,1.21731137e-07,18.0,21.0,30.0
218,21451.0,Avenue,9.6584946e-08,1.0,20.0,9.6584946e-08,20.0,28.0,31.0
218,22145.0,Avenue Adjoint,8.194083800000001e-08,1.0,20.0,8.1940838e-08,27.0,32.0,32.0
218,21452.0,Avenue Adjoint,9.549503600000001e-08,1.0,20.0,9.549503600000001e-08,21.0,29.0,33.0
218,21986.0,Avenue,1.36278931e-07,1.0,20.0,1.36278931e-07,13.0,19.0,34.0
218,21847.0,Avenue Adjoint,5.77888e-09,0.0,20.0,5.77888e-09,35.0,35.0,35.0
219,21985.0,Localite,3.427273697e-06,181.0,20.0,1.2028003402898554e-05,1.0,1.0,1.0
219,21989.0,Avenue Adjoint,1.480274653e-06,81.0,20.0,7.331418405291261e-06,2.0,4.0,2.0
219,21987.0,Avenue,1.043550761e-06,57.0,20.0,1.890088363534483e-06,3.0,11.0,3.0
219,21353.0,Avenue,8.791614190000001e-07,52.0,20.0,3.4077166427796612e-06,5.0,6.0,4.0
219,21988.0,Avenue Adjoint,8.798190510000001e-07,49.0,20.0,3.1307598284905665e-06,4.0,7.0,5.0
219,21352.0,Avenue (Past Loc),6.94991808e-07,44.0,20.0,1.8904278765217393e-06,8.0,10.0,6.0
219,21351.0,Avenue,5.373836410000001e-07,43.0,20.0,3.1016360811111117e-06,11.0,8.0,7.0
219,22083.0,Avenue,6.49961754e-07,42.0,20.0,6.383553378092308e-06,9.0,5.0,8.0
219,22071.0,Avenue,7.497639319999999e-07,42.0,20.0,8.299696318341467e-06,6.0,2.0,9.0
219,22088.0,Localite,7.345520379999999e-07,42.0,20.0,7.726201986000002e-06,7.0,3.0,10.0
219,21845.0,Localite,6.073126029999999e-07,40.0,20.0,1.1905883048245612e-06,10.0,12.0,11.0
219,21986.0,Avenue,4.942786410000001e-07,33.0,20.0,2.7597983007073174e-06,12.0,9.0,12.0
219,21247.0,Avenue (Past Loc),1.9698603000000004e-07,8.0,20.0,2.563864586785714e-07,13.0,13.0,13.0
219,21251.0,Avenue,1.1137080500000002e-07,4.0,20.0,1.2942019438888886e-07,15.0,15.0,14.0
219,2131.0,Avenue (Past Loc),1.33844932e-07,4.0,20.0,2.43680328e-07,14.0,14.0,15.0
219,21253.0,Avenue Adjoint,5.4899274e-08,3.0,20.0,6.713468e-08,20.0,20.0,16.0
219,21189.0,,7.545155500000002e-08,3.0,20.0,9.302478524e-08,18.0,17.0,17.0
219,21256.0,Localite,6.095453700000001e-08,3.0,20.0,7.749931278947368e-08,19.0,19.0,18.0
219,22289.0,Localite,2.2610227e-08,3.0,20.0,2.634013881818182e-08,21.0,21.0,19.0
219,21252.0,Avenue,8.566913e-08,3.0,20.0,1.0365343944827588e-07,17.0,16.0,20.0
219,21349.0,Avenue,8.6028991e-08,1.0,20.0,8.602899100000002e-08,16.0,18.0,21.0
220,22088.0,Localite,3.012801022e-06,307.0,20.0,3.7191800900591266e-05,1.0,1.0,1.0
220,22085.0,Avenue Adjoint,1.133146748e-06,145.0,20.0,1.892105515839888e-05,3.0,2.0,2.0
220,22084.0,Avenue,1.1351154829999999e-06,143.0,20.0,1.8001884911494253e-05,2.0,3.0,3.0
220,22086.0,Avenue,1.090424002e-06,66.0,20.0,1.1704576147413791e-05,5.0,4.0,4.0
220,22087.0,Avenue Adjoint,1.0938780320000002e-06,66.0,20.0,1.1022514323870588e-05,4.0,5.0,5.0
220,22071.0,Avenue,3.7083011400000004e-07,56.0,20.0,1.7394403265161293e-06,9.0,8.0,6.0
220,22083.0,Avenue,4.714611750000001e-07,56.0,20.0,3.51054404329114e-06,6.0,6.0,7.0
220,21845.0,Localite,4.6837363200000005e-07,40.0,20.0,1.1898910945882353e-06,8.0,9.0,8.0
220,2218.0,Avenue Adjoint,4.71062402e-07,40.0,20.0,2.23805336275e-06,7.0,7.0,9.0
220,21247.0,Avenue (Past Loc),3.46233684e-07,26.0,20.0,4.6002414536170214e-07,10.0,10.0,10.0
220,21251.0,Avenue,3.3219853300000005e-07,24.0,20.0,4.2953100405932227e-07,11.0,11.0,11.0
220,21189.0,,3.1018909200000004e-07,21.0,20.0,4.148286927931034e-07,12.0,12.0,12.0
220,21256.0,Localite,2.782498909999999e-07,19.0,20.0,3.715747885970151e-07,13.0,13.0,13.0
220,21253.0,Avenue Adjoint,5.8605319000000013e-08,7.0,20.0,1.0106083207407407e-07,16.0,14.0,14.0
220,21249.0,Avenue Adjoint,7.4786675e-08,6.0,20.0,9.44838118181818e-08,14.0,15.0,15.0
220,21252.0,Avenue,2.8185346000000002e-08,5.0,20.0,3.932703000000001e-08,18.0,18.0,16.0
220,21212.0,Avenue Adjoint,5.9265528e-08,2.0,20.0,5.9265528e-08,15.0,16.0,17.0
220,21248.0,Avenue,3.9683934e-08,1.0,20.0,3.9683934e-08,17.0,17.0,18.0
221,24187.0,,2.3247569500000005e-06,65.0,20.0,8.082237494857146e-06,1.0,1.0,1.0
221,2418.0,Localite,2.1499863439999998e-06,51.0,20.0,6.849449147861312e-06,2.0,2.0,2.0
221,21086.0,Avenue (Past Loc),1.861769923e-06,45.0,20.0,5.635702871018182e-06,3.0,3.0,3.0
221,21188.0,Localite,1.3160333590000002e-06,40.0,20.0,2.9053764143478256e-06,4.0,4.0,4.0
221,22088.0,Localite,5.98318422e-07,19.0,20.0,2.7959268195833336e-06,6.0,5.0,5.0
221,21190.0,Avenue,7.11054888e-07,19.0,20.0,1.7115639609523807e-06,5.0,8.0,6.0
221,2218.0,Avenue Adjoint,5.0490783e-07,17.0,20.0,2.341799535e-06,9.0,6.0,7.0
221,22145.0,Avenue Adjoint,4.74260491e-07,16.0,20.0,1.010500851107143e-06,10.0,12.0,8.0
221,21191.0,Avenue,5.599246959999999e-07,16.0,20.0,1.501551016730769e-06,7.0,11.0,9.0
221,21193.0,Avenue Adjoint,5.50392036e-07,13.0,20.0,1.587938468777778e-06,8.0,9.0,10.0
221,21845.0,Localite,4.6233141600000004e-07,12.0,20.0,5.765842473333332e-07,11.0,13.0,11.0
221,21194.0,Avenue,4.54355424e-07,11.0,20.0,1.7284538394499998e-06,13.0,7.0,12.0
221,21192.0,Avenue Adjoint,4.54670525e-07,11.0,20.0,1.5643969729411767e-06,12.0,10.0,13.0
221,2415.0,Avenue Adjoint,8.263599399999999e-08,7.0,20.0,1.0426865654545454e-07,17.0,14.0,14.0
221,24186.0,Avenue,8.600049499999998e-08,4.0,20.0,6.847326033333334e-08,15.0,20.0,15.0
221,21247.0,Avenue (Past Loc),8.358844599999998e-08,2.0,20.0,9.485351333333332e-08,16.0,16.0,16.0
221,21248.0,Avenue,6.5961119e-08,2.0,20.0,7.65042712e-08,19.0,17.0,17.0
221,21189.0,,5.3314471999999995e-08,2.0,20.0,6.302019545454544e-08,22.0,21.0,18.0
221,21256.0,Localite,6.2988644e-08,2.0,20.0,7.335378792857143e-08,20.0,18.0,19.0
221,21212.0,Avenue Adjoint,4.6664762e-08,2.0,20.0,5.2227087499999995e-08,23.0,23.0,20.0
221,24184.0,Avenue,5.5990149e-08,1.0,20.0,5.5990149e-08,21.0,22.0,21.0
221,21085.0,Avenue,1.0257738099999999e-07,1.0,20.0,1.02577381e-07,14.0,15.0,22.0
221,24183.0,Avenue,7.281922e-08,1.0,20.0,7.281922e-08,18.0,19.0,23.0
221,22289.0,Localite,2.149549e-09,0.0,20.0,2.149549e-09,24.0,24.0,24.0
222,21845.0,Localite,6.379303109999999e-07,19.0,20.0,1.6192109363043478e-06,1.0,1.0,1.0
222,21847.0,Avenue Adjoint,2.3419540099999999e-07,6.0,20.0,5.442819531428571e-07,3.0,2.0,2.0
222,21848.0,Avenue,2.1259974999999998e-07,5.0,20.0,3.995780969090909e-07,4.0,3.0,3.0
222,22289.0,Localite,7.316098199999999e-08,3.0,20.0,1.0668061628571428e-07,7.0,7.0,4.0
222,24450.0,,3.36738152e-07,1.0,20.0,3.36738152e-07,2.0,4.0,5.0
222,2372.0,Avenue (Past Loc),3.3602401e-08,0.0,20.0,3.3602401e-08,10.0,10.0,6.0
222,24187.0,,4.609261e-08,0.0,20.0,4.609261e-08,8.0,8.0,7.0
222,24184.0,Avenue,2.3697291e-08,0.0,20.0,2.3697291e-08,11.0,11.0,8.0
222,24183.0,Avenue,4.2881283e-08,0.0,20.0,4.2881283e-08,9.0,9.0,9.0
222,24247.0,,1.36243937e-07,0.0,20.0,1.36243937e-07,6.0,6.0,10.0
222,23689.0,Avenue,3.6031999999999997e-09,0.0,20.0,3.6031999999999997e-09,15.0,15.0,11.0
222,2418.0,Localite,5.13909e-10,0.0,20.0,5.13909e-10,16.0,16.0,12.0
222,21188.0,Localite,1.6765552900000001e-07,0.0,20.0,1.6765552900000001e-07,5.0,5.0,13.0
222,22371.0,Avenue,1.0509592e-08,0.0,20.0,1.0509592e-08,14.0,14.0,14.0
222,22387.0,Localite,1.9837746999999997e-08,0.0,20.0,1.9837747e-08,12.0,12.0,15.0
222,23695.0,Localite Adjoint,1.0734564e-08,0.0,20.0,1.0734564e-08,13.0,13.0,16.0
223,22387.0,Localite,3.495694858e-06,81.0,20.0,1.0259128573509935e-05,1.0,1.0,1.0
223,22371.0,Avenue,9.723091939999999e-07,24.0,20.0,1.9671889932592596e-06,3.0,3.0,2.0
223,22384.0,Avenue,1.0128082680000002e-06,18.0,20.0,2.671781437027777e-06,2.0,2.0,3.0
223,23386.0,Avenue (Past Loc),1.3789833299999997e-07,1.0,20.0,1.3789833299999997e-07,4.0,4.0,4.0
223,22451.0,Avenue (Past Loc),9.4435459e-08,1.0,20.0,9.443545900000001e-08,5.0,5.0,5.0
223,23449.0,Localite,1.8164393999999996e-08,0.0,20.0,1.8164394e-08,7.0,7.0,6.0
223,23584.0,Avenue,5.8576236000000004e-08,0.0,20.0,5.8576236000000004e-08,6.0,6.0,7.0
224,22584.0,,1.5345485580000003e-06,78.0,20.0,4.626105014444444e-06,2.0,2.0,1.0
224,22510.0,Localite,1.8198110540000002e-06,73.0,20.0,3.5807223092374096e-06,1.0,3.0,2.0
224,22387.0,Localite,1.4578454879999997e-06,68.0,20.0,4.748550388948454e-06,3.0,1.0,3.0
224,22449.0,Avenue,4.692343500000001e-07,31.0,20.0,1.319628791076923e-06,11.0,9.0,4.0
224,22448.0,Avenue (Past Loc),4.75956196e-07,29.0,20.0,2.6577140722500003e-06,5.0,6.0,5.0
224,22572.0,Avenue Adjoint,4.756732800000001e-07,28.0,20.0,2.7656408234146343e-06,7.0,5.0,6.0
224,22573.0,Localite,4.7646388e-07,28.0,20.0,2.5443187933333335e-06,4.0,7.0,7.0
224,22447.0,Avenue Adjoint,4.757956400000001e-07,28.0,20.0,2.7656885736585368e-06,6.0,4.0,8.0
224,2241.0,Avenue,4.7343895699999996e-07,22.0,20.0,1.2578271529696972e-06,10.0,11.0,9.0
224,22450.0,Avenue Adjoint,4.7363857499999996e-07,22.0,20.0,1.284864868e-06,9.0,10.0,10.0
224,2332.0,Avenue (Past Loc),3.33019416e-07,18.0,20.0,4.81255401e-07,12.0,12.0,11.0
224,23193.0,Avenue (Past Loc),4.74541727e-07,14.0,20.0,1.9276910178947367e-06,8.0,8.0,12.0
224,22451.0,Avenue (Past Loc),2.6349128e-07,13.0,20.0,4.327335582e-07,13.0,13.0,13.0
224,22384.0,Avenue,7.563763700000001e-08,7.0,20.0,5.851936800000001e-08,14.0,14.0,14.0
224,23449.0,Localite,1.5195246e-08,0.0,20.0,1.5195246e-08,16.0,16.0,15.0
224,23374.0,,2.5332658e-08,0.0,20.0,2.5332658e-08,15.0,15.0,16.0
225,22510.0,Localite,2.8327951749999998e-06,104.0,20.0,1.8165998018078207e-05,1.0,1.0,1.0
225,22584.0,,2.2391948700000003e-06,91.0,20.0,1.0090316829185187e-05,2.0,2.0,2.0
225,22587.0,Avenue Adjoint,7.957181e-07,25.0,20.0,3.0477120100000002e-06,3.0,3.0,3.0
225,2253.0,Avenue,7.677415860000002e-07,22.0,20.0,2.8677355543448276e-06,4.0,4.0,4.0
225,2241.0,Avenue,3.79079818e-07,11.0,20.0,4.618961236842105e-07,6.0,6.0,5.0
225,22450.0,Avenue Adjoint,2.8258803600000007e-07,10.0,20.0,3.8710861149999997e-07,8.0,10.0,6.0
225,22448.0,Avenue (Past Loc),2.85421857e-07,10.0,20.0,4.5897217270588235e-07,7.0,7.0,7.0
225,22447.0,Avenue Adjoint,2.11195142e-07,8.0,20.0,3.7876907126666663e-07,11.0,11.0,8.0
225,22573.0,Localite,2.7929120700000005e-07,8.0,20.0,4.21176882e-07,10.0,9.0,9.0
225,22572.0,Avenue Adjoint,2.80362515e-07,6.0,20.0,4.4904672333333334e-07,9.0,8.0,10.0
225,23193.0,Avenue (Past Loc),5.05009792e-07,5.0,20.0,5.05009792e-07,5.0,5.0,11.0
225,22449.0,Avenue,1.7397683e-07,2.0,20.0,2.1526296350000004e-07,12.0,12.0,12.0
225,22387.0,Localite,1.0827295e-08,1.0,20.0,1.0827295000000001e-08,13.0,13.0,13.0
226,22510.0,Localite,2.8483117680000002e-06,48.0,20.0,5.533004283211382e-06,1.0,2.0,1.0
226,22584.0,,1.0849622049999998e-06,20.0,20.0,6.213611132323942e-06,2.0,1.0,2.0
226,2253.0,Avenue,1.7894976599999997e-07,3.0,20.0,2.171251252857143e-07,3.0,3.0,3.0
226,2291.0,Avenue (Past Loc),6.1853318e-08,2.0,20.0,8.080083858823531e-08,5.0,5.0,4.0
226,22587.0,Avenue Adjoint,1.7133919400000004e-07,2.0,20.0,2.1490566169999999e-07,4.0,4.0,5.0
226,22952.0,,2.3803741000000003e-08,0.0,20.0,2.3803741000000006e-08,7.0,7.0,6.0
226,22789.0,Localite,3.0490143999999997e-08,0.0,20.0,3.0490143999999997e-08,6.0,6.0,7.0
226,22951.0,Avenue,5.6133e-11,0.0,20.0,5.6133e-11,8.0,8.0,8.0
227,22952.0,,5.826198949999999e-06,228.0,20.0,3.707021976697561e-05,1.0,1.0,1.0
227,22789.0,Localite,3.886901127999998e-06,158.0,20.0,2.3113538475739543e-05,2.0,2.0,2.0
227,22710.0,Avenue,1.191349391e-06,50.0,20.0,4.563919162982143e-06,3.0,3.0,3.0
227,2291.0,Avenue (Past Loc),8.10064024e-07,33.0,20.0,1.787244276027397e-06,5.0,5.0,4.0
227,22788.0,Avenue,9.092240799999999e-07,20.0,20.0,3.0083607997857146e-06,4.0,4.0,5.0
227,22584.0,,6.60188536e-07,15.0,20.0,1.143580338596491e-06,7.0,6.0,6.0
227,22510.0,Localite,7.143760619999999e-07,6.0,20.0,8.592455781538463e-07,6.0,7.0,7.0
227,22887.0,Avenue,4.079075e-09,0.0,20.0,4.079075e-09,8.0,8.0,8.0
227,22951.0,Avenue,3.213961e-09,0.0,20.0,3.213961e-09,9.0,9.0,9.0
228,22952.0,,4.498499167e-06,190.0,20.0,2.6400331947239994e-05,1.0,1.0,1.0
228,22887.0,Avenue,1.3881768280000001e-06,54.0,20.0,1.0457232305373133e-05,2.0,2.0,2.0
228,22885.0,Avenue,1.04922388e-06,49.0,20.0,7.699233520941174e-06,3.0,3.0,3.0
228,22584.0,,7.265859219999998e-07,25.0,20.0,1.1379818772340428e-06,5.0,7.0,4.0
228,22888.0,Avenue Adjoint,6.64960243e-07,25.0,20.0,2.4462084070270264e-06,7.0,4.0,5.0
228,22890.0,Avenue Adjoint,9.9239875e-07,24.0,20.0,1.8941044020967742e-06,4.0,6.0,6.0
228,22886.0,Avenue,6.69256482e-07,21.0,20.0,2.017399390275862e-06,6.0,5.0,7.0
228,22789.0,Localite,8.7912889e-08,8.0,20.0,9.551195138461538e-08,8.0,8.0,8.0
228,22710.0,Avenue,6.186041999999999e-09,3.0,20.0,9.278893e-09,9.0,9.0,9.0
229,22789.0,Localite,2.7976382749999997e-06,111.0,20.0,1.5542289632591552e-05,1.0,1.0,1.0
229,2291.0,Avenue (Past Loc),2.417861228e-06,102.0,20.0,1.3948672096432432e-05,3.0,2.0,2.0
229,22952.0,,2.4392887279999986e-06,89.0,20.0,1.3373204927868554e-05,2.0,3.0,3.0
229,22950.0,Localite Adjoint,1.521022721e-06,66.0,20.0,5.1610198641797746e-06,4.0,5.0,4.0
229,22951.0,Avenue,1.217740078e-06,57.0,20.0,7.746938918943821e-06,5.0,4.0,5.0
229,22510.0,Localite,1.1681878489999993e-06,53.0,20.0,4.258067009142857e-06,6.0,6.0,6.0
229,22584.0,,1.0905409119999993e-06,19.0,20.0,1.3371256021068701e-06,7.0,8.0,7.0
229,22788.0,Avenue,4.406407970000001e-07,14.0,20.0,1.7857118509090907e-06,8.0,7.0,8.0
229,2304.0,Avenue,2.90466876e-07,7.0,20.0,6.107790257777778e-07,9.0,9.0,9.0
229,22710.0,Avenue,9.651979e-08,1.0,20.0,9.651979e-08,10.0,10.0,10.0
230,22950.0,Localite Adjoint,2.863523553e-06,66.0,20.0,6.430533394082191e-06,1.0,1.0,1.0
230,23012.0,Avenue,6.86677026e-07,17.0,20.0,1.0412855489411766e-06,3.0,4.0,2.0
230,23089.0,Avenue,6.05874002e-07,17.0,20.0,1.6338323452631577e-06,4.0,2.0,3.0
230,23088.0,Avenue,8.75131789e-07,12.0,20.0,1.3007564112e-06,2.0,3.0,4.0
230,2304.0,Avenue,2.79700763e-07,9.0,20.0,5.033962054000001e-07,5.0,5.0,5.0
230,22951.0,Avenue,1.02870218e-07,2.0,20.0,1.1741646160000003e-07,6.0,6.0,6.0
231,22950.0,Localite Adjoint,3.2186191870000002e-06,77.0,20.0,6.137448749876544e-06,1.0,1.0,1.0
231,23449.0,Localite,1.035373225e-06,26.0,20.0,2.139408362142857e-06,2.0,2.0,2.0
231,2317.0,Avenue,6.44856077e-07,24.0,20.0,8.34413393e-07,7.0,7.0,3.0
231,23181.0,Avenue,7.709002e-07,22.0,20.0,1.384986472727273e-06,3.0,4.0,4.0
231,23194.0,Avenue (Past Loc),7.32076372e-07,18.0,20.0,1.6967586250526316e-06,4.0,3.0,5.0
231,23195.0,Avenue Adjoint,7.0005821e-07,15.0,20.0,9.7102368525e-07,5.0,6.0,6.0
231,2304.0,Avenue,6.72708768e-07,14.0,20.0,1.0078133637142855e-06,6.0,5.0,7.0
231,23193.0,Avenue (Past Loc),3.29205889e-07,8.0,20.0,5.096793396666667e-07,8.0,8.0,8.0
231,2325.0,Avenue,7.6322123e-08,2.0,20.0,9.775489666666666e-08,10.0,9.0,9.0
231,23374.0,,8.0680207e-08,1.0,20.0,8.0680207e-08,9.0,10.0,10.0
232,22950.0,Localite Adjoint,2.8806162809999997e-06,66.0,20.0,1.015385019329268e-05,1.0,1.0,1.0
232,23449.0,Localite,1.174963509e-06,30.0,20.0,3.5311609711475406e-06,2.0,2.0,2.0
232,23181.0,Avenue,6.8536465e-07,22.0,20.0,2.08735703204e-06,6.0,6.0,3.0
232,2325.0,Avenue,7.12229313e-07,20.0,20.0,2.9497827056400003e-06,4.0,3.0,4.0
232,23195.0,Avenue Adjoint,6.78716885e-07,19.0,20.0,2.057496704533334e-06,8.0,7.0,5.0
232,23374.0,,8.92402081e-07,18.0,20.0,2.407613538976745e-06,3.0,4.0,6.0
232,2317.0,Avenue,7.03307834e-07,17.0,20.0,2.3220626870882355e-06,5.0,5.0,7.0
232,23193.0,Avenue (Past Loc),4.90613282e-07,14.0,20.0,1.3732894178461538e-06,10.0,10.0,8.0
232,22510.0,Localite,5.02141136e-07,13.0,20.0,6.994343967536231e-07,9.0,11.0,9.0
232,23194.0,Avenue (Past Loc),6.84119108e-07,12.0,20.0,2.0536865111000005e-06,7.0,8.0,10.0
232,22584.0,,2.2618053800000002e-07,9.0,20.0,3.6097023275862074e-07,12.0,12.0,11.0
232,2304.0,Avenue,4.17964698e-07,8.0,20.0,1.618808442857143e-06,11.0,9.0,12.0
232,22449.0,Avenue,1.4148816299999999e-07,8.0,20.0,2.2268873e-07,15.0,13.0,13.0
232,22447.0,Avenue Adjoint,1.13436074e-07,4.0,20.0,1.2510151057692306e-07,17.0,17.0,14.0
232,22572.0,Avenue Adjoint,1.1362066100000002e-07,4.0,20.0,1.254645965925926e-07,16.0,16.0,15.0
232,22573.0,Localite,1.0388627100000002e-07,3.0,20.0,1.165372424e-07,19.0,18.0,16.0
232,22448.0,Avenue (Past Loc),1.01977367e-07,3.0,20.0,1.1440947600000003e-07,20.0,19.0,17.0
232,22450.0,Avenue Adjoint,1.07000508e-07,3.0,20.0,1.0700050800000001e-07,18.0,20.0,18.0
232,22387.0,Localite,1.67754879e-07,3.0,20.0,1.7900012964705884e-07,14.0,14.0,19.0
232,23385.0,Avenue (Past Loc),1.7674588999999998e-07,2.0,20.0,1.7674588999999998e-07,13.0,15.0,20.0
232,2241.0,Avenue,1.01084047e-07,2.0,20.0,1.01084047e-07,21.0,21.0,21.0
233,23374.0,,4.9041371170000034e-06,222.0,20.0,1.4407541231240907e-05,1.0,1.0,1.0
233,23386.0,Avenue (Past Loc),4.117542261999998e-06,182.0,20.0,1.1422843917927283e-05,2.0,2.0,2.0
233,23449.0,Localite,4.110945918999999e-06,171.0,20.0,9.882924747243596e-06,3.0,3.0,3.0
233,23385.0,Avenue (Past Loc),3.065175627999999e-06,136.0,20.0,6.74769886704545e-06,4.0,4.0,4.0
233,22451.0,Avenue (Past Loc),6.12966124e-07,30.0,20.0,1.7359861648965515e-06,7.0,5.0,5.0
233,2332.0,Avenue (Past Loc),7.18342817e-07,21.0,20.0,1.4370441516785714e-06,5.0,6.0,6.0
233,23447.0,Avenue,3.4080873399999995e-07,10.0,20.0,5.92737195e-07,8.0,10.0,7.0
233,22387.0,Localite,6.205866920000004e-07,10.0,20.0,7.873254454426227e-07,6.0,7.0,8.0
233,22950.0,Localite Adjoint,2.6296670899999995e-07,9.0,20.0,7.17661621368421e-07,9.0,8.0,9.0
233,23193.0,Avenue (Past Loc),2.3438651400000003e-07,8.0,20.0,6.121859201999999e-07,10.0,9.0,10.0
233,23584.0,Avenue,1.0219038000000001e-08,0.0,20.0,1.0219038000000001e-08,11.0,11.0,11.0
234,23449.0,Localite,4.363984099e-06,108.0,20.0,9.830668530385089e-06,1.0,1.0,1.0
234,23386.0,Avenue (Past Loc),1.6519688550000004e-06,75.0,20.0,3.924892477442857e-06,2.0,2.0,2.0
234,23374.0,,1.3952664209999999e-06,59.0,20.0,3.0624832826666654e-06,3.0,3.0,3.0
234,23447.0,Avenue,7.602606149999998e-07,40.0,20.0,1.8048755491904761e-06,5.0,5.0,4.0
234,23448.0,Avenue,1.350907186e-06,37.0,20.0,2.264553582075949e-06,4.0,4.0,5.0
234,2332.0,Avenue (Past Loc),5.98533312e-07,12.0,20.0,9.70733802285714e-07,6.0,6.0,6.0
234,23193.0,Avenue (Past Loc),3.53313942e-07,8.0,20.0,4.05463717e-07,8.0,8.0,7.0
234,22950.0,Localite Adjoint,3.6493290399999997e-07,8.0,20.0,6.53389532e-07,7.0,7.0,8.0
235,23584.0,Avenue,1.304286541e-06,85.0,20.0,9.866034573333334e-06,1.0,1.0,1.0
235,23510.0,Avenue (Past Loc),7.293090240000001e-07,75.0,20.0,2.961778723600001e-06,2.0,2.0,2.0
235,23585.0,Avenue (Past Loc),7.03284794e-07,54.0,20.0,1.2993786228148147e-06,3.0,3.0,3.0
235,23694.0,Avenue (Past Loc),1.8243856999999999e-07,13.0,20.0,1.778155597142857e-07,5.0,5.0,4.0
235,23449.0,Localite,2.89078705e-07,6.0,20.0,6.710054060666666e-07,4.0,4.0,5.0
235,23374.0,,9.172439599999999e-08,4.0,20.0,1.0083066e-07,8.0,6.0,6.0
235,23385.0,Avenue (Past Loc),1.00804614e-07,0.0,20.0,1.0080461400000001e-07,6.0,7.0,7.0
235,23447.0,Avenue,5.14568e-10,0.0,20.0,5.14568e-10,9.0,9.0,8.0
235,23386.0,Avenue (Past Loc),9.7192269e-08,0.0,20.0,9.719226899999998e-08,7.0,8.0,9.0
236,23695.0,Localite Adjoint,2.6120016010000003e-06,120.0,20.0,4.2729516911336895e-06,1.0,5.0,1.0
236,21847.0,Avenue Adjoint,2.0937813449999993e-06,95.0,20.0,6.044119593027025e-06,2.0,1.0,2.0
236,21845.0,Localite,1.817789461e-06,82.0,20.0,5.662269924920792e-06,3.0,2.0,3.0
236,23690.0,Localite,1.2362562800000001e-06,81.0,20.0,4.180073629291668e-06,5.0,6.0,4.0
236,21848.0,Avenue,1.604820546e-06,78.0,20.0,5.6373515004424776e-06,4.0,3.0,5.0
236,23584.0,Avenue,8.912195090000002e-07,66.0,20.0,2.387801242072464e-06,8.0,7.0,6.0
236,23694.0,Avenue (Past Loc),1.2211565359999997e-06,43.0,20.0,5.55030202470492e-06,6.0,4.0,7.0
236,23689.0,Avenue,9.99779358e-07,42.0,20.0,1.9987729156708864e-06,7.0,8.0,8.0
236,23691.0,Avenue,5.0272114e-07,39.0,20.0,8.896955124637683e-07,10.0,10.0,9.0
236,23693.0,Avenue (Past Loc),5.36918841e-07,24.0,20.0,1.0047539457142857e-06,9.0,9.0,10.0
236,23692.0,Avenue Adjoint,3.19545404e-07,23.0,20.0,5.899773600851063e-07,12.0,12.0,11.0
236,23510.0,Avenue (Past Loc),3.8876097e-07,14.0,20.0,6.79747744e-07,11.0,11.0,12.0
236,23845.0,Avenue (Past Loc),1.3615246e-08,0.0,20.0,1.3615245999999999e-08,14.0,14.0,13.0
236,23846.0,Avenue (Past Loc),1.50869816e-07,0.0,20.0,1.50869816e-07,13.0,13.0,14.0
237,23845.0,Avenue (Past Loc),1.5172186230000002e-06,98.0,20.0,3.0058653011650483e-06,2.0,2.0,1.0
237,23846.0,Avenue (Past Loc),2.975179297e-06,66.0,20.0,5.6736588935777775e-06,1.0,1.0,2.0
237,24085.0,Avenue (Past Loc),3.70512815e-07,28.0,20.0,6.091317046896551e-07,3.0,4.0,3.0
237,23844.0,Localite,2.8206548699999997e-07,10.0,20.0,4.84665328e-07,5.0,5.0,4.0
237,2372.0,Avenue (Past Loc),3.37875881e-07,9.0,20.0,9.087195656666667e-07,4.0,3.0,5.0
237,2384.0,Avenue,9.632621200000001e-08,7.0,20.0,1.64029894e-07,6.0,6.0,6.0
237,38686.0,Localite,3.2088145e-08,0.0,20.0,3.2088145e-08,10.0,10.0,7.0
237,24450.0,,6.052001e-08,0.0,20.0,6.052001e-08,7.0,7.0,8.0
237,21847.0,Avenue Adjoint,4.0213991e-08,0.0,20.0,4.0213991e-08,9.0,9.0,9.0
237,21845.0,Localite,9.293e-12,0.0,20.0,9.293e-12,12.0,12.0,10.0
237,21848.0,Avenue,1.2012555e-08,0.0,20.0,1.2012555e-08,11.0,11.0,11.0
237,24247.0,,4.4249034999999996e-08,0.0,20.0,4.4249034999999996e-08,8.0,8.0,12.0
238,23844.0,Localite,2.248189097e-06,131.0,20.0,7.0371880668999995e-06,3.0,1.0,1.0
238,23846.0,Avenue (Past Loc),2.9915648769999994e-06,121.0,20.0,5.773636889358778e-06,1.0,3.0,2.0
238,23845.0,Avenue (Past Loc),2.2628601859999997e-06,117.0,20.0,6.9636667184251975e-06,2.0,2.0,3.0
238,2384.0,Avenue,7.499953889999999e-07,50.0,20.0,1.4299770735294117e-06,5.0,6.0,4.0
238,24085.0,Avenue (Past Loc),7.51852171e-07,47.0,20.0,2.6784878442e-06,4.0,4.0,5.0
238,2372.0,Avenue (Past Loc),6.86504043e-07,38.0,20.0,1.6300569007894737e-06,6.0,5.0,6.0
238,33983.0,Avenue (Past Loc),1.3421666299999999e-07,6.0,20.0,2.198388437142857e-07,7.0,7.0,7.0
238,24248.0,Localite,3.6019095e-08,1.0,20.0,3.6019095e-08,8.0,8.0,8.0
238,24450.0,,9.19326e-10,0.0,20.0,9.19326e-10,11.0,11.0,9.0
238,24247.0,,1.98006e-09,0.0,20.0,1.98006e-09,10.0,10.0,10.0
238,2428.0,Avenue (Past Loc),1.7871896e-08,0.0,20.0,1.7871896e-08,9.0,9.0,11.0
239,23845.0,Avenue (Past Loc),2.6282732560000003e-06,132.0,20.0,1.3380638724145081e-05,1.0,1.0,1.0
239,23844.0,Localite,2.1520627550000002e-06,103.0,20.0,1.2172595430448085e-05,2.0,2.0,2.0
239,23846.0,Avenue (Past Loc),2.0628094339999993e-06,102.0,20.0,7.286863629021583e-06,3.0,3.0,3.0
239,33983.0,Avenue (Past Loc),1.2343707429999998e-06,24.0,20.0,5.174909915423256e-06,4.0,4.0,4.0
239,2384.0,Avenue,2.15226816e-07,8.0,20.0,3.610034432e-07,6.0,6.0,5.0
239,24644.0,Localite,4.162857239999998e-07,6.0,20.0,4.349449027777777e-07,5.0,5.0,6.0
239,33984.0,Avenue (Past Loc),3.3180867999999995e-08,1.0,20.0,3.3180868e-08,7.0,7.0,7.0
240,24085.0,Avenue (Past Loc),9.892616169999998e-07,24.0,20.0,4.850683605435897e-06,1.0,1.0,1.0
240,23844.0,Localite,6.68476839e-07,18.0,20.0,1.7300958104499998e-06,2.0,2.0,2.0
240,24248.0,Localite,2.61900297e-07,17.0,20.0,8.223279889473684e-07,5.0,3.0,3.0
240,2384.0,Avenue,3.79504726e-07,13.0,20.0,6.825894267692308e-07,4.0,4.0,4.0
240,24644.0,Localite,4.7499127e-07,3.0,20.0,4.7499126999999994e-07,3.0,5.0,5.0
240,23845.0,Avenue (Past Loc),1.8960157200000002e-07,3.0,20.0,1.8960157200000002e-07,6.0,6.0,6.0
240,24247.0,,5.81094e-10,0.0,20.0,5.81094e-10,7.0,7.0,7.0
241,2418.0,Localite,1.8446715569999997e-06,171.0,20.0,7.34129604147432e-06,2.0,2.0,1.0
241,24187.0,,1.8737641489999992e-06,149.0,20.0,9.507130237226493e-06,1.0,1.0,2.0
241,21188.0,Localite,1.2359176619999994e-06,111.0,20.0,5.47673136976e-06,3.0,3.0,3.0
241,2415.0,Avenue Adjoint,5.26570072e-07,60.0,20.0,1.5090938773142854e-06,8.0,7.0,4.0
241,2428.0,Avenue (Past Loc),4.94493086e-07,38.0,20.0,2.6636291967432437e-06,9.0,6.0,5.0
241,24183.0,Avenue,5.575625589999999e-07,36.0,20.0,3.723260558482142e-06,7.0,5.0,6.0
241,24184.0,Avenue,5.576572619999999e-07,36.0,20.0,3.804301003578947e-06,6.0,4.0,7.0
241,22145.0,Avenue Adjoint,1.8496344399999998e-07,16.0,20.0,5.661743596341463e-07,11.0,10.0,8.0
241,24186.0,Avenue,1.67661015e-07,14.0,20.0,5.069483599687499e-07,12.0,11.0,9.0
241,24248.0,Localite,1.8756567299999995e-07,8.0,20.0,2.392819551794872e-07,10.0,12.0,10.0
241,24450.0,,6.770399499999999e-07,7.0,20.0,6.515999380882352e-07,4.0,8.0,11.0
241,24247.0,,6.656740129999999e-07,6.0,20.0,6.271490149999998e-07,5.0,9.0,12.0
241,24249.0,Avenue,4.7801042000000006e-08,6.0,20.0,8.980389799999999e-08,13.0,13.0,13.0
242,24248.0,Localite,1.6610884530000002e-06,113.0,20.0,7.978604696947368e-06,1.0,1.0,1.0
242,24450.0,,1.451214977e-06,76.0,20.0,4.788107082509804e-06,2.0,2.0,2.0
242,24249.0,Avenue,7.78106556e-07,68.0,20.0,4.3263819710999996e-06,3.0,3.0,3.0
242,24247.0,,6.40853875e-07,31.0,20.0,1.8716885076521738e-06,4.0,4.0,4.0
242,2428.0,Avenue (Past Loc),3.2107067999999993e-07,27.0,20.0,8.23870459372549e-07,5.0,5.0,5.0
242,2418.0,Localite,2.0610836999999995e-07,18.0,20.0,6.644343637333334e-07,6.0,6.0,6.0
242,24187.0,,1.24967032e-07,12.0,20.0,5.792987362424242e-07,7.0,7.0,7.0
242,21188.0,Localite,8.564185000000001e-09,0.0,20.0,8.564185000000001e-09,8.0,8.0,8.0
242,24184.0,Avenue,8.143163e-09,0.0,20.0,8.143163e-09,9.0,10.0,9.0
242,24183.0,Avenue,8.143163e-09,0.0,20.0,8.143163e-09,10.0,9.0,10.0
243,24385.0,Localite,2.827353692999999e-06,117.0,20.0,1.3252116822240439e-05,1.0,1.0,1.0
243,24450.0,,1.4282673189999999e-06,61.0,20.0,8.273824917825245e-06,3.0,2.0,2.0
243,24384.0,,1.3250080399999998e-06,48.0,20.0,3.7080242544374993e-06,4.0,4.0,3.0
243,24437.0,,2.2425215909999998e-06,43.0,20.0,5.8165982905909095e-06,2.0,3.0,4.0
244,24437.0,,2.7370853239999993e-06,55.0,20.0,1.2086940873597014e-05,1.0,2.0,1.0
244,24450.0,,2.3051039779999987e-06,44.0,20.0,1.459337952361017e-05,2.0,1.0,2.0
244,24385.0,Localite,3.2438848e-08,0.0,20.0,3.2438848e-08,3.0,3.0,3.0
244,31255.0,Avenue Adjoint,6.861192e-09,0.0,20.0,6.861192e-09,4.0,4.0,4.0
245,24644.0,Localite,3.227907864e-06,88.0,20.0,1.1081025008941174e-05,1.0,1.0,1.0
245,24085.0,Avenue (Past Loc),9.771516629999998e-07,21.0,20.0,3.0372686146097557e-06,2.0,2.0,2.0
245,24643.0,Avenue Adjoint,5.788196450000001e-07,14.0,20.0,8.165459917333334e-07,3.0,3.0,3.0
245,33891.0,Avenue (Past Loc),4.2620059199999997e-07,10.0,20.0,5.39014572e-07,4.0,4.0,4.0
245,24247.0,,5.5701843999999995e-08,6.0,20.0,7.017128581818182e-08,6.0,6.0,5.0
245,24248.0,Localite,5.0230222999999995e-08,4.0,20.0,6.114417244444444e-08,7.0,7.0,6.0
245,23844.0,Localite,2.2245403e-08,3.0,20.0,2.4075607500000002e-08,11.0,11.0,7.0
245,23845.0,Avenue (Past Loc),9.855407e-09,2.0,20.0,9.855407e-09,14.0,14.0,8.0
245,24437.0,,2.9236860999999998e-08,1.0,20.0,2.9236861e-08,10.0,10.0,9.0
245,24385.0,Localite,2.156862e-08,1.0,20.0,2.156862e-08,12.0,12.0,10.0
245,24384.0,,3.64291e-08,1.0,20.0,3.64291e-08,9.0,9.0,11.0
245,33983.0,Avenue (Past Loc),1.0832837099999998e-07,0.0,20.0,1.08328371e-07,5.0,5.0,12.0
245,33871.0,Avenue Adjoint,1.4148834e-08,0.0,20.0,1.4148833999999998e-08,13.0,13.0,13.0
245,33889.0,Avenue,4.6217392e-08,0.0,20.0,4.6217391999999995e-08,8.0,8.0,14.0
246,24643.0,Avenue Adjoint,2.0694930940000004e-06,133.0,20.0,5.559854836189781e-06,1.0,1.0,2.0
246,24644.0,Localite,1.0581115660000001e-06,62.0,20.0,3.061421305119403e-06,3.0,3.0,1.0
246,33891.0,Avenue (Past Loc),1.0665210390000003e-06,57.0,20.0,3.78974504425e-06,2.0,2.0,3.0
246,3389.0,Avenue,1.8996287e-08,11.0,20.0,1.8566287636363635e-08,5.0,5.0,4.0
246,33890.0,Avenue,4.4849797999999996e-08,0.0,20.0,4.4849797999999996e-08,4.0,4.0,5.0
300,30490.0,Coutumier,1.211957286e-06,5.0,20.0,1.8754082273333333e-06,1.0,1.0,1.0
300,30085.0,Localite,6.54232743e-07,5.0,20.0,1.3749103121250001e-06,2.0,2.0,2.0
300,31489.0,Coutumier,6.04447619e-07,2.0,20.0,6.04447619e-07,3.0,3.0,3.0
300,30489.0,Coutumier Capita,2.512349390000001e-07,2.0,20.0,2.512349390000001e-07,5.0,5.0,4.0
300,30246.0,Avenue,5.090318699999999e-08,1.0,20.0,5.0903187e-08,6.0,6.0,5.0
300,30186.0,Coutumier Capita,3.2627573499999997e-07,1.0,20.0,3.26275735e-07,4.0,4.0,6.0
301,30186.0,Coutumier Capita,7.1349605870000014e-06,229.0,20.0,4.3282937794693575e-05,1.0,1.0,1.0
301,31489.0,Coutumier,4.210206396e-06,112.0,20.0,3.3151857501165806e-05,2.0,2.0,2.0
301,30489.0,Coutumier Capita,1.3610258490000007e-06,30.0,20.0,1.0409085293450704e-05,3.0,3.0,3.0
301,30786.0,Coutumier Capita,8.193427049999999e-07,28.0,20.0,2.1141869125106384e-06,5.0,5.0,4.0
301,30246.0,Avenue,1.170189479e-06,23.0,20.0,8.896947151695652e-06,4.0,4.0,5.0
301,30085.0,Localite,1.6430587900000003e-07,9.0,20.0,3.1551404354838713e-07,6.0,6.0,6.0
301,30490.0,Coutumier,4.2695276e-08,1.0,20.0,4.2695275999999995e-08,7.0,7.0,7.0
302,30490.0,Coutumier,3.309716316e-06,123.0,20.0,4.198537786529559e-05,1.0,1.0,1.0
302,30489.0,Coutumier Capita,1.153996184e-06,50.0,20.0,8.40847969875824e-06,3.0,3.0,2.0
302,31489.0,Coutumier,1.7923473939999997e-06,49.0,20.0,1.866370524458427e-05,2.0,2.0,3.0
302,30246.0,Avenue,5.391496020000001e-07,13.0,20.0,1.1858655961351355e-06,4.0,4.0,4.0
302,30186.0,Coutumier Capita,1.57630392e-07,6.0,20.0,2.8237879652173915e-07,5.0,5.0,5.0
302,30786.0,Coutumier Capita,2.6763956e-08,0.0,20.0,2.6763956e-08,6.0,6.0,6.0
303,30490.0,Coutumier,2.0940523079999998e-06,92.0,20.0,1.690105600147059e-05,1.0,1.0,1.0
303,31489.0,Coutumier,1.1952869369999995e-06,44.0,20.0,7.659893734117648e-06,2.0,2.0,2.0
303,30489.0,Coutumier Capita,8.704238019999999e-07,28.0,20.0,4.096049707399999e-06,3.0,3.0,3.0
303,30246.0,Avenue,1.02509122e-07,4.0,20.0,1.0747719266666666e-07,4.0,4.0,4.0
303,30786.0,Coutumier Capita,7.39e-12,0.0,20.0,7.39e-12,5.0,5.0,5.0
304,31489.0,Coutumier,1.187518872e-06,30.0,20.0,9.387883040119994e-06,2.0,2.0,1.0
304,30490.0,Coutumier,1.106692084e-06,26.0,20.0,9.467251261170213e-06,3.0,1.0,2.0
304,30545.0,Coutumier,1.202791699e-06,18.0,20.0,4.005774348571428e-06,1.0,4.0,3.0
304,30489.0,Coutumier Capita,9.25492051e-07,16.0,20.0,5.254457897454546e-06,4.0,3.0,4.0
304,30786.0,Coutumier Capita,2.0018694e-08,1.0,20.0,2.0018694e-08,6.0,6.0,5.0
304,30246.0,Avenue,7.8980708e-08,1.0,20.0,7.898070800000001e-08,5.0,5.0,6.0
305,31489.0,Coutumier,1.922515171e-06,41.0,20.0,2.3597157818536584e-06,1.0,1.0,1.0
305,30490.0,Coutumier,1.887881968e-06,33.0,20.0,1.887881968e-06,2.0,2.0,2.0
305,30545.0,Coutumier,2.0021906000000002e-08,0.0,20.0,2.0021906000000002e-08,3.0,3.0,3.0
306,31489.0,Coutumier,1.762034658e-06,42.0,20.0,3.4420792874418606e-06,2.0,2.0,1.0
306,30490.0,Coutumier,1.36007827e-06,20.0,20.0,1.36007827e-06,3.0,3.0,2.0
306,30489.0,Coutumier Capita,9.981908e-08,5.0,20.0,2.36183792e-07,4.0,4.0,3.0
306,30786.0,Coutumier Capita,5.7053108e-08,1.0,20.0,5.7053108e-08,5.0,5.0,4.0
306,31085.0,Coutumier Capita,139.1104879544118,1.0,20.0,139.1104879544118,1.0,1.0,5.0
306,30545.0,Coutumier,3.2796170000000006e-08,0.0,20.0,3.2796170000000006e-08,6.0,6.0,6.0
307,31489.0,Coutumier,3.025614084999999e-06,184.0,20.0,1.8000272720427727e-05,2.0,2.0,1.0
307,30186.0,Coutumier Capita,2.269873882e-06,131.0,20.0,7.788732612026217e-06,4.0,5.0,2.0
307,30490.0,Coutumier,2.1308267670000002e-06,119.0,20.0,8.516958676753136e-06,5.0,4.0,3.0
307,30786.0,Coutumier Capita,2.6257778130000015e-06,95.0,20.0,1.2197883698185183e-05,3.0,3.0,4.0
307,30246.0,Avenue,5.47948218e-07,26.0,20.0,9.007653900625001e-07,7.0,6.0,5.0
307,30489.0,Coutumier Capita,5.61102239e-07,23.0,20.0,8.468752167674422e-07,6.0,7.0,6.0
307,31085.0,Coutumier Capita,27.82049752690118,3.0,20.0,27.82049752690118,1.0,1.0,7.0
308,30186.0,Coutumier Capita,5.822710704000003e-06,153.0,20.0,1.9048778038559985e-05,1.0,1.0,1.0
308,30490.0,Coutumier,3.5062892440000006e-06,83.0,20.0,1.5180015019789473e-05,2.0,2.0,2.0
308,31489.0,Coutumier,2.6819982869999997e-06,69.0,20.0,1.221513936673684e-05,3.0,3.0,3.0
308,30786.0,Coutumier Capita,1.557142787e-06,52.0,20.0,3.2477296211851847e-06,4.0,4.0,4.0
308,30085.0,Localite,3.5381429e-08,0.0,20.0,3.5381429e-08,5.0,5.0,5.0
309,31085.0,Coutumier Capita,40332.01049449323,85.0,20.0,715300.0684611299,1.0,1.0,1.0
309,30786.0,Coutumier Capita,4.272668309999999e-07,12.0,20.0,5.631161611463413e-07,3.0,3.0,2.0
309,31489.0,Coutumier,7.228188020000001e-07,8.0,20.0,1.1164116112000005e-06,2.0,2.0,3.0
309,30186.0,Coutumier Capita,1.6073083500000002e-07,7.0,20.0,1.869669735517241e-07,5.0,5.0,4.0
309,30490.0,Coutumier,1.9396123599999998e-07,4.0,20.0,1.93961236e-07,4.0,4.0,5.0
309,31249.0,Avenue,7.966403e-09,0.0,20.0,7.966403e-09,6.0,6.0,6.0
310,31085.0,Coutumier Capita,28278.76914007528,55.0,20.0,80208.87246986089,1.0,1.0,1.0
310,31489.0,Coutumier,1.3775756320000003e-06,12.0,20.0,4.160597201600001e-06,3.0,2.0,2.0
310,30490.0,Coutumier,1.529306221e-06,7.0,20.0,1.529306221e-06,2.0,3.0,3.0
310,31585.0,Avenue,9.5951633e-08,4.0,20.0,9.074418133333333e-08,5.0,5.0,4.0
310,3196.0,,1.01516668e-07,2.0,20.0,1.06063551e-07,4.0,4.0,5.0
311,31489.0,Coutumier,2.531361513e-06,113.0,20.0,8.559630913308268e-06,1.0,1.0,1.0
311,31252.0,Avenue (Past Loc),1.137458368e-06,56.0,20.0,4.5959429204999995e-06,2.0,2.0,2.0
311,31395.0,Avenue,5.8549137e-07,37.0,20.0,3.421449608369565e-06,3.0,3.0,3.0
311,3196.0,,1.16826589e-07,10.0,20.0,1.7932747866666664e-07,4.0,4.0,4.0
311,31585.0,Avenue,3.7154643e-08,5.0,20.0,6.628323214285714e-08,6.0,6.0,5.0
311,3158.0,Avenue,3.5224263e-08,2.0,20.0,5.7426824999999996e-08,7.0,7.0,6.0
311,30490.0,Coutumier,1.09754544e-07,1.0,20.0,1.09754544e-07,5.0,5.0,7.0
312,31249.0,Avenue,1.2046558480000002e-06,38.0,20.0,8.258763824313726e-06,1.0,1.0,1.0
312,31254.0,Avenue Adjoint,1.1336706380000003e-06,38.0,20.0,7.621734798553192e-06,3.0,2.0,2.0
312,31255.0,Avenue Adjoint,1.1406850980000003e-06,37.0,20.0,4.358366203533333e-06,2.0,3.0,3.0
312,31251.0,Avenue,9.54689959e-07,36.0,20.0,2.7584947809e-06,5.0,4.0,4.0
312,31250.0,Avenue,7.228371609999998e-07,29.0,20.0,2.2883591349000006e-06,7.0,6.0,5.0
312,31257.0,Avenue,7.05290241e-07,27.0,20.0,2.18970974227027e-06,8.0,7.0,6.0
312,31253.0,Avenue,7.327028119999999e-07,27.0,20.0,1.6133705357954548e-06,6.0,8.0,7.0
312,31489.0,Coutumier,9.896938e-07,25.0,20.0,2.6173039123249995e-06,4.0,5.0,8.0
312,31252.0,Avenue (Past Loc),6.503802089999999e-07,21.0,20.0,1.6033075210666664e-06,9.0,9.0,9.0
312,24644.0,Localite,5.49738727e-07,9.0,20.0,6.135777424615385e-07,10.0,10.0,10.0
312,24643.0,Avenue Adjoint,1.0752408099999998e-07,1.0,20.0,1.0752408099999998e-07,11.0,11.0,11.0
312,33732.0,Avenue (Past Loc),5.6837838000000004e-08,0.0,20.0,5.6837838e-08,12.0,12.0,12.0
312,31391.0,Avenue (Past Loc),2.3738933e-08,0.0,20.0,2.3738933e-08,13.0,13.0,13.0
312,33891.0,Avenue (Past Loc),1.821612e-09,0.0,20.0,1.821612e-09,14.0,14.0,14.0
313,31489.0,Coutumier,6.046727815999999e-06,294.0,20.0,5.4954374476510994e-05,1.0,1.0,1.0
313,31392.0,Avenue,1.6126950980000003e-06,86.0,20.0,1.4642481717141414e-05,3.0,3.0,2.0
313,31394.0,Avenue,1.7627360399999997e-06,75.0,20.0,1.5174672447386359e-05,2.0,2.0,3.0
313,33732.0,Avenue (Past Loc),9.07446403e-07,45.0,20.0,2.474377454892857e-06,4.0,5.0,4.0
313,31390.0,Avenue,7.18077256e-07,33.0,20.0,6.1300607685882355e-06,5.0,4.0,5.0
313,31393.0,Avenue,5.437556039999999e-07,31.0,20.0,2.3455363608888887e-06,6.0,6.0,6.0
313,31391.0,Avenue (Past Loc),4.17229869e-07,14.0,20.0,8.337215324444445e-07,7.0,7.0,7.0
313,31583.0,Avenue,8.269519900000001e-08,13.0,20.0,1.5925037155555554e-07,10.0,9.0,8.0
313,3196.0,,2.3736322999999997e-07,9.0,20.0,3.242453369795918e-07,8.0,8.0,9.0
313,3162.0,Avenue (Past Loc),1.4369725e-08,2.0,20.0,2.2490004800000003e-08,13.0,12.0,10.0
313,3158.0,Avenue,4.0441401e-08,1.0,20.0,4.0441401e-08,11.0,11.0,11.0
313,31395.0,Avenue,9.569319299999998e-08,0.0,20.0,9.569319299999998e-08,9.0,10.0,12.0
313,31252.0,Avenue (Past Loc),1.5957532e-08,0.0,20.0,1.5957532e-08,12.0,13.0,13.0
314,31489.0,Coutumier,4.406665333999999e-06,133.0,20.0,3.040257140904255e-05,1.0,1.0,1.0
314,31487.0,Avenue (Past Loc),2.0388045230000003e-06,77.0,20.0,8.574103155749999e-06,2.0,3.0,2.0
314,31413.0,Avenue,1.6649967460000002e-06,63.0,20.0,1.041645785928e-05,3.0,2.0,3.0
314,31488.0,Avenue Adjoint,1.4576803170000003e-06,61.0,20.0,5.861608254683546e-06,4.0,4.0,4.0
314,31391.0,Avenue (Past Loc),6.38166e-07,21.0,20.0,9.0845808672e-07,6.0,6.0,5.0
314,33732.0,Avenue (Past Loc),9.4369203e-07,18.0,20.0,1.506601692e-06,5.0,5.0,6.0
314,3196.0,,2.59975662e-07,8.0,20.0,3.0769896872549023e-07,8.0,8.0,7.0
314,31786.0,Localite,3.0282468899999997e-07,4.0,20.0,3.2952142799999994e-07,7.0,7.0,8.0
314,33676.0,Avenue,8.8650414e-08,0.0,20.0,8.8650414e-08,9.0,9.0,9.0
315,31489.0,Coutumier,4.367075007999999e-06,321.0,20.0,3.334734430160281e-05,2.0,2.0,1.0
315,3196.0,,4.3804536689999985e-06,314.0,20.0,3.45546075311977e-05,1.0,1.0,2.0
315,31583.0,Avenue,1.0838950219999998e-06,122.0,20.0,5.905157516357142e-06,4.0,4.0,3.0
315,3158.0,Avenue,1.235881158e-06,76.0,20.0,1.5121706397968082e-05,3.0,3.0,4.0
315,31585.0,Avenue,8.170480410000001e-07,30.0,20.0,1.4893112206451614e-06,5.0,5.0,5.0
315,31252.0,Avenue (Past Loc),3.531746499999999e-08,2.0,20.0,4.877283843749999e-08,6.0,6.0,6.0
315,31392.0,Avenue,2.4871802000000002e-08,1.0,20.0,2.4871802000000002e-08,7.0,7.0,7.0
315,31395.0,Avenue,5.546247000000001e-09,0.0,20.0,5.546247000000001e-09,8.0,8.0,8.0
316,3196.0,,6.051099100999999e-06,266.0,20.0,2.7524445113113407e-05,1.0,1.0,1.0
316,31489.0,Coutumier,5.476854693e-06,248.0,20.0,2.396748140250936e-05,2.0,2.0,2.0
316,3162.0,Avenue (Past Loc),1.8844843560000001e-06,77.0,20.0,1.0628305628187503e-05,3.0,3.0,3.0
316,31583.0,Avenue,6.603170060000001e-07,18.0,20.0,1.3779787499999998e-06,4.0,4.0,4.0
316,31394.0,Avenue,1.9581957e-08,2.0,20.0,2.5271093999999995e-08,5.0,5.0,5.0
316,31413.0,Avenue,1.093873e-09,0.0,20.0,1.093873e-09,6.0,6.0,6.0
317,31489.0,Coutumier,5.990252352999998e-06,193.0,20.0,1.7961376860926935e-05,1.0,2.0,1.0
317,31786.0,Localite,5.608620006000001e-06,174.0,20.0,2.1712835477509612e-05,2.0,1.0,2.0
317,3196.0,,3.371944846999999e-06,118.0,20.0,1.3491927157063828e-05,3.0,3.0,3.0
317,31413.0,Avenue,7.793767999999999e-09,0.0,20.0,7.793767999999999e-09,4.0,4.0,4.0
318,3196.0,,2.2270910190000004e-06,111.0,20.0,9.997023933632353e-06,1.0,1.0,1.0
318,31786.0,Localite,2.1584973009999996e-06,101.0,20.0,6.8111912805132755e-06,2.0,2.0,2.0
318,31489.0,Coutumier,1.0360631999999998e-06,64.0,20.0,4.776744769487179e-06,3.0,3.0,3.0
318,31885.0,Avenue,7.451268210000001e-07,64.0,20.0,2.3004128899714283e-06,4.0,5.0,4.0
318,31988.0,Avenue,5.568267349999999e-07,15.0,20.0,2.7755690607391304e-06,5.0,4.0,5.0
318,33676.0,Avenue,1.4029025000000003e-07,2.0,20.0,1.4029025e-07,6.0,6.0,6.0
318,33732.0,Avenue (Past Loc),2.1830785e-08,0.0,20.0,2.1830785000000003e-08,7.0,7.0,7.0
319,31786.0,Localite,5.319251072999997e-06,111.0,20.0,3.437262458214286e-05,1.0,1.0,1.0
319,3196.0,,5.300655163999998e-06,110.0,20.0,3.365773434831248e-05,2.0,2.0,2.0
319,31987.0,Avenue,2.4617067609999982e-06,57.0,20.0,2.0923853472124997e-05,3.0,3.0,3.0
319,31489.0,Coutumier,1.8095002249999994e-06,41.0,20.0,1.5752369691541666e-05,4.0,4.0,4.0
319,31988.0,Avenue,1.1762769119999998e-06,32.0,20.0,1.1648466849333334e-05,6.0,5.0,5.0
319,31989.0,Avenue,1.2065355919999997e-06,31.0,20.0,5.413736425481481e-06,5.0,6.0,6.0
319,33676.0,Avenue,3.1423641400000005e-07,7.0,20.0,4.805728285714287e-07,8.0,8.0,7.0
319,31885.0,Avenue,3.3510142e-07,5.0,20.0,5.431270159999999e-07,7.0,7.0,8.0
319,33687.0,Avenue Adjoint,7.85619e-10,0.0,20.0,7.85619e-10,11.0,11.0,9.0
319,3342.0,Avenue (Past Loc),1.5872032e-08,0.0,20.0,1.5872032e-08,9.0,9.0,10.0
319,32091.0,Localite,1.1476562e-08,0.0,20.0,1.1476562e-08,10.0,10.0,11.0
320,32091.0,Localite,1.3893679409999998e-06,65.0,20.0,6.408121885835295e-06,1.0,1.0,1.0
320,32575.0,Avenue Adjoint,1.93703359e-07,8.0,20.0,3.193141322222222e-07,2.0,2.0,2.0
320,3342.0,Avenue (Past Loc),1.7043844800000002e-07,1.0,20.0,1.7043844800000002e-07,3.0,3.0,3.0
320,33295.0,Coutumier Capita,3.458389e-09,0.0,20.0,3.458389e-09,7.0,7.0,4.0
320,32576.0,Avenue,4.071522e-09,0.0,20.0,4.071522e-09,6.0,6.0,5.0
320,3259.0,Localite,4.437371e-08,0.0,20.0,4.437371e-08,4.0,4.0,6.0
320,33732.0,Avenue (Past Loc),1.0488108e-08,0.0,20.0,1.0488108e-08,5.0,5.0,7.0
321,32188.0,Avenue,2.381094811e-06,120.0,20.0,6.159495832722974e-06,1.0,2.0,1.0
321,3259.0,Localite,1.9872766839999997e-06,89.0,20.0,4.6269227382352945e-06,3.0,3.0,2.0
321,32276.0,Localite,2.3495994089999998e-06,80.0,20.0,1.0712591374545457e-05,2.0,1.0,3.0
321,32189.0,Avenue,5.836935179999999e-07,14.0,20.0,1.7086546077272729e-06,4.0,4.0,4.0
321,32575.0,Avenue Adjoint,9.122653600000001e-08,2.0,20.0,9.122653600000001e-08,5.0,5.0,5.0
322,32273.0,Avenue,5.4990927840000005e-06,64.0,20.0,1.2431968742445652e-05,1.0,2.0,1.0
322,32276.0,Localite,3.5077063319999996e-06,43.0,20.0,2.1192658274965516e-05,2.0,1.0,2.0
322,3221.0,Avenue Adjoint,1.052428494e-06,31.0,20.0,5.700478145333334e-06,7.0,4.0,3.0
322,32287.0,Avenue,1.745723149e-06,22.0,20.0,5.905253890424243e-06,3.0,3.0,4.0
322,32489.0,Coutumier Capita,1.3238406590000001e-06,20.0,20.0,2.081747976585366e-06,5.0,8.0,5.0
322,32486.0,Avenue,9.051890140000001e-07,17.0,20.0,4.214681951076923e-06,8.0,5.0,6.0
322,32490.0,Coutumier Capita,1.3476213569999997e-06,17.0,20.0,3.438774141394737e-06,4.0,6.0,7.0
322,32288.0,Coutumier Capita,1.2932214360000002e-06,15.0,20.0,2.708228779645833e-06,6.0,7.0,8.0
322,32488.0,Coutumier Capita,7.60768439e-07,6.0,20.0,9.926519922e-07,9.0,9.0,9.0
322,32485.0,Avenue Adjoint,1.8386635599999998e-07,6.0,20.0,2.771301913333333e-07,10.0,10.0,10.0
322,32487.0,Coutumier,1.8120893e-07,2.0,20.0,1.8120893e-07,11.0,11.0,11.0
322,32589.0,,1.61992e-09,0.0,20.0,1.61992e-09,14.0,14.0,12.0
322,32512.0,Avenue (Past Loc),1.0057548999999998e-08,0.0,20.0,1.0057549e-08,13.0,13.0,13.0
322,32573.0,Localite,1.259723e-09,0.0,20.0,1.259723e-09,15.0,15.0,14.0
322,32189.0,Avenue,9.3634534e-08,0.0,20.0,9.3634534e-08,12.0,12.0,15.0
323,32276.0,Localite,2.101759791e-06,31.0,20.0,8.828847372162165e-06,2.0,2.0,1.0
323,32486.0,Avenue,5.38310544e-07,15.0,20.0,1.2630483195555556e-06,6.0,5.0,2.0
323,32385.0,Avenue (Past Loc),8.69299416e-07,12.0,20.0,8.353812096666666e-07,5.0,6.0,3.0
323,32386.0,Localite,1.249576298e-06,12.0,20.0,2.3945341658666666e-06,3.0,3.0,4.0
323,3238.0,Avenue,4.48480423e-07,9.0,20.0,4.48480423e-07,7.0,7.0,5.0
323,32491.0,Coutumier,4.866973198e-06,6.0,20.0,1.0752725089e-05,1.0,1.0,6.0
323,32487.0,Coutumier,1.1088380109999998e-06,4.0,20.0,1.608513486e-06,4.0,4.0,7.0
323,32287.0,Avenue,2.0588875399999998e-07,4.0,20.0,2.8259687454545453e-07,9.0,8.0,8.0
323,32273.0,Avenue,2.06867684e-07,3.0,20.0,2.597813325e-07,8.0,9.0,9.0
324,32276.0,Localite,3.959464206e-06,58.0,20.0,3.277342290637878e-05,1.0,1.0,1.0
324,32485.0,Avenue Adjoint,1.9888502079999995e-06,43.0,20.0,4.731190621109589e-06,3.0,3.0,2.0
324,32490.0,Coutumier Capita,1.2193895549999994e-06,26.0,20.0,2.985666720540541e-06,4.0,5.0,3.0
324,32487.0,Coutumier,9.90564348e-07,13.0,20.0,3.3979794563749996e-06,5.0,4.0,4.0
324,32288.0,Coutumier Capita,6.88252657e-07,12.0,20.0,8.881580349999999e-07,6.0,7.0,5.0
324,32491.0,Coutumier,2.078415265999999e-06,11.0,20.0,7.511863550588236e-06,2.0,2.0,6.0
324,32273.0,Avenue,2.71867975e-07,11.0,20.0,7.4227988016e-07,11.0,8.0,7.0
324,32489.0,Coutumier Capita,5.566393289999998e-07,10.0,20.0,5.763118653600002e-07,7.0,9.0,8.0
324,32287.0,Avenue,2.8050312899999997e-07,9.0,20.0,5.19789716e-07,10.0,10.0,9.0
324,32486.0,Avenue,1.6354423699999998e-07,9.0,20.0,4.920642879999999e-07,12.0,11.0,10.0
324,3221.0,Avenue Adjoint,4.54353358e-07,8.0,20.0,1.7388397591875e-06,8.0,6.0,11.0
324,32488.0,Coutumier Capita,3.8663632000000007e-07,4.0,20.0,4.195950256666666e-07,9.0,12.0,12.0
324,32589.0,,6.2261713e-08,0.0,20.0,6.2261713e-08,14.0,14.0,13.0
324,32573.0,Localite,5.9432552e-08,0.0,20.0,5.9432552e-08,15.0,15.0,14.0
324,32512.0,Avenue (Past Loc),8.091391499999999e-08,0.0,20.0,8.091391499999999e-08,13.0,13.0,15.0
325,3259.0,Localite,1.6863258880000004e-06,51.0,20.0,4.759788191912406e-06,1.0,1.0,1.0
325,32512.0,Avenue (Past Loc),1.105376791e-06,45.0,20.0,3.988813714641512e-06,2.0,2.0,2.0
325,32573.0,Localite,7.847714230000001e-07,44.0,20.0,2.504919377210527e-06,6.0,5.0,3.0
325,32589.0,,8.666034160000002e-07,38.0,20.0,2.7106382389859154e-06,5.0,4.0,4.0
325,32576.0,Avenue,9.55760646e-07,30.0,20.0,2.9855630732673266e-06,3.0,3.0,5.0
325,32575.0,Avenue Adjoint,9.535479830000001e-07,28.0,20.0,2.2276767463999995e-06,4.0,6.0,6.0
325,32687.0,Avenue,1.87851158e-07,14.0,20.0,2.4612181745454547e-07,8.0,8.0,7.0
325,3221.0,Avenue Adjoint,1.2563065099999997e-07,9.0,20.0,2.630080554285714e-07,9.0,7.0,8.0
325,33295.0,Coutumier Capita,2.1777668499999997e-07,4.0,20.0,2.151004873846154e-07,7.0,9.0,9.0
325,33211.0,Avenue,1.21468259e-07,3.0,20.0,1.1766146939130434e-07,10.0,10.0,10.0
325,32188.0,Avenue,6.042107899999999e-08,3.0,20.0,9.196641342857141e-08,11.0,11.0,11.0
325,3342.0,Avenue (Past Loc),4.371891299999999e-08,3.0,20.0,4.274590688888889e-08,13.0,13.0,12.0
325,32091.0,Localite,1.6005374999999997e-08,1.0,20.0,1.6005374999999997e-08,14.0,14.0,13.0
325,32276.0,Localite,5.0074844e-08,0.0,20.0,5.0074844e-08,12.0,12.0,14.0
325,32189.0,Avenue,1.0905206e-08,0.0,20.0,1.0905206e-08,15.0,15.0,15.0
325,33088.0,Avenue,3.575758e-09,0.0,20.0,3.575758e-09,16.0,16.0,16.0
326,32686.0,Avenue,1.275624195e-06,48.0,20.0,2.7633657814285715e-06,2.0,1.0,1.0
326,32687.0,Avenue,9.447958969999999e-07,37.0,20.0,2.047931077877551e-06,3.0,3.0,2.0
326,32491.0,Coutumier,1.727203285e-06,20.0,20.0,2.2442316279259257e-06,1.0,2.0,3.0
326,32276.0,Localite,7.324125419999999e-07,12.0,20.0,1.671338772631579e-06,4.0,4.0,4.0
326,32512.0,Avenue (Past Loc),4.6144488299999996e-07,8.0,20.0,6.450361080000001e-07,6.0,5.0,5.0
326,32573.0,Localite,2.55375705e-07,7.0,20.0,4.155410471538461e-07,7.0,7.0,6.0
326,33088.0,Avenue,5.93841723e-07,6.0,20.0,6.077918727391304e-07,5.0,6.0,7.0
326,32589.0,,1.7712592799999997e-07,6.0,20.0,2.8998676666666674e-07,8.0,8.0,8.0
326,33086.0,Avenue (Past Loc),1.4989553e-08,0.0,20.0,1.4989553e-08,9.0,9.0,9.0
326,33087.0,Avenue (Past Loc),8.046871e-09,0.0,20.0,8.046871e-09,10.0,10.0,10.0
326,3221.0,Avenue Adjoint,4.686657e-09,0.0,20.0,4.686657e-09,12.0,12.0,11.0
326,33089.0,Localite,6.219227e-09,0.0,20.0,6.219227e-09,11.0,11.0,12.0
327,3277.0,Avenue,2.426523469000001e-06,83.0,20.0,1.0665440727948278e-05,1.0,1.0,1.0
327,32710.0,Avenue,1.5544499250000003e-06,53.0,20.0,7.056406130929577e-06,2.0,2.0,2.0
327,32784.0,Avenue (Past Loc),1.3669965870000002e-06,39.0,20.0,4.5436511066666654e-06,3.0,3.0,3.0
327,3283.0,Localite,9.896746319999997e-07,19.0,20.0,2.046425691367347e-06,4.0,5.0,4.0
327,3273.0,Avenue,6.67979582e-07,17.0,20.0,2.1265816431578947e-06,5.0,4.0,5.0
327,32990.0,Avenue (Past Loc),4.84534477e-07,12.0,20.0,8.026783117241379e-07,6.0,6.0,6.0
327,32890.0,Avenue,1.5293439299999998e-07,2.0,20.0,1.8615731925e-07,7.0,7.0,7.0
327,33088.0,Avenue,7.674607600000002e-08,1.0,20.0,7.674607600000002e-08,8.0,8.0,8.0
327,32991.0,Avenue,3.370974e-09,1.0,20.0,3.370974e-09,9.0,9.0,9.0
327,32891.0,Avenue Adjoint,7.0706e-11,0.0,20.0,7.0706e-11,10.0,10.0,10.0
328,32889.0,Avenue,1.3775015180000002e-06,73.0,20.0,5.49944819312e-06,3.0,2.0,1.0
328,3283.0,Localite,2.498403535e-06,58.0,20.0,4.12198779204762e-06,1.0,3.0,2.0
328,32891.0,Avenue Adjoint,1.7365902429999999e-06,53.0,20.0,8.003730850677967e-06,2.0,1.0,3.0
328,32871.0,Avenue,1.087940525e-06,40.0,20.0,2.05995445415e-06,5.0,5.0,4.0
328,32890.0,Avenue,1.2897577200000003e-06,28.0,20.0,3.3098174978235302e-06,4.0,4.0,5.0
328,32892.0,Avenue,8.325615479999999e-07,25.0,20.0,1.1748613501599998e-06,6.0,6.0,6.0
329,32989.0,Avenue (Past Loc),2.339551478e-06,45.0,20.0,9.535291868127275e-06,1.0,1.0,1.0
329,32991.0,Avenue,1.22490872e-06,33.0,20.0,5.4540284345945945e-06,2.0,2.0,2.0
329,32990.0,Avenue (Past Loc),1.099146126e-06,17.0,20.0,5.2845116305e-06,3.0,3.0,3.0
329,3283.0,Localite,8.83232233e-07,11.0,20.0,1.1374010210769232e-06,4.0,4.0,4.0
329,33088.0,Avenue,2.47728165e-07,8.0,20.0,5.168647548000001e-07,5.0,5.0,5.0
329,32892.0,Avenue,1.45336762e-07,6.0,20.0,9.359325799999999e-08,6.0,10.0,6.0
329,32871.0,Avenue,1.27519361e-07,3.0,20.0,1.3560004333333332e-07,7.0,6.0,7.0
329,32889.0,Avenue,1.05993248e-07,2.0,20.0,9.3950042e-08,8.0,8.0,8.0
329,32891.0,Avenue Adjoint,9.378240900000001e-08,2.0,20.0,9.3782409e-08,10.0,9.0,9.0
329,32890.0,Avenue,9.4981366e-08,1.0,20.0,9.4981366e-08,9.0,7.0,10.0
329,367102.0,Avenue Adjoint,9.18049e-10,0.0,20.0,9.18049e-10,11.0,11.0,11.0
330,33089.0,Localite,1.954331502e-06,72.0,20.0,7.277678349945651e-06,1.0,1.0,1.0
330,33086.0,Avenue (Past Loc),9.6707197e-07,38.0,20.0,2.8294008040869567e-06,2.0,2.0,2.0
330,33087.0,Avenue (Past Loc),6.39784603e-07,25.0,20.0,2.5491980216774197e-06,5.0,3.0,3.0
330,32686.0,Avenue,3.09449363e-07,13.0,20.0,4.3215876836363644e-07,6.0,6.0,4.0
330,33088.0,Avenue,7.134554160000001e-07,13.0,20.0,1.0638051285365853e-06,3.0,5.0,5.0
330,32491.0,Coutumier,6.41005609e-07,13.0,20.0,1.6083015175862067e-06,4.0,4.0,6.0
330,32276.0,Localite,1.40417014e-07,4.0,20.0,1.5682149000000003e-07,7.0,7.0,7.0
330,32512.0,Avenue (Past Loc),8.000438800000001e-08,2.0,20.0,1.05610608e-07,8.0,8.0,8.0
330,32687.0,Avenue,7.6235802e-08,2.0,20.0,9.20346784e-08,9.0,9.0,9.0
330,32573.0,Localite,1.89489e-10,0.0,20.0,1.89489e-10,10.0,10.0,10.0
331,33089.0,Localite,4.5516898700000005e-07,21.0,20.0,1.0004141040384613e-06,1.0,1.0,1.0
331,33186.0,Localite,2.5371792799999997e-07,10.0,20.0,4.826482976666666e-07,2.0,2.0,2.0
331,32491.0,Coutumier,1.1960071499999999e-07,6.0,20.0,2.1309642388888889e-07,3.0,3.0,3.0
331,33086.0,Avenue (Past Loc),1.1684459299999999e-07,5.0,20.0,2.1279805485714285e-07,4.0,4.0,4.0
331,33087.0,Avenue (Past Loc),9.8125162e-08,4.0,20.0,1.176394938e-07,5.0,5.0,5.0
331,32276.0,Localite,3.363212e-09,0.0,20.0,3.363212e-09,7.0,6.0,6.0
331,32512.0,Avenue (Past Loc),3.363212e-09,0.0,20.0,3.363212e-09,6.0,7.0,7.0
332,33295.0,Coutumier Capita,1.5240610300000005e-06,42.0,20.0,3.892366441248119e-06,1.0,1.0,1.0
332,33211.0,Avenue,1.186248219e-06,34.0,20.0,3.818262036000001e-06,2.0,2.0,2.0
332,32512.0,Avenue (Past Loc),6.296770389999999e-07,20.0,20.0,1.607573959896907e-06,3.0,3.0,3.0
332,3342.0,Avenue (Past Loc),5.812300759999999e-07,15.0,20.0,1.0279485815789475e-06,4.0,4.0,4.0
332,33186.0,Localite,2.63329212e-07,13.0,20.0,1.0019726759999997e-06,6.0,5.0,5.0
332,32576.0,Avenue,3.3144829199999997e-07,8.0,20.0,4.011077663461538e-07,5.0,6.0,6.0
332,32276.0,Localite,1.24822251e-07,5.0,20.0,2.5514110020000006e-07,9.0,7.0,7.0
332,3259.0,Localite,1.93832683e-07,5.0,20.0,2.3673097321739134e-07,7.0,8.0,8.0
332,33088.0,Avenue,8.7593201e-08,3.0,20.0,9.91093020689655e-08,10.0,10.0,9.0
332,32575.0,Avenue Adjoint,1.5064052200000002e-07,3.0,20.0,1.799812941428571e-07,8.0,9.0,10.0
332,32091.0,Localite,5.4357045e-08,2.0,20.0,6.840863359999998e-08,11.0,11.0,11.0
332,33732.0,Avenue (Past Loc),2.662118e-08,2.0,20.0,2.3214126e-08,16.0,16.0,12.0
332,32687.0,Avenue,3.0574803e-08,2.0,20.0,3.8025435e-08,14.0,13.0,13.0
332,33387.0,Avenue,2.8591176999999998e-08,1.0,20.0,2.8591177e-08,15.0,15.0,14.0
332,32589.0,,4.2220701e-08,0.0,20.0,4.222070099999999e-08,12.0,12.0,15.0
332,33089.0,Localite,1.272104e-09,0.0,20.0,1.272104e-09,17.0,17.0,16.0
332,32573.0,Localite,3.7370225000000005e-08,0.0,20.0,3.7370225e-08,13.0,14.0,17.0
333,33732.0,Avenue (Past Loc),2.186249368e-06,68.0,20.0,5.5116611223595506e-06,1.0,1.0,1.0
333,33388.0,Avenue,1.247233826e-06,50.0,20.0,4.599842142053572e-06,3.0,2.0,2.0
333,33387.0,Avenue,1.030562916e-06,34.0,20.0,3.3130080505945947e-06,5.0,3.0,3.0
333,33384.0,Avenue,6.4801909e-07,33.0,20.0,1.0209384404705884e-06,6.0,6.0,4.0
333,3342.0,Avenue (Past Loc),1.4506527630000002e-06,27.0,20.0,1.9667320605555558e-06,2.0,5.0,5.0
333,33386.0,Avenue (Past Loc),1.076572459e-06,27.0,20.0,2.2578105450303033e-06,4.0,4.0,6.0
333,33385.0,Avenue,4.06469489e-07,19.0,20.0,5.50852532631579e-07,7.0,7.0,7.0
333,33211.0,Avenue,5.4857023999999994e-08,5.0,20.0,7.650162e-08,8.0,8.0,8.0
334,33732.0,Avenue (Past Loc),4.200507661e-06,104.0,20.0,1.2963148047094123e-05,1.0,1.0,1.0
334,33295.0,Coutumier Capita,1.424865939e-06,52.0,20.0,3.785088511794872e-06,2.0,2.0,2.0
334,3342.0,Avenue (Past Loc),8.411953729999999e-07,20.0,20.0,2.008371456944444e-06,3.0,3.0,3.0
334,33385.0,Avenue,2.3186658799999998e-07,6.0,20.0,4.0872224799999997e-07,5.0,4.0,4.0
334,32091.0,Localite,2.36017308e-07,5.0,20.0,2.1926636040000004e-07,4.0,5.0,5.0
334,33386.0,Avenue (Past Loc),5.0548515000000006e-08,1.0,20.0,5.0548515000000006e-08,6.0,6.0,6.0
334,33211.0,Avenue,2.720048e-09,0.0,20.0,2.720048e-09,7.0,7.0,7.0
335,33732.0,Avenue (Past Loc),2.6049212210000005e-06,90.0,20.0,4.989423812225807e-06,1.0,1.0,1.0
335,33589.0,Avenue,1.154099105e-06,29.0,20.0,1.6451682187241378e-06,2.0,2.0,2.0
335,3196.0,,6.15814825e-07,17.0,20.0,1.143437055222222e-06,4.0,3.0,3.0
335,3342.0,Avenue (Past Loc),7.321502480000001e-07,11.0,20.0,7.800530856000002e-07,3.0,4.0,4.0
335,31786.0,Localite,3.9446221e-08,3.0,20.0,4.8049423499999997e-08,5.0,5.0,5.0
335,32091.0,Localite,3.36327e-10,0.0,20.0,3.36327e-10,6.0,6.0,6.0
336,3196.0,,1.0891766909999997e-06,30.0,20.0,5.20987295671818e-06,1.0,1.0,1.0
336,33732.0,Avenue (Past Loc),7.00073553e-07,18.0,20.0,2.1130511697931036e-06,3.0,2.0,2.0
336,33687.0,Avenue Adjoint,7.21671441e-07,16.0,20.0,1.5111960858947367e-06,2.0,3.0,3.0
336,33676.0,Avenue,4.385278059999999e-07,15.0,20.0,8.600534535483872e-07,5.0,5.0,4.0
336,33589.0,Avenue,6.79835789e-07,12.0,20.0,1.1121074142500002e-06,4.0,4.0,5.0
336,31786.0,Localite,1.04310025e-07,5.0,20.0,1.0474432194999998e-07,6.0,6.0,6.0
336,31489.0,Coutumier,6.404089600000002e-08,3.0,20.0,6.404089599999999e-08,8.0,8.0,7.0
336,31987.0,Avenue,8.085411300000002e-08,2.0,20.0,8.047458336000002e-08,7.0,7.0,8.0
336,31988.0,Avenue,2.7202129999999998e-09,0.0,20.0,2.720213e-09,9.0,9.0,9.0
337,33732.0,Avenue (Past Loc),4.7723860770000005e-06,179.0,20.0,1.5029084802715027e-05,1.0,1.0,1.0
337,33589.0,Avenue,3.50489605e-07,4.0,20.0,2.65807788e-07,2.0,2.0,2.0
337,31489.0,Coutumier,4.521384e-08,0.0,20.0,4.521384e-08,3.0,3.0,3.0
337,34443.0,Avenue Adjoint,1.119839e-09,0.0,20.0,1.119839e-09,6.0,6.0,4.0
337,31391.0,Avenue (Past Loc),1.3895735e-08,0.0,20.0,1.3895735e-08,4.0,4.0,5.0
337,34444.0,Avenue,3.352794e-09,0.0,20.0,3.352794e-09,5.0,5.0,6.0
338,33890.0,Avenue,1.0096751950000002e-06,108.0,20.0,5.718807041946903e-06,1.0,1.0,1.0
338,33871.0,Avenue Adjoint,3.79692828e-07,45.0,20.0,1.4890577380655738e-06,5.0,4.0,2.0
338,3389.0,Avenue,5.0083883e-07,42.0,20.0,1.5909708830681817e-06,4.0,3.0,3.0
338,34352.0,Avenue,7.0090859e-07,38.0,20.0,1.3470526083076921e-06,2.0,5.0,4.0
338,33889.0,Avenue,2.86435122e-07,36.0,20.0,1.177295192956522e-06,7.0,6.0,5.0
338,33888.0,Localite,5.90568658e-07,31.0,20.0,1.6213423443636364e-06,3.0,2.0,6.0
338,34245.0,Avenue (Past Loc),2.48294612e-07,30.0,20.0,6.574455345000001e-07,8.0,7.0,7.0
338,24643.0,Avenue Adjoint,5.262135300000001e-08,7.0,20.0,1.1012555594117647e-07,12.0,10.0,8.0
338,24644.0,Localite,8.591488300000001e-08,7.0,20.0,1.50403856826087e-07,9.0,9.0,9.0
338,31391.0,Avenue (Past Loc),3.3244757299999997e-07,2.0,20.0,4.918131857142856e-07,6.0,8.0,10.0
338,33891.0,Avenue (Past Loc),7.8615398e-08,1.0,20.0,7.8615398e-08,10.0,11.0,11.0
338,31249.0,Avenue,6.30318e-10,0.0,20.0,6.30318e-10,15.0,15.0,12.0
338,31489.0,Coutumier,5.2131394999999996e-08,0.0,20.0,5.2131395e-08,13.0,13.0,13.0
338,33732.0,Avenue (Past Loc),6.361263700000001e-08,0.0,20.0,6.361263700000001e-08,11.0,12.0,14.0
338,31394.0,Avenue,4.5816332000000005e-08,0.0,20.0,4.5816332000000005e-08,14.0,14.0,15.0
339,33983.0,Avenue (Past Loc),4.118919510000001e-06,174.0,20.0,1.614842978203238e-05,1.0,1.0,1.0
339,33984.0,Avenue (Past Loc),1.101510675e-06,61.0,20.0,3.5206448619000003e-06,2.0,2.0,2.0
339,33871.0,Avenue Adjoint,3.50610914e-07,13.0,20.0,1.0428500290625001e-06,4.0,4.0,3.0
339,33889.0,Avenue,4.948141579999999e-07,13.0,20.0,1.9495410687200005e-06,3.0,3.0,4.0
339,34245.0,Avenue (Past Loc),1.21564493e-07,2.0,20.0,1.21564493e-07,6.0,6.0,5.0
339,3389.0,Avenue,2.0070139e-08,2.0,20.0,2.0070139e-08,9.0,9.0,6.0
339,24644.0,Localite,1.4809034e-07,1.0,20.0,1.4809034000000001e-07,5.0,5.0,7.0
339,33888.0,Localite,2.1598394e-08,0.0,20.0,2.1598394e-08,8.0,8.0,8.0
339,34193.0,Avenue (Past Loc),7.287034999999999e-08,0.0,20.0,7.287035e-08,7.0,7.0,9.0
340,34193.0,Avenue (Past Loc),2.9313308140000004e-06,10.0,20.0,2.9357773146e-06,1.0,1.0,1.0
340,34689.0,Avenue,1.2304285e-08,0.0,20.0,1.2304285e-08,4.0,4.0,2.0
340,34690.0,Avenue,2.22713e-10,0.0,20.0,2.22713e-10,5.0,5.0,3.0
340,3415.0,Avenue,2.2256014e-08,0.0,20.0,2.2256014e-08,3.0,3.0,4.0
340,33983.0,Avenue (Past Loc),8.63353912e-07,0.0,20.0,8.63353912e-07,2.0,2.0,5.0
341,34193.0,Avenue (Past Loc),2.520609799e-06,139.0,20.0,2.3717204129647064e-05,1.0,1.0,1.0
341,3415.0,Avenue,4.991066899999999e-07,30.0,20.0,1.1154845411290322e-06,2.0,2.0,2.0
341,34690.0,Avenue,6.753074800000001e-08,7.0,20.0,8.885071614285714e-08,3.0,3.0,3.0
341,34688.0,Avenue,1.5707642000000002e-08,2.0,20.0,1.8637315375000003e-08,4.0,4.0,4.0
341,34689.0,Avenue,5.7197099999999995e-09,0.0,20.0,5.7197099999999995e-09,5.0,5.0,5.0
342,34246.0,Avenue (Past Loc),3.0365406910000004e-06,220.0,20.0,1.0739484722637367e-05,1.0,1.0,1.0
342,34350.0,Avenue (Past Loc),6.07085478e-07,38.0,20.0,1.080609483333333e-06,2.0,2.0,2.0
342,34245.0,Avenue (Past Loc),2.2749081300000002e-07,14.0,20.0,3.805526145333334e-07,3.0,3.0,3.0
342,34352.0,Avenue,1.27907593e-07,11.0,20.0,1.920963855e-07,5.0,5.0,4.0
342,34354.0,Avenue,1.42229119e-07,10.0,20.0,3.614062277333333e-07,4.0,4.0,5.0
342,34450.0,Localite,6.140869e-08,5.0,20.0,1.0179011187500001e-07,6.0,6.0,6.0
342,34587.0,Avenue,2.081579e-09,0.0,20.0,2.081579e-09,7.0,7.0,7.0
343,34246.0,Avenue (Past Loc),4.737700995000001e-06,284.0,20.0,1.5475889932351854e-05,1.0,1.0,1.0
343,34350.0,Avenue (Past Loc),6.88987708e-07,49.0,20.0,1.3602564996666666e-06,3.0,3.0,2.0
343,34354.0,Avenue,6.1807941e-07,43.0,20.0,9.163836505813955e-07,4.0,4.0,3.0
343,34450.0,Localite,7.09533026e-07,42.0,20.0,3.0769867180408162e-06,2.0,2.0,4.0
343,34352.0,Avenue,1.06477165e-07,4.0,20.0,1.06477165e-07,5.0,5.0,5.0
343,34587.0,Avenue,6.964849800000001e-08,2.0,20.0,9.413613525e-08,6.0,6.0,6.0
343,3453.0,Avenue,2.6840086e-08,0.0,20.0,2.6840086e-08,7.0,7.0,7.0
344,34450.0,Localite,1.422662795e-06,40.0,20.0,3.1131191077272734e-06,1.0,2.0,1.0
344,34447.0,Avenue Adjoint,8.932304350000001e-07,29.0,20.0,1.6579466527647059e-06,2.0,5.0,2.0
344,34443.0,Avenue Adjoint,8.646251389999999e-07,29.0,20.0,3.764965853727273e-06,4.0,1.0,3.0
344,34444.0,Avenue,8.911212519999999e-07,28.0,20.0,2.239337669466666e-06,3.0,3.0,4.0
344,34446.0,Avenue,7.24519342e-07,26.0,20.0,1.9475806984444444e-06,5.0,4.0,5.0
344,34449.0,Avenue,6.39877364e-07,24.0,20.0,1.4741313835384614e-06,7.0,6.0,6.0
344,34410.0,Avenue,6.478848810000001e-07,22.0,20.0,1.1007926116363639e-06,6.0,8.0,7.0
344,34448.0,Avenue (Past Loc),5.72108644e-07,19.0,20.0,6.964764356666668e-07,8.0,9.0,8.0
344,34445.0,Avenue (Past Loc),5.45877262e-07,15.0,20.0,1.2789172670588235e-06,9.0,7.0,9.0
344,34588.0,Avenue,6.061694899999999e-08,3.0,20.0,7.999328550000001e-08,10.0,10.0,10.0
345,34587.0,Avenue,5.72646654e-07,48.0,20.0,6.590228271875e-07,1.0,1.0,1.0
345,3453.0,Avenue,3.92739206e-07,29.0,20.0,5.283323905517242e-07,2.0,2.0,2.0
345,34588.0,Avenue,2.10544716e-07,20.0,20.0,2.819129892e-07,3.0,3.0,3.0
345,34449.0,Avenue,1.3501e-11,0.0,20.0,1.3501e-11,8.0,8.0,4.0
345,34450.0,Localite,6.444291e-09,0.0,20.0,6.444291e-09,7.0,7.0,5.0
345,34246.0,Avenue (Past Loc),2.1620192e-08,0.0,20.0,2.1620192e-08,4.0,4.0,6.0
345,35410.0,Avenue,1.6483587e-08,0.0,20.0,1.6483587e-08,5.0,5.0,7.0
345,35489.0,Avenue Adjoint,1.3631261e-08,0.0,20.0,1.3631261e-08,6.0,6.0,8.0
346,34691.0,Avenue,9.81081883e-07,77.0,20.0,2.7885142113103453e-06,2.0,5.0,1.0
346,354100.0,Avenue,1.240187905e-06,70.0,20.0,1.7169779886260878e-05,1.0,1.0,2.0
346,34690.0,Avenue,7.353177569999999e-07,64.0,20.0,3.5768518858620698e-06,4.0,4.0,3.0
346,34193.0,Avenue (Past Loc),8.493291409999998e-07,62.0,20.0,1.4473695316951045e-05,3.0,2.0,4.0
346,34689.0,Avenue,7.24932955e-07,62.0,20.0,1.1535849787672727e-05,5.0,3.0,5.0
346,34688.0,Avenue,7.053416479999999e-07,61.0,20.0,2.0970498818550734e-06,6.0,6.0,6.0
346,35087.0,Localite,1.47269626e-07,11.0,20.0,1.626074208e-07,7.0,7.0,7.0
346,34994.0,Avenue,3.0146332e-08,7.0,20.0,6.27568432e-08,10.0,11.0,8.0
346,3518.0,Avenue (Past Loc),5.770125e-08,6.0,20.0,7.440557e-08,9.0,9.0,9.0
346,34980.0,Avenue Adjoint,1.5383591e-08,5.0,20.0,2.02357045e-08,15.0,15.0,10.0
346,34977.0,Avenue,8.6984631e-08,5.0,20.0,1.23164419875e-07,8.0,8.0,11.0
346,347113.0,Avenue Adjoint,2.9903309e-08,4.0,20.0,6.40555811e-08,11.0,10.0,12.0
346,34992.0,Avenue,2.2459642000000002e-08,3.0,20.0,2.67034536e-08,14.0,13.0,13.0
346,3476.0,Avenue (Past Loc),2.9419053e-08,0.0,20.0,2.9419053000000004e-08,12.0,12.0,14.0
346,34710.0,Avenue,3.955857e-09,0.0,20.0,3.955857e-09,16.0,16.0,15.0
346,347115.0,Avenue,2.5723109000000003e-08,0.0,20.0,2.5723109000000003e-08,13.0,14.0,16.0
347,34193.0,Avenue (Past Loc),6.704435722000002e-06,346.0,20.0,3.984882863641494e-05,1.0,1.0,1.0
347,347115.0,Avenue,1.087673014e-06,54.0,20.0,5.5573058301249995e-06,2.0,3.0,2.0
347,347114.0,Avenue,1.0087732000000004e-06,51.0,20.0,4.303230414744187e-06,3.0,5.0,3.0
347,347113.0,Avenue Adjoint,8.466131739999998e-07,47.0,20.0,5.184355707737704e-06,5.0,4.0,4.0
347,3476.0,Avenue (Past Loc),9.56577566e-07,45.0,20.0,4.11439882662e-06,4.0,6.0,5.0
347,35087.0,Localite,5.662111959999998e-07,42.0,20.0,1.1265659845714288e-06,7.0,7.0,6.0
347,34710.0,Avenue,8.404733300000001e-07,37.0,20.0,5.756974374461537e-06,6.0,2.0,7.0
347,34689.0,Avenue,2.75294894e-07,13.0,20.0,3.3873513007812507e-07,8.0,8.0,8.0
347,354100.0,Avenue,9.1302834e-08,11.0,20.0,1.2168563746153846e-07,9.0,9.0,9.0
347,34891.0,Avenue (Past Loc),6.6159134e-08,6.0,20.0,1.1795031563636364e-07,10.0,10.0,10.0
347,34690.0,Avenue,4.952562999999999e-09,0.0,20.0,4.952563e-09,12.0,12.0,11.0
347,35988.0,Localite,8.59041e-10,0.0,20.0,8.590410000000001e-10,14.0,14.0,12.0
347,38094.0,Avenue,1.9645678000000003e-08,0.0,20.0,1.9645678000000003e-08,11.0,11.0,13.0
347,38091.0,Avenue (Past Loc),2.6357199999999997e-10,0.0,20.0,2.6357199999999997e-10,15.0,15.0,14.0
347,34994.0,Avenue,1.207008e-09,0.0,20.0,1.207008e-09,13.0,13.0,15.0
348,35087.0,Localite,3.2289531109999998e-06,191.0,20.0,1.0579599736121035e-05,1.0,1.0,1.0
348,34891.0,Avenue (Past Loc),6.37175198e-07,46.0,20.0,2.2105110831066664e-06,2.0,2.0,2.0
348,34193.0,Avenue (Past Loc),4.1564316000000017e-07,31.0,20.0,5.178122620561797e-07,3.0,4.0,3.0
348,34977.0,Avenue,3.9741312200000006e-07,28.0,20.0,9.573403259999999e-07,4.0,3.0,4.0
348,354100.0,Avenue,1.4277810700000005e-07,16.0,20.0,2.2590232910416667e-07,6.0,6.0,5.0
348,347114.0,Avenue,1.8284857e-07,9.0,20.0,2.467442057391304e-07,5.0,5.0,6.0
348,34689.0,Avenue,5.845547e-08,3.0,20.0,5.972632085714284e-08,7.0,7.0,7.0
348,34980.0,Avenue Adjoint,5.6282179e-08,2.0,20.0,5.1428337600000004e-08,8.0,8.0,8.0
348,34994.0,Avenue,4.7526332e-08,1.0,20.0,4.7526332e-08,9.0,9.0,9.0
348,34992.0,Avenue,2.7347145e-08,0.0,20.0,2.7347145e-08,11.0,11.0,10.0
348,35988.0,Localite,2.088442e-09,0.0,20.0,2.088442e-09,12.0,12.0,11.0
348,36047.0,Avenue,4.4073661e-08,0.0,20.0,4.4073661e-08,10.0,10.0,12.0
348,38091.0,Avenue (Past Loc),9.3282e-11,0.0,20.0,9.3282e-11,13.0,13.0,13.0
349,35087.0,Localite,3.1698062810000004e-06,149.0,20.0,1.2736090553198383e-05,1.0,1.0,1.0
349,34977.0,Avenue,8.45762411e-07,44.0,20.0,2.4084834103846157e-06,2.0,3.0,2.0
349,34980.0,Avenue Adjoint,6.31767251e-07,33.0,20.0,1.9129276439512196e-06,3.0,4.0,3.0
349,34992.0,Avenue,6.3121807e-07,31.0,20.0,2.6209697595918372e-06,4.0,2.0,4.0
349,34994.0,Avenue,5.928433730000002e-07,13.0,20.0,1.7924254184883724e-06,5.0,5.0,5.0
349,3599.0,Avenue,8.248934099999998e-08,3.0,20.0,1.000805075e-07,9.0,7.0,6.0
349,354100.0,Avenue,3.5013507e-08,1.0,20.0,3.5013507e-08,10.0,10.0,7.0
349,37885.0,Avenue Adjoint,9.4951441e-08,0.0,20.0,9.495144100000001e-08,7.0,8.0,8.0
349,35085.0,Avenue,1.01694229e-07,0.0,20.0,1.0169422900000001e-07,6.0,6.0,9.0
349,37745.0,Avenue (Past Loc),2.9259018000000003e-08,0.0,20.0,2.9259018000000003e-08,11.0,11.0,10.0
349,35086.0,Avenue (Past Loc),8.7323524e-08,0.0,20.0,8.7323524e-08,8.0,9.0,11.0
350,35087.0,Localite,4.083306712000001e-06,74.0,20.0,6.453736344686274e-06,1.0,1.0,1.0
350,35285.0,Localite Adjoint,5.652738839999999e-07,19.0,20.0,9.992445539999997e-07,2.0,3.0,2.0
350,35992.0,Avenue,5.260949059999999e-07,15.0,20.0,1.105760406977778e-06,5.0,2.0,3.0
350,3518.0,Avenue (Past Loc),2.42567585e-07,7.0,20.0,4.477114647714286e-07,7.0,6.0,4.0
350,37885.0,Avenue Adjoint,5.29144642e-07,3.0,20.0,5.736971588571428e-07,4.0,5.0,5.0
350,35085.0,Avenue,5.295580059999999e-07,3.0,20.0,5.860108765000001e-07,3.0,4.0,6.0
350,35086.0,Avenue (Past Loc),3.85394511e-07,1.0,20.0,3.85394511e-07,6.0,7.0,7.0
350,35145.0,Avenue,8.3388404e-08,0.0,20.0,8.338840400000001e-08,10.0,10.0,8.0
350,35398.0,Avenue,1.29932107e-07,0.0,20.0,1.2993210699999997e-07,8.0,8.0,9.0
350,34994.0,Avenue,2.743968e-09,0.0,20.0,2.7439679999999998e-09,11.0,11.0,10.0
350,3599.0,Avenue,8.742180899999998e-08,0.0,20.0,8.7421809e-08,9.0,9.0,11.0
351,3518.0,Avenue (Past Loc),6.903770609999999e-07,80.0,20.0,4.0809623730555545e-06,1.0,1.0,1.0
351,35145.0,Avenue,2.16167072e-07,30.0,20.0,1.2941905130526313e-06,2.0,2.0,2.0
351,35398.0,Avenue,1.99859911e-07,10.0,20.0,4.1777458e-07,3.0,3.0,3.0
351,354100.0,Avenue,2.6919411e-08,5.0,20.0,6.108356949999999e-08,6.0,6.0,4.0
351,35285.0,Localite Adjoint,7.3575454e-08,3.0,20.0,1.10167353625e-07,5.0,5.0,5.0
351,35087.0,Localite,8.1577621e-08,2.0,20.0,1.25538481875e-07,4.0,4.0,6.0
351,35992.0,Avenue,1.5210929999999999e-09,0.0,20.0,1.521093e-09,7.0,7.0,7.0
352,35087.0,Localite,2.2546820869999997e-06,106.0,20.0,8.390555871516847e-06,1.0,1.0,1.0
352,35285.0,Localite Adjoint,1.6912395249999997e-06,83.0,20.0,6.387890082934427e-06,2.0,2.0,2.0
352,35397.0,Avenue,4.6044506099999995e-07,27.0,20.0,1.4898477171875002e-06,3.0,3.0,3.0
352,3518.0,Avenue (Past Loc),8.447425099999999e-08,2.0,20.0,9.78555159e-08,4.0,4.0,4.0
352,35396.0,Avenue,6.2350966e-08,1.0,20.0,6.2350966e-08,5.0,5.0,5.0
352,35398.0,Avenue,3.2304971e-08,0.0,20.0,3.2304971e-08,6.0,6.0,6.0
353,35396.0,Avenue,1.257322753e-06,77.0,20.0,3.7579298953118277e-06,1.0,1.0,1.0
353,3518.0,Avenue (Past Loc),9.86610089e-07,64.0,20.0,2.7633005228349516e-06,3.0,3.0,2.0
353,354100.0,Avenue,1.023548315e-06,60.0,20.0,2.512506874291139e-06,2.0,4.0,3.0
353,35397.0,Avenue,6.453168909999999e-07,30.0,20.0,2.969523160871795e-06,4.0,2.0,4.0
353,35087.0,Localite,6.022804139999999e-07,30.0,20.0,1.0375973651081076e-06,5.0,6.0,5.0
353,35398.0,Avenue,4.1173511399999996e-07,26.0,20.0,1.4870235880000001e-06,6.0,5.0,6.0
353,35145.0,Avenue,2.40015015e-07,11.0,20.0,5.829430100869565e-07,7.0,7.0,7.0
353,35285.0,Localite Adjoint,1.7919725e-07,8.0,20.0,3.2105941438095236e-07,8.0,8.0,8.0
353,35689.0,Avenue,8.0495399e-08,3.0,20.0,1.4617851344444447e-07,9.0,9.0,9.0
353,35587.0,Localite Adjoint,3.4212289e-08,2.0,20.0,3.33683336e-08,10.0,10.0,10.0
353,35690.0,Avenue Adjoint,2.7412879e-08,2.0,20.0,2.992372028571428e-08,11.0,12.0,11.0
353,35399.0,Avenue Adjoint,2.7412879e-08,2.0,20.0,2.9923720285714285e-08,12.0,11.0,12.0
353,35489.0,Avenue Adjoint,2.0294344e-08,0.0,20.0,2.0294344e-08,13.0,13.0,13.0
353,35410.0,Avenue,1.4386411e-08,0.0,20.0,1.4386411e-08,14.0,14.0,14.0
354,35489.0,Avenue Adjoint,1.4431797180000001e-06,99.0,20.0,6.9025052978878485e-06,1.0,2.0,2.0
354,35410.0,Avenue,1.4070184069999998e-06,89.0,20.0,6.07706437662766e-06,2.0,3.0,1.0
354,354100.0,Avenue,1.099778491e-06,79.0,20.0,1.0594605730076922e-05,3.0,1.0,3.0
354,3518.0,Avenue (Past Loc),3.4815345400000004e-07,27.0,20.0,6.071300046511628e-07,4.0,4.0,4.0
354,35398.0,Avenue,5.5149118000000004e-08,8.0,20.0,8.76719584e-08,8.0,5.0,5.0
354,35396.0,Avenue,5.1529411e-08,4.0,20.0,6.714381400000001e-08,9.0,8.0,6.0
354,35587.0,Localite Adjoint,5.7216195e-08,1.0,20.0,5.7216194999999994e-08,7.0,9.0,7.0
354,35689.0,Avenue,3.5665983e-08,1.0,20.0,3.5665983e-08,11.0,11.0,8.0
354,35399.0,Avenue Adjoint,7.953138799999999e-08,1.0,20.0,7.9531388e-08,5.0,6.0,9.0
354,35690.0,Avenue Adjoint,7.227537999999999e-08,1.0,20.0,7.227537999999999e-08,6.0,7.0,10.0
354,35397.0,Avenue,4.2345849e-08,0.0,20.0,4.2345849e-08,10.0,10.0,11.0
355,3552.0,Localite,1.061002017e-06,76.0,20.0,2.9759258444137933e-06,2.0,2.0,1.0
355,35690.0,Avenue Adjoint,1.2007778850000001e-06,55.0,20.0,3.869819620313433e-06,1.0,1.0,2.0
355,35587.0,Localite Adjoint,7.85995596e-07,43.0,20.0,2.6328991627358484e-06,3.0,3.0,3.0
355,35689.0,Avenue,5.00829787e-07,24.0,20.0,7.857117207272729e-07,4.0,4.0,4.0
355,35399.0,Avenue Adjoint,3.2434563e-08,0.0,20.0,3.2434563e-08,5.0,5.0,5.0
356,3552.0,Localite,2.024888117e-06,104.0,20.0,6.883636956550001e-06,2.0,1.0,1.0
356,35689.0,Avenue,2.0489841109999994e-06,78.0,20.0,4.644164269044443e-06,1.0,2.0,2.0
356,35587.0,Localite Adjoint,2.0387382e-08,4.0,20.0,3.01447872e-08,6.0,6.0,3.0
356,35797.0,Localite,3.255351e-08,0.0,20.0,3.255351e-08,5.0,5.0,4.0
356,3571.0,Avenue,5.215919e-09,0.0,20.0,5.215919e-09,7.0,7.0,5.0
356,35690.0,Avenue Adjoint,3.7268589000000006e-08,0.0,20.0,3.7268589e-08,4.0,4.0,6.0
356,3578.0,Avenue,5.0305465e-08,0.0,20.0,5.0305465e-08,3.0,3.0,7.0
357,35797.0,Localite,5.343660221000002e-06,385.0,20.0,5.233252592459377e-05,1.0,1.0,1.0
357,3578.0,Avenue,7.89078346e-07,55.0,20.0,2.779204784736842e-06,2.0,6.0,2.0
357,357100.0,Avenue,6.13532024e-07,49.0,20.0,3.2165135795555556e-06,5.0,5.0,3.0
357,35799.0,Avenue (Past Loc),6.28492821e-07,42.0,20.0,6.384745685142857e-06,4.0,2.0,4.0
357,35886.0,Avenue,3.0290800299999996e-07,36.0,20.0,6.310128772727273e-07,10.0,10.0,5.0
357,35887.0,Avenue (Past Loc),5.05819678e-07,36.0,20.0,4.316087554545453e-06,6.0,3.0,6.0
357,35798.0,Avenue,3.3472770100000006e-07,34.0,20.0,1.1108027124878051e-06,9.0,9.0,7.0
357,3571.0,Avenue,4.14776161e-07,33.0,20.0,1.6729070851666663e-06,8.0,7.0,8.0
357,357101.0,Avenue,4.65637813e-07,28.0,20.0,3.5997595680555553e-06,7.0,4.0,9.0
357,35888.0,Avenue,7.75779472e-07,27.0,20.0,1.4165991339230769e-06,3.0,8.0,10.0
357,35087.0,Localite,1.3982724199999998e-07,9.0,20.0,4.132572492608696e-07,11.0,11.0,11.0
357,35285.0,Localite Adjoint,9.451276599999999e-08,6.0,20.0,2.92340356e-07,12.0,12.0,12.0
357,3552.0,Localite,8.8142e-10,0.0,20.0,8.8142e-10,15.0,15.0,13.0
357,35689.0,Avenue,6.4994438e-08,0.0,20.0,6.4994438e-08,13.0,13.0,14.0
357,3599.0,Avenue,5.2689468e-08,0.0,20.0,5.2689468e-08,14.0,14.0,15.0
357,32990.0,Avenue (Past Loc),7.663139999999999e-10,0.0,20.0,7.663139999999999e-10,16.0,16.0,16.0
358,35797.0,Localite,6.839273587999999e-06,339.0,20.0,1.6005219302465747e-05,1.0,1.0,1.0
358,35888.0,Avenue,7.05784655e-07,39.0,20.0,2.5945701135882356e-06,2.0,2.0,2.0
358,35886.0,Avenue,3.59528392e-07,18.0,20.0,6.964797983076925e-07,3.0,4.0,3.0
358,35798.0,Avenue,3.0651140600000003e-07,16.0,20.0,5.419838354545454e-07,7.0,7.0,4.0
358,35887.0,Avenue (Past Loc),3.5523717900000003e-07,16.0,20.0,7.74973101e-07,4.0,3.0,5.0
358,35799.0,Avenue (Past Loc),3.336793049999999e-07,13.0,20.0,6.235010091818181e-07,6.0,5.0,6.0
358,357100.0,Avenue,3.50532657e-07,13.0,20.0,5.595927431578948e-07,5.0,6.0,7.0
358,3571.0,Avenue,3.1079368e-08,1.0,20.0,3.1079368e-08,9.0,9.0,8.0
358,3578.0,Avenue,4.5235479999999995e-09,1.0,20.0,4.5235479999999995e-09,12.0,12.0,9.0
358,357101.0,Avenue,2.9904025999999996e-08,0.0,20.0,2.9904026e-08,10.0,10.0,10.0
358,36693.0,Avenue,1.8389934e-08,0.0,20.0,1.8389934e-08,11.0,11.0,11.0
358,32990.0,Avenue (Past Loc),5.1767504e-08,0.0,20.0,5.1767504000000005e-08,8.0,8.0,12.0
359,3599.0,Avenue,1.3504286980000002e-06,51.0,20.0,1.2881825795714287e-05,1.0,1.0,1.0
359,35087.0,Localite,7.220173180000001e-07,31.0,20.0,9.82659525571428e-07,2.0,2.0,2.0
359,35285.0,Localite Adjoint,1.9208719999999998e-07,16.0,20.0,2.747022494117647e-07,3.0,3.0,3.0
359,35992.0,Avenue,6.165275199999999e-08,4.0,20.0,7.282846309090909e-08,5.0,4.0,4.0
359,35397.0,Avenue,3.960977e-08,4.0,20.0,4.325667289999999e-08,6.0,6.0,5.0
359,37745.0,Avenue (Past Loc),6.74539e-08,1.0,20.0,6.745390000000001e-08,4.0,5.0,6.0
359,34994.0,Avenue,5.263284e-09,0.0,20.0,5.263284e-09,8.0,8.0,7.0
359,36244.0,Avenue,1.0475659e-08,0.0,20.0,1.0475659e-08,7.0,7.0,8.0
360,36047.0,Avenue,1.7513914769999995e-06,82.0,20.0,9.777651451935478e-06,1.0,1.0,1.0
360,35087.0,Localite,6.670172700000002e-07,34.0,20.0,7.796650550999998e-07,2.0,2.0,2.0
360,34994.0,Avenue,2.49472828e-07,12.0,20.0,4.386466863999999e-07,3.0,3.0,3.0
360,34891.0,Avenue (Past Loc),7.1411224e-08,10.0,20.0,1.2799478925e-07,5.0,4.0,4.0
360,37745.0,Avenue (Past Loc),7.834771499999999e-08,7.0,20.0,7.9010477e-08,4.0,5.0,5.0
360,357103.0,Avenue,1.7875182e-08,1.0,20.0,1.7875182e-08,11.0,11.0,6.0
360,34992.0,Avenue,4.19636e-08,1.0,20.0,4.1963599999999996e-08,8.0,8.0,7.0
360,34977.0,Avenue,4.5167593e-08,1.0,20.0,4.5167593e-08,7.0,7.0,8.0
360,34980.0,Avenue Adjoint,5.0778348999999995e-08,1.0,20.0,5.077834899999999e-08,6.0,6.0,9.0
360,357104.0,Avenue,3.3379528e-08,0.0,20.0,3.3379527999999994e-08,9.0,9.0,10.0
360,34193.0,Avenue (Past Loc),2.2517840000000003e-09,0.0,20.0,2.2517840000000003e-09,13.0,13.0,11.0
360,35988.0,Localite,2.6983114999999998e-08,0.0,20.0,2.6983115e-08,10.0,10.0,12.0
360,38091.0,Avenue (Past Loc),2.65367e-10,0.0,20.0,2.65367e-10,14.0,14.0,13.0
360,379140.0,Avenue,2.345141e-09,0.0,20.0,2.345141e-09,12.0,12.0,14.0
361,37745.0,Avenue (Past Loc),1.1348912090000003e-06,80.0,20.0,6.8346967302654844e-06,1.0,1.0,1.0
361,37890.0,Avenue (Past Loc),1.20288849e-07,6.0,20.0,2.7759801500000005e-07,2.0,2.0,2.0
361,37747.0,Avenue,8.176153e-09,0.0,20.0,8.176153e-09,7.0,7.0,3.0
361,37884.0,Avenue,2.7312947999999998e-08,0.0,20.0,2.7312947999999998e-08,3.0,3.0,4.0
361,37886.0,Avenue Adjoint,2.4105176e-08,0.0,20.0,2.4105176e-08,4.0,4.0,5.0
361,35988.0,Localite,1.6562191e-08,0.0,20.0,1.6562191e-08,5.0,5.0,6.0
361,35087.0,Localite,7.468249e-09,0.0,20.0,7.468249e-09,8.0,8.0,7.0
361,37889.0,Avenue,1.1810365e-08,0.0,20.0,1.1810365e-08,6.0,6.0,8.0
362,37745.0,Avenue (Past Loc),1.3926452689999998e-06,54.0,20.0,4.354366585764706e-06,1.0,1.0,1.0
362,36215.0,Avenue,7.62559083e-07,22.0,20.0,2.5599091847241375e-06,4.0,2.0,2.0
362,36244.0,Avenue,8.39166644e-07,22.0,20.0,1.9984682333333336e-06,2.0,4.0,3.0
362,36243.0,Avenue Adjoint,8.20464881e-07,21.0,20.0,2.134536763214286e-06,3.0,3.0,4.0
362,3772.0,Avenue,2.6386445500000005e-07,16.0,20.0,8.5025540236e-07,6.0,5.0,5.0
362,37711.0,Avenue,2.9633458099999995e-07,7.0,20.0,8.275772329999999e-07,5.0,6.0,6.0
362,37890.0,Avenue (Past Loc),7.4202354e-08,7.0,20.0,1.2595083479999998e-07,7.0,7.0,7.0
362,37749.0,Avenue Adjoint,2.3911734999999998e-08,2.0,20.0,3.844060916666667e-08,8.0,8.0,8.0
362,3762.0,,1.9806073000000002e-08,0.0,20.0,1.9806073e-08,9.0,9.0,9.0
362,37747.0,Avenue,3.458528e-09,0.0,20.0,3.458528e-09,10.0,10.0,10.0
362,3775.0,Avenue (Past Loc),6.08887e-10,0.0,20.0,6.08887e-10,11.0,11.0,11.0
363,36589.0,,3.1274592200000004e-06,168.0,20.0,1.8027099529380938e-05,1.0,1.0,1.0
363,36876.0,Avenue (Past Loc),2.8017370789999985e-06,144.0,20.0,1.3294427029025325e-05,2.0,2.0,2.0
363,37750.0,Avenue (Past Loc),6.097237730000002e-07,50.0,20.0,5.74858874859756e-06,4.0,3.0,3.0
363,37745.0,Avenue (Past Loc),6.34854429e-07,49.0,20.0,5.0667186368493135e-06,3.0,4.0,4.0
363,363117.0,Avenue,5.964233749999999e-07,33.0,20.0,2.9581872485714286e-06,6.0,6.0,5.0
363,363115.0,Avenue (Past Loc),5.966478e-07,32.0,20.0,3.806750769374999e-06,5.0,5.0,6.0
363,363113.0,Avenue,5.933507770000001e-07,27.0,20.0,1.668284787916667e-06,7.0,7.0,7.0
363,363102.0,Avenue,4.72049291e-07,24.0,20.0,1.1760639873333333e-06,8.0,12.0,8.0
363,36586.0,Avenue (Past Loc),2.1898967700000002e-07,14.0,20.0,8.616018926666667e-07,13.0,14.0,9.0
363,37051.0,Avenue (Past Loc),3.24123736e-07,14.0,20.0,1.3626833359821433e-06,11.0,10.0,10.0
363,37052.0,Avenue (Past Loc),2.1605382e-07,14.0,20.0,8.891197229600001e-07,14.0,13.0,11.0
363,37047.0,Avenue,3.077222369999999e-07,14.0,20.0,1.2945237853333331e-06,12.0,11.0,12.0
363,37048.0,Avenue Adjoint,4.368918769999999e-07,13.0,20.0,1.492772953904762e-06,9.0,9.0,13.0
363,37711.0,Avenue,3.346900880000001e-07,10.0,20.0,1.5990145600000004e-06,10.0,8.0,14.0
363,37685.0,Avenue,3.5615907e-08,4.0,20.0,4.131622542857143e-08,17.0,17.0,15.0
363,3762.0,,7.824420100000001e-08,2.0,20.0,8.670910341176473e-08,15.0,15.0,16.0
363,37890.0,Avenue (Past Loc),3.842303200000001e-08,2.0,20.0,4.676462283333333e-08,16.0,16.0,17.0
363,37689.0,Avenue,2.4629290000000005e-08,0.0,20.0,2.462929e-08,18.0,18.0,18.0
364,36589.0,,1.3793681879999997e-06,53.0,20.0,2.2847168273309604e-06,1.0,2.0,1.0
364,36588.0,Avenue,9.5848559e-07,37.0,20.0,1.3253541009999995e-06,3.0,5.0,2.0
364,36586.0,Avenue (Past Loc),8.243967430000003e-07,30.0,20.0,1.1058336721445782e-06,4.0,6.0,3.0
364,36876.0,Avenue (Past Loc),1.0215977570000001e-06,30.0,20.0,5.925107258341318e-06,2.0,1.0,4.0
364,36414.0,Avenue,5.249386030000002e-07,23.0,20.0,5.785864904181821e-07,5.0,7.0,5.0
364,3643.0,Avenue,4.79171529e-07,22.0,20.0,1.7041090513333333e-06,7.0,3.0,6.0
364,36484.0,Avenue,4.93250889e-07,18.0,20.0,1.5007224378461536e-06,6.0,4.0,7.0
364,363117.0,Avenue,4.049485e-08,3.0,20.0,7.3985848e-08,13.0,9.0,8.0
364,37051.0,Avenue (Past Loc),1.1696907899999998e-07,2.0,20.0,1.16969079e-07,8.0,8.0,9.0
364,37047.0,Avenue,4.5503134e-08,2.0,20.0,4.5503134000000004e-08,11.0,12.0,10.0
364,37052.0,Avenue (Past Loc),1.2587396e-08,1.0,20.0,1.2587396000000003e-08,19.0,19.0,11.0
364,37050.0,Avenue,4.0591399e-08,1.0,20.0,4.0591399000000014e-08,12.0,13.0,12.0
364,3707.0,Avenue,4.6336166000000005e-08,1.0,20.0,4.633616600000002e-08,10.0,11.0,13.0
364,37048.0,Avenue Adjoint,5.1356625000000004e-08,1.0,20.0,5.135662500000001e-08,9.0,10.0,14.0
364,363102.0,Avenue,3.428083e-08,1.0,20.0,3.428083e-08,14.0,14.0,15.0
364,37745.0,Avenue (Past Loc),1.8508406000000003e-08,0.0,20.0,1.8508406e-08,18.0,18.0,16.0
364,37750.0,Avenue (Past Loc),1.2456778e-08,0.0,20.0,1.2456778e-08,20.0,20.0,17.0
364,363113.0,Avenue,1.9490284e-08,0.0,20.0,1.9490284000000002e-08,17.0,17.0,18.0
364,37711.0,Avenue,3.950395e-09,0.0,20.0,3.950395e-09,21.0,21.0,19.0
364,363115.0,Avenue (Past Loc),2.5096460000000003e-08,0.0,20.0,2.5096460000000003e-08,16.0,16.0,20.0
364,36694.0,Avenue,2.7505783e-08,0.0,20.0,2.7505783e-08,15.0,15.0,21.0
365,36586.0,Avenue (Past Loc),2.9270487330000044e-06,134.0,20.0,7.948571809026116e-06,1.0,1.0,1.0
365,36876.0,Avenue (Past Loc),1.852609382000001e-06,76.0,20.0,2.8548186090909097e-06,2.0,3.0,2.0
365,36589.0,,1.3228971340000005e-06,60.0,20.0,2.8323813622302152e-06,3.0,4.0,3.0
365,36587.0,Avenue,8.416424709999998e-07,41.0,20.0,1.4863293237519995e-06,4.0,5.0,4.0
365,36588.0,Avenue,6.96638502e-07,23.0,20.0,3.6907649153225774e-06,5.0,2.0,5.0
365,3693.0,Avenue Adjoint,2.73446104e-07,11.0,20.0,6.304339867872341e-07,6.0,6.0,6.0
365,36590.0,Avenue,2.00414823e-07,6.0,20.0,2.497990687027027e-07,7.0,7.0,7.0
365,37052.0,Avenue (Past Loc),1.0665843699999999e-07,4.0,20.0,1.08030825483871e-07,9.0,9.0,8.0
365,37051.0,Avenue (Past Loc),1.27814463e-07,3.0,20.0,1.300779222857143e-07,8.0,8.0,9.0
365,37035.0,Avenue,6.678557599999998e-08,1.0,20.0,6.678557599999998e-08,10.0,10.0,10.0
365,36484.0,Avenue,1.3826476999999999e-08,0.0,20.0,1.3826477e-08,14.0,14.0,11.0
365,36948.0,Avenue,2.7870847999999993e-08,0.0,20.0,2.7870847999999993e-08,12.0,12.0,12.0
365,36414.0,Avenue,5.5450699000000005e-08,0.0,20.0,5.5450699e-08,11.0,11.0,13.0
365,37050.0,Avenue,2.094923e-09,0.0,20.0,2.094923e-09,17.0,17.0,14.0
365,3707.0,Avenue,1.371769e-09,0.0,20.0,1.371769e-09,18.0,18.0,15.0
365,3643.0,Avenue,1.1532937000000001e-08,0.0,20.0,1.1532937e-08,15.0,15.0,16.0
365,36694.0,Avenue,2.13254e-09,0.0,20.0,2.13254e-09,16.0,16.0,17.0
365,367101.0,Localite,2.3330994e-08,0.0,20.0,2.3330994e-08,13.0,13.0,18.0
366,36694.0,Avenue,1.022540509e-06,56.0,20.0,2.010704232140351e-06,1.0,3.0,1.0
366,36693.0,Avenue,7.92009396e-07,45.0,20.0,1.5481475193043478e-06,5.0,6.0,2.0
366,36690.0,Avenue,8.723094699999999e-07,44.0,20.0,2.521174724222222e-06,3.0,2.0,3.0
366,36691.0,Avenue,7.988048800000001e-07,37.0,20.0,1.659785017846154e-06,4.0,5.0,4.0
366,36695.0,Avenue (Past Loc),6.51028058e-07,35.0,20.0,1.6610974319999996e-06,6.0,4.0,5.0
366,36692.0,Avenue,9.91640191e-07,31.0,20.0,3.1949760384242424e-06,2.0,1.0,6.0
366,367101.0,Localite,9.420743299999999e-08,0.0,20.0,9.420743300000001e-08,7.0,7.0,7.0
366,367102.0,Avenue Adjoint,1.8761995e-08,0.0,20.0,1.8761995e-08,9.0,9.0,8.0
366,3693.0,Avenue Adjoint,1.2997576e-08,0.0,20.0,1.2997575999999999e-08,10.0,10.0,9.0
366,36876.0,Avenue (Past Loc),3.6938074e-08,0.0,20.0,3.6938074e-08,8.0,8.0,10.0
366,3283.0,Localite,6.462185e-09,0.0,20.0,6.462185e-09,11.0,11.0,11.0
367,367101.0,Localite,6.916339336000001e-06,347.0,20.0,3.025595805471527e-05,1.0,1.0,1.0
367,36876.0,Avenue (Past Loc),4.76072663e-07,40.0,20.0,2.1386151323809526e-06,4.0,4.0,2.0
367,367102.0,Avenue Adjoint,8.488074490000002e-07,31.0,20.0,6.559239786065218e-06,2.0,2.0,3.0
367,367100.0,Avenue,8.385653599999999e-07,29.0,20.0,2.3713688045e-06,3.0,3.0,4.0
367,36586.0,Avenue (Past Loc),3.41459479e-07,24.0,20.0,1.4192480895000001e-06,5.0,5.0,5.0
367,3693.0,Avenue Adjoint,2.0173707000000002e-08,0.0,20.0,2.0173707e-08,6.0,6.0,6.0
367,3283.0,Localite,3.5746989999999998e-09,0.0,20.0,3.5746989999999998e-09,7.0,7.0,7.0
368,36876.0,Avenue (Past Loc),1.1269331770000001e-06,61.0,20.0,8.92043426905634e-06,2.0,1.0,1.0
368,36586.0,Avenue (Past Loc),1.2195644680000002e-06,59.0,20.0,7.831634150735294e-06,1.0,2.0,2.0
368,367101.0,Localite,7.02331306e-07,39.0,20.0,4.842607893547169e-06,3.0,3.0,3.0
368,367100.0,Avenue,3.2949170000000003e-09,0.0,20.0,3.2949170000000003e-09,4.0,4.0,4.0
369,37052.0,Avenue (Past Loc),1.7245223619999993e-06,74.0,20.0,1.6153225689966674e-05,1.0,1.0,1.0
369,37051.0,Avenue (Past Loc),1.1782288529999995e-06,44.0,20.0,1.4659608608833335e-05,2.0,2.0,2.0
369,36947.0,Avenue,8.161971449999995e-07,35.0,20.0,2.4146614351372552e-06,3.0,3.0,3.0
369,37243.0,Avenue (Past Loc),4.266858569999999e-07,14.0,20.0,4.797451441935487e-07,6.0,6.0,4.0
369,36876.0,Avenue (Past Loc),1.6543822900000004e-07,9.0,20.0,2.1041240846428561e-07,11.0,11.0,5.0
369,37232.0,Avenue (Past Loc),1.6867357699999997e-07,8.0,20.0,3.10979887037037e-07,10.0,8.0,6.0
369,36586.0,Avenue (Past Loc),2.3689486999999998e-07,7.0,20.0,2.655408721304347e-07,8.0,9.0,7.0
369,36948.0,Avenue,4.27946143e-07,7.0,20.0,6.860529982068966e-07,5.0,5.0,8.0
369,37245.0,Avenue,1.9876552499999994e-07,7.0,20.0,2.3121333262921343e-07,9.0,10.0,9.0
369,36589.0,,6.845557830000001e-07,6.0,20.0,7.105125777372261e-07,4.0,4.0,10.0
369,3693.0,Avenue Adjoint,3.2902645400000003e-07,5.0,20.0,3.5129588784090904e-07,7.0,7.0,11.0
369,3714.0,Avenue (Past Loc),3.6180166000000004e-08,2.0,20.0,3.577346813793103e-08,12.0,12.0,12.0
369,367101.0,Localite,7.363226e-09,0.0,20.0,7.363226e-09,13.0,13.0,13.0
370,37051.0,Avenue (Past Loc),4.503563647000004e-06,204.0,20.0,2.746814129035793e-05,1.0,1.0,1.0
370,36586.0,Avenue (Past Loc),4.255954211000003e-06,190.0,20.0,2.7209958348481715e-05,2.0,2.0,2.0
370,37052.0,Avenue (Past Loc),3.934055163000001e-06,178.0,20.0,2.4663459883056936e-05,3.0,4.0,3.0
370,36589.0,,3.3262047790000014e-06,163.0,20.0,2.5149016316808767e-05,4.0,3.0,4.0
370,36876.0,Avenue (Past Loc),1.2341714170000008e-06,63.0,20.0,2.028857270801458e-06,5.0,6.0,5.0
370,37035.0,Avenue,7.801959630000002e-07,49.0,20.0,1.010474798485955e-05,6.0,5.0,6.0
370,36948.0,Avenue,3.34696085e-07,27.0,20.0,6.37993381707317e-07,9.0,9.0,7.0
370,3707.0,Avenue,5.548109259999998e-07,19.0,20.0,1.7650886616000001e-06,8.0,7.0,8.0
370,37050.0,Avenue,5.60518548e-07,18.0,20.0,1.7623704092307694e-06,7.0,8.0,9.0
370,36590.0,Avenue,6.379498699999999e-08,6.0,20.0,7.032862004545455e-08,12.0,12.0,10.0
370,37047.0,Avenue,1.6537178599999997e-07,6.0,20.0,1.7495604350000005e-07,10.0,10.0,11.0
370,3714.0,Avenue (Past Loc),9.817062899999999e-08,2.0,20.0,9.8170629e-08,11.0,11.0,12.0
370,37243.0,Avenue (Past Loc),6.1385853e-08,2.0,20.0,6.1385853e-08,14.0,14.0,13.0
370,37048.0,Avenue Adjoint,5.2215297e-08,1.0,20.0,5.2215297e-08,15.0,15.0,14.0
370,37232.0,Avenue (Past Loc),6.2719981e-08,1.0,20.0,6.2719981e-08,13.0,13.0,15.0
370,3762.0,,2.37049e-10,0.0,20.0,2.37049e-10,20.0,20.0,16.0
370,36588.0,Avenue,7.654038e-09,0.0,20.0,7.654038e-09,17.0,17.0,17.0
370,37144.0,Avenue,5.365165e-09,0.0,20.0,5.365165e-09,18.0,18.0,18.0
370,3693.0,Avenue Adjoint,3.0505394e-08,0.0,20.0,3.0505394e-08,16.0,16.0,19.0
370,36414.0,Avenue,2.335734e-09,0.0,20.0,2.335734e-09,19.0,19.0,20.0
370,37245.0,Avenue,3.14e-13,0.0,20.0,3.14e-13,21.0,21.0,21.0
371,37232.0,Avenue (Past Loc),2.9986806440000003e-06,73.0,20.0,9.719504870400004e-06,1.0,1.0,1.0
371,3714.0,Avenue (Past Loc),1.1702177609999993e-06,25.0,20.0,1.2979769503568784e-06,3.0,5.0,2.0
371,37243.0,Avenue (Past Loc),6.539133500000001e-07,22.0,20.0,3.200619660486487e-06,4.0,2.0,3.0
371,37145.0,Avenue,6.244240279999999e-07,16.0,20.0,3.1151520184615403e-06,5.0,3.0,4.0
371,37144.0,Avenue,5.386129400000001e-07,15.0,20.0,9.333266474545455e-07,7.0,7.0,5.0
371,3762.0,,1.1934046709999991e-06,15.0,20.0,1.6162007971048956e-06,2.0,4.0,6.0
371,37512.0,Avenue,3.027201459999999e-07,9.0,20.0,1.2116795699250003e-06,8.0,6.0,7.0
371,36876.0,Avenue (Past Loc),6.142568839999999e-07,3.0,20.0,6.207346931575093e-07,6.0,8.0,8.0
371,36589.0,,2.2794403300000003e-07,3.0,20.0,2.3508269503424662e-07,10.0,10.0,9.0
371,37048.0,Avenue Adjoint,3.582857e-08,2.0,20.0,4.246523047619048e-08,16.0,16.0,10.0
371,37047.0,Avenue,2.1030314999999995e-08,2.0,20.0,2.8300725149999994e-08,18.0,18.0,11.0
371,37052.0,Avenue (Past Loc),1.5708892600000003e-07,2.0,20.0,1.6431321051851844e-07,12.0,12.0,12.0
371,37051.0,Avenue (Past Loc),2.1426634700000006e-07,2.0,20.0,2.2108691013913037e-07,11.0,11.0,13.0
371,36586.0,Avenue (Past Loc),2.309435880000001e-07,2.0,20.0,2.3821466832298127e-07,9.0,9.0,14.0
371,37314.0,Avenue (Past Loc),9.499884e-09,0.0,20.0,9.499884e-09,21.0,21.0,15.0
371,3707.0,Avenue,4.5999064e-08,0.0,20.0,4.5999063999999994e-08,14.0,14.0,16.0
371,37050.0,Avenue,4.3880248e-08,0.0,20.0,4.3880248e-08,15.0,15.0,17.0
371,37035.0,Avenue,5.287586e-08,0.0,20.0,5.287586e-08,13.0,13.0,18.0
371,37686.0,Avenue,1.7850055e-08,0.0,20.0,1.7850055e-08,20.0,20.0,19.0
371,37688.0,Avenue (Past Loc),3.5457087e-08,0.0,20.0,3.5457086999999996e-08,17.0,17.0,20.0
371,37588.0,Avenue,1.8004763e-08,0.0,20.0,1.8004763e-08,19.0,19.0,21.0
371,37589.0,Avenue,1.379547e-09,0.0,20.0,1.379547e-09,22.0,22.0,22.0
372,37232.0,Avenue (Past Loc),4.562833936999997e-06,237.0,20.0,2.1571938448756914e-05,2.0,1.0,1.0
372,37243.0,Avenue (Past Loc),4.733917632e-06,195.0,20.0,2.0916775969873807e-05,1.0,2.0,2.0
372,37244.0,Avenue,1.36024467e-06,70.0,20.0,6.767939288413046e-06,4.0,4.0,3.0
372,37245.0,Avenue,1.6003610389999996e-06,64.0,20.0,7.427783722320002e-06,3.0,3.0,4.0
372,37246.0,Avenue,7.373558289999999e-07,36.0,20.0,2.675761914782609e-06,5.0,5.0,5.0
372,37247.0,Avenue,3.07976466e-07,7.0,20.0,3.381467208571428e-07,6.0,6.0,6.0
372,3714.0,Avenue (Past Loc),6.508767900000001e-08,3.0,20.0,7.100841860869565e-08,7.0,7.0,7.0
372,37052.0,Avenue (Past Loc),3.4907807e-08,1.0,20.0,3.4907807e-08,9.0,9.0,8.0
372,36876.0,Avenue (Past Loc),4.668127900000001e-08,1.0,20.0,4.6681279e-08,8.0,8.0,9.0
372,37051.0,Avenue (Past Loc),2.5387292e-08,1.0,20.0,2.5387292e-08,10.0,10.0,10.0
372,36947.0,Avenue,7.851266e-09,0.0,20.0,7.851266e-09,11.0,11.0,11.0
373,3714.0,Avenue (Past Loc),1.8428964489999997e-06,112.0,20.0,1.2690603904923856e-05,1.0,1.0,1.0
373,37314.0,Avenue (Past Loc),1.2507010440000001e-06,52.0,20.0,2.0529797807931028e-06,2.0,2.0,2.0
373,37243.0,Avenue (Past Loc),2.5828807399999997e-07,9.0,20.0,3.675840297786884e-07,4.0,3.0,3.0
373,37232.0,Avenue (Past Loc),1.7044027100000004e-07,7.0,20.0,1.8118455094202894e-07,5.0,5.0,4.0
373,37247.0,Avenue,2.78458626e-07,7.0,20.0,2.8110076399999996e-07,3.0,4.0,5.0
373,36876.0,Avenue (Past Loc),9.946209999999996e-08,3.0,20.0,1.0374817749999998e-07,6.0,6.0,6.0
373,36947.0,Avenue,3.9713744999999996e-08,0.0,20.0,3.971374499999999e-08,8.0,8.0,7.0
373,37145.0,Avenue,5.8031985000000005e-08,0.0,20.0,5.8031985000000005e-08,7.0,7.0,8.0
373,37052.0,Avenue (Past Loc),1.1404878e-08,0.0,20.0,1.1404877999999998e-08,13.0,13.0,9.0
373,36589.0,,2.0780507999999998e-08,0.0,20.0,2.0780507999999998e-08,9.0,9.0,10.0
373,37245.0,Avenue,1.3673621999999998e-08,0.0,20.0,1.3673622e-08,11.0,11.0,11.0
373,37051.0,Avenue (Past Loc),1.2634164000000002e-08,0.0,20.0,1.2634163999999999e-08,12.0,12.0,12.0
373,37487.0,Avenue Adjoint,1.6468031e-08,0.0,20.0,1.6468031e-08,10.0,10.0,13.0
374,37487.0,Avenue Adjoint,6.22009906e-07,43.0,20.0,1.919689902173914e-06,2.0,2.0,2.0
374,3762.0,,6.722418680000001e-07,38.0,20.0,1.6809552249122806e-06,1.0,3.0,1.0
374,37688.0,Avenue (Past Loc),4.6997766400000003e-07,26.0,20.0,2.1935323419756097e-06,3.0,1.0,3.0
374,37589.0,Avenue,2.77064564e-07,18.0,20.0,9.977918879999996e-07,5.0,4.0,4.0
374,3714.0,Avenue (Past Loc),3.9522971199999993e-07,16.0,20.0,7.417118771428574e-07,4.0,5.0,5.0
374,37745.0,Avenue (Past Loc),9.138544700000001e-08,5.0,20.0,9.904575970370371e-08,7.0,7.0,6.0
374,37588.0,Avenue,5.5938467e-08,3.0,20.0,7.340067525000001e-08,9.0,9.0,7.0
374,37750.0,Avenue (Past Loc),7.0231314e-08,3.0,20.0,7.62543404e-08,8.0,8.0,8.0
374,37314.0,Avenue (Past Loc),1.77937442e-07,2.0,20.0,1.77937442e-07,6.0,6.0,9.0
374,37890.0,Avenue (Past Loc),4.4212233e-08,2.0,20.0,4.8721748250000004e-08,10.0,10.0,10.0
374,37145.0,Avenue,3.1250084e-08,1.0,20.0,3.1250084e-08,13.0,13.0,11.0
374,37243.0,Avenue (Past Loc),2.192665e-08,1.0,20.0,2.192665e-08,14.0,14.0,12.0
374,37144.0,Avenue,3.7166323999999994e-08,1.0,20.0,3.7166324e-08,11.0,11.0,13.0
374,37512.0,Avenue,3.7044369000000006e-08,1.0,20.0,3.7044369e-08,12.0,12.0,14.0
375,3762.0,,2.5229386700000003e-06,97.0,20.0,6.464472148961129e-06,1.0,1.0,1.0
375,37688.0,Avenue (Past Loc),1.012084517e-06,52.0,20.0,2.7542777183513513e-06,2.0,3.0,2.0
375,37589.0,Avenue,4.747458039999998e-07,35.0,20.0,1.0602930167961166e-06,6.0,4.0,3.0
375,37232.0,Avenue (Past Loc),6.595315140000001e-07,29.0,20.0,2.9198480992405075e-06,3.0,2.0,4.0
375,37588.0,Avenue,5.506631389999998e-07,24.0,20.0,7.917856137656246e-07,4.0,7.0,5.0
375,37144.0,Avenue,5.41095301e-07,19.0,20.0,8.853564483658539e-07,5.0,6.0,6.0
375,37512.0,Avenue,4.340413760000001e-07,18.0,20.0,4.4946277909803927e-07,7.0,10.0,7.0
375,37243.0,Avenue (Past Loc),3.63797637e-07,16.0,20.0,7.114310360499999e-07,11.0,8.0,8.0
375,37145.0,Avenue,3.7697689700000005e-07,15.0,20.0,9.158217933333335e-07,9.0,5.0,9.0
375,3714.0,Avenue (Past Loc),3.967914519999999e-07,8.0,20.0,4.5165082619999997e-07,8.0,9.0,10.0
375,37487.0,Avenue Adjoint,3.73599557e-07,4.0,20.0,4.2146606185185175e-07,10.0,11.0,11.0
375,37674.0,Avenue,8.612559e-09,1.0,20.0,8.612559e-09,13.0,13.0,12.0
375,37685.0,Avenue,1.6689892e-08,1.0,20.0,1.6689891999999998e-08,12.0,12.0,13.0
376,3762.0,,4.176630922000004e-06,214.0,20.0,2.451509393744886e-05,1.0,1.0,1.0
376,37688.0,Avenue (Past Loc),1.5668401209999997e-06,85.0,20.0,3.409060986584982e-06,2.0,4.0,2.0
376,37689.0,Avenue,6.540438610000001e-07,44.0,20.0,6.004699405200001e-06,4.0,2.0,3.0
376,37674.0,Avenue,6.278826309999998e-07,35.0,20.0,1.2505635583018873e-06,5.0,6.0,4.0
376,37685.0,Avenue,6.610979250000001e-07,35.0,20.0,4.233774598705883e-06,3.0,3.0,5.0
376,37686.0,Avenue,5.19880621e-07,26.0,20.0,1.5813781897560976e-06,6.0,5.0,6.0
376,37589.0,Avenue,4.98478335e-07,24.0,20.0,9.787369811392408e-07,7.0,7.0,7.0
376,36589.0,,1.6482942799999996e-07,7.0,20.0,1.9010165866666667e-07,10.0,10.0,8.0
376,37890.0,Avenue (Past Loc),2.2125650000000005e-07,5.0,20.0,2.414551011219512e-07,9.0,9.0,9.0
376,37745.0,Avenue (Past Loc),1.5347455999999996e-07,5.0,20.0,1.747793846666667e-07,11.0,11.0,10.0
376,37750.0,Avenue (Past Loc),2.24672459e-07,5.0,20.0,2.493378846e-07,8.0,8.0,11.0
376,3714.0,Avenue (Past Loc),2.4399229e-08,5.0,20.0,3.094782571428571e-08,16.0,16.0,12.0
376,37232.0,Avenue (Past Loc),4.6589276999999993e-08,5.0,20.0,5.615743199999999e-08,14.0,14.0,13.0
376,363115.0,Avenue (Past Loc),6.0888274e-08,3.0,20.0,5.796889155555556e-08,13.0,13.0,14.0
376,363117.0,Avenue,1.2524797e-08,1.0,20.0,1.2524797e-08,17.0,17.0,15.0
376,36876.0,Avenue (Past Loc),8.734248199999998e-08,0.0,20.0,8.734248199999998e-08,12.0,12.0,16.0
376,37144.0,Avenue,4.001749e-09,0.0,20.0,4.001749e-09,18.0,18.0,17.0
376,363113.0,Avenue,3.2290178000000004e-08,0.0,20.0,3.2290178000000004e-08,15.0,15.0,18.0
377,37890.0,Avenue (Past Loc),5.3986889049999995e-06,98.0,20.0,2.1819884705774063e-05,1.0,1.0,1.0
377,3762.0,,2.2285050179999997e-06,67.0,20.0,1.303610100075581e-05,3.0,2.0,2.0
377,37745.0,Avenue (Past Loc),2.7921046249999996e-06,43.0,20.0,3.7592202859910312e-06,2.0,4.0,3.0
377,37711.0,Avenue,1.064204461e-06,36.0,20.0,6.3740297645283015e-06,4.0,3.0,4.0
377,37746.0,Avenue,8.975055640000002e-07,28.0,20.0,3.049350190909091e-06,6.0,5.0,5.0
377,37750.0,Avenue (Past Loc),7.022205490000001e-07,28.0,20.0,1.5134346818000005e-06,8.0,6.0,6.0
377,36876.0,Avenue (Past Loc),7.142030100000001e-08,10.0,20.0,9.519438181578949e-08,14.0,14.0,7.0
377,37688.0,Avenue (Past Loc),1.85578219e-07,5.0,20.0,1.9951957809523804e-07,12.0,12.0,8.0
377,3772.0,Avenue,9.011694900000002e-07,4.0,20.0,8.965816299310343e-07,5.0,7.0,9.0
377,36243.0,Avenue Adjoint,3.773355499999999e-08,3.0,20.0,7.265825855555557e-08,17.0,15.0,10.0
377,3775.0,Avenue (Past Loc),6.810846960000001e-07,3.0,20.0,6.630920118e-07,9.0,10.0,11.0
377,36244.0,Avenue,3.622008e-08,3.0,20.0,6.89282145e-08,18.0,16.0,12.0
377,36589.0,,1.0564608999999998e-08,2.0,20.0,1.3995860909090909e-08,19.0,19.0,13.0
377,37749.0,Avenue Adjoint,8.012340889999999e-07,2.0,20.0,7.959665866086956e-07,7.0,8.0,14.0
377,37674.0,Avenue,4.1497724e-08,1.0,20.0,4.1497724000000003e-08,16.0,18.0,15.0
377,37589.0,Avenue,5.1901887000000004e-08,1.0,20.0,5.1901887000000004e-08,15.0,17.0,16.0
377,36215.0,Avenue,6.6706331e-07,0.0,20.0,6.670633100000001e-07,10.0,9.0,17.0
377,37687.0,Avenue Adjoint,1.28971894e-07,0.0,20.0,1.28971894e-07,13.0,13.0,18.0
377,37747.0,Avenue,2.61516949e-07,0.0,20.0,2.6151694899999997e-07,11.0,11.0,19.0
378,37890.0,Avenue (Past Loc),3.664655112e-06,115.0,20.0,8.478695420560004e-06,1.0,1.0,1.0
378,35988.0,Localite,2.1053929489999995e-06,94.0,20.0,4.9472374912214775e-06,2.0,2.0,2.0
378,37745.0,Avenue (Past Loc),2.0003551410000006e-06,50.0,20.0,3.7869452375776394e-06,3.0,3.0,3.0
378,37888.0,Avenue Adjoint,5.009577070000001e-07,24.0,20.0,1.340480392125e-06,7.0,6.0,4.0
378,37889.0,Avenue,5.25110394e-07,23.0,20.0,1.171317165789474e-06,6.0,7.0,5.0
378,37884.0,Avenue,5.55410813e-07,23.0,20.0,1.5195620105000002e-06,5.0,4.0,6.0
378,37886.0,Avenue Adjoint,5.869511309999999e-07,22.0,20.0,1.3957565177272724e-06,4.0,5.0,7.0
378,37687.0,Avenue Adjoint,4.06952206e-07,9.0,20.0,5.472878451428571e-07,8.0,8.0,8.0
378,37747.0,Avenue,3.7148382e-07,8.0,20.0,5.439121746666667e-07,9.0,9.0,9.0
378,379139.0,Avenue,2.3070406300000002e-07,6.0,20.0,3.573805927272728e-07,10.0,10.0,10.0
379,35988.0,Localite,7.662537016e-06,401.0,20.0,4.995837636797978e-05,1.0,1.0,1.0
379,379142.0,Avenue,9.20597974e-07,62.0,20.0,3.0122109972602734e-06,5.0,8.0,2.0
379,379138.0,,9.253705710000001e-07,57.0,20.0,4.968944530909092e-06,3.0,5.0,3.0
379,379140.0,Avenue,9.23024414e-07,48.0,20.0,5.669439960642857e-06,4.0,4.0,4.0
379,357102.0,Avenue,9.30152946e-07,47.0,20.0,5.992488207357141e-06,2.0,3.0,5.0
379,379141.0,Avenue,6.876852729999999e-07,46.0,20.0,3.560818292935484e-06,8.0,6.0,6.0
379,357104.0,Avenue,8.6001533e-07,46.0,20.0,6.057653612459015e-06,6.0,2.0,7.0
379,357103.0,Avenue,7.78254281e-07,43.0,20.0,3.3600619440909098e-06,7.0,7.0,8.0
379,37890.0,Avenue (Past Loc),3.40244617e-07,26.0,20.0,1.3811079794e-06,11.0,10.0,9.0
379,379139.0,Avenue,3.0799615e-07,26.0,20.0,7.636990477777779e-07,12.0,12.0,10.0
379,38091.0,Avenue (Past Loc),3.85663355e-07,22.0,20.0,1.7171292794285712e-06,10.0,9.0,11.0
379,34994.0,Avenue,6.24601099e-07,17.0,20.0,1.1106966607499998e-06,9.0,11.0,12.0
379,37745.0,Avenue (Past Loc),3.1478803e-08,1.0,20.0,3.1478803e-08,14.0,14.0,13.0
379,35087.0,Localite,6.109139e-09,0.0,20.0,6.109139e-09,16.0,16.0,14.0
379,34193.0,Avenue (Past Loc),1.1537444e-08,0.0,20.0,1.1537444e-08,15.0,15.0,15.0
379,36047.0,Avenue,9.678838400000001e-08,0.0,20.0,9.6788384e-08,13.0,13.0,16.0
380,35988.0,Localite,3.393461844999999e-06,128.0,20.0,1.3930806011459997e-05,1.0,1.0,1.0
380,38094.0,Avenue,1.000979721e-06,40.0,20.0,5.699172555106382e-06,2.0,2.0,2.0
380,38091.0,Avenue (Past Loc),5.526397939999999e-07,32.0,20.0,1.9481652533999993e-06,5.0,3.0,3.0
380,38093.0,Avenue,5.74705647e-07,25.0,20.0,1.0985619962307692e-06,4.0,5.0,4.0
380,38092.0,Avenue (Past Loc),4.7065423799999996e-07,25.0,20.0,1.1596051195384615e-06,6.0,4.0,5.0
380,38095.0,Avenue (Past Loc),3.06308755e-07,14.0,20.0,3.1028521129411763e-07,7.0,7.0,6.0
380,34193.0,Avenue (Past Loc),1.8111691300000002e-07,4.0,20.0,1.858523708571429e-07,9.0,9.0,7.0
380,347115.0,Avenue,4.8458074000000007e-08,2.0,20.0,5.2567333875e-08,12.0,12.0,8.0
380,3476.0,Avenue (Past Loc),6.5400806e-08,1.0,20.0,6.5400806e-08,11.0,11.0,9.0
380,38189.0,Localite,3.0525264e-08,1.0,20.0,3.0525264e-08,13.0,13.0,10.0
380,38490.0,Avenue,9.95140139e-07,1.0,20.0,9.95140139e-07,3.0,6.0,11.0
380,38788.0,Localite,1.54609628e-07,0.0,20.0,1.54609628e-07,10.0,10.0,12.0
380,379142.0,Avenue,8.568198000000001e-09,0.0,20.0,8.568198000000001e-09,14.0,14.0,13.0
380,38673.0,Avenue (Past Loc),2.22966275e-07,0.0,20.0,2.22966275e-07,8.0,8.0,14.0
380,35087.0,Localite,3.0730200000000002e-09,0.0,20.0,3.0730200000000002e-09,15.0,15.0,15.0
380,347114.0,Avenue,2.52405e-09,0.0,20.0,2.52405e-09,16.0,16.0,16.0
381,38788.0,Localite,1.9090451050000003e-06,122.0,20.0,4.8802695531507935e-06,2.0,2.0,1.0
381,382121.0,Avenue (Past Loc),7.48543786e-07,50.0,20.0,1.7629669696415093e-06,8.0,8.0,2.0
381,38172.0,Avenue,7.50269402e-07,43.0,20.0,1.8172834290681818e-06,7.0,6.0,3.0
381,38189.0,Localite,1.731637305e-06,37.0,20.0,5.595014962666668e-06,3.0,1.0,4.0
381,38188.0,Avenue,8.98325231e-07,37.0,20.0,8.98325231e-07,5.0,10.0,5.0
381,38187.0,Avenue,8.78717814e-07,36.0,20.0,2.3892133119473687e-06,6.0,5.0,6.0
381,38494.0,Avenue,7.079430529999999e-07,31.0,20.0,1.8094169131249999e-06,9.0,7.0,7.0
381,38190.0,Avenue,1.044288873e-06,29.0,20.0,2.7284229011249996e-06,4.0,4.0,8.0
381,35988.0,Localite,1.925397713e-06,24.0,20.0,3.2886553549090904e-06,1.0,3.0,9.0
381,382123.0,Avenue Adjoint,3.1429213399999995e-07,14.0,20.0,9.750920254444447e-07,11.0,9.0,10.0
381,382117.0,Localite Adjoint,1.7684190099999997e-07,8.0,20.0,2.7235728393749996e-07,13.0,12.0,11.0
381,38490.0,Avenue,3.2336018400000004e-07,6.0,20.0,2.820834942857143e-07,10.0,11.0,12.0
381,34193.0,Avenue (Past Loc),2.08171774e-07,4.0,20.0,2.6175247666666666e-07,12.0,13.0,13.0
381,38095.0,Avenue (Past Loc),9.4293304e-08,4.0,20.0,1.49400924e-07,14.0,14.0,14.0
381,382115.0,Avenue,1.8523544999999998e-08,2.0,20.0,2.3474916e-08,17.0,16.0,15.0
381,382119.0,Avenue,1.2607556e-08,1.0,20.0,1.2607556e-08,18.0,18.0,16.0
381,34710.0,Avenue,5.6187631e-08,0.0,20.0,5.6187631000000005e-08,15.0,15.0,17.0
381,382118.0,Avenue (Past Loc),5.228276e-09,0.0,20.0,5.228276e-09,20.0,20.0,18.0
381,3829.0,Avenue,3.71576e-10,0.0,20.0,3.71576e-10,23.0,23.0,19.0
381,382124.0,Avenue,2.7665370000000005e-09,0.0,20.0,2.766537e-09,21.0,21.0,20.0
381,38489.0,Avenue,2.523105e-09,0.0,20.0,2.523105e-09,22.0,22.0,21.0
381,347113.0,Avenue Adjoint,2.3115976e-08,0.0,20.0,2.3115976e-08,16.0,17.0,22.0
381,382116.0,Avenue,6.73442e-09,0.0,20.0,6.73442e-09,19.0,19.0,23.0
382,382117.0,Localite Adjoint,4.627027146000001e-06,240.0,20.0,2.9487149657023252e-05,1.0,1.0,1.0
382,38788.0,Localite,1.272758754e-06,77.0,20.0,3.669096484511628e-06,2.0,7.0,2.0
382,382121.0,Avenue (Past Loc),1.244156058e-06,75.0,20.0,3.7253526431666666e-06,3.0,6.0,3.0
382,382114.0,Avenue (Past Loc),7.29185106e-07,52.0,20.0,3.754280998885246e-06,8.0,5.0,4.0
382,38489.0,Avenue,7.29442165e-07,41.0,20.0,5.126978739387756e-06,7.0,3.0,5.0
382,382118.0,Avenue (Past Loc),7.330717219999999e-07,41.0,20.0,5.5276815836e-06,6.0,2.0,6.0
382,3829.0,Avenue,7.14762139e-07,40.0,20.0,3.652954595499999e-06,10.0,8.0,7.0
382,382115.0,Avenue,7.23838543e-07,37.0,20.0,4.1626074325714275e-06,9.0,4.0,8.0
382,382123.0,Avenue Adjoint,8.009584569999999e-07,35.0,20.0,2.459579060454545e-06,4.0,10.0,9.0
382,382116.0,Avenue,7.0026337e-07,34.0,20.0,3.1552427010731706e-06,12.0,9.0,10.0
382,382124.0,Avenue,7.063127019999999e-07,33.0,20.0,1.9862063077297297e-06,11.0,12.0,11.0
382,382119.0,Avenue,7.8633496e-07,29.0,20.0,2.050846544941176e-06,5.0,11.0,12.0
382,382112.0,Avenue (Past Loc),4.68404531e-07,23.0,20.0,1.9359335992e-06,13.0,13.0,13.0
382,382113.0,Avenue Adjoint,4.3344176899999995e-07,21.0,20.0,1.52273607392e-06,14.0,14.0,14.0
382,382122.0,Avenue,3.79463681e-07,8.0,20.0,1.2051901375e-06,15.0,15.0,15.0
382,38686.0,Localite,4.0031171e-08,1.0,20.0,4.0031171e-08,16.0,16.0,16.0
382,34193.0,Avenue (Past Loc),3.4181228e-08,0.0,20.0,3.4181228e-08,17.0,17.0,17.0
382,38492.0,Avenue,3.3508110000000002e-09,0.0,20.0,3.3508110000000002e-09,18.0,18.0,18.0
382,38493.0,Avenue Adjoint,6.556450000000001e-10,0.0,20.0,6.556450000000001e-10,19.0,19.0,19.0
382,38486.0,Avenue,1.23667e-10,0.0,20.0,1.23667e-10,20.0,20.0,20.0
383,382122.0,Avenue,1.095301013e-06,19.0,20.0,1.8401329023333332e-06,1.0,1.0,1.0
383,382117.0,Localite Adjoint,4.93925017e-07,8.0,20.0,1.2394487284000002e-06,3.0,2.0,2.0
383,23846.0,Avenue (Past Loc),4.3621693e-08,0.0,20.0,4.3621693e-08,5.0,5.0,3.0
383,38686.0,Localite,8.40191158e-07,0.0,20.0,8.40191158e-07,2.0,3.0,4.0
383,38489.0,Avenue,7.69102e-10,0.0,20.0,7.69102e-10,7.0,7.0,5.0
383,21847.0,Avenue Adjoint,2.82244e-10,0.0,20.0,2.82244e-10,8.0,8.0,6.0
383,34193.0,Avenue (Past Loc),1.204418e-08,0.0,20.0,1.204418e-08,6.0,6.0,7.0
383,21845.0,Localite,9.6708114e-08,0.0,20.0,9.6708114e-08,4.0,4.0,8.0
384,38788.0,Localite,4.230745468e-06,296.0,20.0,2.5360657559168615e-05,1.0,1.0,1.0
384,38686.0,Localite,2.436959891e-06,188.0,20.0,8.354468552713184e-06,2.0,2.0,2.0
384,382117.0,Localite Adjoint,2.221690532e-06,145.0,20.0,7.763499410632915e-06,3.0,3.0,3.0
384,38487.0,Avenue,8.523397539999999e-07,74.0,20.0,3.1630777757142845e-06,5.0,10.0,4.0
384,38492.0,Avenue,7.65504478e-07,71.0,20.0,4.631073822571428e-06,8.0,5.0,5.0
384,38495.0,Avenue Adjoint,7.395577880000001e-07,71.0,20.0,4.595782508428571e-06,9.0,6.0,6.0
384,38494.0,Avenue,9.091628570000001e-07,61.0,20.0,6.951917075633804e-06,4.0,4.0,7.0
384,38488.0,Avenue,7.1246561e-07,59.0,20.0,1.8268449297187499e-06,10.0,13.0,8.0
384,38491.0,Avenue,6.565233869999999e-07,59.0,20.0,2.37293474304e-06,13.0,11.0,9.0
384,38486.0,Avenue,8.011810150000001e-07,55.0,20.0,4.245867687169233e-06,7.0,8.0,10.0
384,38493.0,Avenue Adjoint,8.03234062e-07,55.0,20.0,4.2463098819076924e-06,6.0,7.0,11.0
384,38591.0,Avenue (Past Loc),7.09811441e-07,52.0,20.0,3.6161946472166676e-06,11.0,9.0,12.0
384,38489.0,Avenue,6.575361840000001e-07,51.0,20.0,1.5861935837142862e-06,12.0,14.0,13.0
384,382114.0,Avenue (Past Loc),5.969786819999999e-07,33.0,20.0,2.3500008291929828e-06,14.0,12.0,14.0
384,382116.0,Avenue,2.61469436e-07,16.0,20.0,5.2093911072e-07,15.0,15.0,15.0
384,382123.0,Avenue Adjoint,9.646805599999998e-08,10.0,20.0,1.2779212849999997e-07,19.0,20.0,16.0
384,38172.0,Avenue,1.1625926399999999e-07,9.0,20.0,1.33309058e-07,17.0,19.0,17.0
384,382121.0,Avenue (Past Loc),1.1534526500000001e-07,7.0,20.0,1.5024903750000001e-07,18.0,18.0,18.0
384,382118.0,Avenue (Past Loc),8.4088916e-08,6.0,20.0,2.68498601e-07,20.0,16.0,19.0
384,38512.0,Avenue,1.3628459999999999e-08,5.0,20.0,2.0308410857142855e-08,30.0,30.0,20.0
384,382119.0,Avenue,5.8048542999999996e-08,3.0,20.0,5.267639611111112e-08,25.0,25.0,21.0
384,38590.0,Avenue,8.008489e-09,3.0,20.0,1.2342052142857143e-08,32.0,32.0,22.0
384,38510.0,Avenue Adjoint,2.4081954e-08,3.0,20.0,2.5940707333333332e-08,27.0,26.0,23.0
384,38673.0,Avenue (Past Loc),5.9204488e-08,2.0,20.0,7.825378875e-08,24.0,22.0,24.0
384,38573.0,Avenue (Past Loc),1.1537202e-08,2.0,20.0,1.558646e-08,31.0,31.0,25.0
384,38187.0,Avenue,6.1596201e-08,1.0,20.0,6.1596201e-08,22.0,23.0,26.0
384,382115.0,Avenue,2.1567332e-08,0.0,20.0,2.1567332e-08,29.0,29.0,27.0
384,382122.0,Avenue,1.55466504e-07,0.0,20.0,1.55466504e-07,16.0,17.0,28.0
384,3829.0,Avenue,2.2279173e-08,0.0,20.0,2.2279173e-08,28.0,28.0,29.0
384,3857.0,Avenue,7.331434000000001e-09,0.0,20.0,7.331434e-09,33.0,33.0,30.0
384,382124.0,Avenue,6.1112202e-08,0.0,20.0,6.1112202e-08,23.0,24.0,31.0
384,38490.0,Avenue,8.1484564e-08,0.0,20.0,8.1484564e-08,21.0,21.0,32.0
384,38592.0,Avenue (Past Loc),2.571039e-08,0.0,20.0,2.5710390000000002e-08,26.0,27.0,33.0
385,38788.0,Localite,4.581829313999997e-06,215.0,20.0,1.505561221250161e-05,1.0,1.0,1.0
385,38686.0,Localite,4.211768462999998e-06,163.0,20.0,9.425201823240217e-06,2.0,2.0,2.0
385,3857.0,Avenue,1.1468663879999998e-06,89.0,20.0,2.9058499085510203e-06,3.0,6.0,3.0
385,38592.0,Avenue (Past Loc),8.53526385e-07,64.0,20.0,2.504539029189189e-06,7.0,7.0,4.0
385,38512.0,Avenue,9.32695583e-07,54.0,20.0,3.434243059402985e-06,6.0,5.0,5.0
385,38593.0,Avenue,6.469637019999999e-07,54.0,20.0,1.1725925651578946e-06,9.0,9.0,6.0
385,38510.0,Avenue Adjoint,1.1211631010000003e-06,54.0,20.0,3.8923831902352935e-06,4.0,4.0,7.0
385,38590.0,Avenue,1.1157896569999996e-06,50.0,20.0,4.401234030000001e-06,5.0,3.0,8.0
385,38573.0,Avenue (Past Loc),7.491381269999999e-07,41.0,20.0,1.895609933107143e-06,8.0,8.0,9.0
385,38495.0,Avenue Adjoint,5.703121000000001e-07,30.0,20.0,1.1201605069591837e-06,10.0,10.0,10.0
385,38591.0,Avenue (Past Loc),5.68356497e-07,30.0,20.0,1.1190829297959181e-06,11.0,11.0,11.0
385,38488.0,Avenue,4.09849753e-07,16.0,20.0,6.931853035e-07,12.0,12.0,12.0
385,38492.0,Avenue,4.470977699999999e-08,4.0,20.0,8.078172059999998e-08,19.0,17.0,13.0
385,38487.0,Avenue,1.31970615e-07,4.0,20.0,1.5517009371428573e-07,13.0,13.0,14.0
385,38490.0,Avenue,5.5706785000000005e-08,3.0,20.0,6.685026949999999e-08,18.0,18.0,15.0
385,38494.0,Avenue,7.2529778e-08,3.0,20.0,8.474845545454544e-08,14.0,16.0,16.0
385,38486.0,Avenue,6.974286800000002e-08,3.0,20.0,1.1155189254545455e-07,15.0,14.0,17.0
385,38493.0,Avenue Adjoint,6.6868326e-08,3.0,20.0,9.533332857142857e-08,16.0,15.0,18.0
385,38491.0,Avenue,6.627691e-08,1.0,20.0,6.627691e-08,17.0,19.0,19.0
385,382117.0,Localite Adjoint,3.1905186e-08,0.0,20.0,3.1905186e-08,21.0,21.0,20.0
385,38489.0,Avenue,3.5403528e-08,0.0,20.0,3.5403528e-08,20.0,20.0,21.0
386,38686.0,Localite,3.0017063349999998e-06,81.0,20.0,3.7787057019082567e-05,1.0,1.0,1.0
386,38788.0,Localite,1.99041559e-07,11.0,20.0,2.6864869186363636e-07,2.0,2.0,2.0
386,38673.0,Avenue (Past Loc),1.42945462e-07,5.0,20.0,1.505573154285714e-07,3.0,3.0,3.0
386,382122.0,Avenue,5.068525000000001e-08,5.0,20.0,8.2354205e-08,6.0,5.0,4.0
386,38592.0,Avenue (Past Loc),9.8325141e-08,3.0,20.0,1.0881368642857143e-07,4.0,4.0,5.0
386,3857.0,Avenue,6.3234066e-08,2.0,20.0,6.388795262500001e-08,5.0,6.0,6.0
386,38488.0,Avenue,2.6103942e-08,2.0,20.0,2.6103942e-08,7.0,8.0,7.0
386,38590.0,Avenue,2.1163026e-08,2.0,20.0,2.6315935333333337e-08,8.0,7.0,8.0
386,38512.0,Avenue,2.613508e-09,0.0,20.0,2.613508e-09,13.0,13.0,9.0
386,38573.0,Avenue (Past Loc),6.362998e-09,0.0,20.0,6.362998000000001e-09,9.0,9.0,10.0
386,38489.0,Avenue,6.0104819999999995e-09,0.0,20.0,6.0104819999999995e-09,11.0,11.0,11.0
386,38510.0,Avenue Adjoint,2.852149e-09,0.0,20.0,2.852149e-09,12.0,12.0,12.0
386,38495.0,Avenue Adjoint,6.059087e-09,0.0,20.0,6.059087e-09,10.0,10.0,13.0
387,38787.0,Avenue (Past Loc),3.4308003359999998e-06,142.0,20.0,6.419020342673611e-06,1.0,3.0,1.0
387,38673.0,Avenue (Past Loc),2.2104160339999996e-06,63.0,20.0,1.0961548763029413e-05,2.0,2.0,2.0
387,38788.0,Localite,2.161549559e-06,62.0,20.0,1.4944894643430555e-05,3.0,1.0,3.0
387,38490.0,Avenue,3.03200649e-07,7.0,20.0,6.006142356666667e-07,5.0,5.0,4.0
387,38592.0,Avenue (Past Loc),4.53402728e-07,6.0,20.0,1.4837792975833334e-06,4.0,4.0,5.0
387,38593.0,Avenue,2.58476e-10,0.0,20.0,2.58476e-10,7.0,7.0,6.0
387,3857.0,Avenue,1.0775214000000001e-08,0.0,20.0,1.0775214000000001e-08,6.0,6.0,7.0
400,67945.0,Avenue (Past Loc),1.43586998e-07,1.0,20.0,1.4358699800000007e-07,2.0,2.0,1.0
400,6775.0,Avenue (Past Loc),2.1131334400000004e-07,0.0,20.0,2.1131334400000004e-07,1.0,1.0,2.0
401,6775.0,Avenue (Past Loc),1.8581611e-08,0.0,20.0,1.8581611e-08,1.0,1.0,1.0
461,64843.0,Avenue (Past Loc),1.5282531e-08,0.0,20.0,1.5282531e-08,1.0,1.0,1.0
500,30546.0,Localite,2.489411041999999e-06,178.0,20.0,5.083145860052357e-06,1.0,1.0,1.0
500,50254.0,Avenue,8.182635409999998e-07,75.0,20.0,1.9856627344615385e-06,3.0,2.0,2.0
500,23689.0,Avenue,6.074659849999999e-07,42.0,20.0,1.0314818427272726e-06,4.0,4.0,3.0
500,50252.0,Avenue (Past Loc),3.2365416300000003e-07,40.0,20.0,7.18652412116279e-07,8.0,7.0,4.0
500,50253.0,Avenue,4.68059168e-07,38.0,20.0,9.217764728205128e-07,6.0,5.0,5.0
500,23695.0,Localite Adjoint,1.2016717330000001e-06,34.0,20.0,1.6107563719999994e-06,2.0,3.0,6.0
500,23690.0,Localite,5.301435609999998e-07,10.0,20.0,8.503997550588232e-07,5.0,6.0,7.0
500,21845.0,Localite,4.5047596700000003e-07,4.0,20.0,5.346477431428571e-07,7.0,8.0,8.0
500,50185.0,Localite,2.0770643e-08,1.0,20.0,2.0770643e-08,10.0,10.0,9.0
500,23846.0,Avenue (Past Loc),8.879893e-09,0.0,20.0,8.879893e-09,12.0,12.0,10.0
500,38686.0,Localite,2.2114560899999997e-07,0.0,20.0,2.2114560899999997e-07,9.0,9.0,11.0
500,21847.0,Avenue Adjoint,9.327349000000002e-09,0.0,20.0,9.327349e-09,11.0,11.0,12.0
501,50185.0,Localite,7.553235518e-06,76.0,20.0,5.582663742156639e-05,1.0,1.0,1.0
501,50172.0,Localite,2.315556547e-06,37.0,20.0,6.906309930760564e-06,2.0,2.0,2.0
501,38686.0,Localite,8.22215248e-07,32.0,20.0,8.22215248e-07,6.0,6.0,3.0
501,30546.0,Localite,1.9535972450000003e-06,30.0,20.0,4.581968681521737e-06,3.0,3.0,4.0
501,50732.0,Localite,9.81892728e-07,11.0,20.0,2.028985349227273e-06,5.0,4.0,5.0
501,50115.0,Localite,1.3491107839999999e-06,8.0,20.0,1.5834204448421055e-06,4.0,5.0,6.0
501,50587.0,Avenue,3.89117632e-07,3.0,20.0,4.972731342857142e-07,7.0,7.0,7.0
501,23689.0,Avenue,1.00305389e-07,2.0,20.0,1.1988211769999998e-07,9.0,9.0,8.0
501,38673.0,Avenue (Past Loc),3.3122552e-08,1.0,20.0,3.3122552e-08,11.0,11.0,9.0
501,23690.0,Localite,1.8618385700000003e-07,1.0,20.0,1.86183857e-07,8.0,8.0,10.0
501,50254.0,Avenue,1.754032e-09,0.0,20.0,1.754032e-09,14.0,14.0,11.0
501,50894.0,Avenue (Past Loc),6.2202683e-08,0.0,20.0,6.2202683e-08,10.0,10.0,12.0
501,70485.0,Localite,2.608944e-08,0.0,20.0,2.608944e-08,12.0,12.0,13.0
501,50612.0,Avenue Adjoint,3.122419e-09,0.0,20.0,3.122419e-09,13.0,13.0,14.0
502,30546.0,Localite,3.310769848e-06,176.0,20.0,6.6177615239668515e-06,1.0,1.0,1.0
502,50252.0,Avenue (Past Loc),6.51994025e-07,56.0,20.0,1.5346087409821428e-06,3.0,2.0,2.0
502,50254.0,Avenue,7.60085624e-07,53.0,20.0,9.00536988528302e-07,2.0,4.0,3.0
502,50253.0,Avenue,6.13728206e-07,41.0,20.0,1.1948740802325582e-06,4.0,3.0,4.0
503,30546.0,Localite,5.295479564000002e-06,264.0,20.0,1.879077483188448e-05,1.0,1.0,1.0
503,50587.0,Avenue,1.7184625899999998e-07,6.0,20.0,1.7197954266666667e-07,2.0,2.0,2.0
503,50254.0,Avenue,6.6197238e-08,5.0,20.0,9.121996066666666e-08,3.0,3.0,3.0
503,50115.0,Localite,4.4956842999999996e-08,1.0,20.0,4.4956842999999996e-08,4.0,4.0,4.0
503,50253.0,Avenue,3.4134979e-08,0.0,20.0,3.4134979e-08,5.0,5.0,5.0
504,50649.0,Localite,2.0202577550000006e-06,100.0,20.0,7.938726356153846e-06,2.0,2.0,1.0
504,50586.0,Localite,2.088818652e-06,89.0,20.0,9.347837630297872e-06,1.0,1.0,2.0
504,50584.0,Avenue,3.7947659900000006e-07,13.0,20.0,5.865391195384616e-07,3.0,3.0,3.0
504,23449.0,Localite,8.393499e-09,0.0,20.0,8.393499e-09,4.0,4.0,4.0
505,50649.0,Localite,5.8356084249999975e-06,204.0,20.0,2.4302141590735913e-05,1.0,2.0,1.0
505,50586.0,Localite,5.5687044709999995e-06,192.0,20.0,2.692208699161446e-05,2.0,1.0,2.0
505,50584.0,Avenue,2.8419446949999995e-06,100.0,20.0,1.1595571853480915e-05,3.0,3.0,3.0
505,50587.0,Avenue,1.954727644e-06,65.0,20.0,5.621771993225808e-06,4.0,5.0,4.0
505,50585.0,Avenue Adjoint,1.7998424600000002e-06,59.0,20.0,5.956102300424242e-06,5.0,4.0,5.0
505,50650.0,Avenue,6.960150210000003e-07,20.0,20.0,1.9344256290909084e-06,6.0,6.0,6.0
505,50612.0,Avenue Adjoint,3.6147900499999997e-07,13.0,20.0,1.2208959922500002e-06,7.0,7.0,7.0
505,50172.0,Localite,2.2496108e-08,0.0,20.0,2.2496108e-08,8.0,8.0,8.0
506,50649.0,Localite,4.020493786000001e-06,261.0,20.0,1.4762366045632975e-05,1.0,1.0,1.0
506,50586.0,Localite,3.197893328000001e-06,248.0,20.0,1.4215061486449443e-05,2.0,2.0,2.0
506,50653.0,Avenue,9.513314799999998e-07,78.0,20.0,3.7909448572075468e-06,4.0,3.0,3.0
506,50652.0,Avenue Adjoint,8.130634090000004e-07,75.0,20.0,3.1569493060645152e-06,5.0,4.0,4.0
506,50612.0,Avenue Adjoint,1.061877839e-06,62.0,20.0,3.1364613990886066e-06,3.0,5.0,5.0
506,50650.0,Avenue,6.61126943e-07,44.0,20.0,2.0883814729215684e-06,6.0,7.0,6.0
506,50651.0,Avenue,4.7066806500000004e-07,40.0,20.0,2.255207888322581e-06,7.0,6.0,7.0
506,50172.0,Localite,1.7558002699999998e-07,6.0,20.0,2.697930677777778e-07,8.0,8.0,8.0
506,51289.0,Avenue (Past Loc),3.382629e-09,0.0,20.0,3.382629e-09,9.0,9.0,9.0
507,50732.0,Localite,2.406067702e-06,197.0,20.0,1.058626792413954e-05,1.0,1.0,1.0
507,5075.0,Avenue,1.1518001829999998e-06,106.0,20.0,4.4186618027768595e-06,2.0,2.0,2.0
507,50743.0,Avenue,6.239855220000001e-07,54.0,20.0,1.920764765952381e-06,3.0,3.0,3.0
507,50115.0,Localite,3.5185669599999995e-07,4.0,20.0,4.804421592592592e-07,4.0,4.0,4.0
507,50172.0,Localite,1.31635168e-07,2.0,20.0,1.664316027692308e-07,6.0,6.0,5.0
507,50185.0,Localite,3.156397490000001e-07,2.0,20.0,3.55419984390244e-07,5.0,5.0,6.0
508,50894.0,Avenue (Past Loc),4.0428290520000004e-06,242.0,20.0,3.065034310335937e-05,1.0,1.0,1.0
508,50895.0,Avenue (Past Loc),8.199486729999999e-07,63.0,20.0,3.333225302916667e-06,3.0,2.0,2.0
508,50992.0,Avenue,7.17513763e-07,59.0,20.0,1.2439035925000001e-06,6.0,5.0,3.0
508,50995.0,Avenue,1.0720280589999997e-06,53.0,20.0,2.5178629834354835e-06,2.0,3.0,4.0
508,50897.0,Avenue Adjoint,8.071519910000002e-07,46.0,20.0,2.2848960956727274e-06,4.0,4.0,5.0
508,50896.0,Avenue,7.50437365e-07,39.0,20.0,1.2381390022978721e-06,5.0,6.0,6.0
508,50185.0,Localite,2.6363862e-08,0.0,20.0,2.6363862e-08,7.0,7.0,7.0
509,50894.0,Avenue (Past Loc),2.0571642359999994e-06,80.0,20.0,5.250789871185185e-06,1.0,1.0,1.0
509,50992.0,Avenue,1.3169505589999997e-06,61.0,20.0,5.016293949714286e-06,2.0,2.0,2.0
509,50994.0,Avenue,7.382738889999999e-07,44.0,20.0,3.729565012081632e-06,5.0,3.0,3.0
509,5098.0,Avenue Adjoint,6.41744916e-07,36.0,20.0,1.6334727014000002e-06,6.0,5.0,4.0
509,50993.0,Avenue,7.41957908e-07,27.0,20.0,1.8594763539999997e-06,4.0,4.0,5.0
509,51289.0,Avenue (Past Loc),7.67898385e-07,25.0,20.0,1.274670088421052e-06,3.0,6.0,6.0
509,50996.0,Avenue,4.64195907e-07,25.0,20.0,8.111550572800001e-07,8.0,7.0,7.0
509,50995.0,Avenue,6.25128891e-07,21.0,20.0,6.270955563809523e-07,7.0,9.0,8.0
509,51789.0,Localite,2.7267951900000003e-07,12.0,20.0,4.471789968571429e-07,10.0,10.0,9.0
509,51788.0,,3.31912653e-07,12.0,20.0,7.694335056315788e-07,9.0,8.0,10.0
509,50896.0,Avenue,2.38721465e-07,11.0,20.0,4.3617987416666665e-07,11.0,11.0,11.0
509,51095.0,Avenue,1.81774064e-07,3.0,20.0,1.81774064e-07,12.0,12.0,12.0
509,51294.0,Avenue (Past Loc),1.28994776e-07,1.0,20.0,1.2899477599999998e-07,13.0,13.0,13.0
509,51410.0,Avenue Adjoint,1.3533927e-08,0.0,20.0,1.3533927e-08,14.0,14.0,14.0
509,50897.0,Avenue Adjoint,8.85687e-10,0.0,20.0,8.85687e-10,15.0,15.0,15.0
510,51410.0,Avenue Adjoint,9.887877179999999e-07,60.0,20.0,5.582478557791045e-06,2.0,1.0,2.0
510,51289.0,Avenue (Past Loc),1.14114581e-06,32.0,20.0,2.1118167109615384e-06,1.0,2.0,1.0
510,50894.0,Avenue (Past Loc),5.05498841e-07,15.0,20.0,8.3599237575e-07,5.0,5.0,3.0
510,50993.0,Avenue,4.8400076e-07,14.0,20.0,6.49166446e-07,7.0,6.0,4.0
510,51193.0,Avenue,5.05271024e-07,10.0,20.0,5.552615109999999e-07,6.0,7.0,5.0
510,51095.0,Avenue,7.22840902e-07,5.0,20.0,9.524506689230771e-07,3.0,3.0,6.0
510,51294.0,Avenue (Past Loc),7.123483989999999e-07,4.0,20.0,9.325178328260869e-07,4.0,4.0,7.0
510,50992.0,Avenue,5.5821762e-08,0.0,20.0,5.5821762e-08,8.0,8.0,8.0
510,50994.0,Avenue,7.67739e-10,0.0,20.0,7.67739e-10,9.0,9.0,9.0
511,51194.0,Avenue,4.2804616e-07,50.0,20.0,8.731129541176471e-07,3.0,3.0,1.0
511,51193.0,Avenue,7.498420509999999e-07,47.0,20.0,3.683861149703703e-06,2.0,2.0,2.0
511,51289.0,Avenue (Past Loc),1.1618236689999998e-06,44.0,20.0,4.818559121603774e-06,1.0,1.0,3.0
511,51195.0,Avenue,3.9953120899999997e-07,31.0,20.0,6.790961893124999e-07,4.0,4.0,4.0
511,51291.0,Avenue,2.79318401e-07,22.0,20.0,5.026855783043478e-07,5.0,5.0,5.0
511,51294.0,Avenue (Past Loc),6.6397101e-08,19.0,20.0,1.1746310727272727e-07,7.0,7.0,6.0
511,51095.0,Avenue,3.9569888e-08,16.0,20.0,6.377142864705882e-08,10.0,8.0,7.0
511,5146.0,Avenue,4.3141034e-08,9.0,20.0,4.663840133333333e-08,9.0,10.0,8.0
511,50894.0,Avenue (Past Loc),9.0224041e-08,2.0,20.0,1.19079291e-07,6.0,6.0,9.0
511,51410.0,Avenue Adjoint,5.7901906e-08,0.0,20.0,5.7901905999999994e-08,8.0,9.0,10.0
512,51289.0,Avenue (Past Loc),1.8200804379999997e-06,52.0,20.0,5.986961299487806e-06,1.0,1.0,1.0
512,51294.0,Avenue (Past Loc),8.462003110000002e-07,22.0,20.0,2.0117889276486486e-06,3.0,4.0,2.0
512,51288.0,Avenue (Past Loc),9.603547919999999e-07,21.0,20.0,2.004214244888889e-06,2.0,5.0,3.0
512,51095.0,Avenue,7.98607278e-07,20.0,20.0,2.1391221135609756e-06,4.0,3.0,4.0
512,51291.0,Avenue,4.54141785e-07,14.0,20.0,8.666842106666667e-07,8.0,8.0,5.0
512,51292.0,Avenue,5.202751279999999e-07,14.0,20.0,1.2948074245e-06,6.0,7.0,6.0
512,51293.0,Avenue,5.6334955e-07,14.0,20.0,2.2802081187857135e-06,5.0,2.0,7.0
512,51290.0,Avenue,4.94959104e-07,8.0,20.0,1.5061006872000003e-06,7.0,6.0,8.0
512,51193.0,Avenue,2.66906199e-07,7.0,20.0,3.9780853083333336e-07,9.0,9.0,9.0
513,51289.0,Avenue (Past Loc),1.38497868e-06,44.0,20.0,2.6863022487954543e-06,1.0,1.0,1.0
513,5146.0,Avenue,2.4098591000000003e-07,8.0,20.0,3.9211398888888886e-07,2.0,2.0,2.0
513,51410.0,Avenue Adjoint,1.6991117700000003e-07,2.0,20.0,1.69911177e-07,3.0,3.0,3.0
513,51288.0,Avenue (Past Loc),1.32606017e-07,2.0,20.0,1.32606017e-07,4.0,4.0,4.0
513,51382.0,Avenue (Past Loc),4.4821195e-08,1.0,20.0,4.4821195e-08,5.0,5.0,5.0
513,51547.0,Avenue (Past Loc),3.795872e-09,1.0,20.0,3.795872e-09,7.0,7.0,6.0
513,51611.0,,2.9822773e-08,1.0,20.0,2.9822773e-08,6.0,6.0,7.0
514,5146.0,Avenue,1.1107241440000001e-06,68.0,20.0,3.917314443771429e-06,1.0,2.0,1.0
514,51410.0,Avenue Adjoint,9.032165040000001e-07,38.0,20.0,5.127034462e-06,2.0,1.0,2.0
514,51288.0,Avenue (Past Loc),3.82413227e-07,35.0,20.0,4.111526858571428e-07,5.0,6.0,3.0
514,51095.0,Avenue,4.0537106700000004e-07,10.0,20.0,7.754481964999999e-07,4.0,4.0,4.0
514,51294.0,Avenue (Past Loc),4.64482988e-07,10.0,20.0,8.944490633333335e-07,3.0,3.0,5.0
514,51289.0,Avenue (Past Loc),2.0713274700000004e-07,10.0,20.0,5.057151663157895e-07,6.0,5.0,6.0
514,51193.0,Avenue,1.1194810599999999e-07,5.0,20.0,1.1767475925e-07,7.0,7.0,7.0
514,50993.0,Avenue,6.193965199999999e-08,0.0,20.0,6.193965199999999e-08,8.0,8.0,8.0
515,51611.0,,4.453985133000002e-06,135.0,20.0,8.498148949090907e-06,1.0,1.0,1.0
515,51547.0,Avenue (Past Loc),1.1456689679999998e-06,75.0,20.0,2.1907991270980396e-06,2.0,3.0,2.0
515,51289.0,Avenue (Past Loc),9.47770591e-07,29.0,20.0,1.6090345051162793e-06,3.0,4.0,3.0
515,51410.0,Avenue Adjoint,6.68185043e-07,28.0,20.0,2.604935128864865e-06,4.0,2.0,4.0
515,51382.0,Avenue (Past Loc),1.7057478699999997e-07,7.0,20.0,2.4675820199999996e-07,6.0,6.0,5.0
515,51777.0,Avenue (Past Loc),3.30211277e-07,7.0,20.0,4.229726221e-07,5.0,5.0,6.0
515,51288.0,Avenue (Past Loc),9.4614362e-08,1.0,20.0,9.4614362e-08,7.0,7.0,7.0
515,51789.0,Localite,3.9055654e-08,0.0,20.0,3.9055654e-08,8.0,8.0,8.0
516,51611.0,,9.886202470000002e-07,49.0,20.0,9.273908269366197e-06,1.0,1.0,1.0
516,51789.0,Localite,3.8308377699999995e-07,20.0,20.0,5.826724845666664e-07,2.0,2.0,2.0
516,51777.0,Avenue (Past Loc),1.74179887e-07,9.0,20.0,4.2068225033333334e-07,3.0,3.0,3.0
516,51289.0,Avenue (Past Loc),1.29329568e-07,0.0,20.0,1.29329568e-07,4.0,4.0,4.0
517,51789.0,Localite,7.5328156269999985e-06,265.0,20.0,2.2064931657133552e-05,1.0,1.0,1.0
517,51788.0,,4.9418990390000005e-06,196.0,20.0,1.5290232840803575e-05,2.0,2.0,2.0
517,51777.0,Avenue (Past Loc),1.8422999609999997e-06,81.0,20.0,7.181205558191492e-06,3.0,3.0,3.0
517,51894.0,Avenue (Past Loc),1.370583834e-06,55.0,20.0,4.135790010920635e-06,4.0,4.0,4.0
517,51611.0,,4.2797603299999995e-07,19.0,20.0,4.5930232539999993e-07,7.0,7.0,5.0
517,51790.0,Avenue,5.177489449999999e-07,12.0,20.0,8.692381347058825e-07,5.0,6.0,6.0
517,51895.0,Localite,4.6003516499999997e-07,5.0,20.0,9.135137941666666e-07,6.0,5.0,7.0
517,5098.0,Avenue Adjoint,1.5123891e-08,2.0,20.0,1.5123891e-08,12.0,12.0,8.0
517,51294.0,Avenue (Past Loc),6.4011896e-08,0.0,20.0,6.401189599999998e-08,9.0,9.0,9.0
517,51095.0,Avenue,2.8000514e-08,0.0,20.0,2.8000513999999998e-08,10.0,10.0,10.0
517,51289.0,Avenue (Past Loc),1.7514694999999997e-08,0.0,20.0,1.7514695e-08,11.0,11.0,11.0
517,50894.0,Avenue (Past Loc),7.5715717e-08,0.0,20.0,7.571571700000001e-08,8.0,8.0,12.0
517,52247.0,Localite,7.358272e-09,0.0,20.0,7.358272e-09,13.0,13.0,13.0
517,50994.0,Avenue,6.848252e-09,0.0,20.0,6.848252e-09,14.0,14.0,14.0
518,51895.0,Localite,3.975695993999999e-06,169.0,20.0,1.1735542142999998e-05,1.0,2.0,1.0
518,51789.0,Localite,2.380487358e-06,107.0,20.0,1.259863510922917e-05,2.0,1.0,2.0
518,51893.0,Avenue (Past Loc),8.21572459e-07,52.0,20.0,2.4765929024150944e-06,4.0,5.0,3.0
518,52247.0,Localite,1.41169103e-06,52.0,20.0,5.939700857911765e-06,3.0,3.0,4.0
518,51788.0,,7.05977785e-07,37.0,20.0,4.334961579622642e-06,5.0,4.0,5.0
518,51894.0,Avenue (Past Loc),5.326416520000001e-07,18.0,20.0,1.0539328062857144e-06,6.0,6.0,6.0
518,51896.0,Avenue Adjoint,4.81195761e-07,16.0,20.0,7.134236469130435e-07,7.0,7.0,7.0
519,50992.0,Avenue,2.01306528e-07,19.0,20.0,2.0243254778947367e-07,4.0,4.0,1.0
519,50894.0,Avenue (Past Loc),2.7816267600000003e-06,10.0,20.0,2.0270541604210527e-06,1.0,1.0,2.0
519,50994.0,Avenue,6.5713583e-08,0.0,20.0,6.5713583e-08,8.0,8.0,3.0
519,51789.0,Localite,6.29510817e-07,0.0,20.0,6.295108169999999e-07,2.0,2.0,4.0
519,50993.0,Avenue,8.1701996e-08,0.0,20.0,8.1701996e-08,7.0,7.0,5.0
519,51790.0,Avenue,2.38942524e-07,0.0,20.0,2.38942524e-07,3.0,3.0,6.0
519,51788.0,,4.6764373999999995e-08,0.0,20.0,4.6764374e-08,10.0,10.0,7.0
519,51895.0,Localite,1.9098224800000004e-07,0.0,20.0,1.90982248e-07,5.0,5.0,8.0
519,52247.0,Localite,1.63283934e-07,0.0,20.0,1.63283934e-07,6.0,6.0,9.0
519,5098.0,Avenue Adjoint,5.1421979e-08,0.0,20.0,5.1421979e-08,9.0,9.0,10.0
519,51896.0,Avenue Adjoint,3.2844130000000004e-09,0.0,20.0,3.2844130000000004e-09,11.0,11.0,11.0
520,52247.0,Localite,4.146199605e-06,23.0,20.0,4.517996143153846e-06,1.0,1.0,1.0
520,51789.0,Localite,3.019491e-08,0.0,20.0,3.019491e-08,3.0,3.0,2.0
520,51895.0,Localite,1.0674265999999999e-08,0.0,20.0,1.0674266e-08,4.0,4.0,3.0
520,50894.0,Avenue (Past Loc),3.4313174e-08,0.0,20.0,3.4313174e-08,2.0,2.0,4.0
521,52247.0,Localite,8.962770725999999e-06,49.0,20.0,2.6341658987087505e-05,1.0,1.0,1.0
521,53594.0,Localite,3.843881e-09,0.0,20.0,3.843881e-09,4.0,4.0,2.0
521,54584.0,Localite,4.3046595e-08,0.0,20.0,4.3046595e-08,3.0,3.0,3.0
521,52340.0,Localite,1.4419056199999997e-07,0.0,20.0,1.44190562e-07,2.0,2.0,4.0
522,5226.0,Avenue,3.84766201e-07,27.0,20.0,6.790009722962964e-07,2.0,2.0,1.0
522,52246.0,Avenue,3.42453343e-07,24.0,20.0,4.510212516666666e-07,3.0,3.0,2.0
522,52247.0,Localite,9.86806947e-07,21.0,20.0,2.4946050676363636e-06,1.0,1.0,3.0
522,51895.0,Localite,7.072841799999999e-08,1.0,20.0,7.072841799999999e-08,4.0,4.0,4.0
522,52340.0,Localite,3.3621936e-08,0.0,20.0,3.3621936e-08,5.0,5.0,5.0
523,52340.0,Localite,4.999894691999998e-06,113.0,20.0,2.455922230580152e-05,1.0,1.0,1.0
523,53594.0,Localite,1.2576397100000001e-07,4.0,20.0,3.152020233333333e-07,2.0,2.0,2.0
523,52247.0,Localite,5.514996499999999e-08,0.0,20.0,5.514996499999999e-08,3.0,3.0,3.0
524,5333.0,Coutumier,14383.60899385205,51.0,20.0,73449.56918236286,1.0,1.0,1.0
524,52340.0,Localite,7.67417399e-07,5.0,20.0,1.4550131592857142e-06,3.0,2.0,2.0
524,53594.0,Localite,1.057236799e-06,0.0,20.0,1.057236799e-06,2.0,3.0,3.0
524,52247.0,Localite,1.2319008e-08,0.0,20.0,1.2319008e-08,5.0,5.0,4.0
524,53593.0,Avenue,2.9823002e-08,0.0,20.0,2.9823002e-08,4.0,4.0,5.0
525,5333.0,Coutumier,0.0,0.0,20.0,0.0,1.0,1.0,1.0
526,5333.0,Coutumier,0.0,0.0,20.0,0.0,1.0,1.0,1.0
527,5333.0,Coutumier,0.0,0.0,20.0,0.0,1.0,1.0,1.0
528,5333.0,Coutumier,0.0,0.0,20.0,0.0,1.0,1.0,1.0
529,52910.0,Avenue,2.1078199320000003e-06,44.0,20.0,4.172828556818182e-06,2.0,2.0,2.0
529,5333.0,Coutumier,,,20.0,,1.0,1.0,1.0
530,5333.0,Coutumier,124098.07882803446,141.0,20.0,331472.5871993934,1.0,1.0,1.0
530,53085.0,Coutumier Capita,4.357781843e-06,61.0,20.0,5.186516778590163e-06,2.0,2.0,2.0
530,53084.0,Coutumier Capita,1.503986817e-06,23.0,20.0,1.9317123706956523e-06,3.0,3.0,3.0
531,5333.0,Coutumier,45124.10036273858,80.0,20.0,115616.85404119712,1.0,1.0,1.0
531,53085.0,Coutumier Capita,2.774001377e-06,39.0,20.0,8.579090106146344e-06,2.0,2.0,2.0
532,5333.0,Coutumier,78450.07411634507,129.0,20.0,78450.07411634507,1.0,1.0,1.0
533,5333.0,Coutumier,91707.7165594637,92.0,20.0,91707.7165594637,1.0,1.0,1.0
533,52910.0,Avenue,4.1831177e-08,1.0,20.0,4.1831177e-08,2.0,2.0,2.0
534,5333.0,Coutumier,47589.09320240713,36.0,20.0,92567.30358969812,1.0,1.0,1.0
534,53594.0,Localite,2.66982e-10,0.0,20.0,2.66982e-10,2.0,2.0,2.0
535,5333.0,Coutumier,19324.42564674619,41.0,20.0,151745.59478398392,1.0,1.0,1.0
535,53594.0,Localite,1.893346473e-06,37.0,20.0,1.515671820666667e-05,2.0,2.0,2.0
535,53646.0,Localite,1.4890171569999997e-06,31.0,20.0,1.168498039365217e-05,3.0,3.0,3.0
535,53593.0,Avenue,7.99716256e-07,6.0,20.0,2.0327478207272725e-06,4.0,4.0,4.0
535,5418.0,Avenue,4.0352542299999993e-07,3.0,20.0,4.0335367799999997e-07,5.0,5.0,5.0
535,52340.0,Localite,2.6392193999999998e-08,0.0,20.0,2.6392193999999998e-08,6.0,6.0,6.0
536,53594.0,Localite,1.556448519e-06,58.0,20.0,4.444990732208956e-06,2.0,2.0,1.0
536,53646.0,Localite,9.327948479999999e-07,42.0,20.0,2.3451471792e-06,3.0,4.0,2.0
536,53645.0,Avenue,7.848622630000001e-07,36.0,20.0,2.4439902902380946e-06,4.0,3.0,3.0
536,5418.0,Avenue,3.95019964e-07,12.0,20.0,1.220261768333333e-06,5.0,5.0,4.0
536,53746.0,Avenue,2.4968168e-08,1.0,20.0,2.4968168e-08,6.0,6.0,5.0
536,53859.0,Localite,4.308856e-09,0.0,20.0,4.308856e-09,8.0,8.0,6.0
536,53857.0,Avenue (Past Loc),7.630072e-09,0.0,20.0,7.630072e-09,7.0,7.0,7.0
536,5333.0,Coutumier,15281.116345845052,0.0,20.0,15281.116345845052,1.0,1.0,8.0
537,53859.0,Localite,4.7301279160000016e-06,176.0,20.0,3.741359226511628e-05,1.0,1.0,1.0
537,53747.0,Avenue,1.7280229059999999e-06,72.0,20.0,3.2962296454520544e-06,2.0,2.0,2.0
537,53745.0,Avenue,1.674422328e-06,64.0,20.0,3.072950815338462e-06,3.0,3.0,3.0
537,53857.0,Avenue (Past Loc),8.185619799999999e-07,38.0,20.0,1.8275341652727273e-06,4.0,5.0,4.0
537,53746.0,Avenue,7.27974476e-07,25.0,20.0,1.962801714259259e-06,5.0,4.0,5.0
537,5418.0,Avenue,5.169393300000001e-07,21.0,20.0,1.0161626826000003e-06,6.0,7.0,6.0
537,53744.0,Avenue,3.1800337800000004e-07,20.0,20.0,1.026219724125e-06,7.0,6.0,7.0
537,53858.0,Avenue,4.7750468999999995e-08,6.0,20.0,8.955039858333332e-08,9.0,9.0,8.0
537,53987.0,Avenue (Past Loc),5.217761499999999e-08,6.0,20.0,1.0974127725e-07,8.0,8.0,9.0
538,53859.0,Localite,6.027948384000001e-06,175.0,20.0,3.1604437408949655e-05,1.0,1.0,1.0
538,53857.0,Avenue (Past Loc),5.405199998e-06,100.0,20.0,1.5630030644559753e-05,2.0,2.0,2.0
538,53860.0,Avenue,2.193394386e-06,76.0,20.0,1.3498718804326531e-05,3.0,3.0,3.0
538,53744.0,Avenue,1.6410712739999998e-06,54.0,20.0,5.169584795531647e-06,5.0,4.0,4.0
538,53858.0,Avenue,1.396078486e-06,41.0,20.0,4.3709605716491215e-06,6.0,5.0,5.0
538,53987.0,Avenue (Past Loc),1.8775235530000002e-06,35.0,20.0,3.794671592727273e-06,4.0,6.0,6.0
538,5418.0,Avenue,1.87788556e-07,13.0,20.0,2.9811731347826087e-07,7.0,7.0,7.0
539,53987.0,Avenue (Past Loc),7.704633901999998e-06,261.0,20.0,4.90257250949769e-05,1.0,1.0,1.0
539,53859.0,Localite,6.585331810999997e-06,227.0,20.0,4.734476942894116e-05,2.0,2.0,2.0
539,54185.0,Avenue (Past Loc),2.750006465e-06,109.0,20.0,1.873540418812409e-05,3.0,3.0,3.0
539,53857.0,Avenue (Past Loc),1.549023677e-06,32.0,20.0,3.2978039464761906e-06,4.0,4.0,4.0
539,5418.0,Avenue,5.60696011e-07,22.0,20.0,8.940361710512822e-07,5.0,5.0,5.0
540,53859.0,Localite,2.2334962239999997e-06,70.0,20.0,1.0421360366999996e-05,1.0,1.0,1.0
540,53987.0,Avenue (Past Loc),2.0192728559999997e-06,39.0,20.0,5.81975920742e-06,2.0,2.0,2.0
540,54185.0,Avenue (Past Loc),3.3291616899999997e-07,4.0,20.0,4.284620385e-07,3.0,3.0,3.0
541,53987.0,Avenue (Past Loc),1.5778112029999996e-06,50.0,20.0,1.1329080982349208e-05,1.0,1.0,1.0
541,53859.0,Localite,3.6510906999999993e-07,18.0,20.0,1.0309501507500002e-06,3.0,3.0,2.0
541,5418.0,Avenue,5.456042689999999e-07,15.0,20.0,1.3481072816842102e-06,2.0,2.0,3.0
541,54185.0,Avenue (Past Loc),3.21405651e-07,9.0,20.0,8.823144976470589e-07,4.0,4.0,4.0
541,53857.0,Avenue (Past Loc),1.08591472e-07,6.0,20.0,2.2317928799999998e-07,5.0,5.0,5.0
541,53746.0,Avenue,8.0091178e-08,4.0,20.0,1.577447135e-07,6.0,6.0,6.0
541,53594.0,Localite,4.0341903e-08,0.0,20.0,4.0341903000000004e-08,8.0,8.0,7.0
541,54292.0,Avenue (Past Loc),2.52409e-10,0.0,20.0,2.52409e-10,9.0,9.0,8.0
541,53646.0,Localite,4.4527514e-08,0.0,20.0,4.4527514e-08,7.0,7.0,9.0
542,53594.0,Localite,1.6254136290000001e-06,41.0,20.0,4.4217480582000006e-06,1.0,1.0,1.0
542,54293.0,Avenue,7.29539857e-07,33.0,20.0,7.29539857e-07,3.0,3.0,2.0
542,54292.0,Avenue (Past Loc),8.968313080000001e-07,30.0,20.0,1.6944376081935484e-06,2.0,2.0,3.0
542,54311.0,Avenue (Past Loc),8.2426423e-08,4.0,20.0,9.743679e-08,5.0,4.0,4.0
542,53987.0,Avenue (Past Loc),9.7242486e-08,1.0,20.0,9.7242486e-08,4.0,5.0,5.0
543,53594.0,Localite,3.060817003e-06,62.0,20.0,8.642233208206899e-06,1.0,1.0,1.0
543,54311.0,Avenue (Past Loc),1.2393385110000002e-06,40.0,20.0,2.7181900846666667e-06,2.0,2.0,2.0
543,52247.0,Localite,8.93998437e-07,17.0,20.0,2.5934757405e-06,3.0,3.0,3.0
543,5418.0,Avenue,1.5557734899999999e-07,11.0,20.0,1.64388732e-07,4.0,4.0,4.0
543,53593.0,Avenue,8.388245099999999e-08,9.0,20.0,1.259478570909091e-07,5.0,5.0,5.0
544,53594.0,Localite,3.696412619000001e-06,111.0,20.0,2.0384390222143786e-05,1.0,1.0,1.0
544,54445.0,Avenue,1.4908536070000002e-06,75.0,20.0,9.634326490353663e-06,3.0,2.0,2.0
544,52247.0,Localite,1.6524362910000005e-06,60.0,20.0,6.064244060791666e-06,2.0,3.0,3.0
544,54446.0,Avenue,9.609284800000002e-07,60.0,20.0,2.8181089915312505e-06,5.0,4.0,4.0
544,54444.0,Avenue,8.17091393e-07,59.0,20.0,9.629930712711866e-07,6.0,6.0,5.0
544,54443.0,Avenue (Past Loc),1.199711496e-06,48.0,20.0,2.67234780075e-06,4.0,5.0,6.0
544,54584.0,Localite,1.45711747e-07,5.0,20.0,1.918622805555556e-07,7.0,7.0,7.0
544,54585.0,Avenue,1.2625821000000001e-08,1.0,20.0,1.2625821e-08,9.0,9.0,8.0
544,52340.0,Localite,9.1901535e-08,0.0,20.0,9.1901535e-08,8.0,8.0,9.0
545,53594.0,Localite,3.0835609330000005e-06,95.0,20.0,1.3589678465353846e-05,1.0,1.0,1.0
545,54584.0,Localite,1.9898693709999997e-06,62.0,20.0,7.604842489720431e-06,2.0,3.0,2.0
545,52247.0,Localite,1.6300398719999999e-06,40.0,20.0,8.019597326062496e-06,4.0,2.0,3.0
545,54585.0,Avenue,1.946232811e-06,36.0,20.0,5.6567702743125e-06,3.0,4.0,4.0
545,54444.0,Avenue,7.450483e-08,14.0,20.0,7.450483e-08,6.0,8.0,5.0
545,54443.0,Avenue (Past Loc),7.105466499999999e-08,7.0,20.0,1.3252277800000002e-07,7.0,6.0,6.0
545,54446.0,Avenue,1.1186491699999998e-07,6.0,20.0,1.5628846566666665e-07,5.0,5.0,7.0
545,54445.0,Avenue,5.3762879e-08,6.0,20.0,7.750929850000001e-08,8.0,7.0,8.0
546,54743.0,Avenue Adjoint,4.7890107999999995e-08,0.0,20.0,4.7890107999999995e-08,1.0,1.0,2.0
546,54744.0,Localite,3.1226823e-08,0.0,20.0,3.1226823e-08,2.0,2.0,1.0
547,54744.0,Localite,2.734509986e-06,156.0,20.0,1.1128110047867468e-05,1.0,1.0,1.0
547,54743.0,Avenue Adjoint,8.99325887e-07,50.0,20.0,1.6466326788679244e-06,2.0,2.0,2.0
548,54744.0,Localite,3.01965807e-06,103.0,20.0,8.091329547703704e-06,1.0,1.0,1.0
548,54848.0,Avenue,1.047450462e-06,61.0,20.0,3.965436848676924e-06,2.0,2.0,2.0
548,54950.0,Avenue (Past Loc),4.52352597e-07,21.0,20.0,9.941100043333335e-07,3.0,3.0,3.0
548,55048.0,Localite,1.74029801e-07,10.0,20.0,4.652378583125e-07,4.0,4.0,4.0
549,55048.0,Localite,3.267730685999999e-06,140.0,20.0,1.3781694319268294e-05,1.0,2.0,1.0
549,54938.0,,2.8118763190000007e-06,134.0,20.0,1.2945689274331209e-05,2.0,3.0,2.0
549,54744.0,Localite,2.4666374699999996e-06,90.0,20.0,1.4016662176892562e-05,3.0,1.0,3.0
549,54951.0,Avenue Adjoint,1.2480439949999998e-06,38.0,20.0,4.350085077600001e-06,4.0,4.0,4.0
549,54950.0,Avenue (Past Loc),5.57738429e-07,22.0,20.0,2.184192111e-06,5.0,5.0,5.0
549,54848.0,Avenue,4.3187977899999997e-07,16.0,20.0,1.7100809725862069e-06,6.0,6.0,6.0
549,55292.0,Localite,1.7136184e-08,0.0,20.0,1.7136184000000004e-08,7.0,7.0,7.0
550,55048.0,Localite,3.058709471e-06,153.0,20.0,7.3159966483523314e-06,2.0,2.0,1.0
550,54744.0,Localite,3.7355869429999983e-06,148.0,20.0,1.1629459814482759e-05,1.0,1.0,2.0
550,54938.0,,2.0906918229999994e-06,76.0,20.0,3.9730985397894745e-06,4.0,4.0,3.0
550,55034.0,Avenue,1.3214181909999998e-06,55.0,20.0,2.8677560816666667e-06,5.0,5.0,4.0
550,55047.0,Avenue,2.183533033e-06,46.0,20.0,5.20342338310606e-06,3.0,3.0,5.0
550,55684.0,Localite,3.0966227000000004e-08,0.0,20.0,3.0966227000000004e-08,6.0,6.0,6.0
550,55292.0,Localite,1.3255111e-08,0.0,20.0,1.3255111e-08,7.0,7.0,7.0
551,55048.0,Localite,5.0259167500000004e-06,118.0,20.0,1.488204678368932e-05,1.0,1.0,1.0
551,54744.0,Localite,4.461440461000001e-06,79.0,20.0,1.0479002073445784e-05,2.0,2.0,2.0
551,55151.0,Avenue,5.199728570000001e-07,11.0,20.0,1.1701699256000001e-06,3.0,3.0,3.0
552,55292.0,Localite,2.8334030360000003e-06,96.0,20.0,6.347093100108109e-06,1.0,1.0,1.0
552,55294.0,Avenue,3.08487744e-07,17.0,20.0,8.423751324210525e-07,4.0,3.0,2.0
552,55291.0,Avenue,4.95068386e-07,17.0,20.0,1.207064906909091e-06,2.0,2.0,3.0
552,5522.0,Avenue,3.9717137e-07,11.0,20.0,4.31582184e-07,3.0,4.0,4.0
552,55544.0,Localite,2.8660709999999998e-08,6.0,20.0,4.39518705e-08,7.0,7.0,5.0
552,5542.0,,2.1915906000000002e-08,3.0,20.0,4.593736857142857e-08,8.0,6.0,6.0
552,55344.0,Avenue,2.1872465e-08,1.0,20.0,2.1872465e-08,9.0,9.0,7.0
552,55684.0,Localite,5.1493300999999997e-08,0.0,20.0,5.1493301e-08,5.0,5.0,8.0
552,55343.0,Avenue,8.556105e-09,0.0,20.0,8.556105e-09,11.0,11.0,9.0
552,55613.0,Avenue,3.7706042e-08,0.0,20.0,3.7706042e-08,6.0,8.0,10.0
552,55048.0,Localite,1.9653626e-08,0.0,20.0,1.9653626e-08,10.0,10.0,11.0
552,55545.0,Avenue Adjoint,7.188e-12,0.0,20.0,7.188e-12,13.0,13.0,12.0
552,55445.0,Avenue (Past Loc),7.881361e-09,0.0,20.0,7.881361e-09,12.0,12.0,13.0
553,55544.0,Localite,6.465361954e-06,196.0,20.0,2.8336852771739123e-05,1.0,1.0,1.0
553,55343.0,Avenue,2.498881510000001e-06,85.0,20.0,6.802598785642277e-06,2.0,3.0,2.0
553,5542.0,,1.3818764290000004e-06,50.0,20.0,4.177508416593405e-06,3.0,5.0,3.0
553,55445.0,Avenue (Past Loc),1.366562418e-06,49.0,20.0,4.197908248434784e-06,4.0,4.0,4.0
553,55344.0,Avenue,1.1798054240000005e-06,40.0,20.0,9.299293004310344e-06,5.0,2.0,5.0
553,55346.0,Avenue (Past Loc),7.52906643e-07,30.0,20.0,2.4696745914705883e-06,6.0,6.0,6.0
553,55292.0,Localite,3.4819802899999995e-07,11.0,20.0,5.306445570175436e-07,7.0,7.0,7.0
553,5522.0,Avenue,1.6036813499999998e-07,2.0,20.0,1.9052239891666668e-07,8.0,8.0,8.0
554,55544.0,Localite,6.574156393e-06,175.0,20.0,3.092174318442622e-05,1.0,1.0,1.0
554,55545.0,Avenue Adjoint,3.4087598510000013e-06,95.0,20.0,2.0303833406517976e-05,2.0,2.0,2.0
554,55445.0,Avenue (Past Loc),2.027172765e-06,69.0,20.0,6.777842689320389e-06,3.0,4.0,3.0
554,55446.0,Avenue,1.3826596330000001e-06,53.0,20.0,7.448360505870968e-06,4.0,3.0,4.0
554,5542.0,,8.66109986e-07,34.0,20.0,1.726802390857143e-06,5.0,6.0,5.0
554,55447.0,Avenue,5.036056359999998e-07,22.0,20.0,2.7737218016969705e-06,7.0,5.0,6.0
554,55292.0,Localite,5.98633487e-07,21.0,20.0,8.344377335466667e-07,6.0,7.0,7.0
554,55294.0,Avenue,1.33209473e-07,8.0,20.0,2.819394166470588e-07,10.0,8.0,8.0
554,55613.0,Avenue,1.22010746e-07,7.0,20.0,1.390473945e-07,11.0,11.0,9.0
554,55684.0,Localite,1.84916626e-07,6.0,20.0,2.059009545454545e-07,9.0,9.0,10.0
554,55291.0,Avenue,1.89880166e-07,3.0,20.0,2.0540088285714284e-07,8.0,10.0,11.0
555,55544.0,Localite,3.427832323e-06,143.0,20.0,1.1462325385607841e-05,1.0,1.0,1.0
555,55545.0,Avenue Adjoint,1.1875455260000003e-06,84.0,20.0,6.944368579550562e-06,2.0,2.0,2.0
555,55684.0,Localite,2.45306935e-07,15.0,20.0,3.089437752800001e-07,4.0,3.0,3.0
555,55292.0,Localite,2.51267184e-07,13.0,20.0,2.803200533333333e-07,3.0,4.0,4.0
555,56085.0,Avenue,6.277249e-08,0.0,20.0,6.277249e-08,5.0,5.0,5.0
556,55292.0,Localite,2.0787471249999994e-06,150.0,20.0,1.5021558852018602e-05,2.0,2.0,1.0
556,55684.0,Localite,2.1374552389999994e-06,147.0,20.0,1.6768752487106666e-05,1.0,1.0,2.0
556,55613.0,Avenue,3.4234111899999996e-07,34.0,20.0,1.1458720476756757e-06,4.0,3.0,3.0
556,54744.0,Localite,3.50670292e-07,13.0,20.0,6.13932798202247e-07,3.0,4.0,4.0
556,55048.0,Localite,2.9665385299999995e-07,12.0,20.0,5.599489917926828e-07,5.0,5.0,5.0
556,54938.0,,1.6845986e-07,12.0,20.0,4.0280919178260875e-07,6.0,6.0,6.0
556,55047.0,Avenue,1.3755478699999998e-07,2.0,20.0,1.6071960563333333e-07,7.0,7.0,7.0
556,55034.0,Avenue,5.065284499999999e-08,0.0,20.0,5.0652845e-08,8.0,8.0,8.0
556,55545.0,Avenue Adjoint,4.451347e-09,0.0,20.0,4.451347e-09,12.0,12.0,9.0
556,55885.0,Localite,1.3454804e-08,0.0,20.0,1.3454804e-08,11.0,11.0,10.0
556,55446.0,Avenue,1.6173925000000002e-08,0.0,20.0,1.6173925000000002e-08,9.0,9.0,11.0
556,55544.0,Localite,1.4824232e-08,0.0,20.0,1.4824232e-08,10.0,10.0,12.0
557,55292.0,Localite,2.1090689880000017e-06,102.0,20.0,8.7836759279403e-06,2.0,2.0,1.0
557,55885.0,Localite,2.192885264e-06,93.0,20.0,1.4932346895079467e-05,1.0,1.0,2.0
557,54744.0,Localite,7.632344490000001e-07,24.0,20.0,1.0386322552881355e-06,3.0,3.0,3.0
557,55048.0,Localite,4.0694664000000007e-07,16.0,20.0,5.244905407179486e-07,4.0,4.0,4.0
557,54848.0,Avenue,2.6156286600000004e-07,16.0,20.0,3.8702106434782606e-07,6.0,7.0,5.0
557,54938.0,,3.08226706e-07,12.0,20.0,3.6016492058823524e-07,5.0,8.0,6.0
557,54950.0,Avenue (Past Loc),1.66439544e-07,11.0,20.0,2.899177140624999e-07,8.0,9.0,7.0
557,55887.0,Avenue,2.1356459700000001e-07,10.0,20.0,4.3546391000000006e-07,7.0,5.0,8.0
557,55888.0,Avenue Adjoint,1.6461673399999999e-07,7.0,20.0,4.127184829285714e-07,9.0,6.0,9.0
557,54951.0,Avenue Adjoint,4.8592683000000005e-08,3.0,20.0,4.3791026124999994e-08,11.0,11.0,10.0
557,55684.0,Localite,2.1069774e-08,2.0,20.0,2.4123833999999998e-08,12.0,12.0,11.0
557,54743.0,Avenue Adjoint,8.3346508e-08,1.0,20.0,8.3346508e-08,10.0,10.0,12.0
557,55889.0,Avenue,5.854402999999999e-09,0.0,20.0,5.854402999999999e-09,13.0,13.0,13.0
558,55885.0,Localite,6.295020109999997e-06,179.0,20.0,1.994653337926218e-05,1.0,1.0,1.0
558,55890.0,Avenue,1.2650812619999998e-06,44.0,20.0,6.9186567759259255e-06,2.0,2.0,2.0
558,55886.0,Avenue,1.06911539e-06,34.0,20.0,2.195815164068182e-06,3.0,5.0,3.0
558,55887.0,Avenue,7.354195399999998e-07,25.0,20.0,2.8327047803773582e-06,5.0,3.0,4.0
558,55888.0,Avenue Adjoint,6.586273149999999e-07,22.0,20.0,2.6070332487441855e-06,6.0,4.0,5.0
558,55889.0,Avenue,8.32082648e-07,20.0,20.0,1.3303582773870966e-06,4.0,7.0,6.0
558,56085.0,Avenue,3.97083281e-07,18.0,20.0,1.4440378946153848e-06,8.0,6.0,7.0
558,55544.0,Localite,2.93678609e-07,18.0,20.0,9.957528692727271e-07,10.0,9.0,8.0
558,55884.0,Avenue,5.22757844e-07,8.0,20.0,1.0038678216e-06,7.0,8.0,9.0
558,55292.0,Localite,3.80027578e-07,6.0,20.0,4.30994736e-07,9.0,10.0,10.0
558,55684.0,Localite,2.59758241e-07,0.0,20.0,2.59758241e-07,11.0,11.0,11.0
559,55885.0,Localite,2.7778850860000004e-06,69.0,20.0,6.534928543276593e-06,1.0,1.0,1.0
559,55890.0,Avenue,1.04017148e-06,38.0,20.0,2.503154585377358e-06,2.0,4.0,2.0
559,628104.0,Avenue (Past Loc),7.356756859999999e-07,21.0,20.0,1.7265939323913044e-06,5.0,5.0,3.0
559,55887.0,Avenue,7.95656224e-07,19.0,20.0,2.5284122629090904e-06,4.0,3.0,4.0
559,55888.0,Avenue Adjoint,8.769727489999998e-07,19.0,20.0,3.032189361642857e-06,3.0,2.0,5.0
559,55889.0,Avenue,3.61707174e-07,14.0,20.0,8.311783857142858e-07,6.0,6.0,6.0
559,55886.0,Avenue,2.8059635e-07,7.0,20.0,6.512199550769231e-07,7.0,7.0,7.0
560,55544.0,Localite,5.136802740000001e-06,199.0,20.0,1.1008069109721103e-05,1.0,1.0,1.0
560,56385.0,Localite,4.376496739e-06,173.0,20.0,7.964702847814073e-06,2.0,2.0,2.0
560,55885.0,Localite,8.437701720000001e-07,47.0,20.0,6.098819576142858e-06,3.0,3.0,3.0
560,56087.0,Avenue,7.999397600000001e-07,40.0,20.0,1.749112284298076e-06,4.0,5.0,4.0
560,56090.0,Avenue,6.474049889999998e-07,34.0,20.0,1.6946350119333332e-06,5.0,6.0,5.0
560,56088.0,Avenue Adjoint,6.47404043e-07,34.0,20.0,1.7524641252e-06,6.0,4.0,6.0
560,56085.0,Avenue,2.6427966600000004e-07,19.0,20.0,5.649272823478261e-07,10.0,9.0,7.0
560,56089.0,Avenue,2.5575681699999995e-07,19.0,20.0,6.152236099565216e-07,11.0,8.0,8.0
560,56086.0,Localite,3.99164571e-07,17.0,20.0,8.862246585454546e-07,9.0,7.0,9.0
560,55888.0,Avenue Adjoint,4.0460494000000004e-07,1.0,20.0,4.0460494000000004e-07,8.0,11.0,10.0
560,628104.0,Avenue (Past Loc),1.0653639199999999e-07,0.0,20.0,1.06536392e-07,12.0,12.0,11.0
560,55887.0,Avenue,4.0659940400000006e-07,0.0,20.0,4.0659940400000006e-07,7.0,10.0,12.0
560,56247.0,Avenue,6.56809e-10,0.0,20.0,6.56809e-10,16.0,16.0,13.0
560,55889.0,Avenue,1.4683893e-08,0.0,20.0,1.4683893e-08,15.0,15.0,14.0
560,56248.0,Avenue,2.5373552000000002e-08,0.0,20.0,2.5373552000000002e-08,13.0,13.0,15.0
560,55884.0,Avenue,1.7900948e-08,0.0,20.0,1.7900948e-08,14.0,14.0,16.0
561,56385.0,Localite,5.025263407000001e-06,104.0,20.0,1.3162290045774201e-05,1.0,1.0,1.0
561,56248.0,Avenue,9.269956979999999e-07,46.0,20.0,5.335295436508474e-06,3.0,2.0,2.0
561,56247.0,Avenue,9.09233601e-07,43.0,20.0,4.20239836882353e-06,4.0,3.0,3.0
561,56371.0,Avenue Adjoint,1.1843079960000002e-06,21.0,20.0,3.2910285542142857e-06,2.0,4.0,4.0
561,55544.0,Localite,3.45571292e-07,17.0,20.0,5.640476910588233e-07,8.0,6.0,5.0
561,5617.0,Avenue,5.30695848e-07,5.0,20.0,7.369005725000001e-07,5.0,5.0,6.0
561,55888.0,Avenue Adjoint,3.846665e-08,2.0,20.0,5.471552228571428e-08,11.0,10.0,7.0
561,55887.0,Avenue,3.7261663e-08,2.0,20.0,5.368267628571427e-08,12.0,11.0,8.0
561,56644.0,Avenue,8.4597538e-08,2.0,20.0,9.720157714285714e-08,9.0,9.0,9.0
561,5618.0,Avenue,3.74424388e-07,1.0,20.0,3.74424388e-07,7.0,8.0,10.0
561,628104.0,Avenue (Past Loc),4.24259992e-07,1.0,20.0,4.2425999200000004e-07,6.0,7.0,11.0
561,5854.0,Localite,1.3999318e-08,0.0,20.0,1.3999318e-08,13.0,13.0,12.0
561,5668.0,Avenue Adjoint,5.2830144e-08,0.0,20.0,5.2830144e-08,10.0,12.0,13.0
562,56385.0,Localite,4.070452359e-06,30.0,20.0,4.637639415499999e-06,1.0,1.0,1.0
562,56247.0,Avenue,6.23253139e-07,14.0,20.0,8.983552159999998e-07,2.0,2.0,2.0
562,56371.0,Avenue Adjoint,2.24997677e-07,7.0,20.0,3.44387799e-07,3.0,3.0,3.0
562,55544.0,Localite,1.42115867e-07,2.0,20.0,1.8312242485714286e-07,5.0,5.0,4.0
562,5622.0,Avenue,2.03132758e-07,1.0,20.0,2.0313275799999997e-07,4.0,4.0,5.0
562,56248.0,Avenue,1.8412674e-08,0.0,20.0,1.8412674e-08,6.0,6.0,6.0
563,56385.0,Localite,4.460376907000001e-06,184.0,20.0,2.0750971097309312e-05,1.0,1.0,1.0
563,56383.0,Avenue,9.4516706e-07,32.0,20.0,2.292678552242424e-06,2.0,3.0,2.0
563,5631.0,Avenue,5.878745109999999e-07,13.0,20.0,2.3062249824444448e-06,3.0,2.0,3.0
563,56371.0,Avenue Adjoint,3.1135403e-07,12.0,20.0,3.6919152216e-07,4.0,4.0,4.0
563,5622.0,Avenue,1.4662084099999998e-07,7.0,20.0,1.375036433333333e-07,5.0,5.0,5.0
563,5618.0,Avenue,3.0657362e-08,3.0,20.0,4.5942818e-08,6.0,6.0,6.0
563,55544.0,Localite,2.204314e-08,0.0,20.0,2.2043140000000003e-08,7.0,7.0,7.0
563,5542.0,,1.5525125e-08,0.0,20.0,1.5525125e-08,8.0,8.0,8.0
563,55445.0,Avenue (Past Loc),8.991886999999999e-09,0.0,20.0,8.991886999999999e-09,9.0,9.0,9.0
564,56385.0,Localite,7.637196529999999e-07,52.0,20.0,1.653210027e-06,1.0,1.0,1.0
564,56585.0,Avenue,2.43145084e-07,18.0,20.0,4.872471079166667e-07,3.0,3.0,2.0
564,56371.0,Avenue Adjoint,5.14317773e-07,16.0,20.0,1.0464529315789473e-06,2.0,2.0,3.0
564,5648.0,Avenue,1.6625557300000002e-07,13.0,20.0,3.2597754218750005e-07,4.0,4.0,4.0
564,55445.0,Avenue (Past Loc),2.9836835e-08,0.0,20.0,2.9836835e-08,5.0,5.0,5.0
564,5542.0,,1.9272288999999998e-08,0.0,20.0,1.9272288999999998e-08,6.0,6.0,6.0
565,5648.0,Avenue,2.0990121599999998e-07,12.0,20.0,2.9002678699999995e-07,1.0,1.0,1.0
565,56585.0,Avenue,1.84852857e-07,7.0,20.0,2.0752938833333334e-07,2.0,2.0,2.0
565,56385.0,Localite,1.26334399e-07,4.0,20.0,1.0656770642857143e-07,3.0,3.0,3.0
565,57386.0,Avenue,3.7664436e-08,0.0,20.0,3.7664436e-08,4.0,4.0,4.0
566,5668.0,Avenue Adjoint,1.742761975e-06,62.0,20.0,1.0052311911571427e-05,1.0,1.0,2.0
566,56644.0,Avenue,1.007478752e-06,42.0,20.0,1.7949399124651163e-06,2.0,3.0,1.0
566,56385.0,Localite,7.8184398e-07,32.0,20.0,2.4568977262045455e-06,3.0,2.0,3.0
566,56585.0,Avenue,5.19917023e-07,19.0,20.0,1.3327278472499997e-06,5.0,4.0,4.0
566,5648.0,Avenue,5.7885006e-07,16.0,20.0,1.3127746945454545e-06,4.0,5.0,5.0
566,56371.0,Avenue Adjoint,3.8813810000000005e-08,3.0,20.0,4.8272321000000003e-08,6.0,6.0,6.0
566,5617.0,Avenue,4.0130579999999996e-09,0.0,20.0,4.0130579999999996e-09,7.0,7.0,7.0
566,5854.0,Localite,9.26997e-10,0.0,20.0,9.26997e-10,8.0,8.0,8.0
567,5854.0,Localite,3.6335184200000004e-06,47.0,20.0,7.822857198376812e-06,2.0,1.0,1.0
567,56986.0,,2.745407257000001e-06,25.0,20.0,4.1088851475e-06,3.0,3.0,2.0
567,56385.0,Localite,4.3847236939999995e-06,23.0,20.0,6.290006155367091e-06,1.0,2.0,3.0
567,5617.0,Avenue,1.6129747720000002e-06,10.0,20.0,2.9041661866666666e-06,4.0,4.0,4.0
567,628104.0,Avenue (Past Loc),4.5159577499999997e-07,7.0,20.0,5.10672223111111e-07,5.0,5.0,5.0
567,5618.0,Avenue,2.8358234000000003e-08,0.0,20.0,2.8358234e-08,6.0,6.0,6.0
568,5854.0,Localite,1.570786015e-06,18.0,20.0,3.504313732592593e-06,1.0,1.0,1.0
568,56986.0,,1.302430019e-06,17.0,20.0,3.385383867e-06,2.0,2.0,2.0
568,628104.0,Avenue (Past Loc),5.99277245e-07,4.0,20.0,8.655220643333333e-07,4.0,3.0,3.0
568,56385.0,Localite,6.502754909999999e-07,3.0,20.0,7.09107536e-07,3.0,4.0,4.0
568,5617.0,Avenue,9.1323115e-08,1.0,20.0,9.1323115e-08,5.0,5.0,5.0
568,56371.0,Avenue Adjoint,2.3816512e-08,0.0,20.0,2.3816511999999997e-08,6.0,6.0,6.0
569,5854.0,Localite,3.1265869359999995e-06,4.0,20.0,4.686424940235294e-06,1.0,1.0,1.0
569,56385.0,Localite,9.403695300000001e-08,0.0,20.0,9.403695300000001e-08,4.0,4.0,2.0
569,56986.0,,1.5737852879999999e-06,0.0,20.0,1.5737852879999999e-06,2.0,2.0,3.0
569,628104.0,Avenue (Past Loc),3.18956336e-07,0.0,20.0,3.18956336e-07,3.0,3.0,4.0
570,5854.0,Localite,4.11987282e-06,77.0,20.0,6.342738720898735e-06,1.0,2.0,1.0
570,56986.0,,2.7502765709999996e-06,61.0,20.0,7.4847009345230775e-06,2.0,1.0,2.0
570,628104.0,Avenue (Past Loc),3.346797e-09,0.0,20.0,3.346797e-09,4.0,4.0,3.0
570,58784.0,Localite,7.525458e-09,0.0,20.0,7.525458e-09,3.0,3.0,4.0
571,58210.0,Localite,37104.3397199745,59.0,20.0,140038.95958645505,1.0,1.0,1.0
571,5854.0,Localite,2.772381334e-06,36.0,20.0,1.1186649181960783e-05,2.0,2.0,2.0
571,56385.0,Localite,5.20370712e-07,13.0,20.0,1.1070237343529411e-06,4.0,4.0,3.0
571,57150.0,Avenue (Past Loc),8.26338615e-07,12.0,20.0,2.1374517115294114e-06,3.0,3.0,4.0
571,58349.0,,4.3492459e-07,3.0,20.0,3.963803483333334e-07,5.0,5.0,5.0
571,57291.0,Avenue,1.5863212000000003e-07,0.0,20.0,1.5863212e-07,6.0,6.0,6.0
571,57986.0,Avenue (Past Loc),8.5038791e-08,0.0,20.0,8.503879100000001e-08,7.0,7.0,7.0
572,57291.0,Avenue,5.403213301999999e-06,161.0,20.0,2.8986616704765956e-05,2.0,2.0,1.0
572,58210.0,Localite,56416.261343550716,121.0,20.0,857527.172417013,1.0,1.0,2.0
572,57290.0,Avenue Adjoint,2.205346371e-06,80.0,20.0,8.224998978142858e-06,3.0,4.0,3.0
572,58349.0,,1.94276769e-06,49.0,20.0,1.204914180875e-05,4.0,3.0,4.0
572,57986.0,Avenue (Past Loc),5.53893945e-07,10.0,20.0,8.242923821428572e-07,5.0,5.0,5.0
572,57386.0,Avenue,2.07401646e-07,4.0,20.0,2.3477490806250001e-07,6.0,6.0,6.0
572,57688.0,Coutumier Capita,8.175142e-08,0.0,20.0,8.175142e-08,7.0,7.0,7.0
572,5854.0,Localite,1.067319e-09,0.0,20.0,1.067319e-09,8.0,8.0,8.0
573,57386.0,Avenue,5.33363736e-06,72.0,20.0,9.221163452573335e-06,1.0,1.0,1.0
573,57688.0,Coutumier Capita,7.3048846e-08,3.0,20.0,5.3257893333333334e-08,2.0,2.0,2.0
573,57291.0,Avenue,1.7056377000000002e-08,0.0,20.0,1.7056377000000002e-08,3.0,3.0,3.0
574,57386.0,Avenue,,,20.0,,2.0,2.0,2.0
574,57688.0,Coutumier Capita,,,20.0,,1.0,1.0,1.0
575,57688.0,Coutumier Capita,2.387491708e-06,47.0,20.0,3.963190926625e-06,1.0,1.0,1.0
576,57688.0,Coutumier Capita,1.909452701e-06,23.0,20.0,1.928667955478261e-06,1.0,1.0,1.0
577,57688.0,Coutumier Capita,1.485637703e-06,48.0,20.0,1.8687232026666667e-06,1.0,1.0,1.0
578,57688.0,Coutumier Capita,3.3158287409999996e-06,88.0,20.0,8.41495377770213e-06,1.0,1.0,1.0
578,57386.0,Avenue,9.608522000000001e-08,4.0,20.0,1.41603554e-07,2.0,2.0,2.0
579,58210.0,Localite,118817.39932821614,179.0,20.0,638480.3106653371,1.0,1.0,1.0
579,58349.0,,2.9510453010000005e-06,79.0,20.0,8.510885136800001e-06,2.0,2.0,2.0
579,57986.0,Avenue (Past Loc),2.902415046e-06,77.0,20.0,7.535669281999999e-06,3.0,3.0,3.0
579,57688.0,Coutumier Capita,3.77236703e-07,12.0,20.0,7.760347613333333e-07,4.0,4.0,4.0
579,58011.0,Avenue (Past Loc),8.6975911e-08,7.0,20.0,1.358149005e-07,6.0,6.0,5.0
579,58010.0,Avenue (Past Loc),1.39315609e-07,3.0,20.0,1.5539911920000003e-07,5.0,5.0,6.0
579,58073.0,Avenue,2.5331216e-08,0.0,20.0,2.5331216e-08,7.0,7.0,7.0
579,57291.0,Avenue,2.4818709999999997e-09,0.0,20.0,2.4818709999999997e-09,8.0,8.0,8.0
580,58210.0,Localite,86211.31206380391,128.0,20.0,414604.0198485291,1.0,1.0,1.0
580,58011.0,Avenue (Past Loc),4.710302327000001e-06,95.0,20.0,9.930588683943394e-06,2.0,2.0,2.0
580,58010.0,Avenue (Past Loc),1.4053110420000002e-06,34.0,20.0,5.5356835343478264e-06,3.0,3.0,3.0
580,58073.0,Avenue,6.85469307e-07,26.0,20.0,1.0446759849999997e-06,4.0,4.0,4.0
580,57986.0,Avenue (Past Loc),5.0689216e-08,0.0,20.0,5.0689216e-08,6.0,6.0,5.0
580,58349.0,,7.0889658e-08,0.0,20.0,7.088965800000001e-08,5.0,5.0,6.0
581,58210.0,Localite,88265.55833734115,161.0,20.0,445633.428671924,1.0,1.0,1.0
581,58010.0,Avenue (Past Loc),1.8049109900000001e-06,50.0,20.0,3.08590945424e-06,2.0,2.0,2.0
581,58011.0,Avenue (Past Loc),1.1209351769999997e-06,25.0,20.0,1.729461203612903e-06,3.0,3.0,3.0
581,58073.0,Avenue,8.919385999999999e-08,2.0,20.0,1.01795852e-07,4.0,4.0,4.0
582,58210.0,Localite,120521.19352885247,257.0,20.0,441135.4882796354,1.0,1.0,1.0
582,58010.0,Avenue (Past Loc),5.497688241999999e-06,109.0,20.0,1.3588201556541987e-05,2.0,2.0,2.0
582,57986.0,Avenue (Past Loc),2.44724514e-07,11.0,20.0,6.00707034375e-07,3.0,3.0,3.0
582,59091.0,Avenue,6.047075e-09,0.0,20.0,6.047075e-09,4.0,4.0,4.0
583,58210.0,Localite,184396.91378094317,165.0,20.0,184396.91378094317,1.0,1.0,1.0
583,57986.0,Avenue (Past Loc),3.0533122919999993e-06,32.0,20.0,6.315696611568183e-06,2.0,2.0,2.0
583,58010.0,Avenue (Past Loc),6.58721688e-07,25.0,20.0,1.2870468584444444e-06,4.0,4.0,3.0
583,58349.0,,1.9568400589999998e-06,3.0,20.0,2.9306037291428566e-06,3.0,3.0,4.0
583,5846.0,Avenue (Past Loc),7.282499e-09,1.0,20.0,7.282499e-09,6.0,6.0,5.0
583,57291.0,Avenue,2.4290192e-08,0.0,20.0,2.4290192e-08,5.0,5.0,6.0
584,58210.0,Localite,90719.07694737203,203.0,20.0,442585.7880193671,1.0,1.0,1.0
584,58447.0,Avenue,1.5691386989999998e-06,82.0,20.0,5.091484256423529e-06,3.0,3.0,2.0
584,58010.0,Avenue (Past Loc),2.9719717989999995e-06,79.0,20.0,5.656640008571427e-06,2.0,2.0,3.0
584,5846.0,Avenue (Past Loc),6.97024491e-07,60.0,20.0,1.0532123160333334e-06,4.0,4.0,4.0
584,5854.0,Localite,1.95231082e-07,1.0,20.0,1.9523108200000002e-07,5.0,5.0,5.0
584,57150.0,Avenue (Past Loc),1.48261e-10,0.0,20.0,1.48261e-10,6.0,6.0,6.0
585,5854.0,Localite,6.099344279999999e-07,16.0,20.0,2.580390018e-06,1.0,1.0,1.0
585,56986.0,,5.3596973e-08,1.0,20.0,5.3596973e-08,2.0,2.0,2.0
586,58671.0,Avenue (Past Loc),3.327176868e-06,115.0,20.0,1.6494622490040476e-05,1.0,1.0,1.0
586,58784.0,Localite,2.679329869e-06,61.0,20.0,1.0865882096434211e-05,2.0,2.0,2.0
586,59093.0,Avenue (Past Loc),5.019575750000001e-07,19.0,20.0,6.684866514375e-07,4.0,4.0,3.0
586,60383.0,Avenue (Past Loc),1.088916776e-06,19.0,20.0,4.593916506461539e-06,3.0,3.0,4.0
586,5854.0,Localite,3.4204937000000004e-08,0.0,20.0,3.4204937000000004e-08,5.0,5.0,5.0
586,56986.0,,8.911141e-09,0.0,20.0,8.911141000000001e-09,6.0,6.0,6.0
587,58671.0,Avenue (Past Loc),6.596124763000004e-06,191.0,20.0,2.9937782116307684e-05,1.0,1.0,1.0
587,58784.0,Localite,5.106058743000003e-06,171.0,20.0,2.7528990770809e-05,2.0,2.0,2.0
587,59093.0,Avenue (Past Loc),1.711199316e-06,57.0,20.0,9.48974034882143e-06,3.0,3.0,3.0
587,58785.0,Avenue,3.9830340399999997e-07,15.0,20.0,5.282330654347826e-07,4.0,4.0,4.0
588,58671.0,Avenue (Past Loc),7.218999999000003e-06,184.0,20.0,1.3641215135363627e-05,1.0,2.0,1.0
588,58784.0,Localite,6.733809949000005e-06,135.0,20.0,2.0590164570161983e-05,2.0,1.0,2.0
588,59093.0,Avenue (Past Loc),2.193946678999999e-06,52.0,20.0,1.0899493982727273e-05,3.0,3.0,3.0
588,60383.0,Avenue (Past Loc),6.518703339999999e-07,8.0,20.0,8.679568560967741e-07,4.0,4.0,4.0
588,59133.0,Localite,3.2753939000000004e-07,6.0,20.0,3.2753938999999983e-07,5.0,5.0,5.0
588,59147.0,Avenue Adjoint,8.3953171e-08,2.0,20.0,8.395317100000001e-08,6.0,6.0,6.0
589,59093.0,Avenue (Past Loc),3.4225628099999996e-06,163.0,20.0,2.679462008112218e-05,1.0,2.0,1.0
589,58784.0,Localite,3.251207089000001e-06,153.0,20.0,2.7960237570029702e-05,2.0,1.0,2.0
589,59091.0,Avenue,1.3726716699999998e-07,9.0,20.0,2.0042637524999998e-07,6.0,5.0,3.0
589,59092.0,Avenue Adjoint,1.58174161e-07,8.0,20.0,2.2425005200000002e-07,4.0,3.0,4.0
589,59133.0,Localite,2.0304936199999997e-07,5.0,20.0,2.0304936200000002e-07,3.0,4.0,5.0
589,59147.0,Avenue Adjoint,1.4406733700000002e-07,3.0,20.0,1.44067337e-07,5.0,6.0,6.0
589,58671.0,Avenue (Past Loc),9.9613753e-08,2.0,20.0,1.1404455199999999e-07,7.0,7.0,7.0
590,58784.0,Localite,1.5107520009999998e-06,48.0,20.0,6.5816271323220355e-06,3.0,1.0,1.0
590,59091.0,Avenue,1.689733861e-06,46.0,20.0,5.267301961921568e-06,1.0,3.0,2.0
590,59092.0,Avenue Adjoint,1.649663633e-06,45.0,20.0,5.349883904860001e-06,2.0,2.0,3.0
590,59093.0,Avenue (Past Loc),1.426458438e-06,45.0,20.0,4.5198403596041665e-06,4.0,4.0,4.0
591,59147.0,Avenue Adjoint,2.718918935e-06,84.0,20.0,1.2871166967326732e-05,2.0,2.0,2.0
591,59133.0,Localite,2.9026217810000005e-06,83.0,20.0,1.8276605460449273e-05,1.0,1.0,1.0
591,59251.0,Avenue (Past Loc),1.4282990399999999e-07,7.0,20.0,1.5170750495238095e-07,3.0,3.0,3.0
591,59249.0,Avenue (Past Loc),1.11584342e-07,6.0,20.0,1.285403148148148e-07,4.0,4.0,4.0
592,59133.0,Localite,5.068930255999998e-06,130.0,20.0,2.0221704145285254e-05,2.0,1.0,1.0
592,59251.0,Avenue (Past Loc),6.080583329e-06,113.0,20.0,8.376053467245062e-06,1.0,2.0,2.0
592,59249.0,Avenue (Past Loc),3.974474833999996e-06,88.0,20.0,6.885707117286248e-06,3.0,3.0,3.0
592,59147.0,Avenue Adjoint,9.019849339999999e-07,26.0,20.0,4.782215724186047e-06,4.0,4.0,4.0
592,59250.0,Avenue (Past Loc),7.670088730000002e-07,11.0,20.0,1.0569983111999996e-06,5.0,5.0,5.0
592,60184.0,Localite,5.125902649999999e-07,10.0,20.0,6.513475930877192e-07,7.0,7.0,6.0
592,5948.0,Localite,5.312442160000001e-07,8.0,20.0,6.526493859130435e-07,6.0,6.0,7.0
592,5936.0,Avenue,3.9179168e-07,3.0,20.0,6.299472086538463e-07,8.0,8.0,8.0
592,59093.0,Avenue (Past Loc),4.9048108e-08,1.0,20.0,4.9048108000000005e-08,9.0,9.0,9.0
592,59646.0,Avenue (Past Loc),2.5689620000000002e-08,0.0,20.0,2.568962e-08,11.0,11.0,10.0
592,58784.0,Localite,1.6828302e-08,0.0,20.0,1.6828302e-08,12.0,12.0,11.0
592,59592.0,Avenue Adjoint,9.088546e-09,0.0,20.0,9.088546e-09,13.0,13.0,12.0
592,59648.0,Avenue (Past Loc),4.7172585999999995e-08,0.0,20.0,4.7172585999999995e-08,10.0,10.0,13.0
593,60184.0,Localite,8.116434087999995e-06,110.0,20.0,2.005533629583673e-05,1.0,1.0,1.0
593,59251.0,Avenue (Past Loc),4.457343236000001e-06,79.0,20.0,1.4030442727067798e-05,2.0,2.0,2.0
593,5936.0,Avenue,9.57266743e-07,25.0,20.0,5.4235663175000024e-06,4.0,3.0,3.0
593,59133.0,Localite,1.8648595400000001e-06,22.0,20.0,4.094535045333332e-06,3.0,4.0,4.0
593,5948.0,Localite,4.6012025600000005e-07,8.0,20.0,5.002321276129033e-07,5.0,5.0,5.0
594,5948.0,Localite,3.311764965e-06,69.0,20.0,8.752403803440003e-06,1.0,1.0,1.0
594,59493.0,Avenue (Past Loc),1.765354359e-06,31.0,20.0,2.3297796455625e-06,3.0,4.0,2.0
594,59251.0,Avenue (Past Loc),2.0991003889999996e-06,27.0,20.0,2.8441858763999997e-06,2.0,3.0,3.0
594,59133.0,Localite,1.035032145e-06,20.0,20.0,1.7501511029189188e-06,5.0,5.0,4.0
594,60184.0,Localite,1.675554727e-06,18.0,20.0,7.572056456066668e-06,4.0,2.0,5.0
594,60075.0,Avenue,9.767573e-09,0.0,20.0,9.767573e-09,6.0,6.0,6.0
595,59648.0,Avenue (Past Loc),3.791411417e-06,91.0,20.0,1.4276086396756758e-05,1.0,1.0,1.0
595,59646.0,Avenue (Past Loc),1.9862293120000006e-06,54.0,20.0,4.200572837190082e-06,2.0,2.0,2.0
595,59592.0,Avenue Adjoint,9.70140072e-07,26.0,20.0,2.142445355508197e-06,4.0,5.0,3.0
595,60184.0,Localite,1.7415854460000001e-06,26.0,20.0,3.6127059789473674e-06,3.0,3.0,4.0
595,59647.0,Avenue (Past Loc),4.73399766e-07,16.0,20.0,7.833955904062499e-07,6.0,6.0,5.0
595,59512.0,Avenue,5.410549160000001e-07,14.0,20.0,2.8690212242962962e-06,5.0,4.0,6.0
595,59649.0,Avenue (Past Loc),1.95324553e-07,5.0,20.0,3.74133782846154e-07,7.0,7.0,7.0
595,5992.0,Avenue,1.214388e-09,0.0,20.0,1.214388e-09,9.0,9.0,8.0
595,59613.0,Avenue,6.758249e-09,0.0,20.0,6.758249e-09,8.0,8.0,9.0
596,59648.0,Avenue (Past Loc),3.627615021e-06,70.0,20.0,1.3517310557405405e-05,2.0,1.0,1.0
596,59646.0,Avenue (Past Loc),2.0547183349999997e-06,42.0,20.0,3.3570559594936716e-06,3.0,3.0,2.0
596,60184.0,Localite,5.99551963e-06,34.0,20.0,1.3355776264348838e-05,1.0,2.0,3.0
596,59647.0,Avenue (Past Loc),1.4100527630000001e-06,28.0,20.0,2.5036022715254234e-06,4.0,4.0,4.0
596,59613.0,Avenue,8.668989749999999e-07,10.0,20.0,1.0155859609999999e-06,5.0,5.0,5.0
596,59649.0,Avenue (Past Loc),2.78963527e-07,5.0,20.0,2.81663224e-07,6.0,6.0,6.0
597,60184.0,Localite,7.879614279e-06,23.0,20.0,2.40465457505e-05,1.0,1.0,1.0
597,59649.0,Avenue (Past Loc),1.7964688e-07,4.0,20.0,1.6989340800000002e-07,3.0,3.0,2.0
597,59984.0,Avenue Adjoint,1.8321455e-08,1.0,20.0,1.8321455e-08,5.0,5.0,3.0
597,59885.0,Avenue (Past Loc),4.8903597999999997e-08,0.0,20.0,4.8903597999999997e-08,4.0,4.0,4.0
597,59886.0,Avenue,1.976342e-09,0.0,20.0,1.976342e-09,6.0,6.0,5.0
597,59887.0,Localite,4.80161651e-07,0.0,20.0,4.801616510000002e-07,2.0,2.0,6.0
598,59887.0,Localite,6.670341594000008e-06,215.0,20.0,1.535304712539706e-05,1.0,2.0,1.0
598,60184.0,Localite,3.2959618969999996e-06,86.0,20.0,2.3243886185915486e-05,2.0,1.0,2.0
598,59888.0,Avenue Adjoint,1.5772316589999999e-06,53.0,20.0,3.2648708921684212e-06,3.0,3.0,3.0
598,59886.0,Avenue,9.75345834e-07,35.0,20.0,1.4843121097142858e-06,4.0,4.0,4.0
598,59984.0,Avenue Adjoint,7.49295222e-07,16.0,20.0,1.032756484e-06,5.0,5.0,5.0
598,59885.0,Avenue (Past Loc),4.20468223e-07,15.0,20.0,7.009206693478261e-07,6.0,6.0,6.0
599,5992.0,Avenue,2.215755058e-06,60.0,20.0,3.3431630231147537e-06,1.0,1.0,1.0
599,59984.0,Avenue Adjoint,9.66216704e-07,26.0,20.0,1.6538906118888885e-06,2.0,3.0,2.0
599,60184.0,Localite,7.825440199999999e-07,19.0,20.0,1.7632475865714283e-06,3.0,2.0,3.0
599,59885.0,Avenue (Past Loc),3.29980318e-07,4.0,20.0,2.92185394e-07,4.0,4.0,4.0
599,60092.0,Avenue,2.15828355e-07,1.0,20.0,2.15828355e-07,5.0,5.0,5.0
599,59649.0,Avenue (Past Loc),6.4923669e-08,0.0,20.0,6.4923669e-08,6.0,6.0,6.0
600,60183.0,Localite,6.6844107600000025e-06,98.0,20.0,1.389264272601685e-05,1.0,1.0,1.0
600,60075.0,Avenue,1.8089931870000001e-06,37.0,20.0,7.74191821147826e-06,2.0,2.0,2.0
600,60184.0,Localite,1.526254192e-06,20.0,20.0,2.194956283263158e-06,3.0,3.0,3.0
600,59885.0,Avenue (Past Loc),1.1002869349999998e-06,11.0,20.0,1.5479313966666664e-06,4.0,4.0,4.0
600,60092.0,Avenue,8.809476069999999e-07,5.0,20.0,9.846164658571429e-07,5.0,5.0,5.0
600,5992.0,Avenue,3.09595594e-07,1.0,20.0,3.09595594e-07,6.0,6.0,6.0
600,59648.0,Avenue (Past Loc),3.2375714e-08,0.0,20.0,3.2375714e-08,8.0,8.0,7.0
600,59649.0,Avenue (Past Loc),1.68784906e-07,0.0,20.0,1.6878490600000002e-07,7.0,7.0,8.0
601,60183.0,Localite,8.620003820999996e-06,166.0,20.0,1.5312865596345677e-05,1.0,1.0,1.0
601,60184.0,Localite,2.3123345540000005e-06,21.0,20.0,5.219045699727272e-06,2.0,2.0,2.0
601,60182.0,Avenue Adjoint,3.30978979e-07,7.0,20.0,8.001610595555555e-07,3.0,3.0,3.0
601,5948.0,Localite,3.6243415e-08,0.0,20.0,3.6243415e-08,4.0,4.0,4.0
602,60383.0,Avenue (Past Loc),2.605955219e-06,79.0,20.0,2.2341309270122954e-05,1.0,1.0,1.0
602,5854.0,Localite,1.393159449e-06,51.0,20.0,9.978541651701029e-06,2.0,2.0,2.0
602,56986.0,,3.3600868399999994e-07,6.0,20.0,8.498122461818181e-07,3.0,3.0,3.0
602,58671.0,Avenue (Past Loc),2.5477724000000006e-07,4.0,20.0,2.6004601788235296e-07,5.0,5.0,4.0
602,628104.0,Avenue (Past Loc),2.5380497e-08,1.0,20.0,2.5380497000000003e-08,6.0,6.0,5.0
602,628124.0,Avenue (Past Loc),1.0504119000000001e-08,0.0,20.0,1.0504119000000001e-08,8.0,8.0,6.0
602,6176.0,Avenue,2.1056926e-08,0.0,20.0,2.1056926e-08,7.0,7.0,7.0
602,58784.0,Localite,2.6921512800000003e-07,0.0,20.0,2.69215128e-07,4.0,4.0,8.0
602,59093.0,Avenue (Past Loc),8.944023e-09,0.0,20.0,8.944023e-09,9.0,9.0,9.0
603,60383.0,Avenue (Past Loc),3.4144534350000007e-06,159.0,20.0,1.217848487716854e-05,1.0,1.0,1.0
603,60315.0,Avenue (Past Loc),8.139717259999999e-07,29.0,20.0,3.0867313583999995e-06,3.0,2.0,2.0
603,6176.0,Avenue,1.1804378639999999e-06,28.0,20.0,1.4488070313214285e-06,2.0,3.0,3.0
604,60591.0,,1.5501103639999993e-06,70.0,20.0,6.286808573935187e-06,1.0,1.0,1.0
604,60383.0,Avenue (Past Loc),1.3459761650000002e-06,60.0,20.0,3.2359120269194623e-06,2.0,3.0,2.0
604,60592.0,Avenue,9.024788530000002e-07,45.0,20.0,5.675699105236842e-06,4.0,2.0,3.0
604,6177.0,,1.0153752149999998e-06,22.0,20.0,1.606468308641975e-06,3.0,4.0,4.0
604,60315.0,Avenue (Past Loc),3.187963379999999e-07,20.0,20.0,1.054633742325e-06,5.0,5.0,5.0
604,60593.0,Avenue,2.46594234e-07,4.0,20.0,3.2332362066666667e-07,6.0,6.0,6.0
605,60591.0,,3.2672551660000007e-06,155.0,20.0,1.3349158636171873e-05,1.0,1.0,1.0
605,60593.0,Avenue,1.125684952e-06,54.0,20.0,3.0226896485689656e-06,2.0,2.0,2.0
605,60592.0,Avenue,8.848272009999999e-07,38.0,20.0,2.94542325844e-06,3.0,3.0,3.0
605,61349.0,,6.365433140000001e-07,14.0,20.0,2.0442734649e-06,4.0,4.0,4.0
606,60591.0,,8.249000939999997e-07,37.0,20.0,2.0661760296666666e-06,3.0,2.0,1.0
606,61189.0,Avenue (Past Loc),1.1265009409999998e-06,34.0,20.0,3.0577601375348843e-06,2.0,1.0,2.0
606,606114.0,Avenue,1.2033047539999999e-06,27.0,20.0,2.0150459139999997e-06,1.0,3.0,3.0
606,61349.0,,2.81552424e-07,1.0,20.0,2.81552424e-07,4.0,4.0,4.0
606,60593.0,Avenue,1.2690296000000002e-08,0.0,20.0,1.2690296000000002e-08,5.0,5.0,5.0
607,61349.0,,8.62779836e-07,28.0,20.0,2.25070682e-06,1.0,1.0,1.0
607,60895.0,Avenue,3.0175771000000003e-07,19.0,20.0,5.1921294135e-07,3.0,3.0,2.0
607,61189.0,Avenue (Past Loc),5.92269145e-07,10.0,20.0,6.85149737647059e-07,2.0,2.0,3.0
608,60895.0,Avenue,1.6404213440000003e-06,46.0,20.0,4.701665563611112e-06,1.0,2.0,1.0
608,61189.0,Avenue (Past Loc),1.4269240579999999e-06,40.0,20.0,7.940107515921566e-06,2.0,1.0,2.0
611,61189.0,Avenue (Past Loc),4.482681659e-06,128.0,20.0,2.4020215487329038e-05,1.0,1.0,1.0
611,61190.0,Avenue,2.4602083840000005e-06,93.0,20.0,1.7005102946867923e-05,2.0,2.0,2.0
611,6103074.0,Avenue,6.341259349999998e-07,21.0,20.0,1.0337028746250002e-06,3.0,5.0,3.0
611,6101096.0,Avenue,5.533413809999999e-07,15.0,20.0,1.3150662230769232e-06,4.0,3.0,4.0
611,6101077.0,Localite,3.74281086e-07,12.0,20.0,1.0780666644e-06,6.0,4.0,5.0
611,60920132.0,Avenue,5.45254522e-07,4.0,20.0,5.479139634615384e-07,5.0,6.0,6.0
611,60920130.0,Avenue Adjoint,2.3720174499999998e-07,3.0,20.0,2.3559997050000002e-07,7.0,7.0,7.0
611,60930105.0,Avenue,1.30279771e-07,3.0,20.0,1.576385645e-07,9.0,9.0,8.0
611,60920131.0,Avenue Adjoint,2.1196439699999996e-07,0.0,20.0,2.1196439699999996e-07,8.0,8.0,9.0
612,61293.0,Avenue,3.45124295e-06,98.0,20.0,1.0254517890745453e-05,1.0,1.0,1.0
612,61189.0,Avenue (Past Loc),2.6127741099999997e-06,76.0,20.0,7.747927833857144e-06,2.0,2.0,2.0
612,60895.0,Avenue,2.36771907e-07,12.0,20.0,4.1406712904761904e-07,4.0,4.0,3.0
612,61190.0,Avenue,3.34881908e-07,10.0,20.0,6.04578793e-07,3.0,3.0,4.0
613,61189.0,Avenue (Past Loc),2.959766812e-06,262.0,20.0,9.127163553690039e-06,1.0,1.0,1.0
613,61349.0,,2.09635161e-06,162.0,20.0,3.862848784447674e-06,2.0,3.0,2.0
613,61350.0,Avenue,1.3307894450000002e-06,116.0,20.0,2.239839095108334e-06,3.0,4.0,3.0
613,61293.0,Avenue,1.324390091e-06,114.0,20.0,4.700813918926829e-06,4.0,2.0,4.0
613,60895.0,Avenue,2.1530328e-08,0.0,20.0,2.1530328e-08,5.0,5.0,5.0
614,61349.0,,1.3506165040000002e-06,62.0,20.0,3.4075574498591547e-06,2.0,1.0,1.0
614,6144.0,Avenue (Past Loc),1.0076839689999999e-06,48.0,20.0,1.657878589e-06,4.0,4.0,2.0
614,61350.0,Avenue,1.297258193e-06,33.0,20.0,2.5377220582857144e-06,3.0,2.0,3.0
614,61480.0,Avenue,1.367583967e-06,27.0,20.0,1.9877440398148146e-06,1.0,3.0,4.0
614,61189.0,Avenue (Past Loc),8.151091039999999e-07,9.0,20.0,9.86140326e-07,5.0,5.0,5.0
614,606114.0,Avenue,6.4363019e-08,2.0,20.0,6.4363019e-08,6.0,6.0,6.0
615,60383.0,Avenue (Past Loc),5.032088208e-06,207.0,20.0,2.3954025779164554e-05,1.0,1.0,1.0
615,61590.0,Avenue,2.881508737999999e-06,106.0,20.0,1.0602802482631579e-05,2.0,2.0,2.0
615,61685.0,,8.56203848e-07,35.0,20.0,2.6169536845531907e-06,3.0,3.0,3.0
615,61589.0,Avenue,3.9810207499999995e-07,9.0,20.0,4.916746777894737e-07,4.0,4.0,4.0
615,6176.0,Avenue,1.1178800000000001e-08,4.0,20.0,1.1178800000000001e-08,5.0,5.0,5.0
615,62187.0,Avenue (Past Loc),5.557367e-09,0.0,20.0,5.557367e-09,6.0,6.0,6.0
616,60383.0,Avenue (Past Loc),5.332623525e-06,148.0,20.0,2.7322908701702596e-05,1.0,1.0,1.0
616,61686.0,Avenue (Past Loc),1.7925128709999998e-06,69.0,20.0,5.365262511870968e-06,2.0,2.0,2.0
616,6176.0,Avenue,1.011474551e-06,28.0,20.0,1.4632551945636362e-06,3.0,3.0,3.0
616,61685.0,,4.826205440000001e-07,20.0,20.0,7.162500017435899e-07,4.0,4.0,4.0
616,61589.0,Avenue,2.72905874e-07,10.0,20.0,3.1706110280000005e-07,6.0,6.0,5.0
616,62048.0,Localite,1.1713139499999997e-07,3.0,20.0,2.7270484852941175e-07,8.0,7.0,6.0
616,61590.0,Avenue,2.95702334e-07,2.0,20.0,4.126858808888889e-07,5.0,5.0,7.0
616,62035.0,Avenue,1.7578e-11,0.0,20.0,1.7578e-11,11.0,11.0,8.0
616,60315.0,Avenue (Past Loc),5.6141169e-08,0.0,20.0,5.6141169000000004e-08,9.0,9.0,9.0
616,606114.0,Avenue,3.3316e-10,0.0,20.0,3.3316e-10,10.0,10.0,10.0
616,6177.0,,1.2335180700000002e-07,0.0,20.0,1.23351807e-07,7.0,8.0,11.0
617,60383.0,Avenue (Past Loc),5.475893250999998e-06,180.0,20.0,2.1191525360208967e-05,1.0,1.0,1.0
617,60315.0,Avenue (Past Loc),1.8973409150000003e-06,35.0,20.0,7.575201978618181e-06,2.0,2.0,2.0
617,6176.0,Avenue,5.82997586e-07,34.0,20.0,2.970763006249999e-06,3.0,3.0,3.0
617,60591.0,,3.823331e-07,18.0,20.0,1.2125950860869564e-06,5.0,4.0,4.0
617,6177.0,,5.75492709e-07,15.0,20.0,1.1114121918e-06,4.0,5.0,5.0
617,61589.0,Avenue,1.9875281199999999e-07,8.0,20.0,3.2790160984615386e-07,6.0,6.0,6.0
617,60593.0,Avenue,1.06163406e-07,6.0,20.0,1.9891573481818183e-07,7.0,7.0,7.0
618,60383.0,Avenue (Past Loc),1.676636866e-06,26.0,20.0,4.601857957037038e-06,1.0,1.0,1.0
618,60315.0,Avenue (Past Loc),8.051870049999999e-07,8.0,20.0,1.409338242136364e-06,2.0,3.0,2.0
618,62048.0,Localite,5.86470433e-07,6.0,20.0,2.5189875369473687e-06,3.0,2.0,3.0
618,6176.0,Avenue,1.5622221700000003e-07,3.0,20.0,2.538491351111111e-07,4.0,4.0,4.0
618,60592.0,Avenue,7.9057548e-08,1.0,20.0,7.905754800000001e-08,5.0,5.0,5.0
618,62035.0,Avenue,7.983177e-09,0.0,20.0,7.983177e-09,6.0,6.0,6.0
619,62048.0,Localite,4.131890188e-06,196.0,20.0,1.1856528015951454e-05,1.0,1.0,1.0
619,6232.0,Avenue,4.27504164e-07,9.0,20.0,5.288306664615385e-07,2.0,2.0,2.0
619,62295.0,Avenue (Past Loc),3.10307873e-07,8.0,20.0,3.7308151554545454e-07,3.0,3.0,3.0
619,62344.0,Localite,2.4099462200000003e-07,5.0,20.0,2.7024694142857146e-07,4.0,4.0,4.0
619,62035.0,Avenue,3.9489281000000004e-08,1.0,20.0,3.948928099999999e-08,5.0,5.0,5.0
619,6207.0,Avenue Adjoint,9.814e-11,0.0,20.0,9.814e-11,6.0,6.0,6.0
620,62048.0,Localite,4.179990251e-06,186.0,20.0,1.9161156742882882e-05,1.0,1.0,1.0
620,6207.0,Avenue Adjoint,3.0609545499999997e-06,131.0,20.0,8.31305486155844e-06,2.0,2.0,2.0
620,62037.0,Avenue,6.503345259999999e-07,25.0,20.0,1.3737230753703705e-06,4.0,4.0,3.0
620,62035.0,Avenue,1.199177929e-06,22.0,20.0,2.8985408724999996e-06,3.0,3.0,4.0
620,62295.0,Avenue (Past Loc),6.5082431e-08,7.0,20.0,1.8146035485714287e-07,7.0,7.0,5.0
620,6232.0,Avenue,1.06731746e-07,7.0,20.0,2.3242672329411765e-07,6.0,6.0,6.0
620,62187.0,Avenue (Past Loc),2.50689293e-07,5.0,20.0,2.76816468125e-07,5.0,5.0,7.0
621,62187.0,Avenue (Past Loc),5.616816976999999e-06,290.0,20.0,2.029787661365595e-05,1.0,1.0,1.0
621,62188.0,Avenue,2.1593721939999997e-06,103.0,20.0,8.120647119310344e-06,2.0,2.0,2.0
621,62048.0,Localite,1.448030669e-06,82.0,20.0,2.7697039682790693e-06,3.0,3.0,3.0
621,62295.0,Avenue (Past Loc),4.4568292999999997e-08,3.0,20.0,5.0817378749999995e-08,4.0,4.0,4.0
622,62295.0,Avenue (Past Loc),1.1945455599999998e-06,71.0,20.0,4.9584588612999985e-06,1.0,1.0,1.0
622,6232.0,Avenue,3.9678631099999995e-07,23.0,20.0,1.9118473082413795e-06,2.0,2.0,2.0
622,62187.0,Avenue (Past Loc),6.881052199999999e-08,2.0,20.0,1.1041233e-07,4.0,3.0,3.0
622,62188.0,Avenue,7.3902286e-08,2.0,20.0,9.839434133333333e-08,3.0,4.0,4.0
622,62048.0,Localite,2.7903049999999998e-08,0.0,20.0,2.7903049999999998e-08,5.0,5.0,5.0
622,6207.0,Avenue Adjoint,8.529697e-09,0.0,20.0,8.529697e-09,6.0,6.0,6.0
623,62344.0,Localite,9.205142269999999e-07,45.0,20.0,1.3271802448e-06,2.0,3.0,1.0
623,6232.0,Avenue,7.10544367e-07,31.0,20.0,3.383119957257143e-06,4.0,1.0,2.0
623,62544.0,Avenue,3.06762168e-07,18.0,20.0,3.1309202266666663e-07,5.0,5.0,3.0
623,62295.0,Avenue (Past Loc),1.190861489e-06,16.0,20.0,2.576029278952381e-06,1.0,2.0,4.0
623,62048.0,Localite,7.13424042e-07,2.0,20.0,7.13424042e-07,3.0,4.0,5.0
623,6207.0,Avenue Adjoint,2.73516e-08,0.0,20.0,2.73516e-08,6.0,6.0,6.0
624,62444.0,Avenue,1.421335047e-06,45.0,20.0,8.411977481098038e-06,1.0,1.0,1.0
624,62048.0,Localite,1.1230865490000001e-06,15.0,20.0,2.0549992096551726e-06,2.0,2.0,2.0
624,6232.0,Avenue,3.73210492e-07,11.0,20.0,8.8367948224e-07,3.0,3.0,3.0
624,62344.0,Localite,1.8192587000000004e-07,6.0,20.0,4.5402827593749997e-07,4.0,4.0,4.0
624,62295.0,Avenue (Past Loc),1.53481877e-07,6.0,20.0,4.2130718133333335e-07,5.0,5.0,5.0
625,62344.0,Localite,3.1609765349999996e-06,205.0,20.0,9.336653049688892e-06,1.0,1.0,1.0
625,62544.0,Avenue,1.0112650809999998e-06,58.0,20.0,2.5513830156521744e-06,3.0,3.0,2.0
625,62048.0,Localite,1.626368505e-06,22.0,20.0,6.732903539863637e-06,2.0,2.0,3.0
625,62444.0,Avenue,3.7471884599999995e-07,17.0,20.0,8.470401250909092e-07,5.0,5.0,4.0
625,62295.0,Avenue (Past Loc),5.420718890000001e-07,16.0,20.0,9.119324671874998e-07,4.0,4.0,5.0
625,6232.0,Avenue,5.5865e-08,0.0,20.0,5.5865e-08,6.0,6.0,6.0
626,62048.0,Localite,2.3858987650000004e-06,60.0,20.0,2.5340010884865852e-05,1.0,1.0,1.0
626,6232.0,Avenue,4.22444147e-07,22.0,20.0,1.6749553016571428e-06,2.0,2.0,2.0
626,62444.0,Avenue,2.08182294e-07,8.0,20.0,7.390159227692308e-07,4.0,4.0,3.0
626,628124.0,Avenue (Past Loc),4.1926934600000003e-07,5.0,20.0,8.302182472727273e-07,3.0,3.0,4.0
626,60383.0,Avenue (Past Loc),1.82039353e-07,3.0,20.0,2.8062928988888893e-07,5.0,5.0,5.0
626,62344.0,Localite,8.033481999999999e-08,2.0,20.0,8.033482e-08,6.0,6.0,6.0
626,62544.0,Avenue,4.562805600000001e-08,1.0,20.0,4.5628056e-08,7.0,7.0,7.0
626,62295.0,Avenue (Past Loc),3.649012e-08,0.0,20.0,3.6490119999999996e-08,8.0,8.0,8.0
627,628124.0,Avenue (Past Loc),1.415365392e-06,42.0,20.0,4.638471899727273e-06,2.0,2.0,1.0
627,5854.0,Localite,2.617641143e-06,31.0,20.0,6.2896501425600005e-06,1.0,1.0,2.0
627,628104.0,Avenue (Past Loc),1.037929767e-06,10.0,20.0,2.757994259526316e-06,3.0,3.0,3.0
627,6232.0,Avenue,2.09139215e-07,8.0,20.0,2.7419671366666665e-07,5.0,5.0,4.0
627,56986.0,,5.958066810000001e-07,6.0,20.0,6.423244629999999e-07,4.0,4.0,5.0
627,60383.0,Avenue (Past Loc),4.1880987e-08,1.0,20.0,4.1880987e-08,6.0,6.0,6.0
628,628104.0,Avenue (Past Loc),1.9554621469999998e-06,73.0,20.0,1.0299342970090908e-05,2.0,1.0,1.0
628,5854.0,Localite,1.9947005389999997e-06,36.0,20.0,6.4842593029200005e-06,1.0,2.0,2.0
628,628124.0,Avenue (Past Loc),1.262911992e-06,30.0,20.0,1.9073099437419353e-06,3.0,4.0,3.0
628,56986.0,,8.2493695e-07,11.0,20.0,4.303843054375001e-06,4.0,3.0,4.0
628,6232.0,Avenue,1.44650604e-07,6.0,20.0,1.79440829e-07,5.0,5.0,5.0
628,62048.0,Localite,1.6089102000000002e-08,0.0,20.0,1.6089102e-08,7.0,7.0,6.0
628,6302.0,Avenue,3.4384388e-08,0.0,20.0,3.4384388e-08,6.0,6.0,7.0
628,56385.0,Localite,6.723517000000001e-09,0.0,20.0,6.723517e-09,9.0,9.0,8.0
628,56371.0,Avenue Adjoint,7.4429699999999996e-09,0.0,20.0,7.44297e-09,8.0,8.0,9.0
629,628104.0,Avenue (Past Loc),1.885183342e-06,25.0,20.0,5.5601248144285715e-06,1.0,1.0,1.0
629,6302.0,Avenue,5.45240954e-07,11.0,20.0,8.077837639090908e-07,2.0,3.0,2.0
629,54744.0,Localite,1.9079168900000002e-07,9.0,20.0,1.5541751758823528e-07,5.0,5.0,3.0
629,628124.0,Avenue (Past Loc),4.86156869e-07,6.0,20.0,1.1220090906666666e-06,3.0,2.0,4.0
629,54743.0,Avenue Adjoint,1.5282810700000001e-07,5.0,20.0,1.1095476062500001e-07,6.0,7.0,5.0
629,55890.0,Avenue,1.45750072e-07,2.0,20.0,1.4603236274999999e-07,7.0,6.0,6.0
629,56371.0,Avenue Adjoint,3.0771519e-08,0.0,20.0,3.0771519e-08,10.0,10.0,7.0
629,56385.0,Localite,5.9076494999999995e-08,0.0,20.0,5.9076494999999995e-08,9.0,9.0,8.0
629,55544.0,Localite,9.766801700000001e-08,0.0,20.0,9.766801700000001e-08,8.0,8.0,9.0
629,56986.0,,1.7988342e-08,0.0,20.0,1.7988342000000002e-08,11.0,11.0,10.0
629,55886.0,Avenue,5.039341e-09,0.0,20.0,5.039341e-09,12.0,12.0,11.0
629,5854.0,Localite,1.8078e-11,0.0,20.0,1.8078e-11,13.0,13.0,12.0
629,55885.0,Localite,2.3807758e-07,0.0,20.0,2.3807758e-07,4.0,4.0,13.0
630,6302.0,Avenue,1.302677077e-06,56.0,20.0,1.9779194522142853e-06,1.0,1.0,1.0
630,628104.0,Avenue (Past Loc),1.12205818e-06,46.0,20.0,1.660400412456522e-06,2.0,2.0,2.0
630,630122.0,Avenue,6.78932804e-07,40.0,20.0,6.78932804e-07,4.0,4.0,3.0
630,628124.0,Avenue (Past Loc),1.0907041470000001e-06,37.0,20.0,1.4163483232631578e-06,3.0,3.0,4.0
631,628124.0,Avenue (Past Loc),1.87008119e-07,5.0,20.0,3.9921254514285714e-07,4.0,4.0,1.0
631,62344.0,Localite,5.20083246e-07,4.0,20.0,5.20083246e-07,3.0,3.0,2.0
631,62048.0,Localite,1.4100411510000006e-06,4.0,20.0,1.3979245396875002e-06,1.0,1.0,3.0
631,62295.0,Avenue (Past Loc),6.25753843e-07,2.0,20.0,6.25753843e-07,2.0,2.0,4.0
631,62544.0,Avenue,7.623298600000001e-08,2.0,20.0,7.623298600000001e-08,6.0,6.0,5.0
631,6336.0,Localite,1.5803368e-08,1.0,20.0,1.5803368e-08,7.0,7.0,6.0
631,630122.0,Avenue,1.49891531e-07,1.0,20.0,1.49891531e-07,5.0,5.0,7.0
631,6302.0,Avenue,1e-14,0.0,20.0,1e-14,8.0,8.0,8.0
632,6322.0,Avenue (Past Loc),1.974397752e-06,116.0,20.0,6.2331224998666655e-06,1.0,1.0,1.0
632,6336.0,Localite,3.197881e-07,10.0,20.0,3.197881e-07,2.0,2.0,2.0
632,6335.0,Avenue,1.4057173999999998e-07,5.0,20.0,1.7119546914285716e-07,3.0,3.0,3.0
633,6335.0,Avenue,2.091146411e-06,80.0,20.0,1.0714105868765956e-05,2.0,2.0,1.0
633,6336.0,Localite,2.811563572e-06,79.0,20.0,1.4078396774463157e-05,1.0,1.0,2.0
633,6337.0,Avenue,1.2769762400000006e-06,41.0,20.0,7.103799315000001e-06,3.0,3.0,3.0
633,63445.0,Avenue (Past Loc),1.111430105e-06,26.0,20.0,2.501619319074074e-06,4.0,4.0,4.0
633,6322.0,Avenue (Past Loc),4.768525419999999e-07,10.0,20.0,7.168819981818182e-07,5.0,5.0,5.0
633,63432.0,Avenue,1.18204359e-07,4.0,20.0,1.204010025e-07,6.0,6.0,6.0
633,628124.0,Avenue (Past Loc),7.6928571e-08,1.0,20.0,7.692857099999999e-08,7.0,7.0,7.0
633,64093.0,,2.17793e-10,0.0,20.0,2.17793e-10,8.0,8.0,8.0
634,63445.0,Avenue (Past Loc),1.155436911e-06,43.0,20.0,2.7351832600000003e-06,1.0,1.0,1.0
634,63446.0,Avenue,1.029872969e-06,39.0,20.0,2.2361161662857144e-06,2.0,2.0,2.0
634,63432.0,Avenue,5.306713680000001e-07,16.0,20.0,7.30193638e-07,3.0,3.0,3.0
634,6336.0,Localite,2.98186305e-07,1.0,20.0,2.98186305e-07,4.0,4.0,4.0
635,63586.0,Localite,5.507238194000002e-06,267.0,20.0,3.0968737686572965e-05,1.0,1.0,1.0
635,63587.0,Avenue (Past Loc),1.5252981099999997e-06,90.0,20.0,6.9345248594102535e-06,3.0,4.0,2.0
635,63585.0,Avenue Adjoint,1.5008615900000001e-06,63.0,20.0,8.742684642560005e-06,4.0,2.0,3.0
635,63445.0,Avenue (Past Loc),1.5921418490000003e-06,62.0,20.0,5.281246514563108e-06,2.0,5.0,4.0
635,63584.0,Avenue,1.472884172e-06,61.0,20.0,7.297788052965518e-06,5.0,3.0,5.0
635,63588.0,Avenue (Past Loc),6.12459164e-07,42.0,20.0,2.263881627456521e-06,7.0,7.0,6.0
635,63589.0,Avenue,1.1278224800000003e-06,41.0,20.0,4.133431847116883e-06,6.0,6.0,7.0
635,63847.0,Localite Adjoint,2.6368752399999997e-07,19.0,20.0,4.065244750540539e-07,8.0,8.0,8.0
635,639159.0,Avenue,8.994480500000002e-08,3.0,20.0,8.999065350943396e-08,9.0,9.0,9.0
635,639155.0,Avenue (Past Loc),3.2707671e-08,3.0,20.0,4.258723213043478e-08,14.0,14.0,10.0
635,639154.0,Avenue,1.2930459999999998e-08,3.0,20.0,2.1741594666666665e-08,15.0,15.0,11.0
635,639156.0,Localite,5.8590635000000004e-08,2.0,20.0,5.926948985454544e-08,11.0,11.0,12.0
635,639157.0,Avenue (Past Loc),4.319773900000001e-08,2.0,20.0,4.3244400961538456e-08,13.0,13.0,13.0
635,64093.0,,4.743505e-08,2.0,20.0,4.430633808333334e-08,12.0,12.0,14.0
635,63446.0,Avenue,7.241021399999999e-08,0.0,20.0,7.241021399999999e-08,10.0,10.0,15.0
636,63744.0,Avenue (Past Loc),6.446994500000001e-07,34.0,20.0,6.536585492941177e-07,3.0,4.0,1.0
636,63586.0,Localite,6.33003739e-07,32.0,20.0,8.49737453625e-07,4.0,3.0,2.0
636,63646.0,Avenue,8.884115849999999e-07,26.0,20.0,2.5903918786666672e-06,1.0,1.0,3.0
636,63645.0,Avenue (Past Loc),7.0868539e-07,22.0,20.0,1.5438676693478261e-06,2.0,2.0,4.0
637,63744.0,Avenue (Past Loc),1.055308311e-06,47.0,20.0,3.1700333343749994e-06,2.0,2.0,1.0
637,63586.0,Localite,1.2125442619999997e-06,43.0,20.0,4.2872751900000004e-06,1.0,1.0,2.0
637,63646.0,Avenue,5.55145758e-07,39.0,20.0,7.60725649875e-07,3.0,3.0,3.0
637,63645.0,Avenue (Past Loc),3.3908804499999995e-07,19.0,20.0,4.0277267642105263e-07,4.0,4.0,4.0
637,63847.0,Localite Adjoint,9.447125999999999e-08,10.0,20.0,9.98371506e-08,5.0,5.0,5.0
637,639154.0,Avenue,3.4844811e-08,1.0,20.0,3.4844811e-08,7.0,7.0,6.0
637,639158.0,Avenue,1.359261e-09,0.0,20.0,1.359261e-09,10.0,10.0,7.0
637,639160.0,Avenue,2.5947544000000002e-08,0.0,20.0,2.5947544e-08,8.0,8.0,8.0
637,639156.0,Localite,6.593863499999997e-08,0.0,20.0,6.593863499999999e-08,6.0,6.0,9.0
637,639157.0,Avenue (Past Loc),1.4092923999999998e-08,0.0,20.0,1.4092924000000003e-08,9.0,9.0,10.0
638,63847.0,Localite Adjoint,5.913548351000006e-06,186.0,20.0,1.679568334157755e-05,1.0,2.0,1.0
638,639156.0,Localite,5.143746724000004e-06,164.0,20.0,1.959271237251526e-05,2.0,1.0,2.0
638,63845.0,Avenue,1.046122372e-06,50.0,20.0,3.1133097586046506e-06,3.0,3.0,3.0
638,63846.0,Avenue,7.232674180000001e-07,27.0,20.0,1.0474700294117647e-06,4.0,4.0,4.0
638,63848.0,Avenue,1.0600086200000001e-07,8.0,20.0,1.357746176e-07,6.0,7.0,5.0
638,639157.0,Avenue (Past Loc),1.30228724e-07,4.0,20.0,1.4868049454545454e-07,5.0,6.0,6.0
638,639158.0,Avenue,8.4989755e-08,4.0,20.0,1.561182417142857e-07,7.0,5.0,7.0
638,63744.0,Avenue (Past Loc),1.2567e-11,0.0,20.0,1.2567e-11,10.0,10.0,8.0
638,639153.0,Avenue,9.223863e-09,0.0,20.0,9.223863e-09,9.0,9.0,9.0
638,64093.0,,2.9950212e-08,0.0,20.0,2.9950212e-08,8.0,8.0,10.0
639,639156.0,Localite,6.569429023000002e-06,443.0,20.0,1.9311086080230236e-05,1.0,1.0,1.0
639,63847.0,Localite Adjoint,3.823213606e-06,263.0,20.0,9.526632029457441e-06,2.0,2.0,2.0
639,639157.0,Avenue (Past Loc),1.9510769469999993e-06,121.0,20.0,5.654020565482648e-06,3.0,3.0,3.0
639,63848.0,Avenue,1.1621711400000006e-06,69.0,20.0,2.6929566978418595e-06,4.0,4.0,4.0
639,639158.0,Avenue,9.678604929999996e-07,64.0,20.0,2.3505825104970418e-06,5.0,7.0,5.0
639,639159.0,Avenue,8.355989490000001e-07,55.0,20.0,1.5494254230958902e-06,7.0,8.0,6.0
639,639153.0,Avenue,8.378421080000001e-07,50.0,20.0,2.621066683968001e-06,6.0,5.0,7.0
639,639154.0,Avenue,6.976680849999997e-07,46.0,20.0,2.3889960476830983e-06,8.0,6.0,8.0
639,639155.0,Avenue (Past Loc),5.967766370000002e-07,31.0,20.0,8.140699158515627e-07,9.0,10.0,9.0
639,639160.0,Avenue,5.25257504e-07,28.0,20.0,9.832051433555555e-07,10.0,9.0,10.0
639,63587.0,Avenue (Past Loc),1.49227725e-07,8.0,20.0,1.9223659487999998e-07,12.0,12.0,11.0
639,63846.0,Avenue,8.197820800000001e-08,6.0,20.0,1.0452894570000001e-07,13.0,13.0,12.0
639,63845.0,Avenue,6.1189355e-08,4.0,20.0,8.391188960000001e-08,14.0,14.0,13.0
639,63586.0,Localite,1.9932908899999998e-07,0.0,20.0,1.9932908900000003e-07,11.0,11.0,14.0
639,63744.0,Avenue (Past Loc),4.803002e-09,0.0,20.0,4.803002e-09,15.0,15.0,15.0
640,6448.0,Avenue,2.178752433e-06,153.0,20.0,6.3920450663525645e-06,1.0,1.0,1.0
640,64095.0,Avenue (Past Loc),1.542067916e-06,72.0,20.0,3.3653909944814808e-06,4.0,4.0,2.0
640,64091.0,Avenue,1.5553698579999999e-06,61.0,20.0,2.696267558e-06,3.0,6.0,3.0
640,64092.0,Avenue Adjoint,1.460132061e-06,59.0,20.0,3.597670432767123e-06,5.0,3.0,4.0
640,64093.0,,1.6168980149999996e-06,49.0,20.0,6.179956984687499e-06,2.0,2.0,5.0
640,64096.0,Avenue,1.1677111669999998e-06,42.0,20.0,3.120939070232143e-06,6.0,5.0,6.0
640,64094.0,Avenue,5.5188279e-07,12.0,20.0,1.3906536805600004e-06,7.0,7.0,7.0
641,639156.0,Localite,5.451953419999998e-07,36.0,20.0,4.336416684219511e-06,4.0,1.0,1.0
641,6448.0,Avenue,7.831620209999998e-07,27.0,20.0,2.1355177208181814e-06,3.0,2.0,2.0
641,63847.0,Localite Adjoint,1.21975717e-07,13.0,20.0,1.4239180894736843e-07,7.0,5.0,3.0
641,6436.0,Avenue,1.321947798e-06,12.0,20.0,2.095268654333333e-06,1.0,3.0,4.0
641,63848.0,Avenue,8.809458900000001e-08,10.0,20.0,1.079353923076923e-07,8.0,8.0,5.0
641,639157.0,Avenue (Past Loc),5.4925394000000004e-08,4.0,20.0,5.390401235294118e-08,10.0,10.0,6.0
641,639159.0,Avenue,1.2126235999999998e-08,3.0,20.0,1.2194704e-08,13.0,13.0,7.0
641,63589.0,Avenue,3.428045100000001e-08,0.0,20.0,3.4280451e-08,12.0,12.0,8.0
641,63585.0,Avenue Adjoint,1.28232e-07,0.0,20.0,1.2823199999999998e-07,5.0,6.0,9.0
641,63584.0,Avenue,1.262791e-07,0.0,20.0,1.2627910000000003e-07,6.0,7.0,10.0
641,64093.0,,1.1895920699999998e-06,0.0,20.0,1.1895920699999998e-06,2.0,4.0,11.0
641,63445.0,Avenue (Past Loc),6.651907200000001e-08,0.0,20.0,6.6519072e-08,9.0,9.0,12.0
641,63586.0,Localite,4.9056293000000003e-08,0.0,20.0,4.9056293000000003e-08,11.0,11.0,13.0
641,639158.0,Avenue,1.008939e-09,0.0,20.0,1.008939e-09,14.0,14.0,14.0
642,6448.0,Avenue,1.2752029360000004e-06,20.0,20.0,5.0341630734193535e-06,2.0,1.0,1.0
642,6422.0,Avenue,4.24524786e-07,12.0,20.0,1.3143178243333332e-06,4.0,4.0,2.0
642,64093.0,,7.008848919999999e-07,9.0,20.0,2.120002094e-06,3.0,2.0,3.0
642,64590.0,Localite,1.571875916e-06,7.0,20.0,1.9147976148837212e-06,1.0,3.0,4.0
642,66311.0,Avenue (Past Loc),6.5323582e-08,0.0,20.0,6.5323582e-08,8.0,8.0,5.0
642,66189.0,,1.5211190100000002e-07,0.0,20.0,1.5211190099999996e-07,5.0,5.0,6.0
642,64491.0,Localite,1.1278559e-08,0.0,20.0,1.1278559e-08,10.0,10.0,7.0
642,64588.0,Avenue,1.7423422000000002e-08,0.0,20.0,1.7423422e-08,9.0,9.0,8.0
642,66187.0,Avenue (Past Loc),1.27664596e-07,0.0,20.0,1.2766459599999994e-07,6.0,6.0,9.0
642,66272.0,Avenue Adjoint,1.19742034e-07,0.0,20.0,1.1974203399999998e-07,7.0,7.0,10.0
643,6448.0,Avenue,3.3651753909999998e-06,82.0,20.0,1.5149014170731429e-05,1.0,1.0,1.0
643,64590.0,Localite,1.0073060230000004e-06,31.0,20.0,1.313104700819277e-06,2.0,2.0,2.0
643,64588.0,Avenue,3.6891902499999995e-07,25.0,20.0,5.71831697675e-07,4.0,4.0,3.0
643,6436.0,Avenue,2.0180694500000001e-07,7.0,20.0,4.90074772512195e-07,5.0,5.0,4.0
643,64491.0,Localite,6.869401430000002e-07,5.0,20.0,7.1763974710989e-07,3.0,3.0,5.0
643,6422.0,Avenue,8.669183800000001e-08,3.0,20.0,1.411887528e-07,6.0,6.0,6.0
643,64093.0,,7.3836693e-08,0.0,20.0,7.3836693e-08,8.0,8.0,7.0
643,66311.0,Avenue (Past Loc),1.4338772999999999e-08,0.0,20.0,1.4338773e-08,9.0,9.0,8.0
643,64587.0,Avenue,8.1327886e-08,0.0,20.0,8.1327886e-08,7.0,7.0,9.0
643,64490.0,Avenue Adjoint,1.4194111999999999e-08,0.0,20.0,1.4194111999999999e-08,10.0,10.0,10.0
643,64489.0,Avenue,2.5952299999999997e-10,0.0,20.0,2.5952299999999997e-10,11.0,11.0,11.0
644,64491.0,Localite,7.1445971120000016e-06,194.0,20.0,1.9735795131242525e-05,1.0,1.0,1.0
644,64590.0,Localite,3.6408161209999994e-06,75.0,20.0,1.0316204242445858e-05,2.0,2.0,2.0
644,64489.0,Avenue,2.411025486e-06,71.0,20.0,4.841247381928572e-06,3.0,4.0,3.0
644,64490.0,Avenue Adjoint,1.3552942860000002e-06,38.0,20.0,2.8773313957021272e-06,5.0,5.0,4.0
644,64588.0,Avenue,1.388176339e-06,21.0,20.0,6.123579109142857e-06,4.0,3.0,5.0
644,64092.0,Avenue Adjoint,1.1708546879999996e-06,19.0,20.0,1.4655612335890406e-06,6.0,8.0,6.0
644,6436.0,Avenue,8.744205339999999e-07,18.0,20.0,2.288484013837838e-06,8.0,6.0,7.0
644,6448.0,Avenue,5.94285202e-07,18.0,20.0,2.131351368e-06,9.0,7.0,8.0
644,64492.0,Avenue,5.199776680000001e-07,16.0,20.0,6.612100941923077e-07,10.0,11.0,9.0
644,64094.0,Avenue,5.083971250000001e-07,8.0,20.0,7.730476678749999e-07,11.0,10.0,10.0
644,64093.0,,1.007863417e-06,7.0,20.0,1.1742243294186047e-06,7.0,9.0,11.0
644,64096.0,Avenue,3.3848684700000006e-07,7.0,20.0,4.30547634e-07,12.0,12.0,12.0
644,64095.0,Avenue (Past Loc),1.37755346e-07,4.0,20.0,1.9432231875e-07,13.0,13.0,13.0
644,6466.0,Localite,3.4953771e-08,1.0,20.0,3.4953771e-08,14.0,14.0,14.0
644,6464.0,Avenue,6.960437e-09,1.0,20.0,6.960437e-09,15.0,15.0,15.0
644,64091.0,Avenue,2.284695e-09,0.0,20.0,2.284695e-09,16.0,16.0,16.0
645,64491.0,Localite,5.479838543e-06,127.0,20.0,1.0566013417853446e-05,2.0,2.0,1.0
645,64590.0,Localite,6.204894902000007e-06,125.0,20.0,1.3655226630918324e-05,1.0,1.0,2.0
645,64587.0,Avenue,9.87367338e-07,21.0,20.0,1.3589395584827585e-06,3.0,4.0,3.0
645,6466.0,Localite,6.835134619999999e-07,18.0,20.0,8.762093345999998e-07,5.0,6.0,4.0
645,64588.0,Avenue,7.842132559999997e-07,14.0,20.0,1.7151911056022725e-06,4.0,3.0,5.0
645,64589.0,Avenue,5.89288077e-07,13.0,20.0,9.318439782000001e-07,6.0,5.0,6.0
645,6464.0,Avenue,2.0181025100000002e-07,6.0,20.0,2.0267815619047616e-07,7.0,7.0,7.0
645,64489.0,Avenue,1.7379846e-07,4.0,20.0,1.7379845999999998e-07,8.0,8.0,8.0
645,6465.0,Avenue (Past Loc),3.5851501e-08,3.0,20.0,3.407085777777778e-08,9.0,10.0,9.0
645,64490.0,Avenue Adjoint,3.4139319000000005e-08,1.0,20.0,3.4139319e-08,10.0,9.0,10.0
645,6463.0,Avenue,1.9683681000000004e-08,0.0,20.0,1.9683681e-08,11.0,11.0,11.0
645,6525.0,Localite Adjoint,2.082515e-09,0.0,20.0,2.082515e-09,12.0,12.0,12.0
646,64491.0,Localite,7.995842325000002e-06,462.0,20.0,5.2919065184397836e-05,1.0,1.0,1.0
646,64590.0,Localite,2.4324445130000015e-06,146.0,20.0,4.2755923543821456e-05,2.0,2.0,2.0
646,6464.0,Avenue,1.3771367050000004e-06,111.0,20.0,2.8489078711538456e-06,3.0,3.0,3.0
646,6466.0,Localite,5.816651829999999e-07,64.0,20.0,1.471166374695652e-06,4.0,4.0,4.0
646,6465.0,Avenue (Past Loc),3.58248189e-07,30.0,20.0,8.382578738139535e-07,5.0,5.0,5.0
646,64589.0,Avenue,2.9599655000000003e-08,6.0,20.0,3.964031099999999e-08,9.0,9.0,6.0
646,64587.0,Avenue,1.1863360899999999e-07,1.0,20.0,1.18633609e-07,6.0,6.0,7.0
646,639156.0,Localite,6.965812e-09,0.0,20.0,6.965812e-09,10.0,10.0,8.0
646,64093.0,,9.7352198e-08,0.0,20.0,9.7352198e-08,7.0,7.0,9.0
646,6463.0,Avenue,5.2225645e-08,0.0,20.0,5.2225645e-08,8.0,8.0,10.0
647,64590.0,Localite,2.454227672e-06,139.0,20.0,1.909205052376903e-05,2.0,2.0,1.0
647,64491.0,Localite,2.7700653540000007e-06,136.0,20.0,2.0404788698641874e-05,1.0,1.0,2.0
647,64846.0,Avenue,6.68445293e-07,45.0,20.0,3.1621017116800007e-06,3.0,3.0,3.0
647,6463.0,Avenue,6.10746953e-07,31.0,20.0,7.799542616666666e-07,4.0,5.0,4.0
647,64587.0,Avenue,5.55555296e-07,28.0,20.0,7.178290999999999e-07,5.0,6.0,5.0
647,64843.0,Avenue (Past Loc),3.04538186e-07,18.0,20.0,1.260921233860465e-06,6.0,4.0,6.0
647,65089.0,Localite,1.7910671e-07,5.0,20.0,1.7910670999999994e-07,7.0,8.0,7.0
647,6525.0,Localite Adjoint,1.2172349e-07,5.0,20.0,1.8016858608695652e-07,9.0,7.0,8.0
647,65094.0,Avenue (Past Loc),1.22153926e-07,4.0,20.0,1.2215392599999997e-07,8.0,9.0,9.0
647,65095.0,Avenue Adjoint,6.7738585e-08,2.0,20.0,6.773858500000001e-08,10.0,10.0,10.0
647,65090.0,Avenue Adjoint,1.3784381e-08,1.0,20.0,1.3784381e-08,13.0,13.0,11.0
647,6466.0,Localite,6.305411099999998e-08,1.0,20.0,6.305411100000001e-08,11.0,11.0,12.0
647,6543.0,Avenue (Past Loc),2.9345804999999998e-08,0.0,20.0,2.9345805e-08,12.0,12.0,13.0
647,65040.0,,9.4131e-11,0.0,20.0,9.4131e-11,14.0,14.0,14.0
648,64491.0,Localite,2.3308769689999985e-06,91.0,20.0,5.640830420615385e-06,1.0,2.0,1.0
648,64845.0,Avenue,2.023789396e-06,85.0,20.0,9.882603389680854e-06,2.0,1.0,2.0
648,64843.0,Avenue (Past Loc),1.3539427780000002e-06,57.0,20.0,4.78774012838961e-06,3.0,4.0,3.0
648,65094.0,Avenue (Past Loc),1.2884967140000004e-06,54.0,20.0,4.877895036259742e-06,4.0,3.0,4.0
648,65089.0,Localite,1.091617353e-06,50.0,20.0,4.175385052651515e-06,6.0,6.0,5.0
648,65095.0,Avenue Adjoint,1.1131815220000003e-06,47.0,20.0,4.401677096800001e-06,5.0,5.0,6.0
648,64590.0,Localite,1.0667344630000005e-06,46.0,20.0,2.2011516916666657e-06,7.0,8.0,7.0
648,64846.0,Avenue,4.607850380000001e-07,26.0,20.0,2.280461824e-06,10.0,7.0,8.0
648,64587.0,Avenue,6.43774123e-07,24.0,20.0,8.817073865915495e-07,8.0,11.0,9.0
648,6463.0,Avenue,4.28929354e-07,16.0,20.0,5.627502743606558e-07,11.0,12.0,10.0
648,64844.0,Avenue,4.907460069999999e-07,16.0,20.0,9.822095291891895e-07,9.0,9.0,11.0
648,64944.0,Avenue,3.7549853700000003e-07,12.0,20.0,9.113792011199999e-07,12.0,10.0,12.0
649,64944.0,Avenue,1.4225587939999991e-06,83.0,20.0,5.960355037804691e-06,1.0,1.0,1.0
649,65089.0,Localite,1.0110264369999998e-06,45.0,20.0,2.5243139728974373e-06,2.0,2.0,2.0
649,65040.0,,4.845152789999998e-07,35.0,20.0,6.17177313084112e-07,3.0,5.0,3.0
649,65095.0,Avenue Adjoint,4.2329836799999994e-07,10.0,20.0,7.033607112e-07,4.0,3.0,4.0
649,65094.0,Avenue (Past Loc),2.6937758399999997e-07,8.0,20.0,4.960818735833334e-07,6.0,6.0,5.0
649,64843.0,Avenue (Past Loc),3.4237758599999995e-07,7.0,20.0,6.348554238125e-07,5.0,4.0,6.0
649,64845.0,Avenue,1.2750276799999998e-07,5.0,20.0,2.0962653866666664e-07,7.0,7.0,7.0
649,64844.0,Avenue,7.404904100000001e-08,4.0,20.0,1.1670179000000001e-07,8.0,8.0,8.0
649,650101.0,Avenue Adjoint,6.1826711e-08,3.0,20.0,6.10916639e-08,9.0,9.0,9.0
649,65093.0,Avenue,2.1833129999999997e-09,0.0,20.0,2.183313e-09,11.0,11.0,10.0
649,65092.0,Avenue Adjoint,2.774886e-09,0.0,20.0,2.774886e-09,10.0,10.0,11.0
650,65089.0,Localite,9.329749111000009e-06,541.0,20.0,4.4450758702530085e-05,1.0,1.0,1.0
650,65040.0,,8.135640733999997e-06,529.0,20.0,3.7788748014204564e-05,2.0,2.0,2.0
650,65091.0,Avenue,9.53749913e-07,79.0,20.0,6.888879207651515e-06,7.0,3.0,3.0
650,64944.0,Avenue,7.844513210000001e-07,76.0,20.0,1.6188069105754182e-06,9.0,11.0,4.0
650,65092.0,Avenue Adjoint,1.1671031059999996e-06,74.0,20.0,2.9387537414685303e-06,6.0,9.0,5.0
650,65090.0,Avenue Adjoint,1.4974473450000002e-06,72.0,20.0,3.0279985425956116e-06,3.0,7.0,6.0
650,65093.0,Avenue,1.1700274679999995e-06,70.0,20.0,3.039354504461536e-06,5.0,6.0,7.0
650,6506.0,Avenue,1.3259236630000005e-06,64.0,20.0,2.8545240662593994e-06,4.0,10.0,8.0
650,650101.0,Avenue Adjoint,7.03267387e-07,57.0,20.0,1.4701814749924813e-06,12.0,12.0,9.0
650,65098.0,Avenue,4.97631298e-07,44.0,20.0,3.300698237074627e-06,17.0,4.0,10.0
650,65095.0,Avenue Adjoint,8.335459579999999e-07,35.0,20.0,3.068721519846154e-06,8.0,5.0,11.0
650,65097.0,Avenue Adjoint,5.919251840000001e-07,31.0,20.0,1.3307445216499998e-06,14.0,14.0,12.0
650,65015.0,Avenue (Past Loc),6.001224770000001e-07,28.0,20.0,7.378026127058824e-07,13.0,16.0,13.0
650,65096.0,Avenue,3.3220224000000005e-07,28.0,20.0,5.534172570638299e-07,19.0,18.0,14.0
650,6543.0,Avenue (Past Loc),7.826043420000001e-07,25.0,20.0,1.2111999748373497e-06,10.0,15.0,15.0
650,650100.0,Avenue,5.4468004e-07,21.0,20.0,1.3518253210344833e-06,15.0,13.0,16.0
650,65094.0,Avenue (Past Loc),7.572664790000001e-07,21.0,20.0,2.9973595449827586e-06,11.0,8.0,17.0
650,6512.0,Avenue (Past Loc),4.076710330000003e-07,19.0,20.0,6.121709384713374e-07,18.0,17.0,18.0
650,64843.0,Avenue (Past Loc),5.125031129999999e-07,1.0,20.0,5.12503113e-07,16.0,19.0,19.0
650,64846.0,Avenue,1.1231104499999998e-07,0.0,20.0,1.12311045e-07,20.0,20.0,20.0
651,6543.0,Avenue (Past Loc),3.5938871359999982e-06,149.0,20.0,9.054482642026803e-06,1.0,1.0,1.0
651,65040.0,,2.309582360999997e-06,114.0,20.0,5.732114815052926e-06,2.0,2.0,2.0
651,6512.0,Avenue (Past Loc),1.5282889199999997e-06,68.0,20.0,5.6671776673898276e-06,3.0,3.0,3.0
651,65089.0,Localite,1.2915325579999998e-06,56.0,20.0,1.5590441483809519e-06,4.0,4.0,4.0
651,6506.0,Avenue,6.04842766e-07,25.0,20.0,7.177781629565219e-07,5.0,5.0,5.0
651,65090.0,Avenue Adjoint,4.4354737e-07,20.0,20.0,5.411397772357721e-07,6.0,6.0,6.0
651,65091.0,Avenue,2.4224232799999995e-07,20.0,20.0,3.402755342608697e-07,9.0,7.0,7.0
651,65347.0,,2.84091261e-07,19.0,20.0,3.241915875365855e-07,7.0,8.0,8.0
651,65094.0,Avenue (Past Loc),2.3313710900000006e-07,10.0,20.0,2.4220881723404256e-07,10.0,10.0,9.0
651,65095.0,Avenue Adjoint,2.807750630000001e-07,10.0,20.0,2.938120965161291e-07,8.0,9.0,10.0
651,65092.0,Avenue Adjoint,5.383739800000001e-08,4.0,20.0,5.5985639621621615e-08,11.0,11.0,11.0
651,65093.0,Avenue,4.7851953999999996e-08,4.0,20.0,5.048550189189189e-08,12.0,12.0,12.0
651,65288.0,Avenue (Past Loc),5.384320999999999e-09,2.0,20.0,7.571127e-09,16.0,15.0,13.0
651,6525.0,Localite Adjoint,3.4970798000000004e-08,2.0,20.0,3.4012554e-08,14.0,14.0,14.0
651,64843.0,Avenue (Past Loc),4.370848800000001e-08,1.0,20.0,4.3708487999999993e-08,13.0,13.0,15.0
651,65096.0,Avenue,7.341723e-09,0.0,20.0,7.341723e-09,15.0,16.0,16.0
652,6525.0,Localite Adjoint,3.367078645000003e-06,175.0,20.0,1.5253816748782726e-05,1.0,1.0,1.0
652,64491.0,Localite,1.90952487e-06,70.0,20.0,6.701376048545453e-06,2.0,2.0,2.0
652,64590.0,Localite,1.5221549960000002e-06,67.0,20.0,5.515170316206059e-06,3.0,3.0,3.0
652,65288.0,Avenue (Past Loc),7.91685189e-07,44.0,20.0,2.3604768417e-06,4.0,4.0,4.0
652,65289.0,Avenue,4.0031724399999993e-07,30.0,20.0,1.3668713514285715e-06,6.0,6.0,5.0
652,65286.0,Avenue,3.68054915e-07,18.0,20.0,1.6993312756249998e-06,8.0,5.0,6.0
652,65792.0,Localite,4.2189935300000023e-07,18.0,20.0,5.83200038367347e-07,5.0,8.0,7.0
652,65287.0,Avenue,3.349580440000001e-07,15.0,20.0,1.0488516466481483e-06,9.0,7.0,8.0
652,65285.0,Avenue,2.71000263e-07,12.0,20.0,4.6893652014814817e-07,10.0,9.0,9.0
652,6543.0,Avenue (Past Loc),3.9549259300000025e-07,10.0,20.0,4.1774126584090913e-07,7.0,10.0,10.0
652,65791.0,Avenue,7.0308194e-08,3.0,20.0,1.225842384e-07,12.0,11.0,11.0
652,65790.0,Avenue (Past Loc),3.11243e-08,1.0,20.0,3.11243e-08,13.0,13.0,12.0
652,64587.0,Avenue,9.0996017e-08,0.0,20.0,9.099601700000001e-08,11.0,12.0,13.0
652,65040.0,,1.448953e-09,0.0,20.0,1.448953e-09,16.0,16.0,14.0
652,65347.0,,2.1024e-09,0.0,20.0,2.1024e-09,15.0,15.0,15.0
652,65095.0,Avenue Adjoint,9.88105e-10,0.0,20.0,9.88105e-10,17.0,17.0,16.0
652,65089.0,Localite,9.670677e-09,0.0,20.0,9.670677e-09,14.0,14.0,17.0
653,6543.0,Avenue (Past Loc),6.443461535999998e-06,437.0,20.0,3.970505805372187e-05,1.0,1.0,1.0
653,65347.0,,3.245675213e-06,227.0,20.0,2.31925629327279e-05,2.0,2.0,2.0
653,65792.0,Localite,3.7053722700000003e-07,37.0,20.0,1.1152464393214288e-06,3.0,3.0,3.0
653,65790.0,Avenue (Past Loc),2.2646296500000004e-07,31.0,20.0,6.617524945263157e-07,5.0,5.0,4.0
653,6512.0,Avenue (Past Loc),1.46239768e-07,18.0,20.0,2.8014554850000003e-07,7.0,6.0,5.0
653,6525.0,Localite Adjoint,2.8786451600000006e-07,17.0,20.0,7.207530633333334e-07,4.0,4.0,6.0
653,65289.0,Avenue,9.960333199999998e-08,9.0,20.0,2.539654993125e-07,8.0,7.0,7.0
653,65286.0,Avenue,8.922822300000001e-08,5.0,20.0,1.923882038888889e-07,9.0,9.0,8.0
653,65288.0,Avenue (Past Loc),1.580647529999999e-07,4.0,20.0,2.3186442314285718e-07,6.0,8.0,9.0
653,65287.0,Avenue,1.293577e-08,0.0,20.0,1.293577e-08,10.0,10.0,10.0
654,6543.0,Avenue (Past Loc),2.659717183e-06,114.0,20.0,6.358360023547825e-06,1.0,1.0,1.0
655,65550.0,Avenue,1.099686417e-06,47.0,20.0,1.7530990973191489e-06,1.0,1.0,1.0
655,6543.0,Avenue (Past Loc),1.22657243e-07,12.0,20.0,2.3745007264285713e-07,2.0,2.0,2.0
656,65790.0,Avenue (Past Loc),1.67768781e-07,7.0,20.0,2.6534432099999997e-07,2.0,2.0,1.0
656,65792.0,Localite,2.1335666500000002e-07,4.0,20.0,3.561913825555555e-07,1.0,1.0,2.0
656,65285.0,Avenue,6.69082e-10,0.0,20.0,6.69082e-10,5.0,5.0,3.0
656,65550.0,Avenue,5.9524485e-08,0.0,20.0,5.9524485e-08,3.0,3.0,4.0
656,67545.0,Avenue,3.5459453e-08,0.0,20.0,3.5459453e-08,4.0,4.0,5.0
657,65792.0,Localite,4.302566246999999e-06,245.0,20.0,2.7752457674327284e-05,1.0,1.0,1.0
657,65790.0,Avenue (Past Loc),1.3360462879999996e-06,85.0,20.0,8.304627066000001e-06,2.0,3.0,2.0
657,65285.0,Avenue,9.608018290000002e-07,66.0,20.0,8.364449706516854e-06,3.0,2.0,3.0
657,6543.0,Avenue (Past Loc),5.505179560000001e-07,38.0,20.0,1.6089375352037034e-06,4.0,4.0,4.0
657,6525.0,Localite Adjoint,1.2942206900000002e-07,5.0,20.0,1.4437038685714288e-07,6.0,6.0,5.0
657,65287.0,Avenue,6.533305299999999e-08,5.0,20.0,9.426933257142856e-08,7.0,7.0,6.0
657,65815.0,Avenue,3.8126111e-08,1.0,20.0,3.8126111e-08,8.0,8.0,7.0
657,65814.0,Avenue,4.663415e-09,0.0,20.0,4.663415e-09,9.0,9.0,8.0
657,65791.0,Avenue,1.5151969200000002e-07,0.0,20.0,1.51519692e-07,5.0,5.0,9.0
658,65792.0,Localite,4.476541434999998e-06,455.0,20.0,3.5500877115072944e-05,1.0,1.0,1.0
658,65887.0,Avenue (Past Loc),8.655088730000001e-07,114.0,20.0,4.564350256157233e-06,3.0,3.0,2.0
658,6587.0,Avenue Adjoint,8.146954080000001e-07,63.0,20.0,4.6478660655e-06,4.0,2.0,3.0
658,65791.0,Avenue,6.754270759999999e-07,61.0,20.0,2.5459509409876546e-06,6.0,5.0,4.0
658,65815.0,Avenue,8.695159279999998e-07,60.0,20.0,4.507043337462366e-06,2.0,4.0,5.0
658,66189.0,,7.703246440000001e-07,60.0,20.0,1.8265517885939872e-06,5.0,7.0,6.0
658,65814.0,Avenue,4.80792455e-07,30.0,20.0,2.038710372066666e-06,7.0,6.0,7.0
658,66187.0,Avenue (Past Loc),3.2402557499999985e-07,19.0,20.0,4.428520579449541e-07,8.0,8.0,8.0
658,66010.0,Avenue,9.9945083e-08,12.0,20.0,1.372682665714286e-07,9.0,10.0,9.0
658,66311.0,Avenue (Past Loc),9.512569500000002e-08,11.0,20.0,1.6299471099999997e-07,10.0,9.0,10.0
658,66190.0,Localite,6.7446188e-08,0.0,20.0,6.7446188e-08,11.0,11.0,11.0
659,66311.0,Avenue (Past Loc),1.0099357589999994e-06,2.0,20.0,1.009935759e-06,4.0,4.0,1.0
659,66189.0,,9.762985349999997e-07,2.0,20.0,9.762985350000002e-07,6.0,6.0,2.0
659,66187.0,Avenue (Past Loc),9.96821352e-07,2.0,20.0,9.96821352e-07,5.0,5.0,3.0
659,65792.0,Localite,3.0065859700000004e-07,1.0,20.0,3.0065859699999993e-07,9.0,9.0,4.0
659,66010.0,Avenue,5.708920810000001e-07,1.0,20.0,5.70892081e-07,7.0,7.0,5.0
659,65791.0,Avenue,2.5980510700000003e-07,1.0,20.0,2.5980510700000003e-07,10.0,10.0,6.0
659,66272.0,Avenue Adjoint,1.12726331e-07,1.0,20.0,1.1272633100000001e-07,13.0,13.0,7.0
659,6436.0,Avenue,4.8569314000000004e-08,0.0,20.0,4.8569314000000004e-08,16.0,16.0,8.0
659,65286.0,Avenue,1.6763239e-08,0.0,20.0,1.6763238999999996e-08,19.0,19.0,9.0
659,65285.0,Avenue,9.174896000000001e-09,0.0,20.0,9.174896e-09,20.0,20.0,10.0
659,6448.0,Avenue,2.3108976299999995e-07,0.0,20.0,2.31089763e-07,11.0,11.0,11.0
659,65289.0,Avenue,3.6953649e-08,0.0,20.0,3.6953649e-08,17.0,17.0,12.0
659,64588.0,Avenue,1.4007366899999998e-07,0.0,20.0,1.40073669e-07,12.0,12.0,13.0
659,64491.0,Localite,1.5233730739000004e-05,0.0,20.0,1.5233730738999997e-05,1.0,1.0,14.0
659,65287.0,Avenue,3.0295116e-08,0.0,20.0,3.0295116e-08,18.0,18.0,15.0
659,65288.0,Avenue (Past Loc),5.5493653999999996e-08,0.0,20.0,5.549365399999999e-08,15.0,15.0,16.0
659,64093.0,,4.2995866800000006e-07,0.0,20.0,4.29958668e-07,8.0,8.0,17.0
659,64587.0,Avenue,2.526597036e-06,0.0,20.0,2.526597036000001e-06,3.0,3.0,18.0
659,64590.0,Localite,8.662486337000004e-06,0.0,20.0,8.662486337000005e-06,2.0,2.0,19.0
659,6525.0,Localite Adjoint,9.998597500000001e-08,0.0,20.0,9.9985975e-08,14.0,14.0,20.0
660,66189.0,,1.535173186e-06,143.0,20.0,8.196506891111119e-06,1.0,2.0,1.0
660,66010.0,Avenue,1.2359989150000005e-06,106.0,20.0,7.489480478629211e-06,2.0,3.0,2.0
660,66187.0,Avenue (Past Loc),1.1242140800000002e-06,98.0,20.0,8.198546952751553e-06,3.0,1.0,3.0
660,66311.0,Avenue (Past Loc),7.40951635e-07,77.0,20.0,5.0829011736774205e-06,4.0,4.0,4.0
660,65792.0,Localite,1.05321877e-07,6.0,20.0,1.1457130371794871e-07,5.0,5.0,5.0
660,65791.0,Avenue,2.3012246e-08,3.0,20.0,2.522632833333333e-08,8.0,8.0,6.0
660,66272.0,Avenue Adjoint,5.0253518000000006e-08,1.0,20.0,5.0253518000000006e-08,6.0,6.0,7.0
660,65814.0,Avenue,3.1585467e-08,0.0,20.0,3.1585467e-08,7.0,7.0,8.0
661,66187.0,Avenue (Past Loc),5.170276307999998e-06,286.0,20.0,3.784144430161859e-05,1.0,2.0,1.0
661,66189.0,,4.627794362e-06,250.0,20.0,4.927217897453709e-05,2.0,1.0,2.0
661,66190.0,Localite,1.446175938e-06,77.0,20.0,1.1742048502926827e-05,3.0,3.0,3.0
661,66311.0,Avenue (Past Loc),1.11182579e-06,73.0,20.0,1.1433314576017696e-05,4.0,4.0,4.0
661,66010.0,Avenue,7.407477650000001e-07,59.0,20.0,4.522641394909091e-06,5.0,5.0,5.0
661,65792.0,Localite,2.6729987600000004e-07,17.0,20.0,3.353076449767441e-07,7.0,7.0,6.0
661,66433.0,Avenue (Past Loc),3.47541425e-07,7.0,20.0,8.050308776666665e-07,6.0,6.0,7.0
661,65887.0,Avenue (Past Loc),3.152532500000001e-08,6.0,20.0,5.792477666666667e-08,9.0,8.0,8.0
661,6587.0,Avenue Adjoint,3.1928955e-08,3.0,20.0,3.756297872727273e-08,8.0,9.0,9.0
661,65815.0,Avenue,2.5225366e-08,2.0,20.0,3.0136710461538466e-08,10.0,10.0,10.0
661,66982.0,Localite,2.2571199999999997e-09,0.0,20.0,2.2571199999999997e-09,11.0,11.0,11.0
662,66187.0,Avenue (Past Loc),2.624230288000001e-06,48.0,20.0,6.499731629161291e-06,1.0,1.0,1.0
662,66189.0,,2.4413109190000006e-06,47.0,20.0,5.915092722231408e-06,2.0,2.0,2.0
662,66311.0,Avenue (Past Loc),2.2638669870000002e-06,43.0,20.0,5.464372795199996e-06,3.0,3.0,3.0
662,66272.0,Avenue Adjoint,1.3302579669999999e-06,24.0,20.0,3.3692868430434794e-06,4.0,4.0,4.0
662,64590.0,Localite,9.447177279999999e-07,18.0,20.0,2.3436576786111115e-06,5.0,5.0,5.0
662,66010.0,Avenue,1.84581131e-07,4.0,20.0,2.0171319634782608e-07,6.0,6.0,6.0
662,6448.0,Avenue,1.9196264999999997e-08,0.0,20.0,1.9196264999999997e-08,8.0,8.0,7.0
662,66433.0,Avenue (Past Loc),7.7061151e-08,0.0,20.0,7.7061151e-08,7.0,7.0,8.0
663,66311.0,Avenue (Past Loc),2.8483161679999993e-06,175.0,20.0,1.136719476389637e-05,1.0,1.0,1.0
663,66433.0,Avenue (Past Loc),1.193941414e-06,104.0,20.0,8.896379414571429e-06,4.0,2.0,2.0
663,66189.0,,1.4815577079999998e-06,101.0,20.0,7.285877807415254e-06,2.0,4.0,3.0
663,66187.0,Avenue (Past Loc),1.4738258450000002e-06,98.0,20.0,7.843808960999998e-06,3.0,3.0,4.0
663,64590.0,Localite,1.7586069999999999e-09,0.0,20.0,1.7586069999999999e-09,6.0,6.0,5.0
663,66272.0,Avenue Adjoint,3.7846567999999996e-08,0.0,20.0,3.7846568e-08,5.0,5.0,6.0
664,66982.0,Localite,2.2121745e-08,0.0,20.0,2.2121745e-08,1.0,1.0,1.0
665,54743.0,Avenue Adjoint,9.52441525e-07,7.0,20.0,2.123479302333333e-06,1.0,2.0,2.0
665,54744.0,Localite,9.175936540000001e-07,7.0,20.0,2.5342360144000005e-06,2.0,1.0,1.0
665,53594.0,Localite,4.8260049e-08,0.0,20.0,4.8260049e-08,5.0,5.0,3.0
665,66189.0,,6.972081e-09,0.0,20.0,6.972081e-09,12.0,12.0,4.0
665,66311.0,Avenue (Past Loc),2.6248567000000003e-08,0.0,20.0,2.6248567e-08,10.0,10.0,5.0
665,63445.0,Avenue (Past Loc),2.781289e-09,0.0,20.0,2.781289e-09,14.0,14.0,6.0
665,52247.0,Localite,5.78956758e-07,0.0,20.0,5.78956758e-07,3.0,3.0,7.0
665,64093.0,,1.3819998999999999e-08,0.0,20.0,1.3819998999999999e-08,11.0,11.0,8.0
665,64590.0,Localite,2.6719031e-08,0.0,20.0,2.6719031e-08,8.0,8.0,9.0
665,66982.0,Localite,3.5033189e-08,0.0,20.0,3.5033189e-08,7.0,7.0,10.0
665,6422.0,Avenue,2.6259267e-08,0.0,20.0,2.6259267e-08,9.0,9.0,11.0
665,66187.0,Avenue (Past Loc),4.0064814e-08,0.0,20.0,4.0064814e-08,6.0,6.0,12.0
665,54585.0,Avenue,1.13751587e-07,0.0,20.0,1.13751587e-07,4.0,4.0,13.0
665,6336.0,Localite,4.75276e-09,0.0,20.0,4.75276e-09,13.0,13.0,14.0
666,52247.0,Localite,1.847554841e-06,27.0,20.0,7.23455210475e-06,1.0,1.0,1.0
666,70485.0,Localite,1.343213692e-06,23.0,20.0,1.6019693106666663e-06,2.0,2.0,2.0
666,50894.0,Avenue (Past Loc),1.2489685e-08,0.0,20.0,1.2489685e-08,3.0,3.0,3.0
667,66982.0,Localite,5.081972334e-06,11.0,20.0,5.536805704941176e-06,1.0,1.0,1.0
667,67099.0,Localite,1.95072252e-07,3.0,20.0,2.652756816e-07,2.0,2.0,2.0
667,70485.0,Localite,4.6691084e-08,0.0,20.0,4.6691084e-08,4.0,4.0,3.0
667,66433.0,Avenue (Past Loc),6.575117e-08,0.0,20.0,6.575117e-08,3.0,3.0,4.0
668,66982.0,Localite,2.2208324040000002e-06,138.0,20.0,7.539651116169014e-06,1.0,1.0,1.0
668,66433.0,Avenue (Past Loc),1.033740462e-06,30.0,20.0,2.42143162390625e-06,2.0,2.0,2.0
668,67099.0,Localite,5.75178134e-07,15.0,20.0,1.1850257652500001e-06,3.0,3.0,3.0
668,67098.0,Avenue,9.2822697e-08,0.0,20.0,9.2822697e-08,4.0,4.0,4.0
669,66982.0,Localite,2.8743301139999995e-06,143.0,20.0,6.317029287359999e-06,1.0,1.0,1.0
669,66433.0,Avenue (Past Loc),6.56978982e-07,40.0,20.0,9.735178427142855e-07,2.0,2.0,2.0
669,66189.0,,2.805684e-09,0.0,20.0,2.805684e-09,3.0,3.0,3.0
670,670101.0,Avenue,1.5281107219999998e-06,49.0,20.0,8.24275212867857e-06,1.0,1.0,1.0
670,67099.0,Localite,8.26920665e-07,33.0,20.0,2.51688381625e-06,2.0,3.0,2.0
670,670105.0,Localite Adjoint,6.82349499e-07,30.0,20.0,1.7368760946874997e-06,4.0,5.0,3.0
670,670102.0,Avenue,6.09788816e-07,24.0,20.0,1.7955468368518516e-06,5.0,4.0,4.0
670,6707.0,Avenue,8.13076477e-07,22.0,20.0,3.480551347714286e-06,3.0,2.0,5.0
670,67098.0,Avenue,5.470541010000001e-07,20.0,20.0,1.041365596952381e-06,6.0,6.0,6.0
670,670106.0,Avenue,3.92960702e-07,11.0,20.0,7.162861849230769e-07,7.0,7.0,7.0
670,6732.0,Localite,3.6980373999999995e-07,11.0,20.0,5.767058560000001e-07,9.0,8.0,8.0
670,670100.0,Avenue,3.75892769e-07,3.0,20.0,3.75892769e-07,8.0,9.0,9.0
670,66189.0,,1.2092001e-08,0.0,20.0,1.2092001e-08,10.0,10.0,10.0
671,670103.0,Avenue,1.925835567e-06,27.0,20.0,8.026448187837838e-06,1.0,1.0,1.0
671,6732.0,Localite,7.40471308e-07,18.0,20.0,2.2775194085e-06,2.0,2.0,2.0
671,67099.0,Localite,6.07055369e-07,8.0,20.0,7.310353956923077e-07,3.0,3.0,3.0
671,67098.0,Avenue,1.25632896e-07,2.0,20.0,1.6746477133333331e-07,5.0,5.0,4.0
671,6775.0,Avenue (Past Loc),1.9494364399999998e-07,1.0,20.0,1.9494364399999998e-07,4.0,4.0,5.0
671,67483.0,Avenue,1.05834032e-07,0.0,20.0,1.0583403199999999e-07,6.0,6.0,6.0
671,670101.0,Avenue,1.3990749999999999e-08,0.0,20.0,1.3990749999999999e-08,7.0,7.0,7.0
672,67099.0,Localite,3.444042766e-06,25.0,20.0,7.129202393333333e-06,1.0,1.0,1.0
672,6775.0,Avenue (Past Loc),2.7792323100000006e-07,3.0,20.0,5.893227865714285e-07,2.0,2.0,2.0
672,6732.0,Localite,2.52160125e-07,3.0,20.0,5.672401242857143e-07,3.0,3.0,3.0
673,6775.0,Avenue (Past Loc),2.236878259e-06,42.0,20.0,9.052299189661289e-06,1.0,1.0,1.0
673,6732.0,Localite,1.8899913490000004e-06,32.0,20.0,8.070351295583332e-06,2.0,2.0,2.0
673,670103.0,Avenue,5.3709706e-08,2.0,20.0,6.281379360000001e-08,3.0,3.0,3.0
673,67483.0,Avenue,3.0778666e-08,2.0,20.0,4.44689616e-08,4.0,4.0,4.0
673,67945.0,Avenue (Past Loc),3.0160688e-08,0.0,20.0,3.0160688e-08,5.0,5.0,5.0
674,67483.0,Avenue,1.1509691830000002e-06,44.0,20.0,2.7140043035319153e-06,1.0,1.0,1.0
674,6732.0,Localite,7.41848736e-07,26.0,20.0,1.338519326258064e-06,2.0,2.0,2.0
674,670100.0,Avenue,4.2073543000000004e-07,16.0,20.0,7.957335199999999e-07,3.0,3.0,3.0
674,670101.0,Avenue,1.10496287e-07,3.0,20.0,1.10496287e-07,4.0,4.0,4.0
674,6775.0,Avenue (Past Loc),5.607229e-09,0.0,20.0,5.607229e-09,6.0,6.0,5.0
674,670103.0,Avenue,8.144066e-09,0.0,20.0,8.144066000000001e-09,5.0,5.0,6.0
675,6732.0,Localite,2.0375556720000003e-06,64.0,20.0,3.330556781661539e-06,1.0,1.0,1.0
675,67545.0,Avenue,1.157085921e-06,45.0,20.0,2.1638554558085103e-06,2.0,2.0,2.0
675,6775.0,Avenue (Past Loc),4.5499101400000005e-07,15.0,20.0,1.2657466765000003e-06,3.0,3.0,3.0
675,67483.0,Avenue,2.96860767e-07,2.0,20.0,4.0396480575e-07,4.0,4.0,4.0
675,670103.0,Avenue,1.2570599e-08,0.0,20.0,1.2570599e-08,5.0,5.0,5.0
676,6775.0,Avenue (Past Loc),1.920735183e-06,84.0,20.0,4.6163260119659095e-06,1.0,1.0,1.0
676,6732.0,Localite,1.6592765140000003e-06,72.0,20.0,4.405042397662162e-06,2.0,2.0,2.0
676,67945.0,Avenue (Past Loc),4.6886855e-08,0.0,20.0,4.6886855e-08,3.0,3.0,3.0
677,6775.0,Avenue (Past Loc),3.7898688700000003e-06,209.0,20.0,1.0532479811610389e-05,1.0,1.0,1.0
678,6775.0,Avenue (Past Loc),6.077024610000001e-07,20.0,20.0,8.469842651666666e-07,1.0,1.0,1.0
678,6732.0,Localite,1.4773524e-08,0.0,20.0,1.4773524e-08,2.0,2.0,2.0
678,67945.0,Avenue (Past Loc),7.21459e-10,0.0,20.0,7.21459e-10,3.0,3.0,3.0
679,67945.0,Avenue (Past Loc),1.8609523640000003e-06,43.0,20.0,5.3555253555625e-06,1.0,1.0,1.0
679,6775.0,Avenue (Past Loc),1.4325066510000004e-06,25.0,20.0,3.5248380623584914e-06,2.0,2.0,2.0
679,6828.0,Avenue (Past Loc),5.7869145e-08,4.0,20.0,5.7869145e-08,4.0,4.0,3.0
679,6732.0,Localite,2.7844950599999996e-07,2.0,20.0,3.5887268287499994e-07,3.0,3.0,4.0
680,68086.0,Localite,2.1221612399999998e-06,70.0,20.0,7.830471678961037e-06,1.0,1.0,1.0
680,6775.0,Avenue (Past Loc),3.5726452e-07,0.0,20.0,3.5726452e-07,2.0,2.0,2.0
681,68086.0,Localite,1.006829046e-06,67.0,20.0,1.871188575652174e-06,1.0,1.0,1.0
682,6775.0,Avenue (Past Loc),1.063102432e-06,31.0,20.0,4.072786816755554e-06,2.0,1.0,1.0
682,6828.0,Avenue (Past Loc),1.4726683240000002e-06,23.0,20.0,2.2990484297142857e-06,1.0,2.0,2.0
682,6732.0,Localite,7.634934219999998e-07,11.0,20.0,1.2852848664285717e-06,3.0,3.0,3.0
682,68086.0,Localite,2.4703597700000004e-07,6.0,20.0,2.2184015999999998e-07,4.0,4.0,4.0
682,67945.0,Avenue (Past Loc),1.0064146000000001e-07,3.0,20.0,1.0433564519999999e-07,5.0,5.0,5.0
682,68384.0,Avenue,3.1526532e-08,0.0,20.0,3.1526532e-08,7.0,7.0,6.0
682,68383.0,Avenue,2.8842496e-08,0.0,20.0,2.8842496e-08,8.0,8.0,7.0
682,68385.0,Localite,4.0921102999999996e-08,0.0,20.0,4.0921102999999996e-08,6.0,6.0,8.0
683,68385.0,Localite,2.896927388000001e-06,76.0,20.0,1.8573813056882817e-05,1.0,1.0,1.0
683,68384.0,Avenue,1.707676138e-06,53.0,20.0,4.365906994609757e-06,2.0,3.0,2.0
683,68383.0,Avenue,1.221970915e-06,36.0,20.0,7.095949154904763e-06,3.0,2.0,3.0
683,6828.0,Avenue (Past Loc),7.0770093e-08,1.0,20.0,7.0770093e-08,4.0,4.0,4.0
684,6828.0,Avenue (Past Loc),3.1137362e-08,0.0,20.0,3.1137362e-08,3.0,3.0,1.0
684,68647.0,Localite,4.87210184e-07,0.0,20.0,4.87210184e-07,1.0,1.0,2.0
684,67099.0,Localite,4.419669700000001e-08,0.0,20.0,4.4196697e-08,2.0,2.0,3.0
684,6775.0,Avenue (Past Loc),7.449588000000001e-09,0.0,20.0,7.449588000000001e-09,4.0,4.0,4.0
684,6732.0,Localite,6.831122e-09,0.0,20.0,6.831122e-09,5.0,5.0,5.0
685,68647.0,Localite,1.030919102e-06,3.0,20.0,1.5128346402272725e-06,1.0,1.0,1.0
685,6915.0,Localite,4.2398353199999996e-07,1.0,20.0,4.23983532e-07,3.0,3.0,2.0
685,67099.0,Localite,6.771379e-09,0.0,20.0,6.771379e-09,5.0,5.0,3.0
685,70485.0,Localite,8.44029495e-07,0.0,20.0,8.44029495e-07,2.0,2.0,4.0
685,66982.0,Localite,6.8706416e-08,0.0,20.0,6.8706416e-08,4.0,4.0,5.0
686,68647.0,Localite,6.201891952e-06,6.0,20.0,6.201891952e-06,1.0,1.0,1.0
686,6915.0,Localite,3.3553791600000007e-06,6.0,20.0,3.3553791599999995e-06,2.0,2.0,2.0
686,69647.0,Localite Adjoint,1.84523e-10,0.0,20.0,1.84523e-10,5.0,5.0,3.0
686,69584.0,Localite,4.3036408e-08,0.0,20.0,4.3036408e-08,4.0,4.0,4.0
686,68612.0,Avenue,9.17772081e-07,0.0,20.0,9.17772081e-07,3.0,3.0,5.0
687,6915.0,Localite,1.733863388e-06,24.0,20.0,9.27775395025641e-06,1.0,1.0,1.0
687,68647.0,Localite,1.20816702e-07,6.0,20.0,1.7333002142857138e-07,2.0,2.0,2.0
687,69583.0,Localite,4.6614396000000004e-08,0.0,20.0,4.6614396000000004e-08,4.0,4.0,3.0
687,69647.0,Localite Adjoint,1.20923e-10,0.0,20.0,1.20923e-10,5.0,5.0,4.0
687,69584.0,Localite,5.1150821e-08,0.0,20.0,5.1150821000000005e-08,3.0,3.0,5.0
688,69282.0,Localite,6.960892459999999e-07,15.0,20.0,1.4773396897241379e-06,1.0,1.0,1.0
688,6915.0,Localite,5.60218e-07,11.0,20.0,9.5536590628e-07,2.0,2.0,2.0
688,69584.0,Localite,5.9556646e-08,0.0,20.0,5.9556646e-08,3.0,3.0,3.0
689,68984.0,Avenue,2.3001666100000002e-06,92.0,20.0,5.514967930030925e-06,1.0,2.0,1.0
689,6915.0,Localite,1.437522604e-06,42.0,20.0,7.529209160975606e-06,2.0,1.0,2.0
689,69282.0,Localite,1.54488197e-07,3.0,20.0,1.5645171933333337e-07,3.0,3.0,3.0
689,69156.0,Avenue,3.1414501000000003e-08,3.0,20.0,3.571579733333333e-08,4.0,4.0,4.0
691,6915.0,Localite,2.8263911500000005e-06,122.0,20.0,9.125931683653173e-06,1.0,1.0,1.0
691,69156.0,Avenue,1.1321474549999998e-06,58.0,20.0,3.716732110235294e-06,2.0,3.0,2.0
691,69157.0,Avenue Adjoint,1.0629517879999998e-06,52.0,20.0,2.922255241363636e-06,3.0,4.0,3.0
691,69141.0,Avenue,8.29760599e-07,26.0,20.0,6.113058767749999e-06,4.0,2.0,4.0
691,69282.0,Localite,2.698338180000001e-07,14.0,20.0,3.7961366625000003e-07,5.0,5.0,5.0
691,69395.0,Localite,7.181439299999999e-08,3.0,20.0,8.547840135714286e-08,6.0,6.0,6.0
691,69494.0,Localite,3.0157661e-08,0.0,20.0,3.0157661e-08,7.0,7.0,7.0
692,69282.0,Localite,5.588567703999998e-06,123.0,20.0,2.3309656104745363e-05,1.0,1.0,1.0
692,6915.0,Localite,2.6906493669999997e-06,66.0,20.0,7.04181389704698e-06,2.0,2.0,2.0
692,69156.0,Avenue,8.604000169999999e-07,23.0,20.0,2.6910146754782608e-06,3.0,3.0,3.0
692,69584.0,Localite,6.253087689999999e-07,15.0,20.0,1.2866186929999996e-06,4.0,4.0,4.0
692,69141.0,Avenue,8.153362699999999e-08,7.0,20.0,1.457893729230769e-07,6.0,6.0,5.0
692,69583.0,Localite,2.9309821e-08,2.0,20.0,3.904172266666667e-08,8.0,8.0,6.0
692,68984.0,Avenue,1.1941414e-08,1.0,20.0,1.1941414e-08,11.0,11.0,7.0
692,69395.0,Localite,1.54224818e-07,0.0,20.0,1.5422481800000002e-07,5.0,5.0,8.0
692,69489.0,Avenue,1.6919357e-08,0.0,20.0,1.6919357e-08,10.0,10.0,9.0
692,69157.0,Avenue Adjoint,5.165652799999999e-08,0.0,20.0,5.165652799999999e-08,7.0,7.0,10.0
692,69490.0,Avenue Adjoint,1.8994394999999998e-08,0.0,20.0,1.8994394999999998e-08,9.0,9.0,11.0
692,69494.0,Localite,1.0388805999999999e-08,0.0,20.0,1.0388806e-08,12.0,12.0,12.0
693,69395.0,Localite,5.540666267999999e-06,295.0,20.0,3.258382570215384e-05,1.0,1.0,1.0
693,69494.0,Localite,4.0704410469999995e-06,207.0,20.0,1.8703680049470855e-05,2.0,2.0,2.0
693,69397.0,Avenue,1.425041433e-06,88.0,20.0,4.439382048860216e-06,3.0,3.0,3.0
693,69396.0,Avenue Adjoint,6.667081729999999e-07,46.0,20.0,3.765812390615385e-06,4.0,4.0,4.0
693,6915.0,Localite,5.8397065e-08,2.0,20.0,8.48810235e-08,5.0,5.0,5.0
693,69156.0,Avenue,4.3415341e-08,2.0,20.0,6.151886999999999e-08,6.0,6.0,6.0
693,69282.0,Localite,4.0285347e-08,2.0,20.0,5.917137449999999e-08,7.0,7.0,7.0
693,69489.0,Avenue,5.713937e-09,0.0,20.0,5.713937e-09,9.0,9.0,8.0
693,69490.0,Avenue Adjoint,6.834453999999999e-09,0.0,20.0,6.834453999999999e-09,8.0,8.0,9.0
694,69494.0,Localite,5.2372616369999995e-06,253.0,20.0,3.9028645547159625e-05,1.0,1.0,1.0
694,69492.0,Avenue Adjoint,1.7780463440000001e-06,81.0,20.0,6.223798489943182e-06,2.0,4.0,2.0
694,69491.0,Avenue,1.7707227470000003e-06,78.0,20.0,6.366400621046512e-06,3.0,3.0,3.0
694,69488.0,Avenue,1.413515547e-06,64.0,20.0,9.343675479439027e-06,4.0,2.0,4.0
694,69473.0,Avenue (Past Loc),9.42375097e-07,39.0,20.0,1.5911533668717948e-06,5.0,5.0,5.0
694,69647.0,Localite Adjoint,1.60452924e-07,9.0,20.0,2.8824587428125006e-07,6.0,6.0,6.0
694,69395.0,Localite,1.16535031e-07,6.0,20.0,1.9675308869999998e-07,7.0,7.0,7.0
694,69396.0,Avenue Adjoint,4.2506315e-08,4.0,20.0,8.262047257142857e-08,8.0,8.0,8.0
694,6915.0,Localite,2.5892046e-08,1.0,20.0,2.5892046000000003e-08,12.0,12.0,9.0
694,69489.0,Avenue,4.0434568999999996e-08,1.0,20.0,4.0434568999999996e-08,10.0,10.0,10.0
694,69490.0,Avenue Adjoint,4.130048499999999e-08,1.0,20.0,4.1300485000000005e-08,9.0,9.0,11.0
694,69397.0,Avenue,3.9629878e-08,0.0,20.0,3.9629878e-08,11.0,11.0,12.0
695,69583.0,Localite,3.361954152e-06,39.0,20.0,1.2728626666096776e-05,1.0,1.0,1.0
695,69489.0,Avenue,1.885018296e-06,34.0,20.0,9.532234673967746e-06,2.0,2.0,2.0
695,69490.0,Avenue Adjoint,1.8822814980000002e-06,34.0,20.0,9.086491385172414e-06,3.0,3.0,3.0
695,69494.0,Localite,1.825313349e-06,22.0,20.0,8.928426224390243e-06,4.0,4.0,4.0
695,6915.0,Localite,1.3298133030000002e-06,21.0,20.0,2.7578954292750004e-06,5.0,5.0,5.0
695,69647.0,Localite Adjoint,5.229106299999999e-07,9.0,20.0,1.182813071140625e-06,6.0,6.0,6.0
695,69584.0,Localite,1.1116962299999998e-07,1.0,20.0,1.1116962299999999e-07,7.0,7.0,7.0
695,69395.0,Localite,3.0528991e-08,1.0,20.0,3.052899100000001e-08,9.0,9.0,8.0
695,69488.0,Avenue,8.2245923e-08,0.0,20.0,8.2245923e-08,8.0,8.0,9.0
696,69647.0,Localite Adjoint,7.289587291999991e-06,348.0,20.0,4.059220815370214e-05,1.0,1.0,1.0
696,69646.0,Avenue,1.468338766e-06,79.0,20.0,4.622434771411765e-06,2.0,2.0,2.0
696,69494.0,Localite,6.301800389999998e-07,18.0,20.0,6.671168236517853e-07,3.0,3.0,3.0
696,69488.0,Avenue,3.147594710000001e-07,9.0,20.0,3.535754559375001e-07,4.0,4.0,4.0
696,70110.0,Avenue,9.5328935e-08,5.0,20.0,1.0049987437500001e-07,5.0,5.0,5.0
696,70288.0,Localite,2.5663412000000002e-08,4.0,20.0,4.6247153750000006e-08,11.0,11.0,6.0
696,69490.0,Avenue Adjoint,8.191792399999998e-08,4.0,20.0,8.290337432432434e-08,6.0,6.0,7.0
696,69489.0,Avenue,7.152480199999998e-08,4.0,20.0,7.106778096e-08,7.0,7.0,8.0
696,70148.0,Localite,1.632985e-08,2.0,20.0,1.632985e-08,12.0,12.0,9.0
696,69492.0,Avenue Adjoint,6.417091500000001e-08,1.0,20.0,6.4170915e-08,8.0,8.0,10.0
696,6915.0,Localite,7.127514e-09,0.0,20.0,7.127514e-09,13.0,13.0,11.0
696,69491.0,Avenue,5.7127385e-08,0.0,20.0,5.7127385e-08,9.0,9.0,12.0
696,69473.0,Avenue (Past Loc),5.3094391e-08,0.0,20.0,5.3094391e-08,10.0,10.0,13.0
697,69647.0,Localite Adjoint,5.172713860999997e-06,254.0,20.0,4.9240348565333304e-05,1.0,1.0,1.0
697,70288.0,Localite,4.81183053e-07,14.0,20.0,8.138738001428572e-07,2.0,3.0,2.0
697,6915.0,Localite,4.03625905e-07,13.0,20.0,1.3532776483783781e-06,3.0,2.0,3.0
697,70148.0,Localite,5.3809926999999997e-08,3.0,20.0,7.726996249999999e-08,5.0,4.0,4.0
697,69583.0,Localite,6.4038516e-08,3.0,20.0,7.2316056e-08,4.0,5.0,5.0
697,69584.0,Localite,5.115257e-08,3.0,20.0,5.4547040000000005e-08,6.0,6.0,6.0
697,69494.0,Localite,4.9295643e-08,1.0,20.0,4.9295642999999996e-08,7.0,7.0,7.0
697,69489.0,Avenue,4.1790452000000004e-08,1.0,20.0,4.1790452000000004e-08,9.0,9.0,8.0
697,69490.0,Avenue Adjoint,4.8013404e-08,1.0,20.0,4.8013404000000004e-08,8.0,8.0,9.0
698,70288.0,Localite,4.01940422e-07,7.0,20.0,8.600483618750001e-07,3.0,3.0,1.0
698,69647.0,Localite Adjoint,6.104708449999999e-07,5.0,20.0,1.4188345053750001e-06,1.0,1.0,2.0
698,6915.0,Localite,4.612731910000001e-07,4.0,20.0,1.3543156576250002e-06,2.0,2.0,3.0
698,68647.0,Localite,1.0029018e-08,0.0,20.0,1.0029018e-08,4.0,4.0,4.0
698,69584.0,Localite,1.784917e-09,0.0,20.0,1.7849170000000002e-09,5.0,5.0,5.0
699,70485.0,Localite,2.65611165e-06,48.0,20.0,8.736461665230771e-06,1.0,1.0,1.0
699,70288.0,Localite,6.562002990000001e-07,5.0,20.0,1.3104133024666668e-06,2.0,2.0,2.0
700,70288.0,Localite,4.286070618000002e-06,88.0,20.0,2.0214602252842103e-05,1.0,1.0,1.0
700,69647.0,Localite Adjoint,1.026380778e-06,28.0,20.0,2.803014880809524e-06,2.0,2.0,2.0
700,70148.0,Localite,5.40442811e-07,18.0,20.0,1.763028185357143e-06,4.0,3.0,3.0
700,70285.0,Avenue Adjoint,8.896469649999999e-07,17.0,20.0,1.5511450569e-06,3.0,4.0,4.0
700,70147.0,Avenue (Past Loc),3.8914626900000003e-07,5.0,20.0,7.480914068571429e-07,5.0,5.0,5.0
700,70485.0,Localite,2.26049128e-07,4.0,20.0,2.502428634e-07,7.0,7.0,6.0
700,70149.0,Localite Adjoint,3.1618597099999997e-07,3.0,20.0,6.034148913333333e-07,6.0,6.0,7.0
701,70288.0,Localite,1.8005259219999998e-06,163.0,20.0,1.1710969523628098e-05,1.0,1.0,1.0
701,70110.0,Avenue,1.334223214e-06,126.0,20.0,7.177414193623187e-06,2.0,3.0,2.0
701,70148.0,Localite,1.2018313929999993e-06,101.0,20.0,8.4336688446e-06,3.0,2.0,3.0
701,70147.0,Avenue (Past Loc),9.577453430000002e-07,93.0,20.0,6.9498045214017085e-06,4.0,4.0,4.0
701,70286.0,Localite,7.63460093e-07,53.0,20.0,2.1684370881375e-06,6.0,6.0,5.0
701,69647.0,Localite Adjoint,7.742376529999998e-07,53.0,20.0,4.756155274253521e-06,5.0,5.0,6.0
701,70149.0,Localite Adjoint,5.42205322e-07,46.0,20.0,8.709064006545454e-07,7.0,7.0,7.0
701,70285.0,Avenue Adjoint,1.8053780100000002e-07,15.0,20.0,3.463378413636363e-07,8.0,8.0,8.0
701,38490.0,Avenue,7.114255e-09,0.0,20.0,7.114255e-09,9.0,9.0,9.0
702,70288.0,Localite,3.827557417999999e-06,206.0,20.0,1.687585695141637e-05,1.0,1.0,1.0
702,70287.0,Avenue,8.228513910000002e-07,69.0,20.0,1.931746835272728e-06,3.0,4.0,2.0
702,70286.0,Localite,6.914318480000002e-07,60.0,20.0,1.4379630456521736e-06,4.0,5.0,3.0
702,70284.0,Avenue,5.62562341e-07,52.0,20.0,3.2683869145666664e-06,5.0,3.0,4.0
702,70285.0,Avenue Adjoint,8.8375345e-07,41.0,20.0,5.752864024301886e-06,2.0,2.0,5.0
702,70485.0,Localite,4.8609786e-07,12.0,20.0,1.2207946944444444e-06,6.0,6.0,6.0
702,70149.0,Localite Adjoint,1.8584702e-08,0.0,20.0,1.8584702e-08,7.0,7.0,7.0
703,70485.0,Localite,1.120136229e-06,21.0,20.0,3.3512897126428573e-06,1.0,1.0,1.0
703,70288.0,Localite,6.14956788e-07,12.0,20.0,9.932657696956524e-07,2.0,2.0,2.0
704,70485.0,Localite,1.4176720410000001e-06,14.0,20.0,1.8757907972222226e-06,1.0,1.0,1.0
704,70288.0,Localite,1.9703873199999998e-07,3.0,20.0,3.1277883300000003e-07,3.0,3.0,2.0
704,52247.0,Localite,1.757694e-09,0.0,20.0,1.757694e-09,4.0,4.0,3.0
704,50894.0,Avenue (Past Loc),7.48359109e-07,0.0,20.0,7.48359109e-07,2.0,2.0,4.0
6091,61189.0,Avenue (Past Loc),7.687983070000001e-07,24.0,20.0,1.6012380414814813e-06,1.0,1.0,1.0
6092,60920132.0,Avenue,1.6980989690000003e-06,52.0,20.0,7.061294347274999e-06,1.0,1.0,1.0
6092,60920130.0,Avenue Adjoint,1.130499444e-06,25.0,20.0,2.0736329432926826e-06,2.0,2.0,2.0
6092,60920131.0,Avenue Adjoint,2.5078512099999997e-07,12.0,20.0,4.276278542105263e-07,3.0,3.0,3.0
6092,60930105.0,Avenue,2.0103702500000001e-07,3.0,20.0,2.0103702500000001e-07,4.0,4.0,4.0
6093,60930105.0,Avenue,2.958911697e-06,55.0,20.0,1.1475128291803033e-05,1.0,1.0,1.0
6093,60920130.0,Avenue Adjoint,2.5178592000000003e-07,10.0,20.0,4.217597424e-07,2.0,2.0,2.0
6093,60920132.0,Avenue,8.5146398e-08,4.0,20.0,1.55139037e-07,3.0,3.0,3.0
6101,6101077.0,Localite,1.4427155914000002e-05,192.0,20.0,4.1854241398300915e-05,1.0,1.0,1.0
6101,6101091.0,Avenue,3.140164579e-06,49.0,20.0,1.1833332689238097e-05,2.0,2.0,2.0
6101,6101071.0,Avenue Adjoint,1.303644364e-06,40.0,20.0,7.2285539567272735e-06,4.0,3.0,3.0
6101,6101092.0,Avenue Adjoint,1.53526781e-06,34.0,20.0,4.833652858514286e-06,3.0,4.0,4.0
6101,6101089.0,Avenue,1.2272808629999998e-06,24.0,20.0,3.518337468666666e-06,5.0,5.0,5.0
6101,6101096.0,Avenue,7.295272179999998e-07,13.0,20.0,9.047456260487805e-07,6.0,6.0,6.0
6101,6101090.0,Avenue,6.8933051e-08,6.0,20.0,8.272774533333333e-08,7.0,7.0,7.0
6102,6101077.0,Localite,1.4486962091999987e-05,257.0,20.0,4.711288877457699e-05,1.0,1.0,1.0
6102,6101096.0,Avenue,4.216376376e-06,99.0,20.0,1.9851945674506324e-05,2.0,2.0,2.0
6102,6101093.0,Avenue,1.3442022689999994e-06,23.0,20.0,1.8227420427272733e-06,3.0,4.0,3.0
6102,6101089.0,Avenue,1.1888829219999998e-06,15.0,20.0,1.9145727773333334e-06,4.0,3.0,4.0
6102,6101090.0,Avenue,5.53003226e-07,8.0,20.0,5.527132214000001e-07,5.0,5.0,5.0
6102,6101095.0,Avenue,4.12659234e-07,4.0,20.0,4.408692709090909e-07,6.0,6.0,6.0
6102,6103076.0,Avenue,1.02342641e-07,3.0,20.0,1.1354223093750001e-07,7.0,7.0,7.0
6102,6103074.0,Avenue,1.8037817000000004e-08,0.0,20.0,1.8037817e-08,8.0,8.0,8.0
6102,61189.0,Avenue (Past Loc),7.337196e-09,0.0,20.0,7.337196e-09,9.0,9.0,9.0
6103,6101077.0,Localite,6.297147129000003e-06,133.0,20.0,1.2946990567845192e-05,1.0,1.0,1.0
6103,6103074.0,Avenue,3.4258431979999984e-06,59.0,20.0,8.856997768846153e-06,2.0,2.0,2.0
6103,6101096.0,Avenue,1.1873234860000001e-06,29.0,20.0,1.789176736e-06,3.0,3.0,3.0
6103,6103076.0,Avenue,8.448883829999998e-07,19.0,20.0,1.0184591572363635e-06,5.0,5.0,4.0
6103,6101090.0,Avenue,7.956869869999999e-07,18.0,20.0,1.0018059865873017e-06,6.0,6.0,5.0
6103,61189.0,Avenue (Past Loc),8.672532049999999e-07,16.0,20.0,1.5486337347169813e-06,4.0,4.0,6.0
6103,6104096.0,Avenue,6.39022255e-07,15.0,20.0,9.228960123870964e-07,7.0,7.0,7.0
6103,6101095.0,Avenue,2.58064326e-07,3.0,20.0,3.314421671785714e-07,8.0,8.0,8.0
6103,61190.0,Avenue,2.177212e-09,0.0,20.0,2.177212e-09,9.0,9.0,9.0
6104,6101077.0,Localite,6.375193101000003e-06,170.0,20.0,1.7815748411298458e-05,1.0,1.0,1.0
6104,6101093.0,Avenue,1.8516163830000009e-06,52.0,20.0,3.5018755119361693e-06,2.0,2.0,2.0
6104,6101095.0,Avenue,1.1908099480000008e-06,20.0,20.0,2.007321743142857e-06,3.0,3.0,3.0
6104,6104096.0,Avenue,7.374427379999999e-07,16.0,20.0,1.9139407e-06,4.0,4.0,4.0
