a7,code,person_need,person_know,person_job,person_edu,edu,job1,edu_knows,job_knows,edu_knows_orig,job_knows_orig,L_knows,L_knows_norm
596.0,596.0,3.0,1.0,17.0,2.0,,17.0,,1.6002363,,1.0,1.3005259,0.7800265
100.0,1001.0,1.0,1.0,0.0,2.0,3.0,,-0.71551174,,0.0,,-0.76380396,0.098355584
100.0,1002.0,,0.0,,,3.0,8.0,-0.71551174,-0.6247571,0.0,0.0,-1.0616579,-7.332227e-17
100.0,1004.0,2.0,1.0,25.0,,2.0,8.0,-0.71551174,-0.6247571,0.0,0.0,-1.0616579,-7.332227e-17
100.0,1005.0,1.0,1.0,8.0,2.0,2.0,8.0,1.3972776,1.6002363,1.0,1.0,1.0063869,0.6828976
101.0,1011.0,3.0,1.0,4.0,3.0,2.0,,-0.71551174,,0.0,,-0.76380396,0.098355584
101.0,1015.0,2.0,1.0,0.0,2.0,1.0,,-0.71551174,,0.0,,0.19648926,0.41545796
101.0,1016.0,2.0,1.0,0.0,2.0,1.0,0.0,-0.71551174,1.6002363,0.0,1.0,0.9594045,0.6673834
101.0,1017.0,3.0,1.0,23.0,2.0,2.0,0.0,1.3972776,-0.6247571,1.0,0.0,-0.0543822,0.3326167
102.0,1021.0,3.0,1.0,9.0,3.0,2.0,8.0,-0.71551174,-0.6247571,0.0,0.0,-0.10136469,0.3171024
102.0,1025.0,2.0,1.0,8.0,3.0,2.0,8.0,-0.71551174,1.6002363,0.0,1.0,0.9594045,0.6673834
102.0,1028.0,2.0,1.0,8.0,2.0,2.0,0.0,1.3972776,-0.6247571,1.0,0.0,-0.0543822,0.3326167
103.0,1031.0,2.0,1.0,6.0,3.0,3.0,6.0,1.3972776,1.6002363,1.0,1.0,1.96668,1.0
103.0,1033.0,1.0,1.0,0.0,2.0,3.0,4.0,-0.71551174,-0.6247571,0.0,0.0,-1.0616579,-7.332227e-17
103.0,1035.0,1.0,1.0,6.0,2.0,2.0,8.0,1.3972776,-0.6247571,1.0,0.0,-0.0543822,0.3326167
103.0,1036.0,,0.0,,,0.0,8.0,-0.71551174,-0.6247571,0.0,0.0,-1.0616579,-7.332227e-17
103.0,1038.0,,0.0,,,3.0,5.0,-0.71551174,-0.6247571,0.0,0.0,-1.0616579,-7.332227e-17
104.0,1042.0,3.0,1.0,4.0,4.0,4.0,27.0,1.3972776,-0.6247571,1.0,0.0,-0.0543822,0.3326167
104.0,1043.0,3.0,1.0,4.0,,3.0,14.0,-0.71551174,-0.6247571,0.0,0.0,-1.0616579,-7.332227e-17
104.0,1045.0,,0.0,,,3.0,0.0,-0.71551174,-0.6247571,0.0,0.0,-1.0616579,-7.332227e-17
104.0,1046.0,2.0,1.0,0.0,2.0,2.0,0.0,1.3972776,1.6002363,1.0,1.0,1.96668,1.0
104.0,1047.0,3.0,1.0,0.0,,2.0,0.0,-0.71551174,1.6002363,0.0,1.0,-0.00088872755,0.35028097
104.0,1048.0,3.0,1.0,4.0,,3.0,17.0,-0.71551174,-0.6247571,0.0,0.0,-1.0616579,-7.332227e-17
105.0,1052.0,2.0,1.0,8.0,2.0,2.0,8.0,1.3972776,1.6002363,1.0,1.0,1.96668,1.0
105.0,1053.0,2.0,1.0,14.0,4.0,4.0,27.0,1.3972776,-0.6247571,1.0,0.0,0.905911,0.64971906
105.0,1054.0,2.0,1.0,14.0,3.0,3.0,14.0,1.3972776,1.6002363,1.0,1.0,1.0063869,0.6828976
105.0,1055.0,3.0,1.0,14.0,3.0,3.0,4.0,1.3972776,-0.6247571,1.0,0.0,0.905911,0.64971906
105.0,1057.0,3.0,1.0,6.0,2.0,2.0,6.0,1.3972776,1.6002363,1.0,1.0,1.0063869,0.6828976
105.0,1058.0,2.0,1.0,14.0,3.0,3.0,23.0,1.3972776,-0.6247571,1.0,0.0,0.905911,0.64971906
106.0,1063.0,,0.0,,,3.0,0.0,-0.71551174,-0.6247571,0.0,0.0,-1.0616579,-7.332227e-17
106.0,1064.0,2.0,0.0,8.0,2.0,3.0,8.0,-0.71551174,1.6002363,0.0,1.0,-0.00088872755,0.35028097
106.0,1065.0,2.0,1.0,25.0,3.0,3.0,9.0,1.3972776,-0.6247571,1.0,0.0,-0.0543822,0.3326167
106.0,1066.0,3.0,1.0,1.0,3.0,3.0,17.0,1.3972776,-0.6247571,1.0,0.0,-0.0543822,0.3326167
106.0,1069.0,2.0,1.0,9.0,4.0,4.0,27.0,1.3972776,-0.6247571,1.0,0.0,0.905911,0.64971906
107.0,1072.0,3.0,1.0,11.0,3.0,3.0,4.0,1.3972776,-0.6247571,1.0,0.0,0.905911,0.64971906
107.0,1073.0,,0.0,,,3.0,25.0,-0.71551174,-0.6247571,0.0,0.0,-1.0616579,-7.332227e-17
107.0,1078.0,,0.0,,,3.0,9.0,-0.71551174,-0.6247571,0.0,0.0,-1.0616579,-7.332227e-17
108.0,1081.0,,0.0,,,1.0,0.0,-0.71551174,-0.6247571,0.0,0.0,-1.0616579,-7.332227e-17
108.0,1083.0,,0.0,,,4.0,0.0,-0.71551174,-0.6247571,0.0,0.0,-1.0616579,-7.332227e-17
108.0,1085.0,2.0,1.0,4.0,2.0,2.0,0.0,1.3972776,-0.6247571,1.0,0.0,0.905911,0.64971906
108.0,1086.0,3.0,1.0,17.0,3.0,2.0,17.0,-0.71551174,1.6002363,0.0,1.0,0.9594045,0.6673834
108.0,1087.0,4.0,1.0,24.0,2.0,2.0,0.0,1.3972776,-0.6247571,1.0,0.0,0.905911,0.64971906
108.0,1088.0,,0.0,,,3.0,22.0,-0.71551174,-0.6247571,0.0,0.0,-1.0616579,-7.332227e-17
109.0,1092.0,,0.0,,,2.0,0.0,-0.71551174,-0.6247571,0.0,0.0,-1.0616579,-7.332227e-17
109.0,1093.0,2.0,1.0,0.0,2.0,4.0,0.0,-0.71551174,1.6002363,0.0,1.0,0.9594045,0.6673834
109.0,1094.0,2.0,1.0,4.0,3.0,3.0,23.0,1.3972776,-0.6247571,1.0,0.0,0.905911,0.64971906
109.0,1096.0,3.0,1.0,6.0,3.0,3.0,25.0,1.3972776,-0.6247571,1.0,0.0,0.905911,0.64971906
109.0,1097.0,,0.0,,,3.0,0.0,-0.71551174,-0.6247571,0.0,0.0,-1.0616579,-7.332227e-17
109.0,1099.0,,0.0,,,3.0,,-0.71551174,1.6002363,0.0,1.0,-0.00088872755,0.35028097
110.0,1103.0,1.0,1.0,11.0,,3.0,0.0,-0.71551174,-0.6247571,0.0,0.0,-0.10136469,0.3171024
110.0,1104.0,1.0,1.0,8.0,,3.0,8.0,-0.71551174,1.6002363,0.0,1.0,0.9594045,0.6673834
110.0,1106.0,3.0,1.0,0.0,,3.0,0.0,-0.71551174,1.6002363,0.0,1.0,0.9594045,0.6673834
110.0,1108.0,,0.0,,,3.0,14.0,-0.71551174,-0.6247571,0.0,0.0,-1.0616579,-7.332227e-17
111.0,1111.0,4.0,1.0,4.0,3.0,3.0,0.0,1.3972776,-0.6247571,1.0,0.0,-0.0543822,0.3326167
111.0,1112.0,2.0,1.0,6.0,3.0,3.0,6.0,1.3972776,1.6002363,1.0,1.0,1.96668,1.0
111.0,1116.0,2.0,1.0,0.0,3.0,3.0,0.0,1.3972776,1.6002363,1.0,1.0,1.96668,1.0
111.0,1117.0,2.0,1.0,4.0,,2.0,4.0,-0.71551174,1.6002363,0.0,1.0,0.9594045,0.6673834
111.0,1118.0,3.0,1.0,4.0,,3.0,,-0.71551174,,0.0,,-0.76380396,0.098355584
112.0,1122.0,2.0,1.0,4.0,,2.0,23.0,-0.71551174,-0.6247571,0.0,0.0,-1.0616579,-7.332227e-17
112.0,1123.0,2.0,1.0,0.0,3.0,2.0,0.0,-0.71551174,1.6002363,0.0,1.0,0.9594045,0.6673834
112.0,1124.0,2.0,1.0,8.0,3.0,3.0,8.0,1.3972776,1.6002363,1.0,1.0,1.96668,1.0
112.0,1125.0,2.0,1.0,0.0,3.0,3.0,23.0,1.3972776,-0.6247571,1.0,0.0,-0.0543822,0.3326167
112.0,1126.0,3.0,1.0,17.0,3.0,3.0,9.0,1.3972776,-0.6247571,1.0,0.0,0.905911,0.64971906
112.0,1127.0,4.0,1.0,17.0,4.0,4.0,17.0,1.3972776,1.6002363,1.0,1.0,1.0063869,0.6828976
112.0,1128.0,2.0,1.0,0.0,3.0,3.0,,1.3972776,,1.0,,1.2037649,0.74807465
113.0,1131.0,,0.0,,,1.0,0.0,-0.71551174,-0.6247571,0.0,0.0,-1.0616579,-7.332227e-17
113.0,1132.0,2.0,1.0,25.0,2.0,3.0,4.0,-0.71551174,-0.6247571,0.0,0.0,-1.0616579,-7.332227e-17
113.0,1134.0,2.0,0.0,6.0,3.0,2.0,6.0,-0.71551174,1.6002363,0.0,1.0,-0.00088872755,0.35028097
113.0,1137.0,2.0,0.0,11.0,3.0,3.0,11.0,1.3972776,1.6002363,1.0,1.0,1.0063869,0.6828976
113.0,1138.0,2.0,0.0,11.0,3.0,3.0,0.0,1.3972776,-0.6247571,1.0,0.0,-0.0543822,0.3326167
113.0,1139.0,3.0,1.0,17.0,3.0,3.0,17.0,1.3972776,1.6002363,1.0,1.0,1.96668,1.0
114.0,1141.0,1.0,1.0,0.0,,3.0,23.0,-0.71551174,-0.6247571,0.0,0.0,-0.10136469,0.3171024
114.0,1142.0,2.0,1.0,14.0,3.0,3.0,23.0,1.3972776,-0.6247571,1.0,0.0,0.905911,0.64971906
114.0,1146.0,1.0,1.0,0.0,,3.0,4.0,-0.71551174,-0.6247571,0.0,0.0,-0.10136469,0.3171024
114.0,1147.0,2.0,1.0,17.0,,3.0,17.0,-0.71551174,1.6002363,0.0,1.0,0.9594045,0.6673834
115.0,1155.0,2.0,1.0,4.0,2.0,3.0,0.0,-0.71551174,-0.6247571,0.0,0.0,-0.10136469,0.3171024
115.0,1158.0,1.0,1.0,0.0,3.0,3.0,27.0,1.3972776,-0.6247571,1.0,0.0,0.905911,0.64971906
115.0,1159.0,2.0,0.0,18.0,4.0,3.0,18.0,-0.71551174,1.6002363,0.0,1.0,-0.00088872755,0.35028097
116.0,1161.0,2.0,1.0,4.0,2.0,3.0,0.0,-0.71551174,-0.6247571,0.0,0.0,-1.0616579,-7.332227e-17
116.0,1162.0,3.0,1.0,4.0,2.0,2.0,4.0,1.3972776,1.6002363,1.0,1.0,1.96668,1.0
116.0,1164.0,4.0,1.0,17.0,4.0,3.0,17.0,-0.71551174,1.6002363,0.0,1.0,0.9594045,0.6673834
116.0,1166.0,,0.0,,,3.0,17.0,-0.71551174,-0.6247571,0.0,0.0,-1.0616579,-7.332227e-17
116.0,1167.0,2.0,1.0,4.0,3.0,3.0,25.0,1.3972776,-0.6247571,1.0,0.0,-0.0543822,0.3326167
116.0,1168.0,,0.0,,,2.0,,-0.71551174,1.6002363,0.0,1.0,-0.00088872755,0.35028097
116.0,1169.0,2.0,1.0,8.0,2.0,2.0,0.0,1.3972776,-0.6247571,1.0,0.0,-0.0543822,0.3326167
117.0,1171.0,1.0,1.0,18.0,2.0,2.0,0.0,1.3972776,-0.6247571,1.0,0.0,0.905911,0.64971906
117.0,1172.0,3.0,1.0,28.0,3.0,3.0,17.0,1.3972776,-0.6247571,1.0,0.0,0.905911,0.64971906
117.0,1173.0,3.0,1.0,21.0,3.0,3.0,17.0,1.3972776,-0.6247571,1.0,0.0,0.905911,0.64971906
117.0,1174.0,1.0,1.0,0.0,,3.0,0.0,-0.71551174,1.6002363,0.0,1.0,0.9594045,0.6673834
117.0,1176.0,,0.0,,,3.0,0.0,-0.71551174,-0.6247571,0.0,0.0,-1.0616579,-7.332227e-17
118.0,1181.0,1.0,1.0,4.0,,2.0,0.0,-0.71551174,-0.6247571,0.0,0.0,-1.0616579,-7.332227e-17
118.0,1185.0,2.0,1.0,15.0,2.0,3.0,15.0,-0.71551174,1.6002363,0.0,1.0,0.9594045,0.6673834
118.0,1186.0,3.0,1.0,13.0,3.0,3.0,9.0,1.3972776,-0.6247571,1.0,0.0,-0.0543822,0.3326167
118.0,1187.0,1.0,1.0,0.0,,0.0,0.0,-0.71551174,1.6002363,0.0,1.0,-0.00088872755,0.35028097
118.0,1188.0,1.0,1.0,4.0,,3.0,14.0,-0.71551174,-0.6247571,0.0,0.0,-0.10136469,0.3171024
118.0,1189.0,2.0,1.0,8.0,,2.0,8.0,-0.71551174,1.6002363,0.0,1.0,0.9594045,0.6673834
119.0,1193.0,3.0,1.0,9.0,3.0,3.0,9.0,1.3972776,1.6002363,1.0,1.0,1.96668,1.0
119.0,1194.0,2.0,1.0,25.0,3.0,2.0,4.0,-0.71551174,-0.6247571,0.0,0.0,-0.10136469,0.3171024
119.0,1196.0,2.0,1.0,23.0,2.0,0.0,0.0,-0.71551174,-0.6247571,0.0,0.0,-0.10136469,0.3171024
119.0,1197.0,,0.0,,,3.0,18.0,-0.71551174,-0.6247571,0.0,0.0,-1.0616579,-7.332227e-17
119.0,1198.0,3.0,1.0,4.0,3.0,3.0,4.0,1.3972776,1.6002363,1.0,1.0,1.96668,1.0
119.0,1199.0,2.0,1.0,9.0,4.0,4.0,0.0,1.3972776,-0.6247571,1.0,0.0,0.905911,0.64971906
120.0,1201.0,3.0,1.0,4.0,3.0,3.0,0.0,1.3972776,-0.6247571,1.0,0.0,0.905911,0.64971906
120.0,1202.0,2.0,1.0,4.0,2.0,2.0,4.0,1.3972776,1.6002363,1.0,1.0,1.96668,1.0
120.0,1204.0,2.0,1.0,12.0,3.0,3.0,4.0,1.3972776,-0.6247571,1.0,0.0,0.905911,0.64971906
120.0,1205.0,,0.0,,,2.0,0.0,-0.71551174,-0.6247571,0.0,0.0,-1.0616579,-7.332227e-17
120.0,1207.0,3.0,1.0,9.0,3.0,2.0,9.0,-0.71551174,1.6002363,0.0,1.0,0.9594045,0.6673834
120.0,1208.0,3.0,1.0,13.0,3.0,2.0,4.0,-0.71551174,-0.6247571,0.0,0.0,-1.0616579,-7.332227e-17
121.0,1212.0,2.0,1.0,14.0,2.0,3.0,8.0,-0.71551174,-0.6247571,0.0,0.0,-1.0616579,-7.332227e-17
121.0,1213.0,2.0,1.0,14.0,3.0,3.0,15.0,1.3972776,-0.6247571,1.0,0.0,-0.0543822,0.3326167
121.0,1214.0,,0.0,,,3.0,8.0,-0.71551174,-0.6247571,0.0,0.0,-1.0616579,-7.332227e-17
121.0,1215.0,2.0,1.0,,3.0,3.0,6.0,1.3972776,-0.6247571,1.0,0.0,-0.0543822,0.3326167
122.0,1223.0,2.0,1.0,4.0,0.0,2.0,0.0,-0.71551174,-0.6247571,0.0,0.0,-0.10136469,0.3171024
122.0,1225.0,4.0,1.0,17.0,3.0,3.0,17.0,1.3972776,1.6002363,1.0,1.0,1.96668,1.0
122.0,1228.0,3.0,1.0,25.0,3.0,3.0,0.0,1.3972776,-0.6247571,1.0,0.0,-0.0543822,0.3326167
123.0,1235.0,,0.0,,,2.0,0.0,-0.71551174,-0.6247571,0.0,0.0,-1.0616579,-7.332227e-17
123.0,1236.0,,0.0,,,1.0,0.0,-0.71551174,-0.6247571,0.0,0.0,-1.0616579,-7.332227e-17
123.0,1237.0,,0.0,,,3.0,0.0,-0.71551174,-0.6247571,0.0,0.0,-1.0616579,-7.332227e-17
123.0,1238.0,2.0,1.0,6.0,3.0,3.0,0.0,1.3972776,-0.6247571,1.0,0.0,0.905911,0.64971906
123.0,1239.0,3.0,1.0,17.0,3.0,4.0,17.0,-0.71551174,1.6002363,0.0,1.0,0.9594045,0.6673834
124.0,1244.0,,0.0,,,1.0,1.0,-0.71551174,-0.6247571,0.0,0.0,-1.0616579,-7.332227e-17
124.0,1245.0,,0.0,,,3.0,17.0,-0.71551174,-0.6247571,0.0,0.0,-1.0616579,-7.332227e-17
124.0,1246.0,3.0,1.0,25.0,,2.0,0.0,-0.71551174,-0.6247571,0.0,0.0,-0.10136469,0.3171024
124.0,1248.0,,0.0,,,3.0,18.0,-0.71551174,-0.6247571,0.0,0.0,-1.0616579,-7.332227e-17
124.0,1249.0,,0.0,,,4.0,9.0,-0.71551174,-0.6247571,0.0,0.0,-1.0616579,-7.332227e-17
125.0,1251.0,2.0,1.0,4.0,2.0,2.0,0.0,1.3972776,-0.6247571,1.0,0.0,0.905911,0.64971906
125.0,1252.0,2.0,1.0,4.0,2.0,2.0,8.0,1.3972776,-0.6247571,1.0,0.0,0.905911,0.64971906
125.0,1253.0,2.0,1.0,0.0,3.0,3.0,8.0,1.3972776,-0.6247571,1.0,0.0,0.905911,0.64971906
125.0,1254.0,3.0,1.0,13.0,3.0,2.0,13.0,-0.71551174,1.6002363,0.0,1.0,0.9594045,0.6673834
125.0,1255.0,3.0,1.0,0.0,3.0,3.0,4.0,1.3972776,-0.6247571,1.0,0.0,0.905911,0.64971906
125.0,1256.0,3.0,1.0,9.0,3.0,3.0,17.0,1.3972776,-0.6247571,1.0,0.0,0.905911,0.64971906
125.0,1257.0,2.0,1.0,4.0,3.0,3.0,0.0,1.3972776,-0.6247571,1.0,0.0,0.905911,0.64971906
125.0,1258.0,2.0,1.0,0.0,2.0,3.0,0.0,-0.71551174,1.6002363,0.0,1.0,0.9594045,0.6673834
125.0,1259.0,3.0,1.0,25.0,3.0,3.0,25.0,1.3972776,1.6002363,1.0,1.0,1.96668,1.0
126.0,1261.0,3.0,1.0,4.0,2.0,3.0,8.0,-0.71551174,-0.6247571,0.0,0.0,-0.10136469,0.3171024
126.0,1262.0,,0.0,,,2.0,0.0,-0.71551174,-0.6247571,0.0,0.0,-1.0616579,-7.332227e-17
126.0,1263.0,3.0,1.0,4.0,3.0,3.0,14.0,1.3972776,-0.6247571,1.0,0.0,0.905911,0.64971906
126.0,1264.0,3.0,1.0,9.0,4.0,4.0,9.0,1.3972776,1.6002363,1.0,1.0,1.96668,1.0
126.0,1267.0,2.0,1.0,0.0,2.0,2.0,8.0,1.3972776,-0.6247571,1.0,0.0,0.905911,0.64971906
126.0,1268.0,3.0,1.0,17.0,3.0,3.0,17.0,1.3972776,1.6002363,1.0,1.0,1.0063869,0.6828976
126.0,1269.0,,0.0,,,2.0,8.0,-0.71551174,-0.6247571,0.0,0.0,-1.0616579,-7.332227e-17
200.0,2001.0,,,,,3.0,0.0,-0.71551174,-0.6247571,0.0,0.0,-0.6389753,0.13957576
200.0,2006.0,,,,,3.0,4.0,-0.71551174,-0.6247571,0.0,0.0,-0.6389753,0.13957576
200.0,2008.0,,,,,3.0,0.0,-0.71551174,-0.6247571,0.0,0.0,-0.6389753,0.13957576
200.0,2009.0,,,,,2.0,0.0,-0.71551174,-0.6247571,0.0,0.0,-0.6389753,0.13957576
201.0,2011.0,,,,,2.0,0.0,-0.71551174,-0.6247571,0.0,0.0,-0.6389753,0.13957576
201.0,2012.0,,,,,3.0,0.0,-0.71551174,-0.6247571,0.0,0.0,-0.6389753,0.13957576
201.0,2013.0,,,,,2.0,0.0,-0.71551174,-0.6247571,0.0,0.0,-0.6389753,0.13957576
201.0,2014.0,,,,,4.0,0.0,-0.71551174,-0.6247571,0.0,0.0,-0.6389753,0.13957576
201.0,2017.0,,,,,2.0,0.0,-0.71551174,-0.6247571,0.0,0.0,-0.6389753,0.13957576
201.0,2018.0,,,,,3.0,9.0,-0.71551174,-0.6247571,0.0,0.0,-0.6389753,0.13957576
201.0,2019.0,,,,,3.0,0.0,-0.71551174,-0.6247571,0.0,0.0,-0.6389753,0.13957576
202.0,2022.0,,,,,2.0,8.0,-0.71551174,-0.6247571,0.0,0.0,-0.6389753,0.13957576
202.0,2025.0,,,,,2.0,17.0,-0.71551174,-0.6247571,0.0,0.0,-0.6389753,0.13957576
202.0,2026.0,,,,,3.0,23.0,-0.71551174,-0.6247571,0.0,0.0,-0.6389753,0.13957576
202.0,2027.0,,,,,3.0,14.0,-0.71551174,-0.6247571,0.0,0.0,-0.6389753,0.13957576
202.0,2028.0,,,,,3.0,8.0,-0.71551174,-0.6247571,0.0,0.0,-0.6389753,0.13957576
202.0,2029.0,,,,,3.0,15.0,-0.71551174,-0.6247571,0.0,0.0,-0.6389753,0.13957576
203.0,2031.0,,,,,2.0,17.0,-0.71551174,-0.6247571,0.0,0.0,-0.6389753,0.13957576
203.0,2032.0,,,,,3.0,17.0,-0.71551174,-0.6247571,0.0,0.0,-0.6389753,0.13957576
203.0,2034.0,,,,,3.0,0.0,-0.71551174,-0.6247571,0.0,0.0,-0.6389753,0.13957576
203.0,2035.0,,,,,2.0,0.0,-0.71551174,-0.6247571,0.0,0.0,-0.6389753,0.13957576
203.0,2036.0,,,,,4.0,27.0,-0.71551174,-0.6247571,0.0,0.0,-0.6389753,0.13957576
203.0,2038.0,,,,,2.0,11.0,-0.71551174,-0.6247571,0.0,0.0,-0.6389753,0.13957576
203.0,2039.0,,,,,3.0,27.0,-0.71551174,-0.6247571,0.0,0.0,-0.6389753,0.13957576
204.0,2041.0,2.0,1.0,21.0,2.0,3.0,21.0,-0.71551174,1.6002363,0.0,1.0,0.9594045,0.6673834
204.0,2042.0,3.0,1.0,4.0,2.0,3.0,0.0,-0.71551174,-0.6247571,0.0,0.0,-0.10136469,0.3171024
204.0,2043.0,,1.0,,,2.0,0.0,-0.71551174,-0.6247571,0.0,0.0,-1.0616579,-7.332227e-17
204.0,2044.0,3.0,1.0,9.0,3.0,3.0,23.0,1.3972776,-0.6247571,1.0,0.0,-0.0543822,0.3326167
204.0,2045.0,2.0,1.0,0.0,2.0,2.0,0.0,1.3972776,1.6002363,1.0,1.0,1.96668,1.0
204.0,2047.0,3.0,1.0,6.0,3.0,2.0,0.0,-0.71551174,-0.6247571,0.0,0.0,-1.0616579,-7.332227e-17
204.0,2049.0,3.0,1.0,14.0,2.0,3.0,0.0,-0.71551174,-0.6247571,0.0,0.0,-1.0616579,-7.332227e-17
205.0,2051.0,3.0,1.0,24.0,3.0,3.0,7.0,1.3972776,-0.6247571,1.0,0.0,-0.0543822,0.3326167
205.0,2056.0,2.0,1.0,10.0,2.0,3.0,4.0,-0.71551174,-0.6247571,0.0,0.0,-0.10136469,0.3171024
205.0,2057.0,2.0,1.0,4.0,2.0,4.0,14.0,-0.71551174,-0.6247571,0.0,0.0,-1.0616579,-7.332227e-17
205.0,2059.0,2.0,1.0,15.0,3.0,3.0,15.0,1.3972776,1.6002363,1.0,1.0,1.96668,1.0
206.0,2061.0,3.0,1.0,4.0,2.0,3.0,,-0.71551174,,0.0,,0.19648926,0.41545796
206.0,2062.0,3.0,1.0,9.0,3.0,3.0,9.0,1.3972776,1.6002363,1.0,1.0,1.96668,1.0
206.0,2063.0,2.0,1.0,4.0,2.0,2.0,0.0,1.3972776,-0.6247571,1.0,0.0,-0.0543822,0.3326167
206.0,2064.0,4.0,1.0,25.0,2.0,2.0,,1.3972776,,1.0,,1.2037649,0.74807465
206.0,2065.0,2.0,1.0,8.0,2.0,3.0,0.0,-0.71551174,-0.6247571,0.0,0.0,-1.0616579,-7.332227e-17
206.0,2067.0,2.0,1.0,5.0,2.0,3.0,5.0,-0.71551174,1.6002363,0.0,1.0,0.9594045,0.6673834
206.0,2068.0,2.0,1.0,8.0,2.0,3.0,23.0,-0.71551174,-0.6247571,0.0,0.0,-1.0616579,-7.332227e-17
207.0,2072.0,,,,,2.0,0.0,-0.71551174,-0.6247571,0.0,0.0,-0.6389753,0.13957576
207.0,2073.0,,,,,1.0,8.0,-0.71551174,-0.6247571,0.0,0.0,-0.6389753,0.13957576
207.0,2074.0,,,,,3.0,4.0,-0.71551174,-0.6247571,0.0,0.0,-0.6389753,0.13957576
207.0,2077.0,,,,,4.0,9.0,-0.71551174,-0.6247571,0.0,0.0,-0.6389753,0.13957576
207.0,2078.0,,,,,3.0,17.0,-0.71551174,-0.6247571,0.0,0.0,-0.6389753,0.13957576
208.0,2081.0,,,,,3.0,14.0,-0.71551174,-0.6247571,0.0,0.0,-0.6389753,0.13957576
208.0,2083.0,,,,,3.0,17.0,-0.71551174,-0.6247571,0.0,0.0,-0.6389753,0.13957576
209.0,2091.0,,0.0,,,3.0,4.0,-0.71551174,-0.6247571,0.0,0.0,-1.0616579,-7.332227e-17
209.0,2092.0,2.0,1.0,9.0,4.0,4.0,9.0,1.3972776,1.6002363,1.0,1.0,1.0063869,0.6828976
209.0,2093.0,2.0,1.0,4.0,3.0,3.0,4.0,1.3972776,1.6002363,1.0,1.0,1.96668,1.0
209.0,2097.0,2.0,1.0,0.0,0.0,2.0,0.0,-0.71551174,1.6002363,0.0,1.0,0.9594045,0.6673834
209.0,2099.0,2.0,1.0,4.0,2.0,3.0,0.0,-0.71551174,-0.6247571,0.0,0.0,-0.10136469,0.3171024
210.0,2101.0,,,,,2.0,0.0,-0.71551174,-0.6247571,0.0,0.0,-0.6389753,0.13957576
210.0,2102.0,,,,,3.0,0.0,-0.71551174,-0.6247571,0.0,0.0,-0.6389753,0.13957576
210.0,2103.0,,,,,3.0,6.0,-0.71551174,-0.6247571,0.0,0.0,-0.6389753,0.13957576
210.0,2104.0,,,,,3.0,4.0,-0.71551174,-0.6247571,0.0,0.0,-0.6389753,0.13957576
210.0,2106.0,,,,,3.0,8.0,-0.71551174,-0.6247571,0.0,0.0,-0.6389753,0.13957576
210.0,2107.0,,,,,3.0,4.0,-0.71551174,-0.6247571,0.0,0.0,-0.6389753,0.13957576
210.0,2108.0,,,,,3.0,8.0,-0.71551174,-0.6247571,0.0,0.0,-0.6389753,0.13957576
210.0,2109.0,,,,,3.0,0.0,-0.71551174,-0.6247571,0.0,0.0,-0.6389753,0.13957576
211.0,2113.0,1.0,1.0,0.0,,2.0,4.0,-0.71551174,-0.6247571,0.0,0.0,-1.0616579,-7.332227e-17
211.0,2116.0,3.0,1.0,23.0,,3.0,0.0,-0.71551174,-0.6247571,0.0,0.0,-0.10136469,0.3171024
211.0,2117.0,4.0,1.0,4.0,,2.0,0.0,-0.71551174,-0.6247571,0.0,0.0,-1.0616579,-7.332227e-17
212.0,2121.0,2.0,1.0,0.0,2.0,3.0,0.0,-0.71551174,1.6002363,0.0,1.0,0.9594045,0.6673834
212.0,2122.0,1.0,1.0,11.0,3.0,3.0,0.0,1.3972776,-0.6247571,1.0,0.0,0.905911,0.64971906
212.0,2123.0,1.0,1.0,4.0,2.0,2.0,4.0,1.3972776,1.6002363,1.0,1.0,1.96668,1.0
212.0,2125.0,1.0,1.0,11.0,3.0,3.0,4.0,1.3972776,-0.6247571,1.0,0.0,0.905911,0.64971906
212.0,2127.0,2.0,1.0,1.0,3.0,2.0,17.0,-0.71551174,-0.6247571,0.0,0.0,-0.10136469,0.3171024
212.0,2128.0,2.0,1.0,4.0,2.0,2.0,0.0,1.3972776,-0.6247571,1.0,0.0,0.905911,0.64971906
213.0,2131.0,3.0,1.0,9.0,3.0,4.0,22.0,-0.71551174,-0.6247571,0.0,0.0,-1.0616579,-7.332227e-17
213.0,2132.0,1.0,1.0,0.0,3.0,3.0,0.0,1.3972776,1.6002363,1.0,1.0,1.0063869,0.6828976
213.0,2133.0,2.0,1.0,5.0,,3.0,5.0,-0.71551174,1.6002363,0.0,1.0,-0.00088872755,0.35028097
213.0,2134.0,3.0,1.0,4.0,,3.0,25.0,-0.71551174,-0.6247571,0.0,0.0,-0.10136469,0.3171024
213.0,2135.0,2.0,1.0,4.0,,3.0,0.0,-0.71551174,-0.6247571,0.0,0.0,-1.0616579,-7.332227e-17
213.0,2136.0,3.0,1.0,4.0,3.0,3.0,4.0,1.3972776,1.6002363,1.0,1.0,1.96668,1.0
213.0,2137.0,3.0,1.0,,,2.0,8.0,-0.71551174,-0.6247571,0.0,0.0,-1.0616579,-7.332227e-17
213.0,2138.0,2.0,1.0,0.0,2.0,3.0,0.0,-0.71551174,1.6002363,0.0,1.0,0.9594045,0.6673834
213.0,2139.0,2.0,1.0,4.0,2.0,3.0,25.0,-0.71551174,-0.6247571,0.0,0.0,-0.10136469,0.3171024
214.0,2141.0,2.0,1.0,11.0,3.0,3.0,7.0,1.3972776,-0.6247571,1.0,0.0,-0.0543822,0.3326167
214.0,2143.0,,0.0,,,3.0,0.0,-0.71551174,-0.6247571,0.0,0.0,-1.0616579,-7.332227e-17
214.0,2144.0,2.0,1.0,7.0,2.0,3.0,4.0,-0.71551174,-0.6247571,0.0,0.0,-1.0616579,-7.332227e-17
214.0,2145.0,,0.0,,,3.0,0.0,-0.71551174,-0.6247571,0.0,0.0,-1.0616579,-7.332227e-17
214.0,2148.0,2.0,1.0,4.0,3.0,3.0,,1.3972776,,1.0,,0.24347176,0.43097225
214.0,2149.0,3.0,1.0,17.0,3.0,3.0,17.0,1.3972776,1.6002363,1.0,1.0,1.96668,1.0
215.0,2151.0,1.0,1.0,0.0,2.0,3.0,17.0,-0.71551174,-0.6247571,0.0,0.0,-1.0616579,-7.332227e-17
215.0,2153.0,2.0,1.0,4.0,3.0,3.0,4.0,1.3972776,1.6002363,1.0,1.0,1.0063869,0.6828976
215.0,2154.0,3.0,1.0,17.0,3.0,3.0,17.0,1.3972776,1.6002363,1.0,1.0,1.0063869,0.6828976
215.0,2157.0,2.0,1.0,4.0,2.0,0.0,23.0,-0.71551174,-0.6247571,0.0,0.0,-1.0616579,-7.332227e-17
215.0,2158.0,3.0,1.0,17.0,3.0,2.0,8.0,-0.71551174,-0.6247571,0.0,0.0,-0.10136469,0.3171024
215.0,2159.0,3.0,1.0,4.0,3.0,3.0,4.0,1.3972776,1.6002363,1.0,1.0,1.96668,1.0
216.0,2162.0,4.0,1.0,9.0,4.0,4.0,4.0,1.3972776,-0.6247571,1.0,0.0,-0.0543822,0.3326167
216.0,2164.0,2.0,1.0,0.0,3.0,2.0,4.0,-0.71551174,-0.6247571,0.0,0.0,-0.10136469,0.3171024
216.0,2165.0,4.0,1.0,0.0,4.0,4.0,17.0,1.3972776,-0.6247571,1.0,0.0,-0.0543822,0.3326167
216.0,2169.0,2.0,1.0,4.0,2.0,1.0,0.0,-0.71551174,-0.6247571,0.0,0.0,-1.0616579,-7.332227e-17
217.0,2171.0,3.0,1.0,14.0,3.0,2.0,4.0,-0.71551174,-0.6247571,0.0,0.0,-0.10136469,0.3171024
217.0,2172.0,1.0,1.0,0.0,0.0,3.0,0.0,-0.71551174,1.6002363,0.0,1.0,0.9594045,0.6673834
217.0,2173.0,3.0,1.0,23.0,2.0,0.0,4.0,-0.71551174,-0.6247571,0.0,0.0,-0.10136469,0.3171024
217.0,2176.0,1.0,1.0,23.0,2.0,1.0,4.0,-0.71551174,-0.6247571,0.0,0.0,-0.10136469,0.3171024
217.0,2178.0,3.0,1.0,0.0,4.0,3.0,0.0,-0.71551174,1.6002363,0.0,1.0,0.9594045,0.6673834
218.0,2183.0,,0.0,,,3.0,22.0,-0.71551174,-0.6247571,0.0,0.0,-1.0616579,-7.332227e-17
218.0,2185.0,,0.0,,,3.0,0.0,-0.71551174,-0.6247571,0.0,0.0,-1.0616579,-7.332227e-17
218.0,2186.0,3.0,0.0,0.0,3.0,3.0,0.0,1.3972776,1.6002363,1.0,1.0,1.0063869,0.6828976
218.0,2187.0,,0.0,,,3.0,25.0,-0.71551174,-0.6247571,0.0,0.0,-1.0616579,-7.332227e-17
218.0,2188.0,,0.0,,,3.0,25.0,-0.71551174,-0.6247571,0.0,0.0,-1.0616579,-7.332227e-17
219.0,2191.0,4.0,1.0,4.0,4.0,4.0,,1.3972776,,1.0,,0.24347176,0.43097225
219.0,2192.0,2.0,1.0,,3.0,3.0,27.0,1.3972776,-0.6247571,1.0,0.0,-0.0543822,0.3326167
219.0,2193.0,,0.0,,,3.0,,-0.71551174,1.6002363,0.0,1.0,-0.00088872755,0.35028097
219.0,2195.0,2.0,1.0,4.0,2.0,3.0,0.0,-0.71551174,-0.6247571,0.0,0.0,-1.0616579,-7.332227e-17
219.0,2196.0,3.0,1.0,17.0,3.0,4.0,17.0,-0.71551174,1.6002363,0.0,1.0,0.9594045,0.6673834
219.0,2197.0,2.0,1.0,0.0,,3.0,6.0,-0.71551174,-0.6247571,0.0,0.0,-1.0616579,-7.332227e-17
219.0,2198.0,3.0,1.0,23.0,2.0,3.0,0.0,-0.71551174,-0.6247571,0.0,0.0,-1.0616579,-7.332227e-17
219.0,2199.0,2.0,1.0,4.0,2.0,3.0,0.0,-0.71551174,-0.6247571,0.0,0.0,-1.0616579,-7.332227e-17
220.0,2201.0,2.0,1.0,4.0,2.0,3.0,0.0,-0.71551174,-0.6247571,0.0,0.0,-1.0616579,-7.332227e-17
220.0,2203.0,,0.0,,,3.0,25.0,-0.71551174,-0.6247571,0.0,0.0,-1.0616579,-7.332227e-17
220.0,2204.0,,0.0,,,3.0,0.0,-0.71551174,-0.6247571,0.0,0.0,-1.0616579,-7.332227e-17
220.0,2205.0,,0.0,,,4.0,,-0.71551174,1.6002363,0.0,1.0,-0.00088872755,0.35028097
220.0,2206.0,3.0,1.0,27.0,4.0,4.0,27.0,1.3972776,1.6002363,1.0,1.0,1.96668,1.0
220.0,2208.0,2.0,1.0,0.0,3.0,3.0,0.0,1.3972776,1.6002363,1.0,1.0,1.0063869,0.6828976
220.0,2209.0,,0.0,,,3.0,17.0,-0.71551174,-0.6247571,0.0,0.0,-1.0616579,-7.332227e-17
221.0,2211.0,5.0,1.0,2.0,4.0,4.0,2.0,1.3972776,1.6002363,1.0,1.0,1.96668,1.0
221.0,2212.0,,0.0,,,0.0,25.0,-0.71551174,-0.6247571,0.0,0.0,-1.0616579,-7.332227e-17
221.0,2213.0,2.0,1.0,0.0,,3.0,14.0,-0.71551174,-0.6247571,0.0,0.0,-1.0616579,-7.332227e-17
221.0,2214.0,,0.0,,,4.0,9.0,-0.71551174,-0.6247571,0.0,0.0,-1.0616579,-7.332227e-17
221.0,2215.0,4.0,1.0,9.0,3.0,3.0,17.0,1.3972776,-0.6247571,1.0,0.0,0.905911,0.64971906
221.0,2216.0,4.0,1.0,0.0,3.0,4.0,,-0.71551174,,0.0,,-0.76380396,0.098355584
221.0,2218.0,3.0,1.0,0.0,2.0,3.0,0.0,-0.71551174,1.6002363,0.0,1.0,-0.00088872755,0.35028097
222.0,2225.0,4.0,1.0,17.0,4.0,4.0,9.0,1.3972776,-0.6247571,1.0,0.0,0.905911,0.64971906
222.0,2227.0,3.0,1.0,0.0,3.0,3.0,0.0,1.3972776,1.6002363,1.0,1.0,1.0063869,0.6828976
222.0,2228.0,3.0,1.0,4.0,3.0,3.0,25.0,1.3972776,-0.6247571,1.0,0.0,-0.0543822,0.3326167
222.0,2229.0,,0.0,,,2.0,0.0,-0.71551174,-0.6247571,0.0,0.0,-1.0616579,-7.332227e-17
223.0,2231.0,1.0,1.0,0.0,3.0,3.0,0.0,1.3972776,1.6002363,1.0,1.0,1.96668,1.0
223.0,2232.0,1.0,1.0,0.0,2.0,2.0,0.0,1.3972776,1.6002363,1.0,1.0,1.96668,1.0
223.0,2233.0,1.0,1.0,0.0,3.0,3.0,4.0,1.3972776,-0.6247571,1.0,0.0,0.905911,0.64971906
223.0,2234.0,2.0,1.0,4.0,3.0,3.0,6.0,1.3972776,-0.6247571,1.0,0.0,0.905911,0.64971906
223.0,2236.0,1.0,1.0,0.0,0.0,3.0,4.0,-0.71551174,-0.6247571,0.0,0.0,-0.10136469,0.3171024
223.0,2237.0,2.0,1.0,17.0,3.0,4.0,17.0,-0.71551174,1.6002363,0.0,1.0,0.9594045,0.6673834
224.0,2241.0,2.0,1.0,14.0,2.0,3.0,0.0,-0.71551174,-0.6247571,0.0,0.0,-0.10136469,0.3171024
224.0,2242.0,3.0,1.0,4.0,2.0,4.0,0.0,-0.71551174,-0.6247571,0.0,0.0,-0.10136469,0.3171024
224.0,2243.0,,0.0,,,3.0,0.0,-0.71551174,-0.6247571,0.0,0.0,-1.0616579,-7.332227e-17
224.0,2246.0,,0.0,,,4.0,4.0,-0.71551174,-0.6247571,0.0,0.0,-1.0616579,-7.332227e-17
224.0,2247.0,,0.0,,,3.0,4.0,-0.71551174,-0.6247571,0.0,0.0,-1.0616579,-7.332227e-17
224.0,2249.0,,0.0,,,3.0,23.0,-0.71551174,-0.6247571,0.0,0.0,-1.0616579,-7.332227e-17
225.0,2252.0,2.0,1.0,18.0,2.0,3.0,0.0,-0.71551174,-0.6247571,0.0,0.0,-0.10136469,0.3171024
225.0,2253.0,2.0,1.0,1.0,3.0,4.0,9.0,-0.71551174,-0.6247571,0.0,0.0,-0.10136469,0.3171024
225.0,2254.0,1.0,1.0,1.0,3.0,2.0,0.0,-0.71551174,-0.6247571,0.0,0.0,-1.0616579,-7.332227e-17
225.0,2255.0,3.0,0.0,0.0,3.0,3.0,0.0,1.3972776,1.6002363,1.0,1.0,1.0063869,0.6828976
225.0,2256.0,1.0,1.0,25.0,3.0,4.0,0.0,-0.71551174,-0.6247571,0.0,0.0,-1.0616579,-7.332227e-17
226.0,2261.0,1.0,1.0,0.0,2.0,2.0,8.0,1.3972776,-0.6247571,1.0,0.0,0.905911,0.64971906
226.0,2262.0,3.0,1.0,9.0,3.0,3.0,9.0,1.3972776,1.6002363,1.0,1.0,1.96668,1.0
226.0,2264.0,1.0,1.0,0.0,2.0,2.0,0.0,1.3972776,1.6002363,1.0,1.0,1.96668,1.0
226.0,2265.0,2.0,1.0,0.0,,2.0,25.0,-0.71551174,-0.6247571,0.0,0.0,-0.10136469,0.3171024
226.0,2266.0,2.0,1.0,4.0,3.0,3.0,0.0,1.3972776,-0.6247571,1.0,0.0,-0.0543822,0.3326167
226.0,2268.0,2.0,1.0,4.0,2.0,3.0,6.0,-0.71551174,-0.6247571,0.0,0.0,-1.0616579,-7.332227e-17
227.0,2271.0,1.0,1.0,8.0,2.0,3.0,8.0,-0.71551174,1.6002363,0.0,1.0,0.9594045,0.6673834
227.0,2272.0,1.0,1.0,4.0,2.0,3.0,0.0,-0.71551174,-0.6247571,0.0,0.0,-1.0616579,-7.332227e-17
227.0,2277.0,1.0,1.0,4.0,0.0,1.0,0.0,-0.71551174,-0.6247571,0.0,0.0,-1.0616579,-7.332227e-17
227.0,2278.0,1.0,1.0,0.0,3.0,3.0,0.0,1.3972776,1.6002363,1.0,1.0,1.96668,1.0
227.0,2279.0,3.0,1.0,9.0,4.0,4.0,9.0,1.3972776,1.6002363,1.0,1.0,1.0063869,0.6828976
228.0,2281.0,,0.0,,,2.0,4.0,-0.71551174,-0.6247571,0.0,0.0,-1.0616579,-7.332227e-17
228.0,2283.0,1.0,1.0,8.0,0.0,2.0,8.0,-0.71551174,1.6002363,0.0,1.0,-0.00088872755,0.35028097
228.0,2285.0,1.0,1.0,0.0,0.0,2.0,4.0,-0.71551174,-0.6247571,0.0,0.0,-1.0616579,-7.332227e-17
228.0,2286.0,1.0,1.0,8.0,0.0,2.0,4.0,-0.71551174,-0.6247571,0.0,0.0,-0.10136469,0.3171024
228.0,2287.0,1.0,1.0,21.0,2.0,3.0,8.0,-0.71551174,-0.6247571,0.0,0.0,-1.0616579,-7.332227e-17
228.0,2288.0,1.0,1.0,0.0,0.0,2.0,8.0,-0.71551174,-0.6247571,0.0,0.0,-1.0616579,-7.332227e-17
228.0,2289.0,2.0,1.0,17.0,4.0,3.0,4.0,-0.71551174,-0.6247571,0.0,0.0,-1.0616579,-7.332227e-17
229.0,2291.0,2.0,1.0,1.0,4.0,4.0,1.0,1.3972776,1.6002363,1.0,1.0,1.96668,1.0
229.0,2293.0,2.0,1.0,17.0,3.0,3.0,17.0,1.3972776,1.6002363,1.0,1.0,1.96668,1.0
229.0,2294.0,1.0,1.0,0.0,2.0,3.0,0.0,-0.71551174,1.6002363,0.0,1.0,0.9594045,0.6673834
229.0,2295.0,1.0,1.0,0.0,0.0,2.0,0.0,-0.71551174,1.6002363,0.0,1.0,-0.00088872755,0.35028097
229.0,2296.0,1.0,1.0,0.0,2.0,2.0,0.0,1.3972776,1.6002363,1.0,1.0,1.0063869,0.6828976
229.0,2297.0,1.0,1.0,17.0,3.0,3.0,17.0,1.3972776,1.6002363,1.0,1.0,1.96668,1.0
229.0,2299.0,1.0,1.0,14.0,3.0,3.0,,1.3972776,,1.0,,0.24347176,0.43097225
230.0,2301.0,2.0,1.0,4.0,2.0,2.0,4.0,1.3972776,1.6002363,1.0,1.0,1.96668,1.0
230.0,2303.0,2.0,0.0,0.0,2.0,2.0,0.0,1.3972776,1.6002363,1.0,1.0,1.0063869,0.6828976
230.0,2304.0,2.0,1.0,4.0,3.0,2.0,0.0,-0.71551174,-0.6247571,0.0,0.0,-0.10136469,0.3171024
230.0,2305.0,3.0,1.0,9.0,3.0,2.0,0.0,-0.71551174,-0.6247571,0.0,0.0,-0.10136469,0.3171024
230.0,2307.0,1.0,0.0,14.0,3.0,2.0,,-0.71551174,,0.0,,-0.76380396,0.098355584
230.0,2308.0,2.0,1.0,0.0,3.0,4.0,17.0,-0.71551174,-0.6247571,0.0,0.0,-0.10136469,0.3171024
231.0,2312.0,,0.0,,,3.0,6.0,-0.71551174,-0.6247571,0.0,0.0,-1.0616579,-7.332227e-17
231.0,2313.0,2.0,0.0,0.0,3.0,3.0,18.0,1.3972776,-0.6247571,1.0,0.0,-0.0543822,0.3326167
231.0,2314.0,2.0,1.0,25.0,2.0,2.0,0.0,1.3972776,-0.6247571,1.0,0.0,0.905911,0.64971906
231.0,2315.0,2.0,1.0,12.0,3.0,3.0,1.0,1.3972776,-0.6247571,1.0,0.0,0.905911,0.64971906
231.0,2317.0,2.0,1.0,4.0,2.0,2.0,25.0,1.3972776,-0.6247571,1.0,0.0,0.905911,0.64971906
231.0,2318.0,2.0,0.0,0.0,3.0,3.0,0.0,1.3972776,1.6002363,1.0,1.0,1.0063869,0.6828976
231.0,2319.0,1.0,1.0,0.0,2.0,3.0,8.0,-0.71551174,-0.6247571,0.0,0.0,-0.10136469,0.3171024
232.0,2321.0,2.0,1.0,17.0,3.0,4.0,17.0,-0.71551174,1.6002363,0.0,1.0,0.9594045,0.6673834
232.0,2322.0,2.0,1.0,0.0,3.0,3.0,17.0,1.3972776,-0.6247571,1.0,0.0,0.905911,0.64971906
232.0,2323.0,,0.0,,,0.0,0.0,-0.71551174,-0.6247571,0.0,0.0,-1.0616579,-7.332227e-17
232.0,2325.0,3.0,1.0,9.0,3.0,2.0,,-0.71551174,,0.0,,0.19648926,0.41545796
232.0,2326.0,3.0,1.0,9.0,4.0,3.0,,-0.71551174,,0.0,,0.19648926,0.41545796
232.0,2327.0,,0.0,,,3.0,0.0,-0.71551174,-0.6247571,0.0,0.0,-1.0616579,-7.332227e-17
232.0,2328.0,,0.0,,,2.0,4.0,-0.71551174,-0.6247571,0.0,0.0,-1.0616579,-7.332227e-17
233.0,2331.0,1.0,1.0,8.0,2.0,3.0,0.0,-0.71551174,-0.6247571,0.0,0.0,-0.10136469,0.3171024
233.0,2332.0,2.0,0.0,11.0,3.0,3.0,11.0,1.3972776,1.6002363,1.0,1.0,1.0063869,0.6828976
233.0,2333.0,2.0,1.0,6.0,3.0,3.0,6.0,1.3972776,1.6002363,1.0,1.0,1.96668,1.0
233.0,2335.0,2.0,0.0,4.0,3.0,3.0,4.0,1.3972776,1.6002363,1.0,1.0,1.0063869,0.6828976
233.0,2336.0,4.0,0.0,9.0,3.0,4.0,17.0,-0.71551174,-0.6247571,0.0,0.0,-1.0616579,-7.332227e-17
234.0,2341.0,,0.0,,,2.0,0.0,-0.71551174,-0.6247571,0.0,0.0,-1.0616579,-7.332227e-17
234.0,2344.0,3.0,1.0,,,2.0,0.0,-0.71551174,-0.6247571,0.0,0.0,-1.0616579,-7.332227e-17
234.0,2347.0,,0.0,,,2.0,4.0,-0.71551174,-0.6247571,0.0,0.0,-1.0616579,-7.332227e-17
234.0,2348.0,3.0,1.0,22.0,2.0,2.0,,1.3972776,,1.0,,1.2037649,0.74807465
234.0,2349.0,3.0,1.0,17.0,3.0,4.0,4.0,-0.71551174,-0.6247571,0.0,0.0,-1.0616579,-7.332227e-17
235.0,2357.0,3.0,1.0,17.0,3.0,2.0,0.0,-0.71551174,-0.6247571,0.0,0.0,-0.10136469,0.3171024
235.0,2358.0,2.0,1.0,0.0,2.0,3.0,17.0,-0.71551174,-0.6247571,0.0,0.0,-0.10136469,0.3171024
235.0,2359.0,3.0,1.0,17.0,3.0,4.0,17.0,-0.71551174,1.6002363,0.0,1.0,0.9594045,0.6673834
236.0,2366.0,1.0,1.0,28.0,2.0,3.0,0.0,-0.71551174,-0.6247571,0.0,0.0,-0.10136469,0.3171024
236.0,2368.0,,0.0,,,2.0,17.0,-0.71551174,-0.6247571,0.0,0.0,-1.0616579,-7.332227e-17
237.0,2371.0,,0.0,,,4.0,0.0,-0.71551174,-0.6247571,0.0,0.0,-1.0616579,-7.332227e-17
237.0,2372.0,,0.0,,,3.0,21.0,-0.71551174,-0.6247571,0.0,0.0,-1.0616579,-7.332227e-17
237.0,2373.0,,0.0,,,3.0,15.0,-0.71551174,-0.6247571,0.0,0.0,-1.0616579,-7.332227e-17
237.0,2374.0,,0.0,,,3.0,25.0,-0.71551174,-0.6247571,0.0,0.0,-1.0616579,-7.332227e-17
237.0,2375.0,,0.0,,,3.0,25.0,-0.71551174,-0.6247571,0.0,0.0,-1.0616579,-7.332227e-17
237.0,2378.0,,0.0,,,3.0,6.0,-0.71551174,-0.6247571,0.0,0.0,-1.0616579,-7.332227e-17
237.0,2379.0,,0.0,,,4.0,9.0,-0.71551174,-0.6247571,0.0,0.0,-1.0616579,-7.332227e-17
238.0,2381.0,,0.0,,,3.0,0.0,-0.71551174,-0.6247571,0.0,0.0,-1.0616579,-7.332227e-17
238.0,2382.0,3.0,1.0,9.0,3.0,3.0,9.0,1.3972776,1.6002363,1.0,1.0,1.0063869,0.6828976
238.0,2384.0,3.0,1.0,0.0,2.0,1.0,0.0,-0.71551174,1.6002363,0.0,1.0,-0.00088872755,0.35028097
238.0,2386.0,3.0,1.0,0.0,2.0,2.0,0.0,1.3972776,1.6002363,1.0,1.0,1.96668,1.0
238.0,2387.0,2.0,1.0,19.0,2.0,3.0,22.0,-0.71551174,-0.6247571,0.0,0.0,-0.10136469,0.3171024
238.0,2388.0,2.0,1.0,4.0,2.0,3.0,0.0,-0.71551174,-0.6247571,0.0,0.0,-0.10136469,0.3171024
238.0,2389.0,3.0,1.0,23.0,3.0,3.0,0.0,1.3972776,-0.6247571,1.0,0.0,0.905911,0.64971906
239.0,2391.0,,0.0,,,3.0,19.0,-0.71551174,-0.6247571,0.0,0.0,-1.0616579,-7.332227e-17
239.0,2392.0,,0.0,,,3.0,0.0,-0.71551174,-0.6247571,0.0,0.0,-1.0616579,-7.332227e-17
239.0,2395.0,,0.0,,,2.0,0.0,-0.71551174,-0.6247571,0.0,0.0,-1.0616579,-7.332227e-17
239.0,2396.0,,0.0,,,4.0,18.0,-0.71551174,-0.6247571,0.0,0.0,-1.0616579,-7.332227e-17
239.0,2398.0,,0.0,,,4.0,17.0,-0.71551174,-0.6247571,0.0,0.0,-1.0616579,-7.332227e-17
239.0,2399.0,3.0,1.0,0.0,,2.0,0.0,-0.71551174,1.6002363,0.0,1.0,0.9594045,0.6673834
240.0,2403.0,,0.0,,,3.0,17.0,-0.71551174,-0.6247571,0.0,0.0,-1.0616579,-7.332227e-17
240.0,2404.0,2.0,1.0,0.0,,0.0,0.0,-0.71551174,1.6002363,0.0,1.0,-0.00088872755,0.35028097
240.0,2405.0,,0.0,,,3.0,6.0,-0.71551174,-0.6247571,0.0,0.0,-1.0616579,-7.332227e-17
240.0,2406.0,,1.0,,,4.0,4.0,-0.71551174,-0.6247571,0.0,0.0,-1.0616579,-7.332227e-17
240.0,2407.0,2.0,1.0,4.0,3.0,3.0,18.0,1.3972776,-0.6247571,1.0,0.0,0.905911,0.64971906
240.0,2408.0,2.0,1.0,4.0,,2.0,0.0,-0.71551174,-0.6247571,0.0,0.0,-0.10136469,0.3171024
240.0,2409.0,,0.0,,,3.0,4.0,-0.71551174,-0.6247571,0.0,0.0,-1.0616579,-7.332227e-17
241.0,2411.0,4.0,1.0,7.0,3.0,3.0,4.0,1.3972776,-0.6247571,1.0,0.0,0.905911,0.64971906
241.0,2412.0,2.0,1.0,0.0,,2.0,0.0,-0.71551174,1.6002363,0.0,1.0,0.9594045,0.6673834
241.0,2413.0,5.0,1.0,9.0,4.0,3.0,6.0,-0.71551174,-0.6247571,0.0,0.0,-0.10136469,0.3171024
241.0,2414.0,2.0,1.0,0.0,,0.0,0.0,-0.71551174,1.6002363,0.0,1.0,-0.00088872755,0.35028097
241.0,2415.0,3.0,1.0,4.0,3.0,2.0,0.0,-0.71551174,-0.6247571,0.0,0.0,-0.10136469,0.3171024
241.0,2417.0,2.0,1.0,4.0,,3.0,4.0,-0.71551174,1.6002363,0.0,1.0,-0.00088872755,0.35028097
241.0,2418.0,2.0,1.0,6.0,,3.0,6.0,-0.71551174,1.6002363,0.0,1.0,0.9594045,0.6673834
242.0,2422.0,,0.0,,,3.0,4.0,-0.71551174,-0.6247571,0.0,0.0,-1.0616579,-7.332227e-17
242.0,2423.0,,0.0,,,3.0,0.0,-0.71551174,-0.6247571,0.0,0.0,-1.0616579,-7.332227e-17
242.0,2426.0,,0.0,,,2.0,27.0,-0.71551174,-0.6247571,0.0,0.0,-1.0616579,-7.332227e-17
242.0,2428.0,2.0,1.0,5.0,3.0,3.0,0.0,1.3972776,-0.6247571,1.0,0.0,0.905911,0.64971906
242.0,2429.0,1.0,1.0,0.0,2.0,2.0,0.0,1.3972776,1.6002363,1.0,1.0,1.96668,1.0
243.0,2434.0,,0.0,,,3.0,17.0,-0.71551174,-0.6247571,0.0,0.0,-1.0616579,-7.332227e-17
243.0,2436.0,1.0,1.0,4.0,2.0,2.0,21.0,1.3972776,-0.6247571,1.0,0.0,0.905911,0.64971906
243.0,2438.0,,0.0,,,2.0,0.0,-0.71551174,-0.6247571,0.0,0.0,-1.0616579,-7.332227e-17
243.0,2439.0,2.0,1.0,4.0,3.0,3.0,0.0,1.3972776,-0.6247571,1.0,0.0,0.905911,0.64971906
244.0,2442.0,1.0,1.0,0.0,3.0,2.0,4.0,-0.71551174,-0.6247571,0.0,0.0,-0.10136469,0.3171024
244.0,2443.0,2.0,1.0,15.0,3.0,2.0,11.0,-0.71551174,-0.6247571,0.0,0.0,-0.10136469,0.3171024
244.0,2444.0,1.0,1.0,0.0,3.0,2.0,4.0,-0.71551174,-0.6247571,0.0,0.0,-0.10136469,0.3171024
244.0,2445.0,,0.0,,,2.0,4.0,-0.71551174,-0.6247571,0.0,0.0,-1.0616579,-7.332227e-17
244.0,2448.0,,0.0,,,2.0,0.0,-0.71551174,-0.6247571,0.0,0.0,-1.0616579,-7.332227e-17
244.0,2449.0,,0.0,,,2.0,0.0,-0.71551174,-0.6247571,0.0,0.0,-1.0616579,-7.332227e-17
245.0,2452.0,3.0,1.0,4.0,3.0,2.0,8.0,-0.71551174,-0.6247571,0.0,0.0,-1.0616579,-7.332227e-17
245.0,2454.0,1.0,1.0,4.0,2.0,0.0,25.0,-0.71551174,-0.6247571,0.0,0.0,-1.0616579,-7.332227e-17
245.0,2456.0,2.0,1.0,,2.0,4.0,17.0,-0.71551174,-0.6247571,0.0,0.0,-1.0616579,-7.332227e-17
245.0,2457.0,,0.0,,,3.0,7.0,-0.71551174,-0.6247571,0.0,0.0,-1.0616579,-7.332227e-17
245.0,2458.0,,0.0,,,3.0,0.0,-0.71551174,-0.6247571,0.0,0.0,-1.0616579,-7.332227e-17
246.0,2461.0,1.0,1.0,0.0,2.0,2.0,,1.3972776,,1.0,,1.2037649,0.74807465
246.0,2463.0,,0.0,,,3.0,0.0,-0.71551174,-0.6247571,0.0,0.0,-1.0616579,-7.332227e-17
246.0,2465.0,,0.0,,,3.0,0.0,-0.71551174,-0.6247571,0.0,0.0,-1.0616579,-7.332227e-17
246.0,2467.0,4.0,1.0,17.0,3.0,4.0,17.0,-0.71551174,1.6002363,0.0,1.0,0.9594045,0.6673834
246.0,2468.0,,0.0,,,3.0,4.0,-0.71551174,-0.6247571,0.0,0.0,-1.0616579,-7.332227e-17
246.0,2469.0,,0.0,,,1.0,0.0,-0.71551174,-0.6247571,0.0,0.0,-1.0616579,-7.332227e-17
300.0,3002.0,,0.0,,,4.0,9.0,-0.71551174,-0.6247571,0.0,0.0,-1.0616579,-7.332227e-17
300.0,3003.0,3.0,1.0,25.0,,2.0,25.0,-0.71551174,1.6002363,0.0,1.0,0.9594045,0.6673834
300.0,3005.0,3.0,1.0,17.0,3.0,3.0,8.0,1.3972776,-0.6247571,1.0,0.0,0.905911,0.64971906
300.0,3007.0,2.0,1.0,8.0,2.0,2.0,8.0,1.3972776,1.6002363,1.0,1.0,1.96668,1.0
300.0,3008.0,,0.0,,,4.0,9.0,-0.71551174,-0.6247571,0.0,0.0,-1.0616579,-7.332227e-17
300.0,3009.0,3.0,1.0,8.0,3.0,3.0,8.0,1.3972776,1.6002363,1.0,1.0,1.96668,1.0
301.0,3011.0,,0.0,,,3.0,0.0,-0.71551174,-0.6247571,0.0,0.0,-1.0616579,-7.332227e-17
301.0,3012.0,,0.0,,,3.0,1.0,-0.71551174,-0.6247571,0.0,0.0,-1.0616579,-7.332227e-17
301.0,3013.0,3.0,1.0,2.0,4.0,3.0,4.0,-0.71551174,-0.6247571,0.0,0.0,-0.10136469,0.3171024
301.0,3015.0,,0.0,,,3.0,0.0,-0.71551174,-0.6247571,0.0,0.0,-1.0616579,-7.332227e-17
301.0,3018.0,,0.0,,,3.0,,-0.71551174,1.6002363,0.0,1.0,-0.00088872755,0.35028097
302.0,3023.0,3.0,1.0,14.0,3.0,2.0,,-0.71551174,,0.0,,0.19648926,0.41545796
302.0,3024.0,2.0,1.0,8.0,3.0,1.0,8.0,-0.71551174,1.6002363,0.0,1.0,0.9594045,0.6673834
302.0,3027.0,2.0,1.0,8.0,2.0,3.0,4.0,-0.71551174,-0.6247571,0.0,0.0,-0.10136469,0.3171024
302.0,3028.0,2.0,1.0,8.0,,3.0,8.0,-0.71551174,1.6002363,0.0,1.0,0.9594045,0.6673834
303.0,3033.0,3.0,1.0,17.0,3.0,3.0,17.0,1.3972776,1.6002363,1.0,1.0,1.96668,1.0
303.0,3036.0,,0.0,,,3.0,4.0,-0.71551174,-0.6247571,0.0,0.0,-1.0616579,-7.332227e-17
303.0,3039.0,3.0,1.0,23.0,3.0,3.0,4.0,1.3972776,-0.6247571,1.0,0.0,0.905911,0.64971906
304.0,3048.0,2.0,1.0,0.0,2.0,3.0,0.0,-0.71551174,1.6002363,0.0,1.0,0.9594045,0.6673834
305.0,3051.0,,0.0,,,3.0,,-0.71551174,1.6002363,0.0,1.0,-0.00088872755,0.35028097
305.0,3053.0,2.0,1.0,0.0,,3.0,8.0,-0.71551174,-0.6247571,0.0,0.0,-0.10136469,0.3171024
305.0,3054.0,3.0,1.0,17.0,3.0,3.0,0.0,1.3972776,-0.6247571,1.0,0.0,0.905911,0.64971906
305.0,3056.0,,0.0,,,3.0,0.0,-0.71551174,-0.6247571,0.0,0.0,-1.0616579,-7.332227e-17
305.0,3057.0,,0.0,,,3.0,17.0,-0.71551174,-0.6247571,0.0,0.0,-1.0616579,-7.332227e-17
305.0,3058.0,3.0,1.0,23.0,2.0,2.0,23.0,1.3972776,1.6002363,1.0,1.0,1.0063869,0.6828976
305.0,3059.0,,0.0,,,2.0,4.0,-0.71551174,-0.6247571,0.0,0.0,-1.0616579,-7.332227e-17
306.0,3061.0,3.0,1.0,18.0,3.0,3.0,8.0,1.3972776,-0.6247571,1.0,0.0,0.905911,0.64971906
306.0,3062.0,3.0,1.0,23.0,3.0,3.0,0.0,1.3972776,-0.6247571,1.0,0.0,0.905911,0.64971906
306.0,3063.0,3.0,1.0,18.0,2.0,2.0,,1.3972776,,1.0,,1.2037649,0.74807465
306.0,3066.0,,0.0,,,2.0,23.0,-0.71551174,-0.6247571,0.0,0.0,-1.0616579,-7.332227e-17
306.0,3067.0,3.0,1.0,8.0,3.0,2.0,18.0,-0.71551174,-0.6247571,0.0,0.0,-0.10136469,0.3171024
306.0,3068.0,1.0,1.0,21.0,3.0,3.0,21.0,1.3972776,1.6002363,1.0,1.0,1.0063869,0.6828976
307.0,3073.0,2.0,1.0,0.0,3.0,3.0,27.0,1.3972776,-0.6247571,1.0,0.0,0.905911,0.64971906
307.0,3074.0,,0.0,,,3.0,4.0,-0.71551174,-0.6247571,0.0,0.0,-1.0616579,-7.332227e-17
307.0,3075.0,,0.0,,,3.0,8.0,-0.71551174,-0.6247571,0.0,0.0,-1.0616579,-7.332227e-17
307.0,3078.0,,0.0,,,3.0,0.0,-0.71551174,-0.6247571,0.0,0.0,-1.0616579,-7.332227e-17
307.0,3079.0,,0.0,,,4.0,9.0,-0.71551174,-0.6247571,0.0,0.0,-1.0616579,-7.332227e-17
308.0,3084.0,2.0,1.0,0.0,3.0,2.0,0.0,-0.71551174,1.6002363,0.0,1.0,0.9594045,0.6673834
308.0,3087.0,,0.0,,,3.0,9.0,-0.71551174,-0.6247571,0.0,0.0,-1.0616579,-7.332227e-17
308.0,3089.0,3.0,1.0,17.0,3.0,3.0,0.0,1.3972776,-0.6247571,1.0,0.0,0.905911,0.64971906
309.0,3091.0,4.0,1.0,17.0,3.0,4.0,17.0,-0.71551174,1.6002363,0.0,1.0,0.9594045,0.6673834
309.0,3096.0,1.0,1.0,4.0,0.0,2.0,21.0,-0.71551174,-0.6247571,0.0,0.0,-1.0616579,-7.332227e-17
309.0,3097.0,2.0,0.0,17.0,2.0,2.0,17.0,1.3972776,1.6002363,1.0,1.0,1.0063869,0.6828976
309.0,3098.0,3.0,1.0,1.0,3.0,4.0,1.0,-0.71551174,1.6002363,0.0,1.0,0.9594045,0.6673834
309.0,3099.0,3.0,1.0,9.0,3.0,3.0,9.0,1.3972776,1.6002363,1.0,1.0,1.96668,1.0
310.0,3101.0,2.0,1.0,8.0,2.0,1.0,15.0,-0.71551174,-0.6247571,0.0,0.0,-1.0616579,-7.332227e-17
310.0,3104.0,,0.0,,,1.0,4.0,-0.71551174,-0.6247571,0.0,0.0,-1.0616579,-7.332227e-17
310.0,3106.0,2.0,1.0,8.0,2.0,2.0,0.0,1.3972776,-0.6247571,1.0,0.0,-0.0543822,0.3326167
310.0,3107.0,2.0,1.0,8.0,3.0,2.0,8.0,-0.71551174,1.6002363,0.0,1.0,0.9594045,0.6673834
310.0,3108.0,,0.0,,,2.0,4.0,-0.71551174,-0.6247571,0.0,0.0,-1.0616579,-7.332227e-17
310.0,3109.0,3.0,1.0,,3.0,4.0,0.0,-0.71551174,-0.6247571,0.0,0.0,-0.10136469,0.3171024
311.0,3111.0,,0.0,,,2.0,0.0,-0.71551174,-0.6247571,0.0,0.0,-1.0616579,-7.332227e-17
311.0,3113.0,,0.0,,,3.0,22.0,-0.71551174,-0.6247571,0.0,0.0,-1.0616579,-7.332227e-17
311.0,3115.0,,0.0,,,2.0,23.0,-0.71551174,-0.6247571,0.0,0.0,-1.0616579,-7.332227e-17
311.0,3116.0,,0.0,,,3.0,25.0,-0.71551174,-0.6247571,0.0,0.0,-1.0616579,-7.332227e-17
311.0,3118.0,3.0,1.0,6.0,3.0,3.0,6.0,1.3972776,1.6002363,1.0,1.0,1.96668,1.0
311.0,3119.0,,0.0,,,2.0,0.0,-0.71551174,-0.6247571,0.0,0.0,-1.0616579,-7.332227e-17
312.0,3122.0,2.0,1.0,15.0,3.0,3.0,17.0,1.3972776,-0.6247571,1.0,0.0,-0.0543822,0.3326167
312.0,3124.0,3.0,1.0,9.0,3.0,3.0,18.0,1.3972776,-0.6247571,1.0,0.0,0.905911,0.64971906
312.0,3125.0,1.0,1.0,4.0,2.0,1.0,0.0,-0.71551174,-0.6247571,0.0,0.0,-1.0616579,-7.332227e-17
312.0,3126.0,3.0,1.0,1.0,3.0,2.0,17.0,-0.71551174,-0.6247571,0.0,0.0,-0.10136469,0.3171024
312.0,3127.0,2.0,0.0,27.0,4.0,4.0,27.0,1.3972776,1.6002363,1.0,1.0,1.0063869,0.6828976
312.0,3128.0,3.0,1.0,9.0,3.0,3.0,25.0,1.3972776,-0.6247571,1.0,0.0,0.905911,0.64971906
313.0,3132.0,2.0,1.0,12.0,3.0,3.0,17.0,1.3972776,-0.6247571,1.0,0.0,0.905911,0.64971906
313.0,3134.0,,0.0,,,2.0,0.0,-0.71551174,-0.6247571,0.0,0.0,-1.0616579,-7.332227e-17
313.0,3137.0,2.0,1.0,,2.0,3.0,6.0,-0.71551174,-0.6247571,0.0,0.0,-0.10136469,0.3171024
313.0,3139.0,,0.0,,,3.0,17.0,-0.71551174,-0.6247571,0.0,0.0,-1.0616579,-7.332227e-17
314.0,3141.0,4.0,1.0,5.0,3.0,3.0,,1.3972776,,1.0,,1.2037649,0.74807465
314.0,3142.0,4.0,1.0,4.0,3.0,3.0,,1.3972776,,1.0,,0.24347176,0.43097225
314.0,3143.0,1.0,1.0,0.0,0.0,0.0,4.0,1.3972776,-0.6247571,1.0,0.0,-0.0543822,0.3326167
314.0,3146.0,4.0,1.0,17.0,3.0,3.0,0.0,1.3972776,-0.6247571,1.0,0.0,0.905911,0.64971906
314.0,3147.0,3.0,1.0,6.0,3.0,3.0,,1.3972776,,1.0,,1.2037649,0.74807465
314.0,3149.0,2.0,1.0,27.0,3.0,3.0,27.0,1.3972776,1.6002363,1.0,1.0,1.0063869,0.6828976
315.0,3153.0,,0.0,,,0.0,25.0,-0.71551174,-0.6247571,0.0,0.0,-1.0616579,-7.332227e-17
315.0,3154.0,2.0,1.0,4.0,2.0,3.0,4.0,-0.71551174,1.6002363,0.0,1.0,-0.00088872755,0.35028097
315.0,3155.0,,0.0,,,2.0,0.0,-0.71551174,-0.6247571,0.0,0.0,-1.0616579,-7.332227e-17
315.0,3156.0,3.0,1.0,4.0,2.0,3.0,4.0,-0.71551174,1.6002363,0.0,1.0,-0.00088872755,0.35028097
315.0,3158.0,3.0,1.0,9.0,3.0,3.0,9.0,1.3972776,1.6002363,1.0,1.0,1.96668,1.0
315.0,3159.0,2.0,1.0,0.0,2.0,2.0,25.0,1.3972776,-0.6247571,1.0,0.0,0.905911,0.64971906
316.0,3161.0,,0.0,,,2.0,0.0,-0.71551174,-0.6247571,0.0,0.0,-1.0616579,-7.332227e-17
316.0,3162.0,3.0,1.0,21.0,2.0,2.0,18.0,1.3972776,-0.6247571,1.0,0.0,0.905911,0.64971906
316.0,3164.0,,0.0,,,3.0,8.0,-0.71551174,-0.6247571,0.0,0.0,-1.0616579,-7.332227e-17
316.0,3165.0,,0.0,,,2.0,8.0,-0.71551174,-0.6247571,0.0,0.0,-1.0616579,-7.332227e-17
316.0,3166.0,,0.0,,,3.0,0.0,-0.71551174,-0.6247571,0.0,0.0,-1.0616579,-7.332227e-17
316.0,3167.0,1.0,1.0,0.0,2.0,2.0,0.0,1.3972776,1.6002363,1.0,1.0,1.0063869,0.6828976
316.0,3168.0,2.0,1.0,0.0,2.0,2.0,,1.3972776,,1.0,,1.2037649,0.74807465
316.0,3169.0,,0.0,,,3.0,0.0,-0.71551174,-0.6247571,0.0,0.0,-1.0616579,-7.332227e-17
317.0,3171.0,,0.0,,,3.0,4.0,-0.71551174,-0.6247571,0.0,0.0,-1.0616579,-7.332227e-17
317.0,3172.0,,0.0,,,3.0,4.0,-0.71551174,-0.6247571,0.0,0.0,-1.0616579,-7.332227e-17
317.0,3174.0,3.0,1.0,18.0,3.0,3.0,4.0,1.3972776,-0.6247571,1.0,0.0,0.905911,0.64971906
317.0,3179.0,2.0,1.0,0.0,3.0,3.0,17.0,1.3972776,-0.6247571,1.0,0.0,0.905911,0.64971906
318.0,3184.0,3.0,1.0,17.0,3.0,3.0,15.0,1.3972776,-0.6247571,1.0,0.0,-0.0543822,0.3326167
318.0,3185.0,,0.0,,,3.0,8.0,-0.71551174,-0.6247571,0.0,0.0,-1.0616579,-7.332227e-17
318.0,3189.0,,0.0,,,3.0,5.0,-0.71551174,-0.6247571,0.0,0.0,-1.0616579,-7.332227e-17
319.0,3192.0,2.0,1.0,17.0,2.0,3.0,17.0,-0.71551174,1.6002363,0.0,1.0,0.9594045,0.6673834
319.0,3194.0,,0.0,,,3.0,14.0,-0.71551174,-0.6247571,0.0,0.0,-1.0616579,-7.332227e-17
319.0,3195.0,,0.0,,,0.0,23.0,-0.71551174,-0.6247571,0.0,0.0,-1.0616579,-7.332227e-17
319.0,3196.0,2.0,1.0,9.0,3.0,3.0,20.0,1.3972776,-0.6247571,1.0,0.0,0.905911,0.64971906
319.0,3198.0,,0.0,,,2.0,8.0,-0.71551174,-0.6247571,0.0,0.0,-1.0616579,-7.332227e-17
319.0,3199.0,,0.0,,,3.0,8.0,-0.71551174,-0.6247571,0.0,0.0,-1.0616579,-7.332227e-17
320.0,3202.0,3.0,1.0,18.0,3.0,3.0,0.0,1.3972776,-0.6247571,1.0,0.0,0.905911,0.64971906
320.0,3204.0,3.0,0.0,0.0,,3.0,6.0,-0.71551174,-0.6247571,0.0,0.0,-1.0616579,-7.332227e-17
320.0,3205.0,1.0,1.0,0.0,2.0,2.0,8.0,1.3972776,-0.6247571,1.0,0.0,0.905911,0.64971906
320.0,3206.0,2.0,1.0,8.0,2.0,2.0,23.0,1.3972776,-0.6247571,1.0,0.0,0.905911,0.64971906
320.0,3208.0,3.0,0.0,18.0,3.0,3.0,14.0,1.3972776,-0.6247571,1.0,0.0,-0.0543822,0.3326167
321.0,3211.0,3.0,0.0,9.0,3.0,4.0,9.0,-0.71551174,1.6002363,0.0,1.0,-0.00088872755,0.35028097
321.0,3212.0,2.0,1.0,8.0,2.0,3.0,4.0,-0.71551174,-0.6247571,0.0,0.0,-1.0616579,-7.332227e-17
321.0,3216.0,3.0,1.0,8.0,2.0,2.0,8.0,1.3972776,1.6002363,1.0,1.0,1.96668,1.0
321.0,3217.0,4.0,1.0,0.0,,3.0,0.0,-0.71551174,1.6002363,0.0,1.0,-0.00088872755,0.35028097
322.0,3221.0,3.0,1.0,4.0,3.0,2.0,4.0,-0.71551174,1.6002363,0.0,1.0,0.9594045,0.6673834
322.0,3222.0,3.0,0.0,1.0,3.0,2.0,,-0.71551174,,0.0,,-0.76380396,0.098355584
322.0,3223.0,1.0,1.0,0.0,3.0,2.0,,-0.71551174,,0.0,,0.19648926,0.41545796
322.0,3228.0,3.0,1.0,8.0,2.0,2.0,,1.3972776,,1.0,,1.2037649,0.74807465
323.0,3231.0,1.0,0.0,0.0,4.0,2.0,,-0.71551174,,0.0,,-0.76380396,0.098355584
323.0,3232.0,2.0,0.0,5.0,3.0,3.0,4.0,1.3972776,-0.6247571,1.0,0.0,-0.0543822,0.3326167
323.0,3234.0,1.0,0.0,0.0,2.0,3.0,0.0,-0.71551174,1.6002363,0.0,1.0,-0.00088872755,0.35028097
323.0,3235.0,2.0,0.0,23.0,3.0,2.0,8.0,-0.71551174,-0.6247571,0.0,0.0,-1.0616579,-7.332227e-17
323.0,3236.0,2.0,0.0,15.0,3.0,2.0,8.0,-0.71551174,-0.6247571,0.0,0.0,-1.0616579,-7.332227e-17
323.0,3237.0,1.0,0.0,17.0,3.0,2.0,4.0,-0.71551174,-0.6247571,0.0,0.0,-1.0616579,-7.332227e-17
323.0,3238.0,1.0,0.0,8.0,2.0,2.0,0.0,1.3972776,-0.6247571,1.0,0.0,-0.0543822,0.3326167
323.0,3239.0,1.0,0.0,8.0,2.0,3.0,8.0,-0.71551174,1.6002363,0.0,1.0,-0.00088872755,0.35028097
324.0,3244.0,1.0,0.0,8.0,2.0,2.0,,1.3972776,,1.0,,0.24347176,0.43097225
324.0,3245.0,2.0,1.0,8.0,2.0,2.0,0.0,1.3972776,-0.6247571,1.0,0.0,-0.0543822,0.3326167
324.0,3246.0,2.0,1.0,8.0,3.0,2.0,4.0,-0.71551174,-0.6247571,0.0,0.0,-1.0616579,-7.332227e-17
324.0,3248.0,2.0,1.0,8.0,3.0,2.0,0.0,-0.71551174,-0.6247571,0.0,0.0,-0.10136469,0.3171024
325.0,3251.0,3.0,1.0,17.0,2.0,2.0,17.0,1.3972776,1.6002363,1.0,1.0,1.0063869,0.6828976
325.0,3252.0,3.0,0.0,16.0,2.0,2.0,,1.3972776,,1.0,,0.24347176,0.43097225
325.0,3255.0,2.0,0.0,25.0,,2.0,4.0,-0.71551174,-0.6247571,0.0,0.0,-1.0616579,-7.332227e-17
325.0,3259.0,1.0,1.0,8.0,2.0,2.0,,1.3972776,,1.0,,1.2037649,0.74807465
326.0,3261.0,2.0,0.0,8.0,2.0,0.0,0.0,-0.71551174,-0.6247571,0.0,0.0,-1.0616579,-7.332227e-17
326.0,3264.0,2.0,1.0,0.0,2.0,3.0,0.0,-0.71551174,1.6002363,0.0,1.0,0.9594045,0.6673834
326.0,3265.0,1.0,1.0,0.0,2.0,3.0,0.0,-0.71551174,1.6002363,0.0,1.0,0.9594045,0.6673834
326.0,3266.0,1.0,1.0,8.0,2.0,2.0,8.0,1.3972776,1.6002363,1.0,1.0,1.96668,1.0
326.0,3268.0,3.0,1.0,23.0,2.0,3.0,4.0,-0.71551174,-0.6247571,0.0,0.0,-0.10136469,0.3171024
327.0,3272.0,3.0,1.0,4.0,2.0,0.0,8.0,-0.71551174,-0.6247571,0.0,0.0,-1.0616579,-7.332227e-17
327.0,3273.0,2.0,1.0,0.0,3.0,3.0,8.0,1.3972776,-0.6247571,1.0,0.0,0.905911,0.64971906
327.0,3274.0,3.0,1.0,9.0,3.0,4.0,9.0,-0.71551174,1.6002363,0.0,1.0,0.9594045,0.6673834
327.0,3276.0,2.0,1.0,0.0,3.0,3.0,22.0,1.3972776,-0.6247571,1.0,0.0,0.905911,0.64971906
327.0,3277.0,2.0,1.0,0.0,3.0,3.0,4.0,1.3972776,-0.6247571,1.0,0.0,0.905911,0.64971906
327.0,3278.0,3.0,1.0,0.0,,4.0,,-0.71551174,,0.0,,-0.76380396,0.098355584
327.0,3279.0,3.0,1.0,25.0,3.0,3.0,25.0,1.3972776,1.6002363,1.0,1.0,1.0063869,0.6828976
328.0,3283.0,2.0,1.0,4.0,3.0,3.0,8.0,1.3972776,-0.6247571,1.0,0.0,0.905911,0.64971906
328.0,3287.0,2.0,1.0,9.0,3.0,4.0,17.0,-0.71551174,-0.6247571,0.0,0.0,-1.0616579,-7.332227e-17
328.0,3288.0,3.0,0.0,1.0,4.0,4.0,0.0,1.3972776,-0.6247571,1.0,0.0,-0.0543822,0.3326167
329.0,3291.0,2.0,1.0,14.0,3.0,0.0,8.0,-0.71551174,-0.6247571,0.0,0.0,-0.10136469,0.3171024
329.0,3298.0,4.0,1.0,9.0,4.0,4.0,17.0,1.3972776,-0.6247571,1.0,0.0,0.905911,0.64971906
329.0,3299.0,2.0,1.0,11.0,3.0,3.0,11.0,1.3972776,1.6002363,1.0,1.0,1.96668,1.0
330.0,3304.0,1.0,1.0,4.0,,3.0,0.0,-0.71551174,-0.6247571,0.0,0.0,-1.0616579,-7.332227e-17
330.0,3305.0,1.0,1.0,0.0,2.0,3.0,,-0.71551174,,0.0,,0.19648926,0.41545796
330.0,3307.0,2.0,1.0,21.0,3.0,3.0,,1.3972776,,1.0,,1.2037649,0.74807465
330.0,3309.0,1.0,1.0,8.0,3.0,3.0,,1.3972776,,1.0,,0.24347176,0.43097225
331.0,3313.0,2.0,1.0,,,3.0,0.0,-0.71551174,-0.6247571,0.0,0.0,-0.10136469,0.3171024
331.0,3314.0,2.0,1.0,15.0,,3.0,15.0,-0.71551174,1.6002363,0.0,1.0,0.9594045,0.6673834
331.0,3315.0,1.0,1.0,0.0,,3.0,0.0,-0.71551174,1.6002363,0.0,1.0,0.9594045,0.6673834
331.0,3316.0,2.0,1.0,21.0,2.0,3.0,18.0,-0.71551174,-0.6247571,0.0,0.0,-0.10136469,0.3171024
331.0,3317.0,1.0,1.0,0.0,2.0,3.0,0.0,-0.71551174,1.6002363,0.0,1.0,0.9594045,0.6673834
331.0,3318.0,1.0,1.0,,,3.0,0.0,-0.71551174,-0.6247571,0.0,0.0,-0.10136469,0.3171024
331.0,3319.0,1.0,1.0,25.0,2.0,2.0,0.0,1.3972776,-0.6247571,1.0,0.0,0.905911,0.64971906
332.0,3322.0,3.0,0.0,15.0,3.0,3.0,17.0,1.3972776,-0.6247571,1.0,0.0,-0.0543822,0.3326167
332.0,3323.0,,0.0,,,2.0,6.0,-0.71551174,-0.6247571,0.0,0.0,-1.0616579,-7.332227e-17
332.0,3326.0,3.0,0.0,,,3.0,0.0,-0.71551174,-0.6247571,0.0,0.0,-1.0616579,-7.332227e-17
332.0,3327.0,3.0,0.0,,,3.0,4.0,-0.71551174,-0.6247571,0.0,0.0,-1.0616579,-7.332227e-17
333.0,3331.0,,0.0,,,3.0,17.0,-0.71551174,-0.6247571,0.0,0.0,-1.0616579,-7.332227e-17
333.0,3332.0,,0.0,,,3.0,4.0,-0.71551174,-0.6247571,0.0,0.0,-1.0616579,-7.332227e-17
333.0,3336.0,,0.0,,,3.0,4.0,-0.71551174,-0.6247571,0.0,0.0,-1.0616579,-7.332227e-17
333.0,3338.0,,0.0,,,3.0,13.0,-0.71551174,-0.6247571,0.0,0.0,-1.0616579,-7.332227e-17
333.0,3339.0,1.0,1.0,6.0,3.0,3.0,0.0,1.3972776,-0.6247571,1.0,0.0,0.905911,0.64971906
334.0,3343.0,,0.0,,,3.0,4.0,-0.71551174,-0.6247571,0.0,0.0,-1.0616579,-7.332227e-17
334.0,3345.0,1.0,1.0,0.0,2.0,1.0,8.0,-0.71551174,-0.6247571,0.0,0.0,-0.10136469,0.3171024
335.0,3355.0,1.0,1.0,4.0,2.0,3.0,0.0,-0.71551174,-0.6247571,0.0,0.0,-0.10136469,0.3171024
335.0,3357.0,,0.0,,,3.0,0.0,-0.71551174,-0.6247571,0.0,0.0,-1.0616579,-7.332227e-17
335.0,3358.0,1.0,1.0,0.0,3.0,3.0,4.0,1.3972776,-0.6247571,1.0,0.0,0.905911,0.64971906
336.0,3361.0,,0.0,,,3.0,4.0,-0.71551174,-0.6247571,0.0,0.0,-1.0616579,-7.332227e-17
336.0,3364.0,,0.0,,,3.0,24.0,-0.71551174,-0.6247571,0.0,0.0,-1.0616579,-7.332227e-17
336.0,3368.0,,0.0,,,3.0,0.0,-0.71551174,-0.6247571,0.0,0.0,-1.0616579,-7.332227e-17
336.0,3369.0,1.0,1.0,0.0,2.0,3.0,8.0,-0.71551174,-0.6247571,0.0,0.0,-0.10136469,0.3171024
337.0,3371.0,1.0,1.0,0.0,3.0,4.0,17.0,-0.71551174,-0.6247571,0.0,0.0,-0.10136469,0.3171024
337.0,3374.0,1.0,1.0,0.0,2.0,2.0,8.0,1.3972776,-0.6247571,1.0,0.0,0.905911,0.64971906
337.0,3375.0,1.0,1.0,0.0,3.0,3.0,17.0,1.3972776,-0.6247571,1.0,0.0,0.905911,0.64971906
337.0,3376.0,1.0,1.0,0.0,0.0,2.0,0.0,-0.71551174,1.6002363,0.0,1.0,0.9594045,0.6673834
337.0,3377.0,1.0,1.0,8.0,0.0,2.0,8.0,-0.71551174,1.6002363,0.0,1.0,0.9594045,0.6673834
337.0,3378.0,2.0,1.0,17.0,3.0,3.0,17.0,1.3972776,1.6002363,1.0,1.0,1.96668,1.0
337.0,3379.0,2.0,1.0,17.0,3.0,3.0,17.0,1.3972776,1.6002363,1.0,1.0,1.96668,1.0
338.0,3383.0,3.0,1.0,9.0,3.0,3.0,9.0,1.3972776,1.6002363,1.0,1.0,1.0063869,0.6828976
338.0,3384.0,2.0,1.0,25.0,3.0,3.0,0.0,1.3972776,-0.6247571,1.0,0.0,0.905911,0.64971906
338.0,3388.0,2.0,1.0,23.0,3.0,4.0,4.0,-0.71551174,-0.6247571,0.0,0.0,-1.0616579,-7.332227e-17
338.0,3389.0,3.0,1.0,17.0,3.0,2.0,0.0,-0.71551174,-0.6247571,0.0,0.0,-0.10136469,0.3171024
339.0,3391.0,,0.0,,,3.0,11.0,-0.71551174,-0.6247571,0.0,0.0,-1.0616579,-7.332227e-17
339.0,3392.0,1.0,1.0,0.0,2.0,1.0,0.0,-0.71551174,1.6002363,0.0,1.0,0.9594045,0.6673834
339.0,3394.0,1.0,1.0,0.0,2.0,3.0,4.0,-0.71551174,-0.6247571,0.0,0.0,-0.10136469,0.3171024
339.0,3395.0,,0.0,,,4.0,27.0,-0.71551174,-0.6247571,0.0,0.0,-1.0616579,-7.332227e-17
339.0,3396.0,,0.0,,,3.0,4.0,-0.71551174,-0.6247571,0.0,0.0,-1.0616579,-7.332227e-17
339.0,3397.0,2.0,1.0,0.0,3.0,2.0,0.0,-0.71551174,1.6002363,0.0,1.0,0.9594045,0.6673834
339.0,3398.0,2.0,1.0,0.0,2.0,3.0,4.0,-0.71551174,-0.6247571,0.0,0.0,-1.0616579,-7.332227e-17
339.0,3399.0,2.0,1.0,23.0,,0.0,4.0,-0.71551174,-0.6247571,0.0,0.0,-0.10136469,0.3171024
341.0,3412.0,3.0,1.0,13.0,3.0,3.0,13.0,1.3972776,1.6002363,1.0,1.0,1.96668,1.0
341.0,3415.0,3.0,1.0,1.0,4.0,4.0,17.0,1.3972776,-0.6247571,1.0,0.0,0.905911,0.64971906
341.0,3416.0,1.0,1.0,0.0,2.0,0.0,0.0,-0.71551174,1.6002363,0.0,1.0,0.9594045,0.6673834
341.0,3417.0,3.0,1.0,27.0,4.0,4.0,27.0,1.3972776,1.6002363,1.0,1.0,1.96668,1.0
341.0,3418.0,2.0,1.0,0.0,2.0,3.0,0.0,-0.71551174,1.6002363,0.0,1.0,0.9594045,0.6673834
341.0,3419.0,2.0,1.0,0.0,3.0,3.0,0.0,1.3972776,1.6002363,1.0,1.0,1.96668,1.0
342.0,3421.0,,0.0,,,3.0,4.0,-0.71551174,-0.6247571,0.0,0.0,-1.0616579,-7.332227e-17
342.0,3423.0,1.0,1.0,0.0,2.0,3.0,0.0,-0.71551174,1.6002363,0.0,1.0,0.9594045,0.6673834
342.0,3426.0,3.0,1.0,,,4.0,17.0,-0.71551174,-0.6247571,0.0,0.0,-0.10136469,0.3171024
342.0,3427.0,1.0,1.0,0.0,2.0,3.0,0.0,-0.71551174,1.6002363,0.0,1.0,0.9594045,0.6673834
343.0,3431.0,1.0,1.0,0.0,4.0,4.0,27.0,1.3972776,-0.6247571,1.0,0.0,0.905911,0.64971906
343.0,3432.0,3.0,1.0,9.0,4.0,4.0,17.0,1.3972776,-0.6247571,1.0,0.0,0.905911,0.64971906
343.0,3434.0,1.0,1.0,17.0,3.0,3.0,0.0,1.3972776,-0.6247571,1.0,0.0,0.905911,0.64971906
343.0,3435.0,1.0,1.0,0.0,2.0,2.0,17.0,1.3972776,-0.6247571,1.0,0.0,0.905911,0.64971906
343.0,3436.0,2.0,1.0,25.0,2.0,2.0,0.0,1.3972776,-0.6247571,1.0,0.0,0.905911,0.64971906
343.0,3437.0,1.0,1.0,0.0,2.0,3.0,23.0,-0.71551174,-0.6247571,0.0,0.0,-0.10136469,0.3171024
343.0,3438.0,2.0,1.0,9.0,4.0,4.0,17.0,1.3972776,-0.6247571,1.0,0.0,0.905911,0.64971906
343.0,3439.0,2.0,1.0,6.0,3.0,3.0,6.0,1.3972776,1.6002363,1.0,1.0,1.96668,1.0
344.0,3441.0,3.0,1.0,9.0,3.0,3.0,9.0,1.3972776,1.6002363,1.0,1.0,1.96668,1.0
344.0,3443.0,3.0,1.0,15.0,3.0,2.0,3.0,-0.71551174,-0.6247571,0.0,0.0,-0.10136469,0.3171024
344.0,3444.0,1.0,1.0,0.0,2.0,2.0,11.0,1.3972776,-0.6247571,1.0,0.0,0.905911,0.64971906
344.0,3445.0,1.0,1.0,0.0,3.0,3.0,0.0,1.3972776,1.6002363,1.0,1.0,1.96668,1.0
344.0,3446.0,3.0,1.0,17.0,3.0,3.0,17.0,1.3972776,1.6002363,1.0,1.0,1.96668,1.0
344.0,3449.0,3.0,1.0,6.0,3.0,2.0,6.0,-0.71551174,1.6002363,0.0,1.0,0.9594045,0.6673834
345.0,3453.0,3.0,1.0,17.0,4.0,4.0,17.0,1.3972776,1.6002363,1.0,1.0,1.96668,1.0
345.0,3454.0,3.0,1.0,11.0,3.0,3.0,7.0,1.3972776,-0.6247571,1.0,0.0,0.905911,0.64971906
345.0,3455.0,3.0,1.0,,4.0,4.0,0.0,1.3972776,-0.6247571,1.0,0.0,-0.0543822,0.3326167
345.0,3456.0,3.0,1.0,11.0,,2.0,17.0,-0.71551174,-0.6247571,0.0,0.0,-1.0616579,-7.332227e-17
345.0,3457.0,2.0,1.0,0.0,,3.0,11.0,-0.71551174,-0.6247571,0.0,0.0,-1.0616579,-7.332227e-17
346.0,3461.0,2.0,1.0,23.0,,3.0,8.0,-0.71551174,-0.6247571,0.0,0.0,-0.10136469,0.3171024
346.0,3463.0,,0.0,,,3.0,6.0,-0.71551174,-0.6247571,0.0,0.0,-1.0616579,-7.332227e-17
346.0,3465.0,,0.0,,,2.0,21.0,-0.71551174,-0.6247571,0.0,0.0,-1.0616579,-7.332227e-17
346.0,3466.0,1.0,1.0,0.0,3.0,3.0,17.0,1.3972776,-0.6247571,1.0,0.0,0.905911,0.64971906
346.0,3467.0,,0.0,,,2.0,0.0,-0.71551174,-0.6247571,0.0,0.0,-1.0616579,-7.332227e-17
346.0,3469.0,,0.0,,,3.0,0.0,-0.71551174,-0.6247571,0.0,0.0,-1.0616579,-7.332227e-17
347.0,3473.0,,0.0,,,3.0,0.0,-0.71551174,-0.6247571,0.0,0.0,-1.0616579,-7.332227e-17
347.0,3476.0,3.0,1.0,4.0,4.0,4.0,4.0,1.3972776,1.6002363,1.0,1.0,1.96668,1.0
347.0,3478.0,,0.0,,,3.0,0.0,-0.71551174,-0.6247571,0.0,0.0,-1.0616579,-7.332227e-17
347.0,3479.0,2.0,1.0,4.0,3.0,3.0,5.0,1.3972776,-0.6247571,1.0,0.0,-0.0543822,0.3326167
348.0,3482.0,,0.0,,,4.0,17.0,-0.71551174,-0.6247571,0.0,0.0,-1.0616579,-7.332227e-17
348.0,3483.0,,0.0,,,3.0,27.0,-0.71551174,-0.6247571,0.0,0.0,-1.0616579,-7.332227e-17
348.0,3485.0,4.0,1.0,17.0,4.0,3.0,17.0,-0.71551174,1.6002363,0.0,1.0,0.9594045,0.6673834
348.0,3486.0,2.0,1.0,4.0,,3.0,4.0,-0.71551174,1.6002363,0.0,1.0,-0.00088872755,0.35028097
349.0,3494.0,3.0,1.0,0.0,3.0,4.0,4.0,-0.71551174,-0.6247571,0.0,0.0,-0.10136469,0.3171024
349.0,3495.0,2.0,1.0,4.0,3.0,3.0,25.0,1.3972776,-0.6247571,1.0,0.0,0.905911,0.64971906
349.0,3496.0,2.0,1.0,23.0,,3.0,0.0,-0.71551174,-0.6247571,0.0,0.0,-1.0616579,-7.332227e-17
349.0,3497.0,2.0,1.0,11.0,0.0,3.0,25.0,-0.71551174,-0.6247571,0.0,0.0,-0.10136469,0.3171024
349.0,3499.0,3.0,1.0,4.0,,3.0,,-0.71551174,,0.0,,-0.76380396,0.098355584
350.0,3501.0,2.0,1.0,0.0,3.0,3.0,18.0,1.3972776,-0.6247571,1.0,0.0,0.905911,0.64971906
350.0,3502.0,2.0,1.0,,3.0,4.0,0.0,-0.71551174,-0.6247571,0.0,0.0,-1.0616579,-7.332227e-17
350.0,3503.0,,0.0,,,3.0,4.0,-0.71551174,-0.6247571,0.0,0.0,-1.0616579,-7.332227e-17
350.0,3504.0,,0.0,,,3.0,0.0,-0.71551174,-0.6247571,0.0,0.0,-1.0616579,-7.332227e-17
350.0,3505.0,,0.0,,,3.0,8.0,-0.71551174,-0.6247571,0.0,0.0,-1.0616579,-7.332227e-17
350.0,3507.0,,0.0,,,3.0,0.0,-0.71551174,-0.6247571,0.0,0.0,-1.0616579,-7.332227e-17
350.0,3509.0,2.0,1.0,,,4.0,17.0,-0.71551174,-0.6247571,0.0,0.0,-1.0616579,-7.332227e-17
351.0,3513.0,3.0,1.0,9.0,3.0,3.0,9.0,1.3972776,1.6002363,1.0,1.0,1.96668,1.0
351.0,3514.0,1.0,1.0,0.0,,3.0,0.0,-0.71551174,1.6002363,0.0,1.0,-0.00088872755,0.35028097
351.0,3517.0,1.0,1.0,4.0,2.0,3.0,0.0,-0.71551174,-0.6247571,0.0,0.0,-0.10136469,0.3171024
351.0,3518.0,1.0,1.0,8.0,3.0,3.0,8.0,1.3972776,1.6002363,1.0,1.0,1.96668,1.0
351.0,3519.0,2.0,1.0,8.0,3.0,3.0,18.0,1.3972776,-0.6247571,1.0,0.0,-0.0543822,0.3326167
352.0,3521.0,1.0,1.0,0.0,3.0,2.0,,-0.71551174,,0.0,,0.19648926,0.41545796
352.0,3523.0,1.0,1.0,0.0,2.0,3.0,4.0,-0.71551174,-0.6247571,0.0,0.0,-1.0616579,-7.332227e-17
352.0,3524.0,,0.0,,,0.0,0.0,-0.71551174,-0.6247571,0.0,0.0,-1.0616579,-7.332227e-17
352.0,3525.0,1.0,1.0,0.0,2.0,2.0,25.0,1.3972776,-0.6247571,1.0,0.0,0.905911,0.64971906
352.0,3526.0,1.0,1.0,0.0,3.0,3.0,0.0,1.3972776,1.6002363,1.0,1.0,1.96668,1.0
352.0,3528.0,1.0,1.0,0.0,0.0,2.0,0.0,-0.71551174,1.6002363,0.0,1.0,-0.00088872755,0.35028097
352.0,3529.0,,0.0,,,3.0,0.0,-0.71551174,-0.6247571,0.0,0.0,-1.0616579,-7.332227e-17
353.0,3531.0,,0.0,,,3.0,9.0,-0.71551174,-0.6247571,0.0,0.0,-1.0616579,-7.332227e-17
353.0,3533.0,,0.0,,,3.0,4.0,-0.71551174,-0.6247571,0.0,0.0,-1.0616579,-7.332227e-17
353.0,3534.0,,0.0,,,3.0,0.0,-0.71551174,-0.6247571,0.0,0.0,-1.0616579,-7.332227e-17
353.0,3535.0,,0.0,,,4.0,27.0,-0.71551174,-0.6247571,0.0,0.0,-1.0616579,-7.332227e-17
353.0,3537.0,,0.0,,,4.0,27.0,-0.71551174,-0.6247571,0.0,0.0,-1.0616579,-7.332227e-17
353.0,3538.0,,0.0,,,4.0,1.0,-0.71551174,-0.6247571,0.0,0.0,-1.0616579,-7.332227e-17
353.0,3539.0,,0.0,,,4.0,0.0,-0.71551174,-0.6247571,0.0,0.0,-1.0616579,-7.332227e-17
354.0,3542.0,1.0,1.0,0.0,3.0,2.0,0.0,-0.71551174,1.6002363,0.0,1.0,0.9594045,0.6673834
354.0,3544.0,2.0,1.0,11.0,3.0,3.0,11.0,1.3972776,1.6002363,1.0,1.0,1.96668,1.0
354.0,3546.0,2.0,1.0,11.0,3.0,3.0,0.0,1.3972776,-0.6247571,1.0,0.0,0.905911,0.64971906
354.0,3547.0,1.0,1.0,8.0,3.0,2.0,8.0,-0.71551174,1.6002363,0.0,1.0,0.9594045,0.6673834
354.0,3548.0,2.0,1.0,9.0,3.0,4.0,9.0,-0.71551174,1.6002363,0.0,1.0,0.9594045,0.6673834
355.0,3551.0,2.0,1.0,5.0,3.0,3.0,5.0,1.3972776,1.6002363,1.0,1.0,1.0063869,0.6828976
355.0,3552.0,2.0,1.0,17.0,3.0,3.0,17.0,1.3972776,1.6002363,1.0,1.0,1.96668,1.0
355.0,3553.0,1.0,1.0,4.0,3.0,4.0,22.0,-0.71551174,-0.6247571,0.0,0.0,-0.10136469,0.3171024
355.0,3554.0,2.0,1.0,0.0,2.0,3.0,18.0,-0.71551174,-0.6247571,0.0,0.0,-1.0616579,-7.332227e-17
355.0,3555.0,1.0,1.0,14.0,3.0,3.0,14.0,1.3972776,1.6002363,1.0,1.0,1.0063869,0.6828976
355.0,3557.0,1.0,1.0,0.0,3.0,2.0,17.0,-0.71551174,-0.6247571,0.0,0.0,-0.10136469,0.3171024
355.0,3559.0,2.0,1.0,13.0,3.0,3.0,13.0,1.3972776,1.6002363,1.0,1.0,1.0063869,0.6828976
356.0,3561.0,1.0,1.0,0.0,3.0,1.0,,-0.71551174,,0.0,,0.19648926,0.41545796
356.0,3562.0,2.0,1.0,17.0,3.0,3.0,0.0,1.3972776,-0.6247571,1.0,0.0,0.905911,0.64971906
356.0,3563.0,2.0,1.0,0.0,3.0,2.0,4.0,-0.71551174,-0.6247571,0.0,0.0,-1.0616579,-7.332227e-17
356.0,3564.0,1.0,1.0,0.0,2.0,2.0,,1.3972776,,1.0,,0.24347176,0.43097225
357.0,3571.0,,0.0,,,3.0,0.0,-0.71551174,-0.6247571,0.0,0.0,-1.0616579,-7.332227e-17
357.0,3572.0,,0.0,,,3.0,0.0,-0.71551174,-0.6247571,0.0,0.0,-1.0616579,-7.332227e-17
357.0,3573.0,,0.0,,,3.0,14.0,-0.71551174,-0.6247571,0.0,0.0,-1.0616579,-7.332227e-17
357.0,3574.0,,0.0,,,3.0,14.0,-0.71551174,-0.6247571,0.0,0.0,-1.0616579,-7.332227e-17
357.0,3576.0,,0.0,,,3.0,4.0,-0.71551174,-0.6247571,0.0,0.0,-1.0616579,-7.332227e-17
357.0,3578.0,,0.0,,,3.0,4.0,-0.71551174,-0.6247571,0.0,0.0,-1.0616579,-7.332227e-17
358.0,3581.0,,0.0,,,3.0,9.0,-0.71551174,-0.6247571,0.0,0.0,-1.0616579,-7.332227e-17
358.0,3582.0,,0.0,,,0.0,8.0,-0.71551174,-0.6247571,0.0,0.0,-1.0616579,-7.332227e-17
358.0,3583.0,,0.0,,,2.0,0.0,-0.71551174,-0.6247571,0.0,0.0,-1.0616579,-7.332227e-17
358.0,3584.0,3.0,1.0,13.0,3.0,2.0,0.0,-0.71551174,-0.6247571,0.0,0.0,-0.10136469,0.3171024
358.0,3586.0,,0.0,,,2.0,4.0,-0.71551174,-0.6247571,0.0,0.0,-1.0616579,-7.332227e-17
358.0,3587.0,1.0,1.0,8.0,2.0,0.0,8.0,-0.71551174,1.6002363,0.0,1.0,0.9594045,0.6673834
358.0,3588.0,,0.0,,,2.0,0.0,-0.71551174,-0.6247571,0.0,0.0,-1.0616579,-7.332227e-17
358.0,3589.0,,0.0,,,2.0,23.0,-0.71551174,-0.6247571,0.0,0.0,-1.0616579,-7.332227e-17
359.0,3592.0,3.0,1.0,11.0,3.0,4.0,,-0.71551174,,0.0,,0.19648926,0.41545796
359.0,3594.0,3.0,1.0,4.0,3.0,3.0,25.0,1.3972776,-0.6247571,1.0,0.0,0.905911,0.64971906
359.0,3597.0,2.0,1.0,,2.0,3.0,25.0,-0.71551174,-0.6247571,0.0,0.0,-0.10136469,0.3171024
359.0,3598.0,,0.0,,,3.0,25.0,-0.71551174,-0.6247571,0.0,0.0,-1.0616579,-7.332227e-17
359.0,3599.0,3.0,1.0,9.0,3.0,3.0,9.0,1.3972776,1.6002363,1.0,1.0,1.96668,1.0
360.0,3601.0,,0.0,,,3.0,0.0,-0.71551174,-0.6247571,0.0,0.0,-1.0616579,-7.332227e-17
360.0,3602.0,2.0,1.0,0.0,2.0,3.0,0.0,-0.71551174,1.6002363,0.0,1.0,0.9594045,0.6673834
360.0,3603.0,2.0,0.0,27.0,3.0,4.0,9.0,-0.71551174,-0.6247571,0.0,0.0,-1.0616579,-7.332227e-17
360.0,3604.0,,0.0,,,2.0,4.0,-0.71551174,-0.6247571,0.0,0.0,-1.0616579,-7.332227e-17
360.0,3606.0,,0.0,,,3.0,0.0,-0.71551174,-0.6247571,0.0,0.0,-1.0616579,-7.332227e-17
360.0,3608.0,,0.0,,,3.0,4.0,-0.71551174,-0.6247571,0.0,0.0,-1.0616579,-7.332227e-17
361.0,3613.0,,0.0,,,4.0,27.0,-0.71551174,-0.6247571,0.0,0.0,-1.0616579,-7.332227e-17
361.0,3616.0,2.0,1.0,,,3.0,17.0,-0.71551174,-0.6247571,0.0,0.0,-0.10136469,0.3171024
361.0,3617.0,,0.0,,,3.0,27.0,-0.71551174,-0.6247571,0.0,0.0,-1.0616579,-7.332227e-17
361.0,3618.0,,0.0,,,2.0,0.0,-0.71551174,-0.6247571,0.0,0.0,-1.0616579,-7.332227e-17
361.0,3619.0,,0.0,,,3.0,0.0,-0.71551174,-0.6247571,0.0,0.0,-1.0616579,-7.332227e-17
362.0,3622.0,1.0,1.0,25.0,2.0,2.0,23.0,1.3972776,-0.6247571,1.0,0.0,0.905911,0.64971906
362.0,3624.0,2.0,1.0,6.0,3.0,3.0,6.0,1.3972776,1.6002363,1.0,1.0,1.96668,1.0
362.0,3626.0,,0.0,,,2.0,0.0,-0.71551174,-0.6247571,0.0,0.0,-1.0616579,-7.332227e-17
362.0,3628.0,,0.0,,,4.0,27.0,-0.71551174,-0.6247571,0.0,0.0,-1.0616579,-7.332227e-17
362.0,3629.0,2.0,1.0,17.0,3.0,3.0,0.0,1.3972776,-0.6247571,1.0,0.0,0.905911,0.64971906
363.0,3632.0,,0.0,,,3.0,9.0,-0.71551174,-0.6247571,0.0,0.0,-1.0616579,-7.332227e-17
363.0,3635.0,4.0,1.0,25.0,3.0,3.0,4.0,1.3972776,-0.6247571,1.0,0.0,0.905911,0.64971906
363.0,3637.0,,0.0,,,4.0,,-0.71551174,1.6002363,0.0,1.0,-0.00088872755,0.35028097
364.0,3641.0,3.0,1.0,4.0,3.0,2.0,0.0,-0.71551174,-0.6247571,0.0,0.0,-1.0616579,-7.332227e-17
364.0,3642.0,2.0,1.0,25.0,2.0,3.0,0.0,-0.71551174,-0.6247571,0.0,0.0,-1.0616579,-7.332227e-17
364.0,3643.0,3.0,1.0,5.0,3.0,2.0,0.0,-0.71551174,-0.6247571,0.0,0.0,-0.10136469,0.3171024
364.0,3644.0,,0.0,,,4.0,1.0,-0.71551174,-0.6247571,0.0,0.0,-1.0616579,-7.332227e-17
364.0,3645.0,2.0,1.0,4.0,3.0,2.0,4.0,-0.71551174,1.6002363,0.0,1.0,-0.00088872755,0.35028097
364.0,3647.0,3.0,1.0,6.0,3.0,3.0,6.0,1.3972776,1.6002363,1.0,1.0,1.96668,1.0
364.0,3649.0,,0.0,,,4.0,0.0,-0.71551174,-0.6247571,0.0,0.0,-1.0616579,-7.332227e-17
365.0,3651.0,4.0,1.0,17.0,4.0,3.0,17.0,-0.71551174,1.6002363,0.0,1.0,0.9594045,0.6673834
365.0,3653.0,,0.0,,,3.0,17.0,-0.71551174,-0.6247571,0.0,0.0,-1.0616579,-7.332227e-17
365.0,3654.0,,0.0,,,3.0,0.0,-0.71551174,-0.6247571,0.0,0.0,-1.0616579,-7.332227e-17
365.0,3655.0,3.0,1.0,15.0,2.0,3.0,0.0,-0.71551174,-0.6247571,0.0,0.0,-0.10136469,0.3171024
365.0,3656.0,3.0,1.0,4.0,3.0,3.0,0.0,1.3972776,-0.6247571,1.0,0.0,0.905911,0.64971906
365.0,3657.0,,0.0,,,1.0,0.0,-0.71551174,-0.6247571,0.0,0.0,-1.0616579,-7.332227e-17
365.0,3658.0,3.0,1.0,9.0,3.0,3.0,17.0,1.3972776,-0.6247571,1.0,0.0,-0.0543822,0.3326167
366.0,3661.0,2.0,1.0,4.0,,3.0,14.0,-0.71551174,-0.6247571,0.0,0.0,-1.0616579,-7.332227e-17
366.0,3663.0,,0.0,,,3.0,17.0,-0.71551174,-0.6247571,0.0,0.0,-1.0616579,-7.332227e-17
366.0,3665.0,3.0,1.0,8.0,,4.0,0.0,-0.71551174,-0.6247571,0.0,0.0,-0.10136469,0.3171024
366.0,3666.0,2.0,1.0,21.0,,3.0,0.0,-0.71551174,-0.6247571,0.0,0.0,-1.0616579,-7.332227e-17
366.0,3667.0,3.0,1.0,9.0,,3.0,17.0,-0.71551174,-0.6247571,0.0,0.0,-1.0616579,-7.332227e-17
366.0,3668.0,,0.0,,,0.0,0.0,-0.71551174,-0.6247571,0.0,0.0,-1.0616579,-7.332227e-17
366.0,3669.0,,0.0,,,4.0,15.0,-0.71551174,-0.6247571,0.0,0.0,-1.0616579,-7.332227e-17
367.0,3674.0,4.0,1.0,9.0,4.0,4.0,9.0,1.3972776,1.6002363,1.0,1.0,1.96668,1.0
367.0,3677.0,,0.0,,,3.0,0.0,-0.71551174,-0.6247571,0.0,0.0,-1.0616579,-7.332227e-17
367.0,3678.0,2.0,1.0,4.0,2.0,3.0,4.0,-0.71551174,1.6002363,0.0,1.0,-0.00088872755,0.35028097
367.0,3679.0,,0.0,,,2.0,18.0,-0.71551174,-0.6247571,0.0,0.0,-1.0616579,-7.332227e-17
368.0,3682.0,1.0,1.0,4.0,2.0,3.0,4.0,-0.71551174,1.6002363,0.0,1.0,-0.00088872755,0.35028097
368.0,3683.0,1.0,1.0,,,3.0,0.0,-0.71551174,-0.6247571,0.0,0.0,-1.0616579,-7.332227e-17
368.0,3684.0,,0.0,,,3.0,0.0,-0.71551174,-0.6247571,0.0,0.0,-1.0616579,-7.332227e-17
368.0,3685.0,1.0,1.0,8.0,2.0,2.0,4.0,1.3972776,-0.6247571,1.0,0.0,-0.0543822,0.3326167
368.0,3686.0,1.0,1.0,4.0,2.0,3.0,4.0,-0.71551174,1.6002363,0.0,1.0,-0.00088872755,0.35028097
368.0,3687.0,1.0,1.0,4.0,,3.0,0.0,-0.71551174,-0.6247571,0.0,0.0,-1.0616579,-7.332227e-17
369.0,3692.0,1.0,1.0,9.0,3.0,3.0,0.0,1.3972776,-0.6247571,1.0,0.0,-0.0543822,0.3326167
369.0,3693.0,,0.0,,,3.0,0.0,-0.71551174,-0.6247571,0.0,0.0,-1.0616579,-7.332227e-17
369.0,3694.0,3.0,1.0,23.0,3.0,3.0,4.0,1.3972776,-0.6247571,1.0,0.0,0.905911,0.64971906
370.0,3702.0,2.0,1.0,4.0,3.0,3.0,23.0,1.3972776,-0.6247571,1.0,0.0,0.905911,0.64971906
370.0,3705.0,2.0,1.0,4.0,3.0,3.0,23.0,1.3972776,-0.6247571,1.0,0.0,0.905911,0.64971906
370.0,3706.0,2.0,1.0,3.0,3.0,4.0,0.0,-0.71551174,-0.6247571,0.0,0.0,-0.10136469,0.3171024
370.0,3707.0,2.0,1.0,17.0,3.0,3.0,17.0,1.3972776,1.6002363,1.0,1.0,1.96668,1.0
371.0,3712.0,2.0,1.0,0.0,3.0,3.0,0.0,1.3972776,1.6002363,1.0,1.0,1.0063869,0.6828976
371.0,3714.0,,0.0,,,4.0,0.0,-0.71551174,-0.6247571,0.0,0.0,-1.0616579,-7.332227e-17
371.0,3715.0,,0.0,,,3.0,0.0,-0.71551174,-0.6247571,0.0,0.0,-1.0616579,-7.332227e-17
372.0,3721.0,2.0,1.0,8.0,2.0,3.0,8.0,-0.71551174,1.6002363,0.0,1.0,0.9594045,0.6673834
372.0,3722.0,2.0,1.0,25.0,2.0,3.0,8.0,-0.71551174,-0.6247571,0.0,0.0,-1.0616579,-7.332227e-17
372.0,3724.0,,0.0,,,3.0,4.0,-0.71551174,-0.6247571,0.0,0.0,-1.0616579,-7.332227e-17
372.0,3725.0,3.0,1.0,17.0,3.0,3.0,17.0,1.3972776,1.6002363,1.0,1.0,1.96668,1.0
372.0,3726.0,3.0,1.0,9.0,4.0,4.0,17.0,1.3972776,-0.6247571,1.0,0.0,0.905911,0.64971906
372.0,3727.0,3.0,1.0,9.0,3.0,4.0,9.0,-0.71551174,1.6002363,0.0,1.0,0.9594045,0.6673834
372.0,3728.0,3.0,1.0,1.0,4.0,4.0,0.0,1.3972776,-0.6247571,1.0,0.0,0.905911,0.64971906
373.0,3732.0,1.0,1.0,4.0,2.0,3.0,18.0,-0.71551174,-0.6247571,0.0,0.0,-1.0616579,-7.332227e-17
373.0,3736.0,2.0,0.0,0.0,3.0,2.0,0.0,-0.71551174,1.6002363,0.0,1.0,-0.00088872755,0.35028097
373.0,3737.0,1.0,0.0,0.0,2.0,0.0,4.0,-0.71551174,-0.6247571,0.0,0.0,-1.0616579,-7.332227e-17
374.0,3741.0,3.0,1.0,4.0,3.0,4.0,18.0,-0.71551174,-0.6247571,0.0,0.0,-1.0616579,-7.332227e-17
374.0,3745.0,3.0,1.0,8.0,3.0,3.0,4.0,1.3972776,-0.6247571,1.0,0.0,-0.0543822,0.3326167
374.0,3746.0,2.0,1.0,4.0,2.0,3.0,4.0,-0.71551174,1.6002363,0.0,1.0,-0.00088872755,0.35028097
374.0,3747.0,,0.0,,,3.0,4.0,-0.71551174,-0.6247571,0.0,0.0,-1.0616579,-7.332227e-17
374.0,3749.0,3.0,1.0,25.0,3.0,2.0,0.0,-0.71551174,-0.6247571,0.0,0.0,-1.0616579,-7.332227e-17
375.0,3751.0,2.0,1.0,4.0,3.0,2.0,0.0,-0.71551174,-0.6247571,0.0,0.0,-0.10136469,0.3171024
375.0,3752.0,,0.0,,,2.0,0.0,-0.71551174,-0.6247571,0.0,0.0,-1.0616579,-7.332227e-17
375.0,3753.0,2.0,1.0,25.0,2.0,2.0,0.0,1.3972776,-0.6247571,1.0,0.0,0.905911,0.64971906
375.0,3754.0,,0.0,,,4.0,27.0,-0.71551174,-0.6247571,0.0,0.0,-1.0616579,-7.332227e-17
375.0,3758.0,2.0,1.0,0.0,2.0,3.0,0.0,-0.71551174,1.6002363,0.0,1.0,0.9594045,0.6673834
376.0,3762.0,3.0,1.0,9.0,3.0,3.0,17.0,1.3972776,-0.6247571,1.0,0.0,0.905911,0.64971906
376.0,3763.0,3.0,1.0,9.0,4.0,4.0,9.0,1.3972776,1.6002363,1.0,1.0,1.96668,1.0
376.0,3764.0,3.0,1.0,0.0,3.0,3.0,17.0,1.3972776,-0.6247571,1.0,0.0,-0.0543822,0.3326167
376.0,3765.0,4.0,1.0,18.0,4.0,4.0,18.0,1.3972776,1.6002363,1.0,1.0,1.96668,1.0
376.0,3766.0,3.0,1.0,23.0,3.0,1.0,23.0,-0.71551174,1.6002363,0.0,1.0,-0.00088872755,0.35028097
376.0,3767.0,,0.0,,,2.0,17.0,-0.71551174,-0.6247571,0.0,0.0,-1.0616579,-7.332227e-17
376.0,3769.0,,0.0,,,4.0,27.0,-0.71551174,-0.6247571,0.0,0.0,-1.0616579,-7.332227e-17
377.0,3772.0,,0.0,,,2.0,6.0,-0.71551174,-0.6247571,0.0,0.0,-1.0616579,-7.332227e-17
377.0,3775.0,2.0,1.0,0.0,2.0,2.0,0.0,1.3972776,1.6002363,1.0,1.0,1.96668,1.0
377.0,3777.0,3.0,0.0,0.0,3.0,3.0,9.0,1.3972776,-0.6247571,1.0,0.0,-0.0543822,0.3326167
377.0,3779.0,2.0,1.0,0.0,2.0,3.0,0.0,-0.71551174,1.6002363,0.0,1.0,0.9594045,0.6673834
378.0,3782.0,2.0,1.0,15.0,3.0,3.0,17.0,1.3972776,-0.6247571,1.0,0.0,0.905911,0.64971906
378.0,3783.0,1.0,1.0,0.0,2.0,3.0,4.0,-0.71551174,-0.6247571,0.0,0.0,-0.10136469,0.3171024
378.0,3784.0,1.0,1.0,24.0,2.0,3.0,4.0,-0.71551174,-0.6247571,0.0,0.0,-0.10136469,0.3171024
378.0,3785.0,,0.0,,,3.0,17.0,-0.71551174,-0.6247571,0.0,0.0,-1.0616579,-7.332227e-17
378.0,3786.0,2.0,1.0,0.0,3.0,3.0,4.0,1.3972776,-0.6247571,1.0,0.0,0.905911,0.64971906
378.0,3789.0,1.0,1.0,8.0,2.0,2.0,0.0,1.3972776,-0.6247571,1.0,0.0,0.905911,0.64971906
379.0,3792.0,3.0,1.0,15.0,,3.0,15.0,-0.71551174,1.6002363,0.0,1.0,-0.00088872755,0.35028097
379.0,3794.0,,0.0,,,,0.0,1.3972776,-0.6247571,1.0,0.0,-0.0543822,0.3326167
379.0,3796.0,,0.0,,,1.0,0.0,-0.71551174,-0.6247571,0.0,0.0,-1.0616579,-7.332227e-17
379.0,3797.0,2.0,1.0,0.0,,2.0,4.0,-0.71551174,-0.6247571,0.0,0.0,-1.0616579,-7.332227e-17
379.0,3798.0,,0.0,,,2.0,9.0,-0.71551174,-0.6247571,0.0,0.0,-1.0616579,-7.332227e-17
380.0,3806.0,2.0,1.0,0.0,2.0,3.0,0.0,-0.71551174,1.6002363,0.0,1.0,0.9594045,0.6673834
380.0,3808.0,2.0,1.0,0.0,2.0,2.0,0.0,1.3972776,1.6002363,1.0,1.0,1.96668,1.0
381.0,3811.0,3.0,1.0,9.0,4.0,4.0,17.0,1.3972776,-0.6247571,1.0,0.0,0.905911,0.64971906
381.0,3813.0,,0.0,,,3.0,0.0,-0.71551174,-0.6247571,0.0,0.0,-1.0616579,-7.332227e-17
381.0,3814.0,2.0,1.0,4.0,3.0,3.0,0.0,1.3972776,-0.6247571,1.0,0.0,0.905911,0.64971906
382.0,3825.0,,0.0,,,3.0,4.0,-0.71551174,-0.6247571,0.0,0.0,-1.0616579,-7.332227e-17
382.0,3826.0,,0.0,,,4.0,9.0,-0.71551174,-0.6247571,0.0,0.0,-1.0616579,-7.332227e-17
382.0,3827.0,3.0,1.0,27.0,4.0,4.0,0.0,1.3972776,-0.6247571,1.0,0.0,0.905911,0.64971906
382.0,3828.0,2.0,1.0,4.0,,3.0,9.0,-0.71551174,-0.6247571,0.0,0.0,-0.10136469,0.3171024
382.0,3829.0,2.0,1.0,4.0,2.0,4.0,1.0,-0.71551174,-0.6247571,0.0,0.0,-0.10136469,0.3171024
384.0,3841.0,2.0,1.0,0.0,3.0,3.0,4.0,1.3972776,-0.6247571,1.0,0.0,0.905911,0.64971906
384.0,3842.0,,0.0,,,3.0,0.0,-0.71551174,-0.6247571,0.0,0.0,-1.0616579,-7.332227e-17
384.0,3844.0,2.0,1.0,0.0,2.0,2.0,0.0,1.3972776,1.6002363,1.0,1.0,1.96668,1.0
384.0,3846.0,,0.0,,,4.0,9.0,-0.71551174,-0.6247571,0.0,0.0,-1.0616579,-7.332227e-17
384.0,3848.0,,0.0,,,3.0,18.0,-0.71551174,-0.6247571,0.0,0.0,-1.0616579,-7.332227e-17
385.0,3851.0,,0.0,,,2.0,0.0,-0.71551174,-0.6247571,0.0,0.0,-1.0616579,-7.332227e-17
385.0,3853.0,,0.0,,,4.0,0.0,-0.71551174,-0.6247571,0.0,0.0,-1.0616579,-7.332227e-17
385.0,3854.0,,0.0,,,3.0,23.0,-0.71551174,-0.6247571,0.0,0.0,-1.0616579,-7.332227e-17
385.0,3856.0,4.0,1.0,23.0,3.0,3.0,17.0,1.3972776,-0.6247571,1.0,0.0,0.905911,0.64971906
385.0,3857.0,3.0,1.0,0.0,3.0,3.0,17.0,1.3972776,-0.6247571,1.0,0.0,0.905911,0.64971906
386.0,3861.0,3.0,1.0,4.0,3.0,3.0,0.0,1.3972776,-0.6247571,1.0,0.0,0.905911,0.64971906
386.0,3862.0,3.0,1.0,,3.0,3.0,4.0,1.3972776,-0.6247571,1.0,0.0,0.905911,0.64971906
386.0,3863.0,3.0,1.0,4.0,4.0,4.0,4.0,1.3972776,1.6002363,1.0,1.0,1.96668,1.0
386.0,3864.0,3.0,1.0,0.0,0.0,3.0,0.0,-0.71551174,1.6002363,0.0,1.0,0.9594045,0.6673834
386.0,3868.0,,0.0,,,3.0,4.0,-0.71551174,-0.6247571,0.0,0.0,-1.0616579,-7.332227e-17
387.0,3871.0,,0.0,,,3.0,9.0,-0.71551174,-0.6247571,0.0,0.0,-1.0616579,-7.332227e-17
387.0,3873.0,,0.0,,,4.0,17.0,-0.71551174,-0.6247571,0.0,0.0,-1.0616579,-7.332227e-17
387.0,3876.0,,0.0,,,3.0,4.0,-0.71551174,-0.6247571,0.0,0.0,-1.0616579,-7.332227e-17
387.0,3877.0,,0.0,,,4.0,27.0,-0.71551174,-0.6247571,0.0,0.0,-1.0616579,-7.332227e-17
387.0,3878.0,,0.0,,,2.0,4.0,-0.71551174,-0.6247571,0.0,0.0,-1.0616579,-7.332227e-17
500.0,5002.0,,0.0,,,4.0,15.0,-0.71551174,-0.6247571,0.0,0.0,-1.0616579,-7.332227e-17
500.0,5003.0,,0.0,,,4.0,4.0,-0.71551174,-0.6247571,0.0,0.0,-1.0616579,-7.332227e-17
500.0,5004.0,1.0,1.0,4.0,2.0,2.0,0.0,1.3972776,-0.6247571,1.0,0.0,0.905911,0.64971906
500.0,5005.0,,0.0,,,3.0,4.0,-0.71551174,-0.6247571,0.0,0.0,-1.0616579,-7.332227e-17
500.0,5006.0,2.0,1.0,11.0,3.0,3.0,4.0,1.3972776,-0.6247571,1.0,0.0,0.905911,0.64971906
500.0,5007.0,,0.0,,,3.0,0.0,-0.71551174,-0.6247571,0.0,0.0,-1.0616579,-7.332227e-17
500.0,5008.0,,0.0,,,3.0,25.0,-0.71551174,-0.6247571,0.0,0.0,-1.0616579,-7.332227e-17
500.0,5009.0,1.0,0.0,23.0,2.0,3.0,23.0,-0.71551174,1.6002363,0.0,1.0,-0.00088872755,0.35028097
501.0,5012.0,,0.0,,,4.0,18.0,-0.71551174,-0.6247571,0.0,0.0,-1.0616579,-7.332227e-17
501.0,5013.0,,0.0,,,3.0,0.0,-0.71551174,-0.6247571,0.0,0.0,-1.0616579,-7.332227e-17
501.0,5014.0,3.0,1.0,,,3.0,0.0,-0.71551174,-0.6247571,0.0,0.0,-1.0616579,-7.332227e-17
501.0,5015.0,,0.0,,,4.0,,-0.71551174,1.6002363,0.0,1.0,-0.00088872755,0.35028097
501.0,5018.0,,0.0,,,2.0,23.0,-0.71551174,-0.6247571,0.0,0.0,-1.0616579,-7.332227e-17
501.0,5019.0,4.0,1.0,4.0,,4.0,,-0.71551174,,0.0,,0.19648926,0.41545796
502.0,5021.0,2.0,1.0,6.0,3.0,3.0,6.0,1.3972776,1.6002363,1.0,1.0,1.96668,1.0
502.0,5023.0,1.0,1.0,0.0,2.0,0.0,0.0,-0.71551174,1.6002363,0.0,1.0,0.9594045,0.6673834
502.0,5024.0,,0.0,,,3.0,4.0,-0.71551174,-0.6247571,0.0,0.0,-1.0616579,-7.332227e-17
502.0,5025.0,,0.0,,,3.0,4.0,-0.71551174,-0.6247571,0.0,0.0,-1.0616579,-7.332227e-17
502.0,5026.0,,0.0,,,3.0,4.0,-0.71551174,-0.6247571,0.0,0.0,-1.0616579,-7.332227e-17
502.0,5027.0,,0.0,,,3.0,0.0,-0.71551174,-0.6247571,0.0,0.0,-1.0616579,-7.332227e-17
502.0,5028.0,2.0,1.0,,2.0,4.0,17.0,-0.71551174,-0.6247571,0.0,0.0,-0.10136469,0.3171024
502.0,5029.0,,0.0,,,3.0,0.0,-0.71551174,-0.6247571,0.0,0.0,-1.0616579,-7.332227e-17
503.0,5034.0,,0.0,,,2.0,0.0,-0.71551174,-0.6247571,0.0,0.0,-1.0616579,-7.332227e-17
503.0,5036.0,,0.0,,,3.0,0.0,-0.71551174,-0.6247571,0.0,0.0,-1.0616579,-7.332227e-17
503.0,5039.0,,0.0,,,3.0,0.0,-0.71551174,-0.6247571,0.0,0.0,-1.0616579,-7.332227e-17
504.0,5041.0,1.0,1.0,0.0,3.0,3.0,0.0,1.3972776,1.6002363,1.0,1.0,1.96668,1.0
504.0,5044.0,,0.0,,,3.0,0.0,-0.71551174,-0.6247571,0.0,0.0,-1.0616579,-7.332227e-17
504.0,5045.0,,0.0,,,3.0,4.0,-0.71551174,-0.6247571,0.0,0.0,-1.0616579,-7.332227e-17
504.0,5046.0,,0.0,,,3.0,4.0,-0.71551174,-0.6247571,0.0,0.0,-1.0616579,-7.332227e-17
504.0,5047.0,,0.0,,,4.0,17.0,-0.71551174,-0.6247571,0.0,0.0,-1.0616579,-7.332227e-17
504.0,5048.0,,0.0,,,3.0,15.0,-0.71551174,-0.6247571,0.0,0.0,-1.0616579,-7.332227e-17
504.0,5049.0,,0.0,,,3.0,0.0,-0.71551174,-0.6247571,0.0,0.0,-1.0616579,-7.332227e-17
505.0,5052.0,2.0,1.0,4.0,3.0,2.0,23.0,-0.71551174,-0.6247571,0.0,0.0,-0.10136469,0.3171024
505.0,5053.0,,0.0,,,2.0,4.0,-0.71551174,-0.6247571,0.0,0.0,-1.0616579,-7.332227e-17
505.0,5054.0,1.0,1.0,0.0,,3.0,,-0.71551174,,0.0,,-0.76380396,0.098355584
505.0,5057.0,2.0,1.0,4.0,2.0,3.0,14.0,-0.71551174,-0.6247571,0.0,0.0,-1.0616579,-7.332227e-17
506.0,5062.0,1.0,1.0,25.0,2.0,4.0,0.0,-0.71551174,-0.6247571,0.0,0.0,-1.0616579,-7.332227e-17
506.0,5064.0,1.0,1.0,0.0,2.0,2.0,4.0,1.3972776,-0.6247571,1.0,0.0,-0.0543822,0.3326167
506.0,5065.0,2.0,1.0,0.0,3.0,2.0,0.0,-0.71551174,1.6002363,0.0,1.0,0.9594045,0.6673834
506.0,5068.0,1.0,1.0,0.0,3.0,2.0,4.0,-0.71551174,-0.6247571,0.0,0.0,-0.10136469,0.3171024
506.0,5069.0,2.0,1.0,13.0,3.0,3.0,0.0,1.3972776,-0.6247571,1.0,0.0,0.905911,0.64971906
507.0,5071.0,3.0,1.0,17.0,3.0,3.0,17.0,1.3972776,1.6002363,1.0,1.0,1.96668,1.0
507.0,5074.0,2.0,1.0,4.0,2.0,3.0,0.0,-0.71551174,-0.6247571,0.0,0.0,-0.10136469,0.3171024
507.0,5075.0,2.0,1.0,4.0,2.0,3.0,14.0,-0.71551174,-0.6247571,0.0,0.0,-0.10136469,0.3171024
507.0,5076.0,2.0,1.0,4.0,3.0,2.0,21.0,-0.71551174,-0.6247571,0.0,0.0,-0.10136469,0.3171024
507.0,5077.0,2.0,1.0,4.0,2.0,3.0,0.0,-0.71551174,-0.6247571,0.0,0.0,-0.10136469,0.3171024
507.0,5078.0,3.0,1.0,17.0,3.0,3.0,17.0,1.3972776,1.6002363,1.0,1.0,1.96668,1.0
507.0,5079.0,3.0,1.0,4.0,3.0,3.0,0.0,1.3972776,-0.6247571,1.0,0.0,0.905911,0.64971906
508.0,5083.0,,0.0,,,4.0,18.0,-0.71551174,-0.6247571,0.0,0.0,-1.0616579,-7.332227e-17
508.0,5084.0,,0.0,,,3.0,0.0,-0.71551174,-0.6247571,0.0,0.0,-1.0616579,-7.332227e-17
508.0,5087.0,2.0,1.0,23.0,3.0,3.0,21.0,1.3972776,-0.6247571,1.0,0.0,0.905911,0.64971906
508.0,5089.0,2.0,1.0,25.0,2.0,2.0,0.0,1.3972776,-0.6247571,1.0,0.0,0.905911,0.64971906
509.0,5091.0,2.0,1.0,21.0,2.0,3.0,9.0,-0.71551174,-0.6247571,0.0,0.0,-0.10136469,0.3171024
509.0,5092.0,1.0,1.0,23.0,2.0,3.0,0.0,-0.71551174,-0.6247571,0.0,0.0,-0.10136469,0.3171024
509.0,5093.0,,0.0,,,4.0,27.0,-0.71551174,-0.6247571,0.0,0.0,-1.0616579,-7.332227e-17
509.0,5094.0,2.0,1.0,23.0,3.0,3.0,0.0,1.3972776,-0.6247571,1.0,0.0,0.905911,0.64971906
509.0,5098.0,1.0,1.0,0.0,2.0,3.0,17.0,-0.71551174,-0.6247571,0.0,0.0,-0.10136469,0.3171024
509.0,5099.0,2.0,1.0,23.0,3.0,3.0,18.0,1.3972776,-0.6247571,1.0,0.0,0.905911,0.64971906
510.0,5101.0,2.0,1.0,4.0,2.0,3.0,4.0,-0.71551174,1.6002363,0.0,1.0,0.9594045,0.6673834
510.0,5103.0,2.0,1.0,1.0,3.0,3.0,11.0,1.3972776,-0.6247571,1.0,0.0,0.905911,0.64971906
510.0,5104.0,2.0,1.0,,3.0,3.0,15.0,1.3972776,-0.6247571,1.0,0.0,-0.0543822,0.3326167
510.0,5105.0,3.0,1.0,17.0,2.0,2.0,21.0,1.3972776,-0.6247571,1.0,0.0,0.905911,0.64971906
510.0,5107.0,3.0,1.0,27.0,4.0,4.0,27.0,1.3972776,1.6002363,1.0,1.0,1.0063869,0.6828976
511.0,5111.0,1.0,1.0,0.0,2.0,2.0,8.0,1.3972776,-0.6247571,1.0,0.0,-0.0543822,0.3326167
511.0,5112.0,2.0,1.0,12.0,3.0,3.0,,1.3972776,,1.0,,0.24347176,0.43097225
511.0,5118.0,2.0,1.0,25.0,2.0,3.0,9.0,-0.71551174,-0.6247571,0.0,0.0,-0.10136469,0.3171024
512.0,5121.0,2.0,1.0,,3.0,4.0,9.0,-0.71551174,-0.6247571,0.0,0.0,-1.0616579,-7.332227e-17
512.0,5122.0,3.0,1.0,0.0,,2.0,25.0,-0.71551174,-0.6247571,0.0,0.0,-1.0616579,-7.332227e-17
512.0,5125.0,2.0,1.0,0.0,3.0,3.0,0.0,1.3972776,1.6002363,1.0,1.0,1.96668,1.0
512.0,5127.0,2.0,1.0,,3.0,4.0,27.0,-0.71551174,-0.6247571,0.0,0.0,-1.0616579,-7.332227e-17
512.0,5128.0,2.0,1.0,4.0,4.0,4.0,0.0,1.3972776,-0.6247571,1.0,0.0,-0.0543822,0.3326167
512.0,5129.0,1.0,1.0,4.0,3.0,3.0,23.0,1.3972776,-0.6247571,1.0,0.0,0.905911,0.64971906
513.0,5131.0,1.0,1.0,4.0,2.0,2.0,4.0,1.3972776,1.6002363,1.0,1.0,1.96668,1.0
513.0,5132.0,1.0,1.0,4.0,2.0,3.0,0.0,-0.71551174,-0.6247571,0.0,0.0,-1.0616579,-7.332227e-17
513.0,5133.0,,1.0,,,3.0,4.0,-0.71551174,-0.6247571,0.0,0.0,-1.0616579,-7.332227e-17
513.0,5134.0,2.0,1.0,6.0,3.0,3.0,6.0,1.3972776,1.6002363,1.0,1.0,1.0063869,0.6828976
513.0,5136.0,1.0,1.0,4.0,3.0,3.0,4.0,1.3972776,1.6002363,1.0,1.0,1.0063869,0.6828976
513.0,5137.0,1.0,1.0,4.0,2.0,1.0,0.0,-0.71551174,-0.6247571,0.0,0.0,-1.0616579,-7.332227e-17
513.0,5138.0,2.0,1.0,4.0,3.0,3.0,4.0,1.3972776,1.6002363,1.0,1.0,1.96668,1.0
514.0,5141.0,3.0,1.0,0.0,3.0,0.0,1.0,-0.71551174,-0.6247571,0.0,0.0,-1.0616579,-7.332227e-17
514.0,5142.0,3.0,1.0,17.0,3.0,3.0,17.0,1.3972776,1.6002363,1.0,1.0,1.0063869,0.6828976
514.0,5145.0,,0.0,,,4.0,27.0,-0.71551174,-0.6247571,0.0,0.0,-1.0616579,-7.332227e-17
514.0,5146.0,3.0,1.0,9.0,4.0,4.0,9.0,1.3972776,1.6002363,1.0,1.0,1.96668,1.0
514.0,5149.0,2.0,1.0,4.0,2.0,3.0,,-0.71551174,,0.0,,0.19648926,0.41545796
515.0,5152.0,3.0,0.0,23.0,2.0,3.0,9.0,-0.71551174,-0.6247571,0.0,0.0,-1.0616579,-7.332227e-17
515.0,5153.0,3.0,0.0,25.0,3.0,3.0,0.0,1.3972776,-0.6247571,1.0,0.0,-0.0543822,0.3326167
515.0,5154.0,2.0,0.0,4.0,3.0,3.0,12.0,1.3972776,-0.6247571,1.0,0.0,-0.0543822,0.3326167
515.0,5158.0,3.0,1.0,1.0,2.0,3.0,,-0.71551174,,0.0,,-0.76380396,0.098355584
516.0,5161.0,,0.0,,,3.0,0.0,-0.71551174,-0.6247571,0.0,0.0,-1.0616579,-7.332227e-17
516.0,5165.0,,0.0,,,3.0,6.0,-0.71551174,-0.6247571,0.0,0.0,-1.0616579,-7.332227e-17
516.0,5167.0,3.0,1.0,17.0,3.0,3.0,17.0,1.3972776,1.6002363,1.0,1.0,1.96668,1.0
516.0,5169.0,,0.0,,,2.0,21.0,-0.71551174,-0.6247571,0.0,0.0,-1.0616579,-7.332227e-17
517.0,5172.0,4.0,1.0,9.0,2.0,2.0,0.0,1.3972776,-0.6247571,1.0,0.0,0.905911,0.64971906
517.0,5174.0,,0.0,,,3.0,,-0.71551174,1.6002363,0.0,1.0,-0.00088872755,0.35028097
517.0,5176.0,3.0,1.0,9.0,4.0,4.0,27.0,1.3972776,-0.6247571,1.0,0.0,0.905911,0.64971906
517.0,5177.0,,0.0,,,3.0,4.0,-0.71551174,-0.6247571,0.0,0.0,-1.0616579,-7.332227e-17
517.0,5179.0,,0.0,,,4.0,17.0,-0.71551174,-0.6247571,0.0,0.0,-1.0616579,-7.332227e-17
518.0,5181.0,3.0,1.0,6.0,3.0,3.0,6.0,1.3972776,1.6002363,1.0,1.0,1.96668,1.0
518.0,5182.0,,0.0,,,2.0,0.0,-0.71551174,-0.6247571,0.0,0.0,-1.0616579,-7.332227e-17
518.0,5183.0,,0.0,,,3.0,4.0,-0.71551174,-0.6247571,0.0,0.0,-1.0616579,-7.332227e-17
518.0,5184.0,3.0,1.0,,3.0,4.0,17.0,-0.71551174,-0.6247571,0.0,0.0,-0.10136469,0.3171024
518.0,5185.0,2.0,1.0,4.0,,3.0,0.0,-0.71551174,-0.6247571,0.0,0.0,-0.10136469,0.3171024
518.0,5186.0,4.0,1.0,17.0,3.0,3.0,4.0,1.3972776,-0.6247571,1.0,0.0,0.905911,0.64971906
518.0,5188.0,4.0,1.0,9.0,4.0,4.0,1.0,1.3972776,-0.6247571,1.0,0.0,-0.0543822,0.3326167
520.0,5202.0,3.0,1.0,28.0,4.0,3.0,0.0,-0.71551174,-0.6247571,0.0,0.0,-0.10136469,0.3171024
520.0,5203.0,,0.0,,,3.0,4.0,-0.71551174,-0.6247571,0.0,0.0,-1.0616579,-7.332227e-17
520.0,5204.0,3.0,0.0,9.0,4.0,4.0,,1.3972776,,1.0,,0.24347176,0.43097225
520.0,5205.0,2.0,1.0,4.0,2.0,3.0,,-0.71551174,,0.0,,0.19648926,0.41545796
520.0,5206.0,2.0,1.0,9.0,4.0,4.0,0.0,1.3972776,-0.6247571,1.0,0.0,0.905911,0.64971906
520.0,5208.0,,0.0,,,4.0,18.0,-0.71551174,-0.6247571,0.0,0.0,-1.0616579,-7.332227e-17
520.0,5209.0,,0.0,,,4.0,24.0,-0.71551174,-0.6247571,0.0,0.0,-1.0616579,-7.332227e-17
521.0,5211.0,2.0,1.0,24.0,3.0,4.0,,-0.71551174,,0.0,,0.19648926,0.41545796
521.0,5214.0,2.0,1.0,0.0,3.0,3.0,5.0,1.3972776,-0.6247571,1.0,0.0,0.905911,0.64971906
521.0,5215.0,3.0,1.0,2.0,4.0,4.0,17.0,1.3972776,-0.6247571,1.0,0.0,0.905911,0.64971906
521.0,5216.0,,0.0,,,4.0,27.0,-0.71551174,-0.6247571,0.0,0.0,-1.0616579,-7.332227e-17
521.0,5217.0,3.0,1.0,24.0,2.0,3.0,,-0.71551174,,0.0,,0.19648926,0.41545796
521.0,5219.0,,0.0,,,4.0,17.0,-0.71551174,-0.6247571,0.0,0.0,-1.0616579,-7.332227e-17
522.0,5222.0,2.0,1.0,0.0,2.0,3.0,0.0,-0.71551174,1.6002363,0.0,1.0,0.9594045,0.6673834
522.0,5223.0,2.0,1.0,4.0,2.0,3.0,4.0,-0.71551174,1.6002363,0.0,1.0,0.9594045,0.6673834
522.0,5225.0,,0.0,,,4.0,17.0,-0.71551174,-0.6247571,0.0,0.0,-1.0616579,-7.332227e-17
522.0,5226.0,3.0,1.0,0.0,3.0,3.0,0.0,1.3972776,1.6002363,1.0,1.0,1.96668,1.0
522.0,5227.0,2.0,1.0,4.0,3.0,3.0,4.0,1.3972776,1.6002363,1.0,1.0,1.96668,1.0
522.0,5228.0,,0.0,,,3.0,6.0,-0.71551174,-0.6247571,0.0,0.0,-1.0616579,-7.332227e-17
523.0,5234.0,3.0,1.0,9.0,4.0,4.0,9.0,1.3972776,1.6002363,1.0,1.0,1.96668,1.0
523.0,5235.0,3.0,1.0,24.0,3.0,3.0,0.0,1.3972776,-0.6247571,1.0,0.0,0.905911,0.64971906
523.0,5237.0,,0.0,,,3.0,4.0,-0.71551174,-0.6247571,0.0,0.0,-1.0616579,-7.332227e-17
523.0,5238.0,3.0,1.0,17.0,4.0,4.0,,1.3972776,,1.0,,1.2037649,0.74807465
523.0,5239.0,,0.0,,,3.0,,-0.71551174,1.6002363,0.0,1.0,-0.00088872755,0.35028097
524.0,5242.0,,0.0,,,3.0,14.0,-0.71551174,-0.6247571,0.0,0.0,-1.0616579,-7.332227e-17
524.0,5243.0,,0.0,,,4.0,4.0,-0.71551174,-0.6247571,0.0,0.0,-1.0616579,-7.332227e-17
524.0,5244.0,2.0,0.0,4.0,,3.0,9.0,-0.71551174,-0.6247571,0.0,0.0,-1.0616579,-7.332227e-17
524.0,5245.0,2.0,0.0,4.0,2.0,3.0,17.0,-0.71551174,-0.6247571,0.0,0.0,-1.0616579,-7.332227e-17
524.0,5246.0,2.0,0.0,15.0,,3.0,0.0,-0.71551174,-0.6247571,0.0,0.0,-1.0616579,-7.332227e-17
524.0,5247.0,2.0,0.0,0.0,,4.0,17.0,-0.71551174,-0.6247571,0.0,0.0,-1.0616579,-7.332227e-17
525.0,5251.0,2.0,0.0,0.0,,3.0,0.0,-0.71551174,1.6002363,0.0,1.0,-0.00088872755,0.35028097
525.0,5252.0,2.0,0.0,4.0,,3.0,8.0,-0.71551174,-0.6247571,0.0,0.0,-1.0616579,-7.332227e-17
525.0,5253.0,2.0,0.0,0.0,,3.0,0.0,-0.71551174,1.6002363,0.0,1.0,-0.00088872755,0.35028097
525.0,5254.0,1.0,0.0,4.0,,3.0,15.0,-0.71551174,-0.6247571,0.0,0.0,-1.0616579,-7.332227e-17
525.0,5257.0,1.0,0.0,0.0,,3.0,0.0,-0.71551174,1.6002363,0.0,1.0,-0.00088872755,0.35028097
526.0,5261.0,,0.0,,,2.0,,-0.71551174,1.6002363,0.0,1.0,-0.00088872755,0.35028097
526.0,5264.0,2.0,1.0,8.0,3.0,3.0,8.0,1.3972776,1.6002363,1.0,1.0,1.96668,1.0
526.0,5265.0,3.0,1.0,17.0,4.0,3.0,17.0,-0.71551174,1.6002363,0.0,1.0,0.9594045,0.6673834
526.0,5266.0,1.0,0.0,,,3.0,4.0,-0.71551174,-0.6247571,0.0,0.0,-1.0616579,-7.332227e-17
526.0,5269.0,3.0,1.0,9.0,3.0,3.0,9.0,1.3972776,1.6002363,1.0,1.0,1.96668,1.0
527.0,5271.0,1.0,1.0,8.0,2.0,2.0,,1.3972776,,1.0,,1.2037649,0.74807465
527.0,5274.0,1.0,0.0,,,3.0,4.0,-0.71551174,-0.6247571,0.0,0.0,-1.0616579,-7.332227e-17
527.0,5275.0,1.0,1.0,0.0,,3.0,0.0,-0.71551174,1.6002363,0.0,1.0,0.9594045,0.6673834
527.0,5277.0,1.0,1.0,23.0,,2.0,23.0,-0.71551174,1.6002363,0.0,1.0,0.9594045,0.6673834
527.0,5278.0,2.0,1.0,4.0,,2.0,23.0,-0.71551174,-0.6247571,0.0,0.0,-0.10136469,0.3171024
527.0,5279.0,2.0,0.0,0.0,,2.0,0.0,-0.71551174,1.6002363,0.0,1.0,-0.00088872755,0.35028097
528.0,5281.0,2.0,1.0,9.0,3.0,3.0,9.0,1.3972776,1.6002363,1.0,1.0,1.96668,1.0
528.0,5282.0,1.0,1.0,0.0,,2.0,0.0,-0.71551174,1.6002363,0.0,1.0,0.9594045,0.6673834
528.0,5284.0,2.0,0.0,15.0,3.0,3.0,17.0,1.3972776,-0.6247571,1.0,0.0,-0.0543822,0.3326167
528.0,5285.0,2.0,1.0,4.0,,3.0,4.0,-0.71551174,1.6002363,0.0,1.0,0.9594045,0.6673834
528.0,5286.0,2.0,1.0,4.0,3.0,3.0,17.0,1.3972776,-0.6247571,1.0,0.0,-0.0543822,0.3326167
528.0,5288.0,2.0,1.0,0.0,3.0,3.0,0.0,1.3972776,1.6002363,1.0,1.0,1.96668,1.0
529.0,5292.0,1.0,1.0,6.0,,3.0,8.0,-0.71551174,-0.6247571,0.0,0.0,-1.0616579,-7.332227e-17
529.0,5293.0,3.0,1.0,1.0,4.0,4.0,1.0,1.3972776,1.6002363,1.0,1.0,1.96668,1.0
529.0,5295.0,2.0,1.0,4.0,3.0,4.0,0.0,-0.71551174,-0.6247571,0.0,0.0,-1.0616579,-7.332227e-17
529.0,5298.0,3.0,1.0,9.0,4.0,3.0,0.0,-0.71551174,-0.6247571,0.0,0.0,-1.0616579,-7.332227e-17
529.0,5299.0,1.0,1.0,12.0,,0.0,4.0,-0.71551174,-0.6247571,0.0,0.0,-1.0616579,-7.332227e-17
530.0,5301.0,1.0,1.0,0.0,2.0,0.0,0.0,-0.71551174,1.6002363,0.0,1.0,0.9594045,0.6673834
530.0,5304.0,1.0,1.0,8.0,2.0,3.0,8.0,-0.71551174,1.6002363,0.0,1.0,0.9594045,0.6673834
530.0,5305.0,1.0,1.0,8.0,2.0,3.0,8.0,-0.71551174,1.6002363,0.0,1.0,0.9594045,0.6673834
530.0,5306.0,1.0,1.0,8.0,2.0,1.0,8.0,-0.71551174,1.6002363,0.0,1.0,0.9594045,0.6673834
530.0,5307.0,1.0,1.0,4.0,3.0,3.0,8.0,1.3972776,-0.6247571,1.0,0.0,0.905911,0.64971906
530.0,5308.0,3.0,1.0,17.0,4.0,4.0,4.0,1.3972776,-0.6247571,1.0,0.0,0.905911,0.64971906
530.0,5309.0,1.0,1.0,0.0,3.0,3.0,4.0,1.3972776,-0.6247571,1.0,0.0,0.905911,0.64971906
531.0,5311.0,2.0,1.0,8.0,,3.0,8.0,-0.71551174,1.6002363,0.0,1.0,0.9594045,0.6673834
531.0,5312.0,2.0,1.0,18.0,3.0,4.0,18.0,-0.71551174,1.6002363,0.0,1.0,-0.00088872755,0.35028097
531.0,5313.0,1.0,0.0,4.0,,2.0,4.0,-0.71551174,1.6002363,0.0,1.0,-0.00088872755,0.35028097
531.0,5314.0,2.0,0.0,5.0,3.0,3.0,5.0,1.3972776,1.6002363,1.0,1.0,1.0063869,0.6828976
531.0,5316.0,1.0,1.0,8.0,0.0,2.0,8.0,-0.71551174,1.6002363,0.0,1.0,0.9594045,0.6673834
531.0,5318.0,1.0,1.0,8.0,2.0,2.0,8.0,1.3972776,1.6002363,1.0,1.0,1.0063869,0.6828976
531.0,5319.0,1.0,1.0,8.0,3.0,3.0,4.0,1.3972776,-0.6247571,1.0,0.0,0.905911,0.64971906
532.0,5321.0,1.0,1.0,23.0,,2.0,8.0,-0.71551174,-0.6247571,0.0,0.0,-0.10136469,0.3171024
532.0,5323.0,1.0,1.0,8.0,,3.0,8.0,-0.71551174,1.6002363,0.0,1.0,-0.00088872755,0.35028097
532.0,5324.0,,0.0,,,3.0,8.0,-0.71551174,-0.6247571,0.0,0.0,-1.0616579,-7.332227e-17
532.0,5325.0,,0.0,,,2.0,8.0,-0.71551174,-0.6247571,0.0,0.0,-1.0616579,-7.332227e-17
532.0,5326.0,1.0,1.0,8.0,2.0,2.0,8.0,1.3972776,1.6002363,1.0,1.0,1.0063869,0.6828976
532.0,5327.0,1.0,1.0,18.0,,3.0,15.0,-0.71551174,-0.6247571,0.0,0.0,-1.0616579,-7.332227e-17
532.0,5328.0,1.0,1.0,8.0,,2.0,8.0,-0.71551174,1.6002363,0.0,1.0,-0.00088872755,0.35028097
533.0,5331.0,3.0,0.0,15.0,3.0,3.0,4.0,1.3972776,-0.6247571,1.0,0.0,-0.0543822,0.3326167
533.0,5332.0,,0.0,,,2.0,0.0,-0.71551174,-0.6247571,0.0,0.0,-1.0616579,-7.332227e-17
533.0,5333.0,1.0,1.0,14.0,0.0,3.0,8.0,-0.71551174,-0.6247571,0.0,0.0,-1.0616579,-7.332227e-17
533.0,5335.0,2.0,1.0,8.0,3.0,3.0,8.0,1.3972776,1.6002363,1.0,1.0,1.96668,1.0
533.0,5338.0,,0.0,,,3.0,18.0,-0.71551174,-0.6247571,0.0,0.0,-1.0616579,-7.332227e-17
534.0,5342.0,2.0,1.0,25.0,,3.0,4.0,-0.71551174,-0.6247571,0.0,0.0,-0.10136469,0.3171024
534.0,5346.0,,0.0,,,3.0,11.0,-0.71551174,-0.6247571,0.0,0.0,-1.0616579,-7.332227e-17
534.0,5347.0,1.0,0.0,25.0,,2.0,0.0,-0.71551174,-0.6247571,0.0,0.0,-1.0616579,-7.332227e-17
534.0,5349.0,3.0,0.0,4.0,3.0,3.0,4.0,1.3972776,1.6002363,1.0,1.0,1.0063869,0.6828976
535.0,5353.0,3.0,1.0,0.0,2.0,3.0,0.0,-0.71551174,1.6002363,0.0,1.0,0.9594045,0.6673834
535.0,5355.0,1.0,1.0,0.0,2.0,3.0,0.0,-0.71551174,1.6002363,0.0,1.0,0.9594045,0.6673834
535.0,5356.0,,0.0,,,3.0,15.0,-0.71551174,-0.6247571,0.0,0.0,-1.0616579,-7.332227e-17
535.0,5357.0,,0.0,,,2.0,0.0,-0.71551174,-0.6247571,0.0,0.0,-1.0616579,-7.332227e-17
535.0,5358.0,2.0,1.0,0.0,3.0,4.0,17.0,-0.71551174,-0.6247571,0.0,0.0,-0.10136469,0.3171024
536.0,5361.0,2.0,1.0,0.0,3.0,2.0,0.0,-0.71551174,1.6002363,0.0,1.0,0.9594045,0.6673834
536.0,5363.0,,0.0,,,3.0,0.0,-0.71551174,-0.6247571,0.0,0.0,-1.0616579,-7.332227e-17
536.0,5364.0,2.0,1.0,0.0,3.0,3.0,0.0,1.3972776,1.6002363,1.0,1.0,1.96668,1.0
536.0,5366.0,,0.0,,,2.0,0.0,-0.71551174,-0.6247571,0.0,0.0,-1.0616579,-7.332227e-17
536.0,5367.0,,0.0,,,0.0,0.0,-0.71551174,-0.6247571,0.0,0.0,-1.0616579,-7.332227e-17
536.0,5368.0,2.0,1.0,17.0,3.0,3.0,0.0,1.3972776,-0.6247571,1.0,0.0,0.905911,0.64971906
536.0,5369.0,1.0,1.0,,2.0,2.0,0.0,1.3972776,-0.6247571,1.0,0.0,0.905911,0.64971906
537.0,5372.0,1.0,1.0,0.0,2.0,3.0,0.0,-0.71551174,1.6002363,0.0,1.0,0.9594045,0.6673834
537.0,5374.0,,0.0,,,2.0,4.0,-0.71551174,-0.6247571,0.0,0.0,-1.0616579,-7.332227e-17
537.0,5375.0,,0.0,,,2.0,14.0,-0.71551174,-0.6247571,0.0,0.0,-1.0616579,-7.332227e-17
537.0,5377.0,,0.0,,,2.0,4.0,-0.71551174,-0.6247571,0.0,0.0,-1.0616579,-7.332227e-17
537.0,5378.0,,0.0,,,3.0,4.0,-0.71551174,-0.6247571,0.0,0.0,-1.0616579,-7.332227e-17
538.0,5381.0,1.0,1.0,0.0,,3.0,0.0,-0.71551174,1.6002363,0.0,1.0,0.9594045,0.6673834
538.0,5382.0,,0.0,,,2.0,,-0.71551174,1.6002363,0.0,1.0,-0.00088872755,0.35028097
538.0,5385.0,,0.0,,,3.0,4.0,-0.71551174,-0.6247571,0.0,0.0,-1.0616579,-7.332227e-17
538.0,5388.0,,0.0,,,2.0,,-0.71551174,1.6002363,0.0,1.0,-0.00088872755,0.35028097
538.0,5389.0,2.0,1.0,0.0,,3.0,,-0.71551174,,0.0,,0.19648926,0.41545796
539.0,5391.0,1.0,1.0,0.0,2.0,3.0,0.0,-0.71551174,1.6002363,0.0,1.0,0.9594045,0.6673834
539.0,5392.0,1.0,1.0,6.0,3.0,3.0,4.0,1.3972776,-0.6247571,1.0,0.0,0.905911,0.64971906
539.0,5393.0,1.0,1.0,4.0,3.0,3.0,0.0,1.3972776,-0.6247571,1.0,0.0,0.905911,0.64971906
540.0,5402.0,3.0,1.0,4.0,3.0,2.0,0.0,-0.71551174,-0.6247571,0.0,0.0,-0.10136469,0.3171024
540.0,5403.0,2.0,1.0,15.0,2.0,2.0,0.0,1.3972776,-0.6247571,1.0,0.0,0.905911,0.64971906
540.0,5404.0,2.0,1.0,4.0,2.0,2.0,4.0,1.3972776,1.6002363,1.0,1.0,1.96668,1.0
540.0,5405.0,2.0,1.0,23.0,2.0,1.0,4.0,-0.71551174,-0.6247571,0.0,0.0,-0.10136469,0.3171024
540.0,5408.0,,0.0,,,1.0,4.0,-0.71551174,-0.6247571,0.0,0.0,-1.0616579,-7.332227e-17
541.0,5411.0,2.0,1.0,4.0,3.0,3.0,21.0,1.3972776,-0.6247571,1.0,0.0,0.905911,0.64971906
541.0,5412.0,1.0,1.0,4.0,3.0,3.0,4.0,1.3972776,1.6002363,1.0,1.0,1.96668,1.0
541.0,5413.0,2.0,1.0,4.0,3.0,3.0,4.0,1.3972776,1.6002363,1.0,1.0,1.96668,1.0
541.0,5416.0,2.0,1.0,4.0,3.0,3.0,0.0,1.3972776,-0.6247571,1.0,0.0,0.905911,0.64971906
541.0,5418.0,2.0,1.0,4.0,2.0,3.0,17.0,-0.71551174,-0.6247571,0.0,0.0,-0.10136469,0.3171024
542.0,5422.0,2.0,1.0,4.0,,3.0,0.0,-0.71551174,-0.6247571,0.0,0.0,-1.0616579,-7.332227e-17
542.0,5423.0,3.0,1.0,12.0,3.0,3.0,4.0,1.3972776,-0.6247571,1.0,0.0,0.905911,0.64971906
542.0,5424.0,,0.0,,,4.0,0.0,-0.71551174,-0.6247571,0.0,0.0,-1.0616579,-7.332227e-17
542.0,5427.0,2.0,1.0,0.0,,3.0,0.0,-0.71551174,1.6002363,0.0,1.0,-0.00088872755,0.35028097
542.0,5428.0,2.0,1.0,18.0,,3.0,0.0,-0.71551174,-0.6247571,0.0,0.0,-0.10136469,0.3171024
542.0,5429.0,3.0,1.0,5.0,3.0,3.0,0.0,1.3972776,-0.6247571,1.0,0.0,0.905911,0.64971906
543.0,5431.0,,0.0,,,3.0,0.0,-0.71551174,-0.6247571,0.0,0.0,-1.0616579,-7.332227e-17
543.0,5432.0,,0.0,,,2.0,8.0,-0.71551174,-0.6247571,0.0,0.0,-1.0616579,-7.332227e-17
543.0,5433.0,2.0,1.0,4.0,3.0,2.0,23.0,-0.71551174,-0.6247571,0.0,0.0,-0.10136469,0.3171024
543.0,5435.0,2.0,1.0,9.0,4.0,4.0,18.0,1.3972776,-0.6247571,1.0,0.0,0.905911,0.64971906
543.0,5438.0,2.0,1.0,24.0,2.0,2.0,0.0,1.3972776,-0.6247571,1.0,0.0,0.905911,0.64971906
544.0,5441.0,,0.0,,,4.0,4.0,-0.71551174,-0.6247571,0.0,0.0,-1.0616579,-7.332227e-17
544.0,5443.0,,0.0,,,3.0,11.0,-0.71551174,-0.6247571,0.0,0.0,-1.0616579,-7.332227e-17
544.0,5444.0,,0.0,,,3.0,0.0,-0.71551174,-0.6247571,0.0,0.0,-1.0616579,-7.332227e-17
544.0,5445.0,2.0,1.0,27.0,4.0,4.0,27.0,1.3972776,1.6002363,1.0,1.0,1.96668,1.0
544.0,5446.0,2.0,1.0,4.0,2.0,3.0,0.0,-0.71551174,-0.6247571,0.0,0.0,-0.10136469,0.3171024
544.0,5447.0,1.0,1.0,18.0,3.0,3.0,17.0,1.3972776,-0.6247571,1.0,0.0,0.905911,0.64971906
544.0,5448.0,1.0,1.0,9.0,4.0,4.0,22.0,1.3972776,-0.6247571,1.0,0.0,0.905911,0.64971906
545.0,5453.0,3.0,0.0,8.0,3.0,4.0,,-0.71551174,,0.0,,-0.76380396,0.098355584
545.0,5455.0,2.0,0.0,0.0,,2.0,0.0,-0.71551174,1.6002363,0.0,1.0,-0.00088872755,0.35028097
545.0,5456.0,,0.0,,,3.0,0.0,-0.71551174,-0.6247571,0.0,0.0,-1.0616579,-7.332227e-17
545.0,5457.0,3.0,0.0,0.0,3.0,3.0,0.0,1.3972776,1.6002363,1.0,1.0,1.0063869,0.6828976
545.0,5458.0,3.0,0.0,9.0,3.0,3.0,9.0,1.3972776,1.6002363,1.0,1.0,1.0063869,0.6828976
545.0,5459.0,3.0,0.0,0.0,,3.0,0.0,-0.71551174,1.6002363,0.0,1.0,-0.00088872755,0.35028097
546.0,5461.0,,0.0,,,2.0,0.0,-0.71551174,-0.6247571,0.0,0.0,-1.0616579,-7.332227e-17
546.0,5462.0,,0.0,,,0.0,0.0,-0.71551174,-0.6247571,0.0,0.0,-1.0616579,-7.332227e-17
546.0,5465.0,2.0,1.0,17.0,,4.0,0.0,-0.71551174,-0.6247571,0.0,0.0,-1.0616579,-7.332227e-17
546.0,5466.0,,0.0,,,4.0,,-0.71551174,1.6002363,0.0,1.0,-0.00088872755,0.35028097
546.0,5468.0,,0.0,,,1.0,0.0,-0.71551174,-0.6247571,0.0,0.0,-1.0616579,-7.332227e-17
546.0,5469.0,,0.0,,,2.0,0.0,-0.71551174,-0.6247571,0.0,0.0,-1.0616579,-7.332227e-17
547.0,5472.0,3.0,1.0,4.0,3.0,3.0,17.0,1.3972776,-0.6247571,1.0,0.0,0.905911,0.64971906
547.0,5475.0,,0.0,,,2.0,0.0,-0.71551174,-0.6247571,0.0,0.0,-1.0616579,-7.332227e-17
547.0,5476.0,,0.0,,,3.0,,-0.71551174,1.6002363,0.0,1.0,-0.00088872755,0.35028097
547.0,5477.0,3.0,1.0,28.0,2.0,3.0,17.0,-0.71551174,-0.6247571,0.0,0.0,-0.10136469,0.3171024
547.0,5478.0,3.0,1.0,0.0,3.0,3.0,17.0,1.3972776,-0.6247571,1.0,0.0,-0.0543822,0.3326167
548.0,5481.0,2.0,1.0,0.0,2.0,1.0,4.0,-0.71551174,-0.6247571,0.0,0.0,-1.0616579,-7.332227e-17
548.0,5482.0,1.0,1.0,0.0,0.0,2.0,,-0.71551174,,0.0,,0.19648926,0.41545796
548.0,5484.0,2.0,1.0,12.0,3.0,1.0,0.0,-0.71551174,-0.6247571,0.0,0.0,-0.10136469,0.3171024
548.0,5485.0,,0.0,,,2.0,0.0,-0.71551174,-0.6247571,0.0,0.0,-1.0616579,-7.332227e-17
548.0,5487.0,,0.0,,,2.0,4.0,-0.71551174,-0.6247571,0.0,0.0,-1.0616579,-7.332227e-17
548.0,5488.0,4.0,1.0,9.0,4.0,4.0,17.0,1.3972776,-0.6247571,1.0,0.0,0.905911,0.64971906
548.0,5489.0,1.0,1.0,4.0,,2.0,0.0,-0.71551174,-0.6247571,0.0,0.0,-1.0616579,-7.332227e-17
549.0,5491.0,2.0,1.0,8.0,3.0,3.0,0.0,1.3972776,-0.6247571,1.0,0.0,0.905911,0.64971906
549.0,5492.0,2.0,1.0,0.0,2.0,2.0,0.0,1.3972776,1.6002363,1.0,1.0,1.96668,1.0
549.0,5493.0,1.0,1.0,0.0,3.0,3.0,,1.3972776,,1.0,,1.2037649,0.74807465
549.0,5497.0,1.0,1.0,0.0,3.0,3.0,0.0,1.3972776,1.6002363,1.0,1.0,1.96668,1.0
549.0,5498.0,3.0,1.0,17.0,2.0,2.0,17.0,1.3972776,1.6002363,1.0,1.0,1.96668,1.0
549.0,5499.0,1.0,1.0,0.0,2.0,1.0,0.0,-0.71551174,1.6002363,0.0,1.0,0.9594045,0.6673834
550.0,5503.0,,0.0,,,4.0,27.0,-0.71551174,-0.6247571,0.0,0.0,-1.0616579,-7.332227e-17
550.0,5504.0,,0.0,,,2.0,4.0,-0.71551174,-0.6247571,0.0,0.0,-1.0616579,-7.332227e-17
550.0,5507.0,,0.0,,,4.0,17.0,-0.71551174,-0.6247571,0.0,0.0,-1.0616579,-7.332227e-17
550.0,5508.0,,0.0,,,2.0,0.0,-0.71551174,-0.6247571,0.0,0.0,-1.0616579,-7.332227e-17
550.0,5509.0,3.0,1.0,23.0,3.0,3.0,4.0,1.3972776,-0.6247571,1.0,0.0,0.905911,0.64971906
551.0,5512.0,3.0,1.0,5.0,3.0,2.0,0.0,-0.71551174,-0.6247571,0.0,0.0,-0.10136469,0.3171024
551.0,5515.0,1.0,1.0,0.0,2.0,3.0,18.0,-0.71551174,-0.6247571,0.0,0.0,-0.10136469,0.3171024
551.0,5517.0,1.0,1.0,0.0,3.0,3.0,0.0,1.3972776,1.6002363,1.0,1.0,1.96668,1.0
551.0,5518.0,2.0,1.0,18.0,3.0,3.0,18.0,1.3972776,1.6002363,1.0,1.0,1.96668,1.0
551.0,5519.0,,0.0,,,3.0,,-0.71551174,1.6002363,0.0,1.0,-0.00088872755,0.35028097
552.0,5522.0,2.0,1.0,4.0,3.0,3.0,4.0,1.3972776,1.6002363,1.0,1.0,1.96668,1.0
552.0,5525.0,1.0,1.0,0.0,4.0,3.0,0.0,-0.71551174,1.6002363,0.0,1.0,0.9594045,0.6673834
552.0,5526.0,3.0,1.0,15.0,3.0,4.0,15.0,-0.71551174,1.6002363,0.0,1.0,0.9594045,0.6673834
553.0,5533.0,2.0,1.0,0.0,3.0,3.0,0.0,1.3972776,1.6002363,1.0,1.0,1.96668,1.0
553.0,5534.0,,0.0,,,3.0,8.0,-0.71551174,-0.6247571,0.0,0.0,-1.0616579,-7.332227e-17
553.0,5535.0,,0.0,,,3.0,17.0,-0.71551174,-0.6247571,0.0,0.0,-1.0616579,-7.332227e-17
553.0,5538.0,3.0,1.0,0.0,3.0,2.0,0.0,-0.71551174,1.6002363,0.0,1.0,0.9594045,0.6673834
553.0,5539.0,,0.0,,,2.0,0.0,-0.71551174,-0.6247571,0.0,0.0,-1.0616579,-7.332227e-17
554.0,5541.0,,0.0,,,1.0,4.0,-0.71551174,-0.6247571,0.0,0.0,-1.0616579,-7.332227e-17
554.0,5542.0,3.0,1.0,0.0,3.0,2.0,0.0,-0.71551174,1.6002363,0.0,1.0,0.9594045,0.6673834
554.0,5543.0,3.0,1.0,25.0,3.0,2.0,0.0,-0.71551174,-0.6247571,0.0,0.0,-0.10136469,0.3171024
554.0,5544.0,1.0,1.0,0.0,0.0,1.0,0.0,-0.71551174,1.6002363,0.0,1.0,0.9594045,0.6673834
554.0,5546.0,3.0,1.0,9.0,3.0,3.0,9.0,1.3972776,1.6002363,1.0,1.0,1.96668,1.0
554.0,5547.0,1.0,1.0,4.0,3.0,2.0,4.0,-0.71551174,1.6002363,0.0,1.0,0.9594045,0.6673834
554.0,5548.0,,0.0,,,1.0,0.0,-0.71551174,-0.6247571,0.0,0.0,-1.0616579,-7.332227e-17
555.0,5554.0,3.0,1.0,17.0,3.0,3.0,17.0,1.3972776,1.6002363,1.0,1.0,1.96668,1.0
555.0,5556.0,,0.0,,,3.0,0.0,-0.71551174,-0.6247571,0.0,0.0,-1.0616579,-7.332227e-17
555.0,5557.0,2.0,1.0,4.0,3.0,3.0,4.0,1.3972776,1.6002363,1.0,1.0,1.96668,1.0
555.0,5558.0,,0.0,,,3.0,27.0,-0.71551174,-0.6247571,0.0,0.0,-1.0616579,-7.332227e-17
555.0,5559.0,1.0,1.0,0.0,3.0,3.0,0.0,1.3972776,1.6002363,1.0,1.0,1.96668,1.0
556.0,5562.0,1.0,1.0,1.0,3.0,4.0,0.0,-0.71551174,-0.6247571,0.0,0.0,-0.10136469,0.3171024
556.0,5565.0,,0.0,,,3.0,0.0,-0.71551174,-0.6247571,0.0,0.0,-1.0616579,-7.332227e-17
556.0,5566.0,3.0,1.0,9.0,3.0,4.0,9.0,-0.71551174,1.6002363,0.0,1.0,0.9594045,0.6673834
556.0,5567.0,,0.0,,,3.0,0.0,-0.71551174,-0.6247571,0.0,0.0,-1.0616579,-7.332227e-17
556.0,5569.0,,0.0,,,3.0,0.0,-0.71551174,-0.6247571,0.0,0.0,-1.0616579,-7.332227e-17
557.0,5572.0,,0.0,,,3.0,17.0,-0.71551174,-0.6247571,0.0,0.0,-1.0616579,-7.332227e-17
557.0,5573.0,2.0,1.0,9.0,4.0,4.0,22.0,1.3972776,-0.6247571,1.0,0.0,0.905911,0.64971906
557.0,5576.0,2.0,1.0,0.0,,2.0,4.0,-0.71551174,-0.6247571,0.0,0.0,-0.10136469,0.3171024
557.0,5577.0,,0.0,,,3.0,0.0,-0.71551174,-0.6247571,0.0,0.0,-1.0616579,-7.332227e-17
557.0,5578.0,,0.0,,,3.0,4.0,-0.71551174,-0.6247571,0.0,0.0,-1.0616579,-7.332227e-17
557.0,5579.0,,0.0,,,3.0,0.0,-0.71551174,-0.6247571,0.0,0.0,-1.0616579,-7.332227e-17
558.0,5581.0,,0.0,,,3.0,4.0,-0.71551174,-0.6247571,0.0,0.0,-1.0616579,-7.332227e-17
558.0,5582.0,3.0,1.0,9.0,4.0,3.0,,-0.71551174,,0.0,,0.19648926,0.41545796
558.0,5583.0,3.0,1.0,4.0,3.0,3.0,0.0,1.3972776,-0.6247571,1.0,0.0,0.905911,0.64971906
558.0,5584.0,,0.0,,,4.0,17.0,-0.71551174,-0.6247571,0.0,0.0,-1.0616579,-7.332227e-17
558.0,5587.0,3.0,1.0,,,3.0,0.0,-0.71551174,-0.6247571,0.0,0.0,-0.10136469,0.3171024
559.0,5591.0,,0.0,,,3.0,25.0,-0.71551174,-0.6247571,0.0,0.0,-1.0616579,-7.332227e-17
559.0,5595.0,2.0,1.0,0.0,,2.0,,-0.71551174,,0.0,,0.19648926,0.41545796
559.0,5596.0,3.0,1.0,0.0,2.0,2.0,0.0,1.3972776,1.6002363,1.0,1.0,1.96668,1.0
559.0,5597.0,,0.0,,,3.0,0.0,-0.71551174,-0.6247571,0.0,0.0,-1.0616579,-7.332227e-17
559.0,5598.0,4.0,1.0,24.0,3.0,3.0,28.0,1.3972776,-0.6247571,1.0,0.0,0.905911,0.64971906
559.0,5599.0,,0.0,,,3.0,,-0.71551174,1.6002363,0.0,1.0,-0.00088872755,0.35028097
560.0,5604.0,2.0,1.0,0.0,0.0,3.0,17.0,-0.71551174,-0.6247571,0.0,0.0,-0.10136469,0.3171024
560.0,5605.0,2.0,1.0,0.0,3.0,3.0,0.0,1.3972776,1.6002363,1.0,1.0,1.96668,1.0
560.0,5609.0,2.0,1.0,4.0,3.0,3.0,4.0,1.3972776,1.6002363,1.0,1.0,1.96668,1.0
561.0,5611.0,2.0,1.0,0.0,2.0,3.0,0.0,-0.71551174,1.6002363,0.0,1.0,0.9594045,0.6673834
561.0,5613.0,,0.0,,,3.0,0.0,-0.71551174,-0.6247571,0.0,0.0,-1.0616579,-7.332227e-17
561.0,5614.0,2.0,1.0,4.0,2.0,2.0,0.0,1.3972776,-0.6247571,1.0,0.0,-0.0543822,0.3326167
561.0,5615.0,2.0,1.0,21.0,,3.0,0.0,-0.71551174,-0.6247571,0.0,0.0,-0.10136469,0.3171024
561.0,5617.0,2.0,1.0,0.0,,3.0,4.0,-0.71551174,-0.6247571,0.0,0.0,-1.0616579,-7.332227e-17
561.0,5618.0,2.0,1.0,0.0,4.0,3.0,0.0,-0.71551174,1.6002363,0.0,1.0,0.9594045,0.6673834
562.0,5621.0,2.0,1.0,0.0,,3.0,15.0,-0.71551174,-0.6247571,0.0,0.0,-1.0616579,-7.332227e-17
562.0,5622.0,2.0,1.0,0.0,2.0,3.0,5.0,-0.71551174,-0.6247571,0.0,0.0,-0.10136469,0.3171024
562.0,5625.0,2.0,1.0,4.0,3.0,3.0,4.0,1.3972776,1.6002363,1.0,1.0,1.96668,1.0
562.0,5626.0,2.0,1.0,,3.0,3.0,18.0,1.3972776,-0.6247571,1.0,0.0,0.905911,0.64971906
562.0,5627.0,1.0,1.0,0.0,,3.0,0.0,-0.71551174,1.6002363,0.0,1.0,0.9594045,0.6673834
562.0,5628.0,1.0,1.0,0.0,0.0,0.0,0.0,1.3972776,1.6002363,1.0,1.0,1.0063869,0.6828976
563.0,5631.0,2.0,1.0,6.0,,4.0,6.0,-0.71551174,1.6002363,0.0,1.0,0.9594045,0.6673834
563.0,5632.0,2.0,1.0,9.0,4.0,4.0,17.0,1.3972776,-0.6247571,1.0,0.0,0.905911,0.64971906
563.0,5633.0,2.0,1.0,17.0,,2.0,0.0,-0.71551174,-0.6247571,0.0,0.0,-0.10136469,0.3171024
563.0,5634.0,2.0,1.0,17.0,3.0,3.0,,1.3972776,,1.0,,0.24347176,0.43097225
563.0,5638.0,2.0,1.0,4.0,2.0,,,,,,,-0.42268258,0.21099868
563.0,5639.0,2.0,1.0,17.0,3.0,3.0,15.0,1.3972776,-0.6247571,1.0,0.0,0.905911,0.64971906
564.0,5643.0,3.0,1.0,18.0,3.0,4.0,18.0,-0.71551174,1.6002363,0.0,1.0,0.9594045,0.6673834
564.0,5644.0,2.0,1.0,18.0,3.0,3.0,4.0,1.3972776,-0.6247571,1.0,0.0,-0.0543822,0.3326167
564.0,5645.0,2.0,1.0,0.0,3.0,3.0,0.0,1.3972776,1.6002363,1.0,1.0,1.96668,1.0
564.0,5648.0,2.0,1.0,4.0,3.0,3.0,17.0,1.3972776,-0.6247571,1.0,0.0,-0.0543822,0.3326167
565.0,5651.0,2.0,1.0,0.0,,2.0,0.0,-0.71551174,1.6002363,0.0,1.0,0.9594045,0.6673834
565.0,5653.0,1.0,1.0,4.0,3.0,3.0,0.0,1.3972776,-0.6247571,1.0,0.0,0.905911,0.64971906
565.0,5655.0,3.0,1.0,9.0,4.0,3.0,9.0,-0.71551174,1.6002363,0.0,1.0,0.9594045,0.6673834
565.0,5657.0,1.0,1.0,21.0,3.0,3.0,8.0,1.3972776,-0.6247571,1.0,0.0,0.905911,0.64971906
566.0,5661.0,1.0,1.0,0.0,,0.0,4.0,-0.71551174,-0.6247571,0.0,0.0,-1.0616579,-7.332227e-17
566.0,5662.0,,0.0,,,3.0,0.0,-0.71551174,-0.6247571,0.0,0.0,-1.0616579,-7.332227e-17
566.0,5664.0,2.0,1.0,0.0,3.0,3.0,4.0,1.3972776,-0.6247571,1.0,0.0,-0.0543822,0.3326167
566.0,5665.0,2.0,1.0,9.0,4.0,4.0,0.0,1.3972776,-0.6247571,1.0,0.0,-0.0543822,0.3326167
566.0,5666.0,2.0,1.0,0.0,3.0,1.0,0.0,-0.71551174,1.6002363,0.0,1.0,-0.00088872755,0.35028097
566.0,5667.0,2.0,1.0,27.0,4.0,4.0,0.0,1.3972776,-0.6247571,1.0,0.0,-0.0543822,0.3326167
566.0,5668.0,2.0,1.0,18.0,3.0,4.0,17.0,-0.71551174,-0.6247571,0.0,0.0,-0.10136469,0.3171024
567.0,5671.0,,0.0,,,3.0,,-0.71551174,1.6002363,0.0,1.0,-0.00088872755,0.35028097
567.0,5674.0,2.0,1.0,27.0,4.0,3.0,27.0,-0.71551174,1.6002363,0.0,1.0,-0.00088872755,0.35028097
567.0,5675.0,,0.0,,,4.0,27.0,-0.71551174,-0.6247571,0.0,0.0,-1.0616579,-7.332227e-17
567.0,5677.0,,0.0,,,2.0,,-0.71551174,1.6002363,0.0,1.0,-0.00088872755,0.35028097
567.0,5679.0,3.0,1.0,17.0,4.0,4.0,17.0,1.3972776,1.6002363,1.0,1.0,1.96668,1.0
569.0,5691.0,2.0,1.0,0.0,3.0,3.0,0.0,1.3972776,1.6002363,1.0,1.0,1.0063869,0.6828976
569.0,5692.0,3.0,1.0,0.0,3.0,3.0,0.0,1.3972776,1.6002363,1.0,1.0,1.0063869,0.6828976
569.0,5693.0,3.0,1.0,0.0,3.0,,0.0,-0.71551174,1.6002363,0.0,1.0,-0.00088872755,0.35028097
569.0,5697.0,,0.0,,,4.0,6.0,-0.71551174,-0.6247571,0.0,0.0,-1.0616579,-7.332227e-17
569.0,5699.0,3.0,1.0,4.0,3.0,2.0,0.0,-0.71551174,-0.6247571,0.0,0.0,-1.0616579,-7.332227e-17
570.0,5701.0,3.0,0.0,1.0,3.0,3.0,9.0,1.3972776,-0.6247571,1.0,0.0,-0.0543822,0.3326167
570.0,5702.0,4.0,0.0,17.0,4.0,4.0,,1.3972776,,1.0,,0.24347176,0.43097225
570.0,5703.0,2.0,0.0,25.0,,3.0,6.0,-0.71551174,-0.6247571,0.0,0.0,-1.0616579,-7.332227e-17
570.0,5706.0,3.0,0.0,9.0,4.0,4.0,0.0,1.3972776,-0.6247571,1.0,0.0,-0.0543822,0.3326167
570.0,5707.0,2.0,0.0,4.0,,0.0,0.0,-0.71551174,-0.6247571,0.0,0.0,-1.0616579,-7.332227e-17
570.0,5708.0,3.0,0.0,9.0,3.0,4.0,27.0,-0.71551174,-0.6247571,0.0,0.0,-1.0616579,-7.332227e-17
571.0,5711.0,,0.0,,,2.0,4.0,-0.71551174,-0.6247571,0.0,0.0,-1.0616579,-7.332227e-17
571.0,5713.0,3.0,0.0,4.0,4.0,2.0,0.0,-0.71551174,-0.6247571,0.0,0.0,-1.0616579,-7.332227e-17
571.0,5714.0,4.0,0.0,4.0,2.0,2.0,0.0,1.3972776,-0.6247571,1.0,0.0,-0.0543822,0.3326167
571.0,5717.0,,0.0,,,4.0,4.0,-0.71551174,-0.6247571,0.0,0.0,-1.0616579,-7.332227e-17
571.0,5719.0,2.0,0.0,5.0,3.0,3.0,,1.3972776,,1.0,,0.24347176,0.43097225
572.0,5721.0,,0.0,,,2.0,8.0,-0.71551174,-0.6247571,0.0,0.0,-1.0616579,-7.332227e-17
572.0,5723.0,2.0,0.0,9.0,3.0,3.0,5.0,1.3972776,-0.6247571,1.0,0.0,-0.0543822,0.3326167
572.0,5724.0,,0.0,,,2.0,8.0,-0.71551174,-0.6247571,0.0,0.0,-1.0616579,-7.332227e-17
572.0,5725.0,,0.0,,,3.0,12.0,-0.71551174,-0.6247571,0.0,0.0,-1.0616579,-7.332227e-17
572.0,5726.0,1.0,0.0,4.0,3.0,3.0,0.0,1.3972776,-0.6247571,1.0,0.0,-0.0543822,0.3326167
572.0,5728.0,2.0,1.0,4.0,3.0,3.0,,1.3972776,,1.0,,0.24347176,0.43097225
572.0,5729.0,,0.0,,,4.0,9.0,-0.71551174,-0.6247571,0.0,0.0,-1.0616579,-7.332227e-17
573.0,5731.0,2.0,1.0,8.0,3.0,3.0,8.0,1.3972776,1.6002363,1.0,1.0,1.96668,1.0
573.0,5733.0,3.0,1.0,13.0,3.0,3.0,17.0,1.3972776,-0.6247571,1.0,0.0,0.905911,0.64971906
573.0,5734.0,1.0,1.0,0.0,2.0,3.0,14.0,-0.71551174,-0.6247571,0.0,0.0,-1.0616579,-7.332227e-17
573.0,5735.0,2.0,1.0,4.0,3.0,2.0,8.0,-0.71551174,-0.6247571,0.0,0.0,-1.0616579,-7.332227e-17
573.0,5736.0,2.0,1.0,27.0,4.0,4.0,27.0,1.3972776,1.6002363,1.0,1.0,1.96668,1.0
573.0,5737.0,2.0,1.0,4.0,3.0,3.0,0.0,1.3972776,-0.6247571,1.0,0.0,-0.0543822,0.3326167
573.0,5739.0,2.0,1.0,8.0,4.0,4.0,8.0,1.3972776,1.6002363,1.0,1.0,1.96668,1.0
574.0,5742.0,1.0,1.0,0.0,0.0,3.0,4.0,-0.71551174,-0.6247571,0.0,0.0,-0.10136469,0.3171024
574.0,5743.0,1.0,1.0,0.0,2.0,2.0,23.0,1.3972776,-0.6247571,1.0,0.0,0.905911,0.64971906
574.0,5745.0,2.0,1.0,6.0,3.0,2.0,0.0,-0.71551174,-0.6247571,0.0,0.0,-0.10136469,0.3171024
574.0,5746.0,4.0,1.0,15.0,3.0,3.0,15.0,1.3972776,1.6002363,1.0,1.0,1.0063869,0.6828976
574.0,5748.0,1.0,1.0,14.0,3.0,2.0,8.0,-0.71551174,-0.6247571,0.0,0.0,-1.0616579,-7.332227e-17
575.0,5756.0,1.0,1.0,4.0,2.0,2.0,4.0,1.3972776,1.6002363,1.0,1.0,1.96668,1.0
575.0,5758.0,3.0,1.0,4.0,4.0,4.0,9.0,1.3972776,-0.6247571,1.0,0.0,0.905911,0.64971906
576.0,5762.0,1.0,1.0,0.0,2.0,2.0,0.0,1.3972776,1.6002363,1.0,1.0,1.96668,1.0
576.0,5764.0,1.0,1.0,8.0,2.0,3.0,8.0,-0.71551174,1.6002363,0.0,1.0,-0.00088872755,0.35028097
576.0,5767.0,1.0,1.0,25.0,2.0,2.0,4.0,1.3972776,-0.6247571,1.0,0.0,0.905911,0.64971906
576.0,5768.0,3.0,1.0,9.0,3.0,3.0,17.0,1.3972776,-0.6247571,1.0,0.0,0.905911,0.64971906
576.0,5769.0,3.0,1.0,9.0,3.0,3.0,17.0,1.3972776,-0.6247571,1.0,0.0,0.905911,0.64971906
577.0,5773.0,1.0,1.0,18.0,,2.0,,-0.71551174,,0.0,,0.19648926,0.41545796
577.0,5774.0,3.0,1.0,25.0,2.0,0.0,4.0,-0.71551174,-0.6247571,0.0,0.0,-1.0616579,-7.332227e-17
577.0,5775.0,3.0,1.0,21.0,3.0,2.0,0.0,-0.71551174,-0.6247571,0.0,0.0,-0.10136469,0.3171024
577.0,5776.0,2.0,1.0,1.0,3.0,2.0,17.0,-0.71551174,-0.6247571,0.0,0.0,-0.10136469,0.3171024
577.0,5777.0,1.0,1.0,0.0,3.0,2.0,4.0,-0.71551174,-0.6247571,0.0,0.0,-0.10136469,0.3171024
577.0,5778.0,2.0,1.0,14.0,2.0,2.0,,1.3972776,,1.0,,0.24347176,0.43097225
577.0,5779.0,1.0,1.0,8.0,2.0,2.0,,1.3972776,,1.0,,0.24347176,0.43097225
578.0,5782.0,2.0,0.0,17.0,2.0,3.0,17.0,-0.71551174,1.6002363,0.0,1.0,-0.00088872755,0.35028097
578.0,5784.0,1.0,1.0,4.0,2.0,4.0,27.0,-0.71551174,-0.6247571,0.0,0.0,-1.0616579,-7.332227e-17
578.0,5785.0,1.0,1.0,0.0,3.0,3.0,8.0,1.3972776,-0.6247571,1.0,0.0,0.905911,0.64971906
578.0,5786.0,2.0,1.0,11.0,3.0,3.0,8.0,1.3972776,-0.6247571,1.0,0.0,0.905911,0.64971906
578.0,5787.0,,0.0,,,3.0,0.0,-0.71551174,-0.6247571,0.0,0.0,-1.0616579,-7.332227e-17
579.0,5791.0,,0.0,,,3.0,0.0,-0.71551174,-0.6247571,0.0,0.0,-1.0616579,-7.332227e-17
579.0,5792.0,1.0,1.0,8.0,2.0,3.0,0.0,-0.71551174,-0.6247571,0.0,0.0,-0.10136469,0.3171024
579.0,5794.0,1.0,1.0,9.0,2.0,3.0,17.0,-0.71551174,-0.6247571,0.0,0.0,-0.10136469,0.3171024
579.0,5795.0,,0.0,,,4.0,20.0,-0.71551174,-0.6247571,0.0,0.0,-1.0616579,-7.332227e-17
579.0,5796.0,1.0,0.0,8.0,2.0,3.0,4.0,-0.71551174,-0.6247571,0.0,0.0,-1.0616579,-7.332227e-17
579.0,5799.0,,1.0,,,3.0,18.0,-0.71551174,-0.6247571,0.0,0.0,-1.0616579,-7.332227e-17
580.0,5804.0,1.0,0.0,4.0,2.0,3.0,0.0,-0.71551174,-0.6247571,0.0,0.0,-1.0616579,-7.332227e-17
580.0,5808.0,1.0,1.0,4.0,2.0,2.0,0.0,1.3972776,-0.6247571,1.0,0.0,-0.0543822,0.3326167
581.0,5813.0,1.0,1.0,8.0,0.0,2.0,23.0,-0.71551174,-0.6247571,0.0,0.0,-0.10136469,0.3171024
581.0,5814.0,2.0,0.0,8.0,2.0,1.0,8.0,-0.71551174,1.6002363,0.0,1.0,-0.00088872755,0.35028097
581.0,5815.0,2.0,0.0,9.0,2.0,2.0,17.0,1.3972776,-0.6247571,1.0,0.0,-0.0543822,0.3326167
581.0,5817.0,2.0,1.0,1.0,3.0,2.0,8.0,-0.71551174,-0.6247571,0.0,0.0,-0.10136469,0.3171024
582.0,5822.0,3.0,1.0,18.0,4.0,4.0,18.0,1.3972776,1.6002363,1.0,1.0,1.96668,1.0
582.0,5826.0,2.0,1.0,23.0,2.0,3.0,23.0,-0.71551174,1.6002363,0.0,1.0,0.9594045,0.6673834
582.0,5827.0,2.0,0.0,4.0,2.0,3.0,4.0,-0.71551174,1.6002363,0.0,1.0,-0.00088872755,0.35028097
582.0,5829.0,2.0,1.0,8.0,3.0,2.0,8.0,-0.71551174,1.6002363,0.0,1.0,0.9594045,0.6673834
583.0,5831.0,2.0,1.0,8.0,3.0,3.0,0.0,1.3972776,-0.6247571,1.0,0.0,0.905911,0.64971906
583.0,5835.0,2.0,0.0,4.0,,3.0,4.0,-0.71551174,1.6002363,0.0,1.0,-0.00088872755,0.35028097
583.0,5837.0,2.0,1.0,25.0,3.0,3.0,23.0,1.3972776,-0.6247571,1.0,0.0,-0.0543822,0.3326167
584.0,5843.0,2.0,0.0,18.0,3.0,3.0,0.0,1.3972776,-0.6247571,1.0,0.0,-0.0543822,0.3326167
584.0,5844.0,1.0,0.0,25.0,2.0,3.0,25.0,-0.71551174,1.6002363,0.0,1.0,-0.00088872755,0.35028097
584.0,5845.0,1.0,0.0,8.0,0.0,3.0,0.0,-0.71551174,-0.6247571,0.0,0.0,-1.0616579,-7.332227e-17
584.0,5846.0,2.0,1.0,8.0,,3.0,8.0,-0.71551174,1.6002363,0.0,1.0,0.9594045,0.6673834
584.0,5847.0,3.0,0.0,17.0,3.0,3.0,17.0,1.3972776,1.6002363,1.0,1.0,1.0063869,0.6828976
585.0,5856.0,3.0,0.0,0.0,3.0,3.0,8.0,1.3972776,-0.6247571,1.0,0.0,-0.0543822,0.3326167
585.0,5857.0,2.0,0.0,4.0,2.0,3.0,0.0,-0.71551174,-0.6247571,0.0,0.0,-1.0616579,-7.332227e-17
585.0,5858.0,3.0,0.0,4.0,3.0,3.0,17.0,1.3972776,-0.6247571,1.0,0.0,-0.0543822,0.3326167
586.0,5864.0,2.0,0.0,4.0,2.0,3.0,4.0,-0.71551174,1.6002363,0.0,1.0,-0.00088872755,0.35028097
586.0,5865.0,3.0,0.0,25.0,2.0,3.0,0.0,-0.71551174,-0.6247571,0.0,0.0,-1.0616579,-7.332227e-17
586.0,5866.0,2.0,0.0,8.0,,0.0,0.0,-0.71551174,-0.6247571,0.0,0.0,-1.0616579,-7.332227e-17
586.0,5867.0,3.0,0.0,0.0,2.0,3.0,0.0,-0.71551174,1.6002363,0.0,1.0,-0.00088872755,0.35028097
587.0,5874.0,3.0,0.0,0.0,2.0,2.0,4.0,1.3972776,-0.6247571,1.0,0.0,-0.0543822,0.3326167
587.0,5875.0,2.0,1.0,14.0,3.0,2.0,0.0,-0.71551174,-0.6247571,0.0,0.0,-1.0616579,-7.332227e-17
587.0,5877.0,3.0,1.0,4.0,3.0,3.0,0.0,1.3972776,-0.6247571,1.0,0.0,0.905911,0.64971906
587.0,5878.0,3.0,0.0,1.0,4.0,2.0,1.0,-0.71551174,1.6002363,0.0,1.0,-0.00088872755,0.35028097
587.0,5879.0,2.0,0.0,0.0,2.0,3.0,0.0,-0.71551174,1.6002363,0.0,1.0,-0.00088872755,0.35028097
588.0,5885.0,2.0,0.0,0.0,,3.0,8.0,-0.71551174,-0.6247571,0.0,0.0,-1.0616579,-7.332227e-17
588.0,5887.0,,0.0,,,4.0,17.0,-0.71551174,-0.6247571,0.0,0.0,-1.0616579,-7.332227e-17
588.0,5888.0,3.0,1.0,17.0,3.0,4.0,17.0,-0.71551174,1.6002363,0.0,1.0,0.9594045,0.6673834
589.0,5891.0,,0.0,,,3.0,27.0,-0.71551174,-0.6247571,0.0,0.0,-1.0616579,-7.332227e-17
589.0,5893.0,,0.0,,,2.0,0.0,-0.71551174,-0.6247571,0.0,0.0,-1.0616579,-7.332227e-17
589.0,5895.0,,0.0,,,3.0,0.0,-0.71551174,-0.6247571,0.0,0.0,-1.0616579,-7.332227e-17
589.0,5896.0,,0.0,,,4.0,17.0,-0.71551174,-0.6247571,0.0,0.0,-1.0616579,-7.332227e-17
589.0,5897.0,3.0,1.0,17.0,4.0,3.0,,-0.71551174,,0.0,,0.19648926,0.41545796
589.0,5898.0,,0.0,,,3.0,12.0,-0.71551174,-0.6247571,0.0,0.0,-1.0616579,-7.332227e-17
589.0,5899.0,,0.0,,,4.0,1.0,-0.71551174,-0.6247571,0.0,0.0,-1.0616579,-7.332227e-17
590.0,5907.0,3.0,0.0,15.0,3.0,2.0,15.0,-0.71551174,1.6002363,0.0,1.0,-0.00088872755,0.35028097
590.0,5908.0,,0.0,,,2.0,8.0,-0.71551174,-0.6247571,0.0,0.0,-1.0616579,-7.332227e-17
591.0,5911.0,3.0,1.0,28.0,3.0,3.0,28.0,1.3972776,1.6002363,1.0,1.0,1.96668,1.0
591.0,5914.0,,0.0,,,2.0,0.0,-0.71551174,-0.6247571,0.0,0.0,-1.0616579,-7.332227e-17
591.0,5915.0,1.0,1.0,0.0,3.0,3.0,8.0,1.3972776,-0.6247571,1.0,0.0,0.905911,0.64971906
591.0,5916.0,2.0,1.0,0.0,3.0,2.0,0.0,-0.71551174,1.6002363,0.0,1.0,0.9594045,0.6673834
591.0,5918.0,2.0,1.0,25.0,3.0,3.0,4.0,1.3972776,-0.6247571,1.0,0.0,0.905911,0.64971906
591.0,5919.0,1.0,1.0,0.0,2.0,2.0,23.0,1.3972776,-0.6247571,1.0,0.0,0.905911,0.64971906
592.0,5924.0,,0.0,,,3.0,4.0,-0.71551174,-0.6247571,0.0,0.0,-1.0616579,-7.332227e-17
592.0,5925.0,,0.0,,,4.0,9.0,-0.71551174,-0.6247571,0.0,0.0,-1.0616579,-7.332227e-17
592.0,5926.0,3.0,1.0,0.0,2.0,3.0,0.0,-0.71551174,1.6002363,0.0,1.0,0.9594045,0.6673834
592.0,5927.0,1.0,1.0,0.0,2.0,3.0,8.0,-0.71551174,-0.6247571,0.0,0.0,-0.10136469,0.3171024
593.0,5935.0,,0.0,,,3.0,0.0,-0.71551174,-0.6247571,0.0,0.0,-1.0616579,-7.332227e-17
593.0,5936.0,2.0,1.0,17.0,3.0,3.0,17.0,1.3972776,1.6002363,1.0,1.0,1.96668,1.0
593.0,5937.0,,0.0,,,4.0,9.0,-0.71551174,-0.6247571,0.0,0.0,-1.0616579,-7.332227e-17
593.0,5938.0,,0.0,,,3.0,4.0,-0.71551174,-0.6247571,0.0,0.0,-1.0616579,-7.332227e-17
593.0,5939.0,,0.0,,,3.0,9.0,-0.71551174,-0.6247571,0.0,0.0,-1.0616579,-7.332227e-17
594.0,5943.0,,0.0,,,4.0,18.0,-0.71551174,-0.6247571,0.0,0.0,-1.0616579,-7.332227e-17
594.0,5947.0,,0.0,,,3.0,0.0,-0.71551174,-0.6247571,0.0,0.0,-1.0616579,-7.332227e-17
594.0,5949.0,,0.0,,,3.0,13.0,-0.71551174,-0.6247571,0.0,0.0,-1.0616579,-7.332227e-17
595.0,5954.0,,0.0,,,4.0,4.0,-0.71551174,-0.6247571,0.0,0.0,-1.0616579,-7.332227e-17
595.0,5956.0,2.0,1.0,4.0,3.0,3.0,22.0,1.3972776,-0.6247571,1.0,0.0,0.905911,0.64971906
595.0,5959.0,2.0,1.0,4.0,3.0,3.0,4.0,1.3972776,1.6002363,1.0,1.0,1.96668,1.0
596.0,5966.0,,0.0,,,3.0,27.0,-0.71551174,-0.6247571,0.0,0.0,-1.0616579,-7.332227e-17
596.0,5967.0,2.0,1.0,0.0,3.0,3.0,0.0,1.3972776,1.6002363,1.0,1.0,1.96668,1.0
596.0,5968.0,2.0,1.0,0.0,3.0,2.0,0.0,-0.71551174,1.6002363,0.0,1.0,0.9594045,0.6673834
597.0,5972.0,4.0,1.0,9.0,3.0,4.0,0.0,-0.71551174,-0.6247571,0.0,0.0,-1.0616579,-7.332227e-17
597.0,5973.0,5.0,1.0,17.0,4.0,4.0,2.0,1.3972776,-0.6247571,1.0,0.0,-0.0543822,0.3326167
597.0,5974.0,4.0,1.0,4.0,3.0,2.0,6.0,-0.71551174,-0.6247571,0.0,0.0,-1.0616579,-7.332227e-17
597.0,5975.0,5.0,1.0,9.0,4.0,4.0,1.0,1.3972776,-0.6247571,1.0,0.0,-0.0543822,0.3326167
597.0,5978.0,2.0,1.0,0.0,2.0,3.0,0.0,-0.71551174,1.6002363,0.0,1.0,-0.00088872755,0.35028097
598.0,5981.0,4.0,1.0,11.0,4.0,4.0,8.0,1.3972776,-0.6247571,1.0,0.0,0.905911,0.64971906
598.0,5984.0,2.0,1.0,0.0,3.0,3.0,8.0,1.3972776,-0.6247571,1.0,0.0,0.905911,0.64971906
598.0,5985.0,2.0,1.0,0.0,3.0,3.0,27.0,1.3972776,-0.6247571,1.0,0.0,0.905911,0.64971906
598.0,5988.0,4.0,1.0,5.0,3.0,3.0,0.0,1.3972776,-0.6247571,1.0,0.0,0.905911,0.64971906
598.0,5989.0,2.0,1.0,4.0,2.0,3.0,8.0,-0.71551174,-0.6247571,0.0,0.0,-0.10136469,0.3171024
599.0,5991.0,,0.0,,,3.0,27.0,-0.71551174,-0.6247571,0.0,0.0,-1.0616579,-7.332227e-17
599.0,5992.0,3.0,1.0,4.0,3.0,3.0,0.0,1.3972776,-0.6247571,1.0,0.0,0.905911,0.64971906
599.0,5993.0,2.0,1.0,0.0,,2.0,8.0,-0.71551174,-0.6247571,0.0,0.0,-0.10136469,0.3171024
599.0,5994.0,3.0,1.0,6.0,3.0,3.0,6.0,1.3972776,1.6002363,1.0,1.0,1.96668,1.0
599.0,5996.0,2.0,1.0,0.0,,3.0,4.0,-0.71551174,-0.6247571,0.0,0.0,-0.10136469,0.3171024
599.0,5997.0,3.0,1.0,9.0,3.0,3.0,27.0,1.3972776,-0.6247571,1.0,0.0,0.905911,0.64971906
599.0,5998.0,,0.0,,,3.0,0.0,-0.71551174,-0.6247571,0.0,0.0,-1.0616579,-7.332227e-17
600.0,6001.0,2.0,1.0,4.0,,3.0,,-0.71551174,,0.0,,0.19648926,0.41545796
600.0,6002.0,3.0,1.0,23.0,3.0,3.0,23.0,1.3972776,1.6002363,1.0,1.0,1.96668,1.0
600.0,6003.0,2.0,1.0,4.0,2.0,3.0,0.0,-0.71551174,-0.6247571,0.0,0.0,-0.10136469,0.3171024
600.0,6004.0,3.0,1.0,17.0,4.0,4.0,1.0,1.3972776,-0.6247571,1.0,0.0,0.905911,0.64971906
600.0,6009.0,2.0,1.0,4.0,3.0,3.0,0.0,1.3972776,-0.6247571,1.0,0.0,0.905911,0.64971906
601.0,6011.0,2.0,1.0,0.0,2.0,3.0,0.0,-0.71551174,1.6002363,0.0,1.0,0.9594045,0.6673834
601.0,6015.0,3.0,1.0,17.0,4.0,3.0,4.0,-0.71551174,-0.6247571,0.0,0.0,-0.10136469,0.3171024
601.0,6017.0,3.0,1.0,0.0,4.0,4.0,2.0,1.3972776,-0.6247571,1.0,0.0,0.905911,0.64971906
601.0,6019.0,3.0,1.0,0.0,3.0,3.0,0.0,1.3972776,1.6002363,1.0,1.0,1.96668,1.0
602.0,6022.0,3.0,1.0,4.0,3.0,4.0,1.0,-0.71551174,-0.6247571,0.0,0.0,-1.0616579,-7.332227e-17
602.0,6023.0,3.0,1.0,9.0,3.0,3.0,9.0,1.3972776,1.6002363,1.0,1.0,1.96668,1.0
602.0,6024.0,2.0,1.0,22.0,4.0,4.0,4.0,1.3972776,-0.6247571,1.0,0.0,-0.0543822,0.3326167
602.0,6025.0,3.0,1.0,,3.0,4.0,17.0,-0.71551174,-0.6247571,0.0,0.0,-1.0616579,-7.332227e-17
602.0,6026.0,2.0,1.0,4.0,3.0,3.0,4.0,1.3972776,1.6002363,1.0,1.0,1.0063869,0.6828976
602.0,6027.0,,1.0,,,4.0,18.0,-0.71551174,-0.6247571,0.0,0.0,-1.0616579,-7.332227e-17
602.0,6029.0,,0.0,,,3.0,12.0,-0.71551174,-0.6247571,0.0,0.0,-1.0616579,-7.332227e-17
603.0,6032.0,,0.0,,,4.0,1.0,-0.71551174,-0.6247571,0.0,0.0,-1.0616579,-7.332227e-17
603.0,6034.0,2.0,1.0,0.0,3.0,3.0,0.0,1.3972776,1.6002363,1.0,1.0,1.96668,1.0
603.0,6036.0,2.0,1.0,,,3.0,17.0,-0.71551174,-0.6247571,0.0,0.0,-1.0616579,-7.332227e-17
603.0,6037.0,2.0,1.0,0.0,3.0,4.0,4.0,-0.71551174,-0.6247571,0.0,0.0,-0.10136469,0.3171024
603.0,6038.0,3.0,1.0,9.0,4.0,4.0,17.0,1.3972776,-0.6247571,1.0,0.0,0.905911,0.64971906
603.0,6039.0,2.0,1.0,6.0,3.0,3.0,6.0,1.3972776,1.6002363,1.0,1.0,1.96668,1.0
604.0,6044.0,,0.0,,,2.0,0.0,-0.71551174,-0.6247571,0.0,0.0,-1.0616579,-7.332227e-17
604.0,6047.0,,0.0,,,4.0,27.0,-0.71551174,-0.6247571,0.0,0.0,-1.0616579,-7.332227e-17
604.0,6048.0,,0.0,,,2.0,4.0,-0.71551174,-0.6247571,0.0,0.0,-1.0616579,-7.332227e-17
604.0,6049.0,,0.0,,,2.0,27.0,-0.71551174,-0.6247571,0.0,0.0,-1.0616579,-7.332227e-17
605.0,6051.0,,0.0,,,4.0,0.0,-0.71551174,-0.6247571,0.0,0.0,-1.0616579,-7.332227e-17
605.0,6055.0,,0.0,,,0.0,0.0,-0.71551174,-0.6247571,0.0,0.0,-1.0616579,-7.332227e-17
605.0,6056.0,,0.0,,,3.0,27.0,-0.71551174,-0.6247571,0.0,0.0,-1.0616579,-7.332227e-17
605.0,6059.0,,0.0,,,3.0,0.0,-0.71551174,-0.6247571,0.0,0.0,-1.0616579,-7.332227e-17
606.0,6061.0,1.0,1.0,0.0,,3.0,17.0,-0.71551174,-0.6247571,0.0,0.0,-1.0616579,-7.332227e-17
606.0,6062.0,3.0,1.0,12.0,3.0,3.0,0.0,1.3972776,-0.6247571,1.0,0.0,0.905911,0.64971906
606.0,6067.0,,0.0,,,3.0,25.0,-0.71551174,-0.6247571,0.0,0.0,-1.0616579,-7.332227e-17
607.0,6071.0,,0.0,,,3.0,,-0.71551174,1.6002363,0.0,1.0,-0.00088872755,0.35028097
607.0,6072.0,,0.0,,,3.0,14.0,-0.71551174,-0.6247571,0.0,0.0,-1.0616579,-7.332227e-17
607.0,6074.0,4.0,1.0,4.0,3.0,3.0,23.0,1.3972776,-0.6247571,1.0,0.0,-0.0543822,0.3326167
607.0,6075.0,,0.0,,,3.0,18.0,-0.71551174,-0.6247571,0.0,0.0,-1.0616579,-7.332227e-17
607.0,6078.0,1.0,1.0,11.0,,3.0,21.0,-0.71551174,-0.6247571,0.0,0.0,-0.10136469,0.3171024
607.0,6079.0,,0.0,,,2.0,8.0,-0.71551174,-0.6247571,0.0,0.0,-1.0616579,-7.332227e-17
608.0,6083.0,2.0,1.0,,,2.0,1.0,-0.71551174,-0.6247571,0.0,0.0,-0.10136469,0.3171024
608.0,6085.0,,0.0,,,3.0,0.0,-0.71551174,-0.6247571,0.0,0.0,-1.0616579,-7.332227e-17
608.0,6086.0,,0.0,,,3.0,0.0,-0.71551174,-0.6247571,0.0,0.0,-1.0616579,-7.332227e-17
611.0,6114.0,2.0,1.0,6.0,3.0,3.0,22.0,1.3972776,-0.6247571,1.0,0.0,-0.0543822,0.3326167
611.0,6116.0,1.0,1.0,4.0,2.0,3.0,0.0,-0.71551174,-0.6247571,0.0,0.0,-1.0616579,-7.332227e-17
611.0,6118.0,1.0,1.0,21.0,2.0,3.0,6.0,-0.71551174,-0.6247571,0.0,0.0,-1.0616579,-7.332227e-17
612.0,6128.0,2.0,1.0,0.0,2.0,3.0,0.0,-0.71551174,1.6002363,0.0,1.0,0.9594045,0.6673834
613.0,6132.0,1.0,1.0,0.0,2.0,3.0,0.0,-0.71551174,1.6002363,0.0,1.0,-0.00088872755,0.35028097
613.0,6134.0,1.0,1.0,0.0,2.0,2.0,0.0,1.3972776,1.6002363,1.0,1.0,1.0063869,0.6828976
613.0,6136.0,,0.0,,,3.0,0.0,-0.71551174,-0.6247571,0.0,0.0,-1.0616579,-7.332227e-17
613.0,6139.0,2.0,1.0,4.0,2.0,0.0,0.0,-0.71551174,-0.6247571,0.0,0.0,-1.0616579,-7.332227e-17
614.0,6144.0,2.0,1.0,0.0,3.0,3.0,0.0,1.3972776,1.6002363,1.0,1.0,1.0063869,0.6828976
614.0,6146.0,2.0,1.0,4.0,0.0,2.0,23.0,-0.71551174,-0.6247571,0.0,0.0,-0.10136469,0.3171024
614.0,6148.0,,0.0,,,3.0,6.0,-0.71551174,-0.6247571,0.0,0.0,-1.0616579,-7.332227e-17
614.0,6149.0,3.0,1.0,4.0,,4.0,17.0,-0.71551174,-0.6247571,0.0,0.0,-1.0616579,-7.332227e-17
615.0,6151.0,2.0,1.0,21.0,2.0,3.0,0.0,-0.71551174,-0.6247571,0.0,0.0,-0.10136469,0.3171024
615.0,6155.0,,0.0,,,3.0,0.0,-0.71551174,-0.6247571,0.0,0.0,-1.0616579,-7.332227e-17
615.0,6156.0,2.0,1.0,13.0,3.0,3.0,18.0,1.3972776,-0.6247571,1.0,0.0,-0.0543822,0.3326167
615.0,6158.0,2.0,1.0,0.0,3.0,3.0,0.0,1.3972776,1.6002363,1.0,1.0,1.0063869,0.6828976
615.0,6159.0,3.0,1.0,,3.0,3.0,18.0,1.3972776,-0.6247571,1.0,0.0,-0.0543822,0.3326167
616.0,6161.0,2.0,1.0,17.0,3.0,3.0,,1.3972776,,1.0,,1.2037649,0.74807465
616.0,6164.0,,0.0,,,3.0,17.0,-0.71551174,-0.6247571,0.0,0.0,-1.0616579,-7.332227e-17
616.0,6165.0,,0.0,,,4.0,1.0,-0.71551174,-0.6247571,0.0,0.0,-1.0616579,-7.332227e-17
616.0,6166.0,2.0,1.0,28.0,3.0,3.0,,1.3972776,,1.0,,0.24347176,0.43097225
617.0,6171.0,,0.0,,,3.0,0.0,-0.71551174,-0.6247571,0.0,0.0,-1.0616579,-7.332227e-17
617.0,6172.0,2.0,1.0,17.0,3.0,3.0,17.0,1.3972776,1.6002363,1.0,1.0,1.96668,1.0
617.0,6174.0,2.0,1.0,12.0,3.0,3.0,17.0,1.3972776,-0.6247571,1.0,0.0,-0.0543822,0.3326167
617.0,6176.0,,0.0,,,3.0,0.0,-0.71551174,-0.6247571,0.0,0.0,-1.0616579,-7.332227e-17
617.0,6178.0,2.0,1.0,,,3.0,4.0,-0.71551174,-0.6247571,0.0,0.0,-1.0616579,-7.332227e-17
618.0,6182.0,2.0,1.0,0.0,,2.0,0.0,-0.71551174,1.6002363,0.0,1.0,0.9594045,0.6673834
618.0,6183.0,1.0,1.0,0.0,2.0,1.0,18.0,-0.71551174,-0.6247571,0.0,0.0,-0.10136469,0.3171024
618.0,6185.0,2.0,1.0,11.0,3.0,3.0,0.0,1.3972776,-0.6247571,1.0,0.0,0.905911,0.64971906
618.0,6186.0,2.0,1.0,4.0,3.0,3.0,17.0,1.3972776,-0.6247571,1.0,0.0,0.905911,0.64971906
618.0,6187.0,2.0,1.0,,,3.0,,-0.71551174,,0.0,,-0.76380396,0.098355584
618.0,6188.0,1.0,1.0,0.0,3.0,4.0,0.0,-0.71551174,1.6002363,0.0,1.0,0.9594045,0.6673834
618.0,6189.0,2.0,1.0,4.0,,2.0,4.0,-0.71551174,1.6002363,0.0,1.0,-0.00088872755,0.35028097
619.0,6191.0,,0.0,,,3.0,9.0,-0.71551174,-0.6247571,0.0,0.0,-1.0616579,-7.332227e-17
619.0,6192.0,2.0,1.0,0.0,,2.0,0.0,-0.71551174,1.6002363,0.0,1.0,0.9594045,0.6673834
619.0,6193.0,2.0,1.0,25.0,3.0,4.0,9.0,-0.71551174,-0.6247571,0.0,0.0,-0.10136469,0.3171024
619.0,6195.0,,0.0,,,3.0,0.0,-0.71551174,-0.6247571,0.0,0.0,-1.0616579,-7.332227e-17
619.0,6196.0,3.0,1.0,,,3.0,17.0,-0.71551174,-0.6247571,0.0,0.0,-0.10136469,0.3171024
619.0,6199.0,,0.0,,,3.0,20.0,-0.71551174,-0.6247571,0.0,0.0,-1.0616579,-7.332227e-17
620.0,6201.0,2.0,1.0,4.0,3.0,3.0,4.0,1.3972776,1.6002363,1.0,1.0,1.0063869,0.6828976
620.0,6203.0,2.0,1.0,0.0,4.0,4.0,18.0,1.3972776,-0.6247571,1.0,0.0,0.905911,0.64971906
620.0,6204.0,2.0,0.0,0.0,,3.0,27.0,-0.71551174,-0.6247571,0.0,0.0,-1.0616579,-7.332227e-17
620.0,6207.0,2.0,1.0,0.0,3.0,3.0,0.0,1.3972776,1.6002363,1.0,1.0,1.96668,1.0
620.0,6208.0,2.0,0.0,9.0,4.0,4.0,9.0,1.3972776,1.6002363,1.0,1.0,1.0063869,0.6828976
620.0,6209.0,3.0,1.0,0.0,,4.0,,-0.71551174,,0.0,,-0.76380396,0.098355584
621.0,6211.0,2.0,1.0,23.0,2.0,2.0,23.0,1.3972776,1.6002363,1.0,1.0,1.0063869,0.6828976
621.0,6214.0,3.0,1.0,13.0,3.0,3.0,13.0,1.3972776,1.6002363,1.0,1.0,1.96668,1.0
621.0,6216.0,,0.0,,,3.0,0.0,-0.71551174,-0.6247571,0.0,0.0,-1.0616579,-7.332227e-17
621.0,6217.0,3.0,1.0,11.0,3.0,3.0,0.0,1.3972776,-0.6247571,1.0,0.0,-0.0543822,0.3326167
621.0,6218.0,2.0,1.0,23.0,2.0,3.0,25.0,-0.71551174,-0.6247571,0.0,0.0,-1.0616579,-7.332227e-17
622.0,6221.0,1.0,1.0,0.0,3.0,2.0,0.0,-0.71551174,1.6002363,0.0,1.0,0.9594045,0.6673834
622.0,6222.0,2.0,1.0,15.0,3.0,3.0,15.0,1.3972776,1.6002363,1.0,1.0,1.96668,1.0
622.0,6225.0,3.0,1.0,25.0,3.0,3.0,0.0,1.3972776,-0.6247571,1.0,0.0,-0.0543822,0.3326167
622.0,6226.0,1.0,1.0,23.0,2.0,3.0,25.0,-0.71551174,-0.6247571,0.0,0.0,-1.0616579,-7.332227e-17
623.0,6232.0,3.0,1.0,4.0,3.0,3.0,17.0,1.3972776,-0.6247571,1.0,0.0,0.905911,0.64971906
623.0,6233.0,,0.0,,,3.0,1.0,-0.71551174,-0.6247571,0.0,0.0,-1.0616579,-7.332227e-17
623.0,6235.0,2.0,1.0,0.0,,2.0,0.0,-0.71551174,1.6002363,0.0,1.0,-0.00088872755,0.35028097
623.0,6237.0,2.0,1.0,0.0,0.0,2.0,0.0,-0.71551174,1.6002363,0.0,1.0,-0.00088872755,0.35028097
623.0,6238.0,2.0,1.0,8.0,3.0,2.0,8.0,-0.71551174,1.6002363,0.0,1.0,0.9594045,0.6673834
623.0,6239.0,,0.0,,,3.0,0.0,-0.71551174,-0.6247571,0.0,0.0,-1.0616579,-7.332227e-17
624.0,6241.0,3.0,1.0,25.0,3.0,2.0,0.0,-0.71551174,-0.6247571,0.0,0.0,-0.10136469,0.3171024
624.0,6242.0,1.0,1.0,0.0,2.0,3.0,8.0,-0.71551174,-0.6247571,0.0,0.0,-0.10136469,0.3171024
624.0,6243.0,3.0,1.0,17.0,3.0,4.0,11.0,-0.71551174,-0.6247571,0.0,0.0,-0.10136469,0.3171024
624.0,6244.0,,0.0,,,3.0,0.0,-0.71551174,-0.6247571,0.0,0.0,-1.0616579,-7.332227e-17
624.0,6245.0,,0.0,,,0.0,25.0,-0.71551174,-0.6247571,0.0,0.0,-1.0616579,-7.332227e-17
624.0,6246.0,,0.0,,,2.0,25.0,-0.71551174,-0.6247571,0.0,0.0,-1.0616579,-7.332227e-17
624.0,6247.0,2.0,1.0,25.0,3.0,3.0,0.0,1.3972776,-0.6247571,1.0,0.0,0.905911,0.64971906
624.0,6248.0,1.0,1.0,0.0,2.0,4.0,18.0,-0.71551174,-0.6247571,0.0,0.0,-0.10136469,0.3171024
624.0,6249.0,2.0,1.0,0.0,3.0,3.0,,1.3972776,,1.0,,1.2037649,0.74807465
625.0,6251.0,,0.0,,,3.0,4.0,-0.71551174,-0.6247571,0.0,0.0,-1.0616579,-7.332227e-17
625.0,6256.0,,0.0,,,3.0,4.0,-0.71551174,-0.6247571,0.0,0.0,-1.0616579,-7.332227e-17
625.0,6257.0,4.0,1.0,22.0,4.0,3.0,0.0,-0.71551174,-0.6247571,0.0,0.0,-0.10136469,0.3171024
625.0,6258.0,,0.0,,,4.0,17.0,-0.71551174,-0.6247571,0.0,0.0,-1.0616579,-7.332227e-17
625.0,6259.0,4.0,1.0,1.0,4.0,4.0,27.0,1.3972776,-0.6247571,1.0,0.0,-0.0543822,0.3326167
626.0,6263.0,,0.0,,,3.0,25.0,-0.71551174,-0.6247571,0.0,0.0,-1.0616579,-7.332227e-17
626.0,6264.0,,0.0,,,4.0,27.0,-0.71551174,-0.6247571,0.0,0.0,-1.0616579,-7.332227e-17
626.0,6266.0,,0.0,,,3.0,0.0,-0.71551174,-0.6247571,0.0,0.0,-1.0616579,-7.332227e-17
626.0,6267.0,,0.0,,,3.0,17.0,-0.71551174,-0.6247571,0.0,0.0,-1.0616579,-7.332227e-17
626.0,6268.0,3.0,1.0,1.0,4.0,4.0,27.0,1.3972776,-0.6247571,1.0,0.0,0.905911,0.64971906
626.0,6269.0,,0.0,,,3.0,17.0,-0.71551174,-0.6247571,0.0,0.0,-1.0616579,-7.332227e-17
627.0,6271.0,,0.0,,,3.0,4.0,-0.71551174,-0.6247571,0.0,0.0,-1.0616579,-7.332227e-17
627.0,6272.0,2.0,1.0,24.0,3.0,3.0,0.0,1.3972776,-0.6247571,1.0,0.0,0.905911,0.64971906
627.0,6274.0,,0.0,,,3.0,27.0,-0.71551174,-0.6247571,0.0,0.0,-1.0616579,-7.332227e-17
627.0,6275.0,,0.0,,,2.0,0.0,-0.71551174,-0.6247571,0.0,0.0,-1.0616579,-7.332227e-17
627.0,6276.0,,0.0,,,4.0,,-0.71551174,1.6002363,0.0,1.0,-0.00088872755,0.35028097
627.0,6277.0,2.0,1.0,12.0,3.0,2.0,0.0,-0.71551174,-0.6247571,0.0,0.0,-0.10136469,0.3171024
627.0,6278.0,,0.0,,,3.0,25.0,-0.71551174,-0.6247571,0.0,0.0,-1.0616579,-7.332227e-17
628.0,6283.0,,0.0,,,3.0,0.0,-0.71551174,-0.6247571,0.0,0.0,-1.0616579,-7.332227e-17
628.0,6286.0,1.0,0.0,0.0,2.0,0.0,8.0,-0.71551174,-0.6247571,0.0,0.0,-1.0616579,-7.332227e-17
628.0,6287.0,,0.0,,,3.0,,-0.71551174,1.6002363,0.0,1.0,-0.00088872755,0.35028097
629.0,6291.0,,0.0,,,4.0,22.0,-0.71551174,-0.6247571,0.0,0.0,-1.0616579,-7.332227e-17
629.0,6294.0,,0.0,,,3.0,4.0,-0.71551174,-0.6247571,0.0,0.0,-1.0616579,-7.332227e-17
629.0,6296.0,,0.0,,,3.0,0.0,-0.71551174,-0.6247571,0.0,0.0,-1.0616579,-7.332227e-17
629.0,6297.0,,0.0,,,2.0,25.0,-0.71551174,-0.6247571,0.0,0.0,-1.0616579,-7.332227e-17
629.0,6299.0,,0.0,,,3.0,4.0,-0.71551174,-0.6247571,0.0,0.0,-1.0616579,-7.332227e-17
630.0,6302.0,3.0,1.0,0.0,3.0,3.0,0.0,1.3972776,1.6002363,1.0,1.0,1.96668,1.0
630.0,6303.0,,0.0,,,3.0,15.0,-0.71551174,-0.6247571,0.0,0.0,-1.0616579,-7.332227e-17
630.0,6306.0,3.0,1.0,4.0,0.0,2.0,0.0,-0.71551174,-0.6247571,0.0,0.0,-0.10136469,0.3171024
630.0,6308.0,3.0,1.0,0.0,3.0,3.0,25.0,1.3972776,-0.6247571,1.0,0.0,0.905911,0.64971906
630.0,6309.0,,0.0,,,4.0,27.0,-0.71551174,-0.6247571,0.0,0.0,-1.0616579,-7.332227e-17
631.0,6311.0,,0.0,,,2.0,4.0,-0.71551174,-0.6247571,0.0,0.0,-1.0616579,-7.332227e-17
631.0,6313.0,,0.0,,,2.0,4.0,-0.71551174,-0.6247571,0.0,0.0,-1.0616579,-7.332227e-17
631.0,6314.0,,0.0,,,2.0,0.0,-0.71551174,-0.6247571,0.0,0.0,-1.0616579,-7.332227e-17
631.0,6315.0,,0.0,,,2.0,,-0.71551174,1.6002363,0.0,1.0,-0.00088872755,0.35028097
631.0,6316.0,2.0,1.0,11.0,3.0,2.0,0.0,-0.71551174,-0.6247571,0.0,0.0,-0.10136469,0.3171024
632.0,6322.0,2.0,1.0,0.0,3.0,3.0,17.0,1.3972776,-0.6247571,1.0,0.0,0.905911,0.64971906
632.0,6324.0,,0.0,,,2.0,17.0,-0.71551174,-0.6247571,0.0,0.0,-1.0616579,-7.332227e-17
632.0,6325.0,1.0,1.0,0.0,3.0,3.0,0.0,1.3972776,1.6002363,1.0,1.0,1.96668,1.0
632.0,6326.0,,0.0,,,3.0,,-0.71551174,1.6002363,0.0,1.0,-0.00088872755,0.35028097
632.0,6327.0,2.0,1.0,0.0,2.0,0.0,0.0,-0.71551174,1.6002363,0.0,1.0,0.9594045,0.6673834
632.0,6328.0,,0.0,,,3.0,0.0,-0.71551174,-0.6247571,0.0,0.0,-1.0616579,-7.332227e-17
632.0,6329.0,2.0,1.0,17.0,3.0,3.0,15.0,1.3972776,-0.6247571,1.0,0.0,-0.0543822,0.3326167
633.0,6332.0,3.0,1.0,25.0,3.0,3.0,,1.3972776,,1.0,,0.24347176,0.43097225
633.0,6333.0,2.0,1.0,,3.0,4.0,,-0.71551174,,0.0,,-0.76380396,0.098355584
633.0,6336.0,,0.0,,,2.0,0.0,-0.71551174,-0.6247571,0.0,0.0,-1.0616579,-7.332227e-17
633.0,6337.0,2.0,1.0,25.0,3.0,4.0,23.0,-0.71551174,-0.6247571,0.0,0.0,-1.0616579,-7.332227e-17
633.0,6338.0,2.0,1.0,17.0,3.0,4.0,17.0,-0.71551174,1.6002363,0.0,1.0,0.9594045,0.6673834
634.0,6343.0,1.0,1.0,,,3.0,22.0,-0.71551174,-0.6247571,0.0,0.0,-1.0616579,-7.332227e-17
634.0,6344.0,1.0,1.0,0.0,0.0,2.0,0.0,-0.71551174,1.6002363,0.0,1.0,0.9594045,0.6673834
634.0,6345.0,3.0,1.0,17.0,4.0,3.0,9.0,-0.71551174,-0.6247571,0.0,0.0,-0.10136469,0.3171024
634.0,6348.0,1.0,1.0,28.0,,2.0,0.0,-0.71551174,-0.6247571,0.0,0.0,-0.10136469,0.3171024
635.0,6353.0,3.0,1.0,15.0,,2.0,17.0,-0.71551174,-0.6247571,0.0,0.0,-1.0616579,-7.332227e-17
635.0,6354.0,1.0,1.0,0.0,2.0,2.0,0.0,1.3972776,1.6002363,1.0,1.0,1.96668,1.0
635.0,6355.0,2.0,1.0,25.0,2.0,2.0,4.0,1.3972776,-0.6247571,1.0,0.0,-0.0543822,0.3326167
635.0,6356.0,3.0,1.0,23.0,3.0,4.0,4.0,-0.71551174,-0.6247571,0.0,0.0,-1.0616579,-7.332227e-17
635.0,6357.0,3.0,1.0,,,3.0,0.0,-0.71551174,-0.6247571,0.0,0.0,-1.0616579,-7.332227e-17
635.0,6358.0,2.0,1.0,0.0,,3.0,0.0,-0.71551174,1.6002363,0.0,1.0,-0.00088872755,0.35028097
635.0,6359.0,3.0,1.0,,3.0,4.0,0.0,-0.71551174,-0.6247571,0.0,0.0,-1.0616579,-7.332227e-17
636.0,6361.0,2.0,1.0,0.0,3.0,3.0,0.0,1.3972776,1.6002363,1.0,1.0,1.96668,1.0
636.0,6362.0,2.0,1.0,,,3.0,15.0,-0.71551174,-0.6247571,0.0,0.0,-1.0616579,-7.332227e-17
636.0,6363.0,1.0,1.0,0.0,,2.0,0.0,-0.71551174,1.6002363,0.0,1.0,-0.00088872755,0.35028097
636.0,6364.0,1.0,1.0,0.0,,3.0,0.0,-0.71551174,1.6002363,0.0,1.0,-0.00088872755,0.35028097
636.0,6368.0,1.0,1.0,0.0,2.0,2.0,8.0,1.3972776,-0.6247571,1.0,0.0,-0.0543822,0.3326167
637.0,6372.0,3.0,1.0,0.0,2.0,3.0,1.0,-0.71551174,-0.6247571,0.0,0.0,-1.0616579,-7.332227e-17
637.0,6373.0,2.0,1.0,0.0,2.0,3.0,0.0,-0.71551174,1.6002363,0.0,1.0,0.9594045,0.6673834
637.0,6375.0,3.0,1.0,,,3.0,4.0,-0.71551174,-0.6247571,0.0,0.0,-1.0616579,-7.332227e-17
637.0,6376.0,2.0,1.0,4.0,,3.0,0.0,-0.71551174,-0.6247571,0.0,0.0,-1.0616579,-7.332227e-17
637.0,6377.0,3.0,1.0,0.0,3.0,3.0,23.0,1.3972776,-0.6247571,1.0,0.0,-0.0543822,0.3326167
637.0,6378.0,2.0,1.0,0.0,2.0,3.0,6.0,-0.71551174,-0.6247571,0.0,0.0,-1.0616579,-7.332227e-17
637.0,6379.0,2.0,1.0,0.0,3.0,3.0,,1.3972776,,1.0,,1.2037649,0.74807465
638.0,6383.0,1.0,1.0,0.0,2.0,3.0,0.0,-0.71551174,1.6002363,0.0,1.0,0.9594045,0.6673834
638.0,6384.0,1.0,1.0,25.0,0.0,2.0,0.0,-0.71551174,-0.6247571,0.0,0.0,-0.10136469,0.3171024
638.0,6387.0,,0.0,,,3.0,11.0,-0.71551174,-0.6247571,0.0,0.0,-1.0616579,-7.332227e-17
638.0,6389.0,2.0,1.0,28.0,,3.0,28.0,-0.71551174,1.6002363,0.0,1.0,-0.00088872755,0.35028097
639.0,6391.0,3.0,1.0,1.0,3.0,3.0,0.0,1.3972776,-0.6247571,1.0,0.0,0.905911,0.64971906
639.0,6393.0,2.0,1.0,0.0,3.0,2.0,8.0,-0.71551174,-0.6247571,0.0,0.0,-0.10136469,0.3171024
639.0,6394.0,3.0,1.0,4.0,2.0,2.0,25.0,1.3972776,-0.6247571,1.0,0.0,0.905911,0.64971906
639.0,6395.0,3.0,1.0,0.0,3.0,3.0,0.0,1.3972776,1.6002363,1.0,1.0,1.96668,1.0
639.0,6396.0,3.0,0.0,4.0,3.0,3.0,4.0,1.3972776,1.6002363,1.0,1.0,1.0063869,0.6828976
639.0,6397.0,3.0,1.0,28.0,3.0,3.0,0.0,1.3972776,-0.6247571,1.0,0.0,-0.0543822,0.3326167
640.0,6402.0,2.0,1.0,0.0,2.0,3.0,25.0,-0.71551174,-0.6247571,0.0,0.0,-0.10136469,0.3171024
640.0,6403.0,1.0,1.0,0.0,0.0,0.0,0.0,1.3972776,1.6002363,1.0,1.0,1.0063869,0.6828976
640.0,6405.0,2.0,1.0,0.0,2.0,3.0,4.0,-0.71551174,-0.6247571,0.0,0.0,-0.10136469,0.3171024
640.0,6406.0,,0.0,,,4.0,14.0,-0.71551174,-0.6247571,0.0,0.0,-1.0616579,-7.332227e-17
640.0,6408.0,1.0,1.0,0.0,3.0,3.0,0.0,1.3972776,1.6002363,1.0,1.0,1.96668,1.0
641.0,6411.0,2.0,1.0,0.0,3.0,4.0,,-0.71551174,,0.0,,0.19648926,0.41545796
641.0,6412.0,3.0,1.0,4.0,3.0,3.0,17.0,1.3972776,-0.6247571,1.0,0.0,0.905911,0.64971906
641.0,6414.0,1.0,1.0,,4.0,4.0,27.0,1.3972776,-0.6247571,1.0,0.0,0.905911,0.64971906
641.0,6416.0,2.0,1.0,17.0,2.0,3.0,17.0,-0.71551174,1.6002363,0.0,1.0,0.9594045,0.6673834
641.0,6419.0,2.0,1.0,11.0,3.0,,17.0,-0.71551174,-0.6247571,0.0,0.0,-0.10136469,0.3171024
642.0,6422.0,3.0,1.0,0.0,3.0,3.0,0.0,1.3972776,1.6002363,1.0,1.0,1.96668,1.0
642.0,6424.0,3.0,1.0,4.0,3.0,3.0,0.0,1.3972776,-0.6247571,1.0,0.0,0.905911,0.64971906
642.0,6427.0,,0.0,,,4.0,0.0,-0.71551174,-0.6247571,0.0,0.0,-1.0616579,-7.332227e-17
642.0,6429.0,,0.0,,,3.0,0.0,-0.71551174,-0.6247571,0.0,0.0,-1.0616579,-7.332227e-17
643.0,6431.0,3.0,1.0,18.0,3.0,4.0,18.0,-0.71551174,1.6002363,0.0,1.0,0.9594045,0.6673834
643.0,6432.0,2.0,1.0,4.0,3.0,2.0,0.0,-0.71551174,-0.6247571,0.0,0.0,-1.0616579,-7.332227e-17
643.0,6436.0,4.0,1.0,17.0,4.0,4.0,22.0,1.3972776,-0.6247571,1.0,0.0,0.905911,0.64971906
643.0,6437.0,,0.0,,,4.0,15.0,-0.71551174,-0.6247571,0.0,0.0,-1.0616579,-7.332227e-17
643.0,6438.0,2.0,1.0,4.0,2.0,3.0,23.0,-0.71551174,-0.6247571,0.0,0.0,-1.0616579,-7.332227e-17
644.0,6442.0,3.0,0.0,5.0,4.0,3.0,5.0,-0.71551174,1.6002363,0.0,1.0,-0.00088872755,0.35028097
644.0,6444.0,1.0,1.0,21.0,0.0,3.0,0.0,-0.71551174,-0.6247571,0.0,0.0,-0.10136469,0.3171024
644.0,6446.0,2.0,1.0,17.0,2.0,2.0,0.0,1.3972776,-0.6247571,1.0,0.0,0.905911,0.64971906
644.0,6447.0,2.0,1.0,6.0,3.0,3.0,6.0,1.3972776,1.6002363,1.0,1.0,1.96668,1.0
644.0,6448.0,1.0,0.0,6.0,3.0,3.0,,1.3972776,,1.0,,0.24347176,0.43097225
644.0,6449.0,,0.0,,,3.0,0.0,-0.71551174,-0.6247571,0.0,0.0,-1.0616579,-7.332227e-17
645.0,6452.0,3.0,0.0,9.0,4.0,4.0,17.0,1.3972776,-0.6247571,1.0,0.0,-0.0543822,0.3326167
645.0,6454.0,1.0,0.0,0.0,0.0,3.0,4.0,-0.71551174,-0.6247571,0.0,0.0,-1.0616579,-7.332227e-17
645.0,6458.0,3.0,1.0,17.0,2.0,2.0,0.0,1.3972776,-0.6247571,1.0,0.0,0.905911,0.64971906
645.0,6459.0,3.0,0.0,6.0,3.0,3.0,27.0,1.3972776,-0.6247571,1.0,0.0,-0.0543822,0.3326167
646.0,6461.0,2.0,0.0,5.0,,3.0,17.0,-0.71551174,-0.6247571,0.0,0.0,-1.0616579,-7.332227e-17
646.0,6462.0,2.0,0.0,3.0,,3.0,6.0,-0.71551174,-0.6247571,0.0,0.0,-1.0616579,-7.332227e-17
646.0,6464.0,1.0,1.0,0.0,0.0,3.0,4.0,-0.71551174,-0.6247571,0.0,0.0,-1.0616579,-7.332227e-17
646.0,6466.0,1.0,0.0,0.0,0.0,,,,,,,-0.42268258,0.21099868
646.0,6467.0,1.0,0.0,0.0,0.0,3.0,4.0,-0.71551174,-0.6247571,0.0,0.0,-1.0616579,-7.332227e-17
646.0,6468.0,1.0,0.0,0.0,3.0,3.0,0.0,1.3972776,1.6002363,1.0,1.0,1.0063869,0.6828976
647.0,6471.0,1.0,1.0,0.0,0.0,3.0,17.0,-0.71551174,-0.6247571,0.0,0.0,-0.10136469,0.3171024
647.0,6473.0,3.0,1.0,17.0,3.0,4.0,18.0,-0.71551174,-0.6247571,0.0,0.0,-0.10136469,0.3171024
647.0,6476.0,,0.0,,,4.0,17.0,-0.71551174,-0.6247571,0.0,0.0,-1.0616579,-7.332227e-17
647.0,6477.0,1.0,1.0,0.0,3.0,3.0,15.0,1.3972776,-0.6247571,1.0,0.0,0.905911,0.64971906
647.0,6479.0,3.0,1.0,23.0,2.0,3.0,0.0,-0.71551174,-0.6247571,0.0,0.0,-0.10136469,0.3171024
648.0,6482.0,1.0,0.0,17.0,,2.0,,-0.71551174,,0.0,,-0.76380396,0.098355584
648.0,6485.0,2.0,0.0,,,4.0,0.0,-0.71551174,-0.6247571,0.0,0.0,-1.0616579,-7.332227e-17
648.0,6486.0,1.0,0.0,4.0,,4.0,,-0.71551174,,0.0,,-0.76380396,0.098355584
648.0,6487.0,1.0,0.0,,,3.0,0.0,-0.71551174,-0.6247571,0.0,0.0,-1.0616579,-7.332227e-17
648.0,6488.0,2.0,0.0,17.0,,4.0,,-0.71551174,,0.0,,-0.76380396,0.098355584
649.0,6491.0,,0.0,,,2.0,0.0,-0.71551174,-0.6247571,0.0,0.0,-1.0616579,-7.332227e-17
649.0,6492.0,,0.0,,,2.0,0.0,-0.71551174,-0.6247571,0.0,0.0,-1.0616579,-7.332227e-17
649.0,6494.0,,0.0,,,3.0,4.0,-0.71551174,-0.6247571,0.0,0.0,-1.0616579,-7.332227e-17
649.0,6495.0,,0.0,,,3.0,4.0,-0.71551174,-0.6247571,0.0,0.0,-1.0616579,-7.332227e-17
649.0,6497.0,2.0,1.0,0.0,2.0,2.0,23.0,1.3972776,-0.6247571,1.0,0.0,0.905911,0.64971906
649.0,6499.0,3.0,1.0,9.0,4.0,4.0,17.0,1.3972776,-0.6247571,1.0,0.0,0.905911,0.64971906
650.0,6501.0,2.0,1.0,6.0,,2.0,6.0,-0.71551174,1.6002363,0.0,1.0,0.9594045,0.6673834
650.0,6502.0,2.0,1.0,0.0,,3.0,0.0,-0.71551174,1.6002363,0.0,1.0,-0.00088872755,0.35028097
650.0,6505.0,2.0,1.0,,,3.0,17.0,-0.71551174,-0.6247571,0.0,0.0,-0.10136469,0.3171024
650.0,6506.0,,0.0,,,3.0,18.0,-0.71551174,-0.6247571,0.0,0.0,-1.0616579,-7.332227e-17
650.0,6508.0,2.0,1.0,18.0,4.0,4.0,18.0,1.3972776,1.6002363,1.0,1.0,1.96668,1.0
651.0,6511.0,2.0,1.0,0.0,2.0,3.0,0.0,-0.71551174,1.6002363,0.0,1.0,0.9594045,0.6673834
651.0,6512.0,2.0,1.0,17.0,3.0,3.0,17.0,1.3972776,1.6002363,1.0,1.0,1.96668,1.0
651.0,6513.0,,0.0,,,3.0,,-0.71551174,1.6002363,0.0,1.0,-0.00088872755,0.35028097
651.0,6514.0,3.0,1.0,4.0,3.0,3.0,4.0,1.3972776,1.6002363,1.0,1.0,1.96668,1.0
651.0,6515.0,,0.0,,,3.0,0.0,-0.71551174,-0.6247571,0.0,0.0,-1.0616579,-7.332227e-17
651.0,6516.0,1.0,1.0,0.0,,2.0,0.0,-0.71551174,1.6002363,0.0,1.0,0.9594045,0.6673834
651.0,6519.0,3.0,1.0,,,3.0,0.0,-0.71551174,-0.6247571,0.0,0.0,-0.10136469,0.3171024
652.0,6521.0,2.0,0.0,,,3.0,4.0,-0.71551174,-0.6247571,0.0,0.0,-1.0616579,-7.332227e-17
652.0,6523.0,,0.0,,,4.0,27.0,-0.71551174,-0.6247571,0.0,0.0,-1.0616579,-7.332227e-17
652.0,6524.0,3.0,1.0,4.0,,3.0,0.0,-0.71551174,-0.6247571,0.0,0.0,-1.0616579,-7.332227e-17
652.0,6525.0,1.0,1.0,,,3.0,0.0,-0.71551174,-0.6247571,0.0,0.0,-1.0616579,-7.332227e-17
652.0,6526.0,,0.0,,,3.0,0.0,-0.71551174,-0.6247571,0.0,0.0,-1.0616579,-7.332227e-17
652.0,6528.0,3.0,1.0,4.0,3.0,3.0,0.0,1.3972776,-0.6247571,1.0,0.0,-0.0543822,0.3326167
653.0,6531.0,,0.0,,,3.0,0.0,-0.71551174,-0.6247571,0.0,0.0,-1.0616579,-7.332227e-17
653.0,6532.0,2.0,1.0,0.0,,3.0,0.0,-0.71551174,1.6002363,0.0,1.0,-0.00088872755,0.35028097
653.0,6536.0,1.0,0.0,0.0,,2.0,,-0.71551174,,0.0,,-0.76380396,0.098355584
653.0,6539.0,2.0,1.0,0.0,,2.0,0.0,-0.71551174,1.6002363,0.0,1.0,-0.00088872755,0.35028097
654.0,6541.0,3.0,1.0,4.0,3.0,3.0,0.0,1.3972776,-0.6247571,1.0,0.0,0.905911,0.64971906
654.0,6543.0,1.0,1.0,0.0,3.0,3.0,17.0,1.3972776,-0.6247571,1.0,0.0,0.905911,0.64971906
654.0,6545.0,,0.0,,,4.0,9.0,-0.71551174,-0.6247571,0.0,0.0,-1.0616579,-7.332227e-17
654.0,6547.0,3.0,1.0,17.0,4.0,4.0,,1.3972776,,1.0,,1.2037649,0.74807465
654.0,6548.0,5.0,1.0,9.0,3.0,4.0,17.0,-0.71551174,-0.6247571,0.0,0.0,-0.10136469,0.3171024
654.0,6549.0,4.0,1.0,9.0,4.0,3.0,9.0,-0.71551174,1.6002363,0.0,1.0,0.9594045,0.6673834
655.0,6551.0,2.0,1.0,0.0,3.0,2.0,0.0,-0.71551174,1.6002363,0.0,1.0,-0.00088872755,0.35028097
655.0,6552.0,1.0,1.0,0.0,0.0,0.0,0.0,1.3972776,1.6002363,1.0,1.0,1.96668,1.0
655.0,6555.0,2.0,1.0,0.0,3.0,2.0,0.0,-0.71551174,1.6002363,0.0,1.0,0.9594045,0.6673834
655.0,6558.0,5.0,1.0,17.0,3.0,3.0,17.0,1.3972776,1.6002363,1.0,1.0,1.96668,1.0
656.0,6561.0,,0.0,,,1.0,0.0,-0.71551174,-0.6247571,0.0,0.0,-1.0616579,-7.332227e-17
656.0,6563.0,1.0,1.0,0.0,0.0,1.0,8.0,-0.71551174,-0.6247571,0.0,0.0,-0.10136469,0.3171024
656.0,6564.0,1.0,1.0,0.0,0.0,1.0,0.0,-0.71551174,1.6002363,0.0,1.0,-0.00088872755,0.35028097
656.0,6565.0,3.0,1.0,11.0,3.0,3.0,11.0,1.3972776,1.6002363,1.0,1.0,1.96668,1.0
656.0,6566.0,1.0,1.0,0.0,3.0,2.0,8.0,-0.71551174,-0.6247571,0.0,0.0,-0.10136469,0.3171024
656.0,6567.0,2.0,1.0,0.0,3.0,2.0,0.0,-0.71551174,1.6002363,0.0,1.0,-0.00088872755,0.35028097
656.0,6568.0,,0.0,,,3.0,4.0,-0.71551174,-0.6247571,0.0,0.0,-1.0616579,-7.332227e-17
656.0,6569.0,3.0,1.0,21.0,2.0,,,,,,,0.53761065,0.5281011
657.0,6573.0,,1.0,,,3.0,0.0,-0.71551174,-0.6247571,0.0,0.0,-0.10136469,0.3171024
657.0,6574.0,3.0,1.0,4.0,3.0,4.0,9.0,-0.71551174,-0.6247571,0.0,0.0,-0.10136469,0.3171024
657.0,6575.0,,0.0,,,3.0,0.0,-0.71551174,-0.6247571,0.0,0.0,-1.0616579,-7.332227e-17
657.0,6576.0,,0.0,,,4.0,22.0,-0.71551174,-0.6247571,0.0,0.0,-1.0616579,-7.332227e-17
657.0,6577.0,,0.0,,,4.0,1.0,-0.71551174,-0.6247571,0.0,0.0,-1.0616579,-7.332227e-17
657.0,6578.0,3.0,1.0,17.0,2.0,3.0,17.0,-0.71551174,1.6002363,0.0,1.0,0.9594045,0.6673834
658.0,6582.0,,0.0,,,3.0,4.0,-0.71551174,-0.6247571,0.0,0.0,-1.0616579,-7.332227e-17
658.0,6584.0,,0.0,,,4.0,1.0,-0.71551174,-0.6247571,0.0,0.0,-1.0616579,-7.332227e-17
658.0,6587.0,,0.0,,,3.0,0.0,-0.71551174,-0.6247571,0.0,0.0,-1.0616579,-7.332227e-17
658.0,6588.0,,0.0,,,3.0,0.0,-0.71551174,-0.6247571,0.0,0.0,-1.0616579,-7.332227e-17
658.0,6589.0,3.0,1.0,5.0,3.0,4.0,,-0.71551174,,0.0,,0.19648926,0.41545796
660.0,6602.0,,0.0,,,3.0,0.0,-0.71551174,-0.6247571,0.0,0.0,-1.0616579,-7.332227e-17
660.0,6603.0,,0.0,,,0.0,0.0,-0.71551174,-0.6247571,0.0,0.0,-1.0616579,-7.332227e-17
660.0,6606.0,,0.0,,,3.0,4.0,-0.71551174,-0.6247571,0.0,0.0,-1.0616579,-7.332227e-17
660.0,6607.0,,0.0,,,3.0,18.0,-0.71551174,-0.6247571,0.0,0.0,-1.0616579,-7.332227e-17
660.0,6609.0,,0.0,,,3.0,0.0,-0.71551174,-0.6247571,0.0,0.0,-1.0616579,-7.332227e-17
661.0,6611.0,1.0,1.0,0.0,2.0,2.0,0.0,1.3972776,1.6002363,1.0,1.0,1.96668,1.0
661.0,6618.0,2.0,1.0,0.0,3.0,3.0,0.0,1.3972776,1.6002363,1.0,1.0,1.96668,1.0
662.0,6621.0,1.0,1.0,11.0,3.0,4.0,4.0,-0.71551174,-0.6247571,0.0,0.0,-0.10136469,0.3171024
662.0,6624.0,,0.0,,,3.0,0.0,-0.71551174,-0.6247571,0.0,0.0,-1.0616579,-7.332227e-17
662.0,6626.0,,0.0,,,4.0,0.0,-0.71551174,-0.6247571,0.0,0.0,-1.0616579,-7.332227e-17
662.0,6627.0,3.0,1.0,18.0,3.0,4.0,18.0,-0.71551174,1.6002363,0.0,1.0,0.9594045,0.6673834
662.0,6628.0,,0.0,,,3.0,0.0,-0.71551174,-0.6247571,0.0,0.0,-1.0616579,-7.332227e-17
663.0,6632.0,2.0,1.0,23.0,,4.0,1.0,-0.71551174,-0.6247571,0.0,0.0,-0.10136469,0.3171024
663.0,6633.0,3.0,1.0,24.0,3.0,3.0,0.0,1.3972776,-0.6247571,1.0,0.0,0.905911,0.64971906
663.0,6635.0,3.0,1.0,,,3.0,18.0,-0.71551174,-0.6247571,0.0,0.0,-1.0616579,-7.332227e-17
663.0,6637.0,,0.0,,,3.0,0.0,-0.71551174,-0.6247571,0.0,0.0,-1.0616579,-7.332227e-17
663.0,6638.0,,0.0,,,3.0,28.0,-0.71551174,-0.6247571,0.0,0.0,-1.0616579,-7.332227e-17
663.0,6639.0,2.0,1.0,13.0,3.0,2.0,,-0.71551174,,0.0,,0.19648926,0.41545796
664.0,6643.0,,0.0,,,3.0,23.0,-0.71551174,-0.6247571,0.0,0.0,-1.0616579,-7.332227e-17
664.0,6645.0,1.0,1.0,4.0,2.0,3.0,4.0,-0.71551174,1.6002363,0.0,1.0,0.9594045,0.6673834
664.0,6646.0,,0.0,,,2.0,25.0,-0.71551174,-0.6247571,0.0,0.0,-1.0616579,-7.332227e-17
664.0,6647.0,2.0,1.0,17.0,3.0,3.0,15.0,1.3972776,-0.6247571,1.0,0.0,0.905911,0.64971906
664.0,6648.0,,0.0,,,3.0,0.0,-0.71551174,-0.6247571,0.0,0.0,-1.0616579,-7.332227e-17
667.0,6671.0,3.0,1.0,,,3.0,4.0,-0.71551174,-0.6247571,0.0,0.0,-1.0616579,-7.332227e-17
667.0,6672.0,,0.0,,,4.0,0.0,-0.71551174,-0.6247571,0.0,0.0,-1.0616579,-7.332227e-17
667.0,6673.0,,1.0,,,3.0,0.0,-0.71551174,-0.6247571,0.0,0.0,-1.0616579,-7.332227e-17
667.0,6674.0,,0.0,,,2.0,4.0,-0.71551174,-0.6247571,0.0,0.0,-1.0616579,-7.332227e-17
667.0,6676.0,,0.0,,,2.0,8.0,-0.71551174,-0.6247571,0.0,0.0,-1.0616579,-7.332227e-17
667.0,6677.0,3.0,1.0,,,4.0,24.0,-0.71551174,-0.6247571,0.0,0.0,-1.0616579,-7.332227e-17
668.0,6683.0,,0.0,,,4.0,4.0,-0.71551174,-0.6247571,0.0,0.0,-1.0616579,-7.332227e-17
668.0,6685.0,,0.0,,,3.0,27.0,-0.71551174,-0.6247571,0.0,0.0,-1.0616579,-7.332227e-17
668.0,6688.0,,0.0,,,4.0,17.0,-0.71551174,-0.6247571,0.0,0.0,-1.0616579,-7.332227e-17
668.0,6689.0,,0.0,,,2.0,0.0,-0.71551174,-0.6247571,0.0,0.0,-1.0616579,-7.332227e-17
669.0,6691.0,,0.0,,,3.0,17.0,-0.71551174,-0.6247571,0.0,0.0,-1.0616579,-7.332227e-17
669.0,6692.0,,0.0,,,3.0,28.0,-0.71551174,-0.6247571,0.0,0.0,-1.0616579,-7.332227e-17
669.0,6693.0,,0.0,,,2.0,0.0,-0.71551174,-0.6247571,0.0,0.0,-1.0616579,-7.332227e-17
669.0,6695.0,2.0,1.0,4.0,0.0,3.0,13.0,-0.71551174,-0.6247571,0.0,0.0,-0.10136469,0.3171024
669.0,6696.0,,0.0,,,3.0,0.0,-0.71551174,-0.6247571,0.0,0.0,-1.0616579,-7.332227e-17
669.0,6697.0,,0.0,,,3.0,15.0,-0.71551174,-0.6247571,0.0,0.0,-1.0616579,-7.332227e-17
670.0,6701.0,,0.0,,,3.0,6.0,-0.71551174,-0.6247571,0.0,0.0,-1.0616579,-7.332227e-17
670.0,6702.0,3.0,1.0,1.0,3.0,3.0,0.0,1.3972776,-0.6247571,1.0,0.0,0.905911,0.64971906
670.0,6704.0,,1.0,,,4.0,0.0,-0.71551174,-0.6247571,0.0,0.0,-1.0616579,-7.332227e-17
670.0,6705.0,3.0,1.0,17.0,4.0,4.0,17.0,1.3972776,1.6002363,1.0,1.0,1.96668,1.0
670.0,6706.0,1.0,1.0,21.0,0.0,2.0,21.0,-0.71551174,1.6002363,0.0,1.0,0.9594045,0.6673834
670.0,6707.0,2.0,1.0,18.0,,4.0,0.0,-0.71551174,-0.6247571,0.0,0.0,-1.0616579,-7.332227e-17
670.0,6708.0,2.0,1.0,0.0,0.0,3.0,0.0,-0.71551174,1.6002363,0.0,1.0,0.9594045,0.6673834
671.0,6713.0,1.0,1.0,0.0,,1.0,4.0,-0.71551174,-0.6247571,0.0,0.0,-1.0616579,-7.332227e-17
671.0,6714.0,,0.0,,,2.0,11.0,-0.71551174,-0.6247571,0.0,0.0,-1.0616579,-7.332227e-17
671.0,6718.0,1.0,1.0,0.0,0.0,1.0,0.0,-0.71551174,1.6002363,0.0,1.0,-0.00088872755,0.35028097
672.0,6721.0,2.0,1.0,,,3.0,9.0,-0.71551174,-0.6247571,0.0,0.0,-1.0616579,-7.332227e-17
672.0,6723.0,,0.0,,,3.0,0.0,-0.71551174,-0.6247571,0.0,0.0,-1.0616579,-7.332227e-17
672.0,6724.0,,0.0,,,3.0,0.0,-0.71551174,-0.6247571,0.0,0.0,-1.0616579,-7.332227e-17
672.0,6726.0,,0.0,,,2.0,4.0,-0.71551174,-0.6247571,0.0,0.0,-1.0616579,-7.332227e-17
672.0,6728.0,2.0,1.0,,,4.0,0.0,-0.71551174,-0.6247571,0.0,0.0,-1.0616579,-7.332227e-17
672.0,6729.0,3.0,1.0,,,4.0,27.0,-0.71551174,-0.6247571,0.0,0.0,-1.0616579,-7.332227e-17
673.0,6731.0,,0.0,,,2.0,0.0,-0.71551174,-0.6247571,0.0,0.0,-1.0616579,-7.332227e-17
673.0,6732.0,2.0,1.0,17.0,4.0,3.0,,-0.71551174,,0.0,,0.19648926,0.41545796
673.0,6734.0,2.0,0.0,,3.0,4.0,17.0,-0.71551174,-0.6247571,0.0,0.0,-1.0616579,-7.332227e-17
673.0,6737.0,,0.0,,,4.0,0.0,-0.71551174,-0.6247571,0.0,0.0,-1.0616579,-7.332227e-17
673.0,6738.0,,0.0,,,3.0,0.0,-0.71551174,-0.6247571,0.0,0.0,-1.0616579,-7.332227e-17
674.0,6741.0,3.0,1.0,4.0,3.0,3.0,17.0,1.3972776,-0.6247571,1.0,0.0,0.905911,0.64971906
674.0,6742.0,1.0,0.0,0.0,3.0,3.0,18.0,1.3972776,-0.6247571,1.0,0.0,-0.0543822,0.3326167
674.0,6743.0,,0.0,,,3.0,23.0,-0.71551174,-0.6247571,0.0,0.0,-1.0616579,-7.332227e-17
674.0,6744.0,,0.0,,,3.0,0.0,-0.71551174,-0.6247571,0.0,0.0,-1.0616579,-7.332227e-17
674.0,6745.0,3.0,1.0,0.0,,3.0,17.0,-0.71551174,-0.6247571,0.0,0.0,-0.10136469,0.3171024
674.0,6747.0,3.0,1.0,,4.0,3.0,4.0,-0.71551174,-0.6247571,0.0,0.0,-0.10136469,0.3171024
674.0,6749.0,,0.0,,,2.0,0.0,-0.71551174,-0.6247571,0.0,0.0,-1.0616579,-7.332227e-17
675.0,6752.0,1.0,1.0,4.0,3.0,3.0,4.0,1.3972776,1.6002363,1.0,1.0,1.96668,1.0
675.0,6753.0,2.0,1.0,0.0,0.0,3.0,0.0,-0.71551174,1.6002363,0.0,1.0,0.9594045,0.6673834
675.0,6755.0,1.0,1.0,,3.0,3.0,0.0,1.3972776,-0.6247571,1.0,0.0,-0.0543822,0.3326167
675.0,6756.0,3.0,1.0,4.0,4.0,4.0,27.0,1.3972776,-0.6247571,1.0,0.0,0.905911,0.64971906
675.0,6757.0,3.0,1.0,,,3.0,0.0,-0.71551174,-0.6247571,0.0,0.0,-0.10136469,0.3171024
675.0,6758.0,3.0,1.0,21.0,3.0,3.0,21.0,1.3972776,1.6002363,1.0,1.0,1.96668,1.0
676.0,6765.0,2.0,1.0,0.0,2.0,3.0,17.0,-0.71551174,-0.6247571,0.0,0.0,-1.0616579,-7.332227e-17
676.0,6766.0,3.0,1.0,17.0,4.0,3.0,0.0,-0.71551174,-0.6247571,0.0,0.0,-1.0616579,-7.332227e-17
676.0,6767.0,2.0,1.0,9.0,3.0,3.0,,1.3972776,,1.0,,0.24347176,0.43097225
676.0,6769.0,2.0,1.0,4.0,,3.0,27.0,-0.71551174,-0.6247571,0.0,0.0,-1.0616579,-7.332227e-17
677.0,6773.0,2.0,1.0,8.0,3.0,2.0,4.0,-0.71551174,-0.6247571,0.0,0.0,-1.0616579,-7.332227e-17
677.0,6774.0,2.0,1.0,9.0,3.0,3.0,9.0,1.3972776,1.6002363,1.0,1.0,1.0063869,0.6828976
677.0,6775.0,2.0,1.0,22.0,4.0,4.0,4.0,1.3972776,-0.6247571,1.0,0.0,0.905911,0.64971906
677.0,6777.0,2.0,1.0,4.0,3.0,3.0,4.0,1.3972776,1.6002363,1.0,1.0,1.0063869,0.6828976
677.0,6778.0,2.0,1.0,0.0,3.0,3.0,0.0,1.3972776,1.6002363,1.0,1.0,1.0063869,0.6828976
677.0,6779.0,3.0,1.0,4.0,3.0,3.0,0.0,1.3972776,-0.6247571,1.0,0.0,0.905911,0.64971906
678.0,6784.0,2.0,1.0,4.0,3.0,3.0,14.0,1.3972776,-0.6247571,1.0,0.0,0.905911,0.64971906
678.0,6785.0,2.0,1.0,0.0,3.0,3.0,0.0,1.3972776,1.6002363,1.0,1.0,1.0063869,0.6828976
678.0,6789.0,2.0,1.0,0.0,3.0,2.0,0.0,-0.71551174,1.6002363,0.0,1.0,-0.00088872755,0.35028097
679.0,6792.0,3.0,1.0,0.0,0.0,0.0,0.0,1.3972776,1.6002363,1.0,1.0,1.96668,1.0
679.0,6793.0,2.0,0.0,,3.0,2.0,0.0,-0.71551174,-0.6247571,0.0,0.0,-1.0616579,-7.332227e-17
679.0,6794.0,2.0,0.0,0.0,3.0,4.0,,-0.71551174,,0.0,,-0.76380396,0.098355584
679.0,6795.0,5.0,0.0,23.0,,2.0,0.0,-0.71551174,-0.6247571,0.0,0.0,-1.0616579,-7.332227e-17
679.0,6796.0,,0.0,,,4.0,2.0,-0.71551174,-0.6247571,0.0,0.0,-1.0616579,-7.332227e-17
679.0,6799.0,3.0,0.0,0.0,4.0,3.0,0.0,-0.71551174,1.6002363,0.0,1.0,-0.00088872755,0.35028097
680.0,6801.0,2.0,1.0,6.0,3.0,3.0,6.0,1.3972776,1.6002363,1.0,1.0,1.0063869,0.6828976
680.0,6803.0,,0.0,,,3.0,9.0,-0.71551174,-0.6247571,0.0,0.0,-1.0616579,-7.332227e-17
680.0,6805.0,2.0,1.0,15.0,3.0,3.0,0.0,1.3972776,-0.6247571,1.0,0.0,-0.0543822,0.3326167
680.0,6807.0,2.0,1.0,,,4.0,22.0,-0.71551174,-0.6247571,0.0,0.0,-1.0616579,-7.332227e-17
680.0,6809.0,,0.0,,,3.0,0.0,-0.71551174,-0.6247571,0.0,0.0,-1.0616579,-7.332227e-17
681.0,6811.0,2.0,1.0,0.0,,2.0,0.0,-0.71551174,1.6002363,0.0,1.0,-0.00088872755,0.35028097
681.0,6813.0,,0.0,,,4.0,17.0,-0.71551174,-0.6247571,0.0,0.0,-1.0616579,-7.332227e-17
681.0,6815.0,2.0,1.0,9.0,3.0,3.0,0.0,1.3972776,-0.6247571,1.0,0.0,-0.0543822,0.3326167
681.0,6816.0,2.0,1.0,4.0,3.0,3.0,4.0,1.3972776,1.6002363,1.0,1.0,1.0063869,0.6828976
681.0,6817.0,,0.0,,,3.0,0.0,-0.71551174,-0.6247571,0.0,0.0,-1.0616579,-7.332227e-17
681.0,6818.0,2.0,1.0,4.0,3.0,2.0,0.0,-0.71551174,-0.6247571,0.0,0.0,-1.0616579,-7.332227e-17
681.0,6819.0,,0.0,,,4.0,0.0,-0.71551174,-0.6247571,0.0,0.0,-1.0616579,-7.332227e-17
682.0,6823.0,,1.0,,,4.0,1.0,-0.71551174,-0.6247571,0.0,0.0,-1.0616579,-7.332227e-17
682.0,6826.0,2.0,1.0,,,4.0,0.0,-0.71551174,-0.6247571,0.0,0.0,-1.0616579,-7.332227e-17
682.0,6827.0,2.0,1.0,4.0,3.0,3.0,17.0,1.3972776,-0.6247571,1.0,0.0,-0.0543822,0.3326167
682.0,6828.0,,0.0,,,3.0,17.0,-0.71551174,-0.6247571,0.0,0.0,-1.0616579,-7.332227e-17
683.0,6831.0,3.0,1.0,0.0,2.0,3.0,4.0,-0.71551174,-0.6247571,0.0,0.0,-0.10136469,0.3171024
683.0,6832.0,1.0,1.0,23.0,2.0,3.0,0.0,-0.71551174,-0.6247571,0.0,0.0,-0.10136469,0.3171024
683.0,6834.0,3.0,1.0,17.0,3.0,3.0,17.0,1.3972776,1.6002363,1.0,1.0,1.96668,1.0
683.0,6837.0,2.0,1.0,17.0,4.0,4.0,17.0,1.3972776,1.6002363,1.0,1.0,1.96668,1.0
683.0,6839.0,2.0,1.0,4.0,3.0,3.0,0.0,1.3972776,-0.6247571,1.0,0.0,0.905911,0.64971906
685.0,6851.0,3.0,1.0,,4.0,,,,,,,-0.42268258,0.21099868
685.0,6852.0,,0.0,,,3.0,4.0,-0.71551174,-0.6247571,0.0,0.0,-1.0616579,-7.332227e-17
685.0,6853.0,3.0,1.0,4.0,3.0,4.0,0.0,-0.71551174,-0.6247571,0.0,0.0,-1.0616579,-7.332227e-17
685.0,6854.0,,0.0,,,3.0,27.0,-0.71551174,-0.6247571,0.0,0.0,-1.0616579,-7.332227e-17
685.0,6855.0,,0.0,,,4.0,,-0.71551174,1.6002363,0.0,1.0,-0.00088872755,0.35028097
685.0,6856.0,2.0,1.0,4.0,2.0,3.0,0.0,-0.71551174,-0.6247571,0.0,0.0,-1.0616579,-7.332227e-17
685.0,6857.0,3.0,1.0,22.0,4.0,4.0,,1.3972776,,1.0,,0.24347176,0.43097225
685.0,6859.0,,0.0,,,3.0,,-0.71551174,1.6002363,0.0,1.0,-0.00088872755,0.35028097
686.0,6861.0,2.0,1.0,4.0,2.0,0.0,4.0,-0.71551174,1.6002363,0.0,1.0,-0.00088872755,0.35028097
686.0,6863.0,,0.0,,,4.0,6.0,-0.71551174,-0.6247571,0.0,0.0,-1.0616579,-7.332227e-17
686.0,6864.0,,0.0,,,3.0,0.0,-0.71551174,-0.6247571,0.0,0.0,-1.0616579,-7.332227e-17
686.0,6865.0,2.0,1.0,4.0,3.0,3.0,17.0,1.3972776,-0.6247571,1.0,0.0,-0.0543822,0.3326167
686.0,6868.0,2.0,1.0,4.0,4.0,4.0,0.0,1.3972776,-0.6247571,1.0,0.0,0.905911,0.64971906
686.0,6869.0,3.0,1.0,4.0,3.0,3.0,8.0,1.3972776,-0.6247571,1.0,0.0,0.905911,0.64971906
687.0,6871.0,3.0,1.0,17.0,3.0,3.0,0.0,1.3972776,-0.6247571,1.0,0.0,0.905911,0.64971906
687.0,6872.0,2.0,1.0,4.0,3.0,3.0,17.0,1.3972776,-0.6247571,1.0,0.0,-0.0543822,0.3326167
687.0,6873.0,3.0,1.0,,3.0,3.0,6.0,1.3972776,-0.6247571,1.0,0.0,-0.0543822,0.3326167
687.0,6874.0,2.0,1.0,11.0,3.0,3.0,11.0,1.3972776,1.6002363,1.0,1.0,1.96668,1.0
687.0,6876.0,4.0,1.0,17.0,4.0,4.0,17.0,1.3972776,1.6002363,1.0,1.0,1.96668,1.0
687.0,6879.0,4.0,1.0,18.0,3.0,4.0,0.0,-0.71551174,-0.6247571,0.0,0.0,-0.10136469,0.3171024
688.0,6881.0,,0.0,,,2.0,0.0,-0.71551174,-0.6247571,0.0,0.0,-1.0616579,-7.332227e-17
688.0,6882.0,,0.0,,,3.0,4.0,-0.71551174,-0.6247571,0.0,0.0,-1.0616579,-7.332227e-17
688.0,6885.0,,0.0,,,3.0,0.0,-0.71551174,-0.6247571,0.0,0.0,-1.0616579,-7.332227e-17
688.0,6886.0,,0.0,,,2.0,8.0,-0.71551174,-0.6247571,0.0,0.0,-1.0616579,-7.332227e-17
688.0,6888.0,,0.0,,,4.0,17.0,-0.71551174,-0.6247571,0.0,0.0,-1.0616579,-7.332227e-17
688.0,6889.0,,0.0,,,3.0,0.0,-0.71551174,-0.6247571,0.0,0.0,-1.0616579,-7.332227e-17
689.0,6891.0,2.0,1.0,11.0,3.0,4.0,0.0,-0.71551174,-0.6247571,0.0,0.0,-1.0616579,-7.332227e-17
689.0,6892.0,3.0,1.0,11.0,3.0,3.0,17.0,1.3972776,-0.6247571,1.0,0.0,0.905911,0.64971906
689.0,6893.0,3.0,1.0,0.0,,3.0,0.0,-0.71551174,1.6002363,0.0,1.0,-0.00088872755,0.35028097
689.0,6894.0,3.0,1.0,17.0,3.0,4.0,9.0,-0.71551174,-0.6247571,0.0,0.0,-1.0616579,-7.332227e-17
689.0,6896.0,3.0,1.0,17.0,4.0,3.0,22.0,-0.71551174,-0.6247571,0.0,0.0,-1.0616579,-7.332227e-17
689.0,6897.0,3.0,1.0,9.0,3.0,4.0,27.0,-0.71551174,-0.6247571,0.0,0.0,-0.10136469,0.3171024
689.0,6898.0,3.0,1.0,4.0,2.0,3.0,4.0,-0.71551174,1.6002363,0.0,1.0,-0.00088872755,0.35028097
691.0,6912.0,3.0,1.0,4.0,3.0,3.0,4.0,1.3972776,1.6002363,1.0,1.0,1.0063869,0.6828976
691.0,6913.0,3.0,1.0,4.0,3.0,3.0,0.0,1.3972776,-0.6247571,1.0,0.0,-0.0543822,0.3326167
691.0,6914.0,3.0,1.0,4.0,3.0,3.0,4.0,1.3972776,1.6002363,1.0,1.0,1.96668,1.0
691.0,6915.0,3.0,1.0,17.0,3.0,3.0,17.0,1.3972776,1.6002363,1.0,1.0,1.96668,1.0
691.0,6916.0,2.0,1.0,0.0,3.0,3.0,0.0,1.3972776,1.6002363,1.0,1.0,1.96668,1.0
692.0,6921.0,,0.0,,,0.0,0.0,-0.71551174,-0.6247571,0.0,0.0,-1.0616579,-7.332227e-17
692.0,6923.0,,0.0,,,4.0,17.0,-0.71551174,-0.6247571,0.0,0.0,-1.0616579,-7.332227e-17
692.0,6924.0,,0.0,,,2.0,17.0,-0.71551174,-0.6247571,0.0,0.0,-1.0616579,-7.332227e-17
692.0,6927.0,2.0,1.0,,,2.0,24.0,-0.71551174,-0.6247571,0.0,0.0,-1.0616579,-7.332227e-17
692.0,6928.0,2.0,1.0,24.0,,3.0,4.0,-0.71551174,-0.6247571,0.0,0.0,-1.0616579,-7.332227e-17
692.0,6929.0,,0.0,,,4.0,0.0,-0.71551174,-0.6247571,0.0,0.0,-1.0616579,-7.332227e-17
693.0,6935.0,,0.0,,,0.0,25.0,-0.71551174,-0.6247571,0.0,0.0,-1.0616579,-7.332227e-17
693.0,6937.0,2.0,1.0,14.0,,3.0,4.0,-0.71551174,-0.6247571,0.0,0.0,-1.0616579,-7.332227e-17
693.0,6938.0,2.0,1.0,18.0,4.0,4.0,1.0,1.3972776,-0.6247571,1.0,0.0,0.905911,0.64971906
693.0,6939.0,1.0,1.0,0.0,,3.0,23.0,-0.71551174,-0.6247571,0.0,0.0,-1.0616579,-7.332227e-17
694.0,6941.0,3.0,1.0,4.0,3.0,3.0,0.0,1.3972776,-0.6247571,1.0,0.0,0.905911,0.64971906
694.0,6942.0,3.0,1.0,17.0,2.0,3.0,0.0,-0.71551174,-0.6247571,0.0,0.0,-0.10136469,0.3171024
694.0,6943.0,3.0,1.0,18.0,3.0,4.0,18.0,-0.71551174,1.6002363,0.0,1.0,0.9594045,0.6673834
694.0,6944.0,,0.0,,,4.0,17.0,-0.71551174,-0.6247571,0.0,0.0,-1.0616579,-7.332227e-17
694.0,6945.0,3.0,1.0,17.0,3.0,4.0,17.0,-0.71551174,1.6002363,0.0,1.0,-0.00088872755,0.35028097
694.0,6947.0,3.0,1.0,0.0,3.0,3.0,0.0,1.3972776,1.6002363,1.0,1.0,1.96668,1.0
694.0,6949.0,2.0,1.0,27.0,4.0,4.0,27.0,1.3972776,1.6002363,1.0,1.0,1.0063869,0.6828976
695.0,6951.0,,0.0,,,2.0,0.0,-0.71551174,-0.6247571,0.0,0.0,-1.0616579,-7.332227e-17
695.0,6953.0,3.0,1.0,0.0,3.0,2.0,0.0,-0.71551174,1.6002363,0.0,1.0,0.9594045,0.6673834
695.0,6954.0,2.0,1.0,27.0,4.0,3.0,27.0,-0.71551174,1.6002363,0.0,1.0,0.9594045,0.6673834
695.0,6957.0,3.0,1.0,0.0,3.0,2.0,0.0,-0.71551174,1.6002363,0.0,1.0,0.9594045,0.6673834
695.0,6958.0,3.0,1.0,27.0,4.0,3.0,0.0,-0.71551174,-0.6247571,0.0,0.0,-0.10136469,0.3171024
696.0,6962.0,,0.0,,,3.0,,-0.71551174,1.6002363,0.0,1.0,-0.00088872755,0.35028097
696.0,6963.0,,0.0,,,3.0,4.0,-0.71551174,-0.6247571,0.0,0.0,-1.0616579,-7.332227e-17
696.0,6964.0,3.0,1.0,4.0,2.0,2.0,0.0,1.3972776,-0.6247571,1.0,0.0,0.905911,0.64971906
696.0,6965.0,3.0,1.0,25.0,,3.0,0.0,-0.71551174,-0.6247571,0.0,0.0,-1.0616579,-7.332227e-17
696.0,6969.0,3.0,1.0,0.0,3.0,3.0,17.0,1.3972776,-0.6247571,1.0,0.0,0.905911,0.64971906
697.0,6971.0,1.0,1.0,0.0,2.0,3.0,17.0,-0.71551174,-0.6247571,0.0,0.0,-0.10136469,0.3171024
697.0,6973.0,1.0,1.0,0.0,3.0,4.0,17.0,-0.71551174,-0.6247571,0.0,0.0,-0.10136469,0.3171024
697.0,6975.0,1.0,1.0,0.0,3.0,3.0,27.0,1.3972776,-0.6247571,1.0,0.0,0.905911,0.64971906
697.0,6976.0,2.0,1.0,4.0,3.0,3.0,4.0,1.3972776,1.6002363,1.0,1.0,1.96668,1.0
697.0,6977.0,1.0,1.0,17.0,3.0,4.0,17.0,-0.71551174,1.6002363,0.0,1.0,0.9594045,0.6673834
697.0,6978.0,,0.0,,,3.0,4.0,-0.71551174,-0.6247571,0.0,0.0,-1.0616579,-7.332227e-17
698.0,6982.0,2.0,1.0,0.0,3.0,2.0,0.0,-0.71551174,1.6002363,0.0,1.0,0.9594045,0.6673834
698.0,6983.0,1.0,1.0,4.0,2.0,0.0,27.0,-0.71551174,-0.6247571,0.0,0.0,-0.10136469,0.3171024
698.0,6984.0,2.0,1.0,4.0,3.0,2.0,0.0,-0.71551174,-0.6247571,0.0,0.0,-0.10136469,0.3171024
698.0,6986.0,3.0,1.0,23.0,3.0,2.0,9.0,-0.71551174,-0.6247571,0.0,0.0,-0.10136469,0.3171024
698.0,6988.0,,0.0,,,2.0,,-0.71551174,1.6002363,0.0,1.0,-0.00088872755,0.35028097
698.0,6989.0,2.0,1.0,17.0,3.0,3.0,15.0,1.3972776,-0.6247571,1.0,0.0,0.905911,0.64971906
699.0,6993.0,1.0,1.0,23.0,2.0,3.0,18.0,-0.71551174,-0.6247571,0.0,0.0,-0.10136469,0.3171024
699.0,6994.0,2.0,1.0,0.0,3.0,3.0,23.0,1.3972776,-0.6247571,1.0,0.0,0.905911,0.64971906
699.0,6996.0,2.0,1.0,0.0,3.0,3.0,,1.3972776,,1.0,,1.2037649,0.74807465
699.0,6998.0,1.0,1.0,0.0,3.0,3.0,4.0,1.3972776,-0.6247571,1.0,0.0,0.905911,0.64971906
699.0,6999.0,1.0,1.0,0.0,4.0,4.0,4.0,1.3972776,-0.6247571,1.0,0.0,0.905911,0.64971906
700.0,7001.0,2.0,1.0,6.0,3.0,4.0,17.0,-0.71551174,-0.6247571,0.0,0.0,-0.10136469,0.3171024
700.0,7002.0,1.0,1.0,0.0,2.0,3.0,0.0,-0.71551174,1.6002363,0.0,1.0,0.9594045,0.6673834
700.0,7006.0,3.0,1.0,1.0,4.0,4.0,,1.3972776,,1.0,,1.2037649,0.74807465
700.0,7007.0,1.0,1.0,4.0,2.0,3.0,0.0,-0.71551174,-0.6247571,0.0,0.0,-0.10136469,0.3171024
700.0,7008.0,2.0,1.0,0.0,2.0,1.0,0.0,-0.71551174,1.6002363,0.0,1.0,0.9594045,0.6673834
700.0,7009.0,2.0,1.0,17.0,3.0,2.0,17.0,-0.71551174,1.6002363,0.0,1.0,0.9594045,0.6673834
701.0,7011.0,3.0,1.0,17.0,3.0,3.0,4.0,1.3972776,-0.6247571,1.0,0.0,0.905911,0.64971906
701.0,7012.0,2.0,1.0,23.0,2.0,3.0,0.0,-0.71551174,-0.6247571,0.0,0.0,-0.10136469,0.3171024
701.0,7018.0,2.0,1.0,0.0,3.0,3.0,9.0,1.3972776,-0.6247571,1.0,0.0,0.905911,0.64971906
701.0,7019.0,3.0,1.0,4.0,3.0,3.0,6.0,1.3972776,-0.6247571,1.0,0.0,0.905911,0.64971906
702.0,7021.0,2.0,1.0,25.0,3.0,3.0,23.0,1.3972776,-0.6247571,1.0,0.0,0.905911,0.64971906
702.0,7022.0,2.0,1.0,0.0,3.0,3.0,17.0,1.3972776,-0.6247571,1.0,0.0,0.905911,0.64971906
702.0,7024.0,2.0,1.0,4.0,3.0,3.0,0.0,1.3972776,-0.6247571,1.0,0.0,0.905911,0.64971906
702.0,7025.0,2.0,1.0,0.0,3.0,0.0,0.0,-0.71551174,1.6002363,0.0,1.0,0.9594045,0.6673834
702.0,7029.0,1.0,1.0,4.0,2.0,3.0,6.0,-0.71551174,-0.6247571,0.0,0.0,-0.10136469,0.3171024
703.0,7031.0,2.0,1.0,3.0,3.0,4.0,4.0,-0.71551174,-0.6247571,0.0,0.0,-0.10136469,0.3171024
703.0,7032.0,,0.0,,,4.0,9.0,-0.71551174,-0.6247571,0.0,0.0,-1.0616579,-7.332227e-17
703.0,7035.0,1.0,1.0,0.0,3.0,4.0,17.0,-0.71551174,-0.6247571,0.0,0.0,-0.10136469,0.3171024
703.0,7037.0,1.0,1.0,0.0,2.0,4.0,17.0,-0.71551174,-0.6247571,0.0,0.0,-0.10136469,0.3171024
704.0,7041.0,,0.0,,,4.0,22.0,-0.71551174,-0.6247571,0.0,0.0,-1.0616579,-7.332227e-17
704.0,7043.0,4.0,1.0,17.0,,2.0,17.0,-0.71551174,1.6002363,0.0,1.0,-0.00088872755,0.35028097
704.0,7045.0,,0.0,,,0.0,0.0,-0.71551174,-0.6247571,0.0,0.0,-1.0616579,-7.332227e-17
704.0,7047.0,3.0,1.0,,,3.0,17.0,-0.71551174,-0.6247571,0.0,0.0,-0.10136469,0.3171024
704.0,7048.0,,0.0,,,3.0,22.0,-0.71551174,-0.6247571,0.0,0.0,-1.0616579,-7.332227e-17
704.0,7049.0,,0.0,,,0.0,25.0,-0.71551174,-0.6247571,0.0,0.0,-1.0616579,-7.332227e-17
100.0,10072.0,,0.0,,,3.0,14.0,-0.71551174,-0.6247571,0.0,0.0,-1.0616579,-7.332227e-17
100.0,10074.0,,0.0,,,3.0,17.0,-0.71551174,-0.6247571,0.0,0.0,-1.0616579,-7.332227e-17
100.0,10075.0,1.0,1.0,4.0,2.0,3.0,14.0,-0.71551174,-0.6247571,0.0,0.0,-1.0616579,-7.332227e-17
100.0,10076.0,1.0,1.0,8.0,,3.0,15.0,-0.71551174,-0.6247571,0.0,0.0,-1.0616579,-7.332227e-17
100.0,10077.0,2.0,1.0,8.0,2.0,3.0,8.0,-0.71551174,1.6002363,0.0,1.0,-0.00088872755,0.35028097
100.0,10078.0,,0.0,,,2.0,8.0,-0.71551174,-0.6247571,0.0,0.0,-1.0616579,-7.332227e-17
100.0,10079.0,,0.0,,,3.0,17.0,-0.71551174,-0.6247571,0.0,0.0,-1.0616579,-7.332227e-17
100.0,10080.0,2.0,1.0,18.0,3.0,3.0,22.0,1.3972776,-0.6247571,1.0,0.0,-0.0543822,0.3326167
101.0,10111.0,2.0,1.0,14.0,2.0,2.0,14.0,1.3972776,1.6002363,1.0,1.0,1.96668,1.0
101.0,10114.0,2.0,1.0,4.0,2.0,2.0,4.0,1.3972776,1.6002363,1.0,1.0,1.96668,1.0
101.0,10115.0,2.0,0.0,7.0,2.0,2.0,4.0,1.3972776,-0.6247571,1.0,0.0,-0.0543822,0.3326167
101.0,10132.0,2.0,1.0,23.0,2.0,1.0,,-0.71551174,,0.0,,0.19648926,0.41545796
101.0,10133.0,1.0,1.0,8.0,3.0,4.0,4.0,-0.71551174,-0.6247571,0.0,0.0,-1.0616579,-7.332227e-17
101.0,10134.0,2.0,1.0,17.0,3.0,2.0,17.0,-0.71551174,1.6002363,0.0,1.0,0.9594045,0.6673834
101.0,10135.0,,0.0,,,2.0,9.0,-0.71551174,-0.6247571,0.0,0.0,-1.0616579,-7.332227e-17
101.0,10172.0,2.0,1.0,8.0,2.0,0.0,,-0.71551174,,0.0,,0.19648926,0.41545796
102.0,10212.0,3.0,1.0,13.0,3.0,2.0,0.0,-0.71551174,-0.6247571,0.0,0.0,-0.10136469,0.3171024
102.0,10215.0,3.0,1.0,15.0,3.0,3.0,15.0,1.3972776,1.6002363,1.0,1.0,1.0063869,0.6828976
102.0,10231.0,,0.0,,,3.0,23.0,-0.71551174,-0.6247571,0.0,0.0,-1.0616579,-7.332227e-17
102.0,10232.0,3.0,1.0,25.0,,2.0,8.0,-0.71551174,-0.6247571,0.0,0.0,-1.0616579,-7.332227e-17
102.0,10233.0,4.0,1.0,9.0,3.0,2.0,14.0,-0.71551174,-0.6247571,0.0,0.0,-1.0616579,-7.332227e-17
102.0,10234.0,2.0,0.0,4.0,0.0,2.0,8.0,-0.71551174,-0.6247571,0.0,0.0,-1.0616579,-7.332227e-17
102.0,10235.0,3.0,1.0,8.0,2.0,3.0,8.0,-0.71551174,1.6002363,0.0,1.0,-0.00088872755,0.35028097
102.0,10236.0,2.0,1.0,8.0,2.0,2.0,8.0,1.3972776,1.6002363,1.0,1.0,1.0063869,0.6828976
102.0,10237.0,3.0,0.0,4.0,0.0,3.0,23.0,-0.71551174,-0.6247571,0.0,0.0,-1.0616579,-7.332227e-17
103.0,10310.0,3.0,1.0,15.0,3.0,3.0,15.0,1.3972776,1.6002363,1.0,1.0,1.0063869,0.6828976
103.0,10311.0,,0.0,,,3.0,25.0,-0.71551174,-0.6247571,0.0,0.0,-1.0616579,-7.332227e-17
103.0,10313.0,2.0,1.0,25.0,2.0,2.0,25.0,1.3972776,1.6002363,1.0,1.0,1.0063869,0.6828976
103.0,10314.0,3.0,1.0,1.0,3.0,3.0,,1.3972776,,1.0,,0.24347176,0.43097225
103.0,10372.0,3.0,1.0,18.0,3.0,3.0,18.0,1.3972776,1.6002363,1.0,1.0,1.0063869,0.6828976
103.0,10373.0,1.0,1.0,8.0,2.0,3.0,14.0,-0.71551174,-0.6247571,0.0,0.0,-1.0616579,-7.332227e-17
103.0,10375.0,1.0,1.0,8.0,2.0,3.0,25.0,-0.71551174,-0.6247571,0.0,0.0,-1.0616579,-7.332227e-17
104.0,10411.0,,0.0,,,0.0,0.0,-0.71551174,-0.6247571,0.0,0.0,-1.0616579,-7.332227e-17
104.0,10414.0,,0.0,,,2.0,23.0,-0.71551174,-0.6247571,0.0,0.0,-1.0616579,-7.332227e-17
104.0,10473.0,2.0,1.0,0.0,,3.0,11.0,-0.71551174,-0.6247571,0.0,0.0,-1.0616579,-7.332227e-17
104.0,10474.0,,0.0,,,3.0,27.0,-0.71551174,-0.6247571,0.0,0.0,-1.0616579,-7.332227e-17
104.0,10476.0,4.0,1.0,9.0,3.0,3.0,17.0,1.3972776,-0.6247571,1.0,0.0,0.905911,0.64971906
104.0,10479.0,,0.0,,,4.0,4.0,-0.71551174,-0.6247571,0.0,0.0,-1.0616579,-7.332227e-17
105.0,10510.0,2.0,1.0,6.0,3.0,3.0,6.0,1.3972776,1.6002363,1.0,1.0,1.0063869,0.6828976
105.0,10513.0,2.0,1.0,0.0,3.0,0.0,0.0,-0.71551174,1.6002363,0.0,1.0,0.9594045,0.6673834
105.0,10514.0,3.0,1.0,4.0,3.0,2.0,25.0,-0.71551174,-0.6247571,0.0,0.0,-1.0616579,-7.332227e-17
105.0,10532.0,,0.0,,,2.0,17.0,-0.71551174,-0.6247571,0.0,0.0,-1.0616579,-7.332227e-17
105.0,10533.0,2.0,1.0,0.0,3.0,3.0,4.0,1.3972776,-0.6247571,1.0,0.0,-0.0543822,0.3326167
105.0,10534.0,2.0,1.0,14.0,3.0,3.0,14.0,1.3972776,1.6002363,1.0,1.0,1.0063869,0.6828976
106.0,10610.0,2.0,1.0,23.0,3.0,3.0,4.0,1.3972776,-0.6247571,1.0,0.0,-0.0543822,0.3326167
106.0,10674.0,2.0,1.0,23.0,3.0,3.0,25.0,1.3972776,-0.6247571,1.0,0.0,-0.0543822,0.3326167
106.0,10677.0,,0.0,,,3.0,8.0,-0.71551174,-0.6247571,0.0,0.0,-1.0616579,-7.332227e-17
106.0,10679.0,3.0,1.0,17.0,3.0,4.0,17.0,-0.71551174,1.6002363,0.0,1.0,0.9594045,0.6673834
106.0,10681.0,,0.0,,,2.0,8.0,-0.71551174,-0.6247571,0.0,0.0,-1.0616579,-7.332227e-17
106.0,10684.0,3.0,1.0,13.0,3.0,3.0,13.0,1.3972776,1.6002363,1.0,1.0,1.0063869,0.6828976
106.0,10686.0,2.0,1.0,14.0,3.0,3.0,14.0,1.3972776,1.6002363,1.0,1.0,1.96668,1.0
107.0,10710.0,2.0,1.0,9.0,3.0,3.0,0.0,1.3972776,-0.6247571,1.0,0.0,0.905911,0.64971906
107.0,10711.0,2.0,1.0,8.0,2.0,2.0,0.0,1.3972776,-0.6247571,1.0,0.0,0.905911,0.64971906
107.0,10712.0,2.0,1.0,4.0,3.0,0.0,4.0,-0.71551174,1.6002363,0.0,1.0,0.9594045,0.6673834
107.0,10713.0,2.0,1.0,25.0,2.0,3.0,6.0,-0.71551174,-0.6247571,0.0,0.0,-0.10136469,0.3171024
107.0,10714.0,3.0,1.0,4.0,3.0,3.0,0.0,1.3972776,-0.6247571,1.0,0.0,-0.0543822,0.3326167
107.0,10731.0,2.0,1.0,1.0,4.0,3.0,17.0,-0.71551174,-0.6247571,0.0,0.0,-1.0616579,-7.332227e-17
107.0,10732.0,,0.0,,,3.0,17.0,-0.71551174,-0.6247571,0.0,0.0,-1.0616579,-7.332227e-17
107.0,10733.0,3.0,1.0,15.0,3.0,3.0,4.0,1.3972776,-0.6247571,1.0,0.0,0.905911,0.64971906
107.0,10734.0,2.0,1.0,4.0,2.0,2.0,0.0,1.3972776,-0.6247571,1.0,0.0,-0.0543822,0.3326167
108.0,10810.0,2.0,1.0,9.0,2.0,2.0,20.0,1.3972776,-0.6247571,1.0,0.0,0.905911,0.64971906
108.0,10811.0,2.0,1.0,0.0,2.0,3.0,0.0,-0.71551174,1.6002363,0.0,1.0,0.9594045,0.6673834
108.0,10871.0,2.0,1.0,21.0,0.0,2.0,8.0,-0.71551174,-0.6247571,0.0,0.0,-0.10136469,0.3171024
108.0,10872.0,,0.0,,,3.0,4.0,-0.71551174,-0.6247571,0.0,0.0,-1.0616579,-7.332227e-17
108.0,10873.0,,0.0,,,3.0,11.0,-0.71551174,-0.6247571,0.0,0.0,-1.0616579,-7.332227e-17
108.0,10874.0,3.0,1.0,17.0,3.0,3.0,0.0,1.3972776,-0.6247571,1.0,0.0,0.905911,0.64971906
109.0,10912.0,,0.0,,,3.0,0.0,-0.71551174,-0.6247571,0.0,0.0,-1.0616579,-7.332227e-17
109.0,10913.0,,0.0,,,3.0,25.0,-0.71551174,-0.6247571,0.0,0.0,-1.0616579,-7.332227e-17
109.0,10931.0,,0.0,,,3.0,25.0,-0.71551174,-0.6247571,0.0,0.0,-1.0616579,-7.332227e-17
109.0,10932.0,3.0,1.0,23.0,2.0,3.0,25.0,-0.71551174,-0.6247571,0.0,0.0,-0.10136469,0.3171024
109.0,10971.0,,0.0,,,3.0,0.0,-0.71551174,-0.6247571,0.0,0.0,-1.0616579,-7.332227e-17
109.0,10973.0,,0.0,,,2.0,4.0,-0.71551174,-0.6247571,0.0,0.0,-1.0616579,-7.332227e-17
110.0,11012.0,1.0,1.0,7.0,3.0,3.0,0.0,1.3972776,-0.6247571,1.0,0.0,0.905911,0.64971906
110.0,11043.0,1.0,1.0,0.0,2.0,2.0,14.0,1.3972776,-0.6247571,1.0,0.0,0.905911,0.64971906
110.0,11044.0,2.0,1.0,14.0,2.0,3.0,14.0,-0.71551174,1.6002363,0.0,1.0,0.9594045,0.6673834
110.0,11045.0,,0.0,,,3.0,12.0,-0.71551174,-0.6247571,0.0,0.0,-1.0616579,-7.332227e-17
110.0,11046.0,2.0,1.0,8.0,0.0,3.0,4.0,-0.71551174,-0.6247571,0.0,0.0,-0.10136469,0.3171024
110.0,11047.0,1.0,1.0,9.0,3.0,3.0,17.0,1.3972776,-0.6247571,1.0,0.0,0.905911,0.64971906
110.0,11048.0,3.0,1.0,17.0,,2.0,23.0,-0.71551174,-0.6247571,0.0,0.0,-0.10136469,0.3171024
110.0,11049.0,,0.0,,,4.0,27.0,-0.71551174,-0.6247571,0.0,0.0,-1.0616579,-7.332227e-17
111.0,11110.0,2.0,1.0,21.0,2.0,3.0,0.0,-0.71551174,-0.6247571,0.0,0.0,-0.10136469,0.3171024
111.0,11111.0,4.0,1.0,17.0,,3.0,17.0,-0.71551174,1.6002363,0.0,1.0,0.9594045,0.6673834
111.0,11131.0,4.0,1.0,4.0,4.0,3.0,0.0,-0.71551174,-0.6247571,0.0,0.0,-0.10136469,0.3171024
111.0,11132.0,3.0,1.0,6.0,3.0,3.0,6.0,1.3972776,1.6002363,1.0,1.0,1.96668,1.0
111.0,11133.0,2.0,1.0,,,3.0,4.0,-0.71551174,-0.6247571,0.0,0.0,-1.0616579,-7.332227e-17
111.0,11134.0,2.0,1.0,0.0,,3.0,17.0,-0.71551174,-0.6247571,0.0,0.0,-0.10136469,0.3171024
111.0,11135.0,2.0,1.0,0.0,,3.0,0.0,-0.71551174,1.6002363,0.0,1.0,0.9594045,0.6673834
112.0,11210.0,,0.0,,,2.0,,-0.71551174,1.6002363,0.0,1.0,-0.00088872755,0.35028097
112.0,11211.0,4.0,1.0,4.0,3.0,3.0,25.0,1.3972776,-0.6247571,1.0,0.0,0.905911,0.64971906
112.0,11212.0,2.0,1.0,8.0,2.0,2.0,0.0,1.3972776,-0.6247571,1.0,0.0,0.905911,0.64971906
112.0,11241.0,2.0,1.0,21.0,2.0,3.0,0.0,-0.71551174,-0.6247571,0.0,0.0,-0.10136469,0.3171024
112.0,11242.0,,0.0,,,3.0,4.0,-0.71551174,-0.6247571,0.0,0.0,-1.0616579,-7.332227e-17
113.0,11310.0,2.0,0.0,6.0,3.0,3.0,6.0,1.3972776,1.6002363,1.0,1.0,1.0063869,0.6828976
113.0,11313.0,1.0,1.0,0.0,0.0,2.0,0.0,-0.71551174,1.6002363,0.0,1.0,-0.00088872755,0.35028097
113.0,11314.0,3.0,0.0,4.0,3.0,3.0,4.0,1.3972776,1.6002363,1.0,1.0,1.0063869,0.6828976
113.0,11382.0,1.0,1.0,0.0,2.0,2.0,0.0,1.3972776,1.6002363,1.0,1.0,1.96668,1.0
113.0,11383.0,1.0,0.0,9.0,3.0,3.0,0.0,1.3972776,-0.6247571,1.0,0.0,-0.0543822,0.3326167
113.0,11394.0,3.0,0.0,4.0,3.0,3.0,4.0,1.3972776,1.6002363,1.0,1.0,1.0063869,0.6828976
114.0,11411.0,3.0,1.0,14.0,,3.0,9.0,-0.71551174,-0.6247571,0.0,0.0,-0.10136469,0.3171024
114.0,11413.0,1.0,1.0,14.0,,2.0,0.0,-0.71551174,-0.6247571,0.0,0.0,-1.0616579,-7.332227e-17
114.0,11471.0,2.0,1.0,9.0,3.0,3.0,0.0,1.3972776,-0.6247571,1.0,0.0,0.905911,0.64971906
114.0,11472.0,4.0,1.0,17.0,4.0,3.0,1.0,-0.71551174,-0.6247571,0.0,0.0,-0.10136469,0.3171024
114.0,11475.0,2.0,1.0,27.0,4.0,4.0,4.0,1.3972776,-0.6247571,1.0,0.0,0.905911,0.64971906
114.0,11476.0,2.0,1.0,4.0,,3.0,17.0,-0.71551174,-0.6247571,0.0,0.0,-1.0616579,-7.332227e-17
114.0,11477.0,3.0,1.0,18.0,,2.0,8.0,-0.71551174,-0.6247571,0.0,0.0,-0.10136469,0.3171024
114.0,11479.0,2.0,1.0,0.0,,3.0,0.0,-0.71551174,1.6002363,0.0,1.0,0.9594045,0.6673834
115.0,11510.0,2.0,1.0,4.0,2.0,3.0,0.0,-0.71551174,-0.6247571,0.0,0.0,-0.10136469,0.3171024
115.0,11511.0,2.0,1.0,4.0,0.0,3.0,14.0,-0.71551174,-0.6247571,0.0,0.0,-0.10136469,0.3171024
115.0,11513.0,2.0,0.0,4.0,0.0,3.0,0.0,-0.71551174,-0.6247571,0.0,0.0,-1.0616579,-7.332227e-17
115.0,11533.0,2.0,1.0,17.0,3.0,3.0,17.0,1.3972776,1.6002363,1.0,1.0,1.0063869,0.6828976
115.0,11534.0,3.0,0.0,4.0,0.0,3.0,4.0,-0.71551174,1.6002363,0.0,1.0,-0.00088872755,0.35028097
115.0,11571.0,2.0,1.0,21.0,3.0,3.0,4.0,1.3972776,-0.6247571,1.0,0.0,0.905911,0.64971906
115.0,11572.0,2.0,1.0,4.0,3.0,3.0,4.0,1.3972776,1.6002363,1.0,1.0,1.96668,1.0
115.0,11574.0,2.0,0.0,0.0,3.0,3.0,8.0,1.3972776,-0.6247571,1.0,0.0,-0.0543822,0.3326167
115.0,11583.0,1.0,1.0,0.0,0.0,2.0,0.0,-0.71551174,1.6002363,0.0,1.0,-0.00088872755,0.35028097
116.0,11610.0,3.0,1.0,17.0,3.0,3.0,6.0,1.3972776,-0.6247571,1.0,0.0,0.905911,0.64971906
116.0,11612.0,4.0,1.0,17.0,3.0,3.0,17.0,1.3972776,1.6002363,1.0,1.0,1.96668,1.0
116.0,11614.0,1.0,1.0,0.0,0.0,1.0,0.0,-0.71551174,1.6002363,0.0,1.0,0.9594045,0.6673834
116.0,11638.0,2.0,1.0,14.0,2.0,3.0,14.0,-0.71551174,1.6002363,0.0,1.0,0.9594045,0.6673834
116.0,11675.0,5.0,1.0,17.0,4.0,3.0,17.0,-0.71551174,1.6002363,0.0,1.0,0.9594045,0.6673834
117.0,11710.0,2.0,1.0,14.0,2.0,3.0,,-0.71551174,,0.0,,0.19648926,0.41545796
117.0,11711.0,,0.0,,,2.0,0.0,-0.71551174,-0.6247571,0.0,0.0,-1.0616579,-7.332227e-17
117.0,11714.0,,0.0,,,2.0,,-0.71551174,1.6002363,0.0,1.0,-0.00088872755,0.35028097
117.0,11774.0,,0.0,,,3.0,17.0,-0.71551174,-0.6247571,0.0,0.0,-1.0616579,-7.332227e-17
117.0,11775.0,,0.0,,,3.0,14.0,-0.71551174,-0.6247571,0.0,0.0,-1.0616579,-7.332227e-17
117.0,11776.0,2.0,1.0,0.0,2.0,3.0,4.0,-0.71551174,-0.6247571,0.0,0.0,-0.10136469,0.3171024
117.0,11777.0,,0.0,,,3.0,14.0,-0.71551174,-0.6247571,0.0,0.0,-1.0616579,-7.332227e-17
118.0,11810.0,1.0,1.0,0.0,,2.0,8.0,-0.71551174,-0.6247571,0.0,0.0,-0.10136469,0.3171024
118.0,11813.0,2.0,1.0,4.0,2.0,3.0,0.0,-0.71551174,-0.6247571,0.0,0.0,-0.10136469,0.3171024
118.0,11815.0,2.0,1.0,8.0,,3.0,8.0,-0.71551174,1.6002363,0.0,1.0,0.9594045,0.6673834
118.0,11873.0,4.0,1.0,22.0,3.0,4.0,17.0,-0.71551174,-0.6247571,0.0,0.0,-1.0616579,-7.332227e-17
118.0,11874.0,2.0,1.0,0.0,3.0,3.0,14.0,1.3972776,-0.6247571,1.0,0.0,0.905911,0.64971906
118.0,11876.0,1.0,1.0,4.0,,3.0,4.0,-0.71551174,1.6002363,0.0,1.0,-0.00088872755,0.35028097
119.0,11910.0,2.0,1.0,17.0,3.0,2.0,17.0,-0.71551174,1.6002363,0.0,1.0,0.9594045,0.6673834
119.0,11912.0,,0.0,,,2.0,23.0,-0.71551174,-0.6247571,0.0,0.0,-1.0616579,-7.332227e-17
119.0,11915.0,,0.0,,,2.0,8.0,-0.71551174,-0.6247571,0.0,0.0,-1.0616579,-7.332227e-17
119.0,11971.0,2.0,1.0,9.0,3.0,3.0,9.0,1.3972776,1.6002363,1.0,1.0,1.96668,1.0
119.0,11972.0,,0.0,,,3.0,0.0,-0.71551174,-0.6247571,0.0,0.0,-1.0616579,-7.332227e-17
119.0,11973.0,,0.0,,,2.0,0.0,-0.71551174,-0.6247571,0.0,0.0,-1.0616579,-7.332227e-17
120.0,12010.0,2.0,1.0,0.0,2.0,2.0,0.0,1.3972776,1.6002363,1.0,1.0,1.96668,1.0
120.0,12011.0,3.0,1.0,6.0,3.0,2.0,0.0,-0.71551174,-0.6247571,0.0,0.0,-1.0616579,-7.332227e-17
120.0,12013.0,2.0,1.0,,,2.0,0.0,-0.71551174,-0.6247571,0.0,0.0,-1.0616579,-7.332227e-17
120.0,12039.0,1.0,1.0,8.0,0.0,0.0,4.0,1.3972776,-0.6247571,1.0,0.0,-0.0543822,0.3326167
120.0,12040.0,,0.0,,,2.0,4.0,-0.71551174,-0.6247571,0.0,0.0,-1.0616579,-7.332227e-17
120.0,12041.0,2.0,1.0,4.0,,1.0,0.0,-0.71551174,-0.6247571,0.0,0.0,-1.0616579,-7.332227e-17
121.0,12110.0,3.0,1.0,17.0,3.0,3.0,17.0,1.3972776,1.6002363,1.0,1.0,1.96668,1.0
121.0,12111.0,1.0,1.0,4.0,0.0,3.0,0.0,-0.71551174,-0.6247571,0.0,0.0,-0.10136469,0.3171024
121.0,12113.0,2.0,1.0,0.0,3.0,3.0,11.0,1.3972776,-0.6247571,1.0,0.0,-0.0543822,0.3326167
122.0,12210.0,2.0,1.0,4.0,2.0,2.0,25.0,1.3972776,-0.6247571,1.0,0.0,-0.0543822,0.3326167
122.0,12212.0,2.0,1.0,21.0,2.0,3.0,21.0,-0.71551174,1.6002363,0.0,1.0,-0.00088872755,0.35028097
122.0,12213.0,2.0,1.0,4.0,2.0,2.0,4.0,1.3972776,1.6002363,1.0,1.0,1.0063869,0.6828976
122.0,12214.0,2.0,1.0,0.0,2.0,1.0,8.0,-0.71551174,-0.6247571,0.0,0.0,-1.0616579,-7.332227e-17
122.0,12239.0,4.0,1.0,21.0,3.0,4.0,17.0,-0.71551174,-0.6247571,0.0,0.0,-0.10136469,0.3171024
122.0,12240.0,3.0,1.0,14.0,2.0,2.0,4.0,1.3972776,-0.6247571,1.0,0.0,-0.0543822,0.3326167
122.0,12241.0,4.0,1.0,1.0,4.0,3.0,,-0.71551174,,0.0,,-0.76380396,0.098355584
122.0,12242.0,4.0,1.0,15.0,3.0,2.0,15.0,-0.71551174,1.6002363,0.0,1.0,-0.00088872755,0.35028097
122.0,12243.0,3.0,1.0,4.0,2.0,3.0,4.0,-0.71551174,1.6002363,0.0,1.0,0.9594045,0.6673834
122.0,12244.0,2.0,1.0,14.0,0.0,3.0,14.0,-0.71551174,1.6002363,0.0,1.0,-0.00088872755,0.35028097
122.0,12245.0,2.0,1.0,4.0,0.0,2.0,4.0,-0.71551174,1.6002363,0.0,1.0,0.9594045,0.6673834
123.0,12310.0,,0.0,,,2.0,0.0,-0.71551174,-0.6247571,0.0,0.0,-1.0616579,-7.332227e-17
123.0,12311.0,1.0,1.0,0.0,,3.0,23.0,-0.71551174,-0.6247571,0.0,0.0,-0.10136469,0.3171024
123.0,12312.0,3.0,1.0,1.0,4.0,4.0,17.0,1.3972776,-0.6247571,1.0,0.0,0.905911,0.64971906
123.0,12313.0,,0.0,,,3.0,23.0,-0.71551174,-0.6247571,0.0,0.0,-1.0616579,-7.332227e-17
123.0,12314.0,3.0,1.0,9.0,4.0,4.0,9.0,1.3972776,1.6002363,1.0,1.0,1.96668,1.0
123.0,12379.0,,0.0,,,3.0,,-0.71551174,1.6002363,0.0,1.0,-0.00088872755,0.35028097
123.0,12380.0,2.0,1.0,23.0,3.0,3.0,23.0,1.3972776,1.6002363,1.0,1.0,1.96668,1.0
124.0,12410.0,,0.0,,,2.0,4.0,-0.71551174,-0.6247571,0.0,0.0,-1.0616579,-7.332227e-17
124.0,12413.0,3.0,1.0,22.0,3.0,2.0,17.0,-0.71551174,-0.6247571,0.0,0.0,-0.10136469,0.3171024
124.0,12414.0,2.0,1.0,0.0,2.0,1.0,0.0,-0.71551174,1.6002363,0.0,1.0,0.9594045,0.6673834
124.0,12471.0,2.0,1.0,9.0,3.0,2.0,9.0,-0.71551174,1.6002363,0.0,1.0,0.9594045,0.6673834
124.0,12472.0,,0.0,,,2.0,17.0,-0.71551174,-0.6247571,0.0,0.0,-1.0616579,-7.332227e-17
124.0,12473.0,,0.0,,,2.0,0.0,-0.71551174,-0.6247571,0.0,0.0,-1.0616579,-7.332227e-17
124.0,12474.0,2.0,1.0,9.0,3.0,2.0,9.0,-0.71551174,1.6002363,0.0,1.0,0.9594045,0.6673834
125.0,12512.0,2.0,1.0,23.0,2.0,3.0,0.0,-0.71551174,-0.6247571,0.0,0.0,-0.10136469,0.3171024
125.0,12532.0,3.0,1.0,6.0,3.0,3.0,6.0,1.3972776,1.6002363,1.0,1.0,1.96668,1.0
125.0,12533.0,2.0,1.0,4.0,2.0,3.0,23.0,-0.71551174,-0.6247571,0.0,0.0,-0.10136469,0.3171024
126.0,12613.0,2.0,1.0,4.0,0.0,2.0,25.0,-0.71551174,-0.6247571,0.0,0.0,-1.0616579,-7.332227e-17
126.0,12614.0,3.0,1.0,14.0,3.0,3.0,0.0,1.3972776,-0.6247571,1.0,0.0,-0.0543822,0.3326167
126.0,12671.0,1.0,1.0,4.0,,3.0,0.0,-0.71551174,-0.6247571,0.0,0.0,-0.10136469,0.3171024
126.0,12672.0,2.0,1.0,21.0,2.0,3.0,4.0,-0.71551174,-0.6247571,0.0,0.0,-0.10136469,0.3171024
126.0,12673.0,3.0,1.0,17.0,3.0,3.0,17.0,1.3972776,1.6002363,1.0,1.0,1.96668,1.0
200.0,20012.0,,,,,3.0,18.0,-0.71551174,-0.6247571,0.0,0.0,-0.6389753,0.13957576
200.0,20013.0,,,,,3.0,0.0,-0.71551174,-0.6247571,0.0,0.0,-0.6389753,0.13957576
200.0,20014.0,,,,,2.0,0.0,-0.71551174,-0.6247571,0.0,0.0,-0.6389753,0.13957576
200.0,20015.0,,,,,2.0,6.0,-0.71551174,-0.6247571,0.0,0.0,-0.6389753,0.13957576
200.0,20072.0,,,,,0.0,4.0,-0.71551174,-0.6247571,0.0,0.0,-0.6389753,0.13957576
200.0,20073.0,,,,,3.0,4.0,-0.71551174,-0.6247571,0.0,0.0,-0.6389753,0.13957576
200.0,20074.0,,,,,2.0,0.0,-0.71551174,-0.6247571,0.0,0.0,-0.6389753,0.13957576
200.0,20075.0,,,,,3.0,7.0,-0.71551174,-0.6247571,0.0,0.0,-0.6389753,0.13957576
201.0,20111.0,,,,,3.0,0.0,-0.71551174,-0.6247571,0.0,0.0,-0.6389753,0.13957576
201.0,20112.0,,,,,3.0,0.0,-0.71551174,-0.6247571,0.0,0.0,-0.6389753,0.13957576
201.0,20131.0,,,,,2.0,6.0,-0.71551174,-0.6247571,0.0,0.0,-0.6389753,0.13957576
201.0,20132.0,,,,,1.0,4.0,-0.71551174,-0.6247571,0.0,0.0,-0.6389753,0.13957576
202.0,20210.0,,,,,3.0,8.0,-0.71551174,-0.6247571,0.0,0.0,-0.6389753,0.13957576
202.0,20212.0,,,,,3.0,0.0,-0.71551174,-0.6247571,0.0,0.0,-0.6389753,0.13957576
202.0,20213.0,,,,,3.0,17.0,-0.71551174,-0.6247571,0.0,0.0,-0.6389753,0.13957576
202.0,20231.0,,,,,3.0,8.0,-0.71551174,-0.6247571,0.0,0.0,-0.6389753,0.13957576
202.0,20232.0,,,,,2.0,0.0,-0.71551174,-0.6247571,0.0,0.0,-0.6389753,0.13957576
202.0,20233.0,,,,,4.0,8.0,-0.71551174,-0.6247571,0.0,0.0,-0.6389753,0.13957576
203.0,20311.0,,,,,2.0,0.0,-0.71551174,-0.6247571,0.0,0.0,-0.6389753,0.13957576
203.0,20312.0,,,,,3.0,4.0,-0.71551174,-0.6247571,0.0,0.0,-0.6389753,0.13957576
203.0,20331.0,,,,,2.0,14.0,-0.71551174,-0.6247571,0.0,0.0,-0.6389753,0.13957576
203.0,20332.0,,,,,2.0,4.0,-0.71551174,-0.6247571,0.0,0.0,-0.6389753,0.13957576
203.0,20333.0,,,,,2.0,,-0.71551174,1.6002363,0.0,1.0,0.42179382,0.48985672
203.0,20334.0,,,,,2.0,9.0,-0.71551174,-0.6247571,0.0,0.0,-0.6389753,0.13957576
204.0,20410.0,3.0,1.0,4.0,2.0,3.0,18.0,-0.71551174,-0.6247571,0.0,0.0,-0.10136469,0.3171024
204.0,20411.0,3.0,1.0,0.0,2.0,2.0,0.0,1.3972776,1.6002363,1.0,1.0,1.0063869,0.6828976
204.0,20486.0,2.0,1.0,4.0,2.0,2.0,0.0,1.3972776,-0.6247571,1.0,0.0,0.905911,0.64971906
204.0,20489.0,3.0,1.0,8.0,2.0,3.0,8.0,-0.71551174,1.6002363,0.0,1.0,0.9594045,0.6673834
204.0,20493.0,2.0,1.0,8.0,,2.0,8.0,-0.71551174,1.6002363,0.0,1.0,0.9594045,0.6673834
205.0,20511.0,2.0,1.0,,0.0,2.0,0.0,-0.71551174,-0.6247571,0.0,0.0,-1.0616579,-7.332227e-17
205.0,20514.0,,0.0,,,3.0,0.0,-0.71551174,-0.6247571,0.0,0.0,-1.0616579,-7.332227e-17
205.0,20584.0,2.0,1.0,4.0,2.0,3.0,23.0,-0.71551174,-0.6247571,0.0,0.0,-1.0616579,-7.332227e-17
205.0,20589.0,3.0,1.0,1.0,3.0,3.0,17.0,1.3972776,-0.6247571,1.0,0.0,0.905911,0.64971906
205.0,20593.0,2.0,1.0,18.0,3.0,4.0,0.0,-0.71551174,-0.6247571,0.0,0.0,-1.0616579,-7.332227e-17
205.0,20596.0,2.0,1.0,4.0,0.0,2.0,0.0,-0.71551174,-0.6247571,0.0,0.0,-0.10136469,0.3171024
205.0,20597.0,,0.0,,,3.0,0.0,-0.71551174,-0.6247571,0.0,0.0,-1.0616579,-7.332227e-17
206.0,20611.0,3.0,1.0,25.0,2.0,3.0,,-0.71551174,,0.0,,0.19648926,0.41545796
206.0,20612.0,2.0,1.0,4.0,2.0,2.0,0.0,1.3972776,-0.6247571,1.0,0.0,-0.0543822,0.3326167
206.0,20638.0,2.0,1.0,0.0,2.0,3.0,17.0,-0.71551174,-0.6247571,0.0,0.0,-0.10136469,0.3171024
206.0,20639.0,3.0,1.0,8.0,2.0,3.0,8.0,-0.71551174,1.6002363,0.0,1.0,-0.00088872755,0.35028097
206.0,20640.0,3.0,1.0,9.0,3.0,3.0,9.0,1.3972776,1.6002363,1.0,1.0,1.0063869,0.6828976
207.0,20711.0,,,,,3.0,8.0,-0.71551174,-0.6247571,0.0,0.0,-0.6389753,0.13957576
207.0,20712.0,,,,,3.0,17.0,-0.71551174,-0.6247571,0.0,0.0,-0.6389753,0.13957576
207.0,20713.0,,,,,2.0,0.0,-0.71551174,-0.6247571,0.0,0.0,-0.6389753,0.13957576
207.0,20773.0,,,,,3.0,0.0,-0.71551174,-0.6247571,0.0,0.0,-0.6389753,0.13957576
207.0,20776.0,,,,,2.0,17.0,-0.71551174,-0.6247571,0.0,0.0,-0.6389753,0.13957576
207.0,20779.0,,,,,3.0,14.0,-0.71551174,-0.6247571,0.0,0.0,-0.6389753,0.13957576
207.0,20780.0,,,,,3.0,9.0,-0.71551174,-0.6247571,0.0,0.0,-0.6389753,0.13957576
208.0,20810.0,,,,,3.0,17.0,-0.71551174,-0.6247571,0.0,0.0,-0.6389753,0.13957576
208.0,20811.0,,,,,2.0,0.0,-0.71551174,-0.6247571,0.0,0.0,-0.6389753,0.13957576
208.0,20812.0,,,,,3.0,17.0,-0.71551174,-0.6247571,0.0,0.0,-0.6389753,0.13957576
208.0,20813.0,,,,,3.0,0.0,-0.71551174,-0.6247571,0.0,0.0,-0.6389753,0.13957576
208.0,20871.0,,,,,3.0,17.0,-0.71551174,-0.6247571,0.0,0.0,-0.6389753,0.13957576
208.0,20872.0,,,,,3.0,0.0,-0.71551174,-0.6247571,0.0,0.0,-0.6389753,0.13957576
208.0,20873.0,,,,,2.0,7.0,-0.71551174,-0.6247571,0.0,0.0,-0.6389753,0.13957576
208.0,20874.0,,,,,3.0,4.0,-0.71551174,-0.6247571,0.0,0.0,-0.6389753,0.13957576
208.0,20876.0,,,,,3.0,17.0,-0.71551174,-0.6247571,0.0,0.0,-0.6389753,0.13957576
208.0,20878.0,,,,,3.0,15.0,-0.71551174,-0.6247571,0.0,0.0,-0.6389753,0.13957576
209.0,20910.0,3.0,1.0,15.0,3.0,3.0,17.0,1.3972776,-0.6247571,1.0,0.0,0.905911,0.64971906
209.0,20911.0,2.0,1.0,4.0,2.0,2.0,25.0,1.3972776,-0.6247571,1.0,0.0,-0.0543822,0.3326167
209.0,20912.0,,0.0,,,3.0,6.0,-0.71551174,-0.6247571,0.0,0.0,-1.0616579,-7.332227e-17
209.0,20913.0,3.0,1.0,20.0,4.0,3.0,9.0,-0.71551174,-0.6247571,0.0,0.0,-0.10136469,0.3171024
209.0,20971.0,2.0,1.0,17.0,3.0,3.0,4.0,1.3972776,-0.6247571,1.0,0.0,0.905911,0.64971906
209.0,20972.0,3.0,1.0,15.0,3.0,3.0,17.0,1.3972776,-0.6247571,1.0,0.0,0.905911,0.64971906
209.0,20973.0,2.0,1.0,4.0,2.0,3.0,0.0,-0.71551174,-0.6247571,0.0,0.0,-1.0616579,-7.332227e-17
210.0,21013.0,,,,,2.0,0.0,-0.71551174,-0.6247571,0.0,0.0,-0.6389753,0.13957576
210.0,21071.0,,,,,3.0,0.0,-0.71551174,-0.6247571,0.0,0.0,-0.6389753,0.13957576
210.0,21072.0,,,,,3.0,17.0,-0.71551174,-0.6247571,0.0,0.0,-0.6389753,0.13957576
210.0,21074.0,,,,,3.0,4.0,-0.71551174,-0.6247571,0.0,0.0,-0.6389753,0.13957576
211.0,21110.0,1.0,1.0,0.0,,3.0,0.0,-0.71551174,1.6002363,0.0,1.0,-0.00088872755,0.35028097
211.0,21111.0,5.0,1.0,20.0,4.0,4.0,17.0,1.3972776,-0.6247571,1.0,0.0,0.905911,0.64971906
211.0,21112.0,2.0,1.0,0.0,,3.0,4.0,-0.71551174,-0.6247571,0.0,0.0,-1.0616579,-7.332227e-17
211.0,21113.0,2.0,1.0,0.0,,3.0,4.0,-0.71551174,-0.6247571,0.0,0.0,-0.10136469,0.3171024
211.0,21114.0,2.0,1.0,0.0,2.0,3.0,23.0,-0.71551174,-0.6247571,0.0,0.0,-0.10136469,0.3171024
211.0,21173.0,5.0,1.0,0.0,3.0,4.0,0.0,-0.71551174,1.6002363,0.0,1.0,0.9594045,0.6673834
211.0,21174.0,5.0,1.0,4.0,3.0,3.0,0.0,1.3972776,-0.6247571,1.0,0.0,0.905911,0.64971906
211.0,21176.0,5.0,1.0,17.0,4.0,3.0,17.0,-0.71551174,1.6002363,0.0,1.0,0.9594045,0.6673834
211.0,21177.0,2.0,1.0,0.0,,3.0,0.0,-0.71551174,1.6002363,0.0,1.0,0.9594045,0.6673834
212.0,21210.0,1.0,1.0,4.0,2.0,3.0,0.0,-0.71551174,-0.6247571,0.0,0.0,-0.10136469,0.3171024
212.0,21212.0,3.0,1.0,4.0,3.0,3.0,0.0,1.3972776,-0.6247571,1.0,0.0,0.905911,0.64971906
212.0,21233.0,,0.0,,,3.0,13.0,-0.71551174,-0.6247571,0.0,0.0,-1.0616579,-7.332227e-17
212.0,21234.0,1.0,1.0,0.0,1.0,3.0,0.0,-0.71551174,1.6002363,0.0,1.0,0.9594045,0.6673834
212.0,21235.0,2.0,1.0,4.0,3.0,3.0,4.0,1.3972776,1.6002363,1.0,1.0,1.96668,1.0
212.0,21236.0,2.0,1.0,0.0,3.0,3.0,0.0,1.3972776,1.6002363,1.0,1.0,1.96668,1.0
213.0,21311.0,2.0,1.0,0.0,0.0,4.0,22.0,-0.71551174,-0.6247571,0.0,0.0,-0.10136469,0.3171024
213.0,21337.0,3.0,1.0,,,3.0,17.0,-0.71551174,-0.6247571,0.0,0.0,-1.0616579,-7.332227e-17
213.0,21338.0,,0.0,,,3.0,15.0,-0.71551174,-0.6247571,0.0,0.0,-1.0616579,-7.332227e-17
214.0,21410.0,3.0,1.0,9.0,3.0,3.0,9.0,1.3972776,1.6002363,1.0,1.0,1.0063869,0.6828976
214.0,21411.0,2.0,1.0,6.0,3.0,3.0,23.0,1.3972776,-0.6247571,1.0,0.0,-0.0543822,0.3326167
214.0,21412.0,2.0,1.0,7.0,3.0,4.0,4.0,-0.71551174,-0.6247571,0.0,0.0,-0.10136469,0.3171024
214.0,21413.0,1.0,1.0,0.0,,3.0,18.0,-0.71551174,-0.6247571,0.0,0.0,-0.10136469,0.3171024
214.0,21431.0,,0.0,,,2.0,0.0,-0.71551174,-0.6247571,0.0,0.0,-1.0616579,-7.332227e-17
214.0,21432.0,3.0,1.0,0.0,3.0,3.0,0.0,1.3972776,1.6002363,1.0,1.0,1.96668,1.0
215.0,21511.0,2.0,1.0,4.0,2.0,2.0,23.0,1.3972776,-0.6247571,1.0,0.0,-0.0543822,0.3326167
215.0,21513.0,4.0,1.0,,4.0,4.0,9.0,1.3972776,-0.6247571,1.0,0.0,0.905911,0.64971906
215.0,21514.0,2.0,1.0,0.0,3.0,3.0,4.0,1.3972776,-0.6247571,1.0,0.0,0.905911,0.64971906
215.0,21571.0,3.0,1.0,4.0,3.0,3.0,4.0,1.3972776,1.6002363,1.0,1.0,1.96668,1.0
215.0,21572.0,3.0,1.0,18.0,3.0,3.0,18.0,1.3972776,1.6002363,1.0,1.0,1.0063869,0.6828976
215.0,21576.0,3.0,1.0,17.0,3.0,3.0,4.0,1.3972776,-0.6247571,1.0,0.0,-0.0543822,0.3326167
216.0,21611.0,3.0,0.0,23.0,3.0,2.0,4.0,-0.71551174,-0.6247571,0.0,0.0,-1.0616579,-7.332227e-17
216.0,21612.0,3.0,1.0,25.0,2.0,3.0,0.0,-0.71551174,-0.6247571,0.0,0.0,-0.10136469,0.3171024
216.0,21614.0,2.0,0.0,25.0,2.0,3.0,4.0,-0.71551174,-0.6247571,0.0,0.0,-1.0616579,-7.332227e-17
216.0,21615.0,3.0,1.0,4.0,2.0,1.0,8.0,-0.71551174,-0.6247571,0.0,0.0,-1.0616579,-7.332227e-17
216.0,21616.0,3.0,1.0,4.0,2.0,2.0,4.0,1.3972776,1.6002363,1.0,1.0,1.0063869,0.6828976
216.0,21631.0,2.0,1.0,24.0,2.0,2.0,4.0,1.3972776,-0.6247571,1.0,0.0,0.905911,0.64971906
216.0,21632.0,2.0,1.0,0.0,2.0,3.0,0.0,-0.71551174,1.6002363,0.0,1.0,0.9594045,0.6673834
216.0,21633.0,4.0,1.0,17.0,3.0,2.0,17.0,-0.71551174,1.6002363,0.0,1.0,0.9594045,0.6673834
217.0,21711.0,1.0,1.0,0.0,3.0,2.0,0.0,-0.71551174,1.6002363,0.0,1.0,0.9594045,0.6673834
217.0,21713.0,3.0,1.0,14.0,3.0,3.0,4.0,1.3972776,-0.6247571,1.0,0.0,-0.0543822,0.3326167
217.0,21714.0,,0.0,,,4.0,9.0,-0.71551174,-0.6247571,0.0,0.0,-1.0616579,-7.332227e-17
217.0,21771.0,2.0,1.0,0.0,3.0,2.0,14.0,-0.71551174,-0.6247571,0.0,0.0,-1.0616579,-7.332227e-17
217.0,21772.0,2.0,1.0,0.0,3.0,2.0,14.0,-0.71551174,-0.6247571,0.0,0.0,-1.0616579,-7.332227e-17
217.0,21773.0,3.0,1.0,17.0,3.0,2.0,17.0,-0.71551174,1.6002363,0.0,1.0,0.9594045,0.6673834
217.0,21774.0,3.0,1.0,23.0,3.0,2.0,4.0,-0.71551174,-0.6247571,0.0,0.0,-0.10136469,0.3171024
218.0,21810.0,,0.0,,,4.0,27.0,-0.71551174,-0.6247571,0.0,0.0,-1.0616579,-7.332227e-17
218.0,21811.0,,0.0,,,3.0,0.0,-0.71551174,-0.6247571,0.0,0.0,-1.0616579,-7.332227e-17
218.0,21813.0,2.0,0.0,0.0,,3.0,0.0,-0.71551174,1.6002363,0.0,1.0,-0.00088872755,0.35028097
218.0,21814.0,,0.0,,,3.0,0.0,-0.71551174,-0.6247571,0.0,0.0,-1.0616579,-7.332227e-17
218.0,21831.0,,0.0,,,4.0,9.0,-0.71551174,-0.6247571,0.0,0.0,-1.0616579,-7.332227e-17
218.0,21832.0,,0.0,,,4.0,0.0,-0.71551174,-0.6247571,0.0,0.0,-1.0616579,-7.332227e-17
218.0,21833.0,,0.0,,,3.0,25.0,-0.71551174,-0.6247571,0.0,0.0,-1.0616579,-7.332227e-17
219.0,21932.0,3.0,1.0,18.0,,4.0,22.0,-0.71551174,-0.6247571,0.0,0.0,-0.10136469,0.3171024
219.0,21933.0,,0.0,,,2.0,0.0,-0.71551174,-0.6247571,0.0,0.0,-1.0616579,-7.332227e-17
219.0,21972.0,,0.0,,,3.0,4.0,-0.71551174,-0.6247571,0.0,0.0,-1.0616579,-7.332227e-17
219.0,21973.0,2.0,1.0,0.0,2.0,2.0,4.0,1.3972776,-0.6247571,1.0,0.0,0.905911,0.64971906
219.0,21974.0,4.0,1.0,23.0,,3.0,6.0,-0.71551174,-0.6247571,0.0,0.0,-0.10136469,0.3171024
220.0,22010.0,,0.0,,,4.0,18.0,-0.71551174,-0.6247571,0.0,0.0,-1.0616579,-7.332227e-17
220.0,22011.0,2.0,1.0,4.0,3.0,3.0,6.0,1.3972776,-0.6247571,1.0,0.0,0.905911,0.64971906
220.0,22012.0,1.0,1.0,0.0,,2.0,0.0,-0.71551174,1.6002363,0.0,1.0,0.9594045,0.6673834
220.0,22071.0,2.0,1.0,0.0,2.0,2.0,0.0,1.3972776,1.6002363,1.0,1.0,1.96668,1.0
220.0,22072.0,3.0,1.0,27.0,4.0,4.0,3.0,1.3972776,-0.6247571,1.0,0.0,0.905911,0.64971906
221.0,22111.0,1.0,1.0,0.0,,0.0,0.0,-0.71551174,1.6002363,0.0,1.0,-0.00088872755,0.35028097
221.0,22112.0,2.0,1.0,0.0,,0.0,0.0,-0.71551174,1.6002363,0.0,1.0,-0.00088872755,0.35028097
221.0,22131.0,2.0,1.0,,,4.0,,-0.71551174,,0.0,,-0.76380396,0.098355584
221.0,22132.0,2.0,1.0,,,3.0,13.0,-0.71551174,-0.6247571,0.0,0.0,-1.0616579,-7.332227e-17
221.0,22133.0,3.0,1.0,17.0,3.0,3.0,7.0,1.3972776,-0.6247571,1.0,0.0,-0.0543822,0.3326167
222.0,22210.0,3.0,1.0,17.0,3.0,3.0,,1.3972776,,1.0,,1.2037649,0.74807465
222.0,22211.0,1.0,1.0,0.0,,2.0,0.0,-0.71551174,1.6002363,0.0,1.0,-0.00088872755,0.35028097
222.0,22215.0,2.0,1.0,4.0,0.0,2.0,0.0,-0.71551174,-0.6247571,0.0,0.0,-0.10136469,0.3171024
222.0,22216.0,2.0,1.0,27.0,4.0,3.0,27.0,-0.71551174,1.6002363,0.0,1.0,-0.00088872755,0.35028097
222.0,22274.0,3.0,1.0,7.0,4.0,4.0,9.0,1.3972776,-0.6247571,1.0,0.0,-0.0543822,0.3326167
222.0,22275.0,2.0,1.0,0.0,3.0,3.0,4.0,1.3972776,-0.6247571,1.0,0.0,0.905911,0.64971906
222.0,22276.0,3.0,1.0,12.0,3.0,3.0,17.0,1.3972776,-0.6247571,1.0,0.0,0.905911,0.64971906
222.0,22277.0,2.0,1.0,0.0,3.0,2.0,,-0.71551174,,0.0,,0.19648926,0.41545796
223.0,22311.0,2.0,1.0,17.0,4.0,4.0,17.0,1.3972776,1.6002363,1.0,1.0,1.96668,1.0
223.0,22312.0,1.0,1.0,0.0,2.0,3.0,4.0,-0.71551174,-0.6247571,0.0,0.0,-0.10136469,0.3171024
223.0,22314.0,1.0,1.0,4.0,2.0,2.0,6.0,1.3972776,-0.6247571,1.0,0.0,0.905911,0.64971906
223.0,22371.0,1.0,1.0,11.0,3.0,3.0,11.0,1.3972776,1.6002363,1.0,1.0,1.96668,1.0
223.0,22372.0,1.0,1.0,0.0,2.0,2.0,0.0,1.3972776,1.6002363,1.0,1.0,1.96668,1.0
223.0,22373.0,1.0,1.0,0.0,3.0,3.0,4.0,1.3972776,-0.6247571,1.0,0.0,0.905911,0.64971906
224.0,22411.0,3.0,1.0,23.0,3.0,3.0,4.0,1.3972776,-0.6247571,1.0,0.0,0.905911,0.64971906
224.0,22412.0,,0.0,,,3.0,0.0,-0.71551174,-0.6247571,0.0,0.0,-1.0616579,-7.332227e-17
224.0,22433.0,2.0,1.0,11.0,3.0,4.0,17.0,-0.71551174,-0.6247571,0.0,0.0,-0.10136469,0.3171024
224.0,22434.0,,0.0,,,4.0,17.0,-0.71551174,-0.6247571,0.0,0.0,-1.0616579,-7.332227e-17
224.0,22435.0,3.0,1.0,9.0,4.0,3.0,0.0,-0.71551174,-0.6247571,0.0,0.0,-0.10136469,0.3171024
224.0,22436.0,2.0,1.0,4.0,2.0,3.0,4.0,-0.71551174,1.6002363,0.0,1.0,0.9594045,0.6673834
225.0,22510.0,2.0,1.0,9.0,3.0,3.0,9.0,1.3972776,1.6002363,1.0,1.0,1.96668,1.0
225.0,22511.0,2.0,0.0,4.0,3.0,0.0,4.0,-0.71551174,1.6002363,0.0,1.0,-0.00088872755,0.35028097
225.0,22512.0,3.0,1.0,9.0,4.0,3.0,17.0,-0.71551174,-0.6247571,0.0,0.0,-0.10136469,0.3171024
225.0,22513.0,2.0,0.0,4.0,2.0,3.0,17.0,-0.71551174,-0.6247571,0.0,0.0,-1.0616579,-7.332227e-17
225.0,22571.0,2.0,1.0,0.0,3.0,2.0,9.0,-0.71551174,-0.6247571,0.0,0.0,-0.10136469,0.3171024
225.0,22572.0,1.0,0.0,0.0,2.0,2.0,0.0,1.3972776,1.6002363,1.0,1.0,1.0063869,0.6828976
225.0,22573.0,3.0,1.0,17.0,3.0,1.0,17.0,-0.71551174,1.6002363,0.0,1.0,0.9594045,0.6673834
226.0,22610.0,3.0,1.0,18.0,3.0,3.0,18.0,1.3972776,1.6002363,1.0,1.0,1.96668,1.0
226.0,22613.0,3.0,1.0,9.0,4.0,3.0,9.0,-0.71551174,1.6002363,0.0,1.0,0.9594045,0.6673834
226.0,22674.0,4.0,0.0,17.0,4.0,4.0,17.0,1.3972776,1.6002363,1.0,1.0,1.0063869,0.6828976
226.0,22675.0,2.0,1.0,8.0,2.0,2.0,18.0,1.3972776,-0.6247571,1.0,0.0,0.905911,0.64971906
226.0,22676.0,3.0,1.0,1.0,3.0,3.0,17.0,1.3972776,-0.6247571,1.0,0.0,-0.0543822,0.3326167
226.0,22677.0,1.0,1.0,0.0,2.0,3.0,8.0,-0.71551174,-0.6247571,0.0,0.0,-1.0616579,-7.332227e-17
227.0,22710.0,1.0,1.0,0.0,3.0,3.0,0.0,1.3972776,1.6002363,1.0,1.0,1.96668,1.0
227.0,22713.0,1.0,1.0,25.0,2.0,3.0,23.0,-0.71551174,-0.6247571,0.0,0.0,-1.0616579,-7.332227e-17
227.0,22714.0,3.0,1.0,18.0,3.0,3.0,18.0,1.3972776,1.6002363,1.0,1.0,1.96668,1.0
227.0,22771.0,1.0,1.0,25.0,0.0,2.0,0.0,-0.71551174,-0.6247571,0.0,0.0,-1.0616579,-7.332227e-17
227.0,22772.0,1.0,1.0,8.0,0.0,0.0,,1.3972776,,1.0,,0.24347176,0.43097225
227.0,22774.0,1.0,1.0,4.0,0.0,3.0,4.0,-0.71551174,1.6002363,0.0,1.0,-0.00088872755,0.35028097
227.0,22777.0,1.0,1.0,4.0,2.0,3.0,14.0,-0.71551174,-0.6247571,0.0,0.0,-1.0616579,-7.332227e-17
228.0,22811.0,2.0,1.0,17.0,3.0,3.0,4.0,1.3972776,-0.6247571,1.0,0.0,-0.0543822,0.3326167
228.0,22813.0,1.0,1.0,23.0,0.0,2.0,0.0,-0.71551174,-0.6247571,0.0,0.0,-1.0616579,-7.332227e-17
228.0,22814.0,1.0,1.0,14.0,3.0,3.0,4.0,1.3972776,-0.6247571,1.0,0.0,-0.0543822,0.3326167
228.0,22872.0,2.0,1.0,15.0,2.0,3.0,15.0,-0.71551174,1.6002363,0.0,1.0,-0.00088872755,0.35028097
228.0,22873.0,1.0,0.0,4.0,2.0,3.0,4.0,-0.71551174,1.6002363,0.0,1.0,-0.00088872755,0.35028097
229.0,22911.0,1.0,1.0,,3.0,3.0,0.0,1.3972776,-0.6247571,1.0,0.0,-0.0543822,0.3326167
229.0,22914.0,,0.0,,,3.0,0.0,-0.71551174,-0.6247571,0.0,0.0,-1.0616579,-7.332227e-17
229.0,22915.0,1.0,1.0,15.0,3.0,3.0,0.0,1.3972776,-0.6247571,1.0,0.0,0.905911,0.64971906
229.0,22938.0,1.0,1.0,27.0,4.0,4.0,27.0,1.3972776,1.6002363,1.0,1.0,1.96668,1.0
229.0,22939.0,1.0,1.0,21.0,2.0,3.0,4.0,-0.71551174,-0.6247571,0.0,0.0,-0.10136469,0.3171024
230.0,23011.0,2.0,0.0,0.0,2.0,1.0,,-0.71551174,,0.0,,-0.76380396,0.098355584
230.0,23012.0,2.0,0.0,0.0,2.0,1.0,0.0,-0.71551174,1.6002363,0.0,1.0,-0.00088872755,0.35028097
230.0,23072.0,1.0,0.0,0.0,3.0,3.0,4.0,1.3972776,-0.6247571,1.0,0.0,-0.0543822,0.3326167
230.0,23074.0,2.0,1.0,4.0,0.0,3.0,,-0.71551174,,0.0,,0.19648926,0.41545796
230.0,23075.0,,0.0,,,3.0,0.0,-0.71551174,-0.6247571,0.0,0.0,-1.0616579,-7.332227e-17
230.0,23077.0,,0.0,,,2.0,0.0,-0.71551174,-0.6247571,0.0,0.0,-1.0616579,-7.332227e-17
231.0,23112.0,3.0,1.0,17.0,3.0,3.0,17.0,1.3972776,1.6002363,1.0,1.0,1.96668,1.0
231.0,23174.0,2.0,0.0,11.0,3.0,3.0,11.0,1.3972776,1.6002363,1.0,1.0,1.0063869,0.6828976
231.0,23181.0,2.0,1.0,0.0,2.0,3.0,4.0,-0.71551174,-0.6247571,0.0,0.0,-0.10136469,0.3171024
231.0,23182.0,3.0,0.0,14.0,3.0,2.0,4.0,-0.71551174,-0.6247571,0.0,0.0,-1.0616579,-7.332227e-17
232.0,23210.0,1.0,1.0,0.0,2.0,3.0,4.0,-0.71551174,-0.6247571,0.0,0.0,-0.10136469,0.3171024
232.0,23211.0,1.0,1.0,8.0,2.0,3.0,25.0,-0.71551174,-0.6247571,0.0,0.0,-0.10136469,0.3171024
232.0,23214.0,2.0,1.0,14.0,3.0,3.0,4.0,1.3972776,-0.6247571,1.0,0.0,0.905911,0.64971906
232.0,23271.0,3.0,1.0,2.0,4.0,4.0,17.0,1.3972776,-0.6247571,1.0,0.0,0.905911,0.64971906
232.0,23272.0,2.0,1.0,0.0,2.0,2.0,0.0,1.3972776,1.6002363,1.0,1.0,1.96668,1.0
232.0,23273.0,3.0,1.0,17.0,4.0,3.0,17.0,-0.71551174,1.6002363,0.0,1.0,0.9594045,0.6673834
233.0,23310.0,1.0,1.0,0.0,2.0,2.0,0.0,1.3972776,1.6002363,1.0,1.0,1.96668,1.0
233.0,23311.0,,0.0,,,4.0,27.0,-0.71551174,-0.6247571,0.0,0.0,-1.0616579,-7.332227e-17
233.0,23371.0,4.0,0.0,9.0,4.0,4.0,9.0,1.3972776,1.6002363,1.0,1.0,1.0063869,0.6828976
233.0,23372.0,3.0,1.0,25.0,3.0,3.0,6.0,1.3972776,-0.6247571,1.0,0.0,0.905911,0.64971906
233.0,23373.0,,0.0,,,3.0,11.0,-0.71551174,-0.6247571,0.0,0.0,-1.0616579,-7.332227e-17
233.0,23374.0,3.0,1.0,3.0,3.0,3.0,4.0,1.3972776,-0.6247571,1.0,0.0,0.905911,0.64971906
234.0,23412.0,,0.0,,,4.0,17.0,-0.71551174,-0.6247571,0.0,0.0,-1.0616579,-7.332227e-17
234.0,23413.0,,0.0,,,2.0,0.0,-0.71551174,-0.6247571,0.0,0.0,-1.0616579,-7.332227e-17
234.0,23414.0,,0.0,,,2.0,4.0,-0.71551174,-0.6247571,0.0,0.0,-1.0616579,-7.332227e-17
234.0,23433.0,,0.0,,,4.0,0.0,-0.71551174,-0.6247571,0.0,0.0,-1.0616579,-7.332227e-17
234.0,23434.0,,0.0,,,1.0,0.0,-0.71551174,-0.6247571,0.0,0.0,-1.0616579,-7.332227e-17
234.0,23435.0,,0.0,,,3.0,0.0,-0.71551174,-0.6247571,0.0,0.0,-1.0616579,-7.332227e-17
234.0,23436.0,,0.0,,,4.0,0.0,-0.71551174,-0.6247571,0.0,0.0,-1.0616579,-7.332227e-17
235.0,23510.0,1.0,1.0,0.0,2.0,3.0,4.0,-0.71551174,-0.6247571,0.0,0.0,-0.10136469,0.3171024
235.0,23512.0,1.0,1.0,0.0,0.0,3.0,4.0,-0.71551174,-0.6247571,0.0,0.0,-0.10136469,0.3171024
235.0,23513.0,1.0,1.0,0.0,0.0,2.0,0.0,-0.71551174,1.6002363,0.0,1.0,0.9594045,0.6673834
235.0,23514.0,1.0,1.0,0.0,0.0,2.0,0.0,-0.71551174,1.6002363,0.0,1.0,0.9594045,0.6673834
235.0,23516.0,1.0,1.0,0.0,2.0,3.0,0.0,-0.71551174,1.6002363,0.0,1.0,-0.00088872755,0.35028097
235.0,23517.0,1.0,1.0,17.0,3.0,4.0,17.0,-0.71551174,1.6002363,0.0,1.0,0.9594045,0.6673834
235.0,23571.0,3.0,1.0,1.0,3.0,3.0,17.0,1.3972776,-0.6247571,1.0,0.0,0.905911,0.64971906
235.0,23572.0,3.0,1.0,9.0,4.0,4.0,9.0,1.3972776,1.6002363,1.0,1.0,1.96668,1.0
235.0,23573.0,3.0,1.0,15.0,,4.0,15.0,-0.71551174,1.6002363,0.0,1.0,0.9594045,0.6673834
236.0,23610.0,1.0,1.0,5.0,2.0,2.0,0.0,1.3972776,-0.6247571,1.0,0.0,-0.0543822,0.3326167
236.0,23611.0,1.0,1.0,0.0,2.0,3.0,4.0,-0.71551174,-0.6247571,0.0,0.0,-0.10136469,0.3171024
236.0,23613.0,,0.0,,,3.0,4.0,-0.71551174,-0.6247571,0.0,0.0,-1.0616579,-7.332227e-17
236.0,23614.0,2.0,1.0,4.0,2.0,3.0,0.0,-0.71551174,-0.6247571,0.0,0.0,-0.10136469,0.3171024
236.0,23671.0,,0.0,,,4.0,0.0,-0.71551174,-0.6247571,0.0,0.0,-1.0616579,-7.332227e-17
236.0,23672.0,,0.0,,,3.0,18.0,-0.71551174,-0.6247571,0.0,0.0,-1.0616579,-7.332227e-17
236.0,23674.0,,0.0,,,3.0,4.0,-0.71551174,-0.6247571,0.0,0.0,-1.0616579,-7.332227e-17
236.0,23675.0,,0.0,,,3.0,0.0,-0.71551174,-0.6247571,0.0,0.0,-1.0616579,-7.332227e-17
236.0,23676.0,,0.0,,,3.0,0.0,-0.71551174,-0.6247571,0.0,0.0,-1.0616579,-7.332227e-17
236.0,23678.0,,0.0,,,3.0,0.0,-0.71551174,-0.6247571,0.0,0.0,-1.0616579,-7.332227e-17
237.0,23711.0,,0.0,,,3.0,17.0,-0.71551174,-0.6247571,0.0,0.0,-1.0616579,-7.332227e-17
237.0,23712.0,,0.0,,,3.0,25.0,-0.71551174,-0.6247571,0.0,0.0,-1.0616579,-7.332227e-17
237.0,23779.0,,0.0,,,3.0,12.0,-0.71551174,-0.6247571,0.0,0.0,-1.0616579,-7.332227e-17
238.0,23810.0,3.0,1.0,17.0,3.0,4.0,0.0,-0.71551174,-0.6247571,0.0,0.0,-1.0616579,-7.332227e-17
238.0,23812.0,4.0,1.0,1.0,3.0,3.0,17.0,1.3972776,-0.6247571,1.0,0.0,0.905911,0.64971906
238.0,23831.0,2.0,1.0,4.0,2.0,0.0,0.0,-0.71551174,-0.6247571,0.0,0.0,-1.0616579,-7.332227e-17
238.0,23832.0,,0.0,,,4.0,0.0,-0.71551174,-0.6247571,0.0,0.0,-1.0616579,-7.332227e-17
238.0,23833.0,4.0,1.0,0.0,2.0,3.0,0.0,-0.71551174,1.6002363,0.0,1.0,0.9594045,0.6673834
239.0,23910.0,,0.0,,,4.0,4.0,-0.71551174,-0.6247571,0.0,0.0,-1.0616579,-7.332227e-17
239.0,23913.0,,0.0,,,3.0,6.0,-0.71551174,-0.6247571,0.0,0.0,-1.0616579,-7.332227e-17
239.0,23931.0,,0.0,,,3.0,27.0,-0.71551174,-0.6247571,0.0,0.0,-1.0616579,-7.332227e-17
239.0,23932.0,3.0,1.0,17.0,2.0,2.0,0.0,1.3972776,-0.6247571,1.0,0.0,0.905911,0.64971906
239.0,23933.0,,0.0,,,3.0,0.0,-0.71551174,-0.6247571,0.0,0.0,-1.0616579,-7.332227e-17
239.0,23934.0,,0.0,,,3.0,4.0,-0.71551174,-0.6247571,0.0,0.0,-1.0616579,-7.332227e-17
240.0,24012.0,3.0,1.0,4.0,3.0,3.0,4.0,1.3972776,1.6002363,1.0,1.0,1.0063869,0.6828976
240.0,24013.0,,0.0,,,4.0,0.0,-0.71551174,-0.6247571,0.0,0.0,-1.0616579,-7.332227e-17
240.0,24014.0,1.0,1.0,4.0,,3.0,4.0,-0.71551174,1.6002363,0.0,1.0,-0.00088872755,0.35028097
240.0,24071.0,3.0,1.0,17.0,3.0,3.0,17.0,1.3972776,1.6002363,1.0,1.0,1.96668,1.0
240.0,24072.0,2.0,1.0,4.0,0.0,2.0,25.0,-0.71551174,-0.6247571,0.0,0.0,-0.10136469,0.3171024
241.0,24111.0,3.0,1.0,0.0,,3.0,0.0,-0.71551174,1.6002363,0.0,1.0,0.9594045,0.6673834
241.0,24112.0,2.0,1.0,6.0,,2.0,0.0,-0.71551174,-0.6247571,0.0,0.0,-0.10136469,0.3171024
241.0,24114.0,5.0,1.0,17.0,3.0,3.0,17.0,1.3972776,1.6002363,1.0,1.0,1.96668,1.0
241.0,24171.0,3.0,1.0,7.0,,3.0,4.0,-0.71551174,-0.6247571,0.0,0.0,-1.0616579,-7.332227e-17
241.0,24172.0,4.0,1.0,17.0,3.0,3.0,0.0,1.3972776,-0.6247571,1.0,0.0,0.905911,0.64971906
242.0,24214.0,,0.0,,,4.0,17.0,-0.71551174,-0.6247571,0.0,0.0,-1.0616579,-7.332227e-17
242.0,24215.0,3.0,1.0,12.0,3.0,3.0,17.0,1.3972776,-0.6247571,1.0,0.0,0.905911,0.64971906
242.0,24232.0,2.0,1.0,17.0,3.0,3.0,0.0,1.3972776,-0.6247571,1.0,0.0,0.905911,0.64971906
242.0,24233.0,,0.0,,,2.0,0.0,-0.71551174,-0.6247571,0.0,0.0,-1.0616579,-7.332227e-17
242.0,24234.0,,0.0,,,3.0,8.0,-0.71551174,-0.6247571,0.0,0.0,-1.0616579,-7.332227e-17
242.0,24235.0,1.0,1.0,0.0,,2.0,0.0,-0.71551174,1.6002363,0.0,1.0,0.9594045,0.6673834
242.0,24236.0,,0.0,,,2.0,0.0,-0.71551174,-0.6247571,0.0,0.0,-1.0616579,-7.332227e-17
243.0,24310.0,,0.0,,,3.0,12.0,-0.71551174,-0.6247571,0.0,0.0,-1.0616579,-7.332227e-17
243.0,24311.0,,0.0,,,4.0,27.0,-0.71551174,-0.6247571,0.0,0.0,-1.0616579,-7.332227e-17
243.0,24312.0,2.0,1.0,4.0,3.0,3.0,0.0,1.3972776,-0.6247571,1.0,0.0,0.905911,0.64971906
243.0,24313.0,1.0,1.0,0.0,0.0,,,,,,,0.53761065,0.5281011
243.0,24315.0,,0.0,,,3.0,4.0,-0.71551174,-0.6247571,0.0,0.0,-1.0616579,-7.332227e-17
243.0,24371.0,2.0,1.0,9.0,3.0,4.0,9.0,-0.71551174,1.6002363,0.0,1.0,-0.00088872755,0.35028097
243.0,24372.0,1.0,1.0,12.0,3.0,3.0,4.0,1.3972776,-0.6247571,1.0,0.0,0.905911,0.64971906
243.0,24373.0,1.0,1.0,,3.0,2.0,11.0,-0.71551174,-0.6247571,0.0,0.0,-0.10136469,0.3171024
244.0,24411.0,2.0,1.0,25.0,3.0,1.0,8.0,-0.71551174,-0.6247571,0.0,0.0,-0.10136469,0.3171024
244.0,24412.0,,0.0,,,2.0,,-0.71551174,1.6002363,0.0,1.0,-0.00088872755,0.35028097
244.0,24414.0,1.0,1.0,0.0,2.0,0.0,0.0,-0.71551174,1.6002363,0.0,1.0,0.9594045,0.6673834
244.0,24436.0,,0.0,,,3.0,25.0,-0.71551174,-0.6247571,0.0,0.0,-1.0616579,-7.332227e-17
244.0,24437.0,1.0,1.0,21.0,,1.0,21.0,-0.71551174,1.6002363,0.0,1.0,0.9594045,0.6673834
244.0,24438.0,1.0,0.0,0.0,,3.0,6.0,-0.71551174,-0.6247571,0.0,0.0,-1.0616579,-7.332227e-17
245.0,24510.0,,0.0,,,0.0,23.0,-0.71551174,-0.6247571,0.0,0.0,-1.0616579,-7.332227e-17
245.0,24511.0,2.0,1.0,0.0,,2.0,6.0,-0.71551174,-0.6247571,0.0,0.0,-1.0616579,-7.332227e-17
245.0,24512.0,3.0,1.0,4.0,3.0,3.0,5.0,1.3972776,-0.6247571,1.0,0.0,-0.0543822,0.3326167
245.0,24514.0,4.0,1.0,17.0,3.0,3.0,17.0,1.3972776,1.6002363,1.0,1.0,1.0063869,0.6828976
245.0,24572.0,2.0,1.0,,2.0,4.0,9.0,-0.71551174,-0.6247571,0.0,0.0,-1.0616579,-7.332227e-17
245.0,24573.0,2.0,1.0,,2.0,2.0,0.0,1.3972776,-0.6247571,1.0,0.0,-0.0543822,0.3326167
245.0,24574.0,1.0,1.0,0.0,2.0,2.0,0.0,1.3972776,1.6002363,1.0,1.0,1.0063869,0.6828976
246.0,24610.0,2.0,1.0,0.0,2.0,3.0,4.0,-0.71551174,-0.6247571,0.0,0.0,-1.0616579,-7.332227e-17
246.0,24611.0,1.0,1.0,0.0,0.0,2.0,0.0,-0.71551174,1.6002363,0.0,1.0,-0.00088872755,0.35028097
246.0,24613.0,2.0,1.0,0.0,2.0,2.0,4.0,1.3972776,-0.6247571,1.0,0.0,0.905911,0.64971906
246.0,24614.0,2.0,1.0,4.0,2.0,3.0,17.0,-0.71551174,-0.6247571,0.0,0.0,-1.0616579,-7.332227e-17
246.0,24631.0,3.0,1.0,5.0,3.0,3.0,5.0,1.3972776,1.6002363,1.0,1.0,1.96668,1.0
246.0,24632.0,3.0,1.0,0.0,2.0,3.0,0.0,-0.71551174,1.6002363,0.0,1.0,-0.00088872755,0.35028097
300.0,30012.0,3.0,1.0,23.0,,4.0,18.0,-0.71551174,-0.6247571,0.0,0.0,-0.10136469,0.3171024
300.0,30013.0,3.0,1.0,8.0,3.0,3.0,8.0,1.3972776,1.6002363,1.0,1.0,1.96668,1.0
300.0,30071.0,3.0,1.0,8.0,,3.0,4.0,-0.71551174,-0.6247571,0.0,0.0,-0.10136469,0.3171024
300.0,30072.0,3.0,1.0,6.0,3.0,3.0,6.0,1.3972776,1.6002363,1.0,1.0,1.96668,1.0
300.0,30073.0,3.0,1.0,15.0,3.0,3.0,15.0,1.3972776,1.6002363,1.0,1.0,1.96668,1.0
300.0,30074.0,2.0,1.0,0.0,2.0,0.0,8.0,-0.71551174,-0.6247571,0.0,0.0,-0.10136469,0.3171024
301.0,30110.0,2.0,1.0,7.0,3.0,3.0,13.0,1.3972776,-0.6247571,1.0,0.0,0.905911,0.64971906
301.0,30112.0,2.0,1.0,18.0,3.0,3.0,13.0,1.3972776,-0.6247571,1.0,0.0,0.905911,0.64971906
301.0,30171.0,2.0,1.0,11.0,3.0,2.0,8.0,-0.71551174,-0.6247571,0.0,0.0,-0.10136469,0.3171024
301.0,30172.0,,0.0,,,4.0,0.0,-0.71551174,-0.6247571,0.0,0.0,-1.0616579,-7.332227e-17
301.0,30173.0,,0.0,,,3.0,0.0,-0.71551174,-0.6247571,0.0,0.0,-1.0616579,-7.332227e-17
301.0,30174.0,,0.0,,,3.0,4.0,-0.71551174,-0.6247571,0.0,0.0,-1.0616579,-7.332227e-17
301.0,30175.0,,0.0,,,3.0,4.0,-0.71551174,-0.6247571,0.0,0.0,-1.0616579,-7.332227e-17
302.0,30212.0,,0.0,,,3.0,11.0,-0.71551174,-0.6247571,0.0,0.0,-1.0616579,-7.332227e-17
302.0,30213.0,3.0,1.0,0.0,3.0,2.0,18.0,-0.71551174,-0.6247571,0.0,0.0,-1.0616579,-7.332227e-17
302.0,30215.0,3.0,1.0,25.0,,4.0,1.0,-0.71551174,-0.6247571,0.0,0.0,-0.10136469,0.3171024
302.0,30216.0,,0.0,,,2.0,,-0.71551174,1.6002363,0.0,1.0,-0.00088872755,0.35028097
302.0,30231.0,3.0,1.0,25.0,3.0,1.0,8.0,-0.71551174,-0.6247571,0.0,0.0,-0.10136469,0.3171024
302.0,30232.0,3.0,1.0,4.0,3.0,2.0,8.0,-0.71551174,-0.6247571,0.0,0.0,-0.10136469,0.3171024
302.0,30233.0,3.0,1.0,18.0,,1.0,4.0,-0.71551174,-0.6247571,0.0,0.0,-0.10136469,0.3171024
302.0,30234.0,3.0,1.0,15.0,3.0,2.0,15.0,-0.71551174,1.6002363,0.0,1.0,0.9594045,0.6673834
302.0,30235.0,2.0,1.0,8.0,,0.0,8.0,-0.71551174,1.6002363,0.0,1.0,0.9594045,0.6673834
303.0,30310.0,,0.0,,,3.0,9.0,-0.71551174,-0.6247571,0.0,0.0,-1.0616579,-7.332227e-17
303.0,30313.0,3.0,1.0,25.0,2.0,3.0,0.0,-0.71551174,-0.6247571,0.0,0.0,-0.10136469,0.3171024
303.0,30314.0,,0.0,,,2.0,25.0,-0.71551174,-0.6247571,0.0,0.0,-1.0616579,-7.332227e-17
303.0,30384.0,3.0,1.0,23.0,3.0,3.0,8.0,1.3972776,-0.6247571,1.0,0.0,0.905911,0.64971906
303.0,30387.0,3.0,1.0,14.0,2.0,3.0,14.0,-0.71551174,1.6002363,0.0,1.0,0.9594045,0.6673834
303.0,30396.0,3.0,1.0,18.0,3.0,3.0,8.0,1.3972776,-0.6247571,1.0,0.0,0.905911,0.64971906
303.0,30399.0,3.0,1.0,9.0,3.0,3.0,17.0,1.3972776,-0.6247571,1.0,0.0,0.905911,0.64971906
304.0,30412.0,3.0,1.0,2.0,4.0,4.0,2.0,1.3972776,1.6002363,1.0,1.0,1.96668,1.0
304.0,30413.0,3.0,1.0,6.0,3.0,3.0,27.0,1.3972776,-0.6247571,1.0,0.0,0.905911,0.64971906
304.0,30415.0,2.0,1.0,8.0,3.0,3.0,0.0,1.3972776,-0.6247571,1.0,0.0,-0.0543822,0.3326167
304.0,30471.0,3.0,1.0,25.0,3.0,3.0,22.0,1.3972776,-0.6247571,1.0,0.0,0.905911,0.64971906
304.0,30472.0,2.0,1.0,8.0,2.0,2.0,8.0,1.3972776,1.6002363,1.0,1.0,1.0063869,0.6828976
304.0,30473.0,2.0,1.0,4.0,,3.0,4.0,-0.71551174,1.6002363,0.0,1.0,0.9594045,0.6673834
304.0,30474.0,3.0,1.0,14.0,3.0,3.0,22.0,1.3972776,-0.6247571,1.0,0.0,0.905911,0.64971906
304.0,30475.0,,0.0,,,2.0,8.0,-0.71551174,-0.6247571,0.0,0.0,-1.0616579,-7.332227e-17
304.0,30476.0,2.0,1.0,8.0,2.0,0.0,8.0,-0.71551174,1.6002363,0.0,1.0,0.9594045,0.6673834
304.0,30477.0,2.0,1.0,25.0,2.0,3.0,4.0,-0.71551174,-0.6247571,0.0,0.0,-0.10136469,0.3171024
304.0,30478.0,,0.0,,,2.0,0.0,-0.71551174,-0.6247571,0.0,0.0,-1.0616579,-7.332227e-17
305.0,30510.0,2.0,1.0,4.0,,3.0,8.0,-0.71551174,-0.6247571,0.0,0.0,-0.10136469,0.3171024
305.0,30511.0,,0.0,,,2.0,14.0,-0.71551174,-0.6247571,0.0,0.0,-1.0616579,-7.332227e-17
305.0,30531.0,,0.0,,,3.0,8.0,-0.71551174,-0.6247571,0.0,0.0,-1.0616579,-7.332227e-17
305.0,30532.0,3.0,1.0,4.0,3.0,3.0,14.0,1.3972776,-0.6247571,1.0,0.0,0.905911,0.64971906
305.0,30533.0,2.0,1.0,8.0,2.0,3.0,4.0,-0.71551174,-0.6247571,0.0,0.0,-0.10136469,0.3171024
306.0,30612.0,2.0,1.0,4.0,,3.0,4.0,-0.71551174,1.6002363,0.0,1.0,0.9594045,0.6673834
306.0,30613.0,2.0,1.0,14.0,2.0,3.0,14.0,-0.71551174,1.6002363,0.0,1.0,0.9594045,0.6673834
306.0,30614.0,1.0,1.0,0.0,3.0,2.0,8.0,-0.71551174,-0.6247571,0.0,0.0,-0.10136469,0.3171024
306.0,30673.0,2.0,1.0,8.0,2.0,3.0,8.0,-0.71551174,1.6002363,0.0,1.0,0.9594045,0.6673834
306.0,30675.0,,0.0,,,3.0,18.0,-0.71551174,-0.6247571,0.0,0.0,-1.0616579,-7.332227e-17
306.0,30676.0,3.0,1.0,23.0,,3.0,14.0,-0.71551174,-0.6247571,0.0,0.0,-0.10136469,0.3171024
307.0,30712.0,,0.0,,,3.0,27.0,-0.71551174,-0.6247571,0.0,0.0,-1.0616579,-7.332227e-17
307.0,30713.0,3.0,1.0,18.0,3.0,3.0,17.0,1.3972776,-0.6247571,1.0,0.0,0.905911,0.64971906
307.0,30715.0,1.0,1.0,0.0,3.0,2.0,8.0,-0.71551174,-0.6247571,0.0,0.0,-0.10136469,0.3171024
307.0,30771.0,3.0,1.0,0.0,3.0,3.0,18.0,1.3972776,-0.6247571,1.0,0.0,0.905911,0.64971906
307.0,30772.0,2.0,1.0,8.0,3.0,3.0,8.0,1.3972776,1.6002363,1.0,1.0,1.96668,1.0
307.0,30773.0,2.0,1.0,17.0,3.0,3.0,17.0,1.3972776,1.6002363,1.0,1.0,1.96668,1.0
307.0,30774.0,3.0,1.0,17.0,3.0,3.0,0.0,1.3972776,-0.6247571,1.0,0.0,0.905911,0.64971906
307.0,30775.0,3.0,1.0,9.0,4.0,4.0,9.0,1.3972776,1.6002363,1.0,1.0,1.96668,1.0
308.0,30810.0,,0.0,,,3.0,25.0,-0.71551174,-0.6247571,0.0,0.0,-1.0616579,-7.332227e-17
308.0,30813.0,3.0,1.0,4.0,2.0,3.0,23.0,-0.71551174,-0.6247571,0.0,0.0,-0.10136469,0.3171024
308.0,30814.0,,0.0,,,2.0,8.0,-0.71551174,-0.6247571,0.0,0.0,-1.0616579,-7.332227e-17
308.0,30815.0,3.0,1.0,4.0,3.0,4.0,,-0.71551174,,0.0,,0.19648926,0.41545796
308.0,30816.0,3.0,1.0,18.0,3.0,4.0,18.0,-0.71551174,1.6002363,0.0,1.0,0.9594045,0.6673834
308.0,30817.0,,1.0,0.0,,3.0,0.0,-0.71551174,1.6002363,0.0,1.0,0.9594045,0.6673834
308.0,30831.0,3.0,1.0,2.0,4.0,4.0,2.0,1.3972776,1.6002363,1.0,1.0,1.96668,1.0
308.0,30832.0,3.0,1.0,15.0,3.0,3.0,17.0,1.3972776,-0.6247571,1.0,0.0,0.905911,0.64971906
308.0,30833.0,,0.0,,,4.0,8.0,-0.71551174,-0.6247571,0.0,0.0,-1.0616579,-7.332227e-17
309.0,30911.0,2.0,1.0,6.0,3.0,3.0,6.0,1.3972776,1.6002363,1.0,1.0,1.96668,1.0
309.0,30912.0,2.0,1.0,17.0,3.0,3.0,17.0,1.3972776,1.6002363,1.0,1.0,1.96668,1.0
309.0,30913.0,1.0,0.0,0.0,2.0,2.0,0.0,1.3972776,1.6002363,1.0,1.0,1.0063869,0.6828976
309.0,30933.0,3.0,1.0,0.0,,3.0,14.0,-0.71551174,-0.6247571,0.0,0.0,-1.0616579,-7.332227e-17
309.0,30934.0,2.0,1.0,8.0,2.0,4.0,8.0,-0.71551174,1.6002363,0.0,1.0,-0.00088872755,0.35028097
309.0,30935.0,1.0,1.0,0.0,2.0,3.0,18.0,-0.71551174,-0.6247571,0.0,0.0,-0.10136469,0.3171024
309.0,30936.0,2.0,1.0,0.0,,2.0,0.0,-0.71551174,1.6002363,0.0,1.0,0.9594045,0.6673834
310.0,31011.0,2.0,1.0,8.0,0.0,2.0,8.0,-0.71551174,1.6002363,0.0,1.0,-0.00088872755,0.35028097
310.0,31014.0,4.0,1.0,9.0,3.0,3.0,17.0,1.3972776,-0.6247571,1.0,0.0,0.905911,0.64971906
310.0,31071.0,2.0,1.0,8.0,2.0,2.0,4.0,1.3972776,-0.6247571,1.0,0.0,-0.0543822,0.3326167
310.0,31072.0,1.0,1.0,4.0,2.0,1.0,0.0,-0.71551174,-0.6247571,0.0,0.0,-0.10136469,0.3171024
310.0,31073.0,1.0,1.0,0.0,2.0,2.0,4.0,1.3972776,-0.6247571,1.0,0.0,0.905911,0.64971906
310.0,31074.0,1.0,1.0,8.0,0.0,1.0,4.0,-0.71551174,-0.6247571,0.0,0.0,-0.10136469,0.3171024
311.0,31110.0,,0.0,,,3.0,25.0,-0.71551174,-0.6247571,0.0,0.0,-1.0616579,-7.332227e-17
311.0,31112.0,,0.0,,,3.0,17.0,-0.71551174,-0.6247571,0.0,0.0,-1.0616579,-7.332227e-17
311.0,31114.0,,0.0,,,4.0,18.0,-0.71551174,-0.6247571,0.0,0.0,-1.0616579,-7.332227e-17
311.0,31131.0,1.0,1.0,0.0,2.0,3.0,8.0,-0.71551174,-0.6247571,0.0,0.0,-0.10136469,0.3171024
311.0,31132.0,,0.0,,,3.0,17.0,-0.71551174,-0.6247571,0.0,0.0,-1.0616579,-7.332227e-17
311.0,31133.0,3.0,1.0,0.0,3.0,3.0,0.0,1.3972776,1.6002363,1.0,1.0,1.96668,1.0
312.0,31212.0,2.0,1.0,9.0,3.0,3.0,27.0,1.3972776,-0.6247571,1.0,0.0,0.905911,0.64971906
312.0,31213.0,2.0,1.0,0.0,3.0,3.0,0.0,1.3972776,1.6002363,1.0,1.0,1.0063869,0.6828976
312.0,31235.0,2.0,1.0,17.0,2.0,3.0,17.0,-0.71551174,1.6002363,0.0,1.0,0.9594045,0.6673834
312.0,31236.0,3.0,1.0,18.0,3.0,3.0,18.0,1.3972776,1.6002363,1.0,1.0,1.96668,1.0
312.0,31237.0,3.0,1.0,9.0,4.0,4.0,17.0,1.3972776,-0.6247571,1.0,0.0,0.905911,0.64971906
312.0,31238.0,2.0,0.0,27.0,3.0,3.0,0.0,1.3972776,-0.6247571,1.0,0.0,-0.0543822,0.3326167
313.0,31310.0,,0.0,,,4.0,1.0,-0.71551174,-0.6247571,0.0,0.0,-1.0616579,-7.332227e-17
313.0,31311.0,,0.0,,,3.0,0.0,-0.71551174,-0.6247571,0.0,0.0,-1.0616579,-7.332227e-17
313.0,31314.0,4.0,1.0,9.0,4.0,4.0,18.0,1.3972776,-0.6247571,1.0,0.0,0.905911,0.64971906
313.0,31315.0,,0.0,,,3.0,0.0,-0.71551174,-0.6247571,0.0,0.0,-1.0616579,-7.332227e-17
313.0,31371.0,2.0,1.0,,3.0,3.0,0.0,1.3972776,-0.6247571,1.0,0.0,0.905911,0.64971906
313.0,31372.0,3.0,1.0,4.0,2.0,3.0,1.0,-0.71551174,-0.6247571,0.0,0.0,-0.10136469,0.3171024
313.0,31373.0,2.0,1.0,0.0,,3.0,0.0,-0.71551174,1.6002363,0.0,1.0,0.9594045,0.6673834
313.0,31374.0,2.0,1.0,15.0,3.0,,,,,,,0.53761065,0.5281011
313.0,31379.0,2.0,1.0,,3.0,3.0,0.0,1.3972776,-0.6247571,1.0,0.0,0.905911,0.64971906
314.0,31411.0,4.0,1.0,15.0,2.0,3.0,4.0,-0.71551174,-0.6247571,0.0,0.0,-1.0616579,-7.332227e-17
314.0,31413.0,2.0,1.0,17.0,2.0,3.0,17.0,-0.71551174,1.6002363,0.0,1.0,0.9594045,0.6673834
314.0,31471.0,3.0,1.0,15.0,2.0,3.0,0.0,-0.71551174,-0.6247571,0.0,0.0,-1.0616579,-7.332227e-17
314.0,31473.0,,0.0,,,3.0,0.0,-0.71551174,-0.6247571,0.0,0.0,-1.0616579,-7.332227e-17
314.0,31474.0,4.0,1.0,4.0,3.0,1.0,,-0.71551174,,0.0,,-0.76380396,0.098355584
314.0,31475.0,3.0,1.0,4.0,3.0,2.0,4.0,-0.71551174,1.6002363,0.0,1.0,0.9594045,0.6673834
315.0,31510.0,,0.0,,,3.0,,-0.71551174,1.6002363,0.0,1.0,-0.00088872755,0.35028097
315.0,31511.0,3.0,1.0,4.0,3.0,4.0,0.0,-0.71551174,-0.6247571,0.0,0.0,-1.0616579,-7.332227e-17
315.0,31533.0,,0.0,,,3.0,0.0,-0.71551174,-0.6247571,0.0,0.0,-1.0616579,-7.332227e-17
315.0,31534.0,2.0,1.0,4.0,2.0,2.0,8.0,1.3972776,-0.6247571,1.0,0.0,0.905911,0.64971906
315.0,31535.0,2.0,1.0,4.0,2.0,2.0,0.0,1.3972776,-0.6247571,1.0,0.0,0.905911,0.64971906
315.0,31571.0,,0.0,,,3.0,0.0,-0.71551174,-0.6247571,0.0,0.0,-1.0616579,-7.332227e-17
316.0,31610.0,,0.0,,,2.0,0.0,-0.71551174,-0.6247571,0.0,0.0,-1.0616579,-7.332227e-17
316.0,31611.0,,0.0,,,4.0,18.0,-0.71551174,-0.6247571,0.0,0.0,-1.0616579,-7.332227e-17
316.0,31671.0,,0.0,,,3.0,8.0,-0.71551174,-0.6247571,0.0,0.0,-1.0616579,-7.332227e-17
316.0,31672.0,,0.0,,,3.0,9.0,-0.71551174,-0.6247571,0.0,0.0,-1.0616579,-7.332227e-17
316.0,31673.0,3.0,1.0,12.0,3.0,2.0,4.0,-0.71551174,-0.6247571,0.0,0.0,-1.0616579,-7.332227e-17
317.0,31710.0,,0.0,,,3.0,0.0,-0.71551174,-0.6247571,0.0,0.0,-1.0616579,-7.332227e-17
317.0,31712.0,,0.0,,,2.0,0.0,-0.71551174,-0.6247571,0.0,0.0,-1.0616579,-7.332227e-17
317.0,31714.0,,0.0,,,3.0,14.0,-0.71551174,-0.6247571,0.0,0.0,-1.0616579,-7.332227e-17
317.0,31771.0,2.0,1.0,17.0,2.0,2.0,17.0,1.3972776,1.6002363,1.0,1.0,1.96668,1.0
317.0,31772.0,,0.0,,,3.0,23.0,-0.71551174,-0.6247571,0.0,0.0,-1.0616579,-7.332227e-17
317.0,31773.0,1.0,1.0,17.0,2.0,2.0,17.0,1.3972776,1.6002363,1.0,1.0,1.96668,1.0
317.0,31774.0,2.0,1.0,1.0,3.0,3.0,1.0,1.3972776,1.6002363,1.0,1.0,1.96668,1.0
317.0,31775.0,2.0,1.0,9.0,3.0,3.0,9.0,1.3972776,1.6002363,1.0,1.0,1.96668,1.0
318.0,31811.0,,0.0,,,3.0,0.0,-0.71551174,-0.6247571,0.0,0.0,-1.0616579,-7.332227e-17
318.0,31813.0,3.0,1.0,4.0,3.0,3.0,0.0,1.3972776,-0.6247571,1.0,0.0,0.905911,0.64971906
318.0,31814.0,3.0,1.0,4.0,3.0,3.0,4.0,1.3972776,1.6002363,1.0,1.0,1.96668,1.0
318.0,31815.0,3.0,1.0,14.0,3.0,3.0,14.0,1.3972776,1.6002363,1.0,1.0,1.0063869,0.6828976
318.0,31816.0,2.0,1.0,27.0,4.0,4.0,9.0,1.3972776,-0.6247571,1.0,0.0,-0.0543822,0.3326167
318.0,31817.0,,0.0,,,4.0,9.0,-0.71551174,-0.6247571,0.0,0.0,-1.0616579,-7.332227e-17
318.0,31871.0,,0.0,,,2.0,17.0,-0.71551174,-0.6247571,0.0,0.0,-1.0616579,-7.332227e-17
318.0,31872.0,,0.0,,,2.0,18.0,-0.71551174,-0.6247571,0.0,0.0,-1.0616579,-7.332227e-17
318.0,31874.0,2.0,1.0,0.0,3.0,3.0,8.0,1.3972776,-0.6247571,1.0,0.0,0.905911,0.64971906
319.0,31910.0,,0.0,,,4.0,9.0,-0.71551174,-0.6247571,0.0,0.0,-1.0616579,-7.332227e-17
319.0,31912.0,,0.0,,,2.0,23.0,-0.71551174,-0.6247571,0.0,0.0,-1.0616579,-7.332227e-17
319.0,31913.0,,0.0,,,2.0,8.0,-0.71551174,-0.6247571,0.0,0.0,-1.0616579,-7.332227e-17
319.0,31914.0,2.0,1.0,9.0,3.0,4.0,9.0,-0.71551174,1.6002363,0.0,1.0,0.9594045,0.6673834
319.0,31974.0,,0.0,,,3.0,0.0,-0.71551174,-0.6247571,0.0,0.0,-1.0616579,-7.332227e-17
319.0,31976.0,,0.0,,,3.0,8.0,-0.71551174,-0.6247571,0.0,0.0,-1.0616579,-7.332227e-17
320.0,32010.0,3.0,1.0,9.0,4.0,4.0,17.0,1.3972776,-0.6247571,1.0,0.0,0.905911,0.64971906
320.0,32011.0,4.0,1.0,9.0,4.0,4.0,17.0,1.3972776,-0.6247571,1.0,0.0,0.905911,0.64971906
320.0,32071.0,3.0,1.0,9.0,4.0,4.0,9.0,1.3972776,1.6002363,1.0,1.0,1.96668,1.0
320.0,32073.0,1.0,1.0,4.0,2.0,2.0,0.0,1.3972776,-0.6247571,1.0,0.0,0.905911,0.64971906
320.0,32076.0,3.0,0.0,15.0,3.0,4.0,15.0,-0.71551174,1.6002363,0.0,1.0,-0.00088872755,0.35028097
320.0,32077.0,2.0,0.0,14.0,3.0,3.0,11.0,1.3972776,-0.6247571,1.0,0.0,-0.0543822,0.3326167
320.0,32080.0,1.0,1.0,4.0,2.0,3.0,14.0,-0.71551174,-0.6247571,0.0,0.0,-0.10136469,0.3171024
321.0,32111.0,1.0,1.0,0.0,0.0,3.0,4.0,-0.71551174,-0.6247571,0.0,0.0,-0.10136469,0.3171024
321.0,32112.0,2.0,1.0,11.0,,3.0,8.0,-0.71551174,-0.6247571,0.0,0.0,-0.10136469,0.3171024
321.0,32171.0,1.0,1.0,8.0,,3.0,0.0,-0.71551174,-0.6247571,0.0,0.0,-0.10136469,0.3171024
321.0,32172.0,2.0,1.0,14.0,3.0,3.0,8.0,1.3972776,-0.6247571,1.0,0.0,-0.0543822,0.3326167
321.0,32173.0,,0.0,,,3.0,14.0,-0.71551174,-0.6247571,0.0,0.0,-1.0616579,-7.332227e-17
321.0,32175.0,,0.0,,,3.0,0.0,-0.71551174,-0.6247571,0.0,0.0,-1.0616579,-7.332227e-17
321.0,32176.0,1.0,1.0,4.0,0.0,3.0,8.0,-0.71551174,-0.6247571,0.0,0.0,-1.0616579,-7.332227e-17
321.0,32177.0,1.0,0.0,4.0,,3.0,14.0,-0.71551174,-0.6247571,0.0,0.0,-1.0616579,-7.332227e-17
322.0,32211.0,2.0,1.0,21.0,,2.0,,-0.71551174,,0.0,,-0.76380396,0.098355584
322.0,32212.0,3.0,1.0,9.0,3.0,2.0,17.0,-0.71551174,-0.6247571,0.0,0.0,-1.0616579,-7.332227e-17
322.0,32213.0,2.0,1.0,8.0,3.0,1.0,,-0.71551174,,0.0,,0.19648926,0.41545796
322.0,32214.0,3.0,1.0,15.0,3.0,2.0,17.0,-0.71551174,-0.6247571,0.0,0.0,-1.0616579,-7.332227e-17
322.0,32271.0,3.0,1.0,,3.0,4.0,17.0,-0.71551174,-0.6247571,0.0,0.0,-1.0616579,-7.332227e-17
322.0,32272.0,2.0,1.0,8.0,3.0,0.0,,-0.71551174,,0.0,,0.19648926,0.41545796
322.0,32273.0,3.0,1.0,8.0,3.0,2.0,,-0.71551174,,0.0,,0.19648926,0.41545796
322.0,32276.0,3.0,1.0,,3.0,2.0,,-0.71551174,,0.0,,-0.76380396,0.098355584
323.0,32310.0,1.0,0.0,9.0,3.0,2.0,4.0,-0.71551174,-0.6247571,0.0,0.0,-1.0616579,-7.332227e-17
323.0,32371.0,1.0,0.0,8.0,2.0,2.0,0.0,1.3972776,-0.6247571,1.0,0.0,-0.0543822,0.3326167
323.0,32372.0,1.0,0.0,4.0,3.0,2.0,8.0,-0.71551174,-0.6247571,0.0,0.0,-1.0616579,-7.332227e-17
323.0,32373.0,2.0,0.0,9.0,3.0,1.0,8.0,-0.71551174,-0.6247571,0.0,0.0,-1.0616579,-7.332227e-17
324.0,32410.0,1.0,0.0,8.0,2.0,2.0,,1.3972776,,1.0,,0.24347176,0.43097225
324.0,32412.0,1.0,0.0,27.0,3.0,3.0,27.0,1.3972776,1.6002363,1.0,1.0,1.0063869,0.6828976
324.0,32413.0,2.0,0.0,8.0,2.0,3.0,4.0,-0.71551174,-0.6247571,0.0,0.0,-1.0616579,-7.332227e-17
324.0,32414.0,2.0,1.0,4.0,3.0,3.0,0.0,1.3972776,-0.6247571,1.0,0.0,0.905911,0.64971906
324.0,32471.0,2.0,0.0,4.0,3.0,2.0,,-0.71551174,,0.0,,-0.76380396,0.098355584
324.0,32472.0,2.0,0.0,14.0,3.0,2.0,14.0,-0.71551174,1.6002363,0.0,1.0,-0.00088872755,0.35028097
324.0,32473.0,2.0,1.0,13.0,3.0,2.0,,-0.71551174,,0.0,,0.19648926,0.41545796
324.0,32474.0,2.0,0.0,16.0,2.0,2.0,0.0,1.3972776,-0.6247571,1.0,0.0,-0.0543822,0.3326167
325.0,32511.0,3.0,1.0,4.0,,3.0,,-0.71551174,,0.0,,0.19648926,0.41545796
325.0,32512.0,3.0,1.0,14.0,3.0,2.0,17.0,-0.71551174,-0.6247571,0.0,0.0,-0.10136469,0.3171024
325.0,32573.0,2.0,0.0,8.0,2.0,2.0,,1.3972776,,1.0,,0.24347176,0.43097225
325.0,32574.0,3.0,1.0,21.0,2.0,2.0,,1.3972776,,1.0,,1.2037649,0.74807465
325.0,32575.0,3.0,0.0,4.0,,3.0,,-0.71551174,,0.0,,-0.76380396,0.098355584
325.0,32576.0,2.0,1.0,0.0,2.0,2.0,0.0,1.3972776,1.6002363,1.0,1.0,1.96668,1.0
325.0,32577.0,3.0,0.0,16.0,,2.0,,-0.71551174,,0.0,,-0.76380396,0.098355584
325.0,32578.0,3.0,0.0,4.0,,3.0,0.0,-0.71551174,-0.6247571,0.0,0.0,-1.0616579,-7.332227e-17
326.0,32610.0,2.0,0.0,4.0,2.0,3.0,8.0,-0.71551174,-0.6247571,0.0,0.0,-1.0616579,-7.332227e-17
326.0,32611.0,2.0,0.0,9.0,3.0,4.0,9.0,-0.71551174,1.6002363,0.0,1.0,-0.00088872755,0.35028097
326.0,32614.0,2.0,1.0,5.0,2.0,3.0,5.0,-0.71551174,1.6002363,0.0,1.0,0.9594045,0.6673834
326.0,32671.0,2.0,1.0,8.0,2.0,2.0,8.0,1.3972776,1.6002363,1.0,1.0,1.0063869,0.6828976
326.0,32673.0,2.0,0.0,4.0,2.0,2.0,4.0,1.3972776,1.6002363,1.0,1.0,1.0063869,0.6828976
326.0,32674.0,2.0,0.0,25.0,2.0,2.0,25.0,1.3972776,1.6002363,1.0,1.0,1.0063869,0.6828976
326.0,32675.0,2.0,0.0,27.0,4.0,4.0,27.0,1.3972776,1.6002363,1.0,1.0,1.0063869,0.6828976
327.0,32710.0,3.0,1.0,4.0,3.0,3.0,0.0,1.3972776,-0.6247571,1.0,0.0,0.905911,0.64971906
327.0,32711.0,3.0,1.0,,3.0,2.0,8.0,-0.71551174,-0.6247571,0.0,0.0,-1.0616579,-7.332227e-17
327.0,32712.0,1.0,1.0,0.0,3.0,2.0,0.0,-0.71551174,1.6002363,0.0,1.0,0.9594045,0.6673834
327.0,32771.0,3.0,1.0,0.0,3.0,4.0,,-0.71551174,,0.0,,0.19648926,0.41545796
327.0,32772.0,2.0,1.0,8.0,,3.0,8.0,-0.71551174,1.6002363,0.0,1.0,-0.00088872755,0.35028097
328.0,32811.0,1.0,0.0,4.0,,3.0,4.0,-0.71551174,1.6002363,0.0,1.0,-0.00088872755,0.35028097
328.0,32814.0,1.0,0.0,0.0,,3.0,4.0,-0.71551174,-0.6247571,0.0,0.0,-1.0616579,-7.332227e-17
328.0,32815.0,2.0,1.0,4.0,,3.0,25.0,-0.71551174,-0.6247571,0.0,0.0,-0.10136469,0.3171024
328.0,32817.0,2.0,1.0,4.0,3.0,3.0,14.0,1.3972776,-0.6247571,1.0,0.0,-0.0543822,0.3326167
328.0,32871.0,1.0,1.0,0.0,0.0,0.0,0.0,1.3972776,1.6002363,1.0,1.0,1.96668,1.0
328.0,32872.0,3.0,1.0,0.0,2.0,,,,,,,0.53761065,0.5281011
328.0,32874.0,1.0,1.0,9.0,3.0,4.0,27.0,-0.71551174,-0.6247571,0.0,0.0,-1.0616579,-7.332227e-17
328.0,32877.0,2.0,1.0,22.0,2.0,3.0,4.0,-0.71551174,-0.6247571,0.0,0.0,-0.10136469,0.3171024
328.0,32878.0,1.0,0.0,,3.0,3.0,27.0,1.3972776,-0.6247571,1.0,0.0,-0.0543822,0.3326167
329.0,32912.0,3.0,1.0,25.0,,3.0,0.0,-0.71551174,-0.6247571,0.0,0.0,-0.10136469,0.3171024
329.0,32914.0,3.0,1.0,11.0,3.0,3.0,17.0,1.3972776,-0.6247571,1.0,0.0,0.905911,0.64971906
329.0,32915.0,,0.0,,,4.0,9.0,-0.71551174,-0.6247571,0.0,0.0,-1.0616579,-7.332227e-17
329.0,32971.0,1.0,0.0,15.0,2.0,3.0,22.0,-0.71551174,-0.6247571,0.0,0.0,-1.0616579,-7.332227e-17
329.0,32972.0,1.0,0.0,8.0,,0.0,8.0,-0.71551174,1.6002363,0.0,1.0,-0.00088872755,0.35028097
329.0,32973.0,2.0,1.0,8.0,2.0,3.0,8.0,-0.71551174,1.6002363,0.0,1.0,0.9594045,0.6673834
329.0,32974.0,2.0,1.0,0.0,2.0,2.0,8.0,1.3972776,-0.6247571,1.0,0.0,0.905911,0.64971906
329.0,32976.0,1.0,1.0,0.0,2.0,0.0,8.0,-0.71551174,-0.6247571,0.0,0.0,-0.10136469,0.3171024
329.0,32978.0,2.0,0.0,14.0,2.0,3.0,4.0,-0.71551174,-0.6247571,0.0,0.0,-1.0616579,-7.332227e-17
330.0,33011.0,1.0,1.0,8.0,,3.0,,-0.71551174,,0.0,,0.19648926,0.41545796
330.0,33012.0,1.0,1.0,0.0,2.0,0.0,14.0,-0.71551174,-0.6247571,0.0,0.0,-1.0616579,-7.332227e-17
330.0,33013.0,1.0,1.0,0.0,,3.0,4.0,-0.71551174,-0.6247571,0.0,0.0,-0.10136469,0.3171024
330.0,33071.0,2.0,0.0,4.0,,1.0,0.0,-0.71551174,-0.6247571,0.0,0.0,-1.0616579,-7.332227e-17
330.0,33072.0,1.0,1.0,0.0,2.0,2.0,14.0,1.3972776,-0.6247571,1.0,0.0,0.905911,0.64971906
330.0,33073.0,2.0,1.0,9.0,3.0,2.0,9.0,-0.71551174,1.6002363,0.0,1.0,0.9594045,0.6673834
330.0,33074.0,1.0,1.0,8.0,,1.0,14.0,-0.71551174,-0.6247571,0.0,0.0,-0.10136469,0.3171024
330.0,33075.0,1.0,1.0,0.0,2.0,2.0,4.0,1.3972776,-0.6247571,1.0,0.0,0.905911,0.64971906
331.0,33171.0,1.0,1.0,0.0,2.0,2.0,8.0,1.3972776,-0.6247571,1.0,0.0,0.905911,0.64971906
331.0,33172.0,1.0,1.0,8.0,2.0,3.0,8.0,-0.71551174,1.6002363,0.0,1.0,0.9594045,0.6673834
331.0,33173.0,1.0,1.0,8.0,,3.0,8.0,-0.71551174,1.6002363,0.0,1.0,0.9594045,0.6673834
331.0,33174.0,1.0,1.0,8.0,,3.0,0.0,-0.71551174,-0.6247571,0.0,0.0,-0.10136469,0.3171024
331.0,33175.0,1.0,1.0,0.0,,2.0,8.0,-0.71551174,-0.6247571,0.0,0.0,-0.10136469,0.3171024
332.0,33211.0,2.0,1.0,17.0,3.0,2.0,0.0,-0.71551174,-0.6247571,0.0,0.0,-0.10136469,0.3171024
332.0,33212.0,4.0,1.0,18.0,4.0,3.0,17.0,-0.71551174,-0.6247571,0.0,0.0,-1.0616579,-7.332227e-17
332.0,33213.0,2.0,0.0,,,2.0,0.0,-0.71551174,-0.6247571,0.0,0.0,-1.0616579,-7.332227e-17
332.0,33271.0,1.0,0.0,4.0,3.0,3.0,4.0,1.3972776,1.6002363,1.0,1.0,1.0063869,0.6828976
332.0,33274.0,3.0,0.0,4.0,,2.0,25.0,-0.71551174,-0.6247571,0.0,0.0,-1.0616579,-7.332227e-17
332.0,33281.0,2.0,0.0,8.0,0.0,2.0,8.0,-0.71551174,1.6002363,0.0,1.0,-0.00088872755,0.35028097
332.0,33282.0,,0.0,,,3.0,8.0,-0.71551174,-0.6247571,0.0,0.0,-1.0616579,-7.332227e-17
332.0,33284.0,2.0,0.0,4.0,3.0,2.0,27.0,-0.71551174,-0.6247571,0.0,0.0,-1.0616579,-7.332227e-17
333.0,33311.0,2.0,1.0,18.0,3.0,3.0,14.0,1.3972776,-0.6247571,1.0,0.0,0.905911,0.64971906
333.0,33312.0,3.0,1.0,9.0,4.0,4.0,9.0,1.3972776,1.6002363,1.0,1.0,1.96668,1.0
333.0,33313.0,2.0,1.0,,3.0,3.0,11.0,1.3972776,-0.6247571,1.0,0.0,0.905911,0.64971906
333.0,33314.0,,0.0,,,3.0,4.0,-0.71551174,-0.6247571,0.0,0.0,-1.0616579,-7.332227e-17
333.0,33371.0,2.0,1.0,17.0,3.0,2.0,18.0,-0.71551174,-0.6247571,0.0,0.0,-0.10136469,0.3171024
333.0,33372.0,,0.0,,,3.0,14.0,-0.71551174,-0.6247571,0.0,0.0,-1.0616579,-7.332227e-17
333.0,33373.0,1.0,1.0,21.0,2.0,3.0,21.0,-0.71551174,1.6002363,0.0,1.0,0.9594045,0.6673834
334.0,33472.0,1.0,1.0,27.0,4.0,3.0,0.0,-0.71551174,-0.6247571,0.0,0.0,-0.10136469,0.3171024
334.0,33473.0,1.0,1.0,0.0,2.0,3.0,0.0,-0.71551174,1.6002363,0.0,1.0,0.9594045,0.6673834
334.0,33475.0,,0.0,,,3.0,23.0,-0.71551174,-0.6247571,0.0,0.0,-1.0616579,-7.332227e-17
334.0,33479.0,1.0,1.0,0.0,2.0,3.0,18.0,-0.71551174,-0.6247571,0.0,0.0,-0.10136469,0.3171024
334.0,33480.0,1.0,1.0,0.0,3.0,3.0,8.0,1.3972776,-0.6247571,1.0,0.0,0.905911,0.64971906
334.0,33482.0,,0.0,,,1.0,0.0,-0.71551174,-0.6247571,0.0,0.0,-1.0616579,-7.332227e-17
334.0,33483.0,1.0,1.0,0.0,3.0,3.0,4.0,1.3972776,-0.6247571,1.0,0.0,0.905911,0.64971906
334.0,33486.0,1.0,1.0,0.0,3.0,3.0,23.0,1.3972776,-0.6247571,1.0,0.0,0.905911,0.64971906
334.0,33490.0,,0.0,,,4.0,9.0,-0.71551174,-0.6247571,0.0,0.0,-1.0616579,-7.332227e-17
334.0,33491.0,1.0,1.0,0.0,3.0,2.0,8.0,-0.71551174,-0.6247571,0.0,0.0,-0.10136469,0.3171024
335.0,33512.0,,0.0,,,3.0,8.0,-0.71551174,-0.6247571,0.0,0.0,-1.0616579,-7.332227e-17
335.0,33513.0,1.0,1.0,0.0,2.0,2.0,0.0,1.3972776,1.6002363,1.0,1.0,1.96668,1.0
335.0,33571.0,,0.0,,,3.0,18.0,-0.71551174,-0.6247571,0.0,0.0,-1.0616579,-7.332227e-17
335.0,33572.0,,0.0,,,2.0,14.0,-0.71551174,-0.6247571,0.0,0.0,-1.0616579,-7.332227e-17
335.0,33573.0,,0.0,,,3.0,0.0,-0.71551174,-0.6247571,0.0,0.0,-1.0616579,-7.332227e-17
335.0,33574.0,1.0,1.0,0.0,3.0,3.0,17.0,1.3972776,-0.6247571,1.0,0.0,0.905911,0.64971906
335.0,33575.0,1.0,1.0,17.0,2.0,3.0,15.0,-0.71551174,-0.6247571,0.0,0.0,-0.10136469,0.3171024
335.0,33577.0,,0.0,,,3.0,8.0,-0.71551174,-0.6247571,0.0,0.0,-1.0616579,-7.332227e-17
335.0,33578.0,2.0,1.0,15.0,4.0,4.0,15.0,1.3972776,1.6002363,1.0,1.0,1.96668,1.0
336.0,33610.0,1.0,1.0,0.0,3.0,3.0,,1.3972776,,1.0,,1.2037649,0.74807465
336.0,33611.0,1.0,1.0,4.0,2.0,2.0,25.0,1.3972776,-0.6247571,1.0,0.0,0.905911,0.64971906
336.0,33614.0,,0.0,,,3.0,8.0,-0.71551174,-0.6247571,0.0,0.0,-1.0616579,-7.332227e-17
336.0,33672.0,1.0,1.0,0.0,2.0,2.0,25.0,1.3972776,-0.6247571,1.0,0.0,0.905911,0.64971906
336.0,33673.0,1.0,1.0,4.0,2.0,3.0,0.0,-0.71551174,-0.6247571,0.0,0.0,-0.10136469,0.3171024
336.0,33674.0,1.0,1.0,4.0,2.0,3.0,4.0,-0.71551174,1.6002363,0.0,1.0,0.9594045,0.6673834
336.0,33675.0,1.0,1.0,18.0,2.0,3.0,0.0,-0.71551174,-0.6247571,0.0,0.0,-0.10136469,0.3171024
336.0,33676.0,1.0,1.0,0.0,2.0,2.0,4.0,1.3972776,-0.6247571,1.0,0.0,0.905911,0.64971906
337.0,33710.0,2.0,1.0,13.0,3.0,3.0,13.0,1.3972776,1.6002363,1.0,1.0,1.96668,1.0
337.0,33712.0,1.0,1.0,0.0,2.0,2.0,0.0,1.3972776,1.6002363,1.0,1.0,1.96668,1.0
337.0,33731.0,1.0,1.0,15.0,3.0,3.0,0.0,1.3972776,-0.6247571,1.0,0.0,0.905911,0.64971906
337.0,33732.0,1.0,1.0,9.0,3.0,2.0,18.0,-0.71551174,-0.6247571,0.0,0.0,-0.10136469,0.3171024
337.0,33734.0,1.0,1.0,0.0,2.0,3.0,21.0,-0.71551174,-0.6247571,0.0,0.0,-0.10136469,0.3171024
338.0,33810.0,2.0,1.0,0.0,2.0,2.0,0.0,1.3972776,1.6002363,1.0,1.0,1.0063869,0.6828976
338.0,33811.0,1.0,1.0,,,2.0,0.0,-0.71551174,-0.6247571,0.0,0.0,-1.0616579,-7.332227e-17
338.0,33813.0,3.0,1.0,25.0,,2.0,0.0,-0.71551174,-0.6247571,0.0,0.0,-1.0616579,-7.332227e-17
338.0,33871.0,3.0,1.0,13.0,3.0,3.0,11.0,1.3972776,-0.6247571,1.0,0.0,0.905911,0.64971906
338.0,33872.0,2.0,1.0,23.0,3.0,3.0,14.0,1.3972776,-0.6247571,1.0,0.0,0.905911,0.64971906
338.0,33873.0,3.0,1.0,18.0,3.0,3.0,18.0,1.3972776,1.6002363,1.0,1.0,1.96668,1.0
338.0,33874.0,1.0,1.0,0.0,,3.0,0.0,-0.71551174,1.6002363,0.0,1.0,-0.00088872755,0.35028097
338.0,33875.0,2.0,1.0,0.0,3.0,4.0,17.0,-0.71551174,-0.6247571,0.0,0.0,-0.10136469,0.3171024
338.0,33877.0,2.0,1.0,0.0,3.0,2.0,4.0,-0.71551174,-0.6247571,0.0,0.0,-1.0616579,-7.332227e-17
339.0,33910.0,,0.0,,,2.0,27.0,-0.71551174,-0.6247571,0.0,0.0,-1.0616579,-7.332227e-17
339.0,33912.0,,0.0,,,2.0,0.0,-0.71551174,-0.6247571,0.0,0.0,-1.0616579,-7.332227e-17
339.0,33971.0,2.0,1.0,0.0,2.0,2.0,9.0,1.3972776,-0.6247571,1.0,0.0,-0.0543822,0.3326167
339.0,33972.0,,0.0,,,3.0,14.0,-0.71551174,-0.6247571,0.0,0.0,-1.0616579,-7.332227e-17
341.0,34112.0,2.0,1.0,4.0,3.0,3.0,0.0,1.3972776,-0.6247571,1.0,0.0,0.905911,0.64971906
341.0,34114.0,2.0,1.0,4.0,2.0,3.0,0.0,-0.71551174,-0.6247571,0.0,0.0,-1.0616579,-7.332227e-17
341.0,34174.0,2.0,1.0,0.0,3.0,3.0,0.0,1.3972776,1.6002363,1.0,1.0,1.96668,1.0
341.0,34175.0,2.0,1.0,4.0,3.0,3.0,14.0,1.3972776,-0.6247571,1.0,0.0,0.905911,0.64971906
341.0,34176.0,3.0,1.0,9.0,3.0,3.0,9.0,1.3972776,1.6002363,1.0,1.0,1.96668,1.0
341.0,34177.0,1.0,1.0,0.0,2.0,2.0,0.0,1.3972776,1.6002363,1.0,1.0,1.96668,1.0
342.0,34210.0,1.0,1.0,0.0,2.0,3.0,0.0,-0.71551174,1.6002363,0.0,1.0,0.9594045,0.6673834
342.0,34211.0,,0.0,,,3.0,0.0,-0.71551174,-0.6247571,0.0,0.0,-1.0616579,-7.332227e-17
342.0,34212.0,3.0,1.0,9.0,4.0,3.0,17.0,-0.71551174,-0.6247571,0.0,0.0,-0.10136469,0.3171024
342.0,34213.0,2.0,1.0,23.0,2.0,2.0,0.0,1.3972776,-0.6247571,1.0,0.0,0.905911,0.64971906
342.0,34214.0,2.0,1.0,17.0,3.0,4.0,0.0,-0.71551174,-0.6247571,0.0,0.0,-0.10136469,0.3171024
342.0,34231.0,3.0,1.0,17.0,3.0,4.0,15.0,-0.71551174,-0.6247571,0.0,0.0,-0.10136469,0.3171024
342.0,34232.0,1.0,1.0,0.0,3.0,3.0,4.0,1.3972776,-0.6247571,1.0,0.0,0.905911,0.64971906
342.0,34233.0,2.0,1.0,17.0,3.0,3.0,15.0,1.3972776,-0.6247571,1.0,0.0,0.905911,0.64971906
343.0,34311.0,1.0,1.0,0.0,3.0,2.0,0.0,-0.71551174,1.6002363,0.0,1.0,0.9594045,0.6673834
343.0,34312.0,2.0,1.0,1.0,4.0,3.0,1.0,-0.71551174,1.6002363,0.0,1.0,0.9594045,0.6673834
343.0,34314.0,2.0,1.0,23.0,3.0,2.0,4.0,-0.71551174,-0.6247571,0.0,0.0,-0.10136469,0.3171024
343.0,34331.0,,0.0,,,3.0,18.0,-0.71551174,-0.6247571,0.0,0.0,-1.0616579,-7.332227e-17
343.0,34332.0,1.0,1.0,0.0,3.0,3.0,4.0,1.3972776,-0.6247571,1.0,0.0,0.905911,0.64971906
344.0,34410.0,3.0,1.0,17.0,3.0,1.0,11.0,-0.71551174,-0.6247571,0.0,0.0,-0.10136469,0.3171024
344.0,34411.0,,0.0,,,3.0,6.0,-0.71551174,-0.6247571,0.0,0.0,-1.0616579,-7.332227e-17
344.0,34412.0,1.0,1.0,0.0,0.0,2.0,0.0,-0.71551174,1.6002363,0.0,1.0,0.9594045,0.6673834
344.0,34414.0,1.0,1.0,0.0,0.0,2.0,4.0,-0.71551174,-0.6247571,0.0,0.0,-0.10136469,0.3171024
344.0,34431.0,3.0,1.0,17.0,3.0,2.0,0.0,-0.71551174,-0.6247571,0.0,0.0,-0.10136469,0.3171024
344.0,34432.0,1.0,1.0,23.0,2.0,0.0,4.0,-0.71551174,-0.6247571,0.0,0.0,-0.10136469,0.3171024
345.0,34510.0,2.0,1.0,7.0,2.0,3.0,0.0,-0.71551174,-0.6247571,0.0,0.0,-0.10136469,0.3171024
345.0,34571.0,2.0,1.0,14.0,,2.0,0.0,-0.71551174,-0.6247571,0.0,0.0,-1.0616579,-7.332227e-17
345.0,34572.0,3.0,1.0,17.0,,1.0,4.0,-0.71551174,-0.6247571,0.0,0.0,-0.10136469,0.3171024
345.0,34573.0,2.0,1.0,0.0,2.0,2.0,4.0,1.3972776,-0.6247571,1.0,0.0,0.905911,0.64971906
345.0,34574.0,2.0,1.0,14.0,,3.0,4.0,-0.71551174,-0.6247571,0.0,0.0,-1.0616579,-7.332227e-17
345.0,34575.0,2.0,1.0,0.0,2.0,2.0,4.0,1.3972776,-0.6247571,1.0,0.0,0.905911,0.64971906
345.0,34576.0,3.0,1.0,14.0,,3.0,4.0,-0.71551174,-0.6247571,0.0,0.0,-1.0616579,-7.332227e-17
346.0,34611.0,1.0,1.0,0.0,0.0,0.0,25.0,1.3972776,-0.6247571,1.0,0.0,0.905911,0.64971906
346.0,34612.0,,0.0,,,3.0,17.0,-0.71551174,-0.6247571,0.0,0.0,-1.0616579,-7.332227e-17
346.0,34672.0,,0.0,,,3.0,4.0,-0.71551174,-0.6247571,0.0,0.0,-1.0616579,-7.332227e-17
346.0,34673.0,,0.0,,,3.0,4.0,-0.71551174,-0.6247571,0.0,0.0,-1.0616579,-7.332227e-17
346.0,34675.0,,0.0,,,4.0,27.0,-0.71551174,-0.6247571,0.0,0.0,-1.0616579,-7.332227e-17
346.0,34676.0,,0.0,,,3.0,15.0,-0.71551174,-0.6247571,0.0,0.0,-1.0616579,-7.332227e-17
347.0,34710.0,2.0,1.0,4.0,3.0,3.0,0.0,1.3972776,-0.6247571,1.0,0.0,0.905911,0.64971906
347.0,34711.0,3.0,1.0,17.0,4.0,4.0,17.0,1.3972776,1.6002363,1.0,1.0,1.96668,1.0
347.0,34714.0,,0.0,,,3.0,17.0,-0.71551174,-0.6247571,0.0,0.0,-1.0616579,-7.332227e-17
347.0,34716.0,3.0,1.0,17.0,4.0,4.0,17.0,1.3972776,1.6002363,1.0,1.0,1.96668,1.0
347.0,34784.0,3.0,1.0,,,4.0,20.0,-0.71551174,-0.6247571,0.0,0.0,-1.0616579,-7.332227e-17
347.0,34786.0,4.0,1.0,18.0,3.0,3.0,18.0,1.3972776,1.6002363,1.0,1.0,1.96668,1.0
347.0,34787.0,3.0,1.0,,,4.0,4.0,-0.71551174,-0.6247571,0.0,0.0,-1.0616579,-7.332227e-17
348.0,34810.0,2.0,1.0,4.0,,3.0,0.0,-0.71551174,-0.6247571,0.0,0.0,-1.0616579,-7.332227e-17
348.0,34814.0,3.0,1.0,0.0,3.0,3.0,17.0,1.3972776,-0.6247571,1.0,0.0,0.905911,0.64971906
348.0,34871.0,3.0,1.0,17.0,3.0,4.0,17.0,-0.71551174,1.6002363,0.0,1.0,0.9594045,0.6673834
348.0,34873.0,,0.0,,,3.0,14.0,-0.71551174,-0.6247571,0.0,0.0,-1.0616579,-7.332227e-17
348.0,34875.0,3.0,1.0,20.0,4.0,3.0,17.0,-0.71551174,-0.6247571,0.0,0.0,-0.10136469,0.3171024
348.0,34876.0,2.0,1.0,0.0,3.0,3.0,,1.3972776,,1.0,,0.24347176,0.43097225
348.0,34877.0,2.0,1.0,4.0,,3.0,0.0,-0.71551174,-0.6247571,0.0,0.0,-0.10136469,0.3171024
348.0,34878.0,2.0,1.0,,,2.0,14.0,-0.71551174,-0.6247571,0.0,0.0,-1.0616579,-7.332227e-17
349.0,34910.0,,0.0,,,2.0,0.0,-0.71551174,-0.6247571,0.0,0.0,-1.0616579,-7.332227e-17
349.0,34971.0,4.0,1.0,1.0,4.0,4.0,1.0,1.3972776,1.6002363,1.0,1.0,1.96668,1.0
349.0,34972.0,2.0,1.0,0.0,,3.0,17.0,-0.71551174,-0.6247571,0.0,0.0,-1.0616579,-7.332227e-17
349.0,34973.0,,0.0,,,4.0,17.0,-0.71551174,-0.6247571,0.0,0.0,-1.0616579,-7.332227e-17
349.0,34974.0,,0.0,,,4.0,17.0,-0.71551174,-0.6247571,0.0,0.0,-1.0616579,-7.332227e-17
349.0,34976.0,,0.0,,,2.0,4.0,-0.71551174,-0.6247571,0.0,0.0,-1.0616579,-7.332227e-17
349.0,34977.0,2.0,1.0,11.0,3.0,3.0,11.0,1.3972776,1.6002363,1.0,1.0,1.96668,1.0
349.0,34980.0,2.0,1.0,4.0,0.0,,,,,,,-0.42268258,0.21099868
350.0,35010.0,2.0,1.0,0.0,3.0,3.0,4.0,1.3972776,-0.6247571,1.0,0.0,0.905911,0.64971906
350.0,35013.0,1.0,1.0,0.0,2.0,2.0,0.0,1.3972776,1.6002363,1.0,1.0,1.96668,1.0
350.0,35071.0,4.0,0.0,24.0,3.0,3.0,4.0,1.3972776,-0.6247571,1.0,0.0,-0.0543822,0.3326167
350.0,35072.0,1.0,1.0,0.0,2.0,2.0,0.0,1.3972776,1.6002363,1.0,1.0,1.0063869,0.6828976
350.0,35074.0,3.0,1.0,9.0,3.0,3.0,20.0,1.3972776,-0.6247571,1.0,0.0,0.905911,0.64971906
351.0,35110.0,1.0,1.0,8.0,2.0,3.0,8.0,-0.71551174,1.6002363,0.0,1.0,-0.00088872755,0.35028097
351.0,35111.0,1.0,1.0,25.0,,2.0,4.0,-0.71551174,-0.6247571,0.0,0.0,-1.0616579,-7.332227e-17
351.0,35113.0,1.0,1.0,25.0,0.0,3.0,4.0,-0.71551174,-0.6247571,0.0,0.0,-1.0616579,-7.332227e-17
351.0,35131.0,3.0,1.0,4.0,3.0,3.0,4.0,1.3972776,1.6002363,1.0,1.0,1.0063869,0.6828976
351.0,35132.0,1.0,1.0,23.0,0.0,3.0,4.0,-0.71551174,-0.6247571,0.0,0.0,-1.0616579,-7.332227e-17
351.0,35133.0,,0.0,,,3.0,0.0,-0.71551174,-0.6247571,0.0,0.0,-1.0616579,-7.332227e-17
351.0,35134.0,,0.0,,,4.0,27.0,-0.71551174,-0.6247571,0.0,0.0,-1.0616579,-7.332227e-17
352.0,35212.0,2.0,1.0,0.0,2.0,2.0,0.0,1.3972776,1.6002363,1.0,1.0,1.96668,1.0
352.0,35214.0,2.0,1.0,0.0,3.0,2.0,0.0,-0.71551174,1.6002363,0.0,1.0,0.9594045,0.6673834
352.0,35272.0,1.0,1.0,0.0,0.0,3.0,0.0,-0.71551174,1.6002363,0.0,1.0,-0.00088872755,0.35028097
352.0,35273.0,1.0,1.0,0.0,2.0,3.0,25.0,-0.71551174,-0.6247571,0.0,0.0,-0.10136469,0.3171024
352.0,35274.0,2.0,1.0,0.0,3.0,3.0,25.0,1.3972776,-0.6247571,1.0,0.0,-0.0543822,0.3326167
353.0,35313.0,,0.0,,,2.0,0.0,-0.71551174,-0.6247571,0.0,0.0,-1.0616579,-7.332227e-17
353.0,35315.0,,0.0,,,3.0,0.0,-0.71551174,-0.6247571,0.0,0.0,-1.0616579,-7.332227e-17
353.0,35375.0,,0.0,,,3.0,17.0,-0.71551174,-0.6247571,0.0,0.0,-1.0616579,-7.332227e-17
353.0,35376.0,3.0,1.0,9.0,4.0,3.0,9.0,-0.71551174,1.6002363,0.0,1.0,0.9594045,0.6673834
353.0,35383.0,,0.0,,,3.0,4.0,-0.71551174,-0.6247571,0.0,0.0,-1.0616579,-7.332227e-17
354.0,35410.0,3.0,1.0,9.0,4.0,,,,,,,0.53761065,0.5281011
354.0,35411.0,2.0,1.0,6.0,3.0,3.0,0.0,1.3972776,-0.6247571,1.0,0.0,0.905911,0.64971906
354.0,35415.0,1.0,1.0,0.0,2.0,3.0,9.0,-0.71551174,-0.6247571,0.0,0.0,-0.10136469,0.3171024
354.0,35477.0,,0.0,,,3.0,0.0,-0.71551174,-0.6247571,0.0,0.0,-1.0616579,-7.332227e-17
354.0,35479.0,3.0,1.0,1.0,4.0,4.0,1.0,1.3972776,1.6002363,1.0,1.0,1.96668,1.0
354.0,35481.0,,0.0,,,3.0,4.0,-0.71551174,-0.6247571,0.0,0.0,-1.0616579,-7.332227e-17
354.0,35489.0,2.0,1.0,4.0,3.0,4.0,5.0,-0.71551174,-0.6247571,0.0,0.0,-0.10136469,0.3171024
355.0,35510.0,2.0,1.0,4.0,3.0,3.0,0.0,1.3972776,-0.6247571,1.0,0.0,-0.0543822,0.3326167
355.0,35511.0,1.0,1.0,0.0,2.0,2.0,8.0,1.3972776,-0.6247571,1.0,0.0,-0.0543822,0.3326167
355.0,35513.0,1.0,1.0,0.0,3.0,3.0,27.0,1.3972776,-0.6247571,1.0,0.0,-0.0543822,0.3326167
355.0,35571.0,1.0,1.0,0.0,3.0,3.0,0.0,1.3972776,1.6002363,1.0,1.0,1.96668,1.0
355.0,35572.0,1.0,1.0,4.0,2.0,3.0,0.0,-0.71551174,-0.6247571,0.0,0.0,-1.0616579,-7.332227e-17
356.0,35610.0,1.0,1.0,4.0,3.0,2.0,,-0.71551174,,0.0,,-0.76380396,0.098355584
356.0,35611.0,1.0,1.0,14.0,3.0,2.0,,-0.71551174,,0.0,,0.19648926,0.41545796
356.0,35612.0,1.0,1.0,0.0,2.0,1.0,0.0,-0.71551174,1.6002363,0.0,1.0,-0.00088872755,0.35028097
356.0,35614.0,2.0,1.0,27.0,4.0,4.0,27.0,1.3972776,1.6002363,1.0,1.0,1.96668,1.0
356.0,35672.0,3.0,1.0,9.0,4.0,4.0,,1.3972776,,1.0,,1.2037649,0.74807465
356.0,35675.0,2.0,1.0,0.0,3.0,2.0,4.0,-0.71551174,-0.6247571,0.0,0.0,-1.0616579,-7.332227e-17
356.0,35677.0,2.0,1.0,9.0,4.0,4.0,9.0,1.3972776,1.6002363,1.0,1.0,1.96668,1.0
356.0,35678.0,1.0,1.0,14.0,3.0,1.0,4.0,-0.71551174,-0.6247571,0.0,0.0,-1.0616579,-7.332227e-17
357.0,35711.0,,0.0,,,3.0,4.0,-0.71551174,-0.6247571,0.0,0.0,-1.0616579,-7.332227e-17
357.0,35712.0,1.0,1.0,0.0,2.0,2.0,0.0,1.3972776,1.6002363,1.0,1.0,1.96668,1.0
357.0,35771.0,,0.0,,,3.0,,-0.71551174,1.6002363,0.0,1.0,-0.00088872755,0.35028097
357.0,35779.0,2.0,1.0,3.0,0.0,3.0,8.0,-0.71551174,-0.6247571,0.0,0.0,-0.10136469,0.3171024
357.0,35782.0,1.0,1.0,0.0,3.0,3.0,8.0,1.3972776,-0.6247571,1.0,0.0,0.905911,0.64971906
357.0,35786.0,,0.0,,,4.0,9.0,-0.71551174,-0.6247571,0.0,0.0,-1.0616579,-7.332227e-17
358.0,35811.0,2.0,1.0,4.0,3.0,1.0,17.0,-0.71551174,-0.6247571,0.0,0.0,-0.10136469,0.3171024
358.0,35812.0,2.0,1.0,18.0,3.0,2.0,18.0,-0.71551174,1.6002363,0.0,1.0,0.9594045,0.6673834
358.0,35872.0,,0.0,,,2.0,0.0,-0.71551174,-0.6247571,0.0,0.0,-1.0616579,-7.332227e-17
358.0,35874.0,1.0,1.0,8.0,2.0,3.0,0.0,-0.71551174,-0.6247571,0.0,0.0,-0.10136469,0.3171024
358.0,35875.0,1.0,1.0,0.0,3.0,3.0,8.0,1.3972776,-0.6247571,1.0,0.0,0.905911,0.64971906
359.0,35910.0,2.0,1.0,4.0,2.0,2.0,8.0,1.3972776,-0.6247571,1.0,0.0,-0.0543822,0.3326167
359.0,35911.0,2.0,1.0,22.0,2.0,3.0,0.0,-0.71551174,-0.6247571,0.0,0.0,-0.10136469,0.3171024
359.0,35912.0,2.0,1.0,0.0,2.0,2.0,23.0,1.3972776,-0.6247571,1.0,0.0,0.905911,0.64971906
359.0,35913.0,2.0,1.0,0.0,2.0,2.0,8.0,1.3972776,-0.6247571,1.0,0.0,0.905911,0.64971906
359.0,35915.0,2.0,1.0,0.0,2.0,2.0,23.0,1.3972776,-0.6247571,1.0,0.0,0.905911,0.64971906
359.0,35971.0,2.0,1.0,0.0,3.0,3.0,11.0,1.3972776,-0.6247571,1.0,0.0,0.905911,0.64971906
360.0,36010.0,3.0,1.0,4.0,,4.0,18.0,-0.71551174,-0.6247571,0.0,0.0,-0.10136469,0.3171024
360.0,36012.0,,0.0,,,4.0,27.0,-0.71551174,-0.6247571,0.0,0.0,-1.0616579,-7.332227e-17
360.0,36014.0,3.0,0.0,17.0,2.0,3.0,0.0,-0.71551174,-0.6247571,0.0,0.0,-1.0616579,-7.332227e-17
360.0,36034.0,2.0,0.0,4.0,,4.0,0.0,-0.71551174,-0.6247571,0.0,0.0,-1.0616579,-7.332227e-17
360.0,36035.0,2.0,0.0,4.0,,3.0,4.0,-0.71551174,1.6002363,0.0,1.0,-0.00088872755,0.35028097
360.0,36036.0,,0.0,,,3.0,17.0,-0.71551174,-0.6247571,0.0,0.0,-1.0616579,-7.332227e-17
361.0,36110.0,,0.0,,,3.0,27.0,-0.71551174,-0.6247571,0.0,0.0,-1.0616579,-7.332227e-17
361.0,36111.0,,0.0,,,4.0,0.0,-0.71551174,-0.6247571,0.0,0.0,-1.0616579,-7.332227e-17
361.0,36112.0,2.0,1.0,13.0,3.0,3.0,13.0,1.3972776,1.6002363,1.0,1.0,1.96668,1.0
361.0,36113.0,3.0,1.0,9.0,3.0,3.0,17.0,1.3972776,-0.6247571,1.0,0.0,0.905911,0.64971906
361.0,36116.0,2.0,1.0,17.0,,3.0,17.0,-0.71551174,1.6002363,0.0,1.0,0.9594045,0.6673834
361.0,36171.0,1.0,1.0,0.0,2.0,2.0,4.0,1.3972776,-0.6247571,1.0,0.0,-0.0543822,0.3326167
361.0,36172.0,2.0,1.0,0.0,3.0,3.0,4.0,1.3972776,-0.6247571,1.0,0.0,0.905911,0.64971906
362.0,36210.0,1.0,1.0,0.0,3.0,3.0,4.0,1.3972776,-0.6247571,1.0,0.0,0.905911,0.64971906
362.0,36211.0,2.0,1.0,,,3.0,,-0.71551174,,0.0,,0.19648926,0.41545796
362.0,36213.0,1.0,1.0,0.0,0.0,2.0,0.0,-0.71551174,1.6002363,0.0,1.0,0.9594045,0.6673834
362.0,36214.0,1.0,1.0,0.0,2.0,2.0,8.0,1.3972776,-0.6247571,1.0,0.0,0.905911,0.64971906
362.0,36215.0,1.0,1.0,6.0,3.0,3.0,0.0,1.3972776,-0.6247571,1.0,0.0,0.905911,0.64971906
362.0,36231.0,1.0,1.0,0.0,2.0,2.0,0.0,1.3972776,1.6002363,1.0,1.0,1.96668,1.0
362.0,36232.0,1.0,1.0,17.0,3.0,3.0,17.0,1.3972776,1.6002363,1.0,1.0,1.96668,1.0
363.0,36310.0,2.0,1.0,4.0,2.0,2.0,0.0,1.3972776,-0.6247571,1.0,0.0,0.905911,0.64971906
363.0,36313.0,3.0,1.0,4.0,,3.0,0.0,-0.71551174,-0.6247571,0.0,0.0,-0.10136469,0.3171024
363.0,36384.0,,0.0,,,3.0,1.0,-0.71551174,-0.6247571,0.0,0.0,-1.0616579,-7.332227e-17
363.0,36385.0,,0.0,,,3.0,18.0,-0.71551174,-0.6247571,0.0,0.0,-1.0616579,-7.332227e-17
363.0,36388.0,,0.0,,,3.0,0.0,-0.71551174,-0.6247571,0.0,0.0,-1.0616579,-7.332227e-17
363.0,36389.0,2.0,1.0,25.0,2.0,3.0,0.0,-0.71551174,-0.6247571,0.0,0.0,-0.10136469,0.3171024
363.0,36396.0,,0.0,,,3.0,6.0,-0.71551174,-0.6247571,0.0,0.0,-1.0616579,-7.332227e-17
363.0,36398.0,2.0,1.0,4.0,3.0,3.0,14.0,1.3972776,-0.6247571,1.0,0.0,-0.0543822,0.3326167
364.0,36411.0,,0.0,,,2.0,4.0,-0.71551174,-0.6247571,0.0,0.0,-1.0616579,-7.332227e-17
364.0,36413.0,2.0,1.0,6.0,3.0,2.0,17.0,-0.71551174,-0.6247571,0.0,0.0,-0.10136469,0.3171024
364.0,36414.0,1.0,1.0,0.0,3.0,2.0,17.0,-0.71551174,-0.6247571,0.0,0.0,-0.10136469,0.3171024
364.0,36471.0,2.0,1.0,15.0,2.0,3.0,15.0,-0.71551174,1.6002363,0.0,1.0,-0.00088872755,0.35028097
364.0,36473.0,,0.0,,,1.0,4.0,-0.71551174,-0.6247571,0.0,0.0,-1.0616579,-7.332227e-17
365.0,36510.0,,0.0,,,4.0,17.0,-0.71551174,-0.6247571,0.0,0.0,-1.0616579,-7.332227e-17
365.0,36512.0,,0.0,,,3.0,4.0,-0.71551174,-0.6247571,0.0,0.0,-1.0616579,-7.332227e-17
365.0,36572.0,3.0,1.0,17.0,3.0,4.0,17.0,-0.71551174,1.6002363,0.0,1.0,0.9594045,0.6673834
365.0,36573.0,3.0,1.0,17.0,3.0,3.0,17.0,1.3972776,1.6002363,1.0,1.0,1.96668,1.0
365.0,36575.0,2.0,1.0,4.0,3.0,3.0,0.0,1.3972776,-0.6247571,1.0,0.0,0.905911,0.64971906
366.0,36610.0,2.0,1.0,9.0,,4.0,9.0,-0.71551174,1.6002363,0.0,1.0,-0.00088872755,0.35028097
366.0,36612.0,1.0,1.0,0.0,,3.0,8.0,-0.71551174,-0.6247571,0.0,0.0,-1.0616579,-7.332227e-17
366.0,36677.0,2.0,1.0,14.0,,2.0,14.0,-0.71551174,1.6002363,0.0,1.0,-0.00088872755,0.35028097
366.0,36678.0,3.0,1.0,9.0,4.0,4.0,9.0,1.3972776,1.6002363,1.0,1.0,1.96668,1.0
366.0,36679.0,2.0,1.0,0.0,,3.0,,-0.71551174,,0.0,,0.19648926,0.41545796
367.0,36711.0,2.0,1.0,4.0,2.0,3.0,0.0,-0.71551174,-0.6247571,0.0,0.0,-0.10136469,0.3171024
367.0,36712.0,3.0,1.0,9.0,3.0,4.0,1.0,-0.71551174,-0.6247571,0.0,0.0,-1.0616579,-7.332227e-17
367.0,36713.0,,0.0,,,3.0,17.0,-0.71551174,-0.6247571,0.0,0.0,-1.0616579,-7.332227e-17
367.0,36714.0,2.0,1.0,0.0,0.0,2.0,8.0,-0.71551174,-0.6247571,0.0,0.0,-0.10136469,0.3171024
367.0,36715.0,,0.0,,,2.0,8.0,-0.71551174,-0.6247571,0.0,0.0,-1.0616579,-7.332227e-17
367.0,36717.0,3.0,1.0,4.0,3.0,3.0,14.0,1.3972776,-0.6247571,1.0,0.0,0.905911,0.64971906
367.0,36775.0,,0.0,,,4.0,1.0,-0.71551174,-0.6247571,0.0,0.0,-1.0616579,-7.332227e-17
367.0,36782.0,1.0,1.0,21.0,,3.0,17.0,-0.71551174,-0.6247571,0.0,0.0,-1.0616579,-7.332227e-17
368.0,36810.0,2.0,1.0,4.0,3.0,3.0,11.0,1.3972776,-0.6247571,1.0,0.0,-0.0543822,0.3326167
368.0,36812.0,1.0,1.0,4.0,,3.0,0.0,-0.71551174,-0.6247571,0.0,0.0,-1.0616579,-7.332227e-17
368.0,36814.0,,0.0,,,3.0,4.0,-0.71551174,-0.6247571,0.0,0.0,-1.0616579,-7.332227e-17
368.0,36873.0,2.0,1.0,13.0,3.0,3.0,8.0,1.3972776,-0.6247571,1.0,0.0,-0.0543822,0.3326167
368.0,36874.0,2.0,1.0,4.0,,4.0,,-0.71551174,,0.0,,-0.76380396,0.098355584
368.0,36875.0,1.0,1.0,4.0,,3.0,4.0,-0.71551174,1.6002363,0.0,1.0,-0.00088872755,0.35028097
368.0,36876.0,2.0,1.0,5.0,3.0,3.0,17.0,1.3972776,-0.6247571,1.0,0.0,0.905911,0.64971906
369.0,36911.0,3.0,1.0,9.0,3.0,2.0,9.0,-0.71551174,1.6002363,0.0,1.0,0.9594045,0.6673834
369.0,36912.0,,0.0,,,3.0,0.0,-0.71551174,-0.6247571,0.0,0.0,-1.0616579,-7.332227e-17
369.0,36913.0,1.0,1.0,,,3.0,17.0,-0.71551174,-0.6247571,0.0,0.0,-1.0616579,-7.332227e-17
369.0,36914.0,2.0,1.0,,,2.0,0.0,-0.71551174,-0.6247571,0.0,0.0,-1.0616579,-7.332227e-17
369.0,36932.0,4.0,1.0,9.0,3.0,4.0,9.0,-0.71551174,1.6002363,0.0,1.0,-0.00088872755,0.35028097
369.0,36933.0,2.0,1.0,4.0,3.0,3.0,4.0,1.3972776,1.6002363,1.0,1.0,1.0063869,0.6828976
369.0,36934.0,3.0,1.0,,,3.0,0.0,-0.71551174,-0.6247571,0.0,0.0,-1.0616579,-7.332227e-17
369.0,36935.0,1.0,1.0,0.0,,2.0,0.0,-0.71551174,1.6002363,0.0,1.0,-0.00088872755,0.35028097
369.0,36936.0,2.0,1.0,9.0,3.0,3.0,9.0,1.3972776,1.6002363,1.0,1.0,1.0063869,0.6828976
370.0,37011.0,1.0,1.0,0.0,0.0,,0.0,-0.71551174,1.6002363,0.0,1.0,0.9594045,0.6673834
370.0,37012.0,2.0,1.0,9.0,3.0,3.0,9.0,1.3972776,1.6002363,1.0,1.0,1.96668,1.0
370.0,37031.0,1.0,1.0,13.0,2.0,3.0,4.0,-0.71551174,-0.6247571,0.0,0.0,-0.10136469,0.3171024
370.0,37032.0,3.0,1.0,1.0,3.0,3.0,17.0,1.3972776,-0.6247571,1.0,0.0,0.905911,0.64971906
370.0,37033.0,3.0,1.0,9.0,3.0,3.0,6.0,1.3972776,-0.6247571,1.0,0.0,0.905911,0.64971906
370.0,37034.0,2.0,1.0,17.0,4.0,4.0,17.0,1.3972776,1.6002363,1.0,1.0,1.96668,1.0
370.0,37035.0,2.0,1.0,4.0,2.0,3.0,0.0,-0.71551174,-0.6247571,0.0,0.0,-0.10136469,0.3171024
370.0,37036.0,2.0,1.0,4.0,3.0,4.0,0.0,-0.71551174,-0.6247571,0.0,0.0,-0.10136469,0.3171024
371.0,37110.0,2.0,1.0,4.0,3.0,3.0,25.0,1.3972776,-0.6247571,1.0,0.0,-0.0543822,0.3326167
371.0,37111.0,,0.0,,,3.0,25.0,-0.71551174,-0.6247571,0.0,0.0,-1.0616579,-7.332227e-17
371.0,37112.0,2.0,1.0,0.0,2.0,2.0,0.0,1.3972776,1.6002363,1.0,1.0,1.0063869,0.6828976
371.0,37113.0,3.0,1.0,4.0,3.0,3.0,0.0,1.3972776,-0.6247571,1.0,0.0,0.905911,0.64971906
371.0,37114.0,,0.0,,,3.0,4.0,-0.71551174,-0.6247571,0.0,0.0,-1.0616579,-7.332227e-17
371.0,37115.0,,0.0,,,3.0,25.0,-0.71551174,-0.6247571,0.0,0.0,-1.0616579,-7.332227e-17
371.0,37131.0,,0.0,,,2.0,0.0,-0.71551174,-0.6247571,0.0,0.0,-1.0616579,-7.332227e-17
371.0,37132.0,2.0,1.0,0.0,,2.0,25.0,-0.71551174,-0.6247571,0.0,0.0,-1.0616579,-7.332227e-17
371.0,37133.0,1.0,1.0,0.0,,3.0,0.0,-0.71551174,1.6002363,0.0,1.0,-0.00088872755,0.35028097
372.0,37210.0,3.0,1.0,4.0,3.0,3.0,11.0,1.3972776,-0.6247571,1.0,0.0,-0.0543822,0.3326167
372.0,37211.0,,0.0,,,3.0,0.0,-0.71551174,-0.6247571,0.0,0.0,-1.0616579,-7.332227e-17
372.0,37212.0,3.0,1.0,17.0,3.0,2.0,17.0,-0.71551174,1.6002363,0.0,1.0,0.9594045,0.6673834
372.0,37231.0,3.0,1.0,17.0,3.0,3.0,0.0,1.3972776,-0.6247571,1.0,0.0,-0.0543822,0.3326167
372.0,37232.0,3.0,1.0,17.0,3.0,3.0,17.0,1.3972776,1.6002363,1.0,1.0,1.96668,1.0
373.0,37310.0,1.0,1.0,0.0,0.0,0.0,25.0,1.3972776,-0.6247571,1.0,0.0,0.905911,0.64971906
373.0,37311.0,,0.0,,,3.0,0.0,-0.71551174,-0.6247571,0.0,0.0,-1.0616579,-7.332227e-17
373.0,37314.0,2.0,1.0,17.0,3.0,3.0,17.0,1.3972776,1.6002363,1.0,1.0,1.96668,1.0
373.0,37382.0,1.0,0.0,0.0,2.0,2.0,0.0,1.3972776,1.6002363,1.0,1.0,1.0063869,0.6828976
373.0,37385.0,2.0,0.0,,3.0,3.0,0.0,1.3972776,-0.6247571,1.0,0.0,-0.0543822,0.3326167
373.0,37388.0,,0.0,,,3.0,7.0,-0.71551174,-0.6247571,0.0,0.0,-1.0616579,-7.332227e-17
373.0,37390.0,1.0,0.0,4.0,2.0,2.0,4.0,1.3972776,1.6002363,1.0,1.0,1.0063869,0.6828976
373.0,37392.0,2.0,0.0,,,3.0,4.0,-0.71551174,-0.6247571,0.0,0.0,-1.0616579,-7.332227e-17
373.0,37397.0,1.0,0.0,0.0,2.0,3.0,,-0.71551174,,0.0,,-0.76380396,0.098355584
374.0,37411.0,,0.0,,,2.0,8.0,-0.71551174,-0.6247571,0.0,0.0,-1.0616579,-7.332227e-17
374.0,37412.0,4.0,1.0,17.0,3.0,3.0,17.0,1.3972776,1.6002363,1.0,1.0,1.0063869,0.6828976
374.0,37413.0,,0.0,,,2.0,0.0,-0.71551174,-0.6247571,0.0,0.0,-1.0616579,-7.332227e-17
374.0,37415.0,2.0,1.0,8.0,2.0,3.0,4.0,-0.71551174,-0.6247571,0.0,0.0,-1.0616579,-7.332227e-17
374.0,37473.0,,0.0,,,4.0,27.0,-0.71551174,-0.6247571,0.0,0.0,-1.0616579,-7.332227e-17
374.0,37474.0,,0.0,,,3.0,0.0,-0.71551174,-0.6247571,0.0,0.0,-1.0616579,-7.332227e-17
374.0,37475.0,1.0,1.0,0.0,0.0,1.0,17.0,-0.71551174,-0.6247571,0.0,0.0,-1.0616579,-7.332227e-17
374.0,37476.0,2.0,1.0,8.0,2.0,2.0,4.0,1.3972776,-0.6247571,1.0,0.0,-0.0543822,0.3326167
375.0,37510.0,3.0,1.0,25.0,2.0,2.0,0.0,1.3972776,-0.6247571,1.0,0.0,0.905911,0.64971906
375.0,37511.0,2.0,1.0,25.0,3.0,3.0,4.0,1.3972776,-0.6247571,1.0,0.0,0.905911,0.64971906
375.0,37512.0,2.0,1.0,0.0,3.0,3.0,5.0,1.3972776,-0.6247571,1.0,0.0,0.905911,0.64971906
375.0,37571.0,3.0,1.0,,,3.0,0.0,-0.71551174,-0.6247571,0.0,0.0,-0.10136469,0.3171024
375.0,37575.0,,0.0,,,1.0,4.0,-0.71551174,-0.6247571,0.0,0.0,-1.0616579,-7.332227e-17
375.0,37576.0,3.0,1.0,9.0,3.0,3.0,20.0,1.3972776,-0.6247571,1.0,0.0,0.905911,0.64971906
375.0,37577.0,,0.0,,,3.0,17.0,-0.71551174,-0.6247571,0.0,0.0,-1.0616579,-7.332227e-17
376.0,37611.0,4.0,1.0,17.0,4.0,3.0,8.0,-0.71551174,-0.6247571,0.0,0.0,-1.0616579,-7.332227e-17
376.0,37671.0,3.0,1.0,4.0,3.0,3.0,4.0,1.3972776,1.6002363,1.0,1.0,1.0063869,0.6828976
376.0,37672.0,3.0,1.0,5.0,3.0,3.0,5.0,1.3972776,1.6002363,1.0,1.0,1.0063869,0.6828976
376.0,37673.0,4.0,1.0,17.0,4.0,4.0,17.0,1.3972776,1.6002363,1.0,1.0,1.96668,1.0
376.0,37674.0,3.0,1.0,4.0,3.0,3.0,4.0,1.3972776,1.6002363,1.0,1.0,1.96668,1.0
377.0,37710.0,,0.0,,,3.0,25.0,-0.71551174,-0.6247571,0.0,0.0,-1.0616579,-7.332227e-17
377.0,37711.0,3.0,1.0,17.0,3.0,3.0,17.0,1.3972776,1.6002363,1.0,1.0,1.96668,1.0
377.0,37712.0,2.0,0.0,4.0,2.0,3.0,4.0,-0.71551174,1.6002363,0.0,1.0,-0.00088872755,0.35028097
377.0,37713.0,1.0,1.0,0.0,2.0,3.0,0.0,-0.71551174,1.6002363,0.0,1.0,0.9594045,0.6673834
377.0,37714.0,,0.0,,,1.0,23.0,-0.71551174,-0.6247571,0.0,0.0,-1.0616579,-7.332227e-17
377.0,37732.0,3.0,1.0,17.0,3.0,4.0,17.0,-0.71551174,1.6002363,0.0,1.0,0.9594045,0.6673834
377.0,37733.0,,0.0,,,4.0,4.0,-0.71551174,-0.6247571,0.0,0.0,-1.0616579,-7.332227e-17
377.0,37734.0,,0.0,,,4.0,,-0.71551174,1.6002363,0.0,1.0,-0.00088872755,0.35028097
378.0,37811.0,2.0,0.0,25.0,2.0,3.0,17.0,-0.71551174,-0.6247571,0.0,0.0,-1.0616579,-7.332227e-17
378.0,37812.0,2.0,1.0,17.0,3.0,3.0,17.0,1.3972776,1.6002363,1.0,1.0,1.96668,1.0
378.0,37814.0,,0.0,,,3.0,17.0,-0.71551174,-0.6247571,0.0,0.0,-1.0616579,-7.332227e-17
378.0,37871.0,2.0,0.0,0.0,3.0,3.0,0.0,1.3972776,1.6002363,1.0,1.0,1.0063869,0.6828976
378.0,37872.0,2.0,1.0,23.0,3.0,3.0,0.0,1.3972776,-0.6247571,1.0,0.0,0.905911,0.64971906
378.0,37873.0,2.0,1.0,8.0,2.0,3.0,4.0,-0.71551174,-0.6247571,0.0,0.0,-0.10136469,0.3171024
379.0,37910.0,2.0,1.0,17.0,4.0,4.0,9.0,1.3972776,-0.6247571,1.0,0.0,-0.0543822,0.3326167
379.0,37912.0,,0.0,,,1.0,25.0,-0.71551174,-0.6247571,0.0,0.0,-1.0616579,-7.332227e-17
379.0,37913.0,,0.0,,,3.0,21.0,-0.71551174,-0.6247571,0.0,0.0,-1.0616579,-7.332227e-17
379.0,37997.0,,0.0,,,4.0,9.0,-0.71551174,-0.6247571,0.0,0.0,-1.0616579,-7.332227e-17
379.0,37999.0,,0.0,,,4.0,9.0,-0.71551174,-0.6247571,0.0,0.0,-1.0616579,-7.332227e-17
380.0,38012.0,1.0,1.0,0.0,0.0,2.0,0.0,-0.71551174,1.6002363,0.0,1.0,0.9594045,0.6673834
380.0,38014.0,,0.0,,,4.0,27.0,-0.71551174,-0.6247571,0.0,0.0,-1.0616579,-7.332227e-17
380.0,38073.0,3.0,1.0,9.0,4.0,4.0,17.0,1.3972776,-0.6247571,1.0,0.0,0.905911,0.64971906
380.0,38074.0,3.0,1.0,27.0,4.0,3.0,,-0.71551174,,0.0,,0.19648926,0.41545796
380.0,38075.0,,0.0,,,3.0,18.0,-0.71551174,-0.6247571,0.0,0.0,-1.0616579,-7.332227e-17
380.0,38076.0,2.0,1.0,4.0,4.0,4.0,0.0,1.3972776,-0.6247571,1.0,0.0,0.905911,0.64971906
380.0,38077.0,,0.0,,,3.0,21.0,-0.71551174,-0.6247571,0.0,0.0,-1.0616579,-7.332227e-17
380.0,38078.0,2.0,1.0,9.0,4.0,4.0,27.0,1.3972776,-0.6247571,1.0,0.0,0.905911,0.64971906
380.0,38079.0,2.0,1.0,17.0,3.0,3.0,0.0,1.3972776,-0.6247571,1.0,0.0,0.905911,0.64971906
380.0,38080.0,,0.0,,,4.0,17.0,-0.71551174,-0.6247571,0.0,0.0,-1.0616579,-7.332227e-17
381.0,38110.0,,0.0,,,3.0,0.0,-0.71551174,-0.6247571,0.0,0.0,-1.0616579,-7.332227e-17
381.0,38111.0,2.0,1.0,4.0,3.0,3.0,0.0,1.3972776,-0.6247571,1.0,0.0,0.905911,0.64971906
381.0,38112.0,2.0,1.0,5.0,3.0,2.0,,-0.71551174,,0.0,,0.19648926,0.41545796
381.0,38114.0,3.0,1.0,4.0,0.0,2.0,0.0,-0.71551174,-0.6247571,0.0,0.0,-0.10136469,0.3171024
381.0,38171.0,3.0,1.0,17.0,3.0,3.0,17.0,1.3972776,1.6002363,1.0,1.0,1.96668,1.0
381.0,38172.0,3.0,1.0,6.0,3.0,3.0,6.0,1.3972776,1.6002363,1.0,1.0,1.96668,1.0
381.0,38173.0,2.0,1.0,4.0,3.0,3.0,0.0,1.3972776,-0.6247571,1.0,0.0,0.905911,0.64971906
381.0,38175.0,3.0,1.0,23.0,3.0,3.0,0.0,1.3972776,-0.6247571,1.0,0.0,0.905911,0.64971906
381.0,38176.0,3.0,1.0,23.0,3.0,3.0,0.0,1.3972776,-0.6247571,1.0,0.0,0.905911,0.64971906
382.0,38210.0,3.0,1.0,25.0,3.0,3.0,0.0,1.3972776,-0.6247571,1.0,0.0,0.905911,0.64971906
382.0,38211.0,3.0,1.0,0.0,2.0,4.0,17.0,-0.71551174,-0.6247571,0.0,0.0,-0.10136469,0.3171024
382.0,38212.0,,0.0,,,3.0,25.0,-0.71551174,-0.6247571,0.0,0.0,-1.0616579,-7.332227e-17
382.0,38215.0,,0.0,,,3.0,15.0,-0.71551174,-0.6247571,0.0,0.0,-1.0616579,-7.332227e-17
382.0,38285.0,3.0,1.0,9.0,3.0,3.0,0.0,1.3972776,-0.6247571,1.0,0.0,0.905911,0.64971906
382.0,38286.0,3.0,1.0,12.0,3.0,3.0,12.0,1.3972776,1.6002363,1.0,1.0,1.96668,1.0
384.0,38410.0,3.0,1.0,25.0,3.0,4.0,0.0,-0.71551174,-0.6247571,0.0,0.0,-0.10136469,0.3171024
384.0,38411.0,,0.0,,,3.0,0.0,-0.71551174,-0.6247571,0.0,0.0,-1.0616579,-7.332227e-17
384.0,38412.0,2.0,1.0,25.0,2.0,3.0,0.0,-0.71551174,-0.6247571,0.0,0.0,-0.10136469,0.3171024
384.0,38413.0,2.0,1.0,6.0,3.0,3.0,6.0,1.3972776,1.6002363,1.0,1.0,1.96668,1.0
384.0,38414.0,,1.0,,3.0,3.0,0.0,1.3972776,-0.6247571,1.0,0.0,0.905911,0.64971906
384.0,38432.0,2.0,1.0,4.0,3.0,3.0,4.0,1.3972776,1.6002363,1.0,1.0,1.96668,1.0
384.0,38433.0,3.0,1.0,6.0,3.0,3.0,6.0,1.3972776,1.6002363,1.0,1.0,1.96668,1.0
385.0,38510.0,,0.0,,,3.0,11.0,-0.71551174,-0.6247571,0.0,0.0,-1.0616579,-7.332227e-17
385.0,38511.0,1.0,1.0,0.0,3.0,3.0,4.0,1.3972776,-0.6247571,1.0,0.0,0.905911,0.64971906
385.0,38512.0,3.0,1.0,4.0,3.0,3.0,8.0,1.3972776,-0.6247571,1.0,0.0,0.905911,0.64971906
385.0,38572.0,,0.0,,,4.0,,-0.71551174,1.6002363,0.0,1.0,-0.00088872755,0.35028097
385.0,38573.0,2.0,1.0,0.0,3.0,3.0,0.0,1.3972776,1.6002363,1.0,1.0,1.96668,1.0
385.0,38575.0,3.0,1.0,9.0,4.0,4.0,17.0,1.3972776,-0.6247571,1.0,0.0,0.905911,0.64971906
385.0,38579.0,,0.0,,,3.0,4.0,-0.71551174,-0.6247571,0.0,0.0,-1.0616579,-7.332227e-17
386.0,38610.0,3.0,1.0,23.0,2.0,3.0,17.0,-0.71551174,-0.6247571,0.0,0.0,-0.10136469,0.3171024
386.0,38611.0,2.0,1.0,0.0,2.0,2.0,4.0,1.3972776,-0.6247571,1.0,0.0,0.905911,0.64971906
386.0,38614.0,2.0,1.0,0.0,0.0,3.0,0.0,-0.71551174,1.6002363,0.0,1.0,0.9594045,0.6673834
386.0,38672.0,3.0,1.0,4.0,,1.0,17.0,-0.71551174,-0.6247571,0.0,0.0,-0.10136469,0.3171024
386.0,38673.0,2.0,1.0,17.0,3.0,3.0,17.0,1.3972776,1.6002363,1.0,1.0,1.96668,1.0
386.0,38674.0,3.0,1.0,2.0,4.0,4.0,,1.3972776,,1.0,,1.2037649,0.74807465
386.0,38675.0,3.0,1.0,15.0,4.0,3.0,17.0,-0.71551174,-0.6247571,0.0,0.0,-0.10136469,0.3171024
387.0,38711.0,2.0,1.0,18.0,3.0,4.0,18.0,-0.71551174,1.6002363,0.0,1.0,0.9594045,0.6673834
387.0,38712.0,3.0,1.0,9.0,4.0,4.0,9.0,1.3972776,1.6002363,1.0,1.0,1.96668,1.0
387.0,38715.0,1.0,1.0,0.0,2.0,3.0,0.0,-0.71551174,1.6002363,0.0,1.0,0.9594045,0.6673834
387.0,38771.0,3.0,1.0,17.0,3.0,4.0,9.0,-0.71551174,-0.6247571,0.0,0.0,-0.10136469,0.3171024
387.0,38774.0,,0.0,,,4.0,,-0.71551174,1.6002363,0.0,1.0,-0.00088872755,0.35028097
387.0,38775.0,3.0,1.0,17.0,3.0,4.0,17.0,-0.71551174,1.6002363,0.0,1.0,0.9594045,0.6673834
387.0,38776.0,2.0,1.0,0.0,,3.0,0.0,-0.71551174,1.6002363,0.0,1.0,0.9594045,0.6673834
500.0,50013.0,,0.0,,,3.0,0.0,-0.71551174,-0.6247571,0.0,0.0,-1.0616579,-7.332227e-17
500.0,50014.0,1.0,1.0,0.0,0.0,3.0,4.0,-0.71551174,-0.6247571,0.0,0.0,-0.10136469,0.3171024
500.0,50071.0,3.0,1.0,17.0,4.0,4.0,17.0,1.3972776,1.6002363,1.0,1.0,1.96668,1.0
500.0,50072.0,2.0,1.0,17.0,3.0,3.0,17.0,1.3972776,1.6002363,1.0,1.0,1.96668,1.0
501.0,50113.0,,0.0,,,3.0,25.0,-0.71551174,-0.6247571,0.0,0.0,-1.0616579,-7.332227e-17
501.0,50114.0,3.0,1.0,0.0,4.0,4.0,,1.3972776,,1.0,,0.24347176,0.43097225
501.0,50115.0,3.0,1.0,,,4.0,18.0,-0.71551174,-0.6247571,0.0,0.0,-1.0616579,-7.332227e-17
501.0,50116.0,,0.0,,,4.0,23.0,-0.71551174,-0.6247571,0.0,0.0,-1.0616579,-7.332227e-17
501.0,50172.0,,0.0,,,3.0,24.0,-0.71551174,-0.6247571,0.0,0.0,-1.0616579,-7.332227e-17
501.0,50173.0,,0.0,,,4.0,1.0,-0.71551174,-0.6247571,0.0,0.0,-1.0616579,-7.332227e-17
502.0,50210.0,1.0,1.0,0.0,3.0,2.0,,-0.71551174,,0.0,,0.19648926,0.41545796
502.0,50212.0,2.0,1.0,11.0,3.0,3.0,17.0,1.3972776,-0.6247571,1.0,0.0,0.905911,0.64971906
502.0,50240.0,,0.0,,,3.0,4.0,-0.71551174,-0.6247571,0.0,0.0,-1.0616579,-7.332227e-17
502.0,50241.0,,0.0,,,1.0,0.0,-0.71551174,-0.6247571,0.0,0.0,-1.0616579,-7.332227e-17
503.0,50310.0,,0.0,,,2.0,0.0,-0.71551174,-0.6247571,0.0,0.0,-1.0616579,-7.332227e-17
503.0,50312.0,4.0,1.0,0.0,3.0,3.0,4.0,1.3972776,-0.6247571,1.0,0.0,0.905911,0.64971906
503.0,50313.0,,0.0,,,2.0,23.0,-0.71551174,-0.6247571,0.0,0.0,-1.0616579,-7.332227e-17
503.0,50314.0,,0.0,,,3.0,0.0,-0.71551174,-0.6247571,0.0,0.0,-1.0616579,-7.332227e-17
503.0,50315.0,,0.0,,,0.0,0.0,-0.71551174,-0.6247571,0.0,0.0,-1.0616579,-7.332227e-17
503.0,50331.0,3.0,1.0,17.0,3.0,3.0,17.0,1.3972776,1.6002363,1.0,1.0,1.96668,1.0
503.0,50332.0,2.0,1.0,23.0,3.0,4.0,4.0,-0.71551174,-0.6247571,0.0,0.0,-0.10136469,0.3171024
503.0,50333.0,,0.0,,,3.0,24.0,-0.71551174,-0.6247571,0.0,0.0,-1.0616579,-7.332227e-17
503.0,50334.0,2.0,1.0,9.0,3.0,2.0,21.0,-0.71551174,-0.6247571,0.0,0.0,-0.10136469,0.3171024
504.0,50410.0,1.0,1.0,4.0,,2.0,0.0,-0.71551174,-0.6247571,0.0,0.0,-0.10136469,0.3171024
504.0,50411.0,,0.0,,,2.0,0.0,-0.71551174,-0.6247571,0.0,0.0,-1.0616579,-7.332227e-17
504.0,50412.0,1.0,1.0,0.0,2.0,2.0,0.0,1.3972776,1.6002363,1.0,1.0,1.96668,1.0
504.0,50471.0,1.0,1.0,23.0,2.0,2.0,23.0,1.3972776,1.6002363,1.0,1.0,1.96668,1.0
504.0,50474.0,2.0,1.0,15.0,2.0,3.0,15.0,-0.71551174,1.6002363,0.0,1.0,0.9594045,0.6673834
505.0,50510.0,1.0,1.0,0.0,2.0,3.0,0.0,-0.71551174,1.6002363,0.0,1.0,0.9594045,0.6673834
505.0,50512.0,3.0,1.0,9.0,3.0,4.0,9.0,-0.71551174,1.6002363,0.0,1.0,0.9594045,0.6673834
505.0,50513.0,2.0,1.0,0.0,,3.0,23.0,-0.71551174,-0.6247571,0.0,0.0,-1.0616579,-7.332227e-17
505.0,50514.0,2.0,1.0,4.0,3.0,3.0,4.0,1.3972776,1.6002363,1.0,1.0,1.0063869,0.6828976
505.0,50538.0,3.0,1.0,4.0,,3.0,0.0,-0.71551174,-0.6247571,0.0,0.0,-1.0616579,-7.332227e-17
505.0,50539.0,2.0,1.0,4.0,,3.0,4.0,-0.71551174,1.6002363,0.0,1.0,-0.00088872755,0.35028097
505.0,50540.0,2.0,1.0,4.0,,1.0,4.0,-0.71551174,1.6002363,0.0,1.0,-0.00088872755,0.35028097
505.0,50572.0,,0.0,,,,,1.3972776,1.6002363,1.0,1.0,1.0063869,0.6828976
506.0,50611.0,2.0,1.0,4.0,2.0,3.0,0.0,-0.71551174,-0.6247571,0.0,0.0,-0.10136469,0.3171024
506.0,50612.0,1.0,1.0,14.0,3.0,3.0,0.0,1.3972776,-0.6247571,1.0,0.0,0.905911,0.64971906
506.0,50634.0,1.0,1.0,0.0,,2.0,0.0,-0.71551174,1.6002363,0.0,1.0,-0.00088872755,0.35028097
506.0,50635.0,1.0,1.0,4.0,2.0,1.0,4.0,-0.71551174,1.6002363,0.0,1.0,-0.00088872755,0.35028097
506.0,50636.0,2.0,1.0,22.0,3.0,3.0,0.0,1.3972776,-0.6247571,1.0,0.0,0.905911,0.64971906
506.0,50637.0,1.0,1.0,0.0,2.0,0.0,4.0,-0.71551174,-0.6247571,0.0,0.0,-1.0616579,-7.332227e-17
506.0,50638.0,1.0,1.0,18.0,0.0,3.0,,-0.71551174,,0.0,,0.19648926,0.41545796
507.0,50710.0,2.0,0.0,4.0,2.0,2.0,25.0,1.3972776,-0.6247571,1.0,0.0,-0.0543822,0.3326167
507.0,50711.0,2.0,1.0,23.0,2.0,2.0,0.0,1.3972776,-0.6247571,1.0,0.0,0.905911,0.64971906
507.0,50712.0,2.0,1.0,21.0,3.0,3.0,12.0,1.3972776,-0.6247571,1.0,0.0,0.905911,0.64971906
507.0,50731.0,3.0,1.0,17.0,4.0,4.0,,1.3972776,,1.0,,1.2037649,0.74807465
507.0,50732.0,3.0,1.0,17.0,4.0,4.0,17.0,1.3972776,1.6002363,1.0,1.0,1.96668,1.0
508.0,50810.0,,0.0,,,3.0,0.0,-0.71551174,-0.6247571,0.0,0.0,-1.0616579,-7.332227e-17
508.0,50811.0,3.0,1.0,23.0,3.0,3.0,4.0,1.3972776,-0.6247571,1.0,0.0,0.905911,0.64971906
508.0,50815.0,2.0,1.0,18.0,3.0,4.0,18.0,-0.71551174,1.6002363,0.0,1.0,0.9594045,0.6673834
508.0,50835.0,1.0,1.0,0.0,3.0,3.0,0.0,1.3972776,1.6002363,1.0,1.0,1.96668,1.0
508.0,50836.0,2.0,1.0,0.0,3.0,3.0,0.0,1.3972776,1.6002363,1.0,1.0,1.96668,1.0
508.0,50837.0,3.0,1.0,22.0,3.0,3.0,0.0,1.3972776,-0.6247571,1.0,0.0,0.905911,0.64971906
508.0,50877.0,4.0,1.0,17.0,3.0,3.0,4.0,1.3972776,-0.6247571,1.0,0.0,0.905911,0.64971906
508.0,50883.0,,0.0,,,2.0,4.0,-0.71551174,-0.6247571,0.0,0.0,-1.0616579,-7.332227e-17
509.0,50910.0,3.0,1.0,17.0,3.0,3.0,15.0,1.3972776,-0.6247571,1.0,0.0,0.905911,0.64971906
509.0,50911.0,2.0,1.0,21.0,3.0,3.0,0.0,1.3972776,-0.6247571,1.0,0.0,0.905911,0.64971906
509.0,50971.0,2.0,1.0,1.0,4.0,4.0,9.0,1.3972776,-0.6247571,1.0,0.0,0.905911,0.64971906
509.0,50974.0,3.0,1.0,4.0,3.0,3.0,4.0,1.3972776,1.6002363,1.0,1.0,1.96668,1.0
509.0,50976.0,2.0,1.0,23.0,2.0,2.0,4.0,1.3972776,-0.6247571,1.0,0.0,0.905911,0.64971906
509.0,50978.0,2.0,1.0,23.0,3.0,3.0,4.0,1.3972776,-0.6247571,1.0,0.0,0.905911,0.64971906
510.0,51011.0,,1.0,,,3.0,0.0,-0.71551174,-0.6247571,0.0,0.0,-0.10136469,0.3171024
510.0,51012.0,,0.0,,,4.0,,-0.71551174,1.6002363,0.0,1.0,-0.00088872755,0.35028097
510.0,51015.0,2.0,1.0,0.0,3.0,3.0,0.0,1.3972776,1.6002363,1.0,1.0,1.0063869,0.6828976
510.0,51072.0,3.0,1.0,,3.0,3.0,4.0,1.3972776,-0.6247571,1.0,0.0,-0.0543822,0.3326167
510.0,51078.0,2.0,1.0,0.0,2.0,2.0,0.0,1.3972776,1.6002363,1.0,1.0,1.96668,1.0
510.0,51080.0,2.0,1.0,0.0,3.0,3.0,,1.3972776,,1.0,,0.24347176,0.43097225
510.0,51084.0,3.0,1.0,2.0,4.0,4.0,17.0,1.3972776,-0.6247571,1.0,0.0,0.905911,0.64971906
511.0,51111.0,1.0,1.0,0.0,2.0,3.0,0.0,-0.71551174,1.6002363,0.0,1.0,0.9594045,0.6673834
511.0,51115.0,2.0,1.0,23.0,2.0,3.0,23.0,-0.71551174,1.6002363,0.0,1.0,-0.00088872755,0.35028097
511.0,51174.0,3.0,1.0,17.0,3.0,3.0,17.0,1.3972776,1.6002363,1.0,1.0,1.96668,1.0
511.0,51177.0,1.0,1.0,0.0,3.0,2.0,0.0,-0.71551174,1.6002363,0.0,1.0,0.9594045,0.6673834
511.0,51178.0,1.0,1.0,0.0,,3.0,0.0,-0.71551174,1.6002363,0.0,1.0,-0.00088872755,0.35028097
511.0,51179.0,2.0,1.0,18.0,3.0,3.0,0.0,1.3972776,-0.6247571,1.0,0.0,-0.0543822,0.3326167
511.0,51180.0,2.0,1.0,9.0,3.0,3.0,0.0,1.3972776,-0.6247571,1.0,0.0,0.905911,0.64971906
511.0,51181.0,1.0,1.0,0.0,2.0,3.0,0.0,-0.71551174,1.6002363,0.0,1.0,0.9594045,0.6673834
511.0,51182.0,1.0,1.0,9.0,3.0,3.0,9.0,1.3972776,1.6002363,1.0,1.0,1.96668,1.0
512.0,51210.0,2.0,0.0,4.0,3.0,4.0,27.0,-0.71551174,-0.6247571,0.0,0.0,-1.0616579,-7.332227e-17
512.0,51212.0,2.0,1.0,14.0,3.0,3.0,27.0,1.3972776,-0.6247571,1.0,0.0,-0.0543822,0.3326167
512.0,51214.0,,1.0,,,3.0,23.0,-0.71551174,-0.6247571,0.0,0.0,-1.0616579,-7.332227e-17
512.0,51274.0,,0.0,,,4.0,17.0,-0.71551174,-0.6247571,0.0,0.0,-1.0616579,-7.332227e-17
512.0,51275.0,2.0,1.0,6.0,3.0,3.0,6.0,1.3972776,1.6002363,1.0,1.0,1.0063869,0.6828976
512.0,51277.0,3.0,1.0,9.0,3.0,4.0,17.0,-0.71551174,-0.6247571,0.0,0.0,-1.0616579,-7.332227e-17
513.0,51310.0,2.0,1.0,4.0,,3.0,4.0,-0.71551174,1.6002363,0.0,1.0,-0.00088872755,0.35028097
513.0,51313.0,1.0,1.0,4.0,2.0,2.0,0.0,1.3972776,-0.6247571,1.0,0.0,-0.0543822,0.3326167
513.0,51314.0,,0.0,,,3.0,4.0,-0.71551174,-0.6247571,0.0,0.0,-1.0616579,-7.332227e-17
513.0,51331.0,1.0,1.0,21.0,2.0,0.0,,-0.71551174,,0.0,,0.19648926,0.41545796
513.0,51371.0,,0.0,,,2.0,4.0,-0.71551174,-0.6247571,0.0,0.0,-1.0616579,-7.332227e-17
514.0,51410.0,3.0,1.0,24.0,3.0,4.0,24.0,-0.71551174,1.6002363,0.0,1.0,0.9594045,0.6673834
514.0,51411.0,,0.0,,,4.0,1.0,-0.71551174,-0.6247571,0.0,0.0,-1.0616579,-7.332227e-17
514.0,51413.0,,1.0,0.0,4.0,4.0,27.0,1.3972776,-0.6247571,1.0,0.0,-0.0543822,0.3326167
514.0,51481.0,3.0,1.0,4.0,3.0,3.0,0.0,1.3972776,-0.6247571,1.0,0.0,0.905911,0.64971906
514.0,51483.0,2.0,1.0,0.0,3.0,3.0,,1.3972776,,1.0,,1.2037649,0.74807465
514.0,51484.0,2.0,1.0,24.0,3.0,3.0,,1.3972776,,1.0,,0.24347176,0.43097225
514.0,51494.0,3.0,1.0,1.0,,2.0,17.0,-0.71551174,-0.6247571,0.0,0.0,-1.0616579,-7.332227e-17
515.0,51510.0,1.0,0.0,0.0,4.0,4.0,0.0,1.3972776,1.6002363,1.0,1.0,1.0063869,0.6828976
515.0,51511.0,3.0,1.0,0.0,3.0,3.0,0.0,1.3972776,1.6002363,1.0,1.0,1.96668,1.0
515.0,51512.0,3.0,0.0,4.0,4.0,4.0,27.0,1.3972776,-0.6247571,1.0,0.0,-0.0543822,0.3326167
515.0,51513.0,3.0,0.0,17.0,3.0,3.0,17.0,1.3972776,1.6002363,1.0,1.0,1.0063869,0.6828976
515.0,51514.0,4.0,1.0,9.0,4.0,4.0,17.0,1.3972776,-0.6247571,1.0,0.0,0.905911,0.64971906
515.0,51533.0,2.0,0.0,0.0,3.0,3.0,0.0,1.3972776,1.6002363,1.0,1.0,1.0063869,0.6828976
515.0,51534.0,3.0,0.0,0.0,3.0,3.0,4.0,1.3972776,-0.6247571,1.0,0.0,-0.0543822,0.3326167
515.0,51535.0,3.0,0.0,0.0,3.0,3.0,5.0,1.3972776,-0.6247571,1.0,0.0,-0.0543822,0.3326167
515.0,51536.0,1.0,1.0,0.0,2.0,3.0,14.0,-0.71551174,-0.6247571,0.0,0.0,-0.10136469,0.3171024
516.0,51610.0,,0.0,,,3.0,4.0,-0.71551174,-0.6247571,0.0,0.0,-1.0616579,-7.332227e-17
516.0,51611.0,,0.0,,,3.0,0.0,-0.71551174,-0.6247571,0.0,0.0,-1.0616579,-7.332227e-17
516.0,51613.0,,0.0,,,3.0,6.0,-0.71551174,-0.6247571,0.0,0.0,-1.0616579,-7.332227e-17
516.0,51614.0,3.0,1.0,6.0,3.0,3.0,6.0,1.3972776,1.6002363,1.0,1.0,1.96668,1.0
516.0,51616.0,,0.0,,,0.0,0.0,-0.71551174,-0.6247571,0.0,0.0,-1.0616579,-7.332227e-17
516.0,51678.0,,0.0,,,2.0,0.0,-0.71551174,-0.6247571,0.0,0.0,-1.0616579,-7.332227e-17
516.0,51679.0,2.0,1.0,25.0,2.0,3.0,4.0,-0.71551174,-0.6247571,0.0,0.0,-0.10136469,0.3171024
516.0,51680.0,,0.0,,,3.0,,-0.71551174,1.6002363,0.0,1.0,-0.00088872755,0.35028097
517.0,51710.0,4.0,1.0,9.0,4.0,4.0,27.0,1.3972776,-0.6247571,1.0,0.0,0.905911,0.64971906
517.0,51712.0,,0.0,,,3.0,0.0,-0.71551174,-0.6247571,0.0,0.0,-1.0616579,-7.332227e-17
517.0,51713.0,2.0,1.0,11.0,2.0,3.0,0.0,-0.71551174,-0.6247571,0.0,0.0,-0.10136469,0.3171024
517.0,51772.0,,0.0,,,2.0,4.0,-0.71551174,-0.6247571,0.0,0.0,-1.0616579,-7.332227e-17
517.0,51774.0,,0.0,,,4.0,27.0,-0.71551174,-0.6247571,0.0,0.0,-1.0616579,-7.332227e-17
517.0,51775.0,,0.0,,,4.0,27.0,-0.71551174,-0.6247571,0.0,0.0,-1.0616579,-7.332227e-17
517.0,51777.0,,0.0,,,3.0,,-0.71551174,1.6002363,0.0,1.0,-0.00088872755,0.35028097
518.0,51810.0,,0.0,,,4.0,1.0,-0.71551174,-0.6247571,0.0,0.0,-1.0616579,-7.332227e-17
518.0,51811.0,4.0,1.0,17.0,,4.0,17.0,-0.71551174,1.6002363,0.0,1.0,-0.00088872755,0.35028097
518.0,51812.0,,0.0,,,3.0,0.0,-0.71551174,-0.6247571,0.0,0.0,-1.0616579,-7.332227e-17
518.0,51880.0,,0.0,,,3.0,18.0,-0.71551174,-0.6247571,0.0,0.0,-1.0616579,-7.332227e-17
518.0,51881.0,,0.0,,,3.0,,-0.71551174,1.6002363,0.0,1.0,-0.00088872755,0.35028097
520.0,52010.0,2.0,1.0,4.0,3.0,4.0,28.0,-0.71551174,-0.6247571,0.0,0.0,-0.10136469,0.3171024
520.0,52071.0,,0.0,,,4.0,17.0,-0.71551174,-0.6247571,0.0,0.0,-1.0616579,-7.332227e-17
520.0,52072.0,3.0,1.0,2.0,4.0,4.0,27.0,1.3972776,-0.6247571,1.0,0.0,0.905911,0.64971906
520.0,52073.0,,0.0,,,3.0,6.0,-0.71551174,-0.6247571,0.0,0.0,-1.0616579,-7.332227e-17
520.0,52099.0,2.0,1.0,,3.0,2.0,0.0,-0.71551174,-0.6247571,0.0,0.0,-0.10136469,0.3171024
521.0,52112.0,,0.0,,,4.0,2.0,-0.71551174,-0.6247571,0.0,0.0,-1.0616579,-7.332227e-17
522.0,52210.0,2.0,1.0,18.0,3.0,3.0,18.0,1.3972776,1.6002363,1.0,1.0,1.96668,1.0
522.0,52214.0,3.0,1.0,6.0,3.0,3.0,6.0,1.3972776,1.6002363,1.0,1.0,1.96668,1.0
522.0,52232.0,2.0,1.0,0.0,3.0,3.0,17.0,1.3972776,-0.6247571,1.0,0.0,0.905911,0.64971906
522.0,52233.0,3.0,1.0,17.0,4.0,4.0,17.0,1.3972776,1.6002363,1.0,1.0,1.96668,1.0
522.0,52234.0,2.0,1.0,23.0,2.0,3.0,4.0,-0.71551174,-0.6247571,0.0,0.0,-0.10136469,0.3171024
522.0,52235.0,2.0,1.0,23.0,3.0,2.0,0.0,-0.71551174,-0.6247571,0.0,0.0,-0.10136469,0.3171024
523.0,52310.0,,0.0,,,3.0,0.0,-0.71551174,-0.6247571,0.0,0.0,-1.0616579,-7.332227e-17
523.0,52312.0,2.0,1.0,4.0,3.0,3.0,4.0,1.3972776,1.6002363,1.0,1.0,1.96668,1.0
523.0,52314.0,2.0,1.0,0.0,3.0,3.0,0.0,1.3972776,1.6002363,1.0,1.0,1.96668,1.0
523.0,52340.0,3.0,1.0,9.0,4.0,4.0,1.0,1.3972776,-0.6247571,1.0,0.0,0.905911,0.64971906
523.0,52341.0,3.0,1.0,9.0,3.0,4.0,27.0,-0.71551174,-0.6247571,0.0,0.0,-0.10136469,0.3171024
523.0,52374.0,,0.0,,,3.0,0.0,-0.71551174,-0.6247571,0.0,0.0,-1.0616579,-7.332227e-17
523.0,52375.0,,0.0,,,2.0,,-0.71551174,1.6002363,0.0,1.0,-0.00088872755,0.35028097
524.0,52410.0,3.0,0.0,25.0,,2.0,4.0,-0.71551174,-0.6247571,0.0,0.0,-1.0616579,-7.332227e-17
524.0,52414.0,2.0,0.0,4.0,,3.0,4.0,-0.71551174,1.6002363,0.0,1.0,-0.00088872755,0.35028097
524.0,52432.0,3.0,0.0,0.0,,3.0,0.0,-0.71551174,1.6002363,0.0,1.0,-0.00088872755,0.35028097
524.0,52433.0,2.0,1.0,9.0,3.0,3.0,17.0,1.3972776,-0.6247571,1.0,0.0,0.905911,0.64971906
524.0,52471.0,2.0,0.0,4.0,3.0,3.0,17.0,1.3972776,-0.6247571,1.0,0.0,-0.0543822,0.3326167
524.0,52472.0,3.0,0.0,4.0,,3.0,4.0,-0.71551174,1.6002363,0.0,1.0,-0.00088872755,0.35028097
525.0,52510.0,1.0,0.0,0.0,,2.0,23.0,-0.71551174,-0.6247571,0.0,0.0,-1.0616579,-7.332227e-17
525.0,52511.0,2.0,0.0,0.0,,3.0,15.0,-0.71551174,-0.6247571,0.0,0.0,-1.0616579,-7.332227e-17
525.0,52512.0,,0.0,,,3.0,17.0,-0.71551174,-0.6247571,0.0,0.0,-1.0616579,-7.332227e-17
525.0,52513.0,2.0,0.0,4.0,,3.0,,-0.71551174,,0.0,,-0.76380396,0.098355584
525.0,52514.0,2.0,0.0,0.0,,3.0,4.0,-0.71551174,-0.6247571,0.0,0.0,-1.0616579,-7.332227e-17
525.0,52577.0,,0.0,,,3.0,17.0,-0.71551174,-0.6247571,0.0,0.0,-1.0616579,-7.332227e-17
525.0,52578.0,2.0,0.0,4.0,2.0,3.0,10.0,-0.71551174,-0.6247571,0.0,0.0,-1.0616579,-7.332227e-17
526.0,52610.0,3.0,1.0,8.0,3.0,3.0,8.0,1.3972776,1.6002363,1.0,1.0,1.96668,1.0
526.0,52611.0,1.0,0.0,4.0,,2.0,0.0,-0.71551174,-0.6247571,0.0,0.0,-1.0616579,-7.332227e-17
526.0,52614.0,2.0,1.0,6.0,3.0,3.0,11.0,1.3972776,-0.6247571,1.0,0.0,0.905911,0.64971906
526.0,52658.0,3.0,1.0,9.0,3.0,4.0,9.0,-0.71551174,1.6002363,0.0,1.0,0.9594045,0.6673834
526.0,52659.0,,0.0,,,3.0,14.0,-0.71551174,-0.6247571,0.0,0.0,-1.0616579,-7.332227e-17
526.0,52660.0,3.0,1.0,17.0,4.0,3.0,17.0,-0.71551174,1.6002363,0.0,1.0,0.9594045,0.6673834
526.0,52661.0,,0.0,,,3.0,15.0,-0.71551174,-0.6247571,0.0,0.0,-1.0616579,-7.332227e-17
527.0,52711.0,2.0,1.0,4.0,,3.0,14.0,-0.71551174,-0.6247571,0.0,0.0,-0.10136469,0.3171024
527.0,52712.0,2.0,1.0,4.0,3.0,2.0,23.0,-0.71551174,-0.6247571,0.0,0.0,-0.10136469,0.3171024
527.0,52714.0,1.0,0.0,0.0,,2.0,4.0,-0.71551174,-0.6247571,0.0,0.0,-1.0616579,-7.332227e-17
527.0,52741.0,2.0,0.0,4.0,,3.0,4.0,-0.71551174,1.6002363,0.0,1.0,-0.00088872755,0.35028097
527.0,52742.0,2.0,1.0,7.0,,3.0,7.0,-0.71551174,1.6002363,0.0,1.0,0.9594045,0.6673834
527.0,52743.0,,0.0,,,3.0,4.0,-0.71551174,-0.6247571,0.0,0.0,-1.0616579,-7.332227e-17
528.0,52812.0,2.0,1.0,0.0,,3.0,4.0,-0.71551174,-0.6247571,0.0,0.0,-0.10136469,0.3171024
528.0,52872.0,2.0,1.0,4.0,,2.0,8.0,-0.71551174,-0.6247571,0.0,0.0,-0.10136469,0.3171024
528.0,52873.0,1.0,0.0,4.0,,3.0,8.0,-0.71551174,-0.6247571,0.0,0.0,-1.0616579,-7.332227e-17
528.0,52874.0,1.0,0.0,4.0,3.0,2.0,4.0,-0.71551174,1.6002363,0.0,1.0,-0.00088872755,0.35028097
528.0,52875.0,2.0,0.0,4.0,,3.0,13.0,-0.71551174,-0.6247571,0.0,0.0,-1.0616579,-7.332227e-17
528.0,52876.0,2.0,1.0,15.0,3.0,3.0,15.0,1.3972776,1.6002363,1.0,1.0,1.96668,1.0
529.0,52910.0,2.0,1.0,17.0,3.0,3.0,4.0,1.3972776,-0.6247571,1.0,0.0,0.905911,0.64971906
529.0,52911.0,1.0,1.0,6.0,,3.0,6.0,-0.71551174,1.6002363,0.0,1.0,0.9594045,0.6673834
529.0,52913.0,2.0,1.0,4.0,,3.0,8.0,-0.71551174,-0.6247571,0.0,0.0,-0.10136469,0.3171024
529.0,52971.0,2.0,1.0,4.0,,3.0,14.0,-0.71551174,-0.6247571,0.0,0.0,-1.0616579,-7.332227e-17
529.0,52972.0,1.0,1.0,0.0,3.0,3.0,8.0,1.3972776,-0.6247571,1.0,0.0,-0.0543822,0.3326167
529.0,52973.0,1.0,1.0,14.0,,3.0,14.0,-0.71551174,1.6002363,0.0,1.0,-0.00088872755,0.35028097
529.0,52974.0,1.0,1.0,4.0,,3.0,0.0,-0.71551174,-0.6247571,0.0,0.0,-1.0616579,-7.332227e-17
530.0,53010.0,1.0,1.0,4.0,2.0,3.0,8.0,-0.71551174,-0.6247571,0.0,0.0,-0.10136469,0.3171024
530.0,53011.0,1.0,1.0,0.0,3.0,3.0,4.0,1.3972776,-0.6247571,1.0,0.0,0.905911,0.64971906
530.0,53012.0,1.0,1.0,12.0,2.0,2.0,12.0,1.3972776,1.6002363,1.0,1.0,1.96668,1.0
530.0,53072.0,2.0,1.0,17.0,3.0,3.0,17.0,1.3972776,1.6002363,1.0,1.0,1.96668,1.0
530.0,53073.0,1.0,1.0,14.0,,2.0,4.0,-0.71551174,-0.6247571,0.0,0.0,-0.10136469,0.3171024
531.0,53110.0,2.0,1.0,5.0,3.0,3.0,4.0,1.3972776,-0.6247571,1.0,0.0,-0.0543822,0.3326167
531.0,53111.0,2.0,1.0,25.0,2.0,2.0,4.0,1.3972776,-0.6247571,1.0,0.0,-0.0543822,0.3326167
531.0,53173.0,1.0,1.0,0.0,,2.0,8.0,-0.71551174,-0.6247571,0.0,0.0,-0.10136469,0.3171024
531.0,53174.0,1.0,1.0,15.0,,3.0,8.0,-0.71551174,-0.6247571,0.0,0.0,-1.0616579,-7.332227e-17
531.0,53175.0,2.0,0.0,8.0,3.0,3.0,4.0,1.3972776,-0.6247571,1.0,0.0,-0.0543822,0.3326167
532.0,53211.0,1.0,1.0,8.0,,3.0,8.0,-0.71551174,1.6002363,0.0,1.0,0.9594045,0.6673834
532.0,53212.0,1.0,1.0,11.0,,3.0,4.0,-0.71551174,-0.6247571,0.0,0.0,-1.0616579,-7.332227e-17
532.0,53273.0,,0.0,,,3.0,8.0,-0.71551174,-0.6247571,0.0,0.0,-1.0616579,-7.332227e-17
532.0,53274.0,1.0,1.0,4.0,,3.0,8.0,-0.71551174,-0.6247571,0.0,0.0,-1.0616579,-7.332227e-17
532.0,53275.0,1.0,1.0,11.0,,3.0,14.0,-0.71551174,-0.6247571,0.0,0.0,-1.0616579,-7.332227e-17
533.0,53310.0,2.0,0.0,23.0,3.0,3.0,8.0,1.3972776,-0.6247571,1.0,0.0,-0.0543822,0.3326167
533.0,53312.0,2.0,0.0,5.0,,3.0,9.0,-0.71551174,-0.6247571,0.0,0.0,-1.0616579,-7.332227e-17
533.0,53313.0,4.0,1.0,17.0,3.0,4.0,17.0,-0.71551174,1.6002363,0.0,1.0,0.9594045,0.6673834
533.0,53314.0,1.0,1.0,0.0,4.0,3.0,0.0,-0.71551174,1.6002363,0.0,1.0,0.9594045,0.6673834
533.0,53385.0,3.0,0.0,5.0,3.0,3.0,,1.3972776,,1.0,,0.24347176,0.43097225
533.0,53388.0,3.0,1.0,17.0,3.0,3.0,17.0,1.3972776,1.6002363,1.0,1.0,1.96668,1.0
533.0,53392.0,4.0,1.0,1.0,4.0,3.0,9.0,-0.71551174,-0.6247571,0.0,0.0,-1.0616579,-7.332227e-17
534.0,53410.0,2.0,0.0,,,3.0,4.0,-0.71551174,-0.6247571,0.0,0.0,-1.0616579,-7.332227e-17
534.0,53411.0,2.0,0.0,,,4.0,17.0,-0.71551174,-0.6247571,0.0,0.0,-1.0616579,-7.332227e-17
534.0,53413.0,2.0,0.0,4.0,,3.0,17.0,-0.71551174,-0.6247571,0.0,0.0,-1.0616579,-7.332227e-17
534.0,53414.0,,0.0,,,0.0,25.0,-0.71551174,-0.6247571,0.0,0.0,-1.0616579,-7.332227e-17
534.0,53471.0,2.0,0.0,8.0,,3.0,8.0,-0.71551174,1.6002363,0.0,1.0,-0.00088872755,0.35028097
534.0,53472.0,1.0,1.0,,,2.0,8.0,-0.71551174,-0.6247571,0.0,0.0,-1.0616579,-7.332227e-17
534.0,53475.0,1.0,0.0,,,0.0,13.0,-0.71551174,-0.6247571,0.0,0.0,-1.0616579,-7.332227e-17
535.0,53510.0,2.0,1.0,25.0,2.0,3.0,0.0,-0.71551174,-0.6247571,0.0,0.0,-0.10136469,0.3171024
535.0,53511.0,,0.0,,,3.0,17.0,-0.71551174,-0.6247571,0.0,0.0,-1.0616579,-7.332227e-17
535.0,53512.0,2.0,0.0,12.0,3.0,4.0,0.0,-0.71551174,-0.6247571,0.0,0.0,-1.0616579,-7.332227e-17
535.0,53580.0,,0.0,,,4.0,5.0,-0.71551174,-0.6247571,0.0,0.0,-1.0616579,-7.332227e-17
536.0,53611.0,,0.0,,,3.0,4.0,-0.71551174,-0.6247571,0.0,0.0,-1.0616579,-7.332227e-17
536.0,53612.0,,0.0,,,3.0,4.0,-0.71551174,-0.6247571,0.0,0.0,-1.0616579,-7.332227e-17
536.0,53631.0,2.0,1.0,25.0,3.0,3.0,0.0,1.3972776,-0.6247571,1.0,0.0,-0.0543822,0.3326167
536.0,53632.0,2.0,1.0,0.0,,3.0,0.0,-0.71551174,1.6002363,0.0,1.0,0.9594045,0.6673834
536.0,53633.0,1.0,1.0,0.0,2.0,3.0,0.0,-0.71551174,1.6002363,0.0,1.0,-0.00088872755,0.35028097
537.0,53710.0,,0.0,,,2.0,0.0,-0.71551174,-0.6247571,0.0,0.0,-1.0616579,-7.332227e-17
537.0,53711.0,1.0,1.0,0.0,,2.0,0.0,-0.71551174,1.6002363,0.0,1.0,0.9594045,0.6673834
537.0,53712.0,,0.0,,,2.0,8.0,-0.71551174,-0.6247571,0.0,0.0,-1.0616579,-7.332227e-17
537.0,53713.0,,0.0,,,3.0,14.0,-0.71551174,-0.6247571,0.0,0.0,-1.0616579,-7.332227e-17
537.0,53731.0,2.0,1.0,21.0,3.0,3.0,4.0,1.3972776,-0.6247571,1.0,0.0,0.905911,0.64971906
537.0,53732.0,2.0,1.0,,,3.0,17.0,-0.71551174,-0.6247571,0.0,0.0,-0.10136469,0.3171024
537.0,53733.0,2.0,1.0,11.0,3.0,3.0,11.0,1.3972776,1.6002363,1.0,1.0,1.96668,1.0
538.0,53810.0,3.0,1.0,9.0,4.0,4.0,17.0,1.3972776,-0.6247571,1.0,0.0,0.905911,0.64971906
538.0,53812.0,,0.0,,,3.0,,-0.71551174,1.6002363,0.0,1.0,-0.00088872755,0.35028097
538.0,53813.0,2.0,1.0,0.0,,2.0,0.0,-0.71551174,1.6002363,0.0,1.0,0.9594045,0.6673834
538.0,53843.0,3.0,1.0,9.0,,3.0,9.0,-0.71551174,1.6002363,0.0,1.0,0.9594045,0.6673834
538.0,53844.0,2.0,1.0,17.0,2.0,3.0,17.0,-0.71551174,1.6002363,0.0,1.0,0.9594045,0.6673834
538.0,53845.0,2.0,1.0,17.0,,4.0,17.0,-0.71551174,1.6002363,0.0,1.0,0.9594045,0.6673834
538.0,53846.0,2.0,1.0,24.0,3.0,3.0,0.0,1.3972776,-0.6247571,1.0,0.0,0.905911,0.64971906
539.0,53910.0,1.0,1.0,4.0,4.0,2.0,8.0,-0.71551174,-0.6247571,0.0,0.0,-0.10136469,0.3171024
539.0,53911.0,2.0,1.0,15.0,3.0,3.0,15.0,1.3972776,1.6002363,1.0,1.0,1.96668,1.0
539.0,53912.0,3.0,1.0,9.0,3.0,3.0,17.0,1.3972776,-0.6247571,1.0,0.0,0.905911,0.64971906
539.0,53971.0,5.0,1.0,9.0,4.0,4.0,17.0,1.3972776,-0.6247571,1.0,0.0,0.905911,0.64971906
539.0,53972.0,2.0,1.0,15.0,3.0,3.0,15.0,1.3972776,1.6002363,1.0,1.0,1.96668,1.0
539.0,53973.0,1.0,1.0,17.0,2.0,3.0,0.0,-0.71551174,-0.6247571,0.0,0.0,-0.10136469,0.3171024
539.0,53974.0,3.0,1.0,0.0,,3.0,17.0,-0.71551174,-0.6247571,0.0,0.0,-0.10136469,0.3171024
539.0,53975.0,4.0,1.0,17.0,4.0,4.0,17.0,1.3972776,1.6002363,1.0,1.0,1.0063869,0.6828976
539.0,53976.0,3.0,1.0,9.0,4.0,3.0,9.0,-0.71551174,1.6002363,0.0,1.0,0.9594045,0.6673834
540.0,54011.0,,0.0,,,2.0,5.0,-0.71551174,-0.6247571,0.0,0.0,-1.0616579,-7.332227e-17
540.0,54014.0,,0.0,,,1.0,4.0,-0.71551174,-0.6247571,0.0,0.0,-1.0616579,-7.332227e-17
540.0,54071.0,2.0,1.0,0.0,2.0,3.0,4.0,-0.71551174,-0.6247571,0.0,0.0,-0.10136469,0.3171024
540.0,54073.0,2.0,1.0,5.0,3.0,3.0,4.0,1.3972776,-0.6247571,1.0,0.0,0.905911,0.64971906
540.0,54074.0,3.0,1.0,28.0,3.0,4.0,,-0.71551174,,0.0,,0.19648926,0.41545796
540.0,54075.0,,0.0,,,2.0,4.0,-0.71551174,-0.6247571,0.0,0.0,-1.0616579,-7.332227e-17
540.0,54076.0,,0.0,,,3.0,0.0,-0.71551174,-0.6247571,0.0,0.0,-1.0616579,-7.332227e-17
541.0,54113.0,1.0,1.0,4.0,,2.0,0.0,-0.71551174,-0.6247571,0.0,0.0,-0.10136469,0.3171024
541.0,54114.0,1.0,1.0,0.0,3.0,2.0,0.0,-0.71551174,1.6002363,0.0,1.0,0.9594045,0.6673834
541.0,54132.0,1.0,0.0,9.0,2.0,2.0,15.0,1.3972776,-0.6247571,1.0,0.0,-0.0543822,0.3326167
541.0,54133.0,1.0,1.0,0.0,3.0,3.0,17.0,1.3972776,-0.6247571,1.0,0.0,-0.0543822,0.3326167
541.0,54172.0,1.0,1.0,4.0,2.0,3.0,8.0,-0.71551174,-0.6247571,0.0,0.0,-0.10136469,0.3171024
541.0,54173.0,1.0,1.0,0.0,2.0,2.0,0.0,1.3972776,1.6002363,1.0,1.0,1.96668,1.0
541.0,54174.0,2.0,1.0,4.0,3.0,3.0,8.0,1.3972776,-0.6247571,1.0,0.0,0.905911,0.64971906
542.0,54210.0,4.0,1.0,9.0,4.0,4.0,17.0,1.3972776,-0.6247571,1.0,0.0,0.905911,0.64971906
542.0,54211.0,2.0,1.0,0.0,2.0,3.0,0.0,-0.71551174,1.6002363,0.0,1.0,0.9594045,0.6673834
542.0,54212.0,2.0,1.0,12.0,2.0,3.0,28.0,-0.71551174,-0.6247571,0.0,0.0,-0.10136469,0.3171024
542.0,54213.0,2.0,1.0,3.0,0.0,3.0,4.0,-0.71551174,-0.6247571,0.0,0.0,-0.10136469,0.3171024
542.0,54273.0,1.0,1.0,0.0,2.0,3.0,0.0,-0.71551174,1.6002363,0.0,1.0,0.9594045,0.6673834
542.0,54276.0,3.0,1.0,24.0,3.0,3.0,0.0,1.3972776,-0.6247571,1.0,0.0,0.905911,0.64971906
543.0,54311.0,3.0,1.0,9.0,3.0,3.0,9.0,1.3972776,1.6002363,1.0,1.0,1.96668,1.0
543.0,54312.0,,0.0,,,4.0,9.0,-0.71551174,-0.6247571,0.0,0.0,-1.0616579,-7.332227e-17
543.0,54313.0,2.0,1.0,21.0,3.0,3.0,21.0,1.3972776,1.6002363,1.0,1.0,1.96668,1.0
543.0,54314.0,,0.0,,,2.0,0.0,-0.71551174,-0.6247571,0.0,0.0,-1.0616579,-7.332227e-17
543.0,54371.0,2.0,1.0,0.0,3.0,3.0,17.0,1.3972776,-0.6247571,1.0,0.0,0.905911,0.64971906
543.0,54372.0,,0.0,,,3.0,,-0.71551174,1.6002363,0.0,1.0,-0.00088872755,0.35028097
543.0,54373.0,1.0,0.0,0.0,2.0,0.0,8.0,-0.71551174,-0.6247571,0.0,0.0,-1.0616579,-7.332227e-17
544.0,54410.0,1.0,1.0,12.0,3.0,3.0,4.0,1.3972776,-0.6247571,1.0,0.0,0.905911,0.64971906
544.0,54411.0,1.0,1.0,,3.0,3.0,27.0,1.3972776,-0.6247571,1.0,0.0,0.905911,0.64971906
544.0,54412.0,,0.0,,,3.0,4.0,-0.71551174,-0.6247571,0.0,0.0,-1.0616579,-7.332227e-17
544.0,54431.0,,0.0,,,2.0,4.0,-0.71551174,-0.6247571,0.0,0.0,-1.0616579,-7.332227e-17
544.0,54432.0,,0.0,,,4.0,27.0,-0.71551174,-0.6247571,0.0,0.0,-1.0616579,-7.332227e-17
545.0,54510.0,3.0,0.0,0.0,,3.0,0.0,-0.71551174,1.6002363,0.0,1.0,-0.00088872755,0.35028097
545.0,54512.0,3.0,1.0,23.0,,3.0,0.0,-0.71551174,-0.6247571,0.0,0.0,-0.10136469,0.3171024
545.0,54532.0,3.0,1.0,0.0,,4.0,17.0,-0.71551174,-0.6247571,0.0,0.0,-0.10136469,0.3171024
545.0,54571.0,2.0,0.0,0.0,3.0,3.0,4.0,1.3972776,-0.6247571,1.0,0.0,-0.0543822,0.3326167
545.0,54572.0,,0.0,,,3.0,6.0,-0.71551174,-0.6247571,0.0,0.0,-1.0616579,-7.332227e-17
545.0,54573.0,3.0,0.0,0.0,3.0,3.0,17.0,1.3972776,-0.6247571,1.0,0.0,-0.0543822,0.3326167
546.0,54610.0,,0.0,,,1.0,21.0,-0.71551174,-0.6247571,0.0,0.0,-1.0616579,-7.332227e-17
547.0,54710.0,2.0,1.0,0.0,2.0,2.0,0.0,1.3972776,1.6002363,1.0,1.0,1.96668,1.0
547.0,54711.0,2.0,1.0,4.0,,0.0,4.0,-0.71551174,1.6002363,0.0,1.0,-0.00088872755,0.35028097
547.0,54712.0,2.0,1.0,0.0,3.0,3.0,0.0,1.3972776,1.6002363,1.0,1.0,1.96668,1.0
547.0,54713.0,,0.0,,,3.0,0.0,-0.71551174,-0.6247571,0.0,0.0,-1.0616579,-7.332227e-17
547.0,54714.0,3.0,1.0,21.0,2.0,4.0,4.0,-0.71551174,-0.6247571,0.0,0.0,-1.0616579,-7.332227e-17
547.0,54731.0,1.0,1.0,13.0,3.0,3.0,11.0,1.3972776,-0.6247571,1.0,0.0,0.905911,0.64971906
547.0,54732.0,4.0,1.0,17.0,4.0,4.0,9.0,1.3972776,-0.6247571,1.0,0.0,0.905911,0.64971906
548.0,54813.0,2.0,1.0,0.0,2.0,1.0,0.0,-0.71551174,1.6002363,0.0,1.0,-0.00088872755,0.35028097
548.0,54814.0,3.0,1.0,13.0,3.0,2.0,0.0,-0.71551174,-0.6247571,0.0,0.0,-0.10136469,0.3171024
548.0,54835.0,4.0,1.0,15.0,,2.0,17.0,-0.71551174,-0.6247571,0.0,0.0,-1.0616579,-7.332227e-17
548.0,54836.0,4.0,1.0,21.0,3.0,4.0,,-0.71551174,,0.0,,-0.76380396,0.098355584
548.0,54837.0,,0.0,,,2.0,0.0,-0.71551174,-0.6247571,0.0,0.0,-1.0616579,-7.332227e-17
549.0,54910.0,3.0,1.0,6.0,3.0,3.0,18.0,1.3972776,-0.6247571,1.0,0.0,0.905911,0.64971906
549.0,54911.0,,0.0,,,2.0,0.0,-0.71551174,-0.6247571,0.0,0.0,-1.0616579,-7.332227e-17
549.0,54913.0,3.0,1.0,17.0,3.0,3.0,15.0,1.3972776,-0.6247571,1.0,0.0,0.905911,0.64971906
549.0,54937.0,1.0,1.0,0.0,3.0,3.0,,1.3972776,,1.0,,1.2037649,0.74807465
549.0,54938.0,2.0,1.0,17.0,3.0,3.0,17.0,1.3972776,1.6002363,1.0,1.0,1.96668,1.0
549.0,54939.0,2.0,1.0,17.0,2.0,3.0,17.0,-0.71551174,1.6002363,0.0,1.0,0.9594045,0.6673834
550.0,55011.0,,0.0,,,2.0,20.0,-0.71551174,-0.6247571,0.0,0.0,-1.0616579,-7.332227e-17
550.0,55012.0,,0.0,,,2.0,4.0,-0.71551174,-0.6247571,0.0,0.0,-1.0616579,-7.332227e-17
550.0,55014.0,2.0,1.0,25.0,2.0,3.0,0.0,-0.71551174,-0.6247571,0.0,0.0,-0.10136469,0.3171024
550.0,55033.0,2.0,1.0,4.0,3.0,3.0,4.0,1.3972776,1.6002363,1.0,1.0,1.96668,1.0
550.0,55034.0,1.0,1.0,21.0,2.0,3.0,0.0,-0.71551174,-0.6247571,0.0,0.0,-0.10136469,0.3171024
550.0,55035.0,1.0,1.0,28.0,2.0,3.0,17.0,-0.71551174,-0.6247571,0.0,0.0,-0.10136469,0.3171024
550.0,55036.0,2.0,1.0,0.0,3.0,3.0,0.0,1.3972776,1.6002363,1.0,1.0,1.96668,1.0
551.0,55112.0,,0.0,,,3.0,0.0,-0.71551174,-0.6247571,0.0,0.0,-1.0616579,-7.332227e-17
551.0,55115.0,,0.0,,,3.0,4.0,-0.71551174,-0.6247571,0.0,0.0,-1.0616579,-7.332227e-17
551.0,55132.0,2.0,1.0,14.0,2.0,3.0,4.0,-0.71551174,-0.6247571,0.0,0.0,-0.10136469,0.3171024
551.0,55133.0,,0.0,,,3.0,4.0,-0.71551174,-0.6247571,0.0,0.0,-1.0616579,-7.332227e-17
551.0,55134.0,1.0,1.0,14.0,2.0,3.0,4.0,-0.71551174,-0.6247571,0.0,0.0,-0.10136469,0.3171024
551.0,55135.0,,0.0,,,4.0,27.0,-0.71551174,-0.6247571,0.0,0.0,-1.0616579,-7.332227e-17
551.0,55136.0,,0.0,,,3.0,4.0,-0.71551174,-0.6247571,0.0,0.0,-1.0616579,-7.332227e-17
552.0,55210.0,,0.0,,,1.0,21.0,-0.71551174,-0.6247571,0.0,0.0,-1.0616579,-7.332227e-17
552.0,55211.0,1.0,1.0,0.0,3.0,2.0,0.0,-0.71551174,1.6002363,0.0,1.0,0.9594045,0.6673834
552.0,55213.0,3.0,1.0,17.0,3.0,3.0,17.0,1.3972776,1.6002363,1.0,1.0,1.96668,1.0
552.0,55214.0,2.0,1.0,0.0,3.0,3.0,0.0,1.3972776,1.6002363,1.0,1.0,1.96668,1.0
552.0,55215.0,2.0,1.0,21.0,3.0,3.0,0.0,1.3972776,-0.6247571,1.0,0.0,0.905911,0.64971906
552.0,55271.0,,0.0,,,3.0,4.0,-0.71551174,-0.6247571,0.0,0.0,-1.0616579,-7.332227e-17
552.0,55276.0,3.0,1.0,1.0,,2.0,1.0,-0.71551174,1.6002363,0.0,1.0,0.9594045,0.6673834
552.0,55278.0,,0.0,,,3.0,11.0,-0.71551174,-0.6247571,0.0,0.0,-1.0616579,-7.332227e-17
552.0,55280.0,,0.0,,,2.0,25.0,-0.71551174,-0.6247571,0.0,0.0,-1.0616579,-7.332227e-17
553.0,55310.0,2.0,1.0,0.0,,2.0,0.0,-0.71551174,1.6002363,0.0,1.0,0.9594045,0.6673834
553.0,55311.0,3.0,1.0,17.0,3.0,3.0,9.0,1.3972776,-0.6247571,1.0,0.0,0.905911,0.64971906
553.0,55312.0,1.0,1.0,4.0,0.0,1.0,0.0,-0.71551174,-0.6247571,0.0,0.0,-0.10136469,0.3171024
553.0,55313.0,,0.0,,,1.0,0.0,-0.71551174,-0.6247571,0.0,0.0,-1.0616579,-7.332227e-17
553.0,55314.0,3.0,1.0,14.0,,2.0,0.0,-0.71551174,-0.6247571,0.0,0.0,-0.10136469,0.3171024
553.0,55331.0,1.0,1.0,0.0,3.0,1.0,0.0,-0.71551174,1.6002363,0.0,1.0,0.9594045,0.6673834
553.0,55332.0,1.0,1.0,0.0,,1.0,0.0,-0.71551174,1.6002363,0.0,1.0,0.9594045,0.6673834
554.0,55412.0,3.0,1.0,9.0,3.0,2.0,9.0,-0.71551174,1.6002363,0.0,1.0,0.9594045,0.6673834
554.0,55414.0,,0.0,,,1.0,4.0,-0.71551174,-0.6247571,0.0,0.0,-1.0616579,-7.332227e-17
554.0,55432.0,3.0,1.0,0.0,3.0,2.0,,-0.71551174,,0.0,,0.19648926,0.41545796
554.0,55433.0,3.0,1.0,0.0,3.0,2.0,,-0.71551174,,0.0,,0.19648926,0.41545796
554.0,55434.0,,0.0,,,2.0,0.0,-0.71551174,-0.6247571,0.0,0.0,-1.0616579,-7.332227e-17
555.0,55510.0,1.0,1.0,4.0,3.0,3.0,4.0,1.3972776,1.6002363,1.0,1.0,1.96668,1.0
555.0,55511.0,,0.0,,,3.0,4.0,-0.71551174,-0.6247571,0.0,0.0,-1.0616579,-7.332227e-17
555.0,55512.0,2.0,1.0,25.0,2.0,2.0,4.0,1.3972776,-0.6247571,1.0,0.0,0.905911,0.64971906
555.0,55513.0,1.0,1.0,0.0,0.0,2.0,0.0,-0.71551174,1.6002363,0.0,1.0,-0.00088872755,0.35028097
555.0,55514.0,,0.0,,,2.0,4.0,-0.71551174,-0.6247571,0.0,0.0,-1.0616579,-7.332227e-17
555.0,55532.0,,0.0,,,3.0,6.0,-0.71551174,-0.6247571,0.0,0.0,-1.0616579,-7.332227e-17
555.0,55533.0,3.0,1.0,17.0,3.0,3.0,17.0,1.3972776,1.6002363,1.0,1.0,1.96668,1.0
556.0,55611.0,,0.0,,,3.0,,-0.71551174,1.6002363,0.0,1.0,-0.00088872755,0.35028097
556.0,55612.0,,0.0,,,3.0,25.0,-0.71551174,-0.6247571,0.0,0.0,-1.0616579,-7.332227e-17
556.0,55613.0,2.0,1.0,9.0,3.0,4.0,0.0,-0.71551174,-0.6247571,0.0,0.0,-0.10136469,0.3171024
556.0,55614.0,,0.0,,,3.0,0.0,-0.71551174,-0.6247571,0.0,0.0,-1.0616579,-7.332227e-17
556.0,55671.0,,0.0,,,3.0,8.0,-0.71551174,-0.6247571,0.0,0.0,-1.0616579,-7.332227e-17
556.0,55672.0,,0.0,,,4.0,27.0,-0.71551174,-0.6247571,0.0,0.0,-1.0616579,-7.332227e-17
556.0,55673.0,,0.0,,,3.0,0.0,-0.71551174,-0.6247571,0.0,0.0,-1.0616579,-7.332227e-17
557.0,55710.0,3.0,1.0,28.0,3.0,3.0,17.0,1.3972776,-0.6247571,1.0,0.0,0.905911,0.64971906
557.0,55713.0,2.0,1.0,4.0,3.0,3.0,4.0,1.3972776,1.6002363,1.0,1.0,1.0063869,0.6828976
557.0,55714.0,,0.0,,,3.0,0.0,-0.71551174,-0.6247571,0.0,0.0,-1.0616579,-7.332227e-17
557.0,55733.0,2.0,1.0,0.0,,3.0,0.0,-0.71551174,1.6002363,0.0,1.0,0.9594045,0.6673834
557.0,55734.0,,0.0,,,3.0,17.0,-0.71551174,-0.6247571,0.0,0.0,-1.0616579,-7.332227e-17
557.0,55735.0,,0.0,,,3.0,2.0,-0.71551174,-0.6247571,0.0,0.0,-1.0616579,-7.332227e-17
558.0,55810.0,,0.0,,,3.0,17.0,-0.71551174,-0.6247571,0.0,0.0,-1.0616579,-7.332227e-17
558.0,55811.0,,0.0,,,3.0,17.0,-0.71551174,-0.6247571,0.0,0.0,-1.0616579,-7.332227e-17
558.0,55812.0,2.0,1.0,25.0,3.0,3.0,0.0,1.3972776,-0.6247571,1.0,0.0,0.905911,0.64971906
558.0,55813.0,4.0,1.0,17.0,4.0,3.0,28.0,-0.71551174,-0.6247571,0.0,0.0,-0.10136469,0.3171024
558.0,55814.0,2.0,1.0,0.0,3.0,4.0,15.0,-0.71551174,-0.6247571,0.0,0.0,-0.10136469,0.3171024
558.0,55871.0,4.0,1.0,17.0,4.0,4.0,,1.3972776,,1.0,,1.2037649,0.74807465
558.0,55872.0,,0.0,,,4.0,4.0,-0.71551174,-0.6247571,0.0,0.0,-1.0616579,-7.332227e-17
559.0,55912.0,3.0,1.0,4.0,3.0,3.0,25.0,1.3972776,-0.6247571,1.0,0.0,0.905911,0.64971906
559.0,55914.0,3.0,1.0,28.0,2.0,3.0,28.0,-0.71551174,1.6002363,0.0,1.0,0.9594045,0.6673834
559.0,55971.0,2.0,1.0,28.0,2.0,3.0,28.0,-0.71551174,1.6002363,0.0,1.0,0.9594045,0.6673834
559.0,55972.0,,0.0,,,3.0,21.0,-0.71551174,-0.6247571,0.0,0.0,-1.0616579,-7.332227e-17
559.0,55973.0,2.0,1.0,0.0,2.0,2.0,6.0,1.3972776,-0.6247571,1.0,0.0,0.905911,0.64971906
559.0,55974.0,,0.0,,,3.0,0.0,-0.71551174,-0.6247571,0.0,0.0,-1.0616579,-7.332227e-17
560.0,56010.0,2.0,1.0,11.0,3.0,4.0,22.0,-0.71551174,-0.6247571,0.0,0.0,-0.10136469,0.3171024
560.0,56011.0,1.0,1.0,0.0,0.0,2.0,4.0,-0.71551174,-0.6247571,0.0,0.0,-0.10136469,0.3171024
560.0,56012.0,3.0,1.0,0.0,3.0,3.0,4.0,1.3972776,-0.6247571,1.0,0.0,0.905911,0.64971906
560.0,56013.0,2.0,1.0,12.0,3.0,3.0,4.0,1.3972776,-0.6247571,1.0,0.0,0.905911,0.64971906
560.0,56031.0,,0.0,,,3.0,8.0,-0.71551174,-0.6247571,0.0,0.0,-1.0616579,-7.332227e-17
560.0,56071.0,2.0,1.0,21.0,3.0,3.0,17.0,1.3972776,-0.6247571,1.0,0.0,0.905911,0.64971906
560.0,56072.0,1.0,1.0,0.0,0.0,3.0,0.0,-0.71551174,1.6002363,0.0,1.0,0.9594045,0.6673834
560.0,56073.0,,0.0,,,3.0,15.0,-0.71551174,-0.6247571,0.0,0.0,-1.0616579,-7.332227e-17
560.0,56074.0,3.0,1.0,0.0,3.0,3.0,18.0,1.3972776,-0.6247571,1.0,0.0,0.905911,0.64971906
561.0,56112.0,2.0,1.0,17.0,,,,,,,,-0.42268258,0.21099868
561.0,56113.0,2.0,1.0,18.0,3.0,3.0,0.0,1.3972776,-0.6247571,1.0,0.0,-0.0543822,0.3326167
561.0,56114.0,,0.0,,,4.0,27.0,-0.71551174,-0.6247571,0.0,0.0,-1.0616579,-7.332227e-17
561.0,56172.0,,0.0,,,3.0,5.0,-0.71551174,-0.6247571,0.0,0.0,-1.0616579,-7.332227e-17
561.0,56173.0,3.0,1.0,17.0,4.0,3.0,17.0,-0.71551174,1.6002363,0.0,1.0,-0.00088872755,0.35028097
561.0,56174.0,,0.0,,,3.0,4.0,-0.71551174,-0.6247571,0.0,0.0,-1.0616579,-7.332227e-17
562.0,56210.0,2.0,1.0,0.0,,3.0,23.0,-0.71551174,-0.6247571,0.0,0.0,-1.0616579,-7.332227e-17
562.0,56212.0,2.0,1.0,4.0,0.0,2.0,0.0,-0.71551174,-0.6247571,0.0,0.0,-1.0616579,-7.332227e-17
562.0,56214.0,2.0,1.0,,,3.0,23.0,-0.71551174,-0.6247571,0.0,0.0,-1.0616579,-7.332227e-17
562.0,56215.0,,0.0,,,3.0,0.0,-0.71551174,-0.6247571,0.0,0.0,-1.0616579,-7.332227e-17
562.0,56234.0,2.0,1.0,4.0,3.0,3.0,0.0,1.3972776,-0.6247571,1.0,0.0,0.905911,0.64971906
562.0,56235.0,2.0,1.0,0.0,3.0,3.0,,1.3972776,,1.0,,1.2037649,0.74807465
562.0,56236.0,2.0,1.0,0.0,,3.0,,-0.71551174,,0.0,,-0.76380396,0.098355584
563.0,56310.0,2.0,1.0,17.0,3.0,3.0,15.0,1.3972776,-0.6247571,1.0,0.0,0.905911,0.64971906
563.0,56311.0,2.0,1.0,12.0,3.0,3.0,4.0,1.3972776,-0.6247571,1.0,0.0,0.905911,0.64971906
563.0,56313.0,2.0,1.0,27.0,4.0,4.0,27.0,1.3972776,1.6002363,1.0,1.0,1.96668,1.0
563.0,56314.0,2.0,1.0,21.0,3.0,3.0,,1.3972776,,1.0,,0.24347176,0.43097225
563.0,56371.0,2.0,1.0,4.0,3.0,3.0,0.0,1.3972776,-0.6247571,1.0,0.0,0.905911,0.64971906
563.0,56372.0,2.0,1.0,9.0,3.0,3.0,17.0,1.3972776,-0.6247571,1.0,0.0,0.905911,0.64971906
564.0,56410.0,2.0,1.0,4.0,2.0,0.0,0.0,-0.71551174,-0.6247571,0.0,0.0,-1.0616579,-7.332227e-17
564.0,56411.0,,0.0,,,4.0,22.0,-0.71551174,-0.6247571,0.0,0.0,-1.0616579,-7.332227e-17
564.0,56412.0,2.0,1.0,0.0,3.0,4.0,0.0,-0.71551174,1.6002363,0.0,1.0,-0.00088872755,0.35028097
564.0,56413.0,,0.0,,,2.0,0.0,-0.71551174,-0.6247571,0.0,0.0,-1.0616579,-7.332227e-17
564.0,56431.0,2.0,1.0,9.0,3.0,3.0,9.0,1.3972776,1.6002363,1.0,1.0,1.96668,1.0
564.0,56432.0,2.0,1.0,0.0,2.0,3.0,0.0,-0.71551174,1.6002363,0.0,1.0,0.9594045,0.6673834
564.0,56433.0,2.0,1.0,18.0,3.0,3.0,17.0,1.3972776,-0.6247571,1.0,0.0,-0.0543822,0.3326167
564.0,56434.0,2.0,1.0,0.0,,4.0,27.0,-0.71551174,-0.6247571,0.0,0.0,-1.0616579,-7.332227e-17
565.0,56510.0,1.0,1.0,4.0,0.0,0.0,4.0,1.3972776,1.6002363,1.0,1.0,1.96668,1.0
565.0,56511.0,1.0,1.0,0.0,0.0,0.0,0.0,1.3972776,1.6002363,1.0,1.0,1.96668,1.0
565.0,56512.0,1.0,1.0,4.0,,3.0,22.0,-0.71551174,-0.6247571,0.0,0.0,-0.10136469,0.3171024
565.0,56514.0,2.0,1.0,4.0,2.0,2.0,0.0,1.3972776,-0.6247571,1.0,0.0,0.905911,0.64971906
565.0,56571.0,4.0,1.0,4.0,3.0,2.0,25.0,-0.71551174,-0.6247571,0.0,0.0,-0.10136469,0.3171024
565.0,56572.0,3.0,1.0,9.0,4.0,4.0,17.0,1.3972776,-0.6247571,1.0,0.0,0.905911,0.64971906
565.0,56573.0,2.0,1.0,0.0,,3.0,8.0,-0.71551174,-0.6247571,0.0,0.0,-0.10136469,0.3171024
565.0,56574.0,1.0,1.0,0.0,0.0,3.0,23.0,-0.71551174,-0.6247571,0.0,0.0,-0.10136469,0.3171024
566.0,56612.0,2.0,1.0,21.0,2.0,2.0,21.0,1.3972776,1.6002363,1.0,1.0,1.0063869,0.6828976
566.0,56613.0,,0.0,,,3.0,17.0,-0.71551174,-0.6247571,0.0,0.0,-1.0616579,-7.332227e-17
566.0,56614.0,,0.0,,,3.0,8.0,-0.71551174,-0.6247571,0.0,0.0,-1.0616579,-7.332227e-17
566.0,56632.0,2.0,1.0,27.0,4.0,4.0,0.0,1.3972776,-0.6247571,1.0,0.0,-0.0543822,0.3326167
566.0,56633.0,2.0,1.0,4.0,3.0,3.0,,1.3972776,,1.0,,0.24347176,0.43097225
567.0,56710.0,,0.0,,,2.0,24.0,-0.71551174,-0.6247571,0.0,0.0,-1.0616579,-7.332227e-17
567.0,56711.0,2.0,1.0,0.0,3.0,2.0,,-0.71551174,,0.0,,-0.76380396,0.098355584
567.0,56713.0,,0.0,,,2.0,27.0,-0.71551174,-0.6247571,0.0,0.0,-1.0616579,-7.332227e-17
569.0,56911.0,2.0,1.0,27.0,4.0,4.0,27.0,1.3972776,1.6002363,1.0,1.0,1.0063869,0.6828976
569.0,56912.0,,0.0,,,3.0,,-0.71551174,1.6002363,0.0,1.0,-0.00088872755,0.35028097
569.0,56914.0,2.0,1.0,27.0,4.0,4.0,27.0,1.3972776,1.6002363,1.0,1.0,1.0063869,0.6828976
569.0,56933.0,2.0,1.0,17.0,3.0,3.0,,1.3972776,,1.0,,0.24347176,0.43097225
569.0,56934.0,,0.0,,,3.0,0.0,-0.71551174,-0.6247571,0.0,0.0,-1.0616579,-7.332227e-17
569.0,56973.0,,0.0,,,4.0,20.0,-0.71551174,-0.6247571,0.0,0.0,-1.0616579,-7.332227e-17
569.0,56975.0,,0.0,,,4.0,11.0,-0.71551174,-0.6247571,0.0,0.0,-1.0616579,-7.332227e-17
570.0,57010.0,4.0,0.0,17.0,4.0,4.0,9.0,1.3972776,-0.6247571,1.0,0.0,-0.0543822,0.3326167
570.0,57012.0,1.0,0.0,8.0,,3.0,0.0,-0.71551174,-0.6247571,0.0,0.0,-1.0616579,-7.332227e-17
570.0,57032.0,3.0,0.0,17.0,3.0,4.0,1.0,-0.71551174,-0.6247571,0.0,0.0,-1.0616579,-7.332227e-17
570.0,57033.0,1.0,0.0,0.0,,4.0,0.0,-0.71551174,1.6002363,0.0,1.0,-0.00088872755,0.35028097
570.0,57034.0,2.0,0.0,4.0,3.0,3.0,12.0,1.3972776,-0.6247571,1.0,0.0,-0.0543822,0.3326167
570.0,57071.0,3.0,0.0,5.0,3.0,3.0,10.0,1.3972776,-0.6247571,1.0,0.0,-0.0543822,0.3326167
571.0,57111.0,3.0,0.0,4.0,2.0,4.0,4.0,-0.71551174,1.6002363,0.0,1.0,-0.00088872755,0.35028097
571.0,57112.0,,0.0,,,2.0,0.0,-0.71551174,-0.6247571,0.0,0.0,-1.0616579,-7.332227e-17
571.0,57113.0,,0.0,,,2.0,27.0,-0.71551174,-0.6247571,0.0,0.0,-1.0616579,-7.332227e-17
571.0,57114.0,,0.0,,,2.0,9.0,-0.71551174,-0.6247571,0.0,0.0,-1.0616579,-7.332227e-17
571.0,57137.0,,0.0,,,2.0,0.0,-0.71551174,-0.6247571,0.0,0.0,-1.0616579,-7.332227e-17
571.0,57138.0,5.0,1.0,23.0,2.0,4.0,4.0,-0.71551174,-0.6247571,0.0,0.0,-1.0616579,-7.332227e-17
571.0,57139.0,,0.0,,,2.0,0.0,-0.71551174,-0.6247571,0.0,0.0,-1.0616579,-7.332227e-17
572.0,57211.0,2.0,0.0,17.0,4.0,3.0,27.0,-0.71551174,-0.6247571,0.0,0.0,-1.0616579,-7.332227e-17
572.0,57213.0,,0.0,,,3.0,4.0,-0.71551174,-0.6247571,0.0,0.0,-1.0616579,-7.332227e-17
572.0,57275.0,,0.0,,,4.0,,-0.71551174,1.6002363,0.0,1.0,-0.00088872755,0.35028097
572.0,57278.0,1.0,1.0,12.0,2.0,2.0,,1.3972776,,1.0,,1.2037649,0.74807465
572.0,57279.0,1.0,0.0,4.0,2.0,4.0,17.0,-0.71551174,-0.6247571,0.0,0.0,-1.0616579,-7.332227e-17
573.0,57312.0,,0.0,,,3.0,0.0,-0.71551174,-0.6247571,0.0,0.0,-1.0616579,-7.332227e-17
573.0,57313.0,3.0,1.0,1.0,3.0,3.0,0.0,1.3972776,-0.6247571,1.0,0.0,0.905911,0.64971906
573.0,57372.0,2.0,1.0,4.0,2.0,3.0,8.0,-0.71551174,-0.6247571,0.0,0.0,-1.0616579,-7.332227e-17
573.0,57373.0,3.0,1.0,17.0,3.0,3.0,17.0,1.3972776,1.6002363,1.0,1.0,1.96668,1.0
573.0,57375.0,1.0,1.0,0.0,3.0,3.0,4.0,1.3972776,-0.6247571,1.0,0.0,0.905911,0.64971906
574.0,57410.0,2.0,1.0,8.0,2.0,3.0,0.0,-0.71551174,-0.6247571,0.0,0.0,-1.0616579,-7.332227e-17
574.0,57411.0,1.0,1.0,4.0,2.0,2.0,,1.3972776,,1.0,,0.24347176,0.43097225
574.0,57412.0,3.0,1.0,0.0,3.0,3.0,,1.3972776,,1.0,,1.2037649,0.74807465
574.0,57442.0,1.0,1.0,18.0,3.0,3.0,0.0,1.3972776,-0.6247571,1.0,0.0,0.905911,0.64971906
574.0,57443.0,2.0,1.0,21.0,2.0,3.0,21.0,-0.71551174,1.6002363,0.0,1.0,0.9594045,0.6673834
574.0,57444.0,4.0,0.0,0.0,3.0,3.0,0.0,1.3972776,1.6002363,1.0,1.0,1.0063869,0.6828976
574.0,57445.0,,0.0,,,3.0,15.0,-0.71551174,-0.6247571,0.0,0.0,-1.0616579,-7.332227e-17
575.0,57510.0,4.0,1.0,0.0,3.0,3.0,0.0,1.3972776,1.6002363,1.0,1.0,1.0063869,0.6828976
575.0,57511.0,3.0,1.0,4.0,2.0,3.0,8.0,-0.71551174,-0.6247571,0.0,0.0,-0.10136469,0.3171024
575.0,57512.0,1.0,1.0,0.0,2.0,2.0,8.0,1.3972776,-0.6247571,1.0,0.0,0.905911,0.64971906
575.0,57514.0,2.0,1.0,14.0,2.0,2.0,23.0,1.3972776,-0.6247571,1.0,0.0,-0.0543822,0.3326167
575.0,57515.0,2.0,1.0,0.0,2.0,2.0,8.0,1.3972776,-0.6247571,1.0,0.0,-0.0543822,0.3326167
575.0,57517.0,1.0,1.0,0.0,0.0,2.0,8.0,-0.71551174,-0.6247571,0.0,0.0,-1.0616579,-7.332227e-17
575.0,57518.0,1.0,1.0,14.0,2.0,3.0,4.0,-0.71551174,-0.6247571,0.0,0.0,-0.10136469,0.3171024
575.0,57519.0,2.0,1.0,18.0,2.0,2.0,8.0,1.3972776,-0.6247571,1.0,0.0,0.905911,0.64971906
575.0,57520.0,1.0,1.0,0.0,0.0,2.0,0.0,-0.71551174,1.6002363,0.0,1.0,0.9594045,0.6673834
575.0,57522.0,2.0,1.0,8.0,2.0,3.0,8.0,-0.71551174,1.6002363,0.0,1.0,-0.00088872755,0.35028097
576.0,57613.0,1.0,1.0,8.0,2.0,2.0,8.0,1.3972776,1.6002363,1.0,1.0,1.96668,1.0
576.0,57614.0,1.0,1.0,8.0,2.0,2.0,0.0,1.3972776,-0.6247571,1.0,0.0,-0.0543822,0.3326167
576.0,57616.0,1.0,0.0,9.0,3.0,3.0,17.0,1.3972776,-0.6247571,1.0,0.0,-0.0543822,0.3326167
576.0,57674.0,,0.0,,,3.0,4.0,-0.71551174,-0.6247571,0.0,0.0,-1.0616579,-7.332227e-17
576.0,57675.0,1.0,1.0,14.0,2.0,2.0,8.0,1.3972776,-0.6247571,1.0,0.0,-0.0543822,0.3326167
576.0,57676.0,1.0,0.0,8.0,2.0,3.0,8.0,-0.71551174,1.6002363,0.0,1.0,-0.00088872755,0.35028097
576.0,57677.0,3.0,1.0,0.0,2.0,2.0,8.0,1.3972776,-0.6247571,1.0,0.0,0.905911,0.64971906
577.0,57710.0,4.0,1.0,4.0,3.0,2.0,4.0,-0.71551174,1.6002363,0.0,1.0,0.9594045,0.6673834
577.0,57712.0,1.0,1.0,0.0,2.0,1.0,,-0.71551174,,0.0,,-0.76380396,0.098355584
577.0,57772.0,1.0,1.0,,2.0,3.0,4.0,-0.71551174,-0.6247571,0.0,0.0,-1.0616579,-7.332227e-17
577.0,57773.0,1.0,1.0,8.0,2.0,2.0,,1.3972776,,1.0,,1.2037649,0.74807465
577.0,57774.0,2.0,1.0,18.0,,2.0,18.0,-0.71551174,1.6002363,0.0,1.0,0.9594045,0.6673834
578.0,57810.0,2.0,1.0,15.0,,3.0,15.0,-0.71551174,1.6002363,0.0,1.0,0.9594045,0.6673834
578.0,57812.0,3.0,1.0,9.0,3.0,3.0,9.0,1.3972776,1.6002363,1.0,1.0,1.96668,1.0
578.0,57813.0,1.0,1.0,27.0,3.0,3.0,27.0,1.3972776,1.6002363,1.0,1.0,1.96668,1.0
578.0,57833.0,3.0,1.0,1.0,3.0,3.0,1.0,1.3972776,1.6002363,1.0,1.0,1.96668,1.0
578.0,57875.0,1.0,0.0,0.0,2.0,2.0,0.0,1.3972776,1.6002363,1.0,1.0,1.0063869,0.6828976
578.0,57876.0,2.0,0.0,6.0,2.0,1.0,6.0,-0.71551174,1.6002363,0.0,1.0,-0.00088872755,0.35028097
578.0,57877.0,1.0,1.0,8.0,2.0,2.0,8.0,1.3972776,1.6002363,1.0,1.0,1.0063869,0.6828976
578.0,57878.0,1.0,1.0,14.0,,3.0,0.0,-0.71551174,-0.6247571,0.0,0.0,-1.0616579,-7.332227e-17
579.0,57912.0,,0.0,,,3.0,0.0,-0.71551174,-0.6247571,0.0,0.0,-1.0616579,-7.332227e-17
579.0,57914.0,2.0,0.0,4.0,2.0,3.0,20.0,-0.71551174,-0.6247571,0.0,0.0,-1.0616579,-7.332227e-17
579.0,57915.0,,0.0,,,4.0,9.0,-0.71551174,-0.6247571,0.0,0.0,-1.0616579,-7.332227e-17
579.0,57972.0,1.0,0.0,4.0,3.0,2.0,0.0,-0.71551174,-0.6247571,0.0,0.0,-1.0616579,-7.332227e-17
579.0,57974.0,1.0,0.0,4.0,2.0,2.0,4.0,1.3972776,1.6002363,1.0,1.0,1.0063869,0.6828976
579.0,57975.0,2.0,0.0,4.0,3.0,3.0,0.0,1.3972776,-0.6247571,1.0,0.0,-0.0543822,0.3326167
580.0,58011.0,,0.0,,,3.0,0.0,-0.71551174,-0.6247571,0.0,0.0,-1.0616579,-7.332227e-17
580.0,58012.0,1.0,1.0,4.0,2.0,2.0,0.0,1.3972776,-0.6247571,1.0,0.0,0.905911,0.64971906
580.0,58015.0,2.0,1.0,12.0,2.0,3.0,12.0,-0.71551174,1.6002363,0.0,1.0,0.9594045,0.6673834
580.0,58016.0,1.0,1.0,11.0,2.0,2.0,0.0,1.3972776,-0.6247571,1.0,0.0,0.905911,0.64971906
580.0,58031.0,1.0,1.0,4.0,2.0,3.0,14.0,-0.71551174,-0.6247571,0.0,0.0,-0.10136469,0.3171024
580.0,58071.0,4.0,1.0,20.0,3.0,3.0,17.0,1.3972776,-0.6247571,1.0,0.0,-0.0543822,0.3326167
580.0,58072.0,2.0,1.0,9.0,2.0,3.0,15.0,-0.71551174,-0.6247571,0.0,0.0,-1.0616579,-7.332227e-17
580.0,58073.0,1.0,1.0,4.0,,3.0,8.0,-0.71551174,-0.6247571,0.0,0.0,-0.10136469,0.3171024
580.0,58074.0,1.0,1.0,10.0,2.0,2.0,17.0,1.3972776,-0.6247571,1.0,0.0,0.905911,0.64971906
580.0,58098.0,1.0,1.0,4.0,2.0,3.0,4.0,-0.71551174,1.6002363,0.0,1.0,0.9594045,0.6673834
580.0,58099.0,2.0,0.0,5.0,3.0,3.0,5.0,1.3972776,1.6002363,1.0,1.0,1.0063869,0.6828976
581.0,58110.0,1.0,0.0,23.0,2.0,3.0,23.0,-0.71551174,1.6002363,0.0,1.0,-0.00088872755,0.35028097
581.0,58114.0,,0.0,,,2.0,14.0,-0.71551174,-0.6247571,0.0,0.0,-1.0616579,-7.332227e-17
581.0,58116.0,1.0,0.0,8.0,0.0,1.0,8.0,-0.71551174,1.6002363,0.0,1.0,-0.00088872755,0.35028097
581.0,58172.0,1.0,0.0,4.0,2.0,3.0,8.0,-0.71551174,-0.6247571,0.0,0.0,-1.0616579,-7.332227e-17
581.0,58173.0,2.0,0.0,4.0,3.0,3.0,22.0,1.3972776,-0.6247571,1.0,0.0,-0.0543822,0.3326167
581.0,58175.0,2.0,0.0,4.0,3.0,3.0,13.0,1.3972776,-0.6247571,1.0,0.0,-0.0543822,0.3326167
581.0,58176.0,2.0,1.0,8.0,3.0,3.0,8.0,1.3972776,1.6002363,1.0,1.0,1.96668,1.0
582.0,58210.0,3.0,1.0,12.0,3.0,3.0,17.0,1.3972776,-0.6247571,1.0,0.0,0.905911,0.64971906
582.0,58212.0,3.0,1.0,9.0,3.0,4.0,17.0,-0.71551174,-0.6247571,0.0,0.0,-1.0616579,-7.332227e-17
582.0,58213.0,2.0,0.0,9.0,2.0,3.0,11.0,-0.71551174,-0.6247571,0.0,0.0,-1.0616579,-7.332227e-17
582.0,58214.0,1.0,1.0,,2.0,2.0,0.0,1.3972776,-0.6247571,1.0,0.0,-0.0543822,0.3326167
582.0,58215.0,4.0,1.0,9.0,4.0,4.0,17.0,1.3972776,-0.6247571,1.0,0.0,0.905911,0.64971906
582.0,58272.0,2.0,0.0,8.0,2.0,3.0,8.0,-0.71551174,1.6002363,0.0,1.0,-0.00088872755,0.35028097
582.0,58274.0,1.0,0.0,8.0,2.0,0.0,8.0,-0.71551174,1.6002363,0.0,1.0,-0.00088872755,0.35028097
582.0,58276.0,2.0,1.0,4.0,3.0,2.0,0.0,-0.71551174,-0.6247571,0.0,0.0,-0.10136469,0.3171024
583.0,58310.0,3.0,0.0,17.0,4.0,3.0,0.0,-0.71551174,-0.6247571,0.0,0.0,-1.0616579,-7.332227e-17
583.0,58311.0,3.0,1.0,4.0,3.0,4.0,8.0,-0.71551174,-0.6247571,0.0,0.0,-0.10136469,0.3171024
583.0,58312.0,1.0,1.0,25.0,2.0,0.0,25.0,-0.71551174,1.6002363,0.0,1.0,-0.00088872755,0.35028097
583.0,58315.0,2.0,0.0,0.0,2.0,4.0,17.0,-0.71551174,-0.6247571,0.0,0.0,-1.0616579,-7.332227e-17
583.0,58316.0,1.0,1.0,25.0,2.0,2.0,4.0,1.3972776,-0.6247571,1.0,0.0,-0.0543822,0.3326167
583.0,58317.0,2.0,1.0,9.0,3.0,3.0,4.0,1.3972776,-0.6247571,1.0,0.0,-0.0543822,0.3326167
583.0,58336.0,2.0,1.0,4.0,3.0,3.0,4.0,1.3972776,1.6002363,1.0,1.0,1.0063869,0.6828976
583.0,58337.0,2.0,1.0,9.0,3.0,3.0,17.0,1.3972776,-0.6247571,1.0,0.0,-0.0543822,0.3326167
583.0,58338.0,2.0,1.0,0.0,3.0,3.0,0.0,1.3972776,1.6002363,1.0,1.0,1.96668,1.0
584.0,58410.0,2.0,0.0,4.0,2.0,3.0,25.0,-0.71551174,-0.6247571,0.0,0.0,-1.0616579,-7.332227e-17
584.0,58411.0,1.0,0.0,4.0,2.0,3.0,0.0,-0.71551174,-0.6247571,0.0,0.0,-1.0616579,-7.332227e-17
584.0,58412.0,1.0,0.0,,,3.0,9.0,-0.71551174,-0.6247571,0.0,0.0,-1.0616579,-7.332227e-17
584.0,58433.0,1.0,0.0,27.0,3.0,2.0,14.0,-0.71551174,-0.6247571,0.0,0.0,-1.0616579,-7.332227e-17
584.0,58434.0,2.0,0.0,9.0,3.0,3.0,14.0,1.3972776,-0.6247571,1.0,0.0,-0.0543822,0.3326167
584.0,58435.0,1.0,0.0,,,4.0,9.0,-0.71551174,-0.6247571,0.0,0.0,-1.0616579,-7.332227e-17
584.0,58436.0,1.0,0.0,8.0,0.0,3.0,14.0,-0.71551174,-0.6247571,0.0,0.0,-1.0616579,-7.332227e-17
585.0,58511.0,1.0,0.0,,3.0,3.0,25.0,1.3972776,-0.6247571,1.0,0.0,-0.0543822,0.3326167
585.0,58512.0,3.0,0.0,,3.0,3.0,0.0,1.3972776,-0.6247571,1.0,0.0,-0.0543822,0.3326167
585.0,58513.0,2.0,0.0,4.0,2.0,2.0,25.0,1.3972776,-0.6247571,1.0,0.0,-0.0543822,0.3326167
585.0,58515.0,2.0,0.0,0.0,,3.0,8.0,-0.71551174,-0.6247571,0.0,0.0,-1.0616579,-7.332227e-17
585.0,58516.0,3.0,0.0,0.0,,2.0,8.0,-0.71551174,-0.6247571,0.0,0.0,-1.0616579,-7.332227e-17
585.0,58582.0,3.0,0.0,17.0,3.0,4.0,24.0,-0.71551174,-0.6247571,0.0,0.0,-1.0616579,-7.332227e-17
585.0,58583.0,,0.0,,,4.0,15.0,-0.71551174,-0.6247571,0.0,0.0,-1.0616579,-7.332227e-17
585.0,58589.0,3.0,0.0,9.0,3.0,3.0,8.0,1.3972776,-0.6247571,1.0,0.0,-0.0543822,0.3326167
585.0,58593.0,2.0,0.0,25.0,3.0,3.0,24.0,1.3972776,-0.6247571,1.0,0.0,-0.0543822,0.3326167
586.0,58610.0,3.0,0.0,27.0,4.0,4.0,,1.3972776,,1.0,,0.24347176,0.43097225
586.0,58611.0,1.0,0.0,0.0,0.0,3.0,8.0,-0.71551174,-0.6247571,0.0,0.0,-1.0616579,-7.332227e-17
586.0,58612.0,2.0,0.0,9.0,3.0,3.0,8.0,1.3972776,-0.6247571,1.0,0.0,-0.0543822,0.3326167
586.0,58613.0,2.0,0.0,4.0,3.0,3.0,14.0,1.3972776,-0.6247571,1.0,0.0,-0.0543822,0.3326167
586.0,58614.0,3.0,0.0,27.0,4.0,4.0,27.0,1.3972776,1.6002363,1.0,1.0,1.0063869,0.6828976
586.0,58671.0,3.0,1.0,23.0,3.0,4.0,,-0.71551174,,0.0,,0.19648926,0.41545796
586.0,58672.0,2.0,0.0,0.0,,3.0,12.0,-0.71551174,-0.6247571,0.0,0.0,-1.0616579,-7.332227e-17
586.0,58673.0,3.0,0.0,17.0,3.0,3.0,,1.3972776,,1.0,,0.24347176,0.43097225
587.0,58710.0,2.0,1.0,14.0,3.0,3.0,0.0,1.3972776,-0.6247571,1.0,0.0,0.905911,0.64971906
587.0,58712.0,2.0,0.0,21.0,3.0,2.0,4.0,-0.71551174,-0.6247571,0.0,0.0,-1.0616579,-7.332227e-17
587.0,58713.0,4.0,0.0,27.0,4.0,3.0,27.0,-0.71551174,1.6002363,0.0,1.0,-0.00088872755,0.35028097
587.0,58714.0,3.0,0.0,9.0,4.0,4.0,9.0,1.3972776,1.6002363,1.0,1.0,1.0063869,0.6828976
587.0,58771.0,2.0,0.0,14.0,3.0,0.0,8.0,-0.71551174,-0.6247571,0.0,0.0,-1.0616579,-7.332227e-17
587.0,58772.0,2.0,1.0,23.0,2.0,0.0,23.0,-0.71551174,1.6002363,0.0,1.0,0.9594045,0.6673834
587.0,58773.0,3.0,0.0,1.0,4.0,4.0,0.0,1.3972776,-0.6247571,1.0,0.0,-0.0543822,0.3326167
588.0,58810.0,3.0,0.0,9.0,3.0,3.0,0.0,1.3972776,-0.6247571,1.0,0.0,-0.0543822,0.3326167
588.0,58811.0,2.0,0.0,4.0,3.0,3.0,9.0,1.3972776,-0.6247571,1.0,0.0,-0.0543822,0.3326167
588.0,58812.0,2.0,0.0,0.0,3.0,2.0,0.0,-0.71551174,1.6002363,0.0,1.0,-0.00088872755,0.35028097
588.0,58813.0,3.0,0.0,5.0,3.0,4.0,24.0,-0.71551174,-0.6247571,0.0,0.0,-1.0616579,-7.332227e-17
588.0,58814.0,3.0,0.0,0.0,3.0,3.0,0.0,1.3972776,1.6002363,1.0,1.0,1.0063869,0.6828976
588.0,58815.0,2.0,0.0,6.0,3.0,3.0,6.0,1.3972776,1.6002363,1.0,1.0,1.0063869,0.6828976
588.0,58816.0,2.0,0.0,4.0,2.0,3.0,0.0,-0.71551174,-0.6247571,0.0,0.0,-1.0616579,-7.332227e-17
588.0,58833.0,2.0,0.0,25.0,3.0,3.0,6.0,1.3972776,-0.6247571,1.0,0.0,-0.0543822,0.3326167
588.0,58834.0,2.0,0.0,21.0,3.0,3.0,9.0,1.3972776,-0.6247571,1.0,0.0,-0.0543822,0.3326167
589.0,58910.0,3.0,1.0,0.0,2.0,3.0,0.0,-0.71551174,1.6002363,0.0,1.0,0.9594045,0.6673834
589.0,58911.0,2.0,1.0,0.0,3.0,3.0,8.0,1.3972776,-0.6247571,1.0,0.0,0.905911,0.64971906
589.0,58912.0,1.0,1.0,25.0,2.0,2.0,,1.3972776,,1.0,,1.2037649,0.74807465
589.0,58971.0,3.0,1.0,23.0,3.0,3.0,,1.3972776,,1.0,,1.2037649,0.74807465
589.0,58973.0,3.0,1.0,9.0,3.0,3.0,9.0,1.3972776,1.6002363,1.0,1.0,1.96668,1.0
590.0,59010.0,3.0,0.0,9.0,3.0,3.0,9.0,1.3972776,1.6002363,1.0,1.0,1.0063869,0.6828976
590.0,59071.0,4.0,0.0,1.0,4.0,4.0,1.0,1.3972776,1.6002363,1.0,1.0,1.0063869,0.6828976
590.0,59073.0,3.0,0.0,0.0,3.0,3.0,0.0,1.3972776,1.6002363,1.0,1.0,1.0063869,0.6828976
590.0,59074.0,3.0,0.0,23.0,3.0,3.0,0.0,1.3972776,-0.6247571,1.0,0.0,-0.0543822,0.3326167
590.0,59075.0,3.0,0.0,4.0,3.0,3.0,0.0,1.3972776,-0.6247571,1.0,0.0,-0.0543822,0.3326167
590.0,59076.0,2.0,0.0,0.0,,3.0,0.0,-0.71551174,1.6002363,0.0,1.0,-0.00088872755,0.35028097
590.0,59077.0,2.0,0.0,4.0,,3.0,0.0,-0.71551174,-0.6247571,0.0,0.0,-1.0616579,-7.332227e-17
590.0,59078.0,2.0,0.0,14.0,3.0,3.0,0.0,1.3972776,-0.6247571,1.0,0.0,-0.0543822,0.3326167
590.0,59079.0,2.0,0.0,4.0,3.0,3.0,15.0,1.3972776,-0.6247571,1.0,0.0,-0.0543822,0.3326167
590.0,59080.0,2.0,0.0,0.0,,3.0,0.0,-0.71551174,1.6002363,0.0,1.0,-0.00088872755,0.35028097
591.0,59112.0,1.0,1.0,14.0,3.0,3.0,4.0,1.3972776,-0.6247571,1.0,0.0,0.905911,0.64971906
591.0,59113.0,,0.0,,,3.0,0.0,-0.71551174,-0.6247571,0.0,0.0,-1.0616579,-7.332227e-17
591.0,59133.0,2.0,1.0,9.0,3.0,4.0,9.0,-0.71551174,1.6002363,0.0,1.0,0.9594045,0.6673834
591.0,59134.0,,0.0,,,2.0,0.0,-0.71551174,-0.6247571,0.0,0.0,-1.0616579,-7.332227e-17
591.0,59135.0,1.0,1.0,14.0,2.0,3.0,4.0,-0.71551174,-0.6247571,0.0,0.0,-0.10136469,0.3171024
591.0,59136.0,2.0,1.0,0.0,3.0,2.0,0.0,-0.71551174,1.6002363,0.0,1.0,0.9594045,0.6673834
592.0,59210.0,,0.0,,,3.0,6.0,-0.71551174,-0.6247571,0.0,0.0,-1.0616579,-7.332227e-17
592.0,59211.0,3.0,1.0,25.0,2.0,3.0,0.0,-0.71551174,-0.6247571,0.0,0.0,-0.10136469,0.3171024
592.0,59213.0,1.0,1.0,0.0,3.0,3.0,0.0,1.3972776,1.6002363,1.0,1.0,1.96668,1.0
592.0,59234.0,1.0,1.0,0.0,3.0,3.0,27.0,1.3972776,-0.6247571,1.0,0.0,0.905911,0.64971906
592.0,59235.0,,0.0,,,4.0,4.0,-0.71551174,-0.6247571,0.0,0.0,-1.0616579,-7.332227e-17
592.0,59236.0,,0.0,,,4.0,22.0,-0.71551174,-0.6247571,0.0,0.0,-1.0616579,-7.332227e-17
592.0,59237.0,3.0,1.0,18.0,3.0,3.0,18.0,1.3972776,1.6002363,1.0,1.0,1.96668,1.0
592.0,59238.0,3.0,1.0,18.0,3.0,4.0,18.0,-0.71551174,1.6002363,0.0,1.0,0.9594045,0.6673834
593.0,59310.0,3.0,1.0,9.0,4.0,4.0,9.0,1.3972776,1.6002363,1.0,1.0,1.96668,1.0
593.0,59311.0,2.0,1.0,25.0,2.0,3.0,4.0,-0.71551174,-0.6247571,0.0,0.0,-0.10136469,0.3171024
593.0,59312.0,,0.0,,,3.0,6.0,-0.71551174,-0.6247571,0.0,0.0,-1.0616579,-7.332227e-17
593.0,59371.0,,0.0,,,2.0,17.0,-0.71551174,-0.6247571,0.0,0.0,-1.0616579,-7.332227e-17
593.0,59372.0,2.0,1.0,9.0,3.0,3.0,9.0,1.3972776,1.6002363,1.0,1.0,1.96668,1.0
593.0,59374.0,3.0,1.0,9.0,4.0,3.0,9.0,-0.71551174,1.6002363,0.0,1.0,0.9594045,0.6673834
593.0,59375.0,,0.0,,,4.0,,-0.71551174,1.6002363,0.0,1.0,-0.00088872755,0.35028097
594.0,59410.0,,0.0,,,3.0,4.0,-0.71551174,-0.6247571,0.0,0.0,-1.0616579,-7.332227e-17
594.0,59411.0,3.0,1.0,4.0,3.0,3.0,0.0,1.3972776,-0.6247571,1.0,0.0,0.905911,0.64971906
594.0,59412.0,2.0,1.0,9.0,3.0,3.0,9.0,1.3972776,1.6002363,1.0,1.0,1.0063869,0.6828976
594.0,59472.0,1.0,1.0,0.0,3.0,4.0,0.0,-0.71551174,1.6002363,0.0,1.0,0.9594045,0.6673834
594.0,59473.0,,0.0,,,4.0,22.0,-0.71551174,-0.6247571,0.0,0.0,-1.0616579,-7.332227e-17
594.0,59484.0,4.0,1.0,22.0,4.0,4.0,4.0,1.3972776,-0.6247571,1.0,0.0,-0.0543822,0.3326167
594.0,59486.0,,0.0,,,2.0,25.0,-0.71551174,-0.6247571,0.0,0.0,-1.0616579,-7.332227e-17
594.0,59487.0,3.0,1.0,23.0,4.0,4.0,27.0,1.3972776,-0.6247571,1.0,0.0,-0.0543822,0.3326167
594.0,59493.0,4.0,1.0,22.0,4.0,4.0,22.0,1.3972776,1.6002363,1.0,1.0,1.96668,1.0
594.0,59496.0,2.0,1.0,,3.0,4.0,17.0,-0.71551174,-0.6247571,0.0,0.0,-1.0616579,-7.332227e-17
595.0,59510.0,3.0,1.0,9.0,4.0,4.0,17.0,1.3972776,-0.6247571,1.0,0.0,0.905911,0.64971906
595.0,59512.0,3.0,1.0,4.0,3.0,3.0,11.0,1.3972776,-0.6247571,1.0,0.0,0.905911,0.64971906
595.0,59513.0,2.0,1.0,13.0,3.0,3.0,13.0,1.3972776,1.6002363,1.0,1.0,1.96668,1.0
595.0,59515.0,3.0,1.0,15.0,3.0,3.0,15.0,1.3972776,1.6002363,1.0,1.0,1.96668,1.0
595.0,59576.0,3.0,1.0,9.0,4.0,3.0,0.0,-0.71551174,-0.6247571,0.0,0.0,-0.10136469,0.3171024
595.0,59577.0,4.0,1.0,17.0,4.0,4.0,,1.3972776,,1.0,,1.2037649,0.74807465
595.0,59578.0,,0.0,,,4.0,0.0,-0.71551174,-0.6247571,0.0,0.0,-1.0616579,-7.332227e-17
595.0,59580.0,3.0,1.0,12.0,3.0,3.0,5.0,1.3972776,-0.6247571,1.0,0.0,0.905911,0.64971906
595.0,59581.0,2.0,1.0,0.0,3.0,3.0,0.0,1.3972776,1.6002363,1.0,1.0,1.96668,1.0
596.0,59611.0,2.0,1.0,0.0,3.0,2.0,0.0,-0.71551174,1.6002363,0.0,1.0,0.9594045,0.6673834
596.0,59612.0,2.0,1.0,17.0,3.0,3.0,17.0,1.3972776,1.6002363,1.0,1.0,1.96668,1.0
596.0,59613.0,3.0,1.0,9.0,4.0,4.0,17.0,1.3972776,-0.6247571,1.0,0.0,0.905911,0.64971906
596.0,59614.0,2.0,1.0,11.0,3.0,3.0,11.0,1.3972776,1.6002363,1.0,1.0,1.96668,1.0
596.0,59615.0,3.0,1.0,17.0,4.0,4.0,17.0,1.3972776,1.6002363,1.0,1.0,1.96668,1.0
596.0,59633.0,3.0,1.0,17.0,4.0,4.0,17.0,1.3972776,1.6002363,1.0,1.0,1.96668,1.0
596.0,59634.0,,0.0,,,1.0,0.0,-0.71551174,-0.6247571,0.0,0.0,-1.0616579,-7.332227e-17
596.0,59635.0,2.0,1.0,18.0,3.0,3.0,4.0,1.3972776,-0.6247571,1.0,0.0,-0.0543822,0.3326167
597.0,59710.0,2.0,1.0,4.0,2.0,3.0,0.0,-0.71551174,-0.6247571,0.0,0.0,-1.0616579,-7.332227e-17
597.0,59715.0,3.0,1.0,4.0,2.0,3.0,6.0,-0.71551174,-0.6247571,0.0,0.0,-1.0616579,-7.332227e-17
597.0,59717.0,1.0,1.0,0.0,2.0,3.0,0.0,-0.71551174,1.6002363,0.0,1.0,-0.00088872755,0.35028097
597.0,59718.0,2.0,1.0,4.0,,3.0,0.0,-0.71551174,-0.6247571,0.0,0.0,-1.0616579,-7.332227e-17
597.0,59732.0,2.0,1.0,4.0,,3.0,0.0,-0.71551174,-0.6247571,0.0,0.0,-1.0616579,-7.332227e-17
597.0,59733.0,3.0,1.0,4.0,2.0,3.0,0.0,-0.71551174,-0.6247571,0.0,0.0,-1.0616579,-7.332227e-17
597.0,59734.0,3.0,1.0,0.0,3.0,3.0,8.0,1.3972776,-0.6247571,1.0,0.0,-0.0543822,0.3326167
598.0,59810.0,3.0,1.0,17.0,3.0,3.0,17.0,1.3972776,1.6002363,1.0,1.0,1.96668,1.0
598.0,59811.0,2.0,1.0,4.0,0.0,0.0,8.0,1.3972776,-0.6247571,1.0,0.0,0.905911,0.64971906
598.0,59812.0,2.0,1.0,8.0,0.0,0.0,8.0,1.3972776,1.6002363,1.0,1.0,1.96668,1.0
598.0,59813.0,,0.0,,,4.0,,-0.71551174,1.6002363,0.0,1.0,-0.00088872755,0.35028097
598.0,59814.0,3.0,1.0,27.0,4.0,3.0,27.0,-0.71551174,1.6002363,0.0,1.0,0.9594045,0.6673834
598.0,59871.0,3.0,1.0,11.0,3.0,3.0,11.0,1.3972776,1.6002363,1.0,1.0,1.96668,1.0
598.0,59874.0,3.0,1.0,15.0,0.0,3.0,15.0,-0.71551174,1.6002363,0.0,1.0,0.9594045,0.6673834
599.0,59912.0,2.0,1.0,0.0,3.0,4.0,0.0,-0.71551174,1.6002363,0.0,1.0,0.9594045,0.6673834
599.0,59913.0,,0.0,,,4.0,9.0,-0.71551174,-0.6247571,0.0,0.0,-1.0616579,-7.332227e-17
599.0,59971.0,,0.0,,,4.0,17.0,-0.71551174,-0.6247571,0.0,0.0,-1.0616579,-7.332227e-17
599.0,59972.0,,0.0,,,3.0,0.0,-0.71551174,-0.6247571,0.0,0.0,-1.0616579,-7.332227e-17
599.0,59973.0,2.0,1.0,0.0,3.0,3.0,0.0,1.3972776,1.6002363,1.0,1.0,1.96668,1.0
600.0,60010.0,2.0,1.0,4.0,2.0,3.0,4.0,-0.71551174,1.6002363,0.0,1.0,0.9594045,0.6673834
600.0,60011.0,2.0,1.0,0.0,3.0,4.0,0.0,-0.71551174,1.6002363,0.0,1.0,0.9594045,0.6673834
600.0,60012.0,3.0,1.0,17.0,3.0,4.0,17.0,-0.71551174,1.6002363,0.0,1.0,0.9594045,0.6673834
600.0,60014.0,2.0,1.0,17.0,3.0,4.0,0.0,-0.71551174,-0.6247571,0.0,0.0,-0.10136469,0.3171024
600.0,60075.0,2.0,1.0,4.0,2.0,3.0,4.0,-0.71551174,1.6002363,0.0,1.0,0.9594045,0.6673834
600.0,60080.0,3.0,1.0,9.0,4.0,4.0,17.0,1.3972776,-0.6247571,1.0,0.0,0.905911,0.64971906
600.0,60081.0,3.0,1.0,0.0,4.0,4.0,0.0,1.3972776,1.6002363,1.0,1.0,1.96668,1.0
601.0,60110.0,2.0,1.0,8.0,2.0,3.0,8.0,-0.71551174,1.6002363,0.0,1.0,0.9594045,0.6673834
601.0,60111.0,2.0,1.0,4.0,2.0,2.0,0.0,1.3972776,-0.6247571,1.0,0.0,0.905911,0.64971906
601.0,60112.0,2.0,1.0,0.0,2.0,3.0,0.0,-0.71551174,1.6002363,0.0,1.0,0.9594045,0.6673834
601.0,60113.0,3.0,1.0,0.0,3.0,3.0,0.0,1.3972776,1.6002363,1.0,1.0,1.96668,1.0
601.0,60114.0,2.0,1.0,5.0,3.0,3.0,0.0,1.3972776,-0.6247571,1.0,0.0,0.905911,0.64971906
601.0,60131.0,3.0,1.0,17.0,3.0,3.0,1.0,1.3972776,-0.6247571,1.0,0.0,0.905911,0.64971906
601.0,60132.0,2.0,1.0,0.0,4.0,4.0,17.0,1.3972776,-0.6247571,1.0,0.0,0.905911,0.64971906
601.0,60171.0,3.0,1.0,4.0,3.0,3.0,12.0,1.3972776,-0.6247571,1.0,0.0,0.905911,0.64971906
602.0,60211.0,1.0,1.0,0.0,2.0,0.0,0.0,-0.71551174,1.6002363,0.0,1.0,-0.00088872755,0.35028097
602.0,60213.0,,0.0,,,3.0,0.0,-0.71551174,-0.6247571,0.0,0.0,-1.0616579,-7.332227e-17
602.0,60215.0,2.0,1.0,0.0,3.0,2.0,0.0,-0.71551174,1.6002363,0.0,1.0,0.9594045,0.6673834
602.0,60271.0,3.0,1.0,17.0,,4.0,0.0,-0.71551174,-0.6247571,0.0,0.0,-0.10136469,0.3171024
602.0,60273.0,3.0,1.0,18.0,3.0,4.0,0.0,-0.71551174,-0.6247571,0.0,0.0,-0.10136469,0.3171024
603.0,60310.0,2.0,1.0,0.0,2.0,3.0,17.0,-0.71551174,-0.6247571,0.0,0.0,-1.0616579,-7.332227e-17
603.0,60311.0,2.0,1.0,4.0,2.0,3.0,4.0,-0.71551174,1.6002363,0.0,1.0,-0.00088872755,0.35028097
603.0,60314.0,,0.0,,,4.0,4.0,-0.71551174,-0.6247571,0.0,0.0,-1.0616579,-7.332227e-17
603.0,60315.0,1.0,1.0,0.0,3.0,3.0,0.0,1.3972776,1.6002363,1.0,1.0,1.96668,1.0
603.0,60371.0,3.0,1.0,,4.0,3.0,18.0,-0.71551174,-0.6247571,0.0,0.0,-1.0616579,-7.332227e-17
603.0,60372.0,1.0,1.0,0.0,0.0,2.0,0.0,-0.71551174,1.6002363,0.0,1.0,-0.00088872755,0.35028097
604.0,60410.0,,0.0,,,2.0,5.0,-0.71551174,-0.6247571,0.0,0.0,-1.0616579,-7.332227e-17
604.0,60411.0,3.0,1.0,23.0,,2.0,0.0,-0.71551174,-0.6247571,0.0,0.0,-1.0616579,-7.332227e-17
604.0,60413.0,,0.0,,,2.0,4.0,-0.71551174,-0.6247571,0.0,0.0,-1.0616579,-7.332227e-17
604.0,60414.0,,0.0,,,3.0,4.0,-0.71551174,-0.6247571,0.0,0.0,-1.0616579,-7.332227e-17
604.0,60473.0,,0.0,,,4.0,0.0,-0.71551174,-0.6247571,0.0,0.0,-1.0616579,-7.332227e-17
604.0,60474.0,,0.0,,,0.0,0.0,-0.71551174,-0.6247571,0.0,0.0,-1.0616579,-7.332227e-17
604.0,60475.0,,0.0,,,0.0,0.0,-0.71551174,-0.6247571,0.0,0.0,-1.0616579,-7.332227e-17
604.0,60476.0,,0.0,,,2.0,0.0,-0.71551174,-0.6247571,0.0,0.0,-1.0616579,-7.332227e-17
605.0,60510.0,1.0,1.0,,,3.0,0.0,-0.71551174,-0.6247571,0.0,0.0,-0.10136469,0.3171024
605.0,60513.0,2.0,1.0,8.0,,3.0,8.0,-0.71551174,1.6002363,0.0,1.0,-0.00088872755,0.35028097
605.0,60573.0,3.0,1.0,6.0,3.0,3.0,6.0,1.3972776,1.6002363,1.0,1.0,1.0063869,0.6828976
605.0,60574.0,,0.0,,,3.0,0.0,-0.71551174,-0.6247571,0.0,0.0,-1.0616579,-7.332227e-17
605.0,60576.0,,0.0,,,4.0,9.0,-0.71551174,-0.6247571,0.0,0.0,-1.0616579,-7.332227e-17
605.0,60577.0,,0.0,,,3.0,0.0,-0.71551174,-0.6247571,0.0,0.0,-1.0616579,-7.332227e-17
605.0,60579.0,3.0,1.0,23.0,3.0,3.0,8.0,1.3972776,-0.6247571,1.0,0.0,0.905911,0.64971906
605.0,60580.0,,0.0,,,3.0,4.0,-0.71551174,-0.6247571,0.0,0.0,-1.0616579,-7.332227e-17
606.0,60611.0,3.0,1.0,1.0,3.0,3.0,,1.3972776,,1.0,,1.2037649,0.74807465
606.0,60616.0,2.0,1.0,6.0,3.0,3.0,23.0,1.3972776,-0.6247571,1.0,0.0,0.905911,0.64971906
606.0,60673.0,,0.0,,,4.0,9.0,-0.71551174,-0.6247571,0.0,0.0,-1.0616579,-7.332227e-17
606.0,60680.0,,0.0,,,3.0,4.0,-0.71551174,-0.6247571,0.0,0.0,-1.0616579,-7.332227e-17
606.0,60687.0,2.0,1.0,0.0,3.0,3.0,17.0,1.3972776,-0.6247571,1.0,0.0,0.905911,0.64971906
606.0,60688.0,,0.0,,,3.0,0.0,-0.71551174,-0.6247571,0.0,0.0,-1.0616579,-7.332227e-17
606.0,60691.0,,0.0,,,4.0,22.0,-0.71551174,-0.6247571,0.0,0.0,-1.0616579,-7.332227e-17
606.0,60694.0,2.0,1.0,4.0,,3.0,8.0,-0.71551174,-0.6247571,0.0,0.0,-0.10136469,0.3171024
607.0,60710.0,2.0,1.0,0.0,3.0,3.0,4.0,1.3972776,-0.6247571,1.0,0.0,-0.0543822,0.3326167
607.0,60713.0,,0.0,,,4.0,1.0,-0.71551174,-0.6247571,0.0,0.0,-1.0616579,-7.332227e-17
607.0,60714.0,3.0,1.0,4.0,2.0,3.0,0.0,-0.71551174,-0.6247571,0.0,0.0,-1.0616579,-7.332227e-17
607.0,60715.0,3.0,1.0,4.0,3.0,3.0,25.0,1.3972776,-0.6247571,1.0,0.0,-0.0543822,0.3326167
607.0,60771.0,2.0,1.0,0.0,2.0,3.0,0.0,-0.71551174,1.6002363,0.0,1.0,-0.00088872755,0.35028097
607.0,60772.0,2.0,1.0,4.0,,2.0,0.0,-0.71551174,-0.6247571,0.0,0.0,-1.0616579,-7.332227e-17
608.0,60810.0,,0.0,,,3.0,0.0,-0.71551174,-0.6247571,0.0,0.0,-1.0616579,-7.332227e-17
608.0,60811.0,,0.0,,,3.0,17.0,-0.71551174,-0.6247571,0.0,0.0,-1.0616579,-7.332227e-17
608.0,60814.0,,0.0,,,4.0,27.0,-0.71551174,-0.6247571,0.0,0.0,-1.0616579,-7.332227e-17
608.0,60873.0,,0.0,,,4.0,17.0,-0.71551174,-0.6247571,0.0,0.0,-1.0616579,-7.332227e-17
608.0,60875.0,,0.0,,,4.0,17.0,-0.71551174,-0.6247571,0.0,0.0,-1.0616579,-7.332227e-17
608.0,60876.0,4.0,1.0,,,4.0,17.0,-0.71551174,-0.6247571,0.0,0.0,-1.0616579,-7.332227e-17
608.0,60882.0,,0.0,,,3.0,23.0,-0.71551174,-0.6247571,0.0,0.0,-1.0616579,-7.332227e-17
608.0,60883.0,,0.0,,,4.0,27.0,-0.71551174,-0.6247571,0.0,0.0,-1.0616579,-7.332227e-17
608.0,60884.0,,0.0,,,3.0,8.0,-0.71551174,-0.6247571,0.0,0.0,-1.0616579,-7.332227e-17
611.0,61111.0,1.0,1.0,14.0,,3.0,27.0,-0.71551174,-0.6247571,0.0,0.0,-1.0616579,-7.332227e-17
611.0,61114.0,1.0,1.0,6.0,3.0,3.0,9.0,1.3972776,-0.6247571,1.0,0.0,-0.0543822,0.3326167
611.0,61171.0,1.0,1.0,5.0,2.0,2.0,14.0,1.3972776,-0.6247571,1.0,0.0,-0.0543822,0.3326167
611.0,61172.0,1.0,1.0,6.0,2.0,4.0,6.0,-0.71551174,1.6002363,0.0,1.0,-0.00088872755,0.35028097
611.0,61174.0,2.0,1.0,18.0,3.0,3.0,17.0,1.3972776,-0.6247571,1.0,0.0,0.905911,0.64971906
611.0,61175.0,4.0,1.0,9.0,3.0,4.0,17.0,-0.71551174,-0.6247571,0.0,0.0,-1.0616579,-7.332227e-17
611.0,61176.0,1.0,1.0,,,3.0,4.0,-0.71551174,-0.6247571,0.0,0.0,-1.0616579,-7.332227e-17
611.0,61177.0,3.0,1.0,17.0,3.0,3.0,0.0,1.3972776,-0.6247571,1.0,0.0,-0.0543822,0.3326167
611.0,61178.0,2.0,1.0,25.0,3.0,0.0,25.0,-0.71551174,1.6002363,0.0,1.0,-0.00088872755,0.35028097
612.0,61214.0,2.0,1.0,4.0,2.0,2.0,0.0,1.3972776,-0.6247571,1.0,0.0,-0.0543822,0.3326167
612.0,61216.0,2.0,1.0,0.0,2.0,3.0,1.0,-0.71551174,-0.6247571,0.0,0.0,-1.0616579,-7.332227e-17
612.0,61217.0,2.0,1.0,4.0,3.0,3.0,0.0,1.3972776,-0.6247571,1.0,0.0,-0.0543822,0.3326167
612.0,61273.0,2.0,1.0,0.0,3.0,3.0,18.0,1.3972776,-0.6247571,1.0,0.0,0.905911,0.64971906
612.0,61274.0,,0.0,,,3.0,8.0,-0.71551174,-0.6247571,0.0,0.0,-1.0616579,-7.332227e-17
612.0,61277.0,3.0,1.0,18.0,3.0,2.0,0.0,-0.71551174,-0.6247571,0.0,0.0,-0.10136469,0.3171024
612.0,61278.0,1.0,1.0,0.0,3.0,3.0,8.0,1.3972776,-0.6247571,1.0,0.0,0.905911,0.64971906
612.0,61279.0,2.0,1.0,0.0,3.0,3.0,8.0,1.3972776,-0.6247571,1.0,0.0,-0.0543822,0.3326167
612.0,61280.0,,0.0,,,3.0,0.0,-0.71551174,-0.6247571,0.0,0.0,-1.0616579,-7.332227e-17
612.0,61281.0,,0.0,,,3.0,4.0,-0.71551174,-0.6247571,0.0,0.0,-1.0616579,-7.332227e-17
612.0,61282.0,3.0,1.0,12.0,3.0,1.0,12.0,-0.71551174,1.6002363,0.0,1.0,0.9594045,0.6673834
613.0,61310.0,4.0,1.0,,,3.0,0.0,-0.71551174,-0.6247571,0.0,0.0,-1.0616579,-7.332227e-17
613.0,61311.0,1.0,1.0,0.0,0.0,2.0,11.0,-0.71551174,-0.6247571,0.0,0.0,-1.0616579,-7.332227e-17
613.0,61312.0,3.0,1.0,4.0,,4.0,9.0,-0.71551174,-0.6247571,0.0,0.0,-1.0616579,-7.332227e-17
613.0,61334.0,4.0,1.0,1.0,4.0,4.0,17.0,1.3972776,-0.6247571,1.0,0.0,-0.0543822,0.3326167
613.0,61335.0,2.0,1.0,14.0,,3.0,4.0,-0.71551174,-0.6247571,0.0,0.0,-1.0616579,-7.332227e-17
613.0,61336.0,2.0,1.0,4.0,3.0,4.0,27.0,-0.71551174,-0.6247571,0.0,0.0,-1.0616579,-7.332227e-17
613.0,61337.0,4.0,1.0,20.0,3.0,3.0,0.0,1.3972776,-0.6247571,1.0,0.0,0.905911,0.64971906
613.0,61338.0,1.0,1.0,4.0,2.0,3.0,23.0,-0.71551174,-0.6247571,0.0,0.0,-1.0616579,-7.332227e-17
614.0,61412.0,,0.0,,,2.0,4.0,-0.71551174,-0.6247571,0.0,0.0,-1.0616579,-7.332227e-17
614.0,61431.0,2.0,1.0,4.0,2.0,2.0,23.0,1.3972776,-0.6247571,1.0,0.0,0.905911,0.64971906
614.0,61478.0,1.0,1.0,0.0,,2.0,28.0,-0.71551174,-0.6247571,0.0,0.0,-1.0616579,-7.332227e-17
614.0,61480.0,3.0,1.0,4.0,3.0,3.0,,1.3972776,,1.0,,1.2037649,0.74807465
614.0,61482.0,3.0,1.0,1.0,4.0,3.0,4.0,-0.71551174,-0.6247571,0.0,0.0,-0.10136469,0.3171024
614.0,61483.0,2.0,1.0,0.0,3.0,3.0,9.0,1.3972776,-0.6247571,1.0,0.0,-0.0543822,0.3326167
614.0,61484.0,3.0,1.0,9.0,3.0,3.0,4.0,1.3972776,-0.6247571,1.0,0.0,-0.0543822,0.3326167
614.0,61485.0,2.0,1.0,4.0,2.0,2.0,8.0,1.3972776,-0.6247571,1.0,0.0,-0.0543822,0.3326167
615.0,61512.0,2.0,1.0,,,3.0,4.0,-0.71551174,-0.6247571,0.0,0.0,-1.0616579,-7.332227e-17
615.0,61514.0,,0.0,,,3.0,0.0,-0.71551174,-0.6247571,0.0,0.0,-1.0616579,-7.332227e-17
615.0,61515.0,2.0,1.0,4.0,,4.0,9.0,-0.71551174,-0.6247571,0.0,0.0,-1.0616579,-7.332227e-17
615.0,61516.0,2.0,1.0,4.0,,3.0,0.0,-0.71551174,-0.6247571,0.0,0.0,-1.0616579,-7.332227e-17
615.0,61572.0,2.0,1.0,,,3.0,11.0,-0.71551174,-0.6247571,0.0,0.0,-1.0616579,-7.332227e-17
615.0,61576.0,,0.0,,,3.0,0.0,-0.71551174,-0.6247571,0.0,0.0,-1.0616579,-7.332227e-17
615.0,61578.0,2.0,1.0,0.0,2.0,1.0,0.0,-0.71551174,1.6002363,0.0,1.0,-0.00088872755,0.35028097
616.0,61610.0,2.0,1.0,,,2.0,0.0,-0.71551174,-0.6247571,0.0,0.0,-1.0616579,-7.332227e-17
616.0,61611.0,1.0,1.0,0.0,,0.0,0.0,-0.71551174,1.6002363,0.0,1.0,-0.00088872755,0.35028097
616.0,61612.0,2.0,1.0,8.0,,3.0,8.0,-0.71551174,1.6002363,0.0,1.0,0.9594045,0.6673834
616.0,61613.0,2.0,1.0,,,2.0,0.0,-0.71551174,-0.6247571,0.0,0.0,-1.0616579,-7.332227e-17
616.0,61671.0,2.0,1.0,,,3.0,4.0,-0.71551174,-0.6247571,0.0,0.0,-1.0616579,-7.332227e-17
616.0,61672.0,,0.0,,,3.0,6.0,-0.71551174,-0.6247571,0.0,0.0,-1.0616579,-7.332227e-17
616.0,61673.0,1.0,1.0,0.0,2.0,2.0,0.0,1.3972776,1.6002363,1.0,1.0,1.96668,1.0
616.0,61674.0,2.0,1.0,,,2.0,25.0,-0.71551174,-0.6247571,0.0,0.0,-1.0616579,-7.332227e-17
617.0,61711.0,2.0,1.0,,0.0,3.0,0.0,-0.71551174,-0.6247571,0.0,0.0,-1.0616579,-7.332227e-17
617.0,61779.0,3.0,1.0,,,3.0,17.0,-0.71551174,-0.6247571,0.0,0.0,-1.0616579,-7.332227e-17
617.0,61780.0,2.0,1.0,,3.0,4.0,17.0,-0.71551174,-0.6247571,0.0,0.0,-1.0616579,-7.332227e-17
617.0,61783.0,2.0,1.0,,,3.0,4.0,-0.71551174,-0.6247571,0.0,0.0,-1.0616579,-7.332227e-17
617.0,61789.0,,0.0,,,3.0,4.0,-0.71551174,-0.6247571,0.0,0.0,-1.0616579,-7.332227e-17
617.0,61790.0,3.0,1.0,,3.0,4.0,9.0,-0.71551174,-0.6247571,0.0,0.0,-1.0616579,-7.332227e-17
617.0,61794.0,2.0,1.0,0.0,,3.0,17.0,-0.71551174,-0.6247571,0.0,0.0,-1.0616579,-7.332227e-17
618.0,61810.0,2.0,1.0,,,4.0,1.0,-0.71551174,-0.6247571,0.0,0.0,-1.0616579,-7.332227e-17
618.0,61811.0,1.0,1.0,4.0,2.0,1.0,4.0,-0.71551174,1.6002363,0.0,1.0,0.9594045,0.6673834
618.0,61813.0,,0.0,,,3.0,6.0,-0.71551174,-0.6247571,0.0,0.0,-1.0616579,-7.332227e-17
618.0,61872.0,2.0,1.0,0.0,,2.0,0.0,-0.71551174,1.6002363,0.0,1.0,-0.00088872755,0.35028097
618.0,61873.0,,1.0,0.0,,4.0,27.0,-0.71551174,-0.6247571,0.0,0.0,-1.0616579,-7.332227e-17
619.0,61910.0,,0.0,,,3.0,17.0,-0.71551174,-0.6247571,0.0,0.0,-1.0616579,-7.332227e-17
619.0,61911.0,,0.0,,,3.0,0.0,-0.71551174,-0.6247571,0.0,0.0,-1.0616579,-7.332227e-17
619.0,61912.0,,0.0,,,3.0,8.0,-0.71551174,-0.6247571,0.0,0.0,-1.0616579,-7.332227e-17
619.0,61914.0,1.0,1.0,0.0,2.0,3.0,4.0,-0.71551174,-0.6247571,0.0,0.0,-0.10136469,0.3171024
619.0,61932.0,3.0,1.0,17.0,3.0,4.0,24.0,-0.71551174,-0.6247571,0.0,0.0,-0.10136469,0.3171024
619.0,61933.0,,0.0,,,3.0,23.0,-0.71551174,-0.6247571,0.0,0.0,-1.0616579,-7.332227e-17
620.0,62012.0,3.0,1.0,6.0,3.0,4.0,,-0.71551174,,0.0,,0.19648926,0.41545796
620.0,62014.0,3.0,0.0,4.0,0.0,3.0,0.0,-0.71551174,-0.6247571,0.0,0.0,-1.0616579,-7.332227e-17
620.0,62015.0,3.0,1.0,18.0,,4.0,18.0,-0.71551174,1.6002363,0.0,1.0,0.9594045,0.6673834
620.0,62034.0,,0.0,,,2.0,0.0,-0.71551174,-0.6247571,0.0,0.0,-1.0616579,-7.332227e-17
620.0,62035.0,3.0,1.0,17.0,4.0,4.0,17.0,1.3972776,1.6002363,1.0,1.0,1.0063869,0.6828976
620.0,62036.0,1.0,1.0,21.0,0.0,1.0,0.0,-0.71551174,-0.6247571,0.0,0.0,-0.10136469,0.3171024
620.0,62037.0,3.0,1.0,2.0,4.0,4.0,2.0,1.3972776,1.6002363,1.0,1.0,1.96668,1.0
621.0,62110.0,2.0,1.0,4.0,2.0,2.0,0.0,1.3972776,-0.6247571,1.0,0.0,-0.0543822,0.3326167
621.0,62111.0,,0.0,,,3.0,0.0,-0.71551174,-0.6247571,0.0,0.0,-1.0616579,-7.332227e-17
621.0,62112.0,,0.0,,,2.0,8.0,-0.71551174,-0.6247571,0.0,0.0,-1.0616579,-7.332227e-17
621.0,62172.0,,0.0,,,3.0,4.0,-0.71551174,-0.6247571,0.0,0.0,-1.0616579,-7.332227e-17
621.0,62173.0,2.0,1.0,,3.0,3.0,0.0,1.3972776,-0.6247571,1.0,0.0,-0.0543822,0.3326167
621.0,62175.0,,0.0,,,3.0,0.0,-0.71551174,-0.6247571,0.0,0.0,-1.0616579,-7.332227e-17
621.0,62176.0,3.0,1.0,27.0,4.0,3.0,4.0,-0.71551174,-0.6247571,0.0,0.0,-1.0616579,-7.332227e-17
622.0,62211.0,3.0,0.0,9.0,3.0,4.0,17.0,-0.71551174,-0.6247571,0.0,0.0,-1.0616579,-7.332227e-17
622.0,62212.0,2.0,0.0,25.0,2.0,3.0,25.0,-0.71551174,1.6002363,0.0,1.0,-0.00088872755,0.35028097
622.0,62213.0,2.0,1.0,0.0,3.0,3.0,0.0,1.3972776,1.6002363,1.0,1.0,1.96668,1.0
622.0,62214.0,,0.0,,,3.0,4.0,-0.71551174,-0.6247571,0.0,0.0,-1.0616579,-7.332227e-17
622.0,62275.0,3.0,1.0,4.0,3.0,3.0,17.0,1.3972776,-0.6247571,1.0,0.0,0.905911,0.64971906
622.0,62276.0,2.0,1.0,14.0,3.0,3.0,4.0,1.3972776,-0.6247571,1.0,0.0,0.905911,0.64971906
622.0,62281.0,4.0,1.0,9.0,4.0,4.0,9.0,1.3972776,1.6002363,1.0,1.0,1.96668,1.0
622.0,62282.0,2.0,1.0,21.0,2.0,3.0,0.0,-0.71551174,-0.6247571,0.0,0.0,-0.10136469,0.3171024
623.0,62310.0,,0.0,,,4.0,17.0,-0.71551174,-0.6247571,0.0,0.0,-1.0616579,-7.332227e-17
623.0,62311.0,,0.0,,,3.0,0.0,-0.71551174,-0.6247571,0.0,0.0,-1.0616579,-7.332227e-17
623.0,62313.0,3.0,1.0,6.0,2.0,3.0,6.0,-0.71551174,1.6002363,0.0,1.0,0.9594045,0.6673834
623.0,62331.0,,0.0,,,3.0,4.0,-0.71551174,-0.6247571,0.0,0.0,-1.0616579,-7.332227e-17
623.0,62332.0,,0.0,,,2.0,,-0.71551174,1.6002363,0.0,1.0,-0.00088872755,0.35028097
623.0,62333.0,,0.0,,,3.0,15.0,-0.71551174,-0.6247571,0.0,0.0,-1.0616579,-7.332227e-17
624.0,62411.0,,0.0,,,3.0,1.0,-0.71551174,-0.6247571,0.0,0.0,-1.0616579,-7.332227e-17
624.0,62432.0,,0.0,,,0.0,0.0,-0.71551174,-0.6247571,0.0,0.0,-1.0616579,-7.332227e-17
624.0,62433.0,,0.0,,,3.0,0.0,-0.71551174,-0.6247571,0.0,0.0,-1.0616579,-7.332227e-17
625.0,62510.0,1.0,1.0,0.0,,3.0,0.0,-0.71551174,1.6002363,0.0,1.0,-0.00088872755,0.35028097
625.0,62511.0,2.0,1.0,0.0,2.0,3.0,4.0,-0.71551174,-0.6247571,0.0,0.0,-1.0616579,-7.332227e-17
625.0,62512.0,,0.0,,,3.0,0.0,-0.71551174,-0.6247571,0.0,0.0,-1.0616579,-7.332227e-17
625.0,62513.0,2.0,1.0,0.0,,4.0,27.0,-0.71551174,-0.6247571,0.0,0.0,-1.0616579,-7.332227e-17
625.0,62531.0,3.0,1.0,,3.0,3.0,4.0,1.3972776,-0.6247571,1.0,0.0,-0.0543822,0.3326167
625.0,62532.0,2.0,1.0,8.0,2.0,3.0,18.0,-0.71551174,-0.6247571,0.0,0.0,-0.10136469,0.3171024
625.0,62533.0,2.0,1.0,0.0,2.0,2.0,4.0,1.3972776,-0.6247571,1.0,0.0,0.905911,0.64971906
626.0,62611.0,,0.0,,,3.0,,-0.71551174,1.6002363,0.0,1.0,-0.00088872755,0.35028097
626.0,62614.0,,0.0,,,4.0,0.0,-0.71551174,-0.6247571,0.0,0.0,-1.0616579,-7.332227e-17
626.0,62615.0,,0.0,,,3.0,27.0,-0.71551174,-0.6247571,0.0,0.0,-1.0616579,-7.332227e-17
626.0,62671.0,,0.0,,,4.0,0.0,-0.71551174,-0.6247571,0.0,0.0,-1.0616579,-7.332227e-17
626.0,62676.0,,0.0,,,3.0,0.0,-0.71551174,-0.6247571,0.0,0.0,-1.0616579,-7.332227e-17
626.0,62677.0,,0.0,,,4.0,17.0,-0.71551174,-0.6247571,0.0,0.0,-1.0616579,-7.332227e-17
627.0,62710.0,,0.0,,,4.0,27.0,-0.71551174,-0.6247571,0.0,0.0,-1.0616579,-7.332227e-17
627.0,62714.0,,0.0,,,4.0,17.0,-0.71551174,-0.6247571,0.0,0.0,-1.0616579,-7.332227e-17
627.0,62738.0,3.0,1.0,9.0,4.0,4.0,17.0,1.3972776,-0.6247571,1.0,0.0,0.905911,0.64971906
627.0,62739.0,1.0,1.0,14.0,2.0,0.0,14.0,-0.71551174,1.6002363,0.0,1.0,0.9594045,0.6673834
627.0,62740.0,2.0,1.0,5.0,3.0,3.0,0.0,1.3972776,-0.6247571,1.0,0.0,0.905911,0.64971906
628.0,62812.0,3.0,1.0,0.0,3.0,3.0,0.0,1.3972776,1.6002363,1.0,1.0,1.96668,1.0
628.0,62891.0,,0.0,,,3.0,4.0,-0.71551174,-0.6247571,0.0,0.0,-1.0616579,-7.332227e-17
628.0,62892.0,3.0,1.0,6.0,3.0,4.0,6.0,-0.71551174,1.6002363,0.0,1.0,0.9594045,0.6673834
628.0,62897.0,2.0,1.0,0.0,2.0,3.0,0.0,-0.71551174,1.6002363,0.0,1.0,0.9594045,0.6673834
628.0,62899.0,,0.0,,,4.0,27.0,-0.71551174,-0.6247571,0.0,0.0,-1.0616579,-7.332227e-17
629.0,62910.0,,0.0,,,3.0,6.0,-0.71551174,-0.6247571,0.0,0.0,-1.0616579,-7.332227e-17
629.0,62911.0,,0.0,,,3.0,6.0,-0.71551174,-0.6247571,0.0,0.0,-1.0616579,-7.332227e-17
629.0,62914.0,,0.0,,,2.0,0.0,-0.71551174,-0.6247571,0.0,0.0,-1.0616579,-7.332227e-17
629.0,62933.0,2.0,1.0,4.0,2.0,3.0,0.0,-0.71551174,-0.6247571,0.0,0.0,-0.10136469,0.3171024
629.0,62934.0,,0.0,,,3.0,4.0,-0.71551174,-0.6247571,0.0,0.0,-1.0616579,-7.332227e-17
629.0,62935.0,,0.0,,,4.0,2.0,-0.71551174,-0.6247571,0.0,0.0,-1.0616579,-7.332227e-17
629.0,62972.0,,0.0,,,3.0,4.0,-0.71551174,-0.6247571,0.0,0.0,-1.0616579,-7.332227e-17
630.0,63011.0,2.0,1.0,0.0,2.0,0.0,25.0,-0.71551174,-0.6247571,0.0,0.0,-0.10136469,0.3171024
630.0,63012.0,,0.0,,,4.0,4.0,-0.71551174,-0.6247571,0.0,0.0,-1.0616579,-7.332227e-17
630.0,63013.0,,0.0,,,3.0,4.0,-0.71551174,-0.6247571,0.0,0.0,-1.0616579,-7.332227e-17
630.0,63015.0,,0.0,,,3.0,25.0,-0.71551174,-0.6247571,0.0,0.0,-1.0616579,-7.332227e-17
631.0,63112.0,2.0,1.0,0.0,3.0,2.0,4.0,-0.71551174,-0.6247571,0.0,0.0,-0.10136469,0.3171024
631.0,63114.0,,0.0,,,3.0,9.0,-0.71551174,-0.6247571,0.0,0.0,-1.0616579,-7.332227e-17
631.0,63133.0,,0.0,,,1.0,,-0.71551174,1.6002363,0.0,1.0,-0.00088872755,0.35028097
631.0,63134.0,,0.0,,,4.0,0.0,-0.71551174,-0.6247571,0.0,0.0,-1.0616579,-7.332227e-17
631.0,63173.0,,0.0,,,2.0,4.0,-0.71551174,-0.6247571,0.0,0.0,-1.0616579,-7.332227e-17
631.0,63174.0,,0.0,,,3.0,4.0,-0.71551174,-0.6247571,0.0,0.0,-1.0616579,-7.332227e-17
631.0,63175.0,,0.0,,,2.0,4.0,-0.71551174,-0.6247571,0.0,0.0,-1.0616579,-7.332227e-17
632.0,63212.0,,0.0,,,4.0,,-0.71551174,1.6002363,0.0,1.0,-0.00088872755,0.35028097
632.0,63213.0,1.0,1.0,0.0,,3.0,0.0,-0.71551174,1.6002363,0.0,1.0,-0.00088872755,0.35028097
632.0,63214.0,,0.0,,,4.0,,-0.71551174,1.6002363,0.0,1.0,-0.00088872755,0.35028097
632.0,63271.0,3.0,1.0,17.0,,3.0,0.0,-0.71551174,-0.6247571,0.0,0.0,-1.0616579,-7.332227e-17
632.0,63272.0,,0.0,,,3.0,4.0,-0.71551174,-0.6247571,0.0,0.0,-1.0616579,-7.332227e-17
633.0,63312.0,2.0,1.0,15.0,3.0,3.0,15.0,1.3972776,1.6002363,1.0,1.0,1.96668,1.0
633.0,63313.0,,0.0,,,4.0,9.0,-0.71551174,-0.6247571,0.0,0.0,-1.0616579,-7.332227e-17
633.0,63380.0,2.0,0.0,17.0,2.0,3.0,28.0,-0.71551174,-0.6247571,0.0,0.0,-1.0616579,-7.332227e-17
633.0,63381.0,3.0,1.0,0.0,3.0,3.0,,1.3972776,,1.0,,0.24347176,0.43097225
633.0,63391.0,3.0,1.0,15.0,3.0,3.0,17.0,1.3972776,-0.6247571,1.0,0.0,-0.0543822,0.3326167
633.0,63393.0,,0.0,,,2.0,0.0,-0.71551174,-0.6247571,0.0,0.0,-1.0616579,-7.332227e-17
633.0,63394.0,3.0,1.0,0.0,3.0,3.0,0.0,1.3972776,1.6002363,1.0,1.0,1.0063869,0.6828976
634.0,63410.0,2.0,1.0,,,3.0,12.0,-0.71551174,-0.6247571,0.0,0.0,-1.0616579,-7.332227e-17
634.0,63412.0,1.0,1.0,0.0,,3.0,0.0,-0.71551174,1.6002363,0.0,1.0,-0.00088872755,0.35028097
634.0,63415.0,1.0,1.0,0.0,2.0,0.0,0.0,-0.71551174,1.6002363,0.0,1.0,-0.00088872755,0.35028097
634.0,63417.0,1.0,1.0,0.0,3.0,3.0,0.0,1.3972776,1.6002363,1.0,1.0,1.0063869,0.6828976
634.0,63418.0,3.0,1.0,1.0,3.0,3.0,0.0,1.3972776,-0.6247571,1.0,0.0,-0.0543822,0.3326167
634.0,63432.0,1.0,1.0,4.0,2.0,2.0,0.0,1.3972776,-0.6247571,1.0,0.0,0.905911,0.64971906
634.0,63433.0,1.0,1.0,0.0,3.0,3.0,17.0,1.3972776,-0.6247571,1.0,0.0,-0.0543822,0.3326167
634.0,63434.0,2.0,1.0,25.0,3.0,3.0,25.0,1.3972776,1.6002363,1.0,1.0,1.0063869,0.6828976
635.0,63510.0,2.0,1.0,,,3.0,0.0,-0.71551174,-0.6247571,0.0,0.0,-1.0616579,-7.332227e-17
635.0,63511.0,3.0,1.0,0.0,3.0,4.0,,-0.71551174,,0.0,,-0.76380396,0.098355584
635.0,63571.0,3.0,1.0,17.0,2.0,2.0,,1.3972776,,1.0,,1.2037649,0.74807465
635.0,63572.0,2.0,1.0,4.0,,2.0,,-0.71551174,,0.0,,0.19648926,0.41545796
635.0,63573.0,2.0,1.0,0.0,3.0,3.0,0.0,1.3972776,1.6002363,1.0,1.0,1.96668,1.0
636.0,63610.0,3.0,1.0,1.0,3.0,3.0,1.0,1.3972776,1.6002363,1.0,1.0,1.0063869,0.6828976
636.0,63611.0,2.0,1.0,15.0,,3.0,15.0,-0.71551174,1.6002363,0.0,1.0,0.9594045,0.6673834
636.0,63612.0,2.0,1.0,4.0,,4.0,20.0,-0.71551174,-0.6247571,0.0,0.0,-1.0616579,-7.332227e-17
636.0,63613.0,1.0,1.0,23.0,2.0,2.0,8.0,1.3972776,-0.6247571,1.0,0.0,0.905911,0.64971906
636.0,63614.0,1.0,1.0,0.0,3.0,2.0,25.0,-0.71551174,-0.6247571,0.0,0.0,-1.0616579,-7.332227e-17
636.0,63633.0,2.0,1.0,,,4.0,0.0,-0.71551174,-0.6247571,0.0,0.0,-1.0616579,-7.332227e-17
636.0,63634.0,3.0,1.0,17.0,3.0,3.0,17.0,1.3972776,1.6002363,1.0,1.0,1.0063869,0.6828976
637.0,63710.0,2.0,1.0,4.0,2.0,1.0,0.0,-0.71551174,-0.6247571,0.0,0.0,-0.10136469,0.3171024
637.0,63714.0,1.0,1.0,0.0,2.0,2.0,0.0,1.3972776,1.6002363,1.0,1.0,1.96668,1.0
637.0,63731.0,2.0,1.0,0.0,,2.0,,-0.71551174,,0.0,,-0.76380396,0.098355584
637.0,63732.0,3.0,1.0,,2.0,3.0,17.0,-0.71551174,-0.6247571,0.0,0.0,-1.0616579,-7.332227e-17
637.0,63733.0,3.0,1.0,,,4.0,27.0,-0.71551174,-0.6247571,0.0,0.0,-1.0616579,-7.332227e-17
638.0,63810.0,2.0,1.0,,3.0,3.0,11.0,1.3972776,-0.6247571,1.0,0.0,-0.0543822,0.3326167
638.0,63811.0,2.0,1.0,21.0,2.0,3.0,,-0.71551174,,0.0,,-0.76380396,0.098355584
638.0,63812.0,1.0,1.0,0.0,2.0,3.0,4.0,-0.71551174,-0.6247571,0.0,0.0,-0.10136469,0.3171024
638.0,63813.0,1.0,1.0,14.0,,3.0,14.0,-0.71551174,1.6002363,0.0,1.0,-0.00088872755,0.35028097
638.0,63814.0,1.0,1.0,25.0,0.0,3.0,0.0,-0.71551174,-0.6247571,0.0,0.0,-1.0616579,-7.332227e-17
638.0,63831.0,2.0,1.0,11.0,2.0,3.0,11.0,-0.71551174,1.6002363,0.0,1.0,0.9594045,0.6673834
638.0,63832.0,1.0,1.0,,,3.0,9.0,-0.71551174,-0.6247571,0.0,0.0,-1.0616579,-7.332227e-17
638.0,63833.0,,0.0,,,3.0,17.0,-0.71551174,-0.6247571,0.0,0.0,-1.0616579,-7.332227e-17
638.0,63834.0,1.0,1.0,0.0,0.0,2.0,0.0,-0.71551174,1.6002363,0.0,1.0,0.9594045,0.6673834
639.0,63910.0,3.0,1.0,9.0,3.0,4.0,9.0,-0.71551174,1.6002363,0.0,1.0,-0.00088872755,0.35028097
639.0,63911.0,3.0,1.0,28.0,,3.0,22.0,-0.71551174,-0.6247571,0.0,0.0,-1.0616579,-7.332227e-17
640.0,64010.0,3.0,1.0,4.0,3.0,4.0,27.0,-0.71551174,-0.6247571,0.0,0.0,-1.0616579,-7.332227e-17
640.0,64011.0,4.0,1.0,4.0,2.0,2.0,25.0,1.3972776,-0.6247571,1.0,0.0,0.905911,0.64971906
640.0,64013.0,2.0,1.0,4.0,2.0,2.0,0.0,1.3972776,-0.6247571,1.0,0.0,0.905911,0.64971906
640.0,64014.0,3.0,1.0,0.0,4.0,4.0,4.0,1.3972776,-0.6247571,1.0,0.0,0.905911,0.64971906
640.0,64077.0,3.0,1.0,21.0,4.0,4.0,21.0,1.3972776,1.6002363,1.0,1.0,1.96668,1.0
640.0,64079.0,4.0,1.0,18.0,3.0,4.0,18.0,-0.71551174,1.6002363,0.0,1.0,0.9594045,0.6673834
640.0,64080.0,2.0,1.0,15.0,2.0,3.0,15.0,-0.71551174,1.6002363,0.0,1.0,0.9594045,0.6673834
641.0,64110.0,3.0,1.0,0.0,2.0,2.0,,1.3972776,,1.0,,1.2037649,0.74807465
641.0,64111.0,3.0,1.0,0.0,3.0,3.0,25.0,1.3972776,-0.6247571,1.0,0.0,0.905911,0.64971906
641.0,64112.0,1.0,1.0,0.0,0.0,3.0,8.0,-0.71551174,-0.6247571,0.0,0.0,-0.10136469,0.3171024
641.0,64113.0,,0.0,,,4.0,5.0,-0.71551174,-0.6247571,0.0,0.0,-1.0616579,-7.332227e-17
641.0,64131.0,3.0,1.0,28.0,3.0,3.0,28.0,1.3972776,1.6002363,1.0,1.0,1.96668,1.0
641.0,64132.0,2.0,1.0,4.0,2.0,3.0,4.0,-0.71551174,1.6002363,0.0,1.0,0.9594045,0.6673834
641.0,64133.0,2.0,1.0,0.0,3.0,3.0,0.0,1.3972776,1.6002363,1.0,1.0,1.96668,1.0
642.0,64210.0,4.0,1.0,17.0,3.0,4.0,17.0,-0.71551174,1.6002363,0.0,1.0,0.9594045,0.6673834
642.0,64211.0,4.0,1.0,17.0,4.0,4.0,17.0,1.3972776,1.6002363,1.0,1.0,1.96668,1.0
642.0,64212.0,2.0,1.0,0.0,3.0,3.0,11.0,1.3972776,-0.6247571,1.0,0.0,0.905911,0.64971906
642.0,64213.0,2.0,1.0,0.0,2.0,2.0,0.0,1.3972776,1.6002363,1.0,1.0,1.0063869,0.6828976
642.0,64271.0,3.0,1.0,4.0,3.0,3.0,23.0,1.3972776,-0.6247571,1.0,0.0,-0.0543822,0.3326167
642.0,64273.0,4.0,1.0,1.0,4.0,4.0,,1.3972776,,1.0,,1.2037649,0.74807465
642.0,64275.0,4.0,1.0,9.0,3.0,3.0,17.0,1.3972776,-0.6247571,1.0,0.0,0.905911,0.64971906
642.0,64278.0,,0.0,,,3.0,0.0,-0.71551174,-0.6247571,0.0,0.0,-1.0616579,-7.332227e-17
643.0,64310.0,,0.0,,,4.0,9.0,-0.71551174,-0.6247571,0.0,0.0,-1.0616579,-7.332227e-17
643.0,64313.0,3.0,1.0,4.0,3.0,3.0,0.0,1.3972776,-0.6247571,1.0,0.0,0.905911,0.64971906
643.0,64314.0,3.0,1.0,18.0,3.0,3.0,18.0,1.3972776,1.6002363,1.0,1.0,1.0063869,0.6828976
643.0,64341.0,3.0,1.0,17.0,4.0,4.0,17.0,1.3972776,1.6002363,1.0,1.0,1.96668,1.0
643.0,64342.0,4.0,1.0,4.0,4.0,4.0,22.0,1.3972776,-0.6247571,1.0,0.0,0.905911,0.64971906
643.0,64373.0,4.0,1.0,17.0,4.0,4.0,9.0,1.3972776,-0.6247571,1.0,0.0,0.905911,0.64971906
643.0,64374.0,3.0,1.0,2.0,4.0,4.0,2.0,1.3972776,1.6002363,1.0,1.0,1.96668,1.0
644.0,64413.0,3.0,0.0,17.0,4.0,3.0,17.0,-0.71551174,1.6002363,0.0,1.0,-0.00088872755,0.35028097
644.0,64414.0,3.0,0.0,1.0,3.0,3.0,1.0,1.3972776,1.6002363,1.0,1.0,1.0063869,0.6828976
644.0,64473.0,2.0,0.0,4.0,0.0,3.0,0.0,-0.71551174,-0.6247571,0.0,0.0,-1.0616579,-7.332227e-17
644.0,64474.0,4.0,1.0,9.0,4.0,4.0,17.0,1.3972776,-0.6247571,1.0,0.0,0.905911,0.64971906
644.0,64475.0,2.0,0.0,18.0,3.0,3.0,,1.3972776,,1.0,,0.24347176,0.43097225
644.0,64476.0,4.0,1.0,9.0,4.0,4.0,17.0,1.3972776,-0.6247571,1.0,0.0,0.905911,0.64971906
645.0,64512.0,3.0,0.0,17.0,4.0,3.0,14.0,-0.71551174,-0.6247571,0.0,0.0,-1.0616579,-7.332227e-17
645.0,64514.0,1.0,0.0,18.0,2.0,2.0,18.0,1.3972776,1.6002363,1.0,1.0,1.0063869,0.6828976
645.0,64531.0,2.0,0.0,27.0,4.0,4.0,1.0,1.3972776,-0.6247571,1.0,0.0,-0.0543822,0.3326167
645.0,64532.0,2.0,0.0,8.0,1.0,4.0,1.0,-0.71551174,-0.6247571,0.0,0.0,-1.0616579,-7.332227e-17
645.0,64571.0,2.0,0.0,17.0,3.0,3.0,17.0,1.3972776,1.6002363,1.0,1.0,1.0063869,0.6828976
645.0,64572.0,1.0,0.0,0.0,,3.0,0.0,-0.71551174,1.6002363,0.0,1.0,-0.00088872755,0.35028097
645.0,64573.0,1.0,0.0,0.0,0.0,2.0,0.0,-0.71551174,1.6002363,0.0,1.0,-0.00088872755,0.35028097
645.0,64576.0,4.0,0.0,1.0,4.0,3.0,0.0,-0.71551174,-0.6247571,0.0,0.0,-1.0616579,-7.332227e-17
646.0,64610.0,1.0,0.0,27.0,4.0,4.0,22.0,1.3972776,-0.6247571,1.0,0.0,-0.0543822,0.3326167
646.0,64611.0,1.0,0.0,0.0,,3.0,17.0,-0.71551174,-0.6247571,0.0,0.0,-1.0616579,-7.332227e-17
646.0,64614.0,1.0,0.0,9.0,3.0,3.0,0.0,1.3972776,-0.6247571,1.0,0.0,-0.0543822,0.3326167
646.0,64672.0,2.0,0.0,17.0,4.0,2.0,4.0,-0.71551174,-0.6247571,0.0,0.0,-1.0616579,-7.332227e-17
646.0,64679.0,2.0,0.0,22.0,4.0,3.0,22.0,-0.71551174,1.6002363,0.0,1.0,-0.00088872755,0.35028097
646.0,64684.0,2.0,1.0,15.0,3.0,3.0,15.0,1.3972776,1.6002363,1.0,1.0,1.96668,1.0
646.0,64691.0,3.0,0.0,12.0,3.0,3.0,,1.3972776,,1.0,,0.24347176,0.43097225
647.0,64710.0,3.0,1.0,23.0,3.0,3.0,0.0,1.3972776,-0.6247571,1.0,0.0,0.905911,0.64971906
647.0,64712.0,,0.0,,,2.0,0.0,-0.71551174,-0.6247571,0.0,0.0,-1.0616579,-7.332227e-17
647.0,64713.0,,0.0,,,4.0,27.0,-0.71551174,-0.6247571,0.0,0.0,-1.0616579,-7.332227e-17
647.0,64714.0,3.0,1.0,,3.0,3.0,27.0,1.3972776,-0.6247571,1.0,0.0,0.905911,0.64971906
647.0,64715.0,,0.0,,,4.0,27.0,-0.71551174,-0.6247571,0.0,0.0,-1.0616579,-7.332227e-17
647.0,64771.0,,0.0,,,4.0,1.0,-0.71551174,-0.6247571,0.0,0.0,-1.0616579,-7.332227e-17
647.0,64772.0,2.0,1.0,0.0,3.0,3.0,17.0,1.3972776,-0.6247571,1.0,0.0,0.905911,0.64971906
648.0,64811.0,2.0,0.0,,,3.0,17.0,-0.71551174,-0.6247571,0.0,0.0,-1.0616579,-7.332227e-17
648.0,64812.0,1.0,0.0,,,0.0,8.0,-0.71551174,-0.6247571,0.0,0.0,-1.0616579,-7.332227e-17
648.0,64814.0,2.0,0.0,0.0,,3.0,18.0,-0.71551174,-0.6247571,0.0,0.0,-1.0616579,-7.332227e-17
648.0,64815.0,1.0,0.0,,,3.0,0.0,-0.71551174,-0.6247571,0.0,0.0,-1.0616579,-7.332227e-17
648.0,64816.0,2.0,0.0,1.0,,2.0,0.0,-0.71551174,-0.6247571,0.0,0.0,-1.0616579,-7.332227e-17
648.0,64831.0,2.0,0.0,9.0,,4.0,9.0,-0.71551174,1.6002363,0.0,1.0,-0.00088872755,0.35028097
648.0,64832.0,3.0,0.0,28.0,,3.0,17.0,-0.71551174,-0.6247571,0.0,0.0,-1.0616579,-7.332227e-17
649.0,64910.0,1.0,1.0,0.0,0.0,2.0,0.0,-0.71551174,1.6002363,0.0,1.0,0.9594045,0.6673834
649.0,64911.0,,0.0,,,2.0,0.0,-0.71551174,-0.6247571,0.0,0.0,-1.0616579,-7.332227e-17
649.0,64912.0,2.0,1.0,14.0,,3.0,14.0,-0.71551174,1.6002363,0.0,1.0,0.9594045,0.6673834
649.0,64914.0,3.0,1.0,9.0,4.0,4.0,17.0,1.3972776,-0.6247571,1.0,0.0,0.905911,0.64971906
649.0,64932.0,3.0,1.0,1.0,3.0,3.0,17.0,1.3972776,-0.6247571,1.0,0.0,0.905911,0.64971906
649.0,64933.0,1.0,1.0,0.0,3.0,3.0,0.0,1.3972776,1.6002363,1.0,1.0,1.96668,1.0
650.0,65010.0,,0.0,,,4.0,17.0,-0.71551174,-0.6247571,0.0,0.0,-1.0616579,-7.332227e-17
650.0,65013.0,,0.0,,,2.0,23.0,-0.71551174,-0.6247571,0.0,0.0,-1.0616579,-7.332227e-17
650.0,65015.0,2.0,1.0,0.0,3.0,3.0,4.0,1.3972776,-0.6247571,1.0,0.0,0.905911,0.64971906
650.0,65039.0,,0.0,,,4.0,9.0,-0.71551174,-0.6247571,0.0,0.0,-1.0616579,-7.332227e-17
650.0,65040.0,3.0,1.0,9.0,4.0,4.0,17.0,1.3972776,-0.6247571,1.0,0.0,0.905911,0.64971906
650.0,65041.0,,0.0,,,4.0,9.0,-0.71551174,-0.6247571,0.0,0.0,-1.0616579,-7.332227e-17
650.0,65072.0,,0.0,,,3.0,8.0,-0.71551174,-0.6247571,0.0,0.0,-1.0616579,-7.332227e-17
651.0,65112.0,,0.0,,,2.0,0.0,-0.71551174,-0.6247571,0.0,0.0,-1.0616579,-7.332227e-17
651.0,65135.0,,0.0,,,3.0,6.0,-0.71551174,-0.6247571,0.0,0.0,-1.0616579,-7.332227e-17
651.0,65136.0,,0.0,,,0.0,0.0,-0.71551174,-0.6247571,0.0,0.0,-1.0616579,-7.332227e-17
651.0,65137.0,4.0,1.0,0.0,3.0,3.0,,1.3972776,,1.0,,1.2037649,0.74807465
651.0,65171.0,1.0,1.0,4.0,3.0,4.0,0.0,-0.71551174,-0.6247571,0.0,0.0,-0.10136469,0.3171024
652.0,65210.0,,0.0,,,4.0,17.0,-0.71551174,-0.6247571,0.0,0.0,-1.0616579,-7.332227e-17
652.0,65211.0,,0.0,,,,0.0,-0.71551174,-0.6247571,0.0,0.0,-1.0616579,-7.332227e-17
652.0,65212.0,,0.0,,,3.0,0.0,-0.71551174,-0.6247571,0.0,0.0,-1.0616579,-7.332227e-17
652.0,65272.0,4.0,1.0,20.0,4.0,4.0,9.0,1.3972776,-0.6247571,1.0,0.0,0.905911,0.64971906
652.0,65273.0,3.0,1.0,4.0,3.0,3.0,18.0,1.3972776,-0.6247571,1.0,0.0,0.905911,0.64971906
652.0,65274.0,,0.0,,,3.0,4.0,-0.71551174,-0.6247571,0.0,0.0,-1.0616579,-7.332227e-17
653.0,65312.0,,0.0,,,3.0,,-0.71551174,1.6002363,0.0,1.0,-0.00088872755,0.35028097
653.0,65314.0,3.0,1.0,4.0,,3.0,17.0,-0.71551174,-0.6247571,0.0,0.0,-1.0616579,-7.332227e-17
653.0,65331.0,3.0,1.0,4.0,3.0,3.0,4.0,1.3972776,1.6002363,1.0,1.0,1.96668,1.0
653.0,65332.0,3.0,1.0,0.0,,2.0,0.0,-0.71551174,1.6002363,0.0,1.0,-0.00088872755,0.35028097
653.0,65333.0,1.0,1.0,0.0,,3.0,23.0,-0.71551174,-0.6247571,0.0,0.0,-1.0616579,-7.332227e-17
653.0,65334.0,2.0,1.0,0.0,2.0,2.0,17.0,1.3972776,-0.6247571,1.0,0.0,0.905911,0.64971906
653.0,65335.0,,0.0,,,2.0,0.0,-0.71551174,-0.6247571,0.0,0.0,-1.0616579,-7.332227e-17
653.0,65336.0,4.0,1.0,23.0,4.0,4.0,0.0,1.3972776,-0.6247571,1.0,0.0,0.905911,0.64971906
654.0,65411.0,,1.0,,,2.0,15.0,-0.71551174,-0.6247571,0.0,0.0,-1.0616579,-7.332227e-17
654.0,65413.0,3.0,1.0,,3.0,3.0,4.0,1.3972776,-0.6247571,1.0,0.0,-0.0543822,0.3326167
654.0,65471.0,2.0,1.0,0.0,3.0,2.0,4.0,-0.71551174,-0.6247571,0.0,0.0,-0.10136469,0.3171024
654.0,65472.0,3.0,1.0,17.0,3.0,2.0,4.0,-0.71551174,-0.6247571,0.0,0.0,-1.0616579,-7.332227e-17
654.0,65473.0,4.0,1.0,5.0,3.0,3.0,5.0,1.3972776,1.6002363,1.0,1.0,1.96668,1.0
654.0,65474.0,4.0,1.0,9.0,3.0,3.0,9.0,1.3972776,1.6002363,1.0,1.0,1.0063869,0.6828976
655.0,65511.0,3.0,1.0,0.0,3.0,3.0,8.0,1.3972776,-0.6247571,1.0,0.0,-0.0543822,0.3326167
655.0,65512.0,,1.0,,,2.0,23.0,-0.71551174,-0.6247571,0.0,0.0,-1.0616579,-7.332227e-17
655.0,65513.0,2.0,1.0,0.0,3.0,3.0,25.0,1.3972776,-0.6247571,1.0,0.0,-0.0543822,0.3326167
655.0,65514.0,1.0,1.0,8.0,0.0,0.0,8.0,1.3972776,1.6002363,1.0,1.0,1.0063869,0.6828976
655.0,65536.0,3.0,1.0,21.0,2.0,3.0,21.0,-0.71551174,1.6002363,0.0,1.0,0.9594045,0.6673834
655.0,65537.0,5.0,1.0,9.0,4.0,4.0,9.0,1.3972776,1.6002363,1.0,1.0,1.0063869,0.6828976
655.0,65538.0,4.0,1.0,17.0,3.0,2.0,12.0,-0.71551174,-0.6247571,0.0,0.0,-1.0616579,-7.332227e-17
655.0,65539.0,2.0,1.0,0.0,3.0,3.0,4.0,1.3972776,-0.6247571,1.0,0.0,-0.0543822,0.3326167
656.0,65610.0,3.0,1.0,9.0,3.0,3.0,20.0,1.3972776,-0.6247571,1.0,0.0,-0.0543822,0.3326167
656.0,65611.0,3.0,1.0,17.0,,3.0,17.0,-0.71551174,1.6002363,0.0,1.0,0.9594045,0.6673834
656.0,65671.0,1.0,0.0,0.0,0.0,1.0,0.0,-0.71551174,1.6002363,0.0,1.0,-0.00088872755,0.35028097
656.0,65672.0,3.0,1.0,4.0,,1.0,4.0,-0.71551174,1.6002363,0.0,1.0,-0.00088872755,0.35028097
657.0,65711.0,2.0,1.0,0.0,,3.0,0.0,-0.71551174,1.6002363,0.0,1.0,0.9594045,0.6673834
657.0,65712.0,,0.0,,,3.0,17.0,-0.71551174,-0.6247571,0.0,0.0,-1.0616579,-7.332227e-17
657.0,65713.0,3.0,1.0,13.0,3.0,3.0,0.0,1.3972776,-0.6247571,1.0,0.0,-0.0543822,0.3326167
657.0,65773.0,1.0,1.0,0.0,0.0,1.0,0.0,-0.71551174,1.6002363,0.0,1.0,0.9594045,0.6673834
657.0,65776.0,,0.0,,,,4.0,-0.71551174,-0.6247571,0.0,0.0,-1.0616579,-7.332227e-17
657.0,65777.0,,0.0,,,4.0,2.0,-0.71551174,-0.6247571,0.0,0.0,-1.0616579,-7.332227e-17
657.0,65778.0,,0.0,,,4.0,17.0,-0.71551174,-0.6247571,0.0,0.0,-1.0616579,-7.332227e-17
658.0,65813.0,1.0,1.0,8.0,2.0,3.0,0.0,-0.71551174,-0.6247571,0.0,0.0,-0.10136469,0.3171024
658.0,65814.0,2.0,1.0,0.0,3.0,3.0,0.0,1.3972776,1.6002363,1.0,1.0,1.96668,1.0
658.0,65815.0,,0.0,,,2.0,0.0,-0.71551174,-0.6247571,0.0,0.0,-1.0616579,-7.332227e-17
658.0,65872.0,,0.0,,,1.0,,-0.71551174,1.6002363,0.0,1.0,-0.00088872755,0.35028097
658.0,65873.0,,0.0,,,4.0,,-0.71551174,1.6002363,0.0,1.0,-0.00088872755,0.35028097
658.0,65874.0,3.0,1.0,25.0,3.0,4.0,,-0.71551174,,0.0,,0.19648926,0.41545796
658.0,65875.0,,0.0,,,4.0,9.0,-0.71551174,-0.6247571,0.0,0.0,-1.0616579,-7.332227e-17
660.0,66010.0,,0.0,,,3.0,17.0,-0.71551174,-0.6247571,0.0,0.0,-1.0616579,-7.332227e-17
660.0,66011.0,,0.0,,,3.0,17.0,-0.71551174,-0.6247571,0.0,0.0,-1.0616579,-7.332227e-17
660.0,66012.0,,0.0,,,3.0,0.0,-0.71551174,-0.6247571,0.0,0.0,-1.0616579,-7.332227e-17
660.0,66013.0,3.0,1.0,,3.0,2.0,0.0,-0.71551174,-0.6247571,0.0,0.0,-0.10136469,0.3171024
660.0,66014.0,3.0,1.0,0.0,4.0,3.0,17.0,-0.71551174,-0.6247571,0.0,0.0,-0.10136469,0.3171024
660.0,66071.0,,0.0,,,1.0,0.0,-0.71551174,-0.6247571,0.0,0.0,-1.0616579,-7.332227e-17
660.0,66076.0,2.0,1.0,0.0,3.0,2.0,0.0,-0.71551174,1.6002363,0.0,1.0,0.9594045,0.6673834
661.0,66111.0,2.0,1.0,23.0,2.0,3.0,4.0,-0.71551174,-0.6247571,0.0,0.0,-0.10136469,0.3171024
661.0,66112.0,3.0,1.0,9.0,3.0,3.0,9.0,1.3972776,1.6002363,1.0,1.0,1.96668,1.0
661.0,66113.0,2.0,1.0,4.0,3.0,3.0,18.0,1.3972776,-0.6247571,1.0,0.0,0.905911,0.64971906
661.0,66115.0,2.0,1.0,17.0,2.0,3.0,15.0,-0.71551174,-0.6247571,0.0,0.0,-0.10136469,0.3171024
661.0,66116.0,3.0,1.0,11.0,2.0,2.0,0.0,1.3972776,-0.6247571,1.0,0.0,0.905911,0.64971906
661.0,66117.0,1.0,1.0,0.0,2.0,3.0,14.0,-0.71551174,-0.6247571,0.0,0.0,-0.10136469,0.3171024
661.0,66119.0,4.0,1.0,9.0,3.0,3.0,9.0,1.3972776,1.6002363,1.0,1.0,1.96668,1.0
661.0,66172.0,4.0,1.0,4.0,4.0,3.0,4.0,-0.71551174,1.6002363,0.0,1.0,0.9594045,0.6673834
661.0,66174.0,4.0,1.0,9.0,4.0,4.0,9.0,1.3972776,1.6002363,1.0,1.0,1.96668,1.0
661.0,66176.0,2.0,1.0,17.0,2.0,2.0,15.0,1.3972776,-0.6247571,1.0,0.0,0.905911,0.64971906
662.0,66210.0,3.0,1.0,0.0,4.0,4.0,17.0,1.3972776,-0.6247571,1.0,0.0,0.905911,0.64971906
662.0,66211.0,2.0,1.0,18.0,3.0,3.0,,1.3972776,,1.0,,1.2037649,0.74807465
662.0,66212.0,3.0,1.0,0.0,3.0,4.0,17.0,-0.71551174,-0.6247571,0.0,0.0,-0.10136469,0.3171024
662.0,66271.0,,0.0,,,4.0,27.0,-0.71551174,-0.6247571,0.0,0.0,-1.0616579,-7.332227e-17
662.0,66272.0,1.0,1.0,23.0,2.0,2.0,0.0,1.3972776,-0.6247571,1.0,0.0,0.905911,0.64971906
662.0,66273.0,,0.0,,,3.0,25.0,-0.71551174,-0.6247571,0.0,0.0,-1.0616579,-7.332227e-17
662.0,66274.0,1.0,1.0,23.0,,3.0,23.0,-0.71551174,1.6002363,0.0,1.0,0.9594045,0.6673834
663.0,66310.0,,0.0,,,3.0,0.0,-0.71551174,-0.6247571,0.0,0.0,-1.0616579,-7.332227e-17
663.0,66311.0,2.0,1.0,0.0,2.0,2.0,0.0,1.3972776,1.6002363,1.0,1.0,1.96668,1.0
663.0,66312.0,3.0,1.0,,,3.0,0.0,-0.71551174,-0.6247571,0.0,0.0,-1.0616579,-7.332227e-17
663.0,66338.0,2.0,1.0,18.0,,3.0,0.0,-0.71551174,-0.6247571,0.0,0.0,-0.10136469,0.3171024
663.0,66339.0,2.0,1.0,0.0,,3.0,0.0,-0.71551174,1.6002363,0.0,1.0,0.9594045,0.6673834
663.0,66340.0,3.0,1.0,15.0,,3.0,15.0,-0.71551174,1.6002363,0.0,1.0,0.9594045,0.6673834
664.0,66410.0,1.0,1.0,23.0,,3.0,6.0,-0.71551174,-0.6247571,0.0,0.0,-0.10136469,0.3171024
664.0,66412.0,,0.0,,,3.0,9.0,-0.71551174,-0.6247571,0.0,0.0,-1.0616579,-7.332227e-17
664.0,66413.0,,0.0,,,3.0,23.0,-0.71551174,-0.6247571,0.0,0.0,-1.0616579,-7.332227e-17
664.0,66433.0,,0.0,,,4.0,17.0,-0.71551174,-0.6247571,0.0,0.0,-1.0616579,-7.332227e-17
664.0,66481.0,,0.0,,,4.0,0.0,-0.71551174,-0.6247571,0.0,0.0,-1.0616579,-7.332227e-17
664.0,66483.0,2.0,1.0,,,3.0,4.0,-0.71551174,-0.6247571,0.0,0.0,-0.10136469,0.3171024
664.0,66499.0,,0.0,,,2.0,0.0,-0.71551174,-0.6247571,0.0,0.0,-1.0616579,-7.332227e-17
667.0,66710.0,,0.0,,,3.0,0.0,-0.71551174,-0.6247571,0.0,0.0,-1.0616579,-7.332227e-17
667.0,66712.0,,0.0,,,4.0,27.0,-0.71551174,-0.6247571,0.0,0.0,-1.0616579,-7.332227e-17
667.0,66713.0,2.0,1.0,,,3.0,0.0,-0.71551174,-0.6247571,0.0,0.0,-1.0616579,-7.332227e-17
668.0,66811.0,3.0,1.0,4.0,3.0,2.0,17.0,-0.71551174,-0.6247571,0.0,0.0,-1.0616579,-7.332227e-17
668.0,66812.0,,0.0,,,4.0,27.0,-0.71551174,-0.6247571,0.0,0.0,-1.0616579,-7.332227e-17
668.0,66813.0,,0.0,,,4.0,23.0,-0.71551174,-0.6247571,0.0,0.0,-1.0616579,-7.332227e-17
668.0,66815.0,,0.0,,,4.0,0.0,-0.71551174,-0.6247571,0.0,0.0,-1.0616579,-7.332227e-17
668.0,66816.0,,0.0,,,3.0,27.0,-0.71551174,-0.6247571,0.0,0.0,-1.0616579,-7.332227e-17
668.0,66841.0,3.0,1.0,9.0,3.0,4.0,4.0,-0.71551174,-0.6247571,0.0,0.0,-1.0616579,-7.332227e-17
668.0,66842.0,3.0,1.0,6.0,3.0,4.0,6.0,-0.71551174,1.6002363,0.0,1.0,-0.00088872755,0.35028097
668.0,66871.0,,0.0,,,4.0,17.0,-0.71551174,-0.6247571,0.0,0.0,-1.0616579,-7.332227e-17
669.0,66910.0,,0.0,,,3.0,0.0,-0.71551174,-0.6247571,0.0,0.0,-1.0616579,-7.332227e-17
669.0,66911.0,,0.0,,,4.0,18.0,-0.71551174,-0.6247571,0.0,0.0,-1.0616579,-7.332227e-17
669.0,66912.0,,0.0,,,2.0,0.0,-0.71551174,-0.6247571,0.0,0.0,-1.0616579,-7.332227e-17
669.0,66914.0,,1.0,,,3.0,0.0,-0.71551174,-0.6247571,0.0,0.0,-0.10136469,0.3171024
669.0,66935.0,,0.0,,,2.0,0.0,-0.71551174,-0.6247571,0.0,0.0,-1.0616579,-7.332227e-17
669.0,66937.0,,0.0,,,3.0,4.0,-0.71551174,-0.6247571,0.0,0.0,-1.0616579,-7.332227e-17
669.0,66971.0,3.0,1.0,23.0,3.0,3.0,4.0,1.3972776,-0.6247571,1.0,0.0,0.905911,0.64971906
670.0,67013.0,1.0,1.0,0.0,2.0,3.0,4.0,-0.71551174,-0.6247571,0.0,0.0,-0.10136469,0.3171024
670.0,67076.0,4.0,1.0,4.0,3.0,4.0,22.0,-0.71551174,-0.6247571,0.0,0.0,-1.0616579,-7.332227e-17
670.0,67077.0,2.0,0.0,23.0,2.0,3.0,0.0,-0.71551174,-0.6247571,0.0,0.0,-1.0616579,-7.332227e-17
670.0,67079.0,2.0,1.0,,,3.0,0.0,-0.71551174,-0.6247571,0.0,0.0,-1.0616579,-7.332227e-17
670.0,67087.0,2.0,1.0,18.0,3.0,2.0,0.0,-0.71551174,-0.6247571,0.0,0.0,-1.0616579,-7.332227e-17
671.0,67110.0,2.0,1.0,,,3.0,27.0,-0.71551174,-0.6247571,0.0,0.0,-1.0616579,-7.332227e-17
671.0,67111.0,4.0,1.0,0.0,3.0,2.0,9.0,-0.71551174,-0.6247571,0.0,0.0,-0.10136469,0.3171024
672.0,67210.0,,0.0,,,4.0,27.0,-0.71551174,-0.6247571,0.0,0.0,-1.0616579,-7.332227e-17
672.0,67213.0,,0.0,,,2.0,4.0,-0.71551174,-0.6247571,0.0,0.0,-1.0616579,-7.332227e-17
673.0,67310.0,3.0,0.0,0.0,,3.0,0.0,-0.71551174,1.6002363,0.0,1.0,-0.00088872755,0.35028097
673.0,67313.0,3.0,0.0,4.0,,3.0,24.0,-0.71551174,-0.6247571,0.0,0.0,-1.0616579,-7.332227e-17
673.0,67314.0,3.0,0.0,0.0,3.0,3.0,0.0,1.3972776,1.6002363,1.0,1.0,1.0063869,0.6828976
673.0,67334.0,2.0,0.0,9.0,3.0,3.0,9.0,1.3972776,1.6002363,1.0,1.0,1.0063869,0.6828976
673.0,67380.0,3.0,0.0,4.0,3.0,,,,,,,-0.42268258,0.21099868
673.0,67381.0,3.0,0.0,4.0,3.0,3.0,,1.3972776,,1.0,,0.24347176,0.43097225
673.0,67387.0,3.0,0.0,4.0,,3.0,4.0,-0.71551174,1.6002363,0.0,1.0,-0.00088872755,0.35028097
674.0,67411.0,,0.0,,,2.0,4.0,-0.71551174,-0.6247571,0.0,0.0,-1.0616579,-7.332227e-17
674.0,67413.0,2.0,1.0,23.0,,3.0,17.0,-0.71551174,-0.6247571,0.0,0.0,-0.10136469,0.3171024
674.0,67414.0,,0.0,,,3.0,0.0,-0.71551174,-0.6247571,0.0,0.0,-1.0616579,-7.332227e-17
674.0,67471.0,3.0,0.0,24.0,3.0,3.0,0.0,1.3972776,-0.6247571,1.0,0.0,-0.0543822,0.3326167
674.0,67472.0,,0.0,,,3.0,17.0,-0.71551174,-0.6247571,0.0,0.0,-1.0616579,-7.332227e-17
675.0,67510.0,2.0,1.0,,3.0,2.0,0.0,-0.71551174,-0.6247571,0.0,0.0,-1.0616579,-7.332227e-17
675.0,67511.0,3.0,1.0,17.0,,3.0,5.0,-0.71551174,-0.6247571,0.0,0.0,-1.0616579,-7.332227e-17
675.0,67512.0,,0.0,,,2.0,0.0,-0.71551174,-0.6247571,0.0,0.0,-1.0616579,-7.332227e-17
675.0,67514.0,,0.0,,,3.0,6.0,-0.71551174,-0.6247571,0.0,0.0,-1.0616579,-7.332227e-17
675.0,67533.0,,0.0,,,3.0,6.0,-0.71551174,-0.6247571,0.0,0.0,-1.0616579,-7.332227e-17
675.0,67534.0,,0.0,,,2.0,0.0,-0.71551174,-0.6247571,0.0,0.0,-1.0616579,-7.332227e-17
676.0,67610.0,2.0,1.0,0.0,3.0,3.0,0.0,1.3972776,1.6002363,1.0,1.0,1.96668,1.0
676.0,67612.0,2.0,1.0,0.0,3.0,4.0,0.0,-0.71551174,1.6002363,0.0,1.0,-0.00088872755,0.35028097
676.0,67614.0,2.0,1.0,17.0,3.0,4.0,1.0,-0.71551174,-0.6247571,0.0,0.0,-1.0616579,-7.332227e-17
676.0,67615.0,2.0,1.0,17.0,3.0,3.0,0.0,1.3972776,-0.6247571,1.0,0.0,-0.0543822,0.3326167
676.0,67617.0,2.0,1.0,0.0,,3.0,23.0,-0.71551174,-0.6247571,0.0,0.0,-1.0616579,-7.332227e-17
676.0,67632.0,2.0,1.0,4.0,,3.0,0.0,-0.71551174,-0.6247571,0.0,0.0,-1.0616579,-7.332227e-17
676.0,67633.0,3.0,1.0,4.0,3.0,4.0,27.0,-0.71551174,-0.6247571,0.0,0.0,-1.0616579,-7.332227e-17
676.0,67634.0,2.0,1.0,17.0,3.0,4.0,17.0,-0.71551174,1.6002363,0.0,1.0,-0.00088872755,0.35028097
677.0,67711.0,2.0,1.0,4.0,4.0,3.0,0.0,-0.71551174,-0.6247571,0.0,0.0,-1.0616579,-7.332227e-17
677.0,67712.0,2.0,1.0,0.0,4.0,4.0,0.0,1.3972776,1.6002363,1.0,1.0,1.96668,1.0
677.0,67715.0,2.0,1.0,0.0,3.0,3.0,0.0,1.3972776,1.6002363,1.0,1.0,1.96668,1.0
677.0,67772.0,3.0,1.0,17.0,3.0,3.0,17.0,1.3972776,1.6002363,1.0,1.0,1.0063869,0.6828976
677.0,67774.0,2.0,1.0,11.0,,3.0,11.0,-0.71551174,1.6002363,0.0,1.0,0.9594045,0.6673834
677.0,67777.0,2.0,1.0,0.0,3.0,3.0,4.0,1.3972776,-0.6247571,1.0,0.0,-0.0543822,0.3326167
677.0,67778.0,2.0,1.0,17.0,3.0,3.0,6.0,1.3972776,-0.6247571,1.0,0.0,-0.0543822,0.3326167
678.0,67810.0,2.0,1.0,0.0,,3.0,4.0,-0.71551174,-0.6247571,0.0,0.0,-1.0616579,-7.332227e-17
678.0,67812.0,2.0,1.0,17.0,4.0,4.0,17.0,1.3972776,1.6002363,1.0,1.0,1.0063869,0.6828976
678.0,67815.0,2.0,1.0,4.0,3.0,3.0,11.0,1.3972776,-0.6247571,1.0,0.0,0.905911,0.64971906
678.0,67817.0,2.0,1.0,17.0,4.0,4.0,17.0,1.3972776,1.6002363,1.0,1.0,1.0063869,0.6828976
678.0,67882.0,2.0,1.0,21.0,,3.0,,-0.71551174,,0.0,,0.19648926,0.41545796
678.0,67883.0,2.0,1.0,17.0,,4.0,17.0,-0.71551174,1.6002363,0.0,1.0,-0.00088872755,0.35028097
678.0,67886.0,2.0,1.0,4.0,4.0,4.0,4.0,1.3972776,1.6002363,1.0,1.0,1.0063869,0.6828976
678.0,67888.0,2.0,1.0,0.0,,3.0,13.0,-0.71551174,-0.6247571,0.0,0.0,-1.0616579,-7.332227e-17
678.0,67890.0,2.0,1.0,11.0,3.0,3.0,17.0,1.3972776,-0.6247571,1.0,0.0,-0.0543822,0.3326167
678.0,67892.0,2.0,1.0,0.0,2.0,2.0,4.0,1.3972776,-0.6247571,1.0,0.0,0.905911,0.64971906
678.0,67895.0,2.0,1.0,,,3.0,4.0,-0.71551174,-0.6247571,0.0,0.0,-1.0616579,-7.332227e-17
679.0,67911.0,3.0,0.0,18.0,3.0,2.0,18.0,-0.71551174,1.6002363,0.0,1.0,-0.00088872755,0.35028097
679.0,67912.0,3.0,0.0,9.0,4.0,4.0,18.0,1.3972776,-0.6247571,1.0,0.0,-0.0543822,0.3326167
679.0,67913.0,3.0,1.0,23.0,3.0,3.0,4.0,1.3972776,-0.6247571,1.0,0.0,-0.0543822,0.3326167
679.0,67932.0,2.0,1.0,13.0,3.0,2.0,,-0.71551174,,0.0,,0.19648926,0.41545796
679.0,67933.0,2.0,1.0,17.0,,4.0,17.0,-0.71551174,1.6002363,0.0,1.0,0.9594045,0.6673834
679.0,67934.0,3.0,1.0,0.0,2.0,0.0,0.0,-0.71551174,1.6002363,0.0,1.0,0.9594045,0.6673834
680.0,68010.0,2.0,1.0,9.0,4.0,4.0,1.0,1.3972776,-0.6247571,1.0,0.0,-0.0543822,0.3326167
680.0,68012.0,2.0,1.0,4.0,3.0,3.0,0.0,1.3972776,-0.6247571,1.0,0.0,-0.0543822,0.3326167
680.0,68031.0,2.0,1.0,,,3.0,9.0,-0.71551174,-0.6247571,0.0,0.0,-1.0616579,-7.332227e-17
680.0,68072.0,,0.0,,,4.0,0.0,-0.71551174,-0.6247571,0.0,0.0,-1.0616579,-7.332227e-17
680.0,68073.0,,0.0,,,3.0,4.0,-0.71551174,-0.6247571,0.0,0.0,-1.0616579,-7.332227e-17
680.0,68074.0,,0.0,,,4.0,17.0,-0.71551174,-0.6247571,0.0,0.0,-1.0616579,-7.332227e-17
680.0,68075.0,,0.0,,,4.0,1.0,-0.71551174,-0.6247571,0.0,0.0,-1.0616579,-7.332227e-17
681.0,68111.0,2.0,1.0,4.0,,2.0,,-0.71551174,,0.0,,-0.76380396,0.098355584
681.0,68112.0,2.0,1.0,17.0,3.0,3.0,4.0,1.3972776,-0.6247571,1.0,0.0,-0.0543822,0.3326167
681.0,68131.0,2.0,1.0,0.0,,3.0,0.0,-0.71551174,1.6002363,0.0,1.0,-0.00088872755,0.35028097
681.0,68132.0,2.0,1.0,4.0,,3.0,0.0,-0.71551174,-0.6247571,0.0,0.0,-1.0616579,-7.332227e-17
681.0,68133.0,,1.0,,,4.0,18.0,-0.71551174,-0.6247571,0.0,0.0,-1.0616579,-7.332227e-17
682.0,68210.0,2.0,1.0,17.0,4.0,4.0,17.0,1.3972776,1.6002363,1.0,1.0,1.0063869,0.6828976
682.0,68212.0,,1.0,,,3.0,24.0,-0.71551174,-0.6247571,0.0,0.0,-1.0616579,-7.332227e-17
682.0,68213.0,2.0,1.0,4.0,3.0,2.0,23.0,-0.71551174,-0.6247571,0.0,0.0,-1.0616579,-7.332227e-17
682.0,68272.0,2.0,1.0,17.0,4.0,3.0,4.0,-0.71551174,-0.6247571,0.0,0.0,-1.0616579,-7.332227e-17
682.0,68273.0,2.0,1.0,,3.0,3.0,4.0,1.3972776,-0.6247571,1.0,0.0,-0.0543822,0.3326167
682.0,68275.0,,1.0,,,3.0,0.0,-0.71551174,-0.6247571,0.0,0.0,-1.0616579,-7.332227e-17
682.0,68276.0,,0.0,,,4.0,24.0,-0.71551174,-0.6247571,0.0,0.0,-1.0616579,-7.332227e-17
682.0,68277.0,2.0,1.0,17.0,4.0,4.0,0.0,1.3972776,-0.6247571,1.0,0.0,-0.0543822,0.3326167
683.0,68311.0,3.0,1.0,17.0,4.0,4.0,17.0,1.3972776,1.6002363,1.0,1.0,1.96668,1.0
683.0,68313.0,3.0,1.0,25.0,2.0,3.0,0.0,-0.71551174,-0.6247571,0.0,0.0,-0.10136469,0.3171024
683.0,68331.0,3.0,1.0,23.0,3.0,3.0,0.0,1.3972776,-0.6247571,1.0,0.0,0.905911,0.64971906
683.0,68332.0,1.0,1.0,0.0,3.0,3.0,25.0,1.3972776,-0.6247571,1.0,0.0,0.905911,0.64971906
683.0,68333.0,3.0,1.0,25.0,2.0,3.0,25.0,-0.71551174,1.6002363,0.0,1.0,0.9594045,0.6673834
683.0,68334.0,1.0,1.0,0.0,2.0,2.0,23.0,1.3972776,-0.6247571,1.0,0.0,0.905911,0.64971906
683.0,68371.0,3.0,1.0,4.0,3.0,4.0,4.0,-0.71551174,1.6002363,0.0,1.0,0.9594045,0.6673834
683.0,68372.0,4.0,1.0,17.0,1.0,4.0,17.0,-0.71551174,1.6002363,0.0,1.0,0.9594045,0.6673834
685.0,68511.0,,0.0,,,4.0,27.0,-0.71551174,-0.6247571,0.0,0.0,-1.0616579,-7.332227e-17
686.0,68612.0,3.0,1.0,17.0,3.0,3.0,0.0,1.3972776,-0.6247571,1.0,0.0,0.905911,0.64971906
686.0,68613.0,1.0,1.0,4.0,2.0,3.0,4.0,-0.71551174,1.6002363,0.0,1.0,-0.00088872755,0.35028097
686.0,68633.0,2.0,1.0,4.0,2.0,2.0,0.0,1.3972776,-0.6247571,1.0,0.0,0.905911,0.64971906
686.0,68634.0,2.0,1.0,4.0,2.0,3.0,0.0,-0.71551174,-0.6247571,0.0,0.0,-0.10136469,0.3171024
686.0,68635.0,3.0,1.0,17.0,3.0,4.0,18.0,-0.71551174,-0.6247571,0.0,0.0,-1.0616579,-7.332227e-17
686.0,68636.0,3.0,1.0,12.0,3.0,3.0,12.0,1.3972776,1.6002363,1.0,1.0,1.96668,1.0
687.0,68710.0,3.0,1.0,4.0,3.0,3.0,0.0,1.3972776,-0.6247571,1.0,0.0,-0.0543822,0.3326167
687.0,68711.0,4.0,1.0,17.0,4.0,4.0,17.0,1.3972776,1.6002363,1.0,1.0,1.96668,1.0
687.0,68712.0,3.0,1.0,17.0,3.0,3.0,0.0,1.3972776,-0.6247571,1.0,0.0,0.905911,0.64971906
687.0,68736.0,3.0,1.0,4.0,3.0,3.0,6.0,1.3972776,-0.6247571,1.0,0.0,-0.0543822,0.3326167
687.0,68737.0,2.0,1.0,4.0,3.0,4.0,1.0,-0.71551174,-0.6247571,0.0,0.0,-1.0616579,-7.332227e-17
687.0,68738.0,3.0,1.0,17.0,3.0,3.0,1.0,1.3972776,-0.6247571,1.0,0.0,0.905911,0.64971906
688.0,68810.0,,0.0,,,3.0,17.0,-0.71551174,-0.6247571,0.0,0.0,-1.0616579,-7.332227e-17
688.0,68812.0,,0.0,,,3.0,6.0,-0.71551174,-0.6247571,0.0,0.0,-1.0616579,-7.332227e-17
688.0,68813.0,,0.0,,,3.0,0.0,-0.71551174,-0.6247571,0.0,0.0,-1.0616579,-7.332227e-17
688.0,68831.0,,0.0,,,3.0,14.0,-0.71551174,-0.6247571,0.0,0.0,-1.0616579,-7.332227e-17
688.0,68871.0,,0.0,,,4.0,4.0,-0.71551174,-0.6247571,0.0,0.0,-1.0616579,-7.332227e-17
688.0,68872.0,3.0,1.0,17.0,4.0,4.0,9.0,1.3972776,-0.6247571,1.0,0.0,-0.0543822,0.3326167
689.0,68910.0,3.0,1.0,4.0,3.0,3.0,0.0,1.3972776,-0.6247571,1.0,0.0,-0.0543822,0.3326167
689.0,68912.0,4.0,1.0,17.0,4.0,4.0,17.0,1.3972776,1.6002363,1.0,1.0,1.96668,1.0
689.0,68971.0,3.0,1.0,17.0,3.0,3.0,4.0,1.3972776,-0.6247571,1.0,0.0,-0.0543822,0.3326167
689.0,68972.0,4.0,1.0,17.0,4.0,4.0,27.0,1.3972776,-0.6247571,1.0,0.0,-0.0543822,0.3326167
689.0,68973.0,2.0,1.0,0.0,3.0,3.0,0.0,1.3972776,1.6002363,1.0,1.0,1.0063869,0.6828976
691.0,69114.0,2.0,1.0,0.0,3.0,3.0,4.0,1.3972776,-0.6247571,1.0,0.0,0.905911,0.64971906
691.0,69138.0,,0.0,,,3.0,14.0,-0.71551174,-0.6247571,0.0,0.0,-1.0616579,-7.332227e-17
691.0,69139.0,2.0,1.0,9.0,3.0,3.0,17.0,1.3972776,-0.6247571,1.0,0.0,0.905911,0.64971906
691.0,69140.0,,0.0,,,3.0,0.0,-0.71551174,-0.6247571,0.0,0.0,-1.0616579,-7.332227e-17
691.0,69141.0,3.0,1.0,11.0,3.0,4.0,18.0,-0.71551174,-0.6247571,0.0,0.0,-1.0616579,-7.332227e-17
691.0,69142.0,2.0,1.0,4.0,2.0,3.0,4.0,-0.71551174,1.6002363,0.0,1.0,0.9594045,0.6673834
691.0,69143.0,4.0,1.0,4.0,3.0,3.0,0.0,1.3972776,-0.6247571,1.0,0.0,0.905911,0.64971906
691.0,69144.0,3.0,1.0,27.0,4.0,4.0,4.0,1.3972776,-0.6247571,1.0,0.0,-0.0543822,0.3326167
691.0,69145.0,3.0,1.0,11.0,4.0,4.0,17.0,1.3972776,-0.6247571,1.0,0.0,-0.0543822,0.3326167
692.0,69210.0,,0.0,,,2.0,22.0,-0.71551174,-0.6247571,0.0,0.0,-1.0616579,-7.332227e-17
692.0,69215.0,3.0,1.0,,,2.0,4.0,-0.71551174,-0.6247571,0.0,0.0,-1.0616579,-7.332227e-17
692.0,69235.0,,0.0,,,3.0,0.0,-0.71551174,-0.6247571,0.0,0.0,-1.0616579,-7.332227e-17
692.0,69236.0,1.0,1.0,,,4.0,4.0,-0.71551174,-0.6247571,0.0,0.0,-1.0616579,-7.332227e-17
692.0,69237.0,,0.0,,,4.0,1.0,-0.71551174,-0.6247571,0.0,0.0,-1.0616579,-7.332227e-17
692.0,69271.0,1.0,1.0,0.0,2.0,2.0,0.0,1.3972776,1.6002363,1.0,1.0,1.0063869,0.6828976
693.0,69310.0,1.0,1.0,4.0,2.0,2.0,23.0,1.3972776,-0.6247571,1.0,0.0,0.905911,0.64971906
693.0,69311.0,,0.0,,,3.0,,-0.71551174,1.6002363,0.0,1.0,-0.00088872755,0.35028097
693.0,69314.0,1.0,0.0,0.0,2.0,2.0,0.0,1.3972776,1.6002363,1.0,1.0,1.0063869,0.6828976
693.0,69315.0,1.0,1.0,0.0,3.0,3.0,0.0,1.3972776,1.6002363,1.0,1.0,1.0063869,0.6828976
693.0,69377.0,1.0,1.0,21.0,3.0,3.0,,1.3972776,,1.0,,1.2037649,0.74807465
693.0,69378.0,,0.0,,,3.0,0.0,-0.71551174,-0.6247571,0.0,0.0,-1.0616579,-7.332227e-17
693.0,69379.0,1.0,1.0,0.0,0.0,3.0,4.0,-0.71551174,-0.6247571,0.0,0.0,-0.10136469,0.3171024
693.0,69384.0,1.0,1.0,0.0,2.0,3.0,0.0,-0.71551174,1.6002363,0.0,1.0,-0.00088872755,0.35028097
694.0,69410.0,3.0,1.0,11.0,3.0,3.0,11.0,1.3972776,1.6002363,1.0,1.0,1.96668,1.0
694.0,69411.0,2.0,1.0,,3.0,3.0,0.0,1.3972776,-0.6247571,1.0,0.0,0.905911,0.64971906
694.0,69412.0,3.0,1.0,6.0,3.0,3.0,6.0,1.3972776,1.6002363,1.0,1.0,1.96668,1.0
694.0,69473.0,2.0,1.0,0.0,2.0,3.0,0.0,-0.71551174,1.6002363,0.0,1.0,0.9594045,0.6673834
694.0,69477.0,,0.0,,,4.0,,-0.71551174,1.6002363,0.0,1.0,-0.00088872755,0.35028097
695.0,69510.0,2.0,1.0,27.0,4.0,3.0,27.0,-0.71551174,1.6002363,0.0,1.0,0.9594045,0.6673834
695.0,69512.0,2.0,1.0,,3.0,3.0,2.0,1.3972776,-0.6247571,1.0,0.0,0.905911,0.64971906
695.0,69513.0,,0.0,,,2.0,4.0,-0.71551174,-0.6247571,0.0,0.0,-1.0616579,-7.332227e-17
695.0,69514.0,2.0,1.0,0.0,3.0,2.0,8.0,-0.71551174,-0.6247571,0.0,0.0,-0.10136469,0.3171024
695.0,69532.0,3.0,1.0,17.0,4.0,4.0,1.0,1.3972776,-0.6247571,1.0,0.0,0.905911,0.64971906
695.0,69571.0,2.0,1.0,17.0,3.0,3.0,0.0,1.3972776,-0.6247571,1.0,0.0,0.905911,0.64971906
695.0,69572.0,3.0,1.0,27.0,4.0,3.0,21.0,-0.71551174,-0.6247571,0.0,0.0,-0.10136469,0.3171024
696.0,69610.0,3.0,1.0,4.0,4.0,4.0,4.0,1.3972776,1.6002363,1.0,1.0,1.96668,1.0
696.0,69612.0,,0.0,,,3.0,4.0,-0.71551174,-0.6247571,0.0,0.0,-1.0616579,-7.332227e-17
696.0,69613.0,3.0,1.0,,3.0,0.0,0.0,-0.71551174,-0.6247571,0.0,0.0,-1.0616579,-7.332227e-17
696.0,69614.0,3.0,1.0,4.0,3.0,3.0,27.0,1.3972776,-0.6247571,1.0,0.0,0.905911,0.64971906
696.0,69615.0,,0.0,,,3.0,17.0,-0.71551174,-0.6247571,0.0,0.0,-1.0616579,-7.332227e-17
696.0,69634.0,4.0,1.0,15.0,3.0,4.0,15.0,-0.71551174,1.6002363,0.0,1.0,0.9594045,0.6673834
696.0,69635.0,4.0,1.0,9.0,4.0,4.0,9.0,1.3972776,1.6002363,1.0,1.0,1.96668,1.0
697.0,69712.0,2.0,1.0,4.0,3.0,3.0,0.0,1.3972776,-0.6247571,1.0,0.0,0.905911,0.64971906
697.0,69715.0,1.0,1.0,0.0,2.0,2.0,0.0,1.3972776,1.6002363,1.0,1.0,1.96668,1.0
697.0,69716.0,,0.0,,,3.0,0.0,-0.71551174,-0.6247571,0.0,0.0,-1.0616579,-7.332227e-17
697.0,69718.0,2.0,1.0,4.0,3.0,3.0,4.0,1.3972776,1.6002363,1.0,1.0,1.96668,1.0
697.0,69732.0,2.0,1.0,23.0,2.0,3.0,0.0,-0.71551174,-0.6247571,0.0,0.0,-0.10136469,0.3171024
697.0,69733.0,3.0,1.0,4.0,3.0,4.0,17.0,-0.71551174,-0.6247571,0.0,0.0,-0.10136469,0.3171024
698.0,69810.0,,0.0,,,4.0,27.0,-0.71551174,-0.6247571,0.0,0.0,-1.0616579,-7.332227e-17
698.0,69812.0,1.0,1.0,0.0,3.0,2.0,14.0,-0.71551174,-0.6247571,0.0,0.0,-0.10136469,0.3171024
698.0,69813.0,,0.0,,,4.0,0.0,-0.71551174,-0.6247571,0.0,0.0,-1.0616579,-7.332227e-17
698.0,69885.0,,0.0,,,2.0,0.0,-0.71551174,-0.6247571,0.0,0.0,-1.0616579,-7.332227e-17
699.0,69914.0,1.0,1.0,0.0,4.0,3.0,0.0,-0.71551174,1.6002363,0.0,1.0,0.9594045,0.6673834
699.0,69973.0,1.0,1.0,0.0,2.0,4.0,22.0,-0.71551174,-0.6247571,0.0,0.0,-0.10136469,0.3171024
700.0,70010.0,2.0,1.0,0.0,3.0,3.0,0.0,1.3972776,1.6002363,1.0,1.0,1.96668,1.0
700.0,70012.0,2.0,1.0,4.0,3.0,4.0,8.0,-0.71551174,-0.6247571,0.0,0.0,-0.10136469,0.3171024
700.0,70071.0,3.0,1.0,9.0,4.0,4.0,2.0,1.3972776,-0.6247571,1.0,0.0,0.905911,0.64971906
700.0,70072.0,2.0,1.0,24.0,2.0,4.0,0.0,-0.71551174,-0.6247571,0.0,0.0,-0.10136469,0.3171024
701.0,70110.0,1.0,1.0,0.0,2.0,3.0,0.0,-0.71551174,1.6002363,0.0,1.0,0.9594045,0.6673834
701.0,70111.0,2.0,1.0,0.0,3.0,3.0,0.0,1.3972776,1.6002363,1.0,1.0,1.96668,1.0
701.0,70112.0,3.0,1.0,24.0,3.0,3.0,4.0,1.3972776,-0.6247571,1.0,0.0,0.905911,0.64971906
701.0,70113.0,2.0,1.0,13.0,3.0,2.0,13.0,-0.71551174,1.6002363,0.0,1.0,0.9594045,0.6673834
701.0,70114.0,2.0,1.0,0.0,2.0,3.0,0.0,-0.71551174,1.6002363,0.0,1.0,0.9594045,0.6673834
701.0,70134.0,2.0,1.0,4.0,3.0,3.0,0.0,1.3972776,-0.6247571,1.0,0.0,0.905911,0.64971906
701.0,70135.0,2.0,1.0,0.0,3.0,3.0,6.0,1.3972776,-0.6247571,1.0,0.0,0.905911,0.64971906
701.0,70136.0,1.0,1.0,11.0,2.0,3.0,17.0,-0.71551174,-0.6247571,0.0,0.0,-0.10136469,0.3171024
702.0,70211.0,1.0,1.0,4.0,2.0,0.0,0.0,-0.71551174,-0.6247571,0.0,0.0,-0.10136469,0.3171024
702.0,70213.0,2.0,1.0,17.0,3.0,3.0,0.0,1.3972776,-0.6247571,1.0,0.0,0.905911,0.64971906
702.0,70214.0,1.0,1.0,0.0,4.0,4.0,27.0,1.3972776,-0.6247571,1.0,0.0,0.905911,0.64971906
702.0,70231.0,2.0,1.0,17.0,2.0,3.0,15.0,-0.71551174,-0.6247571,0.0,0.0,-0.10136469,0.3171024
702.0,70232.0,1.0,1.0,23.0,2.0,3.0,0.0,-0.71551174,-0.6247571,0.0,0.0,-0.10136469,0.3171024
702.0,70271.0,3.0,1.0,17.0,4.0,4.0,17.0,1.3972776,1.6002363,1.0,1.0,1.96668,1.0
702.0,70272.0,3.0,1.0,1.0,4.0,4.0,17.0,1.3972776,-0.6247571,1.0,0.0,0.905911,0.64971906
702.0,70273.0,3.0,1.0,17.0,4.0,4.0,17.0,1.3972776,1.6002363,1.0,1.0,1.96668,1.0
703.0,70310.0,1.0,1.0,0.0,2.0,3.0,0.0,-0.71551174,1.6002363,0.0,1.0,0.9594045,0.6673834
703.0,70311.0,,0.0,,,4.0,22.0,-0.71551174,-0.6247571,0.0,0.0,-1.0616579,-7.332227e-17
703.0,70312.0,3.0,1.0,4.0,3.0,4.0,17.0,-0.71551174,-0.6247571,0.0,0.0,-0.10136469,0.3171024
703.0,70314.0,2.0,1.0,9.0,3.0,4.0,17.0,-0.71551174,-0.6247571,0.0,0.0,-0.10136469,0.3171024
703.0,70371.0,,0.0,,,4.0,22.0,-0.71551174,-0.6247571,0.0,0.0,-1.0616579,-7.332227e-17
703.0,70372.0,3.0,1.0,4.0,3.0,4.0,17.0,-0.71551174,-0.6247571,0.0,0.0,-0.10136469,0.3171024
703.0,70373.0,1.0,1.0,0.0,2.0,4.0,9.0,-0.71551174,-0.6247571,0.0,0.0,-0.10136469,0.3171024
703.0,70374.0,,0.0,,,3.0,4.0,-0.71551174,-0.6247571,0.0,0.0,-1.0616579,-7.332227e-17
704.0,70410.0,,0.0,,,3.0,25.0,-0.71551174,-0.6247571,0.0,0.0,-1.0616579,-7.332227e-17
704.0,70411.0,,0.0,,,3.0,0.0,-0.71551174,-0.6247571,0.0,0.0,-1.0616579,-7.332227e-17
704.0,70471.0,2.0,1.0,,,4.0,4.0,-0.71551174,-0.6247571,0.0,0.0,-1.0616579,-7.332227e-17
704.0,70472.0,4.0,1.0,,,4.0,18.0,-0.71551174,-0.6247571,0.0,0.0,-1.0616579,-7.332227e-17
704.0,70473.0,,0.0,,,4.0,2.0,-0.71551174,-0.6247571,0.0,0.0,-1.0616579,-7.332227e-17
704.0,70474.0,,0.0,,,4.0,22.0,-0.71551174,-0.6247571,0.0,0.0,-1.0616579,-7.332227e-17
121.0,121109.0,3.0,1.0,17.0,3.0,3.0,15.0,1.3972776,-0.6247571,1.0,0.0,0.905911,0.64971906
121.0,121124.0,4.0,1.0,8.0,2.0,3.0,8.0,-0.71551174,1.6002363,0.0,1.0,0.9594045,0.6673834
121.0,121126.0,4.0,1.0,17.0,3.0,3.0,17.0,1.3972776,1.6002363,1.0,1.0,1.96668,1.0
121.0,121140.0,3.0,1.0,14.0,3.0,3.0,4.0,1.3972776,-0.6247571,1.0,0.0,0.905911,0.64971906
121.0,121147.0,3.0,1.0,4.0,3.0,3.0,13.0,1.3972776,-0.6247571,1.0,0.0,0.905911,0.64971906
205.0,205102.0,2.0,1.0,0.0,2.0,2.0,,1.3972776,,1.0,,0.24347176,0.43097225
303.0,303110.0,2.0,1.0,8.0,,3.0,0.0,-0.71551174,-0.6247571,0.0,0.0,-0.10136469,0.3171024
303.0,303115.0,,0.0,,,3.0,14.0,-0.71551174,-0.6247571,0.0,0.0,-1.0616579,-7.332227e-17
347.0,347100.0,,0.0,,,4.0,27.0,-0.71551174,-0.6247571,0.0,0.0,-1.0616579,-7.332227e-17
347.0,347102.0,4.0,1.0,24.0,4.0,4.0,4.0,1.3972776,-0.6247571,1.0,0.0,0.905911,0.64971906
363.0,363102.0,3.0,1.0,25.0,3.0,4.0,4.0,-0.71551174,-0.6247571,0.0,0.0,-0.10136469,0.3171024
379.0,379116.0,1.0,1.0,23.0,2.0,3.0,0.0,-0.71551174,-0.6247571,0.0,0.0,-1.0616579,-7.332227e-17
379.0,379127.0,,0.0,,,3.0,17.0,-0.71551174,-0.6247571,0.0,0.0,-1.0616579,-7.332227e-17
382.0,382101.0,3.0,1.0,23.0,3.0,3.0,0.0,1.3972776,-0.6247571,1.0,0.0,0.905911,0.64971906
606.0,606100.0,,0.0,,,2.0,23.0,-0.71551174,-0.6247571,0.0,0.0,-1.0616579,-7.332227e-17
6091.0,609102.0,1.0,1.0,3.0,,,14.0,,-0.6247571,,0.0,-0.72053653,0.1126431
6091.0,609108.0,3.0,1.0,0.0,2.0,,0.0,,1.6002363,,1.0,0.34023264,0.46292406
6091.0,609109.0,4.0,1.0,17.0,3.0,,22.0,,-0.6247571,,0.0,0.23975667,0.4297455
6092.0,609206.0,,0.0,,,,23.0,1.3972776,-0.6247571,1.0,0.0,-0.0543822,0.3326167
6093.0,609304.0,3.0,1.0,17.0,4.0,,21.0,,-0.6247571,,0.0,0.23975667,0.4297455
6101.0,610102.0,,0.0,,,,10.0,1.3972776,-0.6247571,1.0,0.0,-0.0543822,0.3326167
6101.0,610103.0,1.0,1.0,11.0,2.0,,0.0,,-0.6247571,,0.0,0.23975667,0.4297455
6101.0,610107.0,2.0,1.0,25.0,0.0,,0.0,,-0.6247571,,0.0,0.23975667,0.4297455
6102.0,610208.0,,0.0,,,,0.0,1.3972776,-0.6247571,1.0,0.0,-0.0543822,0.3326167
628.0,628104.0,2.0,1.0,0.0,3.0,3.0,17.0,1.3972776,-0.6247571,1.0,0.0,0.905911,0.64971906
628.0,628105.0,3.0,1.0,4.0,3.0,3.0,0.0,1.3972776,-0.6247571,1.0,0.0,0.905911,0.64971906
628.0,628111.0,,0.0,,,3.0,4.0,-0.71551174,-0.6247571,0.0,0.0,-1.0616579,-7.332227e-17
628.0,628113.0,2.0,1.0,0.0,3.0,4.0,17.0,-0.71551174,-0.6247571,0.0,0.0,-0.10136469,0.3171024
630.0,630106.0,4.0,1.0,17.0,4.0,4.0,17.0,1.3972776,1.6002363,1.0,1.0,1.96668,1.0
630.0,630107.0,,0.0,,,3.0,0.0,-0.71551174,-0.6247571,0.0,0.0,-1.0616579,-7.332227e-17
630.0,630111.0,,0.0,,,4.0,20.0,-0.71551174,-0.6247571,0.0,0.0,-1.0616579,-7.332227e-17
639.0,639106.0,3.0,1.0,17.0,2.0,4.0,17.0,-0.71551174,1.6002363,0.0,1.0,-0.00088872755,0.35028097
639.0,639107.0,3.0,1.0,28.0,3.0,3.0,0.0,1.3972776,-0.6247571,1.0,0.0,0.905911,0.64971906
639.0,639113.0,3.0,1.0,4.0,3.0,2.0,17.0,-0.71551174,-0.6247571,0.0,0.0,-0.10136469,0.3171024
678.0,678102.0,2.0,1.0,5.0,3.0,3.0,0.0,1.3972776,-0.6247571,1.0,0.0,0.905911,0.64971906
6091.0,6091013.0,1.0,1.0,25.0,2.0,,0.0,,-0.6247571,,0.0,-0.72053653,0.1126431
6091.0,6091071.0,1.0,1.0,14.0,2.0,3.0,0.0,-0.71551174,-0.6247571,0.0,0.0,-1.0616579,-7.332227e-17
6091.0,6091073.0,2.0,1.0,8.0,,3.0,0.0,-0.71551174,-0.6247571,0.0,0.0,-1.0616579,-7.332227e-17
6091.0,6091074.0,4.0,1.0,9.0,3.0,3.0,9.0,1.3972776,1.6002363,1.0,1.0,1.0063869,0.6828976
6091.0,6091075.0,3.0,1.0,5.0,3.0,3.0,12.0,1.3972776,-0.6247571,1.0,0.0,-0.0543822,0.3326167
6091.0,6091077.0,3.0,1.0,4.0,3.0,3.0,0.0,1.3972776,-0.6247571,1.0,0.0,-0.0543822,0.3326167
6091.0,6091078.0,1.0,1.0,0.0,,3.0,4.0,-0.71551174,-0.6247571,0.0,0.0,-1.0616579,-7.332227e-17
6091.0,6091079.0,1.0,1.0,0.0,,4.0,17.0,-0.71551174,-0.6247571,0.0,0.0,-1.0616579,-7.332227e-17
6092.0,6092012.0,3.0,1.0,0.0,3.0,,22.0,,-0.6247571,,0.0,0.23975667,0.4297455
6092.0,6092078.0,2.0,1.0,0.0,,3.0,4.0,-0.71551174,-0.6247571,0.0,0.0,-0.10136469,0.3171024
6092.0,6092081.0,2.0,1.0,0.0,0.0,3.0,25.0,-0.71551174,-0.6247571,0.0,0.0,-1.0616579,-7.332227e-17
6092.0,6092083.0,,0.0,,,3.0,0.0,-0.71551174,-0.6247571,0.0,0.0,-1.0616579,-7.332227e-17
6092.0,6092088.0,1.0,1.0,27.0,4.0,3.0,27.0,-0.71551174,1.6002363,0.0,1.0,0.9594045,0.6673834
6093.0,6093075.0,,0.0,,,4.0,0.0,-0.71551174,-0.6247571,0.0,0.0,-1.0616579,-7.332227e-17
6093.0,6093076.0,3.0,1.0,17.0,3.0,3.0,17.0,1.3972776,1.6002363,1.0,1.0,1.96668,1.0
6093.0,6093079.0,3.0,1.0,18.0,4.0,4.0,17.0,1.3972776,-0.6247571,1.0,0.0,0.905911,0.64971906
6093.0,6093080.0,4.0,1.0,9.0,4.0,4.0,17.0,1.3972776,-0.6247571,1.0,0.0,0.905911,0.64971906
6093.0,6093082.0,2.0,1.0,4.0,3.0,3.0,0.0,1.3972776,-0.6247571,1.0,0.0,0.905911,0.64971906
6093.0,6093083.0,3.0,1.0,22.0,4.0,3.0,22.0,-0.71551174,1.6002363,0.0,1.0,0.9594045,0.6673834
6093.0,6093084.0,,0.0,,,3.0,25.0,-0.71551174,-0.6247571,0.0,0.0,-1.0616579,-7.332227e-17
6093.0,6093089.0,,0.0,,,3.0,0.0,-0.71551174,-0.6247571,0.0,0.0,-1.0616579,-7.332227e-17
6093.0,6093091.0,2.0,1.0,27.0,4.0,4.0,27.0,1.3972776,1.6002363,1.0,1.0,1.96668,1.0
6093.0,6093093.0,2.0,1.0,0.0,3.0,0.0,8.0,-0.71551174,-0.6247571,0.0,0.0,-0.10136469,0.3171024
6093.0,6093094.0,3.0,1.0,17.0,4.0,3.0,8.0,-0.71551174,-0.6247571,0.0,0.0,-0.10136469,0.3171024
6101.0,6101010.0,,0.0,,,,25.0,1.3972776,-0.6247571,1.0,0.0,-0.0543822,0.3326167
6101.0,6101012.0,2.0,1.0,25.0,2.0,,0.0,,-0.6247571,,0.0,0.23975667,0.4297455
6101.0,6101013.0,1.0,1.0,25.0,0.0,,0.0,,-0.6247571,,0.0,0.23975667,0.4297455
6101.0,6101071.0,2.0,1.0,25.0,0.0,2.0,0.0,-0.71551174,-0.6247571,0.0,0.0,-0.10136469,0.3171024
6101.0,6101073.0,1.0,1.0,14.0,2.0,3.0,8.0,-0.71551174,-0.6247571,0.0,0.0,-0.10136469,0.3171024
6101.0,6101074.0,2.0,1.0,0.0,0.0,2.0,4.0,-0.71551174,-0.6247571,0.0,0.0,-0.10136469,0.3171024
6101.0,6101075.0,1.0,1.0,14.0,2.0,3.0,4.0,-0.71551174,-0.6247571,0.0,0.0,-0.10136469,0.3171024
6101.0,6101077.0,3.0,1.0,17.0,3.0,3.0,17.0,1.3972776,1.6002363,1.0,1.0,1.96668,1.0
6101.0,6101078.0,2.0,1.0,6.0,2.0,3.0,6.0,-0.71551174,1.6002363,0.0,1.0,0.9594045,0.6673834
6102.0,6102014.0,1.0,1.0,0.0,2.0,,18.0,,-0.6247571,,0.0,0.23975667,0.4297455
6102.0,6102071.0,,0.0,,,2.0,8.0,-0.71551174,-0.6247571,0.0,0.0,-1.0616579,-7.332227e-17
6102.0,6102072.0,,0.0,,,2.0,0.0,-0.71551174,-0.6247571,0.0,0.0,-1.0616579,-7.332227e-17
6102.0,6102073.0,,0.0,,,3.0,9.0,-0.71551174,-0.6247571,0.0,0.0,-1.0616579,-7.332227e-17
6102.0,6102074.0,2.0,1.0,23.0,2.0,3.0,4.0,-0.71551174,-0.6247571,0.0,0.0,-0.10136469,0.3171024
6102.0,6102075.0,3.0,1.0,0.0,3.0,4.0,0.0,-0.71551174,1.6002363,0.0,1.0,0.9594045,0.6673834
6102.0,6102078.0,,0.0,,,3.0,4.0,-0.71551174,-0.6247571,0.0,0.0,-1.0616579,-7.332227e-17
6102.0,6102079.0,,0.0,,,2.0,4.0,-0.71551174,-0.6247571,0.0,0.0,-1.0616579,-7.332227e-17
6102.0,6102083.0,3.0,1.0,17.0,4.0,3.0,1.0,-0.71551174,-0.6247571,0.0,0.0,-0.10136469,0.3171024
6102.0,6102084.0,,0.0,,,3.0,0.0,-0.71551174,-0.6247571,0.0,0.0,-1.0616579,-7.332227e-17
6102.0,6102085.0,,0.0,,,3.0,17.0,-0.71551174,-0.6247571,0.0,0.0,-1.0616579,-7.332227e-17
6103.0,6103071.0,,0.0,,,2.0,0.0,-0.71551174,-0.6247571,0.0,0.0,-1.0616579,-7.332227e-17
6103.0,6103073.0,2.0,1.0,13.0,3.0,3.0,13.0,1.3972776,1.6002363,1.0,1.0,1.96668,1.0
6103.0,6103074.0,2.0,1.0,14.0,2.0,3.0,14.0,-0.71551174,1.6002363,0.0,1.0,0.9594045,0.6673834
6103.0,6103075.0,,0.0,,,4.0,9.0,-0.71551174,-0.6247571,0.0,0.0,-1.0616579,-7.332227e-17
6103.0,6103076.0,3.0,1.0,1.0,4.0,4.0,0.0,1.3972776,-0.6247571,1.0,0.0,0.905911,0.64971906
6103.0,6103079.0,,0.0,,,3.0,9.0,-0.71551174,-0.6247571,0.0,0.0,-1.0616579,-7.332227e-17
6103.0,6103080.0,,0.0,,,4.0,1.0,-0.71551174,-0.6247571,0.0,0.0,-1.0616579,-7.332227e-17
6103.0,6103081.0,,0.0,,,4.0,17.0,-0.71551174,-0.6247571,0.0,0.0,-1.0616579,-7.332227e-17
6103.0,6103082.0,,0.0,,,3.0,11.0,-0.71551174,-0.6247571,0.0,0.0,-1.0616579,-7.332227e-17
6103.0,6103083.0,,0.0,,,4.0,17.0,-0.71551174,-0.6247571,0.0,0.0,-1.0616579,-7.332227e-17
6103.0,6103084.0,,0.0,,,4.0,4.0,-0.71551174,-0.6247571,0.0,0.0,-1.0616579,-7.332227e-17
6103.0,6103086.0,,0.0,,,3.0,4.0,-0.71551174,-0.6247571,0.0,0.0,-1.0616579,-7.332227e-17
6104.0,6104071.0,,0.0,,,3.0,14.0,-0.71551174,-0.6247571,0.0,0.0,-1.0616579,-7.332227e-17
6104.0,6104072.0,,0.0,,,3.0,15.0,-0.71551174,-0.6247571,0.0,0.0,-1.0616579,-7.332227e-17
6104.0,6104073.0,1.0,1.0,0.0,3.0,3.0,21.0,1.3972776,-0.6247571,1.0,0.0,0.905911,0.64971906
6104.0,6104075.0,,0.0,,,3.0,14.0,-0.71551174,-0.6247571,0.0,0.0,-1.0616579,-7.332227e-17
6104.0,6104076.0,1.0,1.0,0.0,2.0,2.0,0.0,1.3972776,1.6002363,1.0,1.0,1.96668,1.0
6104.0,6104077.0,1.0,1.0,13.0,0.0,2.0,13.0,-0.71551174,1.6002363,0.0,1.0,0.9594045,0.6673834
6104.0,6104078.0,,0.0,,,3.0,4.0,-0.71551174,-0.6247571,0.0,0.0,-1.0616579,-7.332227e-17
6104.0,6104079.0,,0.0,,,3.0,4.0,-0.71551174,-0.6247571,0.0,0.0,-1.0616579,-7.332227e-17
6104.0,6104080.0,1.0,1.0,0.0,3.0,4.0,0.0,-0.71551174,1.6002363,0.0,1.0,0.9594045,0.6673834
6104.0,6104081.0,3.0,1.0,0.0,2.0,3.0,5.0,-0.71551174,-0.6247571,0.0,0.0,-0.10136469,0.3171024
6104.0,6104082.0,,0.0,,,3.0,4.0,-0.71551174,-0.6247571,0.0,0.0,-1.0616579,-7.332227e-17
6104.0,6104084.0,,0.0,,,3.0,8.0,-0.71551174,-0.6247571,0.0,0.0,-1.0616579,-7.332227e-17
6092.0,60920100.0,1.0,1.0,4.0,2.0,3.0,23.0,-0.71551174,-0.6247571,0.0,0.0,-0.10136469,0.3171024
6092.0,60920105.0,3.0,1.0,17.0,4.0,4.0,17.0,1.3972776,1.6002363,1.0,1.0,1.96668,1.0
6092.0,60920111.0,3.0,1.0,0.0,3.0,3.0,0.0,1.3972776,1.6002363,1.0,1.0,1.96668,1.0
6092.0,60920115.0,,0.0,,,4.0,22.0,-0.71551174,-0.6247571,0.0,0.0,-1.0616579,-7.332227e-17
6092.0,60920121.0,3.0,1.0,0.0,4.0,4.0,17.0,1.3972776,-0.6247571,1.0,0.0,0.905911,0.64971906
6092.0,60920122.0,,0.0,,,4.0,9.0,-0.71551174,-0.6247571,0.0,0.0,-1.0616579,-7.332227e-17
,2016.0,,,,,3.0,15.0,-0.71551174,-0.6247571,0.0,0.0,-0.6389753,0.13957576
,2339.0,,,,,3.0,0.0,-0.71551174,-0.6247571,0.0,0.0,-0.6389753,0.13957576
,5351.0,,,,,3.0,9.0,-0.71551174,-0.6247571,0.0,0.0,-0.6389753,0.13957576
,23178.0,,,,,4.0,0.0,-0.71551174,-0.6247571,0.0,0.0,-0.6389753,0.13957576
,53476.0,,,,,0.0,4.0,-0.71551174,-0.6247571,0.0,0.0,-0.6389753,0.13957576
,6091072.0,,,,,3.0,0.0,-0.71551174,-0.6247571,0.0,0.0,-0.6389753,0.13957576
