chef_code,today,key,start,end,col_type,chef_code2,chefcheck,asstcheck,code,code2,y3,y7,tribe,subtribe,subtribe_o,religion,religion_other,born_kga,move_kga,commune,quartier,y34a,y34,y36,occupation,occupation_other,what_otheract,what_otheract_other,inc_mo,inc_wk,possessions_1,possessions_2,possessions_3,possessions_4,possessions_5,possessions_6,possessions_0,hh_size,y9,y10,c10,c11,c12,c13,c14,tshilup,read3,read4,frenchp,read6,read7,type_start,type_end,red_ngo,red_state,red_poor,red_if,red_prog,tax_who1,tax_who2,tax_who3,tax_who4,tax_who5,tax_who6,tax_who7,provide1,provide2,provide3,provide4,provide5,provide6,provide7,state_cap1,state_cap2,trust2,trust4,trust5,trust6,trust7,gov_resp,corr14_end,b1,b2,b3,gov1_end,gov2_end,wtp_1500,wtp_2000,wtp_2500,wtp_3000,job,job_other,years,months,position,fam_dgrkoc,fam_dgrkoc_who,fam_dgrkoc_who_other,fam_gov,fam_gov_who,fam_gov_who_other,connection,photo,lang2,metainstanceid,available,replace,reason_replace,replaced_code,replaced_code2,date,date_f,tot_complete,colcode,colcode_chef,colcode_assis,dup_code,dup_chefcode,replace_assis,dup_assis,d1,d2,d3,d4,d5,d6,d7,d8,d9,d10,d11,d12,flag_WTP,grade
543.0,2018-09-26,uuid:310aaba4-3163-43d4-91d9-57e0ae58c878,2018-09-26 15:35:32,2018-09-26 15:47:11,2,543.0,1.0,,,,,,,,,,,,,,,,,,,,,,,,,,,,,,,,,,OK,1.0,1.0,0.0,1.0,OK,2.0,2.0,OK,2.0,2.0,.,.,4.0,4.0,3.0,3.0,2.0,,,,,,,,,,,,,,,,,,,,,,,,1.0,1.0,2.0,600.0,400.0,8.0,7.0,6.0,5.0,,,,,,,,.,,,.,,media\1537969598624-17.jpg,2.0,uuid:310aaba4-3163-43d4-91d9-57e0ae58c878,,,,,,28 Jan 2021,2021-01-28,1.0,459.0,459.0,859.0,,0.0,,,,,,,,,,,,,,,,
571.0,2018-09-26,uuid:b28bb91a-04a0-48c7-8479-ea56938a342d,2018-09-26 15:47:38,2018-09-26 16:04:47,2,571.0,1.0,,,,,,,,,,,,,,,,,,,,,,,,,,,,,,,,,,OK,1.0,1.0,0.0,1.0,OK,2.0,2.0,OK,2.0,2.0,.,.,3.0,4.0,2.0,4.0,2.0,,,,,,,,,,,,,,,,,,,,,,,,1.0,1.0,2.0,700.0,300.0,10.0,8.0,7.0,6.0,,,,,,,,.,,,.,,media\1537970656764-12.jpg,2.0,uuid:b28bb91a-04a0-48c7-8479-ea56938a342d,,,,,,28 Jan 2021,2021-01-28,1.0,462.0,462.0,862.0,,0.0,,,,,,,,,,,,,,,,
1025.0,2018-06-07,uuid:529c0b2f-c01a-4358-a0d3-31a166a04c32,2018-06-07 10:58:30,2018-06-07 11:23:02,2,1025.0,1.0,,,,,,.,,.,,.,,,.,.,,,.,,.,,.,,,0.0,0.0,0.0,0.0,0.0,0.0,0.0,,,,OK,1.0,0.0,0.0,0.0,OK,4.0,3.0,OK,4.0,3.0,.,.,3.0,3.0,3.0,3.0,2.0,,,,,,,,,,,,,,,,,,,,,,,,2.0,2.0,2.0,500.0,500.0,5.0,4.0,3.0,1.0,,.,,,,,,.,,,.,,media\1528362925573.jpg,2.0,uuid:529c0b2f-c01a-4358-a0d3-31a166a04c32,1.0,1.0,,,,28 Jan 2021,2021-01-28,1.0,278.0,278.0,678.0,,0.0,,,,,,,,,,,,,,,,N.U.
1136.0,2018-06-12,uuid:e374c47b-a2ac-45a6-aa99-3dbc54436664,2018-06-12 14:58:08,2018-06-12 15:24:36,2,1136.0,1.0,,,,,,,,,,,,,,,,,,,,,,,,,,,,,,,,,,OK,1.0,1.0,0.0,0.0,OK,1.0,1.0,OK,1.0,1.0,.,.,5.0,5.0,3.0,3.0,2.0,,,,,,,,,,,,,,,,,,,,,,,,2.0,2.0,2.0,700.0,300.0,6.0,6.0,4.0,2.0,,,,,,,,.,,,.,,media\1528809775763-2.jpg,2.0,uuid:e374c47b-a2ac-45a6-aa99-3dbc54436664,,,,,,28 Jan 2021,2021-01-28,1.0,343.0,343.0,743.0,,0.0,,,,,,,,,1.0,,,,,,1.0,
1193.0,2018-05-31,uuid:2e5c1681-23fe-4588-a73e-df1b65588ea6,2018-05-31 16:10:33,,2,1193.0,1.0,,,,,,.,,.,,.,,,.,.,,,.,,.,,.,,,0.0,0.0,0.0,0.0,0.0,0.0,0.0,,,,OK,1.0,1.0,1.0,1.0,OK,2.0,2.0,OK,2.0,2.0,.,.,4.0,5.0,3.0,3.0,2.0,,,,,,,,,,,,,,,,,,,,,,,,1.0,1.0,1.0,800.0,200.0,7.0,5.0,3.0,1.0,,.,,,,,,.,,,.,,media\1527776797693.jpg,2.0,uuid:2e5c1681-23fe-4588-a73e-df1b65588ea6,2.0,,,,,28 Jan 2021,2021-01-28,1.0,221.0,221.0,621.0,,0.0,,,,,,,,,,,,,,,,N.U.
20145.0,2019-03-25,uuid:71000d94-f949-4f7d-841d-70fcd6d351c3,2019-03-25 11:16:23,2019-03-25 11:31:47,2,2012.0,1.0,,,,,,,,,,,,,,,,,,,,,,,,,,,,,,,,,,OK,1.0,1.0,1.0,1.0,OK,2.0,3.0,OK,1.0,2.0,.,.,2.0,5.0,3.0,4.0,2.0,,,,,,,,,,,,,,,,,,,,,,,,3.0,2.0,2.0,800.0,200.0,6.0,5.0,4.0,3.0,,,,,,,,.,,,.,,media\1553509820785-2.jpg,2.0,uuid:71000d94-f949-4f7d-841d-70fcd6d351c3,,,,,,28 Jan 2021,2021-01-28,1.0,742.0,742.0,1142.0,,0.0,,,,,,,,,,,,,,,,
2048.0,2018-06-08,uuid:8008abed-4b9e-4e94-b805-43a46190fa4f,2018-06-08 09:55:44,2018-06-08 10:21:17,2,2048.0,1.0,,,,,,.,,.,,.,,,.,.,,,.,,.,,.,,,0.0,0.0,0.0,0.0,0.0,0.0,0.0,,,,OK,1.0,1.0,1.0,1.0,OK,1.0,1.0,OK,2.0,1.0,.,.,4.0,4.0,3.0,2.0,2.0,,,,,,,,,,,,,,,,,,,,,,,,1.0,1.0,2.0,500.0,500.0,7.0,5.0,2.0,2.0,,.,,,,,,.,,,.,,media\1528445930552.jpg,2.0,uuid:8008abed-4b9e-4e94-b805-43a46190fa4f,2.0,1.0,,,,28 Jan 2021,2021-01-28,1.0,288.0,288.0,688.0,,0.0,,,,,,,,,,,,,,1.0,1.0,N.U.
2164.0,2019-03-01,uuid:af72605c-835e-4c87-9b91-d54d8f446016,2019-03-01 15:09:48,2019-03-01 15:25:30,2,2164.0,1.0,,,,,,,,,,,,,,,,,,,,,,,,,,,,,,,,,,OK,0.0,0.0,0.0,0.0,OK,2.0,2.0,OK,3.0,3.0,.,.,3.0,5.0,1.0,2.0,2.0,,,,,,,,,,,,,,,,,,,,,,,,1.0,3.0,2.0,700.0,300.0,8.0,7.0,5.0,3.0,,,,,,,,.,,,.,,media\1551450315364-2.jpg,2.0,uuid:af72605c-835e-4c87-9b91-d54d8f446016,,,,,,28 Jan 2021,2021-01-28,1.0,571.0,571.0,971.0,,0.0,,,,,,,,,,,,,,,,
2291.0,2018-06-13,uuid:5d067b61-10d9-42d3-89fd-dc3c4a476f26,2018-06-13 09:59:07,2018-06-13 10:24:28,2,2291.0,1.0,,,,,,,,,,,,,,,,,,,,,,,,,,,,,,,,,,OK,1.0,1.0,0.0,1.0,OK,2.0,2.0,OK,1.0,1.0,.,.,5.0,4.0,3.0,2.0,2.0,,,,,,,,,,,,,,,,,,,,,,,,2.0,1.0,2.0,700.0,300.0,8.0,7.0,6.0,5.0,,,,,,,,.,,,.,,media\1528878129215-2.jpg,2.0,uuid:5d067b61-10d9-42d3-89fd-dc3c4a476f26,,,,,,28 Jan 2021,2021-01-28,1.0,355.0,355.0,755.0,,0.0,,,,,,,,,,,,,,,,
2291.0,2019-03-18,uuid:b320290e-8a3b-40ba-89cc-d3feffed2feb,2019-03-18 12:49:01,2019-03-18 13:33:36,3,2291.0,,1.0,,,1.0,68.0,LULUWA,44.0,,1.0,,1.0,,Lukonga,Dikongayi,1.0,4.0,DIBAYA,17.0,,,,300000.0,170000.0,0.0,0.0,1.0,0.0,0.0,0.0,0.0,12.0,4.0,3.0,OK,1.0,1.0,1.0,1.0,OK,1.0,1.0,OK,1.0,1.0,.,.,3.0,4.0,2.0,3.0,1.0,2.0,3.0,4.0,2.0,2.0,2.0,2.0,1.0,1.0,1.0,1.0,1.0,1.0,1.0,0.0,1.0,1.0,1.0,2.0,2.0,2.0,1.0,7.0,1.0,1.0,2.0,700.0,300.0,10.0,10.0,8.0,5.0,,,,,,,,.,,,.,,media\1552912332958-2.jpg,2.0,uuid:b320290e-8a3b-40ba-89cc-d3feffed2feb,,,,,,28 Jan 2021,2021-01-28,1.0,,,,445.0,,,0.0,,,,,,,1.0,,,,,,1.0,
2418.0,2018-06-13,uuid:60d24409-3a9e-4aa3-bf20-ec17c9fbdcfc,2018-06-13 08:10:55,2018-06-13 08:50:05,2,2418.0,1.0,,,,,,,,,,,,,,,,,,,,,,,,,,,,,,,,,,OK,1.0,1.0,1.0,1.0,OK,2.0,2.0,OK,2.0,2.0,.,.,3.0,3.0,4.0,3.0,2.0,,,,,,,,,,,,,,,,,,,,,,,,2.0,1.0,2.0,0.0,1000.0,1.0,0.0,0.0,0.0,,,,,,,,.,,,.,,media\1528872044514-2.jpg,2.0,uuid:60d24409-3a9e-4aa3-bf20-ec17c9fbdcfc,,,,,,28 Jan 2021,2021-01-28,1.0,350.0,350.0,750.0,,0.0,,,,,,,,,,,,1.0,1.0,1.0,1.0,
3196.0,2018-05-31,uuid:8bb50394-81fb-41cb-aeb6-8d27fd13184f,2018-05-31 11:25:02,,2,3196.0,1.0,,,,,,.,,.,,.,,,.,.,,,.,,.,,.,,,0.0,0.0,0.0,0.0,0.0,0.0,0.0,,,,OK,1.0,1.0,0.0,0.0,OK,1.0,2.0,OK,2.0,2.0,.,.,4.0,4.0,3.0,3.0,2.0,,,,,,,,,,,,,,,,,,,,,,,,2.0,3.0,2.0,700.0,300.0,8.0,5.0,3.0,2.0,,.,,,,,,.,,,.,,media\1527760058980.jpg,2.0,uuid:8bb50394-81fb-41cb-aeb6-8d27fd13184f,2.0,,,,,28 Jan 2021,2021-01-28,1.0,216.0,216.0,616.0,,0.0,,,,,,,,,,,,,,,,N.U.
3196.0,2018-07-12,uuid:08d81983-3b9c-47b6-ab4f-1614bda2d2f1,2018-07-12 10:42:09,2018-07-12 11:37:58,3,3196.0,,1.0,,,1.0,61.0,LULUWA,20.0,,10.0,,0.0,1968.0,Katoka,Tokombe,1.0,4.0,DEMBA,18.0,,,,150000.0,25000.0,0.0,0.0,0.0,0.0,0.0,0.0,1.0,6.0,3.0,5.0,OK,1.0,1.0,1.0,1.0,OK,1.0,1.0,OK,1.0,1.0,.,.,4.0,4.0,3.0,2.0,2.0,2.0,4.0,2.0,2.0,2.0,2.0,2.0,1.0,1.0,1.0,1.0,1.0,1.0,1.0,0.0,2.0,2.0,1.0,1.0,1.0,1.0,3.0,3.0,2.0,2.0,2.0,800.0,200.0,8.0,5.0,4.0,2.0,,,,,,,,.,,,.,,media\1531388117860-2.jpg,2.0,uuid:08d81983-3b9c-47b6-ab4f-1614bda2d2f1,,,,,,28 Jan 2021,2021-01-28,1.0,219.0,,,445.0,,,0.0,,,,,,,,,,,,,,
3259.0,2018-06-11,uuid:c1a36ba6-5ffa-4e48-9436-703678f5b5b1,2018-06-11 11:03:07,2018-06-11 11:29:08,2,3259.0,1.0,,,,,,,,,,,,,,,,,,,,,,,,,,,,,,,,,,OK,1.0,1.0,1.0,1.0,OK,1.0,1.0,OK,2.0,2.0,.,.,5.0,5.0,3.0,3.0,2.0,,,,,,,,,,,,,,,,,,,,,,,,2.0,2.0,2.0,500.0,500.0,8.0,6.0,5.0,4.0,,,,,,,,.,,,.,,media\1528708773286-2.jpg,2.0,uuid:c1a36ba6-5ffa-4e48-9436-703678f5b5b1,,,,,,28 Jan 2021,2021-01-28,1.0,304.0,304.0,704.0,,0.0,,,,,,,,,,,,,,,,
3259.0,2019-03-18,uuid:14144957-1cd0-4346-b8d9-dce6d3bd89d8,2019-03-18 06:49:49,2019-03-18 08:05:13,3,3259.0,,1.0,,,1.0,21.0,LULUWA,26.0,,2.0,,1.0,,Katoka,Tukombe,1.0,4.0,KAZUMBA,29.0,,,,30000.0,20000.0,0.0,0.0,0.0,0.0,0.0,0.0,1.0,1.0,2.0,4.0,OK,1.0,1.0,0.0,0.0,OK,2.0,1.0,OK,3.0,1.0,.,.,3.0,3.0,3.0,3.0,1.0,2.0,3.0,2.0,2.0,3.0,2.0,2.0,8.0,2.0,2.0,2.0,2.0,2.0,2.0,1.0,,2.0,1.0,2.0,2.0,2.0,3.0,2.0,2.0,1.0,2.0,500.0,500.0,5.0,4.0,3.0,2.0,,,,,,,,.,,,.,,media\1552889377288-2.jpg,2.0,uuid:14144957-1cd0-4346-b8d9-dce6d3bd89d8,,,,,,28 Jan 2021,2021-01-28,1.0,,,,445.0,,,0.0,,,,,,,,,,,,,,
3277.0,2018-06-04,uuid:d19f4b9c-11d8-4057-825a-7e9b8ce84104,2018-06-04 10:34:42,2018-06-04 10:56:04,2,3277.0,0.0,,,,,,.,,.,,.,,,.,.,,,.,,.,,.,,,0.0,0.0,0.0,0.0,0.0,0.0,0.0,,,,OK,1.0,1.0,0.0,1.0,OK,4.0,3.0,OK,4.0,3.0,.,.,5.0,5.0,1.0,3.0,2.0,,,,,,,,,,,,,,,,,,,,,,,,2.0,2.0,2.0,600.0,400.0,8.0,6.0,4.0,0.0,,.,,,,,,.,,,.,,media\1528102426016.jpg,2.0,uuid:d19f4b9c-11d8-4057-825a-7e9b8ce84104,1.0,0.0,.,,,28 Jan 2021,2021-01-28,1.0,245.0,245.0,645.0,,0.0,,,,,,,,,,,,,,,,N.U.
3277.0,2018-06-14,uuid:9caf0758-0a1e-4fc0-bd38-91c32017b105,2018-06-14 10:13:40,2018-06-14 10:43:17,3,3277.0,,1.0,,,1.0,21.0,LULUWA,,Bakua Mbuyi,3.0,,1.0,,Katoka,Katoka 4,1.0,4.0,DIBAYA,12.0,,,,35000.0,5000.0,0.0,0.0,1.0,0.0,0.0,1.0,0.0,4.0,3.0,5.0,OK,1.0,1.0,0.0,0.0,OK,2.0,2.0,OK,3.0,2.0,.,.,3.0,5.0,3.0,3.0,2.0,1.0,3.0,2.0,3.0,3.0,2.0,3.0,2.0,2.0,2.0,2.0,2.0,2.0,2.0,0.0,1.0,2.0,2.0,2.0,2.0,2.0,1.0,3.0,1.0,2.0,2.0,500.0,500.0,8.0,5.0,4.0,2.0,,,,,,,,.,,,.,,media\1528965752169-2.jpg,2.0,uuid:9caf0758-0a1e-4fc0-bd38-91c32017b105,,,,,,28 Jan 2021,2021-01-28,1.0,181.0,,,445.0,,,0.0,,,,,,,,,,,,,,
3283.0,2018-06-13,uuid:73c2c948-e6c2-4866-9f1f-23805094f33d,2018-06-13 14:56:15,2018-06-13 15:40:02,2,3283.0,1.0,,,,,,,,,,,,,,,,,,,,,,,,,,,,,,,,,,OK,1.0,1.0,1.0,1.0,OK,1.0,1.0,OK,2.0,1.0,.,.,5.0,5.0,3.0,3.0,2.0,,,,,,,,,,,,,,,,,,,,,,,,2.0,2.0,2.0,300.0,700.0,8.0,6.0,4.0,2.0,,,,,,,,.,,,.,,media\1528895757589-2.jpg,2.0,uuid:73c2c948-e6c2-4866-9f1f-23805094f33d,,,,,,28 Jan 2021,2021-01-28,1.0,368.0,368.0,768.0,,0.0,,,,,,,,,,,,,,,,
3283.0,2019-03-18,uuid:a63b6ddb-40a3-4c26-adf9-205f78b9e27a,2019-03-18 10:16:00,,3,3283.0,,1.0,,,1.0,23.0,LULUWA,36.0,,11.0,,1.0,,Katoka,Tukombe,1.0,4.0,DIBAYA,11.0,,,,100000.0,25000.0,0.0,0.0,0.0,0.0,0.0,0.0,1.0,5.0,3.0,6.0,OK,1.0,1.0,1.0,0.0,OK,3.0,2.0,OK,3.0,3.0,.,.,5.0,5.0,3.0,3.0,2.0,3.0,4.0,2.0,1.0,2.0,1.0,3.0,2.0,2.0,1.0,2.0,2.0,1.0,2.0,0.0,1.0,1.0,4.0,1.0,1.0,2.0,3.0,4.0,1.0,2.0,1.0,500.0,500.0,5.0,2.0,1.0,0.0,,,,,,,,.,,,.,,media\1552902128359-4.jpg,2.0,uuid:a63b6ddb-40a3-4c26-adf9-205f78b9e27a,,,,,,28 Jan 2021,2021-01-28,1.0,,,,445.0,,,0.0,,,,,,,,,,,,,,
3342.0,2019-04-09,uuid:321b689e-2b8b-4839-b64b-643b8e357f8d,2019-04-09 12:48:44,,2,3342.0,1.0,,,,,,,,,,,,,,,,,,,,,,,,,,,,,,,,,,OK,1.0,1.0,0.0,1.0,OK,2.0,1.0,OK,3.0,3.0,.,.,5.0,5.0,2.0,2.0,2.0,,,,,,,,,,,,,,,,,,,,,,,,1.0,2.0,2.0,0.0,1000.0,9.0,7.0,5.0,3.0,,,,,,,,.,,,.,,media\1554807532665-2.jpg,2.0,uuid:321b689e-2b8b-4839-b64b-643b8e357f8d,,,,,,28 Jan 2021,2021-01-28,1.0,755.0,755.0,1155.0,,0.0,,,,,,,,,,,,,,,,
3453.0,2018-06-13,uuid:dcd3773b-e732-40a7-823d-25edaa9b0150,2018-06-13 17:36:57,2018-06-13 17:52:52,2,3453.0,1.0,,,,,,,,,,,,,,,,,,,,,,,,,,,,,,,,,,OK,1.0,1.0,0.0,1.0,OK,1.0,2.0,OK,2.0,1.0,.,.,3.0,5.0,3.0,3.0,2.0,,,,,,,,,,,,,,,,,,,,,,,,2.0,2.0,2.0,800.0,200.0,6.0,5.0,4.0,2.0,,,,,,,,.,,,.,,media\1528905071753-2.jpg,2.0,uuid:dcd3773b-e732-40a7-823d-25edaa9b0150,,,,,,28 Jan 2021,2021-01-28,1.0,374.0,374.0,774.0,,0.0,,,,,,,,,,,,,,,,
3453.0,2019-03-18,uuid:9b6fac89-59cb-408a-826d-7c9c3513d21f,2019-03-18 10:46:54,2019-03-18 11:19:03,3,3453.0,,1.0,,,1.0,45.0,LULUWA,40.0,,7.0,,1.0,,Katoka,Kapanda,0.0,4.0,KAZUMBA,21.0,,,,35000.0,12000.0,0.0,0.0,0.0,0.0,0.0,0.0,1.0,2.0,2.0,4.0,OK,1.0,1.0,1.0,1.0,OK,2.0,1.0,OK,2.0,2.0,.,.,3.0,4.0,2.0,4.0,2.0,1.0,1.0,4.0,3.0,2.0,2.0,4.0,3.0,3.0,3.0,3.0,3.0,3.0,3.0,1.0,,1.0,2.0,3.0,2.0,3.0,3.0,4.0,3.0,2.0,2.0,500.0,500.0,2.0,2.0,2.0,4.0,,,,,,,,.,,,.,,media\1552902858679-2.jpg,2.0,uuid:9b6fac89-59cb-408a-826d-7c9c3513d21f,,,,,,28 Jan 2021,2021-01-28,1.0,,,,445.0,,,0.0,,,1.0,,1.0,1.0,1.0,1.0,,1.0,,,1.0,
3518.0,2018-06-08,uuid:52769a0d-6d35-4d68-8f12-6b758ea4f876,2018-06-08 13:12:12,2018-06-08 13:45:13,2,3518.0,1.0,,,,,,.,,.,,.,,,.,.,,,.,,.,,.,,,0.0,0.0,0.0,0.0,0.0,0.0,0.0,,,,OK,1.0,1.0,1.0,1.0,OK,2.0,1.0,OK,1.0,1.0,.,.,5.0,5.0,3.0,3.0,2.0,,,,,,,,,,,,,,,,,,,,,,,,1.0,1.0,1.0,1000.0,0.0,10.0,5.0,3.0,1.0,,.,,,,,,.,,,.,,media\1528457469154.jpg,2.0,uuid:52769a0d-6d35-4d68-8f12-6b758ea4f876,1.0,1.0,,,,28 Jan 2021,2021-01-28,1.0,294.0,294.0,694.0,,0.0,,,,,,,,,,,,,,,,N.U.
3518.0,2018-06-20,uuid:25229314-6ab0-45ac-ba2b-0d9187b8c765,2018-06-20 17:43:08,2018-06-20 18:10:06,3,3518.0,,1.0,,,1.0,48.0,LULUWA,44.0,,8.0,,1.0,,Katoka,Mpokolo,1.0,4.0,DIBAYA,11.0,,,,70000.0,20000.0,0.0,0.0,0.0,0.0,0.0,0.0,1.0,7.0,3.0,6.0,OK,1.0,1.0,0.0,1.0,OK,2.0,2.0,OK,2.0,2.0,.,.,3.0,5.0,3.0,3.0,1.0,2.0,2.0,2.0,2.0,2.0,2.0,2.0,2.0,3.0,2.0,2.0,3.0,2.0,2.0,1.0,,1.0,1.0,1.0,1.0,1.0,3.0,4.0,2.0,2.0,2.0,900.0,100.0,7.0,5.0,3.0,1.0,,,,,,,,.,,,.,,media\1529510711743-2.jpg,2.0,uuid:25229314-6ab0-45ac-ba2b-0d9187b8c765,,,,,,28 Jan 2021,2021-01-28,1.0,,,,445.0,,,0.0,,,,,,,,,,,,,,
3552.0,2019-02-28,uuid:6ba21285-dfe1-417d-97f8-606d7a9b0857,2019-02-28 11:57:24,,2,3552.0,1.0,,,,,,,,,,,,,,,,,,,,,,,,,,,,,,,,,,OK,1.0,,,,,,,,,,.,.,,,,,,,,,,,,,,,,,,,,,,,,,,,,,,,,,,,,,,,,,,,,,.,,,.,,,,uuid:6ba21285-dfe1-417d-97f8-606d7a9b0857,,,,,,28 Jan 2021,2021-01-28,0.0,558.0,558.0,958.0,,,,,,,,,,,1.0,1.0,1.0,1.0,1.0,1.0,1.0,
3552.0,2019-03-01,uuid:f0563c7c-20ba-4d6c-9bd7-27b280efdec4,2019-03-01 10:30:09,2019-03-01 10:59:48,2,3552.0,1.0,,,,,,,,,,,,,,,,,,,,,,,,,,,,,,,,,,OK,1.0,1.0,1.0,1.0,OK,1.0,2.0,OK,1.0,1.0,.,.,5.0,3.0,3.0,3.0,2.0,,,,,,,,,,,,,,,,,,,,,,,,1.0,2.0,2.0,500.0,500.0,10.0,6.0,4.0,0.0,,,,,,,,.,,,.,,media\1551434358596-2.jpg,2.0,uuid:f0563c7c-20ba-4d6c-9bd7-27b280efdec4,,,,,,28 Jan 2021,2021-01-28,1.0,568.0,568.0,968.0,,0.0,,,,,,,,,,,,,,,,
3552.0,2019-03-04,uuid:482bb89b-1ab9-43aa-b355-dd9dfbfd6239,2019-03-04 09:44:29,2019-03-04 10:13:02,3,3552.0,,1.0,,,1.0,23.0,LULUWA,,Bena mbuyi,3.0,,1.0,,Katoka,Mpokolo,1.0,4.0,KAZUMBA,,KMS,,,120000.0,0.0,0.0,0.0,1.0,1.0,0.0,1.0,0.0,4.0,3.0,3.0,OK,1.0,1.0,0.0,1.0,OK,2.0,3.0,OK,1.0,2.0,.,.,3.0,5.0,1.0,3.0,2.0,2.0,2.0,4.0,2.0,4.0,2.0,2.0,8.0,2.0,2.0,2.0,2.0,1.0,2.0,1.0,,2.0,2.0,2.0,2.0,2.0,1.0,5.0,2.0,2.0,2.0,800.0,200.0,10.0,5.0,4.0,0.0,,,,,,,,.,,,.,,media\1551690348276-2.jpg,2.0,uuid:482bb89b-1ab9-43aa-b355-dd9dfbfd6239,,,,,,28 Jan 2021,2021-01-28,1.0,376.0,,,445.0,,,0.0,,,,,,,,,,,,,,
3599.0,2018-06-01,uuid:3cd6e939-dd1a-41c7-b8d1-32583aed93d7,2018-06-01 18:07:13,2018-06-01 18:50:11,2,3599.0,1.0,,,,,,.,,.,,.,,,.,.,,,.,,.,,.,,,0.0,0.0,0.0,0.0,0.0,0.0,0.0,,,,OK,1.0,1.0,0.0,0.0,OK,1.0,1.0,OK,1.0,1.0,.,.,4.0,4.0,2.0,2.0,2.0,,,,,,,,,,,,,,,,,,,,,,,,1.0,3.0,2.0,500.0,500.0,10.0,8.0,8.0,3.0,,.,,,,,,.,,,.,,media\1527871646666.jpg,2.0,uuid:3cd6e939-dd1a-41c7-b8d1-32583aed93d7,1.0,,,,,28 Jan 2021,2021-01-28,1.0,235.0,235.0,635.0,,0.0,,,,,,,,,,,,1.0,,,1.0,N.U.
3599.0,2018-07-12,uuid:efb86209-a28c-43e6-96ce-be968dbfb355,2018-07-12 13:33:43,2018-07-12 14:19:01,3,3599.0,,1.0,,,1.0,28.0,LULUWA,38.0,,1.0,,0.0,1995.0,Katoka,Mpokolo,1.0,4.0,KAZUMBA,27.0,,,,250000.0,35000.0,0.0,0.0,0.0,1.0,0.0,1.0,0.0,5.0,4.0,2.0,OK,1.0,1.0,1.0,0.0,OK,1.0,1.0,OK,1.0,1.0,.,.,4.0,4.0,3.0,3.0,2.0,1.0,2.0,2.0,2.0,2.0,2.0,2.0,1.0,1.0,1.0,1.0,1.0,1.0,1.0,0.0,4.0,2.0,2.0,2.0,1.0,1.0,2.0,4.0,3.0,2.0,2.0,400.0,600.0,9.0,6.0,5.0,4.0,,,,,,,,.,,,.,,media\1531397837023-2.jpg,2.0,uuid:efb86209-a28c-43e6-96ce-be968dbfb355,,,,,,28 Jan 2021,2021-01-28,1.0,,,,445.0,,,0.0,,,,,,,,,,,,,,
3714.0,2018-06-11,uuid:37a53058-b429-40c4-9ab0-8843a51b4191,2018-06-11 11:58:43,2018-06-11 12:29:30,2,3714.0,1.0,,,,,,,,,,,,,,,,,,,,,,,,,,,,,,,,,,OK,1.0,1.0,0.0,0.0,OK,2.0,2.0,OK,1.0,1.0,.,.,5.0,5.0,2.0,1.0,2.0,,,,,,,,,,,,,,,,,,,,,,,,1.0,1.0,2.0,100.0,900.0,6.0,4.0,3.0,2.0,,,,,,,,.,,,.,,media\1528712824620-2.jpg,1.0,uuid:37a53058-b429-40c4-9ab0-8843a51b4191,,,,,,28 Jan 2021,2021-01-28,1.0,308.0,308.0,708.0,,0.0,,,,,,,,,,,,,,,,
3714.0,2019-03-21,uuid:6767d23c-ad89-456e-9ea5-ea5de9cb4032,2019-03-21 10:03:13,,3,3714.0,,1.0,,,1.0,20.0,LULUWA,,Bena kapuki,3.0,,0.0,2000.0,Katoka,Mpokolo,0.0,4.0,KAZUMBA,0.0,,0.0,,85000.0,27000.0,1.0,1.0,1.0,1.0,0.0,0.0,0.0,3.0,3.0,6.0,OK,1.0,1.0,0.0,0.0,OK,1.0,1.0,OK,2.0,2.0,.,.,5.0,3.0,3.0,3.0,1.0,2.0,3.0,4.0,2.0,4.0,2.0,4.0,1.0,3.0,3.0,3.0,1.0,3.0,1.0,1.0,,1.0,1.0,1.0,1.0,2.0,1.0,4.0,2.0,2.0,1.0,0.0,1000.0,6.0,3.0,2.0,1.0,,,,,,,,.,,,.,,media\1553160559970-2.jpg,2.0,uuid:6767d23c-ad89-456e-9ea5-ea5de9cb4032,,,,,,28 Jan 2021,2021-01-28,1.0,,,,445.0,,,0.0,,,,,,,,,,,,,,
3762.0,2018-10-02,uuid:864e8960-bcca-421b-b17b-f2da3256b2ed,2018-10-02 15:24:20,2018-10-02 16:21:05,2,3762.0,1.0,,,,,,,,,,,,,,,,,,,,,,,,,,,,,,,,,,OK,0.0,0.0,0.0,0.0,OK,2.0,2.0,OK,2.0,2.0,.,.,3.0,3.0,3.0,3.0,2.0,,,,,,,,,,,,,,,,,,,,,,,,2.0,2.0,2.0,500.0,500.0,8.0,6.0,4.0,3.0,,,,,,,,.,,,.,,media\1538487726702-2.jpg,2.0,uuid:864e8960-bcca-421b-b17b-f2da3256b2ed,,,,,,28 Jan 2021,2021-01-28,1.0,469.0,469.0,869.0,,0.0,,,,,,,,,,,,,,,,
3857.0,2018-11-28,uuid:e0815204-71c4-480d-aed8-c166ced82a67,2018-11-28 14:40:12,2018-11-28 14:58:22,2,3857.0,1.0,,,,,,,,,,,,,,,,,,,,,,,,,,,,,,,,,,OK,1.0,1.0,1.0,1.0,OK,1.0,1.0,OK,3.0,3.0,.,.,4.0,4.0,3.0,3.0,2.0,,,,,,,,,,,,,,,,,,,,,,,,2.0,2.0,2.0,1000.0,0.0,10.0,7.0,6.0,5.0,,,,,,,,.,,,.,,media\1543413436302-2.jpg,2.0,uuid:e0815204-71c4-480d-aed8-c166ced82a67,,,,,,28 Jan 2021,2021-01-28,1.0,492.0,492.0,892.0,,0.0,,,,,,,,,,,,,,,,
5146.0,2018-06-05,uuid:f1a9cca9-1860-459d-9421-28ac7a8c5c59,2018-06-05 15:58:09,2018-06-05 16:26:27,2,5146.0,1.0,,,,,,.,,.,,.,,,.,.,,,.,,.,,.,,,0.0,0.0,0.0,0.0,0.0,0.0,0.0,,,,OK,1.0,1.0,1.0,1.0,OK,1.0,1.0,OK,1.0,1.0,.,.,5.0,5.0,3.0,3.0,2.0,,,,,,,,,,,,,,,,,,,,,,,,2.0,1.0,2.0,800.0,200.0,7.0,5.0,3.0,0.0,,.,,,,,,.,,,.,,media\1528208678400.jpg,2.0,uuid:f1a9cca9-1860-459d-9421-28ac7a8c5c59,2.0,1.0,,,,28 Jan 2021,2021-01-28,1.0,261.0,261.0,661.0,,0.0,,,,,,,,,,,,,,,,N.U.
5333.0,2018-06-02,uuid:e7cc2002-47d1-4aff-a85c-e697b389215b,2018-06-02 08:54:09,2018-06-02 09:41:51,2,5333.0,1.0,,,,,,.,,.,,.,,,.,.,,,.,,.,,.,,,0.0,0.0,0.0,0.0,0.0,0.0,0.0,,,,OK,1.0,1.0,0.0,1.0,OK,2.0,2.0,OK,3.0,3.0,.,.,5.0,5.0,3.0,2.0,2.0,,,,,,,,,,,,,,,,,,,,,,,,2.0,2.0,2.0,1000.0,0.0,6.0,4.0,4.0,4.0,,.,,,,,,.,,,.,,media\1527924844330.jpg,2.0,uuid:e7cc2002-47d1-4aff-a85c-e697b389215b,1.0,,,,,28 Jan 2021,2021-01-28,1.0,236.0,236.0,636.0,,0.0,,,,,,,,,,,,1.0,1.0,1.0,1.0,N.U.
5648.0,2018-06-07,uuid:242e4425-1566-41ab-8421-9e16e6086986,2018-06-07 09:52:11,2018-06-07 10:22:05,2,5648.0,1.0,,,,,,.,,.,,.,,,.,.,,,.,,.,,.,,,0.0,0.0,0.0,0.0,0.0,0.0,0.0,,,,OK,1.0,0.0,0.0,1.0,OK,3.0,2.0,OK,2.0,2.0,.,.,5.0,5.0,3.0,3.0,1.0,,,,,,,,,,,,,,,,,,,,,,,,1.0,1.0,2.0,1000.0,0.0,10.0,5.0,4.0,3.0,,.,,,,,,.,,,.,,media\1528359704986.jpg,2.0,uuid:242e4425-1566-41ab-8421-9e16e6086986,1.0,1.0,,,,28 Jan 2021,2021-01-28,1.0,272.0,272.0,672.0,,0.0,,,,,,,,,,,,,,,,N.U.
5854.0,2018-06-01,uuid:54bcda6e-deaf-4b47-9305-34ccd49743b9,2018-06-01 03:45:29,2018-06-01 04:06:12,2,5854.0,1.0,,,,,,.,,.,,.,,,.,.,,,.,,.,,.,,,0.0,0.0,0.0,0.0,0.0,0.0,0.0,,,,OK,1.0,1.0,1.0,1.0,OK,2.0,2.0,OK,2.0,2.0,.,.,5.0,5.0,3.0,3.0,2.0,,,,,,,,,,,,,,,,,,,,,,,,2.0,4.0,2.0,300.0,700.0,8.0,4.0,3.0,1.0,,.,,,,,,.,,,.,,media\1527818638135.jpg,2.0,uuid:54bcda6e-deaf-4b47-9305-34ccd49743b9,3.0,,,,,28 Jan 2021,2021-01-28,1.0,224.0,224.0,624.0,,0.0,,,,,,,,,,,,,,,,N.U.
5948.0,2019-03-07,uuid:42f0d9f5-bd4f-43dd-bf4e-813d9b7a610b,2019-03-07 11:16:02,2019-03-07 11:43:15,2,5948.0,1.0,,,,,,,,,,,,,,,,,,,,,,,,,,,,,,,,,,OK,0.0,0.0,0.0,1.0,OK,4.0,4.0,OK,4.0,4.0,.,.,3.0,4.0,3.0,3.0,2.0,,,,,,,,,,,,,,,,,,,,,,,,2.0,2.0,1.0,0.0,1000.0,10.0,9.0,5.0,0.0,,,,,,,,.,,,.,,media\1551955159309-2.jpg,2.0,uuid:42f0d9f5-bd4f-43dd-bf4e-813d9b7a610b,,,,,,28 Jan 2021,2021-01-28,1.0,639.0,639.0,1039.0,,0.0,,,,,,,,,,,,,,,,
5948.0,2019-03-07,uuid:e60bf12a-953d-45c3-83f0-fd740232ab29,2019-03-07 10:23:59,2019-03-07 10:55:55,3,5948.0,,1.0,,,1.0,62.0,LULUWA,19.0,,3.0,,1.0,,Kananga,Plateau,1.0,4.0,DIBAYA,4.0,,,,200000.0,150000.0,1.0,0.0,1.0,1.0,0.0,1.0,0.0,2.0,4.0,3.0,OK,1.0,1.0,0.0,1.0,OK,1.0,1.0,OK,1.0,1.0,.,.,5.0,5.0,2.0,3.0,2.0,2.0,2.0,2.0,2.0,2.0,2.0,2.0,2.0,2.0,2.0,2.0,2.0,1.0,2.0,0.0,1.0,2.0,2.0,2.0,2.0,2.0,1.0,5.0,2.0,2.0,2.0,700.0,300.0,8.0,7.0,6.0,5.0,,,,,,,,.,,,.,,media\1551952507800-2.jpg,1.0,uuid:e60bf12a-953d-45c3-83f0-fd740232ab29,,,,,,28 Jan 2021,2021-01-28,1.0,,,,445.0,,,0.0,,,,,,,,,,,,,,
5949.0,2018-10-04,uuid:91d546ba-8977-44f5-88ff-d99ae9846f0c,2018-10-04 16:15:21,2018-10-04 16:27:47,2,5949.0,1.0,,,,,,,,,,,,,,,,,,,,,,,,,,,,,,,,,,OK,1.0,1.0,0.0,1.0,OK,1.0,2.0,OK,2.0,2.0,.,.,5.0,3.0,3.0,3.0,2.0,,,,,,,,,,,,,,,,,,,,,,,,4.0,4.0,2.0,250.0,750.0,10.0,8.0,5.0,3.0,,,,,,,,.,,,.,,media\1538663242882-2.jpg,2.0,uuid:91d546ba-8977-44f5-88ff-d99ae9846f0c,,,,,,28 Jan 2021,2021-01-28,1.0,470.0,470.0,870.0,,0.0,,,,,,,,,,,,,,,,
5992.0,2018-06-13,uuid:b0960c94-91aa-4550-82a4-f61ec5b4d22d,2018-06-13 10:47:21,2018-06-13 11:07:31,2,5992.0,1.0,,,,,,,,,,,,,,,,,,,,,,,,,,,,,,,,,,OK,1.0,1.0,0.0,1.0,OK,1.0,1.0,OK,1.0,1.0,.,.,5.0,5.0,3.0,1.0,2.0,,,,,,,,,,,,,,,,,,,,,,,,2.0,2.0,2.0,1000.0,0.0,7.0,4.0,3.0,1.0,,,,,,,,.,,,.,,media\1528880810268-2.jpg,2.0,uuid:b0960c94-91aa-4550-82a4-f61ec5b4d22d,,,,,,28 Jan 2021,2021-01-28,1.0,359.0,359.0,759.0,,0.0,,,,,,,,,,,,,,,,
5992.0,2019-03-23,uuid:66e46f69-53f1-4f6b-a15e-dd6805b5f342,2019-03-23 10:58:13,2019-03-23 11:31:19,3,5992.0,,1.0,,,1.0,60.0,LULUWA,28.0,,13.0,,0.0,1971.0,Kananga,Plateau,1.0,4.0,DEMBA,0.0,,8.0,,30000.0,5000.0,0.0,0.0,0.0,0.0,0.0,0.0,1.0,4.0,4.0,3.0,OK,1.0,1.0,1.0,1.0,OK,1.0,1.0,OK,1.0,1.0,.,.,3.0,5.0,3.0,3.0,2.0,2.0,4.0,4.0,2.0,3.0,1.0,4.0,1.0,2.0,2.0,2.0,8.0,2.0,2.0,1.0,,2.0,1.0,1.0,4.0,1.0,1.0,4.0,1.0,1.0,1.0,700.0,300.0,5.0,3.0,1.0,0.0,,,,,,,,.,,,.,,media\1553337025687-2.jpg,2.0,uuid:66e46f69-53f1-4f6b-a15e-dd6805b5f342,,,,,,28 Jan 2021,2021-01-28,1.0,539.0,,,445.0,,,0.0,,,,,,,,,,,,,,
6207.0,2019-03-06,uuid:4a7bb106-13e2-4afb-87bd-b8639e461bb5,2019-03-06 09:55:09,2019-03-06 10:19:02,2,6207.0,1.0,,,,,,,,,,,,,,,,,,,,,,,,,,,,,,,,,,OK,1.0,1.0,1.0,1.0,OK,1.0,1.0,OK,1.0,1.0,.,.,5.0,5.0,1.0,3.0,2.0,,,,,,,,,,,,,,,,,,,,,,,,2.0,2.0,2.0,1000.0,0.0,8.0,6.0,5.0,4.0,,,,,,,,.,,,.,,media\1551863236111-2.jpg,2.0,uuid:4a7bb106-13e2-4afb-87bd-b8639e461bb5,,,,,,28 Jan 2021,2021-01-28,1.0,619.0,619.0,1019.0,,0.0,,,,,,,,,,,,,,,,
6207.0,2019-03-07,uuid:3c55c73f-bb3e-42f3-ab5f-318aa88da7f9,2019-03-07 08:38:53,2019-03-07 09:23:02,3,6207.0,,1.0,,,1.0,59.0,LUNTU,50.0,,3.0,,0.0,1972.0,Kananga,Plateau,1.0,4.0,DIMBELENGE,18.0,,,,60000.0,5000.0,0.0,0.0,0.0,0.0,0.0,0.0,1.0,4.0,3.0,3.0,OK,1.0,1.0,1.0,1.0,OK,1.0,1.0,OK,1.0,2.0,.,.,3.0,3.0,3.0,3.0,2.0,2.0,2.0,2.0,2.0,2.0,2.0,2.0,1.0,4.0,2.0,1.0,3.0,1.0,1.0,1.0,,3.0,2.0,2.0,3.0,4.0,1.0,4.0,1.0,2.0,2.0,800.0,200.0,6.0,5.0,4.0,3.0,,,,,,,,.,,,.,,media\1551945693064-2.jpg,2.0,uuid:3c55c73f-bb3e-42f3-ab5f-318aa88da7f9,,,,,,28 Jan 2021,2021-01-28,1.0,430.0,,,445.0,,,0.0,,,,,,,,,,,,,,
6232.0,2018-07-31,uuid:8608e102-7b8c-440b-921c-36c088f51021,2018-07-31 17:19:22,2018-07-31 17:50:10,2,6232.0,1.0,,,,,,,,,,,,,,,,,,,,,,,,,,,,,,,,,,OK,1.0,1.0,1.0,0.0,OK,1.0,1.0,OK,1.0,1.0,.,.,3.0,3.0,3.0,3.0,2.0,,,,,,,,,,,,,,,,,,,,,,,,1.0,1.0,2.0,0.0,0.0,8.0,5.0,4.0,2.0,,,,,,,,.,,,.,,media\1533050837536-2.jpg,2.0,uuid:8608e102-7b8c-440b-921c-36c088f51021,,,,,,28 Jan 2021,2021-01-28,1.0,426.0,426.0,826.0,,0.0,,,,,,,,,,,,,,,,
6302.0,2018-06-13,uuid:d304c3bf-202e-45bb-a5bc-089aff859e1f,2018-06-13 16:54:15,2018-06-13 20:52:31,2,6302.0,1.0,,,,,,,,,,,,,,,,,,,,,,,,,,,,,,,,,,OK,1.0,1.0,0.0,0.0,OK,1.0,1.0,OK,3.0,2.0,.,.,3.0,3.0,3.0,3.0,2.0,,,,,,,,,,,,,,,,,,,,,,,,2.0,3.0,2.0,500.0,500.0,9.0,8.0,6.0,4.0,,,,,,,,.,,,.,,media\1528904309412-2.jpg,2.0,uuid:d304c3bf-202e-45bb-a5bc-089aff859e1f,,,,,,28 Jan 2021,2021-01-28,1.0,373.0,373.0,773.0,,0.0,,,,,,,,,,,,,,,,
6302.0,2019-03-07,uuid:e22ce6de-3e84-4157-9efb-524fbde5b6a3,2019-03-07 14:54:07,2019-03-07 16:34:12,3,6302.0,,1.0,,,1.0,33.0,LUNTU,,Bakua mukala,3.0,,1.0,,Kananga,Plateau,1.0,4.0,DIMBELENGE,11.0,,,,200000.0,10000.0,0.0,0.0,1.0,0.0,0.0,0.0,0.0,2.0,3.0,6.0,OK,1.0,1.0,0.0,1.0,OK,2.0,2.0,OK,2.0,2.0,.,.,5.0,3.0,3.0,3.0,2.0,1.0,2.0,3.0,1.0,1.0,1.0,4.0,1.0,1.0,1.0,1.0,1.0,1.0,1.0,0.0,2.0,1.0,1.0,1.0,1.0,1.0,3.0,4.0,2.0,2.0,3.0,100.0,900.0,10.0,8.0,5.0,2.0,,,,,,,,.,,,.,,media\1551967899447-2.jpg,2.0,uuid:e22ce6de-3e84-4157-9efb-524fbde5b6a3,,,,,,28 Jan 2021,2021-01-28,1.0,446.0,,,445.0,,,0.0,,,,,,,,,,,,,,
6322.0,2018-06-13,uuid:3efaa97b-33a5-4955-8fab-79428a0e657f,2018-06-13 13:38:26,2018-06-13 14:00:31,2,6322.0,1.0,,,,,,,,,,,,,,,,,,,,,,,,,,,,,,,,,,OK,1.0,1.0,0.0,0.0,OK,2.0,1.0,OK,1.0,1.0,.,.,3.0,3.0,3.0,3.0,2.0,,,,,,,,,,,,,,,,,,,,,,,,1.0,1.0,2.0,400.0,600.0,8.0,6.0,5.0,3.0,,,,,,,,.,,,.,,media\1528891201073-2.jpg,2.0,uuid:3efaa97b-33a5-4955-8fab-79428a0e657f,,,,,,28 Jan 2021,2021-01-28,1.0,364.0,364.0,764.0,,0.0,,,,,,,,,,,,,,,,
6336.0,2019-02-27,uuid:f0c11da6-bcaf-451e-bad6-236519ceb57d,2019-02-27 13:52:33,2019-02-27 14:19:02,2,6336.0,1.0,,,,,,,,,,,,,,,,,,,,,,,,,,,,,,,,,,OK,1.0,1.0,1.0,1.0,OK,1.0,1.0,OK,1.0,1.0,.,.,5.0,5.0,3.0,3.0,2.0,,,,,,,,,,,,,,,,,,,,,,,,1.0,1.0,2.0,200.0,800.0,7.0,4.0,1.0,0.0,,,,,,,,.,,,.,,media\1551273075682-3.jpg,2.0,uuid:f0c11da6-bcaf-451e-bad6-236519ceb57d,,,,,,28 Jan 2021,2021-01-28,1.0,546.0,546.0,946.0,,0.0,,,,,,,,,,,,,,,,
6336.0,2019-03-15,uuid:bbfabbd0-2419-4d67-a180-185721e67d27,2019-03-15 15:03:58,,3,6336.0,,1.0,,,1.0,58.0,LUBA,,Bena shimba,1.0,,0.0,2000.0,Kananga,Kamayi,1.0,5.0,KATANDA,28.0,,,,578000.0,0.0,0.0,0.0,1.0,1.0,0.0,1.0,0.0,2.0,4.0,7.0,OK,1.0,1.0,1.0,1.0,OK,1.0,1.0,OK,1.0,1.0,.,.,4.0,4.0,3.0,3.0,1.0,2.0,2.0,2.0,2.0,2.0,2.0,4.0,1.0,1.0,1.0,1.0,5.0,1.0,1.0,0.0,1.0,1.0,2.0,3.0,3.0,1.0,1.0,7.0,1.0,1.0,2.0,0.0,1000.0,2.0,1.0,0.0,0.0,,,,,,,,.,,,.,,media\1552660160281-2.jpg,1.0,uuid:bbfabbd0-2419-4d67-a180-185721e67d27,,,,,,28 Jan 2021,2021-01-28,1.0,472.0,,,445.0,,,0.0,,,,,,,,,,,,1.0,1.0,
6448.0,2018-06-12,uuid:624ed3fb-1397-4901-9c25-e07f4adb1e36,2018-06-12 10:24:42,2018-06-12 10:59:04,2,6448.0,1.0,,,,,,,,,,,,,,,,,,,,,,,,,,,,,,,,,,OK,1.0,1.0,0.0,1.0,OK,1.0,2.0,OK,3.0,3.0,.,.,5.0,3.0,1.0,2.0,2.0,,,,,,,,,,,,,,,,,,,,,,,,1.0,2.0,2.0,300.0,700.0,6.0,5.0,4.0,3.0,,,,,,,,.,,,.,,media\1528792494523-2.jpg,2.0,uuid:624ed3fb-1397-4901-9c25-e07f4adb1e36,,,,,,28 Jan 2021,2021-01-28,1.0,330.0,330.0,730.0,,0.0,,,,,,,,,,,,,,,,
6448.0,2019-03-05,uuid:ecd005d0-fe48-4cfe-b33f-9682b021b1a6,2019-03-05 09:10:33,2019-03-05 17:44:47,3,6448.0,,1.0,,,1.0,22.0,LUALUA,,,8.0,,1.0,,Kananga,Kamayi athenne,1.0,4.0,LUIZA,4.0,,,,650000.0,100000.0,1.0,0.0,1.0,1.0,0.0,0.0,0.0,7.0,3.0,6.0,OK,1.0,0.0,0.0,1.0,OK,1.0,1.0,OK,1.0,1.0,.,.,5.0,3.0,3.0,3.0,2.0,1.0,2.0,2.0,1.0,1.0,1.0,1.0,1.0,1.0,1.0,1.0,3.0,1.0,1.0,0.0,3.0,2.0,1.0,4.0,2.0,,2.0,7.0,2.0,2.0,3.0,500.0,500.0,6.0,5.0,4.0,3.0,,,,,,,,.,,,.,,media\1551774591902-3.jpg,1.0,uuid:ecd005d0-fe48-4cfe-b33f-9682b021b1a6,,,,,,28 Jan 2021,2021-01-28,1.0,,,,445.0,,,0.0,,,,,,,,,,,,,,
6525.0,2018-06-07,uuid:f823d54a-8978-4e0d-a889-619300e0542f,2018-06-07 13:56:10,2018-06-07 14:45:04,2,6525.0,1.0,,,,,,.,,.,,.,,,.,.,,,.,,.,,.,,,0.0,0.0,0.0,0.0,0.0,0.0,0.0,,,,OK,1.0,0.0,1.0,1.0,OK,1.0,1.0,OK,1.0,2.0,.,.,3.0,5.0,3.0,3.0,1.0,,,,,,,,,,,,,,,,,,,,,,,,2.0,2.0,2.0,0.0,1000.0,5.0,4.0,3.0,0.0,,.,,,,,,.,,,.,,media\1528374614883.jpg,2.0,uuid:f823d54a-8978-4e0d-a889-619300e0542f,1.0,1.0,,,,28 Jan 2021,2021-01-28,1.0,280.0,280.0,680.0,,0.0,,,,,,,,,,,,,,,,N.U.
6525.0,2018-10-17,uuid:ac45d09a-0db5-44c3-a0cb-09ab0e6fa221,2018-10-17 11:50:45,2018-10-17 12:46:13,3,6525.0,,1.0,,,1.0,74.0,LULUWA,19.0,,2.0,,0.0,1956.0,Kananga,Kamayi,1.0,4.0,DIBAYA,0.0,,0.0,,50000.0,2000.0,0.0,0.0,0.0,0.0,0.0,0.0,1.0,10.0,3.0,2.0,OK,1.0,1.0,0.0,0.0,OK,2.0,2.0,OK,2.0,2.0,.,.,5.0,5.0,3.0,3.0,2.0,2.0,2.0,2.0,3.0,3.0,3.0,2.0,3.0,3.0,2.0,1.0,1.0,2.0,1.0,0.0,4.0,2.0,2.0,2.0,2.0,1.0,1.0,3.0,3.0,3.0,2.0,300.0,700.0,8.0,5.0,3.0,1.0,,,,,,,,.,,,.,,media\1539772421265-2.jpg,2.0,uuid:ac45d09a-0db5-44c3-a0cb-09ab0e6fa221,,,,,,28 Jan 2021,2021-01-28,1.0,,,,445.0,,,0.0,,,,,,,,,,,,,,
6587.0,2018-08-20,uuid:d120562c-34a7-42d4-83b9-e6c0b3f52e8f,2018-08-20 15:41:25,2018-08-20 16:12:57,2,6587.0,1.0,,,,,,,,,,,,,,,,,,,,,,,,,,,,,,,,,,OK,1.0,1.0,0.0,1.0,OK,1.0,1.0,OK,2.0,1.0,.,.,5.0,4.0,3.0,3.0,2.0,,,,,,,,,,,,,,,,,,,,,,,,2.0,1.0,2.0,300.0,700.0,8.0,5.0,4.0,0.0,,,,,,,,.,,,.,,media\1534774327724-2.jpg,2.0,uuid:d120562c-34a7-42d4-83b9-e6c0b3f52e8f,,,,,,28 Jan 2021,2021-01-28,1.0,430.0,430.0,830.0,,0.0,,,,,,,,,,,,,,,,
6707.0,2018-12-01,uuid:a5f770b2-4d8a-448f-8f2e-a43d59d704e3,2018-12-01 08:22:23,2018-12-01 08:37:30,2,6707.0,1.0,,,,,,,,,,,,,,,,,,,,,,,,,,,,,,,,,,OK,1.0,1.0,0.0,0.0,OK,2.0,1.0,OK,2.0,1.0,.,.,3.0,3.0,3.0,3.0,2.0,,,,,,,,,,,,,,,,,,,,,,,,1.0,1.0,1.0,1000.0,0.0,8.0,7.0,6.0,5.0,,,,,,,,.,,,.,,media\1543649776371-2.jpg,2.0,uuid:a5f770b2-4d8a-448f-8f2e-a43d59d704e3,,,,,,28 Jan 2021,2021-01-28,1.0,501.0,501.0,901.0,,0.0,,,,,,,,,,,,,,,,
6775.0,2018-06-02,uuid:7390df33-e697-4b1c-8984-0d1d856a5434,2018-06-02 14:03:16,2018-06-02 14:20:18,2,6775.0,1.0,,,,,,.,,.,,.,,,.,.,,,.,,.,,.,,,0.0,0.0,0.0,0.0,0.0,0.0,0.0,,,,OK,1.0,1.0,1.0,1.0,OK,2.0,2.0,OK,1.0,2.0,.,.,4.0,4.0,3.0,2.0,2.0,,,,,,,,,,,,,,,,,,,,,,,,1.0,2.0,2.0,900.0,100.0,8.0,7.0,6.0,4.0,,.,,,,,,.,,,.,,media\1527941962698.jpg,2.0,uuid:7390df33-e697-4b1c-8984-0d1d856a5434,1.0,,,,,28 Jan 2021,2021-01-28,1.0,241.0,241.0,641.0,,0.0,,,,,,,,,,,,,,,,N.U.
6775.0,2018-06-19,uuid:58c0632b-03fd-4a83-bfbf-b4ec99647910,2018-06-19 16:09:58,2018-06-19 16:40:46,3,6775.0,,1.0,,,1.0,70.0,LULUWA,,Bakua mbuyi,1.0,,0.0,1960.0,Kananga,Malandji,1.0,4.0,KANANGA,9.0,,,,120000.0,28000.0,0.0,0.0,1.0,0.0,0.0,0.0,0.0,2.0,2.0,4.0,OK,1.0,1.0,0.0,0.0,OK,1.0,1.0,OK,2.0,2.0,.,.,3.0,5.0,3.0,3.0,2.0,2.0,2.0,4.0,2.0,2.0,2.0,2.0,2.0,8.0,3.0,2.0,8.0,2.0,2.0,0.0,4.0,4.0,1.0,1.0,1.0,1.0,1.0,3.0,1.0,1.0,2.0,800.0,200.0,7.0,6.0,5.0,4.0,,,,,,,,.,,,.,,media\1529419209625-2.jpg,2.0,uuid:58c0632b-03fd-4a83-bfbf-b4ec99647910,,,,,,28 Jan 2021,2021-01-28,1.0,196.0,,,445.0,,,0.0,,,,,,,,,,,,,,
6915.0,2018-05-30,uuid:7bb40390-86ee-461a-b59e-18a9a4a3f1b5,2018-05-30 16:52:25,2018-05-30 18:16:18,2,6915.0,1.0,,,,,,,,,,,,,,,,,,,,,.,,,,,,,,,,,,,OK,1.0,1.0,1.0,1.0,OK,2.0,2.0,OK,1.0,2.0,,,5.0,5.0,3.0,3.0,2.0,,,,,,,,,,,,,,,,,,,,,,,,1.0,1.0,2.0,900.0,100.0,8.0,6.0,5.0,3.0,,,,,,,,,,,,,media\1527696844649.jpg,2.0,uuid:7bb40390-86ee-461a-b59e-18a9a4a3f1b5,2.0,,,,,28 Jan 2021,2021-01-28,1.0,212.0,212.0,612.0,,0.0,,,,,,,,,,,,,,,,
6915.0,2019-02-26,uuid:4c5783fb-b24f-42bd-bcab-9e6d89a0ae60,2019-02-26 08:51:09,2019-02-26 09:39:56,3,6915.0,,1.0,,,1.0,70.0,LULUWA,38.0,,1.0,,0.0,1960.0,Kananga,Malandji,1.0,4.0,KAZUMBA,0.0,,0.0,,200000.0,0.0,0.0,0.0,1.0,0.0,0.0,0.0,0.0,2.0,3.0,2.0,OK,1.0,1.0,0.0,1.0,OK,1.0,1.0,OK,1.0,1.0,.,.,4.0,4.0,2.0,3.0,2.0,2.0,2.0,2.0,2.0,2.0,5.0,2.0,1.0,1.0,1.0,1.0,1.0,1.0,1.0,0.0,4.0,3.0,1.0,1.0,1.0,2.0,1.0,7.0,1.0,1.0,2.0,1000.0,0.0,7.0,6.0,5.0,0.0,,,,,,,,.,,,.,,media\1551170364582-2.jpg,2.0,uuid:4c5783fb-b24f-42bd-bcab-9e6d89a0ae60,,,,,,28 Jan 2021,2021-01-28,1.0,,,,445.0,,,0.0,,,,,,,,,,,,,,
10185.0,2019-03-05,uuid:2fb284c3-7903-42f8-8bbc-e781c0cd73e6,2019-03-05 09:02:03,2019-03-05 09:36:02,2,10185.0,1.0,,,,,,,,,,,,,,,,,,,,,,,,,,,,,,,,,,OK,1.0,1.0,1.0,1.0,OK,3.0,2.0,OK,3.0,3.0,.,.,3.0,5.0,3.0,3.0,2.0,,,,,,,,,,,,,,,,,,,,,,,,2.0,2.0,2.0,200.0,800.0,10.0,8.0,5.0,4.0,,,,,,,,.,,,.,,media\1551773958599-3.jpg,2.0,uuid:2fb284c3-7903-42f8-8bbc-e781c0cd73e6,,,,,,28 Jan 2021,2021-01-28,1.0,590.0,590.0,990.0,,0.0,,,,,,,,,,,,,,,,
10185.0,2019-03-05,uuid:e0f605a4-ce7e-454a-ac22-1ebba122c326,2019-03-05 10:22:39,2019-03-05 10:59:03,3,10185.0,,1.0,,,1.0,48.0,LULUWA,22.0,,12.0,,1.0,,Lukonga,Mabondo,1.0,4.0,DEMBA,4.0,,,,150000.0,40000.0,0.0,0.0,1.0,0.0,0.0,0.0,0.0,6.0,3.0,6.0,OK,1.0,1.0,1.0,1.0,OK,1.0,1.0,OK,1.0,1.0,.,.,3.0,5.0,3.0,3.0,2.0,3.0,2.0,2.0,2.0,2.0,2.0,2.0,8.0,2.0,1.0,2.0,1.0,1.0,,1.0,,2.0,4.0,2.0,2.0,1.0,1.0,5.0,1.0,1.0,2.0,500.0,500.0,8.0,6.0,5.0,2.0,,,,,,,,.,,,.,,media\1551779001055-4.jpg,2.0,uuid:e0f605a4-ce7e-454a-ac22-1ebba122c326,,,,,,28 Jan 2021,2021-01-28,1.0,399.0,,,445.0,,,0.0,,,,,,,,,,,,,,
10193.0,2019-03-05,uuid:65fc0f07-d5a6-4ba4-a399-a7d8c1ae4035,2019-03-05 09:50:10,2019-03-05 10:17:02,2,10193.0,1.0,,,,,,,,,,,,,,,,,,,,,,,,,,,,,,,,,,OK,1.0,1.0,0.0,0.0,OK,2.0,2.0,OK,3.0,2.0,.,.,3.0,5.0,1.0,3.0,2.0,,,,,,,,,,,,,,,,,,,,,,,,2.0,2.0,2.0,700.0,300.0,6.0,5.0,1.0,0.0,,,,,,,,.,,,.,,media\1551776641268-3.jpg,2.0,uuid:65fc0f07-d5a6-4ba4-a399-a7d8c1ae4035,,,,,,28 Jan 2021,2021-01-28,1.0,596.0,596.0,996.0,,0.0,,,,,,,,,,,,,,,,
10193.0,2019-03-05,uuid:66148c1c-90f8-41ea-ae0b-7c7bc25fc320,2019-03-05 14:27:04,2019-03-05 15:00:07,3,10193.0,,1.0,,,1.0,19.0,LULUWA,20.0,,3.0,,0.0,2018.0,Lukonga,Mabondo,1.0,4.0,DEMBA,29.0,,,,5000.0,2000.0,0.0,0.0,0.0,0.0,0.0,0.0,1.0,3.0,1.0,,OK,1.0,1.0,1.0,1.0,OK,2.0,1.0,OK,2.0,2.0,.,.,3.0,3.0,3.0,3.0,1.0,1.0,2.0,2.0,2.0,2.0,2.0,1.0,8.0,2.0,1.0,2.0,1.0,8.0,2.0,1.0,,1.0,2.0,2.0,2.0,2.0,1.0,1.0,1.0,1.0,2.0,500.0,500.0,6.0,4.0,3.0,1.0,,,,,,,,.,,,.,,media\1551793522233-4.jpg,2.0,uuid:66148c1c-90f8-41ea-ae0b-7c7bc25fc320,,,,,,28 Jan 2021,2021-01-28,1.0,412.0,,,445.0,,,0.0,,,,,,,,,,,,,,
10248.0,2018-06-01,uuid:6072cff5-0e2b-4a8c-a0be-c7cffaf80445,2018-06-01 18:00:28,2018-06-01 18:38:26,2,10248.0,1.0,,,,,,.,,.,,.,,,.,.,,,.,,.,,.,,,0.0,0.0,0.0,0.0,0.0,0.0,0.0,,,,OK,1.0,1.0,0.0,1.0,OK,1.0,1.0,OK,2.0,2.0,.,.,4.0,3.0,3.0,3.0,2.0,,,,,,,,,,,,,,,,,,,,,,,,2.0,4.0,2.0,0.0,1000.0,6.0,5.0,4.0,3.0,,.,,,,,,.,,,.,,media\1527871060202.jpg,2.0,uuid:6072cff5-0e2b-4a8c-a0be-c7cffaf80445,1.0,,,,,28 Jan 2021,2021-01-28,1.0,234.0,234.0,634.0,,0.0,,,,,,,,,,,,,,,,N.U.
10248.0,2019-02-26,uuid:ec75fe8f-0f71-49f6-bb92-453239e08039,2019-02-26 13:48:03,,3,10248.0,,1.0,,,1.0,56.0,LULUWA,,Bajila MPampi,11.0,,1.0,,Lukonga,Mabondo,0.0,4.0,DEMBA,4.0,,,,150000.0,0.0,0.0,0.0,0.0,0.0,0.0,0.0,1.0,7.0,4.0,7.0,OK,1.0,1.0,0.0,1.0,OK,2.0,1.0,OK,1.0,1.0,.,.,3.0,3.0,3.0,3.0,2.0,2.0,2.0,3.0,2.0,2.0,2.0,2.0,2.0,2.0,2.0,2.0,2.0,2.0,2.0,1.0,,1.0,1.0,1.0,1.0,1.0,3.0,4.0,1.0,1.0,1.0,1000.0,0.0,10.0,10.0,9.0,0.0,,,,,,,,.,,,.,,media\1551186996948-2.jpg,2.0,uuid:ec75fe8f-0f71-49f6-bb92-453239e08039,,,,,,28 Jan 2021,2021-01-28,1.0,,,,445.0,,,0.0,,,,,,,1.0,,,,,,1.0,
10386.0,2018-06-28,uuid:646439c4-b770-4866-965f-eb0170189c5e,2018-06-28 10:06:02,2018-06-28 10:53:02,2,10386.0,1.0,,,,,,,,,,,,,,,,,,,,,,,,,,,,,,,,,,OK,1.0,1.0,0.0,0.0,OK,2.0,2.0,OK,2.0,2.0,.,.,5.0,3.0,1.0,3.0,1.0,,,,,,,,,,,,,,,,,,,,,,,,2.0,2.0,2.0,500.0,500.0,2.0,5.0,4.0,2.0,,,,,,,,.,,,.,,media\1530174339059-2.jpg,2.0,uuid:646439c4-b770-4866-965f-eb0170189c5e,,,,,,28 Jan 2021,2021-01-28,1.0,413.0,413.0,813.0,,0.0,,,1.0,1.0,,,,,,,1.0,,,,1.0,
10386.0,2019-03-16,uuid:be87abdd-02d4-4407-9cb7-1b868e7a993d,2019-03-16 09:56:42,2019-03-16 10:21:47,3,10386.0,,1.0,,,1.0,33.0,LULUWA,,Bakua beya,,Adventiste du 7eme jour,1.0,,Lukonga,Mabondo,1.0,4.0,DEMBA,4.0,,,,70000.0,12000.0,0.0,0.0,0.0,0.0,0.0,0.0,1.0,5.0,3.0,3.0,OK,1.0,1.0,0.0,1.0,OK,2.0,1.0,OK,3.0,2.0,.,.,5.0,5.0,2.0,3.0,2.0,2.0,2.0,2.0,2.0,2.0,2.0,2.0,1.0,1.0,1.0,1.0,1.0,1.0,2.0,1.0,,2.0,2.0,2.0,2.0,2.0,2.0,4.0,1.0,1.0,1.0,1000.0,0.0,3.0,2.0,1.0,0.0,,,,,,,,.,,,.,,media\1552728071795-3.jpg,2.0,uuid:be87abdd-02d4-4407-9cb7-1b868e7a993d,,,,,,28 Jan 2021,2021-01-28,1.0,488.0,,,445.0,,,0.0,,,,,,,,,,,,,,
10546.0,2018-06-13,uuid:00de26c5-cd94-4301-827a-08ce2c658404,2018-06-13 14:36:39,2018-06-13 15:00:41,2,10546.0,1.0,,,,,,,,,,,,,,,,,,,,,,,,,,,,,,,,,,OK,1.0,1.0,1.0,1.0,OK,1.0,1.0,OK,1.0,1.0,.,.,3.0,3.0,3.0,3.0,2.0,,,,,,,,,,,,,,,,,,,,,,,,2.0,2.0,2.0,1000.0,0.0,10.0,6.0,4.0,0.0,,,,,,,,.,,,.,,media\1528894786180-2.jpg,2.0,uuid:00de26c5-cd94-4301-827a-08ce2c658404,,,,,,28 Jan 2021,2021-01-28,1.0,367.0,367.0,767.0,,0.0,,,,,,,,,,,,,,,,
10546.0,2019-03-25,uuid:9913bc4f-3934-410e-9a91-0ee4526cb8f0,2019-03-25 09:47:36,,3,10546.0,,1.0,,,1.0,24.0,LULUWA,,Basangana,1.0,,1.0,,Lukonga,Mabondo,1.0,4.0,DEMBA,27.0,,,,15000.0,5000.0,0.0,0.0,1.0,0.0,0.0,0.0,0.0,3.0,4.0,3.0,OK,1.0,1.0,1.0,1.0,OK,1.0,1.0,OK,1.0,1.0,.,.,5.0,3.0,1.0,3.0,2.0,2.0,2.0,3.0,2.0,2.0,1.0,2.0,1.0,1.0,1.0,1.0,1.0,1.0,1.0,1.0,,2.0,1.0,4.0,2.0,2.0,1.0,3.0,2.0,2.0,2.0,500.0,500.0,10.0,7.0,6.0,5.0,,,,,,,,.,,,.,,media\1553505496874-2.jpg,1.0,uuid:9913bc4f-3934-410e-9a91-0ee4526cb8f0,,,,,,28 Jan 2021,2021-01-28,1.0,,,,445.0,,,0.0,,,,,,,,,,,,,,
10746.0,2018-06-11,uuid:61088f68-abc8-4bc2-8aec-fe854360cedd,2018-06-11 11:30:14,2018-06-11 11:59:08,2,10746.0,1.0,,,,,,,,,,,,,,,,,,,,,,,,,,,,,,,,,,OK,1.0,1.0,0.0,1.0,OK,2.0,2.0,OK,3.0,3.0,.,.,5.0,5.0,3.0,3.0,2.0,,,,,,,,,,,,,,,,,,,,,,,,2.0,2.0,2.0,800.0,200.0,7.0,5.0,4.0,3.0,,,,,,,,.,,,.,,media\1528710649827-2.jpg,2.0,uuid:61088f68-abc8-4bc2-8aec-fe854360cedd,,,,,,28 Jan 2021,2021-01-28,1.0,305.0,305.0,705.0,,0.0,,,,,,,,,,,,,,,,
10746.0,2018-06-14,uuid:144f7b15-9ece-428b-8d0c-e30b709e057c,2018-06-14 14:02:13,2018-06-14 14:42:06,3,10746.0,,1.0,,,1.0,30.0,LULUWA,,Bakua beya,2.0,,1.0,,Lukonga,Mabondo,1.0,4.0,DEMBA,18.0,,,,40000.0,15000.0,0.0,0.0,1.0,0.0,0.0,0.0,0.0,3.0,3.0,6.0,OK,1.0,1.0,0.0,1.0,OK,2.0,1.0,OK,3.0,2.0,.,.,4.0,3.0,3.0,3.0,1.0,2.0,2.0,4.0,2.0,2.0,2.0,2.0,3.0,1.0,1.0,1.0,1.0,3.0,1.0,1.0,,1.0,1.0,2.0,1.0,2.0,2.0,4.0,1.0,2.0,2.0,300.0,700.0,8.0,4.0,2.0,0.0,,,,,,,,.,,,.,,media\1528979443619-2.jpg,2.0,uuid:144f7b15-9ece-428b-8d0c-e30b709e057c,,,,,,28 Jan 2021,2021-01-28,1.0,188.0,,,445.0,,,0.0,,,,,,,,,,,,,,
10984.0,2018-06-13,uuid:132262eb-515a-4412-91f3-1e655f2611ae,2018-06-13 09:55:13,2018-06-13 10:24:06,2,10984.0,1.0,,,,,,,,,,,,,,,,,,,,,,,,,,,,,,,,,,OK,1.0,1.0,0.0,0.0,OK,2.0,2.0,OK,2.0,2.0,.,.,5.0,5.0,1.0,3.0,2.0,,,,,,,,,,,,,,,,,,,,,,,,1.0,1.0,2.0,1000.0,0.0,10.0,5.0,3.0,0.0,,,,,,,,.,,,.,,media\1528878217053-2.jpg,2.0,uuid:132262eb-515a-4412-91f3-1e655f2611ae,,,,,,28 Jan 2021,2021-01-28,1.0,354.0,354.0,754.0,,0.0,,,,,,,,,,,,,,,,
10984.0,2019-03-23,uuid:28c283a2-f30d-4e33-8dac-0e3592e62798,2019-03-23 08:35:45,,3,10984.0,,1.0,,,1.0,67.0,LULUWA,,Bakwa kapinga,1.0,,1.0,,Lukonga,Mabondo,1.0,4.0,KAZUMBA,23.0,,,,35000.0,12000.0,0.0,0.0,0.0,0.0,0.0,0.0,1.0,4.0,3.0,2.0,OK,1.0,1.0,0.0,0.0,OK,2.0,1.0,OK,2.0,2.0,.,.,3.0,5.0,3.0,3.0,2.0,2.0,4.0,4.0,2.0,4.0,2.0,2.0,1.0,1.0,1.0,1.0,3.0,1.0,1.0,1.0,,1.0,1.0,1.0,2.0,1.0,1.0,4.0,2.0,2.0,1.0,500.0,500.0,9.0,8.0,7.0,6.0,,,,,,,,.,,,.,,media\1553328369160-2.jpg,2.0,uuid:28c283a2-f30d-4e33-8dac-0e3592e62798,,,,,,28 Jan 2021,2021-01-28,1.0,536.0,,,445.0,,,0.0,,,,,,,,,,,,,,
11012.0,2019-03-05,uuid:a1f71be9-2ef1-4340-a4f9-b6f0ce7038a2,2019-03-05 08:14:12,2019-03-05 08:32:51,2,11012.0,1.0,,,,,,,,,,,,,,,,,,,,,,,,,,,,,,,,,,OK,1.0,1.0,1.0,1.0,OK,1.0,2.0,OK,2.0,2.0,.,.,3.0,5.0,2.0,2.0,2.0,,,,,,,,,,,,,,,,,,,,,,,,2.0,3.0,2.0,0.0,1000.0,7.0,5.0,3.0,0.0,,,,,,,,.,,,.,,media\1551771132498-5.jpg,2.0,uuid:a1f71be9-2ef1-4340-a4f9-b6f0ce7038a2,,,,,,28 Jan 2021,2021-01-28,1.0,585.0,585.0,985.0,,0.0,,,,,,,,,,,,,,,,
11012.0,2019-03-07,uuid:d83ebf46-f37c-42f9-ba18-edce63b664e1,2019-03-07 08:22:07,2019-03-07 08:45:46,3,11012.0,,1.0,,,1.0,24.0,LULUWA,,Bakua mbayi,8.0,,1.0,,Lukonga,Mabondo,1.0,4.0,DEMBA,4.0,,,,15000.0,7000.0,0.0,0.0,0.0,0.0,0.0,0.0,1.0,2.0,3.0,6.0,OK,1.0,1.0,0.0,0.0,OK,2.0,3.0,OK,2.0,3.0,.,.,5.0,5.0,3.0,3.0,1.0,1.0,2.0,1.0,1.0,1.0,2.0,2.0,1.0,1.0,1.0,1.0,1.0,1.0,1.0,1.0,,1.0,1.0,1.0,1.0,1.0,2.0,5.0,1.0,1.0,1.0,500.0,500.0,10.0,6.0,5.0,3.0,,,,,,,,.,,,.,,media\1551944705352-4.jpg,2.0,uuid:d83ebf46-f37c-42f9-ba18-edce63b664e1,,,,,,28 Jan 2021,2021-01-28,1.0,428.0,,,445.0,,,0.0,,,,,,,,,,,,,,
11146.0,2018-06-11,uuid:808c3a45-7995-4208-a35b-ac729955c394,2018-06-11 14:06:08,2018-06-11 14:40:04,2,11146.0,1.0,,,,,,,,,,,,,,,,,,,,,,,,,,,,,,,,,,OK,1.0,1.0,0.0,1.0,OK,1.0,1.0,OK,1.0,1.0,.,.,5.0,5.0,1.0,1.0,2.0,,,,,,,,,,,,,,,,,,,,,,,,2.0,2.0,2.0,500.0,500.0,8.0,4.0,2.0,1.0,,,,,,,,.,,,.,,media\1528719750542-2.jpg,2.0,uuid:808c3a45-7995-4208-a35b-ac729955c394,,,,,,28 Jan 2021,2021-01-28,1.0,314.0,314.0,714.0,,0.0,,,,,,,,,,,,,,,,
11146.0,2018-06-28,uuid:0e620656-1b9a-4e3c-b110-6a6cfdb49176,2018-06-28 14:40:14,2018-06-28 15:20:07,3,11146.0,,1.0,,,1.0,29.0,LULUWA,22.0,,2.0,,0.0,1996.0,Lukonga,Mabondo,1.0,4.0,DEMBA,12.0,,,,30000.0,15000.0,1.0,0.0,1.0,0.0,0.0,0.0,0.0,4.0,3.0,6.0,OK,1.0,1.0,1.0,1.0,OK,2.0,2.0,OK,2.0,2.0,.,.,4.0,4.0,3.0,3.0,1.0,4.0,1.0,3.0,1.0,1.0,4.0,1.0,1.0,1.0,1.0,1.0,1.0,8.0,1.0,1.0,,1.0,1.0,1.0,1.0,2.0,2.0,4.0,1.0,1.0,2.0,500.0,500.0,7.0,5.0,3.0,1.0,,,,,,,,.,,,.,,media\1530190857362-2.jpg,2.0,uuid:0e620656-1b9a-4e3c-b110-6a6cfdb49176,,,,,,28 Jan 2021,2021-01-28,1.0,216.0,,,445.0,,,0.0,,,,,,,,,,,,,,
11490.0,2019-04-04,uuid:ce97c6eb-42ad-4869-b705-e905eae67df7,2019-04-04 15:52:56,,2,11490.0,1.0,,,,,,,,,,,,,,,,,,,,,,,,,,,,,,,,,,OK,1.0,1.0,0.0,0.0,OK,2.0,2.0,OK,3.0,3.0,.,.,3.0,5.0,2.0,3.0,2.0,,,,,,,,,,,,,,,,,,,,,,,,2.0,1.0,2.0,1000.0,0.0,10.0,7.0,5.0,3.0,,,,,,,,.,,,.,,media\1554386453871-2.jpg,2.0,uuid:ce97c6eb-42ad-4869-b705-e905eae67df7,,,,,,28 Jan 2021,2021-01-28,1.0,746.0,746.0,1146.0,,0.0,,,,,,,,,,,,,,,,
11594.0,2018-06-29,uuid:20263b25-d6c6-4df6-8450-4bba357f37b4,2018-06-29 11:18:11,2018-06-29 11:40:13,2,11594.0,1.0,,,,,,,,,,,,,,,,,,,,,,,,,,,,,,,,,,OK,1.0,1.0,1.0,1.0,OK,1.0,1.0,OK,1.0,1.0,.,.,3.0,5.0,3.0,3.0,2.0,,,,,,,,,,,,,,,,,,,,,,,,1.0,1.0,2.0,900.0,100.0,10.0,10.0,5.0,4.0,,,,,,,,.,,,.,,media\1530265161868-2.jpg,2.0,uuid:20263b25-d6c6-4df6-8450-4bba357f37b4,,,,,,28 Jan 2021,2021-01-28,1.0,416.0,416.0,816.0,,0.0,,,,,,,,,1.0,,,,,,1.0,
11594.0,2019-03-18,uuid:655eec73-cdfd-41e4-8ea3-dbeb8ceda867,2019-03-18 11:10:42,2019-03-18 11:46:34,3,11594.0,,1.0,,,1.0,60.0,LULUWA,,Bakua Odia,1.0,,0.0,1965.0,Lukonga,Mabondo,1.0,4.0,DEMBA,9.0,,,,150000.0,21000.0,0.0,0.0,1.0,0.0,0.0,0.0,0.0,4.0,4.0,3.0,OK,1.0,1.0,0.0,0.0,OK,1.0,1.0,OK,1.0,1.0,.,.,5.0,5.0,3.0,1.0,2.0,2.0,2.0,2.0,4.0,2.0,2.0,4.0,1.0,1.0,1.0,1.0,1.0,1.0,1.0,0.0,1.0,1.0,1.0,1.0,1.0,1.0,3.0,4.0,2.0,2.0,2.0,700.0,300.0,5.0,4.0,3.0,2.0,,,,,,,,.,,,.,,media\1552905930890-2.jpg,2.0,uuid:655eec73-cdfd-41e4-8ea3-dbeb8ceda867,,,,,,28 Jan 2021,2021-01-28,1.0,,,,445.0,,,0.0,,,,,,,,,,,,,,
11686.0,2019-03-06,uuid:f0b90255-0d9b-4524-9493-904d445a5898,2019-03-06 10:21:32,,3,11686.0,,1.0,,,1.0,30.0,LULUWA,,Bakua mbayi,10.0,,1.0,,Lukonga,Mabondo,1.0,4.0,DEMBA,14.0,,,,15000.0,3000.0,0.0,0.0,0.0,0.0,0.0,0.0,1.0,1.0,3.0,3.0,OK,0.0,1.0,1.0,0.0,OK,2.0,2.0,OK,3.0,2.0,.,.,5.0,5.0,3.0,3.0,1.0,2.0,2.0,2.0,2.0,2.0,2.0,2.0,2.0,2.0,2.0,2.0,2.0,2.0,2.0,1.0,,1.0,1.0,2.0,2.0,2.0,2.0,5.0,2.0,2.0,1.0,0.0,1000.0,10.0,6.0,3.0,0.0,,,,,,,,.,,,.,,media\1551865626422-2.jpg,2.0,uuid:f0b90255-0d9b-4524-9493-904d445a5898,,,,,,28 Jan 2021,2021-01-28,1.0,,,,445.0,,,0.0,,,,,,,,,,,,,,
11686.0,2019-03-29,uuid:64d0cd24-fd90-4e8e-b68b-f78f932c1fc3,2019-03-29 14:41:31,2019-03-29 15:05:05,2,11686.0,1.0,,,,,,,,,,,,,,,,,,,,,,,,,,,,,,,,,,OK,1.0,1.0,1.0,1.0,OK,1.0,1.0,OK,2.0,1.0,.,.,3.0,3.0,3.0,3.0,1.0,,,,,,,,,,,,,,,,,,,,,,,,2.0,2.0,2.0,200.0,800.0,10.0,2.0,1.0,0.0,,,,,,,,.,,,.,,media\1553867751288-2.jpg,2.0,uuid:64d0cd24-fd90-4e8e-b68b-f78f932c1fc3,,,,,,28 Jan 2021,2021-01-28,1.0,745.0,745.0,1145.0,,0.0,,,,,,,,,,,,,,,,
11686.0,2019-04-08,uuid:4087d97b-2fea-4747-b651-253a038aeeda,2019-04-08 09:09:13,,3,11686.0,,0.0,,,1.0,51.0,LULUWA,,Bakua tshipanga,2.0,,0.0,1979.0,Lukonga,Mabondo,1.0,4.0,DIBAYA,1.0,,,,50000.0,4000.0,0.0,0.0,1.0,0.0,0.0,0.0,0.0,7.0,3.0,4.0,OK,1.0,1.0,1.0,1.0,OK,1.0,1.0,OK,2.0,1.0,.,.,2.0,5.0,1.0,3.0,2.0,2.0,2.0,2.0,2.0,2.0,2.0,2.0,1.0,1.0,1.0,1.0,1.0,1.0,1.0,1.0,,2.0,1.0,2.0,2.0,2.0,3.0,5.0,2.0,2.0,2.0,500.0,500.0,10.0,7.0,5.0,1.0,,,,,,,,.,,,.,,media\1554709146122-2.jpg,2.0,uuid:4087d97b-2fea-4747-b651-253a038aeeda,,,,,,28 Jan 2021,2021-01-28,1.0,550.0,,,445.0,,,0.0,,,,,,,,,,,,,,
11789.0,2018-09-15,uuid:93f6abe1-5a84-490a-912d-321e27a2699f,2018-09-15 09:34:31,2018-09-15 10:15:05,3,11789.0,,0.0,,,1.0,32.0,LULUWA,,Bakua mbayi,1.0,,1.0,,Lukonga,Itabayi,1.0,4.0,DEMBA,0.0,,14.0,,45000.0,2500.0,0.0,0.0,0.0,0.0,0.0,0.0,1.0,2.0,3.0,6.0,OK,1.0,1.0,0.0,0.0,OK,1.0,1.0,OK,1.0,1.0,.,.,4.0,3.0,1.0,3.0,1.0,1.0,2.0,2.0,2.0,2.0,2.0,2.0,1.0,1.0,1.0,1.0,1.0,1.0,1.0,0.0,2.0,2.0,2.0,2.0,2.0,2.0,1.0,3.0,2.0,2.0,1.0,1000.0,0.0,5.0,3.0,1.0,0.0,,,,,,,,.,,,.,,media\1536998067945-2.jpg,2.0,uuid:93f6abe1-5a84-490a-912d-321e27a2699f,,,,,,28 Jan 2021,2021-01-28,1.0,,,,445.0,,,0.0,,,,,,,,,,,,,,
11789.0,2018-09-19,uuid:b5117668-59d8-4d88-93ea-2d2058876b37,2018-09-19 16:09:27,2018-09-19 16:23:33,2,11789.0,1.0,,,,,,,,,,,,,,,,,,,,,,,,,,,,,,,,,,OK,1.0,1.0,0.0,1.0,OK,1.0,1.0,OK,2.0,2.0,.,.,4.0,4.0,3.0,3.0,2.0,,,,,,,,,,,,,,,,,,,,,,,,2.0,2.0,2.0,800.0,200.0,5.0,4.0,2.0,0.0,,,,,,,,.,,,.,,media\1537366981062-2.jpg,2.0,uuid:b5117668-59d8-4d88-93ea-2d2058876b37,,,,,,28 Jan 2021,2021-01-28,1.0,436.0,436.0,836.0,,0.0,,,,,,,,,,,,,,,,
11887.0,2018-11-27,uuid:ce67a7d0-4b03-4173-97e7-d4f03b2681d3,2018-11-27 09:35:42,2018-11-27 10:25:04,3,11887.0,,1.0,,,1.0,40.0,LULUWA,,Bitanda,3.0,,1.0,,Lukonga,Itabayi,1.0,4.0,DIBAYA,4.0,,,,15000.0,7500.0,0.0,0.0,0.0,0.0,0.0,0.0,1.0,3.0,3.0,5.0,OK,1.0,1.0,0.0,1.0,OK,1.0,1.0,OK,1.0,1.0,.,.,4.0,5.0,2.0,3.0,2.0,1.0,1.0,1.0,1.0,1.0,1.0,1.0,1.0,1.0,1.0,1.0,1.0,1.0,1.0,0.0,1.0,1.0,2.0,2.0,2.0,1.0,2.0,3.0,1.0,1.0,2.0,0.0,0.0,8.0,7.0,5.0,4.0,,,,,,,,.,,,.,,media\1543308729486-2.jpg,2.0,uuid:ce67a7d0-4b03-4173-97e7-d4f03b2681d3,,,,,,28 Jan 2021,2021-01-28,1.0,291.0,,,445.0,,,0.0,,,,,,,,,,,,,,
11887.0,2018-11-28,uuid:9c9793b0-4db6-43a8-8222-d0b046e47f2d,2018-11-28 15:45:56,2018-11-28 15:58:57,2,11887.0,1.0,,,,,,,,,,,,,,,,,,,,,,,,,,,,,,,,,,OK,1.0,1.0,0.0,1.0,OK,3.0,3.0,OK,4.0,4.0,.,.,3.0,4.0,1.0,3.0,2.0,,,,,,,,,,,,,,,,,,,,,,,,1.0,2.0,2.0,1000.0,0.0,9.0,8.0,7.0,6.0,,,,,,,,.,,,.,,media\1543417078241-2.jpg,2.0,uuid:9c9793b0-4db6-43a8-8222-d0b046e47f2d,,,,,,28 Jan 2021,2021-01-28,1.0,495.0,495.0,895.0,,0.0,,,,,,,,,,,,,,,,
11986.0,2018-07-11,uuid:620d598e-c78c-4ed6-ba95-116ad523bb79,2018-07-11 18:25:00,2018-07-11 18:40:43,2,11986.0,1.0,,,,,,,,,,,,,,,,,,,,,,,,,,,,,,,,,,OK,1.0,1.0,0.0,1.0,OK,2.0,1.0,OK,2.0,2.0,.,.,5.0,5.0,3.0,3.0,2.0,,,,,,,,,,,,,,,,,,,,,,,,1.0,1.0,2.0,900.0,100.0,8.0,6.0,5.0,1.0,,,,,,,,.,,,.,,media\1531327211862-2.jpg,2.0,uuid:620d598e-c78c-4ed6-ba95-116ad523bb79,,,,,,28 Jan 2021,2021-01-28,1.0,417.0,417.0,817.0,,0.0,,,,,,,,,,,,,,,,
11986.0,2018-07-13,uuid:81ff4ecb-7d11-49c9-85c4-3bad10b7ad7b,2018-07-13 18:41:18,2018-07-13 19:04:23,3,11986.0,,1.0,,,1.0,66.0,LULUWA,,Bakua ndaye,3.0,,1.0,,Lukonga,Itabayi,0.0,4.0,KAZUMBA,9.0,,,,50000.0,13800.0,0.0,0.0,0.0,0.0,0.0,0.0,1.0,5.0,2.0,6.0,OK,1.0,1.0,0.0,1.0,OK,2.0,3.0,OK,2.0,2.0,.,.,3.0,3.0,4.0,3.0,2.0,2.0,3.0,4.0,2.0,3.0,1.0,2.0,3.0,3.0,3.0,2.0,3.0,1.0,1.0,1.0,,1.0,1.0,1.0,1.0,1.0,2.0,4.0,2.0,2.0,2.0,1000.0,0.0,10.0,9.0,7.0,6.0,,,,,,,,.,,,.,,media\1531501452287-3.jpg,2.0,uuid:81ff4ecb-7d11-49c9-85c4-3bad10b7ad7b,,,,,,28 Jan 2021,2021-01-28,1.0,,,,445.0,,,0.0,,,,,,,,,,,,,,
12110.0,2018-06-04,uuid:df138e9d-5e97-4476-a1b6-8ad929907157,2018-06-04 11:03:43,2018-06-04 11:35:15,2,12110.0,1.0,,,,,,.,,.,,.,,,.,.,,,.,,.,,.,,,0.0,0.0,0.0,0.0,0.0,0.0,0.0,,,,OK,1.0,1.0,0.0,1.0,OK,1.0,1.0,OK,2.0,1.0,.,.,3.0,3.0,3.0,3.0,2.0,,,,,,,,,,,,,,,,,,,,,,,,2.0,3.0,2.0,800.0,200.0,9.0,7.0,7.0,1.0,,.,,,,,,.,,,.,,media\1528104754945.jpg,2.0,uuid:df138e9d-5e97-4476-a1b6-8ad929907157,1.0,0.0,.,,,28 Jan 2021,2021-01-28,1.0,246.0,246.0,646.0,,0.0,,,,,,,,,,,,1.0,,,1.0,N.U.
12110.0,2018-06-12,uuid:12f8abcc-3f03-49d0-91d4-7fd4b679c36e,2018-06-12 16:15:07,,3,12110.0,,1.0,,,1.0,22.0,LULUWA,20.0,,1.0,,1.0,,Lukonga,Itabayi,0.0,4.0,DEMBA,27.0,,,,100000.0,15000.0,0.0,0.0,1.0,0.0,0.0,0.0,0.0,3.0,4.0,7.0,OK,1.0,1.0,1.0,1.0,OK,1.0,1.0,OK,1.0,1.0,.,.,3.0,3.0,3.0,3.0,2.0,2.0,2.0,2.0,2.0,2.0,2.0,2.0,2.0,2.0,2.0,2.0,2.0,2.0,2.0,0.0,1.0,1.0,1.0,1.0,1.0,2.0,3.0,1.0,1.0,2.0,2.0,1000.0,0.0,10.0,9.0,7.0,5.0,,,,,,,,.,,,.,,media\1528814299136-2.jpg,2.0,uuid:12f8abcc-3f03-49d0-91d4-7fd4b679c36e,,,,,,28 Jan 2021,2021-01-28,1.0,,,,445.0,,,0.0,,,,,,,,,,,,,,
12395.0,2018-06-15,uuid:1cffb225-c9a5-4f80-b169-6377ce386eb5,2018-06-15 16:00:07,2018-06-15 16:20:42,2,12395.0,1.0,,,,,,,,,,,,,,,,,,,,,,,,,,,,,,,,,,OK,1.0,1.0,0.0,1.0,OK,1.0,1.0,OK,2.0,1.0,.,.,5.0,5.0,3.0,3.0,1.0,,,,,,,,,,,,,,,,,,,,,,,,1.0,1.0,2.0,900.0,100.0,10.0,10.0,5.0,2.0,,,,,,,,.,,,.,,media\1529072078225-2.jpg,2.0,uuid:1cffb225-c9a5-4f80-b169-6377ce386eb5,,,,,,28 Jan 2021,2021-01-28,1.0,393.0,393.0,793.0,,0.0,,,,,,,,,1.0,,,,,,1.0,
12545.0,2019-03-18,uuid:ea1e719d-3af8-4026-9c0a-3b5eeab734ed,2019-03-18 09:36:19,2019-03-18 10:17:03,2,12545.0,1.0,,,,,,,,,,,,,,,,,,,,,,,,,,,,,,,,,,OK,1.0,1.0,1.0,1.0,OK,2.0,1.0,OK,1.0,2.0,.,.,3.0,3.0,3.0,3.0,1.0,,,,,,,,,,,,,,,,,,,,,,,,1.0,1.0,1.0,1000.0,0.0,10.0,8.0,6.0,4.0,,,,,,,,.,,,.,,media\1552899159877-4.jpg,2.0,uuid:ea1e719d-3af8-4026-9c0a-3b5eeab734ed,,,,,,28 Jan 2021,2021-01-28,1.0,711.0,711.0,1111.0,,0.0,,,,,,,,,,,,,,,,
20145.0,2019-03-23,uuid:3869f2ab-7aa4-4836-8bab-307da55c9d89,2019-03-23 07:10:12,2019-03-23 07:47:01,3,20145.0,,1.0,,,1.0,23.0,LULUWA,,Bakua tshisumba,2.0,,1.0,,Ndesha,Kamilabi,0.0,4.0,DIMBELENGE,0.0,,0.0,,50000.0,25000.0,0.0,0.0,0.0,0.0,0.0,0.0,1.0,2.0,1.0,,OK,1.0,1.0,1.0,1.0,OK,1.0,1.0,OK,1.0,1.0,.,.,4.0,4.0,2.0,4.0,1.0,1.0,1.0,3.0,2.0,1.0,1.0,2.0,2.0,2.0,3.0,2.0,3.0,2.0,5.0,1.0,,2.0,2.0,2.0,3.0,3.0,,4.0,3.0,2.0,2.0,1000.0,0.0,5.0,4.0,3.0,1.0,,,,,,,,.,,,.,,media\1553321992800-2.jpg,2.0,uuid:3869f2ab-7aa4-4836-8bab-307da55c9d89,,,,,,28 Jan 2021,2021-01-28,1.0,531.0,,,445.0,,,0.0,,,,,,,,,,,,,,
20233.0,2019-03-07,uuid:23df50cd-91cc-491c-a5e5-dd3301f33f95,2019-03-07 09:11:32,2019-03-07 09:27:55,2,20233.0,1.0,,,,,,,,,,,,,,,,,,,,,,,,,,,,,,,,,,OK,1.0,1.0,1.0,1.0,OK,3.0,3.0,OK,2.0,3.0,.,.,5.0,3.0,2.0,3.0,2.0,,,,,,,,,,,,,,,,,,,,,,,,2.0,2.0,1.0,800.0,200.0,10.0,8.0,6.0,3.0,,,,,,,,.,,,.,,media\1551947244382-3.jpg,2.0,uuid:23df50cd-91cc-491c-a5e5-dd3301f33f95,,,,,,28 Jan 2021,2021-01-28,1.0,631.0,631.0,1031.0,,0.0,,,,,,,,,,,,,,,,
20233.0,2019-03-16,uuid:ce45f012-0ff6-40ae-820d-7ca67ab26222,2019-03-16 08:43:03,,3,20233.0,,1.0,,,2.0,24.0,LULUWA,,Bakua tshiama,3.0,,1.0,,Ndesha,Kamilabi,1.0,4.0,DIBAYA,0.0,,1.0,,150000.0,22000.0,0.0,0.0,1.0,0.0,0.0,0.0,0.0,5.0,4.0,2.0,OK,1.0,1.0,0.0,1.0,OK,2.0,2.0,OK,2.0,2.0,.,.,3.0,5.0,3.0,3.0,1.0,2.0,2.0,4.0,2.0,2.0,2.0,1.0,1.0,1.0,3.0,2.0,8.0,1.0,1.0,0.0,1.0,1.0,1.0,2.0,1.0,1.0,2.0,7.0,2.0,1.0,1.0,0.0,1000.0,6.0,3.0,1.0,0.0,,,,,,,,.,,,.,,media\1552723800938-5.jpg,2.0,uuid:ce45f012-0ff6-40ae-820d-7ca67ab26222,,,,,,28 Jan 2021,2021-01-28,1.0,475.0,,,445.0,,,0.0,,,,,,,,,,,,,,
20249.0,2019-03-07,uuid:0c1979ba-3955-48c6-a9b2-c826ab334acd,2019-03-07 09:50:05,2019-03-07 10:14:32,3,20249.0,,1.0,,,2.0,40.0,LULUWA,46.0,,3.0,,0.0,1984.0,Ndesha,Kamilabi,1.0,4.0,KAZUMBA,1.0,,,,150000.0,35000.0,0.0,0.0,0.0,0.0,0.0,0.0,1.0,5.0,3.0,3.0,OK,1.0,1.0,1.0,0.0,OK,3.0,3.0,OK,3.0,4.0,.,.,5.0,5.0,1.0,3.0,1.0,2.0,2.0,2.0,2.0,1.0,2.0,1.0,1.0,1.0,1.0,1.0,1.0,1.0,1.0,1.0,,1.0,1.0,1.0,1.0,1.0,4.0,5.0,1.0,4.0,1.0,400.0,600.0,7.0,5.0,3.0,0.0,,,,,,,,.,,,.,,media\1551950044144-3.jpg,2.0,uuid:0c1979ba-3955-48c6-a9b2-c826ab334acd,,,,,,28 Jan 2021,2021-01-28,1.0,437.0,,,445.0,,,0.0,,,,,,,,,,,,,,
20249.0,2019-03-07,uuid:2a27cd6c-7524-46b3-b924-7ea23109d9d1,2019-03-07 09:34:06,2019-03-07 09:48:24,2,20249.0,1.0,,,,,,,,,,,,,,,,,,,,,,,,,,,,,,,,,,OK,1.0,1.0,0.0,0.0,OK,4.0,4.0,OK,4.0,4.0,.,.,5.0,3.0,1.0,1.0,1.0,,,,,,,,,,,,,,,,,,,,,,,,2.0,2.0,1.0,1000.0,0.0,7.0,5.0,0.0,0.0,,,,,,,,.,,,.,,media\1551948443079-3.jpg,2.0,uuid:2a27cd6c-7524-46b3-b924-7ea23109d9d1,,,,,,28 Jan 2021,2021-01-28,1.0,634.0,634.0,1034.0,,0.0,,,,,,,,,,,,,,1.0,1.0,
20798.0,2019-03-22,uuid:f746f417-5003-4355-9dc9-29b49b2d44b4,2019-03-22 13:45:36,2019-03-22 18:54:41,3,20798.0,,1.0,,,1.0,53.0,LULUWA,19.0,,3.0,,0.0,1985.0,Ndesha,Kamilabi,1.0,4.0,DIBAYA,17.0,,,,100000.0,7500.0,0.0,0.0,1.0,0.0,0.0,1.0,0.0,9.0,4.0,3.0,OK,1.0,1.0,1.0,1.0,OK,2.0,1.0,OK,1.0,1.0,.,.,5.0,4.0,2.0,2.0,2.0,1.0,3.0,4.0,2.0,2.0,2.0,2.0,1.0,1.0,1.0,1.0,3.0,1.0,1.0,1.0,,1.0,1.0,3.0,4.0,3.0,1.0,5.0,2.0,3.0,1.0,100.0,900.0,10.0,5.0,3.0,2.0,,,,,,,,.,,,.,,media\1553259903636-2.jpg,2.0,uuid:f746f417-5003-4355-9dc9-29b49b2d44b4,,,,,,28 Jan 2021,2021-01-28,1.0,,,,445.0,,,0.0,,,,,,,,,,,,,,
20798.0,2019-03-23,uuid:c4de8de8-bfe1-4bd7-b5ce-9d10d334617f,2019-03-23 09:47:30,2019-03-23 10:22:28,2,20798.0,1.0,,,,,,,,,,,,,,,,,,,,,,,,,,,,,,,,,,OK,1.0,1.0,0.0,1.0,OK,1.0,2.0,OK,2.0,2.0,.,.,5.0,3.0,3.0,2.0,2.0,,,,,,,,,,,,,,,,,,,,,,,,2.0,2.0,1.0,700.0,300.0,10.0,6.0,5.0,3.0,,,,,,,,.,,,.,,media\1553331865182-2.jpg,2.0,uuid:c4de8de8-bfe1-4bd7-b5ce-9d10d334617f,,,,,,28 Jan 2021,2021-01-28,1.0,737.0,737.0,1137.0,,0.0,,,,,,,,,,,,,,,,
20812.0,2019-03-07,uuid:405154ad-6a65-4fdd-8283-4bdb9ee6c0b2,2019-03-07 08:06:12,2019-03-07 08:57:05,3,20812.0,,1.0,,,1.0,45.0,LULUWA,,Bena MUKANGALA,3.0,,1.0,,Ndesha,Kamilabi,1.0,4.0,KANANGA,22.0,,,,70000.0,24000.0,0.0,0.0,0.0,0.0,0.0,0.0,1.0,4.0,3.0,6.0,OK,1.0,1.0,1.0,1.0,OK,2.0,2.0,OK,2.0,2.0,.,.,3.0,3.0,1.0,3.0,2.0,1.0,2.0,4.0,1.0,1.0,1.0,1.0,1.0,1.0,1.0,1.0,1.0,1.0,1.0,0.0,1.0,1.0,1.0,1.0,1.0,1.0,1.0,4.0,2.0,1.0,2.0,700.0,300.0,5.0,4.0,3.0,1.0,,,,,,,,.,,,.,,media\1551943236602-2.jpg,2.0,uuid:405154ad-6a65-4fdd-8283-4bdb9ee6c0b2,,,,,,28 Jan 2021,2021-01-28,1.0,,,,445.0,,,0.0,,,,,,,,,,,,,,
20812.0,2019-03-22,uuid:0b61c661-a30b-4450-bab2-fb1f69719ee3,2019-03-22 15:05:11,2019-03-22 15:40:04,2,20812.0,1.0,,,,,,,,,,,,,,,,,,,,,,,,,,,,,,,,,,OK,1.0,1.0,1.0,0.0,OK,1.0,1.0,OK,1.0,1.0,.,.,3.0,3.0,4.0,3.0,1.0,,,,,,,,,,,,,,,,,,,,,,,,1.0,1.0,2.0,800.0,200.0,8.0,5.0,2.0,1.0,,,,,,,,.,,,.,,media\1553263818462-2.jpg,2.0,uuid:0b61c661-a30b-4450-bab2-fb1f69719ee3,,,,,,28 Jan 2021,2021-01-28,1.0,729.0,729.0,1129.0,,0.0,,,,,,,,,,,,,,,,
20890.0,2019-03-15,uuid:5ee5ddba-aa13-4af0-97f8-3b6848a230d3,2019-03-15 14:34:12,2019-03-15 14:58:03,2,20890.0,1.0,,,,,,,,,,,,,,,,,,,,,,,,,,,,,,,,,,OK,1.0,1.0,0.0,1.0,OK,1.0,1.0,OK,2.0,2.0,.,.,3.0,3.0,3.0,3.0,2.0,,,,,,,,,,,,,,,,,,,,,,,,1.0,1.0,1.0,0.0,1000.0,3.0,2.0,1.0,0.0,,,,,,,,.,,,.,,media\1552657164304-2.jpg,2.0,uuid:5ee5ddba-aa13-4af0-97f8-3b6848a230d3,,,,,,28 Jan 2021,2021-01-28,1.0,670.0,670.0,1070.0,,0.0,,,,,,,,,,,,,,,,
20890.0,2019-03-15,uuid:f9b10ef7-cafa-44a2-a725-93cc5dee7abb,2019-03-15 13:16:18,2019-03-15 13:50:04,3,20890.0,,1.0,,,1.0,57.0,LULUWA,41.0,,3.0,,0.0,1969.0,Ndesha,Kamilabi,1.0,4.0,DEMBA,11.0,,,,200000.0,50000.0,0.0,0.0,0.0,0.0,0.0,0.0,1.0,2.0,3.0,6.0,OK,1.0,1.0,0.0,1.0,OK,1.0,1.0,OK,2.0,2.0,.,.,2.0,2.0,3.0,3.0,1.0,1.0,1.0,1.0,1.0,1.0,1.0,1.0,2.0,2.0,2.0,2.0,8.0,8.0,4.0,0.0,4.0,1.0,1.0,1.0,3.0,2.0,1.0,3.0,1.0,2.0,2.0,0.0,1000.0,3.0,2.0,1.0,0.0,,,,,,,,.,,,.,,media\1552653120582-2.jpg,2.0,uuid:f9b10ef7-cafa-44a2-a725-93cc5dee7abb,,,,,,28 Jan 2021,2021-01-28,1.0,468.0,,,445.0,,,0.0,,,,,,,,,,,,,,
21086.0,2019-03-16,uuid:746d6660-5df4-4964-811e-42103e0db637,2019-03-16 10:33:07,2019-03-16 11:10:03,3,21086.0,,1.0,,,1.0,62.0,LULUWA,37.0,,1.0,,0.0,1958.0,Ndesha,Ndesha,1.0,4.0,DEMBA,,Retraité de l'Unibra,,,160000.0,20000.0,1.0,0.0,1.0,1.0,1.0,0.0,0.0,4.0,4.0,2.0,OK,1.0,1.0,1.0,1.0,OK,1.0,1.0,OK,1.0,1.0,.,.,4.0,4.0,3.0,3.0,2.0,2.0,3.0,4.0,2.0,2.0,2.0,4.0,1.0,2.0,2.0,1.0,5.0,4.0,1.0,1.0,,4.0,1.0,1.0,1.0,1.0,1.0,3.0,1.0,1.0,2.0,1000.0,0.0,6.0,4.0,3.0,2.0,,,,,,,,.,,,.,,media\1552730437678-4.jpg,2.0,uuid:746d6660-5df4-4964-811e-42103e0db637,,,,,,28 Jan 2021,2021-01-28,1.0,,,,445.0,,,0.0,,,,,,,,,,,,,,
21086.0,2019-03-18,uuid:ebeaf580-20d8-4140-9883-dc7c8e448dc0,2019-03-18 13:15:14,2019-03-18 13:46:02,2,21086.0,1.0,,,,,,,,,,,,,,,,,,,,,,,,,,,,,,,,,,OK,1.0,1.0,1.0,1.0,OK,1.0,1.0,OK,1.0,1.0,.,.,3.0,3.0,3.0,3.0,2.0,,,,,,,,,,,,,,,,,,,,,,,,2.0,2.0,1.0,500.0,500.0,9.0,6.0,5.0,4.0,,,,,,,,.,,,.,,media\1552912396994-3.jpg,2.0,uuid:ebeaf580-20d8-4140-9883-dc7c8e448dc0,,,,,,28 Jan 2021,2021-01-28,1.0,720.0,720.0,1120.0,,0.0,,,,,,,,,,,,,,,,
21256.0,2018-05-31,uuid:7844e770-7737-4a38-ac8a-a775a69a8788,2018-05-31 08:38:37,,2,21256.0,1.0,,,,,,.,,.,,.,,,.,.,,,.,,.,,.,,,0.0,0.0,0.0,0.0,0.0,0.0,0.0,,,,OK,1.0,1.0,1.0,1.0,OK,1.0,1.0,OK,1.0,1.0,.,.,5.0,5.0,3.0,3.0,2.0,,,,,,,,,,,,,,,,,,,,,,,,2.0,2.0,2.0,700.0,300.0,10.0,8.0,5.0,5.0,,.,,,,,,.,,,.,,media\1527750490063.jpg,2.0,uuid:7844e770-7737-4a38-ac8a-a775a69a8788,1.0,,,,,28 Jan 2021,2021-01-28,1.0,213.0,213.0,613.0,,0.0,,,,,,,,,,,,,,1.0,1.0,N.U.
21256.0,2018-06-13,uuid:f4176139-6f7e-4194-a468-fa2f9d0c2b8a,2018-06-13 12:06:08,2018-06-13 12:34:12,3,21256.0,,1.0,,,1.0,52.0,LUNTU,,Lubi,3.0,,1.0,,Ndesha,Ndesha,1.0,4.0,DIMBELENGE,9.0,,,,93000.0,21000.0,0.0,0.0,0.0,1.0,0.0,0.0,0.0,5.0,3.0,6.0,OK,1.0,1.0,1.0,1.0,OK,1.0,1.0,OK,1.0,1.0,.,.,4.0,5.0,3.0,3.0,2.0,1.0,3.0,4.0,1.0,1.0,1.0,1.0,1.0,1.0,1.0,1.0,1.0,1.0,1.0,1.0,,4.0,3.0,1.0,1.0,1.0,2.0,4.0,1.0,1.0,2.0,200.0,800.0,8.0,7.0,7.0,6.0,,,,,,,,.,,,.,,media\1528885868778-2.jpg,2.0,uuid:f4176139-6f7e-4194-a468-fa2f9d0c2b8a,,,,,,28 Jan 2021,2021-01-28,1.0,164.0,,,445.0,,,0.0,,,,,,,,,,1.0,,,1.0,
21432.0,2018-06-05,uuid:aac61b78-8941-40f1-81d6-1b7309b2c6b9,2018-06-05 13:03:53,2018-06-05 13:28:50,2,21432.0,1.0,,,,,,.,,.,,.,,,.,.,,,.,,.,,.,,,0.0,0.0,0.0,0.0,0.0,0.0,0.0,,,,OK,1.0,1.0,0.0,0.0,OK,2.0,2.0,OK,2.0,1.0,.,.,3.0,4.0,2.0,2.0,2.0,,,,,,,,,,,,,,,,,,,,,,,,1.0,2.0,2.0,700.0,300.0,10.0,8.0,7.0,6.0,,.,,,,,,.,,,.,,media\1528198034780.jpg,2.0,uuid:aac61b78-8941-40f1-81d6-1b7309b2c6b9,3.0,1.0,,,,28 Jan 2021,2021-01-28,1.0,258.0,258.0,658.0,,0.0,,,,,,,,,,,,,,,,N.U.
21589.0,2018-06-20,uuid:e6c5189e-c3f4-4cca-bb86-ab6a688ab6c9,2018-06-20 16:30:12,2018-06-20 17:19:43,2,21589.0,1.0,,,,,,,,,,,,,,,,,,,,,,,,,,,,,,,,,,OK,1.0,1.0,0.0,0.0,OK,2.0,3.0,OK,2.0,3.0,.,.,4.0,4.0,3.0,2.0,1.0,,,,,,,,,,,,,,,,,,,,,,,,2.0,2.0,2.0,1000.0,0.0,9.0,4.0,3.0,1.0,,,,,,,,.,,,.,,media\1529507799311-2.jpg,2.0,uuid:e6c5189e-c3f4-4cca-bb86-ab6a688ab6c9,,,,,,28 Jan 2021,2021-01-28,1.0,396.0,396.0,796.0,,0.0,,,,,,,,,,,,,,,,
21595.0,2018-11-30,uuid:4f3c9d11-1a48-44fa-9f95-c3554cb6078e,2018-11-30 08:54:54,2018-11-30 09:07:29,2,21595.0,1.0,,,,,,,,,,,,,,,,,,,,,,,,,,,,,,,,,,OK,1.0,1.0,0.0,0.0,OK,4.0,4.0,OK,4.0,4.0,.,.,3.0,3.0,3.0,3.0,2.0,,,,,,,,,,,,,,,,,,,,,,,,2.0,2.0,2.0,800.0,200.0,6.0,5.0,4.0,3.0,,,,,,,,.,,,.,,media\1543565221302-2.jpg,2.0,uuid:4f3c9d11-1a48-44fa-9f95-c3554cb6078e,,,,,,28 Jan 2021,2021-01-28,1.0,500.0,500.0,900.0,,0.0,,,,,,,,,,,,,,,,
21595.0,2019-02-27,uuid:1b7dce52-2901-42bb-b6ee-c03b7adbbab6,2019-02-27 12:37:13,2019-02-27 13:20:25,3,21595.0,,1.0,,,1.0,33.0,LULUWA,22.0,,3.0,,1.0,,Lukonga,Lumumba1,1.0,4.0,DEMBA,4.0,,,,180000.0,10000.0,0.0,0.0,1.0,0.0,0.0,0.0,0.0,2.0,3.0,6.0,OK,1.0,1.0,0.0,1.0,OK,1.0,2.0,OK,1.0,1.0,.,.,4.0,3.0,3.0,3.0,2.0,1.0,2.0,2.0,2.0,2.0,2.0,1.0,1.0,1.0,1.0,1.0,1.0,1.0,1.0,0.0,4.0,1.0,1.0,1.0,1.0,1.0,2.0,4.0,1.0,1.0,2.0,800.0,200.0,10.0,9.0,7.0,5.0,,,,,,,,.,,,.,,media\1551269349288-2.jpg,2.0,uuid:1b7dce52-2901-42bb-b6ee-c03b7adbbab6,,,,,,28 Jan 2021,2021-01-28,1.0,,,,445.0,,,0.0,,,,,,,,,,,,,,
21647.0,2018-05-31,uuid:147b6d3e-be15-4c09-b4c4-56362baaa096,2018-05-31 17:39:54,,2,21647.0,1.0,,,,,,.,,.,,.,,,.,.,,,.,,.,,.,,,0.0,0.0,0.0,0.0,0.0,0.0,0.0,,,,OK,0.0,0.0,0.0,0.0,OK,1.0,1.0,OK,2.0,2.0,.,.,3.0,3.0,3.0,4.0,2.0,,,,,,,,,,,,,,,,,,,,,,,,4.0,1.0,2.0,0.0,1000.0,6.0,5.0,4.0,3.0,,.,,,,,,.,,,.,,media\1527783537782.jpg,1.0,uuid:147b6d3e-be15-4c09-b4c4-56362baaa096,1.0,,,,,28 Jan 2021,2021-01-28,1.0,223.0,223.0,623.0,,0.0,,,,,,,,,,,,,,,,N.U.
21647.0,2018-07-20,uuid:83669c88-52bf-4dfb-8cd1-cb66e8f7ef16,2018-07-20 15:40:29,2018-07-20 16:11:10,3,21647.0,,1.0,,,2.0,47.0,LULUWA,,Bakua beya,3.0,,0.0,1993.0,Lukonga,Lumumba,0.0,4.0,DEMBA,1.0,,,,96000.0,15000.0,0.0,0.0,0.0,0.0,0.0,0.0,1.0,3.0,3.0,6.0,OK,1.0,1.0,0.0,1.0,OK,2.0,1.0,OK,1.0,1.0,.,.,5.0,5.0,2.0,3.0,1.0,1.0,1.0,4.0,4.0,2.0,1.0,1.0,3.0,3.0,3.0,1.0,3.0,3.0,3.0,0.0,4.0,1.0,1.0,1.0,1.0,1.0,1.0,4.0,2.0,2.0,2.0,0.0,1000.0,10.0,9.0,7.0,5.0,,,,,,,,.,,,.,,media\1532095825626-2.jpg,2.0,uuid:83669c88-52bf-4dfb-8cd1-cb66e8f7ef16,,,,,,28 Jan 2021,2021-01-28,1.0,,,,445.0,,,0.0,,,,,,,,,,,,,,
21785.0,2018-06-12,uuid:532a9055-427f-446d-a94d-bb87a30c9887,2018-06-12 11:10:59,2018-06-12 11:44:38,2,21785.0,1.0,,,,,,,,,,,,,,,,,,,,,,,,,,,,,,,,,,OK,1.0,1.0,1.0,1.0,OK,2.0,2.0,OK,2.0,2.0,.,.,5.0,5.0,2.0,3.0,2.0,,,,,,,,,,,,,,,,,,,,,,,,1.0,2.0,2.0,800.0,200.0,10.0,9.0,7.0,5.0,,,,,,,,.,,,.,,media\1528796657443-2.jpg,2.0,uuid:532a9055-427f-446d-a94d-bb87a30c9887,,,,,,28 Jan 2021,2021-01-28,1.0,332.0,332.0,732.0,,0.0,,,,,,,,,,,,,,,,
21785.0,2019-03-15,uuid:99119a94-4c4f-4026-b043-6c5e3446beee,2019-03-15 15:11:13,,3,21785.0,,1.0,,,1.0,52.0,LULUWA,,Bakua mputu,2.0,,1.0,,Lukonga,Lumumba,0.0,4.0,DEMBA,4.0,,,,80000.0,18000.0,0.0,0.0,1.0,0.0,0.0,0.0,0.0,7.0,2.0,4.0,OK,1.0,1.0,1.0,1.0,OK,2.0,2.0,OK,2.0,3.0,.,.,3.0,3.0,3.0,3.0,1.0,1.0,1.0,1.0,2.0,2.0,1.0,2.0,3.0,3.0,5.0,4.0,4.0,5.0,5.0,1.0,,2.0,3.0,3.0,3.0,3.0,4.0,3.0,3.0,3.0,2.0,500.0,500.0,0.0,1.0,5.0,3.0,,,,,,,,.,,,.,,media\1552660709216-2.jpg,2.0,uuid:99119a94-4c4f-4026-b043-6c5e3446beee,,,,,,28 Jan 2021,2021-01-28,1.0,,,,445.0,,,0.0,1.0,1.0,1.0,1.0,1.0,,,,,,,,1.0,
21845.0,2018-06-08,uuid:442ed93f-eb58-4fef-842d-9c8c8df5d09f,2018-06-08 09:14:44,2018-06-08 09:47:22,2,21845.0,1.0,,,,,,.,,.,,.,,,.,.,,,.,,.,,.,,,0.0,0.0,0.0,0.0,0.0,0.0,0.0,,,,OK,0.0,0.0,1.0,1.0,OK,1.0,2.0,OK,2.0,2.0,.,.,5.0,3.0,3.0,3.0,2.0,,,,,,,,,,,,,,,,,,,,,,,,4.0,4.0,2.0,0.0,1000.0,10.0,8.0,7.0,3.0,,.,,,,,,.,,,.,,media\1528443666425.jpg,1.0,uuid:442ed93f-eb58-4fef-842d-9c8c8df5d09f,1.0,1.0,,,,28 Jan 2021,2021-01-28,1.0,287.0,287.0,687.0,,0.0,,,,,,,,,,,,,,,,N.U.
21985.0,2018-06-05,uuid:283da6e6-1cb0-477f-840f-4ee46962ca84,2018-06-05 08:25:02,2018-06-05 09:03:05,2,21985.0,1.0,,,,,,.,,.,,.,,,.,.,,,.,,.,,.,,,0.0,0.0,0.0,0.0,0.0,0.0,0.0,,,,OK,1.0,1.0,0.0,0.0,OK,1.0,1.0,OK,1.0,1.0,.,.,5.0,4.0,1.0,2.0,2.0,,,,,,,,,,,,,,,,,,,,,,,,1.0,1.0,2.0,500.0,500.0,8.0,7.0,6.0,5.0,,.,,,,,,.,,,.,,media\1528180538971.jpg,2.0,uuid:283da6e6-1cb0-477f-840f-4ee46962ca84,1.0,1.0,,,,28 Jan 2021,2021-01-28,1.0,253.0,253.0,653.0,,0.0,,,,,,,,,,,,,,,,N.U.
21985.0,2018-06-13,uuid:43d33ac8-fd7d-4dc2-a719-be3da679c60c,2018-06-13 08:18:24,2018-06-13 08:57:05,3,21985.0,,1.0,,,1.0,48.0,LULUWA,,Bakua mbayi,2.0,,0.0,1980.0,Ndesha,Ndesha,1.0,4.0,DEMBA,4.0,,,,320000.0,18000.0,0.0,0.0,1.0,0.0,0.0,0.0,0.0,2.0,4.0,2.0,OK,1.0,1.0,0.0,1.0,OK,1.0,1.0,OK,1.0,1.0,.,.,4.0,5.0,2.0,3.0,2.0,2.0,2.0,4.0,2.0,2.0,2.0,2.0,2.0,2.0,2.0,2.0,2.0,2.0,2.0,1.0,,4.0,1.0,1.0,1.0,1.0,4.0,3.0,1.0,1.0,2.0,1000.0,0.0,8.0,7.0,5.0,4.0,,,,,,,,.,,,.,,media\1528871873543-2.jpg,2.0,uuid:43d33ac8-fd7d-4dc2-a719-be3da679c60c,,,,,,28 Jan 2021,2021-01-28,1.0,152.0,,,445.0,,1.0,0.0,,,,,,,,,,,,,,
21985.0,2018-10-18,uuid:582da30e-3208-403b-8004-3cbb7173141f,2018-10-18 09:10:14,2018-10-18 10:31:20,3,21985.0,,1.0,,,2.0,37.0,LULUWA,46.0,,2.0,,1.0,,Ndesha,Ndesha,1.0,4.0,KANANGA,4.0,,,,100000.0,15000.0,0.0,0.0,0.0,1.0,0.0,0.0,0.0,2.0,3.0,1.0,OK,1.0,1.0,0.0,1.0,OK,2.0,3.0,OK,3.0,3.0,.,.,3.0,3.0,3.0,3.0,2.0,1.0,1.0,1.0,1.0,1.0,1.0,1.0,1.0,1.0,1.0,1.0,1.0,1.0,1.0,0.0,2.0,1.0,1.0,1.0,1.0,1.0,1.0,5.0,1.0,1.0,3.0,500.0,500.0,6.0,5.0,4.0,3.0,,,,,,,,.,,,.,,media\1539847820905-2.jpg,2.0,uuid:582da30e-3208-403b-8004-3cbb7173141f,,,,,,28 Jan 2021,2021-01-28,1.0,273.0,,,445.0,,,0.0,,,,,,,,,,,,,,
22088.0,2018-06-07,uuid:f0de6648-b14b-4d63-8309-acef90ce4875,2018-06-07 10:03:29,2018-06-07 10:32:13,2,22088.0,1.0,,,,,,.,,.,,.,,,.,.,,,.,,.,,.,,,0.0,0.0,0.0,0.0,0.0,0.0,0.0,,,,OK,1.0,1.0,0.0,1.0,OK,2.0,2.0,OK,2.0,1.0,.,.,5.0,5.0,3.0,3.0,2.0,,,,,,,,,,,,,,,,,,,,,,,,2.0,1.0,2.0,500.0,500.0,7.0,6.0,5.0,4.0,,.,,,,,,.,,,.,,media\1528360301419.jpg,2.0,uuid:f0de6648-b14b-4d63-8309-acef90ce4875,2.0,1.0,,,,28 Jan 2021,2021-01-28,1.0,274.0,274.0,674.0,,0.0,,,,,,,,,,,,,,,,N.U.
22289.0,2018-06-12,uuid:69ed7fd8-3b88-4cf3-8091-e51dc677e8e4,2018-06-12 14:39:09,2018-06-12 15:58:19,2,22289.0,1.0,,,,,,,,,,,,,,,,,,,,,,,,,,,,,,,,,,OK,1.0,1.0,0.0,0.0,OK,2.0,1.0,OK,4.0,4.0,.,.,3.0,3.0,4.0,3.0,2.0,,,,,,,,,,,,,,,,,,,,,,,,2.0,1.0,2.0,1000.0,0.0,5.0,3.0,1.0,0.0,,,,,,,,.,,,.,,media\1528808410194-2.jpg,2.0,uuid:69ed7fd8-3b88-4cf3-8091-e51dc677e8e4,,,,,,28 Jan 2021,2021-01-28,1.0,342.0,342.0,742.0,,0.0,,,,,,,,,,,,,,,,
22387.0,2018-06-12,uuid:f1a6a33e-38a0-430e-aa6e-8387674bedbd,2018-06-12 12:20:58,2018-06-12 12:37:17,2,22387.0,1.0,,,,,,,,,,,,,,,,,,,,,,,,,,,,,,,,,,OK,1.0,1.0,1.0,0.0,OK,1.0,1.0,OK,1.0,1.0,.,.,5.0,5.0,3.0,3.0,2.0,,,,,,,,,,,,,,,,,,,,,,,,1.0,2.0,2.0,700.0,300.0,3.0,2.0,1.0,0.0,,,,,,,,.,,,.,,media\1528799765077-2.jpg,2.0,uuid:f1a6a33e-38a0-430e-aa6e-8387674bedbd,,,,,,28 Jan 2021,2021-01-28,1.0,337.0,337.0,737.0,,0.0,,,,,,,,,,,,,,,,
22387.0,2019-03-21,uuid:936770bd-92fa-4ba3-9a93-299078d21293,2019-03-21 10:18:49,2019-03-21 10:48:52,3,22387.0,,1.0,,,1.0,36.0,LULUWA,27.0,,3.0,,1.0,,Lukonga,Dikongayi,1.0,4.0,DEMBA,20.0,,,,14000.0,5000.0,0.0,0.0,1.0,0.0,0.0,1.0,0.0,3.0,4.0,3.0,OK,1.0,1.0,1.0,1.0,OK,2.0,2.0,OK,1.0,2.0,.,.,3.0,3.0,1.0,3.0,1.0,1.0,1.0,2.0,2.0,2.0,2.0,2.0,1.0,1.0,1.0,1.0,1.0,1.0,1.0,0.0,2.0,1.0,1.0,4.0,1.0,1.0,3.0,4.0,1.0,1.0,1.0,800.0,200.0,3.0,2.0,1.0,0.0,,,,,,,,.,,,.,,media\1553161690776-2.jpg,2.0,uuid:936770bd-92fa-4ba3-9a93-299078d21293,,,,,,28 Jan 2021,2021-01-28,1.0,,,,445.0,,,0.0,,,,,,,,,,,,,,
22510.0,2018-06-01,uuid:6fd34010-bfbd-435d-8686-8d6e6700b7c4,2018-06-01 15:25:23,2018-06-01 15:51:48,2,22510.0,1.0,,,,,,.,,.,,.,,,.,.,,,.,,.,,.,,,0.0,0.0,0.0,0.0,0.0,0.0,0.0,,,,OK,1.0,1.0,1.0,1.0,OK,1.0,1.0,OK,2.0,1.0,.,.,5.0,5.0,3.0,3.0,1.0,,,,,,,,,,,,,,,,,,,,,,,,2.0,2.0,2.0,800.0,200.0,7.0,5.0,4.0,3.0,,.,,,,,,.,,,.,,media\1527860941880.jpg,2.0,uuid:6fd34010-bfbd-435d-8686-8d6e6700b7c4,2.0,,,,,28 Jan 2021,2021-01-28,1.0,231.0,231.0,631.0,,0.0,,,,,,,,,,,,,,,,N.U.
22510.0,2018-06-12,uuid:9139be80-553b-4fa5-ab9e-0b9c82040db1,2018-06-12 11:40:03,2018-06-12 16:03:33,3,22510.0,,1.0,,,1.0,22.0,LULUWA,36.0,,,Assemblé chretienne,0.0,2007.0,Lukonga,Abatoire,1.0,4.0,DIBAYA,,Relait communautaire,,,97000.0,15000.0,0.0,0.0,1.0,1.0,0.0,0.0,0.0,5.0,4.0,2.0,OK,1.0,1.0,1.0,1.0,OK,1.0,1.0,OK,1.0,2.0,.,.,5.0,5.0,1.0,3.0,1.0,2.0,2.0,2.0,2.0,2.0,2.0,4.0,1.0,1.0,1.0,1.0,1.0,2.0,1.0,1.0,,1.0,2.0,1.0,1.0,1.0,2.0,3.0,1.0,1.0,2.0,600.0,400.0,8.0,5.0,4.0,3.0,,,,,,,,.,,,.,,media\1528798258267-2.jpg,1.0,uuid:9139be80-553b-4fa5-ab9e-0b9c82040db1,,,,,,28 Jan 2021,2021-01-28,1.0,136.0,,,445.0,,,0.0,,,,,,,,,,,,,,
22584.0,2019-02-28,uuid:0668b505-e0af-459a-be00-e126408e5df9,2019-02-28 10:05:05,2019-02-28 10:32:37,2,22584.0,1.0,,,,,,,,,,,,,,,,,,,,,,,,,,,,,,,,,,OK,1.0,1.0,0.0,1.0,OK,3.0,2.0,OK,3.0,3.0,.,.,5.0,4.0,3.0,3.0,2.0,,,,,,,,,,,,,,,,,,,,,,,,3.0,2.0,2.0,500.0,500.0,10.0,5.0,4.0,1.0,,,,,,,,.,,,.,,media\1551345654212-2.jpg,2.0,uuid:0668b505-e0af-459a-be00-e126408e5df9,,,,,,28 Jan 2021,2021-01-28,1.0,549.0,549.0,949.0,,0.0,,,,,,,,,,,,,,,,
22584.0,2019-03-15,uuid:8df1c0dd-790f-4966-9e22-bb7f7d0a983b,2019-03-15 13:26:09,2019-03-15 13:53:28,3,22584.0,,1.0,,,1.0,51.0,LULUWA,19.0,,1.0,,1.0,,Lukonga,Dikongayi,1.0,4.0,DIBAYA,,Constructeur,,,70000.0,50000.0,0.0,0.0,0.0,0.0,0.0,0.0,1.0,4.0,2.0,5.0,OK,1.0,1.0,1.0,1.0,OK,1.0,1.0,OK,1.0,2.0,.,.,3.0,3.0,3.0,3.0,2.0,2.0,2.0,3.0,1.0,2.0,2.0,2.0,2.0,2.0,2.0,2.0,2.0,2.0,1.0,1.0,,2.0,2.0,2.0,2.0,2.0,1.0,4.0,2.0,2.0,2.0,400.0,600.0,10.0,8.0,5.0,4.0,,,,,,,,.,,,.,,media\1552654336789-2.jpg,2.0,uuid:8df1c0dd-790f-4966-9e22-bb7f7d0a983b,,,,,,28 Jan 2021,2021-01-28,1.0,,,,445.0,,,0.0,,,,,,,,,,,,,,
22950.0,2018-05-31,uuid:e829b7fb-298e-4437-8eef-73b4c80bcb30,2018-05-31 12:29:10,,2,22950.0,1.0,,,,,,.,,.,,.,,,.,.,,,.,,.,,.,,,0.0,0.0,0.0,0.0,0.0,0.0,0.0,,,,OK,1.0,1.0,1.0,0.0,OK,1.0,2.0,OK,2.0,2.0,.,.,5.0,5.0,2.0,1.0,2.0,,,,,,,,,,,,,,,,,,,,,,,,2.0,2.0,2.0,500.0,500.0,10.0,10.0,5.0,4.0,,.,,,,,,.,,,.,,media\1527763906921.jpg,2.0,uuid:e829b7fb-298e-4437-8eef-73b4c80bcb30,1.0,,,,,28 Jan 2021,2021-01-28,1.0,217.0,217.0,617.0,,0.0,,,,,,,,,1.0,,,,,,1.0,N.U.
22950.0,2018-06-14,uuid:784e20b4-0d02-4b4a-8160-89aaf22ae048,2018-06-14 16:15:09,,3,22950.0,,1.0,,,1.0,64.0,LULUWA,,Bakua kunda,1.0,,0.0,1960.0,Lukonga,Dikongayi,1.0,4.0,DEMBA,23.0,,,,62000.0,14000.0,0.0,0.0,0.0,0.0,0.0,0.0,1.0,4.0,3.0,3.0,OK,1.0,1.0,0.0,1.0,OK,1.0,1.0,OK,2.0,2.0,.,.,,,,,,,,,,,,,,,,,,,,,,,,,,,,,,,,,,,,,,,,,,,,,.,,,.,,,,uuid:784e20b4-0d02-4b4a-8160-89aaf22ae048,,,,,,28 Jan 2021,2021-01-28,0.0,191.0,,,,,,,,,,,,,1.0,1.0,1.0,1.0,1.0,1.0,1.0,
22952.0,2018-05-31,uuid:db02254b-e3d3-4379-b390-119e334be0c9,2018-05-31 13:34:59,,2,22952.0,1.0,,,,,,.,,.,,.,,,.,.,,,.,,.,,.,,,0.0,0.0,0.0,0.0,0.0,0.0,0.0,,,,OK,1.0,0.0,1.0,1.0,OK,1.0,1.0,OK,1.0,1.0,.,.,4.0,5.0,3.0,1.0,2.0,,,,,,,,,,,,,,,,,,,,,,,,1.0,1.0,2.0,200.0,800.0,8.0,6.0,5.0,3.0,,.,,,,,,.,,,.,,media\1527768513798.jpg,2.0,uuid:db02254b-e3d3-4379-b390-119e334be0c9,1.0,,,,,28 Jan 2021,2021-01-28,1.0,218.0,218.0,618.0,,0.0,,,,,,,,,,,,,,,,N.U.
22952.0,2018-06-13,uuid:82c8befc-745b-4b32-8e14-789648e8d4fa,2018-06-13 10:34:30,2018-06-13 11:14:10,3,22952.0,,1.0,,,1.0,53.0,LULUWA,47.0,,10.0,,1.0,,Lukonga,Dikongayi,1.0,4.0,DIBAYA,9.0,,,,155000.0,35000.0,1.0,0.0,1.0,1.0,0.0,1.0,0.0,7.0,4.0,2.0,OK,1.0,1.0,1.0,1.0,OK,1.0,1.0,OK,1.0,1.0,.,.,3.0,3.0,1.0,3.0,2.0,2.0,2.0,2.0,2.0,2.0,2.0,4.0,1.0,1.0,1.0,1.0,1.0,1.0,1.0,0.0,2.0,4.0,1.0,1.0,1.0,2.0,1.0,3.0,2.0,2.0,2.0,500.0,500.0,7.0,7.0,5.0,5.0,,,,,,,,.,,,.,,media\1528881208673-2.jpg,2.0,uuid:82c8befc-745b-4b32-8e14-789648e8d4fa,,,,,,28 Jan 2021,2021-01-28,1.0,,,,445.0,,,0.0,,,,,,,1.0,,,,,1.0,1.0,
23374.0,2018-06-12,uuid:9c61a055-7d2d-4d67-a9b7-483d15d73950,2018-06-12 09:03:17,2018-06-12 09:32:39,2,23374.0,1.0,,,,,,,,,,,,,,,,,,,,,,,,,,,,,,,,,,OK,0.0,0.0,0.0,1.0,OK,2.0,2.0,OK,2.0,2.0,.,.,5.0,5.0,3.0,3.0,2.0,,,,,,,,,,,,,,,,,,,,,,,,2.0,2.0,2.0,500.0,500.0,8.0,6.0,3.0,2.0,,,,,,,,.,,,.,,media\1528788719350-2.jpg,2.0,uuid:9c61a055-7d2d-4d67-a9b7-483d15d73950,,,,,,28 Jan 2021,2021-01-28,1.0,326.0,326.0,726.0,,0.0,,,,,,,,,,,,,,,,
23374.0,2019-03-06,uuid:8bc0c612-3d0d-4546-8a04-b24984e99df1,2019-03-06 09:51:28,2019-03-06 10:14:43,3,23374.0,,1.0,,,1.0,23.0,LULUWA,,Bakua tshinga,1.0,,1.0,,Ndesha,Dikongayi,1.0,4.0,DEMBA,4.0,,,,240000.0,21000.0,1.0,0.0,0.0,0.0,0.0,0.0,0.0,3.0,3.0,6.0,OK,1.0,1.0,1.0,0.0,OK,2.0,2.0,OK,2.0,2.0,.,.,5.0,5.0,3.0,3.0,1.0,2.0,2.0,4.0,2.0,2.0,2.0,2.0,1.0,1.0,1.0,1.0,1.0,1.0,1.0,1.0,,2.0,2.0,4.0,2.0,2.0,1.0,7.0,2.0,2.0,1.0,0.0,1000.0,10.0,9.0,8.0,7.0,,,,,,,,.,,,.,,media\1551863646509-2.jpg,2.0,uuid:8bc0c612-3d0d-4546-8a04-b24984e99df1,,,,,,28 Jan 2021,2021-01-28,1.0,419.0,,,445.0,,,0.0,,,,,,,,,,,,,,
23449.0,2018-06-05,uuid:38ee4abc-018c-4cb2-a9a0-461b6a177c32,2018-06-05 15:36:32,2018-06-05 16:04:02,2,23449.0,1.0,,,,,,.,,.,,.,,,.,.,,,.,,.,,.,,,0.0,0.0,0.0,0.0,0.0,0.0,0.0,,,,OK,1.0,1.0,1.0,0.0,OK,2.0,1.0,OK,4.0,4.0,.,.,5.0,3.0,3.0,3.0,1.0,,,,,,,,,,,,,,,,,,,,,,,,1.0,2.0,2.0,800.0,200.0,5.0,3.0,2.0,0.0,,.,,,,,,.,,,.,,media\1528206858148.jpg,2.0,uuid:38ee4abc-018c-4cb2-a9a0-461b6a177c32,1.0,1.0,,,,28 Jan 2021,2021-01-28,1.0,260.0,260.0,660.0,,0.0,,,,,,,,,,,,,,,,N.U.
23449.0,2019-02-26,uuid:94ce5f34-4d87-4a72-a1bb-6d2511128bf7,2019-02-26 07:44:52,2019-02-26 08:23:38,3,23449.0,,1.0,,,1.0,34.0,LULUWA,19.0,,1.0,,0.0,,Lukonga,Dikongayi,1.0,4.0,DIBAYA,,Journalier chez orange,,,48000.0,35000.0,0.0,0.0,0.0,0.0,0.0,0.0,1.0,10.0,3.0,6.0,OK,1.0,1.0,1.0,1.0,OK,2.0,1.0,OK,2.0,3.0,.,.,4.0,4.0,1.0,3.0,2.0,2.0,4.0,3.0,2.0,2.0,2.0,2.0,2.0,8.0,2.0,2.0,8.0,2.0,2.0,0.0,1.0,2.0,2.0,4.0,1.0,2.0,1.0,4.0,2.0,2.0,2.0,300.0,700.0,6.0,3.0,1.0,0.0,,,,,,,,.,,,.,,media\1551165731932-2.jpg,2.0,uuid:94ce5f34-4d87-4a72-a1bb-6d2511128bf7,,,,,,28 Jan 2021,2021-01-28,1.0,,,,445.0,,,0.0,,,,,,,,,,,,,,
23584.0,2019-02-28,uuid:a29ed5e5-37cf-49c3-bb73-92d1a94deb1c,2019-02-28 16:38:35,2019-02-28 17:01:02,2,23584.0,1.0,,,,,,,,,,,,,,,,,,,,,,,,,,,,,,,,,,OK,0.0,0.0,1.0,0.0,OK,2.0,1.0,OK,1.0,1.0,.,.,5.0,5.0,2.0,2.0,2.0,,,,,,,,,,,,,,,,,,,,,,,,2.0,2.0,2.0,600.0,400.0,5.0,3.0,2.0,0.0,,,,,,,,.,,,.,,media\1551369621490-4.jpg,2.0,uuid:a29ed5e5-37cf-49c3-bb73-92d1a94deb1c,,,,,,28 Jan 2021,2021-01-28,1.0,566.0,566.0,966.0,,0.0,,,,,,,,,,,,,,,,
23584.0,2019-03-07,uuid:81bee3be-12c5-445d-a4b2-4c60350e548e,2019-03-07 12:00:35,2019-03-07 18:19:55,3,23584.0,,1.0,,,1.0,54.0,LULUWA,19.0,,1.0,,1.0,,Lukonga,Dikongayi,0.0,4.0,DIBAYA,4.0,,,,30000.0,7000.0,0.0,0.0,0.0,1.0,0.0,0.0,0.0,4.0,3.0,7.0,OK,1.0,1.0,0.0,1.0,OK,1.0,1.0,OK,1.0,1.0,.,.,3.0,3.0,3.0,3.0,2.0,2.0,2.0,2.0,2.0,2.0,2.0,2.0,2.0,2.0,2.0,2.0,2.0,2.0,2.0,1.0,,1.0,1.0,1.0,1.0,1.0,1.0,3.0,1.0,2.0,1.0,450.0,550.0,10.0,7.0,5.0,4.0,,,,,,,,.,,,.,,media\1551958280772-2.jpg,2.0,uuid:81bee3be-12c5-445d-a4b2-4c60350e548e,,,,,,28 Jan 2021,2021-01-28,1.0,,,,445.0,,,0.0,,,,,,,,,,,,,,
23695.0,2018-06-22,uuid:11288f72-f774-42bb-90f6-651e1e761293,2018-06-22 09:03:21,2018-06-22 09:27:20,2,23695.0,1.0,,,,,,,,,,,,,,,,,,,,,,,,,,,,,,,,,,OK,1.0,1.0,1.0,1.0,OK,1.0,1.0,OK,1.0,1.0,.,.,3.0,3.0,3.0,3.0,2.0,,,,,,,,,,,,,,,,,,,,,,,,1.0,1.0,2.0,900.0,100.0,6.0,5.0,4.0,2.0,,,,,,,,.,,,.,,media\1529651606812-2.jpg,1.0,uuid:11288f72-f774-42bb-90f6-651e1e761293,,,,,,28 Jan 2021,2021-01-28,1.0,402.0,402.0,802.0,,0.0,,,,,,,,,,,,,,,,
23695.0,2019-03-07,uuid:91b10ece-727d-4b62-96af-ea0b6db5fed3,2019-03-07 13:22:10,2019-03-07 13:55:04,3,23695.0,,1.0,,,1.0,42.0,LULUWA,19.0,,2.0,,1.0,,Kananga,Kamulumba,1.0,4.0,DIBAYA,0.0,,7.0,,50000.0,15000.0,0.0,0.0,0.0,0.0,0.0,0.0,1.0,3.0,3.0,2.0,OK,1.0,1.0,0.0,1.0,OK,2.0,2.0,OK,2.0,2.0,.,.,4.0,3.0,3.0,3.0,1.0,1.0,1.0,1.0,1.0,1.0,1.0,1.0,1.0,2.0,2.0,2.0,2.0,1.0,1.0,1.0,,1.0,1.0,1.0,1.0,2.0,1.0,6.0,1.0,2.0,1.0,500.0,500.0,7.0,6.0,5.0,4.0,,,,,,,,.,,,.,,media\1551962064170-2.jpg,2.0,uuid:91b10ece-727d-4b62-96af-ea0b6db5fed3,,,,,,28 Jan 2021,2021-01-28,1.0,443.0,,,445.0,,,0.0,,,,,,,,,,,,,,
23844.0,2018-06-12,uuid:06624b06-90a0-4a3f-9ea1-fbd838961d9f,2018-06-12 10:07:51,2018-06-12 10:37:11,2,23844.0,1.0,,,,,,,,,,,,,,,,,,,,,,,,,,,,,,,,,,OK,0.0,0.0,0.0,1.0,OK,2.0,2.0,OK,2.0,2.0,.,.,5.0,3.0,3.0,3.0,2.0,,,,,,,,,,,,,,,,,,,,,,,,2.0,2.0,2.0,1000.0,0.0,10.0,9.0,7.0,6.0,,,,,,,,.,,,.,,media\1528792337633-2.jpg,2.0,uuid:06624b06-90a0-4a3f-9ea1-fbd838961d9f,,,,,,28 Jan 2021,2021-01-28,1.0,329.0,329.0,729.0,,0.0,,,,,,,,,,,,,,,,
23844.0,2018-06-21,uuid:f16f0787-b702-4f46-aab5-b75fa2e4c3e1,2018-06-21 11:21:15,2018-06-21 11:59:34,3,23844.0,,1.0,,,1.0,33.0,LULUWA,19.0,,3.0,,1.0,,Ndesha,Tshibandabanda,0.0,4.0,DIBAYA,0.0,,888.0,,40000.0,10000.0,0.0,0.0,1.0,1.0,0.0,0.0,0.0,5.0,4.0,2.0,OK,0.0,0.0,1.0,0.0,OK,2.0,2.0,OK,1.0,2.0,.,.,5.0,5.0,1.0,3.0,2.0,2.0,2.0,2.0,2.0,2.0,2.0,2.0,1.0,1.0,1.0,1.0,1.0,8.0,8.0,0.0,1.0,1.0,4.0,3.0,3.0,,1.0,4.0,2.0,2.0,2.0,200.0,800.0,10.0,9.0,7.0,0.0,,,,,,,,.,,,.,,media\1529574234680-2.jpg,2.0,uuid:f16f0787-b702-4f46-aab5-b75fa2e4c3e1,,,,,,28 Jan 2021,2021-01-28,1.0,,,,445.0,,,0.0,,,,,,,,,,,,,,
23845.0,2018-06-11,uuid:60efc7be-58ab-4b19-b126-1256e064942d,2018-06-11 14:48:16,2018-06-11 15:10:24,2,23845.0,1.0,,,,,,,,,,,,,,,,,,,,,,,,,,,,,,,,,,OK,0.0,0.0,0.0,0.0,OK,1.0,1.0,OK,3.0,3.0,.,.,5.0,5.0,4.0,3.0,2.0,,,,,,,,,,,,,,,,,,,,,,,,1.0,1.0,2.0,800.0,200.0,10.0,9.0,7.0,4.0,,,,,,,,.,,,.,,media\1528722591823-2.jpg,2.0,uuid:60efc7be-58ab-4b19-b126-1256e064942d,,,,,,28 Jan 2021,2021-01-28,1.0,315.0,315.0,715.0,,0.0,,,,,,,,,,,,,,,,
23845.0,2019-03-06,uuid:fe5a5dd2-62d1-47f2-9bd1-cbc180b14c01,2019-03-06 09:07:40,2019-03-06 09:27:56,3,23845.0,,1.0,,,2.0,19.0,LULUWA,20.0,,3.0,,0.0,2000.0,Ndesha,Tshibandabanda,1.0,4.0,DEMBA,4.0,,,,180000.0,420000.0,0.0,0.0,0.0,0.0,0.0,0.0,1.0,6.0,3.0,5.0,OK,1.0,1.0,0.0,1.0,OK,2.0,2.0,OK,2.0,2.0,.,.,3.0,4.0,3.0,3.0,2.0,2.0,4.0,4.0,4.0,2.0,4.0,2.0,1.0,1.0,3.0,1.0,3.0,8.0,1.0,0.0,1.0,1.0,1.0,2.0,2.0,2.0,1.0,1.0,1.0,2.0,2.0,500.0,500.0,5.0,4.0,2.0,0.0,,,,,,,,.,,,.,,media\1551860855375-2.jpg,2.0,uuid:fe5a5dd2-62d1-47f2-9bd1-cbc180b14c01,,,,,,28 Jan 2021,2021-01-28,1.0,,,,445.0,,,0.0,,,,,,,,,,,,,,
24044.0,2019-02-28,uuid:45759628-013e-40f0-89fb-4d5d23c18c43,2019-02-28 10:55:28,2019-02-28 11:50:44,3,24044.0,,1.0,,,1.0,21.0,LULUWA,19.0,,,Foi victorieuse,1.0,,Ndesha,Tshibandabanda,1.0,4.0,DIBAYA,27.0,,,,200000.0,30000.0,0.0,0.0,1.0,1.0,0.0,0.0,0.0,7.0,2.0,1.0,OK,1.0,1.0,0.0,1.0,OK,3.0,2.0,OK,2.0,2.0,.,.,5.0,3.0,3.0,3.0,2.0,2.0,3.0,4.0,3.0,3.0,4.0,2.0,2.0,1.0,2.0,1.0,2.0,2.0,1.0,1.0,,4.0,2.0,1.0,1.0,2.0,1.0,5.0,3.0,2.0,1.0,100.0,900.0,8.0,5.0,4.0,3.0,,,,,,,,.,,,.,,media\1551349478396-2.jpg,2.0,uuid:45759628-013e-40f0-89fb-4d5d23c18c43,,,,,,28 Jan 2021,2021-01-28,1.0,351.0,,,445.0,,,0.0,,,,,,,,,,,,,,
24085.0,2018-05-31,uuid:ce84d8d1-e39f-4ca2-a021-c8de3a3ecd8a,2018-05-31 14:34:54,,2,24085.0,1.0,,,,,,.,,.,,.,,,.,.,,,.,,.,,.,,,0.0,0.0,0.0,0.0,0.0,0.0,0.0,,,,OK,1.0,1.0,1.0,0.0,OK,2.0,2.0,OK,3.0,4.0,.,.,5.0,5.0,3.0,3.0,1.0,,,,,,,,,,,,,,,,,,,,,,,,3.0,2.0,2.0,500.0,500.0,4.0,3.0,2.0,0.0,,.,,,,,,.,,,.,,media\1527771408138.jpg,2.0,uuid:ce84d8d1-e39f-4ca2-a021-c8de3a3ecd8a,2.0,,,,,28 Jan 2021,2021-01-28,1.0,219.0,219.0,619.0,,0.0,,,,,,,,,,,,,,,,N.U.
24085.0,2018-06-13,uuid:7c15c89e-e6f1-44c2-befa-79535e8ae048,2018-06-13 13:55:15,,3,24085.0,,1.0,,,1.0,63.0,LULUWA,23.0,,3.0,,1.0,,Ndesha,Tshibadabada,1.0,4.0,DIBAYA,4.0,,,,10000.0,25000.0,0.0,0.0,1.0,0.0,0.0,0.0,0.0,5.0,4.0,3.0,OK,1.0,1.0,1.0,1.0,OK,1.0,1.0,OK,1.0,1.0,.,.,3.0,3.0,3.0,3.0,2.0,2.0,2.0,2.0,2.0,2.0,2.0,2.0,1.0,3.0,1.0,2.0,3.0,1.0,1.0,0.0,3.0,2.0,2.0,1.0,1.0,2.0,3.0,2.0,1.0,1.0,2.0,1000.0,0.0,9.0,8.0,6.0,4.0,,,,,,,,.,,,.,,media\1528895810225-2.jpg,2.0,uuid:7c15c89e-e6f1-44c2-befa-79535e8ae048,,,,,,28 Jan 2021,2021-01-28,1.0,166.0,,,445.0,,,0.0,,,,,,,,,,,,,,
24187.0,2018-06-11,uuid:9e86ec97-e63f-493d-bf59-6979798d0fe0,2018-06-11 16:00:09,2018-06-11 16:35:06,2,24187.0,1.0,,,,,,,,,,,,,,,,,,,,,,,,,,,,,,,,,,OK,1.0,1.0,1.0,1.0,OK,4.0,4.0,OK,4.0,4.0,.,.,5.0,5.0,1.0,1.0,2.0,,,,,,,,,,,,,,,,,,,,,,,,3.0,3.0,2.0,500.0,500.0,5.0,2.0,0.0,0.0,,,,,,,,.,,,.,,media\1528726346588-2.jpg,2.0,uuid:9e86ec97-e63f-493d-bf59-6979798d0fe0,,,,,,28 Jan 2021,2021-01-28,1.0,319.0,319.0,719.0,,0.0,,,,,,,,,,,,,,1.0,1.0,
24187.0,2019-03-18,uuid:114b96e9-6176-4207-9968-c56c1d34b4de,2019-03-18 09:23:53,2019-03-18 10:10:14,3,24187.0,,1.0,,,1.0,50.0,LULUWA,46.0,,12.0,,1.0,,Ndesha,Ndesha,1.0,4.0,KANANGA,18.0,,,,60000.0,20000.0,0.0,0.0,1.0,0.0,0.0,0.0,0.0,6.0,4.0,1.0,OK,1.0,1.0,0.0,1.0,OK,1.0,1.0,OK,1.0,1.0,.,.,5.0,5.0,1.0,1.0,2.0,2.0,3.0,4.0,4.0,4.0,2.0,4.0,2.0,2.0,2.0,2.0,2.0,2.0,2.0,1.0,,1.0,1.0,1.0,1.0,1.0,4.0,4.0,1.0,2.0,1.0,1000.0,0.0,10.0,5.0,2.0,0.0,,,,,,,,.,,,.,,media\1552899418645-3.jpg,2.0,uuid:114b96e9-6176-4207-9968-c56c1d34b4de,,,,,,28 Jan 2021,2021-01-28,1.0,510.0,,,445.0,,,0.0,,,,,,,,,,,,,,
24450.0,2018-06-14,uuid:d3731dbd-b556-46c4-a709-568a36bee3e7,2018-06-14 14:40:08,2018-06-14 15:09:11,2,24450.0,0.0,,,,,,,,,,,,,,,,,,,,,,,,,,,,,,,,,,OK,1.0,1.0,1.0,1.0,OK,1.0,1.0,OK,2.0,2.0,.,.,4.0,4.0,3.0,3.0,2.0,,,,,,,,,,,,,,,,,,,,,,,,1.0,1.0,2.0,200.0,800.0,6.0,3.0,1.0,0.0,,,,,,,,.,,,.,,media\1528981648327-2.jpg,2.0,uuid:d3731dbd-b556-46c4-a709-568a36bee3e7,,,,,,28 Jan 2021,2021-01-28,1.0,388.0,388.0,788.0,,0.0,,,,,,,,,,,,,,,,
24644.0,2018-06-23,uuid:5f69461e-fcf0-496f-958e-d08140bd61cf,2018-06-23 10:08:20,2018-06-23 13:06:54,2,24644.0,1.0,,,,,,,,,,,,,,,,,,,,,,,,,,,,,,,,,,OK,1.0,1.0,1.0,1.0,OK,1.0,1.0,OK,1.0,1.0,.,.,5.0,3.0,2.0,3.0,2.0,,,,,,,,,,,,,,,,,,,,,,,,1.0,1.0,2.0,100.0,900.0,9.0,7.0,5.0,3.0,,,,,,,,.,,,.,,media\1529751973699-2.jpg,2.0,uuid:5f69461e-fcf0-496f-958e-d08140bd61cf,,,,,,28 Jan 2021,2021-01-28,1.0,407.0,407.0,807.0,,0.0,,,,,,,,,,,,,,,,
24644.0,2019-03-16,uuid:a4e9001c-28d1-46f0-a70c-ad2a2981af97,2019-03-16 09:14:54,2019-03-16 09:40:19,3,24644.0,,1.0,,,1.0,63.0,LULUWA,47.0,,,Les bapostolos,0.0,1985.0,Ndesha,Tshibandabanda,1.0,4.0,KAZUMBA,8.0,,,,150000.0,5000.0,0.0,0.0,0.0,0.0,0.0,1.0,0.0,3.0,3.0,4.0,OK,1.0,1.0,1.0,1.0,OK,2.0,1.0,OK,3.0,2.0,.,.,5.0,5.0,3.0,3.0,2.0,2.0,2.0,2.0,2.0,2.0,2.0,2.0,1.0,1.0,1.0,1.0,2.0,1.0,1.0,1.0,,4.0,1.0,1.0,1.0,4.0,1.0,3.0,2.0,2.0,1.0,600.0,400.0,10.0,7.0,5.0,2.0,,,,,,,,.,,,.,,media\1552725584750-4.jpg,2.0,uuid:a4e9001c-28d1-46f0-a70c-ad2a2981af97,,,,,,28 Jan 2021,2021-01-28,1.0,,,,445.0,,,0.0,,,,,,,,,,,,,,
30489.0,2018-10-24,uuid:a213d141-7d5e-4b1b-b492-8bb13cf461a4,2018-10-24 14:36:35,2018-10-24 14:55:49,2,30489.0,1.0,,,,,,,,,,,,,,,,,,,,,,,,,,,,,,,,,,OK,1.0,0.0,0.0,0.0,OK,3.0,4.0,OK,3.0,4.0,.,.,5.0,4.0,3.0,3.0,2.0,,,,,,,,,,,,,,,,,,,,,,,,1.0,2.0,1.0,500.0,500.0,6.0,4.0,3.0,2.0,,,,,,,,.,,,.,,media\1540385712386-2.jpg,2.0,uuid:a213d141-7d5e-4b1b-b492-8bb13cf461a4,,,,,,28 Jan 2021,2021-01-28,1.0,476.0,476.0,876.0,,0.0,,,,,,,,,,,,,,,,
30490.0,2018-06-08,uuid:5780f075-29e3-45bd-beea-bc80caacbcf1,2018-06-08 11:01:09,2018-06-08 11:33:41,2,30490.0,1.0,,,,,,.,,.,,.,,,.,.,,,.,,.,,.,,,0.0,0.0,0.0,0.0,0.0,0.0,0.0,,,,OK,1.0,0.0,1.0,1.0,OK,3.0,2.0,OK,3.0,3.0,.,.,5.0,3.0,1.0,3.0,2.0,,,,,,,,,,,,,,,,,,,,,,,,2.0,2.0,2.0,900.0,100.0,8.0,5.0,4.0,3.0,,.,,,,,,.,,,.,,media\1528450344318.jpg,2.0,uuid:5780f075-29e3-45bd-beea-bc80caacbcf1,1.0,1.0,,,,28 Jan 2021,2021-01-28,1.0,290.0,290.0,690.0,,0.0,,,,,,,,,,,,,,,,N.U.
30490.0,2018-06-14,uuid:338ba8ff-ec3f-4e18-91ff-0690825b10a3,2018-06-14 13:43:13,2018-06-14 14:18:11,3,30490.0,,1.0,,,1.0,48.0,LULUWA,,Bena Mukangala,11.0,,1.0,,Ndesha,Kamupongo,1.0,4.0,KANANGA,4.0,,,,155000.0,35000.0,0.0,0.0,0.0,0.0,0.0,0.0,1.0,5.0,3.0,4.0,OK,1.0,1.0,0.0,1.0,OK,1.0,1.0,OK,2.0,2.0,.,.,4.0,5.0,1.0,3.0,2.0,2.0,3.0,2.0,1.0,2.0,2.0,2.0,1.0,1.0,1.0,1.0,1.0,1.0,1.0,0.0,4.0,3.0,1.0,1.0,1.0,1.0,1.0,4.0,2.0,1.0,2.0,200.0,800.0,10.0,8.0,7.0,6.0,,,,,,,,.,,,.,,media\1528978658818-2.jpg,2.0,uuid:338ba8ff-ec3f-4e18-91ff-0690825b10a3,,,,,,28 Jan 2021,2021-01-28,1.0,,,,445.0,,,0.0,,,,,,,,,,,,,,
31085.0,2018-06-05,uuid:21353ddd-6964-4b1c-a180-56db863b863e,2018-06-05 11:45:08,2018-06-05 12:10:27,2,31085.0,1.0,,,,,,.,,.,,.,,,.,.,,,.,,.,,.,,,0.0,0.0,0.0,0.0,0.0,0.0,0.0,,,,OK,1.0,1.0,0.0,1.0,OK,2.0,3.0,OK,3.0,4.0,.,.,5.0,5.0,2.0,3.0,2.0,,,,,,,,,,,,,,,,,,,,,,,,2.0,2.0,2.0,600.0,400.0,6.0,5.0,3.0,1.0,,.,,,,,,.,,,.,,media\1528193385516.jpg,2.0,uuid:21353ddd-6964-4b1c-a180-56db863b863e,1.0,1.0,,,,28 Jan 2021,2021-01-28,1.0,257.0,257.0,657.0,,0.0,,,,,,,,,,,,,,,,N.U.
31085.0,2019-02-26,uuid:1fae2794-d16c-41ae-9949-14687c5f3610,2019-02-26 09:43:39,2019-02-26 10:17:17,3,31085.0,,0.0,,,1.0,32.0,LULUWA,,Bena mukangala,2.0,,1.0,,Katoka,Tukombe,1.0,4.0,KANANGA,27.0,,,,45000.0,10000.0,0.0,0.0,1.0,0.0,0.0,0.0,0.0,2.0,4.0,5.0,OK,1.0,1.0,1.0,0.0,OK,1.0,1.0,OK,1.0,1.0,.,.,3.0,3.0,1.0,3.0,2.0,1.0,1.0,1.0,1.0,1.0,1.0,1.0,1.0,2.0,1.0,1.0,3.0,1.0,1.0,1.0,,2.0,2.0,2.0,2.0,2.0,2.0,4.0,2.0,2.0,1.0,1000.0,0.0,7.0,6.0,4.0,2.0,,,,,,,,.,,,.,,media\1551171868224-2.jpg,1.0,uuid:1fae2794-d16c-41ae-9949-14687c5f3610,,,,,,28 Jan 2021,2021-01-28,1.0,335.0,,,445.0,,,0.0,,,,,,,,,,,,,,
31249.0,2018-06-14,uuid:269d89bd-9392-4e0a-8a7b-aeaf48aab105,2018-06-14 08:58:39,2018-06-14 09:25:33,2,31249.0,1.0,,,,,,,,,,,,,,,,,,,,,,,,,,,,,,,,,,OK,1.0,0.0,0.0,1.0,OK,2.0,2.0,OK,2.0,2.0,.,.,5.0,3.0,3.0,2.0,2.0,,,,,,,,,,,,,,,,,,,,,,,,1.0,2.0,2.0,600.0,400.0,7.0,6.0,5.0,5.0,,,,,,,,.,,,.,,media\1528961087365-2.jpg,2.0,uuid:269d89bd-9392-4e0a-8a7b-aeaf48aab105,,,,,,28 Jan 2021,2021-01-28,1.0,377.0,377.0,777.0,,0.0,,,,,,,,,,,,,,1.0,1.0,
31249.0,2019-03-15,uuid:fbee39d7-137a-40ee-8547-09d1e70edf9e,2019-03-15 16:05:16,2019-03-15 16:32:51,3,31249.0,,1.0,,,1.0,67.0,LULUWA,19.0,,12.0,,1.0,,Ndesha,Kamupongo,1.0,4.0,DIBAYA,4.0,,,,150000.0,35000.0,0.0,0.0,0.0,0.0,0.0,0.0,1.0,5.0,3.0,6.0,OK,1.0,1.0,1.0,1.0,OK,1.0,2.0,OK,1.0,1.0,.,.,5.0,5.0,4.0,3.0,2.0,2.0,3.0,4.0,2.0,2.0,2.0,4.0,1.0,2.0,7.0,1.0,7.0,1.0,1.0,0.0,1.0,1.0,2.0,4.0,2.0,1.0,1.0,5.0,2.0,1.0,1.0,900.0,100.0,10.0,8.0,5.0,3.0,,,,,,,,.,,,.,,media\1552663931210-2.jpg,2.0,uuid:fbee39d7-137a-40ee-8547-09d1e70edf9e,,,,,,28 Jan 2021,2021-01-28,1.0,474.0,,,445.0,,,0.0,,,,,,,,,,,,,,
31252.0,2018-06-12,uuid:1e562e20-b671-444d-8a37-47b3e72e1422,2018-06-12 16:08:10,2018-06-12 16:48:20,2,31252.0,1.0,,,,,,,,,,,,,,,,,,,,,,,,,,,,,,,,,,OK,1.0,1.0,0.0,1.0,OK,2.0,2.0,OK,2.0,2.0,.,.,5.0,5.0,3.0,3.0,2.0,,,,,,,,,,,,,,,,,,,,,,,,2.0,2.0,2.0,0.0,0.0,10.0,10.0,10.0,10.0,,,,,,,,.,,,.,,media\1528814821762-2.jpg,2.0,uuid:1e562e20-b671-444d-8a37-47b3e72e1422,,,,,,28 Jan 2021,2021-01-28,1.0,346.0,346.0,746.0,,0.0,,,,,,,,,1.0,1.0,1.0,1.0,1.0,1.0,1.0,
31392.0,2018-06-14,uuid:2332ebeb-da7c-44b3-a42d-2c40ddc36c10,2018-06-14 09:55:09,2018-06-14 10:17:42,2,31392.0,1.0,,,,,,,,,,,,,,,,,,,,,,,,,,,,,,,,,,OK,1.0,1.0,1.0,1.0,OK,2.0,2.0,OK,2.0,2.0,.,.,5.0,3.0,3.0,3.0,2.0,,,,,,,,,,,,,,,,,,,,,,,,1.0,2.0,2.0,900.0,100.0,8.0,5.0,4.0,2.0,,,,,,,,.,,,.,,media\1528964176222-2.jpg,2.0,uuid:2332ebeb-da7c-44b3-a42d-2c40ddc36c10,,,,,,28 Jan 2021,2021-01-28,1.0,379.0,379.0,779.0,,0.0,,,,,,,,,,,,,,,,
31392.0,2019-03-16,uuid:98cb0958-292d-4eb2-8ec4-230fffadcf30,2019-03-16 09:34:43,2019-03-16 10:03:33,3,31392.0,,1.0,,,1.0,37.0,LULUWA,,Bena Lukangala,8.0,,0.0,1995.0,Ndesha,Kamupongo,1.0,4.0,KANANGA,9.0,,,,150000.0,35000.0,0.0,0.0,0.0,0.0,0.0,1.0,0.0,3.0,4.0,3.0,OK,1.0,1.0,0.0,1.0,OK,2.0,2.0,OK,1.0,1.0,.,.,4.0,3.0,3.0,3.0,2.0,2.0,4.0,2.0,2.0,2.0,2.0,2.0,1.0,1.0,1.0,1.0,1.0,1.0,1.0,0.0,4.0,4.0,1.0,4.0,2.0,1.0,3.0,3.0,2.0,2.0,2.0,800.0,200.0,8.0,7.0,6.0,5.0,,,,,,,,.,,,.,,media\1552726966354-4.jpg,2.0,uuid:98cb0958-292d-4eb2-8ec4-230fffadcf30,,,,,,28 Jan 2021,2021-01-28,1.0,,,,445.0,,,0.0,,,,,,,,,,,,,,
31395.0,2018-10-24,uuid:e0f2e2b8-a040-4599-95bd-662ea788569d,2018-10-24 15:01:09,2018-10-24 15:19:08,2,31395.0,1.0,,,,,,,,,,,,,,,,,,,,,,,,,,,,,,,,,,OK,1.0,1.0,1.0,1.0,OK,2.0,2.0,OK,2.0,2.0,.,.,3.0,3.0,3.0,4.0,2.0,,,,,,,,,,,,,,,,,,,,,,,,1.0,1.0,2.0,1000.0,0.0,8.0,5.0,3.0,1.0,,,,,,,,.,,,.,,media\1540387104573-2.jpg,2.0,uuid:e0f2e2b8-a040-4599-95bd-662ea788569d,,,,,,28 Jan 2021,2021-01-28,1.0,477.0,477.0,877.0,,0.0,,,,,,,,,,,,,,,,
31487.0,2018-06-07,uuid:87c0a52b-a66c-4014-8afb-5d4e8c8c8843,2018-06-07 10:43:15,2018-06-07 11:11:01,2,31487.0,1.0,,,,,,.,,.,,.,,,.,.,,,.,,.,,.,,,0.0,0.0,0.0,0.0,0.0,0.0,0.0,,,,OK,1.0,1.0,1.0,1.0,OK,1.0,1.0,OK,2.0,2.0,.,.,3.0,3.0,3.0,3.0,2.0,,,,,,,,,,,,,,,,,,,,,,,,1.0,1.0,2.0,700.0,300.0,10.0,4.0,2.0,1.0,,.,,,,,,.,,,.,,media\1528362305839.jpg,2.0,uuid:87c0a52b-a66c-4014-8afb-5d4e8c8c8843,2.0,1.0,,,,28 Jan 2021,2021-01-28,1.0,277.0,277.0,677.0,,0.0,,,,,,,,,,,,,,,,N.U.
31487.0,2018-06-13,uuid:8bfc8b98-888c-4e89-9109-4a28e880a0c5,2018-06-13 11:49:11,2018-06-13 12:26:39,3,31487.0,,1.0,,,1.0,73.0,LUALUA,,,1.0,,1.0,,Ndesha,Kamupongo,1.0,4.0,KAZUMBA,9.0,,,,120000.0,0.0,0.0,0.0,1.0,1.0,1.0,1.0,0.0,6.0,2.0,4.0,OK,1.0,1.0,1.0,1.0,OK,1.0,1.0,OK,1.0,1.0,.,.,3.0,3.0,3.0,3.0,2.0,2.0,2.0,2.0,2.0,2.0,1.0,1.0,1.0,2.0,2.0,2.0,1.0,1.0,1.0,0.0,4.0,3.0,2.0,2.0,2.0,2.0,3.0,3.0,1.0,1.0,2.0,400.0,600.0,5.0,4.0,3.0,2.0,,,,,,,,.,,,.,,media\1528885002703-2.jpg,2.0,uuid:8bfc8b98-888c-4e89-9109-4a28e880a0c5,,,,,,28 Jan 2021,2021-01-28,1.0,162.0,,,445.0,,,0.0,,,,,,,,,,,,,,
31489.0,2018-05-30,uuid:76a11929-0e48-4216-8997-ae1cfdceed1d,2018-05-30 10:43:06,2018-05-30 11:26:03,2,31489.0,1.0,,,,,,,,,,,,,,,,,,,,,.,,,,,,,,,,,,,OK,1.0,1.0,0.0,1.0,OK,2.0,2.0,OK,3.0,2.0,,,5.0,5.0,1.0,1.0,2.0,,,,,,,,,,,,,,,,,,,,,,,,2.0,2.0,2.0,800.0,200.0,5.0,,,,,,,,,,,,,,,,media\1527671889310.jpg,2.0,uuid:76a11929-0e48-4216-8997-ae1cfdceed1d,3.0,,,,,28 Jan 2021,2021-01-28,1.0,207.0,207.0,607.0,,0.0,,,1.0,1.0,1.0,,,,,,,1.0,1.0,1.0,1.0,
31786.0,2018-06-07,uuid:165dbb28-39f9-48a3-840b-7ec0081851f7,2018-06-07 15:35:13,2018-06-07 16:01:17,2,31786.0,1.0,,,,,,.,,.,,.,,,.,.,,,.,,.,,.,,,0.0,0.0,0.0,0.0,0.0,0.0,0.0,,,,OK,1.0,1.0,1.0,0.0,OK,2.0,2.0,OK,3.0,4.0,.,.,3.0,3.0,3.0,3.0,1.0,,,,,,,,,,,,,,,,,,,,,,,,2.0,2.0,2.0,900.0,100.0,10.0,7.0,5.0,4.0,,.,,,,,,.,,,.,,media\1528380010987.jpg,2.0,uuid:165dbb28-39f9-48a3-840b-7ec0081851f7,1.0,1.0,,,,28 Jan 2021,2021-01-28,1.0,285.0,285.0,685.0,,0.0,,,,,,,,,,,,,,,,N.U.
31786.0,2018-06-11,uuid:3b913104-595e-4d63-ab79-adb64d68780c,2018-06-11 11:55:20,,3,31786.0,,1.0,,,2.0,23.0,LUALUA,,,8.0,,0.0,2000.0,Katoka,Tukombe,1.0,4.0,LUIZA,6.0,,,,35000.0,5000.0,0.0,0.0,0.0,0.0,0.0,1.0,0.0,2.0,3.0,4.0,OK,1.0,1.0,1.0,1.0,OK,1.0,1.0,OK,1.0,1.0,.,.,3.0,5.0,3.0,1.0,2.0,2.0,2.0,2.0,2.0,2.0,4.0,2.0,1.0,3.0,4.0,2.0,8.0,3.0,3.0,1.0,,2.0,3.0,2.0,1.0,2.0,3.0,1.0,1.0,1.0,2.0,1000.0,0.0,10.0,5.0,1.0,0.0,,,,,,,,.,,,.,,media\1528713446439-2.jpg,2.0,uuid:3b913104-595e-4d63-ab79-adb64d68780c,,,,,,28 Jan 2021,2021-01-28,1.0,,,,445.0,,,0.0,,,,,,,,,,,,,,
32091.0,2019-03-04,uuid:fe7cfeef-118c-4758-adce-442d92470ebb,2019-03-04 09:29:21,2019-03-04 09:44:31,2,32091.0,1.0,,,,,,,,,,,,,,,,,,,,,,,,,,,,,,,,,,OK,1.0,0.0,0.0,0.0,OK,2.0,1.0,OK,1.0,2.0,.,.,3.0,3.0,3.0,3.0,2.0,,,,,,,,,,,,,,,,,,,,,,,,1.0,1.0,2.0,1000.0,0.0,7.0,5.0,4.0,2.0,,,,,,,,.,,,.,,media\1551689001102-3.jpg,2.0,uuid:fe7cfeef-118c-4758-adce-442d92470ebb,,,,,,28 Jan 2021,2021-01-28,1.0,574.0,574.0,974.0,,0.0,,,,,,,,,,,,,,,,
32091.0,2019-03-18,uuid:f169d907-3eb3-4c4e-ad11-3b37a103511a,2019-03-18 09:11:23,,3,32091.0,,1.0,,,2.0,52.0,LULUWA,,Bena bitanda,2.0,,0.0,1993.0,Katako,Tukombe,1.0,4.0,DIBAYA,4.0,,,,60000.0,12000.0,0.0,0.0,0.0,0.0,0.0,0.0,1.0,2.0,3.0,4.0,OK,1.0,1.0,1.0,0.0,OK,2.0,3.0,OK,3.0,3.0,.,.,3.0,3.0,1.0,2.0,2.0,1.0,2.0,4.0,2.0,4.0,4.0,1.0,1.0,3.0,8.0,1.0,1.0,1.0,2.0,1.0,,4.0,1.0,2.0,1.0,1.0,3.0,4.0,2.0,2.0,2.0,1000.0,0.0,10.0,9.0,7.0,3.0,,,,,,,,.,,,.,,media\1552898182013-3.jpg,2.0,uuid:f169d907-3eb3-4c4e-ad11-3b37a103511a,,,,,,28 Jan 2021,2021-01-28,1.0,506.0,,,445.0,,,0.0,,,,,,,,,,,,,,
32188.0,2019-03-15,uuid:2493a140-b72b-412e-a258-7c96c2c13e88,2019-03-15 10:08:53,2019-03-15 10:36:28,3,32188.0,,1.0,,,1.0,23.0,LULUWA,46.0,,,Adventiste,0.0,,Katoka,Tukombe,1.0,4.0,KAZUMBA,9.0,,,,30000.0,10000.0,0.0,0.0,0.0,0.0,0.0,0.0,1.0,2.0,4.0,1.0,OK,1.0,1.0,1.0,1.0,OK,1.0,1.0,OK,1.0,1.0,.,.,3.0,4.0,3.0,3.0,1.0,2.0,3.0,1.0,3.0,4.0,2.0,1.0,1.0,3.0,4.0,1.0,3.0,8.0,2.0,0.0,1.0,2.0,2.0,2.0,2.0,4.0,1.0,4.0,1.0,1.0,1.0,400.0,600.0,7.0,4.0,2.0,1.0,,,,,,,,.,,,.,,media\1552642533949-4.jpg,2.0,uuid:2493a140-b72b-412e-a258-7c96c2c13e88,,,,,,28 Jan 2021,2021-01-28,1.0,462.0,,,445.0,,,0.0,,,,,,,,,,,,,,
32188.0,2019-03-15,uuid:d0dbd020-a1cc-4230-8ca3-ab64d5f7411b,2019-03-15 08:28:24,2019-03-15 09:59:04,2,32188.0,1.0,,,,,,,,,,,,,,,,,,,,,,,,,,,,,,,,,,OK,1.0,1.0,1.0,1.0,OK,1.0,1.0,OK,3.0,2.0,.,.,5.0,3.0,3.0,3.0,2.0,,,,,,,,,,,,,,,,,,,,,,,,2.0,2.0,1.0,600.0,400.0,8.0,6.0,4.0,2.0,,,,,,,,.,,,.,,media\1552640331077-3.jpg,2.0,uuid:d0dbd020-a1cc-4230-8ca3-ab64d5f7411b,,,,,,28 Jan 2021,2021-01-28,1.0,653.0,653.0,1053.0,,0.0,,,,,,,,,,,,,,,,
32273.0,2018-06-08,uuid:f653f58b-2c2a-4ddf-b096-7f481b123698,2018-06-08 07:29:15,2018-06-08 07:53:13,2,32273.0,1.0,,,,,,.,,.,,.,,,.,.,,,.,,.,,.,,,0.0,0.0,0.0,0.0,0.0,0.0,0.0,,,,OK,1.0,1.0,1.0,0.0,OK,2.0,2.0,OK,3.0,3.0,.,.,3.0,3.0,1.0,3.0,1.0,,,,,,,,,,,,,,,,,,,,,,,,2.0,2.0,2.0,0.0,1000.0,10.0,8.0,5.0,3.0,,.,,,,,,.,,,.,,media\1528436715320.jpg,2.0,uuid:f653f58b-2c2a-4ddf-b096-7f481b123698,1.0,1.0,,,,28 Jan 2021,2021-01-28,1.0,286.0,286.0,686.0,,0.0,,,,,,,,,,,,,,,,N.U.
32276.0,2018-05-31,uuid:c5dd8bdc-64b7-4bc5-a99c-1deb142e3a20,2018-05-31 15:32:06,,2,32276.0,1.0,,,,,,.,,.,,.,,,.,.,,,.,,.,,.,,,0.0,0.0,0.0,0.0,0.0,0.0,0.0,,,,OK,1.0,1.0,1.0,1.0,OK,2.0,1.0,OK,2.0,2.0,.,.,5.0,5.0,1.0,3.0,1.0,,,,,,,,,,,,,,,,,,,,,,,,2.0,1.0,2.0,800.0,200.0,8.0,5.0,4.0,1.0,,.,,,,,,.,,,.,,media\1527775079245.jpg,2.0,uuid:c5dd8bdc-64b7-4bc5-a99c-1deb142e3a20,1.0,,,,,28 Jan 2021,2021-01-28,1.0,220.0,220.0,620.0,,0.0,,,,,,,,,,,,,,,,N.U.
32276.0,2018-06-13,uuid:e4655ee4-e1c9-4e00-9be9-b210419449c6,2018-06-13 07:57:09,2018-06-13 08:34:03,3,32276.0,,1.0,,,1.0,23.0,LULUWA,47.0,,,Le temoin,1.0,,Katoka,Tukombe,1.0,4.0,KAZUMBA,,Motard,,,110000.0,7000.0,0.0,0.0,0.0,0.0,0.0,0.0,1.0,5.0,2.0,4.0,OK,1.0,1.0,1.0,1.0,OK,1.0,2.0,OK,2.0,2.0,.,.,5.0,5.0,3.0,3.0,1.0,2.0,1.0,2.0,2.0,2.0,1.0,1.0,2.0,2.0,2.0,2.0,2.0,2.0,2.0,1.0,,1.0,1.0,2.0,2.0,2.0,3.0,4.0,1.0,1.0,2.0,500.0,500.0,8.0,4.0,3.0,2.0,,,,,,,,.,,,.,,media\1528870824518-2.jpg,2.0,uuid:e4655ee4-e1c9-4e00-9be9-b210419449c6,,,,,,28 Jan 2021,2021-01-28,1.0,,,,445.0,,,0.0,,,,,,,,,,,,,,
32512.0,2019-04-04,uuid:9059851c-9119-43f8-82e6-8f9aafe17a72,2019-04-04 17:47:13,2019-04-04 18:05:35,2,32512.0,1.0,,,,,,,,,,,,,,,,,,,,,,,,,,,,,,,,,,OK,1.0,1.0,1.0,1.0,OK,1.0,2.0,OK,1.0,1.0,.,.,4.0,4.0,3.0,3.0,2.0,,,,,,,,,,,,,,,,,,,,,,,,1.0,1.0,2.0,600.0,400.0,7.0,5.0,4.0,3.0,,,,,,,,.,,,.,,media\1554393705734-2.jpg,2.0,uuid:9059851c-9119-43f8-82e6-8f9aafe17a72,,,,,,28 Jan 2021,2021-01-28,1.0,747.0,747.0,1147.0,,0.0,,,,,,,,,,,,,,,,
32576.0,2019-04-06,uuid:873e04c6-a8f2-4b60-8d37-ea8165c5a627,2019-04-06 08:54:53,,2,32576.0,1.0,,,,,,,,,,,,,,,,,,,,,,,,,,,,,,,,,,OK,1.0,1.0,1.0,0.0,OK,3.0,2.0,OK,3.0,3.0,.,.,5.0,5.0,2.0,3.0,2.0,,,,,,,,,,,,,,,,,,,,,,,,1.0,2.0,2.0,100.0,900.0,8.0,6.0,4.0,3.0,,,,,,,,.,,,.,,media\1554534528963-2.jpg,2.0,uuid:873e04c6-a8f2-4b60-8d37-ea8165c5a627,,,,,,28 Jan 2021,2021-01-28,1.0,748.0,748.0,1148.0,,0.0,,,,,,,,,,,,,,,,
32686.0,2018-06-09,uuid:fbecfa3f-dbdc-4ff7-9533-aa626e710ec2,2018-06-09 10:58:13,2018-06-09 11:46:08,2,32686.0,1.0,,,,,,.,,.,,.,,,.,.,,,.,,.,,.,,,0.0,0.0,0.0,0.0,0.0,0.0,0.0,,,,OK,1.0,1.0,0.0,1.0,OK,1.0,1.0,OK,2.0,2.0,.,.,3.0,3.0,3.0,3.0,2.0,,,,,,,,,,,,,,,,,,,,,,,,3.0,2.0,2.0,0.0,1000.0,5.0,4.0,3.0,2.0,,.,,,,,,.,,,.,,media\1528536195475.jpg,2.0,uuid:fbecfa3f-dbdc-4ff7-9533-aa626e710ec2,3.0,1.0,,,,28 Jan 2021,2021-01-28,1.0,297.0,297.0,697.0,,0.0,,,,,,,,,,,,,,,,N.U.
32686.0,2018-06-13,uuid:efcb5748-0b7a-4ae3-bcb8-eeb6fd37671e,2018-06-13 14:00:15,2018-06-13 14:45:04,3,32686.0,,1.0,,,1.0,46.0,LULUWA,28.0,,3.0,,1.0,,Katoka,Tukombe,1.0,4.0,KAZUMBA,22.0,,,,50000.0,8000.0,0.0,0.0,1.0,1.0,0.0,0.0,0.0,2.0,4.0,1.0,OK,1.0,1.0,1.0,1.0,OK,1.0,1.0,OK,1.0,1.0,.,.,3.0,3.0,3.0,3.0,1.0,2.0,3.0,2.0,2.0,2.0,4.0,2.0,2.0,2.0,2.0,2.0,2.0,1.0,8.0,0.0,4.0,1.0,2.0,2.0,2.0,1.0,1.0,4.0,1.0,2.0,2.0,200.0,800.0,7.0,5.0,3.0,1.0,,,,,,,,.,,,.,,media\1528892586526-2.jpg,2.0,uuid:efcb5748-0b7a-4ae3-bcb8-eeb6fd37671e,,,,,,28 Jan 2021,2021-01-28,1.0,,,,445.0,,,0.0,,,,,,,,,,,,,,
32687.0,2019-04-09,uuid:f8a29355-7d03-4ad5-9f19-f0b90e0775a9,2019-04-09 08:47:25,2019-04-09 08:59:19,2,32687.0,1.0,,,,,,,,,,,,,,,,,,,,,,,,,,,,,,,,,,OK,1.0,1.0,1.0,1.0,OK,1.0,1.0,OK,2.0,2.0,.,.,4.0,3.0,3.0,3.0,1.0,,,,,,,,,,,,,,,,,,,,,,,,1.0,1.0,2.0,500.0,500.0,8.0,7.0,4.0,3.0,,,,,,,,.,,,.,,media\1554793127331-2.jpg,2.0,uuid:f8a29355-7d03-4ad5-9f19-f0b90e0775a9,,,,,,28 Jan 2021,2021-01-28,1.0,753.0,753.0,1153.0,,0.0,,,,,,,,,,,,,,,,
32784.0,2018-11-28,uuid:60bd1101-c960-4b13-8847-409552187678,2018-11-28 17:24:06,2018-11-28 17:55:04,3,32784.0,,1.0,,,1.0,63.0,LULUWA,,Muamba mbuyi,1.0,,0.0,1962.0,Katoka,Tukombe,1.0,4.0,KANANGA,0.0,,0.0,,30000.0,5000.0,0.0,0.0,0.0,0.0,0.0,0.0,1.0,6.0,3.0,6.0,OK,1.0,1.0,0.0,0.0,OK,4.0,4.0,OK,4.0,4.0,.,.,5.0,5.0,1.0,3.0,2.0,1.0,1.0,2.0,2.0,2.0,2.0,2.0,2.0,2.0,2.0,2.0,4.0,2.0,2.0,0.0,4.0,2.0,1.0,2.0,2.0,3.0,2.0,4.0,2.0,2.0,2.0,500.0,500.0,6.0,3.0,1.0,0.0,,,,,,,,.,,,.,,media\1543423244534-2.jpg,2.0,uuid:60bd1101-c960-4b13-8847-409552187678,,,,,,28 Jan 2021,2021-01-28,1.0,,,,445.0,,,0.0,,,,,,,,,,,,,,
32784.0,2018-11-28,uuid:95bd410c-45bf-49ef-9925-bc7a8ec6caaa,2018-11-28 16:17:08,2018-11-28 16:33:40,2,32784.0,1.0,,,,,,,,,,,,,,,,,,,,,,,,,,,,,,,,,,OK,1.0,1.0,0.0,1.0,OK,1.0,1.0,OK,1.0,1.0,.,.,4.0,3.0,4.0,3.0,2.0,,,,,,,,,,,,,,,,,,,,,,,,2.0,2.0,2.0,700.0,300.0,5.0,4.0,3.0,2.0,,,,,,,,.,,,.,,media\1543419178625-2.jpg,2.0,uuid:95bd410c-45bf-49ef-9925-bc7a8ec6caaa,,,,,,28 Jan 2021,2021-01-28,1.0,497.0,497.0,897.0,,0.0,,,,,,,,,,,,,,,,
32784.0,2018-12-01,uuid:60d0803b-1439-49a3-8fb9-159ba95d596b,2018-12-01 11:10:07,2018-12-01 11:42:32,3,32784.0,,1.0,,,1.0,78.0,LULUWA,47.0,,3.0,,0.0,1958.0,Katoka,Tukombe,1.0,4.0,DIBAYA,20.0,,,,62000.0,15000.0,0.0,0.0,0.0,0.0,0.0,0.0,1.0,2.0,3.0,6.0,OK,1.0,1.0,0.0,1.0,OK,1.0,2.0,OK,2.0,2.0,.,.,5.0,3.0,3.0,1.0,2.0,2.0,2.0,2.0,2.0,2.0,2.0,2.0,2.0,3.0,2.0,8.0,5.0,8.0,8.0,0.0,4.0,1.0,1.0,1.0,1.0,1.0,1.0,4.0,2.0,2.0,2.0,400.0,600.0,8.0,6.0,5.0,2.0,,,,,,,,.,,,.,,media\1543660918233-2.jpg,2.0,uuid:60d0803b-1439-49a3-8fb9-159ba95d596b,,,,,,28 Jan 2021,2021-01-28,1.0,304.0,,,445.0,,,0.0,,,,,,,,,,,,,,
32784.0,2018-12-04,uuid:19218509-d6c2-4fe0-beba-6d7f5a2f3482,2018-12-04 08:59:08,2018-12-04 09:15:19,3,32784.0,,1.0,,,1.0,25.0,LULUWA,,Bena mbuyi,3.0,,1.0,,Katoka,Katoka4,1.0,4.0,KANANGA,12.0,,,,12000.0,3000.0,0.0,0.0,0.0,0.0,0.0,0.0,1.0,5.0,3.0,3.0,OK,1.0,1.0,1.0,0.0,OK,2.0,2.0,OK,2.0,2.0,.,.,3.0,3.0,3.0,3.0,2.0,2.0,2.0,4.0,2.0,2.0,2.0,2.0,2.0,2.0,2.0,2.0,3.0,2.0,2.0,0.0,4.0,4.0,4.0,4.0,3.0,4.0,1.0,3.0,1.0,2.0,2.0,500.0,500.0,7.0,5.0,3.0,1.0,,,,,,,,.,,,.,,media\1543911308302-2.jpg,2.0,uuid:19218509-d6c2-4fe0-beba-6d7f5a2f3482,,,,,,28 Jan 2021,2021-01-28,1.0,,,,445.0,,,0.0,,,,,,,,,,,,,,
32889.0,2016-09-23,uuid:cc2b01b1-405d-4739-aaa4-2c3fab593f87,2016-09-23 15:15:06,,2,32889.0,1.0,,,,,,,,,,,,,,,,,,,,,,,,,,,,,,,,,,OK,,,,,,,,,,,.,.,,,,,,,,,,,,,,,,,,,,,,,,,,,,,,,,,,,,,,,,,,,,,.,,,.,,,,uuid:cc2b01b1-405d-4739-aaa4-2c3fab593f87,,,,,,28 Jan 2021,2021-01-28,0.0,201.0,201.0,601.0,,,,,,,,,,,1.0,1.0,1.0,1.0,1.0,1.0,1.0,
32989.0,2019-03-04,uuid:2e588911-8a68-493c-b33a-ac4a4c90fe03,2019-03-04 15:26:56,2019-03-04 15:49:16,2,32989.0,1.0,,,,,,,,,,,,,,,,,,,,,,,,,,,,,,,,,,OK,1.0,1.0,1.0,0.0,OK,2.0,2.0,OK,3.0,2.0,.,.,3.0,5.0,3.0,3.0,2.0,,,,,,,,,,,,,,,,,,,,,,,,2.0,2.0,2.0,1000.0,0.0,10.0,5.0,3.0,2.0,,,,,,,,.,,,.,,media\1551710911140-2.jpg,2.0,uuid:2e588911-8a68-493c-b33a-ac4a4c90fe03,,,,,,28 Jan 2021,2021-01-28,1.0,577.0,577.0,977.0,,0.0,,,,,,,,,,,,,,,,
32989.0,2019-03-05,uuid:3b7d7f61-1ce8-4907-8886-3209793b4d1b,2019-03-05 09:27:14,,3,32989.0,,1.0,,,1.0,34.0,LULUWA,,Bakwa ngandu,8.0,,0.0,2013.0,Katoka,Tukombe,,,,,,,,,,,,,,,,,,,,,,,,,,,,,,,.,.,,,,,,,,,,,,,,,,,,,,,,,,,,,,,,,,,,,,,,,,,,,,,.,,,.,,,,uuid:3b7d7f61-1ce8-4907-8886-3209793b4d1b,,,,,,28 Jan 2021,2021-01-28,0.0,395.0,,,,,,,,,,,,,1.0,1.0,1.0,1.0,1.0,1.0,1.0,
32989.0,2019-03-06,uuid:aeb3a4e5-b5f8-445a-a04c-7b87c39b633c,2019-03-06 08:25:52,,3,32989.0,,1.0,,,1.0,34.0,LULUWA,,Bakwa ngandu,8.0,,0.0,2013.0,Katoka,Tukombe,0.0,4.0,KAZUMBA,9.0,,,,40000.0,20000.0,0.0,0.0,1.0,0.0,0.0,0.0,0.0,3.0,3.0,6.0,OK,1.0,1.0,1.0,1.0,OK,2.0,2.0,OK,1.0,1.0,.,.,3.0,3.0,3.0,3.0,2.0,2.0,4.0,2.0,2.0,2.0,2.0,2.0,1.0,1.0,1.0,1.0,3.0,1.0,1.0,1.0,,4.0,1.0,1.0,1.0,1.0,1.0,3.0,1.0,2.0,1.0,1000.0,0.0,10.0,5.0,3.0,1.0,,,,,,,,.,,,.,,media\1551858720956-2.jpg,2.0,uuid:aeb3a4e5-b5f8-445a-a04c-7b87c39b633c,,,,,,28 Jan 2021,2021-01-28,1.0,416.0,,,445.0,,,0.0,,,,,,,,,,,,,,
33089.0,2018-06-04,uuid:c6895d07-a169-424c-8739-16f8431944f9,2018-06-04 08:23:00,2018-06-04 08:52:27,2,33089.0,1.0,,,,,,.,,.,,.,,,.,.,,,.,,.,,.,,,0.0,0.0,0.0,0.0,0.0,0.0,0.0,,,,OK,1.0,1.0,1.0,1.0,OK,2.0,2.0,OK,1.0,1.0,.,.,3.0,3.0,3.0,3.0,1.0,,,,,,,,,,,,,,,,,,,,,,,,2.0,2.0,2.0,400.0,600.0,10.0,8.0,3.0,0.0,,.,,,,,,.,,,.,,media\1528095007321.jpg,2.0,uuid:c6895d07-a169-424c-8739-16f8431944f9,1.0,0.0,.,,,28 Jan 2021,2021-01-28,1.0,243.0,243.0,643.0,,0.0,,,,,,,,,,,,,,,,N.U.
33089.0,2018-06-12,uuid:3a0da715-3375-4725-a268-3221c1a9691c,2018-06-12 06:59:06,,3,33089.0,,1.0,,,1.0,34.0,KETE,,,,Eglise spirutuek de jesus,0.0,1994.0,Katoka,Tukombe,1.0,4.0,LUIZA,,Tailleur,,,90000.0,30000.0,0.0,0.0,1.0,0.0,0.0,1.0,0.0,5.0,3.0,6.0,OK,1.0,1.0,1.0,1.0,OK,1.0,2.0,OK,1.0,1.0,.,.,3.0,5.0,3.0,3.0,2.0,2.0,3.0,2.0,2.0,3.0,2.0,2.0,2.0,2.0,2.0,2.0,2.0,2.0,2.0,1.0,,1.0,2.0,2.0,2.0,2.0,1.0,4.0,2.0,2.0,2.0,800.0,200.0,10.0,5.0,3.0,0.0,,,,,,,,.,,,.,,media\1528781105642-2.jpg,2.0,uuid:3a0da715-3375-4725-a268-3221c1a9691c,,,,,,28 Jan 2021,2021-01-28,1.0,125.0,,,445.0,,,0.0,,,,,,,,,,,,,,
33295.0,2016-09-23,uuid:2094b429-8b70-42c9-a5dd-9229c0762792,2016-09-23 12:25:25,2016-09-23 13:35:36,2,33295.0,1.0,,,,,,,,,,,,,,,,,,,,,,,,,,,,,,,,,,OK,1.0,0.0,0.0,0.0,OK,2.0,2.0,OK,4.0,2.0,.,.,5.0,5.0,3.0,3.0,2.0,,,,,,,,,,,,,,,,,,,,,,,,3.0,2.0,2.0,0.0,1000.0,6.0,4.0,3.0,0.0,,,,,,,,.,,,.,,media\1474629014003-2.jpg,2.0,uuid:2094b429-8b70-42c9-a5dd-9229c0762792,,,,,,28 Jan 2021,2021-01-28,1.0,200.0,200.0,600.0,,0.0,,,,,,,,,,,,,,,,
33295.0,2019-03-15,uuid:89c2fcd2-1802-415d-94eb-5971d2cc064f,2019-03-15 08:33:08,,3,33295.0,,1.0,,,1.0,39.0,LULUWA,47.0,,3.0,,0.0,2000.0,Katoka,Tukombe,1.0,4.0,KAZUMBA,20.0,,,,50000.0,20000.0,0.0,0.0,1.0,1.0,0.0,1.0,0.0,5.0,4.0,3.0,OK,1.0,1.0,1.0,1.0,OK,1.0,2.0,OK,1.0,2.0,.,.,3.0,3.0,3.0,2.0,2.0,4.0,3.0,4.0,2.0,2.0,4.0,1.0,1.0,1.0,1.0,1.0,1.0,8.0,2.0,0.0,2.0,4.0,1.0,2.0,3.0,3.0,1.0,3.0,1.0,4.0,1.0,0.0,1000.0,8.0,3.0,2.0,0.0,,,,,,,,.,,,.,,media\1552636554898-3.jpg,2.0,uuid:89c2fcd2-1802-415d-94eb-5971d2cc064f,,,,,,28 Jan 2021,2021-01-28,1.0,,,,445.0,,,0.0,,,,,,,,,,,,,,
33732.0,2018-05-30,uuid:8f1c8923-5103-47e3-8d3b-386445bbcc74,2018-05-30 11:58:16,2018-05-30 12:45:17,2,33732.0,1.0,,,,,,,,,,,,,,,,,,,,,.,,,,,,,,,,,,,OK,1.0,0.0,1.0,1.0,OK,2.0,2.0,OK,4.0,4.0,,,5.0,3.0,3.0,2.0,2.0,,,,,,,,,,,,,,,,,,,,,,,,2.0,2.0,2.0,800.0,200.0,10.0,7.0,3.0,1.0,,,,,,,,,,,,,media\1527676963065.jpg,2.0,uuid:8f1c8923-5103-47e3-8d3b-386445bbcc74,1.0,,,,,28 Jan 2021,2021-01-28,1.0,208.0,208.0,608.0,,0.0,,,,,,,,,,,,,,,,
33732.0,2018-06-11,uuid:d3db1407-c57d-44e5-9cbc-e39c53ad87e2,2018-06-11 13:59:16,,3,33732.0,,1.0,,,1.0,21.0,LULUWA,,Daye nkufulu,,Adventiste,0.0,,Katoka,Tukombe,1.0,4.0,KANANGA,25.0,,,,30000.0,25000.0,0.0,0.0,1.0,1.0,0.0,0.0,0.0,8.0,3.0,7.0,OK,1.0,1.0,0.0,1.0,OK,2.0,2.0,OK,1.0,1.0,.,.,3.0,3.0,1.0,3.0,1.0,2.0,2.0,2.0,2.0,2.0,2.0,2.0,8.0,4.0,8.0,2.0,8.0,8.0,8.0,0.0,1.0,2.0,1.0,1.0,1.0,2.0,3.0,4.0,1.0,1.0,2.0,500.0,500.0,10.0,4.0,3.0,2.0,,,,,,,,.,,,.,,media\1528720414789-2.jpg,2.0,uuid:d3db1407-c57d-44e5-9cbc-e39c53ad87e2,,,,,,28 Jan 2021,2021-01-28,1.0,113.0,,,445.0,,,0.0,,,,,,,,,,,,,,
33732.0,2019-02-25,uuid:3f8a56ed-3f14-466f-a8fb-6d3cede8b114,2019-02-25 08:47:06,2019-02-25 09:19:38,3,33732.0,,1.0,,,1.0,30.0,LULUWA,,Bakua kalenda,3.0,,1.0,,Katoka,Tukombe,1.0,4.0,KAZUMBA,9.0,,,,100000.0,30000.0,0.0,0.0,1.0,1.0,0.0,1.0,0.0,4.0,4.0,5.0,OK,1.0,1.0,0.0,1.0,OK,2.0,1.0,OK,1.0,1.0,.,.,5.0,5.0,3.0,3.0,2.0,2.0,2.0,2.0,2.0,2.0,4.0,2.0,1.0,1.0,1.0,1.0,1.0,1.0,1.0,1.0,,1.0,1.0,1.0,1.0,1.0,1.0,4.0,1.0,1.0,1.0,1000.0,0.0,10.0,7.0,5.0,2.0,,,,,,,,.,,,.,,media\1551082319301-5.jpg,2.0,uuid:3f8a56ed-3f14-466f-a8fb-6d3cede8b114,,,,,,28 Jan 2021,2021-01-28,1.0,,,,445.0,,,0.0,,,,,,,,,,,,,,
33732.0,2019-02-25,uuid:2eab5232-3c2f-4f1c-b1dd-b5e96ebfc943,2019-02-25 10:07:36,2019-02-25 10:16:07,3,33732.0,,1.0,,,1.0,31.0,LULUWA,38.0,,3.0,,1.0,,Katoka,Tukombe,1.0,4.0,KAZUMBA,9.0,,,,45000.0,10000.0,0.0,0.0,1.0,0.0,0.0,0.0,0.0,6.0,4.0,5.0,OK,1.0,1.0,0.0,1.0,OK,2.0,2.0,OK,1.0,1.0,.,.,5.0,3.0,3.0,3.0,1.0,2.0,2.0,2.0,2.0,2.0,2.0,2.0,1.0,1.0,1.0,2.0,2.0,1.0,2.0,0.0,1.0,2.0,2.0,2.0,4.0,1.0,1.0,4.0,1.0,2.0,1.0,0.0,1000.0,5.0,4.0,3.0,2.0,,,,,,,,.,,,.,,media\1551086105952-5.jpg,2.0,uuid:2eab5232-3c2f-4f1c-b1dd-b5e96ebfc943,,,,,,28 Jan 2021,2021-01-28,1.0,328.0,,,445.0,,,0.0,,,,,,,,,,,,,,
33871.0,2018-06-14,uuid:1259fc61-6bc1-4b1a-b01d-d24c42add506,2018-06-14 08:41:29,2018-06-14 09:05:55,2,33871.0,1.0,,,,,,,,,,,,,,,,,,,,,,,,,,,,,,,,,,OK,1.0,1.0,1.0,1.0,OK,4.0,4.0,OK,4.0,4.0,.,.,5.0,5.0,3.0,3.0,2.0,,,,,,,,,,,,,,,,,,,,,,,,2.0,2.0,2.0,200.0,800.0,5.0,4.0,3.0,2.0,,,,,,,,.,,,.,,media\1528959834969-2.jpg,2.0,uuid:1259fc61-6bc1-4b1a-b01d-d24c42add506,,,,,,28 Jan 2021,2021-01-28,1.0,376.0,376.0,776.0,,0.0,,,,,,,,,,,,,,,,
33871.0,2019-03-06,uuid:aad89a6a-35c8-4456-9026-73ac1fd6e9e4,2019-03-06 08:44:05,2019-03-06 09:24:48,3,33871.0,,1.0,,,1.0,48.0,LULUWA,,Bena Mande,3.0,,1.0,,Katoka,Kapanda,0.0,4.0,KAZUMBA,4.0,,,,120000.0,28000.0,1.0,0.0,0.0,1.0,0.0,0.0,0.0,4.0,3.0,6.0,OK,1.0,1.0,0.0,0.0,OK,1.0,1.0,OK,2.0,2.0,.,.,5.0,3.0,3.0,3.0,2.0,2.0,3.0,2.0,2.0,1.0,1.0,2.0,1.0,3.0,1.0,1.0,3.0,1.0,1.0,0.0,2.0,2.0,1.0,2.0,2.0,2.0,1.0,4.0,1.0,1.0,2.0,800.0,200.0,9.0,8.0,7.0,6.0,,,,,,,,.,,,.,,media\1551860531428-2.jpg,2.0,uuid:aad89a6a-35c8-4456-9026-73ac1fd6e9e4,,,,,,28 Jan 2021,2021-01-28,1.0,,,,445.0,,,0.0,,,,,,,,,,,,,,
33983.0,2018-06-05,uuid:f886d48c-76dc-4aa2-8136-f5a8b42fd0c6,2018-06-05 11:33:33,2018-06-05 13:54:06,2,33983.0,1.0,,,,,,.,,.,,.,,,.,.,,,.,,.,,.,,,0.0,0.0,0.0,0.0,0.0,0.0,0.0,,,,OK,1.0,1.0,1.0,1.0,OK,2.0,2.0,OK,2.0,2.0,.,.,5.0,3.0,4.0,3.0,2.0,,,,,,,,,,,,,,,,,,,,,,,,2.0,2.0,2.0,0.0,1000.0,9.0,7.0,6.0,4.0,,.,,,,,,.,,,.,,media\1528199552178.jpg,2.0,uuid:f886d48c-76dc-4aa2-8136-f5a8b42fd0c6,1.0,1.0,,,,28 Jan 2021,2021-01-28,1.0,256.0,256.0,656.0,,0.0,,,,,,,,,,,,,,,,N.U.
33983.0,2018-06-11,uuid:1f7b7b71-a758-45e8-8838-3b766f509864,2018-06-11 18:04:39,2018-06-11 18:29:00,3,33983.0,,1.0,,,2.0,58.0,LULUWA,38.0,,2.0,,1.0,,Katoka,Kapanda,0.0,4.0,KAZUMBA,9.0,,,,20000.0,5000.0,0.0,0.0,0.0,0.0,0.0,0.0,1.0,2.0,2.0,6.0,OK,1.0,1.0,1.0,1.0,OK,1.0,1.0,OK,2.0,1.0,.,.,3.0,3.0,3.0,3.0,2.0,1.0,1.0,4.0,1.0,1.0,1.0,4.0,1.0,1.0,1.0,1.0,1.0,1.0,1.0,0.0,4.0,1.0,1.0,1.0,1.0,1.0,2.0,2.0,2.0,1.0,2.0,0.0,1000.0,5.0,3.0,2.0,0.0,,,,,,,,.,,,.,,media\1528734495862-2.jpg,2.0,uuid:1f7b7b71-a758-45e8-8838-3b766f509864,,,,,,28 Jan 2021,2021-01-28,1.0,,,,445.0,,,0.0,,,,,,,,,,,,,,
34193.0,2018-06-13,uuid:56825f78-dbc1-4716-96a1-0298f5962228,2018-06-13 09:28:40,2018-06-13 09:55:13,2,34193.0,1.0,,,,,,,,,,,,,,,,,,,,,,,,,,,,,,,,,,OK,1.0,1.0,1.0,1.0,OK,1.0,1.0,OK,1.0,1.0,.,.,1.0,3.0,3.0,3.0,2.0,,,,,,,,,,,,,,,,,,,,,,,,3.0,2.0,1.0,800.0,200.0,8.0,7.0,6.0,5.0,,,,,,,,.,,,.,,media\1528876407219-2.jpg,2.0,uuid:56825f78-dbc1-4716-96a1-0298f5962228,,,,,,28 Jan 2021,2021-01-28,1.0,352.0,352.0,752.0,,0.0,,,,,,,,,,,,,,,,
34193.0,2019-03-23,uuid:09de9944-39fc-4ee8-9659-b7aa133ed9cd,2019-03-23 07:58:23,2019-03-23 08:28:43,3,34193.0,,1.0,,,2.0,23.0,LULUWA,33.0,,12.0,,1.0,,Katoka,Epro,1.0,4.0,DIBAYA,4.0,,,,120000.0,28000.0,0.0,0.0,1.0,1.0,0.0,0.0,0.0,3.0,3.0,6.0,OK,1.0,1.0,1.0,1.0,OK,2.0,2.0,OK,3.0,2.0,.,.,3.0,3.0,3.0,3.0,2.0,2.0,2.0,2.0,2.0,3.0,2.0,4.0,1.0,2.0,3.0,1.0,3.0,1.0,2.0,0.0,4.0,1.0,1.0,2.0,2.0,2.0,,4.0,2.0,2.0,2.0,100.0,900.0,4.0,3.0,2.0,1.0,,,,,,,,.,,,.,,media\1553326034760-3.jpg,2.0,uuid:09de9944-39fc-4ee8-9659-b7aa133ed9cd,,,,,,28 Jan 2021,2021-01-28,1.0,532.0,,,445.0,,,0.0,,,,,,,,,,,,,,
34246.0,2018-06-07,uuid:472d5571-55c5-4bfa-b5f4-634d25058fe1,2018-06-07 14:24:12,2018-06-07 14:47:41,2,34246.0,1.0,,,,,,.,,.,,.,,,.,.,,,.,,.,,.,,,0.0,0.0,0.0,0.0,0.0,0.0,0.0,,,,OK,1.0,1.0,0.0,1.0,OK,2.0,2.0,OK,3.0,3.0,.,.,5.0,5.0,3.0,2.0,1.0,,,,,,,,,,,,,,,,,,,,,,,,2.0,2.0,2.0,600.0,400.0,6.0,4.0,2.0,0.0,,.,,,,,,.,,,.,,media\1528375590636.jpg,2.0,uuid:472d5571-55c5-4bfa-b5f4-634d25058fe1,2.0,1.0,,,,28 Jan 2021,2021-01-28,1.0,281.0,281.0,681.0,,0.0,,,,,,,,,,,,,,,,N.U.
34450.0,2018-06-11,uuid:75261d59-5c9c-460b-80d7-8f66d3246243,2018-06-11 18:40:44,2018-06-11 18:54:08,2,34450.0,1.0,,,,,,,,,,,,,,,,,,,,,,,,,,,,,,,,,,OK,1.0,1.0,0.0,1.0,OK,1.0,1.0,OK,1.0,1.0,.,.,5.0,5.0,2.0,3.0,2.0,,,,,,,,,,,,,,,,,,,,,,,,2.0,5.0,2.0,1000.0,0.0,10.0,5.0,4.0,0.0,,,,,,,,.,,,.,,media\1528736011234-2.jpg,2.0,uuid:75261d59-5c9c-460b-80d7-8f66d3246243,,,,,,28 Jan 2021,2021-01-28,1.0,323.0,323.0,723.0,,0.0,,,,,,,,,,,,,,,,
34450.0,2019-03-27,uuid:f4f032d8-e799-4779-bbdb-3e2249307927,2019-03-27 14:15:36,2019-03-27 14:35:58,3,34450.0,,1.0,,,1.0,50.0,LULUWA,19.0,,12.0,,0.0,1989.0,Katoka,Kapanda tshiatshia,0.0,4.0,DIBAYA,0.0,,30.0,,100000.0,15000.0,0.0,0.0,0.0,0.0,0.0,1.0,0.0,4.0,2.0,4.0,OK,1.0,1.0,0.0,1.0,OK,2.0,2.0,OK,2.0,3.0,.,.,4.0,4.0,1.0,1.0,2.0,4.0,4.0,4.0,2.0,2.0,2.0,3.0,1.0,1.0,2.0,2.0,2.0,2.0,2.0,1.0,,4.0,1.0,1.0,3.0,2.0,2.0,,5.0,4.0,2.0,1000.0,0.0,7.0,3.0,2.0,0.0,,,,,,,,.,,,.,,media\1553693738045-2.jpg,2.0,uuid:f4f032d8-e799-4779-bbdb-3e2249307927,,,,,,28 Jan 2021,2021-01-28,1.0,545.0,,,445.0,,,0.0,,,,,,,,,,,,,,
34691.0,2018-06-11,uuid:b12acf16-8242-4472-a2f9-275cb1c1f495,2018-06-11 10:54:12,2018-06-11 11:09:35,2,34691.0,1.0,,,,,,,,,,,,,,,,,,,,,,,,,,,,,,,,,,OK,1.0,1.0,1.0,0.0,OK,2.0,2.0,OK,3.0,2.0,.,.,5.0,5.0,3.0,3.0,2.0,,,,,,,,,,,,,,,,,,,,,,,,2.0,2.0,2.0,1000.0,0.0,10.0,5.0,0.0,0.0,,,,,,,,.,,,.,,media\1528708130474-2.jpg,2.0,uuid:b12acf16-8242-4472-a2f9-275cb1c1f495,,,,,,28 Jan 2021,2021-01-28,1.0,303.0,303.0,703.0,,0.0,,,,,,,,,,,,,,1.0,1.0,
34891.0,2019-03-07,uuid:05fc7f15-855a-48b2-8228-866162531b7c,2019-03-07 11:30:26,2019-03-07 12:02:00,2,34891.0,1.0,,,,,,,,,,,,,,,,,,,,,,,,,,,,,,,,,,OK,0.0,1.0,0.0,1.0,OK,4.0,3.0,OK,4.0,3.0,.,.,3.0,3.0,3.0,3.0,2.0,,,,,,,,,,,,,,,,,,,,,,,,2.0,2.0,2.0,600.0,400.0,7.0,6.0,5.0,4.0,,,,,,,,.,,,.,,media\1551955042885-2.jpg,2.0,uuid:05fc7f15-855a-48b2-8228-866162531b7c,,,,,,28 Jan 2021,2021-01-28,1.0,640.0,640.0,1040.0,,0.0,,,,,,,,,,,,,,,,
34977.0,2019-03-07,uuid:823a5f02-4f67-459e-a029-2febac089495,2019-03-07 13:39:23,2019-03-07 14:02:10,2,34977.0,1.0,,,,,,,,,,,,,,,,,,,,,,,,,,,,,,,,,,OK,1.0,0.0,0.0,1.0,OK,3.0,3.0,OK,3.0,4.0,.,.,4.0,5.0,3.0,3.0,2.0,,,,,,,,,,,,,,,,,,,,,,,,1.0,2.0,2.0,200.0,800.0,10.0,8.0,5.0,3.0,,,,,,,,.,,,.,,media\1551963702291-3.jpg,2.0,uuid:823a5f02-4f67-459e-a029-2febac089495,,,,,,28 Jan 2021,2021-01-28,1.0,644.0,644.0,1044.0,,0.0,,,,,,,,,,,,,,,,
34977.0,2019-03-11,uuid:a406088a-28b5-4fb4-bdac-8278ad768805,2019-03-11 14:51:23,2019-03-11 15:18:19,3,34977.0,,1.0,,,1.0,19.0,BINDI,,,3.0,,0.0,2009.0,Katoka,Konkoloni,1.0,4.0,KAZUMBA,0.0,,0.0,,30000.0,10000.0,0.0,0.0,1.0,0.0,0.0,0.0,0.0,4.0,3.0,6.0,OK,1.0,1.0,0.0,0.0,OK,1.0,2.0,OK,2.0,3.0,.,.,3.0,5.0,4.0,3.0,1.0,1.0,1.0,4.0,2.0,1.0,2.0,1.0,1.0,3.0,1.0,1.0,3.0,1.0,2.0,0.0,4.0,2.0,1.0,1.0,1.0,1.0,1.0,4.0,1.0,2.0,1.0,500.0,500.0,10.0,7.0,5.0,4.0,,,,,,,,.,,,.,,media\1552313859406-2.jpg,2.0,uuid:a406088a-28b5-4fb4-bdac-8278ad768805,,,,,,28 Jan 2021,2021-01-28,1.0,449.0,,,445.0,,,0.0,,,,,,,,,,,,,,
35285.0,2019-03-01,uuid:9b7ec17a-7dac-4cab-8b47-d5dd5efef010,2019-03-01 11:49:31,2019-03-01 12:14:55,2,35285.0,1.0,,,,,,,,,,,,,,,,,,,,,,,,,,,,,,,,,,OK,1.0,0.0,0.0,1.0,OK,2.0,2.0,OK,1.0,1.0,.,.,5.0,5.0,3.0,3.0,2.0,,,,,,,,,,,,,,,,,,,,,,,,2.0,2.0,2.0,1000.0,0.0,10.0,8.0,7.0,6.0,,,,,,,,.,,,.,,media\1551438747321-2.jpg,2.0,uuid:9b7ec17a-7dac-4cab-8b47-d5dd5efef010,,,,,,28 Jan 2021,2021-01-28,1.0,569.0,569.0,969.0,,0.0,,,,,,,,,,,,,,,,
35285.0,2019-03-15,uuid:59fc706e-c9e5-47b0-8626-2f74fbf10afd,2019-03-15 09:50:06,,3,35285.0,,1.0,,,1.0,58.0,BINDI,,,3.0,,0.0,1993.0,Katoka,Katoka3,0.0,4.0,KAZUMBA,9.0,,,,180000.0,25000.0,0.0,0.0,1.0,0.0,0.0,0.0,0.0,2.0,3.0,6.0,OK,1.0,1.0,0.0,1.0,OK,2.0,1.0,OK,1.0,1.0,.,.,4.0,3.0,3.0,3.0,1.0,2.0,2.0,2.0,2.0,2.0,2.0,2.0,1.0,1.0,1.0,1.0,3.0,3.0,1.0,1.0,,1.0,1.0,1.0,2.0,2.0,1.0,4.0,2.0,2.0,1.0,1000.0,0.0,8.0,7.0,5.0,4.0,,,,,,,,.,,,.,,media\1552641677900-2.jpg,2.0,uuid:59fc706e-c9e5-47b0-8626-2f74fbf10afd,,,,,,28 Jan 2021,2021-01-28,1.0,460.0,,,445.0,,,0.0,,,,,,,,,,,,,,
35396.0,2018-06-13,uuid:29c31cf6-5c5a-481a-b87b-85047077474d,2018-06-13 15:53:06,2018-06-13 16:25:58,2,35396.0,1.0,,,,,,,,,,,,,,,,,,,,,,,,,,,,,,,,,,OK,1.0,1.0,1.0,1.0,OK,2.0,2.0,OK,3.0,3.0,.,.,5.0,4.0,3.0,3.0,2.0,,,,,,,,,,,,,,,,,,,,,,,,2.0,2.0,2.0,0.0,0.0,10.0,5.0,4.0,2.0,,,,,,,,.,,,.,,media\1528899825776-2.jpg,2.0,uuid:29c31cf6-5c5a-481a-b87b-85047077474d,,,,,,28 Jan 2021,2021-01-28,1.0,372.0,372.0,772.0,,0.0,,,,,,,,,,,,,,,,
35396.0,2019-03-25,uuid:9a565c16-886f-4875-a30a-c6acafe2f2e7,2019-03-25 10:21:37,2019-03-25 10:55:07,3,35396.0,,1.0,,,1.0,30.0,LULUWA,44.0,,8.0,,0.0,2014.0,Katoka,Mpokolo,1.0,4.0,DIBAYA,9.0,,,,42000.0,10500.0,0.0,0.0,0.0,0.0,0.0,1.0,0.0,9.0,3.0,6.0,OK,1.0,1.0,0.0,0.0,OK,1.0,1.0,OK,2.0,2.0,.,.,5.0,3.0,2.0,3.0,2.0,2.0,2.0,2.0,2.0,2.0,2.0,2.0,1.0,2.0,1.0,1.0,7.0,1.0,1.0,0.0,4.0,3.0,2.0,2.0,1.0,1.0,1.0,4.0,1.0,1.0,1.0,600.0,400.0,2.0,4.0,3.0,4.0,,,,,,,,.,,,.,,media\1553507672614-2.jpg,2.0,uuid:9a565c16-886f-4875-a30a-c6acafe2f2e7,,,,,,28 Jan 2021,2021-01-28,1.0,542.0,,,445.0,,,0.0,1.0,1.0,1.0,,,1.0,,,,,1.0,,1.0,
35410.0,2018-06-06,uuid:4935ff00-8118-4298-93d5-839100af8eff,2018-06-06 09:58:09,2018-06-06 10:19:05,2,35410.0,1.0,,,,,,.,,.,,.,,,.,.,,,.,,.,,.,,,0.0,0.0,0.0,0.0,0.0,0.0,0.0,,,,OK,1.0,1.0,0.0,1.0,OK,1.0,1.0,OK,1.0,2.0,.,.,5.0,5.0,3.0,3.0,2.0,,,,,,,,,,,,,,,,,,,,,,,,2.0,2.0,2.0,900.0,100.0,8.0,7.0,5.0,5.0,,.,,,,,,.,,,.,,media\1528273112649.jpg,2.0,uuid:4935ff00-8118-4298-93d5-839100af8eff,1.0,1.0,,,,28 Jan 2021,2021-01-28,1.0,266.0,266.0,666.0,,0.0,,,,,,,,,,,,,,1.0,1.0,N.U.
35410.0,2019-02-25,uuid:2eb73722-e9cb-429f-b596-2aa814b17190,2019-02-25 08:28:21,2019-02-25 09:15:04,3,35410.0,,1.0,,,1.0,40.0,NYAMBI,,,9.0,,0.0,2008.0,Katoka,Mpokolo,1.0,4.0,KAMONIA,27.0,,,,100000.0,40000.0,1.0,0.0,0.0,0.0,0.0,1.0,0.0,2.0,4.0,2.0,OK,1.0,1.0,0.0,1.0,OK,1.0,1.0,OK,1.0,1.0,.,.,5.0,3.0,3.0,3.0,2.0,1.0,4.0,4.0,1.0,1.0,1.0,1.0,1.0,1.0,1.0,1.0,1.0,1.0,1.0,1.0,,1.0,1.0,1.0,1.0,1.0,4.0,4.0,3.0,1.0,1.0,700.0,300.0,7.0,4.0,2.0,0.0,,,,,,,,.,,,.,,media\1551081029335-4.jpg,2.0,uuid:2eb73722-e9cb-429f-b596-2aa814b17190,,,,,,28 Jan 2021,2021-01-28,1.0,319.0,,,445.0,,,0.0,,,,,,,,,,,,,,
35690.0,2018-06-14,uuid:1dbd8ad8-61a7-4aa7-b83d-1ba938a96195,2018-06-14 16:19:04,2018-06-14 16:37:35,2,35690.0,1.0,,,,,,,,,,,,,,,,,,,,,,,,,,,,,,,,,,OK,1.0,1.0,1.0,1.0,OK,1.0,1.0,OK,2.0,2.0,.,.,3.0,3.0,3.0,3.0,2.0,,,,,,,,,,,,,,,,,,,,,,,,2.0,2.0,2.0,500.0,500.0,10.0,7.0,6.0,5.0,,,,,,,,.,,,.,,media\1528986956634-2.jpg,2.0,uuid:1dbd8ad8-61a7-4aa7-b83d-1ba938a96195,,,,,,28 Jan 2021,2021-01-28,1.0,391.0,391.0,791.0,,0.0,,,,,,,,,,,,,,,,
35690.0,2019-03-16,uuid:2f576749-315c-4374-bfb7-21e525542824,2019-03-16 10:40:52,2019-03-16 11:21:29,3,35690.0,,1.0,,,1.0,41.0,LULUWA,30.0,,1.0,,0.0,2002.0,Katoka,Mpokolo,1.0,4.0,DIBAYA,,Directeur de l'école,,,50000.0,10000.0,0.0,0.0,0.0,0.0,0.0,0.0,1.0,6.0,2.0,6.0,OK,1.0,1.0,1.0,1.0,OK,1.0,1.0,OK,1.0,1.0,.,.,3.0,3.0,2.0,3.0,2.0,3.0,2.0,2.0,2.0,2.0,2.0,2.0,1.0,1.0,1.0,1.0,1.0,1.0,1.0,1.0,,1.0,1.0,1.0,1.0,1.0,1.0,5.0,2.0,2.0,2.0,800.0,200.0,8.0,5.0,4.0,2.0,,,,,,,,.,,,.,,media\1552730596880-4.jpg,2.0,uuid:2f576749-315c-4374-bfb7-21e525542824,,,,,,28 Jan 2021,2021-01-28,1.0,,,,445.0,,,0.0,,,,,,,,,,,,,,
35797.0,2018-06-04,uuid:385dbf8f-f5df-4021-9394-4d1a905d6806,2018-06-04 16:20:10,2018-06-04 16:52:41,2,35797.0,1.0,,,,,,.,,.,,.,,,.,.,,,.,,.,,.,,,0.0,0.0,0.0,0.0,0.0,0.0,0.0,,,,OK,1.0,1.0,1.0,1.0,OK,1.0,2.0,OK,1.0,2.0,.,.,5.0,5.0,1.0,1.0,2.0,,,,,,,,,,,,,,,,,,,,,,,,2.0,2.0,2.0,400.0,600.0,6.0,4.0,3.0,2.0,,.,,,,,,.,,,.,,media\1528123863390.jpg,2.0,uuid:385dbf8f-f5df-4021-9394-4d1a905d6806,2.0,0.0,.,,,28 Jan 2021,2021-01-28,1.0,252.0,252.0,652.0,,0.0,,,,,,,,,,,,,,,,N.U.
35797.0,2018-10-23,uuid:bd965336-54f6-4de4-ad4a-c0484b5dbb05,2018-10-23 17:00:49,2018-10-23 17:46:03,3,35797.0,,1.0,,,1.0,41.0,LULUWA,,Bakua ntumba,3.0,,1.0,,Katoka,Mpokolo,1.0,4.0,KAZUMBA,0.0,,0.0,,150000.0,20000.0,0.0,0.0,0.0,0.0,0.0,0.0,1.0,3.0,3.0,4.0,OK,1.0,0.0,0.0,1.0,OK,2.0,2.0,OK,3.0,2.0,.,.,3.0,3.0,2.0,3.0,2.0,2.0,1.0,1.0,2.0,3.0,3.0,3.0,2.0,2.0,2.0,1.0,3.0,2.0,2.0,0.0,1.0,1.0,1.0,1.0,1.0,1.0,2.0,1.0,2.0,2.0,2.0,1000.0,0.0,5.0,3.0,2.0,0.0,,,,,,,,.,,,.,,media\1540308202274-2.jpg,2.0,uuid:bd965336-54f6-4de4-ad4a-c0484b5dbb05,,,,,,28 Jan 2021,2021-01-28,1.0,274.0,,,445.0,,,0.0,,,,,,,,,,,,,,
35988.0,2018-06-05,uuid:c654a5f0-bdb9-4db2-b5da-4bf589b87e23,2018-06-05 16:31:11,2018-06-05 17:00:14,2,35988.0,1.0,,,,,,.,,.,,.,,,.,.,,,.,,.,,.,,,0.0,0.0,0.0,0.0,0.0,0.0,0.0,,,,OK,1.0,1.0,1.0,1.0,OK,1.0,1.0,OK,1.0,1.0,.,.,4.0,4.0,3.0,3.0,2.0,,,,,,,,,,,,,,,,,,,,,,,,2.0,1.0,2.0,600.0,400.0,6.0,5.0,4.0,0.0,,.,,,,,,.,,,.,,media\1528210056959.jpg,2.0,uuid:c654a5f0-bdb9-4db2-b5da-4bf589b87e23,2.0,1.0,,,,28 Jan 2021,2021-01-28,1.0,262.0,262.0,662.0,,0.0,,,,,,,,,,,,,,,,N.U.
36047.0,2018-06-12,uuid:903029d2-0f4d-4dae-b89e-d8fe797ddb14,2018-06-12 08:53:18,2018-06-12 09:20:22,2,36047.0,1.0,,,,,,,,,,,,,,,,,,,,,,,,,,,,,,,,,,OK,1.0,1.0,1.0,1.0,OK,3.0,2.0,OK,4.0,3.0,.,.,5.0,3.0,1.0,3.0,2.0,,,,,,,,,,,,,,,,,,,,,,,,2.0,2.0,,1000.0,0.0,10.0,9.0,8.0,7.0,,,,,,,,.,,,.,,media\1528787946107-2.jpg,2.0,uuid:903029d2-0f4d-4dae-b89e-d8fe797ddb14,,,,,,28 Jan 2021,2021-01-28,1.0,325.0,325.0,725.0,,0.0,,,,,,,,,,,,,,,,
36047.0,2019-03-23,uuid:880c4f6f-47fd-4aa7-bbf0-5bade85fc43d,2019-03-23 09:32:06,2019-03-23 09:54:05,3,36047.0,,1.0,,,1.0,30.0,LULUWA,,Bakua Tshiama,1.0,,1.0,,Katoka,Mpokolo,1.0,4.0,DEMBA,4.0,,,,150000.0,20000.0,0.0,0.0,1.0,0.0,0.0,0.0,0.0,5.0,4.0,7.0,OK,1.0,1.0,0.0,1.0,OK,1.0,2.0,OK,1.0,1.0,.,.,4.0,3.0,3.0,3.0,2.0,2.0,2.0,2.0,2.0,2.0,2.0,2.0,8.0,3.0,2.0,2.0,3.0,3.0,2.0,1.0,,1.0,1.0,1.0,1.0,1.0,4.0,1.0,1.0,1.0,1.0,900.0,100.0,5.0,4.0,3.0,2.0,,,,,,,,.,,,.,,media\1553331204277-2.jpg,2.0,uuid:880c4f6f-47fd-4aa7-bbf0-5bade85fc43d,,,,,,28 Jan 2021,2021-01-28,1.0,,,,445.0,,,0.0,,,,,,,,,,,,,,
36183.0,2018-06-21,uuid:447b6235-2265-4acb-9eb2-7eb9bb3a0d2a,2018-06-21 15:47:11,,2,36183.0,0.0,,,,,,,,,,,,,,,,,,,,,,,,,,,,,,,,,,,,,,,,,,,,,.,.,,,,,,,,,,,,,,,,,,,,,,,,,,,,,,,,,,,,,,,,,,,,,.,,,.,,,,uuid:447b6235-2265-4acb-9eb2-7eb9bb3a0d2a,,,,,,28 Jan 2021,2021-01-28,0.0,400.0,400.0,800.0,,,,,,,,,,,1.0,1.0,1.0,1.0,1.0,1.0,1.0,
36183.0,2018-11-13,uuid:f84c965f-c495-4dc8-bc7f-c80b5ef598fc,2018-11-13 13:32:02,2018-11-13 13:52:29,3,36183.0,,1.0,,,1.0,58.0,LULUWA,25.0,,12.0,,1.0,,Katoka,Mpokolo,0.0,4.0,DIBAYA,0.0,,23.0,,200000.0,18000.0,1.0,0.0,1.0,0.0,0.0,0.0,0.0,5.0,3.0,3.0,OK,1.0,1.0,0.0,1.0,OK,2.0,1.0,OK,1.0,2.0,.,.,5.0,3.0,4.0,3.0,2.0,1.0,2.0,4.0,2.0,2.0,2.0,2.0,1.0,1.0,1.0,1.0,1.0,1.0,1.0,1.0,,4.0,1.0,1.0,1.0,4.0,1.0,4.0,1.0,1.0,2.0,700.0,300.0,5.0,3.0,3.0,2.0,,,,,,,,.,,,.,,media\1542113490647-2.jpg,2.0,uuid:f84c965f-c495-4dc8-bc7f-c80b5ef598fc,,,,,,28 Jan 2021,2021-01-28,1.0,,,,445.0,,,0.0,,,,,,,,,,1.0,,,1.0,
36183.0,2018-11-13,uuid:9b3cda73-3b41-47a0-91e6-796014f5aef4,2018-11-13 12:53:11,2018-11-13 13:23:57,2,36183.0,1.0,,,,,,,,,,,,,,,,,,,,,,,,,,,,,,,,,,OK,1.0,1.0,1.0,1.0,OK,2.0,1.0,OK,1.0,1.0,.,.,3.0,3.0,3.0,3.0,2.0,,,,,,,,,,,,,,,,,,,,,,,,1.0,1.0,2.0,1000.0,0.0,7.0,6.0,4.0,3.0,,,,,,,,.,,,.,,media\1542110838722-2.jpg,2.0,uuid:9b3cda73-3b41-47a0-91e6-796014f5aef4,,,,,,28 Jan 2021,2021-01-28,1.0,479.0,479.0,879.0,,0.0,,,,,,,,,,,,,,,,
36244.0,2018-06-14,uuid:bdd5d646-e358-47da-b222-148fff90e7d5,2018-06-14 09:47:14,2018-06-14 10:12:23,2,36244.0,1.0,,,,,,,,,,,,,,,,,,,,,,,,,,,,,,,,,,OK,1.0,1.0,1.0,1.0,OK,3.0,2.0,OK,4.0,4.0,.,.,5.0,5.0,2.0,3.0,1.0,,,,,,,,,,,,,,,,,,,,,,,,1.0,1.0,2.0,500.0,500.0,7.0,5.0,4.0,3.0,,,,,,,,.,,,.,,media\1528963904612-2.jpg,2.0,uuid:bdd5d646-e358-47da-b222-148fff90e7d5,,,,,,28 Jan 2021,2021-01-28,1.0,378.0,378.0,778.0,,0.0,,,,,,,,,,,,,,,,
36586.0,2018-06-06,uuid:2272cdcb-7fb4-47f4-b940-3590fce3c791,2018-06-06 10:16:13,2018-06-06 10:46:05,2,36586.0,1.0,,,,,,.,,.,,.,,,.,.,,,.,,.,,.,,,0.0,0.0,0.0,0.0,0.0,0.0,0.0,,,,OK,1.0,1.0,0.0,1.0,OK,2.0,2.0,OK,2.0,2.0,.,.,5.0,5.0,3.0,3.0,2.0,,,,,,,,,,,,,,,,,,,,,,,,2.0,1.0,1.0,1000.0,0.0,8.0,4.0,0.0,0.0,,.,,,,,,.,,,.,,media\1528273862346.jpg,2.0,uuid:2272cdcb-7fb4-47f4-b940-3590fce3c791,2.0,1.0,,,,28 Jan 2021,2021-01-28,1.0,267.0,267.0,667.0,,0.0,,,,,,,,,,,,,,1.0,1.0,N.U.
36589.0,2018-06-01,uuid:f2dc93bc-22eb-4a8d-992d-8cab746cbb24,2018-06-01 11:15:35,2018-06-01 11:57:04,2,36589.0,1.0,,,,,,.,,.,,.,,,.,.,,,.,,.,,.,,,0.0,0.0,0.0,0.0,0.0,0.0,0.0,,,,OK,0.0,1.0,0.0,1.0,OK,3.0,3.0,OK,2.0,2.0,.,.,3.0,3.0,3.0,3.0,1.0,,,,,,,,,,,,,,,,,,,,,,,,1.0,2.0,2.0,800.0,200.0,5.0,4.0,1.0,0.0,,.,,,,,,.,,,.,,media\1527846160663.jpg,2.0,uuid:f2dc93bc-22eb-4a8d-992d-8cab746cbb24,1.0,,,,,28 Jan 2021,2021-01-28,1.0,227.0,227.0,627.0,,0.0,,,,,,,,,,,,,,,,N.U.
36589.0,2018-06-12,uuid:8fa4706b-eb1d-45ad-a1c3-76edd098e6cc,2018-06-12 14:05:12,2018-06-12 14:58:06,3,36589.0,,1.0,,,1.0,38.0,LULUWA,,Bena Kasenga,8.0,,0.0,1984.0,Katoka,Katoka II,0.0,4.0,DIBAYA,4.0,,,,90000.0,21000.0,0.0,0.0,1.0,1.0,1.0,0.0,0.0,2.0,3.0,5.0,OK,1.0,1.0,0.0,1.0,OK,2.0,2.0,OK,1.0,1.0,.,.,4.0,3.0,3.0,3.0,1.0,2.0,2.0,2.0,2.0,2.0,2.0,2.0,1.0,1.0,1.0,1.0,1.0,1.0,1.0,0.0,4.0,2.0,2.0,2.0,2.0,1.0,1.0,4.0,1.0,1.0,2.0,300.0,700.0,3.0,1.0,0.0,0.0,,,,,,,,.,,,.,,media\1528806534352-2.jpg,2.0,uuid:8fa4706b-eb1d-45ad-a1c3-76edd098e6cc,,,,,,28 Jan 2021,2021-01-28,1.0,141.0,,,445.0,,,0.0,,,,,,,,,,,,1.0,1.0,
36693.0,2018-06-14,uuid:f29318b8-e517-4872-a45f-9417fba97f86,2018-06-14 12:47:27,2018-06-14 13:34:32,2,36693.0,1.0,,,,,,,,,,,,,,,,,,,,,,,,,,,,,,,,,,OK,1.0,1.0,1.0,1.0,OK,1.0,1.0,OK,2.0,1.0,.,.,5.0,3.0,2.0,3.0,2.0,,,,,,,,,,,,,,,,,,,,,,,,2.0,2.0,2.0,1000.0,0.0,8.0,7.0,6.0,5.0,,,,,,,,.,,,.,,media\1528974202151-2.jpg,2.0,uuid:f29318b8-e517-4872-a45f-9417fba97f86,,,,,,28 Jan 2021,2021-01-28,1.0,384.0,384.0,784.0,,0.0,,,,,,,,,,,,,,,,
36693.0,2019-03-15,uuid:4d904781-d046-41ca-b8c4-57f6ea95f519,2019-03-15 11:56:32,2019-03-15 12:37:23,3,36693.0,,1.0,,,1.0,62.0,LULUWA,,Bena Kawaya,11.0,,1.0,,Katoka,Mpokolo Simba,1.0,4.0,KAZUMBA,9.0,,,,70000.0,34000.0,0.0,0.0,0.0,0.0,0.0,0.0,1.0,4.0,3.0,4.0,OK,1.0,1.0,0.0,1.0,OK,1.0,1.0,OK,1.0,1.0,.,.,3.0,3.0,3.0,3.0,2.0,2.0,2.0,3.0,4.0,1.0,1.0,1.0,1.0,2.0,1.0,1.0,1.0,8.0,1.0,0.0,1.0,2.0,1.0,1.0,1.0,2.0,1.0,3.0,1.0,2.0,2.0,1000.0,0.0,10.0,9.0,7.0,5.0,,,,,,,,.,,,.,,media\1552649774405-2.jpg,2.0,uuid:4d904781-d046-41ca-b8c4-57f6ea95f519,,,,,,28 Jan 2021,2021-01-28,1.0,463.0,,,445.0,,,0.0,,,,,,,,,,,,,,
36876.0,2018-06-14,uuid:1e235fd4-3255-4248-a1af-621fd17ea388,2018-06-14 13:33:00,2018-06-14 14:04:48,2,36876.0,1.0,,,,,,,,,,,,,,,,,,,,,,,,,,,,,,,,,,OK,1.0,1.0,0.0,0.0,OK,2.0,1.0,OK,2.0,1.0,.,.,3.0,3.0,3.0,3.0,2.0,,,,,,,,,,,,,,,,,,,,,,,,2.0,2.0,1.0,1000.0,0.0,8.0,7.0,6.0,5.0,,,,,,,,.,,,.,,media\1528977751133-2.jpg,2.0,uuid:1e235fd4-3255-4248-a1af-621fd17ea388,,,,,,28 Jan 2021,2021-01-28,1.0,385.0,385.0,785.0,,0.0,,,,,,,,,,,,,,,,
36876.0,2019-03-18,uuid:37d43b52-b5cf-4ec8-bd23-197ea2f5b26e,2019-03-18 09:20:24,2019-03-18 09:41:33,3,36876.0,,1.0,,,1.0,29.0,LULUWA,33.0,,8.0,,1.0,,Katoka,Tshisua Bantu,0.0,4.0,KAMONIA,4.0,,,,42000.0,15000.0,0.0,0.0,0.0,0.0,0.0,0.0,1.0,1.0,3.0,3.0,OK,1.0,0.0,1.0,0.0,OK,1.0,1.0,OK,3.0,2.0,.,.,5.0,5.0,3.0,3.0,1.0,1.0,2.0,3.0,1.0,2.0,3.0,2.0,1.0,1.0,1.0,1.0,1.0,8.0,1.0,0.0,3.0,1.0,1.0,1.0,1.0,1.0,1.0,4.0,1.0,1.0,2.0,600.0,400.0,7.0,6.0,5.0,,,,,,,,,.,,,.,,media\1552898451602-2.jpg,2.0,uuid:37d43b52-b5cf-4ec8-bd23-197ea2f5b26e,,,,,,28 Jan 2021,2021-01-28,1.0,,,,445.0,,,0.0,,,1.0,,1.0,1.0,,,,,,,1.0,
37051.0,2018-06-08,uuid:91de7c12-a693-4bd7-b60d-5aaa9b5c4385,2018-06-08 10:28:34,2018-06-08 11:00:05,2,37051.0,1.0,,,,,,.,,.,,.,,,.,.,,,.,,.,,.,,,0.0,0.0,0.0,0.0,0.0,0.0,0.0,,,,OK,1.0,1.0,1.0,1.0,OK,1.0,1.0,OK,1.0,1.0,.,.,3.0,3.0,3.0,3.0,2.0,,,,,,,,,,,,,,,,,,,,,,,,2.0,2.0,2.0,1000.0,0.0,10.0,8.0,6.0,5.0,,.,,,,,,.,,,.,,media\1528447497436.jpg,2.0,uuid:91de7c12-a693-4bd7-b60d-5aaa9b5c4385,1.0,1.0,,,,28 Jan 2021,2021-01-28,1.0,289.0,289.0,689.0,,0.0,,,,,,,,,,,,,,,,N.U.
37051.0,2018-06-12,uuid:7ef65c67-bddf-4770-aec8-4fdead9f8e62,2018-06-12 10:41:29,2018-06-12 11:25:04,3,37051.0,,1.0,,,1.0,53.0,LULUWA,47.0,,2.0,,0.0,1993.0,Katoka,Katoka 2,1.0,4.0,KAZUMBA,9.0,,,,70000.0,15000.0,1.0,0.0,1.0,1.0,0.0,0.0,0.0,7.0,3.0,6.0,OK,1.0,1.0,1.0,1.0,OK,1.0,1.0,OK,1.0,1.0,.,.,5.0,4.0,3.0,3.0,2.0,2.0,2.0,2.0,2.0,2.0,2.0,2.0,1.0,2.0,2.0,2.0,2.0,2.0,2.0,0.0,4.0,3.0,1.0,1.0,1.0,1.0,3.0,4.0,1.0,1.0,2.0,800.0,200.0,10.0,5.0,1.0,0.0,,,,,,,,.,,,.,,media\1528794040476-2.jpg,2.0,uuid:7ef65c67-bddf-4770-aec8-4fdead9f8e62,,,,,,28 Jan 2021,2021-01-28,1.0,,,,445.0,,,0.0,,,,,,,,,,,,,,
37052.0,2018-06-07,uuid:585cad0d-134f-48b1-ad84-27e4c58b1d4a,2018-06-07 10:05:16,2018-06-07 10:35:03,2,37052.0,1.0,,,,,,.,,.,,.,,,.,.,,,.,,.,,.,,,0.0,0.0,0.0,0.0,0.0,0.0,0.0,,,,OK,1.0,1.0,0.0,1.0,OK,2.0,2.0,OK,1.0,1.0,.,.,5.0,5.0,3.0,3.0,2.0,,,,,,,,,,,,,,,,,,,,,,,,2.0,1.0,1.0,1000.0,0.0,8.0,6.0,4.0,2.0,,.,,,,,,.,,,.,,media\1528359679168.jpg,2.0,uuid:585cad0d-134f-48b1-ad84-27e4c58b1d4a,1.0,1.0,,,,28 Jan 2021,2021-01-28,1.0,275.0,275.0,675.0,,0.0,,,,,,,,,,,,,,,,N.U.
37232.0,2019-03-04,uuid:49185c20-a93e-4c74-b51d-95b7981a7fe2,2019-03-04 16:24:07,2019-03-04 16:55:40,2,37232.0,1.0,,,,,,,,,,,,,,,,,,,,,,,,,,,,,,,,,,OK,1.0,0.0,0.0,0.0,OK,1.0,1.0,OK,2.0,2.0,.,.,5.0,5.0,3.0,3.0,2.0,,,,,,,,,,,,,,,,,,,,,,,,2.0,2.0,2.0,1000.0,0.0,10.0,5.0,2.0,1.0,,,,,,,,.,,,.,,media\1551713789260-4.jpg,2.0,uuid:49185c20-a93e-4c74-b51d-95b7981a7fe2,,,,,,28 Jan 2021,2021-01-28,1.0,581.0,581.0,981.0,,0.0,,,,,,,,,,,,,,,,
37232.0,2019-03-16,uuid:60c12917-9358-48b7-9bbf-5e984b56041d,2019-03-16 10:01:03,2019-03-16 10:37:31,3,37232.0,,1.0,,,1.0,40.0,LUBA,15.0,,8.0,,0.0,2010.0,Katoka,Katoka,1.0,5.0,KABEYA-KAMWANGA,14.0,,,,100000.0,15000.0,0.0,0.0,1.0,1.0,0.0,0.0,0.0,3.0,2.0,6.0,OK,1.0,1.0,1.0,1.0,OK,2.0,2.0,OK,2.0,2.0,.,.,3.0,3.0,2.0,4.0,2.0,1.0,1.0,1.0,1.0,1.0,1.0,1.0,1.0,1.0,1.0,1.0,1.0,1.0,1.0,1.0,,1.0,2.0,2.0,2.0,2.0,3.0,3.0,2.0,2.0,2.0,500.0,500.0,5.0,4.0,3.0,2.0,,,,,,,,.,,,.,,media\1552729028162-5.jpg,2.0,uuid:60c12917-9358-48b7-9bbf-5e984b56041d,,,,,,28 Jan 2021,2021-01-28,1.0,491.0,,,445.0,,,0.0,,,,,,,,,,,,,,
37688.0,2018-08-09,uuid:d2f1d344-c9b8-4b77-8b97-daf219912634,2018-08-09 08:55:20,2018-08-09 10:00:01,2,37688.0,1.0,,,,,,,,,,,,,,,,,,,,,,,,,,,,,,,,,,OK,0.0,0.0,0.0,0.0,OK,2.0,2.0,OK,2.0,2.0,.,.,5.0,5.0,3.0,3.0,2.0,,,,,,,,,,,,,,,,,,,,,,,,2.0,2.0,2.0,200.0,800.0,8.0,7.0,6.0,3.0,,,,,,,,.,,,.,,media\1533798962874-2.jpg,2.0,uuid:d2f1d344-c9b8-4b77-8b97-daf219912634,,,,,,28 Jan 2021,2021-01-28,1.0,427.0,427.0,827.0,,0.0,,,,,,,,,,,,,,,,
37688.0,2018-08-20,uuid:391019eb-ee81-4386-baa0-d4c23d637855,2018-08-20 09:38:05,2018-08-20 10:00:34,3,37688.0,,1.0,,,1.0,21.0,LUNTU,,Bena kalala,1.0,,1.0,,Katoka,Katoka,0.0,4.0,DIMBELENGE,4.0,,,,500000.0,50000.0,0.0,1.0,0.0,1.0,1.0,0.0,0.0,4.0,1.0,,OK,1.0,1.0,0.0,0.0,OK,2.0,2.0,OK,2.0,2.0,.,.,3.0,5.0,3.0,2.0,2.0,2.0,2.0,4.0,2.0,2.0,2.0,2.0,1.0,1.0,1.0,1.0,1.0,8.0,1.0,0.0,1.0,2.0,3.0,4.0,2.0,2.0,1.0,4.0,2.0,2.0,2.0,500.0,500.0,10.0,6.0,5.0,4.0,,,,,,,,.,,,.,,media\1534752021541-2.jpg,2.0,uuid:391019eb-ee81-4386-baa0-d4c23d637855,,,,,,28 Jan 2021,2021-01-28,1.0,230.0,,,445.0,,,0.0,,,,,,,,,,,,,,
37688.0,2019-02-25,uuid:cacd40ab-9c14-4bc1-b781-641bdeea9514,2019-02-25 08:24:19,2019-02-25 09:06:35,3,37688.0,,0.0,,,1.0,36.0,LULUWA,47.0,,1.0,,0.0,1985.0,Katoka,Katoka,1.0,4.0,KAZUMBA,4.0,,,,70000.0,15000.0,0.0,0.0,1.0,0.0,0.0,0.0,0.0,2.0,4.0,1.0,OK,1.0,1.0,1.0,1.0,OK,1.0,1.0,OK,1.0,1.0,.,.,3.0,3.0,3.0,3.0,2.0,2.0,4.0,4.0,2.0,2.0,4.0,2.0,1.0,1.0,3.0,1.0,2.0,1.0,2.0,1.0,,2.0,1.0,1.0,1.0,1.0,2.0,4.0,1.0,1.0,1.0,900.0,100.0,10.0,6.0,5.0,3.0,,,,,,,,.,,,.,,media\1551081933476-4.jpg,2.0,uuid:cacd40ab-9c14-4bc1-b781-641bdeea9514,,,,,,28 Jan 2021,2021-01-28,1.0,,,,445.0,,,0.0,,,,,,,,,,,,,,
37890.0,2018-06-06,uuid:b9a8113b-7777-42ce-be75-454118e4af2b,2018-06-06 14:49:14,2018-06-06 15:05:29,2,37890.0,1.0,,,,,,.,,.,,.,,,.,.,,,.,,.,,.,,,0.0,0.0,0.0,0.0,0.0,0.0,0.0,,,,OK,0.0,0.0,0.0,0.0,OK,2.0,2.0,OK,2.0,2.0,.,.,3.0,3.0,2.0,4.0,2.0,,,,,,,,,,,,,,,,,,,,,,,,1.0,1.0,2.0,1000.0,0.0,4.0,3.0,2.0,0.0,,.,,,,,,.,,,.,,media\1528290249235.jpg,1.0,uuid:b9a8113b-7777-42ce-be75-454118e4af2b,2.0,1.0,,,,28 Jan 2021,2021-01-28,1.0,269.0,269.0,669.0,,0.0,,,,,,,,,,,,,,,,N.U.
37890.0,2018-06-14,uuid:d19efc4f-02b0-41b0-a68d-31a65496c381,2018-06-14 10:22:24,2018-06-14 10:44:56,3,37890.0,,1.0,,,1.0,35.0,LULUWA,19.0,,1.0,,1.0,,Katoka,Mpokolo,0.0,4.0,DIBAYA,5.0,,,,350000.0,70000.0,1.0,0.0,1.0,1.0,0.0,1.0,0.0,9.0,2.0,6.0,OK,0.0,1.0,1.0,0.0,OK,1.0,2.0,OK,2.0,2.0,.,.,3.0,3.0,2.0,2.0,1.0,2.0,2.0,2.0,2.0,2.0,2.0,2.0,1.0,1.0,1.0,1.0,1.0,3.0,1.0,0.0,1.0,2.0,2.0,2.0,1.0,2.0,2.0,4.0,2.0,2.0,2.0,500.0,500.0,10.0,9.0,6.0,5.0,,,,,,,,.,,,.,,media\1528965745852-2.jpg,2.0,uuid:d19efc4f-02b0-41b0-a68d-31a65496c381,,,,,,28 Jan 2021,2021-01-28,1.0,,,,445.0,,,0.0,,,,,,,,,,,,,,
38091.0,2018-11-15,uuid:147debd0-5748-458c-9aa1-488b42f3b8bf,2018-11-15 13:05:38,2018-11-15 13:29:31,3,38091.0,,1.0,,,1.0,45.0,LULUWA,19.0,,3.0,,1.0,,Katoka,Mpokolo,0.0,4.0,DIBAYA,22.0,,,,150000.0,35000.0,0.0,0.0,1.0,0.0,0.0,0.0,0.0,5.0,3.0,6.0,OK,1.0,0.0,1.0,0.0,OK,2.0,1.0,OK,1.0,1.0,.,.,3.0,3.0,1.0,2.0,2.0,2.0,3.0,4.0,2.0,3.0,4.0,2.0,2.0,2.0,2.0,1.0,1.0,1.0,1.0,0.0,4.0,1.0,2.0,2.0,1.0,1.0,1.0,4.0,2.0,2.0,2.0,700.0,300.0,7.0,6.0,5.0,4.0,,,,,,,,.,,,.,,media\1542284927794-2.jpg,2.0,uuid:147debd0-5748-458c-9aa1-488b42f3b8bf,,,,,,28 Jan 2021,2021-01-28,1.0,,,,445.0,,,0.0,,,,,,,,,,,,,,
38091.0,2018-11-15,uuid:ae0bed9c-3158-4593-a667-4260bfeb3491,2018-11-15 12:41:41,2018-11-15 13:00:53,2,38091.0,1.0,,,,,,,,,,,,,,,,,,,,,,,,,,,,,,,,,,OK,1.0,0.0,0.0,0.0,OK,2.0,2.0,OK,3.0,3.0,.,.,4.0,3.0,3.0,2.0,2.0,,,,,,,,,,,,,,,,,,,,,,,,2.0,2.0,2.0,500.0,500.0,6.0,5.0,5.0,4.0,,,,,,,,.,,,.,,media\1542283216123-2.jpg,2.0,uuid:ae0bed9c-3158-4593-a667-4260bfeb3491,,,,,,28 Jan 2021,2021-01-28,1.0,481.0,481.0,881.0,,0.0,,,,,,,,,,,,1.0,,,1.0,
38673.0,2018-09-19,uuid:fad94db8-76e8-4ae0-b750-20fae7722087,2018-09-19 17:11:46,2018-09-19 17:42:03,2,38673.0,1.0,,,,,,,,,,,,,,,,,,,,,,,,,,,,,,,,,,OK,1.0,1.0,1.0,0.0,OK,2.0,1.0,OK,1.0,1.0,.,.,5.0,5.0,3.0,3.0,2.0,,,,,,,,,,,,,,,,,,,,,,,,2.0,2.0,1.0,300.0,700.0,8.0,6.0,5.0,3.0,,,,,,,,.,,,.,,media\1537371393351-2.jpg,2.0,uuid:fad94db8-76e8-4ae0-b750-20fae7722087,,,,,,28 Jan 2021,2021-01-28,1.0,437.0,437.0,837.0,,0.0,,,,,,,,,,,,,,,,
38673.0,2018-09-25,uuid:066a1c48-d27a-4fd7-b0d2-c92c309f10b4,2018-09-25 09:28:24,2018-09-25 10:44:07,3,38673.0,,1.0,,,1.0,27.0,LULUWA,46.0,,,Adventiste,1.0,,Katoka,Kele kele,1.0,4.0,KANANGA,17.0,,,,55000.0,40000.0,0.0,0.0,1.0,0.0,0.0,0.0,0.0,1.0,4.0,5.0,OK,0.0,0.0,0.0,0.0,OK,1.0,2.0,OK,2.0,2.0,.,.,5.0,5.0,2.0,3.0,2.0,2.0,2.0,2.0,2.0,2.0,2.0,2.0,1.0,1.0,1.0,1.0,1.0,1.0,1.0,1.0,,2.0,2.0,2.0,2.0,2.0,1.0,3.0,1.0,2.0,2.0,600.0,400.0,10.0,9.0,7.0,6.0,,,,,,,,.,,,.,,media\1537861534818-2.jpg,2.0,uuid:066a1c48-d27a-4fd7-b0d2-c92c309f10b4,,,,,,28 Jan 2021,2021-01-28,1.0,242.0,,,445.0,,,0.0,,,,,,,,,,,,,,
38686.0,2018-06-02,uuid:dffaf149-121e-4c39-b55b-3c6c8d685a57,2018-06-02 11:43:11,2018-06-02 12:08:04,2,38686.0,1.0,,,,,,.,,.,,.,,,.,.,,,.,,.,,.,,,0.0,0.0,0.0,0.0,0.0,0.0,0.0,,,,OK,1.0,1.0,1.0,1.0,OK,1.0,1.0,OK,2.0,1.0,.,.,5.0,5.0,3.0,3.0,2.0,,,,,,,,,,,,,,,,,,,,,,,,4.0,4.0,2.0,0.0,1000.0,0.0,0.0,0.0,0.0,,.,,,,,,.,,,.,,media\1527933703387.jpg,2.0,uuid:dffaf149-121e-4c39-b55b-3c6c8d685a57,4.0,,,,,28 Jan 2021,2021-01-28,1.0,239.0,239.0,639.0,,0.0,,,,,,,,,1.0,1.0,1.0,1.0,1.0,1.0,1.0,N.U.
38787.0,2018-06-12,uuid:31806227-6bab-4d40-a417-c31a8a89e554,2018-06-12 15:58:30,2018-06-12 16:17:00,2,38787.0,1.0,,,,,,,,,,,,,,,,,,,,,,,,,,,,,,,,,,OK,1.0,1.0,1.0,1.0,OK,1.0,1.0,OK,1.0,1.0,.,.,3.0,3.0,3.0,3.0,2.0,,,,,,,,,,,,,,,,,,,,,,,,1.0,1.0,2.0,900.0,100.0,8.0,6.0,5.0,4.0,,,,,,,,.,,,.,,media\1528812958991-2.jpg,2.0,uuid:31806227-6bab-4d40-a417-c31a8a89e554,,,,,,28 Jan 2021,2021-01-28,1.0,345.0,345.0,745.0,,0.0,,,,,,,,,,,,,,,,
38787.0,2019-03-18,uuid:26a00e6d-df51-4463-b5be-ca8431717a91,2019-03-18 16:14:11,,3,38787.0,,1.0,,,2.0,53.0,LULUWA,20.0,,2.0,,1.0,,Katoka,Cite bethel,1.0,4.0,DEMBA,23.0,,,,50000.0,0.0,0.0,0.0,0.0,0.0,0.0,0.0,1.0,4.0,3.0,7.0,OK,1.0,1.0,1.0,0.0,OK,1.0,2.0,OK,2.0,2.0,.,.,5.0,5.0,1.0,1.0,2.0,2.0,4.0,4.0,2.0,2.0,2.0,4.0,2.0,3.0,4.0,2.0,3.0,3.0,2.0,1.0,,3.0,1.0,2.0,3.0,2.0,1.0,4.0,3.0,4.0,2.0,900.0,100.0,5.0,3.0,1.0,0.0,,,,,,,,.,,,.,,media\1552923909961-2.jpg,2.0,uuid:26a00e6d-df51-4463-b5be-ca8431717a91,,,,,,28 Jan 2021,2021-01-28,1.0,522.0,,,445.0,,,0.0,,,,,,,,,,,,,,
38788.0,2018-06-07,uuid:103c2ff5-1caa-4c3c-8a38-d42d4e9ad38d,2018-06-07 10:23:32,2018-06-07 10:41:36,2,38788.0,1.0,,,,,,.,,.,,.,,,.,.,,,.,,.,,.,,,0.0,0.0,0.0,0.0,0.0,0.0,0.0,,,,OK,1.0,1.0,1.0,1.0,OK,1.0,1.0,OK,2.0,1.0,.,.,3.0,5.0,3.0,3.0,1.0,,,,,,,,,,,,,,,,,,,,,,,,1.0,1.0,2.0,100.0,900.0,5.0,3.0,2.0,1.0,,.,,,,,,.,,,.,,media\1528360859569.jpg,2.0,uuid:103c2ff5-1caa-4c3c-8a38-d42d4e9ad38d,1.0,1.0,,,,28 Jan 2021,2021-01-28,1.0,276.0,276.0,676.0,,0.0,,,,,,,,,,,,,,,,N.U.
38788.0,2018-06-14,uuid:e37315b7-9f66-4687-be68-aa602f1c41df,2018-06-14 12:07:14,,3,38788.0,,1.0,,,1.0,21.0,LULUWA,19.0,,1.0,,1.0,,Katoka,Kele kele,1.0,4.0,DIBAYA,0.0,,5.0,,25000.0,0.0,0.0,0.0,1.0,0.0,0.0,0.0,0.0,4.0,3.0,6.0,OK,1.0,1.0,0.0,0.0,OK,2.0,2.0,OK,2.0,3.0,.,.,3.0,3.0,3.0,3.0,2.0,2.0,2.0,2.0,2.0,2.0,2.0,2.0,3.0,3.0,1.0,2.0,8.0,8.0,2.0,0.0,1.0,1.0,1.0,1.0,1.0,1.0,3.0,3.0,1.0,1.0,1.0,1000.0,0.0,9.0,6.0,4.0,2.0,,,,,,,,.,,,.,,media\1528968956911-2.jpg,2.0,uuid:e37315b7-9f66-4687-be68-aa602f1c41df,,,,,,28 Jan 2021,2021-01-28,1.0,,,,445.0,,,0.0,,,,,,,,,,,,,,
50185.0,2018-06-02,uuid:19bd0b37-e771-499a-88ff-a4a8f0be4623,2018-06-02 09:09:10,2018-06-02 09:27:26,2,58585.0,1.0,,,,,,.,,.,,.,,,.,.,,,.,,.,,.,,,0.0,0.0,0.0,0.0,0.0,0.0,0.0,,,,OK,1.0,1.0,1.0,1.0,OK,4.0,4.0,OK,4.0,4.0,.,.,5.0,5.0,2.0,3.0,2.0,,,,,,,,,,,,,,,,,,,,,,,,4.0,2.0,2.0,0.0,1000.0,5.0,4.0,3.0,0.0,,.,,,,,,.,,,.,,media\1527924330500.jpg,2.0,uuid:19bd0b37-e771-499a-88ff-a4a8f0be4623,3.0,,,,,28 Jan 2021,2021-01-28,1.0,237.0,237.0,637.0,,0.0,,,,,,,,,,,,,,,,N.U.
50185.0,2018-06-11,uuid:13951bea-f90e-4890-9b4b-8c2601d9abbb,2018-06-11 09:11:26,2018-06-11 10:01:09,3,50185.0,,1.0,,,1.0,24.0,LULUWA,19.0,,7.0,,1.0,,Kananga,Tshinsambi,0.0,4.0,DIBAYA,27.0,,,,90000.0,30000.0,0.0,0.0,1.0,1.0,1.0,0.0,0.0,6.0,4.0,4.0,OK,0.0,0.0,0.0,0.0,OK,1.0,2.0,OK,1.0,1.0,.,.,5.0,3.0,4.0,3.0,2.0,2.0,2.0,2.0,2.0,2.0,2.0,2.0,8.0,1.0,1.0,1.0,1.0,1.0,1.0,1.0,,2.0,4.0,4.0,4.0,2.0,1.0,5.0,1.0,1.0,2.0,0.0,1000.0,4.0,3.0,2.0,0.0,,,,,,,,.,,,.,,media\1528702237484-2.jpg,1.0,uuid:13951bea-f90e-4890-9b4b-8c2601d9abbb,,,,,,28 Jan 2021,2021-01-28,1.0,,,,445.0,,,0.0,,,,,,,,,,,,,,
50346.0,2018-06-06,uuid:08eb3517-ca0c-41da-8c6f-51204de871ef,2018-06-06 17:16:19,2018-06-06 17:37:56,2,50346.0,1.0,,,,,,.,,.,,.,,,.,.,,,.,,.,,.,,,0.0,0.0,0.0,0.0,0.0,0.0,0.0,,,,OK,1.0,1.0,1.0,1.0,OK,1.0,1.0,OK,1.0,1.0,.,.,3.0,3.0,3.0,3.0,2.0,,,,,,,,,,,,,,,,,,,,,,,,2.0,1.0,2.0,200.0,800.0,5.0,2.0,1.0,0.0,,.,,,,,,.,,,.,,media\1528299444577.jpg,2.0,uuid:08eb3517-ca0c-41da-8c6f-51204de871ef,2.0,1.0,,,,28 Jan 2021,2021-01-28,1.0,270.0,270.0,670.0,,0.0,,,,,,,,,,,,,,,,N.U.
50584.0,2018-11-03,uuid:9b310e5a-cfbd-403e-afab-ee4d697cc9bc,2018-11-03 09:05:01,2018-11-03 09:20:20,2,50584.0,1.0,,,,,,,,,,,,,,,,,,,,,,,,,,,,,,,,,,OK,1.0,1.0,1.0,0.0,OK,2.0,2.0,OK,2.0,2.0,.,.,4.0,4.0,3.0,3.0,2.0,,,,,,,,,,,,,,,,,,,,,,,,2.0,2.0,2.0,100.0,900.0,5.0,4.0,2.0,0.0,,,,,,,,.,,,.,,media\1541233173030-2.jpg,2.0,uuid:9b310e5a-cfbd-403e-afab-ee4d697cc9bc,,,,,,28 Jan 2021,2021-01-28,1.0,478.0,478.0,878.0,,0.0,,,,,,,,,,,,,,,,
50586.0,2018-06-01,uuid:e618eeeb-a94b-4970-9903-782629620da0,2018-06-01 11:05:38,2018-06-01 11:36:01,2,50586.0,1.0,,,,,,.,,.,,.,,,.,.,,,.,,.,,.,,,0.0,0.0,0.0,0.0,0.0,0.0,0.0,,,,OK,1.0,1.0,0.0,1.0,OK,2.0,2.0,OK,1.0,1.0,.,.,3.0,3.0,3.0,3.0,1.0,,,,,,,,,,,,,,,,,,,,,,,,2.0,1.0,1.0,1000.0,0.0,9.0,9.0,8.0,8.0,,.,,,,,,.,,,.,,media\1527845622177.jpg,2.0,uuid:e618eeeb-a94b-4970-9903-782629620da0,1.0,,,,,28 Jan 2021,2021-01-28,1.0,226.0,226.0,626.0,,0.0,,,,,,,,,1.0,,,,,1.0,1.0,N.U.
50586.0,2018-07-20,uuid:f73d8b51-afce-488f-bca6-45d1511a0497,2018-07-20 17:23:08,2018-07-20 17:59:13,3,50586.0,,1.0,,,1.0,39.0,LUNTU,,Bakua loko,12.0,,0.0,1982.0,Kananga,Tshinsambi,1.0,4.0,DIMBELENGE,11.0,,,,150000.0,80000.0,0.0,0.0,1.0,0.0,0.0,0.0,0.0,5.0,3.0,5.0,OK,1.0,1.0,1.0,1.0,OK,1.0,1.0,OK,2.0,2.0,.,.,3.0,4.0,1.0,3.0,2.0,2.0,2.0,4.0,2.0,2.0,2.0,2.0,8.0,1.0,1.0,2.0,1.0,2.0,1.0,0.0,1.0,1.0,1.0,1.0,1.0,2.0,1.0,4.0,1.0,2.0,2.0,900.0,100.0,10.0,5.0,5.0,0.0,,,,,,,,.,,,.,,media\1532102297131-2.jpg,2.0,uuid:f73d8b51-afce-488f-bca6-45d1511a0497,,,,,,28 Jan 2021,2021-01-28,1.0,,,,445.0,,,0.0,,,,,,,,,,1.0,,,1.0,
50649.0,2018-05-31,uuid:ec94e39b-7b16-4932-a41c-2a897aa370b9,2018-05-31 17:36:10,,2,50649.0,1.0,,,,,,.,,.,,.,,,.,.,,,.,,.,,.,,,0.0,0.0,0.0,0.0,0.0,0.0,0.0,,,,OK,1.0,0.0,1.0,0.0,OK,1.0,1.0,OK,1.0,1.0,.,.,3.0,3.0,1.0,3.0,2.0,,,,,,,,,,,,,,,,,,,,,,,,2.0,2.0,1.0,500.0,500.0,10.0,6.0,4.0,1.0,,.,,,,,,.,,,.,,media\1527782128855.jpg,2.0,uuid:ec94e39b-7b16-4932-a41c-2a897aa370b9,4.0,,,,,28 Jan 2021,2021-01-28,1.0,222.0,222.0,622.0,,0.0,,,,,,,,,,,,,,,,N.U.
50650.0,2018-08-13,uuid:a1abfebc-bb12-4eb3-8932-e330601ce3df,2018-08-13 16:42:26,2018-08-13 17:12:03,2,50650.0,1.0,,,,,,,,,,,,,,,,,,,,,,,,,,,,,,,,,,OK,1.0,1.0,0.0,1.0,OK,2.0,1.0,OK,2.0,2.0,.,.,5.0,5.0,3.0,3.0,2.0,,,,,,,,,,,,,,,,,,,,,,,,1.0,1.0,2.0,900.0,100.0,8.0,5.0,4.0,3.0,,,,,,,,.,,,.,,media\1534172530295-2.jpg,2.0,uuid:a1abfebc-bb12-4eb3-8932-e330601ce3df,,,,,,28 Jan 2021,2021-01-28,1.0,428.0,428.0,828.0,,0.0,,,,,,,,,,,,,,,,
50732.0,2018-06-08,uuid:af1aed45-d1ac-4d83-9d00-3b9b4ee61873,2018-06-08 11:57:24,2018-06-08 12:10:17,2,50732.0,1.0,,,,,,.,,.,,.,,,.,.,,,.,,.,,.,,,0.0,0.0,0.0,0.0,0.0,0.0,0.0,,,,OK,1.0,1.0,0.0,1.0,OK,1.0,1.0,OK,1.0,1.0,.,.,5.0,3.0,3.0,3.0,2.0,,,,,,,,,,,,,,,,,,,,,,,,1.0,1.0,2.0,700.0,300.0,8.0,7.0,5.0,4.0,,.,,,,,,.,,,.,,media\1528452573045.jpg,2.0,uuid:af1aed45-d1ac-4d83-9d00-3b9b4ee61873,3.0,1.0,,,,28 Jan 2021,2021-01-28,1.0,292.0,292.0,692.0,,0.0,,,,,,,,,,,,,,,,N.U.
50894.0,2018-06-04,uuid:e965a5af-c953-4edd-b4b6-aedaebc02b97,2018-06-04 14:58:25,2018-06-04 15:36:23,2,50894.0,1.0,,,,,,.,,.,,.,,,.,.,,,.,,.,,.,,,0.0,0.0,0.0,0.0,0.0,0.0,0.0,,,,OK,0.0,1.0,1.0,0.0,OK,3.0,3.0,OK,3.0,3.0,.,.,5.0,5.0,2.0,3.0,2.0,,,,,,,,,,,,,,,,,,,,,,,,2.0,2.0,2.0,700.0,300.0,10.0,7.0,5.0,3.0,,.,,,,,,.,,,.,,media\1528119325276.jpg,2.0,uuid:e965a5af-c953-4edd-b4b6-aedaebc02b97,2.0,1.0,0,50894.0,50894.0,28 Jan 2021,2021-01-28,1.0,250.0,250.0,650.0,,0.0,,,,,,,,,,,,,,,,N.U.
50894.0,2018-06-12,uuid:d10a0808-5e4a-4c95-875f-448e9684d5f4,2018-06-12 12:48:48,2018-06-12 19:17:44,3,50894.0,,1.0,,,1.0,31.0,LULUWA,19.0,,12.0,,1.0,,Kananga,Tshinsambi,1.0,4.0,DIBAYA,22.0,,,,320000.0,23000.0,0.0,0.0,0.0,1.0,0.0,0.0,0.0,7.0,4.0,4.0,OK,1.0,1.0,1.0,0.0,OK,1.0,1.0,OK,1.0,1.0,.,.,4.0,3.0,1.0,3.0,2.0,2.0,2.0,2.0,1.0,2.0,2.0,2.0,1.0,2.0,2.0,2.0,2.0,1.0,2.0,0.0,1.0,1.0,4.0,2.0,1.0,3.0,4.0,1.0,1.0,1.0,2.0,1000.0,0.0,5.0,4.0,3.0,2.0,,,,,,,,.,,,.,,media\1528802371346-2.jpg,1.0,uuid:d10a0808-5e4a-4c95-875f-448e9684d5f4,,,,,,28 Jan 2021,2021-01-28,1.0,139.0,,,445.0,,,0.0,,,,,,,,,,,,,,
50894.0,2019-02-25,uuid:53749190-d992-4277-8509-81d9b4d213f4,2019-02-25 16:46:43,2019-02-25 17:14:31,3,50894.0,,1.0,,,1.0,26.0,LULUWA,31.0,,3.0,,1.0,,Kananga,Tshinsambi,1.0,4.0,KANANGA,18.0,,,,250000.0,50000.0,0.0,0.0,1.0,1.0,0.0,0.0,0.0,4.0,3.0,6.0,OK,1.0,0.0,1.0,1.0,OK,2.0,1.0,OK,1.0,1.0,.,.,3.0,4.0,2.0,3.0,2.0,1.0,2.0,1.0,1.0,1.0,4.0,1.0,1.0,1.0,1.0,1.0,3.0,1.0,2.0,0.0,4.0,1.0,1.0,2.0,2.0,1.0,1.0,4.0,2.0,3.0,2.0,500.0,500.0,8.0,6.0,5.0,4.0,,,,,,,,.,,,.,,media\1551111200465-3.jpg,2.0,uuid:53749190-d992-4277-8509-81d9b4d213f4,,,,,,28 Jan 2021,2021-01-28,1.0,331.0,,,445.0,,,0.0,,,,,,,,,,,,,,
51194.0,2019-03-05,uuid:fd0e791c-8cf0-4a63-bed5-c18b11d55df4,2019-03-05 11:47:08,2019-03-05 12:20:03,2,51194.0,1.0,,,,,,,,,,,,,,,,,,,,,,,,,,,,,,,,,,OK,1.0,1.0,0.0,1.0,OK,1.0,1.0,OK,1.0,1.0,.,.,5.0,5.0,3.0,3.0,1.0,,,,,,,,,,,,,,,,,,,,,,,,2.0,1.0,2.0,1000.0,0.0,6.0,5.0,4.0,3.0,,,,,,,,.,,,.,,media\1551783966331-4.jpg,2.0,uuid:fd0e791c-8cf0-4a63-bed5-c18b11d55df4,,,,,,28 Jan 2021,2021-01-28,1.0,600.0,600.0,1000.0,,0.0,,,,,,,,,,,,,,,,
51194.0,2019-03-06,uuid:086d6cd2-53f3-4dfd-9a7f-9d86b50fadf6,2019-03-06 11:03:36,2019-03-06 11:48:06,3,51194.0,,1.0,,,1.0,32.0,BINDI,,,3.0,,0.0,1996.0,Kananga,Tshinsambi,1.0,4.0,DIMBELENGE,11.0,,,,50000.0,10000.0,0.0,0.0,0.0,0.0,0.0,0.0,1.0,2.0,3.0,6.0,OK,1.0,1.0,0.0,1.0,OK,2.0,1.0,OK,1.0,1.0,.,.,3.0,3.0,3.0,3.0,1.0,2.0,2.0,5.0,2.0,2.0,2.0,2.0,3.0,3.0,2.0,2.0,3.0,8.0,2.0,1.0,,1.0,1.0,1.0,1.0,1.0,1.0,4.0,2.0,2.0,1.0,1000.0,0.0,8.0,5.0,3.0,2.0,,,,,,,,.,,,.,,media\1551869222901-4.jpg,2.0,uuid:086d6cd2-53f3-4dfd-9a7f-9d86b50fadf6,,,,,,28 Jan 2021,2021-01-28,1.0,422.0,,,445.0,,,0.0,,,,,,,,,,,,,,
51289.0,2018-06-04,uuid:529cd5dc-c776-436c-bfbd-ffb2f6848482,2018-06-04 12:14:50,2018-06-04 12:37:24,2,51289.0,1.0,,,,,,.,,.,,.,,,.,.,,,.,,.,,.,,,0.0,0.0,0.0,0.0,0.0,0.0,0.0,,,,OK,1.0,1.0,0.0,0.0,OK,1.0,1.0,OK,1.0,1.0,.,.,5.0,5.0,3.0,2.0,2.0,,,,,,,,,,,,,,,,,,,,,,,,2.0,3.0,2.0,1000.0,0.0,7.0,5.0,4.0,0.0,,.,,,,,,.,,,.,,media\1528108597249.jpg,2.0,uuid:529cd5dc-c776-436c-bfbd-ffb2f6848482,2.0,1.0,0,51289.0,51289.0,28 Jan 2021,2021-01-28,1.0,247.0,247.0,647.0,,0.0,,,,,,,,,,,,,,,,N.U.
51289.0,2018-06-11,uuid:5c228cf2-5189-4b89-8fcf-5160a70201ff,2018-06-11 17:00:35,2018-06-11 17:48:22,3,51289.0,,1.0,,,2.0,45.0,TSHOKWE,,,2.0,,0.0,1996.0,Kananga,Tshinsambi,1.0,4.0,ILEBO,4.0,,,,150000.0,15000.0,0.0,0.0,0.0,0.0,0.0,0.0,1.0,2.0,3.0,4.0,OK,1.0,1.0,0.0,1.0,OK,1.0,1.0,OK,2.0,1.0,.,.,3.0,3.0,2.0,3.0,2.0,2.0,2.0,3.0,2.0,2.0,2.0,2.0,2.0,2.0,2.0,2.0,2.0,2.0,2.0,0.0,1.0,1.0,1.0,1.0,1.0,1.0,3.0,2.0,1.0,2.0,2.0,700.0,300.0,8.0,7.0,5.0,4.0,,,,,,,,.,,,.,,media\1528730356088-2.jpg,2.0,uuid:5c228cf2-5189-4b89-8fcf-5160a70201ff,,,,,,28 Jan 2021,2021-01-28,1.0,122.0,,,445.0,,,0.0,,,,,,,,,,,,,,
51471.0,2019-02-28,uuid:36b02073-ca98-4ba1-b708-472f6451de29,2019-02-28 11:36:33,2019-02-28 12:20:19,3,51471.0,,1.0,,,2.0,25.0,KUBA,7.0,,2.0,,1.0,,Kananga,Tshinsambi,1.0,4.0,MWEKA,4.0,,,,200000.0,8000.0,0.0,0.0,1.0,0.0,0.0,0.0,0.0,8.0,3.0,6.0,OK,1.0,1.0,1.0,0.0,OK,2.0,1.0,OK,2.0,2.0,.,.,4.0,3.0,1.0,3.0,2.0,4.0,2.0,4.0,2.0,4.0,1.0,2.0,1.0,2.0,1.0,1.0,1.0,,1.0,0.0,1.0,1.0,1.0,1.0,1.0,1.0,2.0,2.0,1.0,2.0,2.0,800.0,200.0,7.0,4.0,3.0,2.0,,,,,,,,.,,,.,,media\1551351655315-6.jpg,2.0,uuid:36b02073-ca98-4ba1-b708-472f6451de29,,,,,,28 Jan 2021,2021-01-28,1.0,356.0,,,445.0,,,0.0,,,,,,,,,,,,,,
51547.0,2019-04-10,uuid:4ab98bdf-6d76-4949-85a2-ddfd98c9a4b6,2019-04-10 10:00:09,2019-04-10 10:21:20,2,51547.0,1.0,,,,,,,,,,,,,,,,,,,,,,,,,,,,,,,,,,OK,1.0,1.0,1.0,1.0,OK,1.0,2.0,OK,1.0,1.0,.,.,3.0,3.0,2.0,3.0,2.0,,,,,,,,,,,,,,,,,,,,,,,,1.0,1.0,2.0,800.0,200.0,10.0,10.0,8.0,7.0,,,,,,,,.,,,.,,media\1554884414396-2.jpg,2.0,uuid:4ab98bdf-6d76-4949-85a2-ddfd98c9a4b6,,,,,,28 Jan 2021,2021-01-28,1.0,756.0,756.0,1156.0,,0.0,,,,,,,,,1.0,,,,,,1.0,
51611.0,2018-06-06,uuid:7b3392d7-a807-4dde-ad65-7c22786d315d,2018-06-06 14:35:20,2018-06-06 15:00:30,2,51611.0,1.0,,,,,,.,,.,,.,,,.,.,,,.,,.,,.,,,0.0,0.0,0.0,0.0,0.0,0.0,0.0,,,,OK,1.0,1.0,1.0,1.0,OK,1.0,1.0,OK,1.0,1.0,.,.,4.0,4.0,3.0,3.0,2.0,,,,,,,,,,,,,,,,,,,,,,,,2.0,2.0,2.0,950.0,50.0,10.0,8.0,5.0,4.0,,.,,,,,,.,,,.,,media\1528289929756.jpg,2.0,uuid:7b3392d7-a807-4dde-ad65-7c22786d315d,1.0,1.0,,,,28 Jan 2021,2021-01-28,1.0,268.0,268.0,668.0,,0.0,,,,,,,,,,,,,,,,N.U.
51611.0,2018-11-15,uuid:ea758d27-fb3f-4a53-ab7f-0c178d8516e2,2018-11-15 14:34:58,2018-11-15 14:56:17,3,51611.0,,1.0,,,1.0,54.0,SONGE,,,3.0,,0.0,1975.0,Kananga,Tshinsambi,1.0,5.0,KABINDA,4.0,,,,90000.0,20000.0,0.0,0.0,0.0,0.0,0.0,0.0,1.0,6.0,3.0,4.0,OK,1.0,1.0,0.0,1.0,OK,2.0,2.0,OK,2.0,2.0,.,.,5.0,5.0,3.0,3.0,2.0,2.0,2.0,2.0,4.0,2.0,2.0,2.0,1.0,1.0,1.0,1.0,1.0,1.0,1.0,0.0,4.0,1.0,1.0,1.0,1.0,1.0,1.0,4.0,2.0,2.0,2.0,0.0,1000.0,8.0,5.0,4.0,2.0,,,,,,,,.,,,.,,media\1542290126564-2.jpg,2.0,uuid:ea758d27-fb3f-4a53-ab7f-0c178d8516e2,,,,,,28 Jan 2021,2021-01-28,1.0,287.0,,,445.0,,,0.0,,,,,,,,,,,,,,
51789.0,2019-02-28,uuid:c40243b9-568a-4653-b38e-0b12d1040848,2019-02-28 12:20:47,2019-02-28 14:06:16,2,51789.0,1.0,,,,,,,,,,,,,,,,,,,,,,,,,,,,,,,,,,OK,1.0,1.0,0.0,1.0,OK,2.0,1.0,OK,3.0,2.0,.,.,5.0,5.0,3.0,2.0,2.0,,,,,,,,,,,,,,,,,,,,,,,,1.0,2.0,2.0,1000.0,0.0,6.0,3.0,1.0,0.0,,,,,,,,.,,,.,,media\1551354079839-2.jpg,2.0,uuid:c40243b9-568a-4653-b38e-0b12d1040848,,,,,,28 Jan 2021,2021-01-28,1.0,559.0,559.0,959.0,,0.0,,,,,,,,,,,,,,,,
51789.0,2019-03-06,uuid:0f0b5840-8c13-4687-af74-3acfa769f968,2019-03-06 14:09:55,2019-03-06 15:59:03,3,51789.0,,1.0,,,1.0,41.0,LULUWA,31.0,,3.0,,1.0,,Kananga,Tshisambi,1.0,4.0,DIBAYA,,Reparateur,,,10000.0,6000.0,0.0,0.0,0.0,0.0,0.0,0.0,1.0,4.0,3.0,6.0,OK,1.0,0.0,1.0,1.0,OK,3.0,2.0,OK,3.0,2.0,.,.,3.0,3.0,3.0,3.0,2.0,2.0,2.0,2.0,2.0,2.0,2.0,2.0,2.0,2.0,2.0,2.0,2.0,2.0,2.0,1.0,,4.0,1.0,2.0,2.0,2.0,1.0,5.0,2.0,2.0,2.0,700.0,300.0,8.0,7.0,5.0,3.0,,,,,,,,.,,,.,,media\1551879415999-2.jpg,2.0,uuid:0f0b5840-8c13-4687-af74-3acfa769f968,,,,,,28 Jan 2021,2021-01-28,1.0,425.0,,,445.0,,,0.0,,,,,,,,,,,,,,
51895.0,2018-06-11,uuid:4f63f4f2-479f-4d79-bbca-cca309c7825b,2018-06-11 15:30:06,2018-06-11 15:52:23,2,51895.0,1.0,,,,,,,,,,,,,,,,,,,,,,,,,,,,,,,,,,OK,1.0,1.0,1.0,0.0,OK,2.0,1.0,OK,4.0,1.0,.,.,5.0,5.0,3.0,3.0,2.0,,,,,,,,,,,,,,,,,,,,,,,,1.0,2.0,2.0,700.0,300.0,10.0,10.0,6.0,4.0,,,,,,,,.,,,.,,media\1528725053541-2.jpg,2.0,uuid:4f63f4f2-479f-4d79-bbca-cca309c7825b,,,,,,28 Jan 2021,2021-01-28,1.0,317.0,317.0,717.0,,0.0,,,,,,,,,1.0,,,,,,1.0,
51895.0,2019-03-18,uuid:97dcb6d7-eabb-41e9-9e57-f6d98bf37278,2019-03-18 10:42:17,,3,51895.0,,1.0,,,1.0,67.0,LUNTU,,Bena nganza,8.0,,0.0,1965.0,Kananga,Tshisambi,1.0,4.0,DIMBELENGE,17.0,,,,120000.0,0.0,0.0,0.0,0.0,0.0,0.0,0.0,1.0,4.0,4.0,7.0,OK,1.0,1.0,1.0,1.0,OK,1.0,1.0,OK,1.0,1.0,.,.,5.0,4.0,2.0,1.0,2.0,2.0,2.0,4.0,2.0,2.0,4.0,2.0,1.0,1.0,1.0,1.0,1.0,1.0,1.0,0.0,2.0,4.0,1.0,2.0,4.0,2.0,1.0,4.0,2.0,4.0,2.0,600.0,400.0,10.0,8.0,7.0,5.0,,,,,,,,.,,,.,,media\1552903630504-2.jpg,2.0,uuid:97dcb6d7-eabb-41e9-9e57-f6d98bf37278,,,,,,28 Jan 2021,2021-01-28,1.0,,,,445.0,,,0.0,,,,,,,,,,,,,,
52247.0,2018-06-02,uuid:a1ac1875-55a2-4376-a035-cd6311796cd0,2018-06-02 10:20:12,2018-06-02 10:39:09,2,52247.0,1.0,,,,,,.,,.,,.,,,.,.,,,.,,.,,.,,,0.0,0.0,0.0,0.0,0.0,0.0,0.0,,,,OK,1.0,1.0,1.0,1.0,OK,1.0,1.0,OK,1.0,1.0,.,.,4.0,3.0,3.0,3.0,2.0,,,,,,,,,,,,,,,,,,,,,,,,1.0,1.0,2.0,1000.0,0.0,8.0,6.0,5.0,4.0,,.,,,,,,.,,,.,,media\1527928628402.jpg,1.0,uuid:a1ac1875-55a2-4376-a035-cd6311796cd0,1.0,,,,,28 Jan 2021,2021-01-28,1.0,238.0,238.0,638.0,,0.0,,,,,,,,,,,,,,,,N.U.
52247.0,2018-07-19,uuid:0bd12753-c206-44b4-8c85-ec4809ffc26f,2018-07-19 18:23:15,2018-07-19 18:57:04,3,52247.0,,1.0,,,1.0,30.0,LULUWA,,Bakua tshipanga,2.0,,0.0,,Kananga,Tshinsambi,1.0,4.0,DIBAYA,1.0,,,,80000.0,14000.0,0.0,0.0,0.0,0.0,0.0,0.0,1.0,5.0,4.0,3.0,OK,1.0,1.0,1.0,1.0,OK,1.0,2.0,OK,1.0,1.0,.,.,2.0,4.0,3.0,3.0,2.0,1.0,1.0,4.0,1.0,1.0,1.0,1.0,2.0,2.0,2.0,2.0,2.0,2.0,2.0,1.0,,2.0,1.0,1.0,1.0,1.0,3.0,3.0,1.0,1.0,2.0,700.0,300.0,7.0,5.0,4.0,3.0,,,,,,,,.,,,.,,media\1532018819388-2.jpg,2.0,uuid:0bd12753-c206-44b4-8c85-ec4809ffc26f,,,,,,28 Jan 2021,2021-01-28,1.0,,,,445.0,,,0.0,,,,,,,,,,,,,,
52754.0,2018-06-12,uuid:bed4349f-8bd7-42ce-8ae9-1ea625c822c6,2018-06-12 09:45:07,,3,52754.0,,1.0,,,1.0,19.0,LULUWA,46.0,,3.0,,1.0,,Lukonga,Mulunda,1.0,4.0,KANANGA,13.0,,,,100000.0,10000.0,0.0,0.0,1.0,0.0,0.0,0.0,0.0,4.0,3.0,4.0,OK,1.0,1.0,1.0,1.0,OK,2.0,1.0,OK,2.0,2.0,.,.,5.0,3.0,3.0,3.0,2.0,2.0,2.0,2.0,2.0,2.0,3.0,2.0,2.0,2.0,2.0,2.0,2.0,2.0,2.0,1.0,,1.0,1.0,1.0,1.0,1.0,3.0,3.0,1.0,1.0,2.0,500.0,500.0,7.0,5.0,5.0,4.0,,,,,,,,.,,,.,,media\1528791520740-2.jpg,2.0,uuid:bed4349f-8bd7-42ce-8ae9-1ea625c822c6,,,,,,28 Jan 2021,2021-01-28,1.0,129.0,,,445.0,,,0.0,,,,,,,,,,1.0,,,1.0,
52754.0,2018-06-25,uuid:17b3e2e4-e533-461d-b4e4-9764e99b1bc0,2018-06-25 16:47:09,2018-06-25 17:10:21,2,52754.0,0.0,,,,,,,,,,,,,,,,,,,,,,,,,,,,,,,,,,OK,1.0,1.0,0.0,0.0,OK,3.0,2.0,OK,3.0,3.0,.,.,5.0,5.0,3.0,3.0,2.0,,,,,,,,,,,,,,,,,,,,,,,,2.0,2.0,2.0,700.0,300.0,8.0,7.0,6.0,5.0,,,,,,,,.,,,.,,media\1529939368126-2.jpg,2.0,uuid:17b3e2e4-e533-461d-b4e4-9764e99b1bc0,,,,,,28 Jan 2021,2021-01-28,1.0,409.0,409.0,809.0,,0.0,,,,,,,,,,,,,,,,
52910.0,2019-03-18,uuid:0aedb643-a7a8-42bc-a797-0841d2f61a9f,2019-03-18 08:57:27,,3,52910.0,,1.0,,,1.0,44.0,LULUWA,19.0,,10.0,,1.0,,Lukonga,Mulunda,0.0,4.0,DIBAYA,9.0,,,,130000.0,25000.0,0.0,0.0,1.0,0.0,0.0,0.0,0.0,2.0,3.0,6.0,OK,1.0,1.0,0.0,0.0,OK,1.0,1.0,OK,1.0,1.0,.,.,5.0,3.0,3.0,3.0,2.0,2.0,2.0,1.0,1.0,2.0,1.0,2.0,1.0,2.0,1.0,2.0,1.0,1.0,2.0,1.0,,1.0,1.0,1.0,1.0,1.0,1.0,5.0,3.0,2.0,2.0,600.0,400.0,6.0,4.0,3.0,2.0,,,,,,,,.,,,.,,media\1552897345359-2.jpg,2.0,uuid:0aedb643-a7a8-42bc-a797-0841d2f61a9f,,,,,,28 Jan 2021,2021-01-28,1.0,,,,445.0,,,0.0,,,,,,,,,,,,,,
52910.0,2019-03-18,uuid:87239503-0630-4910-8bf0-0a57d704e63d,2019-03-18 11:43:13,2019-03-18 12:01:10,2,52910.0,1.0,,,,,,,,,,,,,,,,,,,,,,,,,,,,,,,,,,OK,1.0,1.0,0.0,0.0,OK,2.0,1.0,OK,2.0,1.0,.,.,3.0,3.0,3.0,3.0,1.0,,,,,,,,,,,,,,,,,,,,,,,,2.0,2.0,1.0,800.0,200.0,8.0,6.0,3.0,2.0,,,,,,,,.,,,.,,media\1552906821580-2.jpg,2.0,uuid:87239503-0630-4910-8bf0-0a57d704e63d,,,,,,28 Jan 2021,2021-01-28,1.0,717.0,717.0,1117.0,,0.0,,,,,,,,,,,,,,,,
53072.0,2018-11-16,uuid:ea650293-a2e3-45e9-9da1-b0995b0be943,2018-11-16 16:59:08,,2,53072.0,,1.0,,,1.0,52.0,LULUWA,46.0,,1.0,,1.0,,Lukonga,Mulunda,1.0,4.0,KANANGA,17.0,,,,151000.0,10000.0,0.0,0.0,0.0,0.0,0.0,0.0,1.0,9.0,3.0,6.0,OK,1.0,1.0,1.0,1.0,OK,1.0,1.0,OK,1.0,1.0,.,.,5.0,5.0,3.0,3.0,1.0,1.0,1.0,1.0,1.0,1.0,4.0,1.0,1.0,1.0,1.0,1.0,1.0,1.0,1.0,0.0,4.0,3.0,1.0,1.0,1.0,1.0,1.0,4.0,1.0,1.0,2.0,200.0,800.0,9.0,9.0,9.0,5.0,,,,,,,,.,,,.,,media\1542386324088-2.jpg,2.0,uuid:ea650293-a2e3-45e9-9da1-b0995b0be943,,,,,,28 Jan 2021,2021-01-28,1.0,,,,,0.0,,,,,,,,,1.0,1.0,,1.0,,,1.0,
53072.0,2018-12-01,uuid:9d41d26f-1508-47a2-8bcd-d0bac4dfd144,2018-12-01 12:56:14,2018-12-01 13:24:26,3,53072.0,,1.0,,,1.0,27.0,LULUWA,46.0,,1.0,,1.0,,Lukonga,Tshisambi,1.0,4.0,KANANGA,27.0,,,,102000.0,94000.0,0.0,0.0,0.0,0.0,0.0,0.0,1.0,5.0,4.0,4.0,OK,1.0,1.0,1.0,0.0,OK,3.0,3.0,OK,3.0,2.0,.,.,3.0,3.0,3.0,3.0,2.0,1.0,3.0,3.0,1.0,1.0,1.0,1.0,1.0,2.0,2.0,2.0,3.0,2.0,2.0,0.0,4.0,1.0,2.0,2.0,1.0,1.0,2.0,4.0,1.0,1.0,2.0,200.0,800.0,10.0,8.0,6.0,3.0,,,,,,,,.,,,.,,media\1543667034947-2.jpg,2.0,uuid:9d41d26f-1508-47a2-8bcd-d0bac4dfd144,,,,,,28 Jan 2021,2021-01-28,1.0,,,,445.0,,,0.0,,,,,,,,,,,,,,
53085.0,2018-06-26,uuid:16d61f3c-5106-4edc-a573-bc8d2b8599ec,2018-06-26 15:50:06,2018-06-26 16:15:24,2,53085.0,1.0,,,,,,,,,,,,,,,,,,,,,,,,,,,,,,,,,,OK,1.0,1.0,1.0,1.0,OK,1.0,1.0,OK,3.0,1.0,.,.,5.0,5.0,3.0,3.0,2.0,,,,,,,,,,,,,,,,,,,,,,,,1.0,2.0,2.0,700.0,300.0,10.0,7.0,5.0,2.0,,,,,,,,.,,,.,,media\1530022281640-2.jpg,2.0,uuid:16d61f3c-5106-4edc-a573-bc8d2b8599ec,,,,,,28 Jan 2021,2021-01-28,1.0,411.0,411.0,811.0,,0.0,,,,,,,,,,,,,,,,
53594.0,2018-06-13,uuid:b876527e-8286-4533-b821-d92e3b0dd4c2,2018-06-13 15:08:07,2018-06-13 15:35:07,2,53594.0,1.0,,,,,,,,,,,,,,,,,,,,,,,,,,,,,,,,,,OK,1.0,1.0,1.0,1.0,OK,1.0,1.0,OK,2.0,1.0,.,.,5.0,5.0,3.0,1.0,2.0,,,,,,,,,,,,,,,,,,,,,,,,2.0,2.0,2.0,0.0,1000.0,5.0,3.0,1.0,0.0,,,,,,,,.,,,.,,media\1528896799912-2.jpg,2.0,uuid:b876527e-8286-4533-b821-d92e3b0dd4c2,,,,,,28 Jan 2021,2021-01-28,1.0,369.0,369.0,769.0,,0.0,,,,,,,,,,,,,,,,
53646.0,2019-03-20,uuid:ce7a6ea8-a013-4992-8697-32cd042d4246,2019-03-20 11:48:54,2019-03-20 12:08:48,2,53646.0,1.0,,,,,,,,,,,,,,,,,,,,,,,,,,,,,,,,,,OK,1.0,1.0,0.0,1.0,OK,2.0,2.0,OK,3.0,3.0,.,.,4.0,4.0,1.0,3.0,1.0,,,,,,,,,,,,,,,,,,,,,,,,2.0,2.0,2.0,1000.0,0.0,10.0,5.0,3.0,2.0,,,,,,,,.,,,.,,media\1553080065188-3.jpg,2.0,uuid:ce7a6ea8-a013-4992-8697-32cd042d4246,,,,,,28 Jan 2021,2021-01-28,1.0,722.0,722.0,1122.0,,0.0,,,,,,,,,,,,,,,,
53646.0,2019-03-21,uuid:df321e31-0652-46f0-8845-db9b92cd7050,2019-03-21 09:04:53,2019-03-21 09:55:04,3,53646.0,,1.0,,,1.0,68.0,LULUWA,19.0,,2.0,,0.0,1962.0,Kananga,Tshisambi,1.0,4.0,DIBAYA,4.0,,,,20000.0,5000.0,0.0,0.0,1.0,0.0,0.0,1.0,0.0,2.0,3.0,7.0,OK,1.0,1.0,0.0,1.0,OK,2.0,2.0,OK,2.0,2.0,.,.,4.0,5.0,3.0,1.0,2.0,1.0,2.0,4.0,1.0,1.0,2.0,1.0,1.0,2.0,2.0,2.0,2.0,2.0,2.0,0.0,1.0,2.0,1.0,2.0,2.0,1.0,4.0,3.0,2.0,2.0,2.0,500.0,500.0,10.0,6.0,5.0,2.0,,,,,,,,.,,,.,,media\1553156964391-4.jpg,2.0,uuid:df321e31-0652-46f0-8845-db9b92cd7050,,,,,,28 Jan 2021,2021-01-28,1.0,,,,445.0,,,0.0,,,,,,,,,,,,,,
53859.0,2018-06-04,uuid:50b985fc-603c-4ae6-838a-e2baf055ef9d,2018-06-04 15:52:35,2018-06-04 16:26:14,2,53859.0,1.0,,,,,,.,,.,,.,,,.,.,,,.,,.,,.,,,0.0,0.0,0.0,0.0,0.0,0.0,0.0,,,,OK,1.0,1.0,1.0,1.0,OK,1.0,1.0,OK,2.0,2.0,.,.,5.0,5.0,1.0,2.0,2.0,,,,,,,,,,,,,,,,,,,,,,,,2.0,2.0,2.0,700.0,300.0,6.0,3.0,2.0,2.0,,.,,,,,,.,,,.,,media\1528122286497.jpg,2.0,uuid:50b985fc-603c-4ae6-838a-e2baf055ef9d,1.0,0.0,.,,,28 Jan 2021,2021-01-28,1.0,251.0,251.0,651.0,,0.0,,,,,,,,,,,,,,1.0,1.0,N.U.
53859.0,2018-06-26,uuid:fda9d21a-94f2-4552-8fe5-61de9cd88681,2018-06-26 16:54:39,,3,53859.0,,1.0,,,1.0,46.0,LULUWA,33.0,,3.0,,0.0,1993.0,Kananga,Tshisambi,1.0,4.0,DIBAYA,,Electricien,,,800000.0,160000.0,0.0,0.0,0.0,1.0,1.0,0.0,0.0,4.0,4.0,7.0,OK,1.0,1.0,1.0,1.0,OK,1.0,1.0,OK,1.0,1.0,.,.,4.0,4.0,3.0,1.0,2.0,2.0,2.0,2.0,2.0,2.0,2.0,2.0,2.0,3.0,2.0,2.0,1.0,2.0,2.0,1.0,,2.0,2.0,2.0,2.0,2.0,3.0,3.0,1.0,1.0,2.0,800.0,200.0,7.0,6.0,5.0,4.0,,,,,,,,.,,,.,,media\1530026433462-2.jpg,2.0,uuid:fda9d21a-94f2-4552-8fe5-61de9cd88681,,,,,,28 Jan 2021,2021-01-28,1.0,,,,445.0,,,0.0,,,,,,,,,,,,,,
53987.0,2018-06-04,uuid:62666884-6072-431e-ace1-7b1ec25a9c84,2018-06-04 10:20:32,2018-06-04 11:02:04,2,53987.0,1.0,,,,,,.,,.,,.,,,.,.,,,.,,.,,.,,,0.0,0.0,0.0,0.0,0.0,0.0,0.0,,,,OK,1.0,1.0,0.0,1.0,OK,1.0,2.0,OK,1.0,1.0,.,.,3.0,4.0,1.0,3.0,2.0,,,,,,,,,,,,,,,,,,,,,,,,2.0,1.0,2.0,300.0,700.0,8.0,7.0,6.0,5.0,,.,,,,,,.,,,.,,media\1528101504393.jpg,2.0,uuid:62666884-6072-431e-ace1-7b1ec25a9c84,1.0,1.0,0,53987.0,53987.0,28 Jan 2021,2021-01-28,1.0,244.0,244.0,644.0,,0.0,,,,,,,,,,,,,,,,N.U.
53987.0,2018-06-12,uuid:cc9173c5-2ad6-4e81-970a-d415f353f48a,2018-06-12 15:31:16,2018-06-12 16:08:22,3,53987.0,,1.0,,,1.0,49.0,BINDI,,,2.0,,1.0,,Kananga,Tshinsambi,0.0,4.0,DIMBELENGE,0.0,,30.0,,200000.0,15000.0,1.0,0.0,0.0,0.0,0.0,0.0,0.0,5.0,3.0,6.0,OK,1.0,1.0,1.0,0.0,OK,1.0,1.0,OK,1.0,1.0,.,.,5.0,3.0,3.0,2.0,2.0,1.0,3.0,4.0,3.0,3.0,4.0,1.0,1.0,3.0,1.0,1.0,7.0,3.0,3.0,0.0,4.0,1.0,2.0,2.0,2.0,1.0,1.0,4.0,1.0,2.0,2.0,300.0,700.0,8.0,5.0,3.0,1.0,,,,,,,,.,,,.,,media\1528811219714-2.jpg,2.0,uuid:cc9173c5-2ad6-4e81-970a-d415f353f48a,,,,,,28 Jan 2021,2021-01-28,1.0,,,,445.0,,,0.0,,,,,,,,,,,,,,
53987.0,2019-02-25,uuid:ec37f559-ca1c-4f6c-bed8-e2149d117d50,2019-02-25 14:07:13,2019-02-25 14:57:04,3,53987.0,,1.0,,,1.0,48.0,LULUWA,,Luemba,3.0,,1.0,,Kananga,Tshinsambi,1.0,4.0,KAZUMBA,4.0,,,,80000.0,50000.0,1.0,0.0,0.0,0.0,0.0,0.0,0.0,6.0,3.0,4.0,OK,1.0,1.0,1.0,1.0,OK,2.0,3.0,OK,3.0,3.0,.,.,3.0,3.0,3.0,3.0,2.0,1.0,2.0,2.0,1.0,1.0,1.0,1.0,1.0,1.0,1.0,1.0,1.0,1.0,1.0,0.0,3.0,1.0,1.0,1.0,1.0,1.0,1.0,4.0,1.0,1.0,2.0,500.0,500.0,7.0,5.0,4.0,2.0,,,,,,,,.,,,.,,media\1551100802160-4.jpg,2.0,uuid:ec37f559-ca1c-4f6c-bed8-e2149d117d50,,,,,,28 Jan 2021,2021-01-28,1.0,329.0,,,445.0,,,0.0,,,,,,,,,,,,,,
54292.0,2019-03-25,uuid:3526f363-91ae-451c-8e9f-0155626bedd1,2019-03-25 15:03:27,2019-03-25 15:25:03,2,54292.0,1.0,,,,,,,,,,,,,,,,,,,,,,,,,,,,,,,,,,OK,1.0,1.0,1.0,1.0,OK,1.0,1.0,OK,2.0,2.0,.,.,3.0,3.0,3.0,3.0,1.0,,,,,,,,,,,,,,,,,,,,,,,,2.0,2.0,1.0,700.0,300.0,7.0,4.0,3.0,2.0,,,,,,,,.,,,.,,media\1553523595370-2.jpg,2.0,uuid:3526f363-91ae-451c-8e9f-0155626bedd1,,,,,,28 Jan 2021,2021-01-28,1.0,743.0,743.0,1143.0,,0.0,,,,,,,,,,,,,,,,
54445.0,2019-03-02,uuid:6f95f303-2ef4-4120-996b-597c84af3caf,2019-03-02 07:56:04,2019-03-02 08:08:21,2,54445.0,1.0,,,,,,,,,,,,,,,,,,,,,,,,,,,,,,,,,,OK,1.0,1.0,0.0,0.0,OK,2.0,3.0,OK,3.0,3.0,.,.,3.0,3.0,2.0,2.0,2.0,,,,,,,,,,,,,,,,,,,,,,,,1.0,1.0,2.0,500.0,500.0,8.0,6.0,4.0,2.0,,,,,,,,.,,,.,,media\1551510470355-2.jpg,2.0,uuid:6f95f303-2ef4-4120-996b-597c84af3caf,,,,,,28 Jan 2021,2021-01-28,1.0,572.0,572.0,972.0,,0.0,,,,,,,,,,,,,,,,
54445.0,2019-03-18,uuid:aacf77b5-d7fe-4832-b9d0-0966a9327c69,2019-03-18 07:54:11,,3,54445.0,,1.0,,,2.0,24.0,LUNTU,,Bena ntumba,3.0,,0.0,1993.0,Kananga,Azda,1.0,4.0,DIMBELENGE,4.0,,,,180000.0,36000.0,0.0,0.0,0.0,0.0,0.0,0.0,1.0,1.0,3.0,5.0,OK,1.0,1.0,1.0,0.0,OK,3.0,2.0,OK,2.0,3.0,.,.,5.0,5.0,2.0,3.0,1.0,2.0,2.0,2.0,2.0,1.0,1.0,2.0,2.0,2.0,2.0,2.0,2.0,2.0,2.0,1.0,,1.0,1.0,1.0,1.0,1.0,2.0,4.0,2.0,2.0,2.0,0.0,1000.0,10.0,5.0,3.0,2.0,,,,,,,,.,,,.,,media\1552893566782-4.jpg,2.0,uuid:aacf77b5-d7fe-4832-b9d0-0966a9327c69,,,,,,28 Jan 2021,2021-01-28,1.0,504.0,,,445.0,,,0.0,,,,,,,,,,,,,,
54585.0,2019-04-08,uuid:3b0ad889-337a-49d8-9b77-da60e1909e59,2019-04-08 09:20:12,2019-04-08 09:49:13,2,54585.0,1.0,,,,,,,,,,,,,,,,,,,,,,,,,,,,,,,,,,OK,1.0,1.0,1.0,0.0,OK,1.0,3.0,OK,2.0,2.0,.,.,5.0,5.0,4.0,1.0,1.0,,,,,,,,,,,,,,,,,,,,,,,,2.0,2.0,2.0,500.0,500.0,4.0,3.0,2.0,1.0,,,,,,,,.,,,.,,media\1554709736089-2.jpg,2.0,uuid:3b0ad889-337a-49d8-9b77-da60e1909e59,,,,,,28 Jan 2021,2021-01-28,1.0,750.0,750.0,1150.0,,0.0,,,,,,,,,,,,,,,,
54744.0,2018-06-08,uuid:a12b8586-9311-4a3b-9d70-6b40708e5d3c,2018-06-08 12:41:36,2018-06-08 17:22:24,2,54744.0,1.0,,,,,,.,,.,,.,,,.,.,,,.,,.,,.,,,0.0,0.0,0.0,0.0,0.0,0.0,0.0,,,,OK,1.0,1.0,0.0,0.0,OK,1.0,1.0,OK,2.0,2.0,.,.,3.0,3.0,3.0,3.0,2.0,,,,,,,,,,,,,,,,,,,,,,,,1.0,1.0,2.0,0.0,0.0,6.0,5.0,4.0,3.0,,.,,,,,,.,,,.,,media\1528455245319.jpg,2.0,uuid:a12b8586-9311-4a3b-9d70-6b40708e5d3c,1.0,1.0,,,,28 Jan 2021,2021-01-28,1.0,293.0,293.0,693.0,,0.0,,,,,,,,,,,,,,,,N.U.
54744.0,2018-06-11,uuid:68714fd8-53df-4a9c-adee-dae12c222a00,2018-06-11 10:49:10,2018-06-11 11:35:04,3,54744.0,,1.0,,,1.0,33.0,KETE,,,3.0,,0.0,2007.0,Kananga,Plateau,0.0,4.0,MWEKA,27.0,,,,30000.0,7000.0,0.0,0.0,0.0,0.0,0.0,0.0,1.0,1.0,4.0,4.0,OK,1.0,1.0,0.0,0.0,OK,1.0,1.0,OK,1.0,1.0,.,.,4.0,5.0,3.0,3.0,1.0,1.0,1.0,1.0,1.0,1.0,1.0,1.0,1.0,3.0,1.0,1.0,1.0,8.0,1.0,0.0,4.0,2.0,2.0,2.0,2.0,3.0,1.0,2.0,1.0,1.0,3.0,1000.0,0.0,7.0,5.0,4.0,2.0,,,,,,,,.,,,.,,media\1528707905847-2.jpg,2.0,uuid:68714fd8-53df-4a9c-adee-dae12c222a00,,,,,,28 Jan 2021,2021-01-28,1.0,,,,445.0,,,0.0,,,,,,,,,,,,,,
55047.0,2018-09-24,uuid:218807a3-f859-495e-b792-207afed841db,2018-09-24 17:29:51,2018-09-24 17:47:56,3,55047.0,,1.0,,,2.0,39.0,LULUWA,19.0,,3.0,,1.0,,Kananga,Bikuku,1.0,4.0,DIBAYA,4.0,,,,50000.0,25000.0,0.0,0.0,0.0,1.0,0.0,0.0,0.0,8.0,4.0,3.0,OK,1.0,1.0,1.0,1.0,OK,1.0,1.0,OK,1.0,1.0,.,.,3.0,3.0,3.0,3.0,2.0,2.0,4.0,2.0,2.0,2.0,2.0,4.0,1.0,1.0,1.0,2.0,1.0,1.0,1.0,0.0,4.0,1.0,1.0,1.0,1.0,1.0,1.0,4.0,1.0,1.0,2.0,0.0,0.0,3.0,2.0,1.0,0.0,,,,,,,,.,,,.,,media\1537804041449-2.jpg,2.0,uuid:218807a3-f859-495e-b792-207afed841db,,,,,,28 Jan 2021,2021-01-28,1.0,,,,445.0,,,0.0,,,,,,,,,,,,,,
55048.0,2018-09-18,uuid:a91d74ac-0ee7-4e6c-9488-1c200800c968,2018-09-18 10:02:33,2018-09-18 11:31:03,3,55048.0,,1.0,,,1.0,19.0,LULUWA,,Bena kamuanga,2.0,,1.0,,Kananga,Bikuku,0.0,4.0,DEMBA,0.0,,0.0,,30000.0,7000.0,0.0,0.0,0.0,0.0,0.0,0.0,1.0,4.0,3.0,6.0,OK,1.0,1.0,1.0,1.0,OK,2.0,2.0,OK,2.0,2.0,.,.,3.0,3.0,3.0,1.0,2.0,2.0,4.0,4.0,4.0,4.0,4.0,1.0,1.0,2.0,,2.0,2.0,2.0,2.0,0.0,2.0,3.0,1.0,1.0,1.0,1.0,2.0,4.0,2.0,2.0,2.0,800.0,200.0,5.0,4.0,3.0,2.0,,,,,,,,.,,,.,,media\1537262983996-2.jpg,2.0,uuid:a91d74ac-0ee7-4e6c-9488-1c200800c968,,,,,,28 Jan 2021,2021-01-28,1.0,,,,445.0,,,0.0,,,,,,,,,,,,,,
55048.0,2018-09-19,uuid:64e97f45-4042-4122-9f3e-e2616e94ee6d,2018-09-19 15:47:29,2018-09-19 16:08:45,2,55048.0,1.0,,,,,,,,,,,,,,,,,,,,,,,,,,,,,,,,,,OK,1.0,1.0,1.0,1.0,OK,2.0,2.0,OK,1.0,1.0,.,.,4.0,4.0,3.0,3.0,2.0,,,,,,,,,,,,,,,,,,,,,,,,1.0,1.0,2.0,1000.0,0.0,10.0,8.0,7.0,5.0,,,,,,,,.,,,.,,media\1537366072482-2.jpg,2.0,uuid:64e97f45-4042-4122-9f3e-e2616e94ee6d,,,,,,28 Jan 2021,2021-01-28,1.0,435.0,435.0,835.0,,0.0,,,,,,,,,,,,,,,,
55292.0,2018-06-07,uuid:79d3c4a6-0e0f-4389-9600-1f1418975ac9,2018-06-07 11:24:55,2018-06-07 11:48:33,2,55292.0,1.0,,,,,,.,,.,,.,,,.,.,,,.,,.,,.,,,0.0,0.0,0.0,0.0,0.0,0.0,0.0,,,,OK,1.0,1.0,1.0,1.0,OK,1.0,2.0,OK,2.0,2.0,.,.,4.0,4.0,3.0,2.0,2.0,,,,,,,,,,,,,,,,,,,,,,,,3.0,4.0,2.0,0.0,1000.0,8.0,5.0,4.0,2.0,,.,,,,,,.,,,.,,media\1528364855489.jpg,2.0,uuid:79d3c4a6-0e0f-4389-9600-1f1418975ac9,1.0,1.0,,,,28 Jan 2021,2021-01-28,1.0,279.0,279.0,679.0,,0.0,,,,,,,,,,,,,,,,N.U.
55544.0,2018-05-30,uuid:816757dd-d5ff-4258-a199-bd679e52c328,2018-05-30 15:59:40,2018-05-30 16:30:31,2,55544.0,1.0,,,,,,,,,,,,,,,,,,,,,.,,,,,,,,,,,,,OK,1.0,1.0,0.0,1.0,OK,2.0,2.0,OK,3.0,2.0,,,5.0,5.0,3.0,1.0,2.0,,,,,,,,,,,,,,,,,,,,,,,,2.0,1.0,2.0,400.0,600.0,8.0,5.0,3.0,2.0,,,,,,,,,,,,,media\1527690547308.jpg,2.0,uuid:816757dd-d5ff-4258-a199-bd679e52c328,2.0,,,,,28 Jan 2021,2021-01-28,1.0,211.0,211.0,611.0,,0.0,,,,,,,,,,,,,,,,
55544.0,2019-03-05,uuid:c17970a8-dc33-4ea4-b0de-8b52f65f10b8,2019-03-05 13:14:06,2019-03-05 13:45:03,3,55544.0,,1.0,,,1.0,31.0,LULUWA,19.0,,2.0,,1.0,,Kananga,Plateau,1.0,4.0,DIBAYA,4.0,,,,45000.0,10000.0,0.0,0.0,1.0,0.0,0.0,0.0,0.0,2.0,4.0,2.0,OK,1.0,1.0,1.0,1.0,OK,1.0,1.0,OK,1.0,1.0,.,.,4.0,3.0,3.0,2.0,2.0,2.0,2.0,2.0,2.0,2.0,2.0,2.0,1.0,1.0,1.0,1.0,1.0,1.0,1.0,1.0,,1.0,1.0,1.0,2.0,1.0,1.0,5.0,1.0,1.0,2.0,1000.0,0.0,10.0,9.0,8.0,7.0,,,,,,,,.,,,.,,media\1551789295707-3.jpg,2.0,uuid:c17970a8-dc33-4ea4-b0de-8b52f65f10b8,,,,,,28 Jan 2021,2021-01-28,1.0,406.0,,,445.0,,,0.0,,,,,,,,,,,,,,
55885.0,2018-06-01,uuid:d1b87303-67c5-4951-829a-f698caf00087,2018-06-01 10:14:57,2018-06-01 10:48:34,2,55885.0,1.0,,,,,,.,,.,,.,,,.,.,,,.,,.,,.,,,0.0,0.0,0.0,0.0,0.0,0.0,0.0,,,,OK,1.0,1.0,0.0,1.0,OK,2.0,2.0,OK,2.0,2.0,.,.,5.0,3.0,3.0,3.0,2.0,,,,,,,,,,,,,,,,,,,,,,,,2.0,2.0,2.0,888.0,888.0,8.0,7.0,5.0,4.0,,.,,,,,,.,,,.,,media\1527842871522.jpg,2.0,uuid:d1b87303-67c5-4951-829a-f698caf00087,1.0,,,,,28 Jan 2021,2021-01-28,1.0,225.0,225.0,625.0,,0.0,,,,,,,,,,,,,,,,N.U.
55885.0,2018-06-23,uuid:39e703bd-46a1-4e30-89c9-7306bb981d6a,2018-06-23 10:19:11,2018-06-23 11:01:06,3,55885.0,,1.0,,,1.0,68.0,LULUWA,,Bena Mbiye,3.0,,0.0,1960.0,Kananga,Plateau,1.0,4.0,DEMBA,9.0,,,,200000.0,50000.0,0.0,0.0,1.0,0.0,0.0,0.0,0.0,2.0,3.0,6.0,OK,1.0,1.0,1.0,1.0,OK,1.0,2.0,OK,1.0,2.0,.,.,5.0,5.0,3.0,3.0,2.0,2.0,2.0,4.0,2.0,2.0,2.0,2.0,2.0,2.0,2.0,2.0,2.0,2.0,1.0,0.0,4.0,1.0,4.0,3.0,3.0,1.0,1.0,3.0,2.0,2.0,2.0,500.0,500.0,6.0,5.0,4.0,3.0,,,,,,,,.,,,.,,media\1529743877037-2.jpg,2.0,uuid:39e703bd-46a1-4e30-89c9-7306bb981d6a,,,,,,28 Jan 2021,2021-01-28,1.0,209.0,,,445.0,,,0.0,,,,,,,,,,,,,,
56385.0,2018-05-30,uuid:44926421-e1aa-454e-9da1-0b0489916a67,2018-05-30 10:26:53,2018-05-30 10:44:44,2,56385.0,1.0,,,,,,,,,,,,,,,,,,,,,.,,,,,,,,,,,,,OK,1.0,1.0,1.0,1.0,OK,1.0,2.0,OK,1.0,1.0,,,4.0,4.0,2.0,3.0,2.0,,,,,,,,,,,,,,,,,,,,,,,,1.0,2.0,2.0,0.0,1000.0,9.0,8.0,7.0,4.0,,,,,,,,,,,,,media\1527669377189.jpg,1.0,uuid:44926421-e1aa-454e-9da1-0b0489916a67,1.0,,,,,28 Jan 2021,2021-01-28,1.0,204.0,204.0,604.0,,0.0,,,,,,,,,,,,,,,,
56385.0,2018-06-14,uuid:297e95bc-aeb4-4ff2-9134-ec45049218dc,2018-06-14 12:24:09,2018-06-14 13:03:04,3,56385.0,,1.0,,,1.0,34.0,LULUWA,,Bakua mushilu,1.0,,1.0,,Kananga,Plateau,0.0,4.0,KANANGA,0.0,,9.0,,200000.0,45000.0,0.0,0.0,1.0,0.0,0.0,0.0,0.0,4.0,3.0,6.0,OK,1.0,1.0,0.0,1.0,OK,1.0,1.0,OK,1.0,1.0,.,.,5.0,5.0,4.0,1.0,2.0,1.0,4.0,1.0,1.0,4.0,1.0,4.0,1.0,3.0,1.0,1.0,3.0,3.0,1.0,0.0,1.0,2.0,3.0,1.0,2.0,2.0,1.0,3.0,1.0,1.0,2.0,600.0,400.0,7.0,6.0,5.0,3.0,,,,,,,,.,,,.,,media\1528972963733-2.jpg,1.0,uuid:297e95bc-aeb4-4ff2-9134-ec45049218dc,,,,,,28 Jan 2021,2021-01-28,1.0,,,,445.0,,,0.0,,,,,,,,,,,,,,
57386.0,2018-06-12,uuid:195afdd3-e335-46a3-90d5-8f770584b00d,2018-06-12 09:05:56,2018-06-12 10:45:03,2,57386.0,1.0,,,,,,,,,,,,,,,,,,,,,,,,,,,,,,,,,,OK,1.0,1.0,0.0,1.0,OK,2.0,2.0,OK,3.0,2.0,.,.,5.0,3.0,1.0,1.0,2.0,,,,,,,,,,,,,,,,,,,,,,,,2.0,4.0,2.0,0.0,1000.0,6.0,0.0,0.0,0.0,,,,,,,,.,,,.,,media\1528793031647-2.jpg,2.0,uuid:195afdd3-e335-46a3-90d5-8f770584b00d,,,,,,28 Jan 2021,2021-01-28,1.0,327.0,327.0,727.0,,0.0,,,,,,,,,,,,1.0,1.0,1.0,1.0,
57386.0,2019-03-06,uuid:953bbbdd-b39e-477d-b5f5-63d690d641e8,2019-03-06 13:25:45,2019-03-06 13:53:23,3,57386.0,,1.0,,,1.0,34.0,LULUWA,19.0,,12.0,,1.0,,Lukonga,Mulundu,1.0,4.0,DIBAYA,11.0,,,,149000.0,12500.0,0.0,0.0,1.0,0.0,0.0,0.0,0.0,4.0,3.0,4.0,OK,1.0,1.0,1.0,1.0,OK,2.0,1.0,OK,2.0,1.0,.,.,5.0,5.0,1.0,3.0,2.0,1.0,1.0,1.0,1.0,1.0,1.0,1.0,2.0,2.0,2.0,2.0,2.0,2.0,2.0,0.0,4.0,2.0,2.0,2.0,2.0,2.0,2.0,4.0,2.0,2.0,2.0,500.0,500.0,10.0,7.0,6.0,5.0,,,,,,,,.,,,.,,media\1551876755669-2.jpg,2.0,uuid:953bbbdd-b39e-477d-b5f5-63d690d641e8,,,,,,28 Jan 2021,2021-01-28,1.0,,,,445.0,,,0.0,,,,,,,,,,,,,,
57688.0,2018-06-05,uuid:5a249bdb-2449-476e-9e5c-7f95e638dde7,2018-06-05 19:51:41,2018-06-05 20:16:47,2,57688.0,1.0,,,,,,.,,.,,.,,,.,.,,,.,,.,,.,,,0.0,0.0,0.0,0.0,0.0,0.0,0.0,,,,OK,1.0,1.0,0.0,1.0,OK,2.0,1.0,OK,2.0,1.0,.,.,3.0,3.0,3.0,2.0,2.0,,,,,,,,,,,,,,,,,,,,,,,,4.0,4.0,2.0,0.0,1000.0,8.0,7.0,6.0,0.0,,.,,,,,,.,,,.,,media\1528222564395.jpg,2.0,uuid:5a249bdb-2449-476e-9e5c-7f95e638dde7,1.0,1.0,,,,28 Jan 2021,2021-01-28,1.0,263.0,263.0,663.0,,0.0,,,,,,,,,,,,,,,,N.U.
57688.0,2018-06-28,uuid:63b498c9-5eca-4e80-934f-1fbe379e1e94,2018-06-28 12:37:13,2018-06-28 13:05:37,3,57688.0,,1.0,,,1.0,43.0,LULUWA,33.0,,1.0,,1.0,,Lukonga,Mulunda,1.0,4.0,DIBAYA,9.0,,,,115000.0,28000.0,0.0,0.0,1.0,0.0,0.0,0.0,0.0,2.0,4.0,7.0,OK,1.0,1.0,1.0,1.0,OK,1.0,1.0,OK,1.0,1.0,.,.,5.0,3.0,1.0,3.0,2.0,2.0,2.0,2.0,2.0,2.0,2.0,2.0,2.0,2.0,2.0,2.0,3.0,2.0,2.0,1.0,,2.0,1.0,1.0,1.0,2.0,1.0,4.0,2.0,2.0,2.0,900.0,100.0,10.0,9.0,8.0,7.0,,,,,,,,.,,,.,,media\1530183893286-2.jpg,2.0,uuid:63b498c9-5eca-4e80-934f-1fbe379e1e94,,,,,,28 Jan 2021,2021-01-28,1.0,,,,445.0,,,0.0,,,,,,,,,,,,,,
58210.0,2018-05-31,uuid:68111280-c898-47fc-9225-ef259ce466f4,2018-05-31 10:48:30,,2,58210.0,1.0,,,,,,.,,.,,.,,,.,.,,,.,,.,,.,,,0.0,0.0,0.0,0.0,0.0,0.0,0.0,,,,OK,1.0,1.0,0.0,0.0,OK,1.0,1.0,OK,2.0,2.0,.,.,5.0,3.0,3.0,3.0,2.0,,,,,,,,,,,,,,,,,,,,,,,,2.0,2.0,2.0,800.0,200.0,8.0,6.0,4.0,3.0,,.,,,,,,.,,,.,,media\1527759267270.jpg,2.0,uuid:68111280-c898-47fc-9225-ef259ce466f4,1.0,,,,,28 Jan 2021,2021-01-28,1.0,215.0,215.0,615.0,,0.0,,,,,,,,,,,,,,,,N.U.
58210.0,2018-06-12,uuid:9595d4f7-4d81-496d-9752-7ccbf9a5c610,2018-06-12 11:40:05,2018-06-12 12:06:35,3,58210.0,,1.0,,,1.0,26.0,LULUWA,30.0,,1.0,,1.0,,Kananga,Plateau,1.0,4.0,DIBAYA,27.0,,,,400000.0,80000.0,0.0,0.0,1.0,0.0,0.0,0.0,0.0,4.0,4.0,2.0,OK,1.0,1.0,0.0,1.0,OK,2.0,1.0,OK,2.0,2.0,.,.,5.0,5.0,3.0,2.0,2.0,2.0,4.0,1.0,2.0,2.0,1.0,4.0,1.0,1.0,8.0,1.0,8.0,8.0,1.0,0.0,3.0,1.0,1.0,2.0,1.0,1.0,2.0,4.0,1.0,1.0,2.0,200.0,800.0,6.0,4.0,3.0,2.0,,,,,,,,.,,,.,,media\1528797960203-2.jpg,1.0,uuid:9595d4f7-4d81-496d-9752-7ccbf9a5c610,,,,,,28 Jan 2021,2021-01-28,1.0,137.0,,,445.0,,,0.0,,,,,,,,,,,,,,
58784.0,2018-06-01,uuid:fabedd8c-b27a-48c9-8ff1-5c58015871b3,2018-06-01 16:37:47,2018-06-01 16:57:08,2,58784.0,1.0,,,,,,.,,.,,.,,,.,.,,,.,,.,,.,,,0.0,0.0,0.0,0.0,0.0,0.0,0.0,,,,OK,1.0,1.0,0.0,1.0,OK,2.0,2.0,OK,2.0,2.0,.,.,3.0,5.0,3.0,3.0,2.0,,,,,,,,,,,,,,,,,,,,,,,,2.0,2.0,1.0,500.0,500.0,7.0,5.0,4.0,1.0,,.,,,,,,.,,,.,,media\1527864950877.jpg,2.0,uuid:fabedd8c-b27a-48c9-8ff1-5c58015871b3,2.0,,,,,28 Jan 2021,2021-01-28,1.0,233.0,233.0,633.0,,0.0,,,,,,,,,,,,,,,,N.U.
58784.0,2018-06-11,uuid:5d041ec2-63f6-4aa6-8ab9-79b928e9995c,2018-06-11 13:08:07,2018-06-11 13:34:26,3,58784.0,,1.0,,,1.0,64.0,TETELA,,,11.0,,0.0,2003.0,Kananga,Plateau,1.0,5.0,LUBEFU,9.0,,,,150000.0,78000.0,0.0,0.0,1.0,0.0,0.0,1.0,0.0,8.0,4.0,2.0,OK,1.0,1.0,1.0,1.0,OK,3.0,3.0,OK,1.0,2.0,.,.,3.0,3.0,2.0,3.0,1.0,1.0,3.0,2.0,2.0,2.0,1.0,1.0,2.0,2.0,2.0,2.0,5.0,2.0,2.0,1.0,,1.0,1.0,2.0,2.0,2.0,2.0,2.0,1.0,1.0,2.0,600.0,400.0,6.0,4.0,3.0,2.0,,,,,,,,.,,,.,,media\1528716763004-2.jpg,1.0,uuid:5d041ec2-63f6-4aa6-8ab9-79b928e9995c,,,,,,28 Jan 2021,2021-01-28,1.0,111.0,,,445.0,,,0.0,,,,,,,,,,,,,,
59093.0,2019-02-27,uuid:ae59c6f4-ff57-4234-851b-b60314664d7c,2019-02-27 10:14:41,2019-02-27 10:30:58,2,59093.0,1.0,,,,,,,,,,,,,,,,,,,,,,,,,,,,,,,,,,OK,1.0,1.0,1.0,1.0,OK,1.0,1.0,OK,1.0,1.0,.,.,5.0,5.0,3.0,3.0,2.0,,,,,,,,,,,,,,,,,,,,,,,,1.0,1.0,1.0,1000.0,0.0,10.0,5.0,3.0,1.0,,,,,,,,.,,,.,,media\1551259786732-4.jpg,2.0,uuid:ae59c6f4-ff57-4234-851b-b60314664d7c,,,,,,28 Jan 2021,2021-01-28,1.0,538.0,538.0,938.0,,0.0,,,,,,,,,,,,,,,,
59093.0,2019-03-11,uuid:71ee64df-75b1-4f37-ae64-8d2bd4baa7dc,2019-03-11 14:41:44,2019-03-11 15:30:04,3,59093.0,,1.0,,,1.0,54.0,LULUWA,,Bena tshikulu,1.0,,1.0,,Kananga,Plateau,1.0,4.0,DEMBA,4.0,,,,100000.0,15000.0,0.0,0.0,1.0,0.0,0.0,0.0,0.0,4.0,3.0,5.0,OK,1.0,1.0,0.0,0.0,OK,2.0,2.0,OK,2.0,2.0,.,.,2.0,3.0,2.0,3.0,1.0,2.0,3.0,2.0,3.0,3.0,2.0,1.0,2.0,1.0,1.0,2.0,2.0,1.0,1.0,1.0,,1.0,1.0,1.0,1.0,1.0,3.0,4.0,2.0,2.0,2.0,500.0,500.0,6.0,5.0,3.0,1.0,,,,,,,,.,,,.,,media\1552312269251-2.jpg,2.0,uuid:71ee64df-75b1-4f37-ae64-8d2bd4baa7dc,,,,,,28 Jan 2021,2021-01-28,1.0,,,,445.0,,,0.0,,,,,,,,,,,,,,
59133.0,2018-06-07,uuid:f5683aeb-47b0-4ae3-b45b-7caefe22b1cf,2018-06-07 14:48:27,2018-06-07 15:04:46,2,59133.0,1.0,,,,,,.,,.,,.,,,.,.,,,.,,.,,.,,,0.0,0.0,0.0,0.0,0.0,0.0,0.0,,,,OK,1.0,1.0,0.0,0.0,OK,1.0,1.0,OK,1.0,1.0,.,.,3.0,3.0,3.0,2.0,2.0,,,,,,,,,,,,,,,,,,,,,,,,1.0,1.0,2.0,100.0,900.0,10.0,9.0,4.0,2.0,,.,,,,,,.,,,.,,media\1528376642562.jpg,2.0,uuid:f5683aeb-47b0-4ae3-b45b-7caefe22b1cf,2.0,1.0,,,,28 Jan 2021,2021-01-28,1.0,282.0,282.0,682.0,,0.0,,,,,,,,,,,,,,,,N.U.
59133.0,2018-08-21,uuid:388e31ea-8412-4f81-914e-44daa7791b96,2018-08-21 16:45:05,2018-08-21 17:16:02,3,59133.0,,1.0,,,1.0,34.0,LUNTU,,Bakua mputu,1.0,,0.0,1994.0,Kananaga,Plateau,1.0,4.0,DIMBELENGE,22.0,,,,486000.0,0.0,0.0,0.0,1.0,1.0,1.0,0.0,0.0,2.0,4.0,3.0,OK,1.0,1.0,0.0,1.0,OK,2.0,2.0,OK,1.0,1.0,.,.,4.0,4.0,3.0,2.0,2.0,2.0,2.0,3.0,3.0,3.0,4.0,2.0,1.0,1.0,1.0,1.0,1.0,1.0,1.0,0.0,2.0,2.0,3.0,3.0,3.0,3.0,1.0,4.0,3.0,3.0,3.0,0.0,1000.0,2.0,1.0,0.0,0.0,,,,,,,,.,,,.,,media\1534864032919-2.jpg,1.0,uuid:388e31ea-8412-4f81-914e-44daa7791b96,,,,,,28 Jan 2021,2021-01-28,1.0,232.0,,,445.0,,,0.0,,,,,,,,,,,,1.0,1.0,
59148.0,2018-09-20,uuid:bdebdc41-636b-4e8c-a773-ae268b93b502,2018-09-20 15:18:24,2018-09-20 15:46:53,3,59148.0,,0.0,,,1.0,68.0,LULUWA,19.0,,,Bahai,0.0,1964.0,Kananga,Plateau,1.0,4.0,DIBAYA,11.0,,,,200000.0,15000.0,0.0,0.0,1.0,0.0,0.0,0.0,0.0,6.0,3.0,5.0,OK,1.0,1.0,1.0,1.0,OK,2.0,2.0,OK,2.0,2.0,.,.,5.0,5.0,3.0,1.0,2.0,2.0,3.0,2.0,2.0,2.0,2.0,2.0,1.0,1.0,1.0,1.0,1.0,1.0,1.0,0.0,4.0,2.0,2.0,2.0,2.0,2.0,3.0,5.0,2.0,3.0,2.0,0.0,1000.0,8.0,5.0,1.0,0.0,,,,,,,,.,,,.,,media\1537451118116-2.jpg,2.0,uuid:bdebdc41-636b-4e8c-a773-ae268b93b502,,,,,,28 Jan 2021,2021-01-28,1.0,240.0,,,445.0,,,0.0,,,,,,,,,,,,,,
59148.0,2018-11-15,uuid:65816e8b-a3c1-49be-8e0f-fbe4f9e9bc8d,2018-11-15 13:43:57,2018-11-15 14:00:11,2,59148.0,1.0,,,,,,,,,,,,,,,,,,,,,,,,,,,,,,,,,,OK,1.0,1.0,1.0,1.0,OK,1.0,1.0,OK,1.0,1.0,.,.,3.0,3.0,3.0,3.0,2.0,,,,,,,,,,,,,,,,,,,,,,,,2.0,2.0,2.0,888.0,888.0,10.0,5.0,3.0,1.0,,,,,,,,.,,,.,,media\1542286762343-2.jpg,2.0,uuid:65816e8b-a3c1-49be-8e0f-fbe4f9e9bc8d,,,,,,28 Jan 2021,2021-01-28,1.0,484.0,484.0,884.0,,0.0,,,,,,,,,,,,,,,,
59493.0,2019-04-08,uuid:8d65cdeb-38c2-432b-b127-cab38628c49e,2019-04-08 10:31:30,2019-04-08 10:41:31,2,59493.0,1.0,,,,,,,,,,,,,,,,,,,,,,,,,,,,,,,,,,OK,1.0,1.0,1.0,1.0,OK,1.0,1.0,OK,1.0,1.0,.,.,5.0,5.0,3.0,3.0,2.0,,,,,,,,,,,,,,,,,,,,,,,,1.0,2.0,2.0,800.0,200.0,8.0,7.0,6.0,5.0,,,,,,,,.,,,.,,media\1554712859359-2.jpg,1.0,uuid:8d65cdeb-38c2-432b-b127-cab38628c49e,,,,,,28 Jan 2021,2021-01-28,1.0,752.0,752.0,1152.0,,0.0,,,,,,,,,,,,,,,,
59493.0,2019-04-08,uuid:455b9a5c-3c3b-42fd-adb7-8460a98512eb,2019-04-08 10:00:03,2019-04-08 10:24:25,3,59493.0,,1.0,,,1.0,67.0,LULUWA,,Bakua kunda,3.0,,0.0,1966.0,Kananga,Plateau,1.0,4.0,DEMBA,0.0,,30.0,,90000.0,5000.0,0.0,0.0,0.0,0.0,0.0,0.0,1.0,7.0,3.0,6.0,OK,1.0,1.0,1.0,1.0,OK,1.0,1.0,OK,1.0,1.0,.,.,1.0,1.0,1.0,1.0,2.0,1.0,4.0,4.0,2.0,2.0,2.0,2.0,1.0,1.0,1.0,1.0,1.0,1.0,1.0,1.0,,3.0,1.0,1.0,1.0,2.0,1.0,5.0,2.0,2.0,1.0,1000.0,0.0,10.0,8.0,7.0,6.0,,,,,,,,.,,,.,,media\1554711822048-2.jpg,2.0,uuid:455b9a5c-3c3b-42fd-adb7-8460a98512eb,,,,,,28 Jan 2021,2021-01-28,1.0,,,,445.0,,,0.0,,,,,,,,,,,,,,
59648.0,2016-09-24,uuid:1bd42da2-e727-4e83-a738-00b9236d1c66,2016-09-24 12:59:11,2016-09-24 13:38:20,2,59648.0,1.0,,,,,,,,,,,,,,,,,,,,,,,,,,,,,,,,,,OK,1.0,1.0,1.0,1.0,OK,1.0,1.0,OK,2.0,1.0,.,.,5.0,5.0,3.0,3.0,2.0,,,,,,,,,,,,,,,,,,,,,,,,2.0,2.0,2.0,200.0,800.0,9.0,6.0,3.0,2.0,,,,,,,,.,,,.,,media\1474717002675-2.jpg,2.0,uuid:1bd42da2-e727-4e83-a738-00b9236d1c66,,,,,,28 Jan 2021,2021-01-28,1.0,202.0,202.0,602.0,,0.0,,,,,,,,,,,,,,,,
59648.0,2019-03-06,uuid:fe79f3b0-0bee-4eda-b2c1-37abec4109ed,2019-03-06 08:17:55,2019-03-06 08:40:14,3,59648.0,,1.0,,,1.0,54.0,LULUWA,19.0,,2.0,,0.0,1976.0,Kananga,Plateau,1.0,4.0,DIBAYA,20.0,,,,150000.0,30000.0,1.0,0.0,1.0,0.0,0.0,0.0,0.0,5.0,4.0,5.0,OK,1.0,1.0,1.0,1.0,OK,1.0,2.0,OK,1.0,2.0,.,.,5.0,3.0,3.0,3.0,2.0,1.0,1.0,2.0,1.0,1.0,1.0,1.0,1.0,2.0,2.0,1.0,5.0,1.0,2.0,0.0,4.0,1.0,1.0,3.0,4.0,1.0,1.0,4.0,1.0,4.0,2.0,200.0,800.0,8.0,6.0,4.0,2.0,,,,,,,,.,,,.,,media\1551857973666-4.jpg,2.0,uuid:fe79f3b0-0bee-4eda-b2c1-37abec4109ed,,,,,,28 Jan 2021,2021-01-28,1.0,,,,445.0,,,0.0,,,,,,,,,,,,,,
59649.0,2019-02-27,uuid:0317cb01-093f-4da7-8903-2447eb3060d9,2019-02-27 10:33:46,2019-02-27 11:02:04,2,59649.0,1.0,,,,,,,,,,,,,,,,,,,,,,,,,,,,,,,,,,OK,1.0,0.0,0.0,1.0,OK,2.0,2.0,OK,2.0,2.0,.,.,3.0,3.0,3.0,2.0,2.0,,,,,,,,,,,,,,,,,,,,,,,,1.0,1.0,2.0,800.0,200.0,8.0,5.0,3.0,0.0,,,,,,,,.,,,.,,media\1551260741032-2.jpg,1.0,uuid:0317cb01-093f-4da7-8903-2447eb3060d9,,,,,,28 Jan 2021,2021-01-28,1.0,541.0,541.0,941.0,,0.0,,,,,,,,,,,,,,,,
59649.0,2019-03-23,uuid:a41729a1-cc54-4fec-a6b6-9e17c2a70352,2019-03-23 08:26:41,,3,59649.0,,1.0,,,1.0,80.0,LULUWA,33.0,,1.0,,0.0,1959.0,Kananga,Malole,1.0,4.0,DIBAYA,0.0,,,Retraitement de l’etat,90000.0,21000.0,0.0,0.0,0.0,0.0,0.0,0.0,1.0,1.0,3.0,6.0,OK,1.0,1.0,0.0,0.0,OK,2.0,2.0,OK,2.0,2.0,.,.,1.0,1.0,2.0,3.0,2.0,1.0,2.0,4.0,1.0,2.0,1.0,1.0,1.0,2.0,1.0,2.0,1.0,1.0,2.0,0.0,3.0,1.0,1.0,2.0,2.0,1.0,2.0,6.0,1.0,2.0,2.0,200.0,800.0,5.0,3.0,1.0,0.0,,,,,,,,.,,,.,,media\1553327557478-2.jpg,2.0,uuid:a41729a1-cc54-4fec-a6b6-9e17c2a70352,,,,,,28 Jan 2021,2021-01-28,1.0,,,,445.0,,,0.0,,,,,,,,,,,,,,
60183.0,2018-06-04,uuid:d80e5cd0-a443-4d64-9ee0-2d4abd7fedfa,2018-06-04 13:38:12,2018-06-04 14:34:20,2,60183.0,1.0,,,,,,.,,.,,.,,,.,.,,,.,,.,,.,,,0.0,0.0,0.0,0.0,0.0,0.0,0.0,,,,OK,1.0,1.0,1.0,1.0,OK,1.0,1.0,OK,1.0,1.0,.,.,3.0,3.0,3.0,3.0,2.0,,,,,,,,,,,,,,,,,,,,,,,,1.0,2.0,2.0,500.0,500.0,7.0,5.0,4.0,3.0,,.,,,,,,.,,,.,,media\1528113474884.jpg,1.0,uuid:d80e5cd0-a443-4d64-9ee0-2d4abd7fedfa,2.0,1.0,0,60183.0,60183.0,28 Jan 2021,2021-01-28,1.0,249.0,249.0,649.0,,0.0,,,,,,,,,,,,,,,,N.U.
60183.0,2018-06-14,uuid:8ffebb1a-7747-4f05-8da2-7f761a5be9a3,2018-06-14 08:18:26,2018-06-14 08:57:04,3,60183.0,,1.0,,,1.0,21.0,LULUWA,,Bena milombe,1.0,,1.0,,Kananga,Plateau,1.0,4.0,DEMBA,27.0,,,,120000.0,0.0,0.0,0.0,0.0,0.0,0.0,0.0,1.0,1.0,4.0,4.0,OK,1.0,1.0,1.0,1.0,OK,1.0,1.0,OK,1.0,1.0,.,.,3.0,4.0,3.0,3.0,2.0,1.0,2.0,1.0,1.0,1.0,1.0,1.0,8.0,2.0,2.0,2.0,5.0,3.0,3.0,1.0,,4.0,1.0,1.0,1.0,3.0,1.0,4.0,1.0,1.0,3.0,800.0,200.0,6.0,5.0,3.0,2.0,,,,,,,,.,,,.,,media\1528958064109-2.jpg,2.0,uuid:8ffebb1a-7747-4f05-8da2-7f761a5be9a3,,,,,,28 Jan 2021,2021-01-28,1.0,,,,445.0,,,0.0,,,,,,,,,,,,,,
60183.0,2019-02-25,uuid:49df02d0-6fbe-4ba5-8036-bf69fefa52a6,2019-02-25 07:26:21,2019-02-25 07:57:19,3,60183.0,,1.0,,,1.0,24.0,LULUWA,,Bajila kapumbu,11.0,,1.0,,Kananga,Plateau,1.0,4.0,LUEBO,12.0,,,,100000.0,50000.0,1.0,0.0,1.0,1.0,1.0,0.0,0.0,4.0,3.0,6.0,OK,1.0,1.0,0.0,0.0,OK,3.0,3.0,OK,3.0,3.0,.,.,3.0,5.0,4.0,3.0,2.0,2.0,3.0,4.0,1.0,1.0,1.0,2.0,8.0,1.0,1.0,2.0,3.0,1.0,1.0,0.0,4.0,4.0,1.0,2.0,1.0,1.0,2.0,3.0,1.0,1.0,2.0,500.0,500.0,8.0,6.0,5.0,4.0,,,,,,,,.,,,.,,media\1551077803019-6.jpg,2.0,uuid:49df02d0-6fbe-4ba5-8036-bf69fefa52a6,,,,,,28 Jan 2021,2021-01-28,1.0,315.0,,,445.0,,,0.0,,,,,,,,,,,,,,
60184.0,2018-06-09,uuid:d09bd93f-c72a-49c9-b679-6f33ec122d4d,2018-06-09 08:44:17,2018-06-09 09:15:04,2,60184.0,1.0,,,,,,.,,.,,.,,,.,.,,,.,,.,,.,,,0.0,0.0,0.0,0.0,0.0,0.0,0.0,,,,OK,0.0,0.0,0.0,0.0,OK,4.0,4.0,OK,4.0,4.0,.,.,4.0,5.0,1.0,3.0,2.0,,,,,,,,,,,,,,,,,,,,,,,,4.0,3.0,2.0,20.0,980.0,10.0,9.0,8.0,7.0,,.,,,,,,.,,,.,,media\1528527336528.jpg,2.0,uuid:d09bd93f-c72a-49c9-b679-6f33ec122d4d,1.0,1.0,,,,28 Jan 2021,2021-01-28,1.0,295.0,295.0,695.0,,0.0,,,,,,,,,,,,,,,,N.U.
60383.0,2018-06-01,uuid:0c705f95-21fc-4a9c-94e0-78f5ded4db9a,2018-06-01 14:38:59,2018-06-01 15:15:03,2,60383.0,1.0,,,,,,.,,.,,.,,,.,.,,,.,,.,,.,,,0.0,0.0,0.0,0.0,0.0,0.0,0.0,,,,OK,1.0,1.0,1.0,1.0,OK,2.0,1.0,OK,1.0,1.0,.,.,5.0,3.0,3.0,3.0,2.0,,,,,,,,,,,,,,,,,,,,,,,,2.0,2.0,2.0,600.0,400.0,8.0,7.0,6.0,4.0,,.,,,,,,.,,,.,,media\1527858216934.jpg,2.0,uuid:0c705f95-21fc-4a9c-94e0-78f5ded4db9a,1.0,,,,,28 Jan 2021,2021-01-28,1.0,230.0,230.0,630.0,,0.0,,,,,,,,,,,,,,,,N.U.
60383.0,2019-02-25,uuid:48bac8a6-8164-425f-b35f-2b47f634e776,2019-02-25 09:13:35,2019-02-25 09:53:30,3,60383.0,,0.0,,,1.0,60.0,LUNTU,,Bakua Lule,3.0,,0.0,1984.0,Kananga,Plateau,1.0,4.0,DIMBELENGE,18.0,,,,112000.0,28000.0,0.0,0.0,1.0,0.0,0.0,0.0,0.0,9.0,3.0,4.0,OK,1.0,1.0,1.0,1.0,OK,2.0,2.0,OK,2.0,2.0,.,.,3.0,3.0,3.0,3.0,2.0,2.0,4.0,4.0,2.0,2.0,2.0,2.0,2.0,2.0,2.0,1.0,3.0,2.0,1.0,0.0,1.0,1.0,1.0,1.0,1.0,1.0,1.0,4.0,1.0,2.0,2.0,0.0,1000.0,10.0,7.0,5.0,4.0,,,,,,,,.,,,.,,media\1551084757036-3.jpg,2.0,uuid:48bac8a6-8164-425f-b35f-2b47f634e776,,,,,,28 Jan 2021,2021-01-28,1.0,324.0,,,445.0,,,0.0,,,,,,,,,,,,,,
60591.0,2019-03-07,uuid:fdcc7f33-3af9-41ea-9652-2b59a8a840a7,2019-03-07 08:29:58,2019-03-07 08:59:02,2,60591.0,1.0,,,,,,,,,,,,,,,,,,,,,,,,,,,,,,,,,,OK,1.0,1.0,0.0,0.0,OK,2.0,1.0,OK,2.0,2.0,.,.,3.0,3.0,4.0,3.0,2.0,,,,,,,,,,,,,,,,,,,,,,,,2.0,2.0,1.0,500.0,500.0,7.0,5.0,3.0,2.0,,,,,,,,.,,,.,,media\1551944952487-2.jpg,2.0,uuid:fdcc7f33-3af9-41ea-9652-2b59a8a840a7,,,,,,28 Jan 2021,2021-01-28,1.0,628.0,628.0,1028.0,,0.0,,,,,,,,,,,,,,,,
60591.0,2019-03-07,uuid:066e25b1-2555-43ee-8837-1553d1303b1f,2019-03-07 10:59:10,2019-03-07 11:47:06,3,60591.0,,1.0,,,1.0,25.0,LULUWA,,Bakua tshimuna,1.0,,1.0,,Kananga,Plateau,1.0,4.0,TSHIKAPA,13.0,,,,50000.0,10000.0,0.0,0.0,0.0,0.0,0.0,0.0,1.0,5.0,3.0,4.0,OK,1.0,1.0,1.0,1.0,OK,2.0,2.0,OK,2.0,2.0,.,.,3.0,3.0,2.0,3.0,2.0,1.0,2.0,2.0,2.0,2.0,2.0,2.0,1.0,1.0,2.0,2.0,2.0,2.0,3.0,1.0,,1.0,1.0,1.0,1.0,1.0,2.0,4.0,2.0,2.0,1.0,500.0,500.0,5.0,4.0,2.0,1.0,,,,,,,,.,,,.,,media\1551953181215-2.jpg,2.0,uuid:066e25b1-2555-43ee-8837-1553d1303b1f,,,,,,28 Jan 2021,2021-01-28,1.0,439.0,,,445.0,,,0.0,,,,,,,,,,,,,,
60895.0,2019-03-05,uuid:df09ba4c-3ace-4106-b7b7-ee2ed7dc11f9,2019-03-05 14:05:48,2019-03-05 14:31:49,3,60895.0,,1.0,,,1.0,45.0,LUBA,18.0,,3.0,,1.0,,Kananga,Plateau,0.0,5.0,MIABI,4.0,,,,210000.0,47000.0,1.0,0.0,0.0,1.0,0.0,0.0,0.0,2.0,4.0,3.0,OK,1.0,1.0,0.0,0.0,OK,2.0,1.0,OK,1.0,1.0,.,.,3.0,3.0,1.0,3.0,1.0,1.0,1.0,1.0,1.0,1.0,1.0,1.0,1.0,1.0,1.0,1.0,1.0,1.0,1.0,1.0,,4.0,1.0,4.0,4.0,4.0,1.0,4.0,1.0,2.0,2.0,1000.0,0.0,10.0,9.0,3.0,0.0,,,,,,,,.,,,.,,media\1551792625838-4.jpg,2.0,uuid:df09ba4c-3ace-4106-b7b7-ee2ed7dc11f9,,,,,,28 Jan 2021,2021-01-28,1.0,411.0,,,445.0,,,0.0,,,,,,,,,,,,,,
60895.0,2019-03-05,uuid:8538f995-d001-4f24-8167-289906c77030,2019-03-05 13:38:18,2019-03-05 13:57:57,2,60895.0,1.0,,,,,,,,,,,,,,,,,,,,,,,,,,,,,,,,,,OK,1.0,0.0,1.0,0.0,OK,4.0,4.0,OK,4.0,4.0,.,.,3.0,5.0,3.0,1.0,2.0,,,,,,,,,,,,,,,,,,,,,,,,2.0,2.0,3.0,1000.0,0.0,10.0,9.0,7.0,3.0,,,,,,,,.,,,.,,media\1551790630211-3.jpg,2.0,uuid:8538f995-d001-4f24-8167-289906c77030,,,,,,28 Jan 2021,2021-01-28,1.0,608.0,608.0,1008.0,,0.0,,,,,,,,,,,,,,,,
61189.0,2018-06-05,uuid:866b0515-5e69-42b3-8af7-fc8bb62229c3,2018-06-05 11:25:55,2018-06-05 17:33:17,2,61189.0,1.0,,,,,,.,,.,,.,,,.,.,,,.,,.,,.,,,0.0,0.0,0.0,0.0,0.0,0.0,0.0,,,,OK,1.0,1.0,1.0,0.0,OK,2.0,1.0,OK,3.0,4.0,.,.,4.0,5.0,1.0,3.0,2.0,,,,,,,,,,,,,,,,,,,,,,,,2.0,1.0,2.0,900.0,100.0,5.0,4.0,3.0,1.0,,.,,,,,,.,,,.,,media\1528192239241.jpg,2.0,uuid:866b0515-5e69-42b3-8af7-fc8bb62229c3,1.0,1.0,,,,28 Jan 2021,2021-01-28,1.0,255.0,255.0,655.0,,0.0,,,,,,,,,,,,,,,,N.U.
61293.0,2018-06-01,uuid:27eac0fb-c4d2-4369-b345-83f0602fc430,2018-06-01 11:36:41,2018-06-01 12:05:45,2,61293.0,1.0,,,,,,.,,.,,.,,,.,.,,,.,,.,,.,,,0.0,0.0,0.0,0.0,0.0,0.0,0.0,,,,OK,1.0,1.0,1.0,1.0,OK,1.0,1.0,OK,1.0,1.0,.,.,5.0,5.0,3.0,3.0,1.0,,,,,,,,,,,,,,,,,,,,,,,,1.0,1.0,2.0,300.0,700.0,9.0,7.0,6.0,3.0,,.,,,,,,.,,,.,,media\1527847448998.jpg,2.0,uuid:27eac0fb-c4d2-4369-b345-83f0602fc430,1.0,,,,,28 Jan 2021,2021-01-28,1.0,228.0,228.0,628.0,,0.0,,,,,,,,,,,,,,,,N.U.
61293.0,2018-06-13,uuid:9f706d9b-3012-4704-b5a2-254b8f93cc52,2018-06-13 10:57:12,,3,61293.0,,1.0,,,1.0,61.0,LULUWA,19.0,,8.0,,1.0,,Kananga,Plateau,1.0,4.0,DIBAYA,4.0,,,,45000.0,15000.0,0.0,0.0,0.0,0.0,0.0,0.0,1.0,4.0,3.0,5.0,OK,1.0,1.0,0.0,1.0,OK,2.0,2.0,OK,2.0,2.0,.,.,5.0,5.0,2.0,3.0,1.0,2.0,2.0,2.0,2.0,2.0,2.0,2.0,2.0,2.0,2.0,2.0,3.0,2.0,1.0,0.0,1.0,1.0,1.0,1.0,1.0,1.0,3.0,4.0,1.0,1.0,2.0,1000.0,0.0,5.0,3.0,1.0,0.0,,,,,,,,.,,,.,,media\1528882591160-2.jpg,2.0,uuid:9f706d9b-3012-4704-b5a2-254b8f93cc52,,,,,,28 Jan 2021,2021-01-28,1.0,161.0,,,445.0,,,0.0,,,,,,,,,,,,,,
61293.0,2019-02-27,uuid:5b04ac03-b0d5-4318-b74e-ce5a44088158,2019-02-27 10:14:47,2019-02-27 10:52:21,3,61293.0,,1.0,,,1.0,35.0,LULUWA,19.0,,1.0,,1.0,,Kananga,Plateau,1.0,4.0,DIBAYA,9.0,,,,15000.0,2500.0,0.0,0.0,0.0,0.0,0.0,0.0,1.0,3.0,3.0,6.0,OK,1.0,1.0,0.0,1.0,OK,1.0,2.0,OK,2.0,2.0,.,.,3.0,3.0,3.0,3.0,2.0,1.0,2.0,4.0,1.0,1.0,3.0,1.0,1.0,1.0,2.0,1.0,1.0,1.0,2.0,0.0,1.0,1.0,1.0,1.0,1.0,1.0,1.0,4.0,1.0,1.0,2.0,1000.0,0.0,8.0,7.0,5.0,4.0,,,,,,,,.,,,.,,media\1551261048764-2.jpg,2.0,uuid:5b04ac03-b0d5-4318-b74e-ce5a44088158,,,,,,28 Jan 2021,2021-01-28,1.0,341.0,,,445.0,,,0.0,,,,,,,,,,,,,,
61349.0,2018-06-13,uuid:fd993861-14ea-4e66-9ba8-737cd605cc2b,2018-06-13 12:02:41,2018-06-13 12:16:17,2,61349.0,1.0,,,,,,,,,,,,,,,,,,,,,,,,,,,,,,,,,,OK,1.0,1.0,1.0,1.0,OK,1.0,1.0,OK,2.0,2.0,.,.,5.0,4.0,3.0,3.0,2.0,,,,,,,,,,,,,,,,,,,,,,,,1.0,1.0,2.0,800.0,200.0,7.0,6.0,5.0,4.0,,,,,,,,.,,,.,,media\1528884929300-2.jpg,2.0,uuid:fd993861-14ea-4e66-9ba8-737cd605cc2b,,,,,,28 Jan 2021,2021-01-28,1.0,362.0,362.0,762.0,,0.0,,,,,,,,,,,,,,,,
61349.0,2019-03-05,uuid:1081d99f-97d8-4e62-871c-a7686ddfcab2,2019-03-05 12:45:02,2019-03-05 13:18:04,3,61349.0,,1.0,,,1.0,54.0,LULUWA,19.0,,12.0,,1.0,,Kananga,Plateau,1.0,4.0,DIBAYA,0.0,,14.0,,100000.0,30000.0,0.0,0.0,1.0,1.0,1.0,1.0,0.0,6.0,3.0,3.0,OK,1.0,1.0,1.0,1.0,OK,1.0,1.0,OK,1.0,1.0,.,.,5.0,3.0,2.0,3.0,1.0,1.0,1.0,1.0,1.0,1.0,1.0,1.0,1.0,2.0,1.0,1.0,1.0,1.0,1.0,0.0,4.0,2.0,2.0,2.0,2.0,2.0,1.0,6.0,1.0,1.0,2.0,1000.0,0.0,10.0,9.0,6.0,2.0,,,,,,,,.,,,.,,media\1551788230440-4.jpg,2.0,uuid:1081d99f-97d8-4e62-871c-a7686ddfcab2,,,,,,28 Jan 2021,2021-01-28,1.0,404.0,,,445.0,,,0.0,,,,,,,,,,,,,,
62295.0,2018-06-06,uuid:55a30cd9-df57-43d8-9515-6c79bec98b4a,2018-06-06 08:26:23,2018-06-06 08:52:05,2,62295.0,1.0,,,,,,.,,.,,.,,,.,.,,,.,,.,,.,,,0.0,0.0,0.0,0.0,0.0,0.0,0.0,,,,OK,1.0,1.0,0.0,1.0,OK,2.0,2.0,OK,2.0,2.0,.,.,5.0,3.0,3.0,3.0,2.0,,,,,,,,,,,,,,,,,,,,,,,,2.0,2.0,2.0,500.0,500.0,2.0,0.0,0.0,0.0,,.,,,,,,.,,,.,,media\1528267843793.jpg,2.0,uuid:55a30cd9-df57-43d8-9515-6c79bec98b4a,1.0,1.0,,,,28 Jan 2021,2021-01-28,1.0,265.0,265.0,665.0,,0.0,,,,,,,,,,,,1.0,1.0,1.0,1.0,N.U.
62295.0,2018-06-11,uuid:a898a314-c5b5-4df4-a552-8e3a4e6842e3,2018-06-11 12:58:10,2018-06-11 13:32:04,3,62295.0,,1.0,,,1.0,29.0,LUNTU,,Bena Mpuka,11.0,,1.0,,Kananga,Plateau,1.0,4.0,DIMBELENGE,4.0,,,,150000.0,35000.0,0.0,0.0,1.0,0.0,0.0,0.0,0.0,4.0,3.0,6.0,OK,1.0,1.0,1.0,1.0,OK,1.0,1.0,OK,2.0,2.0,.,.,3.0,5.0,2.0,3.0,2.0,2.0,3.0,2.0,2.0,2.0,2.0,2.0,2.0,2.0,2.0,1.0,1.0,8.0,2.0,0.0,2.0,2.0,2.0,2.0,2.0,,1.0,3.0,2.0,2.0,2.0,700.0,300.0,5.0,4.0,3.0,0.0,,,,,,,,.,,,.,,media\1528716665792-2.jpg,2.0,uuid:a898a314-c5b5-4df4-a552-8e3a4e6842e3,,,,,,28 Jan 2021,2021-01-28,1.0,110.0,,,445.0,,,0.0,,,,,,,,,,,,,,
62344.0,2018-06-13,uuid:7a1ac276-56d0-46eb-91bc-cda414c23a43,2018-06-13 09:29:26,2018-06-13 09:48:26,2,62344.0,1.0,,,,,,,,,,,,,,,,,,,,,,,,,,,,,,,,,,OK,1.0,1.0,0.0,1.0,OK,1.0,1.0,OK,3.0,3.0,.,.,4.0,4.0,3.0,3.0,2.0,,,,,,,,,,,,,,,,,,,,,,,,1.0,2.0,2.0,1000.0,0.0,10.0,8.0,5.0,2.0,,,,,,,,.,,,.,,media\1528876062516-2.jpg,2.0,uuid:7a1ac276-56d0-46eb-91bc-cda414c23a43,,,,,,28 Jan 2021,2021-01-28,1.0,353.0,353.0,753.0,,0.0,,,,,,,,,,,,,,,,
62344.0,2019-03-12,uuid:d7d250c8-b490-4e7f-92ad-e8aa071ba626,2019-03-12 08:44:53,2019-03-12 09:08:05,3,62344.0,,1.0,,,1.0,30.0,LUNTU,,Bena tshiadi,11.0,,1.0,,Kananga,Plateau,1.0,4.0,DIMBELENGE,4.0,,,,208000.0,80000.0,0.0,0.0,1.0,0.0,0.0,0.0,0.0,3.0,3.0,5.0,OK,1.0,1.0,1.0,1.0,OK,1.0,1.0,OK,1.0,1.0,.,.,4.0,3.0,4.0,3.0,2.0,1.0,2.0,3.0,1.0,1.0,2.0,2.0,2.0,2.0,2.0,2.0,2.0,2.0,2.0,1.0,,1.0,1.0,1.0,1.0,1.0,2.0,4.0,1.0,1.0,1.0,700.0,300.0,7.0,5.0,4.0,3.0,,,,,,,,.,,,.,,media\1552377498900-2.jpg,2.0,uuid:d7d250c8-b490-4e7f-92ad-e8aa071ba626,,,,,,28 Jan 2021,2021-01-28,1.0,450.0,,,445.0,,,0.0,,,,,,,,,,,,,,
63445.0,2018-06-01,uuid:4e980c3a-1820-4834-85a9-4334a7575e8c,2018-06-01 14:08:55,2018-06-01 14:58:35,2,63445.0,1.0,,,,,,.,,.,,.,,,.,.,,,.,,.,,.,,,0.0,0.0,0.0,0.0,0.0,0.0,0.0,,,,OK,1.0,1.0,0.0,0.0,OK,1.0,2.0,OK,2.0,2.0,.,.,5.0,4.0,3.0,2.0,2.0,,,,,,,,,,,,,,,,,,,,,,,,2.0,3.0,2.0,1000.0,0.0,5.0,4.0,3.0,0.0,,.,,,,,,.,,,.,,media\1527856661386.jpg,2.0,uuid:4e980c3a-1820-4834-85a9-4334a7575e8c,1.0,,,,,28 Jan 2021,2021-01-28,1.0,229.0,229.0,629.0,,0.0,,,,,,,,,,,,,,,,N.U.
63445.0,2018-06-11,uuid:a1ab4aba-2321-4f67-b8a7-ec516a29e5f9,2018-06-11 13:49:12,2018-06-11 14:25:15,3,63445.0,,1.0,,,1.0,56.0,LUNTU,,Bakua tshikandu,,Bena malembe,0.0,1998.0,Kananga,Kamayi,0.0,4.0,DIMBELENGE,0.0,,,Débrouillé,90000.0,21000.0,0.0,0.0,1.0,0.0,0.0,1.0,0.0,4.0,2.0,3.0,OK,1.0,1.0,0.0,1.0,OK,2.0,1.0,OK,2.0,2.0,.,.,3.0,3.0,3.0,3.0,2.0,2.0,3.0,2.0,2.0,2.0,2.0,2.0,1.0,1.0,2.0,2.0,3.0,7.0,1.0,0.0,4.0,1.0,2.0,2.0,1.0,1.0,1.0,4.0,1.0,1.0,2.0,100.0,900.0,8.0,5.0,3.0,1.0,,,,,,,,.,,,.,,media\1528719814712-2.jpg,2.0,uuid:a1ab4aba-2321-4f67-b8a7-ec516a29e5f9,,,,,,28 Jan 2021,2021-01-28,1.0,112.0,,,445.0,,,0.0,,,,,,,,,,,,,,
63586.0,2018-06-07,uuid:318cdc7e-6666-46c8-a98b-80f1dc3f81a9,2018-06-07 06:46:39,2018-06-07 07:16:03,2,63586.0,1.0,,,,,,.,,.,,.,,,.,.,,,.,,.,,.,,,0.0,0.0,0.0,0.0,0.0,0.0,0.0,,,,OK,1.0,1.0,1.0,1.0,OK,1.0,1.0,OK,1.0,1.0,.,.,4.0,3.0,3.0,3.0,2.0,,,,,,,,,,,,,,,,,,,,,,,,2.0,2.0,2.0,0.0,1000.0,7.0,6.0,4.0,3.0,,.,,,,,,.,,,.,,media\1528347964930.jpg,2.0,uuid:318cdc7e-6666-46c8-a98b-80f1dc3f81a9,2.0,1.0,,,,28 Jan 2021,2021-01-28,1.0,271.0,271.0,671.0,,0.0,,,,,,,,,,,,,,,,N.U.
63589.0,2018-08-23,uuid:fdd2f676-f1a7-4e27-97c7-3569fad4634e,2018-08-23 15:31:23,2018-08-23 16:04:15,2,63589.0,0.0,,,,,,,,,,,,,,,,,,,,,,,,,,,,,,,,,,OK,1.0,1.0,0.0,1.0,OK,2.0,2.0,OK,2.0,2.0,.,.,5.0,3.0,3.0,3.0,2.0,,,,,,,,,,,,,,,,,,,,,,,,2.0,2.0,2.0,1000.0,0.0,8.0,7.0,6.0,5.0,,,,,,,,.,,,.,,media\1535032908225-2.jpg,2.0,uuid:fdd2f676-f1a7-4e27-97c7-3569fad4634e,,,,,,28 Jan 2021,2021-01-28,1.0,432.0,432.0,832.0,,0.0,,,,,,,,,,,,,,,,
63845.0,2019-03-15,uuid:f43b0d6f-99b7-446a-a294-c7b29d8fd055,2019-03-15 09:35:19,2019-03-15 10:05:04,3,63845.0,,1.0,,,2.0,28.0,LUNTU,,Bakua lukusa,3.0,,0.0,1995.0,Kamayi,Prison,1.0,4.0,DIMBELENGE,0.0,,23.0,,40000.0,7500.0,0.0,0.0,0.0,0.0,0.0,0.0,1.0,2.0,3.0,4.0,OK,1.0,1.0,1.0,0.0,OK,1.0,1.0,OK,2.0,2.0,.,.,3.0,3.0,3.0,3.0,1.0,1.0,4.0,4.0,2.0,2.0,2.0,2.0,1.0,1.0,1.0,1.0,1.0,1.0,1.0,1.0,,1.0,1.0,1.0,1.0,1.0,3.0,3.0,2.0,1.0,2.0,800.0,200.0,10.0,5.0,2.0,1.0,,,,,,,,.,,,.,,media\1552639741666-2.jpg,2.0,uuid:f43b0d6f-99b7-446a-a294-c7b29d8fd055,,,,,,28 Jan 2021,2021-01-28,1.0,459.0,,,445.0,,,0.0,,,,,,,,,,,,,,
63845.0,2019-03-15,uuid:caff6a02-e7f8-4994-92d1-a5e15f94df91,2019-03-15 09:10:30,2019-03-15 09:35:04,2,63845.0,1.0,,,,,,,,,,,,,,,,,,,,,,,,,,,,,,,,,,OK,0.0,0.0,0.0,1.0,OK,3.0,3.0,OK,3.0,3.0,.,.,3.0,3.0,3.0,3.0,1.0,,,,,,,,,,,,,,,,,,,,,,,,1.0,2.0,2.0,500.0,500.0,10.0,8.0,2.0,0.0,,,,,,,,.,,,.,,media\1552637755094-2.jpg,2.0,uuid:caff6a02-e7f8-4994-92d1-a5e15f94df91,,,,,,28 Jan 2021,2021-01-28,1.0,657.0,657.0,1057.0,,0.0,,,,,,,,,,,,,,,,
63847.0,2018-06-07,uuid:42572acb-cf20-4f13-86e1-dfb75c5c1fcd,2018-06-07 14:54:35,2018-06-07 15:19:04,2,63847.0,1.0,,,,,,.,,.,,.,,,.,.,,,.,,.,,.,,,0.0,0.0,0.0,0.0,0.0,0.0,0.0,,,,OK,1.0,0.0,0.0,0.0,OK,4.0,4.0,OK,4.0,4.0,.,.,4.0,5.0,2.0,1.0,2.0,,,,,,,,,,,,,,,,,,,,,,,,4.0,3.0,2.0,500.0,500.0,8.0,5.0,4.0,3.0,,.,,,,,,.,,,.,,media\1528376468138.jpg,2.0,uuid:42572acb-cf20-4f13-86e1-dfb75c5c1fcd,1.0,1.0,,,,28 Jan 2021,2021-01-28,1.0,283.0,283.0,683.0,,0.0,,,,,,,,,,,,,,,,N.U.
64491.0,2018-06-02,uuid:c1a43fee-7fff-4edc-b473-1ad3082a4f87,2018-06-02 14:43:47,2018-06-02 15:37:05,2,64491.0,1.0,,,,,,.,,.,,.,,,.,.,,,.,,.,,.,,,0.0,0.0,0.0,0.0,0.0,0.0,0.0,,,,OK,1.0,1.0,1.0,1.0,OK,2.0,2.0,OK,1.0,2.0,.,.,4.0,3.0,3.0,3.0,2.0,,,,,,,,,,,,,,,,,,,,,,,,2.0,4.0,2.0,250.0,750.0,10.0,3.0,1.0,0.0,,.,,,,,,.,,,.,,media\1527944390862.jpg,1.0,uuid:c1a43fee-7fff-4edc-b473-1ad3082a4f87,1.0,,,,,28 Jan 2021,2021-01-28,1.0,242.0,242.0,642.0,,0.0,,,,,,,,,,,,,,,,N.U.
64491.0,2018-06-12,uuid:b667d784-37d2-4d94-8661-b19cd7da9a32,2018-06-12 11:26:47,2018-06-12 11:58:13,3,64491.0,,1.0,,,1.0,41.0,LULUWA,,Bakua nkole,3.0,,1.0,,Kananga,Kamayi,0.0,4.0,DIBAYA,4.0,,,,60000.0,40000.0,0.0,0.0,1.0,1.0,0.0,0.0,0.0,2.0,3.0,6.0,OK,1.0,1.0,0.0,0.0,OK,1.0,1.0,OK,1.0,1.0,.,.,4.0,3.0,1.0,3.0,2.0,1.0,3.0,2.0,2.0,2.0,2.0,1.0,2.0,3.0,3.0,1.0,1.0,8.0,4.0,0.0,4.0,2.0,2.0,2.0,2.0,2.0,1.0,5.0,2.0,2.0,3.0,700.0,300.0,8.0,7.0,6.0,5.0,,,,,,,,.,,,.,,media\1528796788586-2.jpg,2.0,uuid:b667d784-37d2-4d94-8661-b19cd7da9a32,,,,,,28 Jan 2021,2021-01-28,1.0,135.0,,,445.0,,,0.0,,,,,,,,,,,,,,
64590.0,2018-06-22,uuid:5954d37a-28f4-4846-9a3e-411dc42de13a,2018-06-22 13:36:16,2018-06-22 13:59:10,2,64590.0,1.0,,,,,,,,,,,,,,,,,,,,,,,,,,,,,,,,,,OK,1.0,1.0,1.0,0.0,OK,2.0,2.0,OK,2.0,2.0,.,.,3.0,4.0,3.0,3.0,2.0,,,,,,,,,,,,,,,,,,,,,,,,2.0,1.0,2.0,0.0,0.0,3.0,2.0,1.0,0.0,,,,,,,,.,,,.,,media\1529667984586-4.jpg,2.0,uuid:5954d37a-28f4-4846-9a3e-411dc42de13a,,,,,,28 Jan 2021,2021-01-28,1.0,404.0,404.0,804.0,,0.0,,,,,,,,,,,,,,,,
64590.0,2019-03-15,uuid:ef934478-2a74-4277-b76e-90501504f618,2019-03-15 12:24:12,2019-03-15 12:52:04,3,64590.0,,1.0,,,1.0,58.0,LUNTU,50.0,,11.0,,0.0,2015.0,Kananga,Kamayi,1.0,4.0,DIMBELENGE,4.0,,,,40000.0,10000.0,0.0,0.0,1.0,0.0,0.0,0.0,0.0,10.0,3.0,2.0,OK,1.0,0.0,0.0,1.0,OK,2.0,3.0,OK,2.0,3.0,.,.,3.0,3.0,1.0,3.0,2.0,1.0,3.0,4.0,1.0,1.0,2.0,2.0,1.0,1.0,1.0,1.0,1.0,1.0,1.0,0.0,3.0,1.0,1.0,1.0,2.0,2.0,1.0,4.0,2.0,2.0,1.0,0.0,0.0,5.0,4.0,3.0,0.0,,,,,,,,.,,,.,,media\1552649767590-2.jpg,2.0,uuid:ef934478-2a74-4277-b76e-90501504f618,,,,,,28 Jan 2021,2021-01-28,1.0,464.0,,,445.0,,,0.0,,,,,,,,,,,,,,
65040.0,2018-06-14,uuid:2b34e1b9-14cd-42a5-b7f9-bd678bb69f39,2018-06-14 14:42:24,2018-06-14 21:18:47,2,65040.0,1.0,,,,,,,,,,,,,,,,,,,,,,,,,,,,,,,,,,OK,1.0,1.0,1.0,1.0,OK,1.0,2.0,OK,1.0,1.0,.,.,4.0,4.0,1.0,3.0,2.0,,,,,,,,,,,,,,,,,,,,,,,,1.0,1.0,2.0,1000.0,0.0,8.0,6.0,5.0,4.0,,,,,,,,.,,,.,,media\1528981078445-2.jpg,1.0,uuid:2b34e1b9-14cd-42a5-b7f9-bd678bb69f39,,,,,,28 Jan 2021,2021-01-28,1.0,389.0,389.0,789.0,,0.0,,,,,,,,,,,,,,,,
65040.0,2019-03-05,uuid:f9097e0b-9103-44f1-8d95-be4a8be032a6,2019-03-05 07:52:48,2019-03-05 08:13:08,3,65040.0,,1.0,,,1.0,58.0,LULUWA,19.0,,3.0,,1.0,,Kananga,Kamayi athénée,1.0,4.0,DIBAYA,18.0,,,,250000.0,40000.0,0.0,0.0,1.0,1.0,0.0,0.0,0.0,6.0,4.0,2.0,OK,1.0,1.0,1.0,1.0,OK,1.0,1.0,OK,1.0,2.0,.,.,4.0,3.0,3.0,3.0,2.0,1.0,1.0,4.0,1.0,1.0,1.0,1.0,1.0,1.0,1.0,1.0,3.0,1.0,1.0,1.0,,2.0,1.0,1.0,1.0,1.0,1.0,4.0,1.0,3.0,2.0,100.0,900.0,10.0,9.0,8.0,6.0,,,,,,,,.,,,.,,media\1551769841776-3.jpg,2.0,uuid:f9097e0b-9103-44f1-8d95-be4a8be032a6,,,,,,28 Jan 2021,2021-01-28,1.0,385.0,,,445.0,,,0.0,,,,,,,,,,,,,,
65089.0,2018-06-07,uuid:35a7a129-dc27-4401-a6b2-b4800bb2dde7,2018-06-07 14:59:22,2018-06-07 15:55:49,2,65089.0,1.0,,,,,,.,,.,,.,,,.,.,,,.,,.,,.,,,0.0,0.0,0.0,0.0,0.0,0.0,0.0,,,,OK,1.0,1.0,0.0,1.0,OK,2.0,1.0,OK,2.0,3.0,.,.,4.0,5.0,2.0,3.0,2.0,,,,,,,,,,,,,,,,,,,,,,,,2.0,2.0,2.0,500.0,500.0,6.0,5.0,4.0,0.0,,.,,,,,,.,,,.,,media\1528378490620.jpg,2.0,uuid:35a7a129-dc27-4401-a6b2-b4800bb2dde7,2.0,1.0,,,,28 Jan 2021,2021-01-28,1.0,284.0,284.0,684.0,,0.0,,,,,,,,,,,,,,,,N.U.
65182.0,2018-11-28,uuid:de4ac524-578e-40e0-81ad-4aa8dd0a8fe4,2018-11-28 16:00:36,2018-11-28 16:13:45,2,65182.0,1.0,,,,,,,,,,,,,,,,,,,,,,,,,,,,,,,,,,OK,1.0,1.0,1.0,1.0,OK,1.0,1.0,OK,1.0,1.0,.,.,3.0,3.0,3.0,3.0,2.0,,,,,,,,,,,,,,,,,,,,,,,,4.0,4.0,2.0,0.0,1000.0,2.0,1.0,0.0,0.0,,,,,,,,.,,,.,,media\1543417959298-2.jpg,2.0,uuid:de4ac524-578e-40e0-81ad-4aa8dd0a8fe4,,,,,,28 Jan 2021,2021-01-28,1.0,496.0,496.0,896.0,,0.0,,,,,,,,,,,,,,1.0,1.0,
65553.0,2018-06-05,uuid:9264aef1-33c7-4ec7-9fa6-7850eb8b25b5,2018-06-05 14:27:48,2018-06-05 15:01:42,2,6558888.0,1.0,,,,,,.,,.,,.,,,.,.,,,.,,.,,.,,,0.0,0.0,0.0,0.0,0.0,0.0,0.0,,,,OK,1.0,1.0,0.0,0.0,OK,1.0,2.0,OK,2.0,3.0,.,.,5.0,3.0,2.0,3.0,1.0,,,,,,,,,,,,,,,,,,,,,,,,2.0,2.0,2.0,500.0,500.0,2.0,0.0,0.0,0.0,,.,,,,,,.,,,.,,media\1528203689771.jpg,2.0,uuid:9264aef1-33c7-4ec7-9fa6-7850eb8b25b5,2.0,0.0,Ne plus chef,65550.0,65550.0,28 Jan 2021,2021-01-28,1.0,259.0,259.0,659.0,,0.0,,,,,,,,,,,,1.0,1.0,1.0,1.0,N.U.
65790.0,2019-02-27,uuid:a387b2f7-a688-4c91-9daa-0c8cc1270bb5,2019-02-27 14:29:09,2019-02-27 14:50:04,2,65790.0,1.0,,,,,,,,,,,,,,,,,,,,,,,,,,,,,,,,,,OK,1.0,1.0,0.0,0.0,OK,3.0,3.0,OK,3.0,3.0,.,.,3.0,3.0,1.0,3.0,2.0,,,,,,,,,,,,,,,,,,,,,,,,1.0,1.0,2.0,500.0,500.0,8.0,7.0,5.0,3.0,,,,,,,,.,,,.,,media\1551274649745-2.jpg,2.0,uuid:a387b2f7-a688-4c91-9daa-0c8cc1270bb5,,,,,,28 Jan 2021,2021-01-28,1.0,548.0,548.0,948.0,,0.0,,,,,,,,,,,,,,,,
65790.0,2019-03-16,uuid:c1279f8b-07b8-4a81-b805-12cc52497712,2019-03-16 09:35:06,2019-03-16 10:20:05,3,65790.0,,1.0,,,1.0,21.0,LULUWA,31.0,,1.0,,1.0,,Kananga,Kamayi,1.0,4.0,KANANGA,4.0,,,,30000.0,10000.0,0.0,0.0,0.0,0.0,0.0,0.0,1.0,5.0,3.0,6.0,OK,1.0,1.0,0.0,0.0,OK,1.0,1.0,OK,1.0,1.0,.,.,3.0,3.0,3.0,3.0,1.0,1.0,3.0,2.0,1.0,1.0,1.0,1.0,2.0,2.0,2.0,2.0,2.0,2.0,2.0,1.0,,1.0,,1.0,1.0,1.0,3.0,1.0,1.0,1.0,2.0,1000.0,0.0,10.0,9.0,8.0,7.0,,,,,,,,.,,,.,,media\1552726364318-4.jpg,2.0,uuid:c1279f8b-07b8-4a81-b805-12cc52497712,,,,,,28 Jan 2021,2021-01-28,1.0,,,,445.0,,,0.0,,,,,,,,,,,,,,
65791.0,2018-11-22,uuid:52b39758-d30f-423d-a4d5-e7b256b15df7,2018-11-22 12:37:48,2018-11-22 13:01:57,2,65791.0,1.0,,,,,,,,,,,,,,,,,,,,,,,,,,,,,,,,,,OK,1.0,1.0,0.0,0.0,OK,3.0,4.0,OK,2.0,3.0,.,.,3.0,5.0,3.0,3.0,2.0,,,,,,,,,,,,,,,,,,,,,,,,2.0,2.0,2.0,500.0,500.0,5.0,4.0,3.0,2.0,,,,,,,,.,,,.,,media\1542888078541-2.jpg,2.0,uuid:52b39758-d30f-423d-a4d5-e7b256b15df7,,,,,,28 Jan 2021,2021-01-28,1.0,488.0,488.0,888.0,,0.0,,,,,,,,,,,,,,,,
65791.0,2018-11-22,uuid:3aeb260f-2cda-47d9-9df4-6ac09a55454d,2018-11-22 13:03:40,2018-11-22 13:31:27,3,65791.0,,1.0,,,1.0,74.0,LULUWA,45.0,,11.0,,0.0,1958.0,Kananga,Kamayi,1.0,4.0,DIBAYA,4.0,,,,40000.0,8000.0,0.0,0.0,1.0,1.0,0.0,0.0,0.0,5.0,3.0,5.0,OK,1.0,1.0,1.0,1.0,OK,2.0,3.0,OK,2.0,3.0,.,.,5.0,3.0,2.0,3.0,2.0,2.0,2.0,4.0,2.0,2.0,1.0,1.0,1.0,1.0,1.0,1.0,1.0,1.0,1.0,0.0,1.0,1.0,1.0,1.0,1.0,1.0,2.0,3.0,2.0,1.0,2.0,1000.0,0.0,6.0,5.0,4.0,2.0,,,,,,,,.,,,.,,media\1542889864740-2.jpg,2.0,uuid:3aeb260f-2cda-47d9-9df4-6ac09a55454d,,,,,,28 Jan 2021,2021-01-28,1.0,290.0,,,445.0,,,0.0,,,,,,,,,,,,,,
66187.0,2018-06-01,uuid:d7a88c22-450a-4a44-89f6-d191325717d0,2018-06-01 15:35:11,2018-06-01 15:57:59,2,66187.0,1.0,,,,,,.,,.,,.,,,.,.,,,.,,.,,.,,,0.0,0.0,0.0,0.0,0.0,0.0,0.0,,,,OK,1.0,1.0,1.0,1.0,OK,2.0,1.0,OK,2.0,1.0,.,.,5.0,3.0,3.0,3.0,2.0,,,,,,,,,,,,,,,,,,,,,,,,2.0,1.0,2.0,800.0,200.0,7.0,5.0,3.0,2.0,,.,,,,,,.,,,.,,media\1527861384674.jpg,2.0,uuid:d7a88c22-450a-4a44-89f6-d191325717d0,1.0,,,,,28 Jan 2021,2021-01-28,1.0,232.0,232.0,632.0,,0.0,,,,,,,,,,,,,,,,N.U.
66187.0,2018-06-22,uuid:f2bdc141-69c1-4ee1-94fc-a55c4530f164,2018-06-22 14:34:09,2018-06-22 15:13:02,3,66187.0,,1.0,,,1.0,42.0,LULUWA,47.0,,3.0,,0.0,1980.0,Kananga,Kamayi Douane.,1.0,4.0,DIBAYA,9.0,,,,90000.0,21000.0,0.0,0.0,1.0,0.0,0.0,0.0,0.0,4.0,3.0,6.0,OK,1.0,1.0,0.0,1.0,OK,2.0,2.0,OK,2.0,2.0,.,.,5.0,5.0,3.0,3.0,2.0,2.0,2.0,2.0,2.0,2.0,2.0,2.0,1.0,2.0,2.0,2.0,2.0,2.0,2.0,0.0,1.0,1.0,1.0,1.0,1.0,1.0,3.0,4.0,2.0,2.0,2.0,500.0,500.0,5.0,4.0,3.0,1.0,,,,,,,,.,,,.,,media\1529673138242-2.jpg,2.0,uuid:f2bdc141-69c1-4ee1-94fc-a55c4530f164,,,,,,28 Jan 2021,2021-01-28,1.0,207.0,,,445.0,,,0.0,,,,,,,,,,,,,,
66189.0,2018-06-12,uuid:1ba388fd-d2ae-4fce-a0d8-8d5710e276c2,2018-06-12 13:03:04,2018-06-12 13:21:44,2,66189.0,1.0,,,,,,,,,,,,,,,,,,,,,,,,,,,,,,,,,,OK,0.0,1.0,1.0,0.0,OK,4.0,3.0,OK,4.0,3.0,.,.,5.0,5.0,3.0,3.0,2.0,,,,,,,,,,,,,,,,,,,,,,,,2.0,2.0,2.0,700.0,300.0,10.0,9.0,8.0,7.0,,,,,,,,.,,,.,,media\1528802300125-2.jpg,2.0,uuid:1ba388fd-d2ae-4fce-a0d8-8d5710e276c2,,,,,,28 Jan 2021,2021-01-28,1.0,339.0,339.0,739.0,,0.0,,,,,,,,,,,,,,,,
66311.0,2018-06-05,uuid:69418fc1-57af-4362-b56c-bd358e97084d,2018-06-05 10:00:28,2018-06-05 10:31:25,2,66311.0,1.0,,,,,,.,,.,,.,,,.,.,,,.,,.,,.,,,0.0,0.0,0.0,0.0,0.0,0.0,0.0,,,,OK,1.0,1.0,0.0,1.0,OK,2.0,1.0,OK,3.0,2.0,.,.,5.0,3.0,1.0,3.0,2.0,,,,,,,,,,,,,,,,,,,,,,,,2.0,2.0,2.0,700.0,300.0,10.0,8.0,6.0,5.0,,.,,,,,,.,,,.,,media\1528187393470.jpg,2.0,uuid:69418fc1-57af-4362-b56c-bd358e97084d,1.0,1.0,,,,28 Jan 2021,2021-01-28,1.0,254.0,254.0,654.0,,0.0,,,,,,,,,,,,,,,,N.U.
66311.0,2018-06-22,uuid:27bb58f0-efa6-4948-9ff8-8e88e588be95,2018-06-22 09:39:11,2018-06-22 10:22:42,3,66311.0,,1.0,,,1.0,53.0,LULUWA,,Bakua tshishimbula,9.0,,0.0,1971.0,Kananga,Kamayi offida,1.0,4.0,DEMBA,17.0,,,,80000.0,35000.0,0.0,0.0,1.0,0.0,0.0,0.0,0.0,4.0,3.0,6.0,OK,1.0,1.0,1.0,1.0,OK,1.0,2.0,OK,2.0,2.0,.,.,3.0,5.0,3.0,3.0,2.0,1.0,2.0,2.0,2.0,2.0,2.0,2.0,2.0,2.0,2.0,2.0,8.0,2.0,2.0,0.0,4.0,2.0,1.0,1.0,1.0,1.0,1.0,4.0,2.0,2.0,2.0,800.0,200.0,7.0,6.0,5.0,4.0,,,,,,,,.,,,.,,media\1529655682646-2.jpg,2.0,uuid:27bb58f0-efa6-4948-9ff8-8e88e588be95,,,,,,28 Jan 2021,2021-01-28,1.0,,,,445.0,,,0.0,,,,,,,,,,,,,,
66982.0,2018-06-06,uuid:3ba4c79e-f6af-4729-8b29-f527f5d8a4b8,2018-06-06 07:50:10,2018-06-06 08:10:27,2,66982.0,1.0,,,,,,.,,.,,.,,,.,.,,,.,,.,,.,,,0.0,0.0,0.0,0.0,0.0,0.0,0.0,,,,OK,1.0,1.0,0.0,1.0,OK,1.0,1.0,OK,1.0,1.0,.,.,3.0,3.0,3.0,3.0,2.0,,,,,,,,,,,,,,,,,,,,,,,,1.0,1.0,2.0,800.0,200.0,7.0,6.0,5.0,3.0,,.,,,,,,.,,,.,,media\1528265299232.jpg,2.0,uuid:3ba4c79e-f6af-4729-8b29-f527f5d8a4b8,3.0,1.0,,,,28 Jan 2021,2021-01-28,1.0,264.0,264.0,664.0,,0.0,,,,,,,,,,,,,,,,N.U.
66982.0,2018-06-19,uuid:6562cc28-a3d5-416d-8f65-3bfd7ddf5787,2018-06-19 14:35:11,2018-06-19 15:00:28,3,66982.0,,1.0,,,1.0,37.0,LULUWA,,Bena Muaba,1.0,,0.0,1996.0,Kananga,Malandji,1.0,4.0,DIBAYA,4.0,,,,320000.0,35000.0,0.0,0.0,1.0,0.0,0.0,0.0,0.0,4.0,4.0,7.0,OK,1.0,1.0,1.0,1.0,OK,1.0,1.0,OK,1.0,1.0,.,.,5.0,3.0,3.0,3.0,2.0,2.0,2.0,4.0,2.0,2.0,2.0,2.0,3.0,3.0,3.0,2.0,3.0,2.0,2.0,0.0,3.0,2.0,1.0,2.0,2.0,2.0,2.0,3.0,1.0,1.0,2.0,400.0,600.0,5.0,4.0,3.0,2.0,,,,,,,,.,,,.,,media\1529413196773-2.jpg,2.0,uuid:6562cc28-a3d5-416d-8f65-3bfd7ddf5787,,,,,,28 Jan 2021,2021-01-28,1.0,195.0,,,445.0,,,0.0,,,,,,,,,,,,,,
67099.0,2018-05-30,uuid:97a7e484-0b12-4203-8527-d2164dfc8d67,2018-05-30 10:42:25,2018-05-30 11:12:02,2,67099.0,1.0,,,,,,,,,,,,,,,,,,,,,.,,,,,,,,,,,,,OK,1.0,1.0,0.0,1.0,OK,1.0,1.0,OK,1.0,1.0,,,5.0,5.0,1.0,1.0,2.0,,,,,,,,,,,,,,,,,,,,,,,,1.0,2.0,2.0,800.0,200.0,8.0,6.0,5.0,4.0,,,,,,,,,,,,,media\1527671458813.jpg,2.0,uuid:97a7e484-0b12-4203-8527-d2164dfc8d67,4.0,,,,,28 Jan 2021,2021-01-28,1.0,206.0,206.0,606.0,,0.0,,,,,,,,,,,,,,,,
67099.0,2018-06-11,uuid:71884fef-1d02-4814-b199-fabd9375107d,2018-06-11 14:03:43,2018-06-11 14:38:31,3,67099.0,,1.0,,,1.0,31.0,LULUWA,44.0,,3.0,,1.0,,Kananga,SNEL,0.0,4.0,DIBAYA,4.0,,,,90000.0,21000.0,0.0,0.0,1.0,0.0,1.0,1.0,0.0,2.0,3.0,6.0,OK,1.0,1.0,0.0,1.0,OK,1.0,1.0,OK,2.0,2.0,.,.,5.0,3.0,1.0,3.0,2.0,2.0,2.0,4.0,2.0,2.0,4.0,2.0,8.0,3.0,3.0,2.0,2.0,,3.0,0.0,4.0,1.0,4.0,4.0,3.0,1.0,1.0,4.0,2.0,2.0,2.0,1000.0,0.0,5.0,4.0,3.0,2.0,,,,,,,,.,,,.,,media\1528720651372-2.jpg,2.0,uuid:71884fef-1d02-4814-b199-fabd9375107d,,,,,,28 Jan 2021,2021-01-28,1.0,,,,445.0,,,0.0,,,,,,,,,,,,,,
67545.0,2018-12-01,uuid:28293b4a-a686-4471-9944-74f5a5eee591,2018-12-01 08:37:52,2018-12-01 08:53:26,2,67545.0,1.0,,,,,,,,,,,,,,,,,,,,,,,,,,,,,,,,,,OK,1.0,1.0,0.0,1.0,OK,4.0,3.0,OK,4.0,3.0,.,.,3.0,3.0,1.0,3.0,1.0,,,,,,,,,,,,,,,,,,,,,,,,2.0,2.0,2.0,100.0,900.0,7.0,5.0,3.0,0.0,,,,,,,,.,,,.,,media\1543650771641-2.jpg,2.0,uuid:28293b4a-a686-4471-9944-74f5a5eee591,,,,,,28 Jan 2021,2021-01-28,1.0,502.0,502.0,902.0,,0.0,,,,,,,,,,,,,,,,
67545.0,2018-12-01,uuid:e6d97986-917c-42af-949c-a7fed07937e5,2018-12-01 11:45:12,2018-12-01 12:18:51,3,67545.0,,1.0,,,1.0,50.0,LULUWA,19.0,,9.0,,0.0,1993.0,Nganza,Nsele,0.0,4.0,DIBAYA,18.0,,,,90000.0,30000.0,0.0,0.0,1.0,0.0,0.0,0.0,0.0,2.0,3.0,3.0,OK,1.0,1.0,1.0,1.0,OK,2.0,3.0,OK,3.0,2.0,.,.,5.0,5.0,3.0,3.0,2.0,1.0,2.0,1.0,1.0,2.0,2.0,2.0,1.0,1.0,1.0,1.0,1.0,1.0,1.0,1.0,,4.0,1.0,1.0,1.0,4.0,4.0,1.0,1.0,2.0,2.0,800.0,200.0,7.0,5.0,3.0,2.0,,,,,,,,.,,,.,,media\1543663091111-2.jpg,2.0,uuid:e6d97986-917c-42af-949c-a7fed07937e5,,,,,,28 Jan 2021,2021-01-28,1.0,305.0,,,445.0,,,0.0,,,,,,,,,,,,,,
67945.0,2018-06-11,uuid:5625f053-932a-487d-9827-3d90f8deb0c0,2018-06-11 15:58:11,2018-06-11 16:22:02,2,67945.0,1.0,,,,,,,,,,,,,,,,,,,,,,,,,,,,,,,,,,OK,1.0,1.0,1.0,1.0,OK,2.0,1.0,OK,2.0,2.0,.,.,3.0,3.0,1.0,3.0,2.0,,,,,,,,,,,,,,,,,,,,,,,,2.0,2.0,2.0,800.0,200.0,8.0,7.0,6.0,5.0,,,,,,,,.,,,.,,media\1528726503190-2.jpg,2.0,uuid:5625f053-932a-487d-9827-3d90f8deb0c0,,,,,,28 Jan 2021,2021-01-28,1.0,318.0,318.0,718.0,,0.0,,,,,,,,,,,,,,,,
68384.0,2019-03-05,uuid:85cc6fb9-143e-4d7c-9ce2-4de9872424e0,2019-03-05 08:54:00,2019-03-05 09:22:01,2,68384.0,1.0,,,,,,,,,,,,,,,,,,,,,,,,,,,,,,,,,,OK,1.0,0.0,0.0,0.0,OK,2.0,2.0,OK,2.0,2.0,.,.,3.0,5.0,2.0,3.0,2.0,,,,,,,,,,,,,,,,,,,,,,,,2.0,2.0,2.0,1000.0,0.0,9.0,7.0,6.0,0.0,,,,,,,,.,,,.,,media\1551773646019-3.jpg,1.0,uuid:85cc6fb9-143e-4d7c-9ce2-4de9872424e0,,,,,,28 Jan 2021,2021-01-28,1.0,589.0,589.0,989.0,,0.0,,,,,,,,,,,,,,,,
68384.0,2019-03-15,uuid:d058b97d-7b11-447f-98bc-6f038492dce2,2019-03-15 09:03:01,2019-03-15 09:18:48,3,68384.0,,1.0,,,2.0,39.0,LULUWA,,Bakua ntembue,3.0,,0.0,,Kanganga,Malandji,1.0,4.0,DEMBA,4.0,,,,60000.0,14000.0,0.0,0.0,1.0,0.0,0.0,0.0,0.0,4.0,2.0,4.0,OK,1.0,1.0,1.0,0.0,OK,2.0,2.0,OK,2.0,2.0,.,.,5.0,3.0,2.0,2.0,2.0,2.0,4.0,2.0,2.0,2.0,3.0,4.0,1.0,8.0,8.0,8.0,8.0,8.0,8.0,1.0,,2.0,4.0,4.0,4.0,4.0,1.0,5.0,3.0,3.0,2.0,300.0,700.0,10.0,9.0,7.0,6.0,,,,,,,,.,,,.,,media\1552637917331-2.jpg,2.0,uuid:d058b97d-7b11-447f-98bc-6f038492dce2,,,,,,28 Jan 2021,2021-01-28,1.0,,,,445.0,,,0.0,,,,,,,,,,,,,,
68647.0,2019-02-28,uuid:640545e9-7cc2-456f-9fd8-3d2df14b97a5,2019-02-28 11:36:03,2019-02-28 11:53:49,2,68647.0,1.0,,,,,,,,,,,,,,,,,,,,,,,,,,,,,,,,,,OK,1.0,1.0,1.0,1.0,OK,1.0,1.0,OK,1.0,1.0,.,.,5.0,3.0,3.0,3.0,2.0,,,,,,,,,,,,,,,,,,,,,,,,2.0,3.0,1.0,1000.0,0.0,8.0,3.0,2.0,1.0,,,,,,,,.,,,.,,media\1551351187036-5.jpg,1.0,uuid:640545e9-7cc2-456f-9fd8-3d2df14b97a5,,,,,,28 Jan 2021,2021-01-28,1.0,554.0,554.0,954.0,,0.0,,,,,,,,,,,,,,,,
68647.0,2019-03-25,uuid:e4a01f07-7643-4ba5-9eaa-c867c6dbe1f4,2019-03-25 10:08:43,2019-03-25 10:55:06,3,68647.0,,1.0,,,1.0,69.0,SALA,,,1.0,,0.0,1970.0,Kananga,Malandji,1.0,4.0,LUIZA,,Mumunyi,,,150000.0,20000.0,0.0,0.0,1.0,1.0,0.0,1.0,0.0,2.0,3.0,5.0,OK,1.0,1.0,0.0,0.0,OK,1.0,2.0,OK,2.0,1.0,.,.,3.0,3.0,3.0,3.0,2.0,2.0,2.0,4.0,2.0,2.0,2.0,2.0,1.0,1.0,1.0,1.0,2.0,1.0,1.0,0.0,4.0,2.0,1.0,1.0,1.0,3.0,2.0,4.0,1.0,2.0,2.0,700.0,300.0,7.0,6.0,5.0,4.0,,,,,,,,.,,,.,,media\1553506653703-2.jpg,2.0,uuid:e4a01f07-7643-4ba5-9eaa-c867c6dbe1f4,,,,,,28 Jan 2021,2021-01-28,1.0,,,,445.0,,,0.0,,,,,,,,,,,,,,
69282.0,2018-05-30,uuid:bd1694fd-5877-4c36-80f3-20e35f5a8669,2018-05-30 10:32:21,2018-05-30 11:01:29,2,69282.0,1.0,,,,,,,,,,,,,,,,,,,,,.,,,,,,,,,,,,,OK,1.0,1.0,1.0,1.0,OK,4.0,3.0,OK,2.0,2.0,,,5.0,5.0,2.0,3.0,2.0,,,,,,,,,,,,,,,,,,,,,,,,2.0,2.0,2.0,0.0,1000.0,5.0,4.0,3.0,2.0,,,,,,,,,,,,,media\1527670715414.jpg,1.0,uuid:bd1694fd-5877-4c36-80f3-20e35f5a8669,1.0,,,,,28 Jan 2021,2021-01-28,1.0,205.0,205.0,605.0,,0.0,,,,,,,,,,,,,,,,
69282.0,2018-06-13,uuid:b0369cb0-b386-4a3c-bf6b-ad8ce19b8961,2018-06-13 10:46:08,2018-06-13 11:45:43,3,69282.0,,1.0,,,1.0,74.0,KETE,,,1.0,,0.0,2013.0,Kanganga,Malandji,1.0,4.0,DEMBA,0.0,,17.0,,900000.0,35000.0,0.0,0.0,1.0,0.0,1.0,0.0,0.0,2.0,4.0,3.0,OK,0.0,0.0,0.0,0.0,OK,1.0,1.0,OK,1.0,1.0,.,.,5.0,5.0,2.0,1.0,2.0,2.0,4.0,4.0,2.0,4.0,2.0,4.0,1.0,5.0,5.0,1.0,5.0,4.0,1.0,0.0,4.0,3.0,4.0,4.0,4.0,4.0,1.0,5.0,4.0,4.0,2.0,100.0,900.0,10.0,9.0,7.0,6.0,,,,,,,,.,,,.,,media\1528882809699-2.jpg,1.0,uuid:b0369cb0-b386-4a3c-bf6b-ad8ce19b8961,,,,,,28 Jan 2021,2021-01-28,1.0,,,,445.0,,,0.0,,,,,,,,,,,,,,
69395.0,2018-06-12,uuid:261bd691-94d1-47bf-88a7-ca49fbfdb3e2,2018-06-12 11:12:11,2018-06-12 11:35:23,2,69395.0,1.0,,,,,,,,,,,,,,,,,,,,,,,,,,,,,,,,,,OK,1.0,1.0,0.0,1.0,OK,1.0,1.0,OK,2.0,2.0,.,.,5.0,5.0,3.0,1.0,2.0,,,,,,,,,,,,,,,,,,,,,,,,4.0,4.0,2.0,0.0,1000.0,5.0,2.0,1.0,0.0,,,,,,,,.,,,.,,media\1528796041733-2.jpg,2.0,uuid:261bd691-94d1-47bf-88a7-ca49fbfdb3e2,,,,,,28 Jan 2021,2021-01-28,1.0,333.0,333.0,733.0,,0.0,,,,,,,,,,,,,,,,
69395.0,2019-03-07,uuid:7b85696f-be48-44d9-b5cc-8b2f9734b72f,2019-03-07 08:47:25,,3,69395.0,,1.0,,,1.0,23.0,LULUWA,,Bena kalunga,3.0,,1.0,,Kananga,Malandji,0.0,4.0,DIBAYA,27.0,,,,300000.0,20000.0,1.0,0.0,1.0,0.0,0.0,0.0,0.0,8.0,4.0,3.0,OK,1.0,1.0,1.0,0.0,OK,1.0,1.0,OK,1.0,1.0,.,.,5.0,3.0,4.0,3.0,2.0,2.0,2.0,2.0,3.0,2.0,2.0,4.0,1.0,1.0,1.0,1.0,7.0,1.0,1.0,0.0,3.0,1.0,2.0,2.0,4.0,2.0,1.0,4.0,1.0,1.0,2.0,500.0,500.0,4.0,2.0,1.0,0.0,,,,,,,,.,,,.,,media\1551946408444-2.jpg,1.0,uuid:7b85696f-be48-44d9-b5cc-8b2f9734b72f,,,,,,28 Jan 2021,2021-01-28,1.0,431.0,,,445.0,,,0.0,,,,,,,,,,,,,,
69494.0,2018-06-13,uuid:cfe8cb8c-4682-4235-b3e5-4ffe9a10fac6,2018-06-13 15:28:19,2018-06-13 15:47:28,2,69494.0,1.0,,,,,,,,,,,,,,,,,,,,,,,,,,,,,,,,,,OK,1.0,1.0,1.0,1.0,OK,1.0,1.0,OK,1.0,1.0,.,.,4.0,3.0,3.0,3.0,1.0,,,,,,,,,,,,,,,,,,,,,,,,2.0,1.0,2.0,500.0,500.0,8.0,7.0,4.0,2.0,,,,,,,,.,,,.,,media\1528897596167-2.jpg,2.0,uuid:cfe8cb8c-4682-4235-b3e5-4ffe9a10fac6,,,,,,28 Jan 2021,2021-01-28,1.0,371.0,371.0,771.0,,0.0,,,,,,,,,,,,,,,,
69494.0,2019-03-15,uuid:308f3937-b65a-47d7-8eab-7981ae7394e9,2019-03-15 12:53:39,2019-03-15 13:29:43,3,69494.0,,1.0,,,1.0,59.0,LULUWA,,BenaTshinema,3.0,,0.0,,Kananga,Malandji,1.0,4.0,KAZUMBA,30.0,,,,50000.0,20000.0,0.0,0.0,0.0,0.0,0.0,0.0,1.0,5.0,3.0,6.0,OK,1.0,1.0,0.0,1.0,OK,2.0,1.0,OK,2.0,2.0,.,.,3.0,3.0,3.0,3.0,2.0,2.0,3.0,4.0,2.0,2.0,2.0,2.0,2.0,2.0,2.0,2.0,2.0,2.0,2.0,0.0,4.0,2.0,1.0,1.0,1.0,1.0,1.0,3.0,4.0,2.0,2.0,200.0,800.0,10.0,8.0,5.0,3.0,,,,,,,,.,,,.,,media\1552652932235-3.jpg,2.0,uuid:308f3937-b65a-47d7-8eab-7981ae7394e9,,,,,,28 Jan 2021,2021-01-28,1.0,466.0,,,445.0,,,0.0,,,,,,,,,,,,,,
69583.0,2018-06-21,uuid:62529f5f-1f2d-420f-9d3f-ffdc1be6e442,2018-06-21 11:22:16,2018-06-21 11:47:42,2,69583.0,1.0,,,,,,,,,,,,,,,,,,,,,,,,,,,,,,,,,,OK,1.0,1.0,0.0,0.0,OK,2.0,2.0,OK,2.0,2.0,.,.,1.0,1.0,3.0,3.0,2.0,,,,,,,,,,,,,,,,,,,,,,,,2.0,2.0,2.0,0.0,1000.0,10.0,5.0,2.0,1.0,,,,,,,,.,,,.,,media\1529574434960-2.jpg,2.0,uuid:62529f5f-1f2d-420f-9d3f-ffdc1be6e442,,,,,,28 Jan 2021,2021-01-28,1.0,399.0,399.0,799.0,,0.0,,,,,,,,,,,,,,,,
69583.0,2019-02-26,uuid:cb75d764-602c-45bc-8648-ad98513bce72,2019-02-26 09:45:11,2019-02-26 10:12:39,3,69583.0,,1.0,,,1.0,21.0,LULUWA,19.0,,3.0,,0.0,1999.0,Kananga,Malandji,1.0,4.0,DIBAYA,27.0,,,,200000.0,20000.0,0.0,0.0,1.0,0.0,0.0,0.0,0.0,4.0,4.0,2.0,OK,1.0,1.0,0.0,1.0,OK,2.0,2.0,OK,1.0,1.0,.,.,3.0,4.0,3.0,3.0,2.0,2.0,2.0,2.0,2.0,2.0,2.0,2.0,8.0,8.0,8.0,1.0,1.0,8.0,1.0,0.0,2.0,3.0,3.0,3.0,3.0,3.0,2.0,4.0,1.0,2.0,1.0,800.0,200.0,8.0,6.0,5.0,4.0,,,,,,,,.,,,.,,media\1551172330753-2.jpg,2.0,uuid:cb75d764-602c-45bc-8648-ad98513bce72,,,,,,28 Jan 2021,2021-01-28,1.0,,,,445.0,,,0.0,,,,,,,,,,,,,,
69646.0,2018-05-31,uuid:0115948d-82a1-49b5-b72e-aa4c6c1694e2,2018-05-31 09:26:02,,2,69646.0,1.0,,,,,,.,,.,,.,,,.,.,,,.,,.,,.,,,0.0,0.0,0.0,0.0,0.0,0.0,0.0,,,,OK,1.0,1.0,0.0,1.0,OK,1.0,1.0,OK,1.0,1.0,.,.,5.0,5.0,3.0,3.0,2.0,,,,,,,,,,,,,,,,,,,,,,,,3.0,2.0,2.0,800.0,200.0,7.0,6.0,5.0,4.0,,.,,,,,,.,,,.,,media\1527752962651.jpg,2.0,uuid:0115948d-82a1-49b5-b72e-aa4c6c1694e2,1.0,,,,,28 Jan 2021,2021-01-28,1.0,214.0,214.0,614.0,,0.0,,,,,,,,,,,,,,,,N.U.
69646.0,2018-06-25,uuid:ac5d3c8c-572b-4401-9e22-3962845b4ee8,2018-06-25 16:52:43,2018-06-25 17:44:07,3,69646.0,,1.0,,,1.0,67.0,LULUWA,,Bakua Mushilu,2.0,,0.0,1960.0,Kananga,Bianchi,1.0,4.0,KANANGA,17.0,,,,99000.0,24000.0,0.0,0.0,1.0,0.0,0.0,0.0,0.0,5.0,3.0,6.0,OK,1.0,1.0,1.0,1.0,OK,2.0,1.0,OK,2.0,2.0,.,.,3.0,3.0,3.0,3.0,2.0,2.0,2.0,4.0,2.0,2.0,2.0,2.0,2.0,2.0,2.0,2.0,3.0,8.0,2.0,0.0,4.0,1.0,4.0,4.0,2.0,1.0,1.0,4.0,1.0,1.0,2.0,500.0,500.0,7.0,6.0,5.0,4.0,,,,,,,,.,,,.,,media\1529941389687-2.jpg,2.0,uuid:ac5d3c8c-572b-4401-9e22-3962845b4ee8,,,,,,28 Jan 2021,2021-01-28,1.0,211.0,,,445.0,,,0.0,,,,,,,,,,,,,,
70288.0,2018-06-09,uuid:a2e7204f-b931-4bb2-893c-82e5a5d4a534,2018-06-09 10:50:20,2018-06-09 11:45:02,2,70288.0,1.0,,,,,,.,,.,,.,,,.,.,,,.,,.,,.,,,0.0,0.0,0.0,0.0,0.0,0.0,0.0,,,,OK,0.0,0.0,1.0,1.0,OK,1.0,2.0,OK,1.0,1.0,.,.,3.0,5.0,3.0,3.0,2.0,,,,,,,,,,,,,,,,,,,,,,,,1.0,2.0,2.0,1000.0,0.0,9.0,8.0,6.0,5.0,,.,,,,,,.,,,.,,media\1528535372762.jpg,2.0,uuid:a2e7204f-b931-4bb2-893c-82e5a5d4a534,1.0,1.0,,,,28 Jan 2021,2021-01-28,1.0,296.0,296.0,696.0,,0.0,,,,,,,,,,,,,,,,N.U.
70288.0,2018-11-28,uuid:b426c061-19da-4fe8-bfe6-1bf185017e4a,2018-11-28 09:32:38,2018-11-28 10:02:11,3,70288.0,,1.0,,,1.0,27.0,LULUWA,,Bena kayembe,3.0,,0.0,2009.0,Kananga,Malandji,1.0,4.0,DEMBA,18.0,,,,120000.0,40000.0,0.0,0.0,1.0,0.0,0.0,0.0,0.0,5.0,2.0,6.0,OK,1.0,1.0,1.0,0.0,OK,2.0,2.0,OK,2.0,2.0,.,.,5.0,5.0,2.0,3.0,2.0,2.0,2.0,2.0,2.0,2.0,2.0,2.0,1.0,1.0,1.0,1.0,3.0,8.0,1.0,0.0,4.0,3.0,2.0,2.0,4.0,,1.0,3.0,2.0,2.0,2.0,0.0,1000.0,10.0,9.0,7.0,4.0,,,,,,,,.,,,.,,media\1543394913339-2.jpg,2.0,uuid:b426c061-19da-4fe8-bfe6-1bf185017e4a,,,,,,28 Jan 2021,2021-01-28,1.0,,,,445.0,,,0.0,,,,,,,,,,,,,,
70485.0,2018-06-04,uuid:404b60c9-b6f0-4917-a374-29f1ab8122ff,2018-06-04 12:19:29,2018-06-04 13:16:03,2,70485.0,1.0,,,,,,.,,.,,.,,,.,.,,,.,,.,,.,,,0.0,0.0,0.0,0.0,0.0,0.0,0.0,,,,OK,1.0,1.0,0.0,1.0,OK,2.0,1.0,OK,2.0,1.0,.,.,5.0,5.0,3.0,3.0,2.0,,,,,,,,,,,,,,,,,,,,,,,,2.0,2.0,1.0,888.0,888.0,10.0,9.0,8.0,5.0,,.,,,,,,.,,,.,,media\1528109840860.jpg,2.0,uuid:404b60c9-b6f0-4917-a374-29f1ab8122ff,1.0,0.0,.,,,28 Jan 2021,2021-01-28,1.0,248.0,248.0,648.0,,0.0,,,,,,,,,,,,,,,,N.U.
99999.0,2018-09-20,uuid:d788dd2d-5ef3-400e-9230-1f13ab4c1643,2018-09-20 14:19:09,2018-09-20 14:44:37,2,99999.0,1.0,,,,,,,,,,,,,,,,,,,,,,,,,,,,,,,,,,OK,1.0,1.0,1.0,1.0,OK,1.0,1.0,OK,2.0,2.0,.,.,3.0,3.0,3.0,3.0,2.0,,,,,,,,,,,,,,,,,,,,,,,,2.0,2.0,2.0,1000.0,0.0,4.0,3.0,2.0,0.0,,,,,,,,.,,,.,,media\1537447402416-2.jpg,2.0,uuid:d788dd2d-5ef3-400e-9230-1f13ab4c1643,,,,,,28 Jan 2021,2021-01-28,1.0,438.0,438.0,838.0,,0.0,,,,,,,,,,,,,,,,
354100.0,2019-03-16,uuid:b415932f-15d0-4f47-8cb4-aa115136206e,2019-03-16 11:39:14,2019-03-16 11:59:51,2,354100.0,1.0,,,,,,,,,,,,,,,,,,,,,,,,,,,,,,,,,,OK,1.0,1.0,0.0,0.0,OK,1.0,2.0,OK,4.0,4.0,.,.,3.0,3.0,3.0,3.0,2.0,,,,,,,,,,,,,,,,,,,,,,,,2.0,1.0,2.0,500.0,500.0,10.0,8.0,5.0,4.0,,,,,,,,.,,,.,,media\1552733947607-3.jpg,2.0,uuid:b415932f-15d0-4f47-8cb4-aa115136206e,,,,,,28 Jan 2021,2021-01-28,1.0,697.0,697.0,1097.0,,0.0,,,,,,,,,,,,,,,,
354100.0,2019-03-16,uuid:818e5e00-99a2-40a2-b512-6f457846c7e9,2019-03-16 12:19:43,2019-03-16 12:42:15,3,354100.0,,1.0,,,2.0,23.0,LULUWA,,Bena Tshionga,,Eglise de Reveil,1.0,,Katoka,Mpokolo,1.0,4.0,DIBAYA,9.0,,,,60000.0,15000.0,0.0,0.0,0.0,0.0,0.0,0.0,1.0,4.0,3.0,6.0,OK,1.0,1.0,0.0,0.0,OK,2.0,2.0,OK,2.0,2.0,.,.,5.0,5.0,3.0,2.0,2.0,2.0,3.0,2.0,4.0,2.0,2.0,2.0,1.0,1.0,1.0,1.0,3.0,1.0,1.0,1.0,,1.0,1.0,1.0,1.0,1.0,1.0,4.0,2.0,2.0,2.0,700.0,300.0,5.0,3.0,3.0,2.0,,,,,,,,.,,,.,,media\1552736512175-3.jpg,2.0,uuid:818e5e00-99a2-40a2-b512-6f457846c7e9,,,,,,28 Jan 2021,2021-01-28,1.0,,,,445.0,,,0.0,,,,,,,,,,1.0,,,1.0,
367101.0,2018-06-11,uuid:0382ca7c-9006-4ed5-87c3-bca2b62a1133,2018-06-11 10:11:27,2018-06-11 10:33:14,2,367101.0,1.0,,,,,,,,,,,,,,,,,,,,,,,,,,,,,,,,,,OK,1.0,1.0,0.0,1.0,OK,2.0,1.0,OK,1.0,1.0,.,.,5.0,4.0,1.0,2.0,2.0,,,,,,,,,,,,,,,,,,,,,,,,1.0,1.0,2.0,800.0,200.0,8.0,5.0,3.0,2.0,,,,,,,,.,,,.,,media\1528705856993-2.jpg,2.0,uuid:0382ca7c-9006-4ed5-87c3-bca2b62a1133,,,,,,28 Jan 2021,2021-01-28,1.0,300.0,300.0,700.0,,0.0,,,,,,,,,,,,,,,,
379138.0,2018-11-28,uuid:9612fa17-1528-4d8d-90f6-bb2dd21da553,2018-11-28 15:00:13,2018-11-28 15:17:49,2,379138.0,1.0,,,,,,,,,,,,,,,,,,,,,,,,,,,,,,,,,,OK,1.0,1.0,0.0,1.0,OK,2.0,2.0,OK,3.0,3.0,.,.,5.0,5.0,1.0,3.0,2.0,,,,,,,,,,,,,,,,,,,,,,,,2.0,2.0,2.0,1000.0,0.0,10.0,5.0,3.0,0.0,,,,,,,,.,,,.,,media\1543414591208-2.jpg,2.0,uuid:9612fa17-1528-4d8d-90f6-bb2dd21da553,,,,,,28 Jan 2021,2021-01-28,1.0,493.0,493.0,893.0,,0.0,,,,,,,,,,,,,,,,
379140.0,2018-11-28,uuid:88ae8f23-75d0-4bbd-b0f2-d22e2ec0bdf1,2018-11-28 15:21:34,2018-11-28 15:39:34,2,379140.0,1.0,,,,,,,,,,,,,,,,,,,,,,,,,,,,,,,,,,OK,1.0,0.0,0.0,0.0,OK,4.0,4.0,OK,4.0,4.0,.,.,4.0,4.0,3.0,3.0,2.0,,,,,,,,,,,,,,,,,,,,,,,,2.0,4.0,2.0,1000.0,0.0,10.0,5.0,4.0,3.0,,,,,,,,.,,,.,,media\1543415922124-2.jpg,2.0,uuid:88ae8f23-75d0-4bbd-b0f2-d22e2ec0bdf1,,,,,,28 Jan 2021,2021-01-28,1.0,494.0,494.0,894.0,,0.0,,,,,,,,,,,,,,,,
382117.0,2018-05-30,uuid:3958a671-04c0-4825-aa0f-14f48a5ebeb6,2018-05-30 12:44:14,2018-05-30 13:21:43,2,382117.0,1.0,,,,,,,,,,,,,,,,,,,,,.,,,,,,,,,,,,,OK,1.0,1.0,1.0,0.0,OK,1.0,2.0,OK,2.0,2.0,,,3.0,3.0,3.0,3.0,2.0,,,,,,,,,,,,,,,,,,,,,,,,2.0,2.0,2.0,900.0,100.0,10.0,7.0,5.0,3.0,,,,,,,,,,,,,media\1527679049508.jpg,2.0,uuid:3958a671-04c0-4825-aa0f-14f48a5ebeb6,2.0,,,,,28 Jan 2021,2021-01-28,1.0,210.0,210.0,610.0,,0.0,,,,,,,,,,,,,,,,
382121.0,2018-10-24,uuid:f01a54ed-f3ff-4270-a5bf-33b60765c040,2018-10-24 14:16:24,2018-10-24 14:32:56,2,382121.0,1.0,,,,,,,,,,,,,,,,,,,,,,,,,,,,,,,,,,OK,1.0,1.0,0.0,0.0,OK,2.0,3.0,OK,2.0,2.0,.,.,3.0,3.0,4.0,3.0,2.0,,,,,,,,,,,,,,,,,,,,,,,,2.0,2.0,2.0,600.0,400.0,10.0,9.0,7.0,6.0,,,,,,,,.,,,.,,media\1540384354632-2.jpg,2.0,uuid:f01a54ed-f3ff-4270-a5bf-33b60765c040,,,,,,28 Jan 2021,2021-01-28,1.0,475.0,475.0,875.0,,0.0,,,,,,,,,,,,,,,,
628104.0,2018-06-11,uuid:2c7aa57c-d0a5-4322-9d3b-7273fb5c3483,2018-06-11 16:10:08,2018-06-11 16:28:11,2,628104.0,1.0,,,,,,,,,,,,,,,,,,,,,,,,,,,,,,,,,,OK,1.0,1.0,1.0,1.0,OK,1.0,1.0,OK,3.0,2.0,.,.,3.0,5.0,2.0,3.0,2.0,,,,,,,,,,,,,,,,,,,,,,,,3.0,3.0,2.0,500.0,500.0,5.0,4.0,2.0,0.0,,,,,,,,.,,,.,,media\1528727246570-2.jpg,2.0,uuid:2c7aa57c-d0a5-4322-9d3b-7273fb5c3483,,,,,,28 Jan 2021,2021-01-28,1.0,320.0,320.0,720.0,,0.0,,,,,,,,,,,,,,,,
628124.0,2018-06-07,uuid:6861ce95-751f-40ee-b9f3-bf0aa22ae6c8,2018-06-07 09:56:54,2018-06-07 10:17:52,2,628124.0,1.0,,,,,,.,,.,,.,,,.,.,,,.,,.,,.,,,0.0,0.0,0.0,0.0,0.0,0.0,0.0,,,,OK,1.0,1.0,1.0,1.0,OK,1.0,1.0,OK,1.0,1.0,.,.,5.0,3.0,3.0,3.0,2.0,,,,,,,,,,,,,,,,,,,,,,,,2.0,2.0,2.0,1000.0,0.0,10.0,9.0,8.0,5.0,,.,,,,,,.,,,.,,media\1528359432225.jpg,2.0,uuid:6861ce95-751f-40ee-b9f3-bf0aa22ae6c8,1.0,1.0,,,,28 Jan 2021,2021-01-28,1.0,273.0,273.0,673.0,,0.0,,,,,,,,,,,,,,,,N.U.
639156.0,2019-02-27,uuid:c275eabe-aa95-4359-a758-2c8afaab213a,2019-02-27 11:43:58,2019-02-27 12:04:02,2,639156.0,1.0,,,,,,,,,,,,,,,,,,,,,,,,,,,,,,,,,,OK,1.0,1.0,0.0,1.0,OK,2.0,1.0,OK,4.0,1.0,.,.,5.0,3.0,3.0,1.0,2.0,,,,,,,,,,,,,,,,,,,,,,,,2.0,2.0,2.0,1000.0,0.0,10.0,8.0,5.0,4.0,,,,,,,,.,,,.,,media\1551265361717-4.jpg,2.0,uuid:c275eabe-aa95-4359-a758-2c8afaab213a,,,,,,28 Jan 2021,2021-01-28,1.0,543.0,543.0,943.0,,0.0,,,,,,,,,,,,,,,,
639157.0,2018-10-24,uuid:995ebfe7-f02b-417f-beb5-82bf5921d989,2018-10-24 13:51:16,2018-10-24 14:14:59,2,639157.0,1.0,,,,,,,,,,,,,,,,,,,,,,,,,,,,,,,,,,OK,1.0,1.0,0.0,0.0,OK,2.0,3.0,OK,2.0,2.0,.,.,5.0,3.0,1.0,2.0,2.0,,,,,,,,,,,,,,,,,,,,,,,,2.0,1.0,2.0,500.0,500.0,10.0,5.0,3.0,1.0,,,,,,,,.,,,.,,media\1540383242267-2.jpg,2.0,uuid:995ebfe7-f02b-417f-beb5-82bf5921d989,,,,,,28 Jan 2021,2021-01-28,1.0,474.0,474.0,874.0,,0.0,,,,,,,,,,,,,,,,
655553.0,2019-03-01,uuid:323ec042-a133-405e-87f5-07a58cc356ca,2019-03-01 13:35:15,,3,655553.0,,1.0,,,1.0,60.0,LULUWA,,Bakua mushilu,1.0,,0.0,,Kananga,Kamayi,0.0,4.0,KANANGA,11.0,,,,100000.0,30000.0,0.0,0.0,1.0,0.0,0.0,0.0,0.0,3.0,3.0,2.0,OK,1.0,1.0,1.0,1.0,OK,1.0,1.0,OK,1.0,1.0,.,.,5.0,5.0,3.0,3.0,2.0,2.0,2.0,2.0,2.0,2.0,2.0,2.0,1.0,3.0,2.0,1.0,1.0,8.0,2.0,0.0,2.0,2.0,1.0,,2.0,3.0,1.0,5.0,1.0,2.0,2.0,400.0,600.0,6.0,6.0,4.0,0.0,,,,,,,,.,,,.,,media\1551445737947-2.jpg,2.0,uuid:323ec042-a133-405e-87f5-07a58cc356ca,,,,,,28 Jan 2021,2021-01-28,1.0,,,,445.0,,,0.0,,,,,,,1.0,,,,,,1.0,
670100.0,2018-06-13,uuid:1a6b91af-6cb6-48fb-a6a4-4378ef8f977b,2018-06-13 15:09:22,2018-06-13 15:31:52,2,670100.0,1.0,,,,,,,,,,,,,,,,,,,,,,,,,,,,,,,,,,OK,1.0,1.0,0.0,1.0,OK,4.0,4.0,OK,4.0,4.0,.,.,5.0,5.0,3.0,3.0,2.0,,,,,,,,,,,,,,,,,,,,,,,,2.0,2.0,2.0,1000.0,0.0,6.0,5.0,4.0,3.0,,,,,,,,.,,,.,,media\1528896609721-2.jpg,2.0,uuid:1a6b91af-6cb6-48fb-a6a4-4378ef8f977b,,,,,,28 Jan 2021,2021-01-28,1.0,370.0,370.0,770.0,,0.0,,,,,,,,,,,,,,,,
670100.0,2018-06-21,uuid:5b08353f-74c6-4563-a444-38449e6ab52b,2018-06-21 16:25:53,2018-06-21 17:00:05,3,670100.0,,1.0,,,1.0,20.0,LULUWA,33.0,,1.0,,1.0,,Kananga,SNEL,1.0,4.0,DIBAYA,0.0,,11.0,,150000.0,7000.0,0.0,0.0,1.0,0.0,0.0,0.0,0.0,10.0,3.0,5.0,OK,1.0,0.0,0.0,0.0,OK,1.0,2.0,OK,2.0,2.0,.,.,5.0,3.0,3.0,3.0,2.0,2.0,2.0,2.0,2.0,2.0,4.0,2.0,3.0,3.0,2.0,2.0,3.0,2.0,2.0,0.0,4.0,3.0,2.0,3.0,3.0,2.0,1.0,5.0,1.0,2.0,2.0,500.0,500.0,10.0,9.0,8.0,7.0,,,,,,,,.,,,.,,media\1529592836156-2.jpg,2.0,uuid:5b08353f-74c6-4563-a444-38449e6ab52b,,,,,,28 Jan 2021,2021-01-28,1.0,202.0,,,445.0,,,0.0,,,,,,,,,,,,,,
670101.0,2018-11-15,uuid:e06ea7d6-8145-4f93-9628-be920be28e1d,2018-11-15 14:06:09,2018-11-15 14:24:17,2,670101.0,1.0,,,,,,,,,,,,,,,,,,,,,,,,,,,,,,,,,,OK,1.0,1.0,1.0,1.0,OK,3.0,3.0,OK,3.0,3.0,.,.,5.0,3.0,4.0,3.0,2.0,,,,,,,,,,,,,,,,,,,,,,,,2.0,2.0,1.0,1000.0,0.0,5.0,3.0,2.0,0.0,,,,,,,,.,,,.,,media\1542288092755-2.jpg,2.0,uuid:e06ea7d6-8145-4f93-9628-be920be28e1d,,,,,,28 Jan 2021,2021-01-28,1.0,485.0,485.0,885.0,,0.0,,,,,,,,,,,,,,,,
670101.0,2018-11-15,uuid:1710ea88-f164-423e-8f2d-1fb73db10b6f,2018-11-15 13:32:02,2018-11-15 13:56:10,3,670101.0,,1.0,,,2.0,22.0,LULUWA,44.0,,1.0,,1.0,,Kananga,Snel,0.0,4.0,DIBAYA,23.0,,,,120000.0,28000.0,0.0,0.0,0.0,0.0,0.0,0.0,1.0,4.0,2.0,6.0,OK,1.0,1.0,0.0,0.0,OK,2.0,2.0,OK,3.0,3.0,.,.,3.0,5.0,3.0,3.0,2.0,2.0,2.0,4.0,4.0,2.0,2.0,2.0,1.0,1.0,1.0,1.0,1.0,3.0,1.0,1.0,,3.0,4.0,4.0,1.0,1.0,4.0,5.0,2.0,2.0,1.0,700.0,300.0,10.0,5.0,4.0,3.0,,,,,,,,.,,,.,,media\1542286518293-2.jpg,2.0,uuid:1710ea88-f164-423e-8f2d-1fb73db10b6f,,,,,,28 Jan 2021,2021-01-28,1.0,,,,445.0,,,0.0,,,,,,,,,,,,,,
670103.0,2018-06-11,uuid:aff67ea6-ce1e-468d-bc89-b3e6b442e874,2018-06-11 10:32:30,2018-06-11 11:00:16,2,670103.0,1.0,,,,,,,,,,,,,,,,,,,,,,,,,,,,,,,,,,OK,1.0,1.0,0.0,1.0,OK,2.0,1.0,OK,3.0,1.0,.,.,5.0,5.0,1.0,1.0,2.0,,,,,,,,,,,,,,,,,,,,,,,,2.0,4.0,2.0,1000.0,0.0,6.0,5.0,4.0,3.0,,,,,,,,.,,,.,,media\1528707471195-2.jpg,2.0,uuid:aff67ea6-ce1e-468d-bc89-b3e6b442e874,,,,,,28 Jan 2021,2021-01-28,1.0,301.0,301.0,701.0,,0.0,,,,,,,,,,,,,,,,
999999.0,2018-12-01,uuid:ea07f58d-be1b-44b5-a70f-12fe816934eb,2018-12-01 12:21:59,2018-12-01 12:48:52,2,999999.0,1.0,,,,,,,,,,,,,,,,,,,,,,,,,,,,,,,,,,OK,1.0,1.0,0.0,1.0,OK,1.0,2.0,OK,1.0,1.0,.,.,5.0,5.0,3.0,3.0,1.0,,,,,,,,,,,,,,,,,,,,,,,,1.0,1.0,2.0,300.0,700.0,7.0,5.0,3.0,0.0,,,,,,,,.,,,.,,media\1543664886072-2.jpg,2.0,uuid:ea07f58d-be1b-44b5-a70f-12fe816934eb,,,,,,28 Jan 2021,2021-01-28,1.0,505.0,505.0,905.0,,0.0,,,,,,,,,,,,,,,,
6090105.0,2019-03-15,uuid:4468246a-ae91-4484-9004-2bedb37b73ac,2019-03-15 12:51:01,2019-03-15 14:59:39,3,6090105.0,,1.0,,,1.0,45.0,LUNTU,,Bakua tshikanda,3.0,,0.0,2003.0,Kananga,Plateau,1.0,4.0,DIMBELENGE,14.0,,,,40000.0,0.0,0.0,0.0,1.0,0.0,0.0,0.0,0.0,3.0,3.0,6.0,OK,1.0,1.0,1.0,1.0,OK,1.0,2.0,OK,2.0,2.0,.,.,3.0,4.0,1.0,3.0,2.0,2.0,3.0,2.0,1.0,1.0,2.0,2.0,2.0,1.0,1.0,1.0,1.0,1.0,1.0,0.0,4.0,2.0,2.0,2.0,2.0,2.0,1.0,5.0,2.0,2.0,2.0,700.0,300.0,7.0,6.0,5.0,0.0,,,,,,,,.,,,.,,media\1552652416704-2.jpg,2.0,uuid:4468246a-ae91-4484-9004-2bedb37b73ac,,,,,,28 Jan 2021,2021-01-28,1.0,,,,445.0,,,0.0,,,,,,,,,,,,,,
6091092.0,2019-04-09,uuid:486b8b71-c14a-4c64-bdb4-7e6deaddf660,2019-04-09 11:34:51,2019-04-09 12:02:22,2,6091092.0,1.0,,,,,,,,,,,,,,,,,,,,,,,,,,,,,,,,,,OK,1.0,1.0,0.0,1.0,OK,1.0,1.0,OK,1.0,1.0,.,.,5.0,5.0,3.0,1.0,2.0,,,,,,,,,,,,,,,,,,,,,,,,1.0,1.0,2.0,700.0,888.0,10.0,5.0,3.0,2.0,,,,,,,,.,,,.,,media\1554803854801-2.jpg,2.0,uuid:486b8b71-c14a-4c64-bdb4-7e6deaddf660,,,,,,28 Jan 2021,2021-01-28,1.0,754.0,754.0,1154.0,,0.0,,,,,,,,,,,,,,,,
6101077.0,2018-05-30,uuid:a80a39eb-f179-4744-aca5-06a09fd27626,2018-05-30 12:23:55,2018-05-30 12:38:28,2,6101077.0,1.0,,,,,,,,,,,,,,,,,,,,,.,,,,,,,,,,,,,OK,1.0,1.0,1.0,1.0,OK,1.0,2.0,OK,1.0,1.0,,,3.0,3.0,3.0,2.0,2.0,,,,,,,,,,,,,,,,,,,,,,,,1.0,2.0,2.0,400.0,600.0,10.0,8.0,6.0,4.0,,,,,,,,,,,,,media\1527676680576.jpg,1.0,uuid:a80a39eb-f179-4744-aca5-06a09fd27626,1.0,,,,,28 Jan 2021,2021-01-28,1.0,209.0,209.0,609.0,,0.0,,,,,,,,,,,,,,,,
6101077.0,2019-02-26,uuid:67f46613-5607-41b1-9015-cbda76c53d84,2019-02-26 15:38:51,2019-02-26 18:37:44,3,6101077.0,,1.0,,,1.0,24.0,LULUWA,36.0,,1.0,,0.0,2006.0,Kananga,Plateau,1.0,4.0,DIBAYA,9.0,,,,24000.0,8000.0,0.0,0.0,0.0,0.0,0.0,1.0,0.0,5.0,4.0,1.0,OK,1.0,1.0,1.0,0.0,OK,1.0,2.0,OK,1.0,1.0,.,.,4.0,3.0,3.0,3.0,1.0,1.0,2.0,3.0,1.0,2.0,4.0,1.0,1.0,1.0,1.0,1.0,1.0,1.0,1.0,1.0,,3.0,1.0,1.0,1.0,1.0,1.0,4.0,1.0,1.0,2.0,1000.0,0.0,9.0,6.0,5.0,4.0,,,,,,,,.,,,.,,media\1551193102710-2.jpg,2.0,uuid:67f46613-5607-41b1-9015-cbda76c53d84,,,,,,28 Jan 2021,2021-01-28,1.0,,,,445.0,,,0.0,,,,,,,,,,,,,,
60920132.0,2018-06-14,uuid:1ff83dcc-f7c7-4395-9f63-454b69ef8135,2018-06-14 16:41:35,2018-06-14 17:04:39,2,60920132.0,1.0,,,,,,,,,,,,,,,,,,,,,,,,,,,,,,,,,,OK,1.0,1.0,0.0,1.0,OK,2.0,2.0,OK,3.0,3.0,.,.,5.0,5.0,3.0,3.0,2.0,,,,,,,,,,,,,,,,,,,,,,,,2.0,2.0,2.0,0.0,1000.0,8.0,7.0,6.0,5.0,,,,,,,,.,,,.,,media\1528988586083-2.jpg,2.0,uuid:1ff83dcc-f7c7-4395-9f63-454b69ef8135,,,,,,28 Jan 2021,2021-01-28,1.0,392.0,392.0,792.0,,0.0,,,,,,,,,,,,,,,,
60930105.0,2018-06-13,uuid:acce6150-3856-4acd-9269-21f3b3ac839c,2018-06-13 10:30:55,2018-06-13 10:51:58,2,60930105.0,1.0,,,,,,,,,,,,,,,,,,,,,,,,,,,,,,,,,,OK,1.0,1.0,1.0,1.0,OK,1.0,1.0,OK,3.0,2.0,.,.,5.0,3.0,1.0,3.0,2.0,,,,,,,,,,,,,,,,,,,,,,,,2.0,2.0,2.0,200.0,800.0,6.0,5.0,3.0,2.0,,,,,,,,.,,,.,,media\1528879873857-2.jpg,2.0,uuid:acce6150-3856-4acd-9269-21f3b3ac839c,,,,,,28 Jan 2021,2021-01-28,1.0,356.0,356.0,756.0,,0.0,,,,,,,,,,,,,,,,
,2018-04-06,uuid:1420a29b-accc-4749-8382-d691914382ea,2018-04-06 02:02:50,2018-04-06 02:39:21,1,,,,29.0,29.0,1.0,23.0,LULUWA,19.0,,,Message du graal,0.0,1998.0,Lukonga,Dikongayi,0.0,4.0,DIBAYA,9.0,,,,60000.0,40000.0,0.0,0.0,1.0,1.0,0.0,0.0,0.0,2.0,4.0,2.0,OK,1.0,1.0,1.0,1.0,OK,2.0,1.0,OK,1.0,1.0,17:02:52,17:02:52,4.0,3.0,3.0,3.0,1.0,1.0,3.0,2.0,2.0,1.0,4.0,1.0,1.0,2.0,2.0,2.0,2.0,2.0,1.0,0.0,4.0,1.0,1.0,1.0,1.0,1.0,1.0,3.0,1.0,1.0,3.0,800.0,200.0,8.0,6.0,4.0,3.0,0.0,,1.0,0.0,4.0,0.0,,.,1.0,3.0,.,9999.0,media/1523061489604.jpg,2.0,uuid:1420a29b-accc-4749-8382-d691914382ea,1.0,,,,,28 Jan 2021,2021-01-28,1.0,3.0,,,,,,,,,,,,,,,,,,,,N.U.
,2018-04-06,uuid:c56722b2-cea5-4175-86d5-de5fe95241ed,2018-04-06 10:08:42,,1,,,,9.0,9.0,1.0,25.0,LUNTU,51.0,,3.0,,0.0,2015.0,Kananga,Plateau,1.0,4.0,DIMBELENGE,17.0,,,,16000.0,3000.0,0.0,0.0,1.0,0.0,0.0,0.0,0.0,1.0,3.0,6.0,OK,1.0,1.0,1.0,1.0,OK,2.0,3.0,OK,2.0,3.0,10:08:43,10:08:43,5.0,3.0,2.0,3.0,1.0,2.0,2.0,3.0,2.0,2.0,2.0,2.0,1.0,1.0,1.0,1.0,1.0,1.0,1.0,1.0,,3.0,1.0,1.0,1.0,1.0,4.0,2.0,1.0,1.0,1.0,1000.0,0.0,8.0,7.0,6.0,5.0,0.0,,3.0,4.0,3.0,0.0,,.,0.0,,.,9999.0,media/1523003990759.jpg,1.0,uuid:c56722b2-cea5-4175-86d5-de5fe95241ed,1.0,,,,,28 Jan 2021,2021-01-28,1.0,6.0,,,,,,,,,,,,,,,,,,,,N.U.
,2018-04-06,uuid:a97b85bb-b8cd-4794-bbd2-3adcc3d33b95,2018-04-06 17:18:10,2018-04-06 18:10:44,1,,,,40.0,40.0,1.0,37.0,LUNTU,50.0,,3.0,,1.0,,Kananga,Tshinsambi,0.0,4.0,DIMBELENGE,,DGRKOC,,,90000.0,16000.0,0.0,0.0,0.0,0.0,0.0,0.0,1.0,2.0,4.0,5.0,OK,1.0,1.0,0.0,0.0,OK,1.0,1.0,OK,1.0,2.0,08:18:11,08:18:11,4.0,5.0,3.0,3.0,2.0,2.0,3.0,2.0,1.0,1.0,2.0,1.0,2.0,2.0,1.0,2.0,3.0,2.0,2.0,1.0,,2.0,2.0,2.0,1.0,1.0,3.0,1.0,1.0,1.0,2.0,900.0,100.0,10.0,8.0,6.0,5.0,0.0,,2.0,2.0,4.0,0.0,,.,0.0,,.,9999.0,media/1523031002646.jpg,1.0,uuid:a97b85bb-b8cd-4794-bbd2-3adcc3d33b95,1.0,,,,,28 Jan 2021,2021-01-28,1.0,16.0,,,,,,,,,,,,,,,,,,,,N.U.
,2018-04-06,uuid:d37d2299-f022-4a7f-ba13-c04a50781492,2018-04-06 13:34:53,2018-04-06 15:12:19,1,,,,27.0,27.0,2.0,32.0,LULUWA,,Bakua mputu,12.0,,0.0,2014.0,Lukonga,Itabayi,1.0,4.0,DEMBA,20.0,,,,35000.0,14000.0,1.0,0.0,0.0,0.0,0.0,1.0,0.0,7.0,3.0,6.0,OK,1.0,0.0,1.0,0.0,OK,1.0,1.0,OK,2.0,2.0,13:34:54,13:34:54,4.0,4.0,3.0,2.0,2.0,2.0,3.0,4.0,1.0,3.0,1.0,1.0,1.0,1.0,1.0,1.0,1.0,8.0,1.0,1.0,,1.0,1.0,1.0,1.0,1.0,4.0,2.0,1.0,1.0,2.0,800.0,200.0,6.0,6.0,5.0,2.0,0.0,,1.0,0.0,4.0,0.0,,.,0.0,,.,9999.0,media/1523020296821.jpg,2.0,uuid:d37d2299-f022-4a7f-ba13-c04a50781492,1.0,,,,,28 Jan 2021,2021-01-28,1.0,11.0,,,,,,,,,,,,,1.0,,,,,,1.0,N.U.
,2018-04-06,uuid:e759fe6f-ef60-40a4-8ed3-cede07f135ba,2018-04-06 21:49:06,2018-04-06 22:28:34,1,,,,43.0,43.0,1.0,39.0,LULUWA,31.0,,1.0,,0.0,1990.0,Kananga,Tshinsambi,1.0,4.0,KANANGA,4.0,,,,90000.0,15000.0,0.0,0.0,0.0,1.0,1.0,0.0,0.0,3.0,4.0,3.0,OK,1.0,1.0,1.0,1.0,OK,2.0,2.0,OK,2.0,3.0,12:49:08,12:49:08,5.0,5.0,3.0,2.0,2.0,2.0,2.0,2.0,2.0,2.0,2.0,2.0,2.0,2.0,2.0,2.0,2.0,2.0,2.0,0.0,4.0,2.0,2.0,2.0,2.0,2.0,3.0,4.0,2.0,2.0,2.0,800.0,200.0,8.0,7.0,6.0,4.0,0.0,,1.0,2.0,1.0,0.0,,.,0.0,,.,2.0,media/1523046448991.jpg,2.0,uuid:e759fe6f-ef60-40a4-8ed3-cede07f135ba,1.0,,,,,28 Jan 2021,2021-01-28,1.0,23.0,,,,,,,,,,,,,,,,,,,,N.U.
,2018-04-06,uuid:7279fe95-aed3-4013-bb4f-c017be788627,2018-04-06 10:42:03,,1,,,,7.0,7.0,1.0,36.0,LULUWA,28.0,,2.0,,1.0,,Katoka,Mpokolo,1.0,4.0,KAMONIA,17.0,,,,180000.0,17000.0,1.0,0.0,0.0,0.0,0.0,0.0,0.0,2.0,3.0,6.0,OK,1.0,1.0,0.0,0.0,OK,1.0,2.0,OK,1.0,1.0,10:42:05,10:42:05,3.0,3.0,3.0,3.0,2.0,2.0,2.0,1.0,1.0,1.0,1.0,1.0,1.0,2.0,2.0,2.0,2.0,2.0,2.0,1.0,,3.0,1.0,1.0,1.0,1.0,2.0,4.0,1.0,1.0,2.0,700.0,300.0,8.0,7.0,5.0,4.0,3.0,,6.0,4.0,1.0,0.0,,.,0.0,,.,9999.0,media/1523005556251.jpg,1.0,uuid:7279fe95-aed3-4013-bb4f-c017be788627,2.0,,,,,28 Jan 2021,2021-01-28,1.0,7.0,,,,,,,,,,,,,,,,,,,,C.B. a.i.
,2018-04-06,uuid:e9a96158-1dca-49c0-b218-307b1aad4a6a,2018-04-06 20:20:27,2018-04-06 20:58:13,1,,,,36.0,36.0,1.0,29.0,LULUWA,44.0,,12.0,,0.0,2009.0,Kananga,Malandji,1.0,4.0,DIBAYA,22.0,,,,65000.0,17000.0,0.0,0.0,1.0,0.0,0.0,0.0,0.0,4.0,4.0,5.0,OK,1.0,0.0,0.0,1.0,OK,3.0,3.0,OK,2.0,2.0,11:20:29,11:20:29,3.0,3.0,3.0,2.0,2.0,1.0,1.0,1.0,1.0,2.0,1.0,4.0,1.0,1.0,1.0,1.0,1.0,1.0,1.0,1.0,,1.0,4.0,4.0,2.0,1.0,1.0,4.0,1.0,1.0,2.0,400.0,600.0,5.0,4.0,3.0,2.0,0.0,,2.0,2.0,4.0,0.0,,.,0.0,,.,2.0,media/1523041040749.jpg,1.0,uuid:e9a96158-1dca-49c0-b218-307b1aad4a6a,1.0,,,,,28 Jan 2021,2021-01-28,1.0,21.0,,,,,,,,,,,,,,,,,,,,N.U.
,2018-04-06,uuid:93e646d7-3e08-4297-aa96-84e79854990d,2018-04-06 17:19:35,2018-04-06 17:49:12,1,,,,64.0,64.0,2.0,27.0,LULUWA,19.0,,2.0,,0.0,1993.0,Kananga,Malandji,0.0,4.0,DIBAYA,0.0,,0.0,,300000.0,150000.0,0.0,0.0,0.0,1.0,0.0,0.0,0.0,2.0,4.0,5.0,OK,1.0,1.0,0.0,1.0,OK,1.0,1.0,OK,1.0,1.0,17:19:36,17:19:36,5.0,3.0,3.0,3.0,2.0,1.0,2.0,1.0,1.0,2.0,1.0,2.0,8.0,2.0,2.0,2.0,2.0,2.0,2.0,0.0,3.0,2.0,3.0,3.0,3.0,3.0,1.0,3.0,1.0,1.0,2.0,500.0,500.0,10.0,7.0,5.0,4.0,0.0,,0.0,6.0,4.0,0.0,,.,1.0,1.0,.,9999.0,media/1523029711680.jpg,1.0,uuid:93e646d7-3e08-4297-aa96-84e79854990d,1.0,,,,,28 Jan 2021,2021-01-28,1.0,17.0,,,,,,,,,,,,,,,,,,,,N.U.
,2018-04-06,uuid:34057916-aa69-453d-9561-e96e7822c8ac,2018-04-06 16:02:16,2018-04-06 16:33:56,1,,,,30.0,30.0,1.0,26.0,LUBA,,Bena muya,12.0,,1.0,,Kananga,Tshinsambi,1.0,5.0,KABEYA-KAMWANGA,17.0,,,,50000.0,27000.0,0.0,0.0,1.0,1.0,0.0,0.0,0.0,4.0,4.0,3.0,OK,1.0,1.0,1.0,1.0,OK,2.0,2.0,OK,1.0,1.0,16:02:17,16:02:17,3.0,4.0,3.0,3.0,1.0,4.0,3.0,2.0,2.0,2.0,2.0,3.0,1.0,2.0,2.0,2.0,2.0,1.0,2.0,1.0,,2.0,3.0,3.0,2.0,2.0,1.0,4.0,1.0,2.0,3.0,600.0,400.0,8.0,5.0,3.0,1.0,0.0,,2.0,3.0,4.0,0.0,,.,0.0,,.,9999.0,media/1523025184015.jpg,1.0,uuid:34057916-aa69-453d-9561-e96e7822c8ac,1.0,,,,,28 Jan 2021,2021-01-28,1.0,13.0,,,,,,,,,,,,,,,,,,,,N.U.
,2018-04-06,uuid:e8bffa4b-c08b-42ff-9f3d-078d344f84b4,2018-04-06 15:14:38,2018-04-06 15:47:12,1,,,,52.0,52.0,1.0,35.0,LULUWA,,Bena mulenga,12.0,,0.0,2017.0,Lukonga,Itabayi,1.0,4.0,DEMBA,17.0,,,,13000.0,0.0,1.0,0.0,0.0,0.0,0.0,0.0,0.0,4.0,3.0,6.0,OK,1.0,1.0,0.0,0.0,OK,1.0,1.0,OK,1.0,1.0,15:14:39,15:14:39,3.0,3.0,3.0,2.0,2.0,1.0,2.0,4.0,1.0,1.0,1.0,1.0,1.0,2.0,2.0,1.0,1.0,1.0,1.0,1.0,,1.0,1.0,1.0,1.0,1.0,3.0,6.0,2.0,1.0,2.0,500.0,500.0,6.0,4.0,3.0,2.0,0.0,,0.0,7.0,4.0,0.0,,.,0.0,,.,9999.0,media/1523022384833.jpg,1.0,uuid:e8bffa4b-c08b-42ff-9f3d-078d344f84b4,1.0,,,,,28 Jan 2021,2021-01-28,1.0,12.0,,,,,,,,,,,,,,,,,,,,N.U.
,2018-04-06,uuid:5ad625cc-354c-452b-a41c-accb837a389e,2018-04-06 00:49:49,2018-04-06 01:25:26,1,,,,59.0,59.0,1.0,34.0,LULUWA,,Bakua mbayi,1.0,,1.0,,Lukonga,Mabondo,0.0,4.0,DEMBA,0.0,,23.0,,350000.0,20000.0,0.0,0.0,0.0,0.0,0.0,0.0,1.0,2.0,4.0,3.0,OK,1.0,1.0,0.0,1.0,OK,2.0,2.0,OK,1.0,1.0,15:49:51,15:49:51,1.0,3.0,2.0,3.0,2.0,1.0,2.0,2.0,2.0,2.0,1.0,4.0,2.0,2.0,2.0,2.0,2.0,2.0,2.0,0.0,4.0,2.0,2.0,2.0,2.0,2.0,1.0,4.0,1.0,1.0,2.0,300.0,700.0,10.0,8.0,6.0,5.0,0.0,,2.0,3.0,4.0,0.0,,.,0.0,,.,3.0,media/1523057064961.jpg,1.0,uuid:5ad625cc-354c-452b-a41c-accb837a389e,1.0,,,,,28 Jan 2021,2021-01-28,1.0,1.0,,,,,,,,,,,,,,,,,,,,N.U.
,2018-04-06,uuid:1802e060-fc45-486f-9766-85e2871b3dc0,2018-04-06 01:28:28,2018-04-06 02:00:33,1,,,,24.0,24.0,1.0,22.0,SONGE,,,10.0,,0.0,2005.0,Kananga,Malandji,0.0,4.0,DEMBA,4.0,,,,80000.0,100000.0,0.0,0.0,1.0,1.0,0.0,0.0,0.0,5.0,4.0,2.0,OK,1.0,1.0,1.0,1.0,OK,2.0,2.0,OK,1.0,1.0,16:28:29,16:28:29,3.0,3.0,3.0,3.0,2.0,1.0,2.0,1.0,1.0,1.0,1.0,1.0,2.0,2.0,2.0,2.0,2.0,2.0,2.0,1.0,,3.0,3.0,2.0,2.0,2.0,1.0,4.0,1.0,1.0,3.0,900.0,100.0,5.0,4.0,3.0,1.0,0.0,,1.0,5.0,3.0,0.0,,.,0.0,,.,9999.0,media/1523059188193.jpg,1.0,uuid:1802e060-fc45-486f-9766-85e2871b3dc0,1.0,,,,,28 Jan 2021,2021-01-28,1.0,2.0,,,,,,,,,,,,,,,,,,,,N.U.
,2018-04-06,uuid:8dde9921-6b9d-455b-a1c6-e8ee2a2f6981,2018-04-06 09:38:13,,1,,,,10.0,10.0,1.0,37.0,LULUWA,,Bakua nkate,2.0,,1.0,,Kananga,Tshinsambi,1.0,4.0,DIBAYA,17.0,,,,150000.0,15000.0,0.0,0.0,1.0,0.0,0.0,0.0,0.0,5.0,4.0,2.0,OK,1.0,1.0,1.0,1.0,OK,3.0,3.0,OK,2.0,3.0,09:38:14,09:38:14,4.0,3.0,2.0,3.0,2.0,2.0,4.0,2.0,2.0,2.0,2.0,4.0,1.0,7.0,1.0,1.0,1.0,1.0,1.0,1.0,,1.0,1.0,1.0,1.0,1.0,1.0,4.0,2.0,1.0,1.0,200.0,800.0,7.0,5.0,4.0,3.0,0.0,,0.0,7.0,3.0,0.0,,.,0.0,,.,9999.0,media/1523001905789.jpg,1.0,uuid:8dde9921-6b9d-455b-a1c6-e8ee2a2f6981,1.0,,,,,28 Jan 2021,2021-01-28,1.0,5.0,,,,,,,,,,,,,,,,,,,,N.U.
,2018-04-06,uuid:7f5744b5-6d02-46a1-9264-de719773f4a9,2018-04-06 19:35:41,2018-04-06 20:17:36,1,,,,15.0,15.0,1.0,22.0,KUBA,7.0,,1.0,,1.0,,Katoka,Mpokolo,1.0,4.0,MWEKA,0.0,,,Electronicien,150000.0,7500.0,0.0,0.0,1.0,0.0,0.0,0.0,0.0,8.0,4.0,4.0,OK,1.0,1.0,0.0,1.0,OK,2.0,3.0,OK,2.0,2.0,10:35:42,10:35:42,5.0,3.0,3.0,3.0,1.0,2.0,2.0,4.0,2.0,2.0,2.0,2.0,1.0,3.0,2.0,2.0,2.0,2.0,2.0,1.0,,2.0,2.0,2.0,1.0,2.0,3.0,4.0,1.0,1.0,2.0,800.0,200.0,8.0,7.0,5.0,4.0,0.0,,0.0,6.0,4.0,1.0,4.0,.,0.0,,.,7.0,media/1523038609751.jpg,2.0,uuid:7f5744b5-6d02-46a1-9264-de719773f4a9,1.0,,,,,28 Jan 2021,2021-01-28,1.0,20.0,,,,,,,,,,,,,,,,,,,,N.U.
,2018-04-06,uuid:ded3e597-b17f-46a1-8df5-253e81cb6f37,2018-04-06 11:58:06,,1,,,,18.0,18.0,1.0,30.0,LULUWA,,Bena diulu,3.0,,1.0,,Lukonga,Dikongayi,,4.0,DEMBA,27.0,,,,100000.0,50000.0,0.0,0.0,0.0,1.0,0.0,0.0,0.0,7.0,4.0,5.0,OK,1.0,1.0,1.0,1.0,OK,1.0,2.0,OK,1.0,1.0,11:58:08,11:58:08,3.0,3.0,3.0,3.0,2.0,1.0,1.0,1.0,1.0,2.0,2.0,2.0,1.0,1.0,1.0,1.0,1.0,1.0,1.0,0.0,1.0,3.0,2.0,3.0,3.0,2.0,3.0,1.0,1.0,1.0,2.0,800.0,200.0,10.0,8.0,7.0,5.0,0.0,,1.0,6.0,3.0,1.0,3.0,.,0.0,,.,2.0,media/1523010313337.jpg,1.0,uuid:ded3e597-b17f-46a1-8df5-253e81cb6f37,1.0,,,,,28 Jan 2021,2021-01-28,1.0,9.0,,,,,,,,,,,,,,,,,,,,N.U.
,2018-04-06,uuid:df9cdea1-b392-40b8-9d3b-f3bde0ead25a,2018-04-06 20:59:45,2018-04-06 21:35:48,1,,,,19.0,19.0,2.0,30.0,LUALUA,,,8.0,,0.0,2008.0,Katoka,Mpokolo,1.0,4.0,LUIZA,17.0,,,,480000.0,40000.0,0.0,0.0,1.0,0.0,0.0,0.0,0.0,3.0,3.0,6.0,OK,1.0,1.0,1.0,1.0,OK,1.0,2.0,OK,2.0,3.0,11:59:47,11:59:47,3.0,3.0,3.0,3.0,2.0,1.0,1.0,1.0,1.0,2.0,3.0,4.0,2.0,2.0,2.0,2.0,2.0,2.0,2.0,1.0,,2.0,2.0,2.0,2.0,1.0,1.0,7.0,2.0,1.0,3.0,100.0,900.0,7.0,5.0,3.0,2.0,0.0,,2.0,3.0,4.0,0.0,,.,1.0,8.0,.,4.0,media/1523043287755.jpg,1.0,uuid:df9cdea1-b392-40b8-9d3b-f3bde0ead25a,1.0,,,,,28 Jan 2021,2021-01-28,1.0,22.0,,,,,,,,,,,,,,,,,,,,N.U.
,2018-04-06,uuid:e9e157b4-d097-43b0-bbfb-9973bb591458,2018-04-06 16:43:19,2018-04-06 17:11:12,1,,,,25.0,25.0,1.0,31.0,SONGE,,,8.0,,0.0,2006.0,Kananga,Malandji,1.0,5.0,LUBEFU,,DGRKOC,,,800000.0,30000.0,0.0,0.0,1.0,1.0,0.0,0.0,0.0,4.0,4.0,3.0,OK,1.0,1.0,1.0,1.0,OK,1.0,2.0,OK,1.0,1.0,16:46:16,16:46:16,4.0,3.0,2.0,3.0,2.0,2.0,2.0,2.0,2.0,2.0,4.0,2.0,1.0,2.0,2.0,2.0,2.0,1.0,1.0,0.0,4.0,1.0,3.0,3.0,3.0,2.0,2.0,4.0,1.0,1.0,2.0,200.0,800.0,3.0,2.0,1.0,0.0,2.0,,8.0,3.0,3.0,0.0,,.,0.0,,.,4.0,media/1523027436241.jpg,1.0,uuid:e9e157b4-d097-43b0-bbfb-9973bb591458,2.0,,,,,28 Jan 2021,2021-01-28,1.0,15.0,,,,,,,,,,,,,,,,,,,,310
,2018-04-06,uuid:7396dcd4-a963-40ba-a23e-0b69f6f6f71f,2018-04-06 16:07:18,2018-04-06 16:41:25,1,,,,62.0,62.0,1.0,49.0,LULUWA,47.0,,4.0,,1.0,,Katoka,Kapanda,1.0,4.0,KAZUMBA,1.0,,,,133000.0,37000.0,0.0,0.0,1.0,1.0,0.0,1.0,0.0,5.0,4.0,3.0,OK,1.0,1.0,1.0,1.0,OK,1.0,1.0,OK,1.0,1.0,16:11:59,16:11:59,5.0,4.0,3.0,3.0,2.0,3.0,4.0,1.0,2.0,2.0,2.0,4.0,2.0,8.0,2.0,2.0,2.0,8.0,2.0,1.0,,2.0,3.0,3.0,1.0,2.0,1.0,5.0,1.0,1.0,2.0,600.0,400.0,10.0,7.0,7.0,7.0,0.0,,0.0,6.0,2.0,1.0,3.0,.,0.0,,.,4.0,media/1523025649103.jpg,1.0,uuid:7396dcd4-a963-40ba-a23e-0b69f6f6f71f,1.0,,,,,28 Jan 2021,2021-01-28,1.0,14.0,,,,,,,,,,,,,,,,1.0,1.0,1.0,1.0,N.U.
,2018-04-06,uuid:aca9f25e-94bb-4487-9f79-b397ed39edb8,2018-04-06 11:11:02,,1,,,,13.0,13.0,1.0,32.0,LULUWA,,Bakua mbuyi,2.0,,1.0,,Ndesha,Lubuwa,1.0,4.0,DEMBA,17.0,,,,96000.0,250000.0,0.0,0.0,1.0,1.0,0.0,0.0,0.0,5.0,4.0,3.0,OK,1.0,0.0,0.0,1.0,OK,1.0,2.0,OK,1.0,1.0,11:11:03,11:11:03,3.0,3.0,2.0,3.0,1.0,1.0,1.0,1.0,1.0,2.0,1.0,1.0,1.0,3.0,3.0,1.0,3.0,3.0,3.0,0.0,1.0,1.0,3.0,2.0,2.0,2.0,1.0,3.0,2.0,2.0,2.0,900.0,100.0,7.0,5.0,4.0,3.0,0.0,,1.0,0.0,3.0,0.0,,.,0.0,,.,9999.0,media/1523008558851.jpg,1.0,uuid:aca9f25e-94bb-4487-9f79-b397ed39edb8,1.0,,,,,28 Jan 2021,2021-01-28,1.0,8.0,,,,,,,,,,,,,,,,,,,,N.U.
,2018-04-06,uuid:400736ca-80a7-4749-bbc1-db349d28d0b2,2018-04-06 18:53:08,2018-04-06 19:34:31,1,,,,45.0,45.0,1.0,28.0,LULUWA,47.0,,3.0,,1.0,,Kananga,Plateau,0.0,4.0,KAZUMBA,4.0,,,,90000.0,28000.0,0.0,0.0,1.0,0.0,0.0,0.0,0.0,2.0,3.0,6.0,OK,1.0,1.0,1.0,1.0,OK,1.0,2.0,OK,2.0,3.0,09:53:09,09:53:09,5.0,5.0,3.0,3.0,1.0,2.0,2.0,2.0,2.0,2.0,1.0,4.0,2.0,2.0,2.0,2.0,1.0,2.0,3.0,1.0,,3.0,2.0,1.0,1.0,1.0,3.0,4.0,1.0,1.0,2.0,1000.0,0.0,10.0,8.0,6.0,4.0,0.0,,1.0,4.0,1.0,1.0,8.0,.,0.0,,.,9999.0,media/1523036026795.jpg,1.0,uuid:400736ca-80a7-4749-bbc1-db349d28d0b2,1.0,,,,,28 Jan 2021,2021-01-28,1.0,19.0,,,,,,,,,,,,,,,,,,,,N.U.
,2018-04-06,uuid:67b3081f-4154-4459-90e7-e84285f4b92a,2018-04-06 08:41:58,,1,,,,4.0,4.0,2.0,24.0,LULUWA,,Bena kandi,3.0,,1.0,,Kananga,Kamayi,1.0,4.0,KANANGA,17.0,,,,16000.0,5000.0,0.0,0.0,1.0,0.0,0.0,0.0,0.0,3.0,4.0,3.0,OK,1.0,1.0,0.0,1.0,OK,1.0,2.0,OK,1.0,1.0,08:41:59,08:41:59,3.0,3.0,4.0,3.0,1.0,2.0,2.0,2.0,2.0,2.0,2.0,4.0,2.0,2.0,3.0,2.0,3.0,2.0,2.0,1.0,,1.0,1.0,1.0,1.0,1.0,1.0,4.0,1.0,1.0,1.0,30.0,970.0,8.0,7.0,6.0,5.0,0.0,,2.0,4.0,4.0,0.0,,.,1.0,8.0,.,9999.0,media/1522998782037.jpg,1.0,uuid:67b3081f-4154-4459-90e7-e84285f4b92a,1.0,,,,,28 Jan 2021,2021-01-28,1.0,4.0,,,,,,,,,,,,,,,,,,,,N.U.
,2018-04-06,uuid:c5ca5212-b840-4a26-8c33-88a33844849b,2018-04-06 18:14:32,2018-04-06 18:52:46,1,,,,35.0,35.0,1.0,46.0,LUNTU,52.0,,12.0,,0.0,1996.0,Kananga,Plateau,1.0,4.0,DIMBELENGE,30.0,,,,150000.0,35000.0,0.0,0.0,1.0,0.0,0.0,0.0,0.0,2.0,3.0,6.0,OK,1.0,0.0,0.0,1.0,OK,1.0,2.0,OK,1.0,2.0,09:14:33,09:14:33,5.0,5.0,3.0,3.0,2.0,2.0,2.0,2.0,2.0,2.0,2.0,4.0,1.0,1.0,1.0,1.0,1.0,1.0,2.0,1.0,,3.0,3.0,3.0,3.0,1.0,1.0,4.0,1.0,1.0,3.0,800.0,200.0,7.0,5.0,4.0,3.0,0.0,,0.0,4.0,2.0,1.0,9.0,.,0.0,,.,,media/1523033496939.jpg,1.0,uuid:c5ca5212-b840-4a26-8c33-88a33844849b,1.0,,,,,28 Jan 2021,2021-01-28,1.0,18.0,,,,,,,,,,,,,,,,,,,,N.U.
,2018-04-06,uuid:53d8b747-3079-463b-b8cf-4462e9c153ac,2018-04-06 12:27:45,,1,,,,16.0,16.0,1.0,24.0,LULUWA,46.0,,8.0,,1.0,,Kananga,Mulunda,1.0,4.0,KANANGA,17.0,,,,39000.0,0.0,0.0,0.0,1.0,0.0,0.0,0.0,0.0,4.0,4.0,3.0,OK,1.0,1.0,0.0,0.0,OK,1.0,2.0,OK,1.0,1.0,12:27:46,12:27:46,3.0,4.0,3.0,3.0,2.0,2.0,2.0,2.0,2.0,2.0,2.0,2.0,2.0,2.0,2.0,2.0,2.0,2.0,2.0,0.0,4.0,3.0,3.0,3.0,1.0,1.0,4.0,4.0,1.0,1.0,1.0,400.0,600.0,6.0,4.0,3.0,2.0,0.0,,1.0,4.0,1.0,1.0,8.0,.,1.0,8.0,.,2.0,media/1523012509947.jpg,1.0,uuid:53d8b747-3079-463b-b8cf-4462e9c153ac,1.0,,,,,28 Jan 2021,2021-01-28,1.0,10.0,,,,,,,,,,,,,,,,,,,,N.U.
,2018-04-08,uuid:db5f1993-b5c1-4a20-8a63-1322ef5cc1c6,2018-04-08 09:50:41,2018-04-08 10:38:25,1,,,,1.0,1.0,1.0,38.0,KETE,,,12.0,,0.0,2012.0,Katoka,Pokolo,1.0,4.0,TSHIKAPA,,Il travaillait à la dgrkoc,,,90000.0,21000.0,0.0,0.0,1.0,0.0,0.0,0.0,0.0,2.0,4.0,3.0,OK,1.0,1.0,0.0,1.0,OK,2.0,2.0,OK,1.0,2.0,09:50:42,09:50:42,5.0,2.0,3.0,3.0,1.0,2.0,3.0,2.0,2.0,1.0,1.0,2.0,1.0,2.0,1.0,2.0,1.0,1.0,1.0,1.0,,1.0,1.0,1.0,1.0,1.0,2.0,2.0,1.0,1.0,1.0,750.0,250.0,10.0,9.0,8.0,7.0,3.0,,1.0,3.0,4.0,0.0,,.,0.0,,.,9999.0,media/1523176574661.jpg,1.0,uuid:db5f1993-b5c1-4a20-8a63-1322ef5cc1c6,1.0,,,,,28 Jan 2021,2021-01-28,1.0,25.0,,,,,,,,,,,,,,,,,,,,C.B. a.i.
,2018-04-08,uuid:94072048-93c8-4f87-8db3-4185833fade6,2018-04-08 14:59:42,2018-04-08 15:52:46,1,,,,48.0,48.0,1.0,35.0,MONGO,,,12.0,,0.0,2014.0,Kananga,Snel,1.0,5.0,LUBEFU,,Il travaillait à chez OVD,,,100000.0,10500.0,0.0,0.0,0.0,0.0,0.0,0.0,1.0,2.0,3.0,2.0,OK,1.0,1.0,0.0,1.0,OK,2.0,2.0,OK,1.0,1.0,14:59:43,14:59:43,5.0,4.0,3.0,3.0,2.0,2.0,2.0,2.0,2.0,1.0,2.0,2.0,2.0,8.0,3.0,2.0,3.0,1.0,2.0,0.0,4.0,2.0,1.0,1.0,1.0,1.0,2.0,4.0,1.0,1.0,2.0,300.0,700.0,5.0,4.0,3.0,2.0,0.0,,1.0,0.0,1.0,0.0,,.,1.0,3.0,.,2.0,media/1523195499273.jpg,2.0,uuid:94072048-93c8-4f87-8db3-4185833fade6,1.0,,,,,28 Jan 2021,2021-01-28,1.0,31.0,,,,,,,,,,,,,,,,,,,,N.U.
,2018-04-08,uuid:32531229-66bf-46a6-909c-9397ada3693d,2018-04-08 16:39:06,2018-04-08 17:24:00,1,,,,54.0,54.0,1.0,36.0,LUALUA,,,8.0,,1.0,,Katoka,Mpokolo,1.0,4.0,DIBAYA,,Développeur  du marché  airtel,,,65000.0,10000.0,0.0,0.0,0.0,0.0,0.0,0.0,1.0,2.0,4.0,3.0,OK,1.0,1.0,0.0,1.0,OK,2.0,2.0,OK,1.0,1.0,16:39:08,16:39:08,3.0,5.0,1.0,2.0,2.0,2.0,2.0,2.0,2.0,2.0,2.0,2.0,1.0,1.0,1.0,2.0,2.0,2.0,2.0,1.0,,3.0,1.0,1.0,1.0,1.0,2.0,2.0,1.0,1.0,2.0,500.0,500.0,10.0,10.0,10.0,10.0,0.0,,3.0,0.0,4.0,0.0,,.,0.0,,.,,media/1523200948936.jpg,1.0,uuid:32531229-66bf-46a6-909c-9397ada3693d,1.0,,,,,28 Jan 2021,2021-01-28,1.0,33.0,,,,,,,,,,,,,1.0,1.0,1.0,1.0,1.0,1.0,1.0,N.U.
,2018-04-08,uuid:284c0990-a4c8-47cf-96a1-9d52f9cd2cef,2018-04-08 13:04:29,2018-04-08 13:41:34,1,,,,17.0,17.0,1.0,28.0,LUALUA,,,1.0,,0.0,1992.0,Kananga,Kamayi,1.0,4.0,DIBAYA,9.0,,,,95000.0,33000.0,0.0,0.0,1.0,0.0,0.0,0.0,0.0,1.0,4.0,5.0,OK,1.0,1.0,1.0,1.0,OK,1.0,1.0,OK,1.0,1.0,13:04:31,13:04:31,3.0,5.0,3.0,3.0,2.0,1.0,2.0,2.0,1.0,3.0,1.0,2.0,1.0,2.0,2.0,2.0,3.0,2.0,2.0,0.0,4.0,3.0,4.0,3.0,3.0,3.0,1.0,4.0,1.0,1.0,1.0,200.0,800.0,8.0,6.0,5.0,4.0,0.0,,2.0,4.0,1.0,1.0,8.0,.,0.0,,.,,media/1523187601745.jpg,1.0,uuid:284c0990-a4c8-47cf-96a1-9d52f9cd2cef,1.0,,,,,28 Jan 2021,2021-01-28,1.0,29.0,,,,,,,,,,,,,,,,,,,,N.U.
,2018-04-08,uuid:18ccb270-d5d3-41dc-b0c5-4a78f37441ae,2018-04-08 12:10:08,2018-04-08 13:03:24,1,,,,34.0,34.0,2.0,24.0,LUALUA,,,3.0,,1.0,,Kananga,Malandi,1.0,4.0,DIBAYA,0.0,,24.0,,150000.0,15000.0,0.0,0.0,1.0,0.0,0.0,1.0,0.0,6.0,3.0,2.0,OK,1.0,1.0,0.0,0.0,OK,3.0,3.0,OK,3.0,3.0,12:10:10,12:10:10,3.0,3.0,2.0,1.0,2.0,2.0,3.0,3.0,2.0,3.0,2.0,2.0,8.0,3.0,8.0,2.0,3.0,8.0,2.0,1.0,,1.0,3.0,3.0,3.0,1.0,2.0,4.0,2.0,1.0,1.0,500.0,500.0,7.0,6.0,5.0,3.0,0.0,,1.0,0.0,2.0,0.0,,.,0.0,,.,2.0,media/1523185327547.jpg,1.0,uuid:18ccb270-d5d3-41dc-b0c5-4a78f37441ae,1.0,,,,,28 Jan 2021,2021-01-28,1.0,28.0,,,,,,,,,,,,,,,,,,,,N.U.
,2018-04-08,uuid:45c5446d-07aa-4789-abf8-48dda47b20a4,2018-04-08 13:42:13,,1,,,,21.0,21.0,1.0,34.0,LUALUA,,,2.0,,1.0,,Kanaga,Plateau,1.0,4.0,DIBAYA,,Je travaillais à la Dgrkoc,,,174000.0,50000.0,0.0,0.0,1.0,0.0,0.0,1.0,0.0,4.0,4.0,1.0,OK,1.0,1.0,0.0,1.0,OK,2.0,2.0,OK,2.0,2.0,14:00:42,14:00:42,5.0,3.0,1.0,1.0,2.0,1.0,2.0,2.0,2.0,2.0,1.0,2.0,1.0,2.0,1.0,2.0,8.0,1.0,1.0,0.0,4.0,1.0,2.0,2.0,2.0,1.0,1.0,4.0,1.0,1.0,1.0,1000.0,0.0,5.0,4.0,3.0,0.0,0.0,,1.0,3.0,4.0,0.0,,.,0.0,,.,9999.0,media/1523190912594.jpg,1.0,uuid:45c5446d-07aa-4789-abf8-48dda47b20a4,2.0,,,,,28 Jan 2021,2021-01-28,1.0,30.0,,,,,,,,,,,,,,,,,,,,N.U.
,2018-04-08,uuid:b3a81225-8ee2-48c5-8016-c430a8a13eb4,2018-04-08 11:24:51,2018-04-08 12:09:32,1,,,,5.0,5.0,1.0,23.0,LUALUA,,,7.0,,1.0,,Katoka,Mpokolo,1.0,4.0,DEMBA,23.0,,,,90000.0,30000.0,0.0,0.0,1.0,0.0,0.0,0.0,0.0,8.0,3.0,2.0,OK,1.0,1.0,1.0,1.0,OK,2.0,2.0,OK,2.0,2.0,11:24:52,11:24:52,3.0,3.0,3.0,3.0,1.0,2.0,2.0,2.0,2.0,2.0,2.0,2.0,2.0,2.0,2.0,2.0,2.0,2.0,2.0,1.0,,3.0,4.0,1.0,1.0,1.0,2.0,4.0,1.0,1.0,1.0,1000.0,0.0,8.0,5.0,3.0,1.0,0.0,,0.0,0.0,4.0,1.0,3.0,.,1.0,3.0,.,,media/1523182091955.jpg,1.0,uuid:b3a81225-8ee2-48c5-8016-c430a8a13eb4,1.0,,,,,28 Jan 2021,2021-01-28,1.0,27.0,,,,,,,,,,,,,,,,,,,,N.U.
,2018-04-08,uuid:8970ea3f-48b8-4004-a7b3-21784be99fca,2018-04-08 17:24:22,2018-04-08 18:08:39,1,,,,60.0,60.0,1.0,28.0,LUALUA,,,3.0,,1.0,,Lukonga,Mabondo,1.0,4.0,DEMBA,,Percepteur de taxe au marché  central,,,60000.0,12000.0,0.0,0.0,1.0,0.0,0.0,0.0,0.0,2.0,4.0,3.0,OK,1.0,1.0,0.0,1.0,OK,3.0,3.0,OK,2.0,2.0,17:24:23,17:24:23,5.0,3.0,3.0,3.0,2.0,2.0,2.0,3.0,2.0,2.0,1.0,2.0,8.0,1.0,1.0,1.0,1.0,1.0,1.0,1.0,,2.0,3.0,3.0,2.0,1.0,1.0,4.0,1.0,1.0,2.0,600.0,400.0,6.0,5.0,4.0,3.0,0.0,,2.0,2.0,4.0,0.0,,.,0.0,,.,9999.0,media/1523203661137.jpg,1.0,uuid:8970ea3f-48b8-4004-a7b3-21784be99fca,1.0,,,,,28 Jan 2021,2021-01-28,1.0,34.0,,,,,,,,,,,,,,,,,,,,N.U.
,2018-04-08,uuid:9e78ae18-36d3-4e0a-9f5e-49d46e2b521d,2018-04-08 10:39:40,2018-04-08 11:23:41,1,,,,8.0,8.0,1.0,24.0,LUALUA,,,,Foi bahai. Independante,1.0,,Katoka,Mpokolo,1.0,4.0,DEMBA,,Il était toujours à la Dgrkoc,,,130000.0,35000.0,1.0,0.0,1.0,0.0,0.0,0.0,0.0,2.0,4.0,5.0,OK,1.0,1.0,1.0,1.0,OK,1.0,1.0,OK,1.0,1.0,10:39:42,10:39:42,4.0,3.0,3.0,3.0,2.0,1.0,2.0,1.0,1.0,1.0,1.0,2.0,8.0,8.0,2.0,1.0,8.0,8.0,2.0,1.0,,2.0,4.0,2.0,2.0,2.0,1.0,3.0,1.0,1.0,2.0,800.0,200.0,10.0,8.0,7.0,5.0,0.0,,0.0,5.0,1.0,0.0,,.,0.0,,.,7.0,media/1523179315745.jpg,1.0,uuid:9e78ae18-36d3-4e0a-9f5e-49d46e2b521d,1.0,,,,,28 Jan 2021,2021-01-28,1.0,26.0,,,,,,,,,,,,,,,,,,,,N.U.
,2018-04-08,uuid:c58c67f9-c3cb-4834-864e-c775796090a4,2018-04-08 18:11:10,2018-04-08 18:55:29,1,,,,61.0,61.0,1.0,26.0,LUALUA,,,1.0,,1.0,,Katoka,Mpokolo,1.0,4.0,DEMBA,15.0,,,,200000.0,50000.0,0.0,0.0,1.0,1.0,0.0,0.0,0.0,3.0,3.0,6.0,OK,1.0,1.0,1.0,0.0,OK,2.0,2.0,OK,1.0,1.0,18:11:11,18:11:11,3.0,3.0,3.0,3.0,1.0,2.0,2.0,4.0,1.0,2.0,2.0,2.0,1.0,1.0,1.0,1.0,1.0,1.0,1.0,0.0,4.0,1.0,1.0,1.0,1.0,2.0,1.0,4.0,2.0,2.0,1.0,900.0,100.0,10.0,9.0,8.0,7.0,0.0,,0.0,2.0,4.0,0.0,,.,1.0,3.0,.,4.0,media/1523206465811.jpg,2.0,uuid:c58c67f9-c3cb-4834-864e-c775796090a4,1.0,,,,,28 Jan 2021,2021-01-28,1.0,35.0,,,,,,,,,,,,,,,,,,,,N.U.
,2018-04-08,uuid:0560f7a2-e007-4b85-844b-213fad04af1a,2018-04-08 15:53:08,2018-04-08 16:38:37,1,,,,47.0,47.0,2.0,23.0,LUALUA,,,12.0,,0.0,1994.0,Kananga,Hopital,1.0,4.0,KAZUMBA,24.0,,,,81000.0,23000.0,0.0,0.0,0.0,0.0,0.0,0.0,1.0,1.0,3.0,2.0,OK,1.0,1.0,1.0,1.0,OK,2.0,2.0,OK,2.0,2.0,15:53:10,15:53:10,5.0,5.0,4.0,3.0,1.0,1.0,2.0,3.0,3.0,3.0,2.0,4.0,2.0,2.0,2.0,2.0,2.0,2.0,2.0,1.0,,1.0,1.0,1.0,1.0,1.0,2.0,1.0,1.0,1.0,1.0,500.0,500.0,10.0,10.0,10.0,10.0,0.0,,1.0,0.0,4.0,1.0,3.0,.,0.0,,.,2.0,media/1523198259594.jpg,2.0,uuid:0560f7a2-e007-4b85-844b-213fad04af1a,1.0,,,,,28 Jan 2021,2021-01-28,1.0,32.0,,,,,,,,,,,,,1.0,1.0,1.0,1.0,1.0,1.0,1.0,N.U.
,2018-04-09,uuid:aec0d3d4-6f39-4538-aedf-450445470e96,2018-04-09 13:43:16,2018-04-09 14:25:04,1,,,,67.0,67.0,1.0,44.0,LULUWA,,Bakua mbayi,3.0,,1.0,,Katoka,Kele kele,1.0,4.0,DEMBA,17.0,,,,200000.0,35000.0,0.0,0.0,0.0,1.0,0.0,0.0,0.0,4.0,4.0,3.0,OK,1.0,1.0,1.0,1.0,OK,1.0,1.0,OK,1.0,1.0,13:43:17,13:43:17,4.0,3.0,3.0,3.0,2.0,1.0,3.0,1.0,2.0,2.0,1.0,4.0,1.0,1.0,1.0,1.0,1.0,1.0,1.0,0.0,4.0,1.0,3.0,3.0,3.0,1.0,1.0,3.0,1.0,3.0,3.0,1000.0,0.0,10.0,6.0,5.0,4.0,0.0,,10.0,0.0,3.0,0.0,,.,0.0,,.,4.0,media/1523276646798.jpg,1.0,uuid:aec0d3d4-6f39-4538-aedf-450445470e96,2.0,,,,,28 Jan 2021,2021-01-28,1.0,40.0,,,,,,,,,,,,,,,,,,,,N.U.
,2018-04-09,uuid:588ab3de-df29-4b4f-a475-6ffcb3973f61,2018-04-09 09:30:09,2018-04-09 10:48:09,1,,,,63.0,63.0,1.0,28.0,LUNTU,,Kasonga mbanza,1.0,,1.0,,Ndesha,Lubuwa,1.0,4.0,DIMBELENGE,9.0,,,,30000.0,2000.0,0.0,0.0,1.0,0.0,0.0,0.0,0.0,2.0,4.0,3.0,OK,1.0,1.0,0.0,1.0,OK,2.0,2.0,OK,1.0,1.0,09:30:10,09:30:10,3.0,4.0,1.0,3.0,1.0,1.0,1.0,1.0,1.0,1.0,1.0,1.0,1.0,3.0,8.0,1.0,1.0,1.0,1.0,1.0,,4.0,2.0,2.0,2.0,1.0,3.0,1.0,1.0,1.0,2.0,500.0,500.0,10.0,10.0,6.0,5.0,0.0,,0.0,1.0,3.0,1.0,10.0,.,0.0,,.,9999.0,media/1523261727639.jpg,1.0,uuid:588ab3de-df29-4b4f-a475-6ffcb3973f61,1.0,,,,,28 Jan 2021,2021-01-28,1.0,36.0,,,,,,,,,,,,,1.0,,,,,,1.0,N.U.
,2018-04-09,uuid:fc3ae65c-859d-4d52-a1c0-cd5949329171,2018-04-09 15:52:19,2018-04-09 16:29:38,1,,,,12.0,12.0,1.0,26.0,LUALUA,,,10.0,,1.0,,Katoka,Mpokolo,1.0,4.0,KAZUMBA,24.0,,,,15000.0,12000.0,1.0,0.0,1.0,0.0,0.0,1.0,0.0,4.0,3.0,2.0,OK,1.0,1.0,1.0,1.0,OK,1.0,1.0,OK,1.0,1.0,15:52:21,15:52:21,5.0,3.0,4.0,3.0,2.0,1.0,3.0,2.0,1.0,1.0,1.0,1.0,8.0,2.0,1.0,1.0,3.0,1.0,1.0,0.0,4.0,1.0,3.0,4.0,2.0,2.0,1.0,3.0,3.0,1.0,2.0,200.0,800.0,9.0,5.0,4.0,3.0,0.0,,2.0,1.0,4.0,0.0,,.,0.0,,.,6.0,media/1523284118056.jpg,1.0,uuid:fc3ae65c-859d-4d52-a1c0-cd5949329171,1.0,,,,,28 Jan 2021,2021-01-28,1.0,41.0,,,,,,,,,,,,,,,,,,,,N.U.
,2018-04-09,uuid:9a983817-8560-4c76-b7c8-6a493223e66d,2018-04-09 11:22:12,2018-04-09 12:05:37,1,,,,72.0,72.0,2.0,25.0,LULUWA,44.0,,3.0,,0.0,2000.0,Kananga,Biancky,1.0,4.0,DIBAYA,6.0,,,,30000.0,15000.0,0.0,0.0,1.0,1.0,0.0,1.0,0.0,2.0,3.0,6.0,OK,1.0,1.0,0.0,1.0,OK,4.0,4.0,OK,4.0,4.0,11:22:13,11:22:13,4.0,5.0,3.0,3.0,2.0,2.0,2.0,2.0,2.0,2.0,2.0,2.0,1.0,3.0,2.0,2.0,3.0,2.0,3.0,0.0,1.0,4.0,1.0,1.0,1.0,4.0,3.0,4.0,2.0,2.0,3.0,500.0,500.0,5.0,4.0,2.0,1.0,0.0,,0.0,1.0,1.0,1.0,8.0,.,0.0,,.,,media/1523268280776.jpg,2.0,uuid:9a983817-8560-4c76-b7c8-6a493223e66d,1.0,,,,,28 Jan 2021,2021-01-28,1.0,38.0,,,,,,,,,,,,,,,,,,,,N.U.
,2018-04-09,uuid:24a3dce4-3857-4eed-974d-f31e69050580,2018-04-09 18:14:28,2018-04-09 18:52:28,1,,,,55.0,55.0,1.0,44.0,LULUWA,46.0,,1.0,,1.0,,Katoka,Mpokolo,1.0,4.0,KANANGA,17.0,,,,76000.0,42000.0,0.0,0.0,1.0,0.0,0.0,0.0,0.0,3.0,4.0,2.0,OK,1.0,1.0,1.0,1.0,OK,1.0,2.0,OK,2.0,2.0,09:14:30,09:14:30,5.0,5.0,2.0,2.0,2.0,1.0,3.0,2.0,4.0,2.0,2.0,4.0,2.0,2.0,2.0,2.0,2.0,2.0,2.0,0.0,4.0,4.0,2.0,2.0,2.0,2.0,2.0,3.0,2.0,1.0,2.0,1000.0,0.0,9.0,8.0,7.0,6.0,0.0,,2.0,3.0,4.0,0.0,,.,0.0,,.,5.0,media/1523292678827.jpg,1.0,uuid:24a3dce4-3857-4eed-974d-f31e69050580,1.0,,,,,28 Jan 2021,2021-01-28,1.0,42.0,,,,,,,,,,,,,,,,,,,,N.U.
,2018-04-09,uuid:b39f302d-1342-4bac-adef-e38adf37aa39,2018-04-09 19:28:58,2018-04-09 19:59:15,1,,,,22.0,22.0,1.0,24.0,LULUWA,44.0,,12.0,,1.0,,Kananga,Plateau,0.0,4.0,DIBAYA,27.0,,,,560000.0,120000.0,1.0,0.0,1.0,1.0,1.0,1.0,0.0,6.0,4.0,5.0,OK,1.0,1.0,1.0,1.0,OK,2.0,2.0,OK,1.0,1.0,10:29:00,10:29:00,5.0,5.0,2.0,3.0,1.0,2.0,4.0,2.0,2.0,2.0,2.0,2.0,2.0,2.0,2.0,2.0,3.0,2.0,2.0,0.0,4.0,2.0,2.0,2.0,2.0,2.0,1.0,4.0,1.0,1.0,2.0,500.0,500.0,7.0,5.0,4.0,2.0,0.0,,0.0,4.0,1.0,0.0,,.,1.0,8.0,.,2.0,media/1523296711899.jpg,1.0,uuid:b39f302d-1342-4bac-adef-e38adf37aa39,2.0,,,,,28 Jan 2021,2021-01-28,1.0,44.0,,,,,,,,,,,,,,,,,,,,N.U.
,2018-04-09,uuid:79e8294a-204e-4324-b867-1a67e80db9c9,2018-04-09 18:53:28,2018-04-09 19:24:29,1,,,,23.0,23.0,1.0,29.0,LULUWA,46.0,,1.0,,1.0,,Lukonga,Mulunda,1.0,4.0,KANANGA,17.0,,,,198500.0,30000.0,0.0,0.0,1.0,0.0,0.0,0.0,0.0,5.0,4.0,5.0,OK,1.0,1.0,1.0,1.0,OK,1.0,1.0,OK,1.0,2.0,09:53:29,09:53:29,3.0,3.0,3.0,3.0,2.0,2.0,2.0,2.0,2.0,2.0,2.0,2.0,1.0,2.0,1.0,1.0,3.0,8.0,2.0,0.0,4.0,2.0,4.0,4.0,4.0,3.0,1.0,4.0,2.0,2.0,2.0,200.0,800.0,7.0,5.0,3.0,1.0,0.0,,2.0,0.0,4.0,1.0,8.0,.,0.0,,.,9999.0,media/1523294625092.jpg,1.0,uuid:79e8294a-204e-4324-b867-1a67e80db9c9,1.0,,,,,28 Jan 2021,2021-01-28,1.0,43.0,,,,,,,,,,,,,,,,,,,,N.U.
,2018-04-09,uuid:5bb196ff-e904-42af-bed1-09f8b5f8667a,2018-04-09 12:36:46,2018-04-09 13:41:47,1,,,,14.0,14.0,2.0,27.0,LUALUA,,,12.0,,1.0,,Kananga,Plateaux,0.0,4.0,DIMBELENGE,28.0,,,,70000.0,7000.0,0.0,0.0,1.0,1.0,1.0,0.0,0.0,1.0,3.0,5.0,OK,1.0,1.0,1.0,0.0,OK,3.0,3.0,OK,3.0,3.0,12:36:47,12:36:47,5.0,5.0,3.0,1.0,2.0,2.0,2.0,2.0,2.0,2.0,4.0,2.0,1.0,1.0,1.0,1.0,1.0,1.0,1.0,0.0,4.0,1.0,1.0,1.0,1.0,1.0,1.0,4.0,1.0,1.0,2.0,1000.0,0.0,10.0,5.0,4.0,4.0,0.0,,0.0,3.0,3.0,0.0,,.,0.0,,.,9999.0,media/1523274037216.jpg,2.0,uuid:5bb196ff-e904-42af-bed1-09f8b5f8667a,1.0,,,,,28 Jan 2021,2021-01-28,1.0,39.0,,,,,,,,,,,,,,,,,,1.0,1.0,N.U.
,2018-04-09,uuid:a65038b1-c402-4bcb-8786-436f431c5ee7,2018-04-09 10:52:39,2018-04-09 11:21:29,1,,,,75.0,75.0,1.0,21.0,LULUWA,,Tshialu mukombo,3.0,,0.0,2010.0,Katoka,Mpokolo,1.0,4.0,KAZUMBA,0.0,,,Prise en charge familiale,0.0,0.0,0.0,0.0,0.0,0.0,0.0,0.0,1.0,8.0,3.0,6.0,OK,1.0,0.0,1.0,0.0,OK,2.0,3.0,OK,1.0,1.0,10:52:40,10:52:40,3.0,3.0,4.0,3.0,2.0,1.0,4.0,1.0,2.0,4.0,1.0,4.0,3.0,2.0,1.0,2.0,3.0,1.0,1.0,0.0,4.0,1.0,3.0,3.0,3.0,3.0,1.0,4.0,1.0,1.0,2.0,0.0,0.0,8.0,5.0,5.0,3.0,0.0,,0.0,1.0,4.0,0.0,,.,0.0,,.,4.0,media/1523265647012.jpg,1.0,uuid:a65038b1-c402-4bcb-8786-436f431c5ee7,1.0,,,,,28 Jan 2021,2021-01-28,1.0,37.0,,,,,,,,,,,,,,,,1.0,,,1.0,N.U.
,2018-04-10,uuid:4942c4c4-3b67-43bf-bc9e-29de8c2ed36a,2018-04-10 12:00:15,2018-04-10 12:45:42,1,,,,32.0,32.0,1.0,26.0,LUALUA,,,3.0,,1.0,,Kananga,Industrielle,1.0,4.0,KAZUMBA,27.0,,,,120000.0,30000.0,0.0,0.0,1.0,1.0,1.0,0.0,0.0,5.0,4.0,5.0,OK,1.0,1.0,0.0,0.0,OK,2.0,2.0,OK,1.0,1.0,12:00:17,12:00:17,3.0,4.0,4.0,3.0,1.0,1.0,3.0,1.0,2.0,2.0,2.0,2.0,2.0,1.0,4.0,2.0,2.0,2.0,2.0,1.0,,3.0,3.0,4.0,1.0,1.0,2.0,2.0,1.0,1.0,2.0,300.0,700.0,8.0,5.0,3.0,2.0,0.0,,0.0,3.0,1.0,0.0,,.,0.0,,.,,media/1523357040924.jpg,1.0,uuid:4942c4c4-3b67-43bf-bc9e-29de8c2ed36a,2.0,,,,,28 Jan 2021,2021-01-28,1.0,47.0,,,,,,,,,,,,,,,,,,,,N.U.
,2018-04-10,uuid:7776767a-4920-4a11-b9d0-e7e7b9e5eee3,2018-04-10 11:14:41,2018-04-10 11:59:53,1,,,,6.0,6.0,1.0,39.0,LUALUA,,,,Autre,1.0,,Ndesha,Route ilebo,1.0,4.0,DEMBA,30.0,,,,90000.0,10000.0,0.0,0.0,1.0,0.0,0.0,0.0,0.0,2.0,2.0,1.0,OK,1.0,1.0,1.0,0.0,OK,4.0,4.0,OK,4.0,4.0,11:14:42,11:14:42,5.0,5.0,3.0,3.0,1.0,2.0,3.0,1.0,1.0,2.0,2.0,1.0,1.0,1.0,1.0,2.0,1.0,1.0,2.0,0.0,4.0,1.0,1.0,1.0,1.0,1.0,3.0,1.0,1.0,1.0,2.0,1000.0,0.0,8.0,6.0,5.0,4.0,0.0,,1.0,4.0,1.0,1.0,10.0,.,1.0,10.0,.,4.0,media/1523354336038.jpg,2.0,uuid:7776767a-4920-4a11-b9d0-e7e7b9e5eee3,1.0,,,,,28 Jan 2021,2021-01-28,1.0,46.0,,,,,,,,,,,,,,,,,,,,N.U.
,2018-04-10,uuid:9ea4e49b-3ce7-4d37-ae62-3649424b1b13,2018-04-10 15:20:05,2018-04-10 16:23:18,1,,,,31.0,31.0,2.0,30.0,LUALUA,,,3.0,,0.0,1993.0,Kananga,Malandji,1.0,4.0,KAZUMBA,23.0,,,,450000.0,70000.0,0.0,0.0,1.0,1.0,1.0,1.0,0.0,4.0,4.0,3.0,OK,1.0,1.0,1.0,0.0,OK,1.0,1.0,OK,1.0,1.0,15:20:07,15:20:07,4.0,3.0,2.0,1.0,2.0,1.0,4.0,2.0,1.0,1.0,1.0,1.0,,7.0,3.0,,3.0,1.0,2.0,0.0,4.0,4.0,4.0,4.0,3.0,4.0,1.0,6.0,2.0,4.0,3.0,999.0,999.0,8.0,5.0,5.0,3.0,0.0,,4.0,3.0,4.0,0.0,,.,0.0,,.,9999.0,media/1523370127443.jpg,1.0,uuid:9ea4e49b-3ce7-4d37-ae62-3649424b1b13,1.0,,,,,28 Jan 2021,2021-01-28,1.0,49.0,,,,,,,,,,,,,,,,1.0,,,1.0,N.U.
,2018-04-10,uuid:0bb3dfc8-dbcb-44a5-9438-cebc00fe9801,2018-04-10 12:48:48,2018-04-10 13:42:31,1,,,,39.0,39.0,1.0,42.0,LUALUA,,,12.0,,0.0,2011.0,Ndesha,Lubuwa,1.0,4.0,DEMBA,20.0,,,,300000.0,45000.0,0.0,0.0,1.0,1.0,1.0,0.0,0.0,1.0,4.0,3.0,OK,1.0,1.0,1.0,1.0,OK,1.0,1.0,OK,1.0,1.0,12:48:49,12:48:49,5.0,3.0,3.0,2.0,2.0,1.0,3.0,1.0,2.0,2.0,2.0,1.0,3.0,1.0,1.0,2.0,1.0,1.0,8.0,0.0,1.0,1.0,1.0,1.0,1.0,2.0,2.0,4.0,1.0,2.0,2.0,800.0,200.0,7.0,5.0,4.0,3.0,0.0,,0.0,0.0,4.0,0.0,,.,0.0,,.,9999.0,media/1523360379151.jpg,2.0,uuid:0bb3dfc8-dbcb-44a5-9438-cebc00fe9801,1.0,,,,,28 Jan 2021,2021-01-28,1.0,48.0,,,,,,,,,,,,,,,,,,,,N.U.
,2018-04-10,uuid:71419d38-5b75-458a-bde4-5cb7c5694a6f,2018-04-10 10:32:02,2018-04-10 11:14:13,1,,,,74.0,74.0,1.0,30.0,LUALUA,,,3.0,,1.0,,Kananga,Malandji,1.0,4.0,DEMBA,24.0,,,,250000.0,45000.0,0.0,0.0,1.0,1.0,0.0,1.0,0.0,0.0,3.0,3.0,OK,1.0,1.0,1.0,1.0,OK,2.0,2.0,OK,2.0,2.0,10:32:04,10:32:04,5.0,5.0,3.0,3.0,2.0,2.0,2.0,4.0,2.0,2.0,2.0,2.0,2.0,2.0,2.0,2.0,2.0,2.0,2.0,0.0,4.0,1.0,1.0,1.0,1.0,1.0,1.0,3.0,1.0,1.0,3.0,600.0,400.0,10.0,5.0,2.0,1.0,0.0,,0.0,3.0,4.0,0.0,,.,0.0,,.,9999.0,media/1523351597702.jpg,2.0,uuid:71419d38-5b75-458a-bde4-5cb7c5694a6f,1.0,,,,,28 Jan 2021,2021-01-28,1.0,45.0,,,,,,,,,,,,,,,,,,,,N.U.
,2018-04-11,uuid:06b283da-a825-4da8-8b76-810f81afd3f9,2018-04-11 14:47:02,2018-04-11 15:27:06,1,,,,78.0,78.0,1.0,35.0,KUBA,7.0,,1.0,,1.0,,Katoka,Mpokolo,1.0,4.0,MWEKA,13.0,,,,100000.0,5000.0,0.0,0.0,1.0,0.0,0.0,0.0,0.0,4.0,2.0,2.0,OK,1.0,1.0,1.0,0.0,OK,3.0,4.0,OK,3.0,4.0,14:47:03,14:47:03,3.0,3.0,4.0,3.0,1.0,1.0,1.0,2.0,2.0,2.0,2.0,1.0,1.0,1.0,1.0,1.0,1.0,1.0,1.0,1.0,,1.0,1.0,1.0,1.0,1.0,2.0,3.0,1.0,2.0,1.0,1000.0,0.0,10.0,5.0,4.0,3.0,0.0,,2.0,0.0,3.0,1.0,4.0,.,1.0,4.0,.,9999.0,media/1523453110234.jpg,2.0,uuid:06b283da-a825-4da8-8b76-810f81afd3f9,1.0,,,,,28 Jan 2021,2021-01-28,1.0,54.0,,,,,,,,,,,,,,,,,,,,N.U.
,2018-04-11,uuid:f7505360-ad80-439b-b02f-945af06a4582,2018-04-11 11:33:30,2018-04-11 12:21:15,1,,,,20.0,20.0,1.0,27.0,LUALUA,,,11.0,,0.0,1998.0,Katoka,Kele kele,1.0,4.0,DEMBA,0.0,,5.0,,30000.0,9000.0,0.0,0.0,1.0,0.0,0.0,0.0,0.0,0.0,4.0,5.0,OK,1.0,1.0,1.0,1.0,OK,3.0,3.0,OK,1.0,1.0,11:33:31,11:33:31,5.0,5.0,3.0,3.0,2.0,2.0,2.0,2.0,2.0,2.0,1.0,1.0,1.0,1.0,1.0,1.0,1.0,1.0,1.0,1.0,,1.0,1.0,1.0,1.0,1.0,2.0,4.0,1.0,1.0,1.0,1000.0,0.0,10.0,10.0,10.0,10.0,0.0,,4.0,2.0,3.0,0.0,,.,0.0,,.,9999.0,media/1523441990441.jpg,1.0,uuid:f7505360-ad80-439b-b02f-945af06a4582,1.0,,,,,28 Jan 2021,2021-01-28,1.0,53.0,,,,,,,,,,,,,1.0,1.0,1.0,1.0,1.0,1.0,1.0,N.U.
,2018-04-11,uuid:0d417642-db2e-4db8-ae2c-1d1282bce06c,2018-04-11 10:42:12,2018-04-11 11:30:55,1,,,,73.0,73.0,1.0,34.0,LUALUA,,,1.0,,0.0,1989.0,Kananga,Malandji,1.0,4.0,DEMBA,22.0,,,,150000.0,20000.0,1.0,0.0,1.0,1.0,1.0,1.0,0.0,2.0,4.0,3.0,OK,1.0,1.0,1.0,1.0,OK,2.0,2.0,OK,1.0,1.0,10:42:13,10:42:13,3.0,3.0,3.0,2.0,2.0,1.0,2.0,2.0,1.0,2.0,1.0,2.0,2.0,2.0,5.0,2.0,7.0,2.0,2.0,0.0,1.0,1.0,3.0,1.0,1.0,1.0,1.0,1.0,1.0,1.0,1.0,800.0,200.0,7.0,5.0,4.0,3.0,0.0,,3.0,3.0,3.0,0.0,,.,0.0,,.,9999.0,media/1523438982308.jpg,1.0,uuid:0d417642-db2e-4db8-ae2c-1d1282bce06c,1.0,,,,,28 Jan 2021,2021-01-28,1.0,52.0,,,,,,,,,,,,,,,,,,,,N.U.
,2018-04-11,uuid:e4d1925a-67fc-4ce6-a834-24f3e73f41ee,2018-04-11 16:55:43,2018-04-11 17:27:22,1,,,,51.0,51.0,1.0,29.0,LUALUA,,,3.0,,1.0,,Katoka,Mpokolo,1.0,4.0,DEMBA,30.0,,,,100000.0,40000.0,0.0,0.0,0.0,0.0,0.0,0.0,1.0,0.0,4.0,5.0,OK,1.0,1.0,0.0,0.0,OK,1.0,1.0,OK,1.0,1.0,16:55:45,16:55:45,3.0,3.0,2.0,2.0,2.0,2.0,3.0,1.0,3.0,2.0,1.0,4.0,8.0,3.0,7.0,2.0,1.0,2.0,2.0,1.0,,1.0,1.0,3.0,2.0,2.0,2.0,4.0,1.0,1.0,2.0,500.0,500.0,10.0,8.0,5.0,3.0,0.0,,3.0,3.0,3.0,0.0,,.,0.0,,.,4.0,media/1523460359515.jpg,1.0,uuid:e4d1925a-67fc-4ce6-a834-24f3e73f41ee,1.0,,,,,28 Jan 2021,2021-01-28,1.0,55.0,,,,,,,,,,,,,,,,,,,,N.U.
,2018-04-11,uuid:3b18d777-e8a2-4adc-b997-5d61d41a1e04,2018-04-11 08:43:22,2018-04-11 09:19:49,1,,,,49.0,49.0,1.0,31.0,TETELA,,,8.0,,0.0,2000.0,Kananga,Kamayi prison,1.0,5.0,LODJA,23.0,,,,60000.0,17000.0,0.0,0.0,1.0,0.0,0.0,0.0,0.0,2.0,2.0,2.0,OK,1.0,1.0,0.0,1.0,OK,2.0,2.0,OK,1.0,1.0,08:43:24,08:43:24,3.0,3.0,3.0,3.0,2.0,1.0,1.0,1.0,1.0,1.0,1.0,1.0,1.0,1.0,1.0,1.0,1.0,1.0,1.0,0.0,1.0,3.0,1.0,1.0,1.0,2.0,2.0,3.0,1.0,1.0,1.0,400.0,600.0,3.0,2.0,1.0,0.0,0.0,,2.0,0.0,1.0,0.0,,.,0.0,,.,3.0,media/1523431031158.jpg,1.0,uuid:3b18d777-e8a2-4adc-b997-5d61d41a1e04,1.0,,,,,28 Jan 2021,2021-01-28,1.0,50.0,,,,,,,,,,,,,,,,,,,,N.U.
,2018-04-12,uuid:c0f74113-dcea-4668-b1b6-be007844a70a,2018-04-12 09:18:59,2018-04-12 10:00:50,1,,,,50.0,50.0,2.0,28.0,LULUWA,,Bena tshionga,3.0,,1.0,,Kananga,Malandji,0.0,4.0,DIBAYA,4.0,,,,25000.0,0.0,0.0,0.0,0.0,0.0,0.0,0.0,1.0,2.0,4.0,5.0,OK,1.0,1.0,1.0,1.0,OK,1.0,2.0,OK,1.0,1.0,09:19:00,09:19:00,5.0,5.0,3.0,3.0,2.0,1.0,1.0,1.0,2.0,3.0,3.0,3.0,2.0,2.0,3.0,2.0,3.0,2.0,2.0,0.0,4.0,1.0,2.0,2.0,2.0,2.0,1.0,3.0,1.0,2.0,2.0,0.0,1000.0,10.0,6.0,5.0,2.0,0.0,,2.0,0.0,1.0,1.0,8.0,.,0.0,,.,4.0,media/1523519981831.jpg,1.0,uuid:c0f74113-dcea-4668-b1b6-be007844a70a,2.0,,,,,28 Jan 2021,2021-01-28,1.0,57.0,,,,,,,,,,,,,,,,,,,,N.U.
,2018-04-12,uuid:98756ec4-91dc-4d24-9f73-99e5f7a59933,2018-04-12 10:53:10,2018-04-12 11:24:14,1,,,,84.0,84.0,1.0,27.0,KABINDE,,,3.0,,0.0,2007.0,Kananga,Plateau,1.0,5.0,KABINDA,4.0,,,,364000.0,15000.0,0.0,0.0,1.0,1.0,0.0,1.0,0.0,1.0,4.0,5.0,OK,1.0,1.0,1.0,1.0,OK,2.0,2.0,OK,1.0,1.0,10:53:12,10:53:12,3.0,3.0,3.0,3.0,2.0,2.0,2.0,2.0,2.0,2.0,2.0,2.0,8.0,8.0,7.0,1.0,7.0,1.0,1.0,0.0,1.0,4.0,4.0,4.0,2.0,1.0,1.0,4.0,1.0,1.0,1.0,1000.0,0.0,10.0,4.0,3.0,2.0,0.0,,3.0,3.0,3.0,0.0,,.,0.0,,.,9999.0,media/1523525007409.jpg,1.0,uuid:98756ec4-91dc-4d24-9f73-99e5f7a59933,1.0,,,,,28 Jan 2021,2021-01-28,1.0,61.0,,,,,,,,,,,,,,,,,,,,N.U.
,2018-04-12,uuid:99018bd8-eb3a-4a5e-a3d7-3785f285440a,2018-04-12 11:25:22,2018-04-12 12:00:58,1,,,,37.0,37.0,1.0,24.0,LULUWA,,Bakua mushilu,12.0,,1.0,,Lukonga,Tshinsambi,1.0,4.0,DIMBELENGE,17.0,,,,194000.0,20000.0,0.0,0.0,0.0,0.0,0.0,0.0,1.0,6.0,3.0,6.0,OK,1.0,1.0,0.0,1.0,OK,3.0,4.0,OK,4.0,4.0,11:25:23,11:25:23,5.0,5.0,3.0,3.0,2.0,2.0,3.0,2.0,2.0,2.0,2.0,2.0,1.0,2.0,3.0,2.0,2.0,2.0,2.0,0.0,2.0,1.0,1.0,1.0,1.0,1.0,3.0,1.0,1.0,1.0,1.0,500.0,500.0,9.0,5.0,3.0,1.0,2.0,,0.0,2.0,1.0,0.0,,.,1.0,8.0,.,7.0,media/1523527187535.jpg,2.0,uuid:99018bd8-eb3a-4a5e-a3d7-3785f285440a,1.0,,,,,28 Jan 2021,2021-01-28,1.0,62.0,,,,,,,,,,,,,,,,,,,,310
,2018-04-12,uuid:67e86be5-c3af-4ef9-961e-51d82ff40566,2018-04-12 10:44:31,2018-04-12 11:20:13,1,,,,83.0,83.0,1.0,33.0,LULUWA,,Bakua tshiuya,1.0,,1.0,,Katoka,Mpokolo,1.0,4.0,KAZUMBA,17.0,,,,110000.0,20000.0,1.0,0.0,1.0,0.0,0.0,0.0,0.0,2.0,4.0,2.0,OK,1.0,1.0,0.0,1.0,OK,1.0,1.0,OK,1.0,1.0,10:44:33,10:44:33,5.0,3.0,4.0,3.0,1.0,2.0,3.0,2.0,2.0,2.0,2.0,2.0,1.0,2.0,1.0,2.0,1.0,1.0,1.0,0.0,4.0,2.0,2.0,1.0,1.0,1.0,2.0,4.0,1.0,1.0,1.0,0.0,1000.0,7.0,6.0,4.0,1.0,0.0,,0.0,8.0,4.0,0.0,,.,0.0,,.,5.0,media/1523524770449.jpg,1.0,uuid:67e86be5-c3af-4ef9-961e-51d82ff40566,1.0,,,,,28 Jan 2021,2021-01-28,1.0,60.0,,,,,,,,,,,,,,,,,,,,N.U.
,2018-04-12,uuid:fff3a015-3067-40ab-b13b-c7798491c5d3,2018-04-12 09:12:15,2018-04-12 09:52:35,1,,,,66.0,66.0,1.0,26.0,LUALUA,,,3.0,,1.0,,Kananga,Malandji,1.0,4.0,DIBAYA,0.0,,0.0,,10000.0,1000.0,0.0,0.0,1.0,1.0,1.0,0.0,0.0,1.0,4.0,4.0,OK,1.0,1.0,0.0,0.0,OK,1.0,1.0,OK,3.0,3.0,09:12:17,09:12:17,3.0,3.0,3.0,3.0,1.0,2.0,2.0,1.0,2.0,2.0,1.0,1.0,2.0,2.0,8.0,2.0,2.0,8.0,2.0,1.0,,1.0,1.0,1.0,1.0,1.0,4.0,1.0,1.0,1.0,2.0,700.0,300.0,10.0,7.0,6.0,4.0,0.0,,0.0,1.0,4.0,0.0,,.,0.0,,.,9999.0,media/1523519502403.jpg,1.0,uuid:fff3a015-3067-40ab-b13b-c7798491c5d3,1.0,,,,,28 Jan 2021,2021-01-28,1.0,56.0,,,,,,,,,,,,,,,,,,,,N.U.
,2018-04-12,uuid:d59ceed2-2c19-47a0-886d-0144d0fc3516,2018-04-12 09:52:58,2018-04-12 10:40:32,1,,,,65.0,65.0,1.0,29.0,LUALUA,,,12.0,,1.0,,Kananga,Kami Athène,1.0,4.0,DIBAYA,9.0,,,,330000.0,14000.0,0.0,0.0,1.0,1.0,0.0,0.0,0.0,0.0,4.0,3.0,OK,1.0,1.0,0.0,1.0,OK,1.0,1.0,OK,1.0,1.0,09:53:00,09:53:00,3.0,3.0,3.0,3.0,2.0,1.0,1.0,1.0,1.0,1.0,1.0,1.0,1.0,2.0,8.0,2.0,,2.0,2.0,0.0,2.0,1.0,1.0,1.0,1.0,1.0,2.0,3.0,1.0,1.0,3.0,1000.0,0.0,10.0,7.0,6.0,5.0,0.0,,0.0,0.0,4.0,0.0,,.,0.0,,.,9999.0,media/1523522358184.jpg,1.0,uuid:d59ceed2-2c19-47a0-886d-0144d0fc3516,2.0,,,,,28 Jan 2021,2021-01-28,1.0,58.0,,,,,,,,,,,,,,,,,,,,N.U.
,2018-04-12,uuid:9387d915-373b-4cd7-a716-568f03a2ecf4,2018-04-12 11:54:44,2018-04-12 12:40:07,1,,,,46.0,46.0,1.0,35.0,LUALUA,,,12.0,,1.0,,Kananga,Bikuku,1.0,4.0,DEMBA,,Gérant pour un dépôt,,,150000.0,30000.0,1.0,0.0,1.0,1.0,1.0,0.0,0.0,2.0,4.0,3.0,OK,1.0,0.0,0.0,0.0,OK,3.0,3.0,OK,2.0,2.0,11:54:46,11:54:46,5.0,4.0,1.0,3.0,2.0,1.0,2.0,2.0,1.0,1.0,2.0,2.0,8.0,8.0,8.0,2.0,3.0,2.0,2.0,1.0,,2.0,3.0,2.0,1.0,3.0,2.0,4.0,1.0,1.0,1.0,500.0,500.0,7.0,5.0,4.0,3.0,0.0,,1.0,8.0,3.0,0.0,,.,0.0,,.,9999.0,media/1523529559426.jpg,1.0,uuid:9387d915-373b-4cd7-a716-568f03a2ecf4,2.0,,,,,28 Jan 2021,2021-01-28,1.0,63.0,,,,,,,,,,,,,,,,,,,,N.U.
,2018-04-12,uuid:30aac02a-802b-4dc3-ae2a-ae67ca531555,2018-04-12 10:14:05,2018-04-12 11:08:32,1,,,,70.0,70.0,1.0,21.0,LUALUA,,,3.0,,1.0,,Kananga,Malandji,1.0,4.0,DIMBELENGE,20.0,,,,150000.0,21000.0,0.0,0.0,1.0,1.0,1.0,0.0,0.0,1.0,2.0,2.0,OK,1.0,1.0,1.0,1.0,OK,3.0,3.0,OK,3.0,3.0,10:14:07,10:14:07,5.0,3.0,3.0,3.0,1.0,2.0,3.0,3.0,2.0,3.0,4.0,1.0,8.0,7.0,7.0,2.0,7.0,7.0,7.0,1.0,,1.0,1.0,1.0,1.0,1.0,2.0,3.0,2.0,1.0,2.0,800.0,200.0,10.0,9.0,8.0,7.0,0.0,,1.0,7.0,3.0,1.0,4.0,.,1.0,8.0,.,1.0,media/1523523930596.jpg,2.0,uuid:30aac02a-802b-4dc3-ae2a-ae67ca531555,1.0,,,,,28 Jan 2021,2021-01-28,1.0,59.0,,,,,,,,,,,,,,,,,,,,N.U.
,2018-04-13,uuid:a2651e01-7b97-4816-9b26-54568b40f5f7,2018-04-13 12:11:35,2018-04-13 12:37:55,1,,,,2.0,2.0,2.0,29.0,LUALUA,,,3.0,,1.0,,Katoka,Kelekele,1.0,4.0,KAZUMBA,20.0,,,,50000.0,30000.0,0.0,0.0,0.0,0.0,0.0,0.0,1.0,1.0,4.0,3.0,OK,1.0,1.0,1.0,1.0,OK,1.0,1.0,OK,1.0,1.0,12:11:37,12:11:37,5.0,3.0,1.0,3.0,2.0,1.0,3.0,3.0,2.0,3.0,1.0,3.0,2.0,1.0,1.0,2.0,2.0,2.0,2.0,0.0,1.0,1.0,3.0,2.0,1.0,1.0,2.0,4.0,1.0,1.0,3.0,500.0,500.0,5.0,4.0,3.0,2.0,0.0,,2.0,0.0,3.0,0.0,,.,0.0,,.,9999.0,media/1523615794974.jpg,1.0,uuid:a2651e01-7b97-4816-9b26-54568b40f5f7,1.0,,,,,28 Jan 2021,2021-01-28,1.0,65.0,,,,,,,,,,,,,,,,,,,,N.U.
,2018-04-13,uuid:68c51a7f-2f65-4735-9ca4-ca3cd7b19434,2018-04-13 11:27:03,2018-04-13 12:11:28,1,,,,56.0,56.0,1.0,28.0,BINDI,,,2.0,,0.0,2010.0,Kananga,Apolo,0.0,4.0,DIMBELENGE,27.0,,,,48000.0,30000.0,0.0,0.0,0.0,0.0,0.0,0.0,1.0,5.0,4.0,5.0,OK,1.0,0.0,0.0,0.0,OK,2.0,2.0,OK,3.0,3.0,11:27:04,11:27:04,4.0,3.0,1.0,2.0,2.0,2.0,3.0,2.0,2.0,3.0,3.0,3.0,1.0,1.0,7.0,1.0,7.0,2.0,2.0,0.0,4.0,1.0,2.0,2.0,3.0,1.0,1.0,4.0,3.0,3.0,2.0,200.0,800.0,7.0,5.0,3.0,1.0,0.0,,0.0,9.0,3.0,0.0,,.,0.0,,.,9999.0,media/1523614126455.jpg,1.0,uuid:68c51a7f-2f65-4735-9ca4-ca3cd7b19434,1.0,,,,,28 Jan 2021,2021-01-28,1.0,64.0,,,,,,,,,,,,,,,,,,,,N.U.
,2018-04-13,uuid:8f434b3d-641d-4bbb-87de-7fd7917953c4,2018-04-13 12:38:20,2018-04-13 13:16:39,1,,,,80.0,80.0,1.0,46.0,LUALUA,,,3.0,,0.0,2008.0,Kananga,Kamayi,1.0,4.0,DEMBA,18.0,,,,492000.0,8000.0,0.0,0.0,1.0,0.0,0.0,0.0,0.0,3.0,4.0,3.0,OK,1.0,1.0,0.0,1.0,OK,1.0,1.0,OK,1.0,1.0,12:38:21,12:38:21,5.0,5.0,1.0,3.0,1.0,1.0,2.0,2.0,2.0,2.0,2.0,2.0,1.0,1.0,1.0,1.0,1.0,1.0,1.0,0.0,4.0,1.0,1.0,2.0,1.0,1.0,3.0,4.0,2.0,2.0,3.0,100.0,900.0,10.0,2.0,1.0,0.0,,Je ne travaille pas à la dgrkoc j'attends la réponse  de ma demande,0.0,0.0,,0.0,,.,0.0,,.,2.0,media/1523618135266.jpg,1.0,uuid:8f434b3d-641d-4bbb-87de-7fd7917953c4,1.0,,,,,28 Jan 2021,2021-01-28,1.0,66.0,,,,,,,,,,,,,,,,,,,,N.U.
,2018-04-14,uuid:f2ae4f7d-d77d-473a-942c-8c346c3b8828,2018-04-14 13:43:07,2018-04-14 14:12:00,1,,,,11.0,11.0,1.0,28.0,LUALUA,,,12.0,,0.0,2008.0,Kananga,Tshisambi,1.0,4.0,DEMBA,4.0,,,,110000.0,15000.0,0.0,0.0,1.0,1.0,0.0,0.0,0.0,2.0,4.0,3.0,OK,1.0,1.0,0.0,1.0,OK,2.0,2.0,OK,1.0,1.0,13:43:08,13:43:08,3.0,3.0,2.0,1.0,2.0,2.0,2.0,2.0,2.0,3.0,2.0,4.0,2.0,2.0,1.0,2.0,2.0,2.0,2.0,0.0,4.0,3.0,4.0,3.0,2.0,1.0,1.0,4.0,1.0,1.0,1.0,700.0,300.0,10.0,8.0,5.0,3.0,0.0,,2.0,0.0,1.0,1.0,3.0,.,0.0,,.,4.0,media/1523707855250-2.jpg,1.0,uuid:f2ae4f7d-d77d-473a-942c-8c346c3b8828,1.0,,,,,28 Jan 2021,2021-01-28,1.0,67.0,,,,,,,,,,,,,,,,,,,,N.U.
,2018-04-18,uuid:0dbb765c-4f1f-4f8d-9e51-592e28c1129b,2018-04-18 14:18:31,,1,,,,58.0,58.0,1.0,54.0,LUALUA,,,,Universelle,1.0,,Katoka,Kapanda,1.0,4.0,KAZUMBA,4.0,,,.,200000.0,50000.0,1.0,0.0,1.0,1.0,0.0,1.0,0.0,4.0,4.0,3.0,OK,1.0,1.0,1.0,1.0,OK,1.0,1.0,OK,1.0,1.0,14:22:37,14:22:37,4.0,4.0,1.0,2.0,2.0,2.0,4.0,2.0,2.0,2.0,2.0,2.0,2.0,2.0,2.0,2.0,8.0,2.0,2.0,0.0,4.0,2.0,3.0,3.0,3.0,3.0,1.0,4.0,2.0,1.0,2.0,300.0,700.0,7.0,6.0,5.0,4.0,0.0,,4.0,0.0,1.0,0.0,,,0.0,,,2.0,media\1524054939483.jpg,1.0,uuid:0dbb765c-4f1f-4f8d-9e51-592e28c1129b,2.0,,,,,28 Jan 2021,2021-01-28,1.0,69.0,,,,,,,,,,,,,,,,,,,,N.U.
,2018-04-26,uuid:2120a121-51d0-4386-bd4a-6fd6abcd95be,2018-04-26 09:13:31,2018-04-26 09:52:34,1,,,,85.0,85.0,1.0,38.0,LUALUA,,,12.0,,0.0,1985.0,Katoka,Kapanda,1.0,4.0,KAZUMBA,4.0,,,.,160000.0,38000.0,0.0,0.0,1.0,0.0,0.0,0.0,0.0,2.0,4.0,4.0,OK,1.0,1.0,0.0,1.0,OK,3.0,3.0,OK,2.0,2.0,09:13:32,09:13:32,5.0,5.0,1.0,3.0,2.0,1.0,1.0,2.0,2.0,2.0,2.0,2.0,3.0,3.0,3.0,2.0,3.0,2.0,3.0,0.0,1.0,2.0,2.0,2.0,1.0,1.0,1.0,4.0,1.0,1.0,3.0,600.0,400.0,10.0,8.0,6.0,5.0,0.0,,2.0,3.0,2.0,0.0,,,0.0,,,,media\1524729103128.jpg,1.0,uuid:2120a121-51d0-4386-bd4a-6fd6abcd95be,1.0,,,,,28 Jan 2021,2021-01-28,1.0,71.0,,,,,,,,,,,,,,,,,,,,N.U.
,2018-04-26,uuid:fd3bd4fd-129a-440c-ae0f-8186ab1d0bbd,2018-04-26 08:21:29,2018-04-26 09:12:53,1,,,,38.0,38.0,1.0,37.0,LUALUA,,,12.0,,0.0,1983.0,Kananga,Malandji,1.0,4.0,DIBAYA,,Travailler à la ceni,,.,492000.0,114800.0,0.0,0.0,1.0,1.0,0.0,0.0,0.0,3.0,4.0,5.0,OK,1.0,1.0,0.0,1.0,OK,1.0,1.0,OK,1.0,1.0,08:21:29,08:21:29,4.0,4.0,1.0,1.0,2.0,1.0,2.0,2.0,2.0,2.0,1.0,2.0,1.0,1.0,1.0,1.0,1.0,1.0,1.0,0.0,1.0,2.0,2.0,2.0,2.0,2.0,1.0,3.0,1.0,1.0,3.0,1000.0,0.0,7.0,6.0,5.0,4.0,0.0,,0.0,4.0,4.0,0.0,,,0.0,,,9999.0,media\1524726698425.jpg,1.0,uuid:fd3bd4fd-129a-440c-ae0f-8186ab1d0bbd,2.0,,,,,28 Jan 2021,2021-01-28,1.0,70.0,,,,,,,,,,,,,,,,,,,,N.U.
,2018-04-26,uuid:26c9fb91-0ea3-4692-8c87-06d099f32292,2018-04-26 09:22:23,2018-04-26 10:01:01,1,,,,87.0,87.0,1.0,37.0,LULUWA,47.0,,1.0,,0.0,1997.0,Kananga,Malandji,1.0,4.0,KAZUMBA,,Stagiaire à la DGRKOC,,.,145000.0,15000.0,0.0,0.0,1.0,0.0,0.0,0.0,0.0,3.0,4.0,3.0,OK,1.0,1.0,0.0,1.0,OK,2.0,2.0,OK,1.0,1.0,09:22:27,09:22:27,5.0,3.0,1.0,3.0,2.0,2.0,3.0,2.0,2.0,2.0,2.0,2.0,1.0,1.0,1.0,1.0,1.0,1.0,1.0,0.0,4.0,2.0,1.0,1.0,1.0,1.0,2.0,4.0,1.0,2.0,3.0,5.0,995.0,8.0,5.0,3.0,1.0,0.0,,0.0,10.0,3.0,0.0,,,0.0,,,9999.0,media\1524729607311.jpg,1.0,uuid:26c9fb91-0ea3-4692-8c87-06d099f32292,1.0,,,,,28 Jan 2021,2021-01-28,1.0,72.0,,,,,,,,,,,,,,,,,,,,N.U.
,2018-04-26,uuid:5ea99866-881e-4d9c-bbb1-8abc8f30a138,2018-04-26 11:31:21,2018-04-26 11:57:46,1,,,,88.0,88.0,1.0,28.0,LULUWA,,Bena biduaya,1.0,,0.0,2005.0,Katoka,Mpokolo,1.0,4.0,KAZUMBA,17.0,,,.,81000.0,50000.0,0.0,0.0,1.0,1.0,0.0,1.0,0.0,6.0,4.0,5.0,OK,1.0,1.0,0.0,1.0,OK,1.0,1.0,OK,1.0,1.0,11:31:22,11:31:22,3.0,3.0,4.0,3.0,2.0,1.0,2.0,2.0,1.0,1.0,2.0,1.0,2.0,2.0,2.0,2.0,2.0,2.0,2.0,0.0,4.0,1.0,3.0,3.0,1.0,2.0,1.0,1.0,1.0,1.0,1.0,500.0,500.0,6.0,5.0,3.0,2.0,0.0,,0.0,6.0,1.0,0.0,,,0.0,,,6.0,media\1524736625388.jpg,1.0,uuid:5ea99866-881e-4d9c-bbb1-8abc8f30a138,1.0,,,,,28 Jan 2021,2021-01-28,1.0,74.0,,,,,,,,,,,,,,,,,,,,N.U.
,2018-04-26,uuid:c7530868-2072-40c6-8d1d-cf55df52e344,2018-04-26 10:24:28,2018-04-26 11:29:02,1,,,,26.0,26.0,1.0,26.0,LULUWA,46.0,,10.0,,1.0,,Lukonga,Mulunda,1.0,4.0,KANANGA,17.0,,,.,88900.0,72900.0,0.0,0.0,0.0,0.0,0.0,0.0,1.0,13.0,4.0,3.0,OK,1.0,1.0,0.0,0.0,OK,1.0,1.0,OK,1.0,1.0,10:24:29,10:24:29,3.0,3.0,4.0,2.0,2.0,1.0,1.0,4.0,2.0,2.0,1.0,1.0,2.0,2.0,2.0,2.0,2.0,2.0,2.0,0.0,4.0,3.0,2.0,3.0,3.0,4.0,1.0,5.0,2.0,4.0,2.0,0.0,1000.0,6.0,5.0,4.0,3.0,0.0,,1.0,4.0,3.0,0.0,,,0.0,,,2.0,media\1524734898465.jpg,1.0,uuid:c7530868-2072-40c6-8d1d-cf55df52e344,2.0,,,,,28 Jan 2021,2021-01-28,1.0,73.0,,,,,,,,,,,,,,,,,,,,N.U.
,2018-04-27,uuid:79f70fa2-9716-48b2-b4a4-2e51e37617d6,2018-04-27 09:22:45,2018-04-27 10:04:31,1,,,,71.0,71.0,1.0,23.0,LUALUA,,,2.0,,1.0,,Ngaza,Salongo muimba,0.0,4.0,DIBAYA,20.0,,,.,50000.0,15000.0,0.0,0.0,1.0,0.0,0.0,1.0,0.0,3.0,3.0,4.0,OK,1.0,1.0,1.0,1.0,OK,3.0,3.0,OK,2.0,2.0,09:22:46,09:22:46,4.0,3.0,1.0,3.0,2.0,1.0,2.0,4.0,2.0,2.0,2.0,1.0,2.0,2.0,1.0,1.0,1.0,1.0,1.0,1.0,,2.0,3.0,1.0,1.0,2.0,1.0,4.0,1.0,1.0,2.0,400.0,600.0,6.0,5.0,4.0,3.0,0.0,,0.0,3.0,4.0,1.0,8.0,,1.0,7.0,,,media\1524816227025-2.jpg,2.0,uuid:79f70fa2-9716-48b2-b4a4-2e51e37617d6,1.0,,,,,28 Jan 2021,2021-01-28,1.0,76.0,,,,,,,,,,,,,,,,,,,,N.U.
,2018-04-27,uuid:576d33a5-e205-411e-ae9b-7ad03c97f91b,2018-04-27 11:17:43,2018-04-27 12:04:53,1,,,,89.0,89.0,1.0,27.0,LUALUA,,,2.0,,0.0,2000.0,Kananga,Tshisambi,1.0,4.0,LUIZA,22.0,,,.,640000.0,200000.0,0.0,0.0,1.0,1.0,0.0,0.0,0.0,2.0,4.0,5.0,OK,1.0,1.0,0.0,0.0,OK,3.0,3.0,OK,3.0,3.0,11:17:43,11:17:43,3.0,3.0,2.0,3.0,2.0,1.0,2.0,1.0,1.0,1.0,1.0,1.0,1.0,1.0,1.0,1.0,3.0,1.0,1.0,0.0,1.0,2.0,4.0,2.0,2.0,3.0,1.0,4.0,1.0,1.0,3.0,600.0,400.0,7.0,6.0,4.0,3.0,0.0,,1.0,2.0,3.0,0.0,,,0.0,,,6.0,media\1524823446440.jpg,1.0,uuid:576d33a5-e205-411e-ae9b-7ad03c97f91b,1.0,,,,,28 Jan 2021,2021-01-28,1.0,78.0,,,,,,,,,,,,,,,,,,,,N.U.
,2018-04-28,uuid:586fa3bf-6ec6-4a07-891c-65b543159a4d,2018-04-28 08:32:21,2018-04-28 14:56:43,1,,,,107.0,107.0,1.0,24.0,LUALUA,,,1.0,,0.0,2007.0,Katoka,Mpokolo,1.0,4.0,DIBAYA,27.0,,,.,30000.0,7000.0,0.0,0.0,0.0,0.0,0.0,0.0,1.0,2.0,3.0,3.0,OK,1.0,1.0,0.0,1.0,OK,2.0,2.0,OK,2.0,2.0,08:32:22,08:32:22,5.0,3.0,3.0,3.0,2.0,2.0,2.0,2.0,1.0,2.0,2.0,4.0,8.0,4.0,1.0,1.0,7.0,1.0,1.0,1.0,,1.0,4.0,3.0,2.0,2.0,2.0,4.0,1.0,1.0,2.0,200.0,800.0,7.0,5.0,3.0,2.0,0.0,,0.0,0.0,3.0,0.0,,,0.0,,,4.0,media\1524920156352.jpg,1.0,uuid:586fa3bf-6ec6-4a07-891c-65b543159a4d,1.0,,,,,28 Jan 2021,2021-01-28,1.0,79.0,,,,,,,,,,,,,,,,,,,,N.U.
,2018-04-28,uuid:5801faa7-fa03-432b-b84a-fc131a57b08a,2018-04-28 14:57:49,2018-04-28 15:37:22,1,,,,105.0,105.0,1.0,34.0,LUALUA,,,11.0,,0.0,2000.0,Kananga,Plateau,1.0,4.0,DIBAYA,20.0,,,.,300000.0,43000.0,1.0,0.0,1.0,0.0,0.0,0.0,0.0,4.0,4.0,4.0,OK,1.0,1.0,1.0,1.0,OK,2.0,2.0,OK,1.0,2.0,14:57:50,14:57:50,3.0,3.0,3.0,1.0,2.0,1.0,1.0,3.0,2.0,2.0,2.0,1.0,1.0,1.0,1.0,1.0,1.0,1.0,1.0,0.0,1.0,1.0,1.0,1.0,1.0,1.0,1.0,3.0,1.0,1.0,1.0,500.0,500.0,10.0,8.0,6.0,4.0,0.0,,1.0,4.0,4.0,0.0,,,0.0,,,6.0,media\1524922595163.jpg,1.0,uuid:5801faa7-fa03-432b-b84a-fc131a57b08a,1.0,,,,,28 Jan 2021,2021-01-28,1.0,80.0,,,,,,,,,,,,,,,,,,,,N.U.
,2018-04-30,uuid:2de4855c-ee0b-421a-aa93-f0d1fa049294,2018-04-30 15:01:47,2018-04-30 15:45:34,1,,,,96.0,96.0,2.0,24.0,LUALUA,,,12.0,,1.0,,Katoka,Tukombe,1.0,4.0,KAZUMBA,27.0,,,.,250000.0,10000.0,1.0,0.0,1.0,1.0,1.0,0.0,0.0,7.0,4.0,5.0,OK,1.0,1.0,0.0,1.0,OK,2.0,2.0,OK,1.0,1.0,15:01:48,15:01:48,3.0,3.0,3.0,3.0,2.0,2.0,4.0,1.0,1.0,2.0,2.0,2.0,1.0,1.0,3.0,1.0,1.0,1.0,1.0,0.0,1.0,2.0,4.0,4.0,4.0,2.0,1.0,6.0,2.0,2.0,2.0,500.0,500.0,10.0,8.0,6.0,4.0,0.0,,1.0,2.0,2.0,0.0,,,0.0,,,,media\1525095871663.jpg,1.0,uuid:2de4855c-ee0b-421a-aa93-f0d1fa049294,1.0,,,,,28 Jan 2021,2021-01-28,1.0,84.0,,,,,,,,,,,,,,,,,,,,N.U.
,2018-04-30,uuid:c0bb8a71-f4a8-4868-b813-895359d250d4,2018-04-30 10:11:52,2018-04-30 11:02:05,1,,,,109.0,109.0,1.0,23.0,LUALUA,,,12.0,,0.0,2006.0,Katoka,Kele kele,1.0,4.0,KAZUMBA,0.0,,9.0,.,55000.0,35000.0,0.0,0.0,0.0,0.0,0.0,0.0,1.0,0.0,4.0,4.0,OK,1.0,1.0,0.0,1.0,OK,3.0,3.0,OK,3.0,3.0,10:11:53,10:11:53,3.0,3.0,3.0,3.0,1.0,1.0,2.0,1.0,2.0,2.0,1.0,2.0,3.0,3.0,3.0,7.0,3.0,3.0,3.0,0.0,1.0,1.0,1.0,3.0,1.0,1.0,1.0,4.0,1.0,1.0,1.0,400.0,600.0,10.0,5.0,4.0,3.0,0.0,,2.0,0.0,3.0,1.0,3.0,,1.0,8.0,,6.0,media\1525078872836.jpg,1.0,uuid:c0bb8a71-f4a8-4868-b813-895359d250d4,1.0,,,,,28 Jan 2021,2021-01-28,1.0,83.0,,,,,,,,,,,,,,,,,,,,N.U.
,2018-04-30,uuid:45b7e49c-0d35-4963-a969-6c0aec4af364,2018-04-30 09:11:14,2018-04-30 10:09:56,1,,,,108.0,108.0,1.0,25.0,LUALUA,,,12.0,,0.0,2002.0,Katoka,Kapanda,1.0,4.0,KAMONIA,27.0,,,.,50000.0,10000.0,0.0,0.0,1.0,0.0,0.0,0.0,0.0,2.0,4.0,5.0,OK,1.0,1.0,0.0,0.0,OK,2.0,2.0,OK,1.0,1.0,09:11:15,09:11:15,5.0,3.0,3.0,2.0,2.0,1.0,2.0,2.0,3.0,3.0,1.0,2.0,8.0,1.0,8.0,2.0,1.0,8.0,2.0,0.0,4.0,2.0,3.0,3.0,1.0,1.0,2.0,4.0,1.0,1.0,1.0,500.0,500.0,5.0,2.0,1.0,0.0,,Il était là comme stagiaire,0.0,3.0,,0.0,,,0.0,,,9999.0,media\1525075747137.jpg,1.0,uuid:45b7e49c-0d35-4963-a969-6c0aec4af364,1.0,,,,,28 Jan 2021,2021-01-28,1.0,82.0,,,,,,,,,,,,,,,,,,,,N.U.
,2018-04-30,uuid:2d6b462f-af46-4033-bcc0-76da2fde2371,2018-04-30 15:46:15,2018-04-30 16:17:49,1,,,,110.0,110.0,2.0,24.0,LUALUA,,,3.0,,1.0,,Kananga,Kamayi,1.0,4.0,DIBAYA,27.0,,,.,250000.0,20000.0,0.0,0.0,1.0,0.0,1.0,0.0,0.0,6.0,4.0,4.0,OK,1.0,1.0,0.0,0.0,OK,3.0,3.0,OK,2.0,2.0,15:46:15,15:46:15,3.0,3.0,4.0,1.0,2.0,2.0,4.0,4.0,3.0,4.0,4.0,2.0,1.0,2.0,1.0,2.0,2.0,2.0,2.0,0.0,2.0,2.0,4.0,4.0,3.0,2.0,1.0,4.0,2.0,2.0,3.0,500.0,500.0,5.0,3.0,2.0,1.0,0.0,,1.0,1.0,1.0,0.0,,,0.0,,,2.0,media\1525097824689.jpg,1.0,uuid:2d6b462f-af46-4033-bcc0-76da2fde2371,1.0,,,,,28 Jan 2021,2021-01-28,1.0,85.0,,,,,,,,,,,,,,,,,,,,N.U.
,2018-05-02,uuid:70739033-b16c-48ab-a5ee-8be6ad757051,2018-05-02 13:45:18,2018-05-02 14:35:53,1,,,,100.0,100.0,2.0,20.0,LUALUA,,,3.0,,1.0,,Kananga,Tshisambi,0.0,4.0,DIBAYA,29.0,,,.,98400.0,32400.0,0.0,0.0,1.0,1.0,0.0,0.0,0.0,8.0,2.0,3.0,OK,1.0,0.0,0.0,1.0,OK,3.0,3.0,OK,1.0,1.0,13:45:18,13:45:18,3.0,3.0,2.0,3.0,2.0,2.0,4.0,4.0,2.0,2.0,2.0,1.0,1.0,2.0,1.0,2.0,1.0,7.0,2.0,0.0,4.0,2.0,2.0,2.0,2.0,1.0,1.0,4.0,2.0,2.0,2.0,500.0,500.0,8.0,7.0,6.0,5.0,0.0,,0.0,4.0,3.0,1.0,3.0,,1.0,4.0,,4.0,media\1525264445361.jpg,2.0,uuid:70739033-b16c-48ab-a5ee-8be6ad757051,1.0,,,,,28 Jan 2021,2021-01-28,1.0,86.0,,,,,,,,,,,,,,,,,,,,N.U.
,2018-05-03,uuid:518d034b-a6ef-4a16-8201-31de96208c59,2018-05-03 10:29:18,2018-05-03 11:24:43,1,,,,99.0,99.0,2.0,57.0,LUALUA,,,1.0,,0.0,1965.0,Katoka,Mpokolo,1.0,4.0,DIBAYA,6.0,,,.,150000.0,100000.0,1.0,0.0,1.0,1.0,1.0,1.0,0.0,11.0,2.0,2.0,OK,1.0,0.0,1.0,0.0,OK,1.0,1.0,OK,3.0,3.0,10:29:18,10:29:18,5.0,5.0,3.0,3.0,2.0,2.0,3.0,4.0,2.0,2.0,2.0,2.0,1.0,2.0,1.0,1.0,1.0,8.0,2.0,0.0,4.0,2.0,4.0,4.0,1.0,1.0,1.0,4.0,1.0,1.0,2.0,400.0,600.0,6.0,5.0,4.0,3.0,,Ordonatrice,9.0,1.0,1.0,1.0,,Mon fils,1.0,,Mon marie,4.0,media\1525339400699.jpg,2.0,uuid:518d034b-a6ef-4a16-8201-31de96208c59,1.0,,,,,28 Jan 2021,2021-01-28,1.0,88.0,,,,,,,,,,,,,,,,,,,,N.U.
,2018-05-03,uuid:fd9cb641-543d-41c3-a88d-245d615b2f42,2018-05-03 08:31:05,2018-05-03 08:56:31,1,,,,101.0,101.0,1.0,26.0,LUALUA,,,2.0,,0.0,2000.0,Kananga,Plateaux,1.0,4.0,DIBAYA,27.0,,,.,150000.0,40000.0,1.0,0.0,1.0,1.0,1.0,1.0,0.0,2.0,4.0,5.0,OK,1.0,1.0,1.0,1.0,OK,1.0,1.0,OK,1.0,1.0,08:31:06,08:31:06,5.0,3.0,4.0,3.0,2.0,2.0,2.0,2.0,2.0,2.0,2.0,2.0,3.0,3.0,3.0,8.0,8.0,1.0,2.0,0.0,4.0,2.0,4.0,4.0,2.0,4.0,2.0,4.0,2.0,1.0,1.0,300.0,700.0,5.0,4.0,2.0,1.0,,Verficatrice,2.0,4.0,4.0,0.0,,,1.0,3.0,,6.0,media\1525330544965.jpg,1.0,uuid:fd9cb641-543d-41c3-a88d-245d615b2f42,1.0,,,,,28 Jan 2021,2021-01-28,1.0,87.0,,,,,,,,,,,,,,,,,,,,N.U.
,2018-05-04,uuid:fd3158a7-7dcf-47b7-a6c3-35fe81344d20,2018-05-04 08:33:59,2018-05-04 10:48:18,1,,,,86.0,86.0,1.0,27.0,LUALUA,,,12.0,,0.0,2001.0,Ndesha,Lubuwa,1.0,4.0,DEMBA,27.0,,,.,164000.0,50000.0,0.0,0.0,1.0,0.0,0.0,0.0,0.0,6.0,4.0,4.0,OK,1.0,1.0,1.0,1.0,OK,2.0,1.0,OK,1.0,1.0,08:33:59,08:33:59,3.0,5.0,3.0,3.0,1.0,1.0,1.0,1.0,1.0,1.0,1.0,1.0,2.0,3.0,3.0,8.0,3.0,3.0,3.0,1.0,,1.0,2.0,2.0,1.0,1.0,2.0,3.0,1.0,1.0,1.0,500.0,500.0,10.0,8.0,7.0,6.0,,Récepteur,2.0,0.0,3.0,0.0,,,0.0,,,2.0,media\1525423612469.jpg,1.0,uuid:fd3158a7-7dcf-47b7-a6c3-35fe81344d20,1.0,,,,,28 Jan 2021,2021-01-28,1.0,89.0,,,,,,,,,,,,,,,,,,,,N.U.
,2018-05-21,uuid:f58442c0-eb52-4614-a959-b38d1b723eb0,2018-05-21 16:11:25,2018-05-21 17:30:51,1,,,,122.0,122.0,2.0,22.0,BINDI,,,3.0,,0.0,2012.0,Kananga,Bianky,1.0,4.0,KAZUMBA,27.0,,,.,65000.0,21000.0,0.0,1.0,1.0,1.0,0.0,0.0,0.0,4.0,4.0,2.0,OK,1.0,0.0,1.0,0.0,OK,3.0,3.0,OK,2.0,3.0,17:30:14,17:30:14,5.0,5.0,1.0,2.0,2.0,2.0,4.0,4.0,2.0,2.0,4.0,4.0,2.0,2.0,3.0,2.0,3.0,3.0,2.0,0.0,4.0,1.0,4.0,4.0,2.0,1.0,1.0,4.0,2.0,2.0,2.0,800.0,200.0,7.0,6.0,5.0,4.0,,0,0.0,0.0,4.0,0.0,,,0.0,,,3.0,media\1526914297966.jpg,1.0,uuid:f58442c0-eb52-4614-a959-b38d1b723eb0,2.0,,,,,28 Jan 2021,2021-01-28,1.0,97.0,,,,,,,,,,,,,,,,,,,,N.U.
,2018-05-21,uuid:584cfc35-b8c5-4906-843e-e2c567070e2a,2018-05-21 16:38:20,2018-05-21 17:17:35,1,,,,120.0,120.0,1.0,34.0,BINDI,,,12.0,,0.0,2018.0,Katoka,Mpokolo,1.0,4.0,KAZUMBA,,Travailler pour la ceni,,.,320000.0,32000.0,0.0,0.0,0.0,0.0,0.0,0.0,1.0,3.0,4.0,5.0,OK,1.0,1.0,0.0,1.0,OK,3.0,3.0,OK,1.0,1.0,16:38:20,16:38:20,5.0,3.0,1.0,3.0,2.0,2.0,2.0,1.0,2.0,2.0,1.0,2.0,3.0,1.0,3.0,1.0,4.0,1.0,1.0,0.0,4.0,1.0,2.0,2.0,1.0,1.0,2.0,4.0,1.0,1.0,3.0,500.0,500.0,8.0,6.0,5.0,4.0,0.0,,0.0,2.0,,0.0,,,0.0,,,9999.0,media\1526915793806.jpg,1.0,uuid:584cfc35-b8c5-4906-843e-e2c567070e2a,1.0,,,,,28 Jan 2021,2021-01-28,1.0,99.0,,,,,,,,,,,,,,,,,,,,N.U.
,2018-05-21,uuid:1e1a6c9a-d8c0-4d9b-a8ca-0042b29fe7ac,2018-05-21 15:56:17,2018-05-21 16:37:31,1,,,,117.0,117.0,1.0,37.0,BINDI,,,12.0,,0.0,1987.0,Kananga,Malandji,1.0,4.0,KAZUMBA,25.0,,,.,90000.0,21000.0,1.0,0.0,0.0,1.0,0.0,0.0,0.0,1.0,3.0,4.0,OK,1.0,1.0,0.0,1.0,OK,2.0,2.0,OK,1.0,1.0,15:56:17,15:56:17,5.0,5.0,3.0,3.0,2.0,2.0,2.0,3.0,2.0,2.0,2.0,1.0,1.0,3.0,1.0,1.0,3.0,1.0,1.0,0.0,4.0,1.0,2.0,2.0,1.0,1.0,2.0,4.0,1.0,1.0,1.0,300.0,700.0,7.0,5.0,3.0,2.0,0.0,,1.0,0.0,4.0,0.0,,,1.0,3.0,,9999.0,media\1526913387579.jpg,2.0,uuid:1e1a6c9a-d8c0-4d9b-a8ca-0042b29fe7ac,1.0,,,,,28 Jan 2021,2021-01-28,1.0,96.0,,,,,,,,,,,,,,,,,,,,N.U.
,2018-05-21,uuid:42ce0977-0346-4443-921c-d937e4a038c0,2018-05-21 13:56:28,2018-05-21 14:34:52,1,,,,112.0,112.0,1.0,26.0,BINDI,,,1.0,,0.0,2008.0,Kananga,Malandji,1.0,4.0,KAZUMBA,4.0,,,.,300000.0,32000.0,1.0,0.0,1.0,1.0,0.0,0.0,0.0,2.0,4.0,5.0,OK,1.0,0.0,0.0,1.0,OK,2.0,2.0,OK,2.0,2.0,13:56:29,13:56:29,3.0,3.0,4.0,3.0,2.0,2.0,2.0,1.0,2.0,2.0,1.0,2.0,1.0,8.0,1.0,1.0,4.0,1.0,1.0,0.0,1.0,3.0,1.0,1.0,1.0,1.0,2.0,4.0,1.0,1.0,1.0,800.0,200.0,9.0,7.0,6.0,5.0,0.0,,3.0,3.0,2.0,0.0,,,1.0,3.0,,6.0,media\1526906039064.jpg,1.0,uuid:42ce0977-0346-4443-921c-d937e4a038c0,1.0,,,,,28 Jan 2021,2021-01-28,1.0,91.0,,,,,,,,,,,,,,,,,,,,N.U.
,2018-05-21,uuid:b80958ac-a3c2-40b6-bb3a-4e01e682dde6,2018-05-21 14:54:56,2018-05-21 15:31:13,1,,,,114.0,114.0,1.0,25.0,BINDI,,,3.0,,0.0,2010.0,Katoka,Mpokolo,1.0,4.0,KAZUMBA,0.0,,30.0,.,23000.0,8000.0,0.0,0.0,1.0,0.0,0.0,0.0,0.0,2.0,4.0,3.0,OK,1.0,1.0,0.0,1.0,OK,2.0,2.0,OK,1.0,1.0,14:54:58,14:54:58,4.0,5.0,4.0,3.0,1.0,1.0,2.0,2.0,2.0,2.0,1.0,1.0,1.0,1.0,1.0,1.0,3.0,1.0,1.0,0.0,2.0,1.0,3.0,3.0,2.0,1.0,1.0,4.0,1.0,1.0,3.0,300.0,700.0,4.0,3.0,3.0,1.0,0.0,,0.0,9.0,3.0,0.0,,,0.0,,,4.0,media\1526909358268.jpg,1.0,uuid:b80958ac-a3c2-40b6-bb3a-4e01e682dde6,1.0,,,,,28 Jan 2021,2021-01-28,1.0,93.0,,,,,,,,,,,,,,,,1.0,,,1.0,N.U.
,2018-05-21,uuid:a5543a17-0ef0-4d31-b465-4225be30dcab,2018-05-21 15:31:44,2018-05-21 16:17:49,1,,,,116.0,116.0,2.0,24.0,KUBA,4.0,,12.0,,1.0,,Kananga,Biancky,1.0,4.0,MWEKA,30.0,,,.,40000.0,5000.0,0.0,0.0,1.0,1.0,1.0,0.0,0.0,3.0,4.0,3.0,OK,1.0,1.0,0.0,1.0,OK,3.0,3.0,OK,2.0,2.0,15:31:45,15:31:45,3.0,3.0,3.0,3.0,2.0,4.0,4.0,2.0,3.0,4.0,4.0,4.0,2.0,1.0,1.0,2.0,2.0,,2.0,0.0,4.0,1.0,3.0,1.0,1.0,1.0,1.0,2.0,1.0,2.0,2.0,700.0,300.0,6.0,4.0,3.0,2.0,,Elle ne travaille pas à la DGRKOC,0.0,3.0,1.0,0.0,,,0.0,,,9999.0,media\1526912209952.jpg,1.0,uuid:a5543a17-0ef0-4d31-b465-4225be30dcab,1.0,,,,,28 Jan 2021,2021-01-28,1.0,95.0,,,,,,,,,,,,,,,,,,,,N.U.
,2018-05-21,uuid:1f5de587-4605-4f4e-ae53-3d9559cc5bbd,2018-05-21 16:20:35,2018-05-21 17:05:42,1,,,,119.0,119.0,2.0,20.0,LUNTU,,Bakua tshibasu,3.0,,0.0,2005.0,Kananga, Malandji,1.0,4.0,DIMBELENGE,0.0,,6.0,.,150000.0,35000.0,0.0,0.0,1.0,1.0,0.0,1.0,0.0,2.0,4.0,3.0,OK,1.0,1.0,1.0,1.0,OK,1.0,1.0,OK,1.0,1.0,16:20:37,16:20:37,3.0,4.0,2.0,3.0,1.0,2.0,4.0,2.0,2.0,4.0,1.0,4.0,2.0,3.0,1.0,1.0,3.0,2.0,1.0,0.0,4.0,1.0,1.0,1.0,1.0,1.0,2.0,4.0,1.0,1.0,3.0,900.0,100.0,8.0,6.0,4.0,2.0,0.0,,0.0,8.0,3.0,0.0,,,0.0,,,9999.0,media\1526915078920.jpg,1.0,uuid:1f5de587-4605-4f4e-ae53-3d9559cc5bbd,1.0,,,,,28 Jan 2021,2021-01-28,1.0,98.0,,,,,,,,,,,,,,,,,,,,N.U.
,2018-05-21,uuid:36dbc405-8c78-4b3d-a5c8-d6aba6b31f3b,2018-05-21 14:37:18,2018-05-21 15:19:35,1,,,,113.0,113.0,1.0,36.0,LUALUA,,,12.0,,0.0,1995.0,Katoka,Katoka2,1.0,4.0,KAZUMBA,12.0,,,.,564000.0,220000.0,0.0,0.0,1.0,1.0,0.0,0.0,0.0,3.0,4.0,5.0,OK,1.0,1.0,0.0,0.0,OK,3.0,3.0,OK,2.0,2.0,14:37:18,14:37:18,3.0,3.0,1.0,3.0,2.0,1.0,4.0,2.0,1.0,3.0,1.0,1.0,1.0,1.0,1.0,1.0,1.0,1.0,1.0,0.0,1.0,2.0,2.0,2.0,1.0,1.0,2.0,5.0,3.0,1.0,3.0,200.0,800.0,10.0,9.0,6.0,3.0,0.0,,0.0,5.0,2.0,0.0,,,0.0,,,,media\1526908684572.jpg,2.0,uuid:36dbc405-8c78-4b3d-a5c8-d6aba6b31f3b,2.0,,,,,28 Jan 2021,2021-01-28,1.0,92.0,,,,,,,,,,,,,,,,,,,,N.U.
,2018-05-21,uuid:acd7c7e6-9c34-4730-b887-ee35efc0720b,2018-05-21 13:22:42,2018-05-21 13:54:52,1,,,,111.0,111.0,1.0,23.0,LUALUA,,,1.0,,1.0,,Katoka,Mpokolo,1.0,4.0,DIBAYA,4.0,,,.,250000.0,3000.0,0.0,0.0,0.0,0.0,0.0,0.0,1.0,3.0,2.0,2.0,OK,1.0,0.0,1.0,0.0,OK,2.0,2.0,OK,2.0,2.0,13:22:42,13:22:42,5.0,5.0,3.0,3.0,2.0,2.0,2.0,2.0,2.0,2.0,2.0,3.0,8.0,2.0,1.0,1.0,1.0,8.0,2.0,0.0,1.0,3.0,2.0,1.0,1.0,1.0,2.0,4.0,3.0,2.0,2.0,600.0,400.0,5.0,2.0,1.0,0.0,0.0,,0.0,1.0,2.0,1.0,3.0,,1.0,,Beau frère,9999.0,media\1526903654525.jpg,2.0,uuid:acd7c7e6-9c34-4730-b887-ee35efc0720b,1.0,,,,,28 Jan 2021,2021-01-28,1.0,90.0,,,,,,,,,,,,,,,,,,,,N.U.
,2018-05-21,uuid:a9d8fddd-7e65-4766-8fb9-10cd164e16c8,2018-05-21 16:55:11,2018-05-21 17:23:32,1,,,,121.0,121.0,1.0,26.0,LUBA,13.0,,1.0,,1.0,,Kananga,Malandji,1.0,5.0,TSHILENGE,22.0,,,.,648000.0,48600.0,1.0,0.0,1.0,1.0,0.0,0.0,0.0,1.0,4.0,3.0,OK,1.0,1.0,1.0,1.0,OK,3.0,3.0,OK,2.0,2.0,16:55:12,16:55:12,5.0,3.0,4.0,3.0,2.0,2.0,2.0,2.0,2.0,2.0,2.0,2.0,1.0,1.0,1.0,1.0,1.0,1.0,1.0,0.0,1.0,2.0,3.0,2.0,2.0,1.0,3.0,4.0,2.0,2.0,2.0,500.0,500.0,7.0,5.0,4.0,3.0,,Jamais a la dgrkocc,0.0,0.0,1.0,0.0,,,0.0,,,9999.0,media\1526916061858.jpg,1.0,uuid:a9d8fddd-7e65-4766-8fb9-10cd164e16c8,1.0,,,,,28 Jan 2021,2021-01-28,1.0,100.0,,,,,,,,,,,,,,,,,,,,N.U.
,2018-05-21,uuid:e33e8ade-28a6-4bd5-9cbf-3efed4e96e0f,2018-05-21 15:20:54,2018-05-21 15:55:28,1,,,,115.0,115.0,1.0,50.0,BINDI,,,1.0,,0.0,2011.0,Katoka,Mpokolo,1.0,4.0,KAZUMBA,17.0,,,.,250000.0,45000.0,0.0,0.0,1.0,1.0,1.0,0.0,0.0,8.0,3.0,4.0,OK,1.0,1.0,1.0,1.0,OK,1.0,1.0,OK,1.0,1.0,15:20:54,15:20:54,3.0,4.0,3.0,3.0,2.0,1.0,1.0,1.0,1.0,1.0,1.0,1.0,8.0,3.0,2.0,2.0,3.0,2.0,2.0,0.0,1.0,1.0,1.0,1.0,1.0,1.0,4.0,3.0,1.0,1.0,3.0,1000.0,0.0,10.0,6.0,3.0,2.0,0.0,,2.0,2.0,3.0,0.0,,,0.0,,,9999.0,media\1526910856884.jpg,2.0,uuid:e33e8ade-28a6-4bd5-9cbf-3efed4e96e0f,1.0,,,,,28 Jan 2021,2021-01-28,1.0,94.0,,,,,,,,,,,,,,,,,,,,N.U.
,2018-05-22,uuid:16ab6c6f-20f7-4b06-b849-e5524bee5602,2018-05-22 16:48:33,2018-05-22 17:28:25,1,,,,126.0,126.0,1.0,32.0,BINDI,,,,Mooniste,0.0,2008.0,Kananga,Malandji,1.0,4.0,KAZUMBA,4.0,,,.,459200.0,280000.0,0.0,0.0,1.0,0.0,0.0,1.0,0.0,1.0,4.0,5.0,OK,1.0,1.0,0.0,1.0,OK,3.0,3.0,OK,3.0,3.0,16:48:34,16:48:34,5.0,3.0,4.0,3.0,2.0,2.0,2.0,2.0,2.0,2.0,2.0,2.0,2.0,2.0,2.0,2.0,2.0,2.0,2.0,1.0,,4.0,1.0,1.0,1.0,1.0,1.0,1.0,1.0,1.0,3.0,1000.0,0.0,10.0,8.0,7.0,5.0,0.0,,0.0,6.0,4.0,0.0,,,0.0,,,9999.0,media\1527002854424.jpg,1.0,uuid:16ab6c6f-20f7-4b06-b849-e5524bee5602,1.0,,,,,28 Jan 2021,2021-01-28,1.0,104.0,,,,,,,,,,,,,,,,,,,,N.U.
,2018-05-22,uuid:1082dae7-cf9f-46a0-a576-fd49b38ecd0a,2018-05-22 11:27:51,2018-05-22 12:01:36,1,,,,123.0,123.0,1.0,22.0,LUALUA,,,12.0,,1.0,,Kananga,Malandji,1.0,4.0,DIMBELENGE,4.0,,,.,20000.0,5000.0,0.0,0.0,1.0,0.0,0.0,0.0,0.0,0.0,2.0,3.0,OK,1.0,1.0,0.0,0.0,OK,3.0,3.0,OK,3.0,3.0,11:27:51,11:27:51,3.0,3.0,3.0,3.0,2.0,2.0,3.0,3.0,3.0,3.0,2.0,1.0,8.0,8.0,8.0,2.0,8.0,8.0,2.0,0.0,1.0,1.0,1.0,1.0,1.0,1.0,2.0,4.0,1.0,1.0,2.0,1000.0,0.0,6.0,5.0,4.0,3.0,0.0,,0.0,0.0,4.0,0.0,,,0.0,,,9999.0,media\1526983212433.jpg,2.0,uuid:1082dae7-cf9f-46a0-a576-fd49b38ecd0a,1.0,,,,,28 Jan 2021,2021-01-28,1.0,101.0,,,,,,,,,,,,,,,,,,,,N.U.
,2018-05-22,uuid:a9576332-6a7a-41bd-a328-84e8a942d384,2018-05-22 12:02:25,2018-05-22 12:53:41,1,,,,124.0,124.0,1.0,32.0,BINDI,,,12.0,,1.0,,Katoka,Kapanda,0.0,4.0,KAZUMBA,12.0,,,.,374000.0,136500.0,0.0,0.0,1.0,0.0,0.0,1.0,0.0,3.0,3.0,4.0,OK,1.0,1.0,0.0,1.0,OK,2.0,2.0,OK,2.0,2.0,12:02:26,12:02:26,5.0,5.0,1.0,3.0,1.0,2.0,2.0,2.0,2.0,2.0,2.0,1.0,1.0,3.0,1.0,1.0,7.0,1.0,1.0,0.0,4.0,1.0,1.0,1.0,1.0,1.0,,1.0,1.0,1.0,3.0,800.0,200.0,6.0,5.0,4.0,1.0,0.0,,0.0,3.0,3.0,0.0,,,0.0,,,9999.0,media\1526986351260.jpg,2.0,uuid:a9576332-6a7a-41bd-a328-84e8a942d384,1.0,,,,,28 Jan 2021,2021-01-28,1.0,102.0,,,,,,,,,,,,,,,,,,,,N.U.
,2018-05-22,uuid:5899215c-83da-4387-8f64-aced73d64df5,2018-05-22 14:14:37,2018-05-22 15:06:40,1,,,,125.0,125.0,1.0,31.0,BINDI,,,3.0,,0.0,2009.0,Kananga,Tshisambi,1.0,4.0,KAZUMBA,9.0,,,.,40000.0,5000.0,1.0,0.0,1.0,1.0,1.0,0.0,0.0,1.0,4.0,5.0,OK,1.0,0.0,0.0,0.0,OK,3.0,3.0,OK,2.0,2.0,14:14:38,14:14:38,4.0,3.0,1.0,2.0,1.0,2.0,4.0,2.0,2.0,2.0,2.0,3.0,1.0,2.0,2.0,2.0,3.0,1.0,2.0,1.0,,1.0,1.0,1.0,1.0,1.0,3.0,1.0,1.0,1.0,3.0,900.0,100.0,8.0,5.0,4.0,2.0,0.0,,0.0,0.0,2.0,0.0,,,0.0,,,6.0,media\1526994286056.jpg,1.0,uuid:5899215c-83da-4387-8f64-aced73d64df5,1.0,,,,,28 Jan 2021,2021-01-28,1.0,103.0,,,,,,,,,,,,,,,,,,,,N.U.
,2018-11-06,uuid:236a70ed-9406-435f-8a2f-6bf06e357689,2018-11-06 15:46:38,2018-11-06 16:29:28,1,,,,128.0,128.0,1.0,27.0,LULUWA,44.0,,12.0,,1.0,,Kananga,Plateau,1.0,4.0,DIBAYA,27.0,,,,200000.0,20000.0,0.0,0.0,1.0,1.0,1.0,0.0,0.0,7.0,4.0,5.0,OK,1.0,1.0,0.0,0.0,OK,2.0,2.0,OK,1.0,1.0,.,.,5.0,3.0,3.0,3.0,1.0,2.0,2.0,2.0,3.0,3.0,1.0,3.0,2.0,1.0,1.0,1.0,1.0,1.0,1.0,1.0,,1.0,,1.0,1.0,1.0,3.0,4.0,1.0,1.0,2.0,700.0,300.0,5.0,4.0,4.0,3.0,,NU,0.0,1.0,1.0,0.0,,.,1.0,4.0,.,6.0,media\1541518133808-2.jpg,1.0,uuid:236a70ed-9406-435f-8a2f-6bf06e357689,,,,,,28 Jan 2021,2021-01-28,1.0,108.0,,,,,,,,,,,,,,,,1.0,,,1.0,N.U.
,2018-11-06,uuid:f1efdcf2-788a-4b42-ad1a-da027a9dea4a,2018-11-06 13:50:39,2018-11-06 14:33:58,1,,,,129.0,129.0,1.0,22.0,LULUWA,44.0,,1.0,,1.0,,Katoka,Mpokolo,1.0,4.0,DIBAYA,27.0,,,,400000.0,70000.0,1.0,0.0,1.0,1.0,1.0,1.0,0.0,8.0,4.0,5.0,OK,1.0,1.0,0.0,1.0,OK,2.0,2.0,OK,1.0,1.0,.,.,4.0,5.0,3.0,3.0,1.0,1.0,1.0,1.0,1.0,1.0,1.0,2.0,1.0,2.0,1.0,2.0,1.0,1.0,2.0,1.0,,2.0,1.0,1.0,1.0,1.0,1.0,3.0,1.0,1.0,1.0,700.0,300.0,0.0,0.0,0.0,0.0,,NU,0.0,6.0,1.0,0.0,,.,0.0,,.,4.0,media\1541511173868-2.jpg,1.0,uuid:f1efdcf2-788a-4b42-ad1a-da027a9dea4a,,,,,,28 Jan 2021,2021-01-28,1.0,105.0,,,,,,,,,,,,,1.0,1.0,1.0,1.0,1.0,1.0,1.0,N.U.
,2018-11-06,uuid:fd201e82-9263-4cbd-8b4b-9444ffb4a279,2018-11-06 15:53:39,2018-11-06 16:19:41,1,,,,130.0,130.0,1.0,31.0,LULUWA,,Bena Mukadi,3.0,,0.0,2006.0,Kananga,Malandji,1.0,4.0,KAZUMBA,24.0,,,,100000.0,10000.0,0.0,0.0,1.0,0.0,0.0,0.0,0.0,4.0,3.0,6.0,OK,1.0,1.0,0.0,1.0,OK,3.0,2.0,OK,2.0,2.0,.,.,5.0,5.0,4.0,3.0,2.0,2.0,1.0,2.0,1.0,1.0,1.0,1.0,1.0,1.0,1.0,1.0,1.0,1.0,1.0,0.0,1.0,1.0,1.0,2.0,2.0,2.0,2.0,4.0,1.0,1.0,2.0,500.0,500.0,8.0,5.0,4.0,3.0,0.0,,0.0,0.0,1.0,0.0,,.,0.0,,.,1.0,media\1541517511171-2.jpg,1.0,uuid:fd201e82-9263-4cbd-8b4b-9444ffb4a279,,,,,,28 Jan 2021,2021-01-28,1.0,109.0,,,,,,,,,,,,,,,,,,,,N.U.
,2018-11-06,uuid:0a59e3fb-5f14-4d84-9e80-9eff2f1b2e0b,2018-11-06 16:21:04,2018-11-06 17:02:59,1,,,,132.0,132.0,1.0,24.0,BINDI,,,12.0,,1.0,,Kananga,Biancky,1.0,4.0,KAZUMBA,27.0,,,,500000.0,15000.0,0.0,0.0,1.0,0.0,0.0,0.0,0.0,3.0,4.0,5.0,OK,1.0,0.0,0.0,1.0,OK,1.0,2.0,OK,2.0,2.0,.,.,5.0,3.0,1.0,2.0,2.0,2.0,3.0,3.0,2.0,3.0,1.0,3.0,1.0,1.0,1.0,1.0,3.0,1.0,1.0,0.0,4.0,2.0,2.0,2.0,3.0,2.0,2.0,4.0,1.0,1.0,1.0,600.0,400.0,8.0,7.0,6.0,5.0,0.0,,0.0,5.0,4.0,0.0,,.,0.0,,.,6.0,media\1541519532988-2.jpg,1.0,uuid:0a59e3fb-5f14-4d84-9e80-9eff2f1b2e0b,,,,,,28 Jan 2021,2021-01-28,1.0,110.0,,,,,,,,,,,,,,,,,,,,N.U.
,2018-11-06,uuid:de227312-0c28-47cc-ad61-64c4d3c89d0b,2018-11-06 14:39:36,2018-11-06 15:40:47,1,,,,131.0,131.0,1.0,32.0,LULUWA,25.0,,1.0,,1.0,,Nganza,Nganza Nord,1.0,4.0,DIBAYA,22.0,,,,2100000.0,49000.0,0.0,0.0,0.0,0.0,0.0,0.0,1.0,4.0,4.0,2.0,OK,1.0,1.0,0.0,1.0,OK,1.0,1.0,OK,1.0,1.0,.,.,3.0,3.0,3.0,3.0,2.0,1.0,2.0,1.0,1.0,1.0,1.0,1.0,3.0,3.0,1.0,1.0,3.0,2.0,1.0,0.0,1.0,3.0,4.0,4.0,1.0,1.0,3.0,6.0,1.0,1.0,1.0,700.0,300.0,7.0,6.0,5.0,3.0,0.0,,0.0,4.0,1.0,0.0,,.,1.0,3.0,.,2.0,media\1541515202589-2.jpg,1.0,uuid:de227312-0c28-47cc-ad61-64c4d3c89d0b,,,,,,28 Jan 2021,2021-01-28,1.0,106.0,,,,,,,,,,,,,,,,,,,,N.U.
,2018-11-06,uuid:532656fa-39f9-456b-8d67-a5f1e3437073,2018-11-06 15:19:21,2018-11-06 15:50:54,1,,,,126.0,126.0,1.0,22.0,LULUWA,44.0,,1.0,,1.0,,Kananga,Plateau,1.0,4.0,DIBAYA,27.0,,,,700000.0,100000.0,0.0,0.0,1.0,1.0,1.0,0.0,0.0,3.0,4.0,4.0,OK,1.0,1.0,0.0,1.0,OK,3.0,2.0,OK,2.0,2.0,.,.,3.0,3.0,4.0,3.0,2.0,2.0,2.0,2.0,2.0,3.0,2.0,4.0,1.0,2.0,2.0,1.0,3.0,1.0,1.0,0.0,3.0,1.0,4.0,3.0,3.0,2.0,2.0,5.0,4.0,4.0,1.0,50.0,950.0,5.0,4.0,3.0,1.0,0.0,,0.0,3.0,3.0,1.0,4.0,.,0.0,,.,,media\1541515810715-2.jpg,1.0,uuid:532656fa-39f9-456b-8d67-a5f1e3437073,,,,,,28 Jan 2021,2021-01-28,1.0,107.0,,,,,,,,,,,,,,,,,,,,N.U.
,2018-11-06,uuid:30749c98-2665-49db-b0da-a0eba304e879,2018-11-06 16:33:09,2018-11-06 17:14:34,1,,,,127.0,127.0,1.0,31.0,LULUWA,,Bena diulu,3.0,,0.0,2000.0,Ndesha,Tshibandabanda,1.0,4.0,DEMBA,4.0,,,,135000.0,31500.0,0.0,0.0,1.0,0.0,0.0,1.0,0.0,3.0,3.0,6.0,OK,1.0,1.0,1.0,1.0,OK,1.0,1.0,OK,1.0,1.0,.,.,5.0,3.0,1.0,3.0,2.0,2.0,3.0,2.0,3.0,2.0,4.0,3.0,1.0,1.0,1.0,1.0,3.0,1.0,1.0,0.0,4.0,2.0,4.0,2.0,1.0,2.0,2.0,4.0,1.0,1.0,2.0,500.0,500.0,8.0,6.0,5.0,4.0,0.0,,0.0,1.0,1.0,0.0,,.,0.0,,.,4.0,media\1541520830864-2.jpg,1.0,uuid:30749c98-2665-49db-b0da-a0eba304e879,,,,,,28 Jan 2021,2021-01-28,1.0,111.0,,,,,,,,,,,,,,,,,,,,N.U.
,2019-02-25,uuid:5aef8dcc-83f7-4fc2-b698-7f65e121f8d4,2019-02-25 09:35:18,2019-02-25 10:07:27,1,,,,133.0,133.0,1.0,31.0,LULUWA,38.0,,3.0,,1.0,,Katoka,Tukombe,1.0,4.0,KAZUMBA,17.0,,,,45000.0,10000.0,0.0,0.0,1.0,0.0,0.0,0.0,0.0,6.0,4.0,5.0,OK,1.0,1.0,0.0,1.0,OK,2.0,2.0,OK,1.0,1.0,.,.,5.0,3.0,3.0,3.0,1.0,2.0,2.0,2.0,2.0,2.0,2.0,2.0,1.0,1.0,1.0,1.0,3.0,2.0,2.0,0.0,1.0,2.0,2.0,1.0,4.0,1.0,1.0,4.0,1.0,2.0,1.0,0.0,1000.0,5.0,4.0,3.0,2.0,0.0,,1.0,0.0,1.0,0.0,,.,0.0,,.,6.0,media\1551085616077-4.jpg,2.0,uuid:5aef8dcc-83f7-4fc2-b698-7f65e121f8d4,,,,,,28 Jan 2021,2021-01-28,1.0,114.0,,,,,,,,,,,,,,,,,,,,N.U.
