start,end,today,col_type,has_code,code,code2,colcheck,y3,chef_polygon,y7,born_kga,move_kga,commune,quartier,tribe,subtribe,subtribe_o,religion,religion_other,confidence_localisation,y34a,province_orig,territory_orig,occupation,occupation_other,new_inc_wk,new_inc_mo,hh_size,edu_level,edu_class,math1,math2,math3,math4,read3,read4,read6,read7,inc_mo,inc_wk,possessions_1,possessions_2,possessions_3,possessions_4,possessions_5,possessions_6,possessions_0,otheract,extern1,intrin1,introj4,goal1,introj1,extern2,intrin3,goal2,introj3,extern3,intrin2,extern4,goal3,introj2,amotiv1,amotiv2,amotiv3,k1,k2,k3,k4,pay_today,pay_today1,pay_today2,pay_2weeks,pay_2weeks2,pay_4weeks,pay_4weeks2,consci2,consci3,consci6,consci8,consci9,extrav1,extrav9,extrav2,extrav4,extrav6,optim1,optim2,optim3,loc1b,loc3b,loc7c,loc8b,loc10b,locxb,changes1,changes2,changes3,changes4,changes5,changes6,changes7,avg_time,more_time,flier_recall_1,flier_recall_2,flier_recall_3,flier_recall_4,flier_recall_5,flier_recall_6,flier_recall_88,message1,message2,message3,message4,message_imp1,message_imp2,message_imp3,message_imp4,message_imp5,message_imp6,e6a,e6b,e6c,e6g,e6d,e6e,e6h,e6f,wtp_1500,wtp_2000,wtp_2500,wtp_3000,wtp_understood2,fair_periphery,fair_mm,consult_eval1_c,consult_eval2_c,consult_eval3_c_1,consult_eval3_c_2,consult_eval3_c_3,consult_eval4_c,consult_eval5_c,consult_eval0_l,consult_eval1_l_1,consult_eval1_l_2,consult_eval1_l_3,consult_eval1_l_4,consult_eval1_l_other,consult_eval2_l,consult_eval3a_l_1,consult_eval3a_l_2,consult_eval3a_l_3,consult_eval3a_l_8888,consult_eval3b_l_1,consult_eval3b_l_2,consult_eval3b_l_3,consult_eval3b_l_8888,consult_eval3a_l_other,consult_eval3b_l_other,consult_eval4_l,consult_eval5_l,chef_v_dgrkoc_c,chef_v_dgrkoc2_c,cit_pref_col_c,cxl_c,cxl_eval_c,cxl_coord_c,cxl_power_c,cxl_money_c,cxl_revealed_c,ask_sensitize_c,cxl_l,cxl_eval_l,cxl_coord_l,cxl_power_l,cxl_money_l,cxl_revealed_l,ask_sensitize_l,hire,merite2,merite2_other,merite3,merite3_other,sleep,sleep3,drink1,k1_other,drink2,k2_other,drink3,k3_other,drink4,k4_other,drink5,drink6,red_ngo,red_state,resp1,resp2,resp3,resp4,resp5,resp6,resp7,resp8,resp_imp1,resp_imp2,red_poor,red_if,red_prog,tax_groupement,tax_territory,tax_tribe,tax_who1,tax_who2,tax_who3,tax_who4,tax_who5,tax_who6,tax_who7,report1,report2,report3,report4,provide1,provide2,provide3,provide4,provide5,provide6,provide7,state_cap1,state_cap2,trust2,trust4,trust5,trust6,trust7,gov_resp,corr14_end,b1,b2,b3,gov1_end,gov2_end,pdv1,pdv2,pdv2_other,g37j9,c18b,c19b,c26,maze3,maze4,maze6,metainstanceid,key,red_groupement,red_territory,red_tribe,part_case,chef_code,colcode,chef,dup_code,code_check,baseline,perc,non_perc,tot_complete,survey_home,date,date_f,die_gov_gain,die_pers_gain,maze_date,maze_start,maze_end,maze_time,maze_cheat
2019-03-21 08:48:03,2019-03-21 10:24:58,2019-03-21,3,1.0,6775,6775,1,1,682.0,,,,,,,,,,,,,,,,,,,,,,,,,,,,,,,,,,,,,,,0.0,1.0,3.0,3.0,5.0,3.0,1.0,3.0,3.0,3.0,3.0,3.0,3.0,5.0,3.0,4.0,2.0,2.0,2.0,1.0,1.0,1.0,,,3000.0,,,,,2.0,4.0,4.0,2.0,2.0,2.0,1.0,4.0,2.0,4.0,2.0,2.0,2.0,3.0,3.0,2.0,1.0,3.0,4.0,2.0,1.0,1.0,0.0,1.0,1.0,2.0,7.0,1.0,0.0,0.0,0.0,0.0,0.0,0.0,1.0,4.0,4.0,4.0,3.0,1.0,2.0,1.0,1.0,1.0,1.0,-1.0,0.0,6.0,2.0,0.0,0.0,0.0,0.0,5,4,4,4,1,2000.0,5000.0,,,0.0,0.0,0.0,,,,,,,,,,,,,,0.0,0.0,0.0,0.0,,,,,0.0,1.0,1.0,,,,,,,,,,,,,,,,,,,,6.0,4.0,4.0,,3.0,,4.0,,5.0,,,,5,4,0.0,3.0,2.0,0.0,2.0,2.0,2.0,2.0,3.0,1.0,3,3,2,0,0.0,0,2,2,4,2,2,4,2,3.0,4.0,1.0,2.0,2.0,7.0,3.0,2.0,5.0,1.0,1.0,0,4.0,1,1.0,2.0,1.0,1.0,1,5.0,1,2,2.0,950,50,2.0,2.0,.,OK,1,1,1,1.0,1.0,1.0,uuid:00281e93-5d11-4f7d-b8ab-a6b433baee89,uuid:00281e93-5d11-4f7d-b8ab-a6b433baee89,,,,1.0,6775.0,,A,0,1.0,0.0,1.0,0.0,1.0,0.0,28 Jan 2021,22308.0,1300,1700, 3/21/2019,12:30:00,13:01:00,00:31:00,
2019-04-11 11:00:08,2019-04-11 11:31:19,2019-04-11,4,1.0,6103074,6103074,0,1,6103.0,,,,,,,,,,,,,,,,,,,,,,,,,,,,,,,,,,,,,,,,,,,,,,,,,,,,,,,,,,,,,,,,,,,,,,,,,,,,,,,,,,,,,,,,,,,,,,,,,,,,,,,,,,,,,,,,,,,,,,,,,8,4,2,1,1,1500.0,1000.0,,,0.0,0.0,0.0,,,,,,,,,,0.0,0.0,0.0,0.0,0.0,0.0,0.0,0.0,,,,,,,,,,,,,,,,,,,,,,,,,,,,,,,,,,,,,,,5,5,0.0,3.0,2.0,0.0,0.0,0.0,0.0,0.0,1.0,3.0,3,3,2,0,0.0,0,1,3,2,1,1,1,1,2.0,3.0,1.0,4.0,3.0,3.0,3.0,2.0,3.0,3.0,2.0,1,,1,1.0,1.0,1.0,1.0,1,7.0,1,1,2.0,800,200,,,.,OK,1,1,1,,,,uuid:00313e54-b9fc-4d3d-a41b-d54f184fff0c,uuid:00313e54-b9fc-4d3d-a41b-d54f184fff0c,,,,0.0,6103074.0,,C,0,1.0,0.0,1.0,0.0,1.0,0.0,28 Jan 2021,22308.0,1700,1300,,,,,
2019-03-22 07:27:19,2019-03-22 08:04:28,2019-03-22,5,1.0,66982,66982,1,1,667.0,,,,,,,,,,,,,,,,,,,,,,,,,,,,,,,,,,,,,,,,,,,,,,,,,,,,,,,,,,,,,,,,,,,,,,,,,,,,,,,,,,,,,,,,,,,,,,,,,,,,,,,,,,,,,,,,,,,,,,,,,8,7,5,3,1,1500.0,2000.0,,,0.0,0.0,0.0,,,,,,,,,,,,,,0.0,0.0,0.0,0.0,,,,,,,,,,,,,,,,,,,,,,,,,,,,,,,,,,,,,,,5,5,3.0,2.0,3.0,3.0,3.0,3.0,3.0,3.0,3.0,1.0,3,3,2,0,0.0,0,1,1,1,1,1,1,1,4.0,3.0,1.0,2.0,1.0,2.0,2.0,2.0,4.0,1.0,1.0,0,3.0,1,3.0,3.0,2.0,2.0,4,2.0,1,1,2.0,500,500,,,.,OK,1,1,1,,,,uuid:0044a7b6-302e-47ed-9912-54fdef0a94c2,uuid:0044a7b6-302e-47ed-9912-54fdef0a94c2,,,,0.0,66982.0,,A,0,1.0,0.0,1.0,0.0,1.0,0.0,28 Jan 2021,22308.0,1600,1400,,,,,
2019-03-16 09:30:32,,2019-03-16,3,1.0,69646,69646,1,1,696.0,,,,.,.,.,,.,,,,,,.,,.,,,,,,,,,,,,,,,,0.0,0.0,0.0,0.0,0.0,0.0,0.0,1.0,1.0,1.0,3.0,3.0,1.0,1.0,4.0,5.0,3.0,1.0,3.0,3.0,4.0,3.0,1.0,2.0,2.0,1.0,1.0,1.0,1.0,2000.0,,,1000.0,,,,1.0,5.0,2.0,1.0,1.0,2.0,1.0,1.0,2.0,5.0,1.0,2.0,2.0,4.0,4.0,3.0,1.0,1.0,4.0,1.0,2.0,2.0,0.0,2.0,1.0,1.0,3.0,2.0,1.0,1.0,0.0,0.0,0.0,0.0,0.0,3.0,4.0,4.0,1.0,2.0,1.0,2.0,2.0,2.0,2.0,-1.0,0.0,5.0,0.0,0.0,0.0,0.0,0.0,8,7,8,5,1,6000.0,3500.0,,,0.0,0.0,0.0,,,,,,,,,,0.0,0.0,0.0,0.0,0.0,0.0,0.0,0.0,,,,,1.0,2.0,2.0,,,,,,,,,,,,,,,,,,,,8.0,3.0,3.0,.,2.0,.,4.0,.,4.0,,0.0,0.0,5,3,0.0,3.0,3.0,0.0,2.0,1.0,2.0,1.0,1.0,5.0,3,1,2,0,0.0,0,1,1,4,4,4,2,2,3.0,4.0,1.0,2.0,4.0,3.0,3.0,2.0,3.0,7.0,2.0,0,4.0,1,1.0,1.0,1.0,1.0,1,7.0,1,1,2.0,100,900,1.0,1.0,.,OK,1,1,1,1.0,1.0,1.0,uuid:00a7adc9-2b4d-4716-8a99-5736b97d66b1,uuid:00a7adc9-2b4d-4716-8a99-5736b97d66b1,,,,0.0,69646.0,,A,0,1.0,0.0,1.0,0.0,1.0,0.0,28 Jan 2021,22308.0,1300,1700, 3/16/2019,12:16:00,13:23:00,01:07:00,
2019-03-26 14:48:49,2019-03-26 15:37:44,2019-03-26,4,0.0,54585,54585,1,1,54585.0,55.0,1.0,,Kananga,Tshinsambi,LULUWA,46.0,,1.0,,2.0,1.0,4.0,KANANGA,4.0,,20000.0,120000.0,8.0,3.0,4.0,1.0,1.0,1.0,1.0,4.0,4.0,4.0,4.0,120000.0,20000.0,0.0,0.0,1.0,1.0,0.0,0.0,0.0,,,,,,,,,,,,,,,,,,,,,,,,,,,,,,,,,,,,,,,,,,,,,,,,,,,,,,,,,,,,,,,,,,,,,,,,,,,,,,,,,,,10,10,10,10,1,1500.0,8100.0,,,0.0,0.0,0.0,,,,,,,,,,,,,,0.0,0.0,0.0,0.0,,,,,,,,,,,,,,,,,,,,,,,,,,,,,,,,,,,,,,,5,5,2.0,1.0,2.0,2.0,2.0,2.0,2.0,2.0,1.0,3.0,3,3,2,0,0.0,0,2,3,2,2,2,2,2,4.0,3.0,1.0,2.0,3.0,3.0,3.0,3.0,3.0,3.0,3.0,1,,1,1.0,1.0,1.0,1.0,2,7.0,2,1,1.0,500,500,,,.,OK,1,1,1,,,,uuid:014e4454-2551-4636-833f-992a4b37f870,uuid:014e4454-2551-4636-833f-992a4b37f870,,,,0.0,54585.0,,C,0,1.0,1.0,1.0,0.0,1.0,0.0,28 Jan 2021,22308.0,1800,1200,,,,,
2019-03-28 07:00:23,2019-03-28 07:40:16,2019-03-28,5,1.0,3714,3714,1,1,371.0,,,,,,,,,,,,,,,,,,,,,,,,,,,,,,,,,,,,,,,,,,,,,,,,,,,,,,,,,,,,,,,,,,,,,,,,,,,,,,,,,,,,,,,,,,,,,,,,,,,,,,,,,,,,,,,,,,,,,,,,,6,3,2,1,1,1000.0,2000.0,,,0.0,0.0,0.0,,,,,,,,,,0.0,0.0,0.0,0.0,0.0,0.0,0.0,0.0,,,,,,,,,,,,,,,,,,,,,,,,,,,,,,,,,,,,,,,3,3,2.0,1.0,3.0,2.0,2.0,2.0,2.0,2.0,3.0,1.0,3,3,1,0,0.0,2,2,3,3,4,4,2,4,3.0,4.0,1.0,2.0,2.0,3.0,3.0,2.0,2.0,2.0,3.0,1,,1,1.0,1.0,1.0,1.0,1,4.0,1,1,1.0,500,500,,,.,OK,1,1,1,,,,uuid:018a02a0-311a-43d7-9f95-9d083b6b1937,uuid:018a02a0-311a-43d7-9f95-9d083b6b1937,,,,0.0,3714.0,,A,0,1.0,0.0,1.0,0.0,1.0,0.0,28 Jan 2021,22308.0,1900,1100,,,,,
2019-03-18 14:22:27,2019-03-18 16:04:41,2019-03-18,2,,69282,69282,1,1,692.0,,,,,,,,,,,,,,,,.,,,,,,,,,,,,,,,,,,,,,,,1.0,3.0,3.0,3.0,4.0,3.0,3.0,2.0,3.0,1.0,1.0,3.0,3.0,3.0,2.0,5.0,2.0,2.0,1.0,1.0,1.0,1.0,,2500.0,,,,,,2.0,4.0,4.0,2.0,2.0,4.0,2.0,5.0,4.0,4.0,2.0,4.0,2.0,3.0,4.0,5.0,1.0,1.0,3.0,1.0,1.0,1.0,0.0,1.0,1.0,0.0,4.0,2.0,0.0,0.0,0.0,0.0,1.0,1.0,0.0,4.0,2.0,3.0,0.0,1.0,1.0,1.0,1.0,1.0,1.0,2.0,0.0,2.0,-1.0,0.0,0.0,0.0,0.0,8,7,6,5,1,2000.0,6000.0,,,,,,,,0.0,,,,,,,0.0,0.0,0.0,0.0,0.0,0.0,0.0,0.0,,,0.0,,2.0,2.0,2.0,,,,,,,,0.0,,,,,,0.0,,,,,,9.0,10.0,4.0,.,2.0,,5.0,,5.0,,,,5,4,2.0,2.0,2.0,2.0,2.0,2.0,2.0,2.0,1.0,3.0,3,3,2,0,0.0,0,2,2,2,2,2,2,2,1.0,2.0,3.0,4.0,1.0,1.0,1.0,1.0,3.0,1.0,1.0,0,4.0,1,3.0,3.0,4.0,1.0,1,4.0,2,2,2.0,200,800,2.0,2.0,.,OK,1,1,1,1.0,1.0,1.0,uuid:020e31cc-14b4-41f8-be5c-bf16b143b701,uuid:020e31cc-14b4-41f8-be5c-bf16b143b701,,,,0.0,69282.0,,C,0,1.0,0.0,1.0,0.0,1.0,0.0,28 Jan 2021,22308.0,1200,1800, 3/18/2019,17:04:00,17:19:00,00:15:00,
2019-03-20 07:32:37,2019-03-20 08:08:09,2019-03-20,4,1.0,20249,20249,1,1,202.0,,,,,,,,,,,,,,,,,,,,,,,,,,,,,,,,,,,,,,,,,,,,,,,,,,,,,,,,,,,,,,,,,,,,,,,,,,,,,,,,,,,,,,,,,,,,,,,,,,,,,,,,,,,,,,,,,,,,,,,,,10,4,2,0,1,1500.0,1500.0,,,0.0,0.0,0.0,,,,,,,,,,,,,,0.0,0.0,0.0,0.0,,,,,,,,,,,,,,,,,,,,,,,,,,,,,,,,,,,,,,,3,3,0.0,3.0,2.0,0.0,2.0,2.0,2.0,2.0,3.0,1.0,4,3,2,0,0.0,0,2,2,2,2,2,2,2,3.0,4.0,1.0,2.0,1.0,2.0,2.0,2.0,2.0,2.0,2.0,1,,2,1.0,1.0,1.0,1.0,3,4.0,2,2,1.0,1000,0,,,.,OK,1,1,1,,,,uuid:0214723d-ee66-486b-8c68-7ded45136ea8,uuid:0214723d-ee66-486b-8c68-7ded45136ea8,,,,0.0,20249.0,,C,0,1.0,0.0,1.0,0.0,1.0,0.0,28 Jan 2021,22308.0,700,2300,,,,,
2019-03-13 08:50:03,2019-03-13 10:24:11,2019-03-13,1,,109,109,1,1,,,,,.,.,.,,.,,,,,,.,,.,,,,,,,,,,,,,,,,0.0,0.0,0.0,0.0,0.0,0.0,0.0,1.0,3.0,4.0,5.0,1.0,2.0,4.0,3.0,5.0,4.0,3.0,5.0,4.0,5.0,4.0,2.0,4.0,2.0,1.0,1.0,1.0,1.0,1500.0,,,1000.0,,,,2.0,4.0,2.0,2.0,4.0,2.0,2.0,2.0,5.0,4.0,2.0,2.0,2.0,3.0,4.0,4.0,1.0,1.0,1.0,2.0,1.0,2.0,1.0,1.0,2.0,2.0,6.0,2.0,1.0,1.0,1.0,1.0,1.0,1.0,0.0,3.0,3.0,4.0,4.0,2.0,1.0,2.0,1.0,2.0,2.0,1.0,-2.0,1.0,,-2.0,-1.0,,-1.0,5,3,2,1,1,,,2.0,3.0,0.0,1.0,0.0,1.0,2.0,,0.0,0.0,0.0,0.0,,,0.0,0.0,0.0,0.0,0.0,0.0,0.0,0.0,,,,,2.0,2.0,2.0,0.0,,,,,,1.0,,,,,,,,1.0,2.0,,2.0,,7.0,4.0,4.0,,5.0,,5.0,,5.0,,,,3,3,,,,,,,,,,,3,3,2,0,0.0,0,1,4,3,1,3,3,3,,,,,1.0,1.0,2.0,2.0,2.0,1.0,1.0,1,,1,2.0,1.0,1.0,2.0,2,4.0,1,1,1.0,800,200,2.0,1.0,.,,1,0,1,1.0,1.0,1.0,uuid:02232a77-8fc7-4d85-a709-433fee3053ed,uuid:02232a77-8fc7-4d85-a709-433fee3053ed,0.0,0.0,0.0,0.0,,109.0,,0,1.0,0.0,0.0,0.0,1.0,0.0,28 Jan 2021,22308.0,1600,1400, 3/13/2019,12:24:59,12:38:00,00:13:00,
2019-03-16 09:04:35,,2019-03-16,4,1.0,60895,60895,1,1,608.0,,,,.,.,.,,.,,,,,,.,,.,,,,,,,,,,,,,,,,0.0,0.0,0.0,0.0,0.0,0.0,0.0,,,,,,,,,,,,,,,,,,,,,,,,,,,,,,,,,,,,,,,,,,,,,,,,,,,,,,,,,,,,,,,,,,,,,,,,,,,,,,,,,,,10,10,10,10,1,5000.0,2500.0,,,0.0,0.0,0.0,,,,,,,,,,0.0,0.0,0.0,0.0,0.0,0.0,0.0,0.0,,,,,,,,,,,,,,,,,,,,,,,,,,,,,,.,,.,,.,,,,,5,3,0.0,3.0,2.0,0.0,2.0,2.0,2.0,0.0,3.0,1.0,3,2,2,0,-1.0,-1,1,3,4,2,3,2,2,3.0,4.0,1.0,2.0,1.0,1.0,1.0,1.0,1.0,1.0,1.0,1,,2,1.0,1.0,1.0,1.0,1,7.0,1,1,3.0,800,200,,,.,OK,0,1,1,,,,uuid:03415d87-57dd-4624-b9b9-24467e25b32e,uuid:03415d87-57dd-4624-b9b9-24467e25b32e,,,,0.0,60895.0,,C,0,1.0,0.0,1.0,0.0,1.0,0.0,28 Jan 2021,22308.0,1400,1600,,,,,
2019-03-28 08:59:53,2019-03-28 10:23:05,2019-03-28,2,1.0,32273,32273,1,1,322.0,,,,,,,,,,,,,,,,,,,,,,,,,,,,,,,,,,,,,,,1.0,1.0,4.0,2.0,3.0,4.0,5.0,2.0,1.0,5.0,4.0,3.0,5.0,4.0,3.0,1.0,2.0,2.0,1.0,1.0,1.0,1.0,,,3000.0,,,,,2.0,5.0,2.0,1.0,1.0,2.0,2.0,2.0,1.0,4.0,2.0,4.0,1.0,4.0,4.0,5.0,1.0,1.0,4.0,2.0,1.0,2.0,0.0,2.0,1.0,1.0,6.0,1.0,0.0,0.0,0.0,0.0,0.0,0.0,1.0,4.0,4.0,3.0,4.0,2.0,1.0,1.0,1.0,1.0,1.0,0.0,0.0,3.0,0.0,0.0,0.0,0.0,0.0,10,10,8,5,1,1500.0,2500.0,,,0.0,0.0,0.0,,,0.0,,,,,,,0.0,0.0,0.0,0.0,0.0,0.0,0.0,0.0,,,1.0,2.0,-1.0,1.0,-1.0,,,,,,,,1.0,3.0,2.0,2.0,2.0,4.0,,,,,,,10.0,10.0,5.0,,,Il ne sait pas,,Il ne sait pas,5.0,,,,3,3,3.0,2.0,2.0,0.0,2.0,2.0,2.0,1.0,3.0,5.0,3,3,2,0,0.0,0,1,2,4,2,2,2,2,2.0,3.0,1.0,4.0,8.0,1.0,1.0,1.0,1.0,1.0,1.0,0,1.0,1,1.0,1.0,1.0,1.0,1,4.0,1,1,1.0,1000,0,1.0,1.0,.,OK,0,0,1,1.0,1.0,0.0,uuid:037e5da8-0109-4df1-b496-26b018b384c2,uuid:037e5da8-0109-4df1-b496-26b018b384c2,,,,0.0,32273.0,,C,0,1.0,0.0,1.0,0.0,1.0,0.0,28 Jan 2021,22308.0,1700,1300,,,,,
2019-03-28 08:33:01,2019-03-28 09:51:28,2019-03-28,3,1.0,67099,67099,1,1,670.0,,,,,,,,,,,,,,,,,,,,,,,,,,,,,,,,,,,,,,,0.0,2.0,4.0,5.0,4.0,5.0,1.0,3.0,4.0,3.0,1.0,4.0,5.0,5.0,5.0,2.0,2.0,2.0,2.0,2.0,2.0,2.0,2000.0,,,,2000.0,,,1.0,4.0,4.0,2.0,2.0,1.0,1.0,4.0,2.0,4.0,2.0,4.0,2.0,3.0,3.0,6.0,3.0,3.0,2.0,1.0,1.0,1.0,0.0,2.0,1.0,1.0,8.0,1.0,0.0,0.0,0.0,0.0,0.0,0.0,1.0,4.0,4.0,4.0,4.0,1.0,1.0,1.0,1.0,1.0,1.0,0.0,0.0,4.0,-1.0,0.0,0.0,0.0,0.0,10,10,7,6,1,2500.0,8800.0,,,0.0,0.0,0.0,,,,,,,,,,0.0,0.0,0.0,0.0,0.0,0.0,0.0,0.0,,,,,1.0,2.0,1.0,,,,,,,,,,,,,,,,,,,,8.0,9.0,5.0,,5.0,,5.0,,5.0,,,,3,3,3.0,2.0,2.0,0.0,2.0,2.0,2.0,2.0,7.0,1.0,3,3,2,0,0.0,0,2,2,2,2,2,4,2,3.0,4.0,1.0,2.0,2.0,3.0,2.0,2.0,2.0,2.0,1.0,0,4.0,1,2.0,2.0,2.0,1.0,1,7.0,1,2,1.0,0,0,2.0,2.0,.,OK,1,1,1,1.0,1.0,1.0,uuid:03ae7fff-4036-45f1-b384-43165cb656b3,uuid:03ae7fff-4036-45f1-b384-43165cb656b3,,,,0.0,67099.0,,A,0,1.0,0.0,1.0,0.0,1.0,0.0,28 Jan 2021,22308.0,1200,1800,28/03/2019,10:52:00,11:02:59,00:11:00,
2019-03-21 08:14:36,2019-03-21 08:53:17,2019-03-21,4,1.0,20812,20812,1,1,208.0,,,,,,,,,,,,,,,,,,,,,,,,,,,,,,,,,,,,,,,,,,,,,,,,,,,,,,,,,,,,,,,,,,,,,,,,,,,,,,,,,,,,,,,,,,,,,,,,,,,,,,,,,,,,,,,,,,,,,,,,,3,2,1,0,1,1000.0,1000.0,,,0.0,0.0,0.0,,,,,,,,,,,,,,0.0,0.0,0.0,0.0,,,,,,,,,,,,,,,,,,,,,,,,,,,,,,,,,,,,,,,3,3,0.0,3.0,0.0,1.0,2.0,0.0,3.0,0.0,2.0,3.0,3,3,2,0,0.0,0,1,2,4,4,4,2,2,1.0,4.0,2.0,3.0,8.0,3.0,2.0,2.0,2.0,2.0,1.0,1,,1,1.0,1.0,1.0,1.0,1,4.0,1,1,1.0,200,800,,,.,OK,1,1,1,,,,uuid:05bd09d2-c755-40ec-957d-c03177242c7d,uuid:05bd09d2-c755-40ec-957d-c03177242c7d,,,,0.0,20812.0,,C,0,1.0,0.0,1.0,0.0,1.0,0.0,28 Jan 2021,22308.0,800,2200,,,,,
2019-03-26 11:28:17,2019-03-26 12:00:14,2019-03-26,5,1.0,69395,69395,1,1,693.0,,,,,,,,,,,,,,,,,,,,,,,,,,,,,,,,,,,,,,,,,,,,,,,,,,,,,,,,,,,,,,,,,,,,,,,,,,,,,,,,,,,,,,,,,,,,,,,,,,,,,,,,,,,,,,,,,,,,,,,,,5,3,2,1,1,1000.0,2000.0,,,0.0,0.0,0.0,,,,,,,,,,,,,,0.0,0.0,0.0,0.0,,,,,,,,,,,,,,,,,,,,,,,,,,,,,,,,,,,,,,,4,4,3.0,3.0,3.0,3.0,3.0,3.0,3.0,3.0,3.0,4.0,4,3,2,0,-1.0,-2,1,2,3,1,1,1,1,4.0,3.0,1.0,2.0,1.0,1.0,7.0,1.0,1.0,1.0,1.0,0,3.0,1,2.0,2.0,2.0,1.0,1,4.0,1,1,1.0,300,700,,,.,OK,1,1,1,,,,uuid:06e70683-7aa6-4746-9f4c-809cbb6f7c97,uuid:06e70683-7aa6-4746-9f4c-809cbb6f7c97,,,,0.0,69395.0,,A,0,1.0,0.0,1.0,0.0,1.0,0.0,28 Jan 2021,22308.0,1100,1900,,,,,
2019-03-22 13:04:04,2019-03-22 14:17:41,2019-03-22,3,1.0,38673,38673,1,1,386.0,,,,,,,,,,,,,,,,,,,,,,,,,,,,,,,,,,,,,,,1.0,3.0,4.0,3.0,3.0,3.0,3.0,3.0,4.0,4.0,1.0,3.0,5.0,4.0,3.0,5.0,4.0,4.0,1.0,1.0,1.0,1.0,,,3000.0,,,,,1.0,5.0,5.0,2.0,2.0,1.0,2.0,4.0,2.0,4.0,2.0,4.0,2.0,3.0,4.0,1.0,1.0,1.0,3.0,1.0,1.0,1.0,0.0,1.0,1.0,0.0,4.0,2.0,0.0,0.0,0.0,0.0,1.0,1.0,0.0,4.0,3.0,3.0,0.0,1.0,1.0,1.0,2.0,2.0,2.0,0.0,0.0,2.0,0.0,0.0,0.0,0.0,0.0,10,8,6,5,1,3000.0,3000.0,,,0.0,0.0,0.0,,,,,,,,,,,,,,0.0,0.0,0.0,0.0,,,,,1.0,1.0,-2.0,,,,,,,,,,,,,,,,,,,,5.0,10.0,5.0,,5.0,,5.0,,5.0,,,,3,3,2.0,2.0,2.0,2.0,2.0,2.0,2.0,2.0,1.0,3.0,3,3,1,0,0.0,0,1,2,2,2,2,2,2,1.0,2.0,3.0,4.0,1.0,3.0,1.0,1.0,7.0,1.0,1.0,0,4.0,1,1.0,2.0,2.0,1.0,1,5.0,2,1,2.0,100,900,4.0,2.0,.,OK,1,1,1,1.0,1.0,1.0,uuid:0710df69-d737-4a81-aa92-a7b2c422f29f,uuid:0710df69-d737-4a81-aa92-a7b2c422f29f,,,,0.0,38673.0,,A,0,1.0,0.0,1.0,0.0,1.0,0.0,28 Jan 2021,22308.0,800,2200,22/03/2019,15:08:00,15:20:00,00:12:00,
2019-03-19 13:49:25,2019-03-19 14:31:06,2019-03-19,5,1.0,23374,23374,1,1,233.0,,,,,,,,,,,,,,,,,,,,,,,,,,,,,,,,,,,,,,,,,,,,,,,,,,,,,,,,,,,,,,,,,,,,,,,,,,,,,,,,,,,,,,,,,,,,,,,,,,,,,,,,,,,,,,,,,,,,,,,,,7,7,7,5,1,1500.0,2000.0,,,0.0,0.0,0.0,,,,,,,,,,,,,,0.0,0.0,0.0,0.0,,,,,,,,,,,,,,,,,,,,,,,,,,,,,,,,,,,,,,,3,3,3.0,2.0,3.0,0.0,3.0,2.0,3.0,2.0,3.0,2.0,2,3,2,0,0.0,0,1,2,4,2,2,2,2,4.0,3.0,1.0,2.0,1.0,1.0,1.0,1.0,1.0,1.0,1.0,0,4.0,2,2.0,3.0,2.0,2.0,2,4.0,1,1,1.0,500,500,,,.,OK,1,1,1,,,,uuid:0720d7f4-12fb-45fd-8441-52b9dcde4b55,uuid:0720d7f4-12fb-45fd-8441-52b9dcde4b55,,,,0.0,23374.0,,A,0,1.0,0.0,1.0,0.0,1.0,0.0,28 Jan 2021,22308.0,1500,1500,,,,,
2019-03-26 07:29:44,2019-03-26 08:25:58,2019-03-26,3,1.0,22952,22952,1,1,229.0,,,,,,,,,,,,,,,,,,,,,,,,,,,,,,,,,,,,,,,1.0,1.0,3.0,3.0,3.0,5.0,1.0,1.0,4.0,1.0,3.0,3.0,4.0,4.0,3.0,5.0,4.0,2.0,1.0,1.0,1.0,1.0,,2500.0,,,,,,1.0,5.0,4.0,1.0,1.0,1.0,1.0,2.0,2.0,4.0,2.0,2.0,2.0,4.0,4.0,3.0,1.0,1.0,4.0,2.0,1.0,1.0,0.0,2.0,2.0,2.0,8.0,1.0,1.0,0.0,0.0,0.0,0.0,0.0,0.0,3.0,4.0,4.0,4.0,2.0,2.0,2.0,2.0,2.0,2.0,-1.0,0.0,4.0,-1.0,0.0,0.0,0.0,0.0,10,5,1,0,1,1500.0,1500.0,,,0.0,0.0,0.0,,,,,,,,,,,,,,0.0,0.0,0.0,0.0,,,,,2.0,2.0,2.0,,,,,,,,,,,,,,,,,,,,8.0,10.0,5.0,,4.0,,4.0,,5.0,,,,3,3,0.0,3.0,2.0,1.0,2.0,2.0,2.0,2.0,3.0,2.0,2,3,2,0,0.0,0,1,1,1,1,2,2,2,2.0,4.0,1.0,3.0,1.0,3.0,1.0,2.0,3.0,7.0,1.0,1,,4,1.0,1.0,1.0,1.0,1,4.0,1,1,2.0,0,1000,1.0,1.0,.,OK,1,1,1,1.0,1.0,1.0,uuid:07b05dda-520f-4fc7-8c3d-e5b16d3aa77c,uuid:07b05dda-520f-4fc7-8c3d-e5b16d3aa77c,,,,0.0,22952.0,,A,0,1.0,0.0,1.0,0.0,1.0,0.0,28 Jan 2021,22308.0,500,2500,25/03/2019,09:24:59,10:35:00,01:09:59,
2019-03-19 12:40:02,2019-03-19 13:26:41,2019-03-19,4,1.0,23695,23695,1,1,236.0,,,,,,,,,,,,,,,,,,,,,,,,,,,,,,,,,,,,,,,,,,,,,,,,,,,,,,,,,,,,,,,,,,,,,,,,,,,,,,,,,,,,,,,,,,,,,,,,,,,,,,,,,,,,,,,,,,,,,,,,,7,5,4,2,1,1500.0,2000.0,,,0.0,0.0,0.0,,,,,,,,,,,,,,0.0,0.0,0.0,0.0,,,,,,,,,,,,,,,,,,,,,,,,,,,,,,,,,,,,,,,5,5,3.0,2.0,3.0,2.0,2.0,2.0,2.0,2.0,3.0,1.0,3,3,1,0,0.0,0,2,2,2,2,2,2,2,1.0,2.0,3.0,4.0,1.0,2.0,1.0,1.0,1.0,1.0,1.0,0,3.0,4,2.0,2.0,2.0,2.0,2,4.0,1,2,1.0,300,700,,,.,OK,1,1,1,,,,uuid:07b0ca4a-402b-4914-9cdc-bb7d3f925be2,uuid:07b0ca4a-402b-4914-9cdc-bb7d3f925be2,,,,0.0,23695.0,,C,0,1.0,0.0,1.0,0.0,1.0,0.0,28 Jan 2021,22308.0,1300,1700,,,,,
2019-03-21 08:55:26,2019-03-21 10:15:20,2019-03-21,2,,38788,38788,1,1,387.0,,,,,,,,,,,,,,,,,,,,,,,,,,,,,,,,,,,,,,,0.0,1.0,3.0,3.0,3.0,3.0,1.0,3.0,3.0,3.0,1.0,3.0,3.0,3.0,3.0,1.0,2.0,1.0,1.0,1.0,1.0,1.0,,,3000.0,,,,,2.0,5.0,5.0,2.0,2.0,2.0,2.0,2.0,2.0,2.0,2.0,4.0,2.0,3.0,1.0,1.0,1.0,1.0,4.0,2.0,1.0,2.0,0.0,2.0,2.0,2.0,8.0,2.0,1.0,0.0,1.0,0.0,0.0,0.0,0.0,4.0,4.0,4.0,4.0,2.0,2.0,2.0,2.0,2.0,2.0,1.0,-1.0,5.0,2.0,-1.0,-1.0,-1.0,2.0,8,4,3,1,1,1000.0,1000.0,,,0.0,0.0,0.0,,,1.0,0.0,0.0,0.0,1.0,,1.0,0.0,1.0,0.0,0.0,0.0,1.0,0.0,0.0,,,1.0,5.0,2.0,2.0,2.0,,,,,,,,1.0,3.0,3.0,3.0,0.0,2.0,,,,,,,7.0,3.0,4.0,,3.0,,4.0,,3.0,,0.0,0.0,3,5,0.0,3.0,0.0,0.0,2.0,2.0,2.0,2.0,1.0,3.0,2,3,2,0,0.0,0,1,2,2,2,2,2,2,2.0,4.0,1.0,3.0,1.0,2.0,1.0,2.0,2.0,2.0,1.0,0,2.0,4,1.0,1.0,1.0,4.0,1,7.0,4,1,1.0,300,700,3.0,3.0,.,OK,1,1,1,1.0,1.0,1.0,uuid:083abfbd-b96f-4afc-a149-200dd847294c,uuid:083abfbd-b96f-4afc-a149-200dd847294c,,,,0.0,38788.0,,C,0,1.0,0.0,1.0,0.0,1.0,0.0,28 Jan 2021,22308.0,1200,1800, 3/21/2019,11:14:00,11:57:00,00:43:00,
2019-03-20 14:56:39,2019-03-20 16:20:40,2019-03-20,3,1.0,33732,33732,1,1,336.0,,,,,,,,,,,,,,,,,,,,,,,,,,,,,,,,,,,,,,,1.0,1.0,4.0,1.0,5.0,1.0,1.0,1.0,5.0,1.0,1.0,3.0,1.0,5.0,1.0,4.0,4.0,1.0,1.0,1.0,1.0,1.0,2000.0,,,1000.0,,,,1.0,4.0,4.0,1.0,2.0,2.0,2.0,2.0,2.0,4.0,2.0,4.0,1.0,2.0,2.0,2.0,1.0,3.0,4.0,1.0,1.0,2.0,1.0,2.0,1.0,1.0,8.0,2.0,0.0,0.0,0.0,0.0,0.0,0.0,1.0,4.0,4.0,4.0,3.0,2.0,2.0,2.0,2.0,2.0,2.0,2.0,0.0,3.0,0.0,0.0,0.0,0.0,0.0,10,9,7,5,1,1500.0,8000.0,,,0.0,0.0,0.0,,,,,,,,,,,,,,0.0,0.0,0.0,0.0,,,,,1.0,1.0,1.0,,,,,,,,,,,,,,,,,,,,4.0,8.0,5.0,,5.0,,5.0,,5.0,,,,5,3,3.0,2.0,3.0,3.0,3.0,3.0,3.0,3.0,3.0,2.0,3,3,2,0,0.0,0,1,2,1,1,1,1,1,3.0,4.0,1.0,2.0,1.0,1.0,1.0,1.0,8.0,1.0,1.0,1,,2,1.0,1.0,1.0,1.0,1,4.0,1,1,1.0,1000,0,1.0,1.0,.,OK,1,1,1,1.0,1.0,1.0,uuid:087740db-3663-432a-beb1-d2e497af44c7,uuid:087740db-3663-432a-beb1-d2e497af44c7,,,,1.0,33732.0,,A,1,1.0,0.0,1.0,0.0,1.0,0.0,28 Jan 2021,22308.0,1000,2000, 3/20/2019,17:17:00,17:50:00,00:32:59,
2019-03-25 08:59:14,2019-03-25 10:35:34,2019-03-25,2,,65553,65553,1,1,655.0,,,,,,,,,,,,,,,,,,,,,,,,,,,,,,,,,,,,,,,0.0,3.0,3.0,3.0,3.0,3.0,3.0,3.0,3.0,3.0,3.0,5.0,3.0,3.0,5.0,4.0,2.0,2.0,2.0,2.0,2.0,2.0,2000.0,,,,,,2000.0,1.0,4.0,2.0,2.0,2.0,2.0,2.0,2.0,2.0,4.0,2.0,2.0,2.0,3.0,2.0,5.0,2.0,2.0,2.0,1.0,1.0,1.0,2.0,1.0,1.0,2.0,8.0,2.0,0.0,0.0,0.0,0.0,0.0,0.0,1.0,4.0,4.0,4.0,4.0,2.0,2.0,1.0,1.0,1.0,2.0,0.0,1.0,2.0,-1.0,2.0,1.0,1.0,-1.0,10,6,5,2,1,1500.0,2500.0,,,0.0,0.0,0.0,,,0.0,,,,,,,,,,,0.0,0.0,0.0,0.0,,,1.0,2.0,1.0,1.0,1.0,,,,,,,,0.0,,,,,,1.0,,,,,,8.0,8.0,5.0,,,Ne peut pas savoir car son assistant n'en prend pas,,Idem,5.0,,,,5,5,2.0,2.0,2.0,2.0,2.0,2.0,2.0,2.0,1.0,2.0,3,3,2,2,1.0,1,2,2,4,2,2,2,2,2.0,4.0,1.0,3.0,2.0,2.0,2.0,2.0,3.0,8.0,1.0,1,,1,1.0,2.0,1.0,1.0,1,5.0,1,1,2.0,888,888,2.0,1.0,.,OK,1,1,1,0.0,,1.0,uuid:08921546-ffd8-46bf-8531-41218f6a5f14,uuid:08921546-ffd8-46bf-8531-41218f6a5f14,,,,0.0,65553.0,,C,0,1.0,0.0,1.0,0.0,1.0,0.0,28 Jan 2021,22308.0,1800,1200,25/03/2019,12:36:00,12:51:00,00:15:00,
2019-03-21 08:59:26,2019-03-21 10:30:32,2019-03-21,2,,53085,53085,1,1,532.0,,,,,,,,,,,,,,,,,,,,,,,,,,,,,,,,,,,,,,,1.0,3.0,3.0,3.0,3.0,3.0,3.0,3.0,3.0,3.0,3.0,3.0,3.0,4.0,3.0,5.0,4.0,2.0,1.0,1.0,1.0,1.0,,,3000.0,,,,,2.0,4.0,4.0,2.0,2.0,2.0,2.0,4.0,2.0,4.0,2.0,2.0,2.0,4.0,4.0,6.0,1.0,1.0,4.0,1.0,1.0,1.0,0.0,2.0,1.0,1.0,8.0,2.0,0.0,0.0,0.0,0.0,0.0,0.0,1.0,3.0,3.0,3.0,1.0,1.0,1.0,1.0,1.0,1.0,1.0,0.0,0.0,4.0,0.0,0.0,0.0,0.0,0.0,4,3,2,1,1,1500.0,2500.0,,,0.0,0.0,0.0,,,1.0,1.0,0.0,1.0,0.0,,1.0,1.0,0.0,0.0,0.0,1.0,0.0,0.0,0.0,,,0.0,,0.0,2.0,2.0,,,,,,,,1.0,2.0,2.0,1.0,2.0,4.0,,,,,,,6.0,7.0,4.0,,3.0,,4.0,,4.0,,0.0,0.0,5,5,3.0,2.0,2.0,2.0,2.0,2.0,2.0,2.0,1.0,3.0,3,3,2,0,0.0,0,2,2,2,2,2,2,2,1.0,2.0,3.0,4.0,1.0,3.0,1.0,1.0,1.0,1.0,1.0,0,4.0,2,1.0,2.0,1.0,1.0,1,3.0,2,1,1.0,200,800,4.0,3.0,.,OK,1,1,1,1.0,1.0,1.0,uuid:08cf6c66-e42a-414b-9af3-d47b81ba086e,uuid:08cf6c66-e42a-414b-9af3-d47b81ba086e,,,,0.0,53085.0,,C,0,1.0,0.0,1.0,0.0,1.0,0.0,28 Jan 2021,22308.0,1000,2000, 3/21/2019,11:30:00,12:02:00,00:32:00,
2019-03-18 08:56:57,2019-03-18 10:24:54,2019-03-18,3,1.0,52754,52754,1,1,525.0,,,,,,,,,,,,,,,,.,,,,,,,,,,,,,,,,,,,,,,,1.0,2.0,5.0,4.0,3.0,1.0,2.0,3.0,5.0,5.0,1.0,2.0,5.0,5.0,4.0,4.0,1.0,1.0,1.0,1.0,2.0,1.0,,,3000.0,,,,,1.0,5.0,2.0,1.0,2.0,1.0,2.0,2.0,1.0,2.0,1.0,2.0,2.0,1.0,4.0,4.0,3.0,1.0,1.0,1.0,0.0,2.0,1.0,1.0,1.0,1.0,5.0,1.0,1.0,0.0,0.0,0.0,1.0,1.0,0.0,4.0,4.0,4.0,4.0,2.0,2.0,2.0,1.0,2.0,2.0,0.0,0.0,4.0,0.0,0.0,0.0,0.0,0.0,9,7,6,6,1,3000.0,2000.0,,,,,,,,,,,,,,,0.0,0.0,0.0,0.0,0.0,0.0,0.0,0.0,,,,,1.0,-1.0,0.0,,,,,,,,,,,,,,,,,,,,11.0,10.0,4.0,.,3.0,,4.0,,5.0,,,,4,4,1.0,2.0,3.0,0.0,0.0,0.0,0.0,0.0,3.0,1.0,3,3,2,0,0.0,0,1,3,4,1,1,1,2,4.0,3.0,1.0,2.0,2.0,2.0,2.0,2.0,2.0,2.0,2.0,1,,2,1.0,1.0,1.0,1.0,2,3.0,1,1,2.0,800,200,2.0,2.0,.,OK,1,1,1,1.0,1.0,1.0,uuid:09b2b63c-8b5f-4c5f-93b1-c6cbf03470ec,uuid:09b2b63c-8b5f-4c5f-93b1-c6cbf03470ec,,,,0.0,52754.0,,A,0,1.0,0.0,1.0,0.0,1.0,0.0,28 Jan 2021,22308.0,1100,1900, 3/18/2019,10:31:00,11:14:00,00:43:00,1.0
2019-03-22 09:21:10,2019-03-22 09:52:11,2019-03-22,4,1.0,10386,10386,1,1,103.0,,,,,,,,,,,,,,,,,,,,,,,,,,,,,,,,,,,,,,,,,,,,,,,,,,,,,,,,,,,,,,,,,,,,,,,,,,,,,,,,,,,,,,,,,,,,,,,,,,,,,,,,,,,,,,,,,,,,,,,,,8,5,3,1,1,1500.0,1500.0,,,0.0,0.0,0.0,,,,,,,,,,,,,,0.0,0.0,0.0,0.0,,,,,,,,,,,,,,,,,,,,,,,,,,,,,,,,,,,,,,,5,5,2.0,2.0,2.0,2.0,2.0,2.0,2.0,2.0,1.0,3.0,1,3,2,0,2.0,-1,1,2,2,2,2,2,2,2.0,4.0,1.0,3.0,2.0,2.0,2.0,1.0,1.0,7.0,2.0,1,,1,1.0,1.0,1.0,1.0,3,1.0,2,2,1.0,500,500,,,.,OK,1,1,1,,,,uuid:09efd7d1-8e07-4dba-9883-5e7d40c3838e,uuid:09efd7d1-8e07-4dba-9883-5e7d40c3838e,,,,0.0,10386.0,,C,0,1.0,0.0,1.0,0.0,1.0,0.0,28 Jan 2021,22308.0,700,2300,,,,,
2019-03-27 13:45:24,2019-03-27 14:34:41,2019-03-27,5,1.0,36693,36693,1,1,366.0,,,,,,,,,,,,,,,,,,,,,,,,,,,,,,,,,,,,,,,,,,,,,,,,,,,,,,,,,,,,,,,,,,,,,,,,,,,,,,,,,,,,,,,,,,,,,,,,,,,,,,,,,,,,,,,,,,,,,,,,,8,6,4,2,1,2000.0,2000.0,,,0.0,0.0,0.0,,,,,,,,,,0.0,0.0,0.0,0.0,0.0,0.0,0.0,0.0,,,,,,,,,,,,,,,,,,,,,,,,,,,,,,,,,,,,,,,3,3,0.0,2.0,2.0,2.0,2.0,2.0,2.0,2.0,1.0,7.0,3,3,2,0,0.0,0,1,2,2,2,2,2,2,3.0,4.0,1.0,2.0,2.0,3.0,3.0,2.0,7.0,2.0,2.0,1,,1,1.0,1.0,1.0,1.0,1,7.0,1,1,2.0,0,1000,,,.,OK,1,1,1,,,,uuid:0b4bd838-1d12-4294-96eb-7c3bce21a503,uuid:0b4bd838-1d12-4294-96eb-7c3bce21a503,,,,0.0,36693.0,,A,0,1.0,0.0,1.0,0.0,1.0,0.0,28 Jan 2021,22308.0,800,2200,,,,,
2019-03-16 09:34:27,,2019-03-16,2,,69646,69646,1,1,696.0,,,,.,.,.,,.,,,,,,.,,.,,,,,,,,,,,,,,,,0.0,0.0,0.0,0.0,0.0,0.0,0.0,0.0,3.0,3.0,3.0,5.0,3.0,3.0,3.0,4.0,3.0,3.0,3.0,3.0,3.0,3.0,5.0,2.0,2.0,1.0,2.0,1.0,2.0,,2500.0,,,,,,1.0,4.0,5.0,1.0,1.0,2.0,2.0,2.0,1.0,5.0,2.0,4.0,2.0,4.0,3.0,3.0,1.0,1.0,1.0,0.0,1.0,1.0,0.0,2.0,2.0,1.0,8.0,2.0,1.0,0.0,0.0,0.0,0.0,0.0,0.0,3.0,4.0,2.0,1.0,1.0,2.0,2.0,2.0,1.0,1.0,0.0,0.0,4.0,0.0,0.0,0.0,0.0,0.0,10,8,5,4,1,1500.0,3000.0,,,0.0,0.0,0.0,,,0.0,,,,,,,0.0,0.0,0.0,0.0,0.0,0.0,0.0,0.0,,,1.0,1.0,2.0,2.0,2.0,,,,,,,,0.0,,,,,,0.0,,,,,,6.0,10.0,4.0,.,4.0,.,5.0,.,5.0,,,,4,5,3.0,2.0,3.0,2.0,2.0,2.0,2.0,2.0,1.0,3.0,1,3,2,0,0.0,0,1,3,2,2,2,2,2,,,3.0,4.0,1.0,2.0,1.0,2.0,5.0,1.0,1.0,0,4.0,1,1.0,2.0,2.0,1.0,1,4.0,2,2,1.0,0,1000,4.0,2.0,.,OK,1,1,1,1.0,1.0,1.0,uuid:0b752f36-99cd-4423-b2c9-3cdb6b99f743,uuid:0b752f36-99cd-4423-b2c9-3cdb6b99f743,,,,0.0,69646.0,,C,0,1.0,0.0,1.0,0.0,1.0,0.0,28 Jan 2021,22308.0,1600,1400, 3/16/2019,12:26:00,12:56:00,00:30:00,
2019-03-28 06:55:35,2019-03-28 07:20:19,2019-03-28,5,1.0,5992,5992,1,1,599.0,,,,,,,,,,,,,,,,,,,,,,,,,,,,,,,,,,,,,,,,,,,,,,,,,,,,,,,,,,,,,,,,,,,,,,,,,,,,,,,,,,,,,,,,,,,,,,,,,,,,,,,,,,,,,,,,,,,,,,,,,4,1,0,0,1,500.0,2000.0,,,0.0,0.0,0.0,,,,,,,,,,0.0,0.0,0.0,0.0,0.0,0.0,0.0,0.0,,,,,,,,,,,,,,,,,,,,,,,,,,,,,,,,,,,,,,,4,4,3.0,2.0,2.0,2.0,2.0,2.0,2.0,2.0,1.0,4.0,3,2,2,0,0.0,0,2,4,2,2,2,2,2,4.0,3.0,1.0,2.0,2.0,2.0,2.0,2.0,1.0,2.0,1.0,1,,2,2.0,2.0,2.0,2.0,1,5.0,1,1,1.0,750,150,,,.,OK,1,1,1,,,,uuid:0c599068-0ec1-4195-926a-ed52059a86ae,uuid:0c599068-0ec1-4195-926a-ed52059a86ae,,,,0.0,5992.0,,A,0,1.0,0.0,1.0,0.0,1.0,0.0,28 Jan 2021,22308.0,1400,1600,,,,,
2019-04-11 10:24:45,2019-04-11 11:11:13,2019-04-11,4,1.0,354100,354100,1,1,354.0,,,,,,,,,,,,,,,,,,,,,,,,,,,,,,,,,,,,,,,,,,,,,,,,,,,,,,,,,,,,,,,,,,,,,,,,,,,,,,,,,,,,,,,,,,,,,,,,,,,,,,,,,,,,,,,,,,,,,,,,,3,2,1,0,1,500.0,1000.0,,,0.0,0.0,0.0,,,,,,,,,,0.0,0.0,0.0,0.0,0.0,0.0,0.0,0.0,,,,,,,,,,,,,,,,,,,,,,,,,,,,,,,,,,,,,,,4,3,2.0,2.0,2.0,2.0,2.0,2.0,2.0,2.0,1.0,2.0,3,3,2,0,0.0,0,2,4,2,2,2,2,2,3.0,4.0,1.0,2.0,1.0,1.0,1.0,1.0,1.0,1.0,1.0,0,4.0,1,1.0,3.0,2.0,1.0,1,6.0,3,3,2.0,500,500,,,.,OK,1,1,1,,,,uuid:0c950142-b45c-45ea-9e39-60c23242b7e9,uuid:0c950142-b45c-45ea-9e39-60c23242b7e9,,,,0.0,354100.0,,C,0,1.0,0.0,1.0,0.0,1.0,0.0,28 Jan 2021,22308.0,1100,1900,,,,,
2019-03-19 11:28:15,2019-03-19 13:06:37,2019-03-19,2,,32276,32276,1,1,220.0,,,,,,,,,,,,,,,,,,,,,,,,,,,,,,,,,,,,,,,1.0,1.0,1.0,3.0,3.0,4.0,1.0,1.0,3.0,3.0,5.0,1.0,3.0,4.0,3.0,5.0,5.0,2.0,1.0,1.0,1.0,1.0,,2500.0,,,,,,1.0,5.0,4.0,1.0,1.0,1.0,2.0,3.0,1.0,4.0,2.0,4.0,2.0,4.0,2.0,5.0,1.0,4.0,2.0,1.0,1.0,2.0,1.0,1.0,1.0,2.0,8.0,2.0,0.0,0.0,0.0,0.0,0.0,0.0,1.0,4.0,4.0,3.0,4.0,2.0,2.0,1.0,1.0,2.0,2.0,2.0,2.0,3.0,0.0,0.0,0.0,0.0,0.0,10,5,3,2,1,1500.0,3500.0,,,0.0,0.0,0.0,,,1.0,1.0,1.0,1.0,0.0,,1.0,0.0,0.0,1.0,0.0,1.0,0.0,0.0,0.0,,,1.0,3.0,1.0,1.0,0.0,,,,,,,,0.0,,,,,,1.0,,,,,,5.0,5.0,5.0,,5.0,,5.0,,5.0,,,,3,3,3.0,3.0,3.0,3.0,0.0,2.0,2.0,2.0,1.0,3.0,4,3,2,0,0.0,0,1,2,4,2,2,2,4,3.0,4.0,1.0,2.0,1.0,1.0,1.0,1.0,3.0,1.0,1.0,0,3.0,1,1.0,2.0,1.0,1.0,1,4.0,1,1,1.0,100,900,2.0,2.0,.,OK,1,1,1,1.0,0.0,0.0,uuid:0cfa1427-a553-42c1-bc78-979e28fd066e,uuid:0cfa1427-a553-42c1-bc78-979e28fd066e,,,,0.0,32276.0,,C,0,1.0,0.0,1.0,0.0,1.0,0.0,28 Jan 2021,22308.0,900,2100,,,,,
2019-04-02 08:57:08,2019-04-02 10:17:51,2019-04-02,2,1.0,10248,10248,1,1,102.0,,,,,,,,,,,,,,,,,,,,,,,,,,,,,,,,,,,,,,,0.0,1.0,3.0,3.0,4.0,3.0,2.0,3.0,4.0,4.0,2.0,3.0,3.0,4.0,3.0,5.0,4.0,2.0,1.0,1.0,1.0,1.0,,,3000.0,,,,,1.0,4.0,4.0,2.0,2.0,2.0,2.0,4.0,2.0,4.0,2.0,4.0,2.0,4.0,3.0,1.0,1.0,1.0,4.0,0.0,1.0,1.0,0.0,1.0,1.0,1.0,8.0,2.0,0.0,0.0,0.0,0.0,0.0,0.0,1.0,3.0,3.0,4.0,2.0,1.0,1.0,1.0,1.0,2.0,1.0,2.0,0.0,4.0,0.0,0.0,0.0,0.0,0.0,7,4,3,4,1,1500.0,2000.0,,,0.0,0.0,0.0,,,1.0,1.0,1.0,1.0,0.0,,2.0,1.0,0.0,0.0,0.0,0.0,1.0,0.0,0.0,,,0.0,,2.0,1.0,2.0,,,,,,,,0.0,,,,,,0.0,,,,,,8.0,9.0,4.0,,4.0,,4.0,,5.0,,,,5,3,2.0,2.0,2.0,2.0,2.0,2.0,2.0,2.0,3.0,1.0,2,3,2,0,0.0,0,2,3,4,2,2,2,2,1.0,2.0,3.0,4.0,1.0,3.0,1.0,1.0,7.0,1.0,1.0,0,4.0,1,1.0,2.0,2.0,1.0,2,6.0,2,2,1.0,500,500,4.0,2.0,.,OK,1,1,1,1.0,1.0,1.0,uuid:0e56a5e3-09a4-4162-bf65-db84c74ee762,uuid:0e56a5e3-09a4-4162-bf65-db84c74ee762,,,,0.0,10248.0,,C,0,1.0,0.0,1.0,0.0,1.0,0.0,28 Jan 2021,22308.0,1700,1300,,,,,
2019-03-15 12:15:19,2019-03-15 14:36:19,2019-03-15,2,,59148,59148,1,2,592.0,,,,,,,,.,,,,,,,,.,,,,,,,,,,,,,,,,,,,,,,,1.0,1.0,3.0,3.0,5.0,3.0,1.0,3.0,4.0,3.0,1.0,3.0,2.0,4.0,3.0,4.0,4.0,4.0,2.0,2.0,2.0,2.0,2000.0,,,,2000.0,,,1.0,5.0,4.0,2.0,1.0,2.0,2.0,2.0,2.0,4.0,1.0,1.0,2.0,3.0,1.0,2.0,1.0,2.0,4.0,1.0,1.0,1.0,0.0,2.0,2.0,1.0,7.0,2.0,0.0,0.0,0.0,0.0,0.0,0.0,1.0,4.0,1.0,4.0,0.0,1.0,1.0,0.0,0.0,2.0,2.0,2.0,0.0,4.0,,0.0,0.0,,0.0,10,10,7,7,1,,,,,0.0,0.0,0.0,,,0.0,,,,,,,0.0,0.0,0.0,0.0,,,,,,,0.0,,2.0,2.0,1.0,,,,,,,,0.0,,,,,,0.0,,,,,,8.0,9.0,4.0,,4.0,,,N'en sait rien,5.0,,,,4,4,,,,,,,,,,,3,3,2,0,0.0,0,1,2,2,2,2,2,2,,,,,1.0,3.0,8.0,2.0,1.0,2.0,1.0,1,,4,2.0,2.0,2.0,1.0,1,5.0,1,2,2.0,888,888,2.0,,Il doit rembourser cet argent sous pression,,1,1,1,0.0,,1.0,uuid:0ebdafd9-8e3d-4551-a5f9-c1a0c867eeb1,uuid:0ebdafd9-8e3d-4551-a5f9-c1a0c867eeb1,,,,0.0,59148.0,,C,0,1.0,0.0,1.0,0.0,1.0,0.0,28 Jan 2021,22308.0,1900,1100, 3/15/2019,16:30:00,17:39:00,01:09:00,1.0
2019-03-27 09:00:23,2019-03-27 10:33:04,2019-03-27,2,1.0,21647,21647,1,1,216.0,,,,,,,,,,,,,,,,,,,,,,,,,,,,,,,,,,,,,,,1.0,2.0,2.0,3.0,4.0,5.0,2.0,3.0,4.0,1.0,2.0,3.0,4.0,5.0,4.0,4.0,5.0,4.0,1.0,1.0,1.0,1.0,2000.0,,,1000.0,,,,2.0,4.0,5.0,2.0,2.0,2.0,2.0,2.0,4.0,4.0,2.0,4.0,2.0,4.0,1.0,1.0,1.0,1.0,4.0,1.0,1.0,0.0,1.0,1.0,1.0,1.0,8.0,1.0,0.0,0.0,0.0,0.0,0.0,0.0,1.0,3.0,4.0,4.0,4.0,2.0,2.0,2.0,2.0,2.0,2.0,2.0,0.0,4.0,0.0,0.0,0.0,0.0,0.0,8,7,4,3,1,2000.0,5000.0,,,0.0,0.0,0.0,,,0.0,,,,,,,0.0,0.0,0.0,0.0,0.0,0.0,0.0,0.0,,,0.0,,1.0,1.0,1.0,,,,,,,,0.0,,,,,,0.0,,,,,,10.0,10.0,4.0,,,Il ne sait pas,5.0,,4.0,,0.0,0.0,3,3,0.0,3.0,2.0,1.0,3.0,1.0,0.0,2.0,3.0,1.0,3,3,2,0,0.0,0,1,2,2,2,2,4,1,2.0,4.0,1.0,3.0,8.0,2.0,1.0,2.0,1.0,1.0,1.0,0,4.0,3,2.0,4.0,2.0,2.0,1,5.0,2,2,2.0,400,600,1.0,1.0,.,OK,1,0,1,0.0,,1.0,uuid:0f3a19ac-b7b3-45b5-9343-d466d61ea220,uuid:0f3a19ac-b7b3-45b5-9343-d466d61ea220,,,,0.0,21647.0,,C,0,1.0,0.0,1.0,0.0,1.0,0.0,28 Jan 2021,22308.0,1600,1400,27/03/2019,10:30:00,11:15:00,00:45:00,
2019-04-11 12:48:35,2019-04-11 13:15:37,2019-04-11,5,1.0,6336,6336,1,1,633.0,,,,,,,,,,,,,,,,,,,,,,,,,,,,,,,,,,,,,,,,,,,,,,,,,,,,,,,,,,,,,,,,,,,,,,,,,,,,,,,,,,,,,,,,,,,,,,,,,,,,,,,,,,,,,,,,,,,,,,,,,4,3,2,1,1,500.0,2000.0,,,0.0,0.0,0.0,,,,,,,,,,0.0,0.0,0.0,0.0,0.0,0.0,0.0,0.0,,,,,,,,,,,,,,,,,,,,,,,,,,,,,,,,,,,,,,,4,4,3.0,1.0,3.0,1.0,2.0,2.0,2.0,2.0,3.0,1.0,3,2,2,0,0.0,0,1,2,1,3,4,1,4,3.0,2.0,1.0,4.0,1.0,1.0,1.0,1.0,5.0,2.0,2.0,0,1.0,1,2.0,4.0,4.0,1.0,1,6.0,1,1,2.0,100,900,,,.,OK,1,1,1,,,,uuid:0fbae483-a2d3-4652-83c7-43cef2167034,uuid:0fbae483-a2d3-4652-83c7-43cef2167034,,,,0.0,6336.0,,A,0,1.0,0.0,1.0,0.0,1.0,0.0,28 Jan 2021,22308.0,900,2100,,,,,
2019-03-18 07:31:31,2019-03-18 08:38:11,2019-03-18,4,1.0,38787,38787,1,1,387.0,,,,,,,,,,,,,,,,.,,,,,,,,,,,,,,,,,,,,,,,,,,,,,,,,,,,,,,,,,,,,,,,,,,,,,,,,,,,,,,,,,,,,,,,,,,,,,,,,,,,,,,,,,,,,,,,,,,,,,,,,,9,7,6,6,1,1500.0,3000.0,,,,,,,,,,,,,,,0.0,0.0,0.0,0.0,0.0,0.0,0.0,0.0,,,,,,,,,,,,,,,,,,,,,,,,,,,,,,.,,,,,,,,,5,5,3.0,2.0,3.0,0.0,2.0,2.0,0.0,2.0,3.0,1.0,2,3,2,0,,0,1,2,1,1,2,1,1,3.0,1.0,3000.0,2.0,1.0,3.0,4.0,1.0,1.0,1.0,1.0,1,,4,2.0,4.0,4.0,2.0,1,7.0,1,1,1.0,800,200,,,.,OK,1,1,1,,,,uuid:10022517-aa28-4262-8ee7-19791eb5903c,uuid:10022517-aa28-4262-8ee7-19791eb5903c,,,,0.0,38787.0,,C,0,1.0,0.0,1.0,0.0,1.0,0.0,28 Jan 2021,22308.0,1000,2000,,,,,
2019-03-20 11:03:32,2019-03-20 12:48:41,2019-03-20,2,,3599,3599,1,1,359.0,,,,,,,,,,,,,,,,,,,,,,,,,,,,,,,,,,,,,,,0.0,3.0,3.0,3.0,4.0,4.0,2.0,5.0,5.0,2.0,1.0,3.0,2.0,3.0,1.0,5.0,2.0,2.0,1.0,1.0,1.0,1.0,2000.0,,,1000.0,,,,2.0,4.0,4.0,2.0,2.0,5.0,2.0,5.0,2.0,4.0,2.0,5.0,5.0,2.0,3.0,3.0,1.0,2.0,4.0,1.0,2.0,2.0,0.0,2.0,2.0,1.0,5.0,1.0,0.0,0.0,0.0,0.0,0.0,0.0,1.0,3.0,3.0,4.0,4.0,1.0,0.0,1.0,1.0,2.0,0.0,1.0,-2.0,2.0,-1.0,0.0,0.0,0.0,0.0,8,5,5,5,1,2000.0,5000.0,,,0.0,0.0,0.0,,,0.0,,,,,,,,,,,0.0,0.0,0.0,0.0,,,0.0,,0.0,1.0,0.0,,,,,,,,0.0,,,,,,0.0,,,,,,8.0,4.0,4.0,,3.0,,5.0,,4.0,,0.0,0.0,5,4,2.0,2.0,3.0,2.0,2.0,2.0,2.0,3.0,3.0,1.0,3,3,2,0,0.0,0,2,3,1,2,2,1,2,3.0,4.0,1.0,2.0,2.0,1.0,4.0,2.0,4.0,7.0,2.0,0,4.0,2,2.0,3.0,4.0,4.0,1,6.0,2,2,2.0,200,800,2.0,1.0,.,OK,1,1,1,1.0,1.0,1.0,uuid:10100e2d-d984-4b04-b6b6-166e67129fff,uuid:10100e2d-d984-4b04-b6b6-166e67129fff,,,,0.0,3599.0,,C,0,1.0,0.0,1.0,0.0,1.0,0.0,28 Jan 2021,22308.0,1500,1500, 3/20/2019,14:50:00,15:08:59,00:19:00,
2019-03-15 11:42:06,2019-03-15 13:18:52,2019-03-15,2,,60183,60183,1,1,600.0,,,,,,,,.,,,,,,,,.,,,,,,,,,,,,,,,,,,,,,,,0.0,1.0,3.0,3.0,4.0,5.0,1.0,1.0,3.0,1.0,1.0,1.0,3.0,3.0,4.0,4.0,4.0,2.0,1.0,1.0,1.0,1.0,,2500.0,,,,,,2.0,4.0,4.0,2.0,2.0,2.0,2.0,4.0,2.0,4.0,2.0,4.0,2.0,3.0,4.0,1.0,1.0,2.0,2.0,1.0,2.0,1.0,0.0,1.0,2.0,1.0,6.0,1.0,0.0,0.0,0.0,0.0,1.0,0.0,0.0,4.0,4.0,4.0,4.0,1.0,2.0,2.0,1.0,2.0,1.0,2.0,0.0,4.0,,0.0,0.0,,0.0,9,8,7,6,1,,,,,0.0,0.0,0.0,,,0.0,,,,,,,0.0,0.0,0.0,0.0,,,,,,,0.0,,1.0,1.0,1.0,,,,,,,,0.0,,,,,,0.0,,,,,,5.0,4.0,4.0,,3.0,,4.0,,4.0,,0.0,0.0,3,3,,,,,,,,,,,3,3,2,0,0.0,0,2,2,2,2,2,2,2,,,,,1.0,1.0,1.0,1.0,3.0,1.0,1.0,0,2.0,3,1.0,2.0,2.0,2.0,1,4.0,1,1,1.0,500,500,2.0,2.0,,,1,1,1,1.0,1.0,1.0,uuid:103fbecb-f5a9-4e60-b91c-4d7138f130f5,uuid:103fbecb-f5a9-4e60-b91c-4d7138f130f5,,,,0.0,60183.0,,C,0,1.0,0.0,1.0,0.0,1.0,0.0,28 Jan 2021,22308.0,1600,1400, 3/15/2019,13:23:00,14:12:00,00:49:00,
2019-03-25 09:21:56,2019-03-25 10:01:59,2019-03-25,4,1.0,3453,3453,1,1,345.0,,,,,,,,,,,,,,,,,,,,,,,,,,,,,,,,,,,,,,,,,,,,,,,,,,,,,,,,,,,,,,,,,,,,,,,,,,,,,,,,,,,,,,,,,,,,,,,,,,,,,,,,,,,,,,,,,,,,,,,,,6,4,2,1,1,4000.0,3000.0,,,0.0,0.0,0.0,,,,,,,,,,,,,,0.0,0.0,0.0,0.0,,,,,,,,,,,,,,,,,,,,,,,,,,,,,,,,,,,,,,,5,5,0.0,3.0,3.0,0.0,2.0,0.0,2.0,0.0,3.0,5.0,4,3,2,0,0.0,0,2,2,4,2,2,4,2,3.0,4.0,1.0,2.0,1.0,2.0,1.0,1.0,1.0,1.0,1.0,1,,1,1.0,1.0,1.0,1.0,1,4.0,2,2,2.0,700,300,,,.,OK,1,1,1,,,,uuid:10737bb5-7bdd-40f9-bcf9-96c29d61aaac,uuid:10737bb5-7bdd-40f9-bcf9-96c29d61aaac,,,,0.0,3453.0,,C,0,1.0,0.0,1.0,0.0,1.0,0.0,28 Jan 2021,22308.0,700,2300,,,,,
2019-03-21 10:36:37,2019-03-21 11:21:33,2019-03-21,5,1.0,21086,21086,1,1,210.0,,,,,,,,,,,,,,,,,,,,,,,,,,,,,,,,,,,,,,,,,,,,,,,,,,,,,,,,,,,,,,,,,,,,,,,,,,,,,,,,,,,,,,,,,,,,,,,,,,,,,,,,,,,,,,,,,,,,,,,,,7,5,4,3,1,1500.0,5000.0,,,0.0,0.0,0.0,,,,,,,,,,,,,,0.0,0.0,0.0,0.0,,,,,,,,,,,,,,,,,,,,,,,,,,,,,,,,,,,,,,,5,5,3.0,1.0,3.0,2.0,0.0,2.0,2.0,2.0,3.0,2.0,3,2,2,0,0.0,0,1,3,4,2,2,2,4,3.0,4.0,1.0,2.0,1.0,1.0,1.0,2.0,2.0,1.0,2.0,1,,2,1.0,1.0,1.0,1.0,2,4.0,1,1,2.0,1000,0,,,.,OK,1,1,1,,,,uuid:132a91fe-1fd2-476b-9b2d-47e30ae53449,uuid:132a91fe-1fd2-476b-9b2d-47e30ae53449,,,,0.0,21086.0,,A,0,1.0,0.0,1.0,0.0,1.0,0.0,28 Jan 2021,22308.0,1800,1200,,,,,
2019-03-29 07:12:07,2019-03-29 08:12:35,2019-03-29,4,1.0,36047,36047,1,1,360.0,,,,,,,,,,,,,,,,,,,,,,,,,,,,,,,,,,,,,,,,,,,,,,,,,,,,,,,,,,,,,,,,,,,,,,,,,,,,,,,,,,,,,,,,,,,,,,,,,,,,,,,,,,,,,,,,,,,,,,,,,10,8,7,6,1,3000.0,6000.0,,,0.0,0.0,0.0,,,,,,,,,,0.0,0.0,0.0,0.0,0.0,0.0,0.0,0.0,,,,,,,,,,,,,,,,,,,,,,,,,,,,,,,,,,,,,,,3,3,2.0,2.0,2.0,2.0,2.0,2.0,2.0,2.0,1.0,3.0,3,3,2,0,0.0,0,1,2,3,2,2,2,2,3.0,4.0,1.0,2.0,2.0,2.0,2.0,2.0,2.0,2.0,1.0,1,,1,1.0,2.0,1.0,1.0,1,4.0,2,2,2.0,0,0,,,.,OK,1,1,1,,,,uuid:138fad8c-8320-460b-9be3-775277674777,uuid:138fad8c-8320-460b-9be3-775277674777,,,,0.0,36047.0,,C,0,1.0,0.0,1.0,0.0,1.0,0.0,28 Jan 2021,22308.0,1000,2000,,,,,
2019-03-19 12:38:31,2019-03-19 14:16:05,2019-03-19,2,,31487,31487,1,1,314.0,,,,,,,,,,,,,,,,,,,,,,,,,,,,,,,,,,,,,,,1.0,3.0,4.0,4.0,3.0,1.0,5.0,3.0,5.0,3.0,2.0,4.0,5.0,3.0,5.0,2.0,5.0,1.0,1.0,1.0,1.0,2.0,2000.0,,,,,,,2.0,4.0,5.0,5.0,2.0,2.0,1.0,4.0,1.0,5.0,4.0,4.0,2.0,3.0,3.0,3.0,4.0,1.0,4.0,1.0,2.0,1.0,0.0,2.0,2.0,2.0,5.0,0.0,0.0,0.0,0.0,0.0,0.0,0.0,1.0,4.0,4.0,4.0,4.0,2.0,2.0,2.0,2.0,1.0,2.0,2.0,-2.0,1.0,0.0,0.0,1.0,0.0,-1.0,5,5,5,3,1,1500.0,5000.0,,,0.0,0.0,0.0,,,1.0,0.0,1.0,0.0,0.0,,1.0,0.0,1.0,0.0,0.0,1.0,0.0,0.0,0.0,,,1.0,3.0,2.0,2.0,2.0,,,,,,,,1.0,3.0,2.0,1.0,2.0,2.0,,,,,,,9.0,2.0,4.0,,3.0,,4.0,,5.0,,,,3,4,0.0,3.0,2.0,0.0,0.0,0.0,1.0,1.0,1.0,2.0,3,2,2,0,0.0,0,1,2,4,4,4,2,4,3.0,4.0,1.0,2.0,4.0,4.0,1.0,7.0,5.0,1.0,1.0,0,4.0,1,1.0,1.0,1.0,1.0,2,7.0,1,1,1.0,1000,0,4.0,2.0,.,OK,1,0,1,0.0,,1.0,uuid:146b2e5f-ff17-4536-9a85-97b5d91e6140,uuid:146b2e5f-ff17-4536-9a85-97b5d91e6140,,,,0.0,31487.0,,C,0,1.0,0.0,1.0,0.0,1.0,0.0,28 Jan 2021,22308.0,1200,1800, 3/19/2019,14:20:00,14:53:00,00:32:59,
2019-03-18 13:15:45,2019-03-18 14:01:33,2019-03-18,5,1.0,69494,69494,1,1,694.0,,,,,,,,,,,,,,,,.,,,,,,,,,,,,,,,,,,,,,,,,,,,,,,,,,,,,,,,,,,,,,,,,,,,,,,,,,,,,,,,,,,,,,,,,,,,,,,,,,,,,,,,,,,,,,,,,,,,,,,,,,10,8,6,2,1,1500.0,1500.0,,,,,,,,,,,,,,,0.0,0.0,0.0,0.0,0.0,0.0,0.0,0.0,,,,,,,,,,,,,,,,,,,,,,,,,,,,,,.,,,,,,,,,3,3,2.0,2.0,2.0,2.0,2.0,2.0,2.0,2.0,3.0,1.0,3,3,2,0,0.0,0,2,2,2,2,2,2,2,1.0,2.0,3.0,4.0,1.0,1.0,2.0,1.0,1.0,1.0,1.0,0,4.0,1,1.0,2.0,2.0,1.0,1,3.0,2,2,2.0,200,800,,,.,OK,1,1,1,,,,uuid:147df9f8-5660-45b4-a0a7-79c14367a52a,uuid:147df9f8-5660-45b4-a0a7-79c14367a52a,,,,0.0,69494.0,,A,0,1.0,0.0,1.0,0.0,1.0,0.0,28 Jan 2021,22308.0,1800,1200,,,,,
2019-03-26 12:32:32,2019-03-26 13:55:14,2019-03-15,1,,48,48,1,1,,,,,.,.,.,,.,,,,,,.,,.,,,,,,,,,,,,,,,,0.0,0.0,0.0,0.0,0.0,0.0,0.0,0.0,1.0,3.0,3.0,3.0,1.0,1.0,1.0,3.0,4.0,1.0,2.0,3.0,3.0,3.0,4.0,2.0,2.0,1.0,1.0,1.0,1.0,,,3000.0,,,,,2.0,2.0,2.0,5.0,1.0,1.0,5.0,4.0,2.0,4.0,1.0,3.0,4.0,1.0,3.0,2.0,4.0,1.0,3.0,2.0,2.0,1.0,1.0,2.0,2.0,2.0,6.0,2.0,1.0,0.0,0.0,0.0,0.0,0.0,0.0,4.0,4.0,3.0,3.0,2.0,2.0,1.0,2.0,1.0,1.0,1.0,0.0,3.0,0.0,0.0,0.0,0.0,0.0,9,7,5,4,1,2000.0,13000.0,1.0,3.0,0.0,1.0,0.0,1.0,2.0,,0.0,0.0,0.0,0.0,,,0.0,0.0,0.0,0.0,0.0,0.0,0.0,0.0,,,,,-2.0,-1.0,2.0,1.0,1.0,2.0,3.0,3.0,2.0,,,,,,,,,2.0,2.0,,3.0,,8.0,10.0,4.0,.,3.0,.,3.0,.,4.0,,0.0,1.0,1,3,3.0,2.0,3.0,1.0,1.0,2.0,2.0,1.0,3.0,5.0,1,3,1,1,0.0,0,1,1,3,4,2,1,1,1.0,,,,1.0,3.0,1.0,1.0,3.0,8.0,2.0,1,,1,1.0,3.0,2.0,2.0,4,2.0,2,1,1.0,200,800,2.0,2.0,.,,1,1,1,1.0,1.0,1.0,uuid:14909ada-f193-43b6-9366-1a0397673942,uuid:14909ada-f193-43b6-9366-1a0397673942,,,,1.0,,48.0,,0,1.0,0.0,0.0,0.0,1.0,0.0,28 Jan 2021,22308.0,1400,1600, 3/14/2019,16:09:59,16:37:00,00:27:00,
2019-03-22 10:39:08,2019-03-22 11:50:12,2019-03-22,2,,3762,3762,1,1,374.0,,,,,,,,,,,,,,,,,,,,,,,,,,,,,,,,,,,,,,,1.0,1.0,3.0,3.0,4.0,5.0,1.0,1.0,3.0,3.0,1.0,3.0,3.0,3.0,3.0,2.0,2.0,2.0,2.0,2.0,2.0,2.0,2000.0,,,,2000.0,,,2.0,4.0,4.0,2.0,2.0,2.0,2.0,2.0,2.0,2.0,2.0,4.0,2.0,3.0,2.0,3.0,2.0,2.0,4.0,0.0,0.0,1.0,0.0,2.0,2.0,2.0,8.0,2.0,0.0,0.0,0.0,0.0,0.0,0.0,1.0,3.0,4.0,4.0,4.0,1.0,1.0,1.0,1.0,1.0,2.0,2.0,-2.0,2.0,-1.0,0.0,0.0,0.0,0.0,8,6,5,4,1,1500.0,3000.0,,,0.0,0.0,0.0,,,1.0,1.0,0.0,0.0,0.0,,2.0,1.0,0.0,0.0,0.0,0.0,0.0,1.0,0.0,,,0.0,,2.0,1.0,1.0,,,,,,,,1.0,2.0,2.0,3.0,2.0,4.0,,,,,,,8.0,7.0,4.0,,4.0,,4.0,,4.0,,0.0,0.0,3,3,3.0,1.0,3.0,3.0,3.0,3.0,3.0,3.0,1.0,3.0,3,3,2,0,0.0,0,2,2,4,2,1,2,2,1.0,2.0,3.0,4.0,8.0,8.0,1.0,2.0,1.0,1.0,1.0,0,1.0,2,1.0,1.0,1.0,1.0,1,4.0,1,2,1.0,0,1000,1.0,1.0,.,OK,1,1,1,0.0,,1.0,uuid:15031f71-dfb8-48ca-b7ef-2de4d70b77e1,uuid:15031f71-dfb8-48ca-b7ef-2de4d70b77e1,,,,0.0,3762.0,,C,0,1.0,0.0,1.0,0.0,1.0,0.0,28 Jan 2021,22308.0,1200,1800,22/03/2019,13:52:00,14:39:00,00:47:00,
2019-04-06 11:09:58,2019-04-06 11:46:59,2019-04-06,5,0.0,59649,59649,1,1,596.0,80.0,0.0,1959.0,kananga,plateau,LULUWA,33.0,,1.0,,2.0,1.0,4.0,DIBAYA,17.0,,1000.0,140000.0,2.0,3.0,2.0,1.0,1.0,0.0,1.0,1.0,1.0,1.0,1.0,140000.0,1000.0,0.0,0.0,0.0,0.0,0.0,0.0,1.0,,,,,,,,,,,,,,,,,,,,,,,,,,,,,,,,,,,,,,,,,,,,,,,,,,,,,,,,,,,,,,,,,,,,,,,,,,,,,,,,,,,8,4,2,0,1,1000.0,1000.0,,,0.0,0.0,0.0,,,,,,,,,,0.0,0.0,0.0,0.0,0.0,0.0,0.0,0.0,,,,,,,,,,,,,,,,,,,,,,,,,,,,,,,,,,,,,,,5,5,0.0,3.0,2.0,2.0,2.0,2.0,2.0,2.0,1.0,3.0,3,2,2,0,0.0,0,1,1,4,2,2,2,2,3.0,4.0,1.0,2.0,2.0,2.0,2.0,2.0,2.0,2.0,2.0,1,,1,1.0,1.0,1.0,1.0,3,7.0,1,1,2.0,0,1000,,,.,OK,1,1,1,,,,uuid:159c8340-c43a-4ac8-9461-4fb413cd6451,uuid:159c8340-c43a-4ac8-9461-4fb413cd6451,,,,0.0,59649.0,,A,0,1.0,1.0,1.0,0.0,1.0,0.0,28 Jan 2021,22308.0,600,2400,,,,,
2019-03-19 09:22:45,2019-03-19 10:10:39,2019-03-19,5,1.0,35410,35410,1,1,354.0,,,,,,,,,,,,,,,,,,,,,,,,,,,,,,,,,,,,,,,,,,,,,,,,,,,,,,,,,,,,,,,,,,,,,,,,,,,,,,,,,,,,,,,,,,,,,,,,,,,,,,,,,,,,,,,,,,,,,,,,,5,3,1,0,1,1500.0,1500.0,,,0.0,0.0,0.0,,,,,,,,,,,,,,0.0,0.0,0.0,0.0,,,,,,,,,,,,,,,,,,,,,,,,,,,,,,,,,,,,,,,3,3,2.0,2.0,2.0,2.0,2.0,2.0,2.0,2.0,1.0,3.0,1,3,2,0,0.0,0,2,4,4,2,2,2,2,1.0,2.0,3.0,4.0,1.0,2.0,1.0,2.0,1.0,1.0,1.0,0,3.0,1,1.0,4.0,2.0,1.0,1,6.0,1,1,1.0,500,500,,,.,OK,1,1,1,,,,uuid:16b5eeaf-5b8d-4cc9-b06a-ccda63df4a54,uuid:16b5eeaf-5b8d-4cc9-b06a-ccda63df4a54,,,,0.0,35410.0,,A,0,1.0,0.0,1.0,0.0,1.0,0.0,28 Jan 2021,22308.0,1300,1700,,,,,
2019-03-13 07:47:29,2019-03-13 09:33:11,2019-03-13,1,,35,35,1,1,,,,,.,.,.,,.,,,,,,.,,.,,,,,,,,,,,,,,,,0.0,0.0,0.0,0.0,0.0,0.0,0.0,0.0,3.0,3.0,3.0,4.0,1.0,4.0,4.0,3.0,3.0,3.0,3.0,4.0,4.0,1.0,5.0,4.0,2.0,1.0,1.0,1.0,1.0,1500.0,,,,,,,2.0,4.0,4.0,2.0,1.0,5.0,5.0,1.0,1.0,5.0,2.0,5.0,1.0,3.0,3.0,1.0,1.0,2.0,4.0,0.0,1.0,2.0,2.0,0.0,2.0,2.0,8.0,0.0,0.0,0.0,1.0,1.0,0.0,0.0,0.0,3.0,1.0,3.0,0.0,2.0,2.0,2.0,2.0,2.0,2.0,-2.0,0.0,4.0,,-1.0,0.0,,-2.0,10,9,8,7,1,,,0.0,2.0,0.0,0.0,1.0,1.0,5.0,,0.0,0.0,0.0,0.0,,,0.0,0.0,0.0,0.0,0.0,0.0,0.0,0.0,,,,,-2.0,2.0,-1.0,1.0,0.0,3.0,0.0,3.0,4.0,,,,,,,,,1.0,5.0,,3.0,,9.0,10.0,4.0,,5.0,,5.0,,5.0,,,,3,3,,,,,,,,,,,3,3,1,0,0.0,0,1,2,1,1,2,1,3,,,,,1.0,7.0,1.0,1.0,3.0,1.0,1.0,0,4.0,2,1.0,1.0,1.0,1.0,1,4.0,1,1,1.0,800,200,3.0,1.0,.,,1,1,1,1.0,1.0,1.0,uuid:16de3e1b-dc5b-4202-9abc-b259918e7a2e,uuid:16de3e1b-dc5b-4202-9abc-b259918e7a2e,2.0,0.0,0.0,0.0,,35.0,,0,1.0,0.0,0.0,0.0,1.0,0.0,28 Jan 2021,22308.0,1400,1600, 3/13/2019,10:29:00,10:42:00,00:13:00,
2019-03-20 12:46:07,2019-03-20 14:27:26,2019-03-20,2,,12110,12110,1,1,121.0,,,,,,,,,,,,,,,,,,,,,,,,,,,,,,,,,,,,,,,1.0,1.0,3.0,4.0,4.0,4.0,4.0,5.0,4.0,1.0,3.0,5.0,3.0,4.0,4.0,4.0,2.0,4.0,2.0,1.0,2.0,2.0,2000.0,,,1000.0,,,,2.0,4.0,4.0,1.0,1.0,4.0,2.0,3.0,2.0,2.0,2.0,4.0,1.0,4.0,4.0,6.0,1.0,4.0,4.0,1.0,1.0,1.0,1.0,1.0,2.0,1.0,3.0,2.0,0.0,0.0,0.0,0.0,0.0,0.0,1.0,4.0,4.0,4.0,4.0,1.0,1.0,1.0,2.0,1.0,2.0,2.0,0.0,3.0,0.0,0.0,0.0,0.0,0.0,5,3,2,1,1,1000.0,5000.0,,,0.0,0.0,0.0,,,0.0,,,,,,,,,,,0.0,0.0,0.0,0.0,,,0.0,,1.0,2.0,0.0,,,,,,,,1.0,1.0,1.0,2.0,2.0,3.0,,,,,,,3.0,3.0,5.0,,5.0,,5.0,,5.0,,,,5,5,3.0,2.0,3.0,0.0,0.0,2.0,2.0,2.0,3.0,1.0,3,3,1,0,1.0,0,2,2,4,2,2,2,2,4.0,3.0,2.0,1.0,1.0,1.0,1.0,1.0,1.0,1.0,1.0,0,4.0,4,1.0,1.0,1.0,1.0,1,6.0,1,2,1.0,500,500,3.0,2.0,.,OK,1,1,1,1.0,1.0,1.0,uuid:171d6b51-eef3-4fd0-ba06-418171740a27,uuid:171d6b51-eef3-4fd0-ba06-418171740a27,,,,0.0,12110.0,,C,0,1.0,0.0,1.0,0.0,1.0,0.0,28 Jan 2021,22308.0,300,2700, 3/20/2019,15:24:59,15:55:00,00:30:00,
2019-05-03 11:58:07,2019-05-03 14:06:21,2019-05-03,3,1.0,54744,54744,1,1,547.0,,,,,,,,,,,,,,,,,,,,,,,,,,,,,,,,,,,,,,,1.0,2.0,5.0,3.0,4.0,3.0,1.0,5.0,5.0,1.0,1.0,4.0,4.0,5.0,5.0,4.0,4.0,2.0,2.0,2.0,2.0,2.0,2000.0,,,,,,2000.0,2.0,4.0,4.0,1.0,1.0,1.0,2.0,1.0,1.0,3.0,1.0,4.0,1.0,4.0,1.0,1.0,1.0,1.0,4.0,2.0,2.0,2.0,0.0,2.0,0.0,2.0,4.0,0.0,1.0,0.0,0.0,0.0,1.0,1.0,0.0,4.0,3.0,4.0,2.0,2.0,2.0,2.0,2.0,2.0,2.0,-2.0,-2.0,2.0,0.0,0.0,0.0,0.0,0.0,7,5,4,2,1,15000.0,3000.0,,,0.0,0.0,0.0,,,,,,,,,,0.0,0.0,0.0,0.0,0.0,0.0,0.0,0.0,,,,,2.0,-1.0,2.0,,,,,,,,,,,,,,,,,,,,8.0,8.0,5.0,,5.0,,5.0,,5.0,,,,5,3,2.0,2.0,3.0,0.0,2.0,2.0,2.0,2.0,3.0,1.0,3,3,2,0,0.0,0,1,2,2,1,1,2,4,1.0,2.0,3.0,4.0,1.0,1.0,1.0,1.0,3.0,1.0,1.0,0,4.0,2,2.0,2.0,2.0,2.0,1,3.0,1,1,1.0,950,50,1.0,1.0,.,OK,1,1,1,1.0,1.0,1.0,uuid:17b9b5c7-4287-44d5-aa1b-d31f0c258c88,uuid:17b9b5c7-4287-44d5-aa1b-d31f0c258c88,,,,0.0,54744.0,,A,0,1.0,0.0,1.0,0.0,1.0,0.0,28 Jan 2021,22308.0,1400,1600,,,,,
2019-04-08 08:20:54,2019-04-08 08:53:43,2019-04-08,5,1.0,3283,3283,1,1,328.0,,,,,,,,,,,,,,,,,,,,,,,,,,,,,,,,,,,,,,,,,,,,,,,,,,,,,,,,,,,,,,,,,,,,,,,,,,,,,,,,,,,,,,,,,,,,,,,,,,,,,,,,,,,,,,,,,,,,,,,,,7,3,2,0,1,1500.0,1000.0,,,0.0,0.0,0.0,,,,,,,,,,0.0,0.0,0.0,0.0,0.0,0.0,0.0,0.0,,,,,,,,,,,,,,,,,,,,,,,,,,,,,,,,,,,,,,,3,3,0.0,1.0,2.0,0.0,2.0,2.0,2.0,2.0,3.0,1.0,3,3,2,0,0.0,0,1,1,1,1,1,1,1,2.0,3.0,1.0,4.0,2.0,3.0,3.0,2.0,3.0,2.0,3.0,0,4.0,2,4.0,1.0,2.0,4.0,1,4.0,3,3,1.0,300,700,,,.,OK,1,1,1,,,,uuid:17f57f2a-822e-43c9-9cff-2e950b9bb50a,uuid:17f57f2a-822e-43c9-9cff-2e950b9bb50a,,,,0.0,3283.0,,A,0,1.0,0.0,1.0,0.0,1.0,0.0,28 Jan 2021,22308.0,900,2100,,,,,
2019-03-29 08:27:57,2019-03-29 09:23:28,2019-03-29,4,1.0,35285,35285,1,1,352.0,,,,,,,,,,,,,,,,,,,,,,,,,,,,,,,,,,,,,,,,,,,,,,,,,,,,,,,,,,,,,,,,,,,,,,,,,,,,,,,,,,,,,,,,,,,,,,,,,,,,,,,,,,,,,,,,,,,,,,,,,8,7,5,3,1,1500.0,2000.0,,,0.0,0.0,0.0,,,,,,,,,,0.0,0.0,0.0,0.0,0.0,0.0,0.0,0.0,,,,,,,,,,,,,,,,,,,,,,,,,,,,,,,,,,,,,,,5,4,2.0,2.0,2.0,2.0,2.0,2.0,2.0,2.0,3.0,1.0,3,3,2,0,0.0,0,1,2,2,2,2,2,2,1.0,2.0,3.0,4.0,1.0,1.0,1.0,1.0,3.0,1.0,1.0,0,4.0,1,1.0,1.0,1.0,1.0,2,4.0,1,1,2.0,300,700,,,.,OK,1,1,1,,,,uuid:1846caab-14d6-481b-afac-e9a5a7e9c97b,uuid:1846caab-14d6-481b-afac-e9a5a7e9c97b,,,,0.0,35285.0,,C,0,1.0,0.0,1.0,0.0,1.0,0.0,28 Jan 2021,22308.0,1900,1100,,,,,
2019-04-11 09:35:13,2019-04-11 10:27:19,2019-04-11,5,0.0,3342,3342,0,1,334.0,32.0,0.0,1984.0,Katoka,Tukombe,LULUWA,,Bakua Ndaye,12.0,,3.0,1.0,4.0,KAZUMBA,4.0,,40000.0,120000.0,3.0,3.0,6.0,1.0,1.0,0.0,1.0,1.0,1.0,1.0,1.0,120000.0,40000.0,0.0,0.0,1.0,0.0,0.0,0.0,0.0,,,,,,,,,,,,,,,,,,,,,,,,,,,,,,,,,,,,,,,,,,,,,,,,,,,,,,,,,,,,,,,,,,,,,,,,,,,,,,,,,,,10,6,4,0,1,1500.0,1000.0,,,0.0,0.0,0.0,,,,,,,,,,0.0,0.0,0.0,0.0,0.0,0.0,0.0,0.0,,,,,,,,,,,,,,,,,,,,,,,,,,,,,,,,,,,,,,,5,5,0.0,3.0,2.0,0.0,2.0,0.0,2.0,0.0,3.0,1.0,1,3,2,-1,-1.0,0,2,4,4,2,2,2,2,2.0,3.0,1.0,4.0,5.0,1.0,1.0,1.0,1.0,1.0,1.0,0,4.0,1,4.0,4.0,4.0,1.0,1,7.0,2,2,1.0,200,800,,,.,OK,0,1,1,,,,uuid:18479fb6-eda4-450b-af77-cc13c5018cb3,uuid:18479fb6-eda4-450b-af77-cc13c5018cb3,,,,0.0,3342.0,,A,0,1.0,1.0,1.0,0.0,1.0,0.0,28 Jan 2021,22308.0,3000,0,,,,,
2020-02-14 08:54:07,2020-02-14 10:08:31,2020-02-14,1,1.0,75,75,1,1,,,,,.,.,.,,.,,,,,,.,,.,,,,,,,,,,,,,,,,0.0,0.0,0.0,0.0,0.0,0.0,0.0,1.0,3.0,5.0,3.0,4.0,4.0,3.0,3.0,4.0,2.0,2.0,5.0,3.0,5.0,4.0,4.0,4.0,2.0,1.0,1.0,2.0,2.0,2000.0,,,,,1000.0,,2.0,4.0,4.0,1.0,1.0,1.0,1.0,1.0,1.0,5.0,1.0,4.0,2.0,4.0,1.0,4.0,1.0,1.0,1.0,1.0,1.0,1.0,1.0,0.0,0.0,1.0,4.0,2.0,1.0,0.0,0.0,0.0,1.0,1.0,0.0,4.0,4.0,3.0,3.0,1.0,1.0,0.0,1.0,1.0,1.0,0.0,-1.0,5.0,-1.0,1.0,1.0,1.0,-2.0,8,6,3,1,1,1500.0,2000.0,1.0,3.0,0.0,1.0,0.0,1.0,4.0,,0.0,0.0,0.0,0.0,,,0.0,0.0,0.0,0.0,0.0,0.0,0.0,0.0,,,,,0.0,1.0,1.0,0.0,,,,,,1.0,,,,,,,,3.0,3.0,,2.0,,6.0,1.0,4.0,.,4.0,.,4.0,.,5.0,,,,3,3,2.0,3.0,3.0,1.0,1.0,1.0,1.0,1.0,3.0,1.0,1,3,2,0,0.0,0,1,2,1,2,2,2,2,3.0,4.0,1.0,2.0,2.0,2.0,1.0,2.0,1.0,1.0,1.0,1,,3,1.0,1.0,2.0,2.0,1,6.0,1,1,1.0,400,600,3.0,3.0,.,OK,1,1,1,1.0,1.0,1.0,uuid:1865fc73-8575-4122-9838-4f1349df02d4,uuid:1865fc73-8575-4122-9838-4f1349df02d4,,,,0.0,,75.0,,0,1.0,0.0,0.0,0.0,1.0,0.0,28 Jan 2021,22308.0,800,2200, 2/14/2020,10:06:00,10:25:00,00:19:00,
2019-03-25 08:47:32,2019-03-25 09:57:59,2019-03-25,2,,30490,30490,1,1,304.0,,,,,,,,,,,,,,,,,,,,,,,,,,,,,,,,,,,,,,,1.0,3.0,3.0,3.0,3.0,3.0,3.0,3.0,3.0,3.0,3.0,3.0,4.0,4.0,5.0,4.0,4.0,2.0,1.0,1.0,1.0,1.0,2000.0,,,,,,,1.0,5.0,4.0,1.0,1.0,2.0,1.0,2.0,1.0,5.0,1.0,4.0,2.0,4.0,4.0,1.0,1.0,4.0,4.0,1.0,1.0,1.0,0.0,1.0,1.0,1.0,8.0,2.0,0.0,0.0,1.0,1.0,0.0,0.0,0.0,4.0,3.0,3.0,3.0,1.0,1.0,1.0,1.0,1.0,1.0,0.0,0.0,3.0,0.0,0.0,0.0,0.0,0.0,8,6,5,3,1,2000.0,3000.0,,,0.0,0.0,0.0,,,1.0,0.0,1.0,0.0,0.0,,1.0,1.0,0.0,0.0,0.0,1.0,0.0,0.0,0.0,,,1.0,3.0,2.0,0.0,0.0,,,,,,,,0.0,,,,,,1.0,,,,,,4.0,5.0,4.0,,4.0,,4.0,,5.0,,,,3,3,1.0,2.0,2.0,0.0,2.0,2.0,2.0,2.0,3.0,1.0,3,3,2,0,0.0,0,2,2,2,2,2,2,2,3.0,4.0,1.0,2.0,2.0,3.0,1.0,2.0,2.0,2.0,2.0,1,,1,1.0,1.0,1.0,1.0,3,3.0,2,2,1.0,500,500,3.0,1.0,.,OK,1,1,1,1.0,1.0,1.0,uuid:18a6782d-c9c6-45b6-b0d3-efb5b2711d6e,uuid:18a6782d-c9c6-45b6-b0d3-efb5b2711d6e,,,,0.0,30490.0,,C,0,1.0,0.0,1.0,0.0,1.0,0.0,28 Jan 2021,22308.0,1200,1800,25/03/2019,10:57:00,11:43:00,00:46:00,
2019-04-05 10:46:38,2019-04-05 11:47:44,2019-04-05,3,1.0,32276,32276,0,1,322.0,,,,,,,,,,,,,,,,,,,,,,,,,,,,,,,,,,,,,,,1.0,3.0,3.0,3.0,3.0,3.0,3.0,3.0,3.0,3.0,3.0,3.0,3.0,3.0,3.0,4.0,2.0,1.0,1.0,1.0,2.0,2.0,2000.0,,,,,1000.0,,2.0,4.0,4.0,2.0,2.0,2.0,2.0,4.0,2.0,2.0,2.0,4.0,2.0,4.0,4.0,5.0,1.0,4.0,4.0,2.0,1.0,1.0,1.0,1.0,1.0,1.0,3.0,2.0,1.0,1.0,1.0,1.0,1.0,0.0,0.0,4.0,4.0,4.0,4.0,2.0,2.0,2.0,2.0,2.0,2.0,2.0,2.0,5.0,-2.0,0.0,0.0,0.0,2.0,10,8,6,0,1,1500.0,1500.0,,,0.0,0.0,0.0,,,,,,,,,,0.0,0.0,0.0,0.0,0.0,0.0,0.0,0.0,,,,,0.0,0.0,2.0,,,,,,,,,,,,,,,,,,,,5.0,10.0,5.0,,4.0,,4.0,,4.0,,0.0,0.0,3,3,2.0,3.0,2.0,0.0,2.0,2.0,2.0,2.0,3.0,1.0,3,3,2,0,0.0,0,1,1,4,1,1,1,1,3.0,4.0,1.0,2.0,2.0,2.0,2.0,2.0,2.0,2.0,2.0,1,,2,1.0,1.0,1.0,1.0,3,3.0,1,1,1.0,1000,0,2.0,1.0,.,OK,1,1,1,1.0,1.0,1.0,uuid:18e448d6-34d2-4559-8ddc-d88996d81ae7,uuid:18e448d6-34d2-4559-8ddc-d88996d81ae7,,,,0.0,32276.0,,A,0,1.0,0.0,1.0,0.0,1.0,0.0,28 Jan 2021,22308.0,600,2400,,,,,
2019-03-25 14:27:57,2019-03-25 15:02:36,2019-03-25,5,1.0,10185,10185,1,1,101.0,,,,,,,,,,,,,,,,,,,,,,,,,,,,,,,,,,,,,,,,,,,,,,,,,,,,,,,,,,,,,,,,,,,,,,,,,,,,,,,,,,,,,,,,,,,,,,,,,,,,,,,,,,,,,,,,,,,,,,,,,7,5,3,0,1,2000.0,2000.0,,,0.0,0.0,0.0,,,,,,,,,,,,,,0.0,0.0,0.0,0.0,,,,,,,,,,,,,,,,,,,,,,,,,,,,,,,,,,,,,,,5,3,2.0,2.0,3.0,2.0,2.0,2.0,2.0,2.0,3.0,1.0,3,3,2,0,0.0,0,2,2,2,2,2,2,2,1.0,2.0,3.0,4.0,1.0,1.0,1.0,1.0,1.0,1.0,1.0,0,4.0,1,1.0,3.0,2.0,1.0,1,4.0,1,1,1.0,200,800,,,.,OK,1,1,1,,,,uuid:1a7aaac4-0cfc-4e8d-a1dc-7c991dd2b061,uuid:1a7aaac4-0cfc-4e8d-a1dc-7c991dd2b061,,,,0.0,10185.0,,A,0,1.0,0.0,1.0,0.0,1.0,0.0,28 Jan 2021,22308.0,1400,1600,,,,,
2019-04-20 09:22:28,2019-04-20 10:25:09,2019-04-20,2,1.0,31085,31085,1,1,310.0,,,,,,,,,,,,,,,,,,,,,,,,,,,,,,,,,,,,,,,1.0,3.0,3.0,3.0,3.0,3.0,3.0,3.0,3.0,3.0,3.0,4.0,3.0,3.0,3.0,2.0,2.0,2.0,1.0,2.0,2.0,2.0,2000.0,,,,2000.0,,,2.0,4.0,2.0,2.0,2.0,2.0,2.0,2.0,2.0,2.0,2.0,2.0,2.0,1.0,4.0,6.0,4.0,1.0,4.0,2.0,2.0,2.0,0.0,2.0,2.0,1.0,3.0,2.0,1.0,1.0,1.0,1.0,1.0,1.0,0.0,3.0,4.0,4.0,4.0,2.0,2.0,2.0,2.0,2.0,2.0,0.0,0.0,4.0,0.0,0.0,0.0,0.0,-1.0,7,5,3,1,1,1500.0,2000.0,,,0.0,0.0,0.0,,,1.0,1.0,1.0,0.0,0.0,,1.0,1.0,0.0,0.0,0.0,1.0,0.0,0.0,0.0,,,1.0,7.0,0.0,2.0,2.0,,,,,,,,1.0,3.0,3.0,3.0,3.0,2.0,,,,,,,7.0,10.0,4.0,,3.0,,4.0,,5.0,,,,5,5,0.0,3.0,2.0,0.0,3.0,2.0,2.0,2.0,1.0,3.0,3,3,2,0,0.0,0,1,2,4,2,2,2,2,1.0,3.0,2.0,4.0,3.0,4.0,3.0,2.0,5.0,4.0,8.0,0,4.0,1,3.0,1.0,1.0,2.0,1,4.0,1,2,1.0,300,700,2.0,2.0,.,OK,1,1,1,1.0,1.0,1.0,uuid:1b860122-4328-416d-833d-13cbd6e1e001,uuid:1b860122-4328-416d-833d-13cbd6e1e001,,,,0.0,31085.0,,C,0,1.0,0.0,1.0,0.0,1.0,0.0,28 Jan 2021,22308.0,800,2200,,,,,
2019-04-23 09:58:34,2019-04-23 10:42:41,2019-04-23,4,0.0,32092,32092,1,1,320.0,31.0,1.0,,Katoka,Tukombe,LULUWA,,Bena mukangala ( bena meta),2.0,,2.0,0.0,4.0,KANANGA,5.0,,40000.0,180000.0,5.0,3.0,4.0,1.0,1.0,1.0,1.0,2.0,2.0,2.0,3.0,180000.0,40000.0,1.0,0.0,1.0,0.0,0.0,0.0,0.0,,,,,,,,,,,,,,,,,,,,,,,,,,,,,,,,,,,,,,,,,,,,,,,,,,,,,,,,,,,,,,,,,,,,,,,,,,,,,,,,,,,10,10,10,8,1,2000.0,5000.0,,,0.0,0.0,0.0,,,,,,,,,,0.0,0.0,0.0,0.0,0.0,0.0,0.0,0.0,,,,,,,,,,,,,,,,,,,,,,,,,,,,,,,,,,,,,,,3,3,1.0,2.0,2.0,0.0,2.0,0.0,2.0,0.0,3.0,1.0,3,3,2,0,0.0,0,1,2,2,1,1,1,1,2.0,4.0,1.0,3.0,1.0,3.0,1.0,1.0,3.0,1.0,2.0,1,,1,4.0,4.0,1.0,2.0,2,4.0,1,1,1.0,700,300,,,.,OK,1,1,1,,,,uuid:1e655713-1d9d-4e6c-95f0-593cd0fac6af,uuid:1e655713-1d9d-4e6c-95f0-593cd0fac6af,,,,0.0,32092.0,,C,0,1.0,1.0,1.0,0.0,1.0,0.0,28 Jan 2021,22308.0,1700,1300,,,,,
2019-04-01 08:43:26,2019-04-01 10:21:57,2019-04-01,2,1.0,23844,23844,1,1,238.0,,,,,,,,,,,,,,,,,,,,,,,,,,,,,,,,,,,,,,,1.0,2.0,3.0,5.0,3.0,1.0,3.0,2.0,3.0,1.0,2.0,4.0,3.0,5.0,5.0,5.0,2.0,1.0,1.0,1.0,2.0,2.0,,2500.0,,,,,,1.0,4.0,4.0,5.0,2.0,2.0,5.0,2.0,4.0,4.0,2.0,5.0,2.0,2.0,1.0,3.0,1.0,3.0,3.0,1.0,1.0,1.0,0.0,2.0,2.0,2.0,6.0,2.0,0.0,0.0,0.0,0.0,0.0,0.0,1.0,4.0,4.0,4.0,3.0,2.0,2.0,2.0,2.0,2.0,2.0,2.0,0.0,4.0,0.0,0.0,0.0,0.0,0.0,10,7,5,3,1,1500.0,5000.0,,,0.0,0.0,0.0,,,0.0,,,,,,,0.0,0.0,0.0,0.0,0.0,0.0,0.0,0.0,,,0.0,,2.0,2.0,2.0,,,,,,,,0.0,,,,,,0.0,,,,,,8.0,7.0,5.0,,5.0,,5.0,,5.0,,,,3,3,3.0,3.0,2.0,3.0,2.0,2.0,2.0,2.0,1.0,3.0,3,3,2,0,0.0,0,1,2,4,2,2,2,2,3.0,4.0,1.0,2.0,1.0,2.0,2.0,1.0,2.0,1.0,2.0,1,,2,1.0,3.0,1.0,1.0,2,4.0,1,2,2.0,0,1000,2.0,1.0,.,OK,1,1,1,1.0,1.0,0.0,uuid:1ea2a69e-e506-46c5-94e7-90e658a4eb97,uuid:1ea2a69e-e506-46c5-94e7-90e658a4eb97,,,,0.0,23844.0,,C,0,1.0,0.0,1.0,0.0,1.0,0.0,28 Jan 2021,22308.0,1400,1600,  1/4/2019,?,?,,
2019-03-22 09:58:30,2019-03-22 10:30:06,2019-03-22,4,1.0,33871,33871,1,1,338.0,,,,,,,,,,,,,,,,,,,,,,,,,,,,,,,,,,,,,,,,,,,,,,,,,,,,,,,,,,,,,,,,,,,,,,,,,,,,,,,,,,,,,,,,,,,,,,,,,,,,,,,,,,,,,,,,,,,,,,,,,10,5,3,2,1,5000.0,2000.0,,,0.0,0.0,0.0,,,,,,,,,,,,,,0.0,0.0,0.0,0.0,,,,,,,,,,,,,,,,,,,,,,,,,,,,,,,,,,,,,,,5,5,0.0,2.0,2.0,0.0,2.0,0.0,2.0,2.0,3.0,2.0,3,3,2,0,0.0,0,1,2,2,2,2,2,2,2.0,3.0,1.0,4.0,3.0,3.0,3.0,3.0,2.0,2.0,3.0,0,4.0,1,3.0,3.0,1.0,1.0,1,7.0,2,2,1.0,100,900,,,.,OK,1,1,1,,,,uuid:1f5ef923-10ca-481f-bfbb-6f4c90761afc,uuid:1f5ef923-10ca-481f-bfbb-6f4c90761afc,,,,0.0,33871.0,,C,0,1.0,0.0,1.0,0.0,1.0,0.0,28 Jan 2021,22308.0,600,2400,,,,,
2019-03-19 07:43:11,2019-03-19 09:18:39,2019-03-19,2,,11986,11986,1,2,119.0,,,,,,,,,,,,,,,,,,,,,,,,,,,,,,,,,,,,,,,1.0,2.0,3.0,3.0,3.0,3.0,3.0,3.0,3.0,3.0,3.0,3.0,3.0,3.0,3.0,5.0,4.0,2.0,1.0,1.0,1.0,1.0,2000.0,,,1000.0,,,,2.0,4.0,4.0,2.0,2.0,2.0,2.0,2.0,2.0,4.0,2.0,4.0,2.0,3.0,3.0,1.0,1.0,1.0,4.0,1.0,1.0,1.0,0.0,1.0,1.0,0.0,6.0,2.0,0.0,0.0,0.0,1.0,1.0,0.0,0.0,4.0,4.0,3.0,1.0,1.0,1.0,1.0,1.0,1.0,1.0,2.0,0.0,4.0,0.0,0.0,0.0,0.0,0.0,7,4,4,3,1,2000.0,2000.0,,,0.0,0.0,0.0,,,0.0,,,,,,,,,,,0.0,0.0,0.0,0.0,,,0.0,,2.0,2.0,2.0,,,,,,,,0.0,,,,,,0.0,,,,,,10.0,10.0,5.0,,3.0,,5.0,,5.0,,,,4,3,2.0,2.0,2.0,2.0,2.0,2.0,2.0,2.0,3.0,1.0,1,3,2,0,0.0,0,2,2,2,2,2,2,2,1.0,2.0,3.0,4.0,1.0,1.0,1.0,1.0,1.0,1.0,1.0,0,4.0,1,1.0,1.0,2.0,1.0,1,4.0,2,2,2.0,300,700,2.0,2.0,.,OK,1,1,1,1.0,1.0,1.0,uuid:22c2c2c7-f1ae-442a-b291-238339deed27,uuid:22c2c2c7-f1ae-442a-b291-238339deed27,,,,0.0,11986.0,,C,0,1.0,0.0,1.0,0.0,1.0,0.0,28 Jan 2021,22308.0,1500,1500, 3/19/2019,10:16:00,11:09:00,00:53:00,
2019-03-27 14:32:42,2019-03-27 15:26:58,2019-03-27,5,0.0,51611,51611,1,1,516.0,55.0,0.0,1970.0,Kananga,Tshinsambi,SONGE,,,2.0,,2.0,1.0,5.0,KATAKO-KOMBE,6.0,,120000.0,12000.0,6.0,3.0,4.0,1.0,1.0,1.0,1.0,2.0,3.0,2.0,3.0,12000.0,120000.0,0.0,0.0,0.0,0.0,0.0,1.0,0.0,,,,,,,,,,,,,,,,,,,,,,,,,,,,,,,,,,,,,,,,,,,,,,,,,,,,,,,,,,,,,,,,,,,,,,,,,,,,,,,,,,,9,7,3,1,1,1500.0,3000.0,,,0.0,0.0,0.0,,,,,,,,,,0.0,0.0,0.0,0.0,0.0,0.0,0.0,0.0,,,,,,,,,,,,,,,,,,,,,,,,,,,,,,,,,,,,,,,3,3,2.0,2.0,2.0,2.0,2.0,2.0,2.0,2.0,3.0,1.0,1,3,2,0,0.0,0,1,2,2,2,3,2,2,1.0,2.0,3.0,4.0,1.0,1.0,1.0,1.0,1.0,1.0,1.0,1,,1,1.0,1.0,1.0,1.0,3,2.0,3,1,2.0,1000,0,,,.,OK,1,1,1,,,,uuid:2312cdc7-bb6a-4d69-9915-13a304d047c2,uuid:2312cdc7-bb6a-4d69-9915-13a304d047c2,,,,0.0,51611.0,,A,0,1.0,1.0,1.0,0.0,1.0,0.0,28 Jan 2021,22308.0,1100,1900,,,,,
2019-03-20 09:09:40,2019-03-20 10:32:02,2019-03-20,2,,37052,37052,1,1,370.0,,,,,,,,,,,,,,,,,,,,,,,,,,,,,,,,,,,,,,,0.0,4.0,4.0,5.0,3.0,3.0,3.0,3.0,3.0,3.0,1.0,3.0,3.0,3.0,3.0,5.0,4.0,2.0,2.0,1.0,2.0,1.0,2000.0,,,,,1000.0,,2.0,4.0,4.0,2.0,2.0,2.0,2.0,3.0,2.0,4.0,2.0,4.0,2.0,4.0,1.0,4.0,1.0,1.0,1.0,1.0,1.0,1.0,0.0,2.0,1.0,2.0,7.0,1.0,0.0,0.0,0.0,0.0,0.0,0.0,1.0,3.0,4.0,4.0,4.0,2.0,2.0,2.0,2.0,2.0,1.0,0.0,0.0,4.0,0.0,0.0,0.0,0.0,0.0,4,3,2,1,1,2500.0,1500.0,,,0.0,0.0,0.0,,,0.0,,,,,,,,,,,0.0,0.0,0.0,0.0,,,1.0,3.0,0.0,2.0,2.0,,,,,,,,1.0,3.0,2.0,2.0,2.0,4.0,,,,,,,5.0,8.0,4.0,,4.0,,3.0,,5.0,,,,5,3,2.0,1.0,2.0,2.0,2.0,2.0,2.0,2.0,3.0,1.0,3,3,2,0,0.0,0,2,2,2,2,2,2,2,1.0,2.0,3.0,4.0,1.0,1.0,1.0,1.0,7.0,1.0,1.0,0,4.0,2,2.0,2.0,1.0,1.0,3,4.0,1,2,1.0,500,500,3.0,2.0,.,OK,1,1,1,1.0,1.0,1.0,uuid:23196fd5-0573-46d6-9a4a-26315c4b6f8f,uuid:23196fd5-0573-46d6-9a4a-26315c4b6f8f,,,,0.0,37052.0,,C,0,1.0,0.0,1.0,0.0,1.0,0.0,28 Jan 2021,22308.0,1700,1300, 3/20/2019,11:31:59,12:37:00,01:05:00,
2019-04-06 09:04:03,2019-04-06 10:13:22,2019-04-06,3,1.0,11789,11789,0,1,117.0,,,,,,,,,,,,,,,,,,,,,,,,,,,,,,,,,,,,,,,0.0,2.0,3.0,4.0,4.0,5.0,3.0,3.0,5.0,3.0,1.0,2.0,3.0,5.0,5.0,2.0,2.0,4.0,1.0,1.0,2.0,1.0,2000.0,,,1000.0,,,,1.0,4.0,4.0,1.0,1.0,2.0,2.0,4.0,1.0,4.0,2.0,4.0,2.0,3.0,3.0,1.0,2.0,1.0,2.0,0.0,1.0,1.0,0.0,1.0,1.0,1.0,6.0,1.0,0.0,0.0,0.0,0.0,0.0,0.0,1.0,3.0,3.0,3.0,3.0,1.0,1.0,1.0,1.0,1.0,1.0,1.0,0.0,3.0,1.0,1.0,1.0,1.0,1.0,9,8,5,2,1,1500.0,6500.0,,,0.0,0.0,0.0,,,,,,,,,,0.0,0.0,0.0,0.0,0.0,0.0,0.0,0.0,,,,,2.0,2.0,2.0,,,,,,,,,,,,,,,,,,,,12.0,10.0,5.0,,4.0,,4.0,,5.0,,,,3,5,0.0,3.0,1.0,0.0,1.0,1.0,1.0,1.0,3.0,1.0,3,3,2,0,0.0,0,3,3,4,3,3,1,1,4.0,3.0,1.0,2.0,1.0,1.0,2.0,2.0,2.0,2.0,1.0,0,4.0,2,2.0,2.0,2.0,2.0,2,3.0,1,1,1.0,800,200,1.0,1.0,.,OK,1,1,1,0.0,,1.0,uuid:2325357b-1036-451c-9bc0-91bd1e41fa21,uuid:2325357b-1036-451c-9bc0-91bd1e41fa21,,,,0.0,11789.0,,A,0,1.0,0.0,1.0,0.0,1.0,0.0,28 Jan 2021,22308.0,100,2900,,,,,
2019-03-19 07:10:50,2019-03-19 08:03:10,2019-03-19,4,1.0,5992,5992,1,1,599.0,,,,,,,,,,,,,,,,,,,,,,,,,,,,,,,,,,,,,,,,,,,,,,,,,,,,,,,,,,,,,,,,,,,,,,,,,,,,,,,,,,,,,,,,,,,,,,,,,,,,,,,,,,,,,,,,,,,,,,,,,3,1,0,0,1,500.0,800.0,,,0.0,0.0,0.0,,,,,,,,,,,,,,0.0,0.0,0.0,0.0,,,,,,,,,,,,,,,,,,,,,,,,,,,,,,,,,,,,,,,3,5,3.0,1.0,3.0,2.0,2.0,2.0,2.0,2.0,1.0,4.0,3,3,2,0,0.0,0,1,2,4,2,2,2,2,3.0,4.0,1.0,2.0,1.0,1.0,1.0,1.0,1.0,1.0,1.0,0,4.0,2,2.0,4.0,4.0,1.0,1,7.0,3,4,2.0,200,800,,,.,OK,1,1,1,,,,uuid:23860078-e217-4eed-9c3d-9bce51e93bec,uuid:23860078-e217-4eed-9c3d-9bce51e93bec,,,,0.0,5992.0,,C,0,1.0,0.0,1.0,0.0,1.0,0.0,28 Jan 2021,22308.0,1400,1600,,,,,
2019-03-13 12:46:57,2019-03-13 14:19:51,2019-03-13,1,,64,64,1,1,,,,,.,.,.,,.,,,,,,.,,.,,,,,,,,,,,,,,,,0.0,0.0,0.0,0.0,0.0,0.0,0.0,0.0,2.0,3.0,3.0,3.0,2.0,1.0,2.0,4.0,1.0,2.0,4.0,2.0,4.0,3.0,4.0,2.0,4.0,2.0,2.0,2.0,2.0,2000.0,,,,2000.0,,,2.0,5.0,4.0,2.0,2.0,2.0,2.0,2.0,2.0,4.0,2.0,4.0,2.0,2.0,2.0,5.0,2.0,2.0,3.0,0.0,1.0,1.0,0.0,0.0,1.0,0.0,8.0,2.0,1.0,0.0,0.0,0.0,1.0,0.0,0.0,4.0,4.0,4.0,4.0,1.0,1.0,1.0,1.0,1.0,1.0,0.0,0.0,3.0,,0.0,0.0,,0.0,8,7,5,3,1,,,1.0,2.0,1.0,0.0,0.0,1.0,2.0,,0.0,0.0,0.0,0.0,,,0.0,0.0,0.0,0.0,0.0,0.0,0.0,0.0,,,,,0.0,2.0,0.0,1.0,2.0,2.0,2.0,2.0,2.0,,,,,,,,,3.0,4.0,,3.0,,8.0,10.0,4.0,,4.0,,5.0,,4.0,,0.0,0.0,5,3,,,,,,,,,,,1,3,1,0,0.0,0,2,2,4,2,2,2,2,,,,,1.0,1.0,3.0,1.0,3.0,3.0,1.0,1,,2,2.0,2.0,2.0,2.0,2,4.0,2,2,1.0,200,800,4.0,3.0,.,,1,0,1,1.0,1.0,0.0,uuid:24501934-27cb-4657-9959-dc15b7d48cf3,uuid:24501934-27cb-4657-9959-dc15b7d48cf3,0.0,2.0,2.0,0.0,,64.0,,0,1.0,0.0,0.0,0.0,1.0,0.0,28 Jan 2021,22308.0,1000,2000,,,,,
2019-03-25 11:51:01,2019-03-25 13:05:21,2019-03-25,2,,32784,32784,1,1,327.0,,,,,,,,,,,,,,,,,,,,,,,,,,,,,,,,,,,,,,,1.0,2.0,3.0,3.0,5.0,3.0,2.0,3.0,5.0,2.0,3.0,3.0,2.0,3.0,5.0,4.0,3.0,3.0,2.0,2.0,1.0,1.0,2000.0,,,,2000.0,,,2.0,4.0,4.0,2.0,2.0,2.0,2.0,2.0,2.0,4.0,2.0,4.0,2.0,4.0,4.0,1.0,2.0,4.0,4.0,1.0,1.0,2.0,0.0,1.0,1.0,1.0,4.0,2.0,1.0,0.0,0.0,0.0,0.0,0.0,0.0,3.0,1.0,3.0,3.0,2.0,1.0,1.0,0.0,1.0,1.0,1.0,2.0,4.0,0.0,0.0,0.0,0.0,0.0,8,6,5,4,1,1500.0,2000.0,,,0.0,0.0,0.0,,,0.0,,,,,,,,,,,0.0,0.0,0.0,0.0,,,1.0,3.0,2.0,2.0,2.0,,,,,,,,0.0,,,,,,0.0,,,,,,5.0,4.0,4.0,,4.0,,4.0,,4.0,,0.0,0.0,4,3,2.0,2.0,2.0,2.0,2.0,2.0,2.0,2.0,3.0,1.0,3,3,2,0,0.0,0,2,2,2,2,2,2,2,4.0,3.0,1.0,2.0,1.0,1.0,1.0,1.0,1.0,1.0,1.0,0,3.0,2,2.0,2.0,2.0,2.0,2,4.0,1,2,1.0,500,500,2.0,2.0,.,OK,1,1,1,1.0,1.0,1.0,uuid:24558d10-c3fc-40e0-aad9-f63bc4b2c213,uuid:24558d10-c3fc-40e0-aad9-f63bc4b2c213,,,,0.0,32784.0,,C,0,1.0,0.0,1.0,0.0,1.0,0.0,28 Jan 2021,22308.0,1100,1900,25/03/2019,14:06:00,14:20:00,00:14:00,
2019-03-25 11:45:57,2019-03-25 12:21:20,2019-03-25,4,1.0,34450,34450,1,1,344.0,,,,,,,,,,,,,,,,,,,,,,,,,,,,,,,,,,,,,,,,,,,,,,,,,,,,,,,,,,,,,,,,,,,,,,,,,,,,,,,,,,,,,,,,,,,,,,,,,,,,,,,,,,,,,,,,,,,,,,,,,6,4,3,2,1,2000.0,2000.0,,,0.0,0.0,0.0,,,,,,,,,,,,,,0.0,0.0,0.0,0.0,,,,,,,,,,,,,,,,,,,,,,,,,,,,,,,,,,,,,,,3,3,0.0,3.0,1.0,1.0,2.0,2.0,2.0,2.0,1.0,3.0,1,3,2,0,0.0,0,1,1,2,2,2,2,2,1.0,3.0,2.0,4.0,3.0,3.0,3.0,2.0,3.0,2.0,2.0,0,4.0,1,2.0,3.0,1.0,2.0,1,7.0,3,2,1.0,0,1000,,,.,OK,1,1,1,,,,uuid:24ca843d-60d8-4b2d-9a9f-e741ba2982ce,uuid:24ca843d-60d8-4b2d-9a9f-e741ba2982ce,,,,0.0,34450.0,,C,0,1.0,0.0,1.0,0.0,1.0,0.0,28 Jan 2021,22308.0,300,2700,,,,,
2019-03-26 09:05:18,2019-03-26 09:46:14,2019-03-15,1,,30,30,1,1,,,,,.,.,.,,.,,,,,,.,,.,,,,,,,,,,,,,,,,0.0,0.0,0.0,0.0,0.0,0.0,0.0,0.0,4.0,2.0,4.0,4.0,2.0,4.0,3.0,3.0,2.0,4.0,4.0,4.0,5.0,4.0,5.0,5.0,2.0,1.0,1.0,1.0,1.0,,,3000.0,,,,,2.0,5.0,5.0,2.0,2.0,2.0,2.0,2.0,2.0,5.0,2.0,2.0,2.0,3.0,1.0,1.0,3.0,1.0,3.0,2.0,2.0,2.0,0.0,2.0,1.0,2.0,3.0,0.0,0.0,0.0,0.0,0.0,0.0,1.0,0.0,4.0,2.0,4.0,2.0,2.0,2.0,1.0,1.0,2.0,2.0,2.0,2.0,3.0,1.0,0.0,0.0,0.0,0.0,7,7,6,5,1,2000.0,6000.0,0.0,3.0,1.0,0.0,0.0,0.0,,,0.0,0.0,0.0,0.0,,,0.0,0.0,0.0,0.0,0.0,0.0,0.0,0.0,,,,,-1.0,2.0,2.0,0.0,,,,,,0.0,,,,,,,,1.0,4.0,,2.0,,8.0,10.0,4.0,.,5.0,.,3.0,.,4.0,,0.0,1.0,5,4,1.0,2.0,2.0,1.0,1.0,1.0,1.0,2.0,4.0,3.0,3,1,1,0,0.0,2,1,2,5,5,5,1,4,,2.0,,,2.0,2.0,1.0,1.0,4.0,4.0,1.0,0,3.0,3,1.0,2.0,2.0,1.0,4,1.0,5,1,1.0,1000,0,1.0,1.0,.,,1,1,1,1.0,1.0,1.0,uuid:25fbd717-9171-4f36-9bec-81fd9639a097,uuid:25fbd717-9171-4f36-9bec-81fd9639a097,,,,1.0,,30.0,,0,1.0,0.0,0.0,0.0,1.0,0.0,28 Jan 2021,22308.0,1600,1400, 3/14/2019,10:38:00,10:53:00,00:15:00,
2019-03-19 12:39:29,2019-03-19 13:25:14,2019-03-19,5,1.0,23845,23845,1,2,239.0,,,,,,,,,,,,,,,,,,,,,,,,,,,,,,,,,,,,,,,,,,,,,,,,,,,,,,,,,,,,,,,,,,,,,,,,,,,,,,,,,,,,,,,,,,,,,,,,,,,,,,,,,,,,,,,,,,,,,,,,,5,1,0,0,1,1000.0,2000.0,,,0.0,0.0,0.0,,,,,,,,,,,,,,0.0,0.0,0.0,0.0,,,,,,,,,,,,,,,,,,,,,,,,,,,,,,,,,,,,,,,3,3,2.0,1.0,3.0,0.0,2.0,0.0,2.0,2.0,3.0,1.0,3,3,2,0,0.0,0,2,3,4,2,4,4,1,4.0,3.0,1.0,2.0,2.0,1.0,3.0,1.0,2.0,1.0,1.0,0,4.0,2,2.0,1.0,1.0,1.0,2,4.0,2,1,2.0,500,500,,,.,OK,1,1,1,,,,uuid:26392d2d-47cd-48c9-abf9-afbad708eab7,uuid:26392d2d-47cd-48c9-abf9-afbad708eab7,,,,0.0,23845.0,,A,0,1.0,0.0,1.0,0.0,1.0,0.0,28 Jan 2021,22308.0,1700,1300,,,,,
2019-03-13 12:57:47,2019-03-13 14:33:30,2019-03-13,1,,18,18,1,1,,,,,.,.,.,,.,,,,,,.,,.,,,,,,,,,,,,,,,,0.0,0.0,0.0,0.0,0.0,0.0,0.0,1.0,2.0,4.0,2.0,5.0,5.0,2.0,3.0,3.0,2.0,2.0,2.0,3.0,3.0,4.0,4.0,2.0,2.0,1.0,1.0,1.0,2.0,,,3000.0,,,,,1.0,5.0,5.0,2.0,2.0,2.0,2.0,4.0,2.0,5.0,2.0,5.0,4.0,2.0,4.0,4.0,1.0,2.0,4.0,2.0,1.0,2.0,0.0,1.0,1.0,2.0,4.0,2.0,0.0,1.0,0.0,0.0,1.0,0.0,0.0,4.0,1.0,4.0,2.0,2.0,1.0,2.0,2.0,2.0,2.0,2.0,2.0,4.0,,0.0,0.0,,0.0,10,9,7,3,1,,,0.0,3.0,1.0,0.0,0.0,1.0,4.0,,0.0,0.0,0.0,0.0,,,0.0,0.0,0.0,0.0,0.0,0.0,0.0,0.0,,,,,-2.0,1.0,2.0,0.0,,,,,,1.0,,,,,,,,1.0,3.0,,2.0,,8.0,10.0,3.0,,3.0,,3.0,,5.0,,,,5,3,,,,,,,,,,,3,3,2,0,0.0,0,2,3,2,2,3,1,3,,,,,1.0,2.0,1.0,1.0,7.0,2.0,2.0,0,4.0,4,1.0,2.0,3.0,1.0,1,4.0,1,1,3.0,0,1000,1.0,2.0,.,,0,1,1,1.0,1.0,1.0,uuid:272cbd27-b3d1-449e-a5cd-1550b4016f33,uuid:272cbd27-b3d1-449e-a5cd-1550b4016f33,2.0,2.0,2.0,0.0,,18.0,,0,1.0,0.0,0.0,0.0,1.0,0.0,28 Jan 2021,22308.0,1700,1300, 3/13/2019,15:28:00,15:53:00,00:24:59,
2019-03-27 15:52:41,2019-03-27 16:36:25,2019-03-27,5,1.0,20798,20798,0,1,207.0,,,,,,,,,,,,,,,,,,,,,,,,,,,,,,,,,,,,,,,,,,,,,,,,,,,,,,,,,,,,,,,,,,,,,,,,,,,,,,,,,,,,,,,,,,,,,,,,,,,,,,,,,,,,,,,,,,,,,,,,,10,5,4,3,1,1500.0,1000.0,,,0.0,0.0,0.0,,,,,,,,,,0.0,0.0,0.0,0.0,0.0,0.0,0.0,0.0,,,,,,,,,,,,,,,,,,,,,,,,,,,,,,,,,,,,,,,5,5,0.0,3.0,2.0,1.0,3.0,1.0,2.0,0.0,1.0,3.0,3,3,2,0,-2.0,0,1,3,4,2,2,2,1,2.0,3.0,1.0,4.0,1.0,1.0,1.0,1.0,3.0,1.0,1.0,1,,1,1.0,4.0,4.0,1.0,1,7.0,2,1,1.0,800,200,,,.,OK,0,1,1,,,,uuid:2748fe67-828a-48aa-9d25-40dc69e22f7b,uuid:2748fe67-828a-48aa-9d25-40dc69e22f7b,,,,0.0,20798.0,,A,0,1.0,0.0,1.0,0.0,1.0,0.0,28 Jan 2021,22308.0,1500,1500,,,,,
2019-04-22 10:51:55,2019-04-22 11:40:06,2019-04-22,4,0.0,60920130,60920130,0,1,6092.0,44.0,1.0,,Kananga,Kabanza,LULUWA,,Bakua Tshiala,1.0,,3.0,1.0,4.0,DIBAYA,9.0,,40000.0,150000.0,4.0,3.0,6.0,1.0,1.0,1.0,1.0,1.0,1.0,1.0,1.0,150000.0,40000.0,0.0,0.0,1.0,0.0,0.0,0.0,0.0,,,,,,,,,,,,,,,,,,,,,,,,,,,,,,,,,,,,,,,,,,,,,,,,,,,,,,,,,,,,,,,,,,,,,,,,,,,,,,,,,,,5,3,2,1,1,1000.0,500.0,,,0.0,0.0,0.0,,,,,,,,,,0.0,0.0,0.0,0.0,0.0,0.0,0.0,0.0,,,,,,,,,,,,,,,,,,,,,,,,,,,,,,,,,,,,,,,3,4,0.0,2.0,3.0,0.0,2.0,1.0,2.0,2.0,3.0,1.0,1,3,2,0,0.0,0,1,2,4,2,2,2,2,3.0,4.0,1.0,2.0,3.0,4.0,3.0,2.0,3.0,1.0,1.0,1,,1,1.0,1.0,1.0,1.0,2,4.0,1,1,1.0,900,100,,,.,OK,0,0,1,,,,uuid:27764748-a018-4606-b539-162c252480d3,uuid:27764748-a018-4606-b539-162c252480d3,,,,0.0,60920130.0,,C,0,1.0,1.0,1.0,0.0,1.0,0.0,28 Jan 2021,22308.0,1600,1400,,,,,
2019-04-06 10:31:38,2019-04-06 11:42:39,2019-04-06,3,0.0,55048,55048,1,1,550.0,47.0,1.0,,Kananga,Plateau,LULUWA,19.0,,3.0,,2.0,1.0,4.0,DIBAYA,17.0,,20000.0,150000.0,7.0,4.0,3.0,1.0,1.0,1.0,1.0,1.0,1.0,1.0,1.0,150000.0,20000.0,0.0,0.0,1.0,1.0,0.0,0.0,0.0,1.0,3.0,3.0,2.0,3.0,2.0,2.0,3.0,3.0,2.0,2.0,3.0,3.0,3.0,3.0,4.0,1.0,1.0,1.0,1.0,1.0,2.0,,2500.0,,,,,,1.0,2.0,4.0,1.0,1.0,2.0,2.0,2.0,4.0,4.0,2.0,2.0,2.0,4.0,4.0,3.0,1.0,1.0,1.0,1.0,2.0,2.0,1.0,1.0,2.0,2.0,4.0,2.0,0.0,0.0,0.0,0.0,0.0,0.0,1.0,3.0,3.0,3.0,3.0,2.0,2.0,2.0,2.0,2.0,2.0,2.0,2.0,4.0,0.0,0.0,0.0,0.0,0.0,7,5,4,2,1,2500.0,7000.0,,,0.0,0.0,0.0,,,,,,,,,,0.0,0.0,0.0,0.0,0.0,0.0,0.0,0.0,,,,,2.0,2.0,2.0,,,,,,,,,,,,,,,,,,,,8.0,4.0,1.0,,3.0,,5.0,,5.0,,,,3,1,3.0,1.0,3.0,1.0,2.0,2.0,2.0,2.0,3.0,4.0,1,2,1,0,0.0,0,1,3,4,2,2,2,2,4.0,3.0,1.0,2.0,1.0,1.0,1.0,1.0,2.0,1.0,1.0,1,,3,1.0,3.0,3.0,3.0,1,4.0,3,3,2.0,800,200,1.0,1.0,.,OK,1,1,1,1.0,1.0,1.0,uuid:278a6258-e6c5-4b62-be39-3c21d96c93f5,uuid:278a6258-e6c5-4b62-be39-3c21d96c93f5,,,,0.0,55048.0,,A,0,1.0,1.0,1.0,0.0,1.0,0.0,28 Jan 2021,22308.0,900,2100,,,,,
2019-03-20 12:06:49,2019-03-20 13:39:28,2019-03-20,2,,6707,6707,1,1,668.0,,,,,,,,,,,,,,,,,,,,,,,,,,,,,,,,,,,,,,,1.0,1.0,5.0,2.0,5.0,2.0,2.0,1.0,3.0,1.0,2.0,1.0,1.0,3.0,1.0,4.0,4.0,2.0,2.0,2.0,2.0,1.0,2000.0,,,,2000.0,,,1.0,4.0,5.0,2.0,1.0,2.0,2.0,4.0,1.0,4.0,1.0,4.0,1.0,4.0,1.0,1.0,1.0,1.0,4.0,1.0,1.0,1.0,0.0,1.0,2.0,1.0,6.0,1.0,0.0,0.0,0.0,0.0,0.0,0.0,1.0,4.0,4.0,4.0,4.0,1.0,2.0,2.0,1.0,2.0,2.0,0.0,-1.0,4.0,0.0,0.0,0.0,0.0,0.0,10,8,8,9,1,8000.0,11000.0,,,0.0,0.0,0.0,,,0.0,,,,,,,,,,,0.0,0.0,0.0,0.0,,,0.0,,0.0,1.0,1.0,,,,,,,,1.0,2.0,3.0,2.0,0.0,2.0,,,,,,,7.0,10.0,,Il ne sait pas,3.0,,3.0,,5.0,,,,3,3,1.0,3.0,3.0,0.0,1.0,1.0,1.0,1.0,2.0,1.0,3,3,2,0,0.0,0,1,2,2,2,2,2,2,3.0,4.0,1.0,2.0,6.0,4.0,6.0,6.0,3.0,3.0,1.0,1,,1,1.0,1.0,1.0,1.0,2,3.0,1,1,1.0,500,500,2.0,1.0,.,OK,0,1,1,1.0,1.0,1.0,uuid:29e9f9d1-a061-44a8-9c5d-24babf6b160f,uuid:29e9f9d1-a061-44a8-9c5d-24babf6b160f,,,,0.0,6707.0,,C,0,1.0,0.0,1.0,0.0,1.0,0.0,28 Jan 2021,22308.0,1600,1400, 3/20/2019,13:43:00,13:50:00,00:07:00,
2019-03-28 11:44:00,2019-03-28 13:14:44,2019-03-28,3,1.0,24450,24450,1,1,244.0,,,,,,,,,,,,,,,,,,,,,,,,,,,,,,,,,,,,,,,0.0,1.0,3.0,3.0,4.0,1.0,1.0,1.0,3.0,3.0,1.0,3.0,3.0,3.0,3.0,4.0,2.0,1.0,1.0,1.0,1.0,1.0,,2500.0,,,,,,2.0,4.0,4.0,2.0,2.0,4.0,2.0,4.0,2.0,4.0,1.0,2.0,1.0,4.0,4.0,1.0,3.0,3.0,3.0,0.0,1.0,1.0,0.0,1.0,1.0,1.0,7.0,2.0,0.0,0.0,0.0,0.0,0.0,0.0,1.0,4.0,4.0,3.0,3.0,1.0,2.0,1.0,1.0,1.0,1.0,0.0,-2.0,4.0,0.0,0.0,0.0,0.0,0.0,8,6,6,4,1,2500.0,6600.0,,,0.0,0.0,0.0,,,,,,,,,,0.0,0.0,0.0,0.0,0.0,0.0,0.0,0.0,,,,,0.0,2.0,2.0,,,,,,,,,,,,,,,,,,,,5.0,6.0,5.0,,5.0,,5.0,,5.0,,,,3,3,2.0,2.0,2.0,1.0,2.0,2.0,2.0,2.0,3.0,1.0,3,3,2,0,0.0,0,2,2,4,2,2,2,2,2.0,4.0,1.0,3.0,1.0,3.0,2.0,1.0,1.0,1.0,2.0,0,4.0,4,1.0,1.0,1.0,1.0,1,5.0,2,2,2.0,400,600,2.0,2.0,.,OK,1,1,1,1.0,1.0,1.0,uuid:29ee7abb-57cc-41db-bdcf-7f442ed04489,uuid:29ee7abb-57cc-41db-bdcf-7f442ed04489,,,,0.0,24450.0,,A,0,1.0,0.0,1.0,0.0,1.0,0.0,28 Jan 2021,22308.0,1400,1600,28/03/2019,14:14:00,14:20:00,00:06:00,
2019-03-19 09:56:26,2019-03-19 11:35:29,2019-03-19,2,,31786,31786,1,1,319.0,,,,,,,,,,,,,,,,,,,,,,,,,,,,,,,,,,,,,,,1.0,3.0,3.0,3.0,3.0,3.0,3.0,3.0,3.0,3.0,3.0,3.0,3.0,3.0,3.0,4.0,4.0,4.0,1.0,1.0,1.0,1.0,,2500.0,,,,,,2.0,4.0,4.0,2.0,2.0,2.0,2.0,2.0,2.0,4.0,2.0,4.0,2.0,2.0,2.0,5.0,2.0,2.0,4.0,2.0,1.0,2.0,1.0,0.0,2.0,2.0,8.0,0.0,0.0,0.0,0.0,0.0,0.0,0.0,1.0,4.0,4.0,4.0,4.0,2.0,2.0,1.0,1.0,2.0,2.0,0.0,-1.0,3.0,-1.0,0.0,0.0,0.0,0.0,10,10,6,4,1,1500.0,8000.0,,,0.0,0.0,0.0,,,0.0,,,,,,,,,,,0.0,0.0,0.0,0.0,,,1.0,3.0,2.0,1.0,1.0,,,,,,,,1.0,3.0,2.0,2.0,1.0,1.0,,,,,,,8.0,10.0,,N'en dit rien,,Ne peut pas savoir,,Aucune idée,5.0,,,,3,3,1.0,1.0,3.0,0.0,2.0,2.0,2.0,2.0,3.0,1.0,3,3,2,0,0.0,0,1,2,3,2,2,2,2,1.0,3.0,2.0,4.0,1.0,2.0,3.0,2.0,2.0,1.0,1.0,0,1.0,1,1.0,1.0,1.0,1.0,1,5.0,1,1,2.0,300,700,4.0,1.0,.,OK,1,1,1,1.0,0.0,0.0,uuid:2a271cc4-766a-4846-b772-711534296fd9,uuid:2a271cc4-766a-4846-b772-711534296fd9,,,,0.0,31786.0,,C,0,1.0,0.0,1.0,0.0,1.0,0.0,28 Jan 2021,22308.0,1400,1600,,,,,
2019-03-22 11:51:12,2019-03-22 13:07:46,2019-03-22,2,,3857,3857,1,1,385.0,,,,,,,,,,,,,,,,,,,,,,,,,,,,,,,,,,,,,,,1.0,3.0,3.0,3.0,3.0,3.0,3.0,3.0,3.0,3.0,3.0,3.0,3.0,3.0,3.0,2.0,4.0,2.0,1.0,1.0,1.0,1.0,,,3000.0,,,,,2.0,5.0,2.0,2.0,2.0,2.0,2.0,4.0,2.0,4.0,2.0,2.0,2.0,4.0,4.0,3.0,4.0,1.0,4.0,1.0,1.0,1.0,0.0,2.0,1.0,2.0,5.0,2.0,1.0,0.0,1.0,0.0,0.0,0.0,0.0,4.0,4.0,4.0,4.0,2.0,2.0,2.0,2.0,2.0,2.0,2.0,0.0,2.0,0.0,0.0,0.0,0.0,0.0,10,7,4,2,1,1500.0,2000.0,,,0.0,0.0,0.0,,,0.0,,,,,,,,,,,0.0,0.0,0.0,0.0,,,0.0,,0.0,1.0,0.0,,,,,,,,1.0,2.0,2.0,3.0,2.0,4.0,,,,,,,8.0,4.0,5.0,,5.0,,5.0,,5.0,,,,3,3,2.0,2.0,2.0,0.0,1.0,2.0,2.0,2.0,3.0,1.0,3,3,2,0,0.0,0,2,2,3,2,2,2,2,2.0,4.0,1.0,3.0,2.0,2.0,1.0,1.0,1.0,1.0,1.0,1,,1,1.0,1.0,1.0,1.0,3,2.0,1,2,2.0,1000,0,3.0,2.0,.,OK,1,1,1,1.0,1.0,1.0,uuid:2a937dc2-2d6a-4144-a065-5dec3620cb60,uuid:2a937dc2-2d6a-4144-a065-5dec3620cb60,,,,0.0,3857.0,,C,0,1.0,0.0,1.0,0.0,1.0,0.0,28 Jan 2021,22308.0,700,2300,22/03/2019,14:07:00,14:50:00,00:43:00,
2019-03-20 15:44:00,2019-03-20 17:05:15,2019-03-20,2,,67099,67099,1,1,671.0,,,,,,,,,,,,,,,,,,,,,,,,,,,,,,,,,,,,,,,1.0,4.0,3.0,3.0,3.0,3.0,2.0,3.0,3.0,3.0,3.0,3.0,3.0,4.0,3.0,5.0,4.0,2.0,2.0,2.0,1.0,2.0,2000.0,,,1000.0,,,,1.0,5.0,4.0,2.0,1.0,2.0,1.0,2.0,1.0,4.0,1.0,4.0,1.0,3.0,4.0,6.0,1.0,3.0,4.0,1.0,1.0,1.0,1.0,2.0,1.0,1.0,6.0,2.0,0.0,0.0,0.0,1.0,1.0,1.0,0.0,3.0,4.0,3.0,4.0,2.0,2.0,2.0,2.0,2.0,2.0,-2.0,1.0,4.0,0.0,0.0,0.0,0.0,0.0,9,8,7,6,1,1000.0,3000.0,,,0.0,0.0,0.0,,,1.0,1.0,0.0,0.0,0.0,,2.0,1.0,0.0,0.0,0.0,1.0,0.0,0.0,0.0,,,1.0,6.0,2.0,2.0,2.0,,,,,,,,1.0,3.0,3.0,3.0,2.0,4.0,,,,,,,8.0,3.0,4.0,,4.0,,4.0,,4.0,,0.0,0.0,3,5,2.0,1.0,2.0,0.0,0.0,2.0,2.0,2.0,3.0,1.0,3,3,1,0,0.0,0,2,4,4,2,2,3,2,4.0,3.0,1.0,2.0,1.0,3.0,3.0,2.0,2.0,1.0,2.0,1,,1,1.0,1.0,1.0,1.0,1,4.0,2,1,1.0,200,800,2.0,2.0,.,OK,1,1,1,1.0,1.0,1.0,uuid:2af20f7b-dde9-44e8-b9e6-ae52774e33ed,uuid:2af20f7b-dde9-44e8-b9e6-ae52774e33ed,,,,0.0,67099.0,,C,0,1.0,0.0,1.0,0.0,1.0,0.0,28 Jan 2021,22308.0,1400,1600, 3/20/2019,18:05:00,18:16:59,00:12:00,
2019-03-20 12:59:34,2019-03-20 14:23:11,2019-03-20,3,1.0,6525,6525,1,1,653.0,,,,,,,,,,,,,,,,,,,,,,,,,,,,,,,,,,,,,,,0.0,3.0,3.0,3.0,3.0,3.0,3.0,3.0,3.0,3.0,3.0,3.0,3.0,5.0,4.0,4.0,2.0,2.0,2.0,2.0,1.0,1.0,2000.0,,,1000.0,,,,1.0,5.0,4.0,1.0,1.0,2.0,2.0,2.0,2.0,5.0,1.0,5.0,1.0,4.0,4.0,6.0,1.0,1.0,4.0,2.0,1.0,1.0,0.0,2.0,1.0,2.0,8.0,2.0,0.0,0.0,0.0,0.0,0.0,0.0,1.0,3.0,4.0,4.0,4.0,2.0,2.0,2.0,2.0,2.0,2.0,2.0,0.0,4.0,1.0,0.0,0.0,0.0,0.0,10,7,4,1,1,1500.0,8000.0,,,0.0,0.0,0.0,,,,,,,,,,,,,,0.0,0.0,0.0,0.0,,,,,0.0,2.0,2.0,,,,,,,,,,,,,,,,,,,,8.0,4.0,4.0,,3.0,,4.0,,5.0,,,,5,3,2.0,1.0,3.0,2.0,2.0,2.0,2.0,2.0,3.0,1.0,3,3,2,0,0.0,0,1,2,2,2,2,2,2,4.0,3.0,1.0,2.0,1.0,1.0,1.0,1.0,1.0,1.0,1.0,1,,2,2.0,2.0,2.0,2.0,2,4.0,2,2,2.0,400,600,1.0,1.0,.,OK,1,1,1,1.0,1.0,1.0,uuid:2b009c4f-c2f1-4d48-8961-33ee2963bb7b,uuid:2b009c4f-c2f1-4d48-8961-33ee2963bb7b,,,,0.0,6525.0,,A,0,1.0,0.0,1.0,0.0,1.0,0.0,28 Jan 2021,22308.0,1300,1700, 3/20/2019,15:24:59,15:43:00,00:18:00,
2019-04-08 12:47:16,2019-04-08 13:18:02,2019-04-08,4,1.0,24187,24187,1,1,241.0,,,,,,,,,,,,,,,,,,,,,,,,,,,,,,,,,,,,,,,,,,,,,,,,,,,,,,,,,,,,,,,,,,,,,,,,,,,,,,,,,,,,,,,,,,,,,,,,,,,,,,,,,,,,,,,,,,,,,,,,,7,5,4,2,1,1500.0,5000.0,,,0.0,0.0,0.0,,,,,,,,,,0.0,0.0,0.0,0.0,0.0,0.0,0.0,0.0,,,,,,,,,,,,,,,,,,,,,,,,,,,,,,,,,,,,,,,5,5,3.0,0.0,2.0,0.0,2.0,2.0,2.0,2.0,1.0,6.0,1,3,2,0,0.0,0,2,4,4,2,2,2,2,2.0,4.0,1.0,3.0,3.0,3.0,3.0,1.0,1.0,1.0,1.0,0,4.0,1,1.0,3.0,2.0,1.0,1,4.0,2,2,1.0,400,600,,,.,OK,1,1,1,,,,uuid:2bc95feb-2795-44ca-9b97-b8181d9cade8,uuid:2bc95feb-2795-44ca-9b97-b8181d9cade8,,,,0.0,24187.0,,C,0,1.0,0.0,1.0,0.0,1.0,0.0,28 Jan 2021,22308.0,1100,1900,,,,,
2019-03-20 13:45:37,2019-03-20 15:13:50,2019-03-20,3,1.0,32686,32686,1,1,326.0,,,,,,,,,,,,,,,,,,,,,,,,,,,,,,,,,,,,,,,1.0,3.0,3.0,3.0,3.0,3.0,3.0,4.0,4.0,3.0,3.0,1.0,4.0,3.0,4.0,5.0,4.0,2.0,1.0,1.0,1.0,1.0,2000.0,,,,,,,2.0,4.0,4.0,1.0,2.0,2.0,4.0,2.0,4.0,4.0,2.0,4.0,2.0,3.0,4.0,1.0,1.0,1.0,4.0,0.0,1.0,1.0,0.0,1.0,1.0,0.0,6.0,2.0,0.0,0.0,1.0,1.0,1.0,0.0,0.0,3.0,3.0,4.0,1.0,1.0,1.0,1.0,1.0,1.0,1.0,0.0,0.0,4.0,0.0,0.0,0.0,0.0,0.0,7,5,4,2,1,1500.0,2500.0,,,0.0,0.0,0.0,,,,,,,,,,,,,,0.0,0.0,0.0,0.0,,,,,2.0,2.0,2.0,,,,,,,,,,,,,,,,,,,,8.0,9.0,4.0,,3.0,,3.0,,5.0,,,,3,5,3.0,2.0,2.0,2.0,2.0,2.0,2.0,2.0,3.0,1.0,3,3,2,0,0.0,0,1,1,2,2,2,2,2,1.0,2.0,3.0,4.0,1.0,1.0,1.0,1.0,7.0,1.0,1.0,0,4.0,2,1.0,2.0,2.0,1.0,1,4.0,2,1,2.0,300,700,3.0,2.0,.,OK,1,1,1,1.0,1.0,1.0,uuid:2cfb7b4a-4af2-4fff-bf61-fe7d109497a8,uuid:2cfb7b4a-4af2-4fff-bf61-fe7d109497a8,,,,0.0,32686.0,,A,0,1.0,0.0,1.0,0.0,1.0,0.0,28 Jan 2021,22308.0,1800,1200, 3/20/2019,16:14:00,16:23:00,00:08:59,
2019-03-21 08:16:49,2019-03-21 08:53:49,2019-03-21,4,1.0,52910,52910,1,1,529.0,,,,,,,,,,,,,,,,,,,,,,,,,,,,,,,,,,,,,,,,,,,,,,,,,,,,,,,,,,,,,,,,,,,,,,,,,,,,,,,,,,,,,,,,,,,,,,,,,,,,,,,,,,,,,,,,,,,,,,,,,8,5,2,1,1,1500.0,1500.0,,,0.0,0.0,0.0,,,,,,,,,,,,,,0.0,0.0,0.0,0.0,,,,,,,,,,,,,,,,,,,,,,,,,,,,,,,,,,,,,,,3,3,2.0,2.0,2.0,2.0,2.0,2.0,2.0,2.0,1.0,3.0,3,3,2,0,0.0,0,2,2,2,2,2,2,2,1.0,2.0,3.0,4.0,1.0,2.0,2.0,1.0,3.0,1.0,1.0,0,4.0,1,1.0,1.0,1.0,1.0,2,3.0,2,2,1.0,200,800,,,.,OK,1,1,1,,,,uuid:2f15d5fe-476f-4aba-95ec-1fb5c2943c3a,uuid:2f15d5fe-476f-4aba-95ec-1fb5c2943c3a,,,,0.0,52910.0,,C,0,1.0,0.0,1.0,0.0,1.0,0.0,28 Jan 2021,22308.0,2000,1000,,,,,
2019-03-15 10:39:49,2019-03-15 11:28:47,2019-03-15,4,1.0,57386,57386,1,1,573.0,,,,,,,,.,,,,,,,,.,,,,,,,,,,,,,,,,,,,,,,,,,,,,,,,,,,,,,,,,,,,,,,,,,,,,,,,,,,,,,,,,,,,,,,,,,,,,,,,,,,,,,,,,,,,,,,,,,,,,,,,,,5,2,0,0,1,,,,,0.0,0.0,0.0,,,,,,,,,,0.0,0.0,0.0,0.0,,,,,,,,,,,,,,,,,,,,,,,,,,,,,,,,,,,,,,,,,,,5,5,,,,,,,,,,,1,3,2,-1,-2.0,0,1,4,4,2,2,2,1,,,,,1.0,2.0,2.0,2.0,1.0,1.0,1.0,0,4.0,2,1.0,1.0,2.0,2.0,1,7.0,2,2,2.0,700,300,,,,,0,1,1,,,,uuid:2fb3a280-108a-4365-98e9-ffce0efcace1,uuid:2fb3a280-108a-4365-98e9-ffce0efcace1,,,,0.0,57386.0,,C,0,1.0,0.0,1.0,0.0,1.0,0.0,28 Jan 2021,22308.0,1500,1500,,,,,
2019-04-04 12:57:47,2019-04-04 13:34:45,2019-04-04,5,1.0,22584,22584,1,1,225.0,,,,,,,,,,,,,,,,,,,,,,,,,,,,,,,,,,,,,,,,,,,,,,,,,,,,,,,,,,,,,,,,,,,,,,,,,,,,,,,,,,,,,,,,,,,,,,,,,,,,,,,,,,,,,,,,,,,,,,,,,10,9,7,4,1,1500.0,2000.0,,,0.0,0.0,0.0,,,,,,,,,,0.0,0.0,0.0,0.0,0.0,0.0,0.0,0.0,,,,,,,,,,,,,,,,,,,,,,,,,,,,,,,,,,,,,,,3,5,2.0,2.0,2.0,2.0,2.0,2.0,2.0,2.0,3.0,1.0,3,3,2,0,0.0,0,2,2,2,2,2,2,2,1.0,2.0,3.0,4.0,1.0,1.0,1.0,1.0,1.0,1.0,1.0,0,3.0,4,1.0,2.0,2.0,1.0,1,4.0,1,1,2.0,400,600,,,.,OK,1,1,1,,,,uuid:30b8d5de-0700-4b7a-a1ec-123a42ba5186,uuid:30b8d5de-0700-4b7a-a1ec-123a42ba5186,,,,0.0,22584.0,,A,0,1.0,0.0,1.0,0.0,1.0,0.0,28 Jan 2021,22308.0,1800,1200,,,,,
2019-03-13 06:34:33,2019-03-13 08:15:51,2019-03-13,1,,90,90,1,1,,,,,.,.,.,,.,,,,,,.,,.,,,,,,,,,,,,,,,,0.0,0.0,0.0,0.0,0.0,0.0,0.0,0.0,3.0,3.0,4.0,4.0,3.0,3.0,4.0,5.0,4.0,3.0,5.0,4.0,5.0,4.0,4.0,5.0,4.0,2.0,2.0,2.0,2.0,1500.0,,,,,,2000.0,1.0,5.0,4.0,3.0,2.0,2.0,1.0,4.0,1.0,3.0,1.0,3.0,2.0,4.0,2.0,2.0,2.0,3.0,4.0,1.0,1.0,1.0,0.0,2.0,1.0,0.0,8.0,0.0,0.0,0.0,0.0,1.0,0.0,1.0,0.0,4.0,3.0,3.0,3.0,1.0,2.0,2.0,2.0,2.0,1.0,2.0,2.0,6.0,,2.0,2.0,,2.0,8,7,6,4,1,,,1.0,1.0,1.0,0.0,0.0,1.0,5.0,,0.0,0.0,0.0,0.0,,,0.0,0.0,0.0,0.0,0.0,0.0,0.0,0.0,,,,,-2.0,0.0,-1.0,0.0,,,,,,1.0,,,,,,,,2.0,4.0,,5.0,,8.0,10.0,5.0,,5.0,,5.0,,5.0,,,,3,3,,,,,,,,,,,3,3,1,0,0.0,0,2,2,4,2,2,2,2,,,,,1.0,1.0,1.0,1.0,1.0,1.0,2.0,0,1.0,3,2.0,2.0,2.0,1.0,1,3.0,2,2,2.0,700,300,1.0,2.0,.,,1,1,1,1.0,1.0,1.0,uuid:31a3e932-b0f0-4473-8680-61041c271965,uuid:31a3e932-b0f0-4473-8680-61041c271965,0.0,0.0,0.0,0.0,,90.0,,0,1.0,0.0,0.0,0.0,1.0,0.0,28 Jan 2021,22308.0,100,2900, 3/13/2019,10:12:00,10:48:00,00:36:00,1.0
2019-03-20 13:32:53,2019-03-20 15:16:25,2019-03-20,2,,21985,21985,1,1,213.0,,,,,,,,,,,,,,,,,,,,,,,,,,,,,,,,,,,,,,,0.0,1.0,3.0,3.0,5.0,3.0,4.0,3.0,5.0,3.0,5.0,2.0,3.0,4.0,3.0,4.0,5.0,1.0,1.0,1.0,2.0,2.0,2000.0,,,,,,2000.0,2.0,4.0,5.0,2.0,2.0,5.0,2.0,4.0,2.0,5.0,1.0,2.0,5.0,1.0,3.0,4.0,1.0,1.0,3.0,1.0,0.0,1.0,0.0,1.0,2.0,1.0,5.0,0.0,0.0,1.0,1.0,1.0,1.0,0.0,0.0,4.0,4.0,4.0,1.0,1.0,1.0,1.0,1.0,1.0,1.0,1.0,1.0,4.0,1.0,2.0,0.0,0.0,0.0,5,4,4,3,1,1500.0,6600.0,,,0.0,0.0,0.0,,,0.0,,,,,,,,,,,0.0,0.0,0.0,0.0,,,0.0,,-1.0,1.0,1.0,,,,,,,,1.0,3.0,2.0,2.0,2.0,4.0,,,,,,,8.0,9.0,4.0,,4.0,,4.0,,4.0,,0.0,0.0,3,3,3.0,1.0,3.0,1.0,2.0,2.0,2.0,2.0,5.0,3.0,3,3,2,-1,0.0,0,2,3,4,1,2,4,3,2.0,4.0,1.0,3.0,2.0,2.0,1.0,2.0,3.0,3.0,3.0,0,4.0,1,1.0,2.0,2.0,1.0,1,4.0,1,1,2.0,900,100,2.0,1.0,.,OK,1,1,1,1.0,1.0,1.0,uuid:31a4c099-7af4-4fa5-b09d-c48bd4bdd605,uuid:31a4c099-7af4-4fa5-b09d-c48bd4bdd605,,,,0.0,21985.0,,C,0,1.0,0.0,1.0,0.0,1.0,0.0,28 Jan 2021,22308.0,1700,1300, 3/20/2019,17:18:00,18:16:59,00:59:00,
2019-04-06 09:39:26,2019-04-06 10:24:19,2019-04-06,5,1.0,34450,34450,1,1,344.0,,,,,,,,,,,,,,,,,,,,,,,,,,,,,,,,,,,,,,,,,,,,,,,,,,,,,,,,,,,,,,,,,,,,,,,,,,,,,,,,,,,,,,,,,,,,,,,,,,,,,,,,,,,,,,,,,,,,,,,,,8,5,0,0,1,1500.0,2000.0,,,0.0,0.0,0.0,,,,,,,,,,0.0,0.0,0.0,0.0,0.0,0.0,0.0,0.0,,,,,,,,,,,,,,,,,,,,,,,,,,,,,,,,,,,,,,,4,3,3.0,1.0,2.0,0.0,3.0,3.0,2.0,2.0,1.0,3.0,3,3,2,0,0.0,0,2,2,4,2,2,2,2,3.0,4.0,1.0,2.0,1.0,1.0,1.0,1.0,1.0,1.0,1.0,1,,1,1.0,2.0,1.0,1.0,1,4.0,2,2,2.0,1000,0,,,.,OK,1,1,1,,,,uuid:3230f072-30f9-4700-86d5-c2c4c7edcb42,uuid:3230f072-30f9-4700-86d5-c2c4c7edcb42,,,,0.0,34450.0,,A,0,1.0,0.0,1.0,0.0,1.0,0.0,28 Jan 2021,22308.0,1000,2000,,,,,
2019-03-16 07:40:16,,2019-03-16,5,1.0,65040,65040,1,1,643.0,,,,.,.,.,,.,,,,,,.,,.,,,,,,,,,,,,,,,,0.0,0.0,0.0,0.0,0.0,0.0,0.0,,,,,,,,,,,,,,,,,,,,,,,,,,,,,,,,,,,,,,,,,,,,,,,,,,,,,,,,,,,,,,,,,,,,,,,,,,,,,,,,,,,10,8,6,5,1,2500.0,2500.0,,,0.0,0.0,0.0,,,,,,,,,,0.0,0.0,0.0,0.0,0.0,0.0,0.0,0.0,,,,,,,,,,,,,,,,,,,,,,,,,,,,,,.,,.,,.,,,,,3,5,1.0,3.0,3.0,0.0,2.0,2.0,2.0,2.0,2.0,1.0,3,3,2,0,0.0,0,1,3,2,2,2,2,2,2.0,1.0,3.0,4.0,2.0,2.0,2.0,2.0,2.0,2.0,2.0,0,1.0,1,1.0,1.0,1.0,1.0,1,4.0,1,1,1.0,200,800,,,.,OK,1,1,1,,,,uuid:323272b8-ad9e-477e-91e0-bb23850876f4,uuid:323272b8-ad9e-477e-91e0-bb23850876f4,,,,0.0,65040.0,,A,0,1.0,0.0,1.0,0.0,1.0,0.0,28 Jan 2021,22308.0,400,2600,,,,,
2019-04-18 09:07:07,2019-04-18 09:39:57,2019-04-18,5,1.0,67545,67545,1,1,675.0,,,,,,,,,,,,,,,,,,,,,,,,,,,,,,,,,,,,,,,,,,,,,,,,,,,,,,,,,,,,,,,,,,,,,,,,,,,,,,,,,,,,,,,,,,,,,,,,,,,,,,,,,,,,,,,,,,,,,,,,,7,8,5,1,1,1500.0,2000.0,,,0.0,0.0,0.0,,,,,,,,,,0.0,0.0,0.0,0.0,0.0,0.0,0.0,0.0,,,,,,,,,,,,,,,,,,,,,,,,,,,,,,,,,,,,,,,5,4,1.0,3.0,2.0,1.0,2.0,2.0,2.0,2.0,3.0,2.0,1,3,2,0,0.0,0,2,2,2,2,2,2,2,4.0,3.0,2.0,1.0,1.0,1.0,1.0,1.0,1.0,1.0,1.0,1,,3,1.0,1.0,1.0,1.0,1,5.0,1,1,2.0,100,900,,,.,OK,1,1,1,,,,uuid:350bd4bb-54b9-427f-a0aa-7b386fbd2dc9,uuid:350bd4bb-54b9-427f-a0aa-7b386fbd2dc9,,,,0.0,67545.0,,A,0,1.0,0.0,1.0,0.0,1.0,0.0,28 Jan 2021,22308.0,1400,1600,,,,,
2019-03-26 08:52:40,2019-03-26 09:21:47,2019-03-26,4,1.0,12395,12395,1,1,123.0,,,,,,,,,,,,,,,,,,,,,,,,,,,,,,,,,,,,,,,,,,,,,,,,,,,,,,,,,,,,,,,,,,,,,,,,,,,,,,,,,,,,,,,,,,,,,,,,,,,,,,,,,,,,,,,,,,,,,,,,,8,7,5,3,1,1500.0,2500.0,,,0.0,0.0,0.0,,,,,,,,,,,,,,0.0,0.0,0.0,0.0,,,,,,,,,,,,,,,,,,,,,,,,,,,,,,,,,,,,,,,3,3,2.0,2.0,2.0,0.0,2.0,1.0,2.0,1.0,1.0,2.0,1,3,2,0,0.0,0,2,2,2,2,2,2,2,3.0,4.0,1.0,2.0,3.0,3.0,3.0,3.0,3.0,3.0,3.0,1,,1,1.0,1.0,1.0,1.0,4,2.0,2,2,1.0,500,500,,,.,OK,1,1,1,,,,uuid:352fe5de-371d-4362-b9d8-e8632d902406,uuid:352fe5de-371d-4362-b9d8-e8632d902406,,,,0.0,12395.0,,C,0,1.0,0.0,1.0,0.0,1.0,0.0,28 Jan 2021,22308.0,800,2200,,,,,
2019-03-27 07:03:51,2019-03-27 08:26:40,2019-03-27,2,1.0,63586,63586,1,1,635.0,,,,,,,,,,,,,,,,,,,,,,,,,,,,,,,,,,,,,,,1.0,4.0,4.0,4.0,3.0,3.0,3.0,3.0,3.0,3.0,3.0,3.0,3.0,4.0,3.0,4.0,2.0,2.0,2.0,2.0,1.0,1.0,2000.0,,,1000.0,,,,1.0,4.0,4.0,2.0,2.0,2.0,2.0,4.0,2.0,4.0,2.0,4.0,2.0,3.0,2.0,5.0,2.0,3.0,3.0,1.0,1.0,1.0,0.0,1.0,1.0,2.0,5.0,2.0,0.0,0.0,0.0,0.0,0.0,0.0,1.0,4.0,1.0,4.0,4.0,1.0,1.0,1.0,1.0,2.0,1.0,-1.0,-2.0,4.0,0.0,0.0,0.0,0.0,0.0,6,5,4,3,1,2000.0,1500.0,,,0.0,0.0,0.0,,,0.0,,,,,,,0.0,0.0,0.0,0.0,0.0,0.0,0.0,0.0,,,0.0,,0.0,1.0,0.0,,,,,,,,1.0,2.0,2.0,2.0,2.0,4.0,,,,,,,8.0,8.0,,Ne sait pas vraiment,,N'en sait rien,,N'en connaît personne,4.0,,0.0,0.0,5,4,2.0,2.0,2.0,2.0,2.0,2.0,2.0,2.0,3.0,1.0,3,3,2,0,0.0,0,2,2,3,2,2,2,2,3.0,4.0,1.0,2.0,2.0,1.0,2.0,2.0,3.0,8.0,1.0,1,,1,1.0,1.0,1.0,1.0,2,4.0,2,2,1.0,1000,0,3.0,2.0,.,OK,1,1,1,0.0,,0.0,uuid:360e0155-8054-486f-8ec9-b475b6011665,uuid:360e0155-8054-486f-8ec9-b475b6011665,,,,0.0,63586.0,,C,0,1.0,0.0,1.0,0.0,1.0,0.0,28 Jan 2021,22308.0,1200,1800,27/03/2019,09:28:00,?,,
2019-03-21 11:18:23,2019-03-21 12:34:09,2019-03-21,3,1.0,22510,22510,1,1,226.0,,,,,,,,,,,,,,,,,,,,,,,,,,,,,,,,,,,,,,,1.0,3.0,4.0,5.0,4.0,3.0,2.0,5.0,4.0,3.0,5.0,4.0,3.0,4.0,3.0,4.0,4.0,2.0,1.0,1.0,1.0,1.0,,2500.0,,,,,,2.0,4.0,4.0,2.0,2.0,1.0,5.0,1.0,2.0,5.0,2.0,5.0,2.0,4.0,4.0,4.0,1.0,1.0,4.0,2.0,2.0,1.0,1.0,1.0,1.0,1.0,5.0,2.0,1.0,1.0,0.0,0.0,0.0,0.0,0.0,3.0,4.0,4.0,3.0,1.0,2.0,2.0,1.0,2.0,2.0,2.0,-1.0,4.0,2.0,0.0,0.0,0.0,0.0,6,4,2,2,1,1500.0,5000.0,,,0.0,0.0,0.0,,,,,,,,,,,,,,0.0,0.0,0.0,0.0,,,,,0.0,-2.0,2.0,,,,,,,,,,,,,,,,,,,,6.0,6.0,4.0,,3.0,,3.0,,5.0,,,,3,3,2.0,2.0,3.0,1.0,1.0,1.0,1.0,2.0,3.0,1.0,3,3,2,0,0.0,0,1,2,1,2,2,3,4,4.0,3.0,1.0,2.0,2.0,2.0,2.0,2.0,2.0,2.0,2.0,1,,1,3.0,2.0,1.0,1.0,2,1.0,1,1,1.0,500,500,1.0,1.0,.,OK,1,1,1,1.0,1.0,1.0,uuid:394f21e8-6c69-4067-9b0c-7de4173ef608,uuid:394f21e8-6c69-4067-9b0c-7de4173ef608,,,,0.0,22510.0,,A,0,1.0,0.0,1.0,0.0,1.0,0.0,28 Jan 2021,22308.0,1200,1800, 3/21/2019,13:01:59,13:45:00,00:43:00,1.0
2019-03-26 07:22:22,2019-03-26 08:37:12,2019-03-26,2,,22952,22952,1,1,229.0,,,,,,,,,,,,,,,,,,,,,,,,,,,,,,,,,,,,,,,0.0,5.0,3.0,3.0,3.0,3.0,3.0,3.0,3.0,3.0,3.0,3.0,4.0,4.0,3.0,5.0,4.0,2.0,1.0,1.0,1.0,1.0,2000.0,,,,,,,2.0,4.0,4.0,2.0,2.0,2.0,2.0,2.0,2.0,4.0,2.0,4.0,2.0,4.0,4.0,3.0,1.0,1.0,3.0,1.0,1.0,1.0,0.0,1.0,1.0,0.0,7.0,2.0,0.0,0.0,0.0,0.0,1.0,1.0,0.0,3.0,3.0,4.0,1.0,2.0,1.0,1.0,1.0,1.0,2.0,0.0,0.0,4.0,0.0,0.0,0.0,0.0,0.0,5,4,3,2,1,1500.0,2000.0,,,0.0,0.0,0.0,,,0.0,,,,,,,,,,,0.0,0.0,0.0,0.0,,,0.0,,0.0,2.0,2.0,,,,,,,,1.0,1.0,2.0,2.0,2.0,4.0,,,,,,,6.0,10.0,5.0,,5.0,,5.0,,5.0,,,,4,4,2.0,2.0,2.0,2.0,2.0,2.0,2.0,2.0,3.0,1.0,3,3,2,0,0.0,0,1,2,2,2,2,2,2,1.0,2.0,3.0,4.0,1.0,3.0,1.0,1.0,7.0,1.0,1.0,0,4.0,1,1.0,2.0,2.0,1.0,2,4.0,1,2,2.0,400,600,4.0,3.0,.,OK,1,1,1,1.0,1.0,1.0,uuid:396cf729-d79b-4bc4-bc02-b5a373e4b250,uuid:396cf729-d79b-4bc4-bc02-b5a373e4b250,,,,0.0,22952.0,,C,0,1.0,0.0,1.0,0.0,1.0,0.0,28 Jan 2021,22308.0,1300,1700,,,,,
2019-05-31 11:37:08,2019-05-31 12:25:57,2019-05-31,4,0.0,20088,20088,1,1,201.0,70.0,0.0,1962.0,Ndesha,Kamilabi,LULUWA,,Bakwa Beya,3.0,,1.0,1.0,4.0,DEMBA,17.0,,8000.0,26000.0,6.0,3.0,6.0,1.0,1.0,0.0,1.0,1.0,1.0,1.0,1.0,26000.0,8000.0,0.0,0.0,1.0,0.0,0.0,0.0,0.0,,,,,,,,,,,,,,,,,,,,,,,,,,,,,,,,,,,,,,,,,,,,,,,,,,,,,,,,,,,,,,,,,,,,,,,,,,,,,,,,,,,5,3,1,0,1,1000.0,3500.0,,,0.0,0.0,0.0,,,,,,,,,,0.0,0.0,0.0,0.0,0.0,0.0,0.0,0.0,,,,,,,,,,,,,,,,,,,,,,,,,,,,,,,,,,,,,,,4,4,3.0,1.0,3.0,2.0,2.0,2.0,2.0,2.0,1.0,3.0,1,3,2,0,0.0,0,1,1,1,1,1,1,1,3.0,4.0,1.0,2.0,1.0,1.0,1.0,1.0,1.0,1.0,1.0,0,2.0,1,1.0,1.0,1.0,1.0,4,1.0,1,1,2.0,1000,0,,,.,OK,1,1,1,,,,uuid:3b650d56-c405-48fa-bb90-53f73d4ffba5,uuid:3b650d56-c405-48fa-bb90-53f73d4ffba5,,,,0.0,20088.0,,C,0,1.0,1.0,1.0,0.0,1.0,0.0,28 Jan 2021,22308.0,1100,1900,,,,,
2019-03-27 11:02:45,2019-03-27 12:18:51,2019-03-27,3,1.0,61189,61189,1,1,611.0,,,,,,,,,,,,,,,,,,,,,,,,,,,,,,,,,,,,,,,0.0,2.0,3.0,3.0,4.0,3.0,3.0,3.0,4.0,3.0,1.0,3.0,4.0,4.0,3.0,5.0,4.0,2.0,2.0,2.0,2.0,2.0,2000.0,,,,2000.0,,,2.0,5.0,5.0,2.0,2.0,2.0,2.0,2.0,2.0,5.0,1.0,4.0,2.0,3.0,3.0,3.0,1.0,1.0,1.0,1.0,1.0,1.0,0.0,2.0,2.0,1.0,8.0,2.0,0.0,0.0,1.0,1.0,1.0,1.0,0.0,3.0,4.0,3.0,1.0,2.0,2.0,2.0,2.0,1.0,1.0,0.0,0.0,3.0,2.0,0.0,0.0,0.0,0.0,6,5,4,3,1,1500.0,2000.0,,,0.0,0.0,0.0,,,,,,,,,,0.0,0.0,0.0,0.0,0.0,0.0,0.0,0.0,,,,,2.0,2.0,1.0,,,,,,,,,,,,,,,,,,,,8.0,10.0,4.0,,4.0,,3.0,,5.0,,,,4,3,3.0,2.0,2.0,2.0,2.0,2.0,2.0,2.0,1.0,3.0,1,3,2,0,0.0,0,1,2,2,2,2,2,2,1.0,2.0,3.0,4.0,1.0,3.0,3.0,1.0,1.0,1.0,1.0,0,2.0,1,1.0,2.0,2.0,1.0,1,6.0,1,1,1.0,400,600,2.0,2.0,.,OK,1,1,1,1.0,1.0,1.0,uuid:3ba8c863-ce3a-48b0-b02f-906049c1cc9c,uuid:3ba8c863-ce3a-48b0-b02f-906049c1cc9c,,,,0.0,61189.0,,A,0,1.0,0.0,1.0,0.0,1.0,0.0,28 Jan 2021,22308.0,1500,1500,,,,,
2019-03-29 10:06:04,2019-03-29 11:37:46,2019-03-29,3,1.0,66187,66187,1,1,661.0,,,,,,,,,,,,,,,,,,,,,,,,,,,,,,,,,,,,,,,0.0,2.0,2.0,3.0,5.0,2.0,2.0,5.0,2.0,5.0,2.0,2.0,2.0,2.0,2.0,1.0,1.0,1.0,2.0,1.0,2.0,1.0,,,3000.0,,,,,2.0,3.0,1.0,1.0,1.0,1.0,1.0,1.0,1.0,5.0,1.0,3.0,1.0,4.0,4.0,4.0,4.0,1.0,4.0,1.0,1.0,2.0,2.0,2.0,2.0,2.0,5.0,2.0,0.0,0.0,0.0,0.0,0.0,0.0,1.0,4.0,4.0,4.0,4.0,2.0,2.0,2.0,2.0,2.0,2.0,2.0,0.0,4.0,0.0,0.0,0.0,0.0,0.0,5,4,3,1,1,1500.0,2000.0,,,0.0,0.0,0.0,,,,,,,,,,0.0,0.0,0.0,0.0,0.0,0.0,0.0,0.0,,,,,2.0,2.0,2.0,,,,,,,,,,,,,,,,,,,,6.0,8.0,5.0,,5.0,,5.0,,5.0,,,,5,5,3.0,0.0,3.0,0.0,2.0,2.0,2.0,2.0,3.0,4.0,4,2,2,0,0.0,0,1,2,4,1,1,1,3,4.0,3.0,1.0,2.0,1.0,1.0,1.0,1.0,1.0,1.0,1.0,1,,3,1.0,2.0,1.0,3.0,1,4.0,1,1,1.0,500,500,1.0,1.0,.,OK,1,1,1,1.0,1.0,1.0,uuid:3bb92712-012b-46c0-a1c7-d3cee295c639,uuid:3bb92712-012b-46c0-a1c7-d3cee295c639,,,,0.0,66187.0,,A,0,1.0,0.0,1.0,0.0,1.0,0.0,28 Jan 2021,22308.0,900,2100,,,,,
2019-04-20 10:12:01,2019-04-20 11:03:28,2019-04-20,4,0.0,66190,66190,0,1,661.0,56.0,0.0,1985.0,Kananga,Kamayi,LULUWA,29.0,,3.0,,3.0,1.0,4.0,DIBAYA,17.0,,25000.0,50000.0,5.0,3.0,6.0,1.0,1.0,0.0,0.0,1.0,1.0,2.0,1.0,50000.0,25000.0,0.0,0.0,1.0,0.0,0.0,0.0,0.0,,,,,,,,,,,,,,,,,,,,,,,,,,,,,,,,,,,,,,,,,,,,,,,,,,,,,,,,,,,,,,,,,,,,,,,,,,,,,,,,,,,10,4,2,1,1,2000.0,1500.0,,,0.0,0.0,0.0,,,,,,,,,,0.0,0.0,0.0,0.0,0.0,0.0,0.0,0.0,,,,,,,,,,,,,,,,,,,,,,,,,,,,,,,,,,,,,,,1,5,3.0,3.0,2.0,1.0,1.0,1.0,1.0,1.0,3.0,1.0,4,3,2,0,0.0,0,1,2,4,2,2,2,2,2.0,3.0,1.0,4.0,2.0,2.0,2.0,2.0,2.0,2.0,2.0,1,,1,1.0,1.0,1.0,1.0,4,3.0,1,1,1.0,500,500,,,.,OK,1,1,1,,,,uuid:3cddd197-3b83-456e-9629-9654342ba3dc,uuid:3cddd197-3b83-456e-9629-9654342ba3dc,,,,0.0,66190.0,,C,0,1.0,1.0,1.0,0.0,1.0,0.0,28 Jan 2021,22308.0,1600,1400,,,,,
2019-03-19 10:20:31,2019-03-19 12:11:36,2019-03-19,2,,35797,35797,1,1,357.0,,,,,,,,,,,,,,,,,,,,,,,,,,,,,,,,,,,,,,,0.0,3.0,3.0,3.0,3.0,3.0,3.0,3.0,3.0,3.0,2.0,3.0,3.0,3.0,3.0,5.0,4.0,2.0,2.0,1.0,1.0,2.0,,,3000.0,,,,,2.0,4.0,4.0,1.0,2.0,2.0,2.0,4.0,2.0,4.0,2.0,4.0,2.0,3.0,3.0,1.0,1.0,1.0,3.0,1.0,0.0,1.0,0.0,1.0,1.0,2.0,7.0,2.0,0.0,0.0,0.0,0.0,0.0,0.0,1.0,3.0,2.0,3.0,0.0,1.0,1.0,1.0,1.0,1.0,1.0,1.0,0.0,4.0,0.0,0.0,0.0,0.0,0.0,7,6,4,3,1,1500.0,2000.0,,,0.0,0.0,0.0,,,1.0,0.0,1.0,0.0,0.0,,2.0,1.0,1.0,0.0,0.0,1.0,0.0,0.0,0.0,,,1.0,2.0,2.0,2.0,2.0,,,,,,,,1.0,2.0,2.0,2.0,2.0,3.0,,,,,,,10.0,9.0,4.0,,3.0,,5.0,,4.0,,0.0,0.0,5,3,2.0,2.0,3.0,2.0,2.0,2.0,2.0,2.0,3.0,1.0,3,3,2,0,0.0,0,2,2,2,2,2,2,2,1.0,2.0,3.0,4.0,1.0,2.0,1.0,1.0,1.0,1.0,1.0,0,3.0,1,1.0,1.0,1.0,1.0,1,4.0,2,2,2.0,200,800,4.0,2.0,.,OK,1,1,1,1.0,1.0,1.0,uuid:3d38be2c-7fd0-464c-889d-9d0050f530d8,uuid:3d38be2c-7fd0-464c-889d-9d0050f530d8,,,,0.0,35797.0,,C,0,1.0,0.0,1.0,0.0,1.0,0.0,28 Jan 2021,22308.0,1300,1700, 3/19/2019,13:11:00,13:58:00,00:47:00,
2019-03-28 08:40:01,2019-03-28 09:53:42,2019-03-28,3,1.0,36183,36183,1,1,361.0,,,,,,,,,,,,,,,,,,,,,,,,,,,,,,,,,,,,,,,1.0,1.0,3.0,3.0,4.0,3.0,3.0,3.0,4.0,3.0,3.0,3.0,3.0,4.0,3.0,5.0,4.0,2.0,1.0,1.0,1.0,1.0,,2500.0,,,,,,2.0,4.0,4.0,2.0,2.0,2.0,2.0,2.0,2.0,5.0,2.0,4.0,2.0,3.0,3.0,1.0,1.0,1.0,4.0,1.0,0.0,2.0,0.0,1.0,2.0,1.0,7.0,2.0,0.0,0.0,0.0,0.0,0.0,0.0,1.0,4.0,4.0,4.0,2.0,1.0,1.0,2.0,1.0,2.0,2.0,-2.0,0.0,4.0,0.0,0.0,0.0,0.0,0.0,8,6,4,3,1,1500.0,2000.0,,,0.0,0.0,0.0,,,,,,,,,,0.0,0.0,0.0,0.0,0.0,0.0,0.0,0.0,,,,,2.0,0.0,0.0,,,,,,,,,,,,,,,,,,,,8.0,10.0,4.0,,5.0,,5.0,,4.0,,0.0,0.0,4,5,2.0,2.0,2.0,2.0,2.0,2.0,2.0,2.0,3.0,1.0,3,3,2,0,0.0,0,1,2,2,2,2,1,2,1.0,2.0,3.0,4.0,1.0,1.0,1.0,1.0,1.0,1.0,1.0,0,3.0,2,1.0,1.0,2.0,1.0,1,4.0,1,1,1.0,200,800,4.0,2.0,.,OK,1,1,1,1.0,1.0,1.0,uuid:3d56e293-150e-4434-a290-152f7e159da8,uuid:3d56e293-150e-4434-a290-152f7e159da8,,,,0.0,36183.0,,A,0,1.0,0.0,1.0,0.0,1.0,0.0,28 Jan 2021,22308.0,1100,1900,28/03/2019,10:54:00,10:58:00,00:04:00,
2019-03-27 13:42:26,2019-03-27 14:03:18,2019-03-27,1,,107,107,1,1,,,,,.,.,.,,.,,,,,,.,,.,,,,,,,,,,,,,,,,0.0,0.0,0.0,0.0,0.0,0.0,0.0,1.0,3.0,4.0,3.0,1.0,3.0,5.0,4.0,4.0,1.0,3.0,5.0,1.0,5.0,1.0,4.0,2.0,2.0,1.0,1.0,1.0,1.0,2000.0,,,,,,,2.0,5.0,4.0,4.0,1.0,2.0,1.0,2.0,2.0,5.0,1.0,4.0,1.0,1.0,1.0,1.0,4.0,1.0,4.0,0.0,1.0,1.0,2.0,2.0,2.0,2.0,6.0,1.0,0.0,0.0,0.0,0.0,1.0,1.0,0.0,4.0,4.0,4.0,4.0,2.0,2.0,2.0,1.0,2.0,2.0,-2.0,2.0,5.0,1.0,0.0,0.0,0.0,-1.0,5,3,1,0,1,1500.0,2000.0,1.0,1.0,0.0,1.0,0.0,0.0,,,0.0,0.0,0.0,0.0,,,0.0,0.0,0.0,0.0,0.0,0.0,0.0,0.0,,,,,-1.0,2.0,0.0,1.0,3.0,2.0,3.0,1.0,2.0,,,,,,,,,3.0,3.0,,4.0,,8.0,10.0,5.0,.,3.0,.,3.0,.,5.0,,,,3,3,1.0,0.0,1.0,0.0,3.0,3.0,3.0,3.0,3.0,1.0,4,3,2,0,2.0,0,3,3,3,1,2,2,3,,2.0,,,1.0,1.0,4.0,1.0,3.0,7.0,1.0,1,,1,1.0,2.0,3.0,1.0,4,1.0,2,1,3.0,1000,0,1.0,1.0,.,,1,1,1,1.0,1.0,1.0,uuid:3df6d117-8f95-439e-ae0e-bfda447dbc04,uuid:3df6d117-8f95-439e-ae0e-bfda447dbc04,,,,0.0,,107.0,,0,1.0,0.0,0.0,0.0,1.0,0.0,28 Jan 2021,22308.0,700,2300, 3/14/2019,10:32:00,10:51:00,00:19:00,
2019-03-18 08:58:55,2019-03-18 10:57:32,2019-03-18,2,,51289,51289,1,1,513.0,,,,,,,,,,,,,,,,.,,,,,,,,,,,,,,,,,,,,,,,1.0,2.0,3.0,3.0,4.0,4.0,1.0,4.0,5.0,5.0,1.0,4.0,4.0,4.0,4.0,2.0,2.0,2.0,1.0,1.0,1.0,1.0,2000.0,,,,,,,1.0,5.0,5.0,1.0,1.0,1.0,1.0,5.0,1.0,3.0,1.0,3.0,1.0,4.0,4.0,6.0,1.0,1.0,4.0,1.0,2.0,2.0,0.0,2.0,2.0,2.0,8.0,2.0,0.0,0.0,0.0,1.0,1.0,0.0,0.0,4.0,4.0,4.0,4.0,2.0,2.0,2.0,2.0,2.0,2.0,0.0,0.0,3.0,0.0,0.0,0.0,0.0,0.0,6,5,4,3,1,2500.0,5000.0,,,,,,,,1.0,1.0,1.0,1.0,0.0,,2.0,1.0,0.0,0.0,0.0,1.0,0.0,0.0,0.0,,,1.0,5.0,2.0,2.0,2.0,,,,,,,,0.0,,,,,,1.0,,,,,,5.0,4.0,2.0,.,3.0,,3.0,,4.0,,0.0,0.0,4,4,3.0,2.0,3.0,2.0,2.0,2.0,2.0,2.0,1.0,3.0,3,3,2,0,0.0,0,1,2,2,1,1,1,1,2.0,4.0,1.0,3.0,1.0,1.0,1.0,1.0,1.0,1.0,1.0,1,,1,1.0,1.0,1.0,1.0,1,5.0,1,1,2.0,900,100,2.0,2.0,.,OK,1,1,1,1.0,1.0,1.0,uuid:3e046e8b-e98d-4cb4-abda-ad30fa66073a,uuid:3e046e8b-e98d-4cb4-abda-ad30fa66073a,,,,0.0,51289.0,,C,0,1.0,0.0,1.0,0.0,1.0,0.0,28 Jan 2021,22308.0,1200,1800, 3/18/2019,12:00:00,12:30:00,00:30:00,
2019-03-15 10:23:19,2019-03-15 12:11:38,2019-03-15,3,,55885,55885,1,1,558.0,,,,,,,,.,,,,,,,,.,,,,,,,,,,,,,,,,,,,,,,,1.0,3.0,3.0,3.0,4.0,4.0,3.0,3.0,3.0,3.0,3.0,3.0,3.0,3.0,3.0,2.0,2.0,3.0,1.0,1.0,1.0,1.0,,2500.0,,,,,,2.0,2.0,4.0,2.0,2.0,2.0,2.0,2.0,2.0,3.0,1.0,2.0,2.0,3.0,2.0,5.0,2.0,2.0,3.0,1.0,1.0,1.0,0.0,1.0,1.0,1.0,4.0,1.0,1.0,0.0,0.0,0.0,1.0,0.0,0.0,3.0,3.0,3.0,2.0,2.0,1.0,1.0,1.0,2.0,1.0,1.0,2.0,5.0,,0.0,0.0,,0.0,8,6,6,5,1,,,,,0.0,0.0,0.0,,,,,,,,,,0.0,0.0,0.0,0.0,,,,,,,,,1.0,1.0,1.0,,,,,,,,,,,,,,,,,,,,8.0,6.0,,Neutre,,Neutre,3.0,,5.0,,,,5,5,,,,,,,,,,,3,3,2,0,0.0,0,1,2,2,2,2,2,2,,,,,1.0,1.0,1.0,1.0,1.0,1.0,1.0,0,3.0,2,2.0,2.0,2.0,1.0,1,4.0,1,2,2.0,500,500,2.0,2.0,,,1,1,1,1.0,1.0,1.0,uuid:3e42542f-dfc4-4cbf-9ea5-d6ee9c282496,uuid:3e42542f-dfc4-4cbf-9ea5-d6ee9c282496,,,,0.0,55885.0,,A,0,1.0,0.0,1.0,0.0,1.0,0.0,28 Jan 2021,22308.0,2100,900, 3/15/2019,12:20:00,14:29:00,02:09:00,
2019-03-18 12:27:48,2019-03-18 13:35:24,2019-03-18,4,1.0,64590,64590,1,1,647.0,,,,,,,,,,,,,,,,.,,,,,,,,,,,,,,,,,,,,,,,,,,,,,,,,,,,,,,,,,,,,,,,,,,,,,,,,,,,,,,,,,,,,,,,,,,,,,,,,,,,,,,,,,,,,,,,,,,,,,,,,,7,5,5,7,1,1000.0,1500.0,,,,,,,,,,,,,,,0.0,0.0,0.0,0.0,0.0,0.0,0.0,0.0,,,,,,,,,,,,,,,,,,,,,,,,,,,,,,.,,,,,,,,,4,4,2.0,0.0,3.0,2.0,2.0,2.0,2.0,2.0,1.0,3.0,2,2,2,0,0.0,0,1,2,2,2,2,2,2,1.0,3.0,2.0,4.0,1.0,2.0,2.0,2.0,3.0,4.0,1.0,1,,3,1.0,1.0,1.0,2.0,1,4.0,1,1,1.0,400,600,,,.,OK,1,1,1,,,,uuid:3ec4d328-7dab-4e20-b8b0-47d293cdf13b,uuid:3ec4d328-7dab-4e20-b8b0-47d293cdf13b,,,,0.0,64590.0,,C,0,1.0,0.0,1.0,0.0,1.0,0.0,28 Jan 2021,22308.0,1400,1600,,,,,
2019-04-02 08:47:07,2019-04-02 10:07:47,2019-04-02,2,1.0,33089,33089,1,1,330.0,,,,,,,,,,,,,,,,,,,,,,,,,,,,,,,,,,,,,,,0.0,2.0,3.0,3.0,3.0,3.0,3.0,3.0,3.0,3.0,3.0,3.0,3.0,4.0,4.0,2.0,1.0,1.0,2.0,2.0,2.0,2.0,2000.0,,,,,1000.0,,1.0,5.0,5.0,1.0,1.0,1.0,1.0,2.0,1.0,5.0,1.0,3.0,1.0,1.0,4.0,5.0,1.0,1.0,1.0,1.0,1.0,1.0,0.0,2.0,2.0,2.0,5.0,2.0,0.0,0.0,0.0,0.0,0.0,0.0,1.0,4.0,4.0,4.0,4.0,1.0,2.0,2.0,2.0,2.0,2.0,0.0,0.0,5.0,0.0,0.0,0.0,0.0,0.0,10,8,5,2,1,2000.0,3000.0,,,0.0,0.0,0.0,,,0.0,,,,,,,0.0,0.0,0.0,0.0,0.0,0.0,0.0,0.0,,,1.0,1.0,2.0,2.0,0.0,,,,,,,,0.0,,,,,,0.0,,,,,,4.0,3.0,4.0,,4.0,,4.0,,4.0,,0.0,0.0,3,3,2.0,2.0,2.0,2.0,2.0,2.0,2.0,2.0,1.0,3.0,1,3,2,0,0.0,0,2,2,2,2,2,2,2,4.0,3.0,2.0,1.0,1.0,1.0,1.0,1.0,1.0,1.0,1.0,1,,3,1.0,1.0,1.0,1.0,2,5.0,1,1,2.0,800,200,2.0,1.0,.,OK,1,1,1,1.0,1.0,1.0,uuid:3ede9df9-6c0e-4a4c-8a3d-ddf818d53d5f,uuid:3ede9df9-6c0e-4a4c-8a3d-ddf818d53d5f,,,,0.0,33089.0,,C,0,1.0,0.0,1.0,0.0,1.0,0.0,28 Jan 2021,22308.0,1400,1600,,10:24:00,11:55:59,01:32:00,
2019-03-23 08:26:39,2019-03-23 09:45:56,2019-03-23,2,,20145,20145,1,1,201.0,,,,,,,,,,,,,,,,,,,,,,,,,,,,,,,,,,,,,,,0.0,2.0,3.0,5.0,5.0,4.0,3.0,3.0,3.0,3.0,2.0,3.0,3.0,4.0,5.0,5.0,4.0,2.0,1.0,1.0,1.0,1.0,2000.0,,,,,,,1.0,5.0,4.0,1.0,1.0,1.0,2.0,2.0,1.0,4.0,2.0,4.0,2.0,4.0,4.0,6.0,1.0,1.0,4.0,1.0,1.0,1.0,1.0,1.0,1.0,1.0,8.0,2.0,1.0,0.0,1.0,0.0,0.0,0.0,0.0,4.0,4.0,4.0,2.0,1.0,1.0,1.0,1.0,2.0,2.0,0.0,0.0,4.0,0.0,0.0,0.0,0.0,0.0,10,8,6,3,1,1500.0,200.0,,,0.0,0.0,0.0,,,1.0,0.0,0.0,0.0,1.0,,1.0,0.0,1.0,0.0,0.0,0.0,1.0,0.0,0.0,,,1.0,3.0,1.0,2.0,2.0,,,,,,,,0.0,,,,,,0.0,,,,,,6.0,7.0,1.0,,4.0,,4.0,,4.0,,0.0,0.0,3,3,1.0,2.0,3.0,0.0,2.0,1.0,2.0,2.0,3.0,1.0,3,3,2,-1,0.0,2,2,2,3,4,2,2,2,4.0,3.0,1.0,2.0,2.0,2.0,2.0,2.0,1.0,1.0,1.0,1,,2,1.0,1.0,1.0,1.0,2,4.0,1,1,2.0,500,500,1.0,1.0,.,OK,1,1,1,1.0,1.0,1.0,uuid:3f020c57-a735-4d2d-9d08-9286c1c4a745,uuid:3f020c57-a735-4d2d-9d08-9286c1c4a745,,,,0.0,20145.0,,C,0,1.0,0.0,1.0,0.0,1.0,0.0,28 Jan 2021,22308.0,1100,1900,23/03/2019,10:40:00,10:52:00,00:12:00,
2019-03-19 07:01:25,2019-03-19 08:13:16,2019-03-19,3,1.0,38091,38091,1,1,380.0,,,,,,,,,,,,,,,,,,,,,,,,,,,,,,,,,,,,,,,0.0,3.0,4.0,5.0,5.0,3.0,3.0,3.0,5.0,4.0,3.0,4.0,4.0,5.0,3.0,4.0,4.0,4.0,1.0,1.0,1.0,1.0,2000.0,,,1000.0,,,,2.0,4.0,4.0,1.0,2.0,2.0,2.0,2.0,2.0,4.0,2.0,2.0,1.0,3.0,2.0,2.0,1.0,2.0,2.0,1.0,1.0,2.0,0.0,1.0,1.0,1.0,8.0,2.0,0.0,0.0,0.0,0.0,0.0,0.0,1.0,4.0,4.0,4.0,4.0,2.0,2.0,2.0,2.0,2.0,2.0,-1.0,1.0,1.0,0.0,0.0,0.0,0.0,0.0,7,5,4,3,1,1000.0,1500.0,,,0.0,0.0,0.0,,,,,,,,,,,,,,0.0,0.0,0.0,0.0,,,,,-1.0,-1.0,-1.0,,,,,,,,,,,,,,,,,,,,8.0,5.0,4.0,,4.0,,5.0,,4.0,,0.0,0.0,5,3,2.0,2.0,1.0,1.0,1.0,1.0,2.0,2.0,3.0,5.0,2,3,2,0,0.0,0,2,2,2,2,2,4,1,4.0,2.0,3.0,1.0,2.0,8.0,8.0,1.0,3.0,8.0,4.0,1,,1,1.0,1.0,1.0,1.0,2,4.0,1,1,1.0,800,200,2.0,1.0,.,OK,1,1,1,1.0,1.0,1.0,uuid:3f7501d9-3782-4ec9-8a38-8a50214f9183,uuid:3f7501d9-3782-4ec9-8a38-8a50214f9183,,,,0.0,38091.0,,A,0,1.0,0.0,1.0,0.0,1.0,0.0,28 Jan 2021,22308.0,1400,1600, 3/19/2019,10:15:00,11:36:00,01:21:00,
2019-03-28 07:58:22,2019-03-28 09:28:05,2019-03-28,3,0.0,11887,11887,1,1,118.0,42.0,1.0,,Lukonga,Itabayi,LULUWA,36.0,,3.0,,2.0,1.0,4.0,DIBAYA,,Relais Communautaire,3000.0,70000.0,3.0,3.0,6.0,1.0,1.0,1.0,1.0,1.0,1.0,2.0,2.0,70000.0,3000.0,0.0,0.0,1.0,0.0,0.0,0.0,0.0,1.0,5.0,5.0,5.0,5.0,4.0,4.0,4.0,4.0,4.0,5.0,5.0,5.0,4.0,5.0,4.0,5.0,5.0,1.0,1.0,1.0,1.0,,,3000.0,,,,,1.0,5.0,5.0,1.0,1.0,1.0,1.0,1.0,1.0,4.0,1.0,4.0,2.0,4.0,4.0,1.0,1.0,1.0,4.0,2.0,2.0,2.0,0.0,1.0,1.0,1.0,7.0,2.0,0.0,0.0,0.0,0.0,0.0,0.0,1.0,3.0,4.0,4.0,3.0,2.0,2.0,2.0,2.0,2.0,2.0,2.0,2.0,6.0,0.0,0.0,0.0,0.0,0.0,8,8,5,4,1,2000.0,10000.0,,,0.0,0.0,0.0,,,,,,,,,,0.0,0.0,0.0,0.0,0.0,0.0,0.0,0.0,,,,,1.0,1.0,1.0,,,,,,,,,,,,,,,,,,,,8.0,6.0,4.0,,4.0,,5.0,,4.0,,0.0,0.0,3,4,1.0,3.0,2.0,0.0,1.0,1.0,1.0,1.0,2.0,5.0,3,3,2,2,0.0,0,1,2,4,2,2,2,2,3.0,4.0,1.0,2.0,1.0,2.0,2.0,2.0,2.0,2.0,2.0,1,,2,1.0,1.0,1.0,1.0,2,4.0,1,1,1.0,1000,0,2.0,1.0,.,OK,1,1,1,1.0,1.0,1.0,uuid:3fe8c638-e866-47e6-8f5e-6cc2e6aa63a0,uuid:3fe8c638-e866-47e6-8f5e-6cc2e6aa63a0,,,,0.0,11887.0,,A,0,1.0,1.0,1.0,0.0,1.0,0.0,28 Jan 2021,22308.0,1500,1500,28/03/2019,10:30:00,11:35:00,01:05:00,
2019-03-21 10:30:43,2019-03-21 12:17:03,2019-03-21,2,,60920132,60920132,1,1,6092.0,,,,,,,,,,,,,,,,,,,,,,,,,,,,,,,,,,,,,,,1.0,3.0,3.0,3.0,3.0,3.0,1.0,1.0,4.0,2.0,2.0,3.0,3.0,3.0,3.0,5.0,4.0,2.0,2.0,1.0,2.0,1.0,2000.0,,,,,1000.0,,2.0,4.0,4.0,2.0,2.0,2.0,2.0,4.0,2.0,4.0,2.0,4.0,2.0,4.0,4.0,6.0,1.0,1.0,1.0,1.0,1.0,1.0,1.0,1.0,1.0,1.0,6.0,2.0,0.0,0.0,0.0,0.0,0.0,0.0,1.0,3.0,3.0,3.0,1.0,1.0,1.0,1.0,1.0,1.0,1.0,2.0,0.0,4.0,0.0,0.0,0.0,0.0,0.0,6,5,4,3,1,1500.0,5000.0,,,0.0,0.0,0.0,,,1.0,0.0,1.0,0.0,0.0,,2.0,1.0,0.0,0.0,0.0,1.0,0.0,0.0,0.0,,,1.0,3.0,1.0,2.0,2.0,,,,,,,,1.0,2.0,3.0,2.0,2.0,4.0,,,,,,,6.0,6.0,4.0,,4.0,,5.0,,4.0,,0.0,0.0,5,5,2.0,2.0,2.0,2.0,2.0,2.0,2.0,2.0,1.0,3.0,3,3,1,0,0.0,0,2,2,2,2,2,2,2,1.0,2.0,3.0,4.0,1.0,3.0,1.0,1.0,1.0,1.0,1.0,0,4.0,1,1.0,1.0,1.0,1.0,1,5.0,2,2,1.0,300,700,2.0,2.0,.,OK,1,1,1,1.0,1.0,1.0,uuid:404a4193-91b7-49b7-a15d-0a0d3e83611f,uuid:404a4193-91b7-49b7-a15d-0a0d3e83611f,,,,0.0,60920132.0,,C,0,1.0,0.0,1.0,0.0,1.0,0.0,28 Jan 2021,22308.0,700,2300, 3/21/2019,13:17:00,13:45:00,00:28:00,
2019-05-31 09:40:55,2019-05-31 10:45:17,2019-05-31,4,0.0,59885,59885,1,1,598.0,55.0,0.0,1988.0,Kananga,Plateau,LULUWA,36.0,,1.0,,1.0,1.0,4.0,DIBAYA,9.0,,45000.0,180000.0,4.0,3.0,6.0,1.0,1.0,1.0,1.0,1.0,1.0,1.0,1.0,180000.0,45000.0,0.0,0.0,1.0,0.0,0.0,0.0,0.0,,,,,,,,,,,,,,,,,,,,,,,,,,,,,,,,,,,,,,,,,,,,,,,,,,,,,,,,,,,,,,,,,,,,,,,,,,,,,,,,,,,10,9,8,6,1,1000.0,2000.0,,,0.0,0.0,0.0,,,,,,,,,,0.0,0.0,0.0,0.0,0.0,0.0,0.0,0.0,,,,,,,,,,,,,,,,,,,,,,,,,,,,,,,,,,,,,,,4,5,3.0,2.0,2.0,2.0,2.0,3.0,2.0,2.0,1.0,4.0,2,3,2,0,0.0,0,2,2,2,2,2,2,2,3.0,4.0,1.0,2.0,1.0,1.0,1.0,1.0,1.0,1.0,1.0,1,,1,1.0,1.0,1.0,1.0,3,3.0,1,1,2.0,500,500,,,.,OK,1,1,1,,,,uuid:40ba6f29-3797-4de0-8e51-f70470b69d48,uuid:40ba6f29-3797-4de0-8e51-f70470b69d48,,,,0.0,59885.0,,C,0,1.0,1.0,1.0,0.0,1.0,0.0,28 Jan 2021,22308.0,800,2200,,,,,
2019-03-28 09:07:32,2019-03-28 09:35:51,2019-03-28,4,1.0,70485,70485,1,1,704.0,,,,,,,,,,,,,,,,,,,,,,,,,,,,,,,,,,,,,,,,,,,,,,,,,,,,,,,,,,,,,,,,,,,,,,,,,,,,,,,,,,,,,,,,,,,,,,,,,,,,,,,,,,,,,,,,,,,,,,,,,10,10,10,10,1,1000.0,2000.0,,,0.0,0.0,0.0,,,,,,,,,,0.0,0.0,0.0,0.0,0.0,0.0,0.0,0.0,,,,,,,,,,,,,,,,,,,,,,,,,,,,,,,,,,,,,,,3,3,3.0,2.0,2.0,0.0,2.0,2.0,2.0,2.0,3.0,1.0,3,3,2,0,0.0,0,2,2,4,2,2,3,2,3.0,4.0,1.0,2.0,1.0,1.0,1.0,1.0,3.0,1.0,1.0,1,,4,1.0,1.0,1.0,1.0,3,4.0,2,2,1.0,500,500,,,.,OK,1,1,1,,,,uuid:426e95db-1289-4301-a40b-c61b45564e44,uuid:426e95db-1289-4301-a40b-c61b45564e44,,,,0.0,70485.0,,C,0,1.0,0.0,1.0,0.0,1.0,0.0,28 Jan 2021,22308.0,1300,1700,,,,,
2019-04-01 14:27:21,2019-04-01 15:29:43,2019-04-01,5,0.0,68384,68384,1,2,683.0,39.0,0.0,1982.0,Kananga,Malandji,LULUWA,,Bakwa Tembue,3.0,,2.0,1.0,4.0,DEMBA,,Vendeuse à la pharmacie,10000.0,45000.0,4.0,3.0,4.0,1.0,1.0,1.0,1.0,1.0,1.0,1.0,2.0,45000.0,10000.0,0.0,0.0,1.0,0.0,0.0,0.0,0.0,,,,,,,,,,,,,,,,,,,,,,,,,,,,,,,,,,,,,,,,,,,,,,,,,,,,,,,,,,,,,,,,,,,,,,,,,,,,,,,,,,,7,5,5,4,1,1000.0,10000.0,,,0.0,0.0,0.0,,,,,,,,,,0.0,0.0,0.0,0.0,0.0,0.0,0.0,0.0,,,,,,,,,,,,,,,,,,,,,,,,,,,,,,,,,,,,,,,5,5,0.0,3.0,3.0,0.0,2.0,2.0,2.0,2.0,1.0,4.0,2,3,2,0,0.0,0,1,3,3,3,2,2,2,3.0,4.0,1.0,2.0,1.0,1.0,8.0,2.0,3.0,8.0,2.0,1,,2,1.0,1.0,4.0,1.0,1,5.0,2,3,2.0,300,700,,,.,OK,1,1,1,,,,uuid:42cff589-482c-4ff7-807b-63fff9dc87b8,uuid:42cff589-482c-4ff7-807b-63fff9dc87b8,,,,0.0,68384.0,,A,0,1.0,1.0,1.0,0.0,1.0,0.0,28 Jan 2021,22308.0,1300,1700,,,,,
2019-04-12 18:08:24,2019-04-12 19:26:09,2019-04-12,3,1.0,50185,50185,1,1,501.0,,,,,,,,,,,,,,,,,,,,,,,,,,,,,,,,,,,,,,,0.0,1.0,3.0,1.0,5.0,2.0,1.0,3.0,5.0,1.0,2.0,5.0,5.0,5.0,4.0,1.0,5.0,5.0,1.0,2.0,2.0,2.0,2000.0,,,,,1000.0,,1.0,4.0,1.0,2.0,2.0,2.0,1.0,1.0,1.0,4.0,2.0,4.0,1.0,4.0,1.0,1.0,1.0,1.0,1.0,2.0,1.0,2.0,1.0,2.0,2.0,2.0,4.0,2.0,0.0,0.0,0.0,0.0,0.0,0.0,1.0,4.0,4.0,4.0,4.0,2.0,2.0,2.0,2.0,2.0,2.0,0.0,2.0,4.0,2.0,0.0,0.0,0.0,0.0,8,7,6,5,1,1500.0,3000.0,,,0.0,0.0,0.0,,,,,,,,,,0.0,0.0,0.0,0.0,0.0,0.0,0.0,0.0,,,,,2.0,-1.0,2.0,,,,,,,,,,,,,,,,,,,,8.0,9.0,4.0,,5.0,,5.0,,4.0,,0.0,0.0,5,3,3.0,3.0,3.0,3.0,3.0,3.0,3.0,3.0,6.0,1.0,3,3,2,-1,-1.0,0,1,3,1,1,1,1,2,2.0,4.0,1.0,3.0,1.0,1.0,1.0,1.0,1.0,1.0,1.0,0,1.0,1,2.0,2.0,2.0,1.0,3,1.0,1,1,1.0,200,800,1.0,1.0,.,OK,1,1,1,0.0,,0.0,uuid:42f23fe7-4c3a-4bb4-b1b5-37cbc0ee64b2,uuid:42f23fe7-4c3a-4bb4-b1b5-37cbc0ee64b2,,,,0.0,50185.0,,A,0,1.0,0.0,1.0,0.0,1.0,0.0,28 Jan 2021,22308.0,1200,1800,,,,,
2020-02-28 14:06:36,2020-02-28 15:04:18,2020-02-28,1,1.0,96,96,1,1,,,,,.,.,.,,.,,,,,,.,,.,,,,,,,,,,,,,,,,0.0,0.0,0.0,0.0,0.0,0.0,0.0,0.0,3.0,3.0,3.0,4.0,3.0,2.0,3.0,3.0,3.0,2.0,3.0,4.0,5.0,3.0,5.0,2.0,2.0,1.0,2.0,2.0,2.0,2000.0,,,,,1000.0,,1.0,4.0,5.0,1.0,2.0,1.0,2.0,2.0,2.0,5.0,1.0,4.0,1.0,1.0,4.0,1.0,1.0,1.0,4.0,2.0,1.0,2.0,0.0,1.0,1.0,2.0,6.0,2.0,1.0,0.0,0.0,1.0,1.0,1.0,0.0,3.0,4.0,4.0,4.0,2.0,2.0,2.0,2.0,2.0,2.0,-2.0,1.0,4.0,-2.0,-1.0,-1.0,-1.0,-2.0,7,5,3,1,1,5000.0,3000.0,2.0,1.0,1.0,0.0,0.0,0.0,,,0.0,0.0,0.0,0.0,,,0.0,0.0,0.0,0.0,0.0,0.0,0.0,0.0,,,,,-2.0,-2.0,-2.0,0.0,,,,,,1.0,,,,,,,,2.0,2.0,,2.0,,8.0,8.0,4.0,.,3.0,.,4.0,.,5.0,,,,4,4,2.0,3.0,3.0,1.0,1.0,1.0,1.0,1.0,3.0,1.0,3,3,2,0,0.0,0,1,2,1,1,1,1,1,2.0,3.0,1.0,4.0,2.0,3.0,2.0,2.0,3.0,1.0,1.0,1,,1,1.0,1.0,1.0,1.0,2,3.0,1,1,1.0,700,300,2.0,2.0,.,OK,1,1,1,1.0,1.0,1.0,uuid:42f32327-51f4-49c7-aac1-e383da1983a3,uuid:42f32327-51f4-49c7-aac1-e383da1983a3,,,,0.0,,96.0,,0,1.0,0.0,0.0,0.0,1.0,0.0,28 Jan 2021,22308.0,900,2100, 2/28/2020,15:14:00,15:20:00,00:06:00,
2019-03-22 13:41:07,2019-03-22 14:51:35,2019-03-22,3,1.0,64491,64491,1,1,645.0,,,,,,,,,,,,,,,,,,,,,,,,,,,,,,,,,,,,,,,1.0,3.0,3.0,3.0,3.0,3.0,3.0,3.0,3.0,3.0,3.0,3.0,3.0,3.0,3.0,4.0,2.0,2.0,1.0,1.0,1.0,1.0,,,3000.0,,,,,1.0,5.0,4.0,1.0,2.0,2.0,2.0,2.0,2.0,4.0,2.0,4.0,2.0,4.0,4.0,6.0,1.0,1.0,4.0,2.0,2.0,1.0,1.0,2.0,1.0,1.0,7.0,2.0,1.0,1.0,0.0,0.0,1.0,1.0,0.0,4.0,4.0,4.0,4.0,1.0,1.0,1.0,1.0,1.0,1.0,-1.0,-1.0,2.0,-1.0,0.0,0.0,0.0,-2.0,8,5,4,2,1,1500.0,1500.0,,,0.0,0.0,0.0,,,,,,,,,,,,,,0.0,0.0,0.0,0.0,,,,,2.0,2.0,2.0,,,,,,,,,,,,,,,,,,,,7.0,1.0,4.0,,4.0,,4.0,,5.0,,,,3,3,0.0,2.0,2.0,0.0,2.0,2.0,2.0,2.0,3.0,1.0,3,3,2,0,0.0,0,2,4,4,2,2,2,4,4.0,3.0,2.0,1.0,1.0,3.0,1.0,2.0,3.0,1.0,2.0,1,,4,4.0,1.0,1.0,4.0,1,4.0,1,2,1.0,500,500,2.0,1.0,.,OK,1,1,1,1.0,1.0,1.0,uuid:43d6ea5f-0ddc-472d-8026-050ac72c316c,uuid:43d6ea5f-0ddc-472d-8026-050ac72c316c,,,,0.0,64491.0,,A,0,1.0,0.0,1.0,0.0,1.0,0.0,28 Jan 2021,22308.0,900,2100,22/03/2019,15:50:00,15:57:00,00:07:00,
2019-03-15 07:59:49,2019-03-15 13:18:15,2019-03-15,2,,55885,55885,1,1,55885.0,,,,,,,,.,,,,,,,,.,,,,,,,,,,,,,,,,,,,,,,,1.0,1.0,3.0,3.0,4.0,1.0,1.0,1.0,4.0,3.0,1.0,2.0,4.0,3.0,3.0,2.0,2.0,2.0,1.0,1.0,1.0,1.0,,2500.0,,,,,,2.0,4.0,4.0,2.0,1.0,2.0,2.0,2.0,2.0,5.0,2.0,5.0,2.0,3.0,3.0,1.0,1.0,1.0,3.0,1.0,0.0,0.0,0.0,2.0,2.0,2.0,6.0,2.0,0.0,0.0,0.0,0.0,1.0,0.0,0.0,4.0,3.0,4.0,0.0,2.0,2.0,1.0,2.0,2.0,2.0,2.0,0.0,4.0,,0.0,0.0,,1.0,9,8,6,4,1,,,,,0.0,0.0,0.0,,,0.0,,,,,,,0.0,0.0,0.0,0.0,,,,,,,1.0,2.0,0.0,0.0,2.0,,,,,,,,1.0,2.0,2.0,2.0,2.0,4.0,,,,,,,7.0,10.0,5.0,,3.0,,5.0,,5.0,,,,5,5,,,,,,,,,,,3,3,1,0,0.0,0,1,2,2,2,2,1,2,,,,,1.0,3.0,1.0,1.0,1.0,1.0,1.0,0,1.0,2,1.0,2.0,2.0,1.0,1,4.0,1,1,1.0,200,800,4.0,2.0,,,1,1,1,1.0,1.0,1.0,uuid:4437b6d6-58ae-466f-a616-bb2e4de58942,uuid:4437b6d6-58ae-466f-a616-bb2e4de58942,,,,0.0,55885.0,,C,0,1.0,0.0,1.0,0.0,1.0,0.0,28 Jan 2021,22308.0,1000,2000, 3/15/2019,10:54:59,12:02:00,01:07:00,
2019-03-19 14:20:10,2019-03-19 14:53:15,2019-03-19,5,1.0,23695,23695,1,1,236.0,,,,,,,,,,,,,,,,,,,,,,,,,,,,,,,,,,,,,,,,,,,,,,,,,,,,,,,,,,,,,,,,,,,,,,,,,,,,,,,,,,,,,,,,,,,,,,,,,,,,,,,,,,,,,,,,,,,,,,,,,10,10,9,8,1,2000.0,1500.0,,,0.0,0.0,0.0,,,,,,,,,,,,,,0.0,0.0,0.0,0.0,,,,,,,,,,,,,,,,,,,,,,,,,,,,,,,,,,,,,,,5,4,3.0,3.0,3.0,0.0,1.0,1.0,1.0,1.0,3.0,1.0,2,3,1,0,0.0,0,1,2,2,2,2,2,2,2.0,4.0,1.0,3.0,2.0,3.0,3.0,2.0,2.0,2.0,1.0,1,,1,1.0,1.0,1.0,1.0,3,3.0,1,1,1.0,500,500,,,.,OK,0,1,1,,,,uuid:45c3643b-f357-4521-97c3-1a2a1a01aaf0,uuid:45c3643b-f357-4521-97c3-1a2a1a01aaf0,,,,0.0,23695.0,,A,0,1.0,0.0,1.0,0.0,1.0,0.0,28 Jan 2021,22308.0,1300,1700,,,,,
2019-03-26 14:43:18,2019-03-26 15:09:16,2019-03-26,4,1.0,51895,51895,1,1,518.0,,,,,,,,,,,,,,,,,,,,,,,,,,,,,,,,,,,,,,,,,,,,,,,,,,,,,,,,,,,,,,,,,,,,,,,,,,,,,,,,,,,,,,,,,,,,,,,,,,,,,,,,,,,,,,,,,,,,,,,,,8,5,4,2,1,2000.0,2000.0,,,0.0,0.0,0.0,,,,,,,,,,,,,,0.0,0.0,0.0,0.0,,,,,,,,,,,,,,,,,,,,,,,,,,,,,,,,,,,,,,,3,3,3.0,3.0,3.0,3.0,3.0,3.0,3.0,3.0,1.0,5.0,3,3,2,0,0.0,0,1,3,4,2,2,2,2,2.0,3.0,1.0,4.0,3.0,3.0,3.0,2.0,3.0,3.0,3.0,0,4.0,1,1.0,1.0,1.0,4.0,1,7.0,2,2,2.0,700,300,,,.,OK,1,1,1,,,,uuid:480c8037-337e-4c5b-9743-68b485e299f3,uuid:480c8037-337e-4c5b-9743-68b485e299f3,,,,0.0,51895.0,,C,0,1.0,0.0,1.0,0.0,1.0,0.0,28 Jan 2021,22308.0,1000,2000,,,,,
2019-03-25 10:48:05,2019-03-25 12:26:26,2019-03-25,2,,2048,2048,1,2,204.0,,,,,,,,,,,,,,,,,,,,,,,,,,,,,,,,,,,,,,,1.0,1.0,3.0,3.0,3.0,2.0,1.0,3.0,3.0,1.0,2.0,3.0,3.0,3.0,3.0,4.0,2.0,2.0,2.0,2.0,1.0,1.0,2000.0,,,1000.0,,,,1.0,5.0,2.0,1.0,2.0,4.0,2.0,2.0,2.0,2.0,1.0,4.0,2.0,3.0,3.0,2.0,2.0,2.0,2.0,0.0,0.0,1.0,1.0,1.0,1.0,2.0,4.0,1.0,0.0,0.0,0.0,0.0,0.0,0.0,1.0,4.0,3.0,4.0,4.0,2.0,1.0,0.0,0.0,0.0,2.0,-1.0,1.0,1.0,0.0,0.0,0.0,0.0,0.0,4,3,2,2,1,1000.0,2500.0,,,0.0,0.0,0.0,,,0.0,,,,,,,,,,,0.0,0.0,0.0,0.0,,,1.0,888.0,0.0,1.0,0.0,,,,,,,,1.0,3.0,2.0,2.0,2.0,2.0,,,,,,,7.0,10.0,5.0,,4.0,,4.0,,4.0,,0.0,0.0,5,5,3.0,2.0,2.0,2.0,2.0,2.0,2.0,2.0,1.0,3.0,3,3,2,0,0.0,0,1,3,4,1,2,2,2,2.0,4.0,1.0,3.0,2.0,2.0,2.0,2.0,2.0,2.0,2.0,0,4.0,1,1.0,1.0,3.0,2.0,1,4.0,3,3,2.0,400,600,3.0,1.0,.,OK,1,1,1,0.0,,0.0,uuid:483936a6-c6ef-434e-95b1-43ca4d3976cf,uuid:483936a6-c6ef-434e-95b1-43ca4d3976cf,,,,0.0,2048.0,,C,0,1.0,0.0,1.0,0.0,1.0,0.0,28 Jan 2021,22308.0,2100,900,25/03/2019,14:25:00,?,,
2019-03-15 13:23:38,2019-03-15 15:19:59,2019-03-15,3,,60383,60383,1,1,600.0,,,,,,,,.,,,,,,,,.,,,,,,,,,,,,,,,,,,,,,,,1.0,2.0,3.0,3.0,4.0,5.0,3.0,3.0,4.0,3.0,3.0,3.0,4.0,4.0,5.0,2.0,2.0,1.0,1.0,1.0,1.0,1.0,,2500.0,,,,,,1.0,5.0,5.0,1.0,1.0,1.0,2.0,2.0,1.0,2.0,1.0,4.0,2.0,4.0,1.0,1.0,1.0,4.0,4.0,1.0,1.0,1.0,0.0,2.0,2.0,1.0,8.0,1.0,1.0,0.0,1.0,1.0,1.0,1.0,0.0,4.0,4.0,4.0,3.0,2.0,2.0,2.0,2.0,2.0,2.0,0.0,0.0,4.0,,0.0,0.0,,0.0,10,6,5,2,1,,,,,0.0,0.0,0.0,,,,,,,,,,0.0,0.0,0.0,0.0,,,,,,,,,-2.0,2.0,2.0,,,,,,,,,,,,,,,,,,,,8.0,1.0,5.0,,3.0,,4.0,,5.0,,,,3,3,,,,,,,,,,,3,3,2,0,0.0,0,1,2,1,1,2,1,1,,,,,2.0,2.0,2.0,2.0,3.0,3.0,2.0,0,4.0,1,1.0,1.0,1.0,1.0,1,7.0,4,2,2.0,0,1000,2.0,1.0,,,1,1,1,1.0,1.0,1.0,uuid:48607f0d-e6b6-4d05-81ee-229a4b08a8ba,uuid:48607f0d-e6b6-4d05-81ee-229a4b08a8ba,,,,0.0,60383.0,,A,0,1.0,0.0,1.0,0.0,1.0,0.0,28 Jan 2021,22308.0,1500,1500, 3/15/2019,16:21:00,16:59:00,00:38:00,
2019-03-27 12:53:55,2019-03-27 13:30:57,2019-03-27,4,1.0,22289,22289,1,1,222.0,,,,,,,,,,,,,,,,,,,,,,,,,,,,,,,,,,,,,,,,,,,,,,,,,,,,,,,,,,,,,,,,,,,,,,,,,,,,,,,,,,,,,,,,,,,,,,,,,,,,,,,,,,,,,,,,,,,,,,,,,8,7,5,2,1,1000.0,5500.0,,,0.0,0.0,0.0,,,,,,,,,,0.0,0.0,0.0,0.0,0.0,0.0,0.0,0.0,,,,,,,,,,,,,,,,,,,,,,,,,,,,,,,,,,,,,,,5,5,1.0,1.0,3.0,0.0,2.0,1.0,1.0,1.0,1.0,3.0,2,2,2,0,0.0,0,2,2,4,1,1,1,2,2.0,3.0,1.0,4.0,7.0,1.0,2.0,2.0,7.0,1.0,1.0,0,1.0,1,1.0,,1.0,1.0,1,4.0,1,1,2.0,1000,0,,,.,OK,1,0,1,,,,uuid:48724908-cfe2-48bb-8265-2327fd363e58,uuid:48724908-cfe2-48bb-8265-2327fd363e58,,,,0.0,22289.0,,C,0,1.0,0.0,1.0,0.0,1.0,0.0,28 Jan 2021,22308.0,2500,500,,,,,
2019-04-05 12:08:18,2019-04-05 12:54:25,2019-04-05,5,0.0,34193,34193,1,2,341.0,24.0,1.0,,Katoka,Mpokolo,LULUWA,33.0,,3.0,,1.0,1.0,4.0,DIBAYA,0.0,,10000.0,,4.0,3.0,6.0,1.0,1.0,1.0,1.0,1.0,1.0,2.0,2.0,,10000.0,0.0,0.0,1.0,1.0,0.0,0.0,0.0,,,,,,,,,,,,,,,,,,,,,,,,,,,,,,,,,,,,,,,,,,,,,,,,,,,,,,,,,,,,,,,,,,,,,,,,,,,,,,,,,,,4,2,1,0,1,1000.0,2000.0,,,0.0,0.0,0.0,,,,,,,,,,0.0,0.0,0.0,0.0,0.0,0.0,0.0,0.0,,,,,,,,,,,,,,,,,,,,,,,,,,,,,,,,,,,,,,,1,1,0.0,3.0,3.0,0.0,2.0,0.0,0.0,1.0,3.0,2.0,3,3,2,0,-1.0,-1,2,2,2,3,3,2,3,4.0,3.0,2.0,1.0,2.0,2.0,2.0,2.0,3.0,3.0,2.0,0,4.0,2,1.0,1.0,1.0,4.0,1,4.0,2,2,,100,900,,,.,OK,1,1,1,,,,uuid:4884263b-3fc8-4c5f-8d7a-cab3868ab71e,uuid:4884263b-3fc8-4c5f-8d7a-cab3868ab71e,,,,0.0,34193.0,,A,0,1.0,1.0,1.0,0.0,1.0,1.0,28 Jan 2021,22308.0,1300,1700,,,,,
2019-03-26 13:40:40,2019-03-26 14:20:41,2019-03-26,5,1.0,51895,51895,1,1,518.0,,,,,,,,,,,,,,,,,,,,,,,,,,,,,,,,,,,,,,,,,,,,,,,,,,,,,,,,,,,,,,,,,,,,,,,,,,,,,,,,,,,,,,,,,,,,,,,,,,,,,,,,,,,,,,,,,,,,,,,,,7,7,5,2,1,2000.0,3000.0,,,0.0,0.0,0.0,,,,,,,,,,,,,,0.0,0.0,0.0,0.0,,,,,,,,,,,,,,,,,,,,,,,,,,,,,,,,,,,,,,,4,4,1.0,2.0,3.0,0.0,2.0,2.0,2.0,2.0,3.0,1.0,1,2,2,0,0.0,0,2,2,4,2,2,2,2,4.0,3.0,1.0,2.0,1.0,1.0,1.0,1.0,1.0,1.0,1.0,0,1.0,1,1.0,1.0,1.0,1.0,2,,1,3,2.0,1000,0,,,.,OK,1,1,1,,,,uuid:49657e6a-65b6-4e8f-9c70-eadbef971b0f,uuid:49657e6a-65b6-4e8f-9c70-eadbef971b0f,,,,0.0,51895.0,,A,0,1.0,0.0,1.0,0.0,1.0,0.0,28 Jan 2021,22308.0,1200,1800,,,,,
2019-03-13 09:27:39,2019-03-13 11:14:33,2019-03-13,1,,8,8,1,1,,,,,.,.,.,,.,,,,,,.,,.,,,,,,,,,,,,,,,,0.0,0.0,0.0,0.0,0.0,0.0,0.0,0.0,3.0,3.0,3.0,3.0,1.0,1.0,1.0,3.0,2.0,2.0,1.0,3.0,3.0,3.0,5.0,2.0,3.0,2.0,2.0,2.0,2.0,1500.0,,,,,,2000.0,2.0,4.0,4.0,2.0,2.0,2.0,2.0,4.0,2.0,4.0,1.0,4.0,1.0,3.0,3.0,2.0,2.0,2.0,4.0,1.0,2.0,1.0,0.0,0.0,1.0,2.0,5.0,2.0,0.0,0.0,1.0,0.0,1.0,1.0,0.0,4.0,3.0,3.0,0.0,1.0,1.0,0.0,0.0,2.0,2.0,2.0,0.0,2.0,,0.0,0.0,,0.0,6,6,6,5,1,,,0.0,4.0,0.0,0.0,1.0,1.0,1.0,,0.0,0.0,0.0,0.0,,,0.0,0.0,0.0,0.0,0.0,0.0,0.0,0.0,,,,,-2.0,-2.0,-2.0,0.0,,,,,,1.0,,,,,,,,1.0,3.0,,3.0,,7.0,6.0,3.0,,3.0,,,Il ne veut pas dire,5.0,,,,3,3,,,,,,,,,,,3,3,1,0,0.0,0,1,2,4,2,2,2,2,,,,,1.0,1.0,1.0,1.0,3.0,3.0,1.0,0,4.0,1,1.0,2.0,1.0,1.0,1,4.0,2,2,1.0,300,700,2.0,2.0,.,,1,1,1,1.0,1.0,1.0,uuid:49b98bbf-0dac-4b4a-973f-baca0575e70b,uuid:49b98bbf-0dac-4b4a-973f-baca0575e70b,2.0,1.0,1.0,0.0,,8.0,,0,1.0,0.0,0.0,0.0,1.0,0.0,28 Jan 2021,22308.0,1400,1600, 3/13/2019,12:16:00,12:43:00,00:27:00,1.0
2019-04-01 16:21:27,2019-04-01 17:02:18,2019-04-01,5,0.0,68647,68647,1,1,686.0,69.0,0.0,1970.0,kananga,malandji,SALA,,,1.0,,2.0,1.0,4.0,LUIZA,17.0,,20000.0,150000.0,2.0,3.0,5.0,1.0,1.0,1.0,1.0,1.0,1.0,1.0,1.0,150000.0,20000.0,0.0,0.0,1.0,1.0,0.0,1.0,0.0,,,,,,,,,,,,,,,,,,,,,,,,,,,,,,,,,,,,,,,,,,,,,,,,,,,,,,,,,,,,,,,,,,,,,,,,,,,,,,,,,,,9,7,5,3,1,1500.0,2500.0,,,0.0,0.0,0.0,,,,,,,,,,0.0,0.0,0.0,0.0,0.0,0.0,0.0,0.0,,,,,,,,,,,,,,,,,,,,,,,,,,,,,,,,,,,,,,,5,3,2.0,2.0,2.0,2.0,2.0,2.0,2.0,2.0,3.0,1.0,3,3,2,0,0.0,0,1,1,1,1,1,1,1,4.0,3.0,1.0,2.0,2.0,2.0,2.0,2.0,3.0,2.0,2.0,1,,2,1.0,1.0,1.0,4.0,2,4.0,1,1,2.0,500,500,,,.,OK,1,1,1,,,,uuid:4aea224d-7a33-4bf0-b5ac-b6691a9b5df1,uuid:4aea224d-7a33-4bf0-b5ac-b6691a9b5df1,,,,0.0,68647.0,,A,0,1.0,1.0,1.0,0.0,1.0,0.0,28 Jan 2021,22308.0,1500,1500,,,,,
2019-03-29 07:04:02,2019-03-29 08:32:09,2019-03-29,2,1.0,22510,22510,1,1,225.0,,,,,,,,,,,,,,,,,,,,,,,,,,,,,,,,,,,,,,,1.0,1.0,3.0,3.0,3.0,3.0,1.0,3.0,4.0,3.0,3.0,3.0,3.0,3.0,3.0,4.0,2.0,2.0,1.0,1.0,2.0,2.0,2000.0,,,,,1000.0,,2.0,4.0,4.0,1.0,1.0,1.0,2.0,4.0,1.0,4.0,1.0,4.0,2.0,4.0,4.0,6.0,4.0,1.0,1.0,1.0,1.0,1.0,0.0,1.0,1.0,2.0,3.0,0.0,1.0,0.0,0.0,0.0,1.0,1.0,0.0,4.0,4.0,4.0,4.0,2.0,1.0,1.0,1.0,2.0,2.0,2.0,-2.0,4.0,0.0,0.0,0.0,0.0,-2.0,7,5,4,1,1,1500.0,1500.0,,,0.0,0.0,0.0,,,1.0,1.0,1.0,1.0,0.0,,1.0,1.0,0.0,0.0,0.0,1.0,0.0,0.0,0.0,,,1.0,4.0,0.0,2.0,2.0,,,,,,,,0.0,,,,,,0.0,,,,,,6.0,5.0,5.0,,3.0,,3.0,,5.0,,,,5,4,2.0,2.0,2.0,2.0,2.0,2.0,2.0,2.0,3.0,1.0,3,3,2,0,0.0,0,1,2,2,2,2,4,2,2.0,4.0,1.0,3.0,3.0,3.0,3.0,2.0,3.0,3.0,2.0,1,,1,1.0,1.0,1.0,1.0,1,7.0,1,1,2.0,1000,0,2.0,1.0,.,OK,1,1,1,1.0,1.0,1.0,uuid:4b17d873-e8b3-4e62-914a-2b4d10c484db,uuid:4b17d873-e8b3-4e62-914a-2b4d10c484db,,,,0.0,22510.0,,C,0,1.0,0.0,1.0,0.0,1.0,0.0,28 Jan 2021,22308.0,800,2200,29/03/2019,09:31:00,09:37:00,00:06:00,
2019-03-26 13:55:31,2019-03-26 14:39:49,2019-03-15,1,,47,47,1,1,,,,,.,.,.,,.,,,,,,.,,.,,,,,,,,,,,,,,,,0.0,0.0,0.0,0.0,0.0,0.0,0.0,1.0,3.0,3.0,4.0,5.0,3.0,4.0,5.0,3.0,4.0,3.0,4.0,5.0,4.0,3.0,5.0,5.0,5.0,1.0,1.0,1.0,1.0,,,3000.0,,,,,2.0,5.0,4.0,5.0,2.0,1.0,1.0,2.0,2.0,5.0,1.0,5.0,2.0,1.0,1.0,7.0,1.0,1.0,3.0,2.0,2.0,0.0,0.0,2.0,2.0,2.0,5.0,1.0,1.0,1.0,1.0,1.0,1.0,0.0,0.0,2.0,2.0,4.0,2.0,1.0,1.0,2.0,2.0,2.0,2.0,1.0,1.0,4.0,2.0,1.0,2.0,1.0,0.0,8,6,5,5,1,2500.0,6600.0,2.0,2.0,0.0,1.0,0.0,1.0,1.0,,0.0,0.0,0.0,0.0,,,0.0,0.0,0.0,0.0,0.0,0.0,0.0,0.0,,,,,0.0,0.0,0.0,0.0,,,,,,1.0,,,,,,,,3.0,4.0,,3.0,,6.0,1.0,5.0,.,3.0,.,2.0,.,5.0,,,,3,3,1.0,3.0,0.0,3.0,3.0,3.0,2.0,0.0,1.0,3.0,4,3,2,0,0.0,0,1,4,1,4,1,1,4,,,3.0,,1.0,3.0,2.0,4.0,3.0,1.0,2.0,0,4.0,3,1.0,3.0,1.0,3.0,3,4.0,1,1,1.0,500,500,1.0,1.0,.,,1,1,1,1.0,1.0,1.0,uuid:4bee513a-b419-4818-981d-b0491fcd0e64,uuid:4bee513a-b419-4818-981d-b0491fcd0e64,,,,1.0,,47.0,,0,1.0,0.0,0.0,0.0,1.0,0.0,28 Jan 2021,22308.0,1300,1700, 3/14/2019,15:35:00,15:40:00,00:05:00,
2019-03-16 07:59:22,,2019-03-16,1,,69,69,1,1,,,,,.,.,.,,.,,,,,,.,,.,,,,,,,,,,,,,,,,0.0,0.0,0.0,0.0,0.0,0.0,0.0,0.0,2.0,4.0,2.0,5.0,5.0,1.0,3.0,4.0,2.0,2.0,3.0,3.0,4.0,5.0,4.0,5.0,2.0,2.0,2.0,1.0,1.0,2000.0,,,1000.0,,,,1.0,5.0,4.0,2.0,2.0,4.0,5.0,2.0,2.0,4.0,2.0,5.0,2.0,2.0,3.0,3.0,2.0,3.0,3.0,1.0,1.0,2.0,0.0,2.0,1.0,1.0,5.0,1.0,0.0,1.0,0.0,1.0,1.0,1.0,0.0,4.0,2.0,4.0,3.0,2.0,2.0,1.0,1.0,2.0,1.0,1.0,-1.0,1.0,1.0,0.0,0.0,0.0,0.0,4,4,3,2,1,2000.0,5000.0,1.0,2.0,0.0,1.0,0.0,0.0,,,,,,,,,0.0,0.0,0.0,0.0,0.0,0.0,0.0,0.0,,,,,0.0,0.0,0.0,1.0,1.0,2.0,2.0,2.0,4.0,,,,,,,,,2.0,4.0,,3.0,,7.0,8.0,1.0,.,4.0,.,4.0,.,4.0,,0.0,0.0,3,4,2.0,2.0,2.0,2.0,2.0,2.0,2.0,2.0,1.0,3.0,3,2,2,0,0.0,0,1,2,2,2,2,2,2,3.0,4.0,1.0,2.0,8.0,1.0,1.0,1.0,8.0,8.0,1.0,0,2.0,2,1.0,3.0,2.0,1.0,1,5.0,1,1,2.0,100,900,2.0,2.0,.,OK,1,1,1,1.0,1.0,1.0,uuid:4c10e59a-6cb5-463f-b514-cd7bb782cdee,uuid:4c10e59a-6cb5-463f-b514-cd7bb782cdee,,,,0.0,,69.0,,0,1.0,0.0,0.0,0.0,1.0,0.0,28 Jan 2021,22308.0,1500,1500, 3/16/2019,11:17:00,12:00:00,00:43:00,
2019-04-03 09:17:56,2019-04-03 10:00:26,2019-04-03,5,0.0,20145,20145,0,1,201.0,52.0,1.0,,Ndesha,Kamilabi,LULUWA,31.0,,2.0,,2.0,1.0,4.0,DIBAYA,17.0,,5000.0,25000.0,7.0,3.0,6.0,1.0,1.0,0.0,0.0,1.0,1.0,1.0,1.0,25000.0,5000.0,0.0,0.0,1.0,0.0,0.0,0.0,0.0,,,,,,,,,,,,,,,,,,,,,,,,,,,,,,,,,,,,,,,,,,,,,,,,,,,,,,,,,,,,,,,,,,,,,,,,,,,,,,,,,,,5,3,3,0,1,1500.0,3000.0,,,0.0,0.0,0.0,,,,,,,,,,0.0,0.0,0.0,0.0,0.0,0.0,0.0,0.0,,,,,,,,,,,,,,,,,,,,,,,,,,,,,,,,,,,,,,,5,5,0.0,3.0,2.0,0.0,2.0,1.0,0.0,0.0,3.0,1.0,1,3,2,0,0.0,0,2,2,4,2,2,2,2,2.0,4.0,1.0,3.0,1.0,1.0,1.0,1.0,1.0,1.0,1.0,1,,1,1.0,1.0,1.0,1.0,1,4.0,1,1,2.0,500,500,,,.,OK,0,0,1,,,,uuid:4cceb427-b894-4159-8724-e30a3a725114,uuid:4cceb427-b894-4159-8724-e30a3a725114,,,,0.0,20145.0,,A,0,1.0,1.0,1.0,0.0,1.0,0.0,28 Jan 2021,22308.0,1500,1500,,,,,
2019-03-22 08:30:13,2019-03-22 09:04:20,2019-03-22,5,1.0,2164,2164,1,1,216.0,,,,,,,,,,,,,,,,,,,,,,,,,,,,,,,,,,,,,,,,,,,,,,,,,,,,,,,,,,,,,,,,,,,,,,,,,,,,,,,,,,,,,,,,,,,,,,,,,,,,,,,,,,,,,,,,,,,,,,,,,7,5,5,3,1,1500.0,2000.0,,,0.0,0.0,0.0,,,,,,,,,,,,,,0.0,0.0,0.0,0.0,,,,,,,,,,,,,,,,,,,,,,,,,,,,,,,,,,,,,,,4,3,1.0,3.0,2.0,2.0,2.0,1.0,3.0,1.0,2.0,1.0,2,2,2,0,0.0,0,2,3,2,1,2,2,2,3.0,4.0,1.0,2.0,2.0,2.0,7.0,1.0,3.0,1.0,1.0,0,4.0,1,1.0,1.0,1.0,1.0,1,4.0,1,1,1.0,400,600,,,.,OK,1,1,1,,,,uuid:4d980006-901a-48a8-8e20-9e0a19dc950c,uuid:4d980006-901a-48a8-8e20-9e0a19dc950c,,,,0.0,2164.0,,A,0,1.0,0.0,1.0,0.0,1.0,0.0,28 Jan 2021,22308.0,1800,1200,,,,,
2019-04-04 09:16:22,2019-04-04 09:52:53,2019-04-04,5,0.0,59093,59093,1,1,590.0,54.0,1.0,,kananga,plateau,LULUWA,,bena tshikulu,1.0,,2.0,1.0,4.0,DEMBA,20.0,,10000.0,25000.0,7.0,3.0,6.0,1.0,1.0,0.0,1.0,1.0,1.0,1.0,1.0,25000.0,10000.0,0.0,0.0,0.0,0.0,0.0,0.0,1.0,,,,,,,,,,,,,,,,,,,,,,,,,,,,,,,,,,,,,,,,,,,,,,,,,,,,,,,,,,,,,,,,,,,,,,,,,,,,,,,,,,,8,5,2,0,1,3000.0,1500.0,,,0.0,0.0,0.0,,,,,,,,,,0.0,0.0,0.0,0.0,0.0,0.0,0.0,0.0,,,,,,,,,,,,,,,,,,,,,,,,,,,,,,,,,,,,,,,3,3,2.0,2.0,2.0,2.0,2.0,2.0,2.0,2.0,3.0,1.0,3,3,1,0,0.0,0,1,1,2,1,1,1,1,2.0,3.0,1.0,4.0,1.0,1.0,1.0,1.0,1.0,1.0,1.0,1,,1,1.0,1.0,1.0,1.0,1,7.0,1,1,1.0,500,500,,,.,OK,1,1,1,,,,uuid:4e74a580-f63c-438a-b399-db5ce09bccd5,uuid:4e74a580-f63c-438a-b399-db5ce09bccd5,,,,0.0,59093.0,,A,0,1.0,1.0,1.0,0.0,1.0,0.0,28 Jan 2021,22308.0,1000,2000,,,,,
2019-03-13 13:30:58,2019-03-13 15:10:15,2019-03-13,1,,45,45,1,1,,,,,.,.,.,,.,,,,,,.,,.,,,,,,,,,,,,,,,,0.0,0.0,0.0,0.0,0.0,0.0,0.0,0.0,2.0,3.0,4.0,4.0,3.0,2.0,1.0,3.0,1.0,1.0,1.0,1.0,3.0,1.0,4.0,2.0,4.0,1.0,1.0,1.0,1.0,2000.0,,,,,,,1.0,5.0,5.0,4.0,4.0,2.0,5.0,2.0,4.0,4.0,2.0,4.0,2.0,2.0,3.0,1.0,1.0,3.0,3.0,1.0,1.0,2.0,1.0,1.0,2.0,2.0,8.0,2.0,0.0,0.0,0.0,0.0,0.0,0.0,1.0,3.0,3.0,4.0,2.0,2.0,2.0,2.0,2.0,1.0,2.0,-1.0,-1.0,3.0,,1.0,-1.0,,0.0,5,5,4,4,1,,,1.0,3.0,0.0,0.0,1.0,1.0,0.0,,0.0,0.0,0.0,0.0,,,0.0,0.0,0.0,0.0,0.0,0.0,0.0,0.0,,,,,0.0,0.0,2.0,0.0,,,,,,1.0,,,,,,,,2.0,3.0,,3.0,,8.0,7.0,,Pas des précisions,,Pas des précisions,,Pas des précisions,5.0,,,,4,3,,,,,,,,,,,3,3,2,0,0.0,0,2,2,4,2,2,2,4,,,,,2.0,3.0,2.0,2.0,4.0,2.0,2.0,0,4.0,2,2.0,2.0,2.0,1.0,3,4.0,1,1,2.0,400,600,2.0,1.0,.,,1,1,1,1.0,1.0,1.0,uuid:4ecff7df-a109-4a48-b777-89174d9d4fdd,uuid:4ecff7df-a109-4a48-b777-89174d9d4fdd,1.0,0.0,0.0,0.0,,45.0,,0,1.0,0.0,0.0,0.0,1.0,0.0,28 Jan 2021,22308.0,1500,1500, 3/13/2019,16:09:59,16:40:00,00:30:00,1.0
2019-03-13 07:39:21,2019-03-13 09:27:28,2019-03-13,1,,20,20,1,1,,,,,.,.,.,,.,,,,,,.,,.,,,,,,,,,,,,,,,,0.0,0.0,0.0,0.0,0.0,0.0,0.0,0.0,3.0,4.0,5.0,2.0,1.0,5.0,1.0,3.0,5.0,5.0,3.0,4.0,5.0,2.0,1.0,1.0,2.0,1.0,1.0,2.0,2.0,1500.0,,,,,,2000.0,2.0,4.0,2.0,2.0,2.0,2.0,1.0,1.0,2.0,4.0,2.0,5.0,1.0,4.0,4.0,4.0,2.0,2.0,3.0,2.0,2.0,2.0,0.0,1.0,0.0,1.0,8.0,2.0,1.0,0.0,0.0,0.0,1.0,0.0,0.0,3.0,3.0,3.0,3.0,2.0,1.0,1.0,1.0,2.0,2.0,0.0,2.0,4.0,,-1.0,-1.0,,0.0,5,9,6,5,1,,,1.0,3.0,0.0,0.0,1.0,0.0,,,0.0,0.0,0.0,0.0,,,0.0,0.0,0.0,0.0,0.0,0.0,0.0,0.0,,,,,-2.0,-2.0,-1.0,0.0,,,,,,1.0,,,,,,,,2.0,3.0,,2.0,,8.0,8.0,4.0,,3.0,,5.0,,5.0,,,,5,3,,,,,,,,,,,4,3,1,-2,-2.0,0,3,4,4,1,4,2,4,,,,,2.0,2.0,3.0,1.0,3.0,7.0,1.0,0,4.0,1,1.0,3.0,3.0,1.0,2,4.0,1,1,1.0,600,400,2.0,1.0,.,,1,1,1,1.0,1.0,1.0,uuid:4f287ec1-f934-42c4-9225-a95acc0a1458,uuid:4f287ec1-f934-42c4-9225-a95acc0a1458,-2.0,1.0,-2.0,0.0,,20.0,,0,1.0,0.0,0.0,0.0,1.0,0.0,28 Jan 2021,22308.0,1200,1800, 3/13/2019,10:25:00,10:50:00,00:24:59,
2019-03-13 07:41:29,2019-03-13 09:21:23,2019-03-13,1,,22,22,1,2,,,,,.,.,.,,.,,,,,,.,,.,,,,,,,,,,,,,,,,0.0,0.0,0.0,0.0,0.0,0.0,0.0,1.0,3.0,3.0,3.0,3.0,2.0,2.0,3.0,3.0,2.0,2.0,3.0,3.0,3.0,3.0,4.0,4.0,4.0,2.0,2.0,2.0,2.0,1500.0,,,,,1000.0,,2.0,4.0,4.0,2.0,2.0,2.0,2.0,2.0,4.0,4.0,2.0,4.0,2.0,3.0,2.0,3.0,2.0,2.0,3.0,1.0,1.0,0.0,0.0,1.0,1.0,1.0,3.0,2.0,1.0,0.0,1.0,1.0,1.0,0.0,0.0,3.0,3.0,4.0,4.0,1.0,1.0,1.0,1.0,0.0,1.0,2.0,2.0,3.0,,0.0,0.0,,0.0,10,6,3,2,1,,,1.0,1.0,0.0,0.0,1.0,1.0,4.0,,0.0,0.0,0.0,0.0,,,0.0,0.0,0.0,0.0,0.0,0.0,0.0,0.0,,,,,-2.0,-2.0,-2.0,0.0,,,,,,1.0,,,,,,,,3.0,3.0,,3.0,,8.0,1.0,1.0,,3.0,,4.0,,5.0,,,,3,5,,,,,,,,,,,3,3,2,0,0.0,0,1,3,1,1,1,3,1,,,,,5.0,3.0,2.0,2.0,3.0,2.0,3.0,0,3.0,4,4.0,4.0,4.0,2.0,1,4.0,1,1,1.0,500,500,3.0,2.0,.,,1,1,1,1.0,1.0,1.0,uuid:4fa1587d-41c0-4c79-8c9b-e17dce268847,uuid:4fa1587d-41c0-4c79-8c9b-e17dce268847,0.0,0.0,0.0,0.0,,22.0,,0,1.0,0.0,0.0,0.0,1.0,0.0,28 Jan 2021,22308.0,1400,1600, 3/13/2019,10:15:00,10:59:00,00:44:00,1.0
2019-04-01 09:00:47,2019-04-01 10:20:02,2019-04-01,3,0.0,22950,22950,1,1,229.0,66.0,0.0,1960.0,lukonga,abatoire,LULUWA,38.0,,1.0,,2.0,1.0,4.0,DEMBA,30.0,,13000.0,10000.0,4.0,3.0,4.0,1.0,1.0,1.0,1.0,1.0,1.0,1.0,1.0,10000.0,13000.0,0.0,0.0,1.0,0.0,0.0,0.0,0.0,1.0,3.0,3.0,3.0,3.0,3.0,3.0,3.0,3.0,3.0,3.0,3.0,3.0,3.0,3.0,4.0,4.0,2.0,1.0,1.0,1.0,1.0,2000.0,,,,,,,1.0,4.0,4.0,2.0,2.0,2.0,1.0,2.0,2.0,2.0,2.0,4.0,2.0,1.0,4.0,6.0,4.0,2.0,4.0,2.0,2.0,2.0,2.0,2.0,1.0,1.0,8.0,2.0,1.0,1.0,0.0,0.0,1.0,1.0,0.0,4.0,4.0,4.0,4.0,2.0,2.0,2.0,2.0,2.0,2.0,-2.0,-2.0,2.0,0.0,-1.0,-1.0,-1.0,-2.0,8,7,6,5,1,3000.0,3000.0,,,0.0,0.0,0.0,,,,,,,,,,0.0,0.0,0.0,0.0,0.0,0.0,0.0,0.0,,,,,2.0,2.0,2.0,,,,,,,,,,,,,,,,,,,,9.0,10.0,4.0,,2.0,,3.0,,5.0,,,,3,5,2.0,2.0,2.0,2.0,2.0,2.0,2.0,2.0,1.0,3.0,1,3,2,0,0.0,0,1,1,4,1,1,1,1,3.0,4.0,1.0,2.0,2.0,2.0,2.0,2.0,2.0,2.0,2.0,1,,1,1.0,1.0,1.0,1.0,3,1.0,1,1,1.0,800,200,1.0,1.0,.,OK,1,1,1,1.0,1.0,1.0,uuid:508d26c4-32d4-4ce3-ab21-67faf27e3505,uuid:508d26c4-32d4-4ce3-ab21-67faf27e3505,,,,0.0,22950.0,,A,0,1.0,1.0,1.0,0.0,1.0,0.0,28 Jan 2021,22308.0,600,2400,  1/4/2019,10:16:00,10:46:00,00:30:00,
2019-03-18 13:50:47,2019-03-18 15:18:24,2019-03-18,3,1.0,3518,3518,1,1,351.0,,,,,,,,,,,,,,,,.,,,,,,,,,,,,,,,,,,,,,,,1.0,3.0,3.0,3.0,4.0,3.0,3.0,3.0,4.0,3.0,3.0,3.0,3.0,4.0,3.0,4.0,2.0,4.0,2.0,2.0,2.0,2.0,2000.0,,,,2000.0,,,2.0,4.0,5.0,2.0,2.0,2.0,2.0,2.0,2.0,4.0,2.0,2.0,2.0,5.0,2.0,1.0,1.0,3.0,4.0,1.0,1.0,1.0,0.0,1.0,1.0,1.0,2.0,2.0,0.0,0.0,0.0,0.0,0.0,0.0,1.0,4.0,4.0,4.0,4.0,1.0,2.0,1.0,2.0,1.0,1.0,1.0,0.0,3.0,0.0,0.0,0.0,0.0,0.0,10,8,6,5,1,2500.0,10000.0,,,,,,,,,,,,,,,0.0,0.0,0.0,0.0,0.0,0.0,0.0,0.0,,,,,0.0,2.0,0.0,,,,,,,,,,,,,,,,,,,,8.0,5.0,4.0,.,,N'en sait rien car chacun habite chez soi,,Aucune précision,4.0,,0.0,0.0,5,5,2.0,2.0,2.0,1.0,1.0,1.0,1.0,2.0,1.0,3.0,3,3,2,0,0.0,0,2,2,4,2,2,4,2,3.0,4.0,1.0,2.0,2.0,2.0,2.0,2.0,2.0,2.0,,0,4.0,1,1.0,1.0,1.0,1.0,2,5.0,1,2,2.0,1000,0,3.0,2.0,.,OK,1,1,1,1.0,1.0,0.0,uuid:517bada6-13ff-4144-969d-e4a8e62e4ea2,uuid:517bada6-13ff-4144-969d-e4a8e62e4ea2,,,,0.0,3518.0,,A,0,1.0,0.0,1.0,0.0,1.0,0.0,28 Jan 2021,22308.0,1600,1400,,,,,
2019-03-22 08:51:05,2019-03-22 09:56:36,2019-03-22,3,1.0,66311,66311,1,1,663.0,,,,,,,,,,,,,,,,,,,,,,,,,,,,,,,,,,,,,,,1.0,2.0,3.0,3.0,3.0,2.0,1.0,2.0,4.0,1.0,1.0,1.0,1.0,3.0,1.0,3.0,5.0,2.0,1.0,1.0,1.0,1.0,,,3000.0,,,,,3.0,5.0,3.0,5.0,2.0,3.0,4.0,1.0,1.0,4.0,2.0,3.0,1.0,1.0,1.0,6.0,1.0,3.0,4.0,1.0,1.0,1.0,1.0,2.0,1.0,1.0,8.0,1.0,1.0,0.0,0.0,0.0,1.0,1.0,0.0,3.0,3.0,4.0,3.0,2.0,2.0,2.0,2.0,2.0,2.0,-2.0,-2.0,4.0,0.0,0.0,0.0,0.0,0.0,10,8,6,3,1,1500.0,10000.0,,,0.0,0.0,0.0,,,,,,,,,,,,,,0.0,0.0,0.0,0.0,,,,,0.0,2.0,0.0,,,,,,,,,,,,,,,,,,,,8.0,8.0,5.0,,4.0,,3.0,,5.0,,,,3,3,2.0,3.0,3.0,3.0,2.0,3.0,3.0,3.0,3.0,1.0,2,3,1,0,0.0,0,1,1,1,2,2,1,1,4.0,3.0,1.0,2.0,1.0,1.0,1.0,1.0,1.0,1.0,1.0,0,4.0,2,2.0,2.0,2.0,2.0,1,5.0,1,1,1.0,200,800,3.0,1.0,.,OK,1,1,1,1.0,1.0,1.0,uuid:5239ba7d-c958-4736-b3c8-107680952bb6,uuid:5239ba7d-c958-4736-b3c8-107680952bb6,,,,0.0,66311.0,,A,0,1.0,0.0,1.0,0.0,1.0,0.0,28 Jan 2021,22308.0,1300,1700,22/03/2019,10:58:00,12:21:00,01:23:00,
2019-03-27 07:42:56,2019-03-27 08:09:21,2019-03-27,4,1.0,32989,32989,1,1,329.0,,,,,,,,,,,,,,,,,,,,,,,,,,,,,,,,,,,,,,,,,,,,,,,,,,,,,,,,,,,,,,,,,,,,,,,,,,,,,,,,,,,,,,,,,,,,,,,,,,,,,,,,,,,,,,,,,,,,,,,,,5,3,1,0,1,1500.0,2000.0,,,0.0,0.0,0.0,,,,,,,,,,0.0,0.0,0.0,0.0,0.0,0.0,0.0,0.0,,,,,,,,,,,,,,,,,,,,,,,,,,,,,,,,,,,,,,,4,5,2.0,2.0,2.0,2.0,2.0,2.0,2.0,2.0,1.0,3.0,3,3,2,0,0.0,0,2,2,4,2,2,2,2,1.0,2.0,3.0,4.0,1.0,1.0,1.0,1.0,3.0,1.0,1.0,0,4.0,1,1.0,2.0,2.0,1.0,1,4.0,1,2,2.0,500,500,,,.,OK,1,1,1,,,,uuid:52ec9ac6-9774-4f6d-afc6-d288df871c98,uuid:52ec9ac6-9774-4f6d-afc6-d288df871c98,,,,0.0,32989.0,,C,0,1.0,0.0,1.0,0.0,1.0,0.0,28 Jan 2021,22308.0,900,2100,,,,,
2019-03-15 13:45:53,2019-03-15 15:09:08,2019-03-15,3,,58210,58210,1,1,571.0,,,,,,,,.,,,,,,,,.,,,,,,,,,,,,,,,,,,,,,,,0.0,3.0,4.0,3.0,4.0,3.0,2.0,3.0,5.0,1.0,2.0,3.0,3.0,4.0,4.0,2.0,2.0,4.0,2.0,2.0,2.0,2.0,2000.0,,,1000.0,,,,1.0,4.0,5.0,1.0,2.0,2.0,2.0,2.0,2.0,4.0,2.0,5.0,2.0,4.0,2.0,3.0,1.0,2.0,3.0,1.0,1.0,1.0,0.0,2.0,1.0,1.0,3.0,2.0,0.0,0.0,0.0,1.0,0.0,0.0,0.0,4.0,3.0,4.0,3.0,1.0,1.0,1.0,1.0,1.0,1.0,0.0,-2.0,1.0,,0.0,0.0,,0.0,6,5,4,4,1,,,,,0.0,0.0,0.0,,,,,,,,,,0.0,0.0,0.0,0.0,,,,,,,,,1.0,1.0,2.0,,,,,,,,,,,,,,,,,,,,8.0,7.0,4.0,,3.0,,3.0,,4.0,,0.0,0.0,3,3,,,,,,,,,,,2,3,2,0,0.0,0,1,3,2,2,2,1,3,,,,,1.0,1.0,1.0,1.0,8.0,1.0,1.0,0,4.0,1,1.0,2.0,2.0,1.0,2,4.0,1,1,1.0,600,400,3.0,1.0,,,1,1,1,1.0,1.0,1.0,uuid:539d5e7a-3ca9-4f66-9516-7b16fea6af4d,uuid:539d5e7a-3ca9-4f66-9516-7b16fea6af4d,,,,0.0,58210.0,,A,0,1.0,0.0,1.0,0.0,1.0,0.0,28 Jan 2021,22308.0,1300,1700, 3/15/2019,16:11:00,17:45:00,01:34:00,
2019-03-19 13:06:01,2019-03-19 13:45:57,2019-03-19,4,1.0,23845,23845,1,2,238.0,,,,,,,,,,,,,,,,,,,,,,,,,,,,,,,,,,,,,,,,,,,,,,,,,,,,,,,,,,,,,,,,,,,,,,,,,,,,,,,,,,,,,,,,,,,,,,,,,,,,,,,,,,,,,,,,,,,,,,,,,10,8,4,2,1,3000.0,5000.0,,,0.0,0.0,0.0,,,,,,,,,,,,,,0.0,0.0,0.0,0.0,,,,,,,,,,,,,,,,,,,,,,,,,,,,,,,,,,,,,,,3,3,0.0,3.0,2.0,0.0,2.0,0.0,3.0,1.0,3.0,1.0,3,3,2,0,0.0,0,1,3,2,2,1,1,1,2.0,4.0,1.0,3.0,2.0,2.0,2.0,2.0,5.0,8.0,8.0,0,4.0,4,1.0,1.0,1.0,4.0,1,4.0,1,1,1.0,500,500,,,.,OK,1,1,1,,,,uuid:54246ee6-5c3f-4b85-8296-45cbc4e2e8c5,uuid:54246ee6-5c3f-4b85-8296-45cbc4e2e8c5,,,,0.0,23845.0,,C,0,1.0,0.0,1.0,0.0,1.0,0.0,28 Jan 2021,22308.0,900,2100,,,,,
2019-03-26 14:40:46,2019-03-26 15:21:01,2019-03-15,1,,13,13,1,1,,,,,.,.,.,,.,,,,,,.,,.,,,,,,,,,,,,,,,,0.0,0.0,0.0,0.0,0.0,0.0,0.0,0.0,3.0,4.0,3.0,3.0,5.0,2.0,4.0,3.0,3.0,2.0,4.0,3.0,5.0,4.0,4.0,4.0,4.0,1.0,2.0,1.0,1.0,2000.0,,,,2000.0,,,1.0,4.0,4.0,1.0,2.0,2.0,2.0,2.0,1.0,4.0,2.0,5.0,1.0,3.0,1.0,1.0,2.0,4.0,3.0,1.0,0.0,0.0,2.0,1.0,1.0,1.0,6.0,1.0,1.0,0.0,0.0,0.0,0.0,0.0,0.0,4.0,1.0,3.0,2.0,2.0,1.0,0.0,0.0,2.0,0.0,1.0,0.0,3.0,0.0,0.0,0.0,0.0,0.0,7,6,4,2,1,1500.0,8800.0,1.0,3.0,1.0,0.0,0.0,0.0,,,0.0,0.0,0.0,0.0,,,0.0,0.0,0.0,0.0,0.0,0.0,0.0,0.0,,,,,0.0,-1.0,-1.0,1.0,2.0,2.0,3.0,2.0,4.0,,,,,,,,,2.0,3.0,,4.0,,8.0,8.0,4.0,.,4.0,.,2.0,.,2.0,,1.0,1.0,2,1,0.0,0.0,,0.0,,1.0,,3.0,3.0,2.0,1,2,1,0,0.0,0,1,2,1,1,4,5,2,1.0,,,,1.0,3.0,2.0,4.0,3.0,8.0,1.0,1,,1,1.0,2.0,2.0,1.0,2,2.0,1,3,3.0,700,300,2.0,1.0,.,,1,1,0,1.0,1.0,1.0,uuid:54d3ad64-dc14-484d-9019-c0284860bc5c,uuid:54d3ad64-dc14-484d-9019-c0284860bc5c,,,,1.0,,13.0,,0,1.0,0.0,0.0,0.0,1.0,0.0,28 Jan 2021,22308.0,400,2600, 3/14/2019,15:26:00,16:05:00,00:39:00,1.0
2019-03-15 08:49:47,2019-03-15 10:30:05,2019-03-15,3,,60183,60183,1,1,0.0,,,,,,,,.,,,,,,,,.,,,,,,,,,,,,,,,,,,,,,,,1.0,2.0,3.0,3.0,4.0,3.0,2.0,2.0,4.0,4.0,3.0,1.0,3.0,4.0,4.0,1.0,4.0,2.0,2.0,1.0,2.0,1.0,2000.0,,,1000.0,,,,2.0,4.0,5.0,2.0,1.0,2.0,1.0,4.0,1.0,4.0,1.0,4.0,2.0,1.0,4.0,6.0,4.0,4.0,3.0,2.0,2.0,1.0,0.0,1.0,1.0,1.0,6.0,2.0,1.0,0.0,0.0,0.0,1.0,0.0,0.0,4.0,4.0,3.0,4.0,1.0,1.0,1.0,1.0,1.0,1.0,1.0,1.0,1.0,,0.0,1.0,,-1.0,9,8,7,6,1,,,,,0.0,0.0,0.0,,,,,,,,,,0.0,0.0,0.0,0.0,,,,,,,,,2.0,2.0,2.0,,,,,,,,,,,,,,,,,,,,8.0,10.0,5.0,,5.0,,5.0,,5.0,,,,3,3,,,,,,,,,,,1,3,2,0,0.0,0,2,3,2,2,2,2,4,,,,,2.0,3.0,1.0,2.0,3.0,1.0,1.0,1,,2,2.0,1.0,1.0,1.0,2,4.0,1,1,2.0,900,100,3.0,2.0,,,1,1,1,1.0,1.0,1.0,uuid:550a359a-961c-48a5-9071-040bc798247d,uuid:550a359a-961c-48a5-9071-040bc798247d,,,,0.0,60183.0,,A,0,1.0,0.0,1.0,0.0,1.0,0.0,28 Jan 2021,22308.0,1400,1600, 3/15/2019,10:35:00,11:29:00,00:53:59,
2019-04-06 09:04:00,2019-04-06 09:38:49,2019-04-06,4,1.0,3283,3283,1,1,328.0,,,,,,,,,,,,,,,,,,,,,,,,,,,,,,,,,,,,,,,,,,,,,,,,,,,,,,,,,,,,,,,,,,,,,,,,,,,,,,,,,,,,,,,,,,,,,,,,,,,,,,,,,,,,,,,,,,,,,,,,,4,2,1,0,1,500.0,1000.0,,,0.0,0.0,0.0,,,,,,,,,,0.0,0.0,0.0,0.0,0.0,0.0,0.0,0.0,,,,,,,,,,,,,,,,,,,,,,,,,,,,,,,,,,,,,,,4,5,2.0,3.0,3.0,2.0,2.0,2.0,2.0,2.0,1.0,3.0,3,3,2,0,0.0,0,2,2,2,2,2,2,2,1.0,2.0,3.0,4.0,1.0,1.0,1.0,1.0,1.0,1.0,1.0,0,4.0,3,2.0,2.0,2.0,2.0,2,4.0,2,2,2.0,500,500,,,.,OK,1,1,1,,,,uuid:5549f73c-b36f-486f-828f-fbfe7c241d33,uuid:5549f73c-b36f-486f-828f-fbfe7c241d33,,,,0.0,3283.0,,C,0,1.0,0.0,1.0,0.0,1.0,0.0,28 Jan 2021,22308.0,1200,1800,,,,,
2019-03-20 11:14:19,2019-03-20 12:05:35,2019-03-20,4,1.0,21785,21785,1,1,217.0,,,,,,,,,,,,,,,,,,,,,,,,,,,,,,,,,,,,,,,,,,,,,,,,,,,,,,,,,,,,,,,,,,,,,,,,,,,,,,,,,,,,,,,,,,,,,,,,,,,,,,,,,,,,,,,,,,,,,,,,,10,10,7,6,1,1500.0,5000.0,,,0.0,0.0,0.0,,,,,,,,,,,,,,0.0,0.0,0.0,0.0,,,,,,,,,,,,,,,,,,,,,,,,,,,,,,,,,,,,,,,3,3,3.0,2.0,3.0,1.0,3.0,1.0,2.0,2.0,1.0,3.0,3,3,2,0,0.0,0,2,2,4,2,2,2,2,3.0,4.0,1.0,2.0,1.0,1.0,1.0,1.0,1.0,1.0,1.0,1,,1,1.0,2.0,2.0,1.0,1,4.0,1,1,2.0,0,1000,,,.,OK,1,1,1,,,,uuid:56ddf7e3-2c83-420f-b6c9-ca20b6dd0537,uuid:56ddf7e3-2c83-420f-b6c9-ca20b6dd0537,,,,0.0,21785.0,,C,0,1.0,0.0,1.0,0.0,1.0,0.0,28 Jan 2021,22308.0,900,2100,,,,,
2019-04-02 12:19:51,2019-04-02 12:49:00,2019-04-02,4,1.0,10193,10193,1,1,101.0,,,,,,,,,,,,,,,,,,,,,,,,,,,,,,,,,,,,,,,,,,,,,,,,,,,,,,,,,,,,,,,,,,,,,,,,,,,,,,,,,,,,,,,,,,,,,,,,,,,,,,,,,,,,,,,,,,,,,,,,,5,2,1,0,1,1500.0,2000.0,,,0.0,0.0,0.0,,,,,,,,,,0.0,0.0,0.0,0.0,0.0,0.0,0.0,0.0,,,,,,,,,,,,,,,,,,,,,,,,,,,,,,,,,,,,,,,3,3,2.0,2.0,2.0,2.0,2.0,2.0,2.0,2.0,2.0,1.0,1,3,2,-2,-2.0,0,2,2,2,2,2,2,2,1.0,2.0,3.0,4.0,1.0,1.0,1.0,1.0,1.0,1.0,1.0,0,4.0,1,1.0,2.0,2.0,1.0,2,4.0,1,2,2.0,200,800,,,.,OK,1,1,1,,,,uuid:57dd1a57-6af3-46b1-99af-e8e1a6c403a7,uuid:57dd1a57-6af3-46b1-99af-e8e1a6c403a7,,,,0.0,10193.0,,C,0,1.0,0.0,1.0,0.0,1.0,0.0,28 Jan 2021,22308.0,1300,1700,,,,,
2019-03-27 12:31:27,2019-03-27 13:00:30,2019-03-27,4,1.0,23584,23584,1,1,235.0,,,,,,,,,,,,,,,,,,,,,,,,,,,,,,,,,,,,,,,,,,,,,,,,,,,,,,,,,,,,,,,,,,,,,,,,,,,,,,,,,,,,,,,,,,,,,,,,,,,,,,,,,,,,,,,,,,,,,,,,,6,4,2,1,1,1000.0,2500.0,,,0.0,0.0,0.0,,,,,,,,,,0.0,0.0,0.0,0.0,0.0,0.0,0.0,0.0,,,,,,,,,,,,,,,,,,,,,,,,,,,,,,,,,,,,,,,5,3,3.0,0.0,2.0,2.0,2.0,2.0,2.0,2.0,3.0,1.0,3,3,2,0,0.0,0,1,2,2,1,2,2,2,3.0,4.0,1.0,2.0,1.0,6.0,1.0,1.0,1.0,1.0,2.0,0,4.0,1,2.0,1.0,1.0,3.0,2,4.0,1,1,2.0,800,200,,,.,OK,1,1,1,,,,uuid:582b4ef7-6e76-4f68-b146-eb358ac709f7,uuid:582b4ef7-6e76-4f68-b146-eb358ac709f7,,,,0.0,23584.0,,C,0,1.0,0.0,1.0,0.0,1.0,0.0,28 Jan 2021,22308.0,1600,1400,,,,,
2019-03-25 12:47:33,2019-03-25 14:02:04,2019-03-25,2,,37051,37051,1,1,370.0,,,,,,,,,,,,,,,,,,,,,,,,,,,,,,,,,,,,,,,0.0,3.0,3.0,3.0,3.0,3.0,4.0,3.0,3.0,3.0,1.0,3.0,4.0,3.0,3.0,4.0,4.0,2.0,1.0,1.0,1.0,1.0,,2500.0,,,,,,1.0,5.0,4.0,1.0,2.0,1.0,1.0,4.0,2.0,4.0,2.0,4.0,2.0,4.0,4.0,1.0,1.0,1.0,1.0,1.0,1.0,1.0,0.0,1.0,1.0,1.0,3.0,2.0,1.0,1.0,1.0,1.0,1.0,0.0,0.0,4.0,4.0,4.0,4.0,2.0,2.0,2.0,2.0,2.0,2.0,-1.0,0.0,3.0,0.0,0.0,0.0,0.0,-2.0,7,5,4,3,1,1500.0,1500.0,,,0.0,0.0,0.0,,,1.0,1.0,0.0,1.0,0.0,,1.0,1.0,0.0,0.0,0.0,0.0,1.0,0.0,0.0,,,1.0,4.0,2.0,2.0,2.0,,,,,,,,1.0,1.0,3.0,3.0,3.0,4.0,,,,,,,8.0,10.0,5.0,,3.0,,5.0,,5.0,,,,3,3,0.0,3.0,2.0,0.0,0.0,2.0,0.0,2.0,3.0,1.0,3,3,2,0,0.0,0,1,2,2,2,2,2,2,1.0,2.0,3.0,4.0,1.0,3.0,1.0,2.0,1.0,1.0,1.0,0,1.0,1,1.0,1.0,1.0,1.0,1,4.0,2,2,2.0,0,1000,2.0,2.0,.,OK,1,1,1,1.0,1.0,1.0,uuid:58a84cdb-65d0-4f0c-976e-a2e44f0a0e3a,uuid:58a84cdb-65d0-4f0c-976e-a2e44f0a0e3a,,,,0.0,37051.0,,C,0,1.0,0.0,1.0,0.0,1.0,0.0,28 Jan 2021,22308.0,800,2200,25/03/2019,15:01:00,15:38:00,00:37:00,
2019-03-19 15:52:14,2019-03-19 17:07:36,2019-03-19,2,,21256,21256,1,1,212.0,,,,,,,,,,,,,,,,,,,,,,,,,,,,,,,,,,,,,,,0.0,3.0,3.0,3.0,3.0,3.0,3.0,4.0,3.0,3.0,3.0,3.0,3.0,3.0,3.0,2.0,2.0,2.0,2.0,1.0,1.0,1.0,2000.0,,,1000.0,,,,1.0,5.0,4.0,1.0,1.0,1.0,2.0,2.0,1.0,5.0,2.0,2.0,2.0,4.0,1.0,6.0,1.0,4.0,1.0,1.0,1.0,1.0,0.0,1.0,1.0,1.0,7.0,2.0,1.0,1.0,0.0,0.0,1.0,1.0,0.0,4.0,4.0,4.0,3.0,2.0,2.0,2.0,2.0,2.0,2.0,-2.0,-1.0,2.0,0.0,0.0,0.0,0.0,0.0,8,5,2,1,1,1500.0,1000.0,,,0.0,0.0,0.0,,,1.0,1.0,0.0,1.0,0.0,,1.0,1.0,0.0,0.0,0.0,1.0,0.0,0.0,0.0,,,1.0,6.0,2.0,2.0,-2.0,,,,,,,,0.0,,,,,,1.0,,,,,,8.0,4.0,5.0,,5.0,,5.0,,5.0,,,,1,5,0.0,0.0,2.0,0.0,2.0,2.0,2.0,2.0,1.0,3.0,3,3,2,0,0.0,0,2,2,2,2,2,2,4,2.0,4.0,1.0,3.0,3.0,2.0,8.0,2.0,3.0,3.0,3.0,0,4.0,1,1.0,1.0,1.0,1.0,2,4.0,1,2,1.0,400,600,2.0,2.0,.,OK,1,1,1,1.0,1.0,1.0,uuid:58ca3c88-ce91-455c-9132-3a61c61ba7e5,uuid:58ca3c88-ce91-455c-9132-3a61c61ba7e5,,,,0.0,21256.0,,C,0,1.0,0.0,1.0,0.0,1.0,0.0,28 Jan 2021,22308.0,700,2300, 3/19/2019,18:05:00,18:13:00,00:08:00,
2019-03-22 14:57:08,2019-03-22 15:41:20,2019-03-22,4,1.0,36693,36693,0,1,366.0,,,,,,,,,,,,,,,,,,,,,,,,,,,,,,,,,,,,,,,,,,,,,,,,,,,,,,,,,,,,,,,,,,,,,,,,,,,,,,,,,,,,,,,,,,,,,,,,,,,,,,,,,,,,,,,,,,,,,,,,,8,6,3,1,1,1000.0,25000.0,,,0.0,0.0,0.0,,,,,,,,,,,,,,0.0,0.0,0.0,0.0,,,,,,,,,,,,,,,,,,,,,,,,,,,,,,,,,,,,,,,5,3,2.0,2.0,3.0,1.0,0.0,3.0,1.0,2.0,1.0,3.0,2,1,2,0,0.0,0,1,4,2,3,4,1,1,4.0,3.0,1.0,2.0,1.0,2.0,1.0,2.0,1.0,2.0,1.0,0,1.0,1,2.0,3.0,2.0,2.0,3,4.0,1,1,2.0,800,200,,,.,OK,1,1,1,,,,uuid:5902b138-2fd4-42d4-8deb-dec348de2855,uuid:5902b138-2fd4-42d4-8deb-dec348de2855,,,,0.0,36693.0,,C,0,1.0,0.0,1.0,0.0,1.0,0.0,28 Jan 2021,22308.0,1400,1600,,,,,
2019-04-01 10:42:39,2019-04-01 12:11:17,2019-04-01,2,1.0,55048,55048,1,1,550.0,,,,,,,,,,,,,,,,,,,,,,,,,,,,,,,,,,,,,,,1.0,1.0,3.0,3.0,4.0,5.0,3.0,4.0,5.0,2.0,4.0,4.0,5.0,3.0,4.0,5.0,1.0,2.0,1.0,1.0,1.0,1.0,2000.0,,,,,,,1.0,4.0,4.0,5.0,5.0,2.0,1.0,4.0,2.0,4.0,2.0,4.0,2.0,4.0,1.0,6.0,1.0,1.0,4.0,0.0,2.0,1.0,0.0,2.0,1.0,2.0,6.0,1.0,0.0,0.0,0.0,0.0,0.0,0.0,1.0,3.0,4.0,4.0,4.0,2.0,1.0,1.0,1.0,1.0,1.0,-1.0,-1.0,5.0,1.0,0.0,0.0,-1.0,1.0,8,5,4,3,1,2000.0,1500.0,,,0.0,0.0,0.0,,,1.0,0.0,0.0,0.0,1.0,,1.0,1.0,0.0,0.0,0.0,1.0,0.0,0.0,0.0,,,0.0,,2.0,2.0,2.0,,,,,,,,0.0,,,,,,0.0,,,,,,6.0,10.0,5.0,,5.0,,5.0,,5.0,,,,5,5,0.0,3.0,2.0,0.0,2.0,1.0,2.0,1.0,3.0,1.0,1,1,2,0,0.0,-2,1,2,4,2,2,2,2,2.0,4.0,3.0,1.0,2.0,2.0,2.0,2.0,2.0,2.0,2.0,1,,4,1.0,2.0,3.0,2.0,1,7.0,1,1,1.0,0,1000,4.0,1.0,.,OK,1,1,1,0.0,,1.0,uuid:59555533-e34c-4504-889e-e35fadf3396d,uuid:59555533-e34c-4504-889e-e35fadf3396d,,,,0.0,55048.0,,C,0,1.0,0.0,1.0,0.0,1.0,0.0,28 Jan 2021,22308.0,1400,1600,  1/4/2019,11:13:00,12:46:00,01:33:00,
2019-03-30 07:21:29,2019-03-30 07:54:19,2019-03-30,5,1.0,52910,52910,1,1,529.0,,,,,,,,,,,,,,,,,,,,,,,,,,,,,,,,,,,,,,,,,,,,,,,,,,,,,,,,,,,,,,,,,,,,,,,,,,,,,,,,,,,,,,,,,,,,,,,,,,,,,,,,,,,,,,,,,,,,,,,,,8,5,3,2,1,15000.0,2500.0,,,0.0,0.0,0.0,,,,,,,,,,0.0,0.0,0.0,0.0,0.0,0.0,0.0,0.0,,,,,,,,,,,,,,,,,,,,,,,,,,,,,,,,,,,,,,,3,3,2.0,2.0,2.0,2.0,2.0,2.0,2.0,2.0,1.0,4.0,1,3,1,0,0.0,0,2,2,2,2,2,2,2,1.0,2.0,3.0,4.0,1.0,2.0,1.0,2.0,1.0,1.0,2.0,1,,2,2.0,2.0,2.0,2.0,2,6.0,1,1,1.0,100,900,,,.,OK,1,1,1,,,,uuid:5a7e3410-2a8c-44e7-9aff-4d5a8d96bc92,uuid:5a7e3410-2a8c-44e7-9aff-4d5a8d96bc92,,,,0.0,52910.0,,A,0,1.0,0.0,1.0,0.0,1.0,0.0,28 Jan 2021,22308.0,1400,1600,,,,,
2019-03-19 07:29:41,2019-03-19 09:54:17,2019-03-19,2,,63445,63445,1,1,634.0,,,,,,,,,,,,,,,,,,,,,,,,,,,,,,,,,,,,,,,1.0,3.0,3.0,3.0,3.0,3.0,3.0,3.0,3.0,3.0,1.0,3.0,3.0,3.0,3.0,5.0,2.0,2.0,1.0,1.0,1.0,1.0,2000.0,,,,,,,1.0,5.0,5.0,1.0,1.0,2.0,1.0,3.0,1.0,5.0,1.0,4.0,1.0,4.0,2.0,6.0,1.0,1.0,4.0,1.0,1.0,1.0,0.0,1.0,1.0,1.0,9.0,2.0,0.0,0.0,0.0,0.0,0.0,0.0,1.0,4.0,1.0,4.0,4.0,2.0,2.0,2.0,2.0,2.0,2.0,0.0,0.0,4.0,0.0,0.0,0.0,0.0,0.0,7,5,3,0,1,1500.0,6000.0,,,0.0,0.0,0.0,,,1.0,1.0,1.0,1.0,0.0,,1.0,0.0,1.0,0.0,0.0,0.0,1.0,0.0,0.0,,,1.0,4.0,0.0,-1.0,0.0,,,,,,,,1.0,2.0,3.0,3.0,1.0,4.0,,,,,,,7.0,7.0,5.0,,5.0,,5.0,,4.0,,1.0,1.0,3,3,3.0,2.0,3.0,2.0,2.0,2.0,2.0,2.0,1.0,3.0,3,3,2,0,0.0,0,2,2,2,1,2,2,2,4.0,1.0,3.0,2.0,1.0,1.0,1.0,1.0,1.0,1.0,1.0,1,,4,1.0,1.0,1.0,1.0,3,3.0,2,1,2.0,500,500,2.0,2.0,.,OK,1,1,1,1.0,1.0,1.0,uuid:5b325e78-1f51-45d9-9c02-22e79d9876e8,uuid:5b325e78-1f51-45d9-9c02-22e79d9876e8,,,,0.0,63445.0,,C,0,1.0,0.0,1.0,0.0,1.0,0.0,28 Jan 2021,22308.0,1200,1800, 3/19/2019,10:54:00,11:43:00,00:49:00,
2019-03-20 09:44:43,2019-03-20 10:13:07,2019-03-20,5,1.0,24644,24644,1,1,246.0,,,,,,,,,,,,,,,,,,,,,,,,,,,,,,,,,,,,,,,,,,,,,,,,,,,,,,,,,,,,,,,,,,,,,,,,,,,,,,,,,,,,,,,,,,,,,,,,,,,,,,,,,,,,,,,,,,,,,,,,,8,7,5,4,1,2500.0,1500.0,,,0.0,0.0,0.0,,,,,,,,,,,,,,0.0,0.0,0.0,0.0,,,,,,,,,,,,,,,,,,,,,,,,,,,,,,,,,,,,,,,5,3,2.0,2.0,2.0,2.0,2.0,2.0,2.0,2.0,1.0,3.0,3,3,2,0,0.0,0,2,2,2,2,2,2,2,3.0,4.0,1.0,2.0,2.0,2.0,2.0,2.0,2.0,1.0,1.0,1,,4,1.0,1.0,3.0,4.0,1,4.0,1,2,1.0,800,200,,,.,OK,1,1,1,,,,uuid:5babe0cf-4c6c-4188-a0f7-5b8d59aaec63,uuid:5babe0cf-4c6c-4188-a0f7-5b8d59aaec63,,,,0.0,24644.0,,A,0,1.0,0.0,1.0,0.0,1.0,0.0,28 Jan 2021,22308.0,900,2100,,,,,
2019-03-23 08:19:19,2019-03-23 09:35:02,2019-03-23,2,,60383,60383,1,1,603.0,,,,,,,,,,,,,,,,,,,,,,,,,,,,,,,,,,,,,,,1.0,4.0,5.0,5.0,5.0,4.0,4.0,5.0,4.0,5.0,4.0,4.0,4.0,4.0,4.0,1.0,2.0,2.0,2.0,1.0,2.0,2.0,2000.0,,,,,1000.0,,2.0,4.0,4.0,1.0,2.0,2.0,2.0,4.0,2.0,5.0,2.0,4.0,2.0,4.0,1.0,6.0,1.0,1.0,4.0,2.0,2.0,1.0,0.0,1.0,1.0,1.0,7.0,2.0,0.0,0.0,1.0,1.0,1.0,0.0,0.0,4.0,4.0,4.0,4.0,2.0,2.0,2.0,2.0,2.0,2.0,-1.0,-1.0,3.0,0.0,0.0,0.0,0.0,0.0,10,8,6,3,1,2500.0,2000.0,,,0.0,0.0,0.0,,,1.0,1.0,0.0,1.0,0.0,,1.0,1.0,0.0,0.0,0.0,1.0,0.0,0.0,0.0,,,1.0,6.0,2.0,1.0,1.0,,,,,,,,1.0,3.0,3.0,3.0,3.0,4.0,,,,,,,7.0,3.0,5.0,,5.0,,5.0,,5.0,,,,5,4,0.0,3.0,2.0,2.0,2.0,2.0,2.0,2.0,3.0,1.0,1,3,2,0,0.0,0,1,2,2,2,2,2,2,1.0,4.0,2.0,3.0,4.0,3.0,1.0,2.0,7.0,2.0,1.0,1,,1,1.0,1.0,1.0,1.0,1,4.0,1,1,2.0,0,1000,1.0,2.0,.,OK,1,1,1,1.0,1.0,1.0,uuid:5c08e4d5-714a-4bd0-89fe-d76a64ba1cf6,uuid:5c08e4d5-714a-4bd0-89fe-d76a64ba1cf6,,,,0.0,60383.0,,C,0,1.0,0.0,1.0,0.0,1.0,0.0,28 Jan 2021,22308.0,700,2300,23/03/2019,10:34:00,10:51:00,00:16:59,
2019-03-25 14:09:34,2019-03-25 15:28:46,2019-03-25,2,,69583,69583,1,1,695.0,,,,,,,,,,,,,,,,,,,,,,,,,,,,,,,,,,,,,,,0.0,2.0,3.0,4.0,4.0,2.0,3.0,3.0,3.0,3.0,2.0,1.0,3.0,4.0,4.0,4.0,4.0,2.0,1.0,1.0,1.0,1.0,,2500.0,,,,,,2.0,4.0,2.0,2.0,1.0,1.0,1.0,1.0,1.0,5.0,1.0,4.0,1.0,4.0,4.0,3.0,1.0,4.0,2.0,1.0,1.0,1.0,1.0,1.0,1.0,1.0,8.0,2.0,0.0,0.0,0.0,0.0,0.0,0.0,1.0,4.0,3.0,4.0,3.0,1.0,1.0,1.0,1.0,1.0,1.0,1.0,0.0,4.0,0.0,0.0,0.0,0.0,0.0,5,5,5,5,1,1500.0,2000.0,,,0.0,0.0,0.0,,,0.0,,,,,,,,,,,0.0,0.0,0.0,0.0,,,1.0,2.0,-2.0,2.0,-2.0,,,,,,,,0.0,,,,,,0.0,,,,,,8.0,9.0,,Il ne sait pas,5.0,,5.0,,4.0,,0.0,0.0,3,5,2.0,0.0,2.0,2.0,2.0,2.0,2.0,2.0,3.0,1.0,3,3,2,0,0.0,0,2,4,3,3,4,2,2,4.0,3.0,1.0,2.0,1.0,1.0,1.0,1.0,1.0,1.0,1.0,0,4.0,1,1.0,1.0,2.0,1.0,3,5.0,2,2,2.0,500,500,2.0,2.0,.,OK,1,0,0,1.0,1.0,1.0,uuid:5cb86be3-d43b-4734-8c6f-b1a17fb6326a,uuid:5cb86be3-d43b-4734-8c6f-b1a17fb6326a,,,,0.0,69583.0,,C,0,1.0,0.0,1.0,0.0,1.0,0.0,28 Jan 2021,22308.0,1300,1700,,,,,
2019-03-18 11:28:56,2019-03-18 12:53:00,2019-03-18,1,,71,71,1,1,,,,,,,,,,,,,,,,,.,,,,,,,,,,,,,,,,,,,,,,,0.0,1.0,3.0,3.0,3.0,1.0,1.0,3.0,3.0,2.0,1.0,3.0,3.0,3.0,3.0,5.0,2.0,2.0,2.0,2.0,1.0,1.0,2000.0,,,1000.0,,,,2.0,2.0,1.0,2.0,1.0,5.0,1.0,3.0,4.0,2.0,2.0,1.0,1.0,4.0,4.0,1.0,1.0,1.0,4.0,2.0,2.0,2.0,0.0,1.0,1.0,2.0,8.0,2.0,0.0,0.0,0.0,0.0,1.0,1.0,0.0,0.0,0.0,3.0,1.0,2.0,2.0,2.0,2.0,1.0,1.0,2.0,0.0,4.0,0.0,0.0,0.0,0.0,0.0,7,7,6,5,1,2000.0,6000.0,0.0,3.0,1.0,1.0,0.0,0.0,,,,,,,,,0.0,0.0,0.0,0.0,0.0,0.0,0.0,0.0,,,,,-2.0,1.0,0.0,0.0,,,,,,0.0,,,,,,,,4.0,5.0,,3.0,,7.0,3.0,5.0,.,4.0,,3.0,,5.0,,,,3,3,3.0,2.0,3.0,0.0,2.0,2.0,2.0,2.0,3.0,1.0,3,3,2,0,0.0,0,1,2,1,2,2,1,2,4.0,1.0,2.0,3.0,1.0,3.0,1.0,2.0,3.0,1.0,1.0,0,4.0,3,3.0,3.0,4.0,2.0,1,6.0,1,2,1.0,100,900,1.0,1.0,.,OK,1,1,1,1.0,1.0,1.0,uuid:5ccde9c6-66fa-4d8f-8aa0-c7ae493abb85,uuid:5ccde9c6-66fa-4d8f-8aa0-c7ae493abb85,,,,0.0,,71.0,,0,1.0,0.0,0.0,0.0,1.0,0.0,28 Jan 2021,22308.0,1000,2000, 3/18/2019,12:53:00,13:11:00,00:18:00,1.0
2019-03-21 10:20:06,2019-03-21 10:54:03,2019-03-21,4,1.0,22387,22387,1,1,223.0,,,,,,,,,,,,,,,,,,,,,,,,,,,,,,,,,,,,,,,,,,,,,,,,,,,,,,,,,,,,,,,,,,,,,,,,,,,,,,,,,,,,,,,,,,,,,,,,,,,,,,,,,,,,,,,,,,,,,,,,,6,3,1,0,1,5000.0,2000.0,,,0.0,0.0,0.0,,,,,,,,,,,,,,0.0,0.0,0.0,0.0,,,,,,,,,,,,,,,,,,,,,,,,,,,,,,,,,,,,,,,5,5,1.0,3.0,2.0,0.0,2.0,2.0,2.0,2.0,3.0,1.0,3,3,2,0,0.0,0,1,3,2,1,3,2,4,4.0,2.0,3.0,1.0,2.0,1.0,1.0,2.0,3.0,1.0,1.0,0,4.0,2,1.0,2.0,2.0,1.0,1,4.0,1,1,2.0,400,600,,,.,OK,1,1,1,,,,uuid:5e26e716-deb9-47c8-af28-77a3d04a0bf8,uuid:5e26e716-deb9-47c8-af28-77a3d04a0bf8,,,,0.0,22387.0,,C,0,1.0,0.0,1.0,0.0,1.0,0.0,28 Jan 2021,22308.0,500,2500,,,,,
2019-03-19 08:52:57,2019-03-19 10:30:11,2019-03-19,2,,38091,38091,1,2,380.0,,,,,,,,,,,,,,,,,,,,,,,,,,,,,,,,,,,,,,,1.0,3.0,3.0,3.0,3.0,3.0,3.0,4.0,3.0,3.0,3.0,3.0,3.0,3.0,3.0,4.0,2.0,2.0,1.0,1.0,2.0,2.0,,,3000.0,,,,,1.0,5.0,2.0,2.0,1.0,1.0,2.0,4.0,2.0,5.0,1.0,4.0,2.0,2.0,4.0,1.0,4.0,3.0,3.0,1.0,1.0,1.0,0.0,2.0,2.0,2.0,6.0,2.0,1.0,1.0,1.0,1.0,0.0,0.0,0.0,4.0,4.0,4.0,3.0,2.0,2.0,2.0,2.0,2.0,2.0,0.0,0.0,4.0,-1.0,0.0,0.0,0.0,0.0,10,4,2,1,1,3000.0,2000.0,,,0.0,0.0,0.0,,,1.0,1.0,0.0,0.0,0.0,,1.0,1.0,0.0,0.0,0.0,1.0,0.0,0.0,0.0,,,0.0,,1.0,2.0,0.0,,,,,,,,1.0,3.0,3.0,3.0,3.0,4.0,,,,,,,5.0,1.0,5.0,,5.0,,5.0,,5.0,,,,4,3,2.0,2.0,2.0,0.0,0.0,0.0,0.0,2.0,1.0,3.0,3,3,2,0,0.0,0,1,4,4,2,3,1,1,2.0,4.0,1.0,3.0,7.0,3.0,3.0,2.0,3.0,1.0,1.0,1,,4,1.0,1.0,1.0,1.0,1,3.0,2,2,2.0,1000,0,2.0,2.0,.,OK,1,1,1,1.0,1.0,1.0,uuid:5f01d1b3-1dad-4061-8af5-41e3c08e0d1f,uuid:5f01d1b3-1dad-4061-8af5-41e3c08e0d1f,,,,0.0,38091.0,,C,0,1.0,0.0,1.0,0.0,1.0,0.0,28 Jan 2021,22308.0,800,2200, 3/19/2019,11:26:00,12:22:00,00:56:00,
2019-03-26 12:50:23,2019-03-26 14:05:23,2019-03-26,3,0.0,35690,35690,1,1,356.0,41.0,0.0,2001.0,katoka3,pokolo,LULUWA,30.0,,1.0,,2.0,1.0,4.0,DIBAYA,20.0,,10000.0,50000.0,6.0,3.0,6.0,1.0,1.0,0.0,1.0,1.0,1.0,1.0,1.0,50000.0,10000.0,0.0,0.0,0.0,0.0,0.0,0.0,0.0,1.0,3.0,3.0,3.0,3.0,3.0,3.0,3.0,4.0,3.0,3.0,3.0,3.0,3.0,3.0,2.0,2.0,2.0,1.0,1.0,1.0,2.0,2000.0,,,,,,2000.0,1.0,2.0,2.0,2.0,2.0,2.0,2.0,2.0,2.0,4.0,2.0,2.0,2.0,4.0,4.0,1.0,1.0,1.0,1.0,1.0,1.0,1.0,2.0,1.0,1.0,1.0,4.0,2.0,1.0,0.0,0.0,0.0,1.0,1.0,0.0,4.0,4.0,4.0,4.0,1.0,2.0,2.0,2.0,2.0,2.0,1.0,0.0,4.0,1.0,0.0,0.0,0.0,0.0,8,6,5,4,1,1500.0,2000.0,,,0.0,0.0,0.0,,,,,,,,,,,,,,0.0,0.0,0.0,0.0,,,,,-2.0,-2.0,-2.0,,,,,,,,,,,,,,,,,,,,8.0,2.0,4.0,,4.0,,4.0,,5.0,,,,3,3,3.0,0.0,3.0,0.0,2.0,0.0,2.0,2.0,3.0,5.0,2,3,2,0,0.0,0,2,2,2,2,2,2,2,2.0,4.0,1.0,3.0,2.0,2.0,2.0,2.0,2.0,2.0,2.0,1,,2,1.0,1.0,1.0,1.0,1,6.0,1,1,2.0,0,1000,1.0,1.0,.,OK,1,1,1,1.0,1.0,1.0,uuid:601e42ea-5ee2-4ca2-a1f9-668a3765e3d1,uuid:601e42ea-5ee2-4ca2-a1f9-668a3765e3d1,,,,0.0,35690.0,,A,0,1.0,1.0,1.0,0.0,1.0,0.0,28 Jan 2021,22308.0,600,2400,25/03/2019,15:04:00,15:15:00,00:11:00,
2019-03-21 16:01:23,2019-03-21 17:19:15,2019-03-21,2,,38673,38673,1,1,386.0,,,,,,,,,,,,,,,,,,,,,,,,,,,,,,,,,,,,,,,0.0,1.0,3.0,3.0,3.0,3.0,1.0,3.0,3.0,3.0,1.0,3.0,3.0,3.0,3.0,5.0,4.0,2.0,1.0,1.0,1.0,1.0,,,3000.0,,,,,1.0,4.0,4.0,2.0,2.0,2.0,2.0,2.0,2.0,4.0,2.0,4.0,2.0,4.0,4.0,1.0,1.0,1.0,4.0,1.0,0.0,1.0,0.0,1.0,1.0,2.0,8.0,2.0,0.0,0.0,0.0,0.0,0.0,0.0,1.0,3.0,3.0,4.0,2.0,2.0,1.0,1.0,1.0,1.0,1.0,0.0,0.0,4.0,0.0,0.0,0.0,0.0,0.0,10,9,8,6,1,1500.0,2500.0,,,0.0,0.0,0.0,,,0.0,,,,,,,,,,,0.0,0.0,0.0,0.0,,,1.0,3.0,2.0,2.0,1.0,,,,,,,,0.0,,,,,,1.0,,,,,,9.0,10.0,5.0,,5.0,,5.0,,5.0,,,,5,3,2.0,2.0,2.0,2.0,2.0,2.0,2.0,2.0,3.0,1.0,1,3,1,0,0.0,0,2,2,2,2,2,2,2,1.0,2.0,3.0,4.0,1.0,1.0,1.0,1.0,1.0,1.0,1.0,0,4.0,4,1.0,1.0,1.0,1.0,1,6.0,2,2,1.0,100,900,4.0,2.0,.,OK,1,1,1,1.0,1.0,1.0,uuid:639aac15-d257-4649-9122-d400891b6c46,uuid:639aac15-d257-4649-9122-d400891b6c46,,,,0.0,38673.0,,C,0,1.0,0.0,1.0,0.0,1.0,0.0,28 Jan 2021,22308.0,1400,1600, 3/21/2019,18:19:00,18:24:00,00:05:00,
2019-03-22 08:16:11,2019-03-22 09:19:24,2019-03-22,2,,6775,6775,1,1,677.0,,,,,,,,,,,,,,,,,,,,,,,,,,,,,,,,,,,,,,,1.0,3.0,4.0,2.0,5.0,1.0,1.0,1.0,5.0,1.0,1.0,4.0,3.0,3.0,3.0,4.0,4.0,1.0,1.0,1.0,1.0,1.0,2000.0,,,1000.0,,,,1.0,2.0,1.0,1.0,2.0,4.0,4.0,2.0,4.0,4.0,1.0,5.0,1.0,4.0,1.0,1.0,1.0,1.0,4.0,2.0,1.0,1.0,1.0,1.0,1.0,2.0,4.0,2.0,1.0,1.0,0.0,0.0,1.0,1.0,0.0,4.0,4.0,4.0,4.0,2.0,2.0,1.0,2.0,2.0,2.0,2.0,-1.0,3.0,0.0,0.0,0.0,0.0,-1.0,9,7,5,3,1,2500.0,3000.0,,,0.0,0.0,0.0,,,0.0,,,,,,,,,,,0.0,0.0,0.0,0.0,,,0.0,,2.0,2.0,2.0,,,,,,,,0.0,,,,,,0.0,,,,,,4.0,1.0,4.0,,5.0,,5.0,,4.0,,0.0,0.0,3,3,0.0,2.0,2.0,0.0,0.0,0.0,0.0,0.0,1.0,2.0,3,3,2,-1,-1.0,0,1,3,2,2,1,2,1,3.0,4.0,1.0,2.0,2.0,3.0,3.0,8.0,8.0,8.0,4.0,0,4.0,3,4.0,4.0,3.0,3.0,1,5.0,1,1,2.0,0,1000,1.0,1.0,.,OK,1,1,1,1.0,1.0,1.0,uuid:63c71bd8-887c-4dd9-980c-e9a233225b63,uuid:63c71bd8-887c-4dd9-980c-e9a233225b63,,,,1.0,6775.0,,C,0,1.0,0.0,1.0,0.0,1.0,0.0,28 Jan 2021,22308.0,600,2400,22/03/2019,10:17:59,10:33:00,00:15:00,
2019-03-21 14:19:12,2019-03-21 15:30:20,2019-03-21,2,,36244,36244,1,1,362.0,,,,,,,,,,,,,,,,,,,,,,,,,,,,,,,,,,,,,,,0.0,3.0,3.0,3.0,3.0,3.0,3.0,3.0,3.0,3.0,3.0,3.0,3.0,3.0,3.0,1.0,1.0,2.0,2.0,2.0,2.0,2.0,2000.0,,,,,1000.0,,1.0,5.0,4.0,1.0,2.0,2.0,2.0,4.0,1.0,4.0,2.0,2.0,2.0,4.0,4.0,1.0,1.0,1.0,1.0,2.0,0.0,1.0,2.0,2.0,1.0,2.0,4.0,2.0,1.0,0.0,1.0,1.0,0.0,0.0,0.0,4.0,4.0,4.0,4.0,2.0,2.0,2.0,2.0,1.0,1.0,1.0,2.0,5.0,0.0,1.0,1.0,-1.0,0.0,5,2,1,0,1,5000.0,1500.0,,,0.0,0.0,0.0,,,1.0,1.0,0.0,0.0,0.0,,1.0,0.0,1.0,0.0,0.0,0.0,1.0,0.0,0.0,,,0.0,,-2.0,1.0,-1.0,,,,,,,,1.0,1.0,1.0,1.0,1.0,4.0,,,,,,,6.0,10.0,4.0,,4.0,,5.0,,3.0,,1.0,0.0,5,5,0.0,3.0,2.0,0.0,0.0,0.0,0.0,0.0,3.0,1.0,3,3,2,0,0.0,0,1,1,2,2,2,2,2,2.0,4.0,1.0,3.0,2.0,1.0,2.0,1.0,1.0,1.0,1.0,1,,4,1.0,4.0,1.0,1.0,1,4.0,3,2,1.0,500,500,2.0,1.0,.,OK,1,1,1,1.0,1.0,1.0,uuid:64018dda-d585-4d7f-a970-25c71e29e561,uuid:64018dda-d585-4d7f-a970-25c71e29e561,,,,0.0,36244.0,,C,0,1.0,0.0,1.0,0.0,1.0,0.0,28 Jan 2021,22308.0,1400,1600, 3/21/2019,16:29:00,17:17:00,00:48:00,
2019-03-25 10:56:01,2019-03-25 11:33:20,2019-03-25,4,1.0,59093,59093,1,1,590.0,,,,,,,,,,,,,,,,,,,,,,,,,,,,,,,,,,,,,,,,,,,,,,,,,,,,,,,,,,,,,,,,,,,,,,,,,,,,,,,,,,,,,,,,,,,,,,,,,,,,,,,,,,,,,,,,,,,,,,,,,10,8,5,4,1,5000.0,1500.0,,,0.0,0.0,0.0,,,,,,,,,,,,,,0.0,0.0,0.0,0.0,,,,,,,,,,,,,,,,,,,,,,,,,,,,,,,,,,,,,,,3,3,0.0,3.0,3.0,0.0,3.0,0.0,2.0,1.0,3.0,7.0,3,3,2,0,0.0,0,1,2,2,2,2,2,2,2.0,3.0,1.0,4.0,6.0,2.0,2.0,2.0,2.0,2.0,2.0,1,,1,1.0,1.0,1.0,1.0,4,4.0,1,1,1.0,800,999,,,.,OK,1,0,1,,,,uuid:642260cc-b65f-4338-a5a0-2a8899b8abcf,uuid:642260cc-b65f-4338-a5a0-2a8899b8abcf,,,,0.0,59093.0,,C,0,1.0,0.0,1.0,0.0,1.0,0.0,28 Jan 2021,22308.0,1600,1400,,,,,
2019-03-19 09:12:31,2019-03-19 10:44:08,2019-03-19,2,,37890,37890,1,1,377.0,,,,,,,,,,,,,,,,,,,,,,,,,,,,,,,,,,,,,,,1.0,2.0,3.0,5.0,5.0,3.0,4.0,2.0,5.0,4.0,3.0,3.0,5.0,4.0,4.0,2.0,1.0,2.0,1.0,1.0,1.0,1.0,2000.0,,,,,,,2.0,5.0,2.0,2.0,1.0,2.0,2.0,2.0,2.0,4.0,2.0,4.0,2.0,4.0,2.0,1.0,2.0,2.0,1.0,1.0,1.0,2.0,0.0,1.0,1.0,1.0,6.0,0.0,0.0,0.0,0.0,0.0,0.0,0.0,1.0,4.0,4.0,4.0,3.0,1.0,1.0,1.0,1.0,0.0,0.0,2.0,0.0,4.0,0.0,0.0,0.0,0.0,0.0,10,6,5,5,1,15000.0,6600.0,,,0.0,0.0,0.0,,,0.0,,,,,,,,,,,0.0,0.0,0.0,0.0,,,1.0,7.0,0.0,2.0,2.0,,,,,,,,1.0,2.0,3.0,1.0,2.0,3.0,,,,,,,5.0,5.0,4.0,,4.0,,4.0,,4.0,,0.0,0.0,3,3,3.0,2.0,2.0,0.0,2.0,2.0,2.0,2.0,1.0,3.0,1,2,2,0,0.0,0,2,3,4,2,2,2,2,3.0,4.0,1.0,2.0,1.0,1.0,1.0,1.0,1.0,1.0,1.0,0,2.0,2,1.0,2.0,2.0,2.0,1,4.0,2,2,1.0,1000,0,2.0,2.0,.,OK,1,1,1,1.0,1.0,1.0,uuid:643046b2-979b-4cef-bf97-d4c95cb4288d,uuid:643046b2-979b-4cef-bf97-d4c95cb4288d,,,,0.0,37890.0,,C,0,1.0,0.0,1.0,0.0,1.0,0.0,28 Jan 2021,22308.0,1400,1600, 3/19/2019,11:44:00,12:14:00,00:30:00,
2019-04-01 12:46:21,2019-04-01 13:14:02,2019-04-01,4,1.0,32091,32091,1,1,320.0,,,,,,,,,,,,,,,,,,,,,,,,,,,,,,,,,,,,,,,,,,,,,,,,,,,,,,,,,,,,,,,,,,,,,,,,,,,,,,,,,,,,,,,,,,,,,,,,,,,,,,,,,,,,,,,,,,,,,,,,,8,5,3,0,1,1000.0,2000.0,,,0.0,0.0,0.0,,,,,,,,,,0.0,0.0,0.0,0.0,0.0,0.0,0.0,0.0,,,,,,,,,,,,,,,,,,,,,,,,,,,,,,,,,,,,,,,3,3,3.0,1.0,2.0,2.0,2.0,2.0,2.0,2.0,1.0,3.0,3,3,2,0,0.0,0,2,2,4,1,2,2,2,1.0,4.0,2.0,3.0,1.0,2.0,1.0,1.0,1.0,2.0,1.0,1,,2,1.0,2.0,2.0,3.0,2,4.0,1,2,2.0,500,500,,,.,OK,1,1,1,,,,uuid:64ac5754-4b24-453e-a161-febcc979ca94,uuid:64ac5754-4b24-453e-a161-febcc979ca94,,,,0.0,32091.0,,C,0,1.0,0.0,1.0,0.0,1.0,0.0,28 Jan 2021,22308.0,2400,600,,,,,
2019-04-22 09:51:35,2019-04-22 10:57:55,2019-04-22,2,1.0,52754,52754,1,1,527.0,,,,,,,,,,,,,,,,,,,,,,,,,,,,,,,,,,,,,,,1.0,5.0,5.0,5.0,5.0,3.0,1.0,3.0,4.0,4.0,3.0,3.0,3.0,3.0,4.0,4.0,1.0,1.0,1.0,1.0,1.0,1.0,,,3000.0,,,,,1.0,5.0,4.0,1.0,2.0,2.0,2.0,3.0,2.0,4.0,1.0,4.0,1.0,4.0,4.0,6.0,1.0,1.0,3.0,2.0,1.0,1.0,0.0,2.0,2.0,2.0,4.0,2.0,0.0,0.0,0.0,0.0,0.0,0.0,1.0,4.0,4.0,4.0,4.0,2.0,1.0,2.0,2.0,2.0,1.0,0.0,0.0,3.0,0.0,0.0,0.0,0.0,0.0,8,6,5,5,1,1500.0,2000.0,,,0.0,0.0,0.0,,,1.0,0.0,1.0,0.0,0.0,,1.0,1.0,0.0,0.0,0.0,1.0,0.0,0.0,0.0,,,0.0,,0.0,2.0,0.0,,,,,,,,0.0,,,,,,1.0,,,,,,4.0,6.0,5.0,,4.0,,4.0,,5.0,,,,3,3,3.0,2.0,3.0,2.0,2.0,2.0,2.0,2.0,1.0,3.0,3,3,2,0,0.0,0,1,2,4,2,2,2,2,3.0,4.0,1.0,2.0,1.0,1.0,1.0,1.0,1.0,1.0,1.0,0,1.0,2,1.0,2.0,1.0,1.0,2,4.0,1,1,1.0,500,500,2.0,2.0,.,OK,1,1,1,0.0,,0.0,uuid:653f6ad2-c7d6-4e08-8417-7629e4fb06a1,uuid:653f6ad2-c7d6-4e08-8417-7629e4fb06a1,,,,0.0,52754.0,,C,0,1.0,0.0,1.0,0.0,1.0,0.0,28 Jan 2021,22308.0,500,2500,,,,,
2019-04-04 15:48:00,2019-04-04 17:09:38,2019-04-04,3,0.0,50346,50346,1,1,503.0,27.0,0.0,2012.0,Kananga,Tshinsambi,LULUWA,,Bena Kawaya,1.0,,2.0,1.0,4.0,KAZUMBA,9.0,,15000.0,50000.0,9.0,4.0,3.0,1.0,1.0,0.0,1.0,1.0,1.0,1.0,1.0,50000.0,15000.0,0.0,0.0,1.0,0.0,0.0,1.0,0.0,1.0,1.0,3.0,3.0,4.0,3.0,3.0,1.0,3.0,3.0,3.0,3.0,3.0,3.0,3.0,,2.0,4.0,1.0,1.0,1.0,2.0,2000.0,,,,,,,2.0,4.0,4.0,2.0,2.0,2.0,2.0,2.0,4.0,4.0,2.0,2.0,2.0,3.0,3.0,3.0,2.0,2.0,3.0,0.0,1.0,1.0,0.0,2.0,2.0,1.0,7.0,2.0,0.0,0.0,0.0,0.0,0.0,0.0,1.0,4.0,4.0,3.0,2.0,1.0,2.0,1.0,1.0,2.0,2.0,1.0,1.0,2.0,-1.0,0.0,0.0,1.0,-1.0,9,7,5,4,1,1500.0,3000.0,,,0.0,0.0,0.0,,,,,,,,,,0.0,0.0,0.0,0.0,0.0,0.0,0.0,0.0,,,,,1.0,2.0,1.0,,,,,,,,,,,,,,,,,,,,9.0,3.0,4.0,,3.0,,4.0,,5.0,,,,5,3,3.0,2.0,3.0,1.0,2.0,2.0,2.0,2.0,3.0,1.0,3,3,2,0,0.0,0,1,3,4,4,3,4,1,3.0,4.0,1.0,2.0,1.0,1.0,1.0,7.0,1.0,3.0,1.0,1,,2,1.0,1.0,2.0,1.0,2,4.0,1,1,2.0,700,300,2.0,2.0,.,OK,1,1,1,1.0,1.0,1.0,uuid:66888d11-beac-401e-9b52-8407b1615a57,uuid:66888d11-beac-401e-9b52-8407b1615a57,,,,0.0,50346.0,,A,0,1.0,1.0,1.0,0.0,1.0,0.0,28 Jan 2021,22308.0,900,2100,,,,,
2019-04-02 13:10:53,2019-04-02 14:03:07,2019-04-02,4,0.0,10546,10546,0,1,105.0,59.0,1.0,,Lukonga,Mabondo,LULUWA,,Bakua Beya,2.0,,1.0,1.0,4.0,DEMBA,17.0,,8000.0,90000.0,6.0,3.0,6.0,1.0,1.0,1.0,1.0,1.0,1.0,1.0,1.0,90000.0,8000.0,0.0,0.0,1.0,0.0,0.0,0.0,0.0,,,,,,,,,,,,,,,,,,,,,,,,,,,,,,,,,,,,,,,,,,,,,,,,,,,,,,,,,,,,,,,,,,,,,,,,,,,,,,,,,,,10,7,5,4,1,1500.0,3000.0,,,0.0,0.0,0.0,,,,,,,,,,0.0,0.0,0.0,0.0,0.0,0.0,0.0,0.0,,,,,,,,,,,,,,,,,,,,,,,,,,,,,,,,,,,,,,,5,5,0.0,3.0,2.0,0.0,0.0,1.0,2.0,1.0,3.0,1.0,3,3,2,0,0.0,0,1,2,4,1,2,2,2,1.0,2.0,3.0,4.0,3.0,3.0,1.0,2.0,3.0,2.0,1.0,0,1.0,2,1.0,1.0,1.0,1.0,1,5.0,2,2,1.0,10,990,,,.,OK,0,1,1,,,,uuid:668d0c66-6358-4e53-8a83-2d896ad40d0a,uuid:668d0c66-6358-4e53-8a83-2d896ad40d0a,,,,0.0,10546.0,,C,0,1.0,1.0,1.0,0.0,1.0,1.0,28 Jan 2021,22308.0,1300,1700,,,,,
2019-03-26 07:20:51,2019-03-26 07:55:01,2019-03-26,4,1.0,6302,6302,1,1,630.0,,,,,,,,,,,,,,,,,,,,,,,,,,,,,,,,,,,,,,,,,,,,,,,,,,,,,,,,,,,,,,,,,,,,,,,,,,,,,,,,,,,,,,,,,,,,,,,,,,,,,,,,,,,,,,,,,,,,,,,,,10,10,10,5,1,2000.0,10000.0,,,0.0,0.0,0.0,,,,,,,,,,,,,,0.0,0.0,0.0,0.0,,,,,,,,,,,,,,,,,,,,,,,,,,,,,,,,,,,,,,,5,4,3.0,2.0,2.0,3.0,3.0,2.0,2.0,2.0,2.0,1.0,1,3,2,0,0.0,0,2,2,3,2,4,2,2,2.0,4.0,1.0,3.0,2.0,2.0,2.0,2.0,5.0,1.0,2.0,1,,1,1.0,1.0,1.0,1.0,4,4.0,2,2,2.0,300,700,,,.,OK,0,0,1,,,,uuid:669a842d-9b85-42fd-b23d-6ad04ff3c960,uuid:669a842d-9b85-42fd-b23d-6ad04ff3c960,,,,0.0,6302.0,,C,0,1.0,0.0,1.0,0.0,1.0,0.0,28 Jan 2021,22308.0,1400,1600,,,,,
2019-04-05 12:50:20,2019-04-05 13:57:28,2019-04-05,3,1.0,57688,57688,1,1,576.0,,,,,,,,,,,,,,,,,,,,,,,,,,,,,,,,,,,,,,,0.0,1.0,3.0,3.0,4.0,3.0,1.0,3.0,5.0,3.0,1.0,3.0,3.0,3.0,3.0,5.0,4.0,2.0,1.0,1.0,1.0,1.0,2000.0,,,,,,,1.0,4.0,4.0,2.0,2.0,2.0,2.0,4.0,2.0,4.0,2.0,4.0,2.0,3.0,4.0,1.0,1.0,1.0,3.0,1.0,1.0,1.0,0.0,1.0,1.0,1.0,8.0,2.0,1.0,0.0,0.0,0.0,0.0,0.0,0.0,4.0,4.0,3.0,1.0,1.0,1.0,1.0,1.0,1.0,2.0,2.0,0.0,4.0,2.0,0.0,0.0,0.0,0.0,8,7,6,4,1,1500.0,1500.0,,,0.0,0.0,0.0,,,,,,,,,,0.0,0.0,0.0,0.0,0.0,0.0,0.0,0.0,,,,,0.0,2.0,2.0,,,,,,,,,,,,,,,,,,,,8.0,10.0,4.0,,4.0,,4.0,,4.0,,0.0,0.0,3,3,2.0,2.0,3.0,2.0,2.0,2.0,2.0,2.0,1.0,3.0,1,3,2,0,0.0,0,2,2,2,2,2,2,2,1.0,2.0,3.0,4.0,1.0,3.0,1.0,1.0,1.0,1.0,1.0,0,4.0,2,1.0,2.0,2.0,2.0,2,4.0,2,2,1.0,100,900,3.0,2.0,.,OK,1,1,1,1.0,1.0,1.0,uuid:669c3bff-12ee-4938-afc8-a1aff98b7a05,uuid:669c3bff-12ee-4938-afc8-a1aff98b7a05,,,,0.0,57688.0,,A,0,1.0,0.0,1.0,0.0,1.0,0.0,28 Jan 2021,22308.0,1700,1300,,,,,
2019-03-25 07:29:13,2019-03-25 08:35:24,2019-03-25,3,1.0,3196,3196,1,1,319.0,,,,,,,,,,,,,,,,,,,,,,,,,,,,,,,,,,,,,,,0.0,3.0,3.0,3.0,3.0,3.0,2.0,3.0,3.0,2.0,2.0,4.0,3.0,3.0,4.0,4.0,4.0,2.0,1.0,1.0,1.0,1.0,,2500.0,,,,,,2.0,5.0,5.0,2.0,2.0,3.0,2.0,3.0,2.0,2.0,1.0,4.0,1.0,4.0,1.0,3.0,1.0,1.0,1.0,1.0,1.0,2.0,0.0,2.0,1.0,1.0,7.0,2.0,0.0,0.0,0.0,1.0,1.0,1.0,0.0,4.0,4.0,4.0,3.0,1.0,1.0,1.0,1.0,2.0,2.0,-1.0,0.0,4.0,0.0,0.0,0.0,0.0,0.0,8,5,3,0,1,1500.0,5000.0,,,0.0,0.0,0.0,,,,,,,,,,,,,,0.0,0.0,0.0,0.0,,,,,2.0,2.0,2.0,,,,,,,,,,,,,,,,,,,,7.0,7.0,,Il ne sait pas,4.0,,4.0,,5.0,,,,3,5,2.0,2.0,2.0,0.0,2.0,2.0,2.0,2.0,3.0,1.0,3,3,2,0,0.0,0,2,2,2,2,2,2,2,4.0,3.0,1.0,2.0,2.0,2.0,2.0,2.0,2.0,2.0,1.0,1,,1,1.0,1.0,1.0,1.0,2,3.0,2,2,1.0,800,200,1.0,1.0,.,OK,1,1,1,1.0,1.0,1.0,uuid:66d18fbf-3406-4bed-a72c-570f0d19c0cf,uuid:66d18fbf-3406-4bed-a72c-570f0d19c0cf,,,,0.0,3196.0,,A,0,1.0,0.0,1.0,0.0,1.0,0.0,28 Jan 2021,22308.0,1400,1600,25/03/2019,09:36:00,11:36:00,02:00:00,1.0
2019-03-27 12:56:04,2019-03-27 13:19:08,2019-03-27,1,,91,91,1,1,,,,,.,.,.,,.,,,,,,.,,.,,,,,,,,,,,,,,,,0.0,0.0,0.0,0.0,0.0,0.0,0.0,1.0,2.0,5.0,4.0,3.0,1.0,4.0,3.0,2.0,3.0,4.0,5.0,2.0,5.0,2.0,1.0,2.0,4.0,1.0,1.0,1.0,1.0,2000.0,,,,,,,1.0,4.0,2.0,5.0,2.0,4.0,4.0,4.0,4.0,4.0,5.0,2.0,2.0,3.0,4.0,4.0,1.0,1.0,1.0,0.0,0.0,0.0,0.0,0.0,1.0,1.0,6.0,1.0,1.0,0.0,0.0,0.0,1.0,0.0,0.0,4.0,4.0,4.0,1.0,2.0,2.0,2.0,1.0,2.0,1.0,2.0,1.0,3.0,1.0,1.0,0.0,0.0,0.0,8,6,6,4,1,1000.0,5000.0,2.0,2.0,1.0,0.0,0.0,1.0,3.0,,0.0,0.0,0.0,0.0,,,0.0,0.0,0.0,0.0,0.0,0.0,0.0,0.0,,,,,0.0,-1.0,0.0,1.0,1.0,1.0,1.0,1.0,1.0,,,,,,,,,4.0,5.0,,3.0,,7.0,10.0,4.0,.,4.0,.,5.0,.,5.0,,,,3,3,3.0,3.0,3.0,3.0,2.0,2.0,2.0,3.0,1.0,2.0,1,3,2,0,0.0,0,1,1,1,1,1,1,1,,2.0,,,3.0,1.0,4.0,1.0,1.0,1.0,1.0,1,,1,1.0,1.0,1.0,1.0,3,3.0,3,1,1.0,900,100,1.0,4.0,.,,1,1,1,1.0,1.0,1.0,uuid:6806f849-c852-4bce-a73f-807d07bdda0b,uuid:6806f849-c852-4bce-a73f-807d07bdda0b,,,,0.0,,91.0,,0,1.0,0.0,0.0,0.0,1.0,0.0,28 Jan 2021,22308.0,1100,1900, 3/14/2019,12:00:00,12:15:00,00:15:00,1.0
2019-03-21 12:48:17,2019-03-21 13:38:16,2019-03-21,4,1.0,3552,3552,1,1,356.0,,,,,,,,,,,,,,,,,,,,,,,,,,,,,,,,,,,,,,,,,,,,,,,,,,,,,,,,,,,,,,,,,,,,,,,,,,,,,,,,,,,,,,,,,,,,,,,,,,,,,,,,,,,,,,,,,,,,,,,,,7,5,4,0,1,1500.0,2000.0,,,0.0,0.0,0.0,,,,,,,,,,,,,,0.0,0.0,0.0,0.0,,,,,,,,,,,,,,,,,,,,,,,,,,,,,,,,,,,,,,,3,5,3.0,2.0,3.0,0.0,2.0,3.0,2.0,2.0,5.0,1.0,3,3,2,0,0.0,0,1,2,4,2,2,2,4,3.0,4.0,1.0,2.0,1.0,2.0,2.0,2.0,3.0,1.0,2.0,0,4.0,1,1.0,3.0,2.0,1.0,1,7.0,1,1,1.0,400,600,,,.,OK,1,1,1,,,,uuid:686ac6e8-167f-4138-89d9-e77eee510816,uuid:686ac6e8-167f-4138-89d9-e77eee510816,,,,0.0,3552.0,,C,0,1.0,0.0,1.0,0.0,1.0,0.0,28 Jan 2021,22308.0,1600,1400,,,,,
2019-03-25 10:04:37,2019-03-25 10:51:23,2019-03-25,4,1.0,2291,2291,1,1,229.0,,,,,,,,,,,,,,,,,,,,,,,,,,,,,,,,,,,,,,,,,,,,,,,,,,,,,,,,,,,,,,,,,,,,,,,,,,,,,,,,,,,,,,,,,,,,,,,,,,,,,,,,,,,,,,,,,,,,,,,,,3,5,3,2,1,1500.0,2500.0,,,0.0,0.0,0.0,,,,,,,,,,,,,,0.0,0.0,0.0,0.0,,,,,,,,,,,,,,,,,,,,,,,,,,,,,,,,,,,,,,,4,5,0.0,3.0,3.0,0.0,1.0,2.0,2.0,0.0,3.0,4.0,4,4,2,-1,0.0,0,1,3,4,2,2,2,2,3.0,4.0,1.0,2.0,2.0,2.0,2.0,2.0,2.0,2.0,2.0,1,,1,1.0,1.0,2.0,1.0,1,5.0,1,2,2.0,700,300,,,.,OK,1,1,1,,,,uuid:6b295c41-3a03-4ddf-b6ec-3e8f578417e6,uuid:6b295c41-3a03-4ddf-b6ec-3e8f578417e6,,,,0.0,2291.0,,C,0,1.0,0.0,1.0,0.0,1.0,0.0,28 Jan 2021,22308.0,1300,1700,,,,,
2019-03-26 11:12:18,2019-03-26 12:00:22,2019-03-26,4,0.0,54292,54292,1,1,54292.0,46.0,1.0,,Kananga,Tshinsambi,SALA,,,11.0,,1.0,1.0,4.0,LUIZA,,Forgeron,20000.0,60000.0,4.0,3.0,2.0,1.0,1.0,1.0,1.0,2.0,2.0,2.0,2.0,60000.0,20000.0,0.0,0.0,1.0,0.0,0.0,0.0,0.0,,,,,,,,,,,,,,,,,,,,,,,,,,,,,,,,,,,,,,,,,,,,,,,,,,,,,,,,,,,,,,,,,,,,,,,,,,,,,,,,,,,7,5,4,3,1,1500.0,3000.0,,,0.0,0.0,0.0,,,,,,,,,,,,,,0.0,0.0,0.0,0.0,,,,,,,,,,,,,,,,,,,,,,,,,,,,,,,,,,,,,,,3,3,2.0,2.0,1.0,0.0,2.0,0.0,2.0,2.0,3.0,1.0,3,3,2,0,0.0,0,2,3,1,2,2,2,2,3.0,4.0,1.0,2.0,1.0,3.0,3.0,2.0,2.0,1.0,1.0,1,,1,1.0,1.0,1.0,1.0,4,3.0,1,1,1.0,700,300,,,.,OK,1,1,1,,,,uuid:6b4f520c-7918-48c0-9d51-d475e32ae1df,uuid:6b4f520c-7918-48c0-9d51-d475e32ae1df,,,,0.0,54292.0,,C,0,1.0,1.0,1.0,0.0,1.0,0.0,28 Jan 2021,22308.0,1900,1100,,,,,
2020-02-12 09:03:51,2020-02-12 10:42:27,2020-02-12,1,1.0,101,101,1,1,,,,,.,.,.,,.,,,,,,.,,.,,,,,,,,,,,,,,,,0.0,0.0,0.0,0.0,0.0,0.0,0.0,0.0,4.0,5.0,4.0,5.0,4.0,3.0,4.0,4.0,3.0,4.0,3.0,5.0,4.0,3.0,2.0,4.0,4.0,1.0,1.0,2.0,1.0,2000.0,,,1000.0,,,,2.0,5.0,4.0,2.0,2.0,1.0,2.0,1.0,2.0,4.0,2.0,5.0,2.0,4.0,4.0,1.0,3.0,4.0,4.0,1.0,1.0,1.0,2.0,0.0,2.0,2.0,5.0,1.0,1.0,0.0,0.0,0.0,1.0,1.0,0.0,4.0,3.0,4.0,4.0,2.0,2.0,2.0,2.0,1.0,2.0,-1.0,1.0,4.0,-1.0,0.0,0.0,0.0,1.0,8,7,6,4,1,1500.0,3000.0,1.0,3.0,0.0,1.0,0.0,1.0,1.0,,0.0,0.0,0.0,0.0,,,0.0,0.0,0.0,0.0,0.0,0.0,0.0,0.0,,,,,0.0,-2.0,-2.0,0.0,,,,,,1.0,,,,,,,,3.0,3.0,,3.0,,6.0,5.0,4.0,.,3.0,.,4.0,.,5.0,,,,3,3,0.0,2.0,1.0,1.0,1.0,1.0,1.0,1.0,3.0,1.0,3,3,2,0,0.0,0,2,3,2,2,2,2,2,2.0,4.0,1.0,3.0,2.0,2.0,3.0,2.0,3.0,1.0,2.0,0,4.0,1,3.0,3.0,4.0,1.0,2,4.0,1,3,2.0,400,600,2.0,2.0,.,OK,1,1,1,1.0,1.0,1.0,uuid:6b874e88-ac4c-4985-97e3-183a475389bf,uuid:6b874e88-ac4c-4985-97e3-183a475389bf,,,,0.0,,101.0,,0,1.0,0.0,0.0,0.0,1.0,0.0,28 Jan 2021,22308.0,600,2400, 2/12/2020,10:42:00,10:54:59,00:13:00,
2019-04-08 11:07:55,2019-04-08 11:40:06,2019-04-08,5,1.0,70485,70485,1,1,704.0,,,,,,,,,,,,,,,,,,,,,,,,,,,,,,,,,,,,,,,,,,,,,,,,,,,,,,,,,,,,,,,,,,,,,,,,,,,,,,,,,,,,,,,,,,,,,,,,,,,,,,,,,,,,,,,,,,,,,,,,,4,3,2,1,1,1500.0,2000.0,,,0.0,0.0,0.0,,,,,,,,,,0.0,0.0,0.0,0.0,0.0,0.0,0.0,0.0,,,,,,,,,,,,,,,,,,,,,,,,,,,,,,,,,,,,,,,5,5,2.0,2.0,2.0,2.0,2.0,2.0,2.0,2.0,1.0,3.0,3,3,2,0,0.0,0,2,4,4,2,2,2,2,1.0,2.0,3.0,4.0,1.0,1.0,1.0,1.0,1.0,2.0,1.0,0,3.0,1,1.0,2.0,1.0,1.0,2,4.0,1,2,2.0,500,500,,,.,OK,1,1,1,,,,uuid:6d0b340f-fce1-4cb7-918c-bb6c9fb08051,uuid:6d0b340f-fce1-4cb7-918c-bb6c9fb08051,,,,0.0,70485.0,,A,0,1.0,0.0,1.0,0.0,1.0,0.0,28 Jan 2021,22308.0,1500,1500,,,,,
2019-03-21 14:05:50,2019-03-21 15:23:55,2019-03-21,2,,70288,70288,1,1,700.0,,,,,,,,,,,,,,,,,,,,,,,,,,,,,,,,,,,,,,,0.0,1.0,5.0,3.0,5.0,4.0,3.0,4.0,4.0,4.0,3.0,3.0,5.0,4.0,5.0,3.0,5.0,2.0,1.0,1.0,1.0,1.0,,,3000.0,,,,,2.0,5.0,3.0,1.0,1.0,1.0,2.0,2.0,1.0,5.0,1.0,5.0,1.0,4.0,4.0,4.0,1.0,1.0,4.0,1.0,2.0,2.0,0.0,2.0,2.0,1.0,8.0,2.0,0.0,0.0,1.0,1.0,1.0,1.0,0.0,3.0,4.0,4.0,3.0,1.0,2.0,2.0,1.0,2.0,2.0,-2.0,1.0,3.0,0.0,0.0,0.0,1.0,1.0,8,7,5,4,1,2000.0,8800.0,,,0.0,0.0,0.0,,,0.0,,,,,,,,,,,0.0,0.0,0.0,0.0,,,1.0,2.0,2.0,2.0,0.0,,,,,,,,1.0,3.0,3.0,3.0,2.0,4.0,,,,,,,8.0,3.0,3.0,,4.0,,4.0,,5.0,,,,3,3,3.0,1.0,3.0,0.0,2.0,2.0,2.0,2.0,3.0,1.0,3,3,2,0,0.0,0,2,2,2,1,1,2,2,4.0,3.0,1.0,2.0,4.0,3.0,4.0,2.0,5.0,4.0,1.0,1,,4,2.0,2.0,1.0,2.0,2,4.0,1,1,1.0,500,500,2.0,2.0,.,OK,1,1,1,1.0,1.0,1.0,uuid:6da0820d-6e82-4c71-9698-05a3cbbd9228,uuid:6da0820d-6e82-4c71-9698-05a3cbbd9228,,,,0.0,70288.0,,C,0,1.0,0.0,1.0,0.0,1.0,0.0,28 Jan 2021,22308.0,1100,1900, 3/21/2019,16:27:00,17:05:00,00:38:00,
2019-03-22 14:11:06,2019-03-22 15:09:30,2019-03-22,5,0.0,6302,6302,1,1,629.0,30.0,1.0,,Kananga,Plateau,LUNTU,51.0,,3.0,,1.0,1.0,4.0,DIMBELENGE,14.0,,15000.0,43000.0,2.0,3.0,6.0,1.0,1.0,1.0,1.0,1.0,1.0,1.0,1.0,43000.0,15000.0,0.0,0.0,1.0,0.0,0.0,0.0,0.0,,,,,,,,,,,,,,,,,,,,,,,,,,,,,,,,,,,,,,,,,,,,,,,,,,,,,,,,,,,,,,,,,,,,,,,,,,,,,,,,,,,8,5,3,1,1,1000.0,5000.0,,,0.0,0.0,0.0,,,,,,,,,,,,,,0.0,0.0,0.0,0.0,,,,,,,,,,,,,,,,,,,,,,,,,,,,,,,,,,,,,,,3,3,3.0,3.0,3.0,3.0,3.0,3.0,3.0,3.0,3.0,4.0,2,3,2,0,0.0,0,1,4,1,2,4,1,2,1.0,2.0,3.0,4.0,1.0,3.0,3.0,3.0,3.0,3.0,1.0,1,,1,1.0,1.0,1.0,1.0,2,4.0,1,1,2.0,800,200,,,.,OK,1,1,1,,,,uuid:6e4352d2-8983-40d0-b83f-6ae904d269f2,uuid:6e4352d2-8983-40d0-b83f-6ae904d269f2,,,,0.0,6302.0,,A,0,1.0,1.0,1.0,0.0,1.0,0.0,28 Jan 2021,22308.0,1100,1900,,,,,
2019-03-26 10:43:18,2019-03-26 11:35:00,2019-03-26,5,0.0,54445,54445,0,2,544.0,25.0,0.0,1992.0,Kananga,Tshinsambi,LUNTU,51.0,,3.0,,3.0,0.0,4.0,DIMBELENGE,25.0,,40000.0,50000.0,4.0,3.0,5.0,1.0,1.0,0.0,1.0,1.0,1.0,1.0,1.0,50000.0,40000.0,0.0,0.0,1.0,0.0,0.0,0.0,0.0,,,,,,,,,,,,,,,,,,,,,,,,,,,,,,,,,,,,,,,,,,,,,,,,,,,,,,,,,,,,,,,,,,,,,,,,,,,,,,,,,,,3,2,1,1,1,1500.0,1500.0,,,0.0,0.0,0.0,,,,,,,,,,,,,,0.0,0.0,0.0,0.0,,,,,,,,,,,,,,,,,,,,,,,,,,,,,,,,,,,,,,,5,3,0.0,3.0,3.0,0.0,0.0,0.0,0.0,0.0,3.0,1.0,3,3,1,0,0.0,0,1,2,2,2,2,2,2,2.0,4.0,1.0,3.0,1.0,1.0,1.0,1.0,1.0,1.0,1.0,1,,4,4.0,1.0,4.0,4.0,1,4.0,1,2,1.0,400,600,,,.,OK,1,1,1,,,,uuid:6fea8372-a12a-4f5c-8e00-3f00753e8446,uuid:6fea8372-a12a-4f5c-8e00-3f00753e8446,,,,0.0,54445.0,,A,0,1.0,1.0,1.0,0.0,1.0,0.0,28 Jan 2021,22308.0,1500,1500,,,,,
2019-04-02 13:04:01,2019-04-02 14:04:15,2019-04-02,5,1.0,10386,10386,1,1,103.0,,,,,,,,,,,,,,,,,,,,,,,,,,,,,,,,,,,,,,,,,,,,,,,,,,,,,,,,,,,,,,,,,,,,,,,,,,,,,,,,,,,,,,,,,,,,,,,,,,,,,,,,,,,,,,,,,,,,,,,,,3,2,1,0,1,1500.0,2000.0,,,0.0,0.0,0.0,,,,,,,,,,0.0,0.0,0.0,0.0,0.0,0.0,0.0,0.0,,,,,,,,,,,,,,,,,,,,,,,,,,,,,,,,,,,,,,,5,3,1.0,1.0,3.0,1.0,3.0,0.0,3.0,0.0,3.0,1.0,3,3,2,-1,0.0,0,2,2,3,3,3,3,2,2.0,1.0,4.0,3.0,2.0,2.0,1.0,1.0,3.0,1.0,2.0,1,,2,1.0,2.0,2.0,2.0,2,4.0,1,2,1.0,800,200,,,.,OK,1,1,1,,,,uuid:70b4ed4e-3a2b-48af-8c88-94fafb5c7898,uuid:70b4ed4e-3a2b-48af-8c88-94fafb5c7898,,,,0.0,10386.0,,A,0,1.0,0.0,1.0,0.0,1.0,0.0,28 Jan 2021,22308.0,1500,1500,,,,,
2019-04-11 11:17:00,2019-04-11 12:33:44,2019-04-11,3,1.0,670101,670101,0,2,670.0,,,,,,,,,,,,,,,,,,,,,,,,,,,,,,,,,,,,,,,0.0,1.0,3.0,3.0,3.0,3.0,1.0,3.0,3.0,2.0,1.0,3.0,3.0,4.0,3.0,5.0,4.0,2.0,1.0,1.0,1.0,1.0,2000.0,,,1000.0,,,,2.0,4.0,4.0,2.0,2.0,2.0,2.0,2.0,2.0,4.0,2.0,4.0,2.0,3.0,3.0,1.0,3.0,1.0,1.0,0.0,1.0,1.0,0.0,1.0,2.0,1.0,4.0,2.0,0.0,0.0,0.0,0.0,0.0,0.0,1.0,3.0,3.0,3.0,2.0,1.0,1.0,2.0,1.0,2.0,1.0,2.0,0.0,3.0,0.0,0.0,0.0,0.0,0.0,8,7,5,4,1,1500.0,8000.0,,,0.0,0.0,0.0,,,,,,,,,,0.0,0.0,0.0,0.0,0.0,0.0,0.0,0.0,,,,,-2.0,1.0,1.0,,,,,,,,,,,,,,,,,,,,10.0,9.0,4.0,,4.0,,4.0,,4.0,,0.0,0.0,4,3,2.0,2.0,2.0,2.0,2.0,2.0,2.0,2.0,3.0,1.0,3,3,2,0,0.0,0,2,2,4,2,2,2,2,1.0,2.0,3.0,4.0,1.0,3.0,1.0,1.0,7.0,1.0,1.0,0,4.0,4,1.0,3.0,3.0,1.0,1,4.0,2,2,1.0,500,500,4.0,2.0,.,OK,1,1,1,1.0,1.0,1.0,uuid:71319353-6733-493b-8a11-8e99cef37317,uuid:71319353-6733-493b-8a11-8e99cef37317,,,,0.0,670101.0,,A,0,1.0,0.0,1.0,0.0,1.0,0.0,28 Jan 2021,22308.0,1100,1900,,,,,
2019-04-03 13:13:28,2019-04-03 14:11:51,2019-04-03,2,1.0,57688,57688,1,1,576.0,,,,,,,,,,,,,,,,,,,,,,,,,,,,,,,,,,,,,,,1.0,3.0,3.0,2.0,4.0,2.0,2.0,3.0,3.0,3.0,4.0,3.0,4.0,3.0,3.0,2.0,2.0,2.0,1.0,1.0,2.0,2.0,2000.0,,,,,,2000.0,2.0,4.0,4.0,2.0,4.0,2.0,2.0,4.0,2.0,4.0,2.0,2.0,2.0,4.0,4.0,5.0,4.0,1.0,1.0,2.0,2.0,2.0,1.0,2.0,2.0,1.0,4.0,0.0,1.0,0.0,1.0,1.0,0.0,0.0,0.0,4.0,3.0,4.0,4.0,2.0,2.0,2.0,2.0,2.0,2.0,2.0,2.0,2.0,-1.0,-1.0,0.0,-1.0,2.0,7,4,2,0,1,2500.0,1500.0,,,0.0,0.0,0.0,,,1.0,1.0,0.0,1.0,0.0,,1.0,1.0,0.0,0.0,0.0,1.0,0.0,0.0,0.0,,,1.0,2.0,2.0,2.0,2.0,,,,,,,,0.0,,,,,,1.0,,,,,,8.0,10.0,5.0,,3.0,,4.0,,5.0,,,,5,5,0.0,3.0,0.0,0.0,0.0,0.0,0.0,0.0,1.0,5.0,2,1,2,-1,-1.0,-1,1,4,4,4,4,2,4,4.0,3.0,2.0,1.0,3.0,3.0,3.0,6.0,3.0,2.0,2.0,1,,1,2.0,1.0,1.0,1.0,1,4.0,2,2,1.0,200,800,4.0,2.0,.,OK,1,1,1,1.0,1.0,1.0,uuid:714e7f42-b8b8-41bd-a1ba-359ce9b215d4,uuid:714e7f42-b8b8-41bd-a1ba-359ce9b215d4,,,,0.0,57688.0,,C,0,1.0,0.0,1.0,0.0,1.0,0.0,28 Jan 2021,22308.0,1000,2000,,,,,
2019-03-27 14:58:10,2019-03-27 15:43:28,2019-03-27,4,1.0,20798,20798,0,1,207.0,,,,,,,,,,,,,,,,,,,,,,,,,,,,,,,,,,,,,,,,,,,,,,,,,,,,,,,,,,,,,,,,,,,,,,,,,,,,,,,,,,,,,,,,,,,,,,,,,,,,,,,,,,,,,,,,,,,,,,,,,7,5,3,2,1,1500.0,5000.0,,,0.0,0.0,0.0,,,,,,,,,,0.0,0.0,0.0,0.0,0.0,0.0,0.0,0.0,,,,,,,,,,,,,,,,,,,,,,,,,,,,,,,,,,,,,,,5,3,1.0,0.0,1.0,0.0,2.0,1.0,2.0,0.0,1.0,3.0,3,1,2,0,0.0,0,2,4,2,2,2,4,4,3.0,4.0,1.0,2.0,1.0,1.0,1.0,1.0,2.0,1.0,1.0,1,,1,1.0,2.0,2.0,1.0,1,7.0,3,3,2.0,900,100,,,.,OK,1,1,1,,,,uuid:7239c508-0570-4aa0-8436-ded53e74bb43,uuid:7239c508-0570-4aa0-8436-ded53e74bb43,,,,0.0,20798.0,,C,0,1.0,0.0,1.0,0.0,1.0,0.0,28 Jan 2021,22308.0,1000,2000,,,,,
2019-03-21 14:52:08,2019-03-21 16:19:54,2019-03-21,3,1.0,5146,5146,1,2,514.0,,,,,,,,,,,,,,,,,,,,,,,,,,,,,,,,,,,,,,,1.0,5.0,4.0,3.0,3.0,5.0,3.0,3.0,3.0,3.0,4.0,3.0,4.0,5.0,3.0,4.0,2.0,4.0,1.0,2.0,1.0,1.0,,2500.0,,,,,,2.0,5.0,5.0,2.0,2.0,1.0,2.0,4.0,1.0,4.0,2.0,4.0,1.0,3.0,4.0,5.0,4.0,1.0,4.0,2.0,2.0,1.0,2.0,1.0,2.0,1.0,5.0,2.0,0.0,0.0,0.0,0.0,0.0,0.0,1.0,3.0,3.0,4.0,4.0,1.0,2.0,1.0,2.0,2.0,1.0,0.0,0.0,4.0,0.0,0.0,0.0,0.0,0.0,9,6,3,1,1,2000.0,8000.0,,,0.0,0.0,0.0,,,,,,,,,,,,,,0.0,0.0,0.0,0.0,,,,,0.0,2.0,0.0,,,,,,,,,,,,,,,,,,,,8.0,9.0,5.0,,5.0,,5.0,,5.0,,,,3,3,3.0,3.0,2.0,3.0,3.0,2.0,2.0,3.0,1.0,2.0,3,3,2,0,0.0,0,1,2,4,2,2,2,2,1.0,4.0,3.0,2.0,1.0,1.0,2.0,1.0,1.0,1.0,1.0,1,,1,1.0,2.0,2.0,2.0,1,4.0,2,2,2.0,500,500,3.0,2.0,.,OK,1,1,1,1.0,0.0,1.0,uuid:72cdbd48-cea8-41a2-a4d9-f7532bb889c5,uuid:72cdbd48-cea8-41a2-a4d9-f7532bb889c5,,,,0.0,5146.0,,A,0,1.0,0.0,1.0,0.0,1.0,0.0,28 Jan 2021,22308.0,1400,1600, 3/21/2019,17:18:00,17:25:00,00:07:00,
2019-04-03 08:04:50,2019-04-03 09:15:04,2019-04-03,3,1.0,33089,33089,1,1,330.0,,,,,,,,,,,,,,,,,,,,,,,,,,,,,,,,,,,,,,,1.0,2.0,2.0,3.0,3.0,3.0,1.0,4.0,3.0,1.0,1.0,4.0,4.0,4.0,1.0,2.0,4.0,2.0,2.0,2.0,2.0,2.0,2000.0,,,,,1000.0,,2.0,4.0,2.0,1.0,1.0,1.0,2.0,2.0,1.0,4.0,2.0,5.0,1.0,4.0,1.0,1.0,1.0,1.0,4.0,1.0,1.0,2.0,1.0,2.0,2.0,2.0,6.0,2.0,0.0,0.0,0.0,0.0,1.0,1.0,0.0,3.0,0.0,3.0,3.0,2.0,2.0,2.0,2.0,2.0,2.0,2.0,-1.0,4.0,2.0,0.0,0.0,0.0,0.0,8,6,5,3,1,1500.0,2500.0,,,0.0,0.0,0.0,,,,,,,,,,0.0,0.0,0.0,0.0,0.0,0.0,0.0,0.0,,,,,2.0,2.0,2.0,,,,,,,,,,,,,,,,,,,,8.0,8.0,4.0,,4.0,,5.0,,4.0,,0.0,0.0,5,5,3.0,2.0,3.0,1.0,3.0,3.0,3.0,3.0,1.0,3.0,3,3,2,0,0.0,0,2,3,2,2,2,1,2,3.0,4.0,1.0,2.0,1.0,1.0,1.0,1.0,1.0,1.0,1.0,0,4.0,2,2.0,4.0,1.0,4.0,2,4.0,1,1,1.0,400,600,1.0,1.0,.,OK,1,1,1,1.0,1.0,1.0,uuid:72ec14aa-d87a-458e-9fd3-52c33cc4c96a,uuid:72ec14aa-d87a-458e-9fd3-52c33cc4c96a,,,,0.0,33089.0,,A,0,1.0,0.0,1.0,0.0,1.0,0.0,28 Jan 2021,22308.0,1300,1700,,,,,
2019-03-16 07:38:44,,2019-03-16,5,1.0,61349,61349,1,1,614.0,,,,.,.,.,,.,,,,,,.,,.,,,,,,,,,,,,,,,,0.0,0.0,0.0,0.0,0.0,0.0,0.0,,,,,,,,,,,,,,,,,,,,,,,,,,,,,,,,,,,,,,,,,,,,,,,,,,,,,,,,,,,,,,,,,,,,,,,,,,,,,,,,,,,10,5,5,5,1,1500.0,1500.0,,,0.0,0.0,0.0,,,,,,,,,,0.0,0.0,0.0,0.0,0.0,0.0,0.0,0.0,,,,,,,,,,,,,,,,,,,,,,,,,,,,,,.,,.,,.,,,,,3,3,3.0,3.0,3.0,3.0,3.0,3.0,3.0,3.0,1.0,2.0,2,3,1,0,0.0,0,2,2,2,2,2,3,1,2.0,1.0,4.0,3.0,1.0,2.0,1.0,1.0,1.0,1.0,1.0,0,4.0,2,1.0,2.0,1.0,1.0,1,7.0,1,1,2.0,1000,0,,,.,OK,1,1,1,,,,uuid:72f5a0df-db3c-4e01-9e3e-30733499efe9,uuid:72f5a0df-db3c-4e01-9e3e-30733499efe9,,,,0.0,61349.0,,A,0,1.0,0.0,1.0,0.0,1.0,0.0,28 Jan 2021,22308.0,1900,1100,,,,,
2019-04-08 13:18:33,2019-04-08 14:33:01,2019-04-08,3,0.0,21595,21595,1,1,215.0,32.0,1.0,,Lukonga,Lumumba 1,LULUWA,,Bakwa Mulamba,3.0,,2.0,1.0,4.0,DEMBA,4.0,,5000.0,30000.0,2.0,3.0,6.0,1.0,0.0,0.0,1.0,1.0,1.0,1.0,2.0,30000.0,5000.0,0.0,0.0,0.0,0.0,0.0,0.0,0.0,0.0,1.0,3.0,3.0,4.0,3.0,1.0,2.0,4.0,3.0,3.0,3.0,3.0,3.0,3.0,1.0,4.0,4.0,2.0,2.0,2.0,2.0,2000.0,,,,2000.0,,,2.0,4.0,4.0,2.0,2.0,2.0,2.0,2.0,2.0,4.0,2.0,2.0,2.0,3.0,3.0,2.0,3.0,3.0,2.0,0.0,1.0,1.0,0.0,1.0,2.0,1.0,6.0,2.0,1.0,0.0,0.0,1.0,1.0,0.0,0.0,4.0,3.0,4.0,0.0,2.0,2.0,1.0,1.0,1.0,1.0,0.0,0.0,4.0,0.0,0.0,0.0,0.0,0.0,10,8,6,4,1,1500.0,3000.0,,,0.0,0.0,0.0,,,,,,,,,,0.0,0.0,0.0,0.0,0.0,0.0,0.0,0.0,,,,,0.0,1.0,1.0,,,,,,,,,,,,,,,,,,,,7.0,7.0,4.0,,3.0,,3.0,,4.0,,0.0,0.0,3,3,2.0,2.0,2.0,1.0,2.0,2.0,2.0,2.0,1.0,5.0,3,3,2,-1,-1.0,-1,2,2,4,2,2,2,2,1.0,2.0,3.0,4.0,2.0,2.0,2.0,2.0,2.0,2.0,2.0,1,,1,1.0,1.0,1.0,1.0,2,4.0,2,2,2.0,500,500,4.0,2.0,.,OK,1,1,1,1.0,1.0,1.0,uuid:7519c37b-a510-4f19-a331-559079101dc1,uuid:7519c37b-a510-4f19-a331-559079101dc1,,,,0.0,21595.0,,A,0,1.0,1.0,1.0,0.0,1.0,0.0,28 Jan 2021,22308.0,1400,1600,,,,,
2019-03-21 12:07:51,2019-03-21 13:35:40,2019-03-21,2,,33732,33732,1,1,335.0,,,,,,,,,,,,,,,,,,,,,,,,,,,,,,,,,,,,,,,1.0,3.0,3.0,5.0,4.0,3.0,3.0,3.0,3.0,3.0,3.0,1.0,3.0,3.0,3.0,5.0,1.0,2.0,1.0,2.0,1.0,2.0,2000.0,,,,,,,2.0,4.0,4.0,2.0,2.0,2.0,2.0,4.0,2.0,4.0,2.0,2.0,2.0,1.0,3.0,6.0,1.0,3.0,4.0,2.0,2.0,2.0,0.0,0.0,2.0,2.0,9.0,1.0,0.0,0.0,0.0,0.0,0.0,0.0,1.0,4.0,4.0,3.0,2.0,2.0,2.0,2.0,2.0,2.0,2.0,1.0,0.0,3.0,0.0,0.0,0.0,1.0,0.0,5,3,0,0,1,3000.0,1500.0,,,0.0,0.0,0.0,,,0.0,,,,,,,,,,,0.0,0.0,0.0,0.0,,,0.0,,0.0,1.0,1.0,,,,,,,,0.0,,,,,,0.0,,,,,,8.0,9.0,,Il ne sait pas,,Il ne sait pas,,Il ne sait pas,5.0,,,,3,3,1.0,3.0,3.0,0.0,3.0,3.0,2.0,1.0,3.0,1.0,3,3,1,0,0.0,0,2,2,2,2,2,2,4,2.0,4.0,1.0,3.0,3.0,3.0,2.0,6.0,8.0,1.0,1.0,0,4.0,1,2.0,2.0,1.0,2.0,1,7.0,3,2,1.0,600,999,2.0,2.0,.,OK,1,1,1,0.0,,0.0,uuid:76234942-87c7-4a23-bf01-a94deee55bdc,uuid:76234942-87c7-4a23-bf01-a94deee55bdc,,,,1.0,33732.0,,C,0,1.0,0.0,1.0,0.0,1.0,0.0,28 Jan 2021,22308.0,1000,2000,,,,,
2019-03-20 14:27:02,2019-03-20 15:35:46,2019-03-20,3,1.0,36589,36589,1,1,365.0,,,,,,,,,,,,,,,,,,,,,,,,,,,,,,,,,,,,,,,1.0,3.0,3.0,3.0,3.0,3.0,2.0,3.0,4.0,1.0,1.0,1.0,3.0,4.0,3.0,4.0,5.0,4.0,1.0,1.0,1.0,1.0,,2500.0,,,,,,2.0,5.0,4.0,2.0,1.0,2.0,3.0,2.0,2.0,4.0,1.0,3.0,2.0,4.0,4.0,1.0,1.0,1.0,4.0,1.0,0.0,2.0,1.0,2.0,2.0,2.0,4.0,2.0,0.0,0.0,1.0,0.0,1.0,0.0,0.0,4.0,2.0,4.0,4.0,2.0,2.0,2.0,2.0,2.0,2.0,0.0,0.0,4.0,0.0,0.0,0.0,0.0,0.0,7,5,3,1,1,1000.0,3000.0,,,0.0,0.0,0.0,,,,,,,,,,,,,,0.0,0.0,0.0,0.0,,,,,2.0,-1.0,0.0,,,,,,,,,,,,,,,,,,,,6.0,3.0,4.0,,4.0,,4.0,,5.0,,,,5,5,3.0,3.0,3.0,2.0,2.0,2.0,2.0,2.0,1.0,3.0,3,3,2,0,0.0,0,2,3,2,1,1,2,2,1.0,2.0,3.0,4.0,1.0,1.0,1.0,1.0,1.0,1.0,1.0,1,,3,1.0,1.0,1.0,3.0,1,5.0,1,1,2.0,700,300,1.0,1.0,.,OK,1,1,1,1.0,1.0,1.0,uuid:76ca1f75-d3cd-47d5-b299-11ebe71d0667,uuid:76ca1f75-d3cd-47d5-b299-11ebe71d0667,,,,0.0,36589.0,,A,0,1.0,0.0,1.0,0.0,1.0,0.0,28 Jan 2021,22308.0,1800,1200, 3/20/2019,16:32:00,18:16:59,01:45:00,
2020-02-13 12:04:17,2020-02-13 13:18:21,2020-02-13,1,1.0,55,55,1,1,,,,,.,.,.,,.,,,,,,.,,.,,,,,,,,,,,,,,,,0.0,0.0,0.0,0.0,0.0,0.0,0.0,1.0,5.0,5.0,4.0,5.0,5.0,1.0,4.0,5.0,5.0,2.0,4.0,3.0,5.0,5.0,4.0,5.0,2.0,1.0,2.0,1.0,2.0,2000.0,,,,2000.0,,,1.0,5.0,5.0,1.0,1.0,1.0,1.0,1.0,1.0,5.0,1.0,2.0,1.0,4.0,4.0,4.0,4.0,1.0,4.0,1.0,1.0,2.0,0.0,2.0,2.0,2.0,8.0,2.0,1.0,1.0,1.0,1.0,1.0,1.0,0.0,4.0,4.0,4.0,4.0,2.0,2.0,2.0,2.0,2.0,2.0,0.0,0.0,4.0,1.0,0.0,0.0,0.0,0.0,10,8,7,5,1,1500.0,2500.0,2.0,1.0,0.0,1.0,0.0,1.0,5.0,,0.0,0.0,0.0,0.0,,,0.0,0.0,0.0,0.0,0.0,0.0,0.0,0.0,,,,,0.0,0.0,-2.0,0.0,,,,,,1.0,,,,,,,,1.0,2.0,,3.0,,7.0,10.0,4.0,.,3.0,.,4.0,.,5.0,,,,3,3,1.0,3.0,1.0,1.0,1.0,1.0,1.0,1.0,3.0,1.0,3,3,2,0,0.0,0,1,2,2,2,2,1,1,4.0,3.0,1.0,2.0,1.0,2.0,2.0,2.0,1.0,1.0,1.0,1,,3,2.0,3.0,2.0,1.0,2,4.0,1,1,1.0,500,500,1.0,1.0,.,OK,1,1,1,1.0,1.0,1.0,uuid:776bbdce-aebb-46c4-8bba-0be7a1cc6b7b,uuid:776bbdce-aebb-46c4-8bba-0be7a1cc6b7b,,,,0.0,,55.0,,0,1.0,0.0,0.0,0.0,1.0,0.0,28 Jan 2021,22308.0,600,2400, 2/13/2020,13:15:00,13:27:00,00:12:00,
2019-03-26 10:50:30,2019-03-26 11:27:05,2019-03-15,1,,52,52,1,1,,,,,.,.,.,,.,,,,,,.,,.,,,,,,,,,,,,,,,,0.0,0.0,0.0,0.0,0.0,0.0,0.0,0.0,2.0,2.0,4.0,5.0,5.0,2.0,2.0,4.0,2.0,2.0,4.0,3.0,4.0,4.0,4.0,4.0,4.0,1.0,1.0,1.0,1.0,,,3000.0,,,,,2.0,4.0,4.0,2.0,1.0,1.0,1.0,1.0,2.0,5.0,3.0,5.0,2.0,3.0,3.0,3.0,1.0,1.0,4.0,2.0,1.0,1.0,2.0,2.0,2.0,2.0,5.0,1.0,0.0,0.0,0.0,1.0,0.0,0.0,0.0,4.0,4.0,4.0,4.0,2.0,1.0,2.0,2.0,2.0,2.0,1.0,0.0,4.0,0.0,0.0,0.0,0.0,0.0,8,7,6,5,1,3000.0,13000.0,2.0,1.0,0.0,1.0,0.0,1.0,5.0,,0.0,0.0,0.0,0.0,,,0.0,0.0,0.0,0.0,0.0,0.0,0.0,0.0,,,,,-1.0,-1.0,-1.0,1.0,1.0,1.0,1.0,2.0,1.0,,,,,,,,,2.0,2.0,,3.0,,8.0,8.0,4.0,.,3.0,.,3.0,.,5.0,,,,5,4,1.0,2.0,2.0,2.0,2.0,2.0,2.0,2.0,1.0,3.0,3,3,2,0,0.0,0,1,2,2,2,2,2,2,1.0,,,,4.0,3.0,2.0,1.0,2.0,8.0,1.0,1,,1,1.0,1.0,3.0,1.0,4,1.0,2,2,1.0,800,200,1.0,1.0,.,,1,1,1,1.0,1.0,1.0,uuid:777ec0c8-8952-4185-b4f9-05382047b0ac,uuid:777ec0c8-8952-4185-b4f9-05382047b0ac,,,,1.0,,52.0,,0,1.0,0.0,0.0,0.0,1.0,0.0,28 Jan 2021,22308.0,1800,1200, 3/14/2019,16:23:00,16:53:00,00:30:00,
2019-03-19 16:55:07,2019-03-19 18:39:19,2019-03-19,3,1.0,33732,33732,1,1,334.0,,,,,,,,,,,,,,,,,,,,,,,,,,,,,,,,,,,,,,,0.0,3.0,3.0,5.0,5.0,4.0,3.0,3.0,4.0,3.0,2.0,3.0,5.0,5.0,2.0,2.0,4.0,2.0,1.0,1.0,1.0,1.0,2000.0,,,1000.0,,,,2.0,4.0,4.0,4.0,2.0,2.0,2.0,2.0,2.0,4.0,2.0,4.0,2.0,4.0,1.0,4.0,1.0,1.0,1.0,1.0,1.0,2.0,2.0,2.0,2.0,2.0,5.0,2.0,0.0,0.0,0.0,0.0,1.0,1.0,0.0,4.0,1.0,4.0,4.0,2.0,2.0,2.0,2.0,2.0,2.0,-2.0,2.0,5.0,-1.0,0.0,0.0,0.0,0.0,8,7,5,4,1,8000.0,3000.0,,,0.0,0.0,0.0,,,,,,,,,,,,,,0.0,0.0,0.0,0.0,,,,,0.0,2.0,-1.0,,,,,,,,,,,,,,,,,,,,7.0,10.0,4.0,,3.0,,5.0,,5.0,,,,4,4,3.0,1.0,3.0,3.0,3.0,3.0,3.0,3.0,3.0,4.0,3,3,2,0,0.0,0,1,1,1,1,1,1,1,3.0,4.0,1.0,2.0,8.0,2.0,2.0,2.0,2.0,2.0,2.0,1,,1,2.0,2.0,2.0,1.0,1,4.0,1,1,1.0,400,600,1.0,1.0,.,OK,1,1,1,1.0,1.0,1.0,uuid:77b1745b-1224-4435-a14d-c11bf687cba3,uuid:77b1745b-1224-4435-a14d-c11bf687cba3,,,,1.0,33732.0,,A,1,1.0,0.0,1.0,0.0,1.0,0.0,28 Jan 2021,22308.0,1400,1600, 3/19/2019,18:10:00,18:13:00,00:03:00,
2019-04-04 16:38:21,2019-04-04 17:41:03,2019-04-04,2,1.0,50346,50346,1,1,503.0,,,,,,,,,,,,,,,,,,,,,,,,,,,,,,,,,,,,,,,1.0,1.0,3.0,3.0,3.0,3.0,1.0,3.0,3.0,3.0,3.0,3.0,3.0,3.0,3.0,2.0,4.0,4.0,1.0,1.0,2.0,1.0,,,3000.0,,,,,2.0,4.0,4.0,4.0,4.0,2.0,2.0,2.0,2.0,4.0,2.0,4.0,2.0,1.0,4.0,6.0,2.0,1.0,1.0,2.0,2.0,1.0,0.0,1.0,2.0,1.0,6.0,2.0,1.0,0.0,0.0,1.0,1.0,1.0,0.0,4.0,4.0,4.0,4.0,1.0,1.0,1.0,2.0,2.0,2.0,0.0,0.0,4.0,1.0,0.0,0.0,0.0,0.0,10,8,5,2,1,1500.0,2000.0,,,0.0,0.0,0.0,,,1.0,0.0,1.0,0.0,0.0,,1.0,1.0,0.0,0.0,0.0,1.0,0.0,0.0,0.0,,,1.0,10.0,2.0,2.0,2.0,,,,,,,,0.0,,,,,,0.0,,,,,,6.0,1.0,4.0,,3.0,,5.0,,4.0,,0.0,0.0,4,3,1.0,1.0,3.0,0.0,0.0,0.0,0.0,2.0,3.0,1.0,2,3,2,0,0.0,0,2,2,2,2,2,4,2,3.0,4.0,2.0,1.0,2.0,2.0,2.0,2.0,2.0,2.0,2.0,1,,1,1.0,1.0,1.0,1.0,1,4.0,1,1,1.0,900,100,4.0,4.0,.,OK,1,1,1,0.0,,1.0,uuid:77baff5f-34c7-4f73-b4cd-21f598e394d6,uuid:77baff5f-34c7-4f73-b4cd-21f598e394d6,,,,0.0,50346.0,,C,0,1.0,0.0,1.0,0.0,1.0,0.0,28 Jan 2021,22308.0,1700,1300,,,,,
2019-04-05 09:08:46,2019-04-05 09:41:28,2019-04-05,4,1.0,32188,32188,1,1,321.0,,,,,,,,,,,,,,,,,,,,,,,,,,,,,,,,,,,,,,,,,,,,,,,,,,,,,,,,,,,,,,,,,,,,,,,,,,,,,,,,,,,,,,,,,,,,,,,,,,,,,,,,,,,,,,,,,,,,,,,,,7,5,4,3,1,1500.0,2000.0,,,0.0,0.0,0.0,,,,,,,,,,0.0,0.0,0.0,0.0,0.0,0.0,0.0,0.0,,,,,,,,,,,,,,,,,,,,,,,,,,,,,,,,,,,,,,,4,3,2.0,2.0,2.0,2.0,2.0,2.0,2.0,2.0,3.0,1.0,3,3,2,0,0.0,0,1,2,4,2,2,2,2,1.0,2.0,3.0,4.0,1.0,1.0,1.0,2.0,5.0,1.0,1.0,0,4.0,1,1.0,2.0,2.0,1.0,2,4.0,1,2,1.0,700,300,,,.,OK,1,1,1,,,,uuid:77f20593-879f-4afe-83bf-0ea6a087079c,uuid:77f20593-879f-4afe-83bf-0ea6a087079c,,,,0.0,32188.0,,C,0,1.0,0.0,1.0,0.0,1.0,0.0,28 Jan 2021,22308.0,1300,1700,,,,,
2019-03-29 07:05:08,2019-03-29 07:29:06,2019-03-29,5,1.0,36047,36047,1,1,360.0,,,,,,,,,,,,,,,,,,,,,,,,,,,,,,,,,,,,,,,,,,,,,,,,,,,,,,,,,,,,,,,,,,,,,,,,,,,,,,,,,,,,,,,,,,,,,,,,,,,,,,,,,,,,,,,,,,,,,,,,,4,2,2,1,1,1000.0,2500.0,,,0.0,0.0,0.0,,,,,,,,,,0.0,0.0,0.0,0.0,0.0,0.0,0.0,0.0,,,,,,,,,,,,,,,,,,,,,,,,,,,,,,,,,,,,,,,3,3,3.0,3.0,3.0,1.0,3.0,3.0,3.0,3.0,3.0,1.0,3,3,1,0,0.0,0,1,1,1,1,1,1,1,4.0,3.0,1.0,2.0,2.0,3.0,2.0,1.0,3.0,3.0,1.0,1,,1,1.0,1.0,1.0,1.0,4,1.0,1,1,1.0,900,100,,,.,OK,1,1,1,,,,uuid:77f5c5f6-9d37-4b57-b3a4-edee3fea58d4,uuid:77f5c5f6-9d37-4b57-b3a4-edee3fea58d4,,,,0.0,36047.0,,A,0,1.0,0.0,1.0,0.0,1.0,0.0,28 Jan 2021,22308.0,500,2500,,,,,
2019-03-15 09:21:24,2019-03-15 11:12:05,2019-03-15,1,,6,6,1,1,,,,,,,,,.,,,,,,,,.,,,,,,,,,,,,,,,,,,,,,,,0.0,3.0,4.0,3.0,4.0,4.0,3.0,4.0,4.0,3.0,1.0,5.0,3.0,5.0,5.0,4.0,4.0,4.0,1.0,2.0,2.0,1.0,2000.0,,,,2000.0,,,1.0,5.0,5.0,2.0,1.0,2.0,1.0,2.0,1.0,5.0,1.0,5.0,1.0,1.0,1.0,1.0,1.0,1.0,4.0,2.0,2.0,2.0,0.0,2.0,2.0,2.0,3.0,2.0,1.0,0.0,0.0,0.0,0.0,1.0,0.0,4.0,4.0,3.0,3.0,2.0,1.0,2.0,1.0,1.0,2.0,0.0,0.0,4.0,,0.0,0.0,,0.0,9,8,7,7,1,,,2.0,1.0,0.0,1.0,0.0,1.0,1.0,,,,,,,,0.0,0.0,0.0,0.0,,,,,,,,,0.0,1.0,0.0,1.0,3.0,3.0,3.0,3.0,4.0,,,,,,,,,1.0,4.0,,5.0,,12.0,10.0,4.0,,5.0,,5.0,,5.0,,,,3,3,,,,,,,,,,,3,3,1,0,0.0,0,1,2,1,1,1,2,2,,,,,2.0,3.0,3.0,2.0,3.0,2.0,1.0,1,,2,1.0,1.0,1.0,1.0,4,3.0,1,1,1.0,900,100,1.0,1.0,,,1,1,1,1.0,1.0,1.0,uuid:77f9f8b2-e0f0-4abf-b1e3-a67382d78717,uuid:77f9f8b2-e0f0-4abf-b1e3-a67382d78717,,,,0.0,,6.0,,0,1.0,0.0,0.0,0.0,1.0,0.0,28 Jan 2021,22308.0,100,2900, 3/15/2019,12:12:00,12:23:00,00:11:00,
2019-03-29 09:29:35,2019-03-29 10:20:05,2019-03-29,5,0.0,35285,35285,0,1,352.0,60.0,0.0,1976.0,Katoka,Mpokolo,BINDI,,,2.0,,3.0,1.0,4.0,KAZUMBA,9.0,,6000.0,180000.0,3.0,3.0,6.0,1.0,1.0,0.0,1.0,1.0,1.0,1.0,1.0,180000.0,6000.0,0.0,0.0,1.0,0.0,0.0,0.0,0.0,,,,,,,,,,,,,,,,,,,,,,,,,,,,,,,,,,,,,,,,,,,,,,,,,,,,,,,,,,,,,,,,,,,,,,,,,,,,,,,,,,,8,7,5,4,1,2000.0,1500.0,,,0.0,0.0,0.0,,,,,,,,,,0.0,0.0,0.0,0.0,0.0,0.0,0.0,0.0,,,,,,,,,,,,,,,,,,,,,,,,,,,,,,,,,,,,,,,5,5,0.0,3.0,3.0,0.0,2.0,1.0,0.0,2.0,3.0,1.0,3,3,1,0,0.0,0,2,2,2,2,2,2,2,2.0,4.0,1.0,3.0,3.0,3.0,3.0,3.0,3.0,3.0,3.0,0,4.0,1,2.0,1.0,1.0,1.0,2,4.0,1,2,1.0,1000,0,,,.,OK,1,0,1,,,,uuid:78c0ed94-3626-40c5-8830-bf2d6eed6099,uuid:78c0ed94-3626-40c5-8830-bf2d6eed6099,,,,0.0,35285.0,,A,0,1.0,1.0,1.0,0.0,1.0,0.0,28 Jan 2021,22308.0,2600,400,,,,,
2019-03-27 12:27:21,2019-03-27 12:55:09,2019-03-27,1,,63,63,1,1,,,,,.,.,.,,.,,,,,,.,,.,,,,,,,,,,,,,,,,0.0,0.0,0.0,0.0,0.0,0.0,0.0,0.0,3.0,5.0,5.0,5.0,3.0,2.0,5.0,4.0,3.0,4.0,3.0,3.0,3.0,3.0,4.0,4.0,1.0,1.0,1.0,1.0,1.0,2000.0,,,1000.0,,,,1.0,4.0,4.0,1.0,4.0,1.0,5.0,4.0,2.0,4.0,1.0,5.0,2.0,3.0,4.0,1.0,4.0,4.0,4.0,2.0,1.0,1.0,2.0,1.0,1.0,1.0,4.0,2.0,0.0,0.0,0.0,0.0,1.0,1.0,0.0,4.0,3.0,3.0,4.0,2.0,1.0,1.0,2.0,2.0,1.0,1.0,0.0,3.0,0.0,0.0,0.0,0.0,0.0,10,3,2,1,1,2500.0,6500.0,1.0,1.0,0.0,1.0,0.0,1.0,3.0,,0.0,0.0,0.0,0.0,,,0.0,0.0,0.0,0.0,0.0,0.0,0.0,0.0,,,,,-2.0,-2.0,-2.0,1.0,1.0,1.0,2.0,1.0,1.0,,,,,,,,,3.0,4.0,,2.0,,8.0,1.0,4.0,.,5.0,.,4.0,.,2.0,,1.0,0.0,1,1,3.0,3.0,1.0,3.0,3.0,3.0,1.0,3.0,5.0,1.0,3,1,1,0,2.0,0,1,3,1,2,3,2,2,,2.0,,,1.0,1.0,1.0,1.0,3.0,8.0,2.0,0,1.0,1,1.0,4.0,1.0,1.0,4,1.0,2,2,1.0,500,500,1.0,1.0,.,,1,1,1,1.0,1.0,1.0,uuid:797ca3f5-3a93-496d-ab01-d8c58dfb4249,uuid:797ca3f5-3a93-496d-ab01-d8c58dfb4249,,,,0.0,,63.0,,0,1.0,0.0,0.0,0.0,1.0,0.0,28 Jan 2021,22308.0,1100,1900, 3/14/2019,12:32:00,12:38:00,00:06:00,
2019-03-18 14:15:34,2019-03-18 15:53:12,2019-03-18,2,,52247,52247,1,1,520.0,,,,,,,,,,,,,,,,.,,,,,,,,,,,,,,,,,,,,,,,1.0,1.0,3.0,4.0,5.0,3.0,1.0,2.0,3.0,4.0,5.0,4.0,4.0,5.0,5.0,2.0,1.0,4.0,2.0,1.0,2.0,2.0,2000.0,,,1000.0,,,,2.0,4.0,4.0,4.0,4.0,2.0,2.0,4.0,2.0,5.0,1.0,4.0,2.0,3.0,3.0,5.0,3.0,3.0,4.0,1.0,0.0,2.0,0.0,2.0,2.0,1.0,6.0,1.0,0.0,0.0,0.0,0.0,0.0,0.0,1.0,4.0,0.0,3.0,3.0,2.0,2.0,2.0,2.0,2.0,2.0,2.0,0.0,3.0,0.0,0.0,0.0,0.0,0.0,10,8,7,6,1,8500.0,4500.0,,,,,,,,0.0,,,,,,,0.0,0.0,0.0,0.0,0.0,0.0,0.0,0.0,,,1.0,1.0,-1.0,1.0,-1.0,,,,,,,,1.0,1.0,1.0,0.0,2.0,4.0,,,,,,,9.0,10.0,4.0,.,2.0,,,Il ne sait pas,4.0,,0.0,0.0,3,4,3.0,0.0,2.0,2.0,1.0,1.0,1.0,1.0,3.0,1.0,3,3,2,0,0.0,0,1,3,4,1,1,1,1,4.0,3.0,1.0,2.0,1.0,1.0,1.0,1.0,1.0,1.0,1.0,1,,4,1.0,1.0,1.0,3.0,1,4.0,1,1,2.0,888,888,1.0,1.0,.,OK,0,1,1,0.0,,0.0,uuid:7989d090-a90e-43d6-adb5-37b0ce37a6db,uuid:7989d090-a90e-43d6-adb5-37b0ce37a6db,,,,0.0,52247.0,,C,0,1.0,0.0,1.0,0.0,1.0,0.0,28 Jan 2021,22308.0,1200,1800,,,,,
2019-04-08 14:39:16,2019-04-08 15:14:53,2019-04-08,4,1.0,35396,35396,1,1,353.0,,,,,,,,,,,,,,,,,,,,,,,,,,,,,,,,,,,,,,,,,,,,,,,,,,,,,,,,,,,,,,,,,,,,,,,,,,,,,,,,,,,,,,,,,,,,,,,,,,,,,,,,,,,,,,,,,,,,,,,,,5,4,3,2,1,1500.0,5000.0,,,0.0,0.0,0.0,,,,,,,,,,0.0,0.0,0.0,0.0,0.0,0.0,0.0,0.0,,,,,,,,,,,,,,,,,,,,,,,,,,,,,,,,,,,,,,,5,4,1.0,2.0,2.0,1.0,2.0,2.0,2.0,2.0,1.0,3.0,3,2,2,0,0.0,0,2,2,3,3,2,2,2,3.0,4.0,2.0,1.0,2.0,2.0,2.0,2.0,5.0,4.0,6.0,0,1.0,1,1.0,1.0,1.0,1.0,4,4.0,1,1,2.0,300,700,,,.,OK,1,1,1,,,,uuid:79a788b5-52d1-4744-b465-88993829c1af,uuid:79a788b5-52d1-4744-b465-88993829c1af,,,,0.0,35396.0,,C,0,1.0,0.0,1.0,0.0,1.0,0.0,28 Jan 2021,22308.0,1500,1500,,,,,
2019-03-23 09:09:56,2019-03-23 10:04:21,2019-03-23,4,0.0,11686,11686,1,1,116.0,61.0,0.0,1960.0,Lukonga,Kamabondo,LULUWA,48.0,,2.0,,3.0,1.0,4.0,DEMBA,17.0,,10000.0,150000.0,4.0,3.0,6.0,1.0,1.0,1.0,1.0,1.0,1.0,2.0,2.0,150000.0,10000.0,1.0,0.0,1.0,0.0,0.0,0.0,0.0,,,,,,,,,,,,,,,,,,,,,,,,,,,,,,,,,,,,,,,,,,,,,,,,,,,,,,,,,,,,,,,,,,,,,,,,,,,,,,,,,,,10,4,2,0,1,1500.0,1500.0,,,0.0,0.0,0.0,,,,,,,,,,,,,,0.0,0.0,0.0,0.0,,,,,,,,,,,,,,,,,,,,,,,,,,,,,,,,,,,,,,,5,3,2.0,2.0,3.0,2.0,2.0,2.0,2.0,2.0,3.0,1.0,3,3,2,0,0.0,0,2,2,4,2,2,2,2,1.0,2.0,3.0,4.0,1.0,1.0,1.0,1.0,3.0,1.0,1.0,0,4.0,2,1.0,2.0,1.0,1.0,2,4.0,2,2,1.0,200,800,,,.,OK,1,1,1,,,,uuid:79aa070c-f5ed-4d1f-a93a-bd10bc6a4642,uuid:79aa070c-f5ed-4d1f-a93a-bd10bc6a4642,,,,0.0,11686.0,,C,0,1.0,1.0,1.0,0.0,1.0,0.0,28 Jan 2021,22308.0,1900,1100,,,,,
2019-04-01 10:50:09,2019-04-01 11:25:27,2019-04-01,5,1.0,23584,23584,1,1,235.0,,,,,,,,,,,,,,,,,,,,,,,,,,,,,,,,,,,,,,,,,,,,,,,,,,,,,,,,,,,,,,,,,,,,,,,,,,,,,,,,,,,,,,,,,,,,,,,,,,,,,,,,,,,,,,,,,,,,,,,,,10,8,6,4,1,2000.0,2500.0,,,0.0,0.0,0.0,,,,,,,,,,0.0,0.0,0.0,0.0,0.0,0.0,0.0,0.0,,,,,,,,,,,,,,,,,,,,,,,,,,,,,,,,,,,,,,,3,3,2.0,2.0,2.0,2.0,2.0,2.0,2.0,2.0,1.0,2.0,3,3,2,0,0.0,0,2,2,4,2,2,2,2,3.0,4.0,1.0,2.0,1.0,1.0,1.0,1.0,3.0,1.0,1.0,1,,2,1.0,1.0,2.0,1.0,1,4.0,1,1,1.0,100,900,,,.,OK,1,1,1,,,,uuid:79da4b69-938a-4b5f-bb4f-bd9f1221d589,uuid:79da4b69-938a-4b5f-bb4f-bd9f1221d589,,,,0.0,23584.0,,A,0,1.0,0.0,1.0,0.0,1.0,0.0,28 Jan 2021,22308.0,1700,1300,,,,,
2019-03-18 10:37:52,2019-03-18 11:27:06,2019-03-18,4,1.0,3714,3714,1,1,373.0,,,,,,,,,,,,,,,,.,,,,,,,,,,,,,,,,,,,,,,,,,,,,,,,,,,,,,,,,,,,,,,,,,,,,,,,,,,,,,,,,,,,,,,,,,,,,,,,,,,,,,,,,,,,,,,,,,,,,,,,,,6,4,4,2,1,1500.0,1500.0,,,,,,,,,,,,,,,0.0,0.0,0.0,0.0,0.0,0.0,0.0,0.0,,,,,,,,,,,,,,,,,,,,,,,,,,,,,,.,,,,,,,,,5,4,0.0,3.0,3.0,0.0,0.0,1.0,3.0,0.0,3.0,1.0,3,3,2,0,0.0,0,1,2,3,1,1,1,2,3.0,4.0,1.0,2.0,2.0,2.0,2.0,2.0,2.0,2.0,2.0,1,,1,1.0,1.0,1.0,1.0,2,4.0,1,1,1.0,1000,0,,,.,OK,0,1,1,,,,uuid:7a352172-b4e8-4e67-b2f4-766d5873838f,uuid:7a352172-b4e8-4e67-b2f4-766d5873838f,,,,0.0,3714.0,,C,0,1.0,0.0,1.0,0.0,1.0,0.0,28 Jan 2021,22308.0,1100,1900,,,,,
2019-03-16 07:38:29,,2019-03-16,5,1.0,60895,60895,1,1,608.0,,,,.,.,.,,.,,,,,,.,,.,,,,,,,,,,,,,,,,0.0,0.0,0.0,0.0,0.0,0.0,0.0,,,,,,,,,,,,,,,,,,,,,,,,,,,,,,,,,,,,,,,,,,,,,,,,,,,,,,,,,,,,,,,,,,,,,,,,,,,,,,,,,,,10,10,10,10,1,1000.0,2500.0,,,0.0,0.0,0.0,,,,,,,,,,0.0,0.0,0.0,0.0,0.0,0.0,0.0,0.0,,,,,,,,,,,,,,,,,,,,,,,,,,,,,,.,,.,,.,,,,,3,3,3.0,1.0,3.0,2.0,2.0,3.0,2.0,3.0,1.0,3.0,1,3,2,0,0.0,0,1,2,2,2,2,2,2,4.0,3.0,1.0,2.0,1.0,1.0,1.0,1.0,1.0,1.0,1.0,1,,2,1.0,3.0,2.0,2.0,1,4.0,1,1,2.0,0,1000,,,.,OK,1,1,1,,,,uuid:7aeb5265-7070-4239-9685-f0d5d81e15a1,uuid:7aeb5265-7070-4239-9685-f0d5d81e15a1,,,,0.0,60895.0,,A,0,1.0,0.0,1.0,0.0,1.0,0.0,28 Jan 2021,22308.0,1400,1600,,,,,
2019-03-20 07:02:22,2019-03-20 08:46:00,2019-03-20,2,,36589,36589,1,1,363.0,,,,,,,,,,,,,,,,,,,,,,,,,,,,,,,,,,,,,,,1.0,3.0,4.0,3.0,5.0,3.0,3.0,4.0,4.0,4.0,3.0,2.0,5.0,5.0,5.0,5.0,2.0,2.0,1.0,1.0,1.0,1.0,2000.0,,,,,,,1.0,5.0,4.0,1.0,1.0,1.0,1.0,3.0,1.0,5.0,1.0,3.0,1.0,4.0,4.0,6.0,1.0,1.0,4.0,2.0,2.0,2.0,0.0,2.0,2.0,2.0,9.0,2.0,0.0,0.0,0.0,0.0,1.0,1.0,0.0,4.0,4.0,4.0,1.0,2.0,2.0,2.0,2.0,2.0,2.0,0.0,0.0,4.0,0.0,0.0,0.0,0.0,0.0,10,9,4,0,1,1500.0,3000.0,,,0.0,0.0,0.0,,,1.0,1.0,1.0,0.0,0.0,,1.0,0.0,1.0,0.0,0.0,0.0,1.0,0.0,0.0,,,1.0,4.0,2.0,2.0,0.0,,,,,,,,0.0,,,,,,1.0,,,,,,8.0,3.0,2.0,,4.0,,3.0,,4.0,,0.0,0.0,3,3,2.0,2.0,3.0,2.0,2.0,2.0,2.0,2.0,1.0,3.0,3,3,1,0,0.0,0,1,2,4,1,1,3,2,4.0,2.0,3.0,1.0,1.0,1.0,1.0,1.0,1.0,1.0,1.0,1,,4,1.0,1.0,1.0,1.0,3,4.0,2,2,2.0,500,500,1.0,1.0,.,OK,1,1,1,1.0,1.0,1.0,uuid:7b7532bf-6899-45bc-96e6-915652e90232,uuid:7b7532bf-6899-45bc-96e6-915652e90232,,,,0.0,36589.0,,C,0,1.0,0.0,1.0,0.0,1.0,0.0,28 Jan 2021,22308.0,1900,1100, 3/19/2019,09:46:00,10:46:00,01:00:00,1.0
2019-03-15 07:55:29,2019-03-15 09:14:23,2019-03-15,5,1.0,53987,53987,1,1,539.0,50.0,1.0,,kananga,tshisambi,BINDI,,.,2.0,,2.0,1.0,4.0,DIMBELENGE,20.0,.,15000.0,90000.0,5.0,3.0,6.0,1.0,1.0,1.0,1.0,1.0,1.0,1.0,1.0,90000.0,15000.0,1.0,0.0,1.0,1.0,0.0,0.0,0.0,,,,,,,,,,,,,,,,,,,,,,,,,,,,,,,,,,,,,,,,,,,,,,,,,,,,,,,,,,,,,,,,,,,,,,,,,,,,,,,,,,,8,7,6,5,1,,,,,0.0,0.0,0.0,,,,,,,,,,0.0,0.0,0.0,0.0,,,,,,,,,,,,,,,,,,,,,,,,,,,,,,,,,,,,,,,,,,,5,2,,,,,,,,,,,3,3,2,0,0.0,0,2,2,2,2,2,2,2,,,,,3.0,3.0,8.0,2.0,3.0,4.0,2.0,0,4.0,1,2.0,2.0,1.0,1.0,1,4.0,1,3,1.0,200,800,,,,,1,1,1,,,,uuid:7cc0924b-320f-4d6d-8633-e333d2670965,uuid:7cc0924b-320f-4d6d-8633-e333d2670965,,,,0.0,53987.0,,A,0,1.0,1.0,1.0,0.0,1.0,0.0,28 Jan 2021,22308.0,500,2500,,,,,
2019-03-25 09:10:51,2019-03-25 10:28:45,2019-03-25,2,,21432,21432,1,1,214.0,,,,,,,,,,,,,,,,,,,,,,,,,,,,,,,,,,,,,,,0.0,3.0,3.0,3.0,3.0,3.0,1.0,3.0,4.0,3.0,2.0,3.0,3.0,4.0,3.0,5.0,4.0,2.0,1.0,1.0,1.0,1.0,2000.0,,,1000.0,,,,2.0,4.0,4.0,2.0,2.0,2.0,2.0,4.0,2.0,4.0,2.0,4.0,2.0,4.0,4.0,1.0,1.0,1.0,3.0,1.0,1.0,1.0,0.0,1.0,1.0,1.0,8.0,2.0,0.0,0.0,0.0,0.0,1.0,1.0,0.0,3.0,3.0,3.0,0.0,2.0,1.0,2.0,1.0,2.0,2.0,1.0,-2.0,3.0,2.0,0.0,0.0,0.0,0.0,7,5,3,2,1,1500.0,2000.0,,,0.0,0.0,0.0,,,0.0,,,,,,,,,,,0.0,0.0,0.0,0.0,,,0.0,,-2.0,-2.0,2.0,,,,,,,,0.0,,,,,,0.0,,,,,,8.0,10.0,5.0,,4.0,,4.0,,5.0,,,,3,3,2.0,2.0,3.0,2.0,2.0,2.0,2.0,2.0,3.0,1.0,3,3,2,0,0.0,0,1,2,2,2,2,2,2,1.0,2.0,3.0,4.0,1.0,1.0,1.0,1.0,1.0,1.0,1.0,0,4.0,1,1.0,2.0,2.0,1.0,2,4.0,1,2,2.0,300,700,4.0,2.0,.,OK,1,1,1,1.0,1.0,1.0,uuid:7d2c8596-09ae-43df-ad13-e3cb901e36b7,uuid:7d2c8596-09ae-43df-ad13-e3cb901e36b7,,,,0.0,21432.0,,C,0,1.0,0.0,1.0,0.0,1.0,0.0,28 Jan 2021,22308.0,1400,1600,,,,,
2019-03-18 08:53:11,2019-03-18 10:39:48,2019-03-18,2,,3518,3518,1,1,351.0,,,,,,,,,,,,,,,,.,,,,,,,,,,,,,,,,,,,,,,,1.0,3.0,5.0,5.0,5.0,5.0,2.0,4.0,4.0,3.0,3.0,3.0,3.0,4.0,3.0,4.0,4.0,2.0,1.0,1.0,1.0,1.0,,2500.0,,,,,,2.0,5.0,5.0,1.0,1.0,2.0,1.0,1.0,1.0,4.0,2.0,1.0,2.0,2.0,2.0,1.0,1.0,2.0,2.0,1.0,1.0,2.0,0.0,2.0,1.0,2.0,2.0,2.0,0.0,0.0,0.0,0.0,0.0,0.0,1.0,4.0,4.0,4.0,4.0,1.0,2.0,2.0,1.0,1.0,1.0,1.0,1.0,3.0,1.0,1.0,1.0,0.0,-1.0,10,10,10,10,1,1500.0,10000.0,,,,,,,,0.0,,,,,,,0.0,0.0,0.0,0.0,0.0,0.0,0.0,0.0,,,0.0,,2.0,2.0,2.0,,,,,,,,0.0,,,,,,0.0,,,,,,7.0,10.0,4.0,.,3.0,,5.0,,4.0,,0.0,0.0,3,3,3.0,0.0,2.0,2.0,2.0,2.0,2.0,2.0,1.0,3.0,2,3,1,0,0.0,0,1,2,4,2,2,2,2,3.0,4.0,1.0,2.0,1.0,3.0,1.0,1.0,5.0,3.0,1.0,0,4.0,4,1.0,1.0,1.0,1.0,1,4.0,1,1,2.0,100,900,2.0,2.0,.,OK,1,1,1,1.0,0.0,1.0,uuid:7da1a0e8-4203-4dfe-b30e-6246e1dc0162,uuid:7da1a0e8-4203-4dfe-b30e-6246e1dc0162,,,,0.0,3518.0,,C,0,1.0,0.0,1.0,0.0,1.0,0.0,28 Jan 2021,22308.0,1400,1600, 3/18/2019,12:39:00,13:01:59,00:23:00,
2019-04-11 09:36:18,2019-04-11 11:29:25,2019-04-11,3,1.0,31786,31786,1,2,317.0,,,,,,,,,,,,,,,,,,,,,,,,,,,,,,,,,,,,,,,1.0,3.0,3.0,3.0,5.0,4.0,4.0,3.0,4.0,4.0,4.0,5.0,4.0,4.0,3.0,2.0,2.0,2.0,1.0,1.0,1.0,1.0,,2500.0,,,,,,1.0,4.0,2.0,2.0,2.0,2.0,2.0,4.0,2.0,4.0,2.0,2.0,2.0,4.0,4.0,1.0,1.0,1.0,3.0,2.0,2.0,2.0,2.0,2.0,2.0,2.0,5.0,2.0,1.0,0.0,1.0,1.0,1.0,1.0,0.0,4.0,4.0,4.0,4.0,2.0,2.0,2.0,2.0,2.0,2.0,-2.0,0.0,4.0,-2.0,-1.0,0.0,1.0,0.0,10,9,8,7,1,1500.0,1500.0,,,0.0,0.0,0.0,,,,,,,,,,0.0,0.0,0.0,0.0,0.0,0.0,0.0,0.0,,,,,0.0,-2.0,2.0,,,,,,,,,,,,,,,,,,,,6.0,6.0,4.0,,4.0,,4.0,,5.0,,,,3,3,2.0,2.0,2.0,0.0,2.0,2.0,2.0,2.0,3.0,1.0,3,3,2,0,0.0,0,1,1,1,1,2,2,2,3.0,4.0,1.0,2.0,2.0,3.0,2.0,2.0,2.0,3.0,3.0,1,,1,1.0,1.0,1.0,1.0,3,2.0,2,2,2.0,1000,0,2.0,1.0,.,OK,1,1,1,1.0,1.0,1.0,uuid:7e124db0-2334-4e99-9816-50d793c3f55e,uuid:7e124db0-2334-4e99-9816-50d793c3f55e,,,,0.0,31786.0,,A,0,1.0,0.0,1.0,0.0,1.0,1.0,28 Jan 2021,22308.0,800,2200,,,,,
2019-03-21 07:29:08,2019-03-21 08:40:48,2019-03-21,3,1.0,3599,3599,1,1,359.0,,,,,,,,,,,,,,,,,,,,,,,,,,,,,,,,,,,,,,,1.0,3.0,4.0,4.0,5.0,3.0,2.0,4.0,3.0,5.0,1.0,3.0,1.0,3.0,4.0,4.0,2.0,4.0,1.0,1.0,1.0,1.0,2000.0,,,,,,,1.0,4.0,4.0,1.0,1.0,1.0,1.0,1.0,1.0,5.0,1.0,4.0,1.0,2.0,4.0,1.0,1.0,1.0,4.0,2.0,0.0,2.0,0.0,2.0,2.0,2.0,6.0,1.0,0.0,0.0,0.0,0.0,1.0,0.0,0.0,3.0,4.0,4.0,4.0,2.0,2.0,2.0,2.0,2.0,2.0,-2.0,-1.0,4.0,0.0,0.0,0.0,0.0,0.0,10,10,10,8,1,1500.0,2500.0,,,0.0,0.0,0.0,,,,,,,,,,,,,,0.0,0.0,0.0,0.0,,,,,2.0,1.0,1.0,,,,,,,,,,,,,,,,,,,,8.0,5.0,4.0,,4.0,,5.0,,5.0,,,,3,3,2.0,2.0,3.0,2.0,2.0,2.0,2.0,2.0,3.0,1.0,3,3,1,0,0.0,0,2,2,2,2,2,2,2,1.0,3.0,2.0,4.0,2.0,3.0,1.0,2.0,3.0,4.0,2.0,1,,2,2.0,2.0,1.0,1.0,2,6.0,1,1,1.0,800,200,4.0,4.0,.,OK,1,1,1,1.0,1.0,1.0,uuid:7e2bc54e-4d5a-41c0-864d-4027050520fa,uuid:7e2bc54e-4d5a-41c0-864d-4027050520fa,,,,0.0,3599.0,,A,0,1.0,0.0,1.0,0.0,1.0,0.0,28 Jan 2021,22308.0,1400,1600, 3/21/2019,10:40:00,11:59:00,01:19:00,
2019-03-19 09:57:35,2019-03-19 10:55:44,2019-03-19,5,0.0,37890,37890,1,1,378.0,32.0,1.0,,Katoka,Mpokolo,LULUWA,19.0,,1.0,,2.0,1.0,4.0,DIBAYA,4.0,,20000.0,200000.0,5.0,3.0,6.0,1.0,1.0,1.0,1.0,1.0,1.0,2.0,2.0,200000.0,20000.0,0.0,0.0,1.0,1.0,0.0,1.0,0.0,,,,,,,,,,,,,,,,,,,,,,,,,,,,,,,,,,,,,,,,,,,,,,,,,,,,,,,,,,,,,,,,,,,,,,,,,,,,,,,,,,,10,10,10,10,1,1500.0,2500.0,,,0.0,0.0,0.0,,,,,,,,,,,,,,0.0,0.0,0.0,0.0,,,,,,,,,,,,,,,,,,,,,,,,,,,,,,,,,,,,,,,3,3,3.0,2.0,2.0,2.0,2.0,2.0,2.0,2.0,1.0,3.0,3,3,2,0,0.0,0,2,2,2,2,2,3,2,4.0,3.0,1.0,2.0,1.0,1.0,1.0,1.0,8.0,1.0,1.0,0,4.0,1,2.0,2.0,2.0,1.0,1,6.0,1,1,1.0,0,1000,,,.,OK,1,1,1,,,,uuid:7e8e2b3b-25d7-4f8a-ada6-b4c02d87c9c8,uuid:7e8e2b3b-25d7-4f8a-ada6-b4c02d87c9c8,,,,0.0,37890.0,,A,0,1.0,1.0,1.0,0.0,1.0,0.0,28 Jan 2021,22308.0,1600,1400,,,,,
2019-03-25 13:31:17,2019-03-25 14:19:45,2019-03-25,4,1.0,34193,34193,1,1,341.0,,,,,,,,,,,,,,,,,,,,,,,,,,,,,,,,,,,,,,,,,,,,,,,,,,,,,,,,,,,,,,,,,,,,,,,,,,,,,,,,,,,,,,,,,,,,,,,,,,,,,,,,,,,,,,,,,,,,,,,,,5,5,7,5,1,1000.0,2000.0,,,0.0,0.0,0.0,,,,,,,,,,,,,,0.0,0.0,0.0,0.0,,,,,,,,,,,,,,,,,,,,,,,,,,,,,,,,,,,,,,,3,1,3.0,2.0,0.0,0.0,3.0,2.0,2.0,2.0,1.0,3.0,3,4,2,-1,-1.0,0,2,2,4,2,2,4,2,3.0,4.0,1.0,2.0,2.0,2.0,1.0,2.0,3.0,3.0,1.0,0,4.0,1,1.0,1.0,1.0,1.0,2,3.0,3,3,1.0,700,999,,,.,OK,0,1,1,,,,uuid:7e9f0468-a9f2-4198-8c6d-c249a61fad95,uuid:7e9f0468-a9f2-4198-8c6d-c249a61fad95,,,,0.0,34193.0,,C,0,1.0,0.0,1.0,0.0,1.0,0.0,28 Jan 2021,22308.0,1300,1700,,,,,
2019-04-11 13:22:59,2019-04-11 14:19:04,2019-04-11,5,0.0,6103074,6103074,0,1,6103.0,19.0,0.0,2009.0,Kananga,Plateau,LULUWA,44.0,,3.0,,2.0,1.0,4.0,DIBAYA,9.0,,10000.0,45000.0,3.0,3.0,6.0,1.0,1.0,0.0,1.0,1.0,2.0,1.0,1.0,45000.0,10000.0,0.0,0.0,0.0,0.0,0.0,0.0,0.0,,,,,,,,,,,,,,,,,,,,,,,,,,,,,,,,,,,,,,,,,,,,,,,,,,,,,,,,,,,,,,,,,,,,,,,,,,,,,,,,,,,4,2,0,0,1,1000.0,1500.0,,,0.0,0.0,0.0,,,,,,,,,,0.0,0.0,0.0,0.0,0.0,0.0,0.0,0.0,,,,,,,,,,,,,,,,,,,,,,,,,,,,,,,,,,,,,,,3,3,2.0,1.0,2.0,1.0,2.0,2.0,2.0,2.0,3.0,1.0,3,3,2,0,0.0,0,1,3,2,2,2,2,3,2.0,3.0,1.0,4.0,2.0,4.0,3.0,2.0,3.0,2.0,2.0,1,,2,1.0,2.0,2.0,4.0,1,4.0,1,2,1.0,95,5,,,.,OK,1,1,1,,,,uuid:7f80998f-955d-46a0-9a14-49ea7a57a858,uuid:7f80998f-955d-46a0-9a14-49ea7a57a858,,,,0.0,6103074.0,,A,0,1.0,1.0,1.0,0.0,1.0,0.0,28 Jan 2021,22308.0,1300,1700,,,,,
2019-03-25 10:52:10,2019-03-25 12:08:26,2019-03-25,2,,11887,11887,1,1,118.0,,,,,,,,,,,,,,,,,,,,,,,,,,,,,,,,,,,,,,,1.0,3.0,3.0,3.0,4.0,3.0,3.0,3.0,3.0,3.0,3.0,3.0,3.0,4.0,3.0,5.0,4.0,2.0,2.0,1.0,2.0,1.0,2000.0,,,1000.0,,,,2.0,4.0,4.0,2.0,2.0,2.0,2.0,2.0,2.0,4.0,2.0,4.0,2.0,4.0,4.0,1.0,1.0,1.0,4.0,1.0,1.0,1.0,0.0,1.0,1.0,1.0,8.0,2.0,1.0,0.0,0.0,0.0,0.0,0.0,0.0,4.0,3.0,3.0,2.0,1.0,1.0,1.0,1.0,1.0,1.0,0.0,0.0,3.0,0.0,0.0,0.0,0.0,0.0,8,7,5,3,1,1500.0,2000.0,,,0.0,0.0,0.0,,,1.0,1.0,1.0,1.0,0.0,,1.0,1.0,0.0,0.0,0.0,1.0,0.0,0.0,0.0,,,0.0,,-2.0,-2.0,-2.0,,,,,,,,0.0,,,,,,0.0,,,,,,8.0,7.0,4.0,,4.0,,5.0,,5.0,,,,5,3,2.0,2.0,2.0,2.0,2.0,2.0,2.0,2.0,1.0,3.0,3,3,2,0,0.0,0,2,2,2,2,2,2,2,1.0,2.0,3.0,4.0,1.0,1.0,1.0,1.0,7.0,1.0,1.0,0,4.0,1,1.0,2.0,2.0,1.0,2,4.0,1,2,2.0,300,700,4.0,2.0,.,OK,1,1,1,1.0,1.0,1.0,uuid:8036f352-3177-4a8e-8339-9749d0e5110e,uuid:8036f352-3177-4a8e-8339-9749d0e5110e,,,,0.0,11887.0,,C,0,1.0,0.0,1.0,0.0,1.0,0.0,28 Jan 2021,22308.0,2700,300,,,,,
2019-03-20 09:09:58,2019-03-20 10:21:32,2019-03-20,3,1.0,56385,56385,1,1,561.0,,,,,,,,,,,,,,,,,,,,,,,,,,,,,,,,,,,,,,,1.0,3.0,4.0,3.0,4.0,3.0,2.0,3.0,5.0,3.0,2.0,4.0,4.0,4.0,4.0,4.0,5.0,1.0,2.0,1.0,1.0,1.0,2000.0,,,1000.0,,,,1.0,4.0,2.0,1.0,1.0,1.0,1.0,1.0,2.0,4.0,1.0,4.0,1.0,4.0,3.0,4.0,1.0,1.0,4.0,2.0,2.0,2.0,2.0,2.0,2.0,2.0,5.0,2.0,0.0,0.0,0.0,1.0,1.0,0.0,0.0,3.0,3.0,4.0,3.0,2.0,2.0,2.0,2.0,2.0,2.0,-2.0,-1.0,2.0,0.0,0.0,0.0,0.0,0.0,7,5,2,1,1,2000.0,6000.0,,,0.0,0.0,0.0,,,,,,,,,,,,,,0.0,0.0,0.0,0.0,,,,,2.0,2.0,2.0,,,,,,,,,,,,,,,,,,,,5.0,4.0,4.0,,3.0,,4.0,,4.0,,0.0,0.0,5,3,3.0,1.0,3.0,0.0,0.0,3.0,1.0,1.0,1.0,3.0,1,3,2,0,0.0,0,1,3,1,1,1,1,4,4.0,3.0,1.0,2.0,1.0,2.0,1.0,2.0,2.0,1.0,1.0,0,4.0,1,1.0,1.0,1.0,1.0,1,4.0,1,1,1.0,800,200,1.0,1.0,.,OK,1,1,1,1.0,1.0,1.0,uuid:816edefa-6bd8-46a1-897e-247b69aee405,uuid:816edefa-6bd8-46a1-897e-247b69aee405,,,,0.0,56385.0,,A,0,1.0,0.0,1.0,0.0,1.0,0.0,28 Jan 2021,22308.0,1100,1900, 3/20/2019,11:08:00,11:35:00,00:27:00,
2019-04-20 08:37:36,2019-04-20 09:37:28,2019-04-20,4,0.0,670106,670106,1,1,670.0,52.0,1.0,,Kananga,Maladi,LULUWA,,Bena mukadi,1.0,,2.0,1.0,4.0,KAZUMBA,1.0,,20000.0,140000.0,4.0,3.0,4.0,1.0,1.0,1.0,1.0,1.0,1.0,1.0,2.0,140000.0,20000.0,1.0,0.0,1.0,1.0,0.0,0.0,0.0,,,,,,,,,,,,,,,,,,,,,,,,,,,,,,,,,,,,,,,,,,,,,,,,,,,,,,,,,,,,,,,,,,,,,,,,,,,,,,,,,,,8,7,6,4,1,1500.0,2500.0,,,0.0,0.0,0.0,,,,,,,,,,0.0,0.0,0.0,0.0,0.0,0.0,0.0,0.0,,,,,,,,,,,,,,,,,,,,,,,,,,,,,,,,,,,,,,,5,3,3.0,2.0,2.0,2.0,2.0,2.0,2.0,2.0,1.0,3.0,3,3,2,0,0.0,0,2,3,4,2,2,2,2,3.0,4.0,1.0,2.0,1.0,1.0,1.0,1.0,1.0,1.0,1.0,0,4.0,2,1.0,2.0,2.0,1.0,2,4.0,1,1,2.0,400,600,,,.,OK,1,1,1,,,,uuid:817c8ff6-5d80-402c-bbee-4a6393dbfe59,uuid:817c8ff6-5d80-402c-bbee-4a6393dbfe59,,,,0.0,670106.0,,C,0,1.0,1.0,1.0,0.0,1.0,0.0,28 Jan 2021,22308.0,1300,1700,,,,,
2019-03-28 07:19:20,2019-03-28 07:59:09,2019-03-28,4,1.0,2164,2164,1,1,216.0,,,,,,,,,,,,,,,,,,,,,,,,,,,,,,,,,,,,,,,,,,,,,,,,,,,,,,,,,,,,,,,,,,,,,,,,,,,,,,,,,,,,,,,,,,,,,,,,,,,,,,,,,,,,,,,,,,,,,,,,,6,4,3,0,1,1500.0,1500.0,,,0.0,0.0,0.0,,,,,,,,,,0.0,0.0,0.0,0.0,0.0,0.0,0.0,0.0,,,,,,,,,,,,,,,,,,,,,,,,,,,,,,,,,,,,,,,5,4,2.0,2.0,2.0,2.0,2.0,2.0,2.0,2.0,1.0,3.0,3,3,2,0,0.0,0,2,2,2,2,2,2,2,1.0,2.0,3.0,4.0,1.0,1.0,1.0,1.0,1.0,1.0,1.0,0,4.0,1,1.0,1.0,4.0,1.0,1,6.0,1,2,2.0,300,700,,,.,OK,1,1,1,,,,uuid:8222a367-1d2b-4f71-b6ae-c19659663e39,uuid:8222a367-1d2b-4f71-b6ae-c19659663e39,,,,0.0,2164.0,,C,0,1.0,0.0,1.0,0.0,1.0,0.0,28 Jan 2021,22308.0,1600,1400,,,,,
2019-04-05 09:48:13,2019-04-05 10:31:55,2019-04-05,5,1.0,35396,35396,1,1,353.0,,,,,,,,,,,,,,,,,,,,,,,,,,,,,,,,,,,,,,,,,,,,,,,,,,,,,,,,,,,,,,,,,,,,,,,,,,,,,,,,,,,,,,,,,,,,,,,,,,,,,,,,,,,,,,,,,,,,,,,,,8,7,5,4,1,1500.0,10000.0,,,0.0,0.0,0.0,,,,,,,,,,0.0,0.0,0.0,0.0,0.0,0.0,0.0,0.0,,,,,,,,,,,,,,,,,,,,,,,,,,,,,,,,,,,,,,,3,5,3.0,2.0,1.0,2.0,2.0,3.0,3.0,2.0,1.0,7.0,3,3,2,0,0.0,0,2,3,2,2,2,2,3,2.0,4.0,1.0,3.0,1.0,1.0,1.0,1.0,3.0,1.0,1.0,1,,2,1.0,2.0,2.0,1.0,2,4.0,1,1,1.0,400,600,,,.,OK,1,1,1,,,,uuid:8236ae1e-2860-4151-9117-9677e7d197fc,uuid:8236ae1e-2860-4151-9117-9677e7d197fc,,,,0.0,35396.0,,A,0,1.0,0.0,1.0,0.0,1.0,0.0,28 Jan 2021,22308.0,1400,1600,,,,,
2019-03-21 10:45:07,2019-03-21 11:33:33,2019-03-21,4,1.0,60930105,60930105,1,1,6093.0,,,,,,,,,,,,,,,,,,,,,,,,,,,,,,,,,,,,,,,,,,,,,,,,,,,,,,,,,,,,,,,,,,,,,,,,,,,,,,,,,,,,,,,,,,,,,,,,,,,,,,,,,,,,,,,,,,,,,,,,,10,8,5,1,1,1000.0,3000.0,,,0.0,0.0,0.0,,,,,,,,,,,,,,0.0,0.0,0.0,0.0,,,,,,,,,,,,,,,,,,,,,,,,,,,,,,,,,,,,,,,4,4,2.0,0.0,3.0,1.0,2.0,2.0,2.0,2.0,3.0,1.0,2,2,2,0,0.0,0,1,3,2,2,2,2,2,3.0,4.0,1.0,2.0,1.0,3.0,3.0,2.0,1.0,1.0,1.0,0,1.0,1,1.0,1.0,1.0,1.0,2,4.0,2,1,2.0,200,800,,,.,OK,1,1,1,,,,uuid:82513fb9-e49b-4f64-aaca-7f32f35095c1,uuid:82513fb9-e49b-4f64-aaca-7f32f35095c1,,,,0.0,60930105.0,,C,0,1.0,0.0,1.0,0.0,1.0,0.0,28 Jan 2021,22308.0,1400,1600,,,,,
2019-05-03 09:25:24,2019-05-03 10:39:51,2019-05-03,2,1.0,61189,61189,1,1,611.0,,,,,,,,,,,,,,,,,,,,,,,,,,,,,,,,,,,,,,,1.0,1.0,3.0,3.0,4.0,3.0,1.0,3.0,4.0,4.0,3.0,3.0,1.0,3.0,3.0,4.0,2.0,2.0,1.0,1.0,1.0,1.0,2000.0,,,1000.0,,,,1.0,4.0,4.0,2.0,2.0,2.0,2.0,2.0,2.0,4.0,2.0,2.0,2.0,3.0,3.0,1.0,3.0,3.0,4.0,1.0,1.0,1.0,0.0,1.0,1.0,1.0,6.0,1.0,1.0,0.0,0.0,0.0,0.0,0.0,0.0,4.0,3.0,4.0,2.0,1.0,1.0,1.0,1.0,1.0,1.0,0.0,0.0,4.0,0.0,0.0,0.0,0.0,0.0,10,9,6,3,1,1000.0,7000.0,,,0.0,0.0,0.0,,,0.0,,,,,,,0.0,0.0,0.0,0.0,0.0,0.0,0.0,0.0,,,1.0,3.0,1.0,1.0,1.0,,,,,,,,0.0,,,,,,1.0,,,,,,6.0,7.0,5.0,,,N'est sait rien,,N'en sait rien du tout,4.0,,0.0,0.0,3,3,1.0,3.0,3.0,3.0,2.0,2.0,2.0,2.0,3.0,1.0,3,3,2,0,0.0,0,2,2,4,2,2,2,2,3.0,4.0,1.0,2.0,1.0,3.0,1.0,2.0,4.0,1.0,1.0,1,,1,1.0,1.0,1.0,1.0,1,4.0,2,2,1.0,888,888,2.0,1.0,.,OK,1,1,1,1.0,1.0,1.0,uuid:82ac48a7-0095-470e-849a-9155db9961f0,uuid:82ac48a7-0095-470e-849a-9155db9961f0,,,,0.0,61189.0,,C,0,1.0,0.0,1.0,0.0,1.0,0.0,28 Jan 2021,22308.0,2000,1000,,,,,
2020-02-12 11:53:26,2020-02-12 13:15:19,2020-02-12,1,1.0,44,44,1,1,,,,,.,.,.,,.,,,,,,.,,.,,,,,,,,,,,,,,,,0.0,0.0,0.0,0.0,0.0,0.0,0.0,1.0,3.0,3.0,2.0,5.0,3.0,2.0,2.0,5.0,2.0,1.0,2.0,3.0,5.0,5.0,5.0,2.0,4.0,2.0,2.0,2.0,2.0,2000.0,,,,,,2000.0,1.0,4.0,5.0,1.0,1.0,1.0,1.0,1.0,1.0,5.0,1.0,4.0,2.0,4.0,1.0,1.0,1.0,1.0,4.0,1.0,2.0,1.0,2.0,1.0,1.0,0.0,6.0,2.0,1.0,1.0,1.0,0.0,1.0,1.0,0.0,4.0,4.0,4.0,4.0,2.0,2.0,2.0,2.0,2.0,2.0,-2.0,-1.0,2.0,1.0,-1.0,-1.0,-1.0,-1.0,10,7,4,1,1,1000.0,1800.0,2.0,1.0,1.0,0.0,0.0,1.0,2.0,,0.0,0.0,0.0,0.0,,,0.0,0.0,0.0,0.0,0.0,0.0,0.0,0.0,,,,,-2.0,1.0,-2.0,1.0,2.0,2.0,2.0,2.0,4.0,,,,,,,,,3.0,3.0,,2.0,,10.0,10.0,4.0,.,3.0,.,5.0,.,5.0,,,,3,3,2.0,2.0,2.0,1.0,2.0,2.0,2.0,2.0,3.0,1.0,3,3,2,0,0.0,0,1,1,1,1,1,1,1,3.0,4.0,1.0,2.0,8.0,2.0,2.0,2.0,2.0,2.0,2.0,1,,3,2.0,2.0,2.0,2.0,1,6.0,1,1,1.0,800,200,2.0,2.0,.,OK,1,1,1,1.0,1.0,1.0,uuid:82fd3241-58ad-46d8-bd4f-161115692161,uuid:82fd3241-58ad-46d8-bd4f-161115692161,,,,0.0,,44.0,,0,1.0,0.0,0.0,0.0,1.0,0.0,28 Jan 2021,22308.0,600,2400, 2/12/2020,13:14:00,13:50:00,00:36:00,
2019-04-05 11:28:15,2019-04-05 12:01:21,2019-04-05,4,1.0,11490,11490,1,1,114.0,,,,,,,,,,,,,,,,,,,,,,,,,,,,,,,,,,,,,,,,,,,,,,,,,,,,,,,,,,,,,,,,,,,,,,,,,,,,,,,,,,,,,,,,,,,,,,,,,,,,,,,,,,,,,,,,,,,,,,,,,10,8,7,4,1,1500.0,1500.0,,,0.0,0.0,0.0,,,,,,,,,,0.0,0.0,0.0,0.0,0.0,0.0,0.0,0.0,,,,,,,,,,,,,,,,,,,,,,,,,,,,,,,,,,,,,,,3,5,2.0,2.0,2.0,2.0,2.0,2.0,2.0,2.0,1.0,3.0,1,3,2,0,0.0,0,2,2,2,2,2,2,2,1.0,2.0,3.0,4.0,1.0,1.0,1.0,1.0,3.0,1.0,1.0,1,,1,1.0,2.0,1.0,1.0,2,4.0,1,1,2.0,200,800,,,.,OK,1,1,1,,,,uuid:836d6c12-4a4b-421d-8746-5788583194b3,uuid:836d6c12-4a4b-421d-8746-5788583194b3,,,,0.0,11490.0,,C,0,1.0,0.0,1.0,0.0,1.0,0.0,28 Jan 2021,22308.0,1500,1500,,,,,
2019-03-27 10:56:00,2019-03-27 12:19:33,2019-03-27,2,1.0,10746,10746,1,1,107.0,,,,,,,,,,,,,,,,,,,,,,,,,,,,,,,,,,,,,,,0.0,3.0,3.0,4.0,4.0,4.0,5.0,4.0,3.0,3.0,3.0,4.0,4.0,3.0,4.0,4.0,4.0,2.0,2.0,1.0,1.0,1.0,,,3000.0,,,,,1.0,4.0,4.0,1.0,1.0,2.0,2.0,2.0,2.0,4.0,2.0,4.0,1.0,4.0,5.0,6.0,2.0,1.0,3.0,2.0,2.0,1.0,0.0,2.0,2.0,2.0,6.0,1.0,1.0,0.0,1.0,1.0,0.0,0.0,0.0,4.0,4.0,4.0,3.0,2.0,1.0,2.0,2.0,2.0,2.0,1.0,0.0,3.0,0.0,0.0,0.0,0.0,0.0,8,6,6,4,1,15000.0,2000.0,,,0.0,0.0,0.0,,,0.0,,,,,,,0.0,0.0,0.0,0.0,0.0,0.0,0.0,0.0,,,0.0,,0.0,2.0,1.0,,,,,,,,1.0,2.0,2.0,2.0,2.0,4.0,,,,,,,9.0,6.0,,Il ne sait pas,,Il ne sait pas,5.0,,5.0,,,,3,3,0.0,3.0,3.0,0.0,0.0,0.0,0.0,1.0,1.0,3.0,4,3,2,0,0.0,0,1,2,4,2,2,1,1,3.0,4.0,1.0,2.0,3.0,3.0,2.0,1.0,5.0,1.0,1.0,1,,1,1.0,1.0,1.0,1.0,1,4.0,1,1,2.0,400,600,1.0,1.0,.,OK,1,1,1,0.0,,0.0,uuid:84287aab-d10b-4374-b81c-475f0aa8d464,uuid:84287aab-d10b-4374-b81c-475f0aa8d464,,,,0.0,10746.0,,C,0,1.0,0.0,1.0,0.0,1.0,0.0,28 Jan 2021,22308.0,1600,1400,,,,,
2019-03-28 06:50:15,2019-03-28 07:52:01,2019-03-28,3,1.0,55544,55544,1,1,555.0,,,,,,,,,,,,,,,,,,,,,,,,,,,,,,,,,,,,,,,0.0,1.0,4.0,5.0,5.0,3.0,3.0,4.0,5.0,2.0,3.0,4.0,2.0,5.0,4.0,4.0,2.0,2.0,1.0,1.0,1.0,1.0,2000.0,,,,,,,2.0,4.0,4.0,2.0,2.0,1.0,2.0,2.0,2.0,4.0,1.0,4.0,2.0,3.0,2.0,2.0,2.0,2.0,3.0,1.0,1.0,1.0,0.0,1.0,1.0,2.0,6.0,2.0,0.0,0.0,0.0,0.0,1.0,1.0,0.0,0.0,4.0,4.0,4.0,1.0,2.0,1.0,1.0,1.0,1.0,1.0,0.0,4.0,0.0,0.0,0.0,0.0,0.0,7,5,3,1,1,1000.0,3000.0,,,0.0,0.0,0.0,,,,,,,,,,0.0,0.0,0.0,0.0,0.0,0.0,0.0,0.0,,,,,1.0,1.0,2.0,,,,,,,,,,,,,,,,,,,,8.0,10.0,5.0,,5.0,,5.0,,5.0,,,,3,3,3.0,3.0,3.0,3.0,3.0,3.0,3.0,3.0,1.0,6.0,3,3,2,0,0.0,0,1,2,2,2,2,2,2,3.0,4.0,1.0,2.0,1.0,1.0,1.0,1.0,1.0,1.0,1.0,1,,3,1.0,1.0,4.0,4.0,1,4.0,1,1,1.0,1000,0,2.0,1.0,.,OK,1,1,1,1.0,1.0,1.0,uuid:84da6b09-149f-4d79-8db9-1a3e60269368,uuid:84da6b09-149f-4d79-8db9-1a3e60269368,,,,0.0,55544.0,,A,0,1.0,0.0,1.0,0.0,1.0,0.0,28 Jan 2021,22308.0,600,2400,28/03/2019,09:55:00,10:05:00,00:10:00,
2019-03-20 10:15:53,2019-03-20 11:57:35,2019-03-20,2,,21845,21845,1,1,218.0,,,,,,,,,,,,,,,,,,,,,,,,,,,,,,,,,,,,,,,1.0,3.0,3.0,3.0,3.0,3.0,1.0,1.0,3.0,3.0,1.0,3.0,3.0,4.0,3.0,4.0,2.0,4.0,1.0,1.0,1.0,2.0,2000.0,,,,,,2000.0,2.0,5.0,4.0,1.0,1.0,2.0,2.0,2.0,2.0,4.0,1.0,4.0,2.0,4.0,1.0,4.0,2.0,1.0,1.0,1.0,1.0,1.0,0.0,1.0,0.0,1.0,6.0,1.0,1.0,1.0,1.0,1.0,1.0,1.0,0.0,4.0,4.0,4.0,4.0,2.0,2.0,2.0,1.0,2.0,2.0,0.0,0.0,4.0,0.0,0.0,0.0,0.0,0.0,10,7,5,2,1,2500.0,3000.0,,,0.0,0.0,0.0,,,1.0,1.0,0.0,0.0,0.0,,2.0,0.0,0.0,1.0,0.0,0.0,0.0,1.0,0.0,,,0.0,,0.0,1.0,0.0,,,,,,,,0.0,,,,,,0.0,,,,,,5.0,5.0,1.0,,2.0,,5.0,,5.0,,,,1,3,0.0,3.0,2.0,3.0,2.0,2.0,2.0,2.0,3.0,1.0,4,3,2,0,0.0,0,1,1,1,2,2,1,2,3.0,4.0,1.0,2.0,2.0,7.0,3.0,8.0,3.0,3.0,3.0,0,4.0,1,1.0,2.0,1.0,1.0,1,5.0,2,2,2.0,0,1000,2.0,2.0,.,OK,1,1,1,1.0,1.0,1.0,uuid:852923a6-1a60-478e-bac6-3ed5f26bb3e8,uuid:852923a6-1a60-478e-bac6-3ed5f26bb3e8,,,,0.0,21845.0,,C,0,1.0,0.0,1.0,0.0,1.0,0.0,28 Jan 2021,22308.0,700,2300, 3/20/2019,12:56:00,14:36:00,01:40:00,
2019-03-27 08:32:57,2019-03-27 09:09:31,2019-03-27,4,1.0,12545,12545,1,2,125.0,,,,,,,,,,,,,,,,,,,,,,,,,,,,,,,,,,,,,,,,,,,,,,,,,,,,,,,,,,,,,,,,,,,,,,,,,,,,,,,,,,,,,,,,,,,,,,,,,,,,,,,,,,,,,,,,,,,,,,,,,8,8,5,3,1,2000.0,3000.0,,,0.0,0.0,0.0,,,,,,,,,,0.0,0.0,0.0,0.0,0.0,0.0,0.0,0.0,,,,,,,,,,,,,,,,,,,,,,,,,,,,,,,,,,,,,,,4,4,2.0,2.0,3.0,2.0,2.0,0.0,2.0,2.0,3.0,1.0,3,3,2,0,0.0,0,2,2,3,2,2,2,2,1.0,3.0,2.0,4.0,2.0,3.0,3.0,2.0,2.0,2.0,2.0,0,4.0,1,,4.0,1.0,1.0,1,4.0,1,1,2.0,800,200,,,.,OK,1,1,1,,,,uuid:8673092d-ab42-4c49-9acd-31ffca74cf37,uuid:8673092d-ab42-4c49-9acd-31ffca74cf37,,,,0.0,12545.0,,C,0,1.0,0.0,1.0,0.0,1.0,0.0,28 Jan 2021,22308.0,1500,1500,,,,,
2019-03-27 08:58:29,2019-03-27 09:25:25,2019-03-27,4,1.0,59649,59649,1,1,596.0,,,,,,,,,,,,,,,,,,,,,,,,,,,,,,,,,,,,,,,,,,,,,,,,,,,,,,,,,,,,,,,,,,,,,,,,,,,,,,,,,,,,,,,,,,,,,,,,,,,,,,,,,,,,,,,,,,,,,,,,,7,4,2,1,1,1500.0,2000.0,,,0.0,0.0,0.0,,,,,,,,,,0.0,0.0,0.0,0.0,0.0,0.0,0.0,0.0,,,,,,,,,,,,,,,,,,,,,,,,,,,,,,,,,,,,,,,5,5,2.0,2.0,2.0,2.0,2.0,2.0,2.0,2.0,1.0,3.0,3,3,2,0,0.0,0,2,2,4,2,2,2,2,1.0,2.0,3.0,4.0,1.0,1.0,1.0,1.0,1.0,1.0,1.0,0,4.0,1,1.0,3.0,3.0,1.0,1,4.0,2,2,2.0,200,800,,,.,OK,1,1,1,,,,uuid:8863915c-39f8-406a-bb64-4d5b1df32464,uuid:8863915c-39f8-406a-bb64-4d5b1df32464,,,,0.0,59649.0,,C,0,1.0,0.0,1.0,0.0,1.0,0.0,28 Jan 2021,22308.0,900,2100,,,,,
2019-03-18 13:16:20,2019-03-18 14:37:56,2019-03-18,3,1.0,53859,53859,1,1,617.0,,,,,,,,,,,,,,,,.,,,,,,,,,,,,,,,,,,,,,,,1.0,3.0,3.0,3.0,3.0,3.0,3.0,3.0,3.0,3.0,3.0,3.0,3.0,3.0,3.0,2.0,2.0,2.0,1.0,1.0,1.0,1.0,2000.0,,,,,,,2.0,4.0,5.0,2.0,2.0,2.0,2.0,4.0,2.0,4.0,2.0,2.0,1.0,4.0,1.0,1.0,1.0,1.0,4.0,0.0,1.0,1.0,0.0,1.0,1.0,1.0,6.0,2.0,1.0,0.0,0.0,0.0,1.0,1.0,0.0,3.0,3.0,3.0,0.0,2.0,2.0,2.0,2.0,2.0,2.0,-1.0,1.0,4.0,0.0,0.0,0.0,0.0,0.0,10,9,8,6,1,2500.0,2000.0,,,,,,,,,,,,,,,0.0,0.0,0.0,0.0,0.0,0.0,0.0,0.0,,,,,1.0,2.0,2.0,,,,,,,,,,,,,,,,,,,,8.0,10.0,5.0,.,5.0,,5.0,,5.0,,,,3,3,2.0,2.0,2.0,2.0,0.0,2.0,0.0,2.0,3.0,1.0,3,3,2,0,0.0,0,1,3,2,2,2,3,1,3.0,4.0,1.0,2.0,2.0,2.0,2.0,2.0,2.0,1.0,1.0,1,,2,1.0,1.0,1.0,1.0,3,3.0,1,2,1.0,1000,0,3.0,3.0,.,OK,1,0,1,1.0,1.0,1.0,uuid:8a76cd57-ad12-4eaf-b86b-7badb1b89bed,uuid:8a76cd57-ad12-4eaf-b86b-7badb1b89bed,,,,0.0,53859.0,,A,0,1.0,0.0,1.0,0.0,1.0,0.0,28 Jan 2021,22308.0,600,2400, 3/18/2019,15:37:00,17:10:00,01:33:00,
2019-03-13 10:02:36,2019-03-13 11:53:46,2019-03-13,1,,34,34,1,1,,,,,.,.,.,,.,,,,,,.,,.,,,,,,,,,,,,,,,,0.0,0.0,0.0,0.0,0.0,0.0,0.0,1.0,3.0,5.0,4.0,4.0,5.0,1.0,5.0,5.0,2.0,3.0,3.0,5.0,3.0,5.0,5.0,2.0,4.0,1.0,1.0,1.0,1.0,2000.0,,,,,,,1.0,5.0,5.0,2.0,2.0,5.0,4.0,4.0,4.0,4.0,1.0,4.0,1.0,3.0,1.0,3.0,2.0,1.0,4.0,2.0,2.0,1.0,0.0,2.0,2.0,1.0,8.0,1.0,0.0,0.0,0.0,0.0,1.0,1.0,0.0,3.0,1.0,3.0,2.0,2.0,2.0,2.0,2.0,2.0,2.0,2.0,2.0,3.0,,-1.0,0.0,,1.0,9,8,7,6,1,,,2.0,2.0,1.0,0.0,0.0,1.0,2.0,,0.0,0.0,0.0,0.0,,,0.0,0.0,0.0,0.0,0.0,0.0,0.0,0.0,,,,,-2.0,2.0,-2.0,0.0,,,,,,1.0,,,,,,,,3.0,5.0,,2.0,,5.0,5.0,4.0,,4.0,,3.0,,4.0,,0.0,0.0,5,5,,,,,,,,,,,3,2,2,0,0.0,0,3,4,1,2,2,1,2,,,,,1.0,3.0,1.0,1.0,3.0,1.0,1.0,0,4.0,1,2.0,2.0,2.0,2.0,1,4.0,1,1,1.0,500,500,3.0,1.0,.,,1,1,1,1.0,1.0,1.0,uuid:8ab82977-857b-4019-80b2-b7bfe18210ec,uuid:8ab82977-857b-4019-80b2-b7bfe18210ec,2.0,2.0,2.0,0.0,,34.0,,0,1.0,0.0,0.0,0.0,1.0,0.0,28 Jan 2021,22308.0,1900,1100, 3/13/2019,12:40:00,12:53:00,00:13:00,
2019-03-25 10:12:49,2019-03-25 11:50:48,2019-03-25,3,0.0,65553,65553,1,1,655.0,61.0,1.0,,Kananga,Kamayi,LULUWA,,Bakwa mushilu,1.0,,3.0,1.0,4.0,KANANGA,11.0,,120000.0,25000.0,3.0,3.0,2.0,1.0,1.0,1.0,1.0,1.0,2.0,1.0,1.0,25000.0,120000.0,0.0,0.0,1.0,0.0,0.0,0.0,0.0,1.0,2.0,3.0,3.0,3.0,3.0,1.0,1.0,4.0,1.0,1.0,3.0,3.0,4.0,4.0,4.0,2.0,2.0,1.0,1.0,1.0,1.0,2000.0,,,1000.0,,,,2.0,5.0,5.0,2.0,1.0,1.0,2.0,3.0,1.0,4.0,1.0,3.0,1.0,4.0,1.0,1.0,1.0,1.0,4.0,1.0,1.0,1.0,0.0,1.0,1.0,1.0,5.0,2.0,0.0,0.0,1.0,1.0,1.0,1.0,0.0,3.0,3.0,3.0,2.0,1.0,1.0,1.0,1.0,1.0,1.0,2.0,0.0,4.0,0.0,0.0,0.0,0.0,0.0,7,5,4,1,1,1500.0,2000.0,,,0.0,0.0,0.0,,,,,,,,,,,,,,0.0,0.0,0.0,0.0,,,,,2.0,2.0,0.0,,,,,,,,,,,,,,,,,,,,7.0,10.0,,Il ne sait pas,5.0,,5.0,,5.0,,,,3,3,2.0,2.0,2.0,2.0,2.0,2.0,2.0,2.0,1.0,3.0,3,3,2,0,0.0,0,2,2,2,2,2,2,2,4.0,3.0,1.0,2.0,1.0,1.0,1.0,1.0,1.0,1.0,1.0,1,,4,1.0,1.0,1.0,2.0,1,1.0,1,1,2.0,700,300,2.0,1.0,.,OK,1,1,1,1.0,1.0,1.0,uuid:8c064c4e-d4b7-405a-9543-079eb2de6471,uuid:8c064c4e-d4b7-405a-9543-079eb2de6471,,,,0.0,65553.0,,A,0,1.0,1.0,1.0,0.0,1.0,0.0,28 Jan 2021,22308.0,1400,1600,,,,,
2019-03-27 13:22:58,2019-03-27 13:41:09,2019-03-27,1,,41,41,1,1,,,,,.,.,.,,.,,,,,,.,,.,,,,,,,,,,,,,,,,0.0,0.0,0.0,0.0,0.0,0.0,0.0,1.0,4.0,3.0,3.0,4.0,1.0,1.0,3.0,3.0,3.0,1.0,3.0,5.0,3.0,4.0,4.0,2.0,2.0,1.0,1.0,1.0,1.0,2000.0,,,1000.0,,,,1.0,4.0,4.0,1.0,1.0,1.0,2.0,1.0,1.0,5.0,1.0,4.0,1.0,4.0,4.0,6.0,1.0,1.0,4.0,0.0,1.0,2.0,0.0,1.0,1.0,2.0,3.0,1.0,0.0,1.0,0.0,0.0,1.0,0.0,0.0,4.0,4.0,4.0,4.0,2.0,2.0,2.0,2.0,2.0,2.0,1.0,0.0,3.0,0.0,0.0,0.0,0.0,0.0,10,10,9,8,1,2000.0,3000.0,2.0,2.0,0.0,1.0,0.0,0.0,,,0.0,0.0,0.0,0.0,,,0.0,0.0,0.0,0.0,0.0,0.0,0.0,0.0,,,,,-2.0,-2.0,-2.0,1.0,0.0,2.0,1.0,2.0,4.0,,,,,,,,,1.0,1.0,,2.0,,7.0,1.0,5.0,.,5.0,.,4.0,.,5.0,,,,4,4,3.0,3.0,2.0,2.0,3.0,2.0,3.0,3.0,1.0,3.0,1,2,1,0,0.0,2,1,2,1,1,2,1,2,,2.0,,,1.0,1.0,2.0,1.0,3.0,7.0,2.0,1,,1,1.0,3.0,2.0,1.0,4,1.0,2,4,1.0,200,800,1.0,1.0,.,,1,1,1,1.0,1.0,1.0,uuid:8c207f8d-f7ee-434c-91dd-87238f2b39d0,uuid:8c207f8d-f7ee-434c-91dd-87238f2b39d0,,,,0.0,,41.0,,0,1.0,0.0,0.0,0.0,1.0,0.0,28 Jan 2021,22308.0,1000,2000, 3/14/2019,10:30:00,10:40:00,00:10:00,
2019-04-04 11:47:21,2019-04-04 12:16:51,2019-04-04,4,1.0,22584,22584,1,1,225.0,,,,,,,,,,,,,,,,,,,,,,,,,,,,,,,,,,,,,,,,,,,,,,,,,,,,,,,,,,,,,,,,,,,,,,,,,,,,,,,,,,,,,,,,,,,,,,,,,,,,,,,,,,,,,,,,,,,,,,,,,7,5,2,1,1,800.0,1500.0,,,0.0,0.0,0.0,,,,,,,,,,0.0,0.0,0.0,0.0,0.0,0.0,0.0,0.0,,,,,,,,,,,,,,,,,,,,,,,,,,,,,,,,,,,,,,,5,4,0.0,2.0,2.0,1.0,3.0,2.0,2.0,2.0,1.0,3.0,3,3,2,-1,0.0,-1,2,2,3,2,2,2,2,1.0,2.0,3.0,4.0,1.0,8.0,1.0,2.0,8.0,1.0,1.0,1,,1,1.0,1.0,1.0,1.0,2,5.0,2,1,1.0,888,888,,,.,OK,0,1,1,,,,uuid:8c3f5d63-4b3a-49b5-96bf-ecc6f8841acf,uuid:8c3f5d63-4b3a-49b5-96bf-ecc6f8841acf,,,,0.0,22584.0,,C,0,1.0,0.0,1.0,0.0,1.0,0.0,28 Jan 2021,22308.0,1000,2000,,,,,
2019-03-18 07:04:50,2019-03-18 08:55:59,2019-03-18,2,,6101077,6101077,1,1,6101.0,,,,,,,,,,,,,,,,.,,,,,,,,,,,,,,,,,,,,,,,1.0,1.0,1.0,1.0,5.0,1.0,1.0,1.0,4.0,1.0,1.0,4.0,3.0,5.0,3.0,5.0,1.0,4.0,2.0,2.0,1.0,1.0,2000.0,,,1000.0,,,,2.0,4.0,4.0,2.0,2.0,2.0,1.0,2.0,2.0,4.0,2.0,4.0,2.0,3.0,3.0,3.0,1.0,3.0,3.0,1.0,1.0,1.0,1.0,1.0,1.0,2.0,6.0,2.0,1.0,0.0,1.0,0.0,1.0,0.0,0.0,4.0,2.0,3.0,3.0,1.0,1.0,2.0,1.0,1.0,2.0,2.0,1.0,3.0,2.0,0.0,0.0,0.0,0.0,9,9,7,6,1,2500.0,5000.0,,,,,,,,1.0,1.0,1.0,0.0,0.0,,1.0,0.0,1.0,0.0,0.0,0.0,1.0,0.0,0.0,,,1.0,7.0,2.0,2.0,0.0,,,,,,,,1.0,2.0,2.0,2.0,2.0,4.0,,,,,,,8.0,8.0,5.0,.,5.0,,5.0,,5.0,,,,3,3,2.0,2.0,2.0,0.0,1.0,1.0,1.0,1.0,3.0,1.0,3,3,2,0,0.0,0,2,2,4,2,2,2,2,1.0,2.0,3.0,4.0,1.0,1.0,1.0,1.0,3.0,1.0,1.0,0,3.0,3,1.0,1.0,4.0,2.0,1,4.0,2,2,2.0,200,800,2.0,2.0,.,OK,1,1,1,1.0,1.0,1.0,uuid:8c70f2f4-64d8-40a8-80ee-83eaaab7ce42,uuid:8c70f2f4-64d8-40a8-80ee-83eaaab7ce42,,,,0.0,6101077.0,,C,0,1.0,0.0,1.0,0.0,1.0,0.0,28 Jan 2021,22308.0,1700,1300, 3/18/2019,09:56:00,11:02:00,01:06:00,
2019-03-29 07:39:31,2019-03-29 08:17:09,2019-03-29,4,1.0,6336,6336,1,1,633.0,,,,,,,,,,,,,,,,,,,,,,,,,,,,,,,,,,,,,,,,,,,,,,,,,,,,,,,,,,,,,,,,,,,,,,,,,,,,,,,,,,,,,,,,,,,,,,,,,,,,,,,,,,,,,,,,,,,,,,,,,6,4,2,0,1,1500.0,2000.0,,,0.0,0.0,0.0,,,,,,,,,,0.0,0.0,0.0,0.0,0.0,0.0,0.0,0.0,,,,,,,,,,,,,,,,,,,,,,,,,,,,,,,,,,,,,,,4,4,2.0,2.0,2.0,2.0,2.0,2.0,2.0,2.0,3.0,1.0,3,3,2,0,0.0,0,1,2,2,2,2,2,2,1.0,2.0,3.0,4.0,1.0,2.0,2.0,1.0,3.0,1.0,1.0,0,4.0,2,1.0,1.0,1.0,1.0,2,4.0,1,1,2.0,400,600,,,.,OK,1,1,1,,,,uuid:8cb04f42-67b8-4443-83a4-0dd8f4e080db,uuid:8cb04f42-67b8-4443-83a4-0dd8f4e080db,,,,0.0,6336.0,,C,0,1.0,0.0,1.0,0.0,1.0,0.0,28 Jan 2021,22308.0,1300,1700,,,,,
2019-04-23 10:51:19,2019-04-23 11:33:35,2019-04-23,5,0.0,32092,32092,1,1,320.0,31.0,0.0,1990.0,Katoka,Tukombe,LULUWA,46.0,,3.0,,2.0,1.0,4.0,KANANGA,9.0,,10000.0,0.0,4.0,4.0,3.0,1.0,1.0,1.0,1.0,1.0,1.0,1.0,2.0,0.0,10000.0,0.0,0.0,1.0,0.0,0.0,0.0,0.0,,,,,,,,,,,,,,,,,,,,,,,,,,,,,,,,,,,,,,,,,,,,,,,,,,,,,,,,,,,,,,,,,,,,,,,,,,,,,,,,,,,8,5,2,2,1,500.0,1000.0,,,0.0,0.0,0.0,,,,,,,,,,0.0,0.0,0.0,0.0,0.0,0.0,0.0,0.0,,,,,,,,,,,,,,,,,,,,,,,,,,,,,,,,,,,,,,,4,3,3.0,2.0,3.0,2.0,2.0,2.0,2.0,2.0,1.0,5.0,1,3,2,0,0.0,0,2,4,2,1,4,2,4,4.0,2.0,1.0,3.0,1.0,3.0,3.0,1.0,3.0,3.0,3.0,0,4.0,1,1.0,4.0,2.0,1.0,1,7.0,1,1,2.0,800,200,,,.,OK,1,1,1,,,,uuid:8de70f8a-4efa-430d-b445-0093fa57eb20,uuid:8de70f8a-4efa-430d-b445-0093fa57eb20,,,,0.0,32092.0,,A,0,1.0,1.0,1.0,0.0,1.0,0.0,28 Jan 2021,22308.0,1200,1800,,,,,
2019-04-11 13:28:08,2019-04-11 14:08:09,2019-04-11,4,1.0,69395,69395,1,1,693.0,,,,,,,,,,,,,,,,,,,,,,,,,,,,,,,,,,,,,,,,,,,,,,,,,,,,,,,,,,,,,,,,,,,,,,,,,,,,,,,,,,,,,,,,,,,,,,,,,,,,,,,,,,,,,,,,,,,,,,,,,5,4,3,2,1,500.0,10000.0,,,0.0,0.0,0.0,,,,,,,,,,0.0,0.0,0.0,0.0,0.0,0.0,0.0,0.0,,,,,,,,,,,,,,,,,,,,,,,,,,,,,,,,,,,,,,,5,5,3.0,1.0,1.0,2.0,2.0,0.0,1.0,0.0,1.0,7.0,4,1,2,-1,-1.0,-1,2,4,4,2,3,2,4,3.0,4.0,1.0,2.0,1.0,1.0,1.0,1.0,1.0,3.0,1.0,0,4.0,1,1.0,4.0,4.0,1.0,1,5.0,4,4,1.0,300,700,,,.,OK,1,1,1,,,,uuid:903a425d-99c3-4b36-bf4b-43065af29f6e,uuid:903a425d-99c3-4b36-bf4b-43065af29f6e,,,,0.0,69395.0,,C,0,1.0,0.0,1.0,0.0,1.0,0.0,28 Jan 2021,22308.0,700,2300,,,,,
2019-03-19 13:38:43,2019-03-19 15:03:07,2019-03-19,3,1.0,30490,30490,1,1,304.0,,,,,,,,,,,,,,,,,,,,,,,,,,,,,,,,,,,,,,,0.0,2.0,3.0,3.0,3.0,3.0,1.0,1.0,3.0,3.0,3.0,3.0,3.0,3.0,3.0,5.0,4.0,2.0,1.0,1.0,1.0,1.0,2000.0,,,1000.0,,,,1.0,4.0,4.0,2.0,2.0,4.0,2.0,4.0,2.0,2.0,2.0,4.0,2.0,4.0,4.0,1.0,1.0,1.0,4.0,1.0,0.0,1.0,0.0,1.0,1.0,0.0,4.0,2.0,0.0,0.0,0.0,1.0,1.0,0.0,0.0,4.0,3.0,3.0,1.0,1.0,1.0,1.0,2.0,1.0,1.0,0.0,0.0,4.0,0.0,0.0,0.0,0.0,0.0,8,6,5,3,1,1500.0,2000.0,,,0.0,0.0,0.0,,,,,,,,,,,,,,0.0,0.0,0.0,0.0,,,,,-2.0,0.0,2.0,,,,,,,,,,,,,,,,,,,,5.0,8.0,4.0,,5.0,,5.0,,4.0,,0.0,0.0,5,3,3.0,2.0,3.0,2.0,2.0,2.0,2.0,2.0,3.0,1.0,3,3,1,0,0.0,0,2,2,2,2,2,2,2,1.0,2.0,3.0,4.0,1.0,3.0,1.0,1.0,1.0,1.0,1.0,0,3.0,2,1.0,1.0,1.0,1.0,1,4.0,1,1,2.0,300,700,4.0,2.0,.,OK,1,1,1,1.0,1.0,1.0,uuid:9092b0a1-a0a0-475b-8370-97c766167d12,uuid:9092b0a1-a0a0-475b-8370-97c766167d12,,,,0.0,30490.0,,A,0,1.0,0.0,1.0,0.0,1.0,0.0,28 Jan 2021,22308.0,1800,1200, 3/19/2019,16:01:59,16:14:00,00:12:00,
2019-03-26 07:46:32,2019-03-26 08:27:39,2019-03-26,4,1.0,53646,53646,1,1,536.0,,,,,,,,,,,,,,,,,,,,,,,,,,,,,,,,,,,,,,,,,,,,,,,,,,,,,,,,,,,,,,,,,,,,,,,,,,,,,,,,,,,,,,,,,,,,,,,,,,,,,,,,,,,,,,,,,,,,,,,,,8,8,5,3,1,15000.0,3000.0,,,0.0,0.0,0.0,,,,,,,,,,,,,,0.0,0.0,0.0,0.0,,,,,,,,,,,,,,,,,,,,,,,,,,,,,,,,,,,,,,,3,4,2.0,2.0,2.0,0.0,2.0,2.0,2.0,2.0,1.0,3.0,3,3,2,0,0.0,0,2,2,4,2,2,4,2,4.0,3.0,1.0,2.0,8.0,3.0,2.0,1.0,3.0,1.0,1.0,0,4.0,1,1.0,1.0,1.0,1.0,1,6.0,2,2,2.0,800,200,,,.,OK,1,1,1,,,,uuid:90f2dfdc-5e88-48ca-9b1f-81652aaa4e56,uuid:90f2dfdc-5e88-48ca-9b1f-81652aaa4e56,,,,0.0,53646.0,,C,0,1.0,0.0,1.0,0.0,1.0,0.0,28 Jan 2021,22308.0,1800,1200,,,,,
2019-03-21 07:44:23,2019-03-21 09:32:48,2019-03-21,2,,11146,11146,1,1,112.0,,,,,,,,,,,,,,,,,,,,,,,,,,,,,,,,,,,,,,,1.0,5.0,3.0,4.0,5.0,3.0,3.0,4.0,5.0,4.0,4.0,3.0,5.0,3.0,3.0,4.0,2.0,2.0,1.0,1.0,1.0,1.0,2000.0,,,,,,,2.0,5.0,4.0,1.0,1.0,1.0,1.0,3.0,1.0,4.0,1.0,4.0,2.0,1.0,4.0,4.0,1.0,1.0,4.0,1.0,1.0,1.0,1.0,1.0,1.0,1.0,3.0,2.0,1.0,0.0,0.0,1.0,0.0,0.0,0.0,4.0,4.0,4.0,4.0,1.0,2.0,1.0,1.0,2.0,2.0,0.0,0.0,3.0,0.0,0.0,0.0,0.0,0.0,5,3,2,1,1,1000.0,2000.0,,,0.0,0.0,0.0,,,0.0,,,,,,,,,,,0.0,0.0,0.0,0.0,,,0.0,,0.0,1.0,1.0,,,,,,,,1.0,2.0,2.0,1.0,2.0,4.0,,,,,,,3.0,5.0,5.0,,5.0,,5.0,,5.0,,,,5,5,3.0,2.0,2.0,2.0,2.0,2.0,2.0,2.0,1.0,4.0,1,1,2,0,0.0,0,1,2,4,2,2,4,2,3.0,4.0,1.0,2.0,1.0,2.0,7.0,1.0,3.0,1.0,1.0,0,3.0,1,1.0,4.0,1.0,1.0,1,4.0,1,1,2.0,300,700,2.0,2.0,.,OK,1,1,1,1.0,1.0,1.0,uuid:91baf714-e28a-4859-87cc-11ba57d2bb32,uuid:91baf714-e28a-4859-87cc-11ba57d2bb32,,,,0.0,11146.0,,C,0,1.0,0.0,1.0,0.0,1.0,0.0,28 Jan 2021,22308.0,1400,1600, 3/21/2019,10:33:00,11:10:00,00:37:00,
2019-03-27 08:35:04,2019-03-27 09:55:28,2019-03-27,3,0.0,53072,53072,1,1,530.0,26.0,1.0,,lukonga,kanioka,LULUWA,46.0,,1.0,,2.0,1.0,4.0,KANANGA,27.0,,2500.0,4000.0,4.0,4.0,5.0,1.0,1.0,1.0,1.0,1.0,1.0,1.0,1.0,4000.0,2500.0,0.0,0.0,0.0,0.0,0.0,0.0,0.0,0.0,1.0,1.0,3.0,4.0,4.0,1.0,3.0,5.0,4.0,1.0,1.0,1.0,3.0,3.0,1.0,4.0,2.0,2.0,2.0,1.0,2.0,2000.0,,,,,,,2.0,4.0,4.0,4.0,4.0,2.0,1.0,4.0,1.0,4.0,2.0,4.0,1.0,4.0,4.0,4.0,4.0,1.0,3.0,1.0,1.0,1.0,0.0,2.0,2.0,2.0,6.0,0.0,1.0,1.0,0.0,0.0,1.0,1.0,0.0,1.0,4.0,4.0,4.0,2.0,2.0,2.0,2.0,2.0,2.0,2.0,-1.0,4.0,-2.0,-1.0,-1.0,-1.0,-2.0,8,7,6,3,1,3000.0,3000.0,,,0.0,0.0,0.0,,,,,,,,,,0.0,0.0,0.0,0.0,0.0,0.0,0.0,0.0,,,,,-2.0,2.0,-1.0,,,,,,,,,,,,,,,,,,,,9.0,5.0,5.0,,3.0,,5.0,,5.0,,,,3,3,0.0,0.0,0.0,0.0,0.0,0.0,0.0,0.0,1.0,5.0,4,3,2,0,0.0,0,2,2,2,1,1,2,2,2.0,4.0,1.0,3.0,2.0,3.0,2.0,2.0,3.0,2.0,2.0,0,4.0,1,3.0,3.0,1.0,1.0,1,4.0,1,1,1.0,200,800,1.0,1.0,.,OK,1,1,1,1.0,1.0,1.0,uuid:932f7a2d-d109-4646-8260-67e387768f28,uuid:932f7a2d-d109-4646-8260-67e387768f28,,,,0.0,53072.0,,A,0,1.0,1.0,1.0,0.0,1.0,0.0,28 Jan 2021,22308.0,700,2300,27/03/2019,10:54:00,11:15:00,00:21:00,
2019-03-26 08:16:19,2019-03-26 08:47:19,2019-03-26,4,1.0,54445,54445,1,1,544.0,,,,,,,,,,,,,,,,,,,,,,,,,,,,,,,,,,,,,,,,,,,,,,,,,,,,,,,,,,,,,,,,,,,,,,,,,,,,,,,,,,,,,,,,,,,,,,,,,,,,,,,,,,,,,,,,,,,,,,,,,6,5,4,3,1,2000.0,5000.0,,,0.0,0.0,0.0,,,,,,,,,,,,,,0.0,0.0,0.0,0.0,,,,,,,,,,,,,,,,,,,,,,,,,,,,,,,,,,,,,,,3,3,2.0,2.0,2.0,1.0,2.0,2.0,2.0,2.0,7.0,1.0,1,3,1,0,0.0,0,1,2,2,2,2,2,2,2.0,3.0,1.0,4.0,2.0,2.0,2.0,2.0,2.0,2.0,2.0,1,,1,1.0,1.0,1.0,1.0,1,3.0,1,1,1.0,500,500,,,.,OK,1,1,1,,,,uuid:93a784f3-f5a5-40f0-8887-d6261b43298b,uuid:93a784f3-f5a5-40f0-8887-d6261b43298b,,,,0.0,54445.0,,C,0,1.0,0.0,1.0,0.0,1.0,0.0,28 Jan 2021,22308.0,1400,1600,,,,,
2019-04-23 09:58:40,2019-04-23 10:42:19,2019-04-23,5,0.0,64093,64093,0,1,640.0,46.0,1.0,,Kananga,Kamayi,LULUWA,19.0,,3.0,,3.0,1.0,4.0,DIBAYA,4.0,,125000.0,200000.0,5.0,4.0,3.0,1.0,1.0,1.0,1.0,1.0,1.0,1.0,1.0,200000.0,125000.0,1.0,0.0,1.0,0.0,0.0,0.0,0.0,,,,,,,,,,,,,,,,,,,,,,,,,,,,,,,,,,,,,,,,,,,,,,,,,,,,,,,,,,,,,,,,,,,,,,,,,,,,,,,,,,,10,8,7,3,1,1500.0,2000.0,,,0.0,0.0,0.0,,,,,,,,,,0.0,0.0,0.0,0.0,0.0,0.0,0.0,0.0,,,,,,,,,,,,,,,,,,,,,,,,,,,,,,,,,,,,,,,3,3,0.0,2.0,3.0,0.0,2.0,0.0,0.0,0.0,3.0,4.0,3,3,2,0,0.0,0,1,1,4,1,1,1,1,3.0,4.0,2.0,1.0,2.0,2.0,2.0,2.0,2.0,2.0,2.0,1,,4,2.0,2.0,2.0,1.0,1,4.0,1,1,1.0,100,900,,,.,OK,1,1,1,,,,uuid:95973085-b576-4749-a9fa-8279b3fda361,uuid:95973085-b576-4749-a9fa-8279b3fda361,,,,0.0,64093.0,,A,0,1.0,1.0,1.0,0.0,1.0,0.0,28 Jan 2021,22308.0,1300,1700,,,,,
2019-04-04 16:11:39,2019-04-04 16:42:18,2019-04-04,5,1.0,10546,10546,1,1,105.0,,,,,,,,,,,,,,,,,,,,,,,,,,,,,,,,,,,,,,,,,,,,,,,,,,,,,,,,,,,,,,,,,,,,,,,,,,,,,,,,,,,,,,,,,,,,,,,,,,,,,,,,,,,,,,,,,,,,,,,,,8,6,5,4,1,1500.0,3000.0,,,0.0,0.0,0.0,,,,,,,,,,0.0,0.0,0.0,0.0,0.0,0.0,0.0,0.0,,,,,,,,,,,,,,,,,,,,,,,,,,,,,,,,,,,,,,,3,3,3.0,3.0,3.0,3.0,3.0,3.0,3.0,3.0,3.0,1.0,1,3,2,0,0.0,0,1,2,2,2,2,2,2,3.0,4.0,1.0,2.0,1.0,1.0,1.0,1.0,1.0,1.0,1.0,0,3.0,2,1.0,2.0,2.0,2.0,2,3.0,1,2,,500,500,,,.,OK,1,1,1,,,,uuid:9669579e-319b-4b43-9dc0-371fb5a3a145,uuid:9669579e-319b-4b43-9dc0-371fb5a3a145,,,,0.0,10546.0,,A,0,1.0,0.0,1.0,0.0,1.0,0.0,28 Jan 2021,22308.0,1000,2000,,,,,
2019-03-22 10:07:08,2019-03-22 11:19:10,2019-03-22,3,1.0,23449,23449,1,1,234.0,,,,,,,,,,,,,,,,,,,,,,,,,,,,,,,,,,,,,,,1.0,2.0,3.0,3.0,3.0,3.0,2.0,3.0,4.0,3.0,3.0,3.0,3.0,3.0,3.0,3.0,4.0,2.0,1.0,1.0,1.0,1.0,,2500.0,,,,,,2.0,4.0,4.0,2.0,2.0,2.0,4.0,2.0,2.0,2.0,1.0,2.0,2.0,1.0,1.0,6.0,1.0,1.0,4.0,1.0,1.0,1.0,1.0,1.0,1.0,2.0,7.0,2.0,1.0,0.0,1.0,1.0,1.0,0.0,0.0,4.0,3.0,4.0,4.0,1.0,1.0,1.0,1.0,1.0,1.0,0.0,0.0,2.0,0.0,0.0,0.0,0.0,0.0,6,4,3,0,1,1000.0,3000.0,,,0.0,0.0,0.0,,,,,,,,,,,,,,0.0,0.0,0.0,0.0,,,,,1.0,2.0,2.0,,,,,,,,,,,,,,,,,,,,8.0,7.0,5.0,,3.0,,3.0,,5.0,,,,3,5,3.0,2.0,3.0,2.0,2.0,2.0,2.0,2.0,3.0,1.0,2,1,2,0,0.0,0,2,3,2,2,2,3,2,1.0,2.0,3.0,4.0,8.0,2.0,2.0,2.0,2.0,1.0,1.0,0,4.0,1,3.0,3.0,3.0,1.0,1,5.0,2,1,1.0,300,700,2.0,2.0,.,OK,1,1,1,1.0,1.0,1.0,uuid:96e1c140-5c07-4239-9b0c-47928f9c9bfd,uuid:96e1c140-5c07-4239-9b0c-47928f9c9bfd,,,,0.0,23449.0,,A,0,1.0,0.0,1.0,0.0,1.0,0.0,28 Jan 2021,22308.0,1000,2000,22/03/2019,12:20:00,13:17:00,00:57:00,
2019-03-21 11:30:57,2019-03-21 12:04:55,2019-03-21,5,1.0,31392,31392,1,1,313.0,,,,,,,,,,,,,,,,,,,,,,,,,,,,,,,,,,,,,,,,,,,,,,,,,,,,,,,,,,,,,,,,,,,,,,,,,,,,,,,,,,,,,,,,,,,,,,,,,,,,,,,,,,,,,,,,,,,,,,,,,8,7,6,5,1,3000.0,1500.0,,,0.0,0.0,0.0,,,,,,,,,,,,,,0.0,0.0,0.0,0.0,,,,,,,,,,,,,,,,,,,,,,,,,,,,,,,,,,,,,,,4,5,0.0,3.0,2.0,0.0,2.0,1.0,2.0,1.0,1.0,3.0,3,3,2,0,0.0,0,1,2,1,2,2,2,2,3.0,4.0,1.0,2.0,1.0,1.0,1.0,1.0,3.0,1.0,1.0,1,,2,2.0,1.0,1.0,1.0,2,3.0,1,1,2.0,800,200,,,.,OK,1,0,1,,,,uuid:97e5d947-d1fd-4359-8ed1-1761aa79b905,uuid:97e5d947-d1fd-4359-8ed1-1761aa79b905,,,,0.0,31392.0,,A,0,1.0,0.0,1.0,0.0,1.0,0.0,28 Jan 2021,22308.0,1900,1100,,,,,
2019-03-20 09:21:52,2019-03-20 10:03:39,2019-03-20,4,1.0,6207,6207,1,1,620.0,,,,,,,,,,,,,,,,,,,,,,,,,,,,,,,,,,,,,,,,,,,,,,,,,,,,,,,,,,,,,,,,,,,,,,,,,,,,,,,,,,,,,,,,,,,,,,,,,,,,,,,,,,,,,,,,,,,,,,,,,8,6,5,2,1,2000.0,3000.0,,,0.0,0.0,0.0,,,,,,,,,,,,,,0.0,0.0,0.0,0.0,,,,,,,,,,,,,,,,,,,,,,,,,,,,,,,,,,,,,,,5,4,2.0,2.0,2.0,1.0,1.0,1.0,2.0,2.0,3.0,7.0,3,3,2,0,0.0,0,1,1,3,2,2,3,2,3.0,4.0,1.0,2.0,1.0,1.0,1.0,2.0,2.0,2.0,2.0,1,,1,1.0,1.0,1.0,1.0,2,4.0,2,1,1.0,800,200,,,.,OK,1,1,1,,,,uuid:98bec08f-84bb-4217-9129-a8f938511a19,uuid:98bec08f-84bb-4217-9129-a8f938511a19,,,,0.0,6207.0,,C,0,1.0,0.0,1.0,0.0,1.0,0.0,28 Jan 2021,22308.0,1300,1700,,,,,
2019-04-04 12:50:53,2019-04-04 13:30:18,2019-04-04,5,0.0,10984,10984,1,1,109.0,56.0,1.0,,Lokonga,Mabondo,BINDI,,,1.0,,2.0,1.0,4.0,KAZUMBA,30.0,,35000.0,45000.0,5.0,3.0,2.0,1.0,1.0,1.0,1.0,2.0,3.0,3.0,3.0,45000.0,35000.0,0.0,0.0,0.0,0.0,0.0,0.0,1.0,,,,,,,,,,,,,,,,,,,,,,,,,,,,,,,,,,,,,,,,,,,,,,,,,,,,,,,,,,,,,,,,,,,,,,,,,,,,,,,,,,,9,8,7,5,1,500.0,1500.0,,,0.0,0.0,0.0,,,,,,,,,,0.0,0.0,0.0,0.0,0.0,0.0,0.0,0.0,,,,,,,,,,,,,,,,,,,,,,,,,,,,,,,,,,,,,,,5,5,2.0,0.0,2.0,0.0,2.0,2.0,2.0,2.0,1.0,3.0,3,3,2,0,0.0,0,2,2,4,2,2,2,2,3.0,4.0,1.0,2.0,1.0,1.0,1.0,1.0,1.0,1.0,1.0,1,,1,1.0,1.0,1.0,1.0,2,4.0,3,3,2.0,500,500,,,.,OK,1,1,1,,,,uuid:98dd4578-88ba-47d3-bfb7-870e122e4917,uuid:98dd4578-88ba-47d3-bfb7-870e122e4917,,,,0.0,10984.0,,A,0,1.0,1.0,1.0,0.0,1.0,0.0,28 Jan 2021,22308.0,1100,1900,,,,,
2019-03-20 12:57:47,2019-03-20 14:12:18,2019-03-20,2,,6525,6525,1,1,652.0,,,,,,,,,,,,,,,,,,,,,,,,,,,,,,,,,,,,,,,0.0,1.0,3.0,3.0,3.0,3.0,1.0,3.0,3.0,3.0,3.0,3.0,3.0,3.0,3.0,2.0,4.0,1.0,1.0,1.0,2.0,2.0,2000.0,,,,,1000.0,,1.0,4.0,4.0,1.0,1.0,1.0,2.0,5.0,2.0,2.0,2.0,4.0,1.0,4.0,1.0,3.0,1.0,1.0,4.0,1.0,2.0,1.0,0.0,2.0,1.0,1.0,5.0,2.0,1.0,0.0,0.0,0.0,1.0,0.0,0.0,3.0,4.0,4.0,3.0,2.0,2.0,1.0,1.0,2.0,2.0,-2.0,-2.0,2.0,0.0,0.0,0.0,0.0,2.0,6,2,1,0,1,1000.0,1000.0,,,0.0,0.0,0.0,,,0.0,,,,,,,,,,,0.0,0.0,0.0,0.0,,,1.0,2.0,2.0,2.0,2.0,,,,,,,,0.0,,,,,,0.0,,,,,,8.0,10.0,5.0,,5.0,,5.0,,5.0,,,,3,3,0.0,3.0,3.0,0.0,0.0,0.0,0.0,0.0,1.0,3.0,3,3,2,0,0.0,0,1,2,4,2,2,2,2,2.0,4.0,1.0,3.0,3.0,3.0,5.0,2.0,3.0,2.0,2.0,0,4.0,3,1.0,2.0,4.0,1.0,1,7.0,1,1,2.0,1000,0,3.0,2.0,.,OK,1,1,1,1.0,1.0,1.0,uuid:98f3f96d-bc31-44af-a139-2e8d331e5bcf,uuid:98f3f96d-bc31-44af-a139-2e8d331e5bcf,,,,0.0,6525.0,,C,0,1.0,0.0,1.0,0.0,1.0,0.0,28 Jan 2021,22308.0,1200,1800, 3/20/2019,15:11:00,15:43:00,00:32:00,
2019-03-22 09:12:47,2019-03-22 10:32:29,2019-03-22,2,,65089,65089,1,1,649.0,,,,,,,,,,,,,,,,,,,,,,,,,,,,,,,,,,,,,,,0.0,1.0,3.0,3.0,4.0,3.0,2.0,1.0,3.0,3.0,3.0,2.0,3.0,3.0,3.0,2.0,2.0,2.0,1.0,1.0,1.0,1.0,,,3000.0,,,,,1.0,5.0,4.0,2.0,2.0,4.0,2.0,2.0,2.0,4.0,2.0,2.0,2.0,4.0,4.0,2.0,3.0,2.0,4.0,2.0,1.0,2.0,0.0,1.0,1.0,1.0,8.0,1.0,0.0,0.0,0.0,0.0,0.0,0.0,1.0,4.0,4.0,4.0,4.0,2.0,2.0,1.0,1.0,1.0,1.0,2.0,0.0,4.0,0.0,0.0,0.0,0.0,0.0,10,10,10,10,1,2000.0,10000.0,,,0.0,0.0,0.0,,,1.0,0.0,0.0,0.0,1.0,,2.0,0.0,0.0,0.0,1.0,0.0,0.0,0.0,1.0,,,0.0,,1.0,1.0,0.0,,,,,,,,1.0,3.0,2.0,2.0,2.0,3.0,,,,,,,9.0,8.0,,Rien à confirmer,,N'en sait rien,,Ne peut rien confirmer,5.0,,,,3,3,2.0,1.0,1.0,2.0,2.0,2.0,2.0,2.0,1.0,2.0,2,3,2,0,0.0,0,2,2,4,2,2,2,2,3.0,4.0,1.0,2.0,1.0,1.0,1.0,2.0,1.0,2.0,1.0,1,,2,1.0,1.0,2.0,1.0,1,7.0,2,2,1.0,0,1000,,2.0,.,OK,1,1,1,0.0,,1.0,uuid:9a1284ee-cf8e-4026-80b6-aa45cb5794ad,uuid:9a1284ee-cf8e-4026-80b6-aa45cb5794ad,,,,0.0,65089.0,,C,0,1.0,0.0,1.0,0.0,1.0,0.0,28 Jan 2021,22308.0,1200,1800,22/03/2019,12:36:00,13:13:00,00:37:00,
2019-03-23 06:32:19,2019-03-23 07:57:58,2019-03-23,2,,34246,34246,1,1,342.0,,,,,,,,,,,,,,,,,,,,,,,,,,,,,,,,,,,,,,,0.0,1.0,3.0,3.0,3.0,3.0,3.0,3.0,4.0,3.0,3.0,3.0,3.0,3.0,3.0,4.0,4.0,2.0,1.0,1.0,1.0,1.0,,,3000.0,,,,,2.0,4.0,2.0,2.0,2.0,2.0,2.0,2.0,2.0,2.0,2.0,2.0,2.0,3.0,3.0,5.0,2.0,2.0,3.0,1.0,1.0,1.0,1.0,1.0,1.0,2.0,5.0,1.0,0.0,0.0,0.0,0.0,0.0,0.0,1.0,4.0,4.0,4.0,4.0,2.0,2.0,2.0,1.0,1.0,1.0,0.0,0.0,6.0,-1.0,0.0,0.0,-1.0,-1.0,6,5,3,3,1,1500.0,5000.0,,,0.0,0.0,0.0,,,1.0,1.0,1.0,1.0,0.0,,1.0,1.0,0.0,0.0,0.0,1.0,0.0,0.0,0.0,,,1.0,888.0,1.0,1.0,1.0,,,,,,,,1.0,1.0,2.0,2.0,2.0,2.0,,,,,,,8.0,6.0,4.0,,4.0,,3.0,,5.0,,,,5,4,3.0,1.0,2.0,3.0,2.0,2.0,2.0,2.0,1.0,3.0,3,3,2,0,0.0,0,2,3,4,2,3,2,4,3.0,4.0,1.0,2.0,1.0,3.0,1.0,2.0,3.0,2.0,1.0,0,1.0,1,1.0,1.0,1.0,1.0,2,4.0,2,2,1.0,400,600,2.0,2.0,.,OK,1,1,1,0.0,,1.0,uuid:9acf38d8-4da9-4790-8d6c-7db1717e2bd6,uuid:9acf38d8-4da9-4790-8d6c-7db1717e2bd6,,,,0.0,34246.0,,C,0,1.0,0.0,1.0,0.0,1.0,0.0,28 Jan 2021,22308.0,1300,1700,23/03/2019,09:00:00,,,
2019-03-13 07:41:16,2019-03-13 10:34:35,2019-03-13,1,,83,83,1,1,,,,,.,.,.,,.,,,,,,.,,.,,,,,,,,,,,,,,,,0.0,0.0,0.0,0.0,0.0,0.0,0.0,1.0,3.0,5.0,3.0,3.0,5.0,3.0,5.0,5.0,5.0,4.0,5.0,5.0,5.0,5.0,2.0,2.0,2.0,1.0,1.0,1.0,1.0,2000.0,,,,,,,1.0,4.0,4.0,2.0,2.0,2.0,1.0,3.0,2.0,4.0,1.0,4.0,1.0,4.0,4.0,1.0,1.0,1.0,4.0,1.0,2.0,2.0,1.0,1.0,2.0,1.0,2.0,2.0,0.0,0.0,0.0,0.0,1.0,1.0,0.0,4.0,4.0,4.0,4.0,2.0,1.0,2.0,2.0,2.0,2.0,2.0,1.0,4.0,,2.0,2.0,,0.0,10,8,6,5,1,,,2.0,4.0,0.0,0.0,1.0,0.0,,,0.0,0.0,0.0,0.0,,,0.0,0.0,0.0,0.0,0.0,0.0,0.0,0.0,,,,,-1.0,-2.0,-2.0,0.0,,,,,,0.0,,,,,,,,1.0,2.0,,3.0,,5.0,7.0,1.0,,3.0,,3.0,,5.0,,,,5,3,,,,,,,,,,,3,3,1,0,0.0,0,2,2,2,2,2,2,2,,,,,1.0,3.0,8.0,2.0,3.0,7.0,1.0,0,3.0,2,2.0,2.0,2.0,1.0,2,4.0,1,1,1.0,400,600,1.0,1.0,.,,1,1,1,1.0,1.0,1.0,uuid:9b5d6a1f-1e8b-49ea-bcac-ccb81f990109,uuid:9b5d6a1f-1e8b-49ea-bcac-ccb81f990109,1.0,2.0,2.0,0.0,,83.0,,0,1.0,0.0,0.0,0.0,1.0,0.0,28 Jan 2021,22308.0,500,2500, 3/13/2019,10:37:00,10:50:00,00:13:00,1.0
2019-03-25 06:31:19,2019-03-25 07:51:29,2019-03-25,2,,3196,3196,1,1,319.0,,,,,,,,,,,,,,,,,,,,,,,,,,,,,,,,,,,,,,,0.0,1.0,3.0,3.0,3.0,3.0,3.0,3.0,3.0,3.0,3.0,3.0,3.0,3.0,3.0,4.0,2.0,2.0,1.0,1.0,1.0,1.0,,2500.0,,,,,,2.0,4.0,4.0,2.0,2.0,2.0,2.0,4.0,2.0,4.0,2.0,2.0,2.0,3.0,3.0,2.0,3.0,3.0,5.0,1.0,1.0,1.0,0.0,1.0,1.0,1.0,5.0,1.0,0.0,0.0,0.0,0.0,0.0,0.0,1.0,3.0,4.0,4.0,1.0,1.0,2.0,1.0,1.0,1.0,1.0,-1.0,-1.0,4.0,-1.0,2.0,0.0,1.0,0.0,10,5,5,5,1,1500.0,10000.0,,,0.0,0.0,0.0,,,0.0,,,,,,,,,,,0.0,0.0,0.0,0.0,,,1.0,1.0,1.0,1.0,1.0,,,,,,,,1.0,1.0,1.0,1.0,1.0,2.0,,,,,,,9.0,8.0,4.0,,4.0,,5.0,,5.0,,,,5,5,1.0,2.0,2.0,1.0,1.0,2.0,3.0,1.0,1.0,3.0,3,3,2,0,0.0,0,2,2,2,2,2,2,2,3.0,4.0,1.0,2.0,2.0,8.0,8.0,2.0,2.0,1.0,1.0,0,4.0,1,1.0,2.0,2.0,1.0,1,4.0,1,1,2.0,300,700,2.0,2.0,.,OK,1,1,1,1.0,1.0,1.0,uuid:9c2c1338-61fb-4c69-b641-980b3e93c0b6,uuid:9c2c1338-61fb-4c69-b641-980b3e93c0b6,,,,0.0,3196.0,,C,0,1.0,0.0,1.0,0.0,1.0,0.0,28 Jan 2021,22308.0,1600,1400,25/03/2019,09:52:00,10:27:00,00:35:00,
2019-04-22 08:42:36,2019-04-22 09:49:38,2019-04-22,4,0.0,6412,6412,1,2,641.0,52.0,0.0,1972.0,Kananga,Kamayi prison,LULUWA,19.0,,2.0,,2.0,1.0,4.0,DIBAYA,,Animatrice à la radio,15000.0,50000.0,2.0,3.0,4.0,1.0,1.0,0.0,1.0,1.0,2.0,2.0,2.0,50000.0,15000.0,1.0,0.0,1.0,0.0,0.0,1.0,0.0,,,,,,,,,,,,,,,,,,,,,,,,,,,,,,,,,,,,,,,,,,,,,,,,,,,,,,,,,,,,,,,,,,,,,,,,,,,,,,,,,,,10,8,5,5,1,1300.0,2500.0,,,0.0,0.0,0.0,,,,,,,,,,0.0,0.0,0.0,0.0,0.0,0.0,0.0,0.0,,,,,,,,,,,,,,,,,,,,,,,,,,,,,,,,,,,,,,,3,5,3.0,1.0,3.0,1.0,2.0,2.0,2.0,2.0,1.0,5.0,4,3,2,0,0.0,0,2,3,1,1,2,2,2,3.0,4.0,1.0,2.0,1.0,1.0,1.0,1.0,1.0,1.0,1.0,0,4.0,1,2.0,2.0,1.0,1.0,2,4.0,1,1,1.0,200,800,,,.,OK,1,1,1,,,,uuid:9d3cb164-47d9-4cf2-850a-549215d155f6,uuid:9d3cb164-47d9-4cf2-850a-549215d155f6,,,,0.0,6412.0,,C,0,1.0,1.0,1.0,0.0,1.0,0.0,28 Jan 2021,22308.0,1100,1900,,,,,
2019-03-18 12:59:06,2019-03-18 13:39:57,2019-03-18,4,1.0,69494,69494,1,1,694.0,,,,,,,,,,,,,,,,.,,,,,,,,,,,,,,,,,,,,,,,,,,,,,,,,,,,,,,,,,,,,,,,,,,,,,,,,,,,,,,,,,,,,,,,,,,,,,,,,,,,,,,,,,,,,,,,,,,,,,,,,,3,2,1,0,1,1000.0,1500.0,,,,,,,,,,,,,,,0.0,0.0,0.0,0.0,0.0,0.0,0.0,0.0,,,,,,,,,,,,,,,,,,,,,,,,,,,,,,.,,,,,,,,,5,3,2.0,2.0,2.0,0.0,2.0,3.0,0.0,3.0,3.0,1.0,3,3,2,0,0.0,0,1,2,2,2,2,2,1,4.0,3.0,1.0,2.0,1.0,3.0,1.0,2.0,3.0,1.0,1.0,1,,2,2.0,1.0,3.0,2.0,1,4.0,1,1,2.0,200,800,,,.,OK,1,1,1,,,,uuid:9e8358be-14a9-401a-8e9f-569096e5a670,uuid:9e8358be-14a9-401a-8e9f-569096e5a670,,,,0.0,69494.0,,C,0,1.0,0.0,1.0,0.0,1.0,0.0,28 Jan 2021,22308.0,1200,1800,,,,,
2019-03-20 08:08:44,2019-03-20 09:04:11,2019-03-20,5,0.0,20249,20249,1,2,202.0,42.0,1.0,,ndesha,kamilabi,LULUWA,46.0,,3.0,,2.0,1.0,4.0,KAZUMBA,1.0,,10000.0,20000.0,8.0,3.0,2.0,1.0,1.0,1.0,0.0,1.0,1.0,2.0,2.0,20000.0,10000.0,0.0,0.0,0.0,0.0,0.0,0.0,0.0,,,,,,,,,,,,,,,,,,,,,,,,,,,,,,,,,,,,,,,,,,,,,,,,,,,,,,,,,,,,,,,,,,,,,,,,,,,,,,,,,,,8,6,3,2,1,1500.0,1500.0,,,0.0,0.0,0.0,,,,,,,,,,,,,,0.0,0.0,0.0,0.0,,,,,,,,,,,,,,,,,,,,,,,,,,,,,,,,,,,,,,,3,3,0.0,2.0,2.0,1.0,2.0,0.0,2.0,0.0,3.0,1.0,1,3,2,0,0.0,0,1,2,4,2,2,2,2,2.0,3.0,1.0,4.0,2.0,2.0,2.0,2.0,2.0,2.0,2.0,1,,1,1.0,1.0,1.0,1.0,3,3.0,2,2,,400,600,,,.,OK,1,1,1,,,,uuid:9f458b77-a872-40e7-9034-f3af30c4c662,uuid:9f458b77-a872-40e7-9034-f3af30c4c662,,,,0.0,20249.0,,A,0,1.0,1.0,1.0,0.0,1.0,0.0,28 Jan 2021,22308.0,600,2400,,,,,
2019-03-19 08:17:59,2019-03-19 09:02:17,2019-03-19,5,1.0,11594,11594,1,1,115.0,,,,,,,,,,,,,,,,,,,,,,,,,,,,,,,,,,,,,,,,,,,,,,,,,,,,,,,,,,,,,,,,,,,,,,,,,,,,,,,,,,,,,,,,,,,,,,,,,,,,,,,,,,,,,,,,,,,,,,,,,5,4,2,2,1,250.0,5000.0,,,0.0,0.0,0.0,,,,,,,,,,,,,,0.0,0.0,0.0,0.0,,,,,,,,,,,,,,,,,,,,,,,,,,,,,,,,,,,,,,,5,5,3.0,2.0,1.0,2.0,2.0,2.0,2.0,2.0,1.0,3.0,1,2,2,0,0.0,0,2,3,4,3,3,3,2,3.0,4.0,1.0,2.0,1.0,1.0,1.0,1.0,1.0,1.0,1.0,0,4.0,3,1.0,1.0,1.0,1.0,1,4.0,2,2,2.0,300,700,,,.,OK,1,1,1,,,,uuid:a0442410-aa43-47c0-b13b-c7d04858dc12,uuid:a0442410-aa43-47c0-b13b-c7d04858dc12,,,,0.0,11594.0,,A,0,1.0,0.0,1.0,0.0,1.0,0.0,28 Jan 2021,22308.0,1400,1600,,,,,
2019-03-13 13:43:49,2019-03-13 15:12:12,2019-03-13,1,,40,40,1,1,,,,,.,.,.,,.,,,,,,.,,.,,,,,,,,,,,,,,,,0.0,0.0,0.0,0.0,0.0,0.0,0.0,1.0,2.0,5.0,3.0,5.0,4.0,1.0,4.0,5.0,5.0,2.0,4.0,5.0,4.0,5.0,4.0,2.0,1.0,1.0,1.0,1.0,1.0,,,3000.0,,,,,1.0,5.0,5.0,1.0,1.0,1.0,1.0,1.0,1.0,2.0,1.0,2.0,1.0,3.0,4.0,1.0,2.0,3.0,4.0,2.0,2.0,2.0,0.0,1.0,2.0,2.0,7.0,2.0,0.0,0.0,0.0,1.0,0.0,0.0,0.0,4.0,0.0,4.0,4.0,1.0,2.0,2.0,2.0,2.0,2.0,1.0,-1.0,1.0,,0.0,0.0,,0.0,8,6,5,3,1,,,2.0,2.0,1.0,0.0,0.0,1.0,4.0,,0.0,0.0,0.0,0.0,,,0.0,0.0,0.0,0.0,0.0,0.0,0.0,0.0,,,,,-2.0,1.0,-2.0,0.0,,,,,,1.0,,,,,,,,2.0,3.0,,3.0,,5.0,3.0,2.0,,4.0,,4.0,,5.0,,,,3,3,,,,,,,,,,,4,3,2,0,0.0,1,1,1,2,2,3,1,1,,,,,8.0,,,2.0,7.0,7.0,8888.0,1,,2,2.0,2.0,1.0,1.0,2,3.0,1,1,2.0,500,500,2.0,1.0,.,,0,1,1,1.0,1.0,1.0,uuid:a15e3331-8beb-4707-b8a0-2bce86070c61,uuid:a15e3331-8beb-4707-b8a0-2bce86070c61,0.0,-1.0,0.0,0.0,,40.0,,0,1.0,0.0,0.0,0.0,1.0,0.0,28 Jan 2021,22308.0,1200,1800, 3/13/2019,15:15:00,15:38:00,00:23:00,
2019-04-20 08:33:16,2019-04-20 09:16:47,2019-04-20,5,0.0,670106,670106,1,1,670.0,32.0,1.0,,kananga,malandji,LULUWA,,bakua kalume,1.0,,2.0,1.0,4.0,DIBAYA,9.0,,9000.0,19000.0,4.0,4.0,3.0,1.0,1.0,0.0,1.0,1.0,1.0,1.0,1.0,19000.0,9000.0,0.0,0.0,1.0,0.0,0.0,0.0,0.0,,,,,,,,,,,,,,,,,,,,,,,,,,,,,,,,,,,,,,,,,,,,,,,,,,,,,,,,,,,,,,,,,,,,,,,,,,,,,,,,,,,10,6,4,2,1,2000.0,1500.0,,,0.0,0.0,0.0,,,,,,,,,,0.0,0.0,0.0,0.0,0.0,0.0,0.0,0.0,,,,,,,,,,,,,,,,,,,,,,,,,,,,,,,,,,,,,,,4,3,3.0,1.0,1.0,0.0,1.0,1.0,1.0,1.0,3.0,1.0,3,3,2,0,0.0,0,1,3,1,3,3,1,3,3.0,4.0,1.0,2.0,7.0,3.0,1.0,8.0,7.0,1.0,1.0,1,,2,2.0,1.0,1.0,1.0,1,4.0,1,1,2.0,500,500,,,.,OK,1,1,1,,,,uuid:a17e3cc9-d577-4abe-a3ba-60cb2a49c86b,uuid:a17e3cc9-d577-4abe-a3ba-60cb2a49c86b,,,,0.0,670106.0,,A,0,1.0,1.0,1.0,0.0,1.0,0.0,28 Jan 2021,22308.0,900,2100,,,,,
2019-03-20 14:39:18,2019-03-20 15:54:24,2019-03-20,2,,22088,22088,1,1,220.0,,,,,,,,,,,,,,,,,,,,,,,,,,,,,,,,,,,,,,,0.0,1.0,3.0,3.0,4.0,3.0,3.0,3.0,3.0,3.0,1.0,3.0,3.0,3.0,4.0,4.0,2.0,1.0,1.0,1.0,1.0,1.0,2000.0,,,,,,,1.0,5.0,5.0,1.0,2.0,1.0,2.0,2.0,2.0,4.0,1.0,4.0,2.0,1.0,1.0,1.0,1.0,1.0,1.0,1.0,0.0,1.0,0.0,2.0,1.0,2.0,4.0,2.0,1.0,0.0,1.0,0.0,0.0,0.0,0.0,4.0,4.0,4.0,4.0,2.0,2.0,2.0,1.0,0.0,1.0,1.0,1.0,3.0,-1.0,0.0,0.0,0.0,-1.0,6,4,3,2,1,1500.0,2000.0,,,0.0,0.0,0.0,,,0.0,,,,,,,,,,,0.0,0.0,0.0,0.0,,,1.0,3.0,2.0,2.0,2.0,,,,,,,,1.0,0.0,1.0,2.0,2.0,4.0,,,,,,,5.0,1.0,1.0,,4.0,,4.0,,5.0,,,,1,1,0.0,3.0,0.0,0.0,0.0,0.0,0.0,0.0,3.0,1.0,3,3,2,0,-1.0,0,1,2,2,2,2,2,2,2.0,4.0,1.0,3.0,3.0,3.0,3.0,2.0,3.0,2.0,3.0,0,1.0,1,1.0,1.0,1.0,1.0,1,6.0,1,1,2.0,400,600,1.0,2.0,.,OK,1,1,1,1.0,1.0,1.0,uuid:a215e137-6691-49f4-9f32-6421f4ca6510,uuid:a215e137-6691-49f4-9f32-6421f4ca6510,,,,0.0,22088.0,,C,0,1.0,0.0,1.0,0.0,1.0,0.0,28 Jan 2021,22308.0,1100,1900, 3/20/2019,16:52:00,17:22:00,00:30:00,
2020-02-13 08:51:46,2020-02-13 10:06:19,2020-02-13,1,1.0,58,58,1,1,,,,,.,.,.,,.,,,,,,.,,.,,,,,,,,,,,,,,,,0.0,0.0,0.0,0.0,0.0,0.0,0.0,1.0,2.0,3.0,3.0,4.0,4.0,1.0,3.0,3.0,2.0,2.0,3.0,3.0,4.0,5.0,5.0,4.0,2.0,1.0,1.0,2.0,2.0,,,3000.0,,,,,1.0,5.0,2.0,1.0,2.0,1.0,1.0,4.0,4.0,4.0,1.0,5.0,1.0,4.0,4.0,1.0,1.0,1.0,4.0,2.0,2.0,2.0,0.0,0.0,1.0,1.0,7.0,2.0,1.0,1.0,0.0,0.0,1.0,1.0,0.0,4.0,3.0,4.0,4.0,2.0,2.0,2.0,1.0,2.0,2.0,-2.0,0.0,4.0,-1.0,0.0,0.0,0.0,-2.0,10,9,6,5,1,1500.0,5000.0,2.0,2.0,1.0,1.0,0.0,1.0,2.0,,0.0,0.0,0.0,0.0,,,0.0,0.0,0.0,0.0,0.0,0.0,0.0,0.0,,,,,-2.0,-2.0,-2.0,0.0,,,,,,1.0,,,,,,,,2.0,3.0,,3.0,,8.0,8.0,3.0,.,3.0,.,3.0,.,5.0,,,,5,3,1.0,3.0,1.0,1.0,1.0,1.0,1.0,1.0,3.0,1.0,3,2,2,0,0.0,0,1,3,2,2,2,2,2,4.0,3.0,1.0,2.0,8.0,2.0,2.0,2.0,4.0,1.0,1.0,0,4.0,2,1.0,2.0,2.0,2.0,1,4.0,1,1,1.0,900,100,1.0,1.0,.,OK,1,1,1,1.0,1.0,1.0,uuid:a2e087b5-320a-422f-b157-00ce520ffd09,uuid:a2e087b5-320a-422f-b157-00ce520ffd09,,,,0.0,,58.0,,0,1.0,0.0,0.0,0.0,1.0,0.0,28 Jan 2021,22308.0,700,2300, 2/13/2020,10:06:00,11:10:59,01:05:00,
2019-03-28 10:44:40,2019-03-28 11:19:27,2019-03-28,5,0.0,36876,36876,1,1,368.0,28.0,1.0,,Katoka,Tshisuabantu,LULUWA,33.0,,8.0,,2.0,1.0,4.0,DIBAYA,4.0,,15000.0,25000.0,2.0,3.0,4.0,1.0,1.0,0.0,1.0,1.0,2.0,3.0,3.0,25000.0,15000.0,0.0,0.0,0.0,0.0,0.0,0.0,0.0,,,,,,,,,,,,,,,,,,,,,,,,,,,,,,,,,,,,,,,,,,,,,,,,,,,,,,,,,,,,,,,,,,,,,,,,,,,,,,,,,,,10,6,5,4,1,1500.0,2000.0,,,0.0,0.0,0.0,,,,,,,,,,0.0,0.0,0.0,0.0,0.0,0.0,0.0,0.0,,,,,,,,,,,,,,,,,,,,,,,,,,,,,,,,,,,,,,,5,4,3.0,2.0,2.0,2.0,2.0,2.0,2.0,2.0,3.0,1.0,1,3,1,0,0.0,0,2,2,2,2,2,2,2,4.0,3.0,1.0,2.0,1.0,1.0,1.0,1.0,1.0,8.0,1.0,1,,1,1.0,1.0,1.0,1.0,3,4.0,1,1,1.0,600,400,,,.,OK,1,1,1,,,,uuid:a2f039c8-bb89-45be-9bfe-157c9b373c46,uuid:a2f039c8-bb89-45be-9bfe-157c9b373c46,,,,0.0,36876.0,,A,0,1.0,1.0,1.0,0.0,1.0,0.0,28 Jan 2021,22308.0,1500,1500,,,,,
2019-03-19 10:30:20,2019-03-19 11:47:50,2019-03-19,2,,35410,35410,1,1,354.0,,,,,,,,,,,,,,,,,,,,,,,,,,,,,,,,,,,,,,,0.0,3.0,3.0,3.0,3.0,3.0,3.0,3.0,3.0,2.0,2.0,3.0,3.0,3.0,3.0,5.0,4.0,5.0,1.0,1.0,2.0,2.0,,,3000.0,,,,,2.0,5.0,5.0,5.0,5.0,2.0,2.0,2.0,1.0,4.0,1.0,4.0,2.0,4.0,1.0,3.0,1.0,1.0,2.0,1.0,1.0,2.0,0.0,2.0,2.0,2.0,7.0,2.0,1.0,0.0,0.0,0.0,1.0,1.0,0.0,4.0,4.0,4.0,3.0,2.0,2.0,2.0,2.0,2.0,2.0,2.0,1.0,4.0,-1.0,0.0,0.0,0.0,0.0,9,8,5,3,1,2000.0,1500.0,,,0.0,0.0,0.0,,,1.0,0.0,0.0,1.0,0.0,,1.0,1.0,0.0,0.0,0.0,1.0,0.0,0.0,0.0,,,0.0,,1.0,2.0,2.0,,,,,,,,0.0,,,,,,0.0,,,,,,8.0,10.0,4.0,,3.0,,3.0,,5.0,,,,5,4,1.0,1.0,1.0,1.0,1.0,1.0,1.0,1.0,3.0,1.0,3,3,2,0,0.0,0,2,3,2,3,2,2,2,3.0,4.0,1.0,2.0,2.0,3.0,2.0,2.0,2.0,1.0,1.0,0,4.0,2,1.0,2.0,1.0,1.0,1,4.0,1,1,1.0,200,800,1.0,2.0,.,OK,1,1,1,1.0,1.0,1.0,uuid:a336f81d-32bd-4289-8681-413de476b025,uuid:a336f81d-32bd-4289-8681-413de476b025,,,,0.0,35410.0,,C,0,1.0,0.0,1.0,0.0,1.0,0.0,28 Jan 2021,22308.0,600,2400, 3/19/2019,12:46:00,12:56:00,00:10:00,
2019-03-18 11:28:26,2019-03-18 13:15:28,2019-03-18,2,,6915,6915,1,1,689.0,,,,,,,,,,,,,,,,.,,,,,,,,,,,,,,,,,,,,,,,1.0,2.0,4.0,5.0,5.0,4.0,2.0,4.0,5.0,4.0,3.0,5.0,1.0,4.0,4.0,5.0,2.0,1.0,2.0,2.0,1.0,1.0,2000.0,,,1000.0,,,,1.0,4.0,4.0,1.0,2.0,1.0,1.0,2.0,1.0,4.0,1.0,4.0,1.0,1.0,3.0,6.0,1.0,1.0,4.0,1.0,2.0,2.0,0.0,1.0,1.0,1.0,6.0,1.0,1.0,0.0,0.0,0.0,0.0,0.0,0.0,4.0,4.0,4.0,4.0,2.0,2.0,1.0,1.0,2.0,2.0,2.0,0.0,3.0,0.0,0.0,0.0,0.0,0.0,8,4,3,3,1,1500.0,1500.0,,,,,,,,1.0,0.0,0.0,1.0,0.0,,1.0,1.0,0.0,0.0,0.0,1.0,0.0,0.0,0.0,,,1.0,10.0,0.0,2.0,2.0,,,,,,,,0.0,,,,,,1.0,,,,,,8.0,5.0,4.0,.,,Il ne sait pas,,Il ne sait pas,5.0,,,,5,5,1.0,3.0,3.0,0.0,1.0,1.0,1.0,1.0,1.0,3.0,3,3,2,0,0.0,0,1,2,4,2,2,2,2,3.0,4.0,1.0,2.0,3.0,2.0,2.0,2.0,2.0,1.0,2.0,1,,2,1.0,1.0,1.0,1.0,1,4.0,1,1,1.0,1000,0,2.0,1.0,.,OK,1,0,1,0.0,,1.0,uuid:a346fa39-f42c-4a22-bd98-b4253c760533,uuid:a346fa39-f42c-4a22-bd98-b4253c760533,,,,0.0,6915.0,,C,0,1.0,0.0,1.0,0.0,1.0,0.0,28 Jan 2021,22308.0,1400,1600, 3/18/2019,13:20:00,14:50:00,01:30:00,1.0
2019-03-29 08:53:26,2019-03-29 09:27:11,2019-03-29,4,1.0,51194,51194,1,1,511.0,,,,,,,,,,,,,,,,,,,,,,,,,,,,,,,,,,,,,,,,,,,,,,,,,,,,,,,,,,,,,,,,,,,,,,,,,,,,,,,,,,,,,,,,,,,,,,,,,,,,,,,,,,,,,,,,,,,,,,,,,7,5,3,1,1,1500.0,2000.0,,,0.0,0.0,0.0,,,,,,,,,,0.0,0.0,0.0,0.0,0.0,0.0,0.0,0.0,,,,,,,,,,,,,,,,,,,,,,,,,,,,,,,,,,,,,,,5,3,2.0,1.0,3.0,0.0,2.0,1.0,2.0,1.0,3.0,1.0,3,3,2,0,0.0,0,2,2,2,2,2,2,2,3.0,4.0,1.0,2.0,2.0,2.0,2.0,2.0,2.0,2.0,2.0,0,1.0,1,1.0,1.0,1.0,1.0,2,4.0,1,1,2.0,1000,0,,,.,OK,1,1,1,,,,uuid:a399f972-0754-44b4-8d88-8e798e3da05a,uuid:a399f972-0754-44b4-8d88-8e798e3da05a,,,,0.0,51194.0,,C,0,1.0,0.0,1.0,0.0,1.0,0.0,28 Jan 2021,22308.0,1500,1500,,,,,
2019-03-13 13:14:03,2019-03-13 15:05:20,2019-03-13,1,,14,14,1,1,,,,,.,.,.,,.,,,,,,.,,.,,,,,,,,,,,,,,,,0.0,0.0,0.0,0.0,0.0,0.0,0.0,1.0,3.0,3.0,3.0,3.0,3.0,3.0,2.0,3.0,3.0,3.0,3.0,1.0,3.0,1.0,5.0,5.0,2.0,1.0,1.0,1.0,1.0,2000.0,,,1000.0,,,,5.0,5.0,1.0,2.0,2.0,5.0,5.0,2.0,2.0,4.0,2.0,2.0,5.0,4.0,3.0,2.0,2.0,1.0,4.0,1.0,1.0,1.0,0.0,1.0,1.0,1.0,8.0,1.0,0.0,0.0,0.0,0.0,1.0,1.0,0.0,3.0,1.0,2.0,0.0,2.0,1.0,1.0,2.0,2.0,2.0,1.0,1.0,2.0,,-2.0,-1.0,,1.0,6,4,4,2,1,,,0.0,3.0,0.0,1.0,1.0,1.0,5.0,,0.0,0.0,0.0,0.0,,,0.0,0.0,0.0,0.0,0.0,0.0,0.0,0.0,,,,,-1.0,-1.0,2.0,0.0,,,,,,1.0,,,,,,,,3.0,3.0,,4.0,,7.0,5.0,5.0,,4.0,,4.0,,5.0,,,,5,5,,,,,,,,,,,3,3,2,0,0.0,0,1,4,2,2,4,3,3,,,,,1.0,4.0,1.0,1.0,3.0,8.0,1.0,0,4.0,2,3.0,3.0,3.0,1.0,1,4.0,1,1,1.0,0,1000,3.0,4.0,.,,1,1,1,1.0,1.0,1.0,uuid:a3d201db-0c45-44e8-917a-5f2ba8b2afc7,uuid:a3d201db-0c45-44e8-917a-5f2ba8b2afc7,1.0,-2.0,1.0,0.0,,14.0,,0,1.0,0.0,0.0,0.0,1.0,0.0,28 Jan 2021,22308.0,1900,1100, 3/13/2019,16:05:00,16:16:00,00:11:00,
2019-04-04 08:08:56,2019-04-04 08:55:45,2019-04-04,4,1.0,11012,11012,1,1,110.0,,,,,,,,,,,,,,,,,,,,,,,,,,,,,,,,,,,,,,,,,,,,,,,,,,,,,,,,,,,,,,,,,,,,,,,,,,,,,,,,,,,,,,,,,,,,,,,,,,,,,,,,,,,,,,,,,,,,,,,,,5,4,2,0,1,1500.0,2000.0,,,0.0,0.0,0.0,,,,,,,,,,0.0,0.0,0.0,0.0,0.0,0.0,0.0,0.0,,,,,,,,,,,,,,,,,,,,,,,,,,,,,,,,,,,,,,,3,4,3.0,2.0,3.0,0.0,2.0,2.0,2.0,2.0,3.0,4.0,3,3,2,0,0.0,0,2,3,4,2,2,2,2,1.0,3.0,2.0,4.0,1.0,2.0,7.0,1.0,3.0,1.0,2.0,1,,1,1.0,2.0,1.0,1.0,1,5.0,2,2,1.0,600,400,,,.,OK,1,1,1,,,,uuid:a4521f49-b1a5-4597-9bb3-4fd2ebada477,uuid:a4521f49-b1a5-4597-9bb3-4fd2ebada477,,,,0.0,11012.0,,C,0,1.0,0.0,1.0,0.0,1.0,0.0,28 Jan 2021,22308.0,1400,1600,,,,,
2019-04-05 14:44:40,2019-04-05 15:53:01,2019-04-05,3,1.0,6915,6915,1,1,691.0,,,,,,,,,,,,,,,,,,,,,,,,,,,,,,,,,,,,,,,0.0,1.0,4.0,5.0,4.0,5.0,2.0,1.0,5.0,4.0,2.0,2.0,1.0,5.0,4.0,5.0,4.0,2.0,1.0,1.0,1.0,1.0,2000.0,,,1000.0,,,,2.0,5.0,4.0,1.0,2.0,2.0,2.0,2.0,2.0,4.0,2.0,2.0,2.0,3.0,2.0,6.0,3.0,3.0,4.0,1.0,2.0,2.0,0.0,1.0,1.0,2.0,4.0,2.0,0.0,0.0,0.0,0.0,0.0,0.0,1.0,3.0,2.0,4.0,3.0,2.0,0.0,1.0,1.0,2.0,1.0,1.0,-1.0,5.0,1.0,0.0,0.0,0.0,0.0,7,5,4,3,1,1500.0,7000.0,,,0.0,0.0,0.0,,,,,,,,,,0.0,0.0,0.0,0.0,0.0,0.0,0.0,0.0,,,,,1.0,2.0,2.0,,,,,,,,,,,,,,,,,,,,6.0,10.0,,Il ne sait pas,5.0,,5.0,,5.0,,,,4,4,0.0,3.0,0.0,0.0,0.0,0.0,0.0,0.0,3.0,1.0,3,3,1,0,0.0,0,1,2,2,2,2,5,1,2.0,3.0,1.0,4.0,2.0,2.0,2.0,2.0,2.0,2.0,2.0,1,,4,1.0,1.0,1.0,1.0,1,6.0,1,1,2.0,0,1000,2.0,2.0,.,OK,0,1,1,1.0,1.0,1.0,uuid:a64151be-a0e4-45c0-9acb-b77c02b7fb4b,uuid:a64151be-a0e4-45c0-9acb-b77c02b7fb4b,,,,0.0,6915.0,,A,0,1.0,0.0,1.0,0.0,1.0,0.0,28 Jan 2021,22308.0,1600,1400,,,,,
2019-03-15 10:21:49,2019-03-15 12:33:20,2019-03-15,2,,58210,58210,1,1,571.0,,,,,,,,.,,,,,,,,.,,,,,,,,,,,,,,,,,,,,,,,1.0,3.0,4.0,4.0,4.0,1.0,3.0,4.0,4.0,3.0,1.0,3.0,3.0,4.0,3.0,5.0,4.0,2.0,1.0,1.0,2.0,2.0,2000.0,,,,,,2000.0,1.0,5.0,2.0,1.0,2.0,1.0,2.0,2.0,2.0,5.0,2.0,5.0,2.0,4.0,4.0,1.0,4.0,1.0,1.0,2.0,1.0,2.0,0.0,1.0,1.0,1.0,8.0,2.0,0.0,0.0,0.0,1.0,0.0,0.0,0.0,3.0,3.0,3.0,1.0,2.0,1.0,1.0,1.0,1.0,1.0,2.0,0.0,4.0,,0.0,0.0,,0.0,10,8,5,3,1,,,,,0.0,0.0,0.0,,,1.0,1.0,1.0,0.0,0.0,,1.0,1.0,0.0,0.0,0.0,1.0,1.0,0.0,0.0,,,1.0,4.0,2.0,2.0,2.0,,,,,,,,1.0,1.0,2.0,2.0,2.0,4.0,,,,,,,9.0,7.0,4.0,,3.0,,5.0,,5.0,,,,5,5,,,,,,,,,,,3,3,2,0,0.0,0,1,3,4,2,2,2,2,,,,,1.0,1.0,1.0,1.0,7.0,1.0,1.0,0,4.0,1,2.0,2.0,2.0,1.0,1,5.0,2,2,1.0,300,700,4.0,2.0,,,1,1,1,1.0,1.0,1.0,uuid:a7c5ea4d-dca9-4ef8-a225-f471b74af81e,uuid:a7c5ea4d-dca9-4ef8-a225-f471b74af81e,,,,0.0,58210.0,,C,0,1.0,0.0,1.0,0.0,1.0,0.0,28 Jan 2021,22308.0,1600,1400, 3/15/2019,13:32:00,14:25:00,00:53:00,
2019-03-22 13:07:45,2019-03-22 14:18:50,2019-03-22,2,,64491,64491,1,1,645.0,,,,,,,,,,,,,,,,,,,,,,,,,,,,,,,,,,,,,,,1.0,2.0,4.0,3.0,3.0,2.0,1.0,5.0,5.0,2.0,1.0,5.0,5.0,5.0,5.0,4.0,4.0,2.0,1.0,1.0,1.0,1.0,2000.0,,,,,,,2.0,5.0,3.0,2.0,1.0,2.0,2.0,5.0,2.0,5.0,2.0,4.0,2.0,4.0,4.0,1.0,4.0,1.0,4.0,1.0,1.0,1.0,0.0,2.0,1.0,1.0,7.0,2.0,0.0,0.0,0.0,0.0,0.0,0.0,1.0,4.0,4.0,4.0,3.0,1.0,1.0,1.0,1.0,1.0,1.0,0.0,0.0,4.0,0.0,0.0,0.0,0.0,0.0,8,5,5,3,1,1000.0,2000.0,,,0.0,0.0,0.0,,,0.0,,,,,,,,,,,0.0,0.0,0.0,0.0,,,0.0,,2.0,2.0,2.0,,,,,,,,0.0,,,,,,1.0,,,,,,8.0,7.0,4.0,,3.0,,5.0,,4.0,,0.0,0.0,3,3,2.0,2.0,2.0,1.0,2.0,2.0,2.0,2.0,3.0,1.0,3,3,2,0,0.0,0,2,2,2,2,2,2,2,2.0,4.0,1.0,3.0,1.0,1.0,1.0,1.0,1.0,1.0,1.0,0,4.0,4,4.0,4.0,4.0,2.0,1,6.0,2,2,1.0,0,1000,2.0,2.0,.,OK,1,1,1,1.0,1.0,1.0,uuid:a80e4c36-35d5-498e-9f63-5eb85108845d,uuid:a80e4c36-35d5-498e-9f63-5eb85108845d,,,,0.0,64491.0,,C,0,1.0,0.0,1.0,0.0,1.0,0.0,28 Jan 2021,22308.0,1600,1400,22/03/2019,15:24:59,15:34:00,00:08:59,
2019-03-21 10:54:38,2019-03-21 11:31:40,2019-03-21,5,1.0,22387,22387,1,1,223.0,,,,,,,,,,,,,,,,,,,,,,,,,,,,,,,,,,,,,,,,,,,,,,,,,,,,,,,,,,,,,,,,,,,,,,,,,,,,,,,,,,,,,,,,,,,,,,,,,,,,,,,,,,,,,,,,,,,,,,,,,6,3,2,1,1,1500.0,1500.0,,,0.0,0.0,0.0,,,,,,,,,,,,,,0.0,0.0,0.0,0.0,,,,,,,,,,,,,,,,,,,,,,,,,,,,,,,,,,,,,,,3,3,0.0,2.0,2.0,0.0,2.0,1.0,2.0,1.0,3.0,4.0,2,3,1,0,0.0,0,1,1,1,1,1,1,1,2.0,3.0,1.0,4.0,1.0,2.0,2.0,1.0,1.0,2.0,2.0,0,3.0,1,2.0,2.0,1.0,1.0,3,4.0,1,1,1.0,200,800,,,.,OK,1,1,1,,,,uuid:a81d712e-60b6-4961-b7f9-40f54bdd269b,uuid:a81d712e-60b6-4961-b7f9-40f54bdd269b,,,,0.0,22387.0,,A,0,1.0,0.0,1.0,0.0,1.0,0.0,28 Jan 2021,22308.0,1100,1900,,,,,
2019-04-16 09:29:16,2019-04-16 10:57:41,2019-04-16,3,1.0,35797,35797,0,1,357.0,,,,,,,,,,,,,,,,,,,,,,,,,,,,,,,,,,,,,,,0.0,3.0,3.0,4.0,3.0,5.0,4.0,2.0,5.0,3.0,3.0,3.0,3.0,5.0,5.0,2.0,1.0,1.0,1.0,1.0,1.0,2.0,2000.0,,,,,,2000.0,2.0,4.0,5.0,1.0,2.0,1.0,1.0,4.0,1.0,4.0,2.0,1.0,1.0,3.0,4.0,2.0,1.0,4.0,4.0,2.0,1.0,2.0,2.0,1.0,1.0,1.0,10.0,2.0,1.0,0.0,0.0,0.0,0.0,0.0,0.0,4.0,4.0,3.0,3.0,2.0,2.0,1.0,1.0,1.0,2.0,1.0,0.0,6.0,1.0,-1.0,1.0,1.0,1.0,10,1,0,0,1,1500.0,4000.0,,,0.0,0.0,0.0,,,,,,,,,,0.0,0.0,0.0,0.0,0.0,0.0,0.0,0.0,,,,,0.0,1.0,-1.0,,,,,,,,,,,,,,,,,,,,11.0,10.0,5.0,,5.0,,5.0,,5.0,,,,3,3,0.0,0.0,3.0,0.0,2.0,2.0,2.0,2.0,3.0,1.0,3,3,2,-1,0.0,0,1,2,4,2,2,2,2,1.0,3.0,2.0,4.0,1.0,2.0,1.0,2.0,1.0,1.0,1.0,1,,1,1.0,1.0,1.0,1.0,1,6.0,1,1,1.0,800,200,1.0,1.0,.,OK,0,1,1,1.0,1.0,1.0,uuid:a8296ad4-0a96-4b7c-95d4-8f036d680f46,uuid:a8296ad4-0a96-4b7c-95d4-8f036d680f46,,,,0.0,35797.0,,A,0,1.0,0.0,1.0,0.0,1.0,0.0,28 Jan 2021,22308.0,1500,1500,,,,,
2019-04-04 15:50:21,2019-04-04 16:46:37,2019-04-04,5,0.0,367101,367101,1,1,367.0,64.0,0.0,1958.0,Katoka,Mpokolo,LULUWA,,Bakua mbuyi,1.0,,3.0,1.0,4.0,DEMBA,9.0,,10000.0,60000.0,8.0,3.0,6.0,1.0,1.0,1.0,1.0,1.0,1.0,1.0,1.0,60000.0,10000.0,0.0,0.0,1.0,0.0,0.0,0.0,0.0,,,,,,,,,,,,,,,,,,,,,,,,,,,,,,,,,,,,,,,,,,,,,,,,,,,,,,,,,,,,,,,,,,,,,,,,,,,,,,,,,,,7,5,3,1,1,2000.0,3000.0,,,0.0,0.0,0.0,,,,,,,,,,0.0,0.0,0.0,0.0,0.0,0.0,0.0,0.0,,,,,,,,,,,,,,,,,,,,,,,,,,,,,,,,,,,,,,,5,3,2.0,2.0,2.0,1.0,3.0,1.0,2.0,3.0,1.0,4.0,4,3,2,0,0.0,0,2,1,2,2,3,1,3,2.0,1.0,3.0,4.0,1.0,1.0,1.0,1.0,1.0,1.0,1.0,0,4.0,1,1.0,2.0,1.0,1.0,1,3.0,1,2,1.0,900,100,,,.,OK,1,1,1,,,,uuid:a91b3f18-79f0-4816-91dd-55171f55d3ec,uuid:a91b3f18-79f0-4816-91dd-55171f55d3ec,,,,0.0,367101.0,,A,0,1.0,1.0,1.0,0.0,1.0,0.0,28 Jan 2021,22308.0,1700,1300,,,,,
2019-03-25 09:52:19,2019-03-25 10:23:54,2019-03-25,4,1.0,59648,59648,1,1,596.0,,,,,,,,,,,,,,,,,,,,,,,,,,,,,,,,,,,,,,,,,,,,,,,,,,,,,,,,,,,,,,,,,,,,,,,,,,,,,,,,,,,,,,,,,,,,,,,,,,,,,,,,,,,,,,,,,,,,,,,,,8,7,6,4,1,1500.0,2000.0,,,0.0,0.0,0.0,,,,,,,,,,,,,,0.0,0.0,0.0,0.0,,,,,,,,,,,,,,,,,,,,,,,,,,,,,,,,,,,,,,,3,3,0.0,3.0,2.0,0.0,2.0,1.0,2.0,2.0,3.0,1.0,3,3,2,-1,0.0,-1,1,2,2,2,2,2,2,3.0,4.0,1.0,2.0,2.0,2.0,2.0,1.0,5.0,1.0,2.0,0,4.0,1,2.0,1.0,2.0,1.0,1,6.0,2,2,2.0,500,500,,,.,OK,1,1,1,,,,uuid:a977e538-be73-43dc-9f36-8c3c06f7fcca,uuid:a977e538-be73-43dc-9f36-8c3c06f7fcca,,,,0.0,59648.0,,C,0,1.0,0.0,1.0,0.0,1.0,0.0,28 Jan 2021,22308.0,800,2200,,,,,
2019-04-02 08:19:29,2019-04-02 09:22:42,2019-04-02,2,1.0,1025,1025,1,1,102.0,,,,,,,,,,,,,,,,,,,,,,,,,,,,,,,,,,,,,,,1.0,3.0,3.0,3.0,3.0,3.0,3.0,3.0,3.0,3.0,3.0,3.0,3.0,3.0,3.0,2.0,2.0,2.0,1.0,1.0,1.0,2.0,,2500.0,,,,,,1.0,4.0,2.0,2.0,2.0,2.0,2.0,2.0,2.0,4.0,2.0,2.0,2.0,3.0,4.0,6.0,4.0,4.0,4.0,1.0,2.0,2.0,0.0,2.0,2.0,2.0,4.0,2.0,1.0,0.0,0.0,1.0,1.0,1.0,0.0,4.0,4.0,4.0,4.0,2.0,2.0,2.0,2.0,2.0,2.0,0.0,1.0,2.0,0.0,0.0,0.0,0.0,2.0,10,5,3,0,1,1500.0,1500.0,,,0.0,0.0,0.0,,,1.0,1.0,0.0,0.0,0.0,,1.0,1.0,0.0,0.0,0.0,1.0,0.0,0.0,0.0,,,1.0,5.0,0.0,-2.0,2.0,,,,,,,,1.0,1.0,2.0,2.0,2.0,4.0,,,,,,,5.0,1.0,3.0,,5.0,,5.0,,5.0,,,,5,3,2.0,2.0,2.0,0.0,2.0,2.0,2.0,2.0,3.0,1.0,3,3,2,0,0.0,0,2,2,2,2,2,2,2,1.0,3.0,2.0,4.0,2.0,3.0,2.0,6.0,5.0,2.0,1.0,1,,4,1.0,1.0,1.0,1.0,3,6.0,2,2,2.0,1000,0,2.0,1.0,.,OK,1,1,1,1.0,1.0,1.0,uuid:a9af38c0-de75-45d8-bbe7-854a80e115ee,uuid:a9af38c0-de75-45d8-bbe7-854a80e115ee,,,,0.0,1025.0,,C,0,1.0,0.0,1.0,0.0,1.0,0.0,28 Jan 2021,22308.0,1100,1900,,09:21:00,09:37:00,00:16:00,
2019-03-26 07:32:58,2019-03-26 09:05:06,2019-03-15,1,,37,37,1,1,,,,,.,.,.,,.,,,,,,.,,.,,,,,,,,,,,,,,,,0.0,0.0,0.0,0.0,0.0,0.0,0.0,1.0,2.0,4.0,2.0,5.0,3.0,2.0,3.0,3.0,3.0,2.0,3.0,3.0,4.0,3.0,4.0,1.0,5.0,1.0,2.0,2.0,1.0,2000.0,,,1000.0,,,,1.0,1.0,2.0,1.0,2.0,3.0,3.0,1.0,2.0,2.0,2.0,2.0,2.0,3.0,4.0,3.0,2.0,3.0,3.0,1.0,1.0,2.0,0.0,1.0,0.0,2.0,6.0,2.0,0.0,0.0,1.0,0.0,0.0,0.0,0.0,3.0,4.0,4.0,1.0,1.0,2.0,2.0,2.0,2.0,2.0,1.0,-1.0,5.0,0.0,0.0,0.0,0.0,0.0,1,0,3,3,0,0.0,2.0,2.0,3.0,0.0,1.0,0.0,0.0,,,0.0,0.0,0.0,0.0,,,0.0,0.0,0.0,0.0,0.0,0.0,0.0,0.0,,,,,-1.0,-1.0,-1.0,1.0,3.0,3.0,3.0,3.0,4.0,,,,,,,,,1.0,2.0,,3.0,,8.0,5.0,4.0,.,3.0,.,3.0,.,5.0,,,,3,3,1.0,1.0,1.0,1.0,3.0,2.0,3.0,2.0,3.0,1.0,2,2,1,0,0.0,2,3,3,4,1,1,4,1,1.0,,,,1.0,1.0,2.0,3.0,4.0,1.0,1.0,1,,2,1.0,2.0,4.0,1.0,4,2.0,3,1,3.0,400,600,2.0,3.0,.,,0,0,1,1.0,1.0,1.0,uuid:a9cee2e7-4b5f-4da3-8ff2-e5d1a7b2c803,uuid:a9cee2e7-4b5f-4da3-8ff2-e5d1a7b2c803,,,,1.0,,37.0,,0,1.0,0.0,0.0,0.0,1.0,0.0,28 Jan 2021,22308.0,1200,1800, 3/14/2019,10:42:00,11:19:00,00:37:00,1.0
2019-03-15 08:17:57,2019-03-15 10:14:12,2019-03-15,2,,53987,53987,1,1,541.0,,,,,,,,.,,,,,,,,.,,,,,,,,,,,,,,,,,,,,,,,0.0,3.0,5.0,4.0,2.0,3.0,5.0,3.0,2.0,5.0,3.0,3.0,3.0,3.0,4.0,4.0,5.0,2.0,2.0,1.0,2.0,2.0,,,3000.0,,,,,1.0,4.0,5.0,2.0,2.0,5.0,1.0,2.0,1.0,4.0,1.0,2.0,1.0,3.0,3.0,5.0,3.0,2.0,3.0,1.0,1.0,2.0,0.0,2.0,1.0,2.0,9.0,1.0,0.0,0.0,0.0,0.0,1.0,0.0,0.0,4.0,4.0,4.0,4.0,1.0,2.0,2.0,1.0,2.0,2.0,-2.0,0.0,4.0,,0.0,0.0,,-2.0,6,4,3,2,1,,,,,0.0,0.0,0.0,,,0.0,,,,,,,0.0,0.0,0.0,0.0,,,,,,,0.0,,0.0,0.0,1.0,,,,,,,,0.0,,,,,,0.0,,,,,,6.0,5.0,,Neutre,2.0,,4.0,,5.0,,,,3,3,,,,,,,,,,,3,3,2,0,0.0,0,2,3,2,2,2,4,2,,,,,,,3.0,1.0,3.0,4.0,3.0,0,4.0,1,2.0,2.0,1.0,1.0,1,4.0,2,2,2.0,200,800,2.0,2.0,,,1,1,1,1.0,1.0,1.0,uuid:a9f4b171-b37d-4ee8-a6d1-4440a51391c5,uuid:a9f4b171-b37d-4ee8-a6d1-4440a51391c5,,,,0.0,53987.0,,C,0,1.0,0.0,1.0,0.0,1.0,0.0,28 Jan 2021,22308.0,1100,1900, 3/15/2019,11:23:59,12:20:00,00:56:00,
2019-03-18 06:27:42,2019-03-18 08:03:53,2019-03-18,2,,50185,50185,1,1,501.0,,,,,,,,,,,,,,,,.,,,,,,,,,,,,,,,,,,,,,,,1.0,1.0,1.0,1.0,4.0,3.0,1.0,1.0,4.0,3.0,1.0,5.0,3.0,5.0,3.0,5.0,2.0,2.0,1.0,1.0,1.0,1.0,2000.0,,,,,,,1.0,4.0,4.0,2.0,2.0,4.0,1.0,2.0,1.0,2.0,2.0,2.0,1.0,4.0,1.0,2.0,2.0,2.0,4.0,1.0,1.0,1.0,0.0,2.0,1.0,0.0,5.0,2.0,0.0,0.0,0.0,0.0,0.0,0.0,1.0,4.0,4.0,4.0,4.0,2.0,1.0,2.0,1.0,1.0,1.0,2.0,-1.0,4.0,-1.0,0.0,0.0,0.0,0.0,8,7,5,5,1,1500.0,7000.0,,,,,,,,0.0,,,,,,,0.0,0.0,0.0,0.0,0.0,0.0,0.0,0.0,,,0.0,,2.0,2.0,1.0,,,,,,,,0.0,,,,,,0.0,,,,,,8.0,6.0,4.0,.,,N'en sait rien,,Ne les a jamais vu car ne travaillant pas ensemble,4.0,,0.0,0.0,5,4,3.0,2.0,3.0,2.0,2.0,2.0,2.0,2.0,1.0,3.0,3,3,2,0,0.0,0,1,2,3,2,2,2,2,2.0,4.0,1.0,3.0,8.0,3.0,1.0,1.0,1.0,8.0,8.0,1,,2,2.0,2.0,2.0,2.0,1,4.0,2,2,2.0,1000,0,3.0,1.0,.,OK,1,1,1,1.0,1.0,1.0,uuid:aa106c18-4c13-44bf-8e5b-08e1bca6d9a3,uuid:aa106c18-4c13-44bf-8e5b-08e1bca6d9a3,,,,0.0,50185.0,,C,0,1.0,0.0,1.0,0.0,1.0,0.0,28 Jan 2021,22308.0,1700,1300, 3/18/2019,09:58:00,10:37:00,00:39:00,
2019-04-01 12:48:07,2019-04-01 14:07:18,2019-04-01,3,0.0,31085,31085,0,1,310.0,31.0,0.0,1985.0,Katoka,Tukombe,LULUWA,,Bena Mukangala,2.0,,2.0,1.0,4.0,KANANGA,27.0,,40000.0,150000.0,3.0,4.0,5.0,1.0,1.0,0.0,1.0,1.0,1.0,1.0,1.0,150000.0,40000.0,0.0,0.0,1.0,1.0,0.0,0.0,0.0,1.0,1.0,3.0,2.0,4.0,5.0,1.0,1.0,4.0,4.0,3.0,1.0,3.0,3.0,4.0,4.0,2.0,2.0,1.0,1.0,1.0,1.0,,2500.0,,,,,,2.0,4.0,4.0,2.0,2.0,2.0,2.0,4.0,2.0,4.0,2.0,4.0,2.0,3.0,4.0,4.0,2.0,1.0,1.0,1.0,1.0,2.0,0.0,1.0,1.0,1.0,3.0,1.0,0.0,0.0,1.0,1.0,1.0,0.0,0.0,4.0,4.0,3.0,4.0,2.0,1.0,2.0,1.0,1.0,1.0,1.0,-1.0,2.0,0.0,0.0,0.0,0.0,0.0,8,6,5,4,1,2500.0,6000.0,,,0.0,0.0,0.0,,,,,,,,,,0.0,0.0,0.0,0.0,0.0,0.0,0.0,0.0,,,,,-1.0,1.0,0.0,,,,,,,,,,,,,,,,,,,,6.0,10.0,5.0,,3.0,,5.0,,5.0,,,,3,3,2.0,3.0,3.0,3.0,2.0,3.0,2.0,2.0,3.0,1.0,3,3,2,0,0.0,0,2,2,4,2,2,2,2,3.0,4.0,1.0,2.0,2.0,2.0,2.0,2.0,3.0,2.0,2.0,1,,1,1.0,1.0,1.0,2.0,1,3.0,2,1,1.0,1000,0,3.0,3.0,.,OK,1,1,1,1.0,1.0,1.0,uuid:aa827677-4ab9-4be7-8de1-e0779994d2cf,uuid:aa827677-4ab9-4be7-8de1-e0779994d2cf,,,,0.0,31085.0,,A,0,1.0,1.0,1.0,0.0,1.0,0.0,28 Jan 2021,22308.0,1800,1200,  1/4/2019,13:09:00,13:25:59,00:16:59,
2019-03-13 08:45:19,2019-03-13 10:46:20,2019-03-13,1,,27,27,1,1,,,,,.,.,.,,.,,,,,,.,,.,,,,,,,,,,,,,,,,0.0,0.0,0.0,0.0,0.0,0.0,0.0,0.0,1.0,4.0,4.0,5.0,5.0,3.0,5.0,4.0,5.0,4.0,3.0,5.0,5.0,5.0,4.0,1.0,1.0,1.0,1.0,2.0,2.0,1500.0,,,,,1000.0,,1.0,5.0,4.0,1.0,1.0,4.0,4.0,4.0,4.0,4.0,1.0,1.0,2.0,4.0,1.0,4.0,2.0,2.0,3.0,0.0,1.0,1.0,0.0,0.0,1.0,1.0,6.0,2.0,1.0,0.0,1.0,1.0,0.0,0.0,0.0,4.0,4.0,4.0,4.0,1.0,2.0,2.0,1.0,2.0,2.0,0.0,0.0,4.0,,-1.0,-2.0,,-2.0,8,5,4,3,1,,,1.0,4.0,0.0,1.0,0.0,0.0,,,0.0,0.0,0.0,0.0,,,0.0,0.0,0.0,0.0,0.0,0.0,0.0,0.0,,,,,0.0,-1.0,0.0,1.0,0.0,1.0,0.0,2.0,1.0,,,,,,,,,3.0,3.0,,3.0,,11.0,10.0,5.0,,2.0,,4.0,,5.0,,,,3,5,,,,,,,,,,,3,3,2,0,0.0,0,1,1,1,1,1,4,1,,,,,1.0,1.0,1.0,2.0,3.0,3.0,1.0,1,,1,1.0,3.0,1.0,1.0,2,4.0,1,1,1.0,500,500,1.0,1.0,.,,1,1,1,1.0,1.0,1.0,uuid:ac6a5b98-1231-43a1-830b-1195fa9e5b93,uuid:ac6a5b98-1231-43a1-830b-1195fa9e5b93,-1.0,2.0,1.0,0.0,,27.0,,0,1.0,0.0,0.0,0.0,1.0,0.0,28 Jan 2021,22308.0,1400,1600, 3/13/2019,10:37:00,11:23:59,00:47:00,
2019-03-20 15:25:01,2019-03-20 16:48:56,2019-03-20,2,,66189,66189,1,2,661.0,,,,,,,,,,,,,,,,,,,,,,,,,,,,,,,,,,,,,,,1.0,3.0,3.0,3.0,3.0,3.0,3.0,3.0,3.0,3.0,3.0,3.0,3.0,3.0,3.0,5.0,4.0,2.0,1.0,1.0,1.0,1.0,,,3000.0,,,,,2.0,4.0,2.0,2.0,2.0,2.0,2.0,2.0,2.0,4.0,2.0,2.0,2.0,4.0,3.0,1.0,1.0,1.0,3.0,1.0,1.0,1.0,0.0,1.0,1.0,1.0,8.0,2.0,0.0,0.0,0.0,0.0,0.0,0.0,1.0,3.0,4.0,3.0,1.0,1.0,1.0,1.0,1.0,1.0,1.0,0.0,0.0,4.0,0.0,0.0,0.0,0.0,0.0,4,3,2,1,1,1500.0,2000.0,,,0.0,0.0,0.0,,,0.0,,,,,,,,,,,0.0,0.0,0.0,0.0,,,1.0,2.0,0.0,0.0,2.0,,,,,,,,1.0,2.0,2.0,2.0,2.0,4.0,,,,,,,8.0,9.0,4.0,,3.0,,3.0,,5.0,,,,5,5,2.0,2.0,2.0,2.0,2.0,2.0,2.0,2.0,3.0,1.0,3,3,2,0,0.0,0,2,2,2,2,2,2,2,1.0,2.0,3.0,4.0,1.0,1.0,1.0,1.0,1.0,1.0,1.0,0,4.0,1,1.0,1.0,2.0,1.0,1,4.0,2,2,2.0,0,1000,3.0,2.0,.,OK,1,1,1,1.0,1.0,1.0,uuid:ad237bdf-87b8-4683-8d1c-2482593462cf,uuid:ad237bdf-87b8-4683-8d1c-2482593462cf,,,,0.0,66189.0,,C,0,1.0,0.0,1.0,0.0,1.0,0.0,28 Jan 2021,22308.0,2200,800,,,,,
2019-03-16 06:44:48,,2019-03-16,4,1.0,65040,65040,1,1,651.0,,,,.,.,.,,.,,,,,,.,,.,,,,,,,,,,,,,,,,0.0,0.0,0.0,0.0,0.0,0.0,0.0,,,,,,,,,,,,,,,,,,,,,,,,,,,,,,,,,,,,,,,,,,,,,,,,,,,,,,,,,,,,,,,,,,,,,,,,,,,,,,,,,,,8,6,5,4,1,1000.0,5000.0,,,0.0,0.0,0.0,,,,,,,,,,0.0,0.0,0.0,0.0,0.0,0.0,0.0,0.0,,,,,,,,,,,,,,,,,,,,,,,,,,,,,,.,,.,,.,,,,,5,5,3.0,1.0,2.0,2.0,2.0,3.0,1.0,3.0,1.0,3.0,1,3,2,0,0.0,0,1,3,1,1,3,2,1,3.0,4.0,1.0,2.0,1.0,1.0,1.0,1.0,3.0,1.0,2.0,0,1.0,1,1.0,1.0,1.0,1.0,2,3.0,1,1,1.0,800,888,,,.,OK,1,1,1,,,,uuid:aeb8d9e4-4575-4879-9e53-9f51513ad133,uuid:aeb8d9e4-4575-4879-9e53-9f51513ad133,,,,0.0,65040.0,,C,0,1.0,0.0,1.0,0.0,1.0,0.0,28 Jan 2021,22308.0,2500,500,,,,,
2019-03-21 10:54:09,2019-03-21 11:27:52,2019-03-21,5,1.0,24187,24187,0,1,221.0,,,,,,,,,,,,,,,,,,,,,,,,,,,,,,,,,,,,,,,,,,,,,,,,,,,,,,,,,,,,,,,,,,,,,,,,,,,,,,,,,,,,,,,,,,,,,,,,,,,,,,,,,,,,,,,,,,,,,,,,,10,2,2,2,1,1500.0,1500.0,,,0.0,0.0,0.0,,,,,,,,,,,,,,0.0,0.0,0.0,0.0,,,,,,,,,,,,,,,,,,,,,,,,,,,,,,,,,,,,,,,5,5,0.0,3.0,3.0,0.0,2.0,0.0,3.0,0.0,1.0,2.0,1,3,2,0,0.0,0,1,4,4,4,4,4,1,1.0,2.0,4.0,3.0,2.0,2.0,2.0,2.0,2.0,2.0,2.0,1,,1,1.0,1.0,1.0,1.0,1,4.0,1,1,1.0,1000,0,,,.,OK,1,1,1,,,,uuid:aebb8156-67c1-4323-b0ba-d3964509ef26,uuid:aebb8156-67c1-4323-b0ba-d3964509ef26,,,,0.0,24187.0,,A,0,1.0,0.0,1.0,0.0,1.0,0.0,28 Jan 2021,22308.0,1500,1500,,,,,
2019-03-22 10:35:24,2019-03-22 11:20:34,2019-03-22,5,1.0,33871,33871,1,1,338.0,,,,,,,,,,,,,,,,,,,,,,,,,,,,,,,,,,,,,,,,,,,,,,,,,,,,,,,,,,,,,,,,,,,,,,,,,,,,,,,,,,,,,,,,,,,,,,,,,,,,,,,,,,,,,,,,,,,,,,,,,9,8,6,4,1,1500.0,2000.0,,,0.0,0.0,0.0,,,,,,,,,,,,,,0.0,0.0,0.0,0.0,,,,,,,,,,,,,,,,,,,,,,,,,,,,,,,,,,,,,,,4,3,3.0,2.0,3.0,1.0,2.0,2.0,2.0,2.0,3.0,1.0,3,3,1,0,0.0,0,1,2,2,2,2,2,2,1.0,2.0,3.0,4.0,1.0,3.0,3.0,1.0,7.0,1.0,1.0,0,4.0,1,1.0,2.0,2.0,1.0,1,4.0,1,2,1.0,300,700,,,.,OK,1,1,1,,,,uuid:aeec356d-144a-476c-bbee-069dbc26df91,uuid:aeec356d-144a-476c-bbee-069dbc26df91,,,,0.0,33871.0,,A,0,1.0,0.0,1.0,0.0,1.0,0.0,28 Jan 2021,22308.0,1600,1400,,,,,
2019-03-28 12:40:49,2019-03-28 13:15:08,2019-03-28,4,1.0,36876,36876,1,1,368.0,,,,,,,,,,,,,,,,,,,,,,,,,,,,,,,,,,,,,,,,,,,,,,,,,,,,,,,,,,,,,,,,,,,,,,,,,,,,,,,,,,,,,,,,,,,,,,,,,,,,,,,,,,,,,,,,,,,,,,,,,10,4,1,0,1,500.0,1000.0,,,0.0,0.0,0.0,,,,,,,,,,0.0,0.0,0.0,0.0,0.0,0.0,0.0,0.0,,,,,,,,,,,,,,,,,,,,,,,,,,,,,,,,,,,,,,,3,3,3.0,1.0,2.0,1.0,2.0,2.0,2.0,2.0,1.0,3.0,1,3,2,0,0.0,0,2,2,2,2,2,2,2,4.0,3.0,1.0,2.0,2.0,2.0,2.0,2.0,2.0,2.0,2.0,1,,1,1.0,1.0,1.0,1.0,2,3.0,1,1,2.0,990,10,,,.,OK,1,1,1,,,,uuid:af0ee8be-40d4-4aa0-a580-92bbc3535af8,uuid:af0ee8be-40d4-4aa0-a580-92bbc3535af8,,,,0.0,36876.0,,C,0,1.0,0.0,1.0,0.0,1.0,0.0,28 Jan 2021,22308.0,1400,1600,,,,,
2019-03-22 07:09:17,2019-03-22 08:24:52,2019-03-22,2,,37232,37232,1,1,371.0,,,,,,,,,,,,,,,,,,,,,,,,,,,,,,,,,,,,,,,0.0,1.0,3.0,3.0,3.0,3.0,2.0,3.0,4.0,3.0,3.0,3.0,3.0,4.0,3.0,2.0,2.0,2.0,2.0,2.0,2.0,2.0,2000.0,,,,,,2000.0,2.0,4.0,4.0,1.0,1.0,2.0,2.0,4.0,1.0,4.0,2.0,2.0,2.0,3.0,3.0,5.0,3.0,3.0,1.0,0.0,1.0,1.0,0.0,2.0,1.0,2.0,7.0,2.0,1.0,0.0,0.0,0.0,1.0,1.0,0.0,4.0,4.0,4.0,3.0,2.0,1.0,1.0,1.0,1.0,1.0,2.0,1.0,6.0,0.0,0.0,1.0,-1.0,0.0,10,10,10,10,1,3000.0,5000.0,,,0.0,0.0,0.0,,,1.0,1.0,1.0,1.0,0.0,,2.0,0.0,0.0,1.0,0.0,0.0,0.0,1.0,0.0,,,0.0,,-2.0,-1.0,1.0,,,,,,,,0.0,,,,,,0.0,,,,,,8.0,7.0,,N'en sait rien,,N'en sait rien,,N'en a pas vu aucun,4.0,,0.0,0.0,5,5,1.0,0.0,3.0,2.0,3.0,2.0,2.0,2.0,1.0,6.0,3,3,1,0,0.0,0,2,2,3,2,2,2,1,4.0,3.0,1.0,2.0,2.0,2.0,2.0,2.0,2.0,2.0,2.0,1,,1,1.0,2.0,1.0,1.0,1,7.0,2,2,2.0,1000,0,2.0,1.0,.,OK,1,1,1,0.0,,1.0,uuid:afda9fb0-3663-452d-acbf-2d1c2619f7ed,uuid:afda9fb0-3663-452d-acbf-2d1c2619f7ed,,,,0.0,37232.0,,C,0,1.0,0.0,1.0,0.0,1.0,0.0,28 Jan 2021,22308.0,1500,1500,22/03/2019,10:20:00,10:52:00,00:32:00,
2019-04-06 09:54:35,2019-04-06 11:04:02,2019-04-06,3,1.0,70288,70288,0,1,702.0,,,,,,,,,,,,,,,,,,,,,,,,,,,,,,,,,,,,,,,1.0,3.0,3.0,3.0,4.0,3.0,1.0,3.0,4.0,3.0,2.0,3.0,3.0,3.0,3.0,5.0,4.0,2.0,1.0,1.0,2.0,1.0,2000.0,,,1000.0,,,,1.0,5.0,5.0,2.0,2.0,2.0,2.0,4.0,2.0,4.0,2.0,4.0,2.0,3.0,1.0,5.0,1.0,1.0,1.0,1.0,1.0,1.0,0.0,1.0,1.0,1.0,8.0,2.0,0.0,0.0,0.0,0.0,0.0,0.0,1.0,3.0,4.0,3.0,3.0,1.0,2.0,1.0,1.0,1.0,1.0,0.0,0.0,3.0,0.0,0.0,0.0,0.0,0.0,10,8,6,4,1,1500.0,6600.0,,,0.0,0.0,0.0,,,,,,,,,,0.0,0.0,0.0,0.0,0.0,0.0,0.0,0.0,,,,,2.0,1.0,2.0,,,,,,,,,,,,,,,,,,,,8.0,9.0,4.0,,3.0,,4.0,,5.0,,,,5,4,2.0,2.0,2.0,2.0,2.0,2.0,2.0,2.0,3.0,1.0,3,3,2,0,0.0,0,2,2,4,2,2,2,2,1.0,2.0,3.0,4.0,1.0,2.0,1.0,1.0,7.0,1.0,1.0,1,,2,1.0,2.0,2.0,1.0,2,4.0,1,1,1.0,700,300,2.0,1.0,.,OK,1,1,1,1.0,1.0,1.0,uuid:b03d72d1-0cb9-4a06-b1e2-22f3497e3ef5,uuid:b03d72d1-0cb9-4a06-b1e2-22f3497e3ef5,,,,0.0,70288.0,,A,0,1.0,0.0,1.0,0.0,1.0,0.0,28 Jan 2021,22308.0,1200,1800,,,,,
2019-04-22 09:18:30,2019-04-22 14:11:32,2019-04-22,5,0.0,6412,6412,0,1,641.0,44.0,0.0,2001.0,Nganza,Télécom,LULUWA,19.0,,12.0,,2.0,1.0,4.0,DIBAYA,4.0,,50000.0,250000.0,5.0,3.0,6.0,1.0,1.0,0.0,0.0,1.0,1.0,1.0,1.0,250000.0,50000.0,1.0,0.0,1.0,0.0,0.0,1.0,0.0,,,,,,,,,,,,,,,,,,,,,,,,,,,,,,,,,,,,,,,,,,,,,,,,,,,,,,,,,,,,,,,,,,,,,,,,,,,,,,,,,,,10,7,5,4,1,1000.0,2500.0,,,0.0,0.0,0.0,,,,,,,,,,0.0,0.0,0.0,0.0,0.0,0.0,0.0,0.0,,,,,,,,,,,,,,,,,,,,,,,,,,,,,,,,,,,,,,,3,3,1.0,3.0,3.0,0.0,2.0,1.0,2.0,1.0,3.0,7.0,3,3,2,0,0.0,0,1,2,4,2,2,1,1,2.0,3.0,1.0,4.0,2.0,2.0,2.0,2.0,2.0,2.0,2.0,1,,1,1.0,1.0,1.0,1.0,4,4.0,3,1,2.0,800,200,,,.,OK,1,1,1,,,,uuid:b0783365-f532-41a9-8bf6-fee15dec2ffa,uuid:b0783365-f532-41a9-8bf6-fee15dec2ffa,,,,0.0,6412.0,,A,0,1.0,1.0,1.0,0.0,1.0,0.0,28 Jan 2021,22308.0,1900,1100,,,,,
2019-03-22 08:00:24,2019-03-22 08:49:23,2019-03-22,5,1.0,51789,51789,1,1,517.0,,,,,,,,,,,,,,,,,,,,,,,,,,,,,,,,,,,,,,,,,,,,,,,,,,,,,,,,,,,,,,,,,,,,,,,,,,,,,,,,,,,,,,,,,,,,,,,,,,,,,,,,,,,,,,,,,,,,,,,,,10,9,6,4,1,1500.0,1500.0,,,0.0,0.0,0.0,,,,,,,,,,,,,,0.0,0.0,0.0,0.0,,,,,,,,,,,,,,,,,,,,,,,,,,,,,,,,,,,,,,,5,5,2.0,2.0,2.0,2.0,2.0,2.0,2.0,2.0,3.0,1.0,3,3,2,0,0.0,0,1,2,2,2,2,2,2,1.0,2.0,3.0,4.0,2.0,1.0,1.0,2.0,3.0,1.0,1.0,0,3.0,2,1.0,1.0,1.0,1.0,1,4.0,1,2,2.0,300,700,,,.,OK,1,1,1,,,,uuid:b0b3a2a3-7889-45e2-a337-fb22015cb497,uuid:b0b3a2a3-7889-45e2-a337-fb22015cb497,,,,0.0,51789.0,,A,0,1.0,0.0,1.0,0.0,1.0,0.0,28 Jan 2021,22308.0,1300,1700,,,,,
2019-04-04 12:52:10,2019-04-04 13:16:37,2019-04-04,4,1.0,10984,10984,1,1,109.0,,,,,,,,,,,,,,,,,,,,,,,,,,,,,,,,,,,,,,,,,,,,,,,,,,,,,,,,,,,,,,,,,,,,,,,,,,,,,,,,,,,,,,,,,,,,,,,,,,,,,,,,,,,,,,,,,,,,,,,,,7,5,3,2,1,1500.0,1000.0,,,0.0,0.0,0.0,,,,,,,,,,0.0,0.0,0.0,0.0,0.0,0.0,0.0,0.0,,,,,,,,,,,,,,,,,,,,,,,,,,,,,,,,,,,,,,,3,5,2.0,2.0,2.0,0.0,2.0,2.0,2.0,2.0,3.0,1.0,3,3,2,0,0.0,0,1,1,2,2,2,2,2,3.0,4.0,1.0,2.0,7.0,7.0,7.0,2.0,3.0,3.0,1.0,1,,1,1.0,1.0,1.0,1.0,4,7.0,1,1,2.0,1000,0,,,.,OK,1,1,1,,,,uuid:b0d43487-420b-4660-b735-bf961c8742b9,uuid:b0d43487-420b-4660-b735-bf961c8742b9,,,,0.0,10984.0,,C,0,1.0,0.0,1.0,0.0,1.0,0.0,28 Jan 2021,22308.0,500,2500,,,,,
2019-04-06 08:00:02,2019-04-06 08:40:16,2019-04-06,5,0.0,11012,11012,1,1,110.0,25.0,1.0,,lukonga,mabundu,LULUWA,,bakua mbayi,8.0,,2.0,1.0,4.0,DEMBA,30.0,,3500.0,5600.0,3.0,3.0,6.0,1.0,1.0,1.0,0.0,1.0,1.0,1.0,1.0,5600.0,3500.0,0.0,0.0,0.0,0.0,0.0,0.0,0.0,,,,,,,,,,,,,,,,,,,,,,,,,,,,,,,,,,,,,,,,,,,,,,,,,,,,,,,,,,,,,,,,,,,,,,,,,,,,,,,,,,,5,4,3,1,1,1500.0,1500.0,,,0.0,0.0,0.0,,,,,,,,,,0.0,0.0,0.0,0.0,0.0,0.0,0.0,0.0,,,,,,,,,,,,,,,,,,,,,,,,,,,,,,,,,,,,,,,3,3,2.0,2.0,2.0,0.0,2.0,0.0,2.0,0.0,3.0,1.0,3,3,1,0,0.0,0,1,1,1,1,1,1,1,3.0,4.0,1.0,2.0,7.0,1.0,1.0,1.0,1.0,7.0,1.0,1,,1,1.0,1.0,1.0,1.0,1,7.0,1,1,1.0,100,900,,,.,OK,1,1,1,,,,uuid:b377d274-0c04-4e44-a54a-29bcfcfad1e1,uuid:b377d274-0c04-4e44-a54a-29bcfcfad1e1,,,,0.0,11012.0,,A,0,1.0,1.0,1.0,0.0,1.0,0.0,28 Jan 2021,22308.0,700,2300,,,,,
2019-03-20 10:41:20,2019-03-20 11:16:05,2019-03-20,4,1.0,24644,24644,1,1,246.0,,,,,,,,,,,,,,,,,,,,,,,,,,,,,,,,,,,,,,,,,,,,,,,,,,,,,,,,,,,,,,,,,,,,,,,,,,,,,,,,,,,,,,,,,,,,,,,,,,,,,,,,,,,,,,,,,,,,,,,,,7,5,3,1,1,3000.0,2500.0,,,0.0,0.0,0.0,,,,,,,,,,,,,,0.0,0.0,0.0,0.0,,,,,,,,,,,,,,,,,,,,,,,,,,,,,,,,,,,,,,,3,5,0.0,3.0,2.0,0.0,2.0,0.0,2.0,0.0,3.0,2.0,1,3,2,-1,-1.0,-2,1,3,5,2,2,2,2,4.0,3.0,1.0,2.0,5.0,1.0,1.0,1.0,3.0,2.0,1.0,0,4.0,1,1.0,1.0,2.0,1.0,1,4.0,1,1,1.0,800,200,,,.,OK,1,1,1,,,,uuid:b3ce4a54-6767-4b43-880b-5310014ffb2b,uuid:b3ce4a54-6767-4b43-880b-5310014ffb2b,,,,0.0,24644.0,,C,0,1.0,0.0,1.0,0.0,1.0,0.0,28 Jan 2021,22308.0,1600,1400,,,,,
2019-03-21 07:38:45,2019-03-21 09:06:16,2019-03-21,2,,50586,50586,1,1,505.0,,,,,,,,,,,,,,,,,,,,,,,,,,,,,,,,,,,,,,,1.0,1.0,3.0,3.0,5.0,5.0,1.0,1.0,5.0,1.0,1.0,5.0,1.0,4.0,4.0,4.0,2.0,4.0,1.0,1.0,1.0,1.0,,2500.0,,,,,,1.0,4.0,4.0,1.0,1.0,1.0,1.0,1.0,1.0,4.0,1.0,5.0,1.0,4.0,4.0,1.0,1.0,1.0,4.0,1.0,1.0,2.0,0.0,2.0,2.0,0.0,6.0,2.0,0.0,0.0,0.0,1.0,1.0,1.0,0.0,3.0,1.0,4.0,3.0,2.0,2.0,2.0,2.0,2.0,2.0,0.0,-2.0,4.0,0.0,0.0,0.0,0.0,0.0,8,8,8,8,1,5000.0,15000.0,,,0.0,0.0,0.0,,,1.0,1.0,1.0,1.0,0.0,,1.0,1.0,1.0,0.0,0.0,1.0,0.0,0.0,0.0,,,1.0,2.0,0.0,2.0,2.0,,,,,,,,0.0,,,,,,1.0,,,,,,8.0,7.0,5.0,,5.0,,5.0,,3.0,,0.0,0.0,3,3,2.0,2.0,2.0,2.0,2.0,2.0,2.0,2.0,3.0,1.0,3,3,2,0,0.0,0,1,1,1,1,1,1,1,4.0,3.0,1.0,2.0,1.0,1.0,1.0,1.0,1.0,1.0,1.0,1,,1,4.0,4.0,2.0,1.0,1,5.0,1,1,1.0,200,800,1.0,1.0,.,OK,1,1,1,1.0,1.0,1.0,uuid:b3e68f63-1446-4b1b-989d-82824e5ec976,uuid:b3e68f63-1446-4b1b-989d-82824e5ec976,,,,0.0,50586.0,,C,0,1.0,0.0,1.0,0.0,1.0,0.0,28 Jan 2021,22308.0,2200,800,,,,,
2019-03-20 12:03:37,2019-03-20 12:37:34,2019-03-20,5,1.0,21785,21785,1,1,217.0,,,,,,,,,,,,,,,,,,,,,,,,,,,,,,,,,,,,,,,,,,,,,,,,,,,,,,,,,,,,,,,,,,,,,,,,,,,,,,,,,,,,,,,,,,,,,,,,,,,,,,,,,,,,,,,,,,,,,,,,,6,4,2,0,1,1000.0,1000.0,,,0.0,0.0,0.0,,,,,,,,,,,,,,0.0,0.0,0.0,0.0,,,,,,,,,,,,,,,,,,,,,,,,,,,,,,,,,,,,,,,5,5,2.0,1.0,3.0,1.0,2.0,1.0,2.0,1.0,3.0,1.0,3,3,2,0,0.0,0,1,2,1,2,1,1,1,3.0,4.0,1.0,2.0,7.0,2.0,7.0,2.0,3.0,1.0,2.0,0,4.0,1,1.0,1.0,1.0,1.0,1,4.0,1,1,1.0,500,500,,,.,OK,1,1,1,,,,uuid:b3e8e3c5-4caf-49bd-850f-d76f8fbc2608,uuid:b3e8e3c5-4caf-49bd-850f-d76f8fbc2608,,,,0.0,21785.0,,A,0,1.0,0.0,1.0,0.0,1.0,0.0,28 Jan 2021,22308.0,1200,1800,,,,,
2019-03-20 10:10:51,2019-03-20 10:54:35,2019-03-20,5,1.0,6207,6207,1,1,620.0,,,,,,,,,,,,,,,,,,,,,,,,,,,,,,,,,,,,,,,,,,,,,,,,,,,,,,,,,,,,,,,,,,,,,,,,,,,,,,,,,,,,,,,,,,,,,,,,,,,,,,,,,,,,,,,,,,,,,,,,,5,5,4,3,1,1000.0,2000.0,,,0.0,0.0,0.0,,,,,,,,,,,,,,0.0,0.0,0.0,0.0,,,,,,,,,,,,,,,,,,,,,,,,,,,,,,,,,,,,,,,3,3,2.0,1.0,2.0,2.0,1.0,2.0,1.0,2.0,3.0,8.0,4,2,2,0,0.0,0,1,2,2,2,2,1,2,2.0,4.0,1.0,3.0,1.0,4.0,4.0,1.0,3.0,1.0,1.0,1,,3,2.0,2.0,2.0,2.0,1,5.0,1,1,2.0,800,200,,,.,OK,1,1,1,,,,uuid:b4c1a589-e2ac-4847-bc11-07bc1ef3687a,uuid:b4c1a589-e2ac-4847-bc11-07bc1ef3687a,,,,0.0,6207.0,,A,0,1.0,0.0,1.0,0.0,1.0,0.0,28 Jan 2021,22308.0,1200,1800,,,,,
2019-03-30 08:38:54,2019-03-30 10:01:31,2019-03-30,2,1.0,61293,61293,1,1,612.0,,,,,,,,,,,,,,,,,,,,,,,,,,,,,,,,,,,,,,,1.0,4.0,4.0,4.0,4.0,5.0,4.0,5.0,5.0,5.0,5.0,5.0,5.0,5.0,5.0,1.0,1.0,1.0,1.0,1.0,1.0,1.0,2000.0,,,1000.0,,,,1.0,4.0,4.0,1.0,1.0,1.0,1.0,2.0,1.0,4.0,1.0,4.0,1.0,4.0,4.0,1.0,1.0,1.0,4.0,1.0,2.0,0.0,0.0,2.0,2.0,1.0,6.0,1.0,0.0,0.0,0.0,0.0,0.0,0.0,1.0,3.0,4.0,4.0,4.0,2.0,2.0,1.0,1.0,1.0,1.0,1.0,1.0,4.0,2.0,0.0,1.0,1.0,1.0,7,7,6,6,1,2000.0,1500.0,,,0.0,0.0,0.0,,,0.0,,,,,,,0.0,0.0,0.0,0.0,0.0,0.0,0.0,0.0,,,1.0,2.0,2.0,2.0,1.0,,,,,,,,0.0,,,,,,0.0,,,,,,9.0,10.0,5.0,,4.0,,4.0,,5.0,,,,5,5,1.0,3.0,2.0,0.0,2.0,0.0,2.0,0.0,3.0,1.0,3,3,1,0,0.0,0,2,2,2,2,2,2,2,4.0,3.0,2.0,1.0,2.0,3.0,2.0,2.0,3.0,2.0,2.0,1,,1,1.0,1.0,1.0,1.0,2,4.0,1,1,1.0,700,300,2.0,2.0,.,OK,1,1,1,0.0,,1.0,uuid:b4f80987-25b0-4402-ac9c-49ce358d17a9,uuid:b4f80987-25b0-4402-ac9c-49ce358d17a9,,,,0.0,61293.0,,C,0,1.0,0.0,1.0,0.0,1.0,0.0,28 Jan 2021,22308.0,1400,1600,30/03/2019,10:00:00,,14:00:00,
2019-03-25 08:27:52,2019-03-25 09:10:31,2019-03-25,5,1.0,37232,37232,1,1,372.0,,,,,,,,,,,,,,,,,,,,,,,,,,,,,,,,,,,,,,,,,,,,,,,,,,,,,,,,,,,,,,,,,,,,,,,,,,,,,,,,,,,,,,,,,,,,,,,,,,,,,,,,,,,,,,,,,,,,,,,,,4,3,2,1,1,1500.0,1500.0,,,0.0,0.0,0.0,,,,,,,,,,,,,,0.0,0.0,0.0,0.0,,,,,,,,,,,,,,,,,,,,,,,,,,,,,,,,,,,,,,,5,5,2.0,2.0,2.0,2.0,2.0,2.0,2.0,2.0,1.0,3.0,1,3,2,0,0.0,0,2,2,2,2,2,2,2,1.0,2.0,3.0,4.0,1.0,1.0,1.0,1.0,1.0,1.0,1.0,0,4.0,2,1.0,3.0,1.0,1.0,2,4.0,1,1,1.0,200,800,,,.,OK,1,1,1,,,,uuid:b7b64cb5-e8c4-45d6-8b3e-b7993461a0e5,uuid:b7b64cb5-e8c4-45d6-8b3e-b7993461a0e5,,,,0.0,37232.0,,A,0,1.0,0.0,1.0,0.0,1.0,0.0,28 Jan 2021,22308.0,1600,1400,,,,,
2019-03-25 16:07:33,2019-03-25 16:46:04,2019-03-25,5,0.0,65790,65790,1,1,657.0,20.0,1.0,,kamayi,kamayi antenné,LULUWA,31.0,,1.0,,2.0,1.0,4.0,DIBAYA,30.0,,15000.0,30000.0,5.0,3.0,6.0,1.0,1.0,1.0,1.0,1.0,1.0,1.0,1.0,30000.0,15000.0,0.0,0.0,0.0,0.0,0.0,0.0,0.0,,,,,,,,,,,,,,,,,,,,,,,,,,,,,,,,,,,,,,,,,,,,,,,,,,,,,,,,,,,,,,,,,,,,,,,,,,,,,,,,,,,8,7,6,5,1,1500.0,2000.0,,,0.0,0.0,0.0,,,,,,,,,,,,,,0.0,0.0,0.0,0.0,,,,,,,,,,,,,,,,,,,,,,,,,,,,,,,,,,,,,,,3,3,0.0,2.0,2.0,0.0,1.0,2.0,2.0,2.0,1.0,3.0,3,3,2,0,0.0,0,1,1,2,2,2,2,2,4.0,3.0,1.0,2.0,2.0,2.0,2.0,2.0,2.0,2.0,2.0,1,,1,1.0,1.0,1.0,1.0,1,3.0,1,2,,1000,0,,,.,OK,1,1,1,,,,uuid:b7c9307d-ca10-4103-9c9d-0e20cebc2a44,uuid:b7c9307d-ca10-4103-9c9d-0e20cebc2a44,,,,0.0,65790.0,,A,0,1.0,1.0,1.0,0.0,1.0,0.0,28 Jan 2021,22308.0,1800,1200,,,,,
2019-03-18 09:10:31,2019-03-18 11:10:46,2019-03-18,2,,50894,50894,1,1,508.0,,,,,,,,,,,,,,,,.,,,,,,,,,,,,,,,,,,,,,,,1.0,3.0,4.0,3.0,4.0,5.0,3.0,5.0,3.0,5.0,2.0,3.0,4.0,5.0,3.0,2.0,1.0,1.0,2.0,2.0,1.0,1.0,2000.0,,,1000.0,,,,1.0,4.0,1.0,2.0,4.0,5.0,4.0,4.0,1.0,2.0,1.0,2.0,4.0,3.0,2.0,3.0,3.0,1.0,4.0,1.0,1.0,1.0,1.0,1.0,1.0,1.0,8.0,2.0,0.0,0.0,0.0,0.0,0.0,0.0,1.0,4.0,4.0,4.0,4.0,1.0,1.0,1.0,1.0,1.0,1.0,0.0,0.0,4.0,0.0,2.0,0.0,0.0,0.0,9,7,4,2,1,1200.0,5000.0,,,,,,,,0.0,,,,,,,0.0,0.0,0.0,0.0,0.0,0.0,0.0,0.0,,,0.0,,1.0,1.0,1.0,,,,,,,,1.0,2.0,1.0,1.0,2.0,4.0,,,,,,,2.0,1.0,5.0,.,4.0,,5.0,,4.0,,0.0,0.0,5,3,3.0,1.0,2.0,2.0,2.0,2.0,3.0,3.0,2.0,3.0,3,1,2,1,0.0,0,1,2,4,2,2,2,2,3.0,4.0,1.0,2.0,1.0,1.0,1.0,1.0,1.0,1.0,1.0,0,4.0,4,1.0,2.0,2.0,1.0,1,7.0,2,2,2.0,300,700,4.0,2.0,.,OK,1,1,1,1.0,1.0,1.0,uuid:b85908fc-3c69-42c4-9d5c-8a892adf3361,uuid:b85908fc-3c69-42c4-9d5c-8a892adf3361,,,,0.0,50894.0,,C,0,1.0,0.0,1.0,0.0,1.0,0.0,28 Jan 2021,22308.0,900,2100, 3/18/2019,12:11:00,13:19:00,01:08:00,1.0
2019-04-03 09:20:51,2019-04-03 10:38:59,2019-04-03,3,0.0,23844,23844,0,1,238.0,20.0,1.0,,Ndesha,Tshibandabanda,LULUWA,19.0,,3.0,,1.0,1.0,4.0,DIBAYA,29.0,,250000.0,350000.0,9.0,3.0,4.0,1.0,1.0,1.0,1.0,2.0,2.0,3.0,2.0,350000.0,250000.0,0.0,0.0,1.0,0.0,0.0,1.0,0.0,0.0,1.0,1.0,3.0,3.0,1.0,1.0,1.0,1.0,1.0,1.0,1.0,1.0,3.0,3.0,4.0,4.0,4.0,1.0,1.0,1.0,1.0,,,3000.0,,,,,1.0,4.0,4.0,2.0,1.0,2.0,1.0,2.0,2.0,4.0,2.0,4.0,2.0,3.0,3.0,5.0,2.0,2.0,2.0,0.0,1.0,1.0,0.0,1.0,0.0,1.0,6.0,1.0,0.0,0.0,0.0,0.0,0.0,0.0,1.0,3.0,2.0,3.0,2.0,1.0,1.0,1.0,0.0,1.0,0.0,1.0,-1.0,2.0,-1.0,0.0,0.0,0.0,0.0,8,7,5,3,1,1500.0,8000.0,,,0.0,0.0,0.0,,,,,,,,,,0.0,0.0,0.0,0.0,0.0,0.0,0.0,0.0,,,,,-1.0,1.0,0.0,,,,,,,,,,,,,,,,,,,,9.0,9.0,5.0,,4.0,,5.0,,5.0,,,,4,5,2.0,1.0,2.0,0.0,2.0,2.0,2.0,2.0,3.0,1.0,3,3,2,0,0.0,0,1,2,2,2,2,2,2,1.0,4.0,3.0,2.0,2.0,2.0,1.0,1.0,2.0,1.0,1.0,1,,2,4.0,4.0,1.0,1.0,1,5.0,2,2,1.0,500,500,2.0,2.0,.,OK,1,1,1,1.0,1.0,1.0,uuid:b8d113bb-a164-442f-9634-b0fd2ab31fca,uuid:b8d113bb-a164-442f-9634-b0fd2ab31fca,,,,0.0,23844.0,,A,0,1.0,1.0,1.0,0.0,1.0,0.0,28 Jan 2021,22308.0,700,2300,,,,,
2019-04-06 08:18:01,2019-04-06 08:59:50,2019-04-06,5,0.0,32091,32091,0,2,320.0,52.0,0.0,1993.0,Katoka,Tukombe,LULUWA,44.0,,2.0,,2.0,1.0,4.0,DIBAYA,,Relais communautaire,10000.0,40000.0,5.0,3.0,4.0,1.0,1.0,1.0,1.0,1.0,1.0,1.0,1.0,40000.0,10000.0,0.0,0.0,0.0,0.0,0.0,0.0,1.0,,,,,,,,,,,,,,,,,,,,,,,,,,,,,,,,,,,,,,,,,,,,,,,,,,,,,,,,,,,,,,,,,,,,,,,,,,,,,,,,,,,8,5,2,0,1,1000.0,3000.0,,,0.0,0.0,0.0,,,,,,,,,,0.0,0.0,0.0,0.0,0.0,0.0,0.0,0.0,,,,,,,,,,,,,,,,,,,,,,,,,,,,,,,,,,,,,,,5,5,0.0,2.0,2.0,0.0,2.0,0.0,2.0,0.0,3.0,1.0,1,2,2,0,0.0,0,1,2,2,2,2,3,4,3.0,4.0,1.0,2.0,2.0,2.0,2.0,2.0,3.0,3.0,2.0,0,1.0,4,1.0,1.0,1.0,1.0,2,4.0,2,2,2.0,1000,0,,,.,OK,1,1,1,,,,uuid:b94135e3-066e-4514-b96f-8ba6878059e0,uuid:b94135e3-066e-4514-b96f-8ba6878059e0,,,,0.0,32091.0,,A,0,1.0,1.0,1.0,0.0,1.0,0.0,28 Jan 2021,22308.0,1400,1600,,,,,
2019-03-26 09:48:52,2019-03-26 10:23:43,2019-03-15,1,,111,111,1,1,,,,,.,.,.,,.,,,,,,.,,.,,,,,,,,,,,,,,,,0.0,0.0,0.0,0.0,0.0,0.0,0.0,1.0,3.0,4.0,4.0,5.0,1.0,2.0,3.0,5.0,4.0,5.0,3.0,5.0,5.0,2.0,4.0,4.0,4.0,1.0,2.0,1.0,1.0,2000.0,,,,2000.0,,,2.0,4.0,4.0,4.0,1.0,5.0,2.0,2.0,2.0,5.0,1.0,5.0,1.0,1.0,4.0,1.0,1.0,1.0,4.0,1.0,1.0,1.0,1.0,1.0,1.0,1.0,4.0,1.0,1.0,0.0,0.0,0.0,0.0,0.0,0.0,4.0,4.0,4.0,4.0,1.0,1.0,1.0,1.0,1.0,1.0,0.0,0.0,4.0,1.0,0.0,0.0,0.0,0.0,8,7,6,5,1,1500.0,2500.0,1.0,2.0,0.0,0.0,0.0,0.0,,,0.0,0.0,0.0,0.0,,,0.0,0.0,0.0,0.0,0.0,0.0,0.0,0.0,,,,,-2.0,-2.0,-2.0,0.0,,,,,,1.0,,,,,,,,2.0,3.0,,3.0,,8.0,10.0,4.0,.,5.0,.,5.0,.,5.0,,,,4,3,1.0,1.0,1.0,2.0,2.0,2.0,2.0,2.0,1.0,3.0,3,3,2,0,0.0,0,2,3,3,2,2,1,2,1.0,,,,1.0,2.0,3.0,4.0,1.0,1.0,1.0,1,,3,2.0,4.0,,4.0,3,2.0,2,1,1.0,300,700,4.0,1.0,.,,1,1,1,1.0,1.0,1.0,uuid:b966caa6-5141-4106-8149-e5635350ee57,uuid:b966caa6-5141-4106-8149-e5635350ee57,,,,1.0,,111.0,,0,1.0,0.0,0.0,0.0,1.0,0.0,28 Jan 2021,22308.0,1300,1700,,,,,
2019-03-25 07:46:03,2019-03-25 08:22:14,2019-03-25,5,1.0,20812,20812,1,1,209.0,,,,,,,,,,,,,,,,,,,,,,,,,,,,,,,,,,,,,,,,,,,,,,,,,,,,,,,,,,,,,,,,,,,,,,,,,,,,,,,,,,,,,,,,,,,,,,,,,,,,,,,,,,,,,,,,,,,,,,,,,7,6,5,3,1,1500.0,2000.0,,,0.0,0.0,0.0,,,,,,,,,,,,,,0.0,0.0,0.0,0.0,,,,,,,,,,,,,,,,,,,,,,,,,,,,,,,,,,,,,,,4,4,1.0,1.0,1.0,1.0,1.0,1.0,1.0,1.0,3.0,1.0,4,3,2,0,0.0,0,2,2,3,2,2,2,2,3.0,4.0,1.0,2.0,1.0,1.0,3.0,1.0,1.0,1.0,1.0,1,,2,1.0,1.0,1.0,1.0,3,4.0,2,2,2.0,600,400,,,.,OK,1,1,1,,,,uuid:b9a6f2a0-14d0-4345-8f5d-f3f70554e710,uuid:b9a6f2a0-14d0-4345-8f5d-f3f70554e710,,,,0.0,20812.0,,A,0,1.0,0.0,1.0,0.0,1.0,0.0,28 Jan 2021,22308.0,1400,1600,,,,,
2019-03-19 07:35:32,2019-03-19 08:48:39,2019-03-19,3,1.0,11986,11986,1,1,119.0,,,,,,,,,,,,,,,,.,,,,,,,,,,,,,,,,,,,,,,,1.0,3.0,3.0,3.0,4.0,4.0,3.0,3.0,3.0,3.0,3.0,3.0,4.0,3.0,4.0,5.0,2.0,2.0,2.0,2.0,2.0,2.0,2000.0,,,,,,2000.0,2.0,5.0,5.0,1.0,1.0,1.0,1.0,2.0,1.0,4.0,1.0,2.0,2.0,4.0,4.0,1.0,1.0,1.0,4.0,1.0,1.0,2.0,0.0,1.0,1.0,2.0,6.0,2.0,1.0,0.0,0.0,0.0,1.0,1.0,0.0,4.0,4.0,4.0,3.0,2.0,2.0,2.0,2.0,2.0,2.0,0.0,-1.0,5.0,-1.0,0.0,0.0,0.0,0.0,10,5,3,1,1,2500.0,2000.0,,,,,,,,,,,,,,,0.0,0.0,0.0,0.0,0.0,0.0,0.0,0.0,,,,,-2.0,-2.0,-2.0,,,,,,,,,,,,,,,,,,,,6.0,10.0,5.0,.,4.0,,3.0,,5.0,,,,1,1,2.0,3.0,3.0,0.0,0.0,2.0,0.0,1.0,1.0,3.0,3,3,2,0,0.0,0,1,2,4,2,2,2,2,3.0,4.0,2.0,1.0,1.0,3.0,2.0,2.0,2.0,2.0,2.0,1,,2,1.0,1.0,1.0,1.0,1,3.0,1,1,1.0,300,700,1.0,1.0,.,OK,1,1,1,1.0,1.0,1.0,uuid:ba2e14fa-99fc-43e8-afe5-cc35d958fa41,uuid:ba2e14fa-99fc-43e8-afe5-cc35d958fa41,,,,0.0,11986.0,,A,0,1.0,0.0,1.0,0.0,1.0,0.0,28 Jan 2021,22308.0,900,2100, 3/19/2019,09:47:00,10:58:00,01:11:00,
2019-03-23 08:02:18,2019-03-23 09:42:02,2019-03-23,3,0.0,21432,21432,1,1,214.0,40.0,1.0,,Ndesha,Lubuwa,LUALUA,,,3.0,,2.0,1.0,4.0,DEMBA,9.0,,10000.0,70000.0,3.0,4.0,1.0,1.0,1.0,1.0,1.0,1.0,1.0,1.0,1.0,70000.0,10000.0,0.0,0.0,1.0,0.0,0.0,0.0,0.0,1.0,2.0,3.0,2.0,4.0,2.0,1.0,2.0,4.0,2.0,1.0,2.0,3.0,3.0,3.0,4.0,4.0,4.0,2.0,1.0,1.0,1.0,,,3000.0,,,,,2.0,4.0,4.0,2.0,2.0,2.0,2.0,2.0,2.0,4.0,2.0,2.0,2.0,4.0,2.0,1.0,2.0,2.0,4.0,1.0,1.0,1.0,0.0,1.0,1.0,1.0,7.0,2.0,0.0,0.0,1.0,1.0,0.0,0.0,0.0,4.0,4.0,4.0,0.0,1.0,1.0,2.0,1.0,1.0,1.0,2.0,-2.0,4.0,0.0,0.0,0.0,0.0,0.0,8,7,8,6,1,1500.0,5000.0,,,0.0,0.0,0.0,,,,,,,,,,,,,,0.0,0.0,0.0,0.0,,,,,1.0,1.0,1.0,,,,,,,,,,,,,,,,,,,,5.0,8.0,5.0,,5.0,,5.0,,5.0,,,,3,3,3.0,2.0,3.0,1.0,1.0,2.0,1.0,2.0,3.0,1.0,3,3,2,0,0.0,0,1,2,2,2,2,3,2,3.0,4.0,1.0,2.0,8.0,8.0,8.0,8.0,8.0,1.0,1.0,1,,1,1.0,1.0,1.0,1.0,2,4.0,1,1,2.0,750,250,,2.0,.,OK,1,1,1,1.0,1.0,1.0,uuid:ba6bde8e-781c-4c83-856d-fdf0f0ccfd26,uuid:ba6bde8e-781c-4c83-856d-fdf0f0ccfd26,,,,0.0,21432.0,,A,0,1.0,1.0,1.0,0.0,1.0,0.0,28 Jan 2021,22308.0,1000,2000,,,,,
2019-03-29 07:56:34,2019-03-29 08:26:58,2019-03-29,5,1.0,20233,20233,1,2,200.0,,,,,,,,,,,,,,,,,,,,,,,,,,,,,,,,,,,,,,,,,,,,,,,,,,,,,,,,,,,,,,,,,,,,,,,,,,,,,,,,,,,,,,,,,,,,,,,,,,,,,,,,,,,,,,,,,,,,,,,,,6,2,1,1,1,1500.0,3000.0,,,0.0,0.0,0.0,,,,,,,,,,0.0,0.0,0.0,0.0,0.0,0.0,0.0,0.0,,,,,,,,,,,,,,,,,,,,,,,,,,,,,,,,,,,,,,,3,3,2.0,2.0,2.0,2.0,2.0,2.0,2.0,2.0,4.0,1.0,3,3,2,0,0.0,0,2,2,2,2,2,2,2,2.0,4.0,1.0,3.0,1.0,1.0,3.0,1.0,3.0,1.0,1.0,1,,1,3.0,2.0,1.0,3.0,1,4.0,1,1,2.0,100,900,,,.,OK,1,1,1,,,,uuid:ba8048eb-b996-48e8-b0b6-44dca949ae2d,uuid:ba8048eb-b996-48e8-b0b6-44dca949ae2d,,,,0.0,20233.0,,A,0,1.0,0.0,1.0,0.0,1.0,0.0,28 Jan 2021,22308.0,1000,2000,,,,,
2019-03-28 11:21:56,2019-03-28 12:03:30,2019-03-28,5,0.0,59648,59648,1,1,596.0,54.0,0.0,1971.0,Kananga,Plateau,LULUWA,,Bena kazadi,2.0,,2.0,1.0,4.0,DIBAYA,9.0,,35000.0,180000.0,4.0,4.0,5.0,1.0,1.0,1.0,1.0,1.0,1.0,1.0,1.0,180000.0,35000.0,1.0,0.0,1.0,0.0,0.0,0.0,0.0,,,,,,,,,,,,,,,,,,,,,,,,,,,,,,,,,,,,,,,,,,,,,,,,,,,,,,,,,,,,,,,,,,,,,,,,,,,,,,,,,,,5,4,3,2,1,1500.0,2000.0,,,0.0,0.0,0.0,,,,,,,,,,0.0,0.0,0.0,0.0,0.0,0.0,0.0,0.0,,,,,,,,,,,,,,,,,,,,,,,,,,,,,,,,,,,,,,,4,3,2.0,2.0,2.0,2.0,2.0,2.0,2.0,2.0,3.0,1.0,3,3,2,0,0.0,0,1,2,2,2,2,2,2,1.0,2.0,3.0,4.0,1.0,1.0,1.0,1.0,5.0,1.0,1.0,0,4.0,2,1.0,1.0,2.0,1.0,1,4.0,1,2,2.0,400,600,,,.,OK,1,1,1,,,,uuid:bc98d4b7-e450-4e35-a37e-dc5e56234f33,uuid:bc98d4b7-e450-4e35-a37e-dc5e56234f33,,,,0.0,59648.0,,A,0,1.0,1.0,1.0,0.0,1.0,0.0,28 Jan 2021,22308.0,1200,1800,,,,,
2019-03-29 11:12:47,2019-03-29 12:42:07,2019-03-29,2,1.0,66187,66187,1,1,661.0,,,,,,,,,,,,,,,,,,,,,,,,,,,,,,,,,,,,,,,1.0,1.0,3.0,2.0,5.0,3.0,1.0,3.0,3.0,3.0,3.0,3.0,3.0,3.0,3.0,4.0,4.0,2.0,1.0,1.0,1.0,1.0,,2500.0,,,,,,2.0,4.0,4.0,2.0,2.0,2.0,2.0,5.0,1.0,4.0,2.0,4.0,2.0,2.0,4.0,2.0,1.0,4.0,4.0,1.0,1.0,1.0,1.0,1.0,1.0,2.0,8.0,2.0,1.0,0.0,1.0,1.0,1.0,1.0,0.0,3.0,4.0,4.0,3.0,2.0,2.0,2.0,2.0,2.0,2.0,2.0,0.0,5.0,1.0,1.0,0.0,1.0,0.0,10,8,5,3,1,2000.0,8000.0,,,0.0,0.0,0.0,,,0.0,,,,,,,0.0,0.0,0.0,0.0,0.0,0.0,0.0,0.0,,,0.0,,1.0,2.0,1.0,,,,,,,,0.0,,,,,,0.0,,,,,,4.0,10.0,4.0,,3.0,,3.0,,4.0,,0.0,0.0,3,3,0.0,3.0,3.0,0.0,3.0,1.0,3.0,1.0,3.0,1.0,3,3,1,0,0.0,0,1,1,2,2,2,2,4,2.0,4.0,1.0,3.0,1.0,1.0,1.0,1.0,3.0,1.0,1.0,0,4.0,4,1.0,,1.0,,1,4.0,1,1,1.0,400,600,1.0,1.0,.,OK,0,0,1,0.0,,1.0,uuid:bd0bc2df-a39f-4ea2-8199-a6a8a5881892,uuid:bd0bc2df-a39f-4ea2-8199-a6a8a5881892,,,,0.0,66187.0,,C,0,1.0,0.0,1.0,0.0,1.0,0.0,28 Jan 2021,22308.0,1700,1300,28/03/2019,12:35:00,13:41:00,01:06:00,
2019-03-15 09:02:19,2019-03-15 11:16:34,2019-03-15,3,,59148,59148,1,1,592.0,,,,,,,,.,,,,,,,,.,,,,,,,,,,,,,,,,,,,,,,,1.0,1.0,4.0,3.0,3.0,1.0,1.0,1.0,3.0,1.0,1.0,3.0,3.0,5.0,3.0,4.0,2.0,4.0,1.0,1.0,1.0,1.0,,,3000.0,,,,,2.0,4.0,4.0,2.0,2.0,2.0,2.0,2.0,2.0,4.0,2.0,2.0,2.0,3.0,3.0,2.0,1.0,1.0,3.0,1.0,2.0,2.0,0.0,1.0,1.0,1.0,7.0,1.0,1.0,1.0,1.0,1.0,1.0,1.0,0.0,3.0,2.0,4.0,0.0,1.0,1.0,1.0,1.0,1.0,1.0,1.0,0.0,4.0,,-1.0,-1.0,,0.0,9,8,7,6,1,,,,,0.0,0.0,0.0,,,,,,,,,,0.0,0.0,0.0,0.0,,,,,,,,,1.0,2.0,1.0,,,,,,,,,,,,,,,,,,,,8.0,7.0,4.0,,5.0,,5.0,,4.0,,0.0,0.0,3,3,,,,,,,,,,,2,3,2,0,0.0,0,1,2,2,3,2,1,3,,,,,1.0,1.0,1.0,2.0,3.0,2.0,1.0,0,2.0,1,1.0,2.0,2.0,2.0,1,3.0,2,2,2.0,300,700,2.0,2.0,,,1,1,1,1.0,1.0,1.0,uuid:bd3b12d4-88fd-46bd-b134-b7afef2539a5,uuid:bd3b12d4-88fd-46bd-b134-b7afef2539a5,,,,0.0,59148.0,,A,0,1.0,0.0,1.0,0.0,1.0,0.0,28 Jan 2021,22308.0,1200,1800, 3/15/2019,12:38:00,13:01:59,00:24:00,
2019-03-19 13:26:36,2019-03-19 14:07:18,2019-03-19,4,1.0,34977,34977,1,1,394.0,,,,,,,,,,,,,,,,,,,,,,,,,,,,,,,,,,,,,,,,,,,,,,,,,,,,,,,,,,,,,,,,,,,,,,,,,,,,,,,,,,,,,,,,,,,,,,,,,,,,,,,,,,,,,,,,,,,,,,,,,10,10,10,6,1,1500.0,3000.0,,,0.0,0.0,0.0,,,,,,,,,,,,,,0.0,0.0,0.0,0.0,,,,,,,,,,,,,,,,,,,,,,,,,,,,,,,,,,,,,,,3,3,3.0,2.0,2.0,2.0,2.0,2.0,2.0,2.0,3.0,1.0,3,3,1,0,0.0,0,2,2,2,2,2,2,2,1.0,4.0,3.0,2.0,8.0,2.0,2.0,2.0,2.0,1.0,2.0,1,,4,4.0,1.0,1.0,2.0,1,4.0,1,2,2.0,200,800,,,.,OK,1,1,1,,,,uuid:bd81469c-832c-4c59-be87-1d1a60f7f6c6,uuid:bd81469c-832c-4c59-be87-1d1a60f7f6c6,,,,0.0,34977.0,,C,0,1.0,0.0,1.0,0.0,1.0,0.0,28 Jan 2021,22308.0,1200,1800,,,,,
2019-03-21 12:37:32,2019-03-21 13:11:43,2019-03-21,5,1.0,3552,3552,1,1,356.0,,,,,,,,,,,,,,,,,,,,,,,,,,,,,,,,,,,,,,,,,,,,,,,,,,,,,,,,,,,,,,,,,,,,,,,,,,,,,,,,,,,,,,,,,,,,,,,,,,,,,,,,,,,,,,,,,,,,,,,,,10,5,3,1,1,1000.0,1500.0,,,0.0,0.0,0.0,,,,,,,,,,,,,,0.0,0.0,0.0,0.0,,,,,,,,,,,,,,,,,,,,,,,,,,,,,,,,,,,,,,,3,5,3.0,1.0,3.0,1.0,2.0,2.0,2.0,2.0,1.0,3.0,3,3,2,0,0.0,0,2,2,2,2,2,4,1,4.0,3.0,1.0,2.0,1.0,3.0,2.0,1.0,2.0,3.0,1.0,1,,1,1.0,1.0,2.0,1.0,1,4.0,1,1,1.0,500,500,,,.,OK,1,1,1,,,,uuid:beacad97-a5da-4d8c-bf2b-6f2232d8aa45,uuid:beacad97-a5da-4d8c-bf2b-6f2232d8aa45,,,,0.0,3552.0,,A,0,1.0,0.0,1.0,0.0,1.0,0.0,28 Jan 2021,22308.0,1900,1100,,,,,
2019-03-15 13:35:52,2019-03-15 15:21:45,2019-03-15,3,,52247,52247,1,1,521.0,,,,,,,,.,,,,,,,,.,,,,,,,,,,,,,,,,,,,,,,,0.0,2.0,3.0,3.0,3.0,3.0,1.0,2.0,3.0,3.0,1.0,3.0,3.0,3.0,3.0,5.0,5.0,2.0,1.0,1.0,1.0,1.0,,,3000.0,,,,,2.0,4.0,4.0,2.0,4.0,2.0,2.0,4.0,2.0,5.0,2.0,4.0,2.0,4.0,1.0,1.0,1.0,1.0,3.0,2.0,2.0,2.0,0.0,2.0,2.0,0.0,8.0,2.0,0.0,0.0,0.0,0.0,0.0,0.0,1.0,4.0,2.0,1.0,3.0,2.0,2.0,1.0,1.0,2.0,1.0,2.0,0.0,4.0,,0.0,0.0,,0.0,10,9,8,1,1,,,,,0.0,0.0,0.0,,,,,,,,,,0.0,0.0,0.0,0.0,,,,,,,,,0.0,2.0,2.0,,,,,,,,,,,,,,,,,,,,7.0,8.0,4.0,,4.0,,5.0,,4.0,,0.0,0.0,5,4,,,,,,,,,,,3,3,2,0,0.0,0,1,2,2,2,2,2,2,,,,,1.0,1.0,1.0,1.0,3.0,1.0,1.0,0,4.0,4,2.0,2.0,2.0,2.0,1,4.0,1,2,2.0,0,1000,4.0,2.0,,,1,1,1,1.0,1.0,1.0,uuid:bef9855a-314d-44c2-9844-456c29a96277,uuid:bef9855a-314d-44c2-9844-456c29a96277,,,,0.0,52247.0,,A,0,1.0,0.0,1.0,0.0,1.0,0.0,28 Jan 2021,22308.0,1400,1600, 3/15/2019,16:21:00,16:30:00,00:08:59,
2019-03-27 14:16:16,2019-03-27 14:48:57,2019-03-27,5,1.0,38787,38787,1,2,387.0,,,,,,,,,,,,,,,,,,,,,,,,,,,,,,,,,,,,,,,,,,,,,,,,,,,,,,,,,,,,,,,,,,,,,,,,,,,,,,,,,,,,,,,,,,,,,,,,,,,,,,,,,,,,,,,,,,,,,,,,,8,6,5,2,1,1500.0,2500.0,,,0.0,0.0,0.0,,,,,,,,,,0.0,0.0,0.0,0.0,0.0,0.0,0.0,0.0,,,,,,,,,,,,,,,,,,,,,,,,,,,,,,,,,,,,,,,5,4,0.0,3.0,3.0,1.0,1.0,0.0,2.0,0.0,3.0,5.0,1,1,2,-1,-1.0,-1,2,4,3,4,1,3,1,4.0,3.0,2.0,1.0,7.0,3.0,7.0,1.0,3.0,7.0,2.0,1,,1,2.0,4.0,2.0,2.0,1,4.0,4,3,1.0,200,800,,,.,OK,1,1,1,,,,uuid:bf150c14-1bed-4f99-aa5c-3c0a84910718,uuid:bf150c14-1bed-4f99-aa5c-3c0a84910718,,,,0.0,38787.0,,A,0,1.0,0.0,1.0,0.0,1.0,0.0,28 Jan 2021,22308.0,1000,2000,,,,,
2019-03-30 10:12:26,2019-03-30 11:11:03,2019-03-30,5,0.0,12395,12395,0,1,123.0,42.0,0.0,2006.0,Itabayi,Itabayi,LULUWA,48.0,,12.0,,3.0,1.0,4.0,DEMBA,,Fonctionnaire,100000.0,150000.0,3.0,3.0,6.0,1.0,1.0,1.0,1.0,1.0,1.0,2.0,2.0,150000.0,100000.0,0.0,0.0,0.0,0.0,0.0,0.0,0.0,,,,,,,,,,,,,,,,,,,,,,,,,,,,,,,,,,,,,,,,,,,,,,,,,,,,,,,,,,,,,,,,,,,,,,,,,,,,,,,,,,,5,3,0,0,1,1000.0,2500.0,,,0.0,0.0,0.0,,,,,,,,,,0.0,0.0,0.0,0.0,0.0,0.0,0.0,0.0,,,,,,,,,,,,,,,,,,,,,,,,,,,,,,,,,,,,,,,5,5,3.0,2.0,2.0,0.0,2.0,0.0,2.0,0.0,1.0,5.0,3,1,2,0,0.0,0,2,3,2,2,2,1,2,2.0,4.0,1.0,3.0,1.0,1.0,1.0,1.0,1.0,1.0,1.0,1,,1,1.0,1.0,1.0,2.0,1,4.0,1,1,1.0,500,500,,,.,OK,1,1,1,,,,uuid:bf79d827-345b-4d1d-a4ad-863bc92d092d,uuid:bf79d827-345b-4d1d-a4ad-863bc92d092d,,,,0.0,12395.0,,A,0,1.0,1.0,1.0,0.0,1.0,0.0,28 Jan 2021,22308.0,1400,1600,,,,,
2019-04-04 15:42:23,2019-04-04 16:46:46,2019-04-04,2,1.0,5648,5648,1,1,564.0,,,,,,,,,,,,,,,,,,,,,,,,,,,,,,,,,,,,,,,1.0,1.0,3.0,3.0,3.0,3.0,1.0,1.0,3.0,3.0,3.0,3.0,3.0,3.0,3.0,4.0,2.0,2.0,1.0,1.0,2.0,2.0,,,3000.0,,,,,2.0,4.0,4.0,2.0,2.0,2.0,2.0,2.0,2.0,4.0,2.0,2.0,2.0,1.0,4.0,6.0,1.0,1.0,4.0,0.0,2.0,2.0,0.0,2.0,2.0,2.0,3.0,1.0,0.0,0.0,0.0,0.0,0.0,0.0,1.0,4.0,4.0,4.0,4.0,2.0,2.0,2.0,2.0,2.0,2.0,0.0,-1.0,1.0,1.0,0.0,0.0,0.0,0.0,10,8,7,5,1,2000.0,10000.0,,,0.0,0.0,0.0,,,0.0,,,,,,,0.0,0.0,0.0,0.0,0.0,0.0,0.0,0.0,,,0.0,,2.0,2.0,1.0,,,,,,,,1.0,3.0,3.0,3.0,3.0,4.0,,,,,,,6.0,4.0,4.0,,5.0,,5.0,,4.0,,0.0,0.0,3,3,0.0,3.0,3.0,3.0,1.0,1.0,1.0,1.0,3.0,5.0,3,3,2,0,0.0,0,1,2,4,2,2,4,1,2.0,4.0,1.0,3.0,2.0,1.0,1.0,1.0,1.0,1.0,1.0,1,,3,1.0,1.0,1.0,1.0,1,7.0,1,1,1.0,800,200,4.0,2.0,.,OK,1,1,1,1.0,1.0,1.0,uuid:bfca698a-0067-47b9-92e8-70ceb1c369a4,uuid:bfca698a-0067-47b9-92e8-70ceb1c369a4,,,,0.0,5648.0,,C,0,1.0,0.0,1.0,0.0,1.0,0.0,28 Jan 2021,22308.0,2200,800,,,,,
2019-03-23 07:07:14,2019-03-23 08:20:39,2019-03-23,2,,5949,5949,1,1,598.0,,,,,,,,,,,,,,,,,,,,,,,,,,,,,,,,,,,,,,,1.0,1.0,2.0,2.0,3.0,3.0,2.0,2.0,3.0,3.0,2.0,3.0,3.0,3.0,3.0,3.0,4.0,2.0,1.0,1.0,1.0,1.0,2000.0,,,,,,,2.0,5.0,3.0,1.0,1.0,2.0,2.0,2.0,2.0,5.0,2.0,3.0,3.0,4.0,4.0,3.0,1.0,4.0,1.0,1.0,1.0,1.0,0.0,1.0,1.0,0.0,8.0,1.0,1.0,0.0,0.0,0.0,1.0,1.0,0.0,4.0,4.0,4.0,4.0,2.0,1.0,1.0,1.0,2.0,2.0,2.0,1.0,2.0,2.0,1.0,1.0,0.0,-1.0,5,3,1,0,1,1000.0,3000.0,,,0.0,0.0,0.0,,,0.0,,,,,,,,,,,0.0,0.0,0.0,0.0,,,1.0,8.0,2.0,2.0,-1.0,,,,,,,,1.0,2.0,2.0,2.0,2.0,4.0,,,,,,,5.0,3.0,1.0,,4.0,,4.0,,4.0,,1.0,0.0,3,4,2.0,0.0,2.0,0.0,2.0,2.0,2.0,2.0,1.0,3.0,3,3,2,0,0.0,0,2,2,4,2,2,4,2,4.0,3.0,1.0,2.0,8.0,1.0,1.0,2.0,7.0,8.0,1.0,0,4.0,1,2.0,2.0,2.0,2.0,2,4.0,3,3,2.0,100,900,4.0,2.0,.,OK,1,1,1,1.0,1.0,1.0,uuid:c080836e-7bb0-48eb-b37b-523db34269c1,uuid:c080836e-7bb0-48eb-b37b-523db34269c1,,,,0.0,5949.0,,C,0,1.0,0.0,1.0,0.0,1.0,0.0,28 Jan 2021,22308.0,1200,1800,22/03/2019,09:23:00,09:46:00,00:23:00,
2019-03-29 10:10:47,2019-03-29 11:02:04,2019-03-29,5,0.0,51194,51194,1,1,511.0,32.0,0.0,1996.0,Kananga,Tshinsambi,BINDI,,,3.0,,2.0,1.0,4.0,DIMBELENGE,11.0,,100000.0,123000.0,4.0,3.0,6.0,1.0,1.0,0.0,1.0,1.0,2.0,1.0,1.0,123000.0,100000.0,0.0,0.0,0.0,0.0,0.0,0.0,0.0,,,,,,,,,,,,,,,,,,,,,,,,,,,,,,,,,,,,,,,,,,,,,,,,,,,,,,,,,,,,,,,,,,,,,,,,,,,,,,,,,,,8,6,5,2,1,1500.0,2500.0,,,0.0,0.0,0.0,,,,,,,,,,0.0,0.0,0.0,0.0,0.0,0.0,0.0,0.0,,,,,,,,,,,,,,,,,,,,,,,,,,,,,,,,,,,,,,,3,3,2.0,2.0,2.0,2.0,2.0,2.0,2.0,2.0,3.0,1.0,3,3,1,0,0.0,0,2,2,2,2,2,2,2,1.0,2.0,3.0,4.0,1.0,1.0,1.0,1.0,7.0,1.0,1.0,0,4.0,1,1.0,2.0,2.0,1.0,1,4.0,1,2,2.0,400,600,,,.,OK,1,1,1,,,,uuid:c09287cd-235f-4a80-acaa-97864c55585e,uuid:c09287cd-235f-4a80-acaa-97864c55585e,,,,0.0,51194.0,,A,0,1.0,1.0,1.0,0.0,1.0,0.0,28 Jan 2021,22308.0,1500,1500,,,,,
2019-04-01 14:47:36,2019-04-01 15:59:39,2019-04-01,2,1.0,11789,11789,1,1,117.0,,,,,,,,,,,,,,,,,,,,,,,,,,,,,,,,,,,,,,,1.0,2.0,3.0,3.0,4.0,3.0,1.0,3.0,4.0,3.0,2.0,3.0,3.0,4.0,3.0,5.0,4.0,4.0,1.0,1.0,1.0,1.0,2000.0,,,,,,,2.0,4.0,4.0,2.0,2.0,2.0,2.0,4.0,2.0,4.0,2.0,4.0,2.0,3.0,4.0,1.0,1.0,1.0,1.0,0.0,0.0,1.0,0.0,1.0,1.0,1.0,8.0,2.0,0.0,0.0,0.0,0.0,0.0,0.0,1.0,3.0,3.0,4.0,1.0,1.0,1.0,1.0,1.0,1.0,2.0,0.0,0.0,4.0,2.0,0.0,0.0,0.0,0.0,5,3,2,1,1,1500.0,1500.0,,,0.0,0.0,0.0,,,1.0,1.0,1.0,1.0,0.0,,1.0,1.0,0.0,0.0,0.0,1.0,0.0,0.0,0.0,,,1.0,2.0,-2.0,2.0,1.0,,,,,,,,1.0,1.0,2.0,2.0,2.0,4.0,,,,,,,10.0,8.0,4.0,,3.0,,5.0,,5.0,,,,5,3,2.0,2.0,2.0,2.0,2.0,2.0,2.0,2.0,1.0,3.0,3,3,2,0,0.0,0,2,2,2,2,2,2,2,1.0,2.0,3.0,4.0,1.0,3.0,1.0,1.0,1.0,1.0,1.0,0,4.0,1,1.0,2.0,1.0,1.0,2,4.0,1,1,1.0,200,800,4.0,3.0,.,OK,1,1,1,1.0,1.0,1.0,uuid:c13d1cd9-8bfc-4824-8601-2a771950495b,uuid:c13d1cd9-8bfc-4824-8601-2a771950495b,,,,0.0,11789.0,,C,0,1.0,0.0,1.0,0.0,1.0,0.0,28 Jan 2021,22308.0,1700,1300,,,,,
2019-03-23 07:09:15,2019-03-23 08:18:35,2019-03-23,2,,23449,23449,1,1,234.0,,,,,,,,,,,,,,,,,,,,,,,,,,,,,,,,,,,,,,,1.0,1.0,1.0,3.0,3.0,3.0,3.0,3.0,3.0,3.0,3.0,3.0,3.0,3.0,3.0,4.0,2.0,2.0,2.0,1.0,2.0,2.0,,,3000.0,,,,,1.0,5.0,4.0,2.0,2.0,2.0,2.0,4.0,2.0,2.0,2.0,4.0,2.0,1.0,1.0,5.0,1.0,1.0,4.0,2.0,1.0,1.0,0.0,1.0,1.0,2.0,6.0,2.0,1.0,1.0,1.0,1.0,1.0,1.0,0.0,4.0,4.0,4.0,4.0,2.0,2.0,2.0,2.0,2.0,2.0,0.0,0.0,3.0,0.0,0.0,0.0,-1.0,0.0,8,6,3,2,1,1500.0,1000.0,,,0.0,0.0,0.0,,,1.0,1.0,0.0,1.0,0.0,,1.0,1.0,0.0,0.0,0.0,1.0,0.0,0.0,0.0,,,1.0,4.0,1.0,1.0,1.0,,,,,,,,1.0,3.0,2.0,1.0,2.0,4.0,,,,,,,8.0,4.0,3.0,,4.0,,4.0,,5.0,,,,3,3,0.0,3.0,2.0,0.0,2.0,0.0,2.0,0.0,3.0,1.0,3,3,2,0,0.0,0,1,2,2,2,2,2,2,2.0,4.0,1.0,3.0,2.0,2.0,1.0,1.0,2.0,2.0,2.0,0,4.0,1,1.0,1.0,1.0,2.0,3,3.0,1,1,1.0,300,700,1.0,1.0,.,OK,1,1,1,1.0,1.0,1.0,uuid:c187babd-dea1-4a9b-93d5-29dfdaa05626,uuid:c187babd-dea1-4a9b-93d5-29dfdaa05626,,,,0.0,23449.0,,C,0,1.0,0.0,1.0,0.0,1.0,0.0,28 Jan 2021,22308.0,900,2100,23/03/2019,09:15:00,09:24:59,00:10:00,
2019-03-19 08:19:20,2019-03-19 09:50:52,2019-03-19,2,,37688,37688,1,1,375.0,,,,,,,,,,,,,,,,,,,,,,,,,,,,,,,,,,,,,,,1.0,3.0,4.0,5.0,5.0,5.0,5.0,5.0,5.0,5.0,1.0,3.0,5.0,5.0,5.0,2.0,2.0,4.0,1.0,1.0,2.0,1.0,2000.0,,,,,1000.0,,1.0,4.0,4.0,2.0,2.0,2.0,2.0,2.0,2.0,2.0,1.0,2.0,1.0,3.0,2.0,5.0,3.0,2.0,1.0,1.0,1.0,2.0,1.0,0.0,1.0,1.0,5.0,1.0,0.0,0.0,0.0,0.0,1.0,0.0,0.0,4.0,4.0,4.0,4.0,1.0,1.0,1.0,1.0,1.0,1.0,0.0,0.0,4.0,0.0,0.0,0.0,0.0,0.0,7,7,6,5,1,2500.0,10000.0,,,0.0,0.0,0.0,,,1.0,1.0,1.0,1.0,0.0,,1.0,1.0,0.0,0.0,0.0,1.0,0.0,0.0,0.0,,,1.0,3.0,2.0,-1.0,1.0,,,,,,,,0.0,,,,,,0.0,,,,,,8.0,9.0,1.0,,4.0,,3.0,,5.0,,,,5,3,0.0,3.0,2.0,0.0,1.0,3.0,1.0,3.0,3.0,1.0,3,3,2,0,0.0,0,1,2,4,2,2,2,2,3.0,1.0,4.0,2.0,3.0,3.0,3.0,3.0,7.0,3.0,3.0,0,4.0,1,1.0,2.0,1.0,1.0,2,4.0,1,1,2.0,500,500,2.0,1.0,.,OK,1,1,1,1.0,1.0,1.0,uuid:c2747355-b792-45f2-bb1f-2208402bf9f0,uuid:c2747355-b792-45f2-bb1f-2208402bf9f0,,,,0.0,37688.0,,C,0,1.0,0.0,1.0,0.0,1.0,0.0,28 Jan 2021,22308.0,1100,1900, 3/19/2019,11:52:00,12:20:00,00:28:00,
2019-03-20 10:26:02,2019-03-20 11:34:01,2019-03-20,3,1.0,12110,12110,1,1,120.0,,,,,,,,,,,,,,,,,,,,,,,,,,,,,,,,,,,,,,,1.0,3.0,3.0,2.0,3.0,3.0,3.0,3.0,3.0,2.0,3.0,3.0,3.0,3.0,1.0,4.0,2.0,2.0,1.0,1.0,1.0,1.0,2000.0,,,1000.0,,,,1.0,4.0,4.0,2.0,2.0,2.0,2.0,2.0,2.0,4.0,1.0,4.0,1.0,4.0,4.0,3.0,1.0,1.0,4.0,1.0,1.0,1.0,1.0,1.0,1.0,1.0,3.0,1.0,1.0,0.0,0.0,1.0,1.0,0.0,0.0,3.0,3.0,4.0,3.0,1.0,1.0,1.0,1.0,2.0,2.0,0.0,0.0,3.0,0.0,0.0,0.0,0.0,0.0,10,8,5,2,1,1500.0,2000.0,,,0.0,0.0,0.0,,,,,,,,,,,,,,0.0,0.0,0.0,0.0,,,,,2.0,2.0,0.0,,,,,,,,,,,,,,,,,,,,5.0,6.0,4.0,,3.0,,3.0,,5.0,,,,3,3,3.0,2.0,3.0,1.0,2.0,2.0,2.0,2.0,3.0,1.0,3,3,2,0,0.0,0,1,2,2,1,1,2,2,3.0,4.0,1.0,2.0,2.0,2.0,2.0,2.0,2.0,1.0,2.0,0,2.0,2,2.0,2.0,2.0,3.0,1,4.0,1,1,1.0,500,500,1.0,1.0,.,OK,1,1,1,1.0,1.0,1.0,uuid:c29461fc-fc47-49bd-859f-a90ba8d521ff,uuid:c29461fc-fc47-49bd-859f-a90ba8d521ff,,,,0.0,12110.0,,A,0,1.0,0.0,1.0,0.0,1.0,0.0,28 Jan 2021,22308.0,900,2100, 3/20/2019,12:35:00,12:55:00,00:20:00,
2019-04-08 10:55:46,2019-04-08 12:07:14,2019-04-08,3,1.0,65791,65791,1,1,657.0,,,,,,,,,,,,,,,,,,,,,,,,,,,,,,,,,,,,,,,0.0,2.0,3.0,4.0,5.0,3.0,3.0,3.0,5.0,5.0,3.0,4.0,5.0,5.0,5.0,5.0,4.0,2.0,1.0,1.0,1.0,1.0,2000.0,,,1000.0,,,,1.0,4.0,3.0,2.0,1.0,1.0,4.0,2.0,1.0,3.0,1.0,3.0,1.0,4.0,4.0,6.0,1.0,4.0,4.0,2.0,2.0,2.0,0.0,2.0,2.0,2.0,5.0,2.0,0.0,0.0,0.0,0.0,0.0,0.0,1.0,3.0,4.0,4.0,2.0,2.0,2.0,2.0,2.0,2.0,2.0,0.0,0.0,5.0,0.0,0.0,0.0,0.0,0.0,9,8,7,4,1,1500.0,2500.0,,,0.0,0.0,0.0,,,,,,,,,,0.0,0.0,0.0,0.0,0.0,0.0,0.0,0.0,,,,,-2.0,2.0,2.0,,,,,,,,,,,,,,,,,,,,8.0,5.0,4.0,,5.0,,5.0,,5.0,,,,5,5,3.0,3.0,3.0,2.0,2.0,2.0,2.0,2.0,1.0,3.0,1,1,2,0,0.0,0,1,2,3,1,1,1,2,3.0,4.0,1.0,2.0,1.0,1.0,1.0,1.0,1.0,1.0,1.0,1,,2,2.0,2.0,2.0,2.0,2,5.0,1,1,2.0,200,800,1.0,1.0,.,OK,1,1,1,1.0,1.0,1.0,uuid:c30722e1-dcf1-4b39-b7b4-642e250085ba,uuid:c30722e1-dcf1-4b39-b7b4-642e250085ba,,,,0.0,65791.0,,A,0,1.0,0.0,1.0,0.0,1.0,0.0,28 Jan 2021,22308.0,500,2500,,,,,
2019-03-13 10:02:44,2019-03-13 11:31:07,2019-03-13,1,,99,99,1,1,,,,,.,.,.,,.,,,,,,.,,.,,,,,,,,,,,,,,,,0.0,0.0,0.0,0.0,0.0,0.0,0.0,1.0,3.0,3.0,4.0,5.0,3.0,1.0,2.0,4.0,3.0,1.0,4.0,3.0,3.0,3.0,1.0,4.0,4.0,2.0,2.0,2.0,2.0,2000.0,,,,2000.0,,,2.0,3.0,5.0,4.0,5.0,2.0,2.0,4.0,1.0,4.0,1.0,4.0,1.0,4.0,1.0,5.0,1.0,1.0,4.0,2.0,1.0,2.0,2.0,2.0,1.0,1.0,3.0,1.0,0.0,0.0,1.0,1.0,1.0,0.0,0.0,4.0,1.0,4.0,1.0,2.0,2.0,2.0,1.0,2.0,2.0,2.0,0.0,3.0,,0.0,0.0,,0.0,5,3,2,2,1,,,1.0,3.0,0.0,1.0,0.0,1.0,2.0,,0.0,0.0,0.0,0.0,,,0.0,0.0,0.0,0.0,0.0,0.0,0.0,0.0,,,,,-1.0,-2.0,-2.0,0.0,,,,,,1.0,,,,,,,,4.0,4.0,,3.0,,8.0,1.0,4.0,,5.0,,5.0,,5.0,,,,5,3,,,,,,,,,,,3,3,2,0,0.0,0,1,2,2,2,2,1,2,,,,,1.0,3.0,1.0,1.0,3.0,1.0,1.0,0,3.0,1,2.0,2.0,2.0,1.0,1,5.0,1,2,1.0,500,500,1.0,1.0,.,,1,1,1,1.0,1.0,1.0,uuid:c3d867f5-8415-44f6-9c52-c2273d26fb9d,uuid:c3d867f5-8415-44f6-9c52-c2273d26fb9d,0.0,0.0,0.0,0.0,,99.0,,0,1.0,0.0,0.0,0.0,1.0,0.0,28 Jan 2021,22308.0,1600,1400, 3/13/2019,12:24:59,12:53:59,00:29:00,
2019-03-26 12:28:57,2019-03-26 12:58:09,2019-03-26,4,1.0,68647,68647,1,1,686.0,,,,,,,,,,,,,,,,,,,,,,,,,,,,,,,,,,,,,,,,,,,,,,,,,,,,,,,,,,,,,,,,,,,,,,,,,,,,,,,,,,,,,,,,,,,,,,,,,,,,,,,,,,,,,,,,,,,,,,,,,2,1,1,0,1,500.0,1000.0,,,0.0,0.0,0.0,,,,,,,,,,,,,,0.0,0.0,0.0,0.0,,,,,,,,,,,,,,,,,,,,,,,,,,,,,,,,,,,,,,,4,4,0.0,1.0,0.0,0.0,0.0,1.0,1.0,1.0,1.0,3.0,1,3,2,0,0.0,0,1,3,2,1,1,1,1,4.0,3.0,2.0,1.0,1.0,1.0,1.0,1.0,1.0,1.0,1.0,1,,1,1.0,1.0,1.0,1.0,1,6.0,4,4,1.0,300,700,,,.,OK,1,0,1,,,,uuid:c4182f8c-aa04-4206-b1ef-9330b393c626,uuid:c4182f8c-aa04-4206-b1ef-9330b393c626,,,,0.0,68647.0,,C,0,1.0,0.0,1.0,0.0,1.0,0.0,28 Jan 2021,22308.0,2200,800,,,,,
2019-03-18 07:22:54,2019-03-18 10:43:58,2019-03-18,3,1.0,50894,50894,0,1,502.0,,,,,,,,,,,,,,,,.,,,,,,,,,,,,,,,,,,,,,,,1.0,3.0,3.0,3.0,3.0,4.0,2.0,3.0,3.0,1.0,3.0,3.0,3.0,3.0,1.0,4.0,4.0,2.0,2.0,2.0,2.0,2.0,2000.0,,,,2000.0,,,2.0,5.0,5.0,2.0,2.0,1.0,2.0,4.0,2.0,5.0,1.0,4.0,1.0,4.0,4.0,4.0,4.0,1.0,4.0,2.0,1.0,1.0,1.0,2.0,1.0,1.0,5.0,1.0,0.0,0.0,1.0,1.0,1.0,0.0,0.0,4.0,3.0,4.0,4.0,2.0,2.0,2.0,2.0,2.0,1.0,1.0,1.0,5.0,-2.0,0.0,0.0,0.0,0.0,10,5,2,1,1,1500.0,2000.0,,,,,,,,,,,,,,,0.0,0.0,0.0,0.0,0.0,0.0,0.0,0.0,,,,,2.0,2.0,2.0,,,,,,,,,,,,,,,,,,,,8.0,3.0,4.0,.,4.0,,5.0,,5.0,,,,4,4,3.0,1.0,0.0,0.0,3.0,1.0,3.0,1.0,3.0,2.0,3,3,2,0,0.0,0,1,3,3,2,2,2,2,3.0,4.0,1.0,2.0,2.0,3.0,1.0,2.0,3.0,1.0,2.0,1,,2,1.0,2.0,2.0,2.0,2,4.0,1,1,2.0,400,600,2.0,2.0,.,OK,1,1,1,1.0,1.0,1.0,uuid:c421b353-92ad-46e7-a30c-81d105a2bf7a,uuid:c421b353-92ad-46e7-a30c-81d105a2bf7a,,,,0.0,50894.0,,A,0,1.0,0.0,1.0,0.0,1.0,0.0,28 Jan 2021,22308.0,300,2700, 3/18/2019,11:44:00,12:38:00,00:53:59,1.0
2019-03-27 07:00:36,2019-03-27 08:11:02,2019-03-27,3,1.0,21256,21256,1,1,212.0,,,,,,,,,,,,,,,,,,,,,,,,,,,,,,,,,,,,,,,0.0,3.0,3.0,3.0,3.0,3.0,3.0,3.0,3.0,3.0,3.0,3.0,3.0,3.0,3.0,2.0,2.0,2.0,2.0,2.0,2.0,2.0,2000.0,,,,,1000.0,,1.0,5.0,4.0,1.0,2.0,2.0,2.0,2.0,2.0,4.0,2.0,4.0,2.0,4.0,3.0,1.0,1.0,1.0,4.0,0.0,1.0,0.0,0.0,2.0,2.0,0.0,4.0,2.0,1.0,0.0,0.0,0.0,1.0,1.0,0.0,3.0,4.0,3.0,3.0,2.0,2.0,2.0,2.0,2.0,2.0,-2.0,1.0,2.0,0.0,-1.0,0.0,-1.0,0.0,8,6,5,3,1,2000.0,2500.0,,,0.0,0.0,0.0,,,,,,,,,,0.0,0.0,0.0,0.0,0.0,0.0,0.0,0.0,,,,,2.0,2.0,2.0,,,,,,,,,,,,,,,,,,,,8.0,1.0,5.0,,5.0,,5.0,,5.0,,,,5,3,0.0,2.0,0.0,0.0,0.0,0.0,0.0,0.0,3.0,1.0,3,3,2,0,0.0,0,1,1,1,1,1,1,1,2.0,4.0,1.0,3.0,2.0,3.0,2.0,2.0,3.0,2.0,8.0,0,1.0,4,1.0,1.0,1.0,4.0,3,7.0,1,1,1.0,1000,0,2.0,1.0,.,OK,1,1,1,1.0,1.0,1.0,uuid:c477df3c-7d0e-47d8-9c8c-262746dac60f,uuid:c477df3c-7d0e-47d8-9c8c-262746dac60f,,,,0.0,21256.0,,A,0,1.0,0.0,1.0,0.0,1.0,0.0,28 Jan 2021,22308.0,1400,1600,27/03/2019,09:08:59,09:43:00,00:34:00,
2019-03-21 10:00:26,2019-03-21 11:17:51,2019-03-21,3,1.0,38788,38788,1,1,384.0,,,,,,,,,,,,,,,,,,,,,,,,,,,,,,,,,,,,,,,0.0,1.0,3.0,3.0,3.0,3.0,1.0,1.0,3.0,3.0,3.0,3.0,3.0,3.0,3.0,4.0,4.0,2.0,1.0,1.0,1.0,1.0,,,3000.0,,,,,2.0,4.0,4.0,2.0,2.0,2.0,2.0,2.0,2.0,4.0,2.0,2.0,2.0,4.0,1.0,6.0,1.0,1.0,4.0,1.0,1.0,1.0,0.0,2.0,1.0,2.0,8.0,2.0,1.0,0.0,0.0,0.0,0.0,0.0,0.0,4.0,4.0,4.0,4.0,1.0,1.0,2.0,2.0,2.0,2.0,2.0,2.0,4.0,-1.0,0.0,0.0,0.0,0.0,10,10,10,7,1,1500.0,6000.0,,,0.0,0.0,0.0,,,,,,,,,,,,,,0.0,0.0,0.0,0.0,,,,,2.0,2.0,2.0,,,,,,,,,,,,,,,,,,,,8.0,8.0,5.0,,3.0,,3.0,,5.0,,,,3,3,3.0,2.0,2.0,0.0,2.0,2.0,2.0,2.0,3.0,1.0,3,3,2,0,0.0,0,1,1,2,2,2,2,4,4.0,2.0,3.0,1.0,2.0,1.0,1.0,1.0,1.0,1.0,1.0,1,,2,1.0,2.0,2.0,2.0,4,1.0,1,1,1.0,500,500,2.0,2.0,.,OK,1,1,1,1.0,1.0,1.0,uuid:c4da79ec-ca36-4536-a859-5c9bdb1583b6,uuid:c4da79ec-ca36-4536-a859-5c9bdb1583b6,,,,0.0,38788.0,,A,0,1.0,0.0,1.0,0.0,1.0,0.0,28 Jan 2021,22308.0,1100,1900, 3/21/2019,12:15:00,12:47:00,00:32:00,1.0
2019-03-26 15:08:15,2019-03-26 15:40:23,2019-03-26,4,1.0,367101,367101,1,1,367.0,,,,,,,,,,,,,,,,,,,,,,,,,,,,,,,,,,,,,,,,,,,,,,,,,,,,,,,,,,,,,,,,,,,,,,,,,,,,,,,,,,,,,,,,,,,,,,,,,,,,,,,,,,,,,,,,,,,,,,,,,6,4,2,0,1,1000.0,1500.0,,,0.0,0.0,0.0,,,,,,,,,,,,,,0.0,0.0,0.0,0.0,,,,,,,,,,,,,,,,,,,,,,,,,,,,,,,,,,,,,,,5,5,0.0,3.0,2.0,0.0,2.0,1.0,1.0,1.0,3.0,1.0,3,3,2,0,0.0,0,1,4,4,2,2,2,4,2.0,1.0,4.0,3.0,1.0,1.0,3.0,1.0,3.0,1.0,1.0,1,,1,1.0,1.0,1.0,1.0,2,4.0,1,1,1.0,200,800,,,.,OK,1,1,1,,,,uuid:c592b550-691e-4174-983c-a0e9c1cbef60,uuid:c592b550-691e-4174-983c-a0e9c1cbef60,,,,0.0,367101.0,,C,0,1.0,0.0,1.0,0.0,1.0,0.0,28 Jan 2021,22308.0,1200,1800,,,,,
2019-03-20 11:18:33,2019-03-20 11:51:41,2019-03-20,4,1.0,31249,31249,1,1,312.0,,,,,,,,,,,,,,,,,,,,,,,,,,,,,,,,,,,,,,,,,,,,,,,,,,,,,,,,,,,,,,,,,,,,,,,,,,,,,,,,,,,,,,,,,,,,,,,,,,,,,,,,,,,,,,,,,,,,,,,,,10,7,6,5,1,2500.0,2000.0,,,0.0,0.0,0.0,,,,,,,,,,,,,,0.0,0.0,0.0,0.0,,,,,,,,,,,,,,,,,,,,,,,,,,,,,,,,,,,,,,,5,5,1.0,3.0,3.0,3.0,1.0,1.0,1.0,1.0,1.0,2.0,3,5,2,-1,0.0,0,1,3,4,2,2,1,1,2.0,4.0,1.0,3.0,2.0,3.0,2.0,4.0,4.0,2.0,2.0,1,,1,1.0,1.0,1.0,1.0,2,3.0,1,1,2.0,500,500,,,.,OK,1,1,1,,,,uuid:c600ca80-2b54-4a1d-99e6-9a0d63c395e9,uuid:c600ca80-2b54-4a1d-99e6-9a0d63c395e9,,,,0.0,31249.0,,C,0,1.0,0.0,1.0,0.0,1.0,0.0,28 Jan 2021,22308.0,900,2100,,,,,
2019-03-26 09:25:48,2019-03-26 10:27:06,2019-03-26,5,0.0,22289,22289,1,1,222.0,27.0,1.0,,Ndesha,Lubuwa,LUNTU,,Bena Tshilenga,2.0,,1.0,1.0,4.0,DIMBELENGE,4.0,,2000.0,6000.0,3.0,3.0,6.0,1.0,0.0,1.0,1.0,1.0,2.0,2.0,2.0,6000.0,2000.0,0.0,0.0,0.0,0.0,0.0,0.0,0.0,,,,,,,,,,,,,,,,,,,,,,,,,,,,,,,,,,,,,,,,,,,,,,,,,,,,,,,,,,,,,,,,,,,,,,,,,,,,,,,,,,,8,6,5,4,1,2000.0,5000.0,,,0.0,0.0,0.0,,,,,,,,,,,,,,0.0,0.0,0.0,0.0,,,,,,,,,,,,,,,,,,,,,,,,,,,,,,,,,,,,,,,5,5,2.0,2.0,2.0,2.0,2.0,2.0,2.0,2.0,1.0,2.0,3,1,2,0,-1.0,-2,1,1,1,1,1,1,1,3.0,4.0,1.0,2.0,2.0,1.0,1.0,1.0,3.0,1.0,1.0,1,,1,1.0,1.0,1.0,1.0,2,4.0,1,1,1.0,800,200,,,.,OK,0,1,1,,,,uuid:c6343257-ad77-4ce2-8cc2-9c2e680274e4,uuid:c6343257-ad77-4ce2-8cc2-9c2e680274e4,,,,0.0,22289.0,,A,0,1.0,1.0,1.0,0.0,1.0,0.0,28 Jan 2021,22308.0,0,3000,,,,,
2019-03-21 13:16:24,2019-03-21 14:43:25,2019-03-21,2,,50650,50650,1,1,506.0,,,,,,,,,,,,,,,,,,,,,,,,,,,,,,,,,,,,,,,0.0,5.0,4.0,5.0,5.0,5.0,5.0,5.0,5.0,5.0,5.0,5.0,5.0,5.0,5.0,4.0,4.0,4.0,2.0,2.0,2.0,2.0,2000.0,,,,,,2000.0,1.0,5.0,4.0,1.0,1.0,1.0,1.0,5.0,1.0,5.0,1.0,1.0,1.0,3.0,3.0,2.0,1.0,1.0,4.0,1.0,1.0,2.0,0.0,1.0,1.0,2.0,7.0,2.0,0.0,0.0,0.0,0.0,0.0,0.0,1.0,4.0,4.0,4.0,4.0,2.0,2.0,1.0,2.0,2.0,2.0,-2.0,-1.0,2.0,0.0,2.0,0.0,0.0,0.0,10,10,10,10,1,1500.0,3000.0,,,0.0,0.0,0.0,,,0.0,,,,,,,,,,,0.0,0.0,0.0,0.0,,,0.0,,1.0,1.0,0.0,,,,,,,,0.0,,,,,,1.0,,,,,,5.0,7.0,5.0,,5.0,,5.0,,4.0,,0.0,0.0,5,3,3.0,1.0,3.0,1.0,3.0,3.0,3.0,3.0,3.0,1.0,3,3,1,0,0.0,0,2,2,2,2,2,2,2,4.0,3.0,2.0,1.0,1.0,3.0,1.0,1.0,3.0,1.0,3.0,0,4.0,1,2.0,2.0,1.0,2.0,3,4.0,1,1,2.0,900,100,2.0,1.0,.,OK,1,1,1,0.0,,1.0,uuid:c846e6ee-c3ec-45a6-ba8f-3f5ebe73aa6b,uuid:c846e6ee-c3ec-45a6-ba8f-3f5ebe73aa6b,,,,0.0,50650.0,,C,0,1.0,0.0,1.0,0.0,1.0,0.0,28 Jan 2021,22308.0,1400,1600, 3/21/2019,16:45:00,17:30:00,00:45:00,
2019-03-19 11:46:27,2019-03-19 12:26:32,2019-03-19,4,1.0,35690,35690,1,1,355.0,,,,,,,,,,,,,,,,,,,,,,,,,,,,,,,,,,,,,,,,,,,,,,,,,,,,,,,,,,,,,,,,,,,,,,,,,,,,,,,,,,,,,,,,,,,,,,,,,,,,,,,,,,,,,,,,,,,,,,,,,7,5,4,3,1,1500.0,2000.0,,,0.0,0.0,0.0,,,,,,,,,,,,,,0.0,0.0,0.0,0.0,,,,,,,,,,,,,,,,,,,,,,,,,,,,,,,,,,,,,,,3,3,3.0,3.0,3.0,3.0,3.0,3.0,3.0,3.0,3.0,1.0,2,3,2,0,0.0,0,2,2,2,2,2,2,2,2.0,3.0,1.0,4.0,2.0,2.0,2.0,2.0,2.0,2.0,2.0,1,,1,1.0,1.0,2.0,1.0,1,4.0,1,1,1.0,500,500,,,.,OK,1,1,1,,,,uuid:c8b3f9a6-f4c9-4f5a-9354-8b5e25a3c489,uuid:c8b3f9a6-f4c9-4f5a-9354-8b5e25a3c489,,,,0.0,35690.0,,C,0,1.0,0.0,1.0,0.0,1.0,0.0,28 Jan 2021,22308.0,1800,1200,,,,,
2019-03-22 10:36:18,2019-03-22 11:48:45,2019-03-22,2,,65791,65791,1,1,658.0,,,,,,,,,,,,,,,,,,,,,,,,,,,,,,,,,,,,,,,0.0,4.0,4.0,3.0,3.0,4.0,3.0,4.0,5.0,3.0,3.0,3.0,5.0,3.0,3.0,2.0,1.0,2.0,2.0,2.0,2.0,2.0,2000.0,,,,2000.0,,,1.0,4.0,4.0,1.0,2.0,1.0,1.0,2.0,1.0,2.0,2.0,2.0,1.0,4.0,4.0,6.0,1.0,1.0,4.0,1.0,2.0,1.0,1.0,1.0,1.0,1.0,6.0,2.0,1.0,0.0,0.0,0.0,1.0,0.0,0.0,4.0,4.0,4.0,4.0,2.0,2.0,2.0,2.0,2.0,2.0,0.0,-1.0,5.0,1.0,0.0,0.0,0.0,0.0,9,7,5,3,1,1500.0,1500.0,,,0.0,0.0,0.0,,,0.0,,,,,,,,,,,0.0,0.0,0.0,0.0,,,0.0,,2.0,2.0,2.0,,,,,,,,1.0,3.0,2.0,2.0,2.0,4.0,,,,,,,13.0,10.0,1.0,,5.0,,5.0,,5.0,,,,4,5,2.0,2.0,2.0,2.0,2.0,2.0,2.0,2.0,1.0,3.0,3,3,2,2,-1.0,-1,1,4,2,2,2,2,2,1.0,2.0,3.0,4.0,8.0,1.0,1.0,1.0,3.0,1.0,1.0,0,1.0,1,1.0,4.0,4.0,1.0,1,7.0,4,1,2.0,0,1000,1.0,2.0,.,OK,1,1,1,1.0,1.0,1.0,uuid:c9d442a6-0f5f-4483-9ee4-9d9275a9e0e6,uuid:c9d442a6-0f5f-4483-9ee4-9d9275a9e0e6,,,,0.0,65791.0,,C,0,1.0,0.0,1.0,0.0,1.0,0.0,28 Jan 2021,22308.0,1000,2000,22/03/2019,12:47:00,13:08:00,00:21:00,
2019-03-26 10:05:59,2019-03-26 10:41:35,2019-03-26,4,1.0,31392,31392,1,1,313.0,,,,,,,,,,,,,,,,,,,,,,,,,,,,,,,,,,,,,,,,,,,,,,,,,,,,,,,,,,,,,,,,,,,,,,,,,,,,,,,,,,,,,,,,,,,,,,,,,,,,,,,,,,,,,,,,,,,,,,,,,8,7,5,4,1,0.0,2500.0,,,0.0,0.0,0.0,,,,,,,,,,,,,,0.0,0.0,0.0,0.0,,,,,,,,,,,,,,,,,,,,,,,,,,,,,,,,,,,,,,,5,5,2.0,2.0,2.0,2.0,1.0,2.0,2.0,2.0,1.0,3.0,3,3,2,0,0.0,0,1,1,2,2,2,2,2,1.0,3.0,2.0,4.0,1.0,2.0,1.0,1.0,1.0,1.0,2.0,1,,2,1.0,1.0,1.0,1.0,2,3.0,1,1,1.0,800,200,,,.,OK,1,1,1,,,,uuid:cad85f62-cf6a-44d1-8b33-5227c15ca1a3,uuid:cad85f62-cf6a-44d1-8b33-5227c15ca1a3,,,,0.0,31392.0,,C,0,1.0,0.0,1.0,0.0,1.0,0.0,28 Jan 2021,22308.0,2700,300,,,,,
2019-03-27 14:04:21,2019-03-27 14:21:17,2019-03-27,1,,10,10,1,1,,,,,.,.,.,,.,,,,,,.,,.,,,,,,,,,,,,,,,,0.0,0.0,0.0,0.0,0.0,0.0,0.0,1.0,5.0,3.0,2.0,4.0,5.0,1.0,2.0,5.0,5.0,2.0,5.0,4.0,5.0,5.0,4.0,1.0,5.0,1.0,2.0,1.0,1.0,2000.0,,,1000.0,,,,1.0,4.0,5.0,2.0,2.0,2.0,5.0,1.0,1.0,4.0,4.0,4.0,2.0,1.0,4.0,1.0,1.0,4.0,1.0,2.0,2.0,1.0,1.0,0.0,0.0,2.0,5.0,2.0,1.0,0.0,0.0,0.0,1.0,0.0,0.0,4.0,4.0,4.0,4.0,2.0,1.0,2.0,1.0,2.0,2.0,2.0,1.0,4.0,0.0,0.0,0.0,0.0,0.0,8,6,5,4,1,1500.0,6600.0,2.0,3.0,1.0,0.0,0.0,1.0,3.0,,0.0,0.0,0.0,0.0,,,0.0,0.0,0.0,0.0,0.0,0.0,0.0,0.0,,,,,-1.0,-2.0,-2.0,1.0,3.0,2.0,3.0,3.0,4.0,,,,,,,,,3.0,1.0,,1.0,,6.0,8.0,3.0,.,4.0,.,4.0,.,5.0,,,,2,3,3.0,3.0,3.0,2.0,2.0,,2.0,3.0,4.0,1.0,3,1,1,0,0.0,0,1,1,2,1,3,3,1,,2.0,,,1.0,3.0,1.0,1.0,3.0,8.0,1.0,1,,1,2.0,1.0,2.0,1.0,4,1.0,1,2,1.0,120,880,1.0,1.0,.,,1,1,1,1.0,1.0,1.0,uuid:cc058927-8d25-441c-ab82-75c739b51157,uuid:cc058927-8d25-441c-ab82-75c739b51157,,,,0.0,,10.0,,0,1.0,0.0,0.0,0.0,1.0,0.0,28 Jan 2021,22308.0,300,2700, 3/14/2019,10:43:00,10:50:00,00:07:00,
2019-03-25 08:22:39,2019-03-25 09:46:05,2019-03-25,2,,36183,36183,1,1,361.0,,,,,,,,,,,,,,,,,,,,,,,,,,,,,,,,,,,,,,,0.0,5.0,4.0,3.0,5.0,3.0,1.0,3.0,5.0,3.0,3.0,3.0,3.0,3.0,3.0,4.0,2.0,1.0,2.0,2.0,2.0,2.0,2000.0,,,,,,2000.0,1.0,5.0,4.0,1.0,2.0,2.0,2.0,4.0,2.0,4.0,1.0,2.0,2.0,4.0,4.0,1.0,1.0,1.0,4.0,2.0,1.0,1.0,1.0,1.0,2.0,2.0,6.0,2.0,0.0,0.0,0.0,1.0,1.0,1.0,0.0,4.0,4.0,4.0,4.0,2.0,2.0,2.0,2.0,2.0,2.0,0.0,-1.0,4.0,0.0,0.0,0.0,0.0,-1.0,7,6,5,4,1,1500.0,2000.0,,,0.0,0.0,0.0,,,1.0,1.0,0.0,1.0,0.0,,1.0,1.0,0.0,0.0,0.0,1.0,0.0,0.0,0.0,,,1.0,3.0,2.0,2.0,2.0,,,,,,,,0.0,,,,,,1.0,,,,,,5.0,3.0,5.0,,4.0,,4.0,,5.0,,,,5,5,0.0,3.0,2.0,0.0,2.0,2.0,2.0,2.0,3.0,1.0,3,3,2,0,0.0,0,1,3,2,2,2,2,2,3.0,4.0,1.0,2.0,2.0,2.0,1.0,2.0,2.0,2.0,1.0,1,,4,1.0,1.0,1.0,1.0,3,4.0,1,1,2.0,300,700,1.0,1.0,.,OK,1,1,1,1.0,1.0,1.0,uuid:ccd23ede-1610-47cd-85f8-2f5cbd3e5633,uuid:ccd23ede-1610-47cd-85f8-2f5cbd3e5633,,,,0.0,36183.0,,C,0,1.0,0.0,1.0,0.0,1.0,0.0,28 Jan 2021,22308.0,700,2300,25/03/2019,10:46:00,11:23:59,00:38:00,
2019-03-29 08:23:49,2019-03-29 09:54:30,2019-03-29,2,1.0,6232,6232,1,1,623.0,,,,,,,,,,,,,,,,,,,,,,,,,,,,,,,,,,,,,,,1.0,3.0,5.0,4.0,5.0,5.0,5.0,4.0,5.0,5.0,5.0,5.0,4.0,5.0,5.0,2.0,4.0,2.0,1.0,2.0,2.0,2.0,2000.0,,,,,1000.0,,2.0,4.0,2.0,2.0,2.0,2.0,2.0,2.0,1.0,3.0,1.0,4.0,1.0,2.0,1.0,6.0,1.0,2.0,2.0,2.0,1.0,1.0,0.0,1.0,1.0,1.0,8.0,2.0,0.0,0.0,0.0,0.0,0.0,0.0,1.0,3.0,3.0,4.0,3.0,1.0,2.0,1.0,1.0,2.0,1.0,0.0,0.0,4.0,0.0,0.0,0.0,0.0,0.0,10,7,5,5,1,1500.0,7500.0,,,0.0,0.0,0.0,,,0.0,,,,,,,0.0,0.0,0.0,0.0,0.0,0.0,0.0,0.0,,,0.0,,0.0,2.0,1.0,,,,,,,,1.0,3.0,2.0,2.0,2.0,4.0,,,,,,,8.0,6.0,5.0,,5.0,,5.0,,4.0,,0.0,0.0,3,3,2.0,2.0,2.0,0.0,2.0,0.0,2.0,2.0,3.0,5.0,3,3,2,0,0.0,0,2,4,4,2,2,2,2,3.0,4.0,1.0,2.0,1.0,1.0,1.0,1.0,1.0,1.0,1.0,1,,1,1.0,1.0,2.0,1.0,2,4.0,2,2,1.0,500,500,3.0,2.0,.,OK,1,1,1,1.0,1.0,1.0,uuid:cdfc91b1-df31-475c-b16c-db66fde448b4,uuid:cdfc91b1-df31-475c-b16c-db66fde448b4,,,,0.0,6232.0,,C,0,1.0,0.0,1.0,0.0,1.0,0.0,28 Jan 2021,22308.0,1700,1300,29/03/2019,10:51:00,10:56:00,00:05:00,
2019-03-27 12:33:15,2019-03-27 13:23:09,2019-03-27,5,0.0,36244,36244,0,1,362.0,63.0,0.0,1958.0,Katoka,Mpokolo,LULUWA,28.0,,7.0,,3.0,1.0,4.0,KAZUMBA,13.0,,60000.0,120000.0,5.0,3.0,5.0,1.0,1.0,1.0,1.0,1.0,1.0,1.0,2.0,120000.0,60000.0,0.0,0.0,0.0,0.0,0.0,1.0,0.0,,,,,,,,,,,,,,,,,,,,,,,,,,,,,,,,,,,,,,,,,,,,,,,,,,,,,,,,,,,,,,,,,,,,,,,,,,,,,,,,,,,4,3,1,5,1,3000.0,1500.0,,,0.0,0.0,0.0,,,,,,,,,,0.0,0.0,0.0,0.0,0.0,0.0,0.0,0.0,,,,,,,,,,,,,,,,,,,,,,,,,,,,,,,,,,,,,,,4,3,0.0,3.0,2.0,0.0,2.0,0.0,2.0,1.0,1.0,2.0,3,3,1,0,0.0,0,1,2,4,2,3,2,2,3.0,1.0,4.0,2.0,1.0,1.0,1.0,1.0,1.0,1.0,1.0,1,,3,1.0,1.0,1.0,1.0,1,7.0,2,4,2.0,200,800,,,.,OK,1,1,1,,,,uuid:ce3f067d-29e9-455e-8e8e-68b51e97437d,uuid:ce3f067d-29e9-455e-8e8e-68b51e97437d,,,,0.0,36244.0,,A,0,1.0,1.0,1.0,0.0,1.0,0.0,28 Jan 2021,22308.0,900,2100,,,,,
2019-03-19 12:27:07,2019-03-19 12:59:55,2019-03-19,4,1.0,23374,23374,1,1,233.0,,,,,,,,,,,,,,,,,,,,,,,,,,,,,,,,,,,,,,,,,,,,,,,,,,,,,,,,,,,,,,,,,,,,,,,,,,,,,,,,,,,,,,,,,,,,,,,,,,,,,,,,,,,,,,,,,,,,,,,,,8,4,2,1,1,5000.0,2000.0,,,0.0,0.0,0.0,,,,,,,,,,,,,,0.0,0.0,0.0,0.0,,,,,,,,,,,,,,,,,,,,,,,,,,,,,,,,,,,,,,,5,5,3.0,2.0,2.0,0.0,3.0,2.0,2.0,2.0,3.0,1.0,1,3,2,-2,-1.0,0,1,3,1,2,2,2,2,3.0,4.0,1.0,2.0,3.0,1.0,1.0,2.0,3.0,3.0,1.0,1,,1,1.0,1.0,1.0,1.0,1,3.0,1,1,2.0,500,500,,,.,OK,1,1,1,,,,uuid:ce412f92-2577-4b29-8b78-c1bd5723c665,uuid:ce412f92-2577-4b29-8b78-c1bd5723c665,,,,0.0,23374.0,,C,0,1.0,0.0,1.0,0.0,1.0,0.0,28 Jan 2021,22308.0,300,2700,,,,,
2019-03-29 08:51:23,2019-03-29 09:24:57,2019-03-29,5,1.0,32188,32188,1,1,321.0,,,,,,,,,,,,,,,,,,,,,,,,,,,,,,,,,,,,,,,,,,,,,,,,,,,,,,,,,,,,,,,,,,,,,,,,,,,,,,,,,,,,,,,,,,,,,,,,,,,,,,,,,,,,,,,,,,,,,,,,,9,6,4,2,1,5000.0,2500.0,,,0.0,0.0,0.0,,,,,,,,,,0.0,0.0,0.0,0.0,0.0,0.0,0.0,0.0,,,,,,,,,,,,,,,,,,,,,,,,,,,,,,,,,,,,,,,5,3,0.0,0.0,0.0,0.0,0.0,0.0,0.0,0.0,3.0,1.0,3,3,2,0,0.0,0,1,2,2,4,4,1,1,3.0,4.0,1.0,2.0,1.0,3.0,8.0,1.0,3.0,8.0,1.0,0,3.0,2,2.0,4.0,2.0,3.0,1,4.0,1,2,1.0,400,600,,,.,OK,1,1,1,,,,uuid:ce43fa84-bdd7-4ba7-86c5-0178f6c184ca,uuid:ce43fa84-bdd7-4ba7-86c5-0178f6c184ca,,,,0.0,32188.0,,A,0,1.0,0.0,1.0,0.0,1.0,0.0,28 Jan 2021,22308.0,1600,1400,,,,,
2019-03-27 07:23:41,2019-03-27 07:58:43,2019-03-27,5,1.0,32989,32989,1,1,329.0,,,,,,,,,,,,,,,,,,,,,,,,,,,,,,,,,,,,,,,,,,,,,,,,,,,,,,,,,,,,,,,,,,,,,,,,,,,,,,,,,,,,,,,,,,,,,,,,,,,,,,,,,,,,,,,,,,,,,,,,,10,8,5,3,1,1500.0,3000.0,,,0.0,0.0,0.0,,,,,,,,,,0.0,0.0,0.0,0.0,0.0,0.0,0.0,0.0,,,,,,,,,,,,,,,,,,,,,,,,,,,,,,,,,,,,,,,3,3,3.0,0.0,3.0,2.0,2.0,2.0,2.0,2.0,3.0,1.0,3,3,2,0,0.0,0,2,2,2,2,2,2,2,4.0,3.0,1.0,2.0,1.0,1.0,1.0,1.0,4.0,1.0,1.0,1,,2,1.0,1.0,1.0,1.0,1,4.0,1,1,1.0,1000,0,,,.,OK,1,1,1,,,,uuid:cfc7fe02-eb30-4174-98ee-b52a286b32b9,uuid:cfc7fe02-eb30-4174-98ee-b52a286b32b9,,,,0.0,32989.0,,A,0,1.0,0.0,1.0,0.0,1.0,0.0,28 Jan 2021,22308.0,400,2600,,,,,
2019-03-16 07:19:16,2019-03-16 11:49:47,2019-03-16,4,1.0,61349,61349,1,1,614.0,,,,.,.,.,,.,,,,,,.,,.,,,,,,,,,,,,,,,,0.0,0.0,0.0,0.0,0.0,0.0,0.0,,,,,,,,,,,,,,,,,,,,,,,,,,,,,,,,,,,,,,,,,,,,,,,,,,,,,,,,,,,,,,,,,,,,,,,,,,,,,,,,,,,7,4,2,1,1,1500.0,2000.0,,,0.0,0.0,0.0,,,,,,,,,,0.0,0.0,0.0,0.0,0.0,0.0,0.0,0.0,,,,,,,,,,,,,,,,,,,,,,,,,,,,,,.,,.,,.,,,,,4,5,3.0,2.0,3.0,1.0,2.0,2.0,2.0,2.0,1.0,3.0,2,3,2,0,0.0,0,1,2,2,2,2,2,2,1.0,2.0,3.0,4.0,1.0,1.0,1.0,1.0,7.0,1.0,1.0,0,2.0,2,2.0,2.0,3.0,1.0,1,4.0,2,1,2.0,400,600,,,.,OK,1,1,1,,,,uuid:d1b584b6-a254-4114-af06-caaa484eaab6,uuid:d1b584b6-a254-4114-af06-caaa484eaab6,,,,0.0,61349.0,,C,0,1.0,0.0,1.0,0.0,1.0,0.0,28 Jan 2021,22308.0,1600,1400,,,,,
2019-04-05 12:45:15,2019-04-05 13:09:07,2019-04-05,4,1.0,65790,65790,1,1,657.0,,,,,,,,,,,,,,,,,,,,,,,,,,,,,,,,,,,,,,,,,,,,,,,,,,,,,,,,,,,,,,,,,,,,,,,,,,,,,,,,,,,,,,,,,,,,,,,,,,,,,,,,,,,,,,,,,,,,,,,,,10,7,5,2,1,1500.0,2000.0,,,0.0,0.0,0.0,,,,,,,,,,0.0,0.0,0.0,0.0,0.0,0.0,0.0,0.0,,,,,,,,,,,,,,,,,,,,,,,,,,,,,,,,,,,,,,,3,3,2.0,2.0,2.0,0.0,2.0,2.0,2.0,2.0,3.0,1.0,3,3,2,0,0.0,0,1,1,4,2,2,2,2,2.0,3.0,1.0,4.0,1.0,2.0,2.0,2.0,2.0,2.0,2.0,0,4.0,1,1.0,1.0,1.0,1.0,1,4.0,1,1,2.0,500,500,,,.,OK,1,1,1,,,,uuid:d2a58a25-af9d-44c6-aa43-1b092b2419f7,uuid:d2a58a25-af9d-44c6-aa43-1b092b2419f7,,,,0.0,65790.0,,C,0,1.0,0.0,1.0,0.0,1.0,0.0,28 Jan 2021,22308.0,700,2300,,,,,
2019-03-26 09:21:45,2019-03-26 10:07:03,2019-03-26,4,1.0,6448,6448,1,1,644.0,,,,,,,,,,,,,,,,,,,,,,,,,,,,,,,,,,,,,,,,,,,,,,,,,,,,,,,,,,,,,,,,,,,,,,,,,,,,,,,,,,,,,,,,,,,,,,,,,,,,,,,,,,,,,,,,,,,,,,,,,7,5,4,2,1,1500.0,2500.0,,,0.0,0.0,0.0,,,,,,,,,,,,,,0.0,0.0,0.0,0.0,,,,,,,,,,,,,,,,,,,,,,,,,,,,,,,,,,,,,,,3,3,3.0,2.0,3.0,2.0,2.0,2.0,2.0,2.0,3.0,1.0,2,3,2,0,0.0,0,1,2,2,2,2,2,2,1.0,2.0,3.0,4.0,1.0,1.0,1.0,1.0,7.0,1.0,1.0,0,4.0,1,1.0,1.0,2.0,1.0,1,4.0,1,1,2.0,400,600,,,.,OK,1,1,1,,,,uuid:d2b4fbd6-b842-40c4-a1d4-75d347ef76fe,uuid:d2b4fbd6-b842-40c4-a1d4-75d347ef76fe,,,,0.0,6448.0,,C,0,1.0,0.0,1.0,0.0,1.0,0.0,28 Jan 2021,22308.0,2000,1000,,,,,
2019-03-15 06:46:24,2019-03-15 11:15:03,2019-03-15,2,,55544,55544,1,1,554.0,,,,,,,,.,,,,,,,,.,,,,,,,,,,,,,,,,,,,,,,,0.0,3.0,5.0,4.0,3.0,5.0,1.0,1.0,5.0,5.0,5.0,1.0,5.0,5.0,4.0,4.0,4.0,4.0,1.0,1.0,1.0,1.0,,2500.0,,,,,,1.0,4.0,4.0,2.0,2.0,2.0,2.0,2.0,1.0,4.0,2.0,2.0,2.0,1.0,3.0,2.0,1.0,2.0,3.0,2.0,1.0,2.0,2.0,2.0,2.0,2.0,7.0,2.0,0.0,0.0,1.0,1.0,0.0,0.0,0.0,4.0,4.0,4.0,4.0,2.0,2.0,2.0,2.0,2.0,2.0,2.0,2.0,5.0,,1.0,0.0,,0.0,8,6,4,2,1,,,,,0.0,0.0,0.0,,,1.0,1.0,1.0,1.0,0.0,,1.0,1.0,0.0,0.0,0.0,1.0,0.0,0.0,0.0,,,1.0,2.0,0.0,2.0,1.0,,,,,,,,1.0,1.0,2.0,3.0,2.0,2.0,,,,,,,6.0,3.0,3.0,,5.0,,5.0,,5.0,,,,4,4,,,,,,,,,,,3,3,2,0,0.0,0,1,4,3,3,3,1,1,,,,,1.0,2.0,2.0,2.0,2.0,2.0,2.0,0,4.0,4,1.0,2.0,1.0,1.0,1,4.0,1,1,2.0,800,200,1.0,1.0,,,1,1,1,0.0,,1.0,uuid:d2bb3491-9ace-4fc0-8cdb-46a8a1ab82cb,uuid:d2bb3491-9ace-4fc0-8cdb-46a8a1ab82cb,,,,0.0,55544.0,,C,0,1.0,0.0,1.0,0.0,1.0,0.0,28 Jan 2021,22308.0,1400,1600, 3/15/2019,10:54:59,12:02:00,01:07:00,
2019-03-22 11:28:24,2019-03-22 12:41:18,2019-03-22,2,,67945,67945,1,1,679.0,,,,,,,,,,,,,,,,,,,,,,,,,,,,,,,,,,,,,,,1.0,2.0,3.0,2.0,5.0,5.0,2.0,4.0,4.0,3.0,3.0,4.0,4.0,3.0,3.0,4.0,4.0,2.0,1.0,1.0,1.0,1.0,,2500.0,,,,,,1.0,4.0,5.0,1.0,1.0,2.0,2.0,3.0,2.0,4.0,2.0,2.0,2.0,4.0,1.0,1.0,1.0,1.0,4.0,1.0,1.0,2.0,0.0,1.0,1.0,2.0,5.0,2.0,1.0,0.0,0.0,0.0,0.0,0.0,0.0,4.0,3.0,4.0,3.0,2.0,2.0,2.0,2.0,2.0,2.0,-1.0,0.0,3.0,0.0,0.0,0.0,0.0,0.0,7,6,5,3,1,2000.0,7000.0,,,0.0,0.0,0.0,,,1.0,0.0,1.0,0.0,0.0,,1.0,1.0,0.0,0.0,0.0,1.0,0.0,0.0,0.0,,,1.0,4.0,0.0,2.0,2.0,,,,,,,,1.0,3.0,2.0,2.0,2.0,4.0,,,,,,,9.0,4.0,5.0,,5.0,,5.0,,5.0,,,,3,3,3.0,2.0,2.0,0.0,0.0,0.0,0.0,0.0,3.0,1.0,3,3,2,0,0.0,0,2,2,2,2,2,2,2,4.0,3.0,1.0,2.0,2.0,3.0,1.0,1.0,1.0,1.0,1.0,1,,1,1.0,1.0,1.0,1.0,2,4.0,2,2,1.0,100,900,2.0,2.0,.,OK,1,1,1,1.0,1.0,1.0,uuid:d4586ad1-130a-4672-910e-a9fb81e6725d,uuid:d4586ad1-130a-4672-910e-a9fb81e6725d,,,,0.0,67945.0,,C,0,1.0,0.0,1.0,0.0,1.0,0.0,28 Jan 2021,22308.0,1300,1700,,,,,
2019-03-18 10:28:04,2019-03-18 12:07:27,2019-03-18,3,1.0,6101077,6101077,1,1,6102.0,,,,,,,,,,,,,,,,.,,,,,,,,,,,,,,,,,,,,,,,0.0,5.0,5.0,4.0,5.0,5.0,4.0,5.0,5.0,5.0,4.0,3.0,2.0,5.0,3.0,5.0,4.0,4.0,2.0,2.0,2.0,2.0,2000.0,,,1000.0,,,,1.0,5.0,5.0,1.0,1.0,2.0,2.0,4.0,1.0,4.0,1.0,4.0,2.0,4.0,1.0,1.0,1.0,1.0,4.0,1.0,2.0,1.0,0.0,2.0,2.0,2.0,9.0,2.0,0.0,0.0,0.0,0.0,1.0,1.0,0.0,3.0,4.0,3.0,1.0,2.0,2.0,2.0,2.0,2.0,2.0,0.0,0.0,5.0,0.0,0.0,0.0,0.0,0.0,9,8,7,5,1,1500.0,2500.0,,,,,,,,,,,,,,,0.0,0.0,0.0,0.0,0.0,0.0,0.0,0.0,,,,,2.0,0.0,2.0,,,,,,,,,,,,,,,,,,,,10.0,10.0,5.0,.,5.0,,5.0,,4.0,,0.0,0.0,3,3,2.0,2.0,2.0,2.0,2.0,2.0,2.0,2.0,3.0,1.0,3,3,2,0,0.0,0,1,2,2,2,2,2,2,1.0,2.0,3.0,4.0,1.0,1.0,1.0,1.0,1.0,1.0,1.0,0,3.0,2,1.0,2.0,2.0,1.0,2,4.0,1,1,1.0,200,800,3.0,2.0,.,OK,1,1,1,1.0,1.0,1.0,uuid:d47ce8c9-a2a0-4644-9ef5-9d8f3b1a3216,uuid:d47ce8c9-a2a0-4644-9ef5-9d8f3b1a3216,,,,0.0,6101077.0,,A,0,1.0,0.0,1.0,0.0,1.0,0.0,28 Jan 2021,22308.0,1500,1500, 3/18/2019,13:07:00,13:45:00,00:38:00,1.0
2019-03-26 10:35:00,2019-03-26 11:34:46,2019-03-26,2,,53072,53072,1,1,530.0,,,,,,,,,,,,,,,,,,,,,,,,,,,,,,,,,,,,,,,1.0,1.0,1.0,3.0,4.0,3.0,1.0,1.0,3.0,1.0,1.0,1.0,1.0,4.0,1.0,5.0,5.0,2.0,1.0,1.0,2.0,2.0,2000.0,,,,,1000.0,,1.0,4.0,5.0,1.0,1.0,2.0,2.0,2.0,1.0,4.0,1.0,1.0,2.0,3.0,4.0,1.0,1.0,1.0,1.0,0.0,0.0,0.0,0.0,2.0,1.0,2.0,3.0,1.0,1.0,0.0,0.0,1.0,1.0,0.0,0.0,4.0,4.0,4.0,4.0,2.0,2.0,2.0,2.0,2.0,2.0,-2.0,0.0,1.0,-2.0,1.0,1.0,1.0,-2.0,10,7,5,0,1,1500.0,1500.0,,,0.0,0.0,0.0,,,0.0,,,,,,,,,,,0.0,0.0,0.0,0.0,,,0.0,,2.0,2.0,2.0,,,,,,,,0.0,,,,,,0.0,,,,,,6.0,1.0,1.0,,4.0,,4.0,,5.0,,,,3,3,0.0,3.0,0.0,0.0,0.0,0.0,0.0,0.0,3.0,1.0,3,3,2,0,0.0,0,2,1,2,2,2,2,2,3.0,4.0,1.0,2.0,3.0,3.0,2.0,2.0,3.0,2.0,2.0,0,1.0,4,1.0,1.0,1.0,1.0,1,7.0,1,1,2.0,300,700,2.0,1.0,.,OK,1,1,1,1.0,1.0,1.0,uuid:d4f1348c-8272-4c12-a172-c48e7cd0e18c,uuid:d4f1348c-8272-4c12-a172-c48e7cd0e18c,,,,0.0,53072.0,,C,0,1.0,0.0,1.0,0.0,1.0,0.0,28 Jan 2021,22308.0,900,2100,,,,,
2019-03-26 10:24:13,2019-03-26 10:44:45,2019-03-15,1,,72,72,1,1,,,,,.,.,.,,.,,,,,,.,,.,,,,,,,,,,,,,,,,0.0,0.0,0.0,0.0,0.0,0.0,0.0,1.0,1.0,5.0,1.0,3.0,1.0,3.0,3.0,3.0,1.0,1.0,3.0,3.0,3.0,3.0,4.0,2.0,4.0,2.0,2.0,2.0,1.0,2000.0,,,,2000.0,,,2.0,4.0,4.0,2.0,2.0,2.0,2.0,2.0,2.0,4.0,2.0,4.0,2.0,3.0,2.0,2.0,2.0,4.0,4.0,1.0,2.0,1.0,1.0,2.0,2.0,2.0,1.0,1.0,0.0,1.0,0.0,0.0,0.0,0.0,1.0,1.0,1.0,4.0,0.0,1.0,1.0,2.0,2.0,2.0,1.0,0.0,0.0,6.0,0.0,0.0,0.0,0.0,0.0,7,7,4,4,1,2000.0,8000.0,2.0,2.0,0.0,1.0,0.0,1.0,0.0,,0.0,0.0,0.0,0.0,,,0.0,0.0,0.0,0.0,0.0,0.0,0.0,0.0,,,,,-2.0,1.0,-1.0,1.0,3.0,2.0,2.0,3.0,2.0,,,,,,,,,1.0,4.0,,2.0,,8.0,6.0,4.0,.,3.0,.,4.0,.,5.0,,,,3,4,2.0,2.0,2.0,2.0,2.0,2.0,2.0,2.0,3.0,2.0,4,3,1,0,0.0,0,1,2,1,4,3,1,3,,,,,1.0,2.0,4.0,,4.0,3.0,5.0,1,,1,2.0,1.0,1.0,1.0,4,2.0,1,4,,100,900,2.0,2.0,.,,1,1,1,1.0,1.0,1.0,uuid:d582fecc-180f-4af9-b4f8-a98bdc09c541,uuid:d582fecc-180f-4af9-b4f8-a98bdc09c541,,,,1.0,,72.0,,0,1.0,0.0,0.0,0.0,1.0,0.0,28 Jan 2021,22308.0,1500,1500, 3/14/2019,16:27:00,16:54:59,00:28:00,
2019-03-21 11:37:17,2019-03-21 12:54:05,2019-03-21,2,,670101,670101,1,1,670.0,,,,,,,,,,,,,,,,,,,,,,,,,,,,,,,,,,,,,,,1.0,3.0,3.0,3.0,3.0,4.0,1.0,1.0,3.0,5.0,5.0,3.0,3.0,5.0,4.0,2.0,2.0,2.0,2.0,2.0,1.0,1.0,2000.0,,,1000.0,,,,1.0,5.0,4.0,2.0,2.0,2.0,2.0,4.0,1.0,5.0,1.0,4.0,2.0,3.0,4.0,1.0,4.0,1.0,4.0,2.0,1.0,1.0,0.0,1.0,1.0,1.0,8.0,2.0,1.0,0.0,1.0,0.0,0.0,0.0,0.0,4.0,4.0,4.0,4.0,1.0,1.0,1.0,2.0,1.0,1.0,0.0,0.0,3.0,0.0,0.0,0.0,0.0,0.0,8,4,3,1,1,2000.0,2000.0,,,0.0,0.0,0.0,,,0.0,,,,,,,,,,,0.0,0.0,0.0,0.0,,,0.0,,2.0,2.0,2.0,,,,,,,,0.0,,,,,,0.0,,,,,,8.0,10.0,4.0,,2.0,,4.0,,4.0,,0.0,0.0,5,5,0.0,3.0,2.0,0.0,0.0,0.0,0.0,0.0,1.0,3.0,3,3,2,0,0.0,0,2,2,2,2,2,2,2,2.0,3.0,1.0,4.0,2.0,2.0,8.0,2.0,8.0,1.0,1.0,1,,1,1.0,1.0,1.0,1.0,1,4.0,2,2,1.0,1000,0,2.0,2.0,.,OK,1,1,1,1.0,1.0,1.0,uuid:d6bb6495-afac-4ab4-a8f2-55907e4ae98f,uuid:d6bb6495-afac-4ab4-a8f2-55907e4ae98f,,,,0.0,670101.0,,C,0,1.0,0.0,1.0,0.0,1.0,0.0,28 Jan 2021,22308.0,600,2400, 3/21/2019,13:52:00,14:33:00,00:40:59,
2019-03-21 09:13:04,2019-03-21 10:46:32,2019-03-21,2,,55292,55292,1,1,556.0,,,,,,,,,,,,,,,,,,,,,,,,,,,,,,,,,,,,,,,0.0,5.0,5.0,2.0,4.0,5.0,1.0,1.0,4.0,5.0,1.0,4.0,5.0,5.0,5.0,5.0,5.0,2.0,1.0,1.0,1.0,1.0,2000.0,,,,,,,1.0,5.0,5.0,1.0,1.0,1.0,1.0,4.0,1.0,5.0,1.0,2.0,1.0,4.0,4.0,4.0,1.0,1.0,1.0,0.0,1.0,1.0,0.0,1.0,2.0,2.0,6.0,1.0,0.0,0.0,0.0,0.0,0.0,0.0,1.0,4.0,4.0,4.0,4.0,1.0,2.0,2.0,1.0,2.0,2.0,2.0,2.0,4.0,0.0,0.0,0.0,0.0,0.0,6,4,4,3,1,4000.0,1500.0,,,0.0,0.0,0.0,,,0.0,,,,,,,,,,,0.0,0.0,0.0,0.0,,,0.0,,0.0,2.0,0.0,,,,,,,,1.0,2.0,1.0,1.0,2.0,4.0,,,,,,,5.0,8.0,,Il ne sait pas,,Il ne sait pas,,Il ne sait pas,5.0,,,,3,3,0.0,3.0,3.0,0.0,0.0,0.0,0.0,0.0,1.0,3.0,1,2,2,0,0.0,0,1,3,4,1,2,1,1,3.0,4.0,1.0,2.0,1.0,1.0,1.0,1.0,1.0,1.0,1.0,0,4.0,4,1.0,1.0,1.0,1.0,1,4.0,3,2,1.0,1000,0,1.0,1.0,.,OK,0,0,1,1.0,1.0,1.0,uuid:d75ea65c-5352-4326-92eb-490ccbb814b4,uuid:d75ea65c-5352-4326-92eb-490ccbb814b4,,,,0.0,55292.0,,C,0,1.0,0.0,1.0,0.0,1.0,0.0,28 Jan 2021,22308.0,1500,1500, 3/21/2019,10:54:00,11:44:00,00:50:00,
2019-03-30 07:25:50,2019-03-30 08:09:45,2019-03-30,5,0.0,60591,60591,1,1,605.0,25.0,1.0,,Kananga,Plateau,LULUWA,,Bakua tshimuna,1.0,,2.0,1.0,4.0,TSHIKAPA,13.0,,50000.0,185000.0,1.0,2.0,4.0,1.0,1.0,0.0,1.0,1.0,1.0,2.0,2.0,185000.0,50000.0,0.0,0.0,1.0,0.0,0.0,0.0,0.0,,,,,,,,,,,,,,,,,,,,,,,,,,,,,,,,,,,,,,,,,,,,,,,,,,,,,,,,,,,,,,,,,,,,,,,,,,,,,,,,,,,7,4,3,2,1,1500.0,3000.0,,,0.0,0.0,0.0,,,,,,,,,,0.0,0.0,0.0,0.0,0.0,0.0,0.0,0.0,,,,,,,,,,,,,,,,,,,,,,,,,,,,,,,,,,,,,,,3,3,2.0,2.0,2.0,2.0,2.0,2.0,2.0,2.0,3.0,1.0,3,3,2,0,0.0,0,2,2,2,2,2,2,2,1.0,2.0,3.0,4.0,1.0,1.0,1.0,1.0,1.0,1.0,1.0,0,4.0,4,1.0,1.0,2.0,1.0,2,4.0,2,2,1.0,500,500,,,.,OK,1,1,1,,,,uuid:d76600eb-bb2e-4d66-b4bc-a6f8d25c96dd,uuid:d76600eb-bb2e-4d66-b4bc-a6f8d25c96dd,,,,0.0,60591.0,,A,0,1.0,1.0,1.0,0.0,1.0,0.0,28 Jan 2021,22308.0,800,2200,,,,,
2019-03-23 07:40:04,2019-03-23 08:51:39,2019-03-23,2,,5146,5146,1,1,514.0,,,,,,,,,,,,,,,,,,,,,,,,,,,,,,,,,,,,,,,1.0,1.0,3.0,1.0,4.0,1.0,1.0,3.0,4.0,1.0,2.0,3.0,4.0,3.0,3.0,5.0,4.0,2.0,1.0,1.0,1.0,1.0,2000.0,,,,,,,2.0,4.0,4.0,2.0,2.0,4.0,2.0,2.0,4.0,2.0,2.0,4.0,2.0,3.0,3.0,1.0,1.0,1.0,4.0,1.0,0.0,1.0,0.0,1.0,1.0,1.0,5.0,2.0,0.0,0.0,0.0,0.0,1.0,1.0,0.0,4.0,3.0,4.0,1.0,2.0,1.0,1.0,2.0,1.0,1.0,-2.0,0.0,3.0,0.0,0.0,0.0,0.0,0.0,6,4,2,1,1,1500.0,2000.0,,,0.0,0.0,0.0,,,1.0,1.0,1.0,1.0,0.0,,1.0,1.0,0.0,0.0,0.0,1.0,0.0,0.0,0.0,,,1.0,4.0,2.0,2.0,2.0,,,,,,,,0.0,,,,,,0.0,,,,,,9.0,10.0,4.0,,3.0,,3.0,,5.0,,,,3,3,3.0,2.0,3.0,2.0,2.0,2.0,2.0,2.0,1.0,3.0,3,3,2,0,0.0,0,1,2,2,2,2,2,2,1.0,2.0,3.0,4.0,1.0,1.0,1.0,1.0,3.0,1.0,1.0,0,4.0,2,1.0,3.0,3.0,1.0,1,4.0,1,1,2.0,800,200,2.0,1.0,.,OK,1,1,1,1.0,1.0,1.0,uuid:d8464a23-6d61-483c-a0cd-1f4a32fada95,uuid:d8464a23-6d61-483c-a0cd-1f4a32fada95,,,,0.0,5146.0,,C,0,1.0,0.0,1.0,0.0,1.0,0.0,28 Jan 2021,22308.0,1300,1700,23/03/2019,09:55:00,10:15:00,00:20:00,
2019-03-27 11:24:52,2019-03-27 12:10:12,2019-03-27,5,0.0,60930105,60930105,1,1,6093.0,45.0,0.0,2003.0,Kananga,Plateau,LUNTU,,Bakwa tshikanda,3.0,,4.0,1.0,4.0,DIMBELENGE,4.0,,25000.0,750000.0,3.0,3.0,6.0,1.0,1.0,1.0,1.0,1.0,2.0,1.0,2.0,750000.0,25000.0,0.0,0.0,1.0,0.0,0.0,0.0,0.0,,,,,,,,,,,,,,,,,,,,,,,,,,,,,,,,,,,,,,,,,,,,,,,,,,,,,,,,,,,,,,,,,,,,,,,,,,,,,,,,,,,7,6,5,5,1,1500.0,25000.0,,,0.0,0.0,0.0,,,,,,,,,,0.0,0.0,0.0,0.0,0.0,0.0,0.0,0.0,,,,,,,,,,,,,,,,,,,,,,,,,,,,,,,,,,,,,,,5,4,2.0,2.0,2.0,2.0,2.0,2.0,2.0,2.0,3.0,1.0,2,3,2,0,0.0,0,1,2,2,1,2,2,2,4.0,3.0,1.0,2.0,1.0,1.0,1.0,1.0,3.0,1.0,1.0,0,4.0,1,1.0,1.0,1.0,1.0,3,4.0,1,1,2.0,1000,0,,,.,OK,1,1,1,,,,uuid:d896230a-b690-46ab-9cef-bf89ad0eb1f6,uuid:d896230a-b690-46ab-9cef-bf89ad0eb1f6,,,,0.0,60930105.0,,A,0,1.0,1.0,1.0,0.0,1.0,0.0,28 Jan 2021,22308.0,1400,1600,,,,,
2019-03-26 09:09:02,2019-03-26 09:39:13,2019-03-26,4,1.0,3259,3259,1,1,325.0,,,,,,,,,,,,,,,,,,,,,,,,,,,,,,,,,,,,,,,,,,,,,,,,,,,,,,,,,,,,,,,,,,,,,,,,,,,,,,,,,,,,,,,,,,,,,,,,,,,,,,,,,,,,,,,,,,,,,,,,,5,3,2,1,1,1500.0,5000.0,,,0.0,0.0,0.0,,,,,,,,,,,,,,0.0,0.0,0.0,0.0,,,,,,,,,,,,,,,,,,,,,,,,,,,,,,,,,,,,,,,3,1,2.0,2.0,2.0,0.0,0.0,0.0,0.0,0.0,3.0,1.0,3,3,2,0,0.0,0,2,3,2,2,2,2,2,4.0,3.0,1.0,2.0,1.0,1.0,1.0,1.0,1.0,1.0,1.0,1,,1,1.0,1.0,1.0,1.0,2,4.0,2,2,2.0,600,400,,,.,OK,1,1,1,,,,uuid:d962eefe-6306-435e-b509-daadafa3af5b,uuid:d962eefe-6306-435e-b509-daadafa3af5b,,,,0.0,3259.0,,C,0,1.0,0.0,1.0,0.0,1.0,0.0,28 Jan 2021,22308.0,1300,1700,,,,,
2019-03-28 07:58:05,2019-03-28 08:58:11,2019-03-28,2,1.0,58784,58784,1,1,587.0,,,,,,,,,,,,,,,,,,,,,,,,,,,,,,,,,,,,,,,0.0,5.0,3.0,3.0,4.0,4.0,3.0,3.0,3.0,3.0,3.0,3.0,3.0,3.0,3.0,5.0,3.0,2.0,1.0,1.0,1.0,1.0,,2500.0,,,,,,1.0,5.0,5.0,1.0,1.0,1.0,1.0,1.0,1.0,5.0,1.0,4.0,1.0,4.0,1.0,6.0,1.0,1.0,4.0,1.0,1.0,1.0,0.0,1.0,1.0,1.0,7.0,2.0,0.0,0.0,0.0,0.0,0.0,0.0,1.0,4.0,3.0,4.0,4.0,1.0,1.0,1.0,1.0,1.0,1.0,2.0,1.0,2.0,2.0,0.0,0.0,0.0,0.0,7,5,3,1,1,1500.0,2000.0,,,0.0,0.0,0.0,,,1.0,0.0,0.0,0.0,1.0,,1.0,1.0,0.0,0.0,0.0,1.0,0.0,0.0,0.0,,,0.0,,2.0,2.0,0.0,,,,,,,,0.0,,,,,,0.0,,,,,,4.0,8.0,4.0,,4.0,,5.0,,4.0,,0.0,0.0,3,3,3.0,0.0,2.0,0.0,2.0,2.0,0.0,0.0,3.0,1.0,3,3,1,0,0.0,0,2,2,2,2,2,4,2,2.0,4.0,1.0,3.0,1.0,1.0,1.0,1.0,1.0,1.0,1.0,1,,2,1.0,1.0,1.0,1.0,2,4.0,1,1,1.0,500,500,1.0,1.0,.,OK,1,1,1,1.0,1.0,1.0,uuid:d9708c64-d590-4490-ba00-64fcc4792b68,uuid:d9708c64-d590-4490-ba00-64fcc4792b68,,,,0.0,58784.0,,C,0,1.0,0.0,1.0,0.0,1.0,0.0,28 Jan 2021,22308.0,1800,1200,28/03/2019,10:00:00,10:57:00,00:57:00,
2019-03-15 08:40:33,2019-03-15 10:13:11,2019-03-15,5,1.0,57386,57386,1,1,532.0,34.0,1.0,,Lukonga,Mulundu,LULUWA,19.0,.,12.0,,3.0,1.0,4.0,DIBAYA,11.0,.,8000.0,40000.0,4.0,3.0,4.0,1.0,1.0,1.0,1.0,2.0,2.0,3.0,3.0,40000.0,8000.0,0.0,0.0,1.0,0.0,0.0,0.0,0.0,,,,,,,,,,,,,,,,,,,,,,,,,,,,,,,,,,,,,,,,,,,,,,,,,,,,,,,,,,,,,,,,,,,,,,,,,,,,,,,,,,,9,9,6,5,1,,,,,0.0,0.0,0.0,,,,,,,,,,0.0,0.0,0.0,0.0,,,,,,,,,,,,,,,,,,,,,,,,,,,,,,,,,,,,,,,,,,,4,4,,,,,,,,,,,3,3,2,0,,0,1,1,2,1,2,1,2,,,,,1.0,1.0,1.0,2.0,3.0,1.0,1.0,0,4.0,1,2.0,2.0,1.0,1.0,2,4.0,1,2,2.0,500,500,,,,,1,1,1,,,,uuid:d97e0289-9eb1-4808-9edd-18b2a21dcf86,uuid:d97e0289-9eb1-4808-9edd-18b2a21dcf86,,,,0.0,57386.0,,A,0,1.0,1.0,1.0,0.0,1.0,0.0,28 Jan 2021,22308.0,1100,1900,,,,,
2019-04-04 13:45:18,2019-04-04 15:15:06,2019-04-04,2,1.0,31395,31395,1,1,313.0,,,,,,,,,,,,,,,,,,,,,,,,,,,,,,,,,,,,,,,1.0,1.0,3.0,3.0,4.0,3.0,1.0,3.0,4.0,3.0,2.0,3.0,3.0,4.0,3.0,5.0,4.0,2.0,2.0,2.0,2.0,1.0,2000.0,,,,,1000.0,,1.0,5.0,4.0,2.0,2.0,2.0,2.0,4.0,2.0,4.0,2.0,4.0,2.0,4.0,3.0,3.0,1.0,1.0,4.0,1.0,0.0,1.0,0.0,1.0,1.0,1.0,8.0,2.0,0.0,0.0,0.0,0.0,0.0,0.0,1.0,3.0,3.0,3.0,2.0,1.0,1.0,1.0,2.0,2.0,1.0,2.0,0.0,4.0,0.0,0.0,0.0,0.0,0.0,10,5,6,2,1,1500.0,3000.0,,,0.0,0.0,0.0,,,0.0,,,,,,,0.0,0.0,0.0,0.0,0.0,0.0,0.0,0.0,,,0.0,,0.0,1.0,1.0,,,,,,,,1.0,2.0,2.0,2.0,2.0,4.0,,,,,,,8.0,9.0,5.0,,5.0,,5.0,,4.0,,0.0,0.0,3,3,2.0,2.0,2.0,2.0,2.0,2.0,2.0,2.0,3.0,1.0,3,3,2,0,0.0,0,2,2,4,2,2,2,2,1.0,2.0,3.0,4.0,1.0,1.0,1.0,1.0,1.0,1.0,1.0,0,4.0,1,1.0,2.0,2.0,1.0,2,3.0,2,2,2.0,300,700,3.0,2.0,.,OK,1,1,1,1.0,1.0,1.0,uuid:d9d3d0b4-b3eb-4375-943e-c2c0af65d547,uuid:d9d3d0b4-b3eb-4375-943e-c2c0af65d547,,,,0.0,31395.0,,C,0,1.0,0.0,1.0,0.0,1.0,0.0,28 Jan 2021,22308.0,1500,1500,,,,,
2019-03-29 11:14:46,2019-03-29 12:13:50,2019-03-29,2,1.0,22950,22950,1,1,229.0,,,,,,,,,,,,,,,,,,,,,,,,,,,,,,,,,,,,,,,0.0,1.0,2.0,3.0,3.0,3.0,1.0,4.0,3.0,3.0,3.0,3.0,3.0,3.0,3.0,2.0,2.0,2.0,1.0,1.0,2.0,2.0,2000.0,,,,,,2000.0,1.0,4.0,4.0,4.0,1.0,4.0,2.0,2.0,1.0,4.0,2.0,4.0,2.0,4.0,4.0,6.0,1.0,4.0,4.0,2.0,1.0,1.0,0.0,2.0,2.0,2.0,7.0,2.0,1.0,0.0,1.0,1.0,0.0,0.0,0.0,4.0,4.0,4.0,4.0,2.0,2.0,2.0,2.0,2.0,2.0,2.0,1.0,2.0,0.0,1.0,0.0,0.0,-2.0,4,3,2,1,1,1500.0,1500.0,,,0.0,0.0,0.0,,,1.0,1.0,1.0,0.0,0.0,,1.0,1.0,0.0,0.0,0.0,1.0,0.0,0.0,0.0,,,0.0,,0.0,-2.0,1.0,,,,,,,,0.0,,,,,,0.0,,,,,,8.0,6.0,4.0,,4.0,,4.0,,4.0,,0.0,0.0,5,5,2.0,0.0,2.0,1.0,2.0,2.0,2.0,2.0,1.0,3.0,1,3,2,0,0.0,0,1,1,1,1,1,2,2,2.0,4.0,1.0,3.0,1.0,2.0,2.0,2.0,2.0,2.0,2.0,0,2.0,1,1.0,1.0,1.0,1.0,3,3.0,1,1,1.0,500,500,1.0,1.0,.,OK,1,1,1,1.0,1.0,1.0,uuid:d9f71b42-922d-4c35-a53f-253889de29ba,uuid:d9f71b42-922d-4c35-a53f-253889de29ba,,,,0.0,22950.0,,C,0,1.0,0.0,1.0,0.0,1.0,0.0,28 Jan 2021,22308.0,600,2400,28/03/2019,13:13:00,13:40:00,00:27:00,
2019-03-25 08:07:40,2019-03-25 08:59:08,2019-03-25,5,1.0,3453,3453,1,1,345.0,,,,,,,,,,,,,,,,,,,,,,,,,,,,,,,,,,,,,,,,,,,,,,,,,,,,,,,,,,,,,,,,,,,,,,,,,,,,,,,,,,,,,,,,,,,,,,,,,,,,,,,,,,,,,,,,,,,,,,,,,7,5,3,1,1,500.0,1000.0,,,0.0,0.0,0.0,,,,,,,,,,,,,,0.0,0.0,0.0,0.0,,,,,,,,,,,,,,,,,,,,,,,,,,,,,,,,,,,,,,,3,5,2.0,3.0,2.0,0.0,2.0,2.0,2.0,2.0,1.0,2.0,3,3,1,0,0.0,0,2,2,2,2,2,2,4,2.0,4.0,1.0,3.0,8.0,3.0,2.0,1.0,7.0,4.0,4.0,1,,1,1.0,1.0,1.0,1.0,2,4.0,1,2,2.0,700,300,,,.,OK,1,1,1,,,,uuid:dadc4b08-4ac0-4dc9-847a-529ee1262b82,uuid:dadc4b08-4ac0-4dc9-847a-529ee1262b82,,,,0.0,3453.0,,A,0,1.0,0.0,1.0,0.0,1.0,0.0,28 Jan 2021,22308.0,1100,1900,,,,,
2019-03-22 09:05:09,2019-03-22 10:32:10,2019-03-22,2,,66311,66311,1,1,663.0,,,,,,,,,,,,,,,,,,,,,,,,,,,,,,,,,,,,,,,1.0,3.0,3.0,3.0,4.0,3.0,3.0,3.0,4.0,4.0,3.0,3.0,3.0,4.0,3.0,5.0,4.0,2.0,1.0,1.0,1.0,1.0,,,3000.0,,,,,2.0,4.0,4.0,2.0,2.0,2.0,2.0,4.0,2.0,4.0,2.0,4.0,2.0,4.0,4.0,6.0,1.0,1.0,4.0,0.0,1.0,1.0,0.0,1.0,1.0,1.0,8.0,2.0,0.0,0.0,0.0,0.0,0.0,0.0,1.0,4.0,3.0,3.0,3.0,2.0,1.0,1.0,1.0,2.0,2.0,0.0,0.0,4.0,0.0,0.0,0.0,0.0,0.0,7,4,3,1,1,1500.0,1500.0,,,0.0,0.0,0.0,,,1.0,1.0,1.0,0.0,0.0,,1.0,1.0,0.0,0.0,0.0,1.0,0.0,0.0,0.0,,,0.0,,2.0,0.0,2.0,,,,,,,,0.0,,,,,,0.0,,,,,,7.0,8.0,5.0,,4.0,,5.0,,5.0,,,,5,5,2.0,2.0,2.0,2.0,2.0,2.0,2.0,2.0,1.0,3.0,3,3,2,0,0.0,0,2,2,2,2,2,2,2,1.0,2.0,3.0,4.0,1.0,3.0,1.0,1.0,1.0,1.0,1.0,0,4.0,4,1.0,2.0,1.0,1.0,1,5.0,2,1,2.0,300,700,4.0,2.0,.,OK,1,1,1,1.0,1.0,1.0,uuid:db124730-783a-4bb6-9374-3be3bcd1b060,uuid:db124730-783a-4bb6-9374-3be3bcd1b060,,,,0.0,66311.0,,C,0,1.0,0.0,1.0,0.0,1.0,0.0,28 Jan 2021,22308.0,1400,1600,22/03/2019,11:22:00,12:21:00,00:59:00,
2019-04-20 08:56:30,2019-04-20 09:46:27,2019-04-20,4,0.0,66351,66351,0,2,663.0,53.0,0.0,1984.0,Kananga,Kamayi,LULUWA,36.0,,1.0,,2.0,1.0,4.0,DIBAYA,4.0,,70000.0,350000.0,5.0,3.0,6.0,1.0,1.0,1.0,1.0,1.0,1.0,1.0,1.0,350000.0,70000.0,0.0,0.0,1.0,1.0,1.0,0.0,0.0,,,,,,,,,,,,,,,,,,,,,,,,,,,,,,,,,,,,,,,,,,,,,,,,,,,,,,,,,,,,,,,,,,,,,,,,,,,,,,,,,,,10,5,3,0,1,1000.0,1500.0,,,0.0,0.0,0.0,,,,,,,,,,0.0,0.0,0.0,0.0,0.0,0.0,0.0,0.0,,,,,,,,,,,,,,,,,,,,,,,,,,,,,,,,,,,,,,,3,3,0.0,3.0,0.0,0.0,2.0,2.0,2.0,2.0,1.0,3.0,2,3,2,0,0.0,0,2,2,4,2,2,2,2,3.0,4.0,1.0,2.0,1.0,1.0,1.0,1.0,1.0,8.0,1.0,0,1.0,1,4.0,1.0,2.0,1.0,2,4.0,1,1,2.0,700,300,,,.,OK,1,1,1,,,,uuid:db86c303-5b33-47d7-a19f-af58664dbd81,uuid:db86c303-5b33-47d7-a19f-af58664dbd81,,,,0.0,66351.0,,C,0,1.0,1.0,1.0,0.0,1.0,0.0,28 Jan 2021,22308.0,1300,1700,,,,,
2019-03-20 10:53:08,2019-03-20 11:33:54,2019-03-20,5,1.0,31249,31249,1,1,312.0,,,,,,,,,,,,,,,,,,,,,,,,,,,,,,,,,,,,,,,,,,,,,,,,,,,,,,,,,,,,,,,,,,,,,,,,,,,,,,,,,,,,,,,,,,,,,,,,,,,,,,,,,,,,,,,,,,,,,,,,,10,7,4,3,1,1500.0,2000.0,,,0.0,0.0,0.0,,,,,,,,,,,,,,0.0,0.0,0.0,0.0,,,,,,,,,,,,,,,,,,,,,,,,,,,,,,,,,,,,,,,5,4,3.0,2.0,2.0,0.0,2.0,2.0,2.0,2.0,1.0,3.0,3,3,2,0,0.0,0,2,3,2,2,2,2,2,1.0,2.0,3.0,4.0,1.0,3.0,7.0,1.0,7.0,1.0,1.0,0,4.0,1,2.0,4.0,1.0,1.0,1,6.0,2,2,1.0,700,300,,,.,OK,1,1,1,,,,uuid:dd09ea86-f4d8-4725-a670-8d7eb662d3e3,uuid:dd09ea86-f4d8-4725-a670-8d7eb662d3e3,,,,0.0,31249.0,,A,0,1.0,0.0,1.0,0.0,1.0,0.0,28 Jan 2021,22308.0,1500,1500,,,,,
2019-04-17 08:53:54,2019-04-17 09:27:41,2019-04-17,4,1.0,20233,20233,1,1,202.0,,,,,,,,,,,,,,,,,,,,,,,,,,,,,,,,,,,,,,,,,,,,,,,,,,,,,,,,,,,,,,,,,,,,,,,,,,,,,,,,,,,,,,,,,,,,,,,,,,,,,,,,,,,,,,,,,,,,,,,,,7,6,4,3,1,1500.0,3000.0,,,0.0,0.0,0.0,,,,,,,,,,0.0,0.0,0.0,0.0,0.0,0.0,0.0,0.0,,,,,,,,,,,,,,,,,,,,,,,,,,,,,,,,,,,,,,,3,3,3.0,2.0,3.0,2.0,2.0,2.0,2.0,2.0,3.0,1.0,2,3,2,0,0.0,0,1,2,2,2,2,2,2,1.0,2.0,3.0,4.0,1.0,3.0,1.0,1.0,7.0,1.0,1.0,0,4.0,1,1.0,1.0,2.0,1.0,1,6.0,1,1,1.0,200,800,,,.,OK,1,1,1,,,,uuid:de36ca84-7ec2-4b5d-9eac-6cc79c9dd1f4,uuid:de36ca84-7ec2-4b5d-9eac-6cc79c9dd1f4,,,,0.0,20233.0,,C,0,1.0,0.0,1.0,0.0,1.0,0.0,28 Jan 2021,22308.0,1200,1800,,,,,
2019-03-21 15:39:09,2019-03-21 16:47:42,2019-03-21,2,,67545,67545,1,1,675.0,,,,,,,,,,,,,,,,,,,,,,,,,,,,,,,,,,,,,,,0.0,3.0,3.0,4.0,3.0,3.0,3.0,3.0,3.0,3.0,3.0,3.0,3.0,3.0,3.0,1.0,4.0,2.0,2.0,1.0,1.0,1.0,,,3000.0,,,,,1.0,4.0,4.0,1.0,1.0,1.0,2.0,2.0,1.0,2.0,2.0,4.0,2.0,2.0,1.0,6.0,3.0,2.0,4.0,1.0,1.0,1.0,0.0,1.0,1.0,2.0,7.0,2.0,1.0,0.0,0.0,0.0,1.0,1.0,0.0,4.0,4.0,4.0,4.0,2.0,2.0,2.0,2.0,2.0,2.0,0.0,0.0,2.0,0.0,0.0,0.0,0.0,2.0,10,8,6,3,1,2000.0,3000.0,,,0.0,0.0,0.0,,,1.0,1.0,1.0,1.0,0.0,,1.0,1.0,0.0,0.0,0.0,1.0,0.0,0.0,0.0,,,0.0,,2.0,2.0,2.0,,,,,,,,1.0,3.0,3.0,3.0,3.0,4.0,,,,,,,8.0,10.0,5.0,,3.0,,2.0,,5.0,,,,3,3,0.0,3.0,2.0,0.0,0.0,0.0,0.0,0.0,1.0,3.0,2,3,2,0,0.0,0,1,1,2,2,2,2,2,1.0,4.0,2.0,3.0,3.0,3.0,3.0,2.0,2.0,7.0,1.0,1,,4,1.0,1.0,1.0,1.0,4,6.0,2,2,2.0,0,1000,2.0,2.0,.,OK,1,1,1,1.0,1.0,1.0,uuid:df8479a2-cccd-4b50-af5d-05bf1ea79a68,uuid:df8479a2-cccd-4b50-af5d-05bf1ea79a68,,,,0.0,67545.0,,C,0,1.0,0.0,1.0,0.0,1.0,0.0,28 Jan 2021,22308.0,1200,1800, 3/21/2019,17:46:00,17:54:00,00:08:00,
2019-03-20 08:30:59,2019-03-20 10:12:06,2019-03-20,4,1.0,51789,51789,1,1,517.0,,,,,,,,,,,,,,,,,,,,,,,,,,,,,,,,,,,,,,,,,,,,,,,,,,,,,,,,,,,,,,,,,,,,,,,,,,,,,,,,,,,,,,,,,,,,,,,,,,,,,,,,,,,,,,,,,,,,,,,,,5,2,3,3,1,5000.0,2000.0,,,0.0,0.0,0.0,,,,,,,,,,,,,,0.0,0.0,0.0,0.0,,,,,,,,,,,,,,,,,,,,,,,,,,,,,,,,,,,,,,,3,3,1.0,1.0,2.0,1.0,2.0,2.0,2.0,2.0,3.0,1.0,3,2,2,1,0.0,0,2,3,4,4,2,1,1,2.0,1.0,4.0,3.0,2.0,2.0,2.0,2.0,,8.0,4.0,1,,2,1.0,1.0,1.0,2.0,2,3.0,2,2,2.0,300,999,,,.,OK,1,1,1,,,,uuid:e07ae631-7751-40fe-a8ff-8022d08fd5c5,uuid:e07ae631-7751-40fe-a8ff-8022d08fd5c5,,,,0.0,51789.0,,C,0,1.0,0.0,1.0,0.0,1.0,0.0,28 Jan 2021,22308.0,1500,1500,,,,,
2019-03-27 09:43:41,2019-03-27 10:57:39,2019-03-27,3,1.0,21985,21985,0,2,219.0,,,,,,,,,,,,,,,,,,,,,,,,,,,,,,,,,,,,,,,0.0,2.0,4.0,4.0,4.0,3.0,1.0,3.0,2.0,3.0,3.0,1.0,4.0,4.0,4.0,2.0,2.0,2.0,1.0,1.0,1.0,1.0,2000.0,,,1000.0,,,,1.0,5.0,5.0,2.0,1.0,1.0,1.0,3.0,1.0,5.0,1.0,2.0,1.0,1.0,4.0,6.0,4.0,1.0,4.0,1.0,1.0,1.0,0.0,1.0,1.0,1.0,5.0,2.0,1.0,0.0,0.0,0.0,0.0,0.0,0.0,3.0,3.0,3.0,1.0,1.0,1.0,1.0,1.0,1.0,1.0,2.0,0.0,4.0,0.0,0.0,0.0,0.0,0.0,10,10,10,8,1,1500.0,2000.0,,,0.0,0.0,0.0,,,,,,,,,,0.0,0.0,0.0,0.0,0.0,0.0,0.0,0.0,,,,,2.0,2.0,2.0,,,,,,,,,,,,,,,,,,,,6.0,4.0,5.0,,3.0,,4.0,,5.0,,,,3,5,3.0,1.0,3.0,0.0,2.0,2.0,2.0,2.0,3.0,1.0,3,3,2,0,0.0,0,2,2,2,2,2,2,3,4.0,2.0,3.0,1.0,1.0,3.0,1.0,1.0,1.0,1.0,1.0,1,,4,2.0,1.0,1.0,1.0,1,7.0,2,2,2.0,0,1000,1.0,1.0,.,OK,1,1,1,1.0,1.0,1.0,uuid:e1370c81-c23f-4611-b344-cfcf017cc653,uuid:e1370c81-c23f-4611-b344-cfcf017cc653,,,,0.0,21985.0,,A,0,1.0,0.0,1.0,0.0,1.0,0.0,28 Jan 2021,22308.0,1500,1500,27/03/2019,11:09:00,11:12:00,00:03:00,
2019-04-06 08:01:55,2019-04-06 09:22:55,2019-04-06,5,1.0,20890,20890,1,1,208.0,,,,,,,,,,,,,,,,,,,,,,,,,,,,,,,,,,,,,,,,,,,,,,,,,,,,,,,,,,,,,,,,,,,,,,,,,,,,,,,,,,,,,,,,,,,,,,,,,,,,,,,,,,,,,,,,,,,,,,,,,5,3,2,0,1,1500.0,2000.0,,,0.0,0.0,0.0,,,,,,,,,,0.0,0.0,0.0,0.0,0.0,0.0,0.0,0.0,,,,,,,,,,,,,,,,,,,,,,,,,,,,,,,,,,,,,,,3,3,3.0,2.0,2.0,2.0,2.0,2.0,2.0,2.0,1.0,3.0,1,3,2,0,0.0,0,1,2,2,1,1,1,1,4.0,3.0,1.0,2.0,2.0,2.0,2.0,2.0,2.0,2.0,2.0,1,,1,4.0,4.0,4.0,1.0,1,4.0,2,2,2.0,50,950,,,.,OK,1,1,1,,,,uuid:e14d7046-c693-4f61-a587-5073caa3b8af,uuid:e14d7046-c693-4f61-a587-5073caa3b8af,,,,0.0,20890.0,,A,0,1.0,0.0,1.0,0.0,1.0,0.0,28 Jan 2021,22308.0,1700,1300,,,,,
2019-04-05 11:12:29,2019-04-05 12:12:46,2019-04-05,5,0.0,11490,11490,0,1,106.0,71.0,0.0,1989.0,Lukonga,Mabondo,LULUWA,22.0,,2.0,,2.0,1.0,4.0,DEMBA,4.0,,7000.0,15000.0,3.0,2.0,6.0,1.0,1.0,1.0,1.0,1.0,1.0,1.0,1.0,15000.0,7000.0,0.0,0.0,1.0,0.0,0.0,0.0,0.0,,,,,,,,,,,,,,,,,,,,,,,,,,,,,,,,,,,,,,,,,,,,,,,,,,,,,,,,,,,,,,,,,,,,,,,,,,,,,,,,,,,5,4,3,2,1,500.0,2500.0,,,0.0,0.0,0.0,,,,,,,,,,0.0,0.0,0.0,0.0,0.0,0.0,0.0,0.0,,,,,,,,,,,,,,,,,,,,,,,,,,,,,,,,,,,,,,,5,5,0.0,3.0,2.0,0.0,2.0,2.0,1.0,0.0,3.0,1.0,3,1,2,-1,-1.0,-1,1,2,4,2,2,4,2,3.0,2.0,1.0,4.0,2.0,1.0,1.0,1.0,1.0,1.0,1.0,1,,4,1.0,1.0,1.0,2.0,1,5.0,1,1,2.0,500,500,,,.,OK,0,1,1,,,,uuid:e2586b30-242a-44de-a043-b91fbf04e254,uuid:e2586b30-242a-44de-a043-b91fbf04e254,,,,0.0,11490.0,,A,0,1.0,1.0,1.0,0.0,1.0,0.0,28 Jan 2021,22308.0,1600,1400,,,,,
2019-03-16 10:14:49,,2019-03-16,2,,62295,62295,1,1,622.0,,,,.,.,.,,.,,,,,,.,,.,,,,,,,,,,,,,,,,0.0,0.0,0.0,0.0,0.0,0.0,0.0,1.0,3.0,3.0,4.0,5.0,4.0,3.0,5.0,3.0,5.0,5.0,4.0,3.0,3.0,4.0,4.0,2.0,2.0,1.0,1.0,1.0,1.0,,2500.0,,,,,,1.0,4.0,4.0,2.0,2.0,4.0,2.0,4.0,2.0,4.0,2.0,4.0,2.0,1.0,4.0,1.0,4.0,1.0,4.0,1.0,0.0,2.0,0.0,2.0,2.0,0.0,8.0,1.0,0.0,0.0,0.0,0.0,0.0,0.0,1.0,3.0,4.0,3.0,2.0,2.0,2.0,2.0,2.0,2.0,2.0,1.0,1.0,5.0,0.0,0.0,0.0,0.0,0.0,7,6,6,4,1,1500.0,7000.0,,,0.0,0.0,0.0,,,1.0,1.0,0.0,1.0,0.0,,1.0,1.0,0.0,0.0,0.0,1.0,0.0,0.0,0.0,,,0.0,,2.0,2.0,1.0,,,,,,,,0.0,,,,,,0.0,,,,,,8.0,10.0,4.0,.,4.0,.,3.0,.,5.0,,,,5,5,0.0,3.0,3.0,0.0,0.0,0.0,0.0,0.0,3.0,1.0,3,2,2,0,0.0,0,1,2,4,1,2,4,1,2.0,4.0,1.0,3.0,5.0,2.0,1.0,1.0,5.0,1.0,1.0,0,4.0,1,1.0,1.0,1.0,1.0,1,7.0,3,1,1.0,900,100,4.0,2.0,.,OK,0,1,1,1.0,1.0,1.0,uuid:e31dcf89-2855-4547-8a4e-732722d8bd69,uuid:e31dcf89-2855-4547-8a4e-732722d8bd69,,,,0.0,62295.0,,C,0,1.0,0.0,1.0,0.0,1.0,0.0,28 Jan 2021,22308.0,1200,1800, 3/16/2019,11:58:00,12:30:00,00:32:00,
2019-04-03 08:21:52,2019-04-03 09:01:02,2019-04-03,5,1.0,10193,10193,1,1,101.0,,,,,,,,,,,,,,,,,,,,,,,,,,,,,,,,,,,,,,,,,,,,,,,,,,,,,,,,,,,,,,,,,,,,,,,,,,,,,,,,,,,,,,,,,,,,,,,,,,,,,,,,,,,,,,,,,,,,,,,,,6,4,3,1,1,1500.0,2000.0,,,0.0,0.0,0.0,,,,,,,,,,0.0,0.0,0.0,0.0,0.0,0.0,0.0,0.0,,,,,,,,,,,,,,,,,,,,,,,,,,,,,,,,,,,,,,,3,3,3.0,2.0,3.0,2.0,3.0,1.0,3.0,2.0,3.0,5.0,1,3,2,0,0.0,0,1,1,2,2,2,2,2,2.0,4.0,1.0,3.0,1.0,1.0,1.0,1.0,1.0,1.0,1.0,1,,4,1.0,2.0,1.0,1.0,2,4.0,1,1,2.0,500,500,,,.,OK,1,1,1,,,,uuid:e352473e-617f-4613-8c2a-32cbf4a9fdb0,uuid:e352473e-617f-4613-8c2a-32cbf4a9fdb0,,,,0.0,10193.0,,A,0,1.0,0.0,1.0,0.0,1.0,0.0,28 Jan 2021,22308.0,1300,1700,,,,,
2019-04-01 09:21:34,2019-04-01 10:36:34,2019-04-01,3,1.0,10248,10248,1,1,102.0,,,,,,,,,,,,,,,,,,,,,,,,,,,,,,,,,,,,,,,0.0,3.0,5.0,5.0,5.0,5.0,2.0,5.0,5.0,5.0,3.0,3.0,5.0,5.0,4.0,4.0,2.0,2.0,1.0,1.0,1.0,1.0,2000.0,,,,,,,2.0,5.0,5.0,2.0,1.0,2.0,2.0,2.0,2.0,4.0,2.0,2.0,1.0,4.0,4.0,1.0,4.0,4.0,4.0,1.0,1.0,1.0,1.0,1.0,1.0,2.0,7.0,2.0,1.0,0.0,0.0,0.0,1.0,1.0,0.0,3.0,3.0,4.0,4.0,2.0,2.0,2.0,2.0,2.0,2.0,0.0,-2.0,4.0,0.0,0.0,0.0,0.0,0.0,10,10,10,10,1,2000.0,5000.0,,,0.0,0.0,0.0,,,,,,,,,,0.0,0.0,0.0,0.0,0.0,0.0,0.0,0.0,,,,,2.0,2.0,2.0,,,,,,,,,,,,,,,,,,,,6.0,4.0,4.0,,3.0,,3.0,,4.0,,0.0,0.0,3,3,3.0,3.0,2.0,0.0,2.0,2.0,2.0,2.0,3.0,1.0,2,3,2,0,0.0,0,2,2,2,2,2,2,1,3.0,4.0,1.0,2.0,1.0,2.0,2.0,2.0,2.0,2.0,1.0,1,,1,2.0,2.0,1.0,1.0,2,4.0,1,1,1.0,0,1000,1.0,1.0,.,OK,1,1,1,1.0,1.0,1.0,uuid:e425625f-42c9-4afd-b872-11e58cb97673,uuid:e425625f-42c9-4afd-b872-11e58cb97673,,,,0.0,10248.0,,A,0,1.0,0.0,1.0,0.0,1.0,0.0,28 Jan 2021,22308.0,1900,1100,  1/4/2019,10:43:00,11:04:00,00:21:00,
2019-03-15 13:35:14,2019-03-15 15:05:55,2019-03-15,3,,58784,58784,1,1,0.0,,,,,,,,.,,,,,,,,.,,,,,,,,,,,,,,,,,,,,,,,1.0,3.0,3.0,4.0,5.0,1.0,1.0,1.0,5.0,3.0,2.0,3.0,3.0,5.0,4.0,5.0,4.0,2.0,1.0,1.0,1.0,1.0,,2500.0,,,,,,1.0,4.0,4.0,1.0,2.0,2.0,2.0,2.0,2.0,4.0,1.0,5.0,2.0,2.0,1.0,3.0,1.0,1.0,3.0,1.0,2.0,1.0,0.0,1.0,1.0,1.0,8.0,2.0,0.0,0.0,0.0,0.0,0.0,0.0,1.0,1.0,0.0,4.0,2.0,1.0,1.0,0.0,1.0,2.0,2.0,2.0,0.0,5.0,,0.0,0.0,,0.0,8,7,5,4,1,,,,,0.0,0.0,0.0,,,,,,,,,,0.0,0.0,0.0,0.0,,,,,,,,,2.0,2.0,2.0,,,,,,,,,,,,,,,,,,,,6.0,1.0,3.0,,5.0,,4.0,,5.0,,,,5,3,,,,,,,,,,,2,1,2,0,0.0,0,1,1,1,1,1,2,1,,,,,1.0,2.0,2.0,1.0,3.0,1.0,1.0,1,,1,2.0,3.0,2.0,2.0,1,5.0,1,1,1.0,100,900,2.0,1.0,,,1,1,1,1.0,1.0,1.0,uuid:e5e92485-d065-4849-b7dc-e745b09936aa,uuid:e5e92485-d065-4849-b7dc-e745b09936aa,,,,0.0,58784.0,,A,0,1.0,0.0,1.0,0.0,1.0,0.0,28 Jan 2021,22308.0,1600,1400, 3/15/2019,16:07:00,17:27:00,01:20:00,
2019-03-18 14:00:55,2019-03-18 15:45:53,2019-03-18,3,1.0,69282,69282,1,1,692.0,,,,,,,,,,,,,,,,.,,,,,,,,,,,,,,,,,,,,,,,0.0,1.0,3.0,1.0,5.0,3.0,1.0,3.0,5.0,1.0,1.0,3.0,1.0,4.0,1.0,5.0,1.0,4.0,1.0,1.0,1.0,1.0,2000.0,,,,,,,1.0,5.0,5.0,1.0,1.0,1.0,1.0,3.0,3.0,5.0,1.0,5.0,1.0,4.0,4.0,3.0,1.0,1.0,4.0,1.0,1.0,1.0,0.0,2.0,1.0,0.0,9.0,2.0,0.0,0.0,0.0,0.0,0.0,0.0,1.0,1.0,1.0,4.0,0.0,1.0,0.0,0.0,1.0,2.0,2.0,2.0,0.0,4.0,0.0,0.0,0.0,0.0,0.0,5,5,5,5,1,500.0,3000.0,,,,,,,,,,,,,,,0.0,0.0,0.0,0.0,0.0,0.0,0.0,0.0,,,,,-2.0,0.0,0.0,,,,,,,,,,,,,,,,,,,,9.0,6.0,5.0,.,3.0,,5.0,,5.0,,,,3,1,2.0,3.0,3.0,1.0,2.0,2.0,2.0,2.0,1.0,3.0,3,1,2,0,0.0,0,2,2,3,2,1,1,2,4.0,3.0,1.0,2.0,1.0,1.0,1.0,2.0,3.0,1.0,1.0,1,,3,4.0,3.0,4.0,3.0,1,6.0,2,4,2.0,0,1000,2.0,1.0,.,OK,1,1,1,1.0,1.0,1.0,uuid:e65a15ac-bbea-4ad5-b333-75ed09532430,uuid:e65a15ac-bbea-4ad5-b333-75ed09532430,,,,0.0,69282.0,,A,0,1.0,0.0,1.0,0.0,1.0,0.0,28 Jan 2021,22308.0,1500,1500, 3/18/2019,16:46:59,17:01:00,00:14:00,
2019-03-18 10:48:07,2019-03-18 11:48:21,2019-03-18,4,1.0,53859,53859,1,1,617.0,,,,,,,,,,,,,,,,.,,,,,,,,,,,,,,,,,,,,,,,,,,,,,,,,,,,,,,,,,,,,,,,,,,,,,,,,,,,,,,,,,,,,,,,,,,,,,,,,,,,,,,,,,,,,,,,,,,,,,,,,,10,5,3,2,1,2000.0,1500.0,,,,,,,,,,,,,,,0.0,0.0,0.0,0.0,0.0,0.0,0.0,0.0,,,,,,,,,,,,,,,,,,,,,,,,,,,,,,.,,,,,,,,,4,4,0.0,3.0,2.0,0.0,0.0,2.0,3.0,2.0,3.0,2.0,3,2,2,0,0.0,0,2,2,4,1,1,1,1,3.0,4.0,1.0,2.0,3.0,3.0,1.0,2.0,3.0,8.0,2.0,0,4.0,1,1.0,1.0,1.0,1.0,1,7.0,1,1,2.0,400,600,,,.,OK,1,1,1,,,,uuid:e78da3ab-c730-4fc7-afa9-e31809914e91,uuid:e78da3ab-c730-4fc7-afa9-e31809914e91,,,,0.0,53859.0,,C,0,1.0,0.0,1.0,0.0,1.0,0.0,28 Jan 2021,22308.0,500,2500,,,,,
2019-04-20 08:43:03,2019-04-20 09:41:37,2019-04-20,4,0.0,64847,64847,0,1,648.0,49.0,0.0,2009.0,Kananga,Kamayi,LULUWA,,Bena bitende,1.0,,4.0,1.0,4.0,DIBAYA,14.0,,35000.0,150000.0,16.0,2.0,6.0,1.0,1.0,0.0,0.0,1.0,1.0,3.0,3.0,150000.0,35000.0,0.0,0.0,1.0,0.0,0.0,0.0,0.0,,,,,,,,,,,,,,,,,,,,,,,,,,,,,,,,,,,,,,,,,,,,,,,,,,,,,,,,,,,,,,,,,,,,,,,,,,,,,,,,,,,10,8,6,5,1,1500.0,2000.0,,,0.0,0.0,0.0,,,,,,,,,,0.0,0.0,0.0,0.0,0.0,0.0,0.0,0.0,,,,,,,,,,,,,,,,,,,,,,,,,,,,,,,,,,,,,,,5,5,2.0,2.0,2.0,1.0,2.0,2.0,2.0,2.0,3.0,1.0,3,3,2,0,0.0,0,2,2,2,2,2,2,2,1.0,2.0,3.0,4.0,1.0,2.0,1.0,2.0,1.0,1.0,1.0,0,4.0,1,1.0,2.0,2.0,1.0,2,4.0,1,2,1.0,500,500,,,.,OK,1,1,1,,,,uuid:e7d4a0b7-fb17-40e5-9679-54bef4f76666,uuid:e7d4a0b7-fb17-40e5-9679-54bef4f76666,,,,0.0,64847.0,,C,0,1.0,1.0,1.0,0.0,1.0,0.0,28 Jan 2021,22308.0,2400,600,,,,,
2019-03-27 08:30:51,2019-03-27 09:37:10,2019-03-27,3,1.0,32784,32784,1,1,327.0,,,,,,,,,,,,,,,,,,,,,,,,,,,,,,,,,,,,,,,0.0,2.0,3.0,3.0,3.0,3.0,2.0,3.0,3.0,3.0,2.0,3.0,5.0,3.0,3.0,4.0,4.0,2.0,2.0,2.0,2.0,2.0,2000.0,,,,2000.0,,,1.0,4.0,2.0,2.0,2.0,2.0,2.0,2.0,2.0,5.0,2.0,5.0,2.0,1.0,1.0,2.0,4.0,1.0,4.0,2.0,2.0,2.0,2.0,2.0,2.0,2.0,4.0,2.0,0.0,0.0,0.0,0.0,0.0,0.0,1.0,3.0,4.0,4.0,4.0,2.0,2.0,2.0,2.0,2.0,2.0,2.0,-1.0,2.0,0.0,0.0,0.0,0.0,0.0,7,6,6,4,1,1500.0,2500.0,,,0.0,0.0,0.0,,,,,,,,,,0.0,0.0,0.0,0.0,0.0,0.0,0.0,0.0,,,,,-2.0,-2.0,2.0,,,,,,,,,,,,,,,,,,,,7.0,2.0,5.0,,5.0,,5.0,,5.0,,,,5,5,3.0,3.0,3.0,3.0,2.0,2.0,2.0,2.0,3.0,1.0,4,3,2,0,0.0,0,1,1,4,1,1,4,1,4.0,3.0,1.0,2.0,2.0,2.0,2.0,2.0,2.0,2.0,1.0,0,4.0,4,4.0,2.0,2.0,4.0,1,2.0,1,1,2.0,500,500,1.0,1.0,.,OK,1,1,1,1.0,1.0,1.0,uuid:e8012b03-c8e5-4b99-b595-7cf65d167fd7,uuid:e8012b03-c8e5-4b99-b595-7cf65d167fd7,,,,0.0,32784.0,,A,0,1.0,0.0,1.0,0.0,1.0,0.0,28 Jan 2021,22308.0,1500,1500,27/03/2019,10:37:00,,13:23:00,
2019-03-26 12:25:01,2019-03-26 13:28:20,2019-03-26,3,1.0,10746,10746,1,1,107.0,,,,,,,,,,,,,,,,,,,,,,,,,,,,,,,,,,,,,,,1.0,2.0,3.0,3.0,5.0,3.0,1.0,2.0,5.0,1.0,4.0,4.0,4.0,5.0,3.0,5.0,5.0,2.0,2.0,1.0,2.0,2.0,2000.0,,,1000.0,,,,1.0,5.0,3.0,1.0,1.0,1.0,1.0,2.0,1.0,5.0,1.0,4.0,1.0,4.0,1.0,6.0,1.0,1.0,4.0,1.0,1.0,1.0,0.0,2.0,1.0,2.0,10.0,2.0,1.0,1.0,1.0,1.0,1.0,1.0,0.0,3.0,3.0,3.0,3.0,2.0,2.0,2.0,2.0,2.0,2.0,2.0,0.0,4.0,0.0,0.0,0.0,0.0,0.0,8,6,5,3,1,1500.0,3000.0,,,0.0,0.0,0.0,,,,,,,,,,,,,,0.0,0.0,0.0,0.0,,,,,2.0,2.0,2.0,,,,,,,,,,,,,,,,,,,,8.0,5.0,4.0,,4.0,,3.0,,5.0,,,,3,3,0.0,3.0,2.0,0.0,2.0,2.0,2.0,2.0,3.0,1.0,3,3,2,0,0.0,0,2,2,4,1,2,2,2,4.0,3.0,1.0,2.0,3.0,3.0,3.0,1.0,3.0,3.0,1.0,1,,1,1.0,1.0,1.0,1.0,2,4.0,1,1,1.0,50,950,2.0,1.0,.,OK,1,1,1,1.0,1.0,1.0,uuid:e829f0cb-ed9a-4f14-b0b0-91f1d45afe94,uuid:e829f0cb-ed9a-4f14-b0b0-91f1d45afe94,,,,0.0,10746.0,,A,0,1.0,0.0,1.0,0.0,1.0,0.0,28 Jan 2021,22308.0,1400,1600,25/03/2019,14:30:00,15:18:00,00:48:00,
2019-04-03 11:06:46,2019-04-03 11:28:21,2019-04-03,4,1.0,20890,20890,1,1,208.0,,,,,,,,,,,,,,,,,,,,,,,,,,,,,,,,,,,,,,,,,,,,,,,,,,,,,,,,,,,,,,,,,,,,,,,,,,,,,,,,,,,,,,,,,,,,,,,,,,,,,,,,,,,,,,,,,,,,,,,,,8,6,3,0,1,1500.0,1500.0,,,0.0,0.0,0.0,,,,,,,,,,0.0,0.0,0.0,0.0,0.0,0.0,0.0,0.0,,,,,,,,,,,,,,,,,,,,,,,,,,,,,,,,,,,,,,,3,3,0.0,3.0,3.0,2.0,2.0,2.0,2.0,2.0,1.0,2.0,2,3,2,0,0.0,0,1,1,4,2,2,2,4,1.0,3.0,2.0,4.0,1.0,1.0,1.0,1.0,1.0,1.0,1.0,1,,1,1.0,1.0,1.0,1.0,3,3.0,1,1,1.0,500,500,,,.,OK,1,1,1,,,,uuid:e95a4cc6-218a-44b7-92f2-f1f117a7e262,uuid:e95a4cc6-218a-44b7-92f2-f1f117a7e262,,,,0.0,20890.0,,C,0,1.0,0.0,1.0,0.0,1.0,0.0,28 Jan 2021,22308.0,1000,2000,,,,,
2019-03-19 11:59:32,2019-03-19 12:36:23,2019-03-19,5,1.0,6448,6448,1,1,643.0,,,,,,,,,,,,,,,,,,,,,,,,,,,,,,,,,,,,,,,,,,,,,,,,,,,,,,,,,,,,,,,,,,,,,,,,,,,,,,,,,,,,,,,,,,,,,,,,,,,,,,,,,,,,,,,,,,,,,,,,,7,6,5,4,1,2000.0,3000.0,,,0.0,0.0,0.0,,,,,,,,,,,,,,0.0,0.0,0.0,0.0,,,,,,,,,,,,,,,,,,,,,,,,,,,,,,,,,,,,,,,5,3,0.0,2.0,3.0,0.0,0.0,0.0,0.0,0.0,4.0,3.0,3,1,2,-1,-1.0,-1,2,2,2,2,2,2,2,3.0,4.0,1.0,2.0,1.0,1.0,1.0,1.0,3.0,1.0,1.0,1,,1,4.0,4.0,4.0,2.0,1,5.0,2,2,1.0,400,600,,,.,OK,0,0,1,,,,uuid:e9a9f4d7-7d31-49df-9463-3c2e165ff860,uuid:e9a9f4d7-7d31-49df-9463-3c2e165ff860,,,,0.0,6448.0,,A,0,1.0,0.0,1.0,0.0,1.0,0.0,28 Jan 2021,22308.0,1500,1500,,,,,
2019-03-18 13:29:27,2019-03-18 14:49:39,2019-03-18,5,0.0,64590,64590,0,1,645.0,61.0,0.0,2015.0,Kananga,Kamayi,LUNTU,,Ngandu kalonda,11.0,,3.0,1.0,4.0,DIMBELENGE,4.0,.,20000.0,60000.0,12.0,2.0,2.0,1.0,1.0,1.0,0.0,2.0,2.0,4.0,4.0,60000.0,20000.0,0.0,0.0,1.0,0.0,0.0,0.0,0.0,,,,,,,,,,,,,,,,,,,,,,,,,,,,,,,,,,,,,,,,,,,,,,,,,,,,,,,,,,,,,,,,,,,,,,,,,,,,,,,,,,,7,4,4,2,1,1000.0,2000.0,,,,,,,,,,,,,,,0.0,0.0,0.0,0.0,0.0,0.0,0.0,0.0,,,,,,,,,,,,,,,,,,,,,,,,,,,,,,.,,,,,,,,,3,3,3.0,2.0,3.0,2.0,2.0,2.0,2.0,2.0,3.0,2.0,1,3,2,0,0.0,0,1,3,4,2,1,2,4,4.0,2.0,1.0,3.0,1.0,3.0,1.0,1.0,3.0,1.0,1.0,0,4.0,2,1.0,1.0,1.0,1.0,2,4.0,1,3,1.0,40,960,,,.,OK,1,1,1,,,,uuid:ea0ca68f-25d2-4bee-9146-cb8dd8eb7633,uuid:ea0ca68f-25d2-4bee-9146-cb8dd8eb7633,,,,0.0,64590.0,,A,0,1.0,1.0,1.0,0.0,1.0,0.0,28 Jan 2021,22308.0,1400,1600,,,,,
2019-03-26 09:39:29,2019-03-26 11:06:04,2019-03-26,3,1.0,21647,21647,1,1,216.0,,,,,,,,,,,,,,,,,,,,,,,,,,,,,,,,,,,,,,,1.0,1.0,5.0,3.0,3.0,3.0,2.0,4.0,4.0,2.0,2.0,3.0,3.0,3.0,3.0,4.0,4.0,2.0,1.0,1.0,1.0,1.0,,2500.0,,,,,,2.0,2.0,2.0,1.0,1.0,2.0,4.0,2.0,1.0,5.0,1.0,3.0,1.0,4.0,4.0,1.0,1.0,1.0,1.0,1.0,1.0,1.0,2.0,1.0,1.0,1.0,5.0,2.0,0.0,0.0,1.0,1.0,0.0,0.0,0.0,3.0,3.0,4.0,2.0,1.0,1.0,1.0,1.0,2.0,0.0,2.0,-1.0,4.0,0.0,0.0,0.0,0.0,0.0,10,10,10,6,1,2000.0,5000.0,,,0.0,0.0,0.0,,,,,,,,,,,,,,0.0,0.0,0.0,0.0,,,,,2.0,2.0,0.0,,,,,,,,,,,,,,,,,,,,5.0,4.0,,Elle ne connait pas,5.0,,5.0,,5.0,,,,5,5,3.0,2.0,2.0,2.0,2.0,2.0,2.0,2.0,1.0,3.0,2,3,2,0,0.0,0,2,2,2,2,2,2,2,4.0,3.0,1.0,2.0,3.0,3.0,3.0,2.0,3.0,3.0,3.0,0,4.0,1,2.0,2.0,1.0,1.0,1,4.0,2,1,2.0,900,100,2.0,1.0,.,OK,1,1,1,1.0,1.0,1.0,uuid:ea6169a3-50a1-4181-9fc9-cc7ba7c2e151,uuid:ea6169a3-50a1-4181-9fc9-cc7ba7c2e151,,,,0.0,21647.0,,A,0,1.0,0.0,1.0,0.0,1.0,0.0,28 Jan 2021,22308.0,1700,1300,25/03/2019,12:08:59,12:24:59,00:16:00,
2019-03-29 06:58:32,2019-03-29 07:42:50,2019-03-29,4,1.0,63845,63845,1,2,638.0,,,,,,,,,,,,,,,,,,,,,,,,,,,,,,,,,,,,,,,,,,,,,,,,,,,,,,,,,,,,,,,,,,,,,,,,,,,,,,,,,,,,,,,,,,,,,,,,,,,,,,,,,,,,,,,,,,,,,,,,,3,1,0,0,1,1000.0,1500.0,,,0.0,0.0,0.0,,,,,,,,,,0.0,0.0,0.0,0.0,0.0,0.0,0.0,0.0,,,,,,,,,,,,,,,,,,,,,,,,,,,,,,,,,,,,,,,4,3,3.0,2.0,3.0,2.0,2.0,2.0,2.0,2.0,3.0,1.0,3,1,2,0,0.0,0,2,2,2,2,2,2,2,2.0,3.0,1.0,4.0,1.0,8.0,8.0,8.0,8.0,8.0,2.0,1,,1,1.0,1.0,1.0,1.0,3,7.0,2,1,2.0,1000,0,,,.,OK,1,0,1,,,,uuid:eb241ec3-5359-4bbb-a59e-206f0e5a16d3,uuid:eb241ec3-5359-4bbb-a59e-206f0e5a16d3,,,,0.0,63845.0,,C,0,1.0,0.0,1.0,0.0,1.0,0.0,28 Jan 2021,22308.0,1500,1500,,,,,
2019-03-20 07:53:54,2019-03-20 09:10:41,2019-03-20,2,,56385,56385,1,1,562.0,,,,,,,,,,,,,,,,,,,,,,,,,,,,,,,,,,,,,,,0.0,1.0,3.0,3.0,5.0,5.0,1.0,3.0,5.0,1.0,1.0,5.0,3.0,3.0,5.0,4.0,2.0,4.0,2.0,2.0,2.0,2.0,2000.0,,,,2000.0,,,2.0,4.0,4.0,2.0,2.0,1.0,2.0,2.0,2.0,4.0,2.0,5.0,2.0,3.0,3.0,2.0,2.0,2.0,3.0,1.0,1.0,1.0,1.0,1.0,1.0,2.0,8.0,2.0,0.0,0.0,0.0,1.0,0.0,0.0,0.0,3.0,3.0,3.0,0.0,1.0,2.0,1.0,1.0,2.0,2.0,-1.0,-2.0,2.0,0.0,0.0,0.0,0.0,0.0,7,5,4,3,1,2000.0,6600.0,,,0.0,0.0,0.0,,,0.0,,,,,,,,,,,0.0,0.0,0.0,0.0,,,0.0,,1.0,1.0,1.0,,,,,,,,0.0,,,,,,0.0,,,,,,8.0,10.0,,Il ne connaît rien de tout ça,,Il n'en sait rien,,N'en sait rien,5.0,,,,5,5,2.0,2.0,3.0,0.0,2.0,2.0,2.0,2.0,1.0,3.0,2,1,2,0,0.0,0,2,2,2,2,2,2,2,4.0,3.0,1.0,2.0,8.0,1.0,1.0,1.0,1.0,1.0,1.0,1,,4,1.0,1.0,1.0,1.0,1,4.0,1,1,2.0,1000,0,3.0,2.0,.,OK,1,1,1,1.0,1.0,1.0,uuid:ed032e43-334d-46ea-ab55-04c188cb4761,uuid:ed032e43-334d-46ea-ab55-04c188cb4761,,,,0.0,56385.0,,C,0,1.0,0.0,1.0,0.0,1.0,0.0,28 Jan 2021,22308.0,1600,1400, 3/20/2019,11:17:00,12:36:00,01:19:00,
2019-03-16 09:13:48,,2019-03-16,3,1.0,62295,62295,1,1,622.0,,,,.,.,.,,.,,,,,,.,,.,,,,,,,,,,,,,,,,0.0,0.0,0.0,0.0,0.0,0.0,0.0,1.0,3.0,3.0,4.0,3.0,1.0,1.0,3.0,3.0,3.0,3.0,3.0,3.0,3.0,2.0,2.0,4.0,4.0,1.0,1.0,1.0,1.0,2000.0,,,,,,,2.0,5.0,2.0,2.0,2.0,2.0,3.0,2.0,2.0,4.0,2.0,3.0,2.0,1.0,4.0,6.0,1.0,1.0,4.0,2.0,1.0,2.0,0.0,2.0,2.0,1.0,6.0,2.0,0.0,0.0,0.0,0.0,0.0,0.0,1.0,4.0,4.0,4.0,1.0,1.0,2.0,2.0,1.0,1.0,2.0,0.0,0.0,4.0,0.0,0.0,0.0,0.0,0.0,5,3,2,0,1,1500.0,5000.0,,,0.0,0.0,0.0,,,,,,,,,,0.0,0.0,0.0,0.0,0.0,0.0,0.0,0.0,,,,,0.0,2.0,0.0,,,,,,,,,,,,,,,,,,,,7.0,3.0,4.0,.,5.0,.,3.0,.,4.0,,0.0,0.0,5,5,3.0,3.0,3.0,0.0,2.0,2.0,1.0,2.0,3.0,1.0,3,5,2,0,0.0,0,1,3,2,1,1,2,3,4.0,2.0,3.0,1.0,2.0,2.0,2.0,2.0,4.0,2.0,2.0,0,2.0,2,1.0,1.0,1.0,1.0,1,3.0,4,1,1.0,0,1000,2.0,2.0,.,OK,1,1,1,1.0,1.0,1.0,uuid:ed3e9d6c-e567-4399-99d5-a4958d7c0017,uuid:ed3e9d6c-e567-4399-99d5-a4958d7c0017,,,,0.0,62295.0,,A,0,1.0,0.0,1.0,0.0,1.0,0.0,28 Jan 2021,22308.0,1400,1600, 3/16/2019,12:05:00,12:44:00,00:39:00,
2019-03-19 10:41:09,2019-03-19 11:44:34,2019-03-19,3,1.0,37688,37688,0,1,375.0,,,,,,,,,,,,,,,,,,,,,,,,,,,,,,,,,,,,,,,1.0,3.0,4.0,5.0,5.0,4.0,5.0,5.0,5.0,4.0,4.0,5.0,3.0,5.0,4.0,4.0,4.0,5.0,2.0,2.0,2.0,2.0,2000.0,,,,,,2000.0,2.0,4.0,4.0,2.0,1.0,2.0,1.0,4.0,1.0,4.0,1.0,2.0,1.0,4.0,2.0,4.0,1.0,1.0,4.0,2.0,2.0,2.0,0.0,0.0,1.0,2.0,7.0,2.0,0.0,0.0,0.0,0.0,0.0,0.0,1.0,4.0,4.0,3.0,4.0,2.0,2.0,2.0,2.0,1.0,2.0,2.0,2.0,4.0,-1.0,0.0,0.0,0.0,0.0,10,10,8,7,1,10000.0,2500.0,,,0.0,0.0,0.0,,,,,,,,,,,,,,0.0,0.0,0.0,0.0,,,,,1.0,1.0,1.0,,,,,,,,,,,,,,,,,,,,8.0,10.0,5.0,,5.0,,5.0,,5.0,,,,3,3,0.0,3.0,3.0,0.0,0.0,2.0,0.0,2.0,1.0,3.0,3,3,2,0,0.0,0,1,2,4,2,1,4,1,1.0,3.0,2.0,4.0,2.0,2.0,3.0,3.0,3.0,2.0,2.0,1,,2,1.0,1.0,1.0,1.0,2,1.0,2,1,1.0,800,200,1.0,1.0,.,OK,1,1,1,1.0,1.0,1.0,uuid:ee072409-f492-4bd8-9d1a-4a5f0e48e94d,uuid:ee072409-f492-4bd8-9d1a-4a5f0e48e94d,,,,0.0,37688.0,,A,0,1.0,0.0,1.0,0.0,1.0,0.0,28 Jan 2021,22308.0,1200,1800, 3/19/2019,11:47:59,12:15:00,00:27:00,
2019-04-11 09:35:54,2019-04-11 10:30:20,2019-04-11,3,1.0,53646,53646,0,1,536.0,,,,,,,,,,,,,,,,,,,,,,,,,,,,,,,,,,,,,,,,,,,,,,,,,,,,,,,,,,,,,,,,,,,,,,,,,,,,,,,,,,,,,,,,,,,,,,,,,,,,,,,,,,,,,,,,,,,,,,,,,10,9,8,6,1,2000.0,5000.0,,,0.0,0.0,0.0,,,,,,,,,,0.0,0.0,0.0,0.0,0.0,0.0,0.0,0.0,,,,,,,,,,,,,,,,,,,,,,,,,,,,,,,,,,,,,,,5,5,3.0,2.0,2.0,2.0,2.0,2.0,2.0,2.0,1.0,3.0,3,3,2,0,0.0,0,1,2,2,2,2,2,2,4.0,3.0,2.0,1.0,1.0,1.0,4.0,1.0,3.0,1.0,1.0,1,,1,1.0,1.0,1.0,1.0,2,3.0,2,2,1.0,990,10,,,.,OK,1,1,1,,,,uuid:ee155b23-c885-4aa0-95c9-e1337525e916,uuid:ee155b23-c885-4aa0-95c9-e1337525e916,,,,0.0,53646.0,,A,0,1.0,0.0,1.0,0.0,1.0,0.0,28 Jan 2021,22308.0,1300,1700,,,,,
2019-03-15 10:24:48,2019-03-15 12:18:11,2019-03-15,2,,54744,54744,1,1,0.0,,,,,,,,.,,,,,,,,.,,,,,,,,,,,,,,,,,,,,,,,0.0,4.0,4.0,3.0,4.0,1.0,1.0,4.0,4.0,4.0,4.0,4.0,3.0,4.0,4.0,4.0,4.0,2.0,1.0,2.0,1.0,2.0,2000.0,,,,,,,2.0,5.0,5.0,2.0,1.0,5.0,1.0,5.0,1.0,5.0,1.0,2.0,2.0,3.0,4.0,6.0,1.0,1.0,4.0,1.0,1.0,2.0,0.0,2.0,1.0,2.0,6.0,2.0,1.0,0.0,0.0,0.0,0.0,0.0,0.0,4.0,3.0,4.0,3.0,2.0,1.0,2.0,2.0,1.0,1.0,2.0,0.0,3.0,,0.0,0.0,,0.0,10,2,0,0,1,,,,,0.0,0.0,0.0,,,1.0,1.0,0.0,1.0,0.0,,2.0,0.0,1.0,0.0,0.0,0.0,1.0,0.0,0.0,,,1.0,4.0,0.0,2.0,2.0,,,,,,,,0.0,,,,,,0.0,,,,,,8.0,8.0,5.0,,5.0,,5.0,,5.0,,,,5,5,,,,,,,,,,,3,3,2,0,0.0,0,2,2,2,2,4,2,4,,,,,1.0,1.0,1.0,1.0,1.0,1.0,1.0,0,4.0,4,1.0,2.0,2.0,1.0,3,3.0,2,2,1.0,1000,0,1.0,2.0,,,1,1,1,1.0,1.0,1.0,uuid:eeff94dd-2782-43d6-9672-5d2865ce3653,uuid:eeff94dd-2782-43d6-9672-5d2865ce3653,,,,0.0,54744.0,,C,0,1.0,0.0,1.0,0.0,1.0,0.0,28 Jan 2021,22308.0,1200,1800, 3/15/2019,13:19:00,14:27:00,01:08:00,
2019-03-22 11:21:02,2019-03-22 12:54:10,2019-03-22,2,,639157,639157,1,1,639.0,,,,,,,,,,,,,,,,,,,,,,,,,,,,,,,,,,,,,,,0.0,3.0,3.0,3.0,4.0,3.0,3.0,3.0,5.0,3.0,1.0,3.0,3.0,5.0,3.0,5.0,5.0,2.0,1.0,1.0,1.0,1.0,2000.0,,,1000.0,,,,2.0,4.0,4.0,2.0,2.0,2.0,2.0,4.0,2.0,4.0,2.0,4.0,4.0,1.0,4.0,3.0,1.0,1.0,4.0,1.0,1.0,1.0,0.0,1.0,1.0,2.0,8.0,2.0,0.0,0.0,0.0,0.0,1.0,1.0,0.0,3.0,3.0,4.0,1.0,1.0,1.0,1.0,1.0,1.0,1.0,0.0,0.0,4.0,0.0,0.0,0.0,0.0,0.0,6,3,2,1,1,1500.0,2000.0,,,0.0,0.0,0.0,,,0.0,,,,,,,,,,,0.0,0.0,0.0,0.0,,,0.0,,2.0,2.0,2.0,,,,,,,,1.0,2.0,2.0,2.0,2.0,4.0,,,,,,,10.0,9.0,4.0,,4.0,,3.0,,4.0,,0.0,0.0,3,3,2.0,2.0,2.0,2.0,2.0,2.0,2.0,2.0,1.0,3.0,3,3,1,0,0.0,0,1,2,2,2,2,2,2,1.0,2.0,3.0,4.0,1.0,3.0,1.0,1.0,7.0,1.0,1.0,0,4.0,2,1.0,3.0,3.0,1.0,1,6.0,2,2,2.0,100,900,4.0,2.0,.,OK,1,1,1,1.0,1.0,1.0,uuid:ef666c81-803d-4d17-97eb-0db39c08945e,uuid:ef666c81-803d-4d17-97eb-0db39c08945e,,,,0.0,639157.0,,C,0,1.0,0.0,1.0,0.0,1.0,0.0,28 Jan 2021,22308.0,1300,1700,22/03/2019,12:50:00,,,
2019-04-05 14:47:08,2019-04-05 15:46:31,2019-04-05,2,1.0,21595,21595,1,1,215.0,,,,,,,,,,,,,,,,,,,,,,,,,,,,,,,,,,,,,,,0.0,3.0,3.0,3.0,3.0,3.0,3.0,3.0,3.0,3.0,3.0,3.0,3.0,3.0,3.0,4.0,4.0,2.0,1.0,1.0,1.0,2.0,2000.0,,,,,,,1.0,4.0,4.0,1.0,1.0,1.0,1.0,1.0,1.0,4.0,1.0,4.0,1.0,4.0,4.0,1.0,4.0,4.0,4.0,2.0,2.0,2.0,0.0,1.0,1.0,1.0,8.0,2.0,0.0,0.0,0.0,0.0,1.0,1.0,0.0,4.0,4.0,4.0,4.0,2.0,2.0,2.0,2.0,2.0,2.0,0.0,0.0,4.0,0.0,0.0,0.0,0.0,0.0,5,4,3,1,1,1500.0,7000.0,,,0.0,0.0,0.0,,,0.0,,,,,,,0.0,0.0,0.0,0.0,0.0,0.0,0.0,0.0,,,0.0,,2.0,2.0,2.0,,,,,,,,0.0,,,,,,0.0,,,,,,6.0,4.0,5.0,,5.0,,5.0,,5.0,,,,3,3,3.0,3.0,3.0,3.0,2.0,2.0,2.0,2.0,1.0,3.0,3,3,2,0,0.0,0,2,2,4,2,2,2,2,1.0,2.0,3.0,4.0,1.0,1.0,1.0,1.0,1.0,1.0,1.0,1,,1,1.0,1.0,1.0,1.0,3,3.0,2,2,2.0,500,500,1.0,1.0,.,OK,1,1,1,1.0,1.0,1.0,uuid:ef82b92a-aeed-4d64-88a2-293271d7479f,uuid:ef82b92a-aeed-4d64-88a2-293271d7479f,,,,0.0,21595.0,,C,0,1.0,0.0,1.0,0.0,1.0,0.0,28 Jan 2021,22308.0,1600,1400,,,,,
2019-04-03 11:49:23,2019-04-03 12:53:31,2019-04-03,3,1.0,50650,50650,1,1,506.0,,,,,,,,,,,,,,,,,,,,,,,,,,,,,,,,,,,,,,,0.0,2.0,1.0,1.0,5.0,2.0,1.0,3.0,3.0,3.0,1.0,2.0,4.0,5.0,5.0,4.0,5.0,2.0,1.0,1.0,1.0,1.0,2000.0,,,,,,,3.0,1.0,5.0,5.0,1.0,1.0,1.0,1.0,1.0,2.0,1.0,1.0,1.0,4.0,4.0,1.0,1.0,1.0,4.0,2.0,2.0,2.0,2.0,2.0,2.0,2.0,2.0,2.0,0.0,0.0,0.0,0.0,1.0,1.0,0.0,3.0,3.0,3.0,2.0,2.0,2.0,2.0,2.0,2.0,2.0,2.0,0.0,4.0,0.0,0.0,0.0,0.0,0.0,5,3,3,1,1,2000.0,6000.0,,,0.0,0.0,0.0,,,,,,,,,,0.0,0.0,0.0,0.0,0.0,0.0,0.0,0.0,,,,,-2.0,2.0,-2.0,,,,,,,,,,,,,,,,,,,,8.0,6.0,4.0,,3.0,,3.0,,4.0,,0.0,0.0,5,3,3.0,1.0,3.0,1.0,3.0,3.0,2.0,2.0,3.0,1.0,1,3,2,0,0.0,0,1,1,1,1,1,1,1,2.0,4.0,1.0,3.0,1.0,1.0,1.0,1.0,1.0,1.0,1.0,1,,3,1.0,1.0,1.0,1.0,1,4.0,1,1,2.0,500,500,1.0,3.0,.,OK,1,1,1,1.0,1.0,1.0,uuid:efa9fdd3-7925-42db-85a3-ce1479f5afcb,uuid:efa9fdd3-7925-42db-85a3-ce1479f5afcb,,,,0.0,50650.0,,A,0,1.0,0.0,1.0,0.0,1.0,0.0,28 Jan 2021,22308.0,1000,2000,,,,,
2019-04-04 12:00:44,2019-04-04 12:50:48,2019-04-04,5,0.0,2291,2291,1,1,229.0,67.0,1.0,,Ndeshe,Dikongayi,LULUWA,30.0,,1.0,,2.0,1.0,4.0,DIBAYA,11.0,,170000.0,92000.0,6.0,4.0,3.0,1.0,1.0,0.0,1.0,1.0,1.0,1.0,1.0,92000.0,170000.0,0.0,0.0,1.0,0.0,0.0,0.0,0.0,,,,,,,,,,,,,,,,,,,,,,,,,,,,,,,,,,,,,,,,,,,,,,,,,,,,,,,,,,,,,,,,,,,,,,,,,,,,,,,,,,,10,8,5,1,1,2000.0,1500.0,,,0.0,0.0,0.0,,,,,,,,,,0.0,0.0,0.0,0.0,0.0,0.0,0.0,0.0,,,,,,,,,,,,,,,,,,,,,,,,,,,,,,,,,,,,,,,5,5,2.0,2.0,2.0,2.0,2.0,2.0,2.0,2.0,3.0,1.0,3,3,1,0,0.0,0,2,2,2,2,2,2,2,1.0,2.0,3.0,4.0,1.0,1.0,1.0,1.0,1.0,1.0,1.0,0,3.0,1,1.0,2.0,2.0,1.0,1,5.0,1,2,2.0,800,200,,,.,OK,1,1,1,,,,uuid:f059aeca-eb40-494a-9e01-4de367b880cc,uuid:f059aeca-eb40-494a-9e01-4de367b880cc,,,,0.0,2291.0,,A,0,1.0,1.0,1.0,0.0,1.0,0.0,28 Jan 2021,22308.0,1500,1500,,,,,
2019-04-20 10:33:38,2019-04-20 11:27:34,2019-04-20,4,0.0,64093,64093,1,1,640.0,43.0,0.0,1996.0,Kananga,Kamayi TP base,KETE,,,3.0,,2.0,1.0,4.0,LUEBO,24.0,,16000.0,50000.0,4.0,4.0,3.0,1.0,1.0,1.0,1.0,2.0,2.0,1.0,2.0,50000.0,16000.0,0.0,0.0,1.0,1.0,1.0,0.0,0.0,,,,,,,,,,,,,,,,,,,,,,,,,,,,,,,,,,,,,,,,,,,,,,,,,,,,,,,,,,,,,,,,,,,,,,,,,,,,,,,,,,,8,6,4,3,1,1500.0,3000.0,,,0.0,0.0,0.0,,,,,,,,,,0.0,0.0,0.0,0.0,0.0,0.0,0.0,0.0,,,,,,,,,,,,,,,,,,,,,,,,,,,,,,,,,,,,,,,5,5,2.0,2.0,2.0,1.0,2.0,2.0,2.0,2.0,3.0,1.0,3,3,2,0,0.0,0,2,2,2,2,2,2,2,1.0,2.0,3.0,4.0,1.0,3.0,1.0,1.0,7.0,1.0,1.0,0,4.0,1,1.0,1.0,2.0,1.0,1,4.0,1,2,2.0,200,800,,,.,OK,1,1,1,,,,uuid:f086870b-f534-4801-9532-fe6a87cfc461,uuid:f086870b-f534-4801-9532-fe6a87cfc461,,,,0.0,64093.0,,C,0,1.0,1.0,1.0,0.0,1.0,0.0,28 Jan 2021,22308.0,1400,1600,,,,,
2019-03-27 11:08:12,2019-03-27 11:52:51,2019-03-27,1,,77,77,1,1,,,,,.,.,.,,.,,,,,,.,,.,,,,,,,,,,,,,,,,0.0,0.0,0.0,0.0,0.0,0.0,0.0,0.0,3.0,3.0,3.0,3.0,3.0,1.0,3.0,3.0,3.0,3.0,3.0,1.0,3.0,3.0,4.0,4.0,4.0,2.0,2.0,2.0,2.0,2000.0,,,1000.0,,,,2.0,4.0,4.0,2.0,2.0,4.0,2.0,4.0,2.0,2.0,2.0,4.0,2.0,3.0,3.0,7.0,3.0,2.0,4.0,1.0,1.0,2.0,0.0,2.0,0.0,0.0,9.0,0.0,0.0,0.0,1.0,0.0,0.0,0.0,0.0,4.0,4.0,4.0,4.0,2.0,1.0,2.0,2.0,1.0,2.0,1.0,0.0,4.0,0.0,0.0,0.0,0.0,0.0,9,8,7,5,1,1500.0,10000.0,2.0,1.0,1.0,0.0,0.0,1.0,4.0,,0.0,0.0,0.0,0.0,,,0.0,0.0,0.0,0.0,0.0,0.0,0.0,0.0,,,,,-2.0,2.0,2.0,0.0,,,,,,1.0,,,,,,,,3.0,5.0,,1.0,,8.0,6.0,5.0,.,5.0,.,3.0,.,5.0,,,,5,5,1.0,1.0,1.0,3.0,0.0,2.0,1.0,3.0,4.0,3.0,3,1,1,2,2.0,2,1,1,1,2,3,4,1,,2.0,,,1.0,1.0,1.0,1.0,1.0,,4.0,0,4.0,2,3.0,2.0,4.0,2.0,4,6.0,1,1,1.0,200,800,1.0,1.0,.,,1,1,1,1.0,1.0,1.0,uuid:f1a5d835-14c8-4e09-b1df-98dd1bfb1bd1,uuid:f1a5d835-14c8-4e09-b1df-98dd1bfb1bd1,,,,0.0,,77.0,,0,1.0,0.0,0.0,0.0,1.0,0.0,28 Jan 2021,22308.0,300,2700, 3/14/2019,12:48:00,12:56:00,00:08:00,
2019-04-01 10:58:15,2019-04-01 12:03:58,2019-04-01,2,1.0,30489,30489,1,1,304.0,,,,,,,,,,,,,,,,,,,,,,,,,,,,,,,,,,,,,,,0.0,3.0,3.0,3.0,3.0,3.0,3.0,4.0,4.0,4.0,3.0,3.0,3.0,4.0,3.0,4.0,2.0,1.0,2.0,1.0,1.0,2.0,,,3000.0,,,,,1.0,5.0,4.0,2.0,2.0,2.0,2.0,2.0,2.0,4.0,2.0,2.0,2.0,4.0,4.0,6.0,4.0,4.0,4.0,1.0,1.0,2.0,1.0,2.0,2.0,2.0,5.0,2.0,1.0,0.0,1.0,1.0,0.0,0.0,0.0,4.0,4.0,4.0,4.0,2.0,2.0,2.0,2.0,2.0,2.0,0.0,0.0,3.0,-1.0,-1.0,-1.0,-1.0,-2.0,10,6,5,3,1,1000.0,1000.0,,,0.0,0.0,0.0,,,1.0,1.0,1.0,1.0,0.0,,1.0,0.0,0.0,1.0,0.0,0.0,1.0,0.0,0.0,,,0.0,,0.0,-2.0,-1.0,,,,,,,,1.0,2.0,1.0,1.0,0.0,2.0,,,,,,,7.0,4.0,4.0,,2.0,,4.0,,5.0,,,,3,5,2.0,2.0,2.0,0.0,2.0,2.0,2.0,2.0,1.0,3.0,3,3,2,0,0.0,0,2,2,2,2,2,2,2,3.0,4.0,1.0,2.0,2.0,3.0,3.0,2.0,2.0,2.0,2.0,1,,1,1.0,1.0,1.0,1.0,3,3.0,2,2,1.0,500,500,2.0,2.0,.,OK,1,1,1,1.0,1.0,1.0,uuid:f2670491-4d34-462b-a006-e1b5c53621d3,uuid:f2670491-4d34-462b-a006-e1b5c53621d3,,,,0.0,30489.0,,C,0,1.0,0.0,1.0,0.0,1.0,0.0,28 Jan 2021,22308.0,300,2700,  1/4/2019,12:04:00,12:30:00,00:26:00,
2019-03-21 12:25:32,2019-03-21 14:11:08,2019-03-21,2,,628124,628124,1,1,631.0,,,,,,,,,,,,,,,,,,,,,,,,,,,,,,,,,,,,,,,1.0,1.0,3.0,3.0,3.0,3.0,1.0,3.0,3.0,3.0,1.0,3.0,3.0,3.0,3.0,5.0,4.0,2.0,1.0,1.0,2.0,2.0,,2500.0,,,,,,2.0,4.0,4.0,2.0,2.0,2.0,2.0,4.0,2.0,4.0,2.0,4.0,2.0,4.0,4.0,1.0,1.0,1.0,1.0,0.0,0.0,1.0,0.0,1.0,1.0,1.0,5.0,2.0,0.0,0.0,0.0,0.0,0.0,0.0,1.0,3.0,3.0,3.0,0.0,1.0,1.0,1.0,1.0,1.0,1.0,-2.0,0.0,3.0,0.0,0.0,0.0,0.0,0.0,8,4,3,2,1,1500.0,2000.0,,,0.0,0.0,0.0,,,1.0,1.0,1.0,0.0,0.0,,2.0,0.0,1.0,0.0,0.0,0.0,1.0,0.0,0.0,,,1.0,2.0,0.0,1.0,0.0,,,,,,,,1.0,1.0,1.0,2.0,1.0,2.0,,,,,,,8.0,10.0,5.0,,5.0,,5.0,,4.0,,0.0,0.0,3,5,2.0,2.0,2.0,2.0,2.0,2.0,2.0,2.0,1.0,3.0,3,3,2,0,0.0,0,2,2,2,2,2,2,2,1.0,2.0,3.0,4.0,1.0,3.0,1.0,1.0,8.0,1.0,1.0,0,3.0,4,1.0,1.0,3.0,1.0,2,4.0,2,2,2.0,300,700,4.0,2.0,.,OK,1,1,1,1.0,1.0,1.0,uuid:f2cb31ac-3a4c-4cf6-812d-3735260e2820,uuid:f2cb31ac-3a4c-4cf6-812d-3735260e2820,,,,0.0,628124.0,,C,0,1.0,0.0,1.0,0.0,1.0,0.0,28 Jan 2021,22308.0,1400,1600, 3/21/2019,15:11:00,16:49:00,01:38:00,
2019-03-19 08:53:21,2019-03-19 10:35:04,2019-03-19,3,0.0,31487,31487,0,1,314.0,70.0,1.0,,Ndesha,Bena Mukangala,LULUWA,,Bakua mbuyi,10.0,,2.0,1.0,4.0,KANANGA,9.0,,9000.0,50000.0,3.0,3.0,4.0,1.0,1.0,0.0,1.0,1.0,1.0,1.0,1.0,50000.0,9000.0,0.0,0.0,0.0,0.0,0.0,0.0,0.0,0.0,2.0,3.0,3.0,3.0,2.0,2.0,3.0,3.0,3.0,3.0,3.0,3.0,3.0,3.0,2.0,4.0,1.0,1.0,1.0,1.0,1.0,2000.0,,,1000.0,,,,1.0,4.0,4.0,1.0,1.0,1.0,1.0,4.0,1.0,4.0,1.0,1.0,2.0,4.0,4.0,2.0,1.0,1.0,3.0,1.0,1.0,2.0,0.0,0.0,1.0,1.0,5.0,0.0,0.0,0.0,0.0,0.0,0.0,0.0,1.0,4.0,4.0,3.0,4.0,2.0,1.0,1.0,1.0,1.0,1.0,0.0,1.0,4.0,0.0,0.0,0.0,0.0,0.0,5,4,4,3,1,1500.0,5000.0,,,0.0,0.0,0.0,,,,,,,,,,,,,,0.0,0.0,0.0,0.0,,,,,0.0,2.0,1.0,,,,,,,,,,,,,,,,,,,,8.0,10.0,5.0,,5.0,,5.0,,5.0,,,,3,3,0.0,0.0,2.0,0.0,1.0,1.0,0.0,0.0,3.0,4.0,3,3,2,0,0.0,0,1,2,3,2,2,2,2,3.0,4.0,1.0,2.0,1.0,2.0,1.0,1.0,1.0,1.0,2.0,0,1.0,4,1.0,1.0,1.0,1.0,1,4.0,1,1,2.0,1000,0,1.0,1.0,.,OK,1,0,1,1.0,1.0,1.0,uuid:f3f60c38-a771-4da4-a6a7-6c8ce0a7d75f,uuid:f3f60c38-a771-4da4-a6a7-6c8ce0a7d75f,,,,0.0,31487.0,,A,0,1.0,1.0,1.0,0.0,1.0,0.0,28 Jan 2021,22308.0,1500,1500, 3/19/2019,10:42:00,10:53:00,00:11:00,
2019-03-27 09:33:52,2019-03-27 10:53:32,2019-03-27,2,1.0,59133,59133,1,1,591.0,,,,,,,,,,,,,,,,,,,,,,,,,,,,,,,,,,,,,,,1.0,1.0,2.0,5.0,5.0,3.0,1.0,4.0,5.0,2.0,5.0,1.0,5.0,5.0,1.0,1.0,2.0,1.0,2.0,2.0,2.0,2.0,2000.0,,,,,1000.0,,1.0,5.0,1.0,4.0,5.0,1.0,1.0,2.0,1.0,5.0,1.0,4.0,5.0,3.0,2.0,2.0,2.0,2.0,3.0,1.0,0.0,1.0,0.0,1.0,1.0,1.0,6.0,1.0,0.0,0.0,0.0,0.0,0.0,0.0,1.0,3.0,2.0,4.0,4.0,2.0,2.0,2.0,2.0,0.0,2.0,0.0,-1.0,5.0,0.0,1.0,0.0,0.0,0.0,10,10,7,5,1,1500.0,8000.0,,,0.0,0.0,0.0,,,0.0,,,,,,,0.0,0.0,0.0,0.0,0.0,0.0,0.0,0.0,,,1.0,888.0,1.0,1.0,0.0,,,,,,,,1.0,2.0,2.0,2.0,2.0,4.0,,,,,,,7.0,5.0,4.0,,5.0,,5.0,,5.0,,,,3,5,3.0,2.0,2.0,3.0,3.0,2.0,2.0,2.0,3.0,1.0,1,3,2,2,0.0,0,2,2,4,3,3,1,1,2.0,4.0,1.0,3.0,1.0,2.0,1.0,2.0,2.0,1.0,1.0,0,4.0,4,1.0,1.0,1.0,1.0,3,3.0,1,1,1.0,600,400,2.0,1.0,.,OK,1,1,1,1.0,1.0,1.0,uuid:f41876a3-63ea-4229-b8aa-2327fb56ce4f,uuid:f41876a3-63ea-4229-b8aa-2327fb56ce4f,,,,0.0,59133.0,,C,0,1.0,0.0,1.0,0.0,1.0,0.0,28 Jan 2021,22308.0,700,2300,27/03/2019,12:55:00,13:05:00,00:10:00,
2019-03-27 11:56:49,2019-03-27 12:26:15,2019-03-27,1,,9,9,1,1,,,,,.,.,.,,.,,,,,,.,,.,,,,,,,,,,,,,,,,0.0,0.0,0.0,0.0,0.0,0.0,0.0,1.0,3.0,3.0,3.0,3.0,3.0,1.0,2.0,3.0,1.0,2.0,1.0,1.0,3.0,2.0,5.0,5.0,5.0,1.0,1.0,1.0,1.0,,2500.0,,,,,,1.0,5.0,5.0,2.0,2.0,2.0,2.0,2.0,2.0,5.0,2.0,5.0,2.0,4.0,1.0,1.0,1.0,1.0,4.0,1.0,1.0,1.0,2.0,2.0,2.0,2.0,8.0,1.0,0.0,0.0,1.0,0.0,0.0,0.0,0.0,4.0,2.0,4.0,1.0,2.0,2.0,2.0,2.0,2.0,2.0,1.0,1.0,3.0,1.0,1.0,1.0,2.0,0.0,10,8,7,6,1,3000.0,8800.0,2.0,1.0,1.0,0.0,0.0,1.0,1.0,,0.0,0.0,0.0,0.0,,,0.0,0.0,0.0,0.0,0.0,0.0,0.0,0.0,,,,,2.0,-2.0,-2.0,1.0,3.0,3.0,3.0,2.0,3.0,,,,,,,,,3.0,3.0,,3.0,,8.0,10.0,4.0,.,5.0,.,5.0,.,5.0,,,,4,5,3.0,0.0,1.0,3.0,2.0,2.0,2.0,2.0,2.0,3.0,1,5,1,-1,1.0,1,1,1,4,2,1,1,1,1.0,,,,1.0,4.0,7.0,1.0,3.0,7.0,1.0,1,,1,2.0,3.0,3.0,1.0,4,3.0,2,1,1.0,200,800,1.0,1.0,.,,1,1,1,1.0,1.0,1.0,uuid:f4b565a2-010f-4be7-9885-33520bce1081,uuid:f4b565a2-010f-4be7-9885-33520bce1081,,,,0.0,,9.0,,0,1.0,0.0,0.0,0.0,1.0,0.0,28 Jan 2021,22308.0,1500,1500, 3/14/2019,12:36:00,12:47:00,00:11:00,
2019-03-25 14:23:20,2019-03-25 14:59:21,2019-03-25,4,1.0,68384,68384,1,1,683.0,,,,,,,,,,,,,,,,,,,,,,,,,,,,,,,,,,,,,,,,,,,,,,,,,,,,,,,,,,,,,,,,,,,,,,,,,,,,,,,,,,,,,,,,,,,,,,,,,,,,,,,,,,,,,,,,,,,,,,,,,6,4,3,2,1,2500.0,1000.0,,,0.0,0.0,0.0,,,,,,,,,,,,,,0.0,0.0,0.0,0.0,,,,,,,,,,,,,,,,,,,,,,,,,,,,,,,,,,,,,,,4,4,3.0,1.0,2.0,0.0,0.0,0.0,1.0,2.0,3.0,1.0,3,3,1,0,2.0,0,1,4,4,2,2,1,1,4.0,3.0,1.0,2.0,1.0,1.0,2.0,1.0,3.0,1.0,1.0,0,4.0,2,1.0,1.0,2.0,2.0,1,6.0,1,1,2.0,1000,0,,,.,OK,1,1,1,,,,uuid:f5301a9d-e2d7-4de1-965b-d36c56a6bcb5,uuid:f5301a9d-e2d7-4de1-965b-d36c56a6bcb5,,,,0.0,68384.0,,C,0,1.0,0.0,1.0,0.0,1.0,0.0,28 Jan 2021,22308.0,1500,1500,,,,,
2019-03-28 12:36:05,2019-03-28 13:57:09,2019-03-28,2,1.0,24450,24450,1,1,244.0,,,,,,,,,,,,,,,,,,,,,,,,,,,,,,,,,,,,,,,0.0,5.0,5.0,4.0,4.0,5.0,5.0,3.0,5.0,4.0,2.0,5.0,4.0,4.0,3.0,4.0,1.0,1.0,1.0,1.0,2.0,2.0,2000.0,,,,,1000.0,,2.0,4.0,5.0,1.0,1.0,1.0,2.0,4.0,1.0,4.0,1.0,5.0,2.0,2.0,4.0,4.0,1.0,3.0,4.0,2.0,1.0,2.0,0.0,2.0,2.0,2.0,5.0,1.0,1.0,0.0,0.0,0.0,0.0,0.0,0.0,4.0,4.0,4.0,3.0,2.0,1.0,2.0,2.0,2.0,2.0,1.0,0.0,1.0,0.0,0.0,0.0,0.0,0.0,6,5,4,3,1,3500.0,1500.0,,,0.0,0.0,0.0,,,1.0,1.0,0.0,0.0,0.0,,1.0,0.0,1.0,0.0,0.0,0.0,1.0,0.0,0.0,,,0.0,,1.0,2.0,0.0,,,,,,,,0.0,,,,,,0.0,,,,,,8.0,10.0,4.0,,,Il ne sait pas,,Il ne sait pas,5.0,,,,3,3,1.0,3.0,3.0,2.0,2.0,2.0,1.0,1.0,3.0,1.0,3,3,1,0,0.0,0,1,4,4,2,2,2,2,2.0,4.0,1.0,3.0,2.0,7.0,7.0,2.0,7.0,2.0,2.0,1,,1,1.0,1.0,1.0,1.0,1,1.0,1,1,2.0,200,800,1.0,2.0,.,OK,0,1,1,1.0,1.0,1.0,uuid:f572c6d5-8b14-4a70-91af-27a3fb392138,uuid:f572c6d5-8b14-4a70-91af-27a3fb392138,,,,0.0,24450.0,,C,0,1.0,0.0,1.0,0.0,1.0,0.0,28 Jan 2021,22308.0,1800,1200,28/03/2019,13:54:00,14:18:00,00:24:00,
2019-03-16 09:31:44,,2019-03-16,3,1.0,63445,63445,1,1,634.0,,,,.,.,.,,.,,,,,,.,,.,,,,,,,,,,,,,,,,0.0,0.0,0.0,0.0,0.0,0.0,0.0,0.0,1.0,2.0,1.0,3.0,3.0,1.0,1.0,4.0,1.0,1.0,4.0,1.0,3.0,1.0,4.0,4.0,4.0,2.0,2.0,2.0,2.0,2000.0,,,,,,2000.0,2.0,4.0,4.0,2.0,1.0,4.0,2.0,4.0,2.0,4.0,2.0,2.0,3.0,4.0,2.0,1.0,2.0,3.0,4.0,0.0,1.0,2.0,0.0,2.0,2.0,2.0,8.0,2.0,1.0,0.0,0.0,0.0,0.0,0.0,0.0,0.0,0.0,2.0,0.0,1.0,1.0,1.0,1.0,1.0,1.0,2.0,-2.0,4.0,0.0,0.0,0.0,0.0,0.0,8,6,5,2,1,2000.0,6000.0,,,0.0,0.0,0.0,,,,,,,,,,0.0,0.0,0.0,0.0,0.0,0.0,0.0,0.0,,,,,0.0,-2.0,0.0,,,,,,,,,,,,,,,,,,,,6.0,5.0,4.0,.,4.0,.,4.0,.,5.0,,,,3,3,3.0,2.0,2.0,2.0,2.0,2.0,2.0,2.0,3.0,1.0,3,3,1,0,0.0,0,1,2,4,2,2,2,2,1.0,1.0,1.0,1.0,1.0,1.0,1.0,1.0,,1.0,1.0,0,4.0,1,3.0,2.0,2.0,1.0,1,5.0,1,1,2.0,100,900,2.0,2.0,.,OK,1,1,1,1.0,1.0,1.0,uuid:f69b5959-e227-416e-a7a5-87ff9ffb4135,uuid:f69b5959-e227-416e-a7a5-87ff9ffb4135,,,,0.0,63445.0,,A,0,1.0,0.0,1.0,0.0,1.0,0.0,28 Jan 2021,22308.0,2000,1000, 3/16/2019,12:19:00,13:20:00,01:01:00,
2020-02-29 08:17:23,2020-02-29 09:29:44,2020-02-29,1,1.0,79,79,1,1,,,,,.,.,.,,.,,,,,,.,,.,,,,,,,,,,,,,,,,0.0,0.0,0.0,0.0,0.0,0.0,0.0,0.0,2.0,5.0,1.0,3.0,2.0,3.0,3.0,3.0,3.0,2.0,3.0,2.0,4.0,3.0,5.0,2.0,4.0,2.0,2.0,1.0,2.0,2000.0,,,1000.0,,,,1.0,4.0,4.0,1.0,2.0,4.0,2.0,2.0,2.0,4.0,2.0,4.0,2.0,4.0,1.0,1.0,1.0,1.0,4.0,2.0,2.0,2.0,2.0,2.0,2.0,2.0,6.0,2.0,1.0,1.0,1.0,1.0,1.0,1.0,0.0,4.0,4.0,4.0,4.0,2.0,2.0,2.0,2.0,2.0,2.0,-2.0,1.0,4.0,-1.0,0.0,0.0,0.0,-2.0,7,5,4,3,1,1500.0,5000.0,2.0,1.0,1.0,0.0,0.0,1.0,1.0,,0.0,0.0,0.0,0.0,,,0.0,0.0,0.0,0.0,0.0,0.0,0.0,0.0,,,,,-1.0,-2.0,-1.0,1.0,2.0,2.0,2.0,2.0,4.0,,,,,,,,,3.0,4.0,,2.0,,7.0,6.0,4.0,.,5.0,.,5.0,.,5.0,,,,5,3,2.0,2.0,3.0,2.0,2.0,2.0,2.0,2.0,1.0,3.0,3,3,2,0,0.0,0,1,2,2,2,2,2,2,3.0,4.0,1.0,2.0,1.0,1.0,1.0,1.0,1.0,1.0,1.0,0,4.0,1,1.0,3.0,3.0,1.0,1,7.0,1,1,1.0,100,900,1.0,1.0,.,OK,1,1,1,1.0,1.0,1.0,uuid:f74fbbfd-fca9-4a90-8615-91e1b5e6f59c,uuid:f74fbbfd-fca9-4a90-8615-91e1b5e6f59c,,,,0.0,,79.0,,0,1.0,0.0,0.0,0.0,1.0,0.0,28 Jan 2021,22308.0,700,2300, 2/29/2020,09:28:00,09:45:00,00:16:59,
2019-03-21 09:11:06,2019-03-21 09:56:06,2019-03-21,4,1.0,21086,21086,1,1,210.0,,,,,,,,,,,,,,,,,,,,,,,,,,,,,,,,,,,,,,,,,,,,,,,,,,,,,,,,,,,,,,,,,,,,,,,,,,,,,,,,,,,,,,,,,,,,,,,,,,,,,,,,,,,,,,,,,,,,,,,,,8,6,4,3,1,1500.0,3500.0,,,0.0,0.0,0.0,,,,,,,,,,,,,,0.0,0.0,0.0,0.0,,,,,,,,,,,,,,,,,,,,,,,,,,,,,,,,,,,,,,,3,5,1.0,3.0,2.0,1.0,3.0,1.0,3.0,2.0,1.0,3.0,3,3,2,0,0.0,0,2,2,4,2,2,2,2,4.0,3.0,1.0,2.0,1.0,1.0,1.0,2.0,1.0,3.0,1.0,1,,1,1.0,1.0,1.0,1.0,3,4.0,1,1,1.0,800,200,,,.,OK,1,1,1,,,,uuid:f785104c-403a-4079-b0e3-dad2238ed84c,uuid:f785104c-403a-4079-b0e3-dad2238ed84c,,,,0.0,21086.0,,C,0,1.0,0.0,1.0,0.0,1.0,0.0,28 Jan 2021,22308.0,1500,1500,,,,,
2019-03-26 10:14:18,2019-03-26 10:44:37,2019-03-26,5,1.0,3259,3259,1,1,325.0,,,,,,,,,,,,,,,,,,,,,,,,,,,,,,,,,,,,,,,,,,,,,,,,,,,,,,,,,,,,,,,,,,,,,,,,,,,,,,,,,,,,,,,,,,,,,,,,,,,,,,,,,,,,,,,,,,,,,,,,,7,2,1,0,1,1500.0,2000.0,,,0.0,0.0,0.0,,,,,,,,,,,,,,0.0,0.0,0.0,0.0,,,,,,,,,,,,,,,,,,,,,,,,,,,,,,,,,,,,,,,3,3,2.0,2.0,2.0,2.0,2.0,2.0,2.0,2.0,1.0,3.0,3,3,2,0,0.0,0,2,2,2,2,2,2,2,1.0,2.0,3.0,4.0,1.0,2.0,2.0,1.0,1.0,1.0,1.0,0,4.0,1,1.0,2.0,2.0,1.0,2,4.0,1,1,2.0,500,500,,,.,OK,1,1,1,,,,uuid:f882e649-12a0-494d-8385-4bae75206d66,uuid:f882e649-12a0-494d-8385-4bae75206d66,,,,0.0,3259.0,,A,0,1.0,0.0,1.0,0.0,1.0,0.0,28 Jan 2021,22308.0,500,2500,,,,,
2019-03-18 07:44:40,2019-03-18 09:19:28,2019-03-18,3,1.0,51289,51289,1,2,513.0,,,,,,,,,,,,,,,,.,,,,,,,,,,,,,,,,,,,,,,,0.0,5.0,4.0,3.0,3.0,4.0,5.0,3.0,4.0,5.0,3.0,4.0,5.0,4.0,5.0,5.0,4.0,2.0,1.0,1.0,1.0,1.0,,2500.0,,,,,,1.0,4.0,4.0,2.0,2.0,2.0,2.0,4.0,2.0,4.0,2.0,4.0,2.0,3.0,1.0,3.0,1.0,1.0,1.0,1.0,1.0,1.0,0.0,1.0,1.0,1.0,3.0,2.0,0.0,0.0,1.0,1.0,1.0,0.0,0.0,3.0,3.0,1.0,1.0,2.0,2.0,1.0,2.0,2.0,1.0,0.0,2.0,4.0,0.0,0.0,0.0,0.0,0.0,10,8,4,3,1,1500.0,2000.0,,,,,,,,,,,,,,,0.0,0.0,0.0,0.0,0.0,0.0,0.0,0.0,,,,,1.0,0.0,1.0,,,,,,,,,,,,,,,,,,,,8.0,9.0,1.0,.,3.0,,4.0,,5.0,,,,3,5,2.0,2.0,3.0,2.0,2.0,2.0,2.0,2.0,3.0,7.0,3,3,2,0,0.0,0,2,2,2,2,2,2,2,,,3.0,,1.0,2.0,1.0,1.0,3.0,1.0,1.0,0,2.0,2,2.0,2.0,2.0,1.0,2,3.0,1,2,2.0,200,800,2.0,2.0,.,OK,1,1,1,1.0,1.0,1.0,uuid:f962a982-eb2d-4376-a4bb-f7e63539fb67,uuid:f962a982-eb2d-4376-a4bb-f7e63539fb67,,,,0.0,51289.0,,A,0,1.0,0.0,1.0,0.0,1.0,0.0,28 Jan 2021,22308.0,1600,1400, 3/18/2019,10:08:00,11:04:00,00:56:00,
2019-04-11 09:05:47,2019-04-11 09:57:53,2019-04-11,4,0.0,51547,51547,1,1,515.0,71.0,0.0,1961.0,Kananga,Tshinsambi,LUNTU,,Bena nganza,1.0,,2.0,1.0,4.0,DIMBELENGE,17.0,,15000.0,90000.0,3.0,2.0,6.0,1.0,1.0,1.0,1.0,1.0,1.0,1.0,1.0,90000.0,15000.0,0.0,0.0,1.0,0.0,0.0,1.0,0.0,,,,,,,,,,,,,,,,,,,,,,,,,,,,,,,,,,,,,,,,,,,,,,,,,,,,,,,,,,,,,,,,,,,,,,,,,,,,,,,,,,,10,9,8,7,1,2500.0,2500.0,,,0.0,0.0,0.0,,,,,,,,,,0.0,0.0,0.0,0.0,0.0,0.0,0.0,0.0,,,,,,,,,,,,,,,,,,,,,,,,,,,,,,,,,,,,,,,5,5,2.0,2.0,2.0,2.0,2.0,2.0,2.0,2.0,3.0,1.0,3,3,2,0,0.0,0,2,2,2,2,2,2,2,1.0,2.0,3.0,4.0,1.0,1.0,1.0,1.0,1.0,1.0,1.0,0,4.0,1,1.0,2.0,2.0,1.0,2,4.0,1,2,1.0,300,700,,,.,OK,1,1,1,,,,uuid:fa888b79-54c2-493f-8cce-6037cff9fbec,uuid:fa888b79-54c2-493f-8cce-6037cff9fbec,,,,0.0,51547.0,,C,0,1.0,1.0,1.0,0.0,1.0,0.0,28 Jan 2021,22308.0,1600,1400,,,,,
2019-03-26 08:38:02,2019-03-26 09:53:02,2019-03-26,2,,33983,33983,1,1,339.0,,,,,,,,,,,,,,,,,,,,,,,,,,,,,,,,,,,,,,,0.0,4.0,5.0,5.0,5.0,5.0,3.0,1.0,5.0,5.0,2.0,5.0,5.0,5.0,5.0,1.0,2.0,1.0,1.0,1.0,2.0,1.0,2000.0,,,,,1000.0,,1.0,5.0,5.0,2.0,1.0,1.0,1.0,5.0,1.0,5.0,1.0,4.0,1.0,4.0,2.0,6.0,1.0,4.0,4.0,2.0,1.0,2.0,0.0,2.0,2.0,2.0,4.0,1.0,0.0,0.0,0.0,0.0,0.0,0.0,1.0,4.0,4.0,3.0,1.0,2.0,2.0,2.0,2.0,2.0,2.0,-2.0,-2.0,1.0,0.0,0.0,0.0,0.0,0.0,10,4,3,3,1,1500.0,3000.0,,,0.0,0.0,0.0,,,0.0,,,,,,,,,,,0.0,0.0,0.0,0.0,,,0.0,,0.0,2.0,2.0,,,,,,,,0.0,,,,,,0.0,,,,,,9.0,2.0,4.0,,,Il ne sait pas,4.0,,5.0,,,,5,5,1.0,0.0,3.0,0.0,3.0,3.0,3.0,2.0,3.0,2.0,3,3,2,0,0.0,0,2,2,4,2,2,2,2,2.0,4.0,1.0,3.0,1.0,2.0,2.0,2.0,1.0,1.0,2.0,1,,2,1.0,1.0,1.0,1.0,2,4.0,1,1,2.0,200,800,3.0,2.0,.,OK,1,1,1,0.0,,1.0,uuid:fb50e442-e9c7-4ea9-b7d1-e1bc22767bbe,uuid:fb50e442-e9c7-4ea9-b7d1-e1bc22767bbe,,,,0.0,33983.0,,C,0,1.0,0.0,1.0,0.0,1.0,0.0,28 Jan 2021,22308.0,1000,2000,25/03/2019,09:52:00,10:36:00,00:44:00,
2019-03-13 12:36:14,2019-03-13 15:28:09,2019-03-13,1,,82,82,1,1,,,,,.,.,.,,.,,,,,,.,,.,,,,,,,,,,,,,,,,0.0,0.0,0.0,0.0,0.0,0.0,0.0,1.0,2.0,5.0,2.0,5.0,3.0,2.0,4.0,5.0,4.0,2.0,4.0,5.0,5.0,5.0,4.0,2.0,2.0,1.0,1.0,1.0,1.0,2000.0,,,1000.0,,,,1.0,4.0,4.0,2.0,1.0,1.0,1.0,4.0,2.0,4.0,1.0,4.0,1.0,3.0,4.0,6.0,1.0,1.0,4.0,2.0,1.0,2.0,1.0,2.0,2.0,1.0,8.0,2.0,1.0,0.0,1.0,0.0,0.0,1.0,0.0,3.0,0.0,3.0,0.0,2.0,2.0,2.0,0.0,2.0,2.0,0.0,0.0,3.0,,0.0,0.0,,0.0,8,5,2,1,1,,,1.0,4.0,1.0,0.0,0.0,1.0,3.0,,0.0,0.0,0.0,0.0,,,0.0,0.0,0.0,0.0,0.0,0.0,0.0,0.0,,,,,-1.0,-1.0,-2.0,0.0,,,,,,1.0,,,,,,,,2.0,3.0,,2.0,,9.0,8.0,4.0,,4.0,,4.0,,5.0,,,,3,4,,,,,,,,,,,3,3,2,0,0.0,0,2,2,2,2,2,2,2,,,,,1.0,1.0,1.0,8.0,1.0,8.0,1.0,0,4.0,2,1.0,1.0,1.0,2.0,1,4.0,2,1,1.0,500,500,4.0,3.0,.,,1,1,1,1.0,1.0,1.0,uuid:fbae9baa-fc0a-4de4-ba92-5052505962b8,uuid:fbae9baa-fc0a-4de4-ba92-5052505962b8,0.0,0.0,0.0,0.0,,82.0,,0,1.0,0.0,0.0,0.0,1.0,0.0,28 Jan 2021,22308.0,2100,900, 3/13/2019,15:08:59,15:29:00,00:20:00,
2019-03-20 11:49:08,2019-03-20 13:33:12,2019-03-20,2,,379140,379140,1,2,379.0,,,,,,,,,,,,,,,,,,,,,,,,,,,,,,,,,,,,,,,1.0,3.0,3.0,3.0,3.0,3.0,3.0,3.0,3.0,3.0,3.0,3.0,3.0,3.0,3.0,5.0,4.0,2.0,1.0,1.0,2.0,1.0,,2500.0,,,,,,2.0,4.0,4.0,2.0,2.0,2.0,2.0,4.0,2.0,4.0,2.0,4.0,2.0,3.0,4.0,1.0,1.0,1.0,3.0,2.0,1.0,1.0,0.0,1.0,1.0,1.0,9.0,2.0,0.0,0.0,0.0,0.0,0.0,0.0,1.0,4.0,3.0,3.0,2.0,1.0,1.0,1.0,1.0,1.0,1.0,0.0,0.0,4.0,0.0,0.0,0.0,0.0,0.0,10,9,6,4,1,1500.0,3000.0,,,0.0,0.0,0.0,,,1.0,1.0,1.0,0.0,0.0,,1.0,1.0,0.0,0.0,0.0,1.0,0.0,0.0,0.0,,,1.0,3.0,2.0,2.0,2.0,,,,,,,,1.0,2.0,2.0,2.0,2.0,4.0,,,,,,,9.0,10.0,5.0,,3.0,,5.0,,5.0,,,,3,3,2.0,2.0,2.0,2.0,2.0,2.0,2.0,2.0,3.0,1.0,3,3,2,0,0.0,0,2,2,2,2,2,2,2,1.0,2.0,3.0,4.0,1.0,1.0,1.0,1.0,1.0,1.0,1.0,0,4.0,1,1.0,2.0,2.0,1.0,1,4.0,2,2,2.0,0,1000,4.0,2.0,.,OK,1,1,1,1.0,1.0,1.0,uuid:fbed5fab-31e8-4878-9c55-00e593ca44a9,uuid:fbed5fab-31e8-4878-9c55-00e593ca44a9,,,,0.0,379140.0,,C,0,1.0,0.0,1.0,0.0,1.0,0.0,28 Jan 2021,22308.0,1400,1600, 3/20/2019,14:30:00,15:06:00,00:36:00,
2019-03-21 09:48:07,2019-03-21 10:29:15,2019-03-21,4,1.0,11594,11594,1,1,113.0,,,,,,,,,,,,,,,,,,,,,,,,,,,,,,,,,,,,,,,,,,,,,,,,,,,,,,,,,,,,,,,,,,,,,,,,,,,,,,,,,,,,,,,,,,,,,,,,,,,,,,,,,,,,,,,,,,,,,,,,,10,9,8,5,1,1500.0,5000.0,,,0.0,0.0,0.0,,,,,,,,,,,,,,0.0,0.0,0.0,0.0,,,,,,,,,,,,,,,,,,,,,,,,,,,,,,,,,,,,,,,5,3,3.0,2.0,2.0,3.0,3.0,3.0,3.0,3.0,4.0,2.0,3,1,2,0,0.0,0,2,3,4,1,1,1,4,3.0,4.0,1.0,2.0,1.0,3.0,1.0,1.0,3.0,1.0,1.0,0,2.0,1,1.0,2.0,2.0,1.0,2,4.0,1,1,1.0,100,900,,,.,OK,1,1,1,,,,uuid:fc6648c6-e4fa-4b8b-aa52-1d400867745a,uuid:fc6648c6-e4fa-4b8b-aa52-1d400867745a,,,,0.0,11594.0,,C,0,1.0,0.0,1.0,0.0,1.0,0.0,28 Jan 2021,22308.0,1400,1600,,,,,
2019-04-05 11:05:16,2019-04-05 11:49:18,2019-04-05,5,0.0,34977,34977,1,1,349.0,20.0,0.0,2009.0,Katoka,Camps colonie,BINDI,,,3.0,,3.0,1.0,4.0,KAZUMBA,27.0,,50000.0,100000.0,5.0,3.0,6.0,1.0,1.0,1.0,1.0,1.0,2.0,1.0,2.0,100000.0,50000.0,0.0,0.0,1.0,0.0,1.0,1.0,0.0,,,,,,,,,,,,,,,,,,,,,,,,,,,,,,,,,,,,,,,,,,,,,,,,,,,,,,,,,,,,,,,,,,,,,,,,,,,,,,,,,,,7,5,4,3,1,1000.0,1500.0,,,0.0,0.0,0.0,,,,,,,,,,0.0,0.0,0.0,0.0,0.0,0.0,0.0,0.0,,,,,,,,,,,,,,,,,,,,,,,,,,,,,,,,,,,,,,,3,3,3.0,3.0,2.0,2.0,2.0,2.0,2.0,2.0,3.0,1.0,3,3,1,2,0.0,0,1,2,3,2,2,2,2,1.0,3.0,2.0,4.0,2.0,3.0,3.0,1.0,3.0,1.0,1.0,1,,2,1.0,1.0,1.0,1.0,2,4.0,1,1,1.0,600,400,,,.,OK,1,1,1,,,,uuid:fcd3787b-fb77-44f4-bff5-8eb99fb00b1c,uuid:fcd3787b-fb77-44f4-bff5-8eb99fb00b1c,,,,0.0,34977.0,,A,0,1.0,1.0,1.0,0.0,1.0,0.0,28 Jan 2021,22308.0,500,2500,,,,,
2019-03-26 16:10:14,2019-03-26 16:51:13,2019-03-26,5,0.0,12545,12545,1,1,125.0,31.0,1.0,,Lukonga,Itabayi,LULUWA,43.0,,2.0,,2.0,1.0,4.0,DEMBA,27.0,,20000.0,100000.0,4.0,4.0,5.0,1.0,1.0,1.0,0.0,2.0,1.0,1.0,1.0,100000.0,20000.0,1.0,0.0,1.0,0.0,0.0,1.0,0.0,,,,,,,,,,,,,,,,,,,,,,,,,,,,,,,,,,,,,,,,,,,,,,,,,,,,,,,,,,,,,,,,,,,,,,,,,,,,,,,,,,,9,8,7,5,1,2000.0,1500.0,,,0.0,0.0,0.0,,,,,,,,,,,,,,0.0,0.0,0.0,0.0,,,,,,,,,,,,,,,,,,,,,,,,,,,,,,,,,,,,,,,3,3,0.0,3.0,0.0,0.0,0.0,0.0,0.0,0.0,3.0,1.0,3,3,2,0,0.0,0,1,1,4,2,2,1,1,1.0,3.0,2.0,4.0,1.0,3.0,1.0,1.0,1.0,1.0,1.0,0,1.0,1,1.0,2.0,1.0,1.0,1,4.0,1,1,1.0,700,300,,,.,OK,1,1,1,,,,uuid:fdf70eac-deb9-4f7f-95bf-10afe9157115,uuid:fdf70eac-deb9-4f7f-95bf-10afe9157115,,,,0.0,12545.0,,A,0,1.0,1.0,1.0,0.0,1.0,0.0,28 Jan 2021,22308.0,1400,1600,,,,,
2019-03-21 15:32:34,2019-03-21 16:35:29,2019-03-21,2,,50732,50732,1,1,507.0,,,,,,,,,,,,,,,,,,,,,,,,,,,,,,,,,,,,,,,1.0,3.0,3.0,2.0,4.0,3.0,1.0,2.0,5.0,2.0,2.0,5.0,2.0,5.0,5.0,4.0,2.0,2.0,1.0,1.0,1.0,1.0,2000.0,,,1000.0,,,,2.0,4.0,4.0,2.0,2.0,4.0,2.0,2.0,2.0,4.0,1.0,4.0,2.0,4.0,4.0,4.0,1.0,1.0,4.0,1.0,1.0,1.0,0.0,1.0,1.0,1.0,2.0,2.0,0.0,0.0,0.0,1.0,1.0,1.0,0.0,1.0,3.0,4.0,2.0,2.0,2.0,1.0,1.0,2.0,2.0,-1.0,-1.0,2.0,2.0,-1.0,-1.0,-1.0,0.0,5,5,5,3,1,1500.0,6000.0,,,0.0,0.0,0.0,,,0.0,,,,,,,,,,,0.0,0.0,0.0,0.0,,,1.0,5.0,-2.0,2.0,-2.0,,,,,,,,1.0,3.0,2.0,2.0,2.0,4.0,,,,,,,5.0,2.0,2.0,,3.0,,3.0,,4.0,,0.0,0.0,5,3,1.0,2.0,2.0,2.0,2.0,2.0,1.0,2.0,3.0,1.0,1,3,2,0,0.0,0,2,3,1,2,3,1,2,4.0,3.0,1.0,2.0,1.0,1.0,1.0,1.0,3.0,8.0,1.0,1,,2,3.0,3.0,3.0,2.0,1,4.0,1,1,1.0,600,400,3.0,2.0,.,OK,1,1,1,1.0,1.0,1.0,uuid:feb537e9-d619-4acc-b05b-b1f07f2cddfb,uuid:feb537e9-d619-4acc-b05b-b1f07f2cddfb,,,,0.0,50732.0,,C,0,1.0,0.0,1.0,0.0,1.0,0.0,28 Jan 2021,22308.0,1400,1600, 3/21/2019,17:36:00,18:03:00,00:27:00,
