a7,rouge,geo_stratum,jontax,stratum_jon,commune,joncomp2016,chef_collect_types,chef_collect_ever,salongo_freq,chef_collect_proptax_ever,appoint_yr,chef_stratum,chef_collect_stratum,stratum,stratum_count,treatment,rand1,rank1,count1,numtoselect1_control,probleft2_control,rand2,probleft3_control,numtoselect1_central,probleft2_central,probleft3_central,numtoselect1_local,probleft2_local,probleft3_local,numtoselect1_centralwinfo,probleft2_centralwinfo,numtoselect1_centralxlocal,probleft2_centralxlocal,probleft3_centralwinfo,rand3,order_treatment
676.0,0.0,11.0,1.0,14.0,5.0,2.0,0.3333333333333333,0.3333333333333333,2.3333333333333335,1.0,2005.3333333333333,2.0,2.0,30.0,8.0,0.0,0.8998656011158211,8.0,8.0,0.1123595505617976,0.1123595505617976,0.8998656011158211,,,,,,,,,,,,,0.8965640681747423,5.0
587.0,1.0,9.0,0.0,12.0,5.0,1.0,0.0,0.0,4.0,0.5666666666666667,2006.0,1.0,1.0,22.0,6.0,0.0,0.843469954469965,6.0,6.0,0.0842696629213482,0.0842696629213482,0.843469954469965,,,,,,,,,,,,,0.6711447671858547,4.0
101.0,0.0,1.0,0.0,3.0,1.0,1.0,0.16666666666666666,0.16666666666666666,3.6666666666666665,1.0,2009.6666666666667,1.0,2.0,2.0,6.0,0.0,0.8644653005382822,6.0,6.0,0.0842696629213482,0.0842696629213482,0.8644653005382822,,,,,,,,,,,,,0.6350327750647572,3.0
589.0,0.0,9.0,0.0,10.0,5.0,1.0,0.16666666666666666,0.16666666666666666,4.0,1.0,2013.6666666666667,2.0,2.0,23.0,5.0,0.0,0.6885254879700146,5.0,5.0,0.0702247191011235,0.0702247191011235,0.6885254879700146,,,,,,,,,,,,,0.42951511352687655,2.0
320.0,0.0,3.0,0.0,32.0,3.0,1.0,0.5,0.3333333333333333,3.8333333333333335,0.3333333333333333,2001.8333333333333,2.0,2.0,7.0,5.0,0.0,0.9130950893854356,5.0,5.0,0.0702247191011235,0.0702247191011235,0.9130950893854356,,,,,,,,,,,,,0.17887508256591478,1.0
672.0,0.0,12.0,1.0,13.0,5.0,1.0,0.0,0.0,3.3333333333333335,1.0,2013.0,2.0,1.0,32.0,19.0,1.0,0.17085334302073052,3.0,19.0,0.2668539325842693,0.2668539325842693,0.17085334302073052,,5.954415954415955,0.9544159544159552,,,,,,,,,,0.16648393082507618,17.0
571.0,0.0,12.0,1.0,11.0,5.0,2.0,0.3333333333333333,0.3333333333333333,3.1666666666666665,1.0,2001.0,2.0,1.0,32.0,19.0,1.0,0.1042543219024773,1.0,19.0,0.2668539325842693,0.2668539325842693,0.1042543219024773,,5.954415954415955,0.9544159544159552,,,,,,,,,,0.6515571615166925,67.0
569.0,0.0,12.0,1.0,10.0,5.0,2.0,0.75,0.75,2.75,1.0,2008.25,2.0,1.0,32.0,19.0,1.0,0.22231914915699258,5.0,19.0,0.2668539325842693,0.2668539325842693,0.22231914915699258,,5.954415954415955,0.9544159544159552,,,,,,,,,,0.8644653005382822,94.0
545.0,0.0,12.0,1.0,9.0,5.0,2.0,0.5,0.3333333333333333,5.0,1.0,2011.5,2.0,1.0,32.0,19.0,1.0,0.11919583207627926,2.0,19.0,0.2668539325842693,0.2668539325842693,0.11919583207627926,,5.954415954415955,0.9544159544159552,,,,,,,,,,0.46041091379827337,46.0
521.0,0.0,12.0,1.0,7.0,5.0,2.0,0.25,0.25,5.0,1.0,2012.5,2.0,1.0,32.0,19.0,1.0,0.19732876283994705,4.0,19.0,0.2668539325842693,0.2668539325842693,0.19732876283994705,,5.954415954415955,0.9544159544159552,,,,,,,,,,0.12987229578353177,14.0
686.0,0.0,12.0,0.0,15.0,5.0,1.0,1.0,0.6,3.4,1.0,2004.6,2.0,1.0,31.0,10.0,1.0,0.23240391889694634,3.0,10.0,0.140449438202247,0.140449438202247,0.23240391889694634,,3.133903133903134,0.13390313390313402,,,,,,,,,,0.6715399099835512,73.0
561.0,0.0,12.0,0.0,10.0,5.0,1.0,0.16666666666666666,0.16666666666666666,3.3333333333333335,1.0,2009.3333333333333,1.0,1.0,31.0,10.0,1.0,0.18822652811406038,2.0,10.0,0.140449438202247,0.140449438202247,0.18822652811406038,,3.133903133903134,0.13390313390313402,,,,,,,,,,0.013960705371529714,4.0
544.0,0.0,12.0,0.0,9.0,5.0,1.0,0.5,0.3333333333333333,4.666666666666667,1.0,2011.1666666666667,2.0,1.0,31.0,10.0,1.0,0.006680758771472672,1.0,10.0,0.140449438202247,0.140449438202247,0.006680758771472672,,3.133903133903134,0.13390313390313402,,,,,,,,,,0.2759291755111798,25.0
693.0,0.0,11.0,1.0,15.0,5.0,1.0,0.8333333333333334,0.5,3.8333333333333335,1.0,2003.0,2.0,2.0,30.0,8.0,1.0,0.1810772459294635,2.0,7.0,0.1123595505617976,0.1123595505617976,0.1810772459294635,,2.193732193732194,0.19373219373219408,,,,,,,,,,0.6982676050657127,77.0
678.0,0.0,11.0,1.0,14.0,5.0,1.0,0.3333333333333333,0.3333333333333333,2.3333333333333335,1.0,2005.3333333333333,2.0,2.0,30.0,8.0,1.0,0.06891338297464611,1.0,7.0,0.1123595505617976,0.1123595505617976,0.06891338297464611,,2.193732193732194,0.19373219373219408,,,,,,,,,,0.06162662774272187,9.0
702.0,0.0,11.0,1.0,6.0,5.0,2.0,0.0,0.0,3.3333333333333335,0.0,2011.5,1.0,1.0,29.0,9.0,1.0,0.17910671170221526,1.0,9.0,0.1264044943820223,0.1264044943820223,0.17910671170221526,,2.8205128205128207,0.8205128205128207,,,,,,,,,,0.24188997664563694,23.0
681.0,0.0,11.0,1.0,15.0,5.0,2.0,0.0,0.0,1.0,0.7777777777777777,1994.0,2.0,1.0,29.0,9.0,1.0,0.2560914131437636,2.0,9.0,0.1264044943820223,0.1264044943820223,0.2560914131437636,,2.8205128205128207,0.8205128205128207,,,,,,,,,,0.8960259613750926,100.0
689.0,0.0,11.0,0.0,13.0,5.0,1.0,1.25,0.75,2.25,1.0,2002.0,2.0,1.0,28.0,12.0,1.0,0.07791149102660067,2.0,12.0,0.1685393258426964,0.1685393258426964,0.07791149102660067,,3.760683760683761,0.7606837606837611,,,,,,,,,,0.33393805015784117,32.0
679.0,0.0,11.0,0.0,14.0,5.0,1.0,0.25,0.25,1.75,1.0,2002.25,2.0,1.0,28.0,12.0,1.0,0.0073681925304408535,1.0,12.0,0.1685393258426964,0.1685393258426964,0.0073681925304408535,,3.760683760683761,0.7606837606837611,,,,,,,,,,0.22857926212828683,22.0
366.0,0.0,11.0,0.0,32.0,3.0,1.0,0.0,0.0,3.6666666666666665,0.9666666666666666,2014.6666666666667,1.0,1.0,28.0,12.0,1.0,0.14024166243470526,3.0,12.0,0.1685393258426964,0.1685393258426964,0.14024166243470526,,3.760683760683761,0.7606837606837611,,,,,,,,,,0.5532428791208498,60.0
660.0,0.0,10.0,1.0,16.0,5.0,2.0,0.8333333333333334,0.6666666666666666,3.3333333333333335,0.75,2013.1666666666667,1.0,1.0,27.0,18.0,1.0,0.2723135860572362,3.0,18.0,0.2528089887640446,0.2528089887640446,0.2723135860572362,,5.641025641025641,0.6410256410256414,,,,,,,,,,0.14581143723093837,15.0
656.0,0.0,10.0,1.0,17.0,5.0,1.0,0.6,0.4,3.8,1.0,2010.8,1.0,1.0,27.0,18.0,1.0,0.21968376468705897,2.0,18.0,0.2528089887640446,0.2528089887640446,0.21968376468705897,,5.641025641025641,0.6410256410256414,,,,,,,,,,0.21382669007817368,20.0
650.0,0.0,10.0,1.0,18.0,5.0,2.0,0.0,0.0,3.3333333333333335,0.9833333333333333,2005.6666666666667,1.0,1.0,27.0,18.0,1.0,0.09191698131344295,1.0,18.0,0.2528089887640446,0.2528089887640446,0.09191698131344295,,5.641025641025641,0.6410256410256414,,,,,,,,,,0.4025881393937326,41.0
646.0,0.0,10.0,1.0,18.0,5.0,1.0,0.5,0.3333333333333333,4.5,1.0,2005.8333333333333,1.0,1.0,27.0,18.0,1.0,0.34570719394303306,5.0,18.0,0.2528089887640446,0.2528089887640446,0.34570719394303306,,5.641025641025641,0.6410256410256414,,,,,,,,,,0.4353742696782207,44.0
641.0,0.0,10.0,1.0,16.0,5.0,2.0,0.3333333333333333,0.3333333333333333,4.166666666666667,1.0,2012.5,1.0,1.0,27.0,18.0,1.0,0.3295240377957288,4.0,18.0,0.2528089887640446,0.2528089887640446,0.3295240377957288,,5.641025641025641,0.6410256410256414,,,,,,,,,,0.6593895200740049,70.0
662.0,0.0,10.0,0.0,16.0,5.0,1.0,0.6666666666666666,0.5,3.1666666666666665,0.6666666666666666,2008.6666666666667,2.0,1.0,26.0,12.0,1.0,0.10572853661397186,2.0,12.0,0.1685393258426964,0.1685393258426964,0.10572853661397186,,3.760683760683761,0.7606837606837611,,,,,,,,,,0.6378223924862233,66.0
657.0,0.0,10.0,0.0,17.0,5.0,1.0,0.5,0.5,3.6666666666666665,1.0,2011.6666666666667,2.0,1.0,26.0,12.0,1.0,0.030390620711559735,1.0,12.0,0.1685393258426964,0.1685393258426964,0.030390620711559735,,3.760683760683761,0.7606837606837611,,,,,,,,,,0.9506982742074822,109.0
637.0,0.0,10.0,0.0,17.0,5.0,1.0,0.3333333333333333,0.3333333333333333,2.5,0.5,2013.8333333333333,2.0,1.0,26.0,12.0,1.0,0.20678120981860781,3.0,12.0,0.1685393258426964,0.1685393258426964,0.20678120981860781,,3.760683760683761,0.7606837606837611,,,,,,,,,,0.2888864230968683,28.0
606.0,0.0,9.0,1.0,20.0,5.0,2.0,0.4,0.2,3.6,0.5,1999.6,,2.0,25.0,9.0,1.0,0.06976890958252391,1.0,9.0,0.1264044943820223,0.1264044943820223,0.06976890958252391,,2.8205128205128207,0.8205128205128207,,,,,,,,,,0.008402959362857065,2.0
592.0,0.0,9.0,1.0,12.0,5.0,2.0,0.16666666666666666,0.16666666666666666,4.0,1.0,2006.5,2.0,2.0,25.0,9.0,1.0,0.1699873309223573,2.0,9.0,0.1264044943820223,0.1264044943820223,0.1699873309223573,,2.8205128205128207,0.8205128205128207,,,,,,,,,,0.3157325002456276,30.0
599.0,0.0,9.0,1.0,11.0,5.0,1.0,0.0,0.0,3.3333333333333335,0.0,2008.8333333333333,1.0,1.0,24.0,10.0,1.0,0.252780384934956,3.0,10.0,0.140449438202247,0.140449438202247,0.252780384934956,,3.133903133903134,0.13390313390313402,,,,,,,,,,0.7239848197268227,78.0
596.0,0.0,9.0,1.0,12.0,5.0,1.0,0.0,0.16666666666666666,3.0,0.0,2009.0,1.0,1.0,24.0,10.0,1.0,0.019942501651438627,2.0,10.0,0.140449438202247,0.140449438202247,0.019942501651438627,,3.133903133903134,0.13390313390313402,,,,,,,,,,0.3953095477357981,40.0
590.0,1.0,9.0,1.0,12.0,5.0,1.0,0.0,0.0,4.5,0.47058823529411764,2014.75,2.0,1.0,24.0,10.0,1.0,0.0198333639371856,1.0,10.0,0.140449438202247,0.140449438202247,0.0198333639371856,,3.133903133903134,0.13390313390313402,,,,,,,,,,0.9143693827597169,104.0
594.0,0.0,9.0,0.0,12.0,5.0,1.0,0.3333333333333333,0.3333333333333333,5.0,0.6666666666666666,2001.3333333333333,2.0,2.0,23.0,5.0,1.0,0.2913197732171323,1.0,4.0,0.0702247191011235,0.0702247191011235,0.2913197732171323,,1.2535612535612537,0.2535612535612537,,,,,,,,,,0.9134135473569872,103.0
595.0,0.0,9.0,0.0,10.0,5.0,1.0,0.0,0.16666666666666666,3.5,0.0,2010.5,1.0,1.0,22.0,6.0,1.0,0.38461593376148795,1.0,5.0,0.0842696629213482,0.0842696629213482,0.38461593376148795,,1.566951566951567,0.566951566951567,,,,,,,,,,0.31716976109736283,31.0
636.0,0.0,8.0,1.0,17.0,5.0,2.0,0.5,0.5,2.5,0.5,2015.0,2.0,1.0,21.0,16.0,1.0,0.2534528848601926,5.0,16.0,0.2247191011235952,0.2247191011235952,0.2534528848601926,,5.014245014245015,0.014245014245014787,,,,,,,,,,0.9158248240269081,105.0
620.0,0.0,8.0,1.0,21.0,5.0,2.0,0.3333333333333333,0.3333333333333333,3.8333333333333335,1.0,2006.8333333333333,1.0,1.0,21.0,16.0,1.0,0.23702588209848863,4.0,16.0,0.2247191011235952,0.2247191011235952,0.23702588209848863,,5.014245014245015,0.014245014245014787,,,,,,,,,,0.033948812582215715,6.0
617.0,0.0,8.0,1.0,21.0,5.0,2.0,0.3333333333333333,0.3333333333333333,4.0,1.0,2002.1666666666667,1.0,1.0,21.0,16.0,1.0,0.05343830811315187,1.0,16.0,0.2247191011235952,0.2247191011235952,0.05343830811315187,,5.014245014245015,0.014245014245014787,,,,,,,,,,0.792046227272374,88.0
604.0,0.0,8.0,1.0,11.0,5.0,2.0,0.16666666666666666,0.16666666666666666,3.0,1.0,2000.1666666666667,,1.0,21.0,16.0,1.0,0.1452288166045551,2.0,16.0,0.2247191011235952,0.2247191011235952,0.1452288166045551,,5.014245014245015,0.014245014245014787,,,,,,,,,,0.874311398090052,99.0
584.0,0.0,8.0,1.0,12.0,5.0,1.0,0.3333333333333333,0.3333333333333333,2.6666666666666665,1.0,1997.3333333333333,1.0,1.0,21.0,16.0,1.0,0.20295963056999955,3.0,16.0,0.2247191011235952,0.2247191011235952,0.20295963056999955,,5.014245014245015,0.014245014245014787,,,,,,,,,,0.39176847986781327,39.0
629.0,0.0,8.0,0.0,7.0,5.0,1.0,0.6666666666666666,0.5,2.1666666666666665,0.75,2007.3333333333333,1.0,1.0,20.0,14.0,1.0,0.2641175093134144,4.0,14.0,0.1966292134831458,0.1966292134831458,0.2641175093134144,,4.387464387464388,0.38746438746438816,,,,,,,,,,0.5322769477070594,59.0
628.0,0.0,8.0,0.0,11.0,5.0,1.0,0.6666666666666666,0.6666666666666666,2.1666666666666665,1.0,2002.8333333333333,2.0,1.0,20.0,14.0,1.0,0.006653976123461747,1.0,14.0,0.1966292134831458,0.1966292134831458,0.006653976123461747,,4.387464387464388,0.38746438746438816,,,,,,,,,,0.3899253702172979,38.0
625.0,0.0,8.0,0.0,20.0,5.0,1.0,0.3333333333333333,0.3333333333333333,3.5,0.6666666666666666,2000.8333333333333,1.0,1.0,20.0,14.0,1.0,0.09939358084655658,2.0,14.0,0.1966292134831458,0.1966292134831458,0.09939358084655658,,4.387464387464388,0.38746438746438816,,,,,,,,,,0.4827080376936196,49.0
624.0,0.0,8.0,0.0,11.0,5.0,1.0,0.4,0.4,3.4,0.6666666666666666,1998.6,1.0,1.0,20.0,14.0,1.0,0.1557021676247604,3.0,14.0,0.1966292134831458,0.1966292134831458,0.1557021676247604,,4.387464387464388,0.38746438746438816,,,,,,,,,,0.6663691261920125,72.0
573.0,0.0,7.0,1.0,12.0,1.0,1.0,0.0,0.0,3.3333333333333335,0.0,1994.6666666666667,1.0,1.0,19.0,15.0,1.0,0.06354433506250612,2.0,15.0,0.2106741573033705,0.2106741573033705,0.06354433506250612,,4.700854700854701,0.700854700854701,,,,,,,,,,0.42717414796243725,43.0
562.0,0.0,7.0,1.0,7.0,5.0,1.0,0.3333333333333333,0.3333333333333333,3.3333333333333335,1.0,2012.8,1.0,1.0,19.0,15.0,1.0,0.03178034833770671,1.0,15.0,0.2106741573033705,0.2106741573033705,0.03178034833770671,,4.700854700854701,0.700854700854701,,,,,,,,,,0.6139940057474188,65.0
558.0,0.0,7.0,1.0,8.0,5.0,1.0,0.6666666666666666,0.3333333333333333,3.1666666666666665,1.0,2009.6666666666667,2.0,1.0,19.0,15.0,1.0,0.13168314464892916,3.0,15.0,0.2106741573033705,0.2106741573033705,0.13168314464892916,,4.700854700854701,0.700854700854701,,,,,,,,,,0.777162013241481,86.0
556.0,0.0,7.0,1.0,7.0,5.0,1.0,0.5,0.5,3.3333333333333335,1.0,2009.0,2.0,1.0,19.0,15.0,1.0,0.13985409668171223,4.0,15.0,0.2106741573033705,0.2106741573033705,0.13985409668171223,,4.700854700854701,0.700854700854701,,,,,,,,,,0.6817236277118502,75.0
578.0,0.0,7.0,0.0,11.0,1.0,1.0,0.0,0.0,3.5,0.0,1992.5,1.0,1.0,18.0,15.0,1.0,0.4137538752004447,3.0,15.0,0.2106741573033705,0.2106741573033705,0.4137538752004447,,4.700854700854701,0.700854700854701,,,,,,,,,,0.6120185482248003,63.0
572.0,0.0,7.0,0.0,12.0,5.0,1.0,0.16666666666666666,0.16666666666666666,3.3333333333333335,1.0,2005.6666666666667,1.0,1.0,18.0,15.0,1.0,0.41203634651554955,2.0,15.0,0.2106741573033705,0.2106741573033705,0.41203634651554955,,4.700854700854701,0.700854700854701,,,,,,,,,,0.4829254010657763,50.0
564.0,0.0,7.0,0.0,8.0,5.0,1.0,0.0,0.0,3.5,0.7307692307692307,2014.3333333333333,,1.0,18.0,15.0,1.0,0.2495157292139073,1.0,15.0,0.2106741573033705,0.2106741573033705,0.2495157292139073,,4.700854700854701,0.700854700854701,,,,,,,,,,0.7450357295737356,80.0
546.0,0.0,7.0,0.0,7.0,5.0,1.0,0.5,0.5,3.0,0.5,2007.5,1.0,1.0,18.0,15.0,1.0,0.44416034408340177,4.0,15.0,0.2106741573033705,0.2106741573033705,0.44416034408340177,,4.700854700854701,0.700854700854701,,,,,,,,,,0.8724138838868191,98.0
542.0,0.0,6.0,1.0,8.0,5.0,2.0,0.6,0.6,3.0,1.0,2007.0,2.0,2.0,17.0,9.0,1.0,0.09837792711116633,1.0,9.0,0.1264044943820223,0.1264044943820223,0.09837792711116633,,2.8205128205128207,0.8205128205128207,,,,,,,,,,0.9239729519128103,106.0
537.0,0.0,6.0,1.0,9.0,5.0,1.0,0.16666666666666666,0.16666666666666666,3.1666666666666665,1.0,2003.0,1.0,2.0,17.0,9.0,1.0,0.21605519746704693,2.0,9.0,0.1264044943820223,0.1264044943820223,0.21605519746704693,,2.8205128205128207,0.8205128205128207,,,,,,,,,,0.2983440297569081,29.0
535.0,0.0,6.0,1.0,7.0,5.0,1.0,0.3333333333333333,0.3333333333333333,3.0,0.6666666666666666,2012.6666666666667,2.0,1.0,16.0,10.0,1.0,0.36028180255851894,3.0,10.0,0.140449438202247,0.140449438202247,0.36028180255851894,,3.133903133903134,0.13390313390313402,,,,,,,,,,0.5240261689803148,57.0
533.0,0.0,6.0,1.0,9.0,5.0,1.0,0.5,0.5,4.0,0.0,2007.5,2.0,1.0,16.0,10.0,1.0,0.051649632060044026,1.0,10.0,0.140449438202247,0.140449438202247,0.051649632060044026,,3.133903133903134,0.13390313390313402,,,,,,,,,,0.06848934065166057,10.0
527.0,0.0,6.0,1.0,7.0,5.0,2.0,0.0,0.0,4.0,0.0,2014.0,2.0,1.0,16.0,10.0,1.0,0.1552101900323598,2.0,10.0,0.140449438202247,0.140449438202247,0.1552101900323598,,3.133903133903134,0.13390313390313402,,,,,,,,,,0.9117919526711803,101.0
541.0,0.0,6.0,0.0,9.0,5.0,1.0,0.3333333333333333,0.3333333333333333,3.1666666666666665,1.0,2005.6666666666667,1.0,1.0,15.0,11.0,1.0,0.07402507091128407,1.0,11.0,0.1544943820224717,0.1544943820224717,0.07402507091128407,,3.4472934472934478,0.4472934472934478,,,,,,,,,,0.7605471502940436,83.0
518.0,0.0,6.0,0.0,9.0,5.0,1.0,0.3333333333333333,0.3333333333333333,5.5,1.0,2005.6666666666667,,1.0,15.0,11.0,1.0,0.17807818679739162,3.0,11.0,0.1544943820224717,0.1544943820224717,0.17807818679739162,,3.4472934472934478,0.4472934472934478,,,,,,,,,,0.09186619198490098,13.0
517.0,0.0,6.0,0.0,6.0,5.0,1.0,0.5,0.5,3.6666666666666665,1.0,2009.6666666666667,,1.0,15.0,11.0,1.0,0.14958022840429563,2.0,11.0,0.1544943820224717,0.1544943820224717,0.14958022840429563,,3.4472934472934478,0.4472934472934478,,,,,,,,,,0.051197627662637246,8.0
508.0,0.0,5.0,1.0,6.0,5.0,2.0,0.16666666666666666,0.16666666666666666,3.0,1.0,2006.5,1.0,1.0,14.0,16.0,1.0,0.04939926182934007,2.0,16.0,0.2247191011235952,0.2247191011235952,0.04939926182934007,,5.014245014245015,0.014245014245014787,,,,,,,,,,0.7414872033621153,79.0
504.0,0.0,5.0,1.0,5.0,5.0,2.0,0.25,0.25,4.25,1.0,1997.75,2.0,1.0,14.0,16.0,1.0,0.1824752327118867,3.0,16.0,0.2247191011235952,0.2247191011235952,0.1824752327118867,,5.014245014245015,0.014245014245014787,,,,,,,,,,0.6134416739355913,64.0
353.0,0.0,5.0,1.0,32.0,3.0,2.0,0.0,0.0,3.3333333333333335,0.8809523809523808,2008.6666666666667,1.0,1.0,14.0,16.0,1.0,0.3846801551211364,5.0,16.0,0.2247191011235952,0.2247191011235952,0.3846801551211364,,5.014245014245015,0.014245014245014787,,,,,,,,,,0.8548450524078147,93.0
352.0,0.0,5.0,1.0,13.0,3.0,1.0,0.16666666666666666,0.16666666666666666,3.6666666666666665,1.0,2008.8333333333333,1.0,1.0,14.0,16.0,1.0,0.2974891387805375,4.0,16.0,0.2247191011235952,0.2247191011235952,0.2974891387805375,,5.014245014245015,0.014245014245014787,,,,,,,,,,0.37835413512593774,35.0
349.0,0.0,5.0,1.0,13.0,3.0,2.0,0.0,0.0,1.3333333333333333,0.8809523809523808,2013.0,1.0,1.0,14.0,16.0,1.0,0.028188902540352223,1.0,16.0,0.2247191011235952,0.2247191011235952,0.028188902540352223,,5.014245014245015,0.014245014245014787,,,,,,,,,,0.26228436710897174,24.0
503.0,0.0,5.0,0.0,5.0,5.0,1.0,0.2,0.2,3.2,1.0,2004.4,2.0,1.0,13.0,14.0,1.0,0.09134694906114815,2.0,14.0,0.1966292134831458,0.1966292134831458,0.09134694906114815,,4.387464387464388,0.38746438746438816,,,,,,,,,,0.750559761654542,81.0
376.0,0.0,5.0,0.0,15.0,3.0,1.0,0.0,0.0,2.8333333333333335,0.9615384615384616,2008.5,,1.0,13.0,14.0,1.0,0.46207289889916303,4.0,14.0,0.1966292134831458,0.1966292134831458,0.46207289889916303,,4.387464387464388,0.38746438746438816,,,,,,,,,,0.47714445412820583,48.0
348.0,0.0,5.0,0.0,13.0,3.0,1.0,0.3333333333333333,0.16666666666666666,1.8333333333333333,1.0,1995.6666666666667,1.0,1.0,13.0,14.0,1.0,0.05592218832038942,1.0,14.0,0.1966292134831458,0.1966292134831458,0.05592218832038942,,4.387464387464388,0.38746438746438816,,,,,,,,,,0.9130950893854356,102.0
347.0,0.0,5.0,0.0,15.0,3.0,1.0,0.3333333333333333,0.16666666666666666,2.1666666666666665,1.0,1999.8333333333333,1.0,1.0,13.0,14.0,1.0,0.38472689473933486,3.0,14.0,0.1966292134831458,0.1966292134831458,0.38472689473933486,,4.387464387464388,0.38746438746438816,,,,,,,,,,0.8097906306988955,91.0
345.0,0.0,4.0,1.0,30.0,3.0,1.0,0.16666666666666666,0.16666666666666666,2.8333333333333335,1.0,1998.0,1.0,2.0,12.0,9.0,1.0,0.0883062121574053,1.0,9.0,0.1264044943820223,0.1264044943820223,0.0883062121574053,,2.8205128205128207,0.8205128205128207,,,,,,,,,,0.87101147098938,96.0
343.0,0.0,4.0,1.0,30.0,3.0,1.0,0.16666666666666666,0.16666666666666666,3.3333333333333335,1.0,1990.1666666666667,1.0,2.0,12.0,9.0,1.0,0.22193762301637643,2.0,9.0,0.1264044943820223,0.1264044943820223,0.22193762301637643,,2.8205128205128207,0.8205128205128207,,,,,,,,,,0.7615299392098615,84.0
357.0,0.0,4.0,1.0,33.0,3.0,2.0,0.0,0.0,4.333333333333333,0.6979166666666666,1999.0,1.0,1.0,11.0,9.0,1.0,0.15526085584416738,1.0,9.0,0.1264044943820223,0.1264044943820223,0.15526085584416738,,2.8205128205128207,0.8205128205128207,,,,,,,,,,0.8157038337179793,92.0
337.0,0.0,4.0,1.0,30.0,3.0,2.0,0.0,0.0,3.1666666666666665,0.0,2000.5,1.0,1.0,11.0,9.0,1.0,0.19104637360386179,2.0,9.0,0.1264044943820223,0.1264044943820223,0.19104637360386179,,2.8205128205128207,0.8205128205128207,,,,,,,,,,0.16876593650488336,18.0
356.0,0.0,4.0,0.0,33.0,3.0,1.0,0.5,0.16666666666666666,2.8333333333333335,1.0,2006.0,2.0,1.0,10.0,11.0,1.0,0.013008478272565571,1.0,11.0,0.1544943820224717,0.1544943820224717,0.013008478272565571,,3.4472934472934478,0.4472934472934478,,,,,,,,,,0.5946868903389434,62.0
338.0,0.0,4.0,0.0,30.0,3.0,1.0,0.3333333333333333,0.16666666666666666,3.0,1.0,2008.0,1.0,1.0,10.0,11.0,1.0,0.050451741508021564,3.0,11.0,0.1544943820224717,0.1544943820224717,0.050451741508021564,,3.4472934472934478,0.4472934472934478,,,,,,,,,,0.00474331241645054,1.0
313.0,0.0,4.0,0.0,30.0,2.0,1.0,0.0,0.0,2.6666666666666665,0.0,1993.3333333333333,1.0,1.0,10.0,11.0,1.0,0.026954464706803294,2.0,11.0,0.1544943820224717,0.1544943820224717,0.026954464706803294,,3.4472934472934478,0.4472934472934478,,,,,,,,,,0.6756251790504927,74.0
329.0,0.0,3.0,1.0,33.0,3.0,2.0,0.0,0.0,3.6666666666666665,0.33529411764705885,2006.8333333333333,2.0,2.0,9.0,9.0,1.0,0.2875572236908327,1.0,9.0,0.1264044943820223,0.1264044943820223,0.2875572236908327,,2.8205128205128207,0.8205128205128207,,,,,,,,,,0.8002220991549392,90.0
309.0,0.0,3.0,1.0,29.0,2.0,1.0,0.16666666666666666,0.16666666666666666,3.3333333333333335,0.2,1999.6666666666667,2.0,2.0,9.0,9.0,1.0,0.3585502862164346,2.0,9.0,0.1264044943820223,0.1264044943820223,0.3585502862164346,,2.8205128205128207,0.8205128205128207,,,,,,,,,,0.48698525239227564,51.0
321.0,0.0,3.0,1.0,32.0,3.0,2.0,0.2,0.2,4.0,0.0,2005.6,2.0,1.0,8.0,9.0,1.0,0.00474331241645054,1.0,9.0,0.1264044943820223,0.1264044943820223,0.00474331241645054,,2.8205128205128207,0.8205128205128207,,,,,,,,,,0.3585502862164346,33.0
304.0,0.0,3.0,1.0,28.0,2.0,2.0,0.0,0.0,2.3333333333333335,0.0,1996.1666666666667,1.0,1.0,8.0,9.0,1.0,0.16876593650488336,2.0,9.0,0.1264044943820223,0.1264044943820223,0.16876593650488336,,2.8205128205128207,0.8205128205128207,,,,,,,,,,0.9735552761149867,110.0
325.0,1.0,3.0,0.0,32.0,3.0,1.0,0.5,0.5,2.3333333333333335,0.6666666666666666,2008.3333333333333,2.0,2.0,7.0,5.0,1.0,0.47714445412820583,1.0,4.0,0.0702247191011235,0.0702247191011235,0.47714445412820583,,1.2535612535612537,0.2535612535612537,,,,,,,,,,0.6826395962393054,76.0
302.0,0.0,3.0,0.0,29.0,2.0,1.0,0.0,0.0,2.6666666666666665,0.0,1990.1666666666667,2.0,1.0,6.0,6.0,1.0,0.051197627662637246,1.0,6.0,0.0842696629213482,0.0842696629213482,0.051197627662637246,,1.8803418803418805,0.8803418803418805,,,,,,,,,,0.5176946116034883,56.0
241.0,0.0,2.0,1.0,4.0,2.0,1.0,0.3333333333333333,0.3333333333333333,3.3333333333333335,1.0,2010.1666666666667,1.0,1.0,5.0,18.0,1.0,0.09186619198490098,2.0,18.0,0.2528089887640446,0.2528089887640446,0.09186619198490098,,5.641025641025641,0.6410256410256414,,,,,,,,,,0.5534108670503898,61.0
236.0,0.0,2.0,1.0,6.0,5.0,2.0,0.3333333333333333,0.3333333333333333,3.8333333333333335,1.0,2006.6666666666667,2.0,1.0,5.0,18.0,1.0,0.06848934065166057,1.0,18.0,0.2528089887640446,0.2528089887640446,0.06848934065166057,,5.641025641025641,0.6410256410256414,,,,,,,,,,0.47502583022695244,47.0
233.0,0.0,2.0,1.0,4.0,1.0,2.0,0.5,0.5,5.0,1.0,1998.1666666666667,1.0,1.0,5.0,18.0,1.0,0.2983440297569081,3.0,18.0,0.2528089887640446,0.2528089887640446,0.2983440297569081,,5.641025641025641,0.6410256410256414,,,,,,,,,,0.2875572236908327,27.0
216.0,0.0,2.0,1.0,5.0,1.0,1.0,0.6666666666666666,0.6666666666666666,3.8333333333333335,1.0,2000.3333333333333,2.0,1.0,5.0,18.0,1.0,0.42717414796243725,5.0,18.0,0.2528089887640446,0.2528089887640446,0.42717414796243725,,5.641025641025641,0.6410256410256414,,,,,,,,,,0.7807423719943288,87.0
211.0,0.0,2.0,1.0,5.0,2.0,2.0,0.6666666666666666,0.5,3.1666666666666665,1.0,2007.6666666666667,2.0,1.0,5.0,18.0,1.0,0.3899253702172979,4.0,18.0,0.2528089887640446,0.2528089887640446,0.3899253702172979,,5.641025641025641,0.6410256410256414,,,,,,,,,,0.660426460015003,71.0
225.0,0.0,2.0,0.0,6.0,1.0,1.0,0.16666666666666666,0.16666666666666666,2.6666666666666665,1.0,2010.8333333333333,1.0,1.0,4.0,12.0,1.0,0.033948812582215715,1.0,12.0,0.1685393258426964,0.1685393258426964,0.033948812582215715,,3.760683760683761,0.7606837606837611,,,,,,,,,,0.9300865122001859,107.0
221.0,0.0,2.0,0.0,6.0,2.0,1.0,0.8333333333333334,0.6666666666666666,3.5,1.0,2008.8333333333333,2.0,1.0,4.0,12.0,1.0,0.31716976109736283,3.0,12.0,0.1685393258426964,0.1685393258426964,0.31716976109736283,,3.760683760683761,0.7606837606837611,,,,,,,,,,0.48742697044921435,52.0
209.0,0.0,2.0,0.0,4.0,2.0,1.0,0.5,0.5,3.6666666666666665,1.0,2014.6666666666667,2.0,1.0,4.0,12.0,1.0,0.3157325002456276,2.0,12.0,0.1685393258426964,0.1685393258426964,0.3157325002456276,,3.760683760683761,0.7606837606837611,,,,,,,,,,0.28559472591223833,26.0
206.0,0.0,1.0,1.0,2.0,2.0,1.0,0.6666666666666666,0.6666666666666666,2.6666666666666665,1.0,2012.3333333333333,1.0,1.0,3.0,17.0,1.0,0.008402959362857065,1.0,17.0,0.2387640449438199,0.2387640449438199,0.008402959362857065,,5.3276353276353285,0.32763532763532854,,,,,,,,,,0.026954464706803294,5.0
117.0,0.0,1.0,1.0,2.0,1.0,2.0,0.25,0.25,4.0,0.5,2002.75,2.0,1.0,3.0,17.0,1.0,0.21382669007817368,4.0,17.0,0.2387640449438199,0.2387640449438199,0.21382669007817368,,5.3276353276353285,0.32763532763532854,,,,,,,,,,0.07338673196572187,11.0
116.0,0.0,1.0,1.0,3.0,1.0,2.0,0.5,0.5,4.0,1.0,2013.0,1.0,1.0,3.0,17.0,1.0,0.14581143723093837,3.0,17.0,0.2387640449438199,0.2387640449438199,0.14581143723093837,,5.3276353276353285,0.32763532763532854,,,,,,,,,,0.8673793989025543,95.0
113.0,0.0,1.0,1.0,3.0,1.0,1.0,0.16666666666666666,0.16666666666666666,3.1666666666666665,0.5,2005.5,1.0,1.0,3.0,17.0,1.0,0.22857926212828683,5.0,17.0,0.2387640449438199,0.2387640449438199,0.22857926212828683,,5.3276353276353285,0.32763532763532854,,,,,,,,,,0.5012153472470676,55.0
109.0,0.0,1.0,1.0,1.0,1.0,1.0,0.3333333333333333,0.3333333333333333,3.6666666666666665,0.5,2002.8333333333333,1.0,1.0,3.0,17.0,1.0,0.06162662774272187,2.0,17.0,0.2387640449438199,0.2387640449438199,0.06162662774272187,,5.3276353276353285,0.32763532763532854,,,,,,,,,,0.050451741508021564,7.0
205.0,0.0,1.0,0.0,2.0,2.0,1.0,0.4,0.4,2.6,1.0,2012.0,1.0,2.0,2.0,6.0,1.0,0.013960705371529714,1.0,5.0,0.0842696629213482,0.0842696629213482,0.013960705371529714,,1.566951566951567,0.566951566951567,,,,,,,,,,0.6568559401923307,69.0
108.0,0.0,1.0,0.0,1.0,1.0,1.0,0.16666666666666666,0.16666666666666666,3.5,0.0,2005.8333333333333,1.0,1.0,1.0,7.0,1.0,0.16648393082507618,1.0,7.0,0.0983146067415729,0.0983146067415729,0.16648393082507618,,2.193732193732194,0.19373219373219408,,,,,,,,,,0.655300069818496,68.0
106.0,0.0,1.0,0.0,3.0,1.0,1.0,0.5,0.3333333333333333,3.3333333333333335,0.0,1994.3333333333333,2.0,1.0,1.0,7.0,1.0,0.17887508256591478,2.0,7.0,0.0983146067415729,0.0983146067415729,0.17887508256591478,,2.193732193732194,0.19373219373219408,,,,,,,,,,0.013008478272565571,3.0
685.0,0.0,12.0,1.0,13.0,5.0,1.0,1.2,0.6,3.0,1.0,2003.6,2.0,1.0,32.0,19.0,1.0,0.9430319195315747,19.0,19.0,0.2668539325842693,0.2668539325842693,0.9430319195315747,,5.954415954415955,0.9544159544159552,,,,,,,,,,0.7924444581164428,89.0
308.0,0.0,3.0,0.0,28.0,2.0,1.0,0.0,0.0,3.0,0.0,1996.0,2.0,1.0,6.0,6.0,1.0,0.8548450524078147,6.0,6.0,0.0842696629213482,0.0842696629213482,0.8548450524078147,,1.8803418803418805,0.8803418803418805,,,,,,,,,,0.7696098498324092,85.0
346.0,0.0,4.0,1.0,15.0,3.0,1.0,0.6666666666666666,0.5,2.1666666666666665,1.0,2008.0,1.0,2.0,12.0,9.0,1.0,0.932806849421599,9.0,9.0,0.1264044943820223,0.1264044943820223,0.932806849421599,,2.8205128205128207,0.8205128205128207,,,,,,,,,,0.752071788164358,82.0
245.0,0.0,4.0,1.0,29.0,2.0,1.0,0.5,0.3333333333333333,3.6666666666666665,0.6666666666666666,2006.8333333333333,1.0,1.0,11.0,9.0,1.0,0.7924444581164428,9.0,9.0,0.1264044943820223,0.1264044943820223,0.7924444581164428,,2.8205128205128207,0.8205128205128207,,,,,,,,,,0.38977079341034904,37.0
300.0,0.0,3.0,1.0,29.0,2.0,1.0,0.0,0.0,3.1666666666666665,0.0,1990.1666666666667,2.0,1.0,8.0,9.0,1.0,0.87101147098938,9.0,9.0,0.1264044943820223,0.1264044943820223,0.87101147098938,,2.8205128205128207,0.8205128205128207,,,,,,,,,,0.19104637360386179,19.0
688.0,0.0,11.0,0.0,15.0,5.0,1.0,1.0,0.6666666666666666,3.3333333333333335,1.0,1996.0,2.0,1.0,28.0,12.0,1.0,0.9651137919040963,12.0,12.0,0.1685393258426964,0.1685393258426964,0.9651137919040963,,3.760683760683761,0.7606837606837611,,,,,,,,,,0.38790832615102955,36.0
224.0,0.0,2.0,0.0,5.0,1.0,1.0,0.3333333333333333,0.3333333333333333,3.5,1.0,2009.6666666666667,2.0,1.0,4.0,12.0,1.0,0.9158248240269081,12.0,12.0,0.1685393258426964,0.1685393258426964,0.9158248240269081,,3.760683760683761,0.7606837606837611,,,,,,,,,,0.4985495794490399,54.0
552.0,0.0,7.0,1.0,7.0,5.0,1.0,0.3333333333333333,0.3333333333333333,3.5,1.0,2008.0,1.0,1.0,19.0,15.0,1.0,0.9660538414605696,15.0,15.0,0.2106741573033705,0.2106741573033705,0.9660538414605696,,4.700854700854701,0.700854700854701,,,,,,,,,,0.15526085584416738,16.0
576.0,0.0,7.0,0.0,12.0,5.0,1.0,0.0,0.0,4.0,0.0,1982.0,2.0,1.0,18.0,15.0,1.0,0.9029082030072438,15.0,15.0,0.2106741573033705,0.2106741573033705,0.9029082030072438,,4.700854700854701,0.700854700854701,,,,,,,,,,0.40741190043088904,42.0
231.0,0.0,2.0,1.0,4.0,1.0,1.0,0.16666666666666666,0.16666666666666666,4.5,1.0,2003.0,1.0,1.0,5.0,18.0,1.0,0.9239729519128103,18.0,18.0,0.2528089887640446,0.2528089887640446,0.9239729519128103,,5.641025641025641,0.6410256410256414,,,,,,,,,,0.3628009031662939,34.0
611.0,0.0,9.0,0.0,21.0,5.0,1.0,0.3333333333333333,0.16666666666666666,3.8333333333333335,0.5,2012.6666666666667,1.0,1.0,22.0,6.0,1.0,0.843469954469965,5.0,5.0,0.0842696629213482,0.0842696629213482,0.843469954469965,,1.566951566951567,0.566951566951567,,,,,,,,,,0.8719745014323766,97.0
114.0,0.0,1.0,0.0,2.0,1.0,1.0,0.5,0.5,4.0,1.0,2008.5,1.0,2.0,2.0,6.0,1.0,0.8644653005382822,5.0,5.0,0.0842696629213482,0.0842696629213482,0.8644653005382822,,1.566951566951567,0.566951566951567,,,,,,,,,,0.22193762301637643,21.0
360.0,0.0,5.0,0.0,13.0,3.0,1.0,0.3333333333333333,0.16666666666666666,3.0,1.0,2003.1666666666667,1.0,1.0,13.0,14.0,1.0,0.9291907537532585,14.0,14.0,0.1966292134831458,0.1966292134831458,0.9291907537532585,,4.387464387464388,0.38746438746438816,,,,,,,,,,0.49281078141027235,53.0
6093.0,0.0,9.0,0.0,21.0,5.0,1.0,0.3333333333333333,0.3333333333333333,3.6666666666666665,1.0,2007.6666666666667,1.0,2.0,23.0,5.0,1.0,0.6885254879700146,4.0,4.0,0.0702247191011235,0.0702247191011235,0.6885254879700146,,1.2535612535612537,0.2535612535612537,,,,,,,,,,0.0883062121574053,12.0
368.0,0.0,11.0,1.0,14.0,3.0,2.0,0.5,0.5,2.25,1.0,2000.75,1.0,2.0,30.0,8.0,1.0,0.6350276025455531,7.0,7.0,0.1123595505617976,0.1123595505617976,0.6350276025455531,,2.193732193732194,0.19373219373219408,,,,,,,,,,0.932806849421599,108.0
528.0,0.0,6.0,1.0,8.0,1.0,2.0,0.0,0.0,4.0,0.0,2014.0,2.0,1.0,16.0,10.0,1.0,0.955396050186404,10.0,10.0,0.140449438202247,0.140449438202247,0.955396050186404,,3.133903133903134,0.13390313390313402,,,,,,,,,,0.5296535627788174,58.0
238.0,0.0,5.0,1.0,6.0,2.0,2.0,0.5,0.5,3.6666666666666665,1.0,2005.6666666666667,1.0,1.0,14.0,16.0,1.0,0.9089189882440664,16.0,16.0,0.2247191011235952,0.2247191011235952,0.9089189882440664,,5.014245014245015,0.014245014245014787,,,,,,,,,,0.44980984730080864,45.0
703.0,0.0,12.0,1.0,13.0,5.0,2.0,0.0,0.0,4.0,1.0,2004.5,2.0,1.0,32.0,19.0,2.0,0.5955696235359972,5.0,13.0,0.2668539325842693,0.2668539325842693,0.5955696235359972,,5.954415954415955,0.9544159544159552,,5.933609958506223,0.9336099585062234,,,,,,,0.8920541551378961,100.0
692.0,0.0,12.0,1.0,14.0,5.0,2.0,0.8333333333333334,0.5,2.3333333333333335,1.0,2004.3333333333333,2.0,1.0,32.0,19.0,2.0,0.5828097715146253,3.0,13.0,0.2668539325842693,0.2668539325842693,0.5828097715146253,,5.954415954415955,0.9544159544159552,,5.933609958506223,0.9336099585062234,,,,,,,0.8137623860081994,94.0
687.0,0.0,12.0,1.0,14.0,5.0,2.0,1.0,0.6,3.0,1.0,2004.4,2.0,1.0,32.0,19.0,2.0,0.38461593376148795,2.0,13.0,0.2668539325842693,0.2668539325842693,0.38461593376148795,,5.954415954415955,0.9544159544159552,,5.933609958506223,0.9336099585062234,,,,,,,0.38472689473933486,40.0
682.0,0.0,12.0,1.0,14.0,5.0,2.0,0.16666666666666666,0.16666666666666666,2.0,1.0,2001.5,2.0,1.0,32.0,19.0,2.0,0.2534528848601926,1.0,13.0,0.2668539325842693,0.2668539325842693,0.2534528848601926,,5.954415954415955,0.9544159544159552,,5.933609958506223,0.9336099585062234,,,,,,,0.05592218832038942,7.0
567.0,0.0,12.0,1.0,10.0,5.0,2.0,0.5,0.5,2.8333333333333335,1.0,2005.5,1.0,1.0,32.0,19.0,2.0,0.5862074013343231,4.0,13.0,0.2668539325842693,0.2668539325842693,0.5862074013343231,,5.954415954415955,0.9544159544159552,,5.933609958506223,0.9336099585062234,,,,,,,0.9291907537532585,104.0
695.0,0.0,12.0,0.0,14.0,5.0,1.0,0.6666666666666666,0.5,3.3333333333333335,1.0,2009.0,2.0,1.0,31.0,10.0,2.0,0.05343830811315187,1.0,7.0,0.140449438202247,0.140449438202247,0.05343830811315187,,3.133903133903134,0.13390313390313402,,3.195020746887966,0.1950207468879661,,,,,,,0.591696225037574,65.0
522.0,0.0,12.0,0.0,9.0,5.0,1.0,0.2,0.2,4.4,1.0,2012.8,1.0,1.0,31.0,10.0,2.0,0.1452288166045551,2.0,7.0,0.140449438202247,0.140449438202247,0.1452288166045551,,3.133903133903134,0.13390313390313402,,3.195020746887966,0.1950207468879661,,,,,,,0.7514713937063283,82.0
501.0,0.0,12.0,0.0,5.0,5.0,1.0,0.6666666666666666,0.6666666666666666,3.3333333333333335,1.0,2005.0,2.0,1.0,31.0,10.0,2.0,0.20295963056999955,3.0,7.0,0.140449438202247,0.140449438202247,0.20295963056999955,,3.133903133903134,0.13390313390313402,,3.195020746887966,0.1950207468879661,,,,,,,0.626109645080528,70.0
675.0,0.0,11.0,1.0,14.0,5.0,2.0,0.4,0.2,3.0,1.0,2015.0,2.0,2.0,30.0,8.0,2.0,0.4120304262787676,1.0,4.0,0.1123595505617976,0.1123595505617976,0.4120304262787676,,2.193732193732194,0.19373219373219408,,1.825726141078838,0.8257261410788379,,,,,,,0.5172225426122593,56.0
696.0,0.0,11.0,1.0,15.0,5.0,2.0,0.3333333333333333,0.3333333333333333,4.0,0.6666666666666666,2008.8333333333333,1.0,1.0,29.0,9.0,2.0,0.006653976123461747,1.0,7.0,0.1264044943820223,0.1264044943820223,0.006653976123461747,,2.8205128205128207,0.8205128205128207,,3.195020746887966,0.1950207468879661,,,,,,,0.8883571566347565,99.0
680.0,0.0,11.0,1.0,14.0,5.0,2.0,0.0,0.0,1.5,0.7777777777777777,2004.5,1.0,1.0,29.0,9.0,2.0,0.09939358084655658,2.0,7.0,0.1264044943820223,0.1264044943820223,0.09939358084655658,,2.8205128205128207,0.8205128205128207,,3.195020746887966,0.1950207468879661,,,,,,,0.46207289889916303,52.0
677.0,0.0,11.0,1.0,14.0,5.0,2.0,0.0,0.0,2.0,0.7777777777777777,2015.0,1.0,1.0,29.0,9.0,2.0,0.1557021676247604,3.0,7.0,0.1264044943820223,0.1264044943820223,0.1557021676247604,,2.8205128205128207,0.8205128205128207,,3.195020746887966,0.1950207468879661,,,,,,,0.7834762144974882,90.0
691.0,0.0,11.0,0.0,14.0,5.0,1.0,0.8333333333333334,0.5,3.0,1.0,2001.1666666666667,2.0,1.0,28.0,12.0,2.0,0.3446828020550069,3.0,8.0,0.1685393258426964,0.1685393258426964,0.3446828020550069,,3.760683760683761,0.7606837606837611,,3.651452282157676,0.6514522821576758,,,,,,,0.5523782845438475,61.0
380.0,0.0,11.0,0.0,14.0,3.0,1.0,0.5,0.3333333333333333,4.5,1.0,2007.1666666666667,2.0,1.0,28.0,12.0,2.0,0.31897893615593664,2.0,8.0,0.1685393258426964,0.1685393258426964,0.31897893615593664,,3.760683760683761,0.7606837606837611,,3.651452282157676,0.6514522821576758,,,,,,,0.9095748056733047,103.0
375.0,0.0,11.0,0.0,15.0,3.0,1.0,0.0,0.0,3.6666666666666665,0.9666666666666666,2004.1666666666667,,1.0,28.0,12.0,2.0,0.31568569303574245,1.0,8.0,0.1685393258426964,0.1685393258426964,0.31568569303574245,,3.760683760683761,0.7606837606837611,,3.651452282157676,0.6514522821576758,,,,,,,0.09134694906114815,10.0
670.0,0.0,10.0,1.0,15.0,5.0,2.0,0.0,0.0,3.8333333333333335,0.9833333333333333,2007.6666666666667,1.0,1.0,27.0,18.0,2.0,0.06354433506250612,2.0,13.0,0.2528089887640446,0.2528089887640446,0.06354433506250612,,5.641025641025641,0.6410256410256414,,5.933609958506223,0.9336099585062234,,,,,,,0.9089189882440664,102.0
663.0,0.0,10.0,1.0,18.0,5.0,1.0,0.3333333333333333,0.3333333333333333,3.8333333333333335,1.0,2009.3333333333333,2.0,1.0,27.0,18.0,2.0,0.03178034833770671,1.0,13.0,0.2528089887640446,0.2528089887640446,0.03178034833770671,,5.641025641025641,0.6410256410256414,,5.933609958506223,0.9336099585062234,,,,,,,0.028188902540352223,2.0
658.0,0.0,10.0,1.0,18.0,5.0,1.0,0.16666666666666666,0.16666666666666666,3.1666666666666665,1.0,2006.6666666666667,1.0,1.0,27.0,18.0,2.0,0.21065765922508206,5.0,13.0,0.2528089887640446,0.2528089887640446,0.21065765922508206,,5.641025641025641,0.6410256410256414,,5.933609958506223,0.9336099585062234,,,,,,,0.7656308344963155,85.0
655.0,0.0,10.0,1.0,16.0,5.0,1.0,0.5,0.5,4.0,1.0,2013.0,1.0,1.0,27.0,18.0,2.0,0.13168314464892916,3.0,13.0,0.2528089887640446,0.2528089887640446,0.13168314464892916,,5.641025641025641,0.6410256410256414,,5.933609958506223,0.9336099585062234,,,,,,,0.6155451375931279,69.0
653.0,0.0,10.0,1.0,17.0,5.0,1.0,0.6666666666666666,0.6666666666666666,5.166666666666667,1.0,2010.0,1.0,1.0,27.0,18.0,2.0,0.13985409668171223,4.0,13.0,0.2528089887640446,0.2528089887640446,0.13985409668171223,,5.641025641025641,0.6410256410256414,,5.933609958506223,0.9336099585062234,,,,,,,0.2974891387805375,28.0
664.0,0.0,10.0,0.0,7.0,5.0,1.0,2.0,1.0,0.0,1.0,1999.0,2.0,1.0,26.0,12.0,2.0,0.5945349379187191,4.0,9.0,0.1685393258426964,0.1685393258426964,0.5945349379187191,,3.760683760683761,0.7606837606837611,,4.1078838174273855,0.10788381742738551,,,,,,,0.3846801551211364,39.0
661.0,0.0,10.0,0.0,18.0,5.0,1.0,0.8333333333333334,0.6666666666666666,3.5,0.75,2013.6666666666667,2.0,1.0,26.0,12.0,2.0,0.41203634651554955,2.0,9.0,0.1685393258426964,0.1685393258426964,0.41203634651554955,,3.760683760683761,0.7606837606837611,,4.1078838174273855,0.10788381742738551,,,,,,,0.5565741250645823,62.0
645.0,0.0,10.0,0.0,18.0,5.0,1.0,0.16666666666666666,0.16666666666666666,4.166666666666667,1.0,2006.0,2.0,1.0,26.0,12.0,2.0,0.2495157292139073,1.0,9.0,0.1685393258426964,0.1685393258426964,0.2495157292139073,,3.760683760683761,0.7606837606837611,,4.1078838174273855,0.10788381742738551,,,,,,,0.7298312603501641,80.0
644.0,0.0,10.0,0.0,18.0,5.0,1.0,0.16666666666666666,0.16666666666666666,3.0,1.0,2001.0,1.0,1.0,26.0,12.0,2.0,0.5379300185989614,3.0,9.0,0.1685393258426964,0.1685393258426964,0.5379300185989614,,3.760683760683761,0.7606837606837611,,4.1078838174273855,0.10788381742738551,,,,,,,0.6593316966352117,72.0
6101.0,1.0,9.0,1.0,21.0,5.0,1.0,0.3333333333333333,0.16666666666666666,2.8333333333333335,1.0,2017.5,1.0,2.0,25.0,9.0,2.0,0.44416034408340177,2.0,7.0,0.1264044943820223,0.1264044943820223,0.44416034408340177,,2.8205128205128207,0.8205128205128207,,3.195020746887966,0.1950207468879661,,,,,,,0.7434661242907582,81.0
601.0,0.0,9.0,1.0,10.0,5.0,2.0,0.25,0.25,4.75,1.0,2001.5,2.0,2.0,25.0,9.0,2.0,0.09837792711116633,1.0,7.0,0.1264044943820223,0.1264044943820223,0.09837792711116633,,2.8205128205128207,0.8205128205128207,,3.195020746887966,0.1950207468879661,,,,,,,0.4521989394697966,51.0
588.0,0.0,9.0,1.0,12.0,5.0,2.0,0.3333333333333333,0.3333333333333333,3.6666666666666665,1.0,2006.3333333333333,1.0,2.0,25.0,9.0,2.0,0.4991207582061924,3.0,7.0,0.1264044943820223,0.1264044943820223,0.4991207582061924,,2.8205128205128207,0.8205128205128207,,3.195020746887966,0.1950207468879661,,,,,,,0.1824752327118867,20.0
613.0,0.0,9.0,1.0,20.0,5.0,1.0,0.0,0.0,3.2,0.0,2009.2,1.0,1.0,24.0,10.0,2.0,0.2632417679349178,3.0,7.0,0.140449438202247,0.140449438202247,0.2632417679349178,,3.133903133903134,0.13390313390313402,,3.195020746887966,0.1950207468879661,,,,,,,0.4291325080014009,46.0
612.0,1.0,9.0,1.0,20.0,5.0,1.0,0.0,0.0,3.75,0.0,2011.5,1.0,1.0,24.0,10.0,2.0,0.21605519746704693,1.0,7.0,0.140449438202247,0.140449438202247,0.21605519746704693,,3.133903133903134,0.13390313390313402,,3.195020746887966,0.1950207468879661,,,,,,,0.783940083105897,91.0
600.0,0.0,9.0,1.0,10.0,5.0,2.0,0.0,0.0,3.6666666666666665,0.0,2007.6666666666667,1.0,1.0,24.0,10.0,2.0,0.2325872879912695,2.0,7.0,0.140449438202247,0.140449438202247,0.2325872879912695,,3.133903133903134,0.13390313390313402,,3.195020746887966,0.1950207468879661,,,,,,,0.43244862483934277,47.0
6091.0,0.0,9.0,0.0,21.0,5.0,1.0,0.0,0.0,4.0,0.0,2000.0,1.0,1.0,22.0,6.0,2.0,0.7649556163828396,1.0,3.0,0.0842696629213482,0.0842696629213482,0.7649556163828396,,1.566951566951567,0.566951566951567,,1.3692946058091284,0.36929460580912843,,,,,,,0.04939926182934007,4.0
634.0,0.0,8.0,1.0,18.0,5.0,1.0,0.5,0.25,3.75,1.0,2003.0,2.0,1.0,21.0,16.0,2.0,0.1552101900323598,3.0,11.0,0.2247191011235952,0.2247191011235952,0.1552101900323598,,5.014245014245015,0.014245014245014787,,5.020746887966804,0.020746887966804017,,,,,,,0.5646998309379777,63.0
622.0,0.0,8.0,1.0,19.0,5.0,2.0,0.3333333333333333,0.3333333333333333,3.0,1.0,2001.3333333333333,1.0,1.0,21.0,16.0,2.0,0.07402507091128407,1.0,11.0,0.2247191011235952,0.2247191011235952,0.07402507091128407,,5.014245014245015,0.014245014245014787,,5.020746887966804,0.020746887966804017,,,,,,,0.9364295997876629,105.0
618.0,0.0,8.0,1.0,19.0,5.0,2.0,0.3333333333333333,0.3333333333333333,3.3333333333333335,1.0,2001.1666666666667,1.0,1.0,21.0,16.0,2.0,0.17807818679739162,4.0,11.0,0.2247191011235952,0.2247191011235952,0.17807818679739162,,5.014245014245015,0.014245014245014787,,5.020746887966804,0.020746887966804017,,,,,,,0.775040809475514,86.0
585.0,0.0,8.0,1.0,10.0,5.0,2.0,1.0,1.0,3.0,1.0,2007.0,2.0,1.0,21.0,16.0,2.0,0.14958022840429563,2.0,11.0,0.2247191011235952,0.2247191011235952,0.14958022840429563,,5.014245014245015,0.014245014245014787,,5.020746887966804,0.020746887966804017,,,,,,,0.752354619683192,83.0
583.0,0.0,8.0,1.0,11.0,5.0,2.0,0.16666666666666666,0.16666666666666666,3.3333333333333335,1.0,1999.8333333333333,1.0,1.0,21.0,16.0,2.0,0.39536088033898154,5.0,11.0,0.2247191011235952,0.2247191011235952,0.39536088033898154,,5.014245014245015,0.014245014245014787,,5.020746887966804,0.020746887966804017,,,,,,,0.39536088033898154,41.0
616.0,0.0,8.0,0.0,21.0,5.0,1.0,0.6666666666666666,0.6666666666666666,3.8333333333333335,1.0,1997.1666666666667,1.0,1.0,20.0,14.0,2.0,0.04939926182934007,1.0,10.0,0.1966292134831458,0.1966292134831458,0.04939926182934007,,4.387464387464388,0.38746438746438816,,4.564315352697095,0.5643153526970952,,,,,,,0.14958022840429563,16.0
615.0,0.0,8.0,0.0,20.0,5.0,1.0,0.5,0.5,3.1666666666666665,1.0,1994.8333333333333,1.0,1.0,20.0,14.0,2.0,0.43244862483934277,4.0,10.0,0.1966292134831458,0.1966292134831458,0.43244862483934277,,4.387464387464388,0.38746438746438816,,4.564315352697095,0.5643153526970952,,,,,,,0.17807818679739162,19.0
602.0,0.0,8.0,0.0,10.0,5.0,1.0,0.6666666666666666,0.6666666666666666,2.5,1.0,2002.3333333333333,2.0,1.0,20.0,14.0,2.0,0.4291325080014009,3.0,10.0,0.1966292134831458,0.1966292134831458,0.4291325080014009,,4.387464387464388,0.38746438746438816,,4.564315352697095,0.5643153526970952,,,,,,,0.6867625238113929,77.0
586.0,0.0,8.0,0.0,10.0,5.0,1.0,0.5,0.5,3.6666666666666665,1.0,2004.8333333333333,2.0,1.0,20.0,14.0,2.0,0.1824752327118867,2.0,10.0,0.1966292134831458,0.1966292134831458,0.1824752327118867,,4.387464387464388,0.38746438746438816,,4.564315352697095,0.5643153526970952,,,,,,,0.7776918002365499,88.0
575.0,0.0,7.0,1.0,10.0,1.0,1.0,0.0,0.0,4.0,0.0,1982.0,2.0,1.0,19.0,15.0,2.0,0.5565741250645823,4.0,10.0,0.2106741573033705,0.2106741573033705,0.5565741250645823,,4.700854700854701,0.700854700854701,,4.564315352697095,0.5643153526970952,,,,,,,0.07402507091128407,9.0
563.0,0.0,7.0,1.0,9.0,5.0,2.0,0.16666666666666666,0.16666666666666666,3.3333333333333335,0.3333333333333333,2002.0,1.0,1.0,19.0,15.0,2.0,0.3846801551211364,3.0,10.0,0.2106741573033705,0.2106741573033705,0.3846801551211364,,4.700854700854701,0.700854700854701,,4.564315352697095,0.5643153526970952,,,,,,,0.5726913814097802,64.0
560.0,0.0,7.0,1.0,9.0,5.0,2.0,0.16666666666666666,0.16666666666666666,3.8333333333333335,1.0,2004.6666666666667,2.0,1.0,19.0,15.0,2.0,0.2974891387805375,2.0,10.0,0.2106741573033705,0.2106741573033705,0.2974891387805375,,4.700854700854701,0.700854700854701,,4.564315352697095,0.5643153526970952,,,,,,,0.6605231035035365,73.0
551.0,0.0,7.0,1.0,9.0,5.0,2.0,0.6666666666666666,0.6666666666666666,4.0,1.0,2011.6666666666667,2.0,1.0,19.0,15.0,2.0,0.028188902540352223,1.0,10.0,0.2106741573033705,0.2106741573033705,0.028188902540352223,,4.700854700854701,0.700854700854701,,4.564315352697095,0.5643153526970952,,,,,,,0.6505717275711179,71.0
580.0,0.0,7.0,0.0,11.0,5.0,1.0,0.16666666666666666,0.16666666666666666,3.0,1.0,1997.1666666666667,1.0,1.0,18.0,15.0,2.0,0.09134694906114815,1.0,10.0,0.2106741573033705,0.2106741573033705,0.09134694906114815,,4.700854700854701,0.700854700854701,,4.564315352697095,0.5643153526970952,,,,,,,0.6034757286032512,67.0
566.0,0.0,7.0,0.0,12.0,5.0,1.0,0.16666666666666666,0.16666666666666666,2.6666666666666665,1.0,2014.0,1.0,1.0,18.0,15.0,2.0,0.5523782845438475,4.0,10.0,0.2106741573033705,0.2106741573033705,0.5523782845438475,,4.700854700854701,0.700854700854701,,4.564315352697095,0.5643153526970952,,,,,,,0.1552101900323598,17.0
559.0,0.0,7.0,0.0,7.0,5.0,1.0,0.5,0.3333333333333333,2.6666666666666665,1.0,2007.8333333333333,2.0,1.0,18.0,15.0,2.0,0.46207289889916303,2.0,10.0,0.2106741573033705,0.2106741573033705,0.46207289889916303,,4.700854700854701,0.700854700854701,,4.564315352697095,0.5643153526970952,,,,,,,0.955396050186404,106.0
553.0,0.0,7.0,0.0,8.0,5.0,1.0,0.16666666666666666,0.16666666666666666,3.1666666666666665,1.0,2008.3333333333333,,1.0,18.0,15.0,2.0,0.5172225426122593,3.0,10.0,0.2106741573033705,0.2106741573033705,0.5172225426122593,,4.700854700854701,0.700854700854701,,4.564315352697095,0.5643153526970952,,,,,,,0.809217260830471,93.0
539.0,0.0,6.0,1.0,8.0,5.0,1.0,0.4,0.4,3.2,1.0,2005.8,1.0,2.0,17.0,9.0,2.0,0.05592218832038942,1.0,7.0,0.1264044943820223,0.1264044943820223,0.05592218832038942,,2.8205128205128207,0.8205128205128207,,3.195020746887966,0.1950207468879661,,,,,,,0.7649556163828396,84.0
538.0,0.0,6.0,1.0,8.0,5.0,1.0,0.3333333333333333,0.3333333333333333,3.1666666666666665,1.0,2012.5,1.0,2.0,17.0,9.0,2.0,0.38472689473933486,2.0,7.0,0.1264044943820223,0.1264044943820223,0.38472689473933486,,2.8205128205128207,0.8205128205128207,,3.195020746887966,0.1950207468879661,,,,,,,0.3808096834155904,38.0
514.0,0.0,6.0,1.0,4.0,5.0,2.0,0.5,0.5,2.8333333333333335,1.0,2009.6666666666667,1.0,2.0,17.0,9.0,2.0,0.44980984730080864,3.0,7.0,0.1264044943820223,0.1264044943820223,0.44980984730080864,,2.8205128205128207,0.8205128205128207,,3.195020746887966,0.1950207468879661,,,,,,,0.051649632060044026,5.0
530.0,0.0,6.0,1.0,9.0,1.0,2.0,0.0,0.0,3.3333333333333335,0.0,2000.3333333333333,2.0,1.0,16.0,10.0,2.0,0.0883062121574053,1.0,6.0,0.140449438202247,0.140449438202247,0.0883062121574053,,3.133903133903134,0.13390313390313402,,2.738589211618257,0.7385892116182569,,,,,,,0.36028180255851894,35.0
526.0,0.0,6.0,1.0,8.0,5.0,1.0,0.0,0.0,4.0,0.0,2014.0,2.0,1.0,16.0,10.0,2.0,0.22193762301637643,2.0,6.0,0.140449438202247,0.140449438202247,0.22193762301637643,,3.133903133903134,0.13390313390313402,,2.738589211618257,0.7385892116182569,,,,,,,0.3439361783122451,32.0
534.0,0.0,6.0,0.0,8.0,5.0,1.0,0.5,0.5,3.0,0.5,2016.0,2.0,1.0,15.0,11.0,2.0,0.15526085584416738,1.0,8.0,0.1544943820224717,0.1544943820224717,0.15526085584416738,,3.4472934472934478,0.4472934472934478,,3.651452282157676,0.6514522821576758,,,,,,,0.2325872879912695,24.0
515.0,0.0,6.0,0.0,5.0,5.0,1.0,0.5,0.5,3.0,1.0,2008.8333333333333,1.0,1.0,15.0,11.0,2.0,0.38790832615102955,3.0,8.0,0.1544943820224717,0.1544943820224717,0.38790832615102955,,3.4472934472934478,0.4472934472934478,,3.651452282157676,0.6514522821576758,,,,,,,0.9838861870859933,109.0
513.0,0.0,6.0,0.0,5.0,5.0,1.0,0.5,0.5,3.3333333333333335,1.0,2008.0,1.0,1.0,15.0,11.0,2.0,0.19104637360386179,2.0,8.0,0.1544943820224717,0.1544943820224717,0.19104637360386179,,3.4472934472934478,0.4472934472934478,,3.651452282157676,0.6514522821576758,,,,,,,0.31444688690008304,29.0
506.0,0.0,5.0,1.0,6.0,5.0,1.0,0.16666666666666666,0.16666666666666666,4.166666666666667,1.0,2011.6666666666667,2.0,1.0,14.0,16.0,2.0,0.013008478272565571,1.0,10.0,0.2247191011235952,0.2247191011235952,0.013008478272565571,,5.014245014245015,0.014245014245014787,,4.564315352697095,0.5643153526970952,,,,,,,0.21605519746704693,23.0
500.0,0.0,5.0,1.0,5.0,5.0,2.0,0.16666666666666666,0.16666666666666666,3.3333333333333335,1.0,2003.0,1.0,1.0,14.0,16.0,2.0,0.050451741508021564,3.0,10.0,0.2247191011235952,0.2247191011235952,0.050451741508021564,,5.014245014245015,0.014245014245014787,,4.564315352697095,0.5643153526970952,,,,,,,0.2632417679349178,26.0
370.0,0.0,5.0,1.0,15.0,3.0,2.0,0.16666666666666666,0.3333333333333333,3.1666666666666665,0.5,2005.1666666666667,1.0,1.0,14.0,16.0,2.0,0.07338673196572187,4.0,10.0,0.2247191011235952,0.2247191011235952,0.07338673196572187,,5.014245014245015,0.014245014245014787,,4.564315352697095,0.5643153526970952,,,,,,,0.4991207582061924,54.0
351.0,0.0,5.0,1.0,13.0,3.0,2.0,0.16666666666666666,0.16666666666666666,3.6666666666666665,1.0,2008.5,1.0,1.0,14.0,16.0,2.0,0.026954464706803294,2.0,10.0,0.2247191011235952,0.2247191011235952,0.026954464706803294,,5.014245014245015,0.014245014245014787,,4.564315352697095,0.5643153526970952,,,,,,,0.8852946365831375,98.0
386.0,0.0,5.0,0.0,4.0,3.0,1.0,0.5,0.5,3.6666666666666665,1.0,2004.6666666666667,1.0,1.0,13.0,14.0,2.0,0.48742697044921435,3.0,9.0,0.1966292134831458,0.1966292134831458,0.48742697044921435,,4.387464387464388,0.38746438746438816,,4.1078838174273855,0.10788381742738551,,,,,,,0.09837792711116633,11.0
365.0,0.0,5.0,0.0,14.0,3.0,1.0,0.3333333333333333,0.3333333333333333,3.5,1.0,2000.8333333333333,1.0,1.0,13.0,14.0,2.0,0.2875572236908327,1.0,9.0,0.1966292134831458,0.1966292134831458,0.2875572236908327,,4.387464387464388,0.38746438746438816,,4.1078838174273855,0.10788381742738551,,,,,,,0.44416034408340177,48.0
364.0,0.0,5.0,0.0,14.0,3.0,1.0,0.3333333333333333,0.3333333333333333,3.5,1.0,2000.5,1.0,1.0,13.0,14.0,2.0,0.47502583022695244,2.0,9.0,0.1966292134831458,0.1966292134831458,0.47502583022695244,,4.387464387464388,0.38746438746438816,,4.1078838174273855,0.10788381742738551,,,,,,,0.7775217650529714,87.0
361.0,0.0,5.0,0.0,13.0,3.0,1.0,0.5,0.3333333333333333,4.666666666666667,1.0,1998.6666666666667,2.0,1.0,13.0,14.0,2.0,0.5176946116034883,4.0,9.0,0.1966292134831458,0.1966292134831458,0.5176946116034883,,4.387464387464388,0.38746438746438816,,4.1078838174273855,0.10788381742738551,,,,,,,0.8631600120678354,96.0
359.0,0.0,4.0,1.0,13.0,3.0,1.0,0.5,0.3333333333333333,2.8333333333333335,1.0,2011.1666666666667,1.0,2.0,12.0,9.0,2.0,0.3585502862164346,2.0,6.0,0.1264044943820223,0.1264044943820223,0.3585502862164346,,2.8205128205128207,0.8205128205128207,,2.738589211618257,0.7385892116182569,,,,,,,0.7896181002381627,92.0
242.0,0.0,4.0,1.0,6.0,2.0,1.0,0.5,0.3333333333333333,4.166666666666667,1.0,2002.5,2.0,2.0,12.0,9.0,2.0,0.00474331241645054,1.0,6.0,0.1264044943820223,0.1264044943820223,0.00474331241645054,,2.8205128205128207,0.8205128205128207,,2.738589211618257,0.7385892116182569,,,,,,,0.7000462646312086,78.0
358.0,0.0,4.0,1.0,33.0,3.0,2.0,0.0,0.0,4.333333333333333,0.6979166666666666,2007.6666666666667,2.0,1.0,11.0,9.0,2.0,0.5946868903389434,2.0,6.0,0.1264044943820223,0.1264044943820223,0.5946868903389434,,2.8205128205128207,0.8205128205128207,,2.738589211618257,0.7385892116182569,,,,,,,0.8537950376392257,95.0
354.0,0.0,4.0,1.0,33.0,3.0,2.0,0.0,0.0,4.333333333333333,0.0,2011.0,1.0,1.0,11.0,9.0,2.0,0.16876593650488336,1.0,6.0,0.1264044943820223,0.1264044943820223,0.16876593650488336,,2.8205128205128207,0.8205128205128207,,2.738589211618257,0.7385892116182569,,,,,,,0.5379300185989614,59.0
339.0,0.0,4.0,0.0,30.0,3.0,1.0,0.3333333333333333,0.3333333333333333,2.5,0.5,2002.6666666666667,1.0,1.0,10.0,11.0,2.0,0.47714445412820583,3.0,8.0,0.1544943820224717,0.1544943820224717,0.47714445412820583,,3.4472934472934478,0.4472934472934478,,3.651452282157676,0.6514522821576758,,,,,,,0.2495157292139073,25.0
316.0,0.0,4.0,0.0,30.0,3.0,1.0,0.0,0.0,2.5,0.0,1994.1666666666667,1.0,1.0,10.0,11.0,2.0,0.26228436710897174,1.0,8.0,0.1544943820224717,0.1544943820224717,0.26228436710897174,,3.4472934472934478,0.4472934472934478,,3.651452282157676,0.6514522821576758,,,,,,,0.6721007076274751,76.0
314.0,0.0,4.0,0.0,30.0,2.0,1.0,0.0,0.0,2.8333333333333335,0.0,1996.0,1.0,1.0,10.0,11.0,2.0,0.37835413512593774,2.0,8.0,0.1544943820224717,0.1544943820224717,0.37835413512593774,,3.4472934472934478,0.4472934472934478,,3.651452282157676,0.6514522821576758,,,,,,,0.7800200565401819,89.0
335.0,0.0,3.0,1.0,29.0,3.0,1.0,0.5,0.3333333333333333,2.6666666666666665,1.0,2005.0,,2.0,9.0,9.0,2.0,0.051197627662637246,1.0,7.0,0.1264044943820223,0.1264044943820223,0.051197627662637246,,2.8205128205128207,0.8205128205128207,,3.195020746887966,0.1950207468879661,,,,,,,0.41203634651554955,44.0
333.0,0.0,3.0,1.0,32.0,3.0,2.0,0.3333333333333333,0.16666666666666666,2.6666666666666665,1.0,2007.3333333333333,1.0,2.0,9.0,9.0,2.0,0.09186619198490098,3.0,7.0,0.1264044943820223,0.1264044943820223,0.09186619198490098,,2.8205128205128207,0.8205128205128207,,3.195020746887966,0.1950207468879661,,,,,,,0.5945349379187191,66.0
326.0,1.0,3.0,1.0,31.0,3.0,1.0,0.16666666666666666,0.16666666666666666,2.3333333333333335,0.5,1998.3333333333333,2.0,2.0,9.0,9.0,2.0,0.06848934065166057,2.0,7.0,0.1264044943820223,0.1264044943820223,0.06848934065166057,,2.8205128205128207,0.8205128205128207,,3.195020746887966,0.1950207468879661,,,,,,,0.9029082030072438,101.0
307.0,0.0,3.0,1.0,28.0,2.0,1.0,0.0,0.0,2.6666666666666665,0.0,1990.1666666666667,2.0,1.0,8.0,9.0,2.0,0.4829254010657763,1.0,6.0,0.1264044943820223,0.1264044943820223,0.4829254010657763,,2.8205128205128207,0.8205128205128207,,2.738589211618257,0.7385892116182569,,,,,,,0.4137538752004447,45.0
303.0,0.0,3.0,1.0,29.0,2.0,2.0,0.0,0.0,2.4,0.0,1993.8,1.0,1.0,8.0,9.0,2.0,0.6120185482248003,2.0,6.0,0.1264044943820223,0.1264044943820223,0.6120185482248003,,2.8205128205128207,0.8205128205128207,,2.738589211618257,0.7385892116182569,,,,,,,0.4462317789982323,50.0
310.0,0.0,3.0,0.0,29.0,3.0,1.0,0.2,0.2,3.6,0.25,2003.8,,2.0,7.0,5.0,2.0,0.42717414796243725,1.0,3.0,0.0702247191011235,0.0702247191011235,0.42717414796243725,,1.2535612535612537,0.2535612535612537,,1.3692946058091284,0.36929460580912843,,,,,,,0.3633786328128267,36.0
306.0,0.0,3.0,0.0,29.0,3.0,1.0,0.0,0.0,2.8333333333333335,0.0,2003.3333333333333,2.0,1.0,6.0,6.0,2.0,0.3899253702172979,1.0,4.0,0.0842696629213482,0.0842696629213482,0.3899253702172979,,1.8803418803418805,0.8803418803418805,,1.825726141078838,0.8257261410788379,,,,,,,0.38038551031424295,37.0
240.0,0.0,2.0,1.0,5.0,2.0,2.0,0.6666666666666666,0.5,4.0,0.75,2008.3333333333333,1.0,1.0,5.0,18.0,2.0,0.39176847986781327,5.0,12.0,0.2528089887640446,0.2528089887640446,0.39176847986781327,,5.641025641025641,0.6410256410256414,,5.477178423236514,0.4771784232365137,,,,,,,0.9660538414605696,108.0
228.0,0.0,2.0,1.0,4.0,1.0,1.0,0.0,0.16666666666666666,3.8333333333333335,0.0,2015.8333333333333,,1.0,5.0,18.0,2.0,0.033948812582215715,2.0,12.0,0.2528089887640446,0.2528089887640446,0.033948812582215715,,5.641025641025641,0.6410256410256414,,5.477178423236514,0.4771784232365137,,,,,,,0.49763317424707176,53.0
226.0,0.0,2.0,1.0,5.0,1.0,1.0,0.16666666666666666,0.16666666666666666,3.0,1.0,2007.6666666666667,1.0,1.0,5.0,18.0,2.0,0.31716976109736283,4.0,12.0,0.2528089887640446,0.2528089887640446,0.31716976109736283,,5.641025641025641,0.6410256410256414,,5.477178423236514,0.4771784232365137,,,,,,,0.6053439239114359,68.0
215.0,0.0,2.0,1.0,5.0,2.0,2.0,0.16666666666666666,0.16666666666666666,4.0,0.5,2009.6666666666667,1.0,1.0,5.0,18.0,2.0,0.3157325002456276,3.0,12.0,0.2528089887640446,0.2528089887640446,0.3157325002456276,,5.641025641025641,0.6410256410256414,,5.477178423236514,0.4771784232365137,,,,,,,0.13985409668171223,14.0
212.0,0.0,2.0,1.0,5.0,2.0,2.0,0.16666666666666666,0.16666666666666666,3.5,1.0,2015.1666666666667,,1.0,5.0,18.0,2.0,0.008402959362857065,1.0,12.0,0.2528089887640446,0.2528089887640446,0.008402959362857065,,5.641025641025641,0.6410256410256414,,5.477178423236514,0.4771784232365137,,,,,,,0.13168314464892916,13.0
234.0,0.0,2.0,0.0,5.0,1.0,1.0,0.3333333333333333,0.3333333333333333,5.0,1.0,1997.1666666666667,1.0,1.0,4.0,12.0,2.0,0.2888864230968683,3.0,8.0,0.1685393258426964,0.1685393258426964,0.2888864230968683,,3.760683760683761,0.7606837606837611,,3.651452282157676,0.6514522821576758,,,,,,,0.21065765922508206,22.0
214.0,0.0,2.0,0.0,6.0,2.0,1.0,0.3333333333333333,0.3333333333333333,3.6666666666666665,1.0,2008.8333333333333,,1.0,4.0,12.0,2.0,0.21382669007817368,2.0,8.0,0.1685393258426964,0.1685393258426964,0.21382669007817368,,3.760683760683761,0.7606837606837611,,3.651452282157676,0.6514522821576758,,,,,,,0.03178034833770671,3.0
213.0,0.0,2.0,0.0,6.0,2.0,1.0,0.16666666666666666,0.16666666666666666,3.0,1.0,2015.6666666666667,,1.0,4.0,12.0,2.0,0.14581143723093837,1.0,8.0,0.1685393258426964,0.1685393258426964,0.14581143723093837,,3.760683760683761,0.7606837606837611,,3.651452282157676,0.6514522821576758,,,,,,,0.5105158063881324,55.0
126.0,0.0,1.0,1.0,6.0,1.0,1.0,0.5,0.5,2.5,0.5,2008.0,,1.0,3.0,17.0,2.0,0.22857926212828683,4.0,12.0,0.2387640449438199,0.2387640449438199,0.22857926212828683,,5.3276353276353285,0.32763532763532854,,5.477178423236514,0.4771784232365137,,,,,,,0.06354433506250612,8.0
121.0,0.0,1.0,1.0,1.0,1.0,1.0,0.4,0.4,3.6,1.0,2012.6,1.0,1.0,3.0,17.0,2.0,0.24188997664563694,5.0,12.0,0.2387640449438199,0.2387640449438199,0.24188997664563694,,5.3276353276353285,0.32763532763532854,,5.477178423236514,0.4771784232365137,,,,,,,0.35884022549037675,34.0
119.0,0.0,1.0,1.0,1.0,1.0,2.0,0.0,0.0,3.1666666666666665,0.0,2015.8333333333333,1.0,1.0,3.0,17.0,2.0,0.06162662774272187,2.0,12.0,0.2387640449438199,0.2387640449438199,0.06162662774272187,,5.3276353276353285,0.32763532763532854,,5.477178423236514,0.4771784232365137,,,,,,,0.6707068973784521,74.0
111.0,0.0,1.0,1.0,3.0,1.0,2.0,0.16666666666666666,0.16666666666666666,2.6666666666666665,1.0,2001.6666666666667,1.0,1.0,3.0,17.0,2.0,0.013960705371529714,1.0,12.0,0.2387640449438199,0.2387640449438199,0.013960705371529714,,5.3276353276353285,0.32763532763532854,,5.477178423236514,0.4771784232365137,,,,,,,0.31568569303574245,30.0
107.0,0.0,1.0,1.0,2.0,1.0,2.0,0.16666666666666666,0.16666666666666666,4.166666666666667,0.0,1997.1666666666667,1.0,1.0,3.0,17.0,2.0,0.12987229578353177,3.0,12.0,0.2387640449438199,0.2387640449438199,0.12987229578353177,,5.3276353276353285,0.32763532763532854,,5.477178423236514,0.4771784232365137,,,,,,,0.4441788388976923,49.0
120.0,0.0,1.0,0.0,1.0,1.0,1.0,0.16666666666666666,0.16666666666666666,3.8333333333333335,0.5,2012.8333333333333,2.0,2.0,2.0,6.0,2.0,0.16648393082507618,1.0,3.0,0.0842696629213482,0.0842696629213482,0.16648393082507618,,1.566951566951567,0.566951566951567,,1.3692946058091284,0.36929460580912843,,,,,,,0.8670334315010922,97.0
118.0,0.0,1.0,0.0,3.0,1.0,1.0,0.0,0.0,3.25,0.0,2015.25,1.0,1.0,1.0,7.0,2.0,0.17887508256591478,1.0,5.0,0.0983146067415729,0.0983146067415729,0.17887508256591478,,2.193732193732194,0.19373219373219408,,2.2821576763485476,0.2821576763485476,,,,,,,0.31897893615593664,31.0
104.0,0.0,1.0,0.0,2.0,1.0,1.0,0.3333333333333333,0.16666666666666666,2.6666666666666665,0.0,2004.0,1.0,1.0,1.0,7.0,2.0,0.42951511352687655,2.0,5.0,0.0983146067415729,0.0983146067415729,0.42951511352687655,,2.193732193732194,0.19373219373219408,,2.2821576763485476,0.2821576763485476,,,,,,,0.3446828020550069,33.0
648.0,0.0,10.0,1.0,18.0,5.0,1.0,0.16666666666666666,0.16666666666666666,3.3333333333333335,1.0,2012.5,2.0,1.0,27.0,18.0,2.0,0.9660538414605696,13.0,13.0,0.2528089887640446,0.2528089887640446,0.9660538414605696,,5.641025641025641,0.6410256410256414,,5.933609958506223,0.9336099585062234,,,,,,,0.4028352742489011,42.0
593.0,0.0,9.0,0.0,11.0,5.0,1.0,0.4,0.4,5.6,1.0,2002.2,1.0,2.0,23.0,5.0,2.0,0.3808096834155904,2.0,2.0,0.0702247191011235,0.0702247191011235,0.3808096834155904,,1.2535612535612537,0.2535612535612537,,0.912863070539419,0.912863070539419,,,,,,,0.672005557979437,75.0
324.0,0.0,3.0,0.0,31.0,3.0,1.0,0.0,0.0,3.1666666666666665,0.0,1994.8333333333333,2.0,1.0,6.0,6.0,2.0,0.6663691261920125,4.0,4.0,0.0842696629213482,0.0842696629213482,0.6663691261920125,,1.8803418803418805,0.8803418803418805,,1.825726141078838,0.8257261410788379,,,,,,,0.9656455318865022,107.0
317.0,0.0,4.0,1.0,30.0,3.0,1.0,0.25,0.25,3.0,0.5,1999.5,,1.0,11.0,9.0,2.0,0.87101147098938,6.0,6.0,0.1264044943820223,0.1264044943820223,0.87101147098938,,2.8205128205128207,0.8205128205128207,,2.738589211618257,0.7385892116182569,,,,,,,0.1557021676247604,18.0
331.0,1.0,3.0,1.0,31.0,3.0,2.0,0.0,0.0,3.5,0.0,1992.8333333333333,2.0,1.0,8.0,9.0,2.0,0.9239729519128103,6.0,6.0,0.1264044943820223,0.1264044943820223,0.9239729519128103,,2.8205128205128207,0.8205128205128207,,2.738589211618257,0.7385892116182569,,,,,,,0.09939358084655658,12.0
509.0,0.0,6.0,0.0,6.0,5.0,1.0,0.3333333333333333,0.3333333333333333,3.1666666666666665,1.0,2010.3333333333333,1.0,1.0,15.0,11.0,2.0,0.7696098498324092,8.0,8.0,0.1544943820224717,0.1544943820224717,0.7696098498324092,,3.4472934472934478,0.4472934472934478,,3.651452282157676,0.6514522821576758,,,,,,,0.5226443103052724,57.0
232.0,0.0,2.0,0.0,4.0,1.0,1.0,0.3333333333333333,0.3333333333333333,4.833333333333333,1.0,2001.0,1.0,1.0,4.0,12.0,2.0,0.9506982742074822,8.0,8.0,0.1685393258426964,0.1685393258426964,0.9506982742074822,,3.760683760683761,0.7606837606837611,,3.651452282157676,0.6514522821576758,,,,,,,0.006653976123461747,1.0
547.0,0.0,7.0,1.0,8.0,5.0,1.0,0.5,0.5,3.0,0.5,2007.5,1.0,1.0,19.0,15.0,2.0,0.9089189882440664,10.0,10.0,0.2106741573033705,0.2106741573033705,0.9089189882440664,,4.700854700854701,0.700854700854701,,4.564315352697095,0.5643153526970952,,,,,,,0.2641175093134144,27.0
574.0,0.0,7.0,0.0,11.0,1.0,1.0,0.0,0.0,3.5,0.0,1992.5,1.0,1.0,18.0,15.0,2.0,0.9095748056733047,10.0,10.0,0.2106741573033705,0.2106741573033705,0.9095748056733047,,4.700854700854701,0.700854700854701,,4.564315352697095,0.5643153526970952,,,,,,,0.5520609520254135,60.0
382.0,0.0,5.0,1.0,5.0,3.0,2.0,0.3333333333333333,0.3333333333333333,3.6666666666666665,0.3333333333333333,2010.1666666666667,1.0,1.0,14.0,16.0,2.0,0.8673793989025543,10.0,10.0,0.2247191011235952,0.2247191011235952,0.8673793989025543,,5.014245014245015,0.014245014245014787,,4.564315352697095,0.5643153526970952,,,,,,,0.5249557081530353,58.0
334.0,0.0,3.0,0.0,33.0,3.0,1.0,0.3333333333333333,0.16666666666666666,3.3333333333333335,0.5,1999.6666666666667,1.0,2.0,7.0,5.0,2.0,0.777162013241481,3.0,3.0,0.0702247191011235,0.0702247191011235,0.777162013241481,,1.2535612535612537,0.2535612535612537,,1.3692946058091284,0.36929460580912843,,,,,,,0.9894724039414055,110.0
124.0,0.0,1.0,0.0,2.0,1.0,1.0,0.5,0.5,3.6666666666666665,0.75,1998.5,2.0,2.0,2.0,6.0,2.0,0.8644653005382822,3.0,3.0,0.0842696629213482,0.0842696629213482,0.8644653005382822,,1.566951566951567,0.566951566951567,,1.3692946058091284,0.36929460580912843,,,,,,,0.4120304262787676,43.0
540.0,0.0,6.0,1.0,8.0,5.0,1.0,0.6666666666666666,0.6666666666666666,3.3333333333333335,1.0,2009.3333333333333,2.0,2.0,17.0,9.0,2.0,0.9291907537532585,7.0,7.0,0.1264044943820223,0.1264044943820223,0.9291907537532585,,2.8205128205128207,0.8205128205128207,,3.195020746887966,0.1950207468879661,,,,,,,0.20295963056999955,21.0
327.0,0.0,3.0,1.0,31.0,3.0,2.0,0.16666666666666666,0.16666666666666666,3.1666666666666665,1.0,2011.3333333333333,1.0,2.0,9.0,9.0,2.0,0.9117919526711803,7.0,7.0,0.1264044943820223,0.1264044943820223,0.9117919526711803,,2.8205128205128207,0.8205128205128207,,3.195020746887966,0.1950207468879661,,,,,,,0.7284349911619116,79.0
674.0,0.0,10.0,0.0,14.0,5.0,1.0,0.0,0.0,3.3333333333333335,0.9015151515151515,2009.8333333333333,2.0,1.0,26.0,12.0,2.0,0.9029082030072438,9.0,9.0,0.1685393258426964,0.1685393258426964,0.9029082030072438,,3.760683760683761,0.7606837606837611,,4.1078838174273855,0.10788381742738551,,,,,,,0.1452288166045551,15.0
621.0,0.0,8.0,1.0,19.0,5.0,2.0,0.5,0.5,3.0,1.0,1994.0,2.0,1.0,21.0,16.0,2.0,0.7776918002365499,11.0,11.0,0.2247191011235952,0.2247191011235952,0.7776918002365499,,5.014245014245015,0.014245014245014787,,5.020746887966804,0.020746887966804017,,,,,,,0.05343830811315187,6.0
697.0,0.0,12.0,1.0,15.0,5.0,2.0,0.6666666666666666,0.5,3.1666666666666665,1.0,2002.0,2.0,1.0,32.0,19.0,3.0,0.09134694906114815,1.0,8.0,0.2668539325842693,0.2668539325842693,0.09134694906114815,,5.954415954415955,0.9544159544159552,,5.933609958506223,0.9336099585062234,,4.885496183206107,0.885496183206107,3.114503816793893,0.11450381679389299,,0.7012579383715499,53.0
671.0,0.0,12.0,1.0,14.0,5.0,1.0,0.0,0.0,3.3333333333333335,1.0,2010.1666666666667,2.0,1.0,32.0,19.0,3.0,0.5523782845438475,4.0,8.0,0.2668539325842693,0.2668539325842693,0.5523782845438475,,5.954415954415955,0.9544159544159552,,5.933609958506223,0.9336099585062234,,4.885496183206107,0.885496183206107,3.114503816793893,0.11450381679389299,,0.33089503345958693,24.0
667.0,0.0,12.0,1.0,13.0,5.0,1.0,0.5,0.25,3.0,1.0,2009.0,1.0,1.0,32.0,19.0,3.0,0.46207289889916303,2.0,8.0,0.2668539325842693,0.2668539325842693,0.46207289889916303,,5.954415954415955,0.9544159544159552,,5.933609958506223,0.9336099585062234,,4.885496183206107,0.885496183206107,3.114503816793893,0.11450381679389299,,0.23702588209848863,13.0
523.0,0.0,12.0,1.0,9.0,5.0,1.0,0.3333333333333333,0.3333333333333333,5.333333333333333,1.0,2014.6666666666667,2.0,1.0,32.0,19.0,3.0,0.5172225426122593,3.0,8.0,0.2668539325842693,0.2668539325842693,0.5172225426122593,,5.954415954415955,0.9544159544159552,,5.933609958506223,0.9336099585062234,,4.885496183206107,0.885496183206107,3.114503816793893,0.11450381679389299,,0.7590381995000303,61.0
704.0,0.0,12.0,0.0,4.0,5.0,1.0,0.25,0.25,6.0,1.0,2007.0,1.0,1.0,31.0,10.0,3.0,0.626109645080528,2.0,4.0,0.140449438202247,0.140449438202247,0.626109645080528,,3.133903133903134,0.13390313390313402,,3.195020746887966,0.1950207468879661,,2.4427480916030535,0.4427480916030535,1.5572519083969465,0.5572519083969465,,0.5862074013343231,42.0
698.0,0.0,12.0,0.0,13.0,5.0,1.0,1.0,0.6,3.4,1.0,2001.2,2.0,1.0,31.0,10.0,3.0,0.591696225037574,1.0,4.0,0.140449438202247,0.140449438202247,0.591696225037574,,3.133903133903134,0.13390313390313402,,3.195020746887966,0.1950207468879661,,2.4427480916030535,0.4427480916030535,1.5572519083969465,0.5572519083969465,,0.6118549361235753,44.0
387.0,0.0,11.0,1.0,4.0,3.0,2.0,0.5,0.5,3.1666666666666665,1.0,2010.6666666666667,1.0,2.0,30.0,8.0,3.0,0.05592218832038942,1.0,3.0,0.1123595505617976,0.1123595505617976,0.05592218832038942,,2.193732193732194,0.19373219373219408,,1.825726141078838,0.8257261410788379,,1.83206106870229,0.83206106870229,1.16793893129771,0.16793893129770998,,0.7645135244830935,62.0
683.0,0.0,11.0,1.0,13.0,5.0,2.0,0.0,0.0,3.0,0.7777777777777777,2006.5,1.0,1.0,29.0,9.0,3.0,0.44980984730080864,1.0,4.0,0.1264044943820223,0.1264044943820223,0.44980984730080864,,2.8205128205128207,0.8205128205128207,,3.195020746887966,0.1950207468879661,,2.4427480916030535,0.4427480916030535,1.5572519083969465,0.5572519083969465,,0.9668265125271177,77.0
372.0,0.0,11.0,1.0,15.0,3.0,2.0,0.0,0.0,4.0,0.7777777777777777,2009.8333333333333,1.0,1.0,29.0,9.0,3.0,0.5296535627788174,2.0,4.0,0.1264044943820223,0.1264044943820223,0.5296535627788174,,2.8205128205128207,0.8205128205128207,,3.195020746887966,0.1950207468879661,,2.4427480916030535,0.4427480916030535,1.5572519083969465,0.5572519083969465,,0.7764486810078491,64.0
694.0,0.0,11.0,0.0,15.0,5.0,1.0,0.5,0.5,7.833333333333333,0.6666666666666666,2006.5,1.0,1.0,28.0,12.0,3.0,0.0883062121574053,1.0,5.0,0.1685393258426964,0.1685393258426964,0.0883062121574053,,3.760683760683761,0.7606837606837611,,3.651452282157676,0.6514522821576758,,3.053435114503817,0.053435114503816994,1.946564885496183,0.946564885496183,,0.7799924795227627,65.0
377.0,0.0,11.0,0.0,15.0,3.0,1.0,0.6666666666666666,0.5,4.0,1.0,2008.3333333333333,,1.0,28.0,12.0,3.0,0.22193762301637643,2.0,5.0,0.1685393258426964,0.1685393258426964,0.22193762301637643,,3.760683760683761,0.7606837606837611,,3.651452282157676,0.6514522821576758,,3.053435114503817,0.053435114503816994,1.946564885496183,0.946564885496183,,0.2534528848601926,16.0
367.0,0.0,11.0,0.0,31.0,3.0,1.0,0.3333333333333333,0.3333333333333333,2.1666666666666665,1.0,2002.1666666666667,1.0,1.0,28.0,12.0,3.0,0.3628009031662939,3.0,5.0,0.1685393258426964,0.1685393258426964,0.3628009031662939,,3.760683760683761,0.7606837606837611,,3.651452282157676,0.6514522821576758,,3.053435114503817,0.053435114503816994,1.946564885496183,0.946564885496183,,0.38461593376148795,28.0
651.0,0.0,10.0,1.0,16.0,5.0,2.0,0.16666666666666666,0.16666666666666666,4.5,1.0,2017.0,1.0,1.0,27.0,18.0,3.0,0.15526085584416738,1.0,7.0,0.2528089887640446,0.2528089887640446,0.15526085584416738,,5.641025641025641,0.6410256410256414,,5.933609958506223,0.9336099585062234,,4.2748091603053435,0.2748091603053435,2.7251908396946565,0.7251908396946565,,0.5828097715146253,41.0
647.0,0.0,10.0,1.0,17.0,5.0,1.0,0.16666666666666666,0.16666666666666666,2.6666666666666665,1.0,2005.6666666666667,1.0,1.0,27.0,18.0,3.0,0.38790832615102955,3.0,7.0,0.2528089887640446,0.2528089887640446,0.38790832615102955,,5.641025641025641,0.6410256410256414,,5.933609958506223,0.9336099585062234,,4.2748091603053435,0.2748091603053435,2.7251908396946565,0.7251908396946565,,0.843469954469965,69.0
643.0,0.0,10.0,1.0,16.0,5.0,2.0,0.3333333333333333,0.3333333333333333,2.8333333333333335,1.0,2005.1666666666667,1.0,1.0,27.0,18.0,3.0,0.19104637360386179,2.0,7.0,0.2528089887640446,0.2528089887640446,0.19104637360386179,,5.641025641025641,0.6410256410256414,,5.933609958506223,0.9336099585062234,,4.2748091603053435,0.2748091603053435,2.7251908396946565,0.7251908396946565,,0.6813890293151533,50.0
640.0,0.0,10.0,1.0,18.0,5.0,1.0,0.6666666666666666,0.5,3.5,1.0,2012.8333333333333,1.0,1.0,27.0,18.0,3.0,0.38977079341034904,4.0,7.0,0.2528089887640446,0.2528089887640446,0.38977079341034904,,5.641025641025641,0.6410256410256414,,5.933609958506223,0.9336099585062234,,4.2748091603053435,0.2748091603053435,2.7251908396946565,0.7251908396946565,,0.5955696235359972,43.0
642.0,0.0,10.0,0.0,8.0,5.0,1.0,0.5,0.5,3.1666666666666665,1.0,2007.8333333333333,1.0,1.0,26.0,12.0,3.0,0.013008478272565571,1.0,4.0,0.1685393258426964,0.1685393258426964,0.013008478272565571,,3.760683760683761,0.7606837606837611,,4.1078838174273855,0.10788381742738551,,2.4427480916030535,0.4427480916030535,1.5572519083969465,0.5572519083969465,,0.45669097974021045,30.0
638.0,0.0,10.0,0.0,18.0,5.0,1.0,0.3333333333333333,0.3333333333333333,3.1666666666666665,1.0,2012.5,1.0,1.0,26.0,12.0,3.0,0.655300069818496,2.0,4.0,0.1685393258426964,0.1685393258426964,0.655300069818496,,3.760683760683761,0.7606837606837611,,4.1078838174273855,0.10788381742738551,,2.4427480916030535,0.4427480916030535,1.5572519083969465,0.5572519083969465,,0.2913197732171323,19.0
6103.0,1.0,9.0,1.0,21.0,5.0,1.0,0.3333333333333333,0.16666666666666666,4.0,0.5,2014.3333333333333,1.0,2.0,25.0,9.0,3.0,0.050451741508021564,1.0,4.0,0.1264044943820223,0.1264044943820223,0.050451741508021564,,2.8205128205128207,0.8205128205128207,,3.195020746887966,0.1950207468879661,,2.4427480916030535,0.4427480916030535,1.5572519083969465,0.5572519083969465,,0.29196635879830446,20.0
6102.0,1.0,9.0,1.0,21.0,5.0,1.0,0.3333333333333333,0.16666666666666666,3.1666666666666665,1.0,2016.8333333333333,2.0,2.0,25.0,9.0,3.0,0.5012153472470676,2.0,4.0,0.1264044943820223,0.1264044943820223,0.5012153472470676,,2.8205128205128207,0.8205128205128207,,3.195020746887966,0.1950207468879661,,2.4427480916030535,0.4427480916030535,1.5572519083969465,0.5572519083969465,,0.6885254879700146,52.0
607.0,0.0,9.0,1.0,19.0,5.0,1.0,0.0,0.0,3.0,0.0,2010.0,1.0,1.0,24.0,10.0,3.0,0.07338673196572187,2.0,4.0,0.140449438202247,0.140449438202247,0.07338673196572187,,3.133903133903134,0.13390313390313402,,3.195020746887966,0.1950207468879661,,2.4427480916030535,0.4427480916030535,1.5572519083969465,0.5572519083969465,,0.0198333639371856,2.0
605.0,0.0,9.0,1.0,11.0,5.0,2.0,0.0,0.0,2.0,0.47058823529411764,2002.5,,1.0,24.0,10.0,3.0,0.026954464706803294,1.0,4.0,0.140449438202247,0.140449438202247,0.026954464706803294,,3.133903133903134,0.13390313390313402,,3.195020746887966,0.1950207468879661,,2.4427480916030535,0.4427480916030535,1.5572519083969465,0.5572519083969465,,0.019942501651438627,3.0
614.0,0.0,9.0,0.0,19.0,5.0,1.0,0.3333333333333333,0.16666666666666666,3.8333333333333335,0.5,2003.5,1.0,1.0,22.0,6.0,3.0,0.660426460015003,1.0,2.0,0.0842696629213482,0.0842696629213482,0.660426460015003,,1.566951566951567,0.566951566951567,,1.3692946058091284,0.36929460580912843,,1.2213740458015268,0.22137404580152675,0.7786259541984732,0.7786259541984732,,0.2933040687634808,21.0
632.0,0.0,8.0,1.0,17.0,5.0,2.0,1.0,0.6666666666666666,3.0,1.0,2011.3333333333333,1.0,1.0,21.0,16.0,3.0,0.2875572236908327,1.0,5.0,0.2247191011235952,0.2247191011235952,0.2875572236908327,,5.014245014245015,0.014245014245014787,,5.020746887966804,0.020746887966804017,,3.053435114503817,0.053435114503816994,1.946564885496183,0.946564885496183,,0.2528826886753991,15.0
630.0,0.0,8.0,1.0,8.0,5.0,1.0,0.25,0.25,2.25,1.0,2006.75,1.0,1.0,21.0,16.0,3.0,0.47502583022695244,2.0,5.0,0.2247191011235952,0.2247191011235952,0.47502583022695244,,5.014245014245015,0.014245014245014787,,5.020746887966804,0.020746887966804017,,3.053435114503817,0.053435114503816994,1.946564885496183,0.946564885496183,,0.252780384934956,14.0
623.0,0.0,8.0,1.0,20.0,5.0,2.0,0.3333333333333333,0.3333333333333333,3.5,1.0,2005.6666666666667,1.0,1.0,21.0,16.0,3.0,0.5176946116034883,3.0,5.0,0.2247191011235952,0.2247191011235952,0.5176946116034883,,5.014245014245015,0.014245014245014787,,5.020746887966804,0.020746887966804017,,3.053435114503817,0.053435114503816994,1.946564885496183,0.946564885496183,,0.9722605153229579,78.0
633.0,0.0,8.0,0.0,9.0,5.0,1.0,0.5,0.3333333333333333,3.1666666666666665,1.0,2004.6666666666667,1.0,1.0,20.0,14.0,3.0,0.3585502862164346,2.0,6.0,0.1966292134831458,0.1966292134831458,0.3585502862164346,,4.387464387464388,0.38746438746438816,,4.564315352697095,0.5643153526970952,,3.66412213740458,0.66412213740458,2.33587786259542,0.33587786259541996,,0.4882270778874994,31.0
631.0,0.0,8.0,0.0,17.0,5.0,1.0,0.6666666666666666,0.5,3.1666666666666665,1.0,2005.3333333333333,2.0,1.0,20.0,14.0,3.0,0.48698525239227564,3.0,6.0,0.1966292134831458,0.1966292134831458,0.48698525239227564,,4.387464387464388,0.38746438746438816,,4.564315352697095,0.5643153526970952,,3.66412213740458,0.66412213740458,2.33587786259542,0.33587786259541996,,0.35386101628058075,26.0
582.0,0.0,8.0,0.0,11.0,5.0,1.0,0.25,0.25,4.5,1.0,2003.0,1.0,1.0,20.0,14.0,3.0,0.00474331241645054,1.0,6.0,0.1966292134831458,0.1966292134831458,0.00474331241645054,,4.387464387464388,0.38746438746438816,,4.564315352697095,0.5643153526970952,,3.66412213740458,0.66412213740458,2.33587786259542,0.33587786259541996,,0.5441426019889332,36.0
581.0,0.0,7.0,1.0,12.0,5.0,1.0,0.25,0.25,2.5,1.0,1990.25,1.0,1.0,19.0,15.0,3.0,0.5946868903389434,2.0,5.0,0.2106741573033705,0.2106741573033705,0.5946868903389434,,4.700854700854701,0.700854700854701,,4.564315352697095,0.5643153526970952,,3.053435114503817,0.053435114503816994,1.946564885496183,0.946564885496183,,0.4893553272171888,34.0
579.0,0.0,7.0,1.0,12.0,5.0,2.0,0.16666666666666666,0.16666666666666666,3.6666666666666665,0.5,1995.0,2.0,1.0,19.0,15.0,3.0,0.16876593650488336,1.0,5.0,0.2106741573033705,0.2106741573033705,0.16876593650488336,,4.700854700854701,0.700854700854701,,4.564315352697095,0.5643153526970952,,3.053435114503817,0.053435114503816994,1.946564885496183,0.946564885496183,,0.8910917328142748,71.0
555.0,0.0,7.0,1.0,8.0,5.0,1.0,0.4,0.4,3.2,1.0,2000.0,2.0,1.0,19.0,15.0,3.0,0.7615299392098615,3.0,5.0,0.2106741573033705,0.2106741573033705,0.7615299392098615,,4.700854700854701,0.700854700854701,,4.564315352697095,0.5643153526970952,,3.053435114503817,0.053435114503816994,1.946564885496183,0.946564885496183,,0.9949680175018661,80.0
550.0,0.0,7.0,0.0,9.0,5.0,1.0,0.5,0.5,2.8333333333333335,1.0,2008.8333333333333,2.0,1.0,18.0,15.0,3.0,0.47714445412820583,2.0,5.0,0.2106741573033705,0.2106741573033705,0.47714445412820583,,4.700854700854701,0.700854700854701,,4.564315352697095,0.5643153526970952,,3.053435114503817,0.053435114503816994,1.946564885496183,0.946564885496183,,0.1699873309223573,10.0
549.0,0.0,7.0,0.0,8.0,5.0,1.0,0.3333333333333333,0.3333333333333333,3.8333333333333335,1.0,2003.0,2.0,1.0,18.0,15.0,3.0,0.750559761654542,3.0,5.0,0.2106741573033705,0.2106741573033705,0.750559761654542,,4.700854700854701,0.700854700854701,,4.564315352697095,0.5643153526970952,,3.053435114503817,0.053435114503816994,1.946564885496183,0.946564885496183,,0.5820858015309934,40.0
548.0,0.0,7.0,0.0,8.0,5.0,1.0,0.5,0.5,3.75,1.0,2003.25,2.0,1.0,18.0,15.0,3.0,0.26228436710897174,1.0,5.0,0.2106741573033705,0.2106741573033705,0.26228436710897174,,4.700854700854701,0.700854700854701,,4.564315352697095,0.5643153526970952,,3.053435114503817,0.053435114503816994,1.946564885496183,0.946564885496183,,0.06976890958252391,5.0
536.0,0.0,6.0,1.0,9.0,5.0,1.0,0.5,0.5,2.8333333333333335,1.0,2008.3333333333333,1.0,2.0,17.0,9.0,3.0,0.37835413512593774,1.0,3.0,0.1264044943820223,0.1264044943820223,0.37835413512593774,,2.8205128205128207,0.8205128205128207,,3.195020746887966,0.1950207468879661,,1.83206106870229,0.83206106870229,1.16793893129771,0.16793893129770998,,0.717610089776913,55.0
529.0,0.0,6.0,1.0,8.0,1.0,2.0,0.5,0.5,4.0,0.0,2007.5,2.0,1.0,16.0,10.0,3.0,0.051197627662637246,1.0,4.0,0.140449438202247,0.140449438202247,0.051197627662637246,,3.133903133903134,0.13390313390313402,,2.738589211618257,0.7385892116182569,,2.4427480916030535,0.4427480916030535,1.5572519083969465,0.5572519083969465,,0.6613297213232477,48.0
525.0,0.0,6.0,1.0,7.0,5.0,2.0,0.0,0.0,4.0,0.0,2014.0,2.0,1.0,16.0,10.0,3.0,0.09186619198490098,2.0,4.0,0.140449438202247,0.140449438202247,0.09186619198490098,,3.133903133903134,0.13390313390313402,,2.738589211618257,0.7385892116182569,,2.4427480916030535,0.4427480916030535,1.5572519083969465,0.5572519083969465,,0.8971747197690453,72.0
531.0,0.0,6.0,0.0,9.0,5.0,1.0,0.0,0.0,3.0,0.0,2008.5,2.0,1.0,15.0,11.0,3.0,0.06848934065166057,1.0,4.0,0.1544943820224717,0.1544943820224717,0.06848934065166057,,3.4472934472934478,0.4472934472934478,,3.651452282157676,0.6514522821576758,,2.4427480916030535,0.4427480916030535,1.5572519083969465,0.5572519083969465,,0.7574408795228725,60.0
511.0,0.0,6.0,0.0,5.0,5.0,1.0,0.3333333333333333,0.3333333333333333,2.0,1.0,2008.1666666666667,1.0,1.0,15.0,11.0,3.0,0.2983440297569081,2.0,4.0,0.1544943820224717,0.1544943820224717,0.2983440297569081,,3.4472934472934478,0.4472934472934478,,3.651452282157676,0.6514522821576758,,2.4427480916030535,0.4427480916030535,1.5572519083969465,0.5572519083969465,,0.20678120981860781,11.0
502.0,0.0,5.0,1.0,4.0,5.0,1.0,0.25,0.25,4.0,1.0,2000.0,2.0,1.0,14.0,16.0,3.0,0.7450357295737356,3.0,5.0,0.2247191011235952,0.2247191011235952,0.7450357295737356,,5.014245014245015,0.014245014245014787,,4.564315352697095,0.5643153526970952,,3.053435114503817,0.053435114503816994,1.946564885496183,0.946564885496183,,0.3755521315664835,27.0
384.0,0.0,5.0,1.0,6.0,3.0,2.0,0.3333333333333333,0.3333333333333333,3.5,0.5,2003.3333333333333,1.0,1.0,14.0,16.0,3.0,0.4829254010657763,1.0,5.0,0.2247191011235952,0.2247191011235952,0.4829254010657763,,5.014245014245015,0.014245014245014787,,4.564315352697095,0.5643153526970952,,3.053435114503817,0.053435114503816994,1.946564885496183,0.946564885496183,,0.2772952863246826,18.0
350.0,0.0,5.0,1.0,13.0,3.0,2.0,0.16666666666666666,0.16666666666666666,4.333333333333333,1.0,2008.6666666666667,1.0,1.0,14.0,16.0,3.0,0.6120185482248003,2.0,5.0,0.2247191011235952,0.2247191011235952,0.6120185482248003,,5.014245014245015,0.014245014245014787,,4.564315352697095,0.5643153526970952,,3.053435114503817,0.053435114503816994,1.946564885496183,0.946564885496183,,0.4201188408974742,29.0
371.0,0.0,5.0,0.0,14.0,3.0,1.0,0.3333333333333333,0.3333333333333333,4.0,0.5,2009.3333333333333,1.0,1.0,13.0,14.0,3.0,0.6139940057474188,2.0,5.0,0.1966292134831458,0.1966292134831458,0.6139940057474188,,4.387464387464388,0.38746438746438816,,4.1078838174273855,0.10788381742738551,,3.053435114503817,0.053435114503816994,1.946564885496183,0.946564885496183,,0.796158333188001,66.0
363.0,0.0,5.0,0.0,15.0,3.0,1.0,0.6666666666666666,0.5,3.1666666666666665,1.0,2007.0,,1.0,13.0,14.0,3.0,0.42717414796243725,1.0,5.0,0.1966292134831458,0.1966292134831458,0.42717414796243725,,4.387464387464388,0.38746438746438816,,4.1078838174273855,0.10788381742738551,,3.053435114503817,0.053435114503816994,1.946564885496183,0.946564885496183,,0.9751977388650751,79.0
237.0,0.0,5.0,0.0,5.0,2.0,1.0,0.5,0.5,3.6666666666666665,1.0,2005.6666666666667,1.0,1.0,13.0,14.0,3.0,0.6663691261920125,3.0,5.0,0.1966292134831458,0.1966292134831458,0.6663691261920125,,4.387464387464388,0.38746438746438816,,4.1078838174273855,0.10788381742738551,,3.053435114503817,0.053435114503816994,1.946564885496183,0.946564885496183,,0.7395240330688136,57.0
355.0,0.0,4.0,1.0,32.0,3.0,1.0,0.6,0.2,3.0,1.0,2001.8,2.0,2.0,12.0,9.0,3.0,0.3899253702172979,1.0,4.0,0.1264044943820223,0.1264044943820223,0.3899253702172979,,2.8205128205128207,0.8205128205128207,,2.738589211618257,0.7385892116182569,,2.4427480916030535,0.4427480916030535,1.5572519083969465,0.5572519083969465,,0.030390620711559735,4.0
244.0,0.0,4.0,1.0,28.0,2.0,1.0,0.5,0.5,3.5,1.0,2007.0,2.0,2.0,12.0,9.0,3.0,0.39176847986781327,2.0,4.0,0.1264044943820223,0.1264044943820223,0.39176847986781327,,2.8205128205128207,0.8205128205128207,,2.738589211618257,0.7385892116182569,,2.4427480916030535,0.4427480916030535,1.5572519083969465,0.5572519083969465,,0.7487280350322935,59.0
246.0,0.0,4.0,1.0,28.0,2.0,1.0,0.0,0.0,2.8,0.0,2009.8,1.0,1.0,11.0,9.0,3.0,0.033948812582215715,1.0,3.0,0.1264044943820223,0.1264044943820223,0.033948812582215715,,2.8205128205128207,0.8205128205128207,,2.738589211618257,0.7385892116182569,,1.83206106870229,0.83206106870229,1.16793893129771,0.16793893129770998,,0.10572853661397186,8.0
336.0,0.0,4.0,0.0,28.0,3.0,1.0,0.16666666666666666,0.16666666666666666,2.8333333333333335,1.0,2008.1666666666667,,1.0,10.0,11.0,3.0,0.31716976109736283,1.0,5.0,0.1544943820224717,0.1544943820224717,0.31716976109736283,,3.4472934472934478,0.4472934472934478,,3.651452282157676,0.6514522821576758,,3.053435114503817,0.053435114503816994,1.946564885496183,0.946564885496183,,0.6299053789385624,46.0
312.0,0.0,4.0,0.0,29.0,2.0,1.0,1.0,1.0,2.8333333333333335,1.0,2008.6666666666667,1.0,1.0,10.0,11.0,3.0,0.9134135473569872,3.0,5.0,0.1544943820224717,0.1544943820224717,0.9134135473569872,,3.4472934472934478,0.4472934472934478,,3.651452282157676,0.6514522821576758,,3.053435114503817,0.053435114503816994,1.946564885496183,0.946564885496183,,0.29646172004803717,22.0
243.0,0.0,4.0,0.0,29.0,2.0,1.0,0.5,0.5,4.0,1.0,2006.0,,1.0,10.0,11.0,3.0,0.3953095477357981,2.0,5.0,0.1544943820224717,0.1544943820224717,0.3953095477357981,,3.4472934472934478,0.4472934472934478,,3.651452282157676,0.6514522821576758,,3.053435114503817,0.053435114503816994,1.946564885496183,0.946564885496183,,0.9429117147858573,75.0
315.0,0.0,3.0,1.0,30.0,3.0,1.0,0.16666666666666666,0.16666666666666666,3.6666666666666665,0.5,2001.3333333333333,1.0,2.0,9.0,9.0,3.0,0.008402959362857065,1.0,3.0,0.1264044943820223,0.1264044943820223,0.008402959362857065,,2.8205128205128207,0.8205128205128207,,3.195020746887966,0.1950207468879661,,1.83206106870229,0.83206106870229,1.16793893129771,0.16793893129770998,,0.7084776980236894,54.0
330.0,0.0,3.0,1.0,31.0,3.0,2.0,0.0,0.0,3.3333333333333335,0.0,2004.0,2.0,1.0,8.0,9.0,3.0,0.2888864230968683,1.0,3.0,0.1264044943820223,0.1264044943820223,0.2888864230968683,,2.8205128205128207,0.8205128205128207,,2.738589211618257,0.7385892116182569,,1.83206106870229,0.83206106870229,1.16793893129771,0.16793893129770998,,0.3295240377957288,23.0
305.0,0.0,3.0,0.0,28.0,3.0,1.0,0.0,0.0,3.3333333333333335,0.0,1998.0,2.0,1.0,6.0,6.0,3.0,0.4025881393937326,1.0,2.0,0.0842696629213482,0.0842696629213482,0.4025881393937326,,1.8803418803418805,0.8803418803418805,,1.825726141078838,0.8257261410788379,,1.2213740458015268,0.22137404580152675,0.7786259541984732,0.7786259541984732,,0.6195416790274103,45.0
239.0,0.0,2.0,1.0,5.0,2.0,2.0,0.3333333333333333,0.3333333333333333,3.6666666666666665,0.6666666666666666,2004.8333333333333,1.0,1.0,5.0,18.0,3.0,0.21382669007817368,2.0,7.0,0.2528089887640446,0.2528089887640446,0.21382669007817368,,5.641025641025641,0.6410256410256414,,5.477178423236514,0.4771784232365137,,4.2748091603053435,0.2748091603053435,2.7251908396946565,0.7251908396946565,,0.34570719394303306,25.0
235.0,0.0,2.0,1.0,5.0,1.0,2.0,0.6666666666666666,0.6666666666666666,4.0,1.0,2000.8333333333333,,1.0,5.0,18.0,3.0,0.14581143723093837,1.0,7.0,0.2528089887640446,0.2528089887640446,0.14581143723093837,,5.641025641025641,0.6410256410256414,,5.477178423236514,0.4771784232365137,,4.2748091603053435,0.2748091603053435,2.7251908396946565,0.7251908396946565,,0.8184474056759451,67.0
223.0,0.0,2.0,1.0,6.0,1.0,2.0,0.3333333333333333,0.3333333333333333,3.8333333333333335,1.0,2003.8333333333333,1.0,1.0,5.0,18.0,3.0,0.22857926212828683,3.0,7.0,0.2528089887640446,0.2528089887640446,0.22857926212828683,,5.641025641025641,0.6410256410256414,,5.477178423236514,0.4771784232365137,,4.2748091603053435,0.2748091603053435,2.7251908396946565,0.7251908396946565,,0.48923441320620287,33.0
217.0,0.0,2.0,1.0,6.0,1.0,2.0,0.5,0.5,4.833333333333333,1.0,2003.5,2.0,1.0,5.0,18.0,3.0,0.24188997664563694,4.0,7.0,0.2528089887640446,0.2528089887640446,0.24188997664563694,,5.641025641025641,0.6410256410256414,,5.477178423236514,0.4771784232365137,,4.2748091603053435,0.2748091603053435,2.7251908396946565,0.7251908396946565,,0.7726185420534758,63.0
230.0,0.0,2.0,0.0,4.0,1.0,1.0,0.16666666666666666,0.16666666666666666,5.0,0.3333333333333333,2007.0,1.0,1.0,4.0,12.0,3.0,0.06162662774272187,2.0,4.0,0.1685393258426964,0.1685393258426964,0.06162662774272187,,3.760683760683761,0.7606837606837611,,3.651452282157676,0.6514522821576758,,2.4427480916030535,0.4427480916030535,1.5572519083969465,0.5572519083969465,,0.09191698131344295,7.0
218.0,0.0,2.0,0.0,6.0,1.0,1.0,0.8333333333333334,0.8333333333333334,4.0,1.0,2001.6666666666667,2.0,1.0,4.0,12.0,3.0,0.013960705371529714,1.0,4.0,0.1685393258426964,0.1685393258426964,0.013960705371529714,,3.760683760683761,0.7606837606837611,,3.651452282157676,0.6514522821576758,,2.4427480916030535,0.4427480916030535,1.5572519083969465,0.5572519083969465,,0.6568298970998016,47.0
125.0,0.0,1.0,1.0,1.0,1.0,2.0,0.6666666666666666,0.5,3.6666666666666665,1.0,1998.6666666666667,1.0,1.0,3.0,17.0,3.0,0.12987229578353177,1.0,7.0,0.2387640449438199,0.2387640449438199,0.12987229578353177,,5.3276353276353285,0.32763532763532854,,5.477178423236514,0.4771784232365137,,4.2748091603053435,0.2748091603053435,2.7251908396946565,0.7251908396946565,,0.5570688316135338,38.0
122.0,0.0,1.0,1.0,1.0,1.0,1.0,0.3333333333333333,0.3333333333333333,3.0,1.0,2015.0,1.0,1.0,3.0,17.0,3.0,0.46041091379827337,4.0,7.0,0.2387640449438199,0.2387640449438199,0.46041091379827337,,5.3276353276353285,0.32763532763532854,,5.477178423236514,0.4771784232365137,,4.2748091603053435,0.2748091603053435,2.7251908396946565,0.7251908396946565,,0.6648396903947299,49.0
110.0,0.0,1.0,1.0,2.0,1.0,1.0,0.4,0.4,3.6,1.0,2013.0,1.0,1.0,3.0,17.0,3.0,0.16648393082507618,2.0,7.0,0.2387640449438199,0.2387640449438199,0.16648393082507618,,5.3276353276353285,0.32763532763532854,,5.477178423236514,0.4771784232365137,,4.2748091603053435,0.2748091603053435,2.7251908396946565,0.7251908396946565,,0.21968376468705897,12.0
105.0,0.0,1.0,1.0,2.0,1.0,2.0,0.5,0.3333333333333333,2.6666666666666665,0.5,2003.3333333333333,1.0,1.0,3.0,17.0,3.0,0.17887508256591478,3.0,7.0,0.2387640449438199,0.2387640449438199,0.17887508256591478,,5.3276353276353285,0.32763532763532854,,5.477178423236514,0.4771784232365137,,4.2748091603053435,0.2748091603053435,2.7251908396946565,0.7251908396946565,,0.8613765105329504,70.0
103.0,0.0,1.0,0.0,1.0,1.0,1.0,0.0,0.0,3.25,0.3958333333333333,1993.5,1.0,1.0,1.0,7.0,3.0,0.6350327750647572,1.0,3.0,0.0983146067415729,0.0983146067415729,0.6350327750647572,,2.193732193732194,0.19373219373219408,,2.2821576763485476,0.2821576763485476,,1.83206106870229,0.83206106870229,1.16793893129771,0.16793893129770998,,0.2723135860572362,17.0
373.0,0.0,11.0,1.0,14.0,3.0,2.0,0.16666666666666666,0.16666666666666666,3.8333333333333335,1.0,1996.1666666666667,1.0,2.0,30.0,8.0,3.0,0.8137623860081994,3.0,3.0,0.1123595505617976,0.1123595505617976,0.8137623860081994,,2.193732193732194,0.19373219373219408,,1.825726141078838,0.8257261410788379,,1.83206106870229,0.83206106870229,1.16793893129771,0.16793893129770998,,0.5463947851576342,37.0
516.0,0.0,6.0,1.0,4.0,5.0,2.0,0.75,0.75,3.0,1.0,2010.5,1.0,2.0,17.0,9.0,3.0,0.8548450524078147,3.0,3.0,0.1264044943820223,0.1264044943820223,0.8548450524078147,,2.8205128205128207,0.8205128205128207,,3.195020746887966,0.1950207468879661,,1.83206106870229,0.83206106870229,1.16793893129771,0.16793893129770998,,0.5423669262686411,35.0
328.0,0.0,3.0,1.0,32.0,3.0,2.0,0.3333333333333333,0.16666666666666666,6.5,1.0,2008.8333333333333,2.0,2.0,9.0,9.0,3.0,0.7239848197268227,3.0,3.0,0.1264044943820223,0.1264044943820223,0.7239848197268227,,2.8205128205128207,0.8205128205128207,,3.195020746887966,0.1950207468879661,,1.83206106870229,0.83206106870229,1.16793893129771,0.16793893129770998,,0.6846896910447916,51.0
100.0,0.0,1.0,0.0,3.0,1.0,1.0,0.0,0.0,4.333333333333333,0.0,2001.6666666666667,2.0,1.0,1.0,7.0,3.0,0.8965640681747423,3.0,3.0,0.0983146067415729,0.0983146067415729,0.8965640681747423,,2.193732193732194,0.19373219373219408,,2.2821576763485476,0.2821576763485476,,1.83206106870229,0.83206106870229,1.16793893129771,0.16793893129770998,,0.14024166243470526,9.0
332.0,0.0,3.0,0.0,33.0,3.0,1.0,0.5,0.3333333333333333,3.1666666666666665,0.3333333333333333,1996.8333333333333,1.0,2.0,7.0,5.0,3.0,0.6593895200740049,1.0,1.0,0.0702247191011235,0.0702247191011235,0.6593895200740049,,1.2535612535612537,0.2535612535612537,,1.3692946058091284,0.36929460580912843,,0.6106870229007634,0.6106870229007634,0.3893129770992366,0.3893129770992366,,0.8199347636882112,68.0
123.0,0.0,1.0,0.0,3.0,1.0,1.0,0.16666666666666666,0.16666666666666666,3.0,0.5,2012.8333333333333,1.0,2.0,2.0,6.0,3.0,0.42951511352687655,1.0,1.0,0.0842696629213482,0.0842696629213482,0.42951511352687655,,1.566951566951567,0.566951566951567,,1.3692946058091284,0.36929460580912843,,0.6106870229007634,0.6106870229007634,0.3893129770992366,0.3893129770992366,,0.4885090552624126,32.0
597.0,0.0,9.0,1.0,10.0,5.0,2.0,0.0,0.0,3.0,0.0,2007.5,1.0,1.0,24.0,10.0,3.0,0.48742697044921435,4.0,4.0,0.140449438202247,0.140449438202247,0.48742697044921435,,3.133903133903134,0.13390313390313402,,3.195020746887966,0.1950207468879661,,2.4427480916030535,0.4427480916030535,1.5572519083969465,0.5572519083969465,,0.9287889344117387,74.0
524.0,0.0,6.0,1.0,7.0,1.0,2.0,0.2,0.2,4.8,0.5,2015.0,2.0,1.0,16.0,10.0,3.0,0.7605471502940436,4.0,4.0,0.140449438202247,0.140449438202247,0.7605471502940436,,3.133903133903134,0.13390313390313402,,2.738589211618257,0.7385892116182569,,2.4427480916030535,0.4427480916030535,1.5572519083969465,0.5572519083969465,,0.7479440664300999,58.0
344.0,0.0,4.0,1.0,30.0,3.0,1.0,0.16666666666666666,0.16666666666666666,3.6666666666666665,1.0,2001.1666666666667,1.0,2.0,12.0,9.0,3.0,0.5322769477070594,4.0,4.0,0.1264044943820223,0.1264044943820223,0.5322769477070594,,2.8205128205128207,0.8205128205128207,,2.738589211618257,0.7385892116182569,,2.4427480916030535,0.4427480916030535,1.5572519083969465,0.5572519083969465,,0.5738837298246401,39.0
229.0,0.0,2.0,0.0,5.0,1.0,1.0,0.5,0.5,4.833333333333333,1.0,2006.8333333333333,1.0,1.0,4.0,12.0,3.0,0.6982676050657127,4.0,4.0,0.1685393258426964,0.1685393258426964,0.6982676050657127,,3.760683760683761,0.7606837606837611,,3.651452282157676,0.6514522821576758,,2.4427480916030535,0.4427480916030535,1.5572519083969465,0.5572519083969465,,0.9058941807517339,73.0
115.0,0.0,1.0,1.0,2.0,1.0,1.0,0.5,0.5,4.0,1.0,2009.0,1.0,1.0,3.0,17.0,3.0,0.8644653005382822,7.0,7.0,0.2387640449438199,0.2387640449438199,0.8644653005382822,,5.3276353276353285,0.32763532763532854,,5.477178423236514,0.4771784232365137,,4.2748091603053435,0.2748091603053435,2.7251908396946565,0.7251908396946565,,0.0073681925304408535,1.0
608.0,0.0,9.0,0.0,19.0,5.0,1.0,0.0,0.0,3.5,0.0,2008.5,1.0,1.0,22.0,6.0,3.0,0.7807423719943288,2.0,2.0,0.0842696629213482,0.0842696629213482,0.7807423719943288,,1.566951566951567,0.566951566951567,,1.3692946058091284,0.36929460580912843,,1.2213740458015268,0.22137404580152675,0.7786259541984732,0.7786259541984732,,0.9651137919040963,76.0
323.0,1.0,3.0,0.0,31.0,3.0,1.0,0.0,0.0,3.0,0.0,2000.5,1.0,1.0,6.0,6.0,3.0,0.4353742696782207,2.0,2.0,0.0842696629213482,0.0842696629213482,0.4353742696782207,,1.8803418803418805,0.8803418803418805,,1.825726141078838,0.8257261410788379,,1.2213740458015268,0.22137404580152675,0.7786259541984732,0.7786259541984732,,0.07791149102660067,6.0
341.0,0.0,4.0,0.0,13.0,3.0,1.0,0.6,0.4,2.6,1.0,2006.2,1.0,1.0,10.0,11.0,3.0,0.9158248240269081,5.0,5.0,0.1544943820224717,0.1544943820224717,0.9158248240269081,,3.4472934472934478,0.4472934472934478,,3.651452282157676,0.6514522821576758,,3.053435114503817,0.053435114503816994,1.946564885496183,0.946564885496183,,0.738881177358376,56.0
700.0,0.0,12.0,1.0,14.0,5.0,1.0,0.3333333333333333,0.3333333333333333,3.8333333333333335,1.0,2009.3333333333333,2.0,1.0,32.0,19.0,4.0,0.9089189882440664,7.0,8.0,0.2668539325842693,0.2668539325842693,0.9089189882440664,,5.954415954415955,0.9544159544159552,,5.933609958506223,0.9336099585062234,,4.885496183206107,0.885496183206107,3.114503816793893,0.11450381679389299,,0.19128452990838152,11.0
668.0,0.0,12.0,1.0,14.0,5.0,1.0,0.5,0.25,3.0,1.0,2003.5,1.0,1.0,32.0,19.0,4.0,0.7834762144974882,5.0,8.0,0.2668539325842693,0.2668539325842693,0.7834762144974882,,5.954415954415955,0.9544159544159552,,5.933609958506223,0.9336099585062234,,4.885496183206107,0.885496183206107,3.114503816793893,0.11450381679389299,,0.608528579693122,31.0
570.0,0.0,12.0,1.0,11.0,5.0,1.0,0.75,0.75,2.75,1.0,2008.75,2.0,1.0,32.0,19.0,4.0,0.8883571566347565,6.0,8.0,0.2668539325842693,0.2668539325842693,0.8883571566347565,,5.954415954415955,0.9544159544159552,,5.933609958506223,0.9336099585062234,,4.885496183206107,0.885496183206107,3.114503816793893,0.11450381679389299,,0.3711144947752195,23.0
699.0,0.0,12.0,0.0,13.0,5.0,1.0,0.0,0.0,4.0,1.0,2004.5,2.0,1.0,31.0,10.0,4.0,0.7514713937063283,3.0,4.0,0.140449438202247,0.140449438202247,0.7514713937063283,,3.133903133903134,0.13390313390313402,,3.195020746887966,0.1950207468879661,,2.4427480916030535,0.4427480916030535,1.5572519083969465,0.5572519083969465,,0.8792480089938007,46.0
379.0,0.0,11.0,1.0,15.0,3.0,2.0,0.3333333333333333,0.3333333333333333,3.3333333333333335,1.0,2009.3333333333333,2.0,2.0,30.0,8.0,4.0,0.38472689473933486,2.0,3.0,0.1123595505617976,0.1123595505617976,0.38472689473933486,,2.193732193732194,0.19373219373219408,,1.825726141078838,0.8257261410788379,,1.83206106870229,0.83206106870229,1.16793893129771,0.16793893129770998,,0.7361552068551883,39.0
701.0,0.0,11.0,1.0,15.0,5.0,2.0,0.3333333333333333,0.3333333333333333,3.8333333333333335,0.6666666666666666,2009.0,2.0,1.0,29.0,9.0,4.0,0.8920541551378961,3.0,4.0,0.1264044943820223,0.1264044943820223,0.8920541551378961,,2.8205128205128207,0.8205128205128207,,3.195020746887966,0.1950207468879661,,2.4427480916030535,0.4427480916030535,1.5572519083969465,0.5572519083969465,,0.2560914131437636,16.0
378.0,0.0,11.0,0.0,14.0,3.0,1.0,0.5,0.3333333333333333,4.333333333333333,1.0,2001.3333333333333,2.0,1.0,28.0,12.0,4.0,0.49281078141027235,4.0,5.0,0.1685393258426964,0.1685393258426964,0.49281078141027235,,3.760683760683761,0.7606837606837611,,3.651452282157676,0.6514522821576758,,3.053435114503817,0.053435114503816994,1.946564885496183,0.946564885496183,,0.5444838972142901,28.0
669.0,0.0,10.0,1.0,15.0,5.0,1.0,0.6666666666666666,0.3333333333333333,2.6666666666666665,1.0,2009.3333333333333,,1.0,27.0,18.0,4.0,0.40741190043088904,5.0,7.0,0.2528089887640446,0.2528089887640446,0.40741190043088904,,5.641025641025641,0.6410256410256414,,5.933609958506223,0.9336099585062234,,4.2748091603053435,0.2748091603053435,2.7251908396946565,0.7251908396946565,,0.4976704297220075,26.0
649.0,0.0,10.0,1.0,16.0,5.0,1.0,0.0,0.0,3.1666666666666665,0.9833333333333333,2011.0,1.0,1.0,27.0,18.0,4.0,0.4985495794490399,6.0,7.0,0.2528089887640446,0.2528089887640446,0.4985495794490399,,5.641025641025641,0.6410256410256414,,5.933609958506223,0.9336099585062234,,4.2748091603053435,0.2748091603053435,2.7251908396946565,0.7251908396946565,,0.618085384099149,32.0
654.0,0.0,10.0,0.0,17.0,5.0,1.0,1.0,1.0,4.0,1.0,2017.0,1.0,1.0,26.0,12.0,4.0,0.7696098498324092,3.0,4.0,0.1685393258426964,0.1685393258426964,0.7696098498324092,,3.760683760683761,0.7606837606837611,,4.1078838174273855,0.10788381742738551,,2.4427480916030535,0.4427480916030535,1.5572519083969465,0.5572519083969465,,0.17910671170221526,8.0
6104.0,1.0,9.0,1.0,21.0,5.0,1.0,0.5,0.25,2.5,1.0,2016.5,2.0,2.0,25.0,9.0,4.0,0.6568559401923307,3.0,4.0,0.1264044943820223,0.1264044943820223,0.6568559401923307,,2.8205128205128207,0.8205128205128207,,3.195020746887966,0.1950207468879661,,2.4427480916030535,0.4427480916030535,1.5572519083969465,0.5572519083969465,,0.6350276025455531,34.0
598.0,0.0,9.0,1.0,10.0,5.0,2.0,0.0,0.0,3.5,0.0,2008.1666666666667,1.0,1.0,24.0,10.0,4.0,0.28559472591223833,3.0,4.0,0.140449438202247,0.140449438202247,0.28559472591223833,,3.133903133903134,0.13390313390313402,,3.195020746887966,0.1950207468879661,,2.4427480916030535,0.4427480916030535,1.5572519083969465,0.5572519083969465,,0.47358030306056664,25.0
626.0,0.0,8.0,1.0,11.0,5.0,1.0,0.3333333333333333,0.3333333333333333,2.6666666666666665,0.6666666666666666,1999.5,1.0,1.0,21.0,16.0,4.0,0.5534108670503898,4.0,5.0,0.2247191011235952,0.2247191011235952,0.5534108670503898,,5.014245014245015,0.014245014245014787,,5.020746887966804,0.020746887966804017,,3.053435114503817,0.053435114503816994,1.946564885496183,0.946564885496183,,0.23853471261547943,15.0
627.0,0.0,8.0,0.0,10.0,5.0,1.0,0.6666666666666666,0.6666666666666666,2.1666666666666665,1.0,2007.5,2.0,1.0,20.0,14.0,4.0,0.8002220991549392,5.0,6.0,0.1966292134831458,0.1966292134831458,0.8002220991549392,,4.387464387464388,0.38746438746438816,,4.564315352697095,0.5643153526970952,,3.66412213740458,0.66412213740458,2.33587786259542,0.33587786259541996,,0.2933859763185437,18.0
603.0,0.0,8.0,0.0,12.0,5.0,1.0,0.3333333333333333,0.3333333333333333,4.0,1.0,2001.6666666666667,1.0,1.0,20.0,14.0,4.0,0.6756251790504927,4.0,6.0,0.1966292134831458,0.1966292134831458,0.6756251790504927,,4.387464387464388,0.38746438746438816,,4.564315352697095,0.5643153526970952,,3.66412213740458,0.66412213740458,2.33587786259542,0.33587786259541996,,0.26006142957556355,17.0
577.0,0.0,7.0,1.0,11.0,1.0,2.0,0.0,0.0,4.0,0.0,1982.0,2.0,1.0,19.0,15.0,4.0,0.8157038337179793,4.0,5.0,0.2106741573033705,0.2106741573033705,0.8157038337179793,,4.700854700854701,0.700854700854701,,4.564315352697095,0.5643153526970952,,3.053435114503817,0.053435114503816994,1.946564885496183,0.946564885496183,,0.06891338297464611,3.0
565.0,0.0,7.0,0.0,8.0,5.0,1.0,0.0,0.0,2.75,0.7307692307692307,2012.5,1.0,1.0,18.0,15.0,4.0,0.8097906306988955,4.0,5.0,0.2106741573033705,0.2106741573033705,0.8097906306988955,,4.700854700854701,0.700854700854701,,4.564315352697095,0.5643153526970952,,3.053435114503817,0.053435114503816994,1.946564885496183,0.946564885496183,,0.1810772459294635,9.0
510.0,0.0,6.0,1.0,4.0,5.0,2.0,0.3333333333333333,0.3333333333333333,2.1666666666666665,1.0,2013.3333333333333,1.0,2.0,17.0,9.0,4.0,0.6134416739355913,2.0,3.0,0.1264044943820223,0.1264044943820223,0.6134416739355913,,2.8205128205128207,0.8205128205128207,,3.195020746887966,0.1950207468879661,,1.83206106870229,0.83206106870229,1.16793893129771,0.16793893129770998,,0.6056402122655903,30.0
532.0,0.0,6.0,1.0,7.0,1.0,2.0,0.0,0.0,4.0,0.0,2014.0,2.0,1.0,16.0,10.0,4.0,0.7414872033621153,3.0,4.0,0.140449438202247,0.140449438202247,0.7414872033621153,,3.133903133903134,0.13390313390313402,,2.738589211618257,0.7385892116182569,,2.4427480916030535,0.4427480916030535,1.5572519083969465,0.5572519083969465,,0.36900597830473736,22.0
512.0,0.0,6.0,0.0,6.0,5.0,1.0,0.5,0.5,2.6666666666666665,1.0,2003.6666666666667,1.0,1.0,15.0,11.0,4.0,0.5240261689803148,3.0,4.0,0.1544943820224717,0.1544943820224717,0.5240261689803148,,3.4472934472934478,0.4472934472934478,,3.651452282157676,0.6514522821576758,,2.4427480916030535,0.4427480916030535,1.5572519083969465,0.5572519083969465,,0.8998656011158211,48.0
505.0,0.0,5.0,1.0,5.0,5.0,1.0,0.16666666666666666,0.16666666666666666,4.0,1.0,2011.5,1.0,1.0,14.0,16.0,4.0,0.8724138838868191,4.0,5.0,0.2247191011235952,0.2247191011235952,0.8724138838868191,,5.014245014245015,0.014245014245014787,,4.564315352697095,0.5643153526970952,,3.053435114503817,0.053435114503816994,1.946564885496183,0.946564885496183,,0.006680758771472672,1.0
385.0,0.0,5.0,0.0,6.0,3.0,1.0,0.5,0.5,3.3333333333333335,1.0,2005.5,1.0,1.0,13.0,14.0,4.0,0.6817236277118502,4.0,5.0,0.1966292134831458,0.1966292134831458,0.6817236277118502,,4.387464387464388,0.38746438746438816,,4.1078838174273855,0.10788381742738551,,3.053435114503817,0.053435114503816994,1.946564885496183,0.946564885496183,,0.18822652811406038,10.0
362.0,0.0,4.0,1.0,13.0,3.0,2.0,0.5,0.3333333333333333,3.0,1.0,1997.3333333333333,1.0,2.0,12.0,9.0,4.0,0.4827080376936196,3.0,4.0,0.1264044943820223,0.1264044943820223,0.4827080376936196,,2.8205128205128207,0.8205128205128207,,2.738589211618257,0.7385892116182569,,2.4427480916030535,0.4427480916030535,1.5572519083969465,0.5572519083969465,,0.23240391889694634,14.0
318.0,0.0,4.0,1.0,29.0,3.0,2.0,0.16666666666666666,0.16666666666666666,3.1666666666666665,0.5,2009.6666666666667,,1.0,11.0,9.0,4.0,0.792046227272374,2.0,3.0,0.1264044943820223,0.1264044943820223,0.792046227272374,,2.8205128205128207,0.8205128205128207,,2.738589211618257,0.7385892116182569,,1.83206106870229,0.83206106870229,1.16793893129771,0.16793893129770998,,0.5449373335866842,29.0
311.0,0.0,4.0,0.0,28.0,2.0,1.0,0.16666666666666666,0.16666666666666666,3.6666666666666665,0.5,2003.3333333333333,1.0,1.0,10.0,11.0,4.0,0.9143693827597169,4.0,5.0,0.1544943820224717,0.1544943820224717,0.9143693827597169,,3.4472934472934478,0.4472934472934478,,3.651452282157676,0.6514522821576758,,3.053435114503817,0.053435114503816994,1.946564885496183,0.946564885496183,,0.6387311262225336,35.0
319.0,0.0,3.0,1.0,30.0,3.0,1.0,0.16666666666666666,0.16666666666666666,2.6666666666666665,0.5,2010.1666666666667,,2.0,9.0,9.0,4.0,0.3157325002456276,2.0,3.0,0.1264044943820223,0.1264044943820223,0.3157325002456276,,2.8205128205128207,0.8205128205128207,,3.195020746887966,0.1950207468879661,,1.83206106870229,0.83206106870229,1.16793893129771,0.16793893129770998,,0.743270529345447,41.0
301.0,0.0,3.0,1.0,28.0,2.0,2.0,0.0,0.0,2.5,0.0,1994.0,2.0,1.0,8.0,9.0,4.0,0.6378223924862233,2.0,3.0,0.1264044943820223,0.1264044943820223,0.6378223924862233,,2.8205128205128207,0.8205128205128207,,2.738589211618257,0.7385892116182569,,1.83206106870229,0.83206106870229,1.16793893129771,0.16793893129770998,,0.49895382435514957,27.0
227.0,0.0,2.0,1.0,6.0,1.0,2.0,0.3333333333333333,0.3333333333333333,3.5,1.0,2013.1666666666667,1.0,1.0,5.0,18.0,4.0,0.5532428791208498,6.0,7.0,0.2528089887640446,0.2528089887640446,0.5532428791208498,,5.641025641025641,0.6410256410256414,,5.477178423236514,0.4771784232365137,,4.2748091603053435,0.2748091603053435,2.7251908396946565,0.7251908396946565,,0.19732876283994705,12.0
222.0,0.0,2.0,1.0,4.0,2.0,1.0,0.5,0.5,4.0,1.0,2002.8333333333333,1.0,1.0,5.0,18.0,4.0,0.33393805015784117,5.0,7.0,0.2528089887640446,0.2528089887640446,0.33393805015784117,,5.641025641025641,0.6410256410256414,,5.477178423236514,0.4771784232365137,,4.2748091603053435,0.2748091603053435,2.7251908396946565,0.7251908396946565,,0.7266442114781654,38.0
219.0,0.0,2.0,0.0,5.0,2.0,1.0,0.5,0.3333333333333333,2.6666666666666665,1.0,2016.5,1.0,1.0,4.0,12.0,4.0,0.2759291755111798,3.0,4.0,0.1685393258426964,0.1685393258426964,0.2759291755111798,,3.760683760683761,0.7606837606837611,,3.651452282157676,0.6514522821576758,,2.4427480916030535,0.4427480916030535,1.5572519083969465,0.5572519083969465,,0.11919583207627926,5.0
204.0,0.0,1.0,1.0,2.0,2.0,2.0,0.6666666666666666,0.5,2.8333333333333335,1.0,2008.1666666666667,2.0,1.0,3.0,17.0,4.0,0.6715399099835512,6.0,7.0,0.2387640449438199,0.2387640449438199,0.6715399099835512,,5.3276353276353285,0.32763532763532854,,5.477178423236514,0.4771784232365137,,4.2748091603053435,0.2748091603053435,2.7251908396946565,0.7251908396946565,,0.7983470011206065,43.0
112.0,0.0,1.0,1.0,3.0,1.0,2.0,0.16666666666666666,0.16666666666666666,3.8333333333333335,0.5,2009.6666666666667,1.0,1.0,3.0,17.0,4.0,0.6515571615166925,5.0,7.0,0.2387640449438199,0.2387640449438199,0.6515571615166925,,5.3276353276353285,0.32763532763532854,,5.477178423236514,0.4771784232365137,,4.2748091603053435,0.2748091603053435,2.7251908396946565,0.7251908396946565,,0.22231914915699258,13.0
102.0,0.0,1.0,0.0,1.0,1.0,1.0,0.3333333333333333,0.16666666666666666,3.1666666666666665,0.0,2007.3333333333333,1.0,1.0,1.0,7.0,4.0,0.6711447671858547,2.0,3.0,0.0983146067415729,0.0983146067415729,0.6711447671858547,,2.193732193732194,0.19373219373219408,,2.2821576763485476,0.2821576763485476,,1.83206106870229,0.83206106870229,1.16793893129771,0.16793893129770998,,0.35081789049348433,21.0
673.0,0.0,12.0,1.0,13.0,5.0,2.0,0.2,0.2,2.6,1.0,2010.2,2.0,1.0,32.0,19.0,4.0,0.9095748056733047,8.0,8.0,0.2668539325842693,0.2668539325842693,0.9095748056733047,,5.954415954415955,0.9544159544159552,,5.933609958506223,0.9336099585062234,,4.885496183206107,0.885496183206107,3.114503816793893,0.11450381679389299,,0.1042543219024773,4.0
342.0,0.0,4.0,1.0,29.0,3.0,2.0,0.3333333333333333,0.3333333333333333,3.6666666666666665,0.5,1996.6666666666667,1.0,1.0,11.0,9.0,4.0,0.874311398090052,3.0,3.0,0.1264044943820223,0.1264044943820223,0.874311398090052,,2.8205128205128207,0.8205128205128207,,2.738589211618257,0.7385892116182569,,1.83206106870229,0.83206106870229,1.16793893129771,0.16793893129770998,,0.9200562032883101,49.0
322.0,1.0,3.0,1.0,33.0,3.0,2.0,0.0,0.0,3.8333333333333335,0.0,2007.1666666666667,1.0,1.0,8.0,9.0,4.0,0.9506982742074822,3.0,3.0,0.1264044943820223,0.1264044943820223,0.9506982742074822,,2.8205128205128207,0.8205128205128207,,2.738589211618257,0.7385892116182569,,1.83206106870229,0.83206106870229,1.16793893129771,0.16793893129770998,,0.8812338125919573,47.0
635.0,0.0,8.0,0.0,18.0,5.0,1.0,0.16666666666666666,0.16666666666666666,2.5,1.0,2009.3333333333333,1.0,1.0,20.0,14.0,4.0,0.9735552761149867,6.0,6.0,0.1966292134831458,0.1966292134831458,0.9735552761149867,,4.387464387464388,0.38746438746438816,,4.564315352697095,0.5643153526970952,,3.66412213740458,0.66412213740458,2.33587786259542,0.33587786259541996,,0.6956399881153489,37.0
6092.0,0.0,9.0,0.0,21.0,5.0,1.0,0.25,0.25,3.25,1.0,2010.0,1.0,2.0,23.0,5.0,4.0,0.9300865122001859,1.0,1.0,0.0702247191011235,0.0702247191011235,0.9300865122001859,,1.2535612535612537,0.2535612535612537,,0.912863070539419,0.912863070539419,,0.6106870229007634,0.6106870229007634,0.3893129770992366,0.3893129770992366,,0.17085334302073052,7.0
520.0,0.0,12.0,0.0,4.0,5.0,1.0,0.75,0.75,6.0,1.0,2009.5,1.0,1.0,31.0,10.0,4.0,0.9291907537532585,4.0,4.0,0.140449438202247,0.140449438202247,0.9291907537532585,,3.133903133903134,0.13390313390313402,,3.195020746887966,0.1950207468879661,,2.4427480916030535,0.4427480916030535,1.5572519083969465,0.5572519083969465,,0.30125102167540974,19.0
369.0,0.0,11.0,1.0,15.0,3.0,2.0,0.0,0.16666666666666666,3.8333333333333335,0.0,2006.8333333333333,1.0,1.0,29.0,9.0,4.0,0.932806849421599,4.0,4.0,0.1264044943820223,0.1264044943820223,0.932806849421599,,2.8205128205128207,0.8205128205128207,,3.195020746887966,0.1950207468879661,,2.4427480916030535,0.4427480916030535,1.5572519083969465,0.5572519083969465,,0.3016818763748871,20.0
652.0,0.0,10.0,0.0,17.0,5.0,1.0,0.3333333333333333,0.3333333333333333,3.8333333333333335,1.0,2007.5,2.0,1.0,26.0,12.0,4.0,0.7924444581164428,4.0,4.0,0.1685393258426964,0.1685393258426964,0.7924444581164428,,3.760683760683761,0.7606837606837611,,4.1078838174273855,0.10788381742738551,,2.4427480916030535,0.4427480916030535,1.5572519083969465,0.5572519083969465,,0.9430319195315747,51.0
591.0,1.0,9.0,1.0,12.0,5.0,2.0,0.25,0.25,3.0,1.0,2009.5,2.0,2.0,25.0,9.0,4.0,0.8673793989025543,4.0,4.0,0.1264044943820223,0.1264044943820223,0.8673793989025543,,2.8205128205128207,0.8205128205128207,,3.195020746887966,0.1950207468879661,,2.4427480916030535,0.4427480916030535,1.5572519083969465,0.5572519083969465,,0.6872114337374741,36.0
543.0,0.0,6.0,0.0,8.0,5.0,1.0,0.4,0.4,4.8,1.0,2008.4,1.0,1.0,15.0,11.0,4.0,0.9117919526711803,4.0,4.0,0.1544943820224717,0.1544943820224717,0.9117919526711803,,3.4472934472934478,0.4472934472934478,,3.651452282157676,0.6514522821576758,,2.4427480916030535,0.4427480916030535,1.5572519083969465,0.5572519083969465,,0.7388654231737558,40.0
639.0,0.0,10.0,1.0,17.0,5.0,1.0,0.3333333333333333,0.3333333333333333,3.5,1.0,2010.6666666666667,2.0,1.0,27.0,18.0,4.0,0.752071788164358,7.0,7.0,0.2528089887640446,0.2528089887640446,0.752071788164358,,5.641025641025641,0.6410256410256414,,5.933609958506223,0.9336099585062234,,4.2748091603053435,0.2748091603053435,2.7251908396946565,0.7251908396946565,,0.7585619197221068,42.0
220.0,0.0,2.0,1.0,4.0,2.0,1.0,0.3333333333333333,0.3333333333333333,3.3333333333333335,1.0,2011.1666666666667,1.0,1.0,5.0,18.0,4.0,0.8960259613750926,7.0,7.0,0.2528089887640446,0.2528089887640446,0.8960259613750926,,5.641025641025641,0.6410256410256414,,5.477178423236514,0.4771784232365137,,4.2748091603053435,0.2748091603053435,2.7251908396946565,0.7251908396946565,,0.9203259971101009,50.0
374.0,0.0,11.0,0.0,13.0,3.0,1.0,0.5,0.3333333333333333,3.3333333333333335,1.0,1998.5,1.0,1.0,28.0,12.0,4.0,0.8719745014323766,5.0,5.0,0.1685393258426964,0.1685393258426964,0.8719745014323766,,3.760683760683761,0.7606837606837611,,3.651452282157676,0.6514522821576758,,3.053435114503817,0.053435114503816994,1.946564885496183,0.946564885496183,,0.8146375942090337,45.0
619.0,0.0,8.0,1.0,21.0,5.0,2.0,0.3333333333333333,0.3333333333333333,3.5,1.0,2006.5,1.0,1.0,21.0,16.0,4.0,0.6826395962393054,5.0,5.0,0.2247191011235952,0.2247191011235952,0.6826395962393054,,5.014245014245015,0.014245014245014787,,5.020746887966804,0.020746887966804017,,3.053435114503817,0.053435114503816994,1.946564885496183,0.946564885496183,,0.06539092007162373,2.0
554.0,0.0,7.0,1.0,9.0,5.0,1.0,0.16666666666666666,0.16666666666666666,4.166666666666667,1.0,2009.3333333333333,,1.0,19.0,15.0,4.0,0.87101147098938,5.0,5.0,0.2106741573033705,0.2106741573033705,0.87101147098938,,4.700854700854701,0.700854700854701,,4.564315352697095,0.5643153526970952,,3.053435114503817,0.053435114503816994,1.946564885496183,0.946564885496183,,0.6188133093069844,33.0
557.0,0.0,7.0,0.0,7.0,5.0,1.0,0.5,0.5,3.8333333333333335,1.0,2000.3333333333333,2.0,1.0,18.0,15.0,4.0,0.9130950893854356,5.0,5.0,0.2106741573033705,0.2106741573033705,0.9130950893854356,,4.700854700854701,0.700854700854701,,4.564315352697095,0.5643153526970952,,3.053435114503817,0.053435114503816994,1.946564885496183,0.946564885496183,,0.804060874446828,44.0
507.0,0.0,5.0,1.0,6.0,5.0,2.0,0.3333333333333333,0.3333333333333333,3.0,1.0,2008.3333333333333,1.0,1.0,14.0,16.0,4.0,0.9239729519128103,5.0,5.0,0.2247191011235952,0.2247191011235952,0.9239729519128103,,5.014245014245015,0.014245014245014787,,4.564315352697095,0.5643153526970952,,3.053435114503817,0.053435114503816994,1.946564885496183,0.946564885496183,,0.12769277259899103,6.0
381.0,0.0,5.0,0.0,4.0,3.0,1.0,0.16666666666666666,0.16666666666666666,3.6666666666666665,1.0,2011.6666666666667,1.0,1.0,13.0,14.0,4.0,0.777162013241481,5.0,5.0,0.1966292134831458,0.1966292134831458,0.777162013241481,,4.387464387464388,0.38746438746438816,,4.1078838174273855,0.10788381742738551,,3.053435114503817,0.053435114503816994,1.946564885496183,0.946564885496183,,0.46609043691256125,24.0
