compound1,house,TDM,did,rateUSD,amountCF,colcode,error_code,polygon,colcode2,error_colcode,Bonus2,a7,error_rate,Peripherie,Maison_Moyenne,Villas,paid,Bonus_paye_carto,amountUSD,endOfCollect,date,lateCollection,unmatched_compound,code,dup_receipt,mult_tax,rate_verified
102067.0,2.0,37.0,,0.79,1500.0,278.0,0.0,102.0,278.0,,,102.0,1.0,1.0,,,1.0,,,2018-10-31,2018-10-26,0.0,0.0,,,,1.0
104144.0,1.0,5.0,102.0,1.32,2500.0,234.0,0.0,104.0,234.0,,,104.0,1.0,1.0,,,1.0,,,2018-09-26,2018-09-07,0.0,0.0,,,,1.0
112001.0,2.0,11.0,70.0,0.79,2500.0,314.0,0.0,112.0,314.0,,,112.0,1.0,1.0,,,1.0,,,2018-12-21,2018-11-30,0.0,0.0,,,,1.0
113127.0,2.0,31.0,,1.32,2000.0,58.0,0.0,113.0,,,,113.0,,,,,,,,2018-07-15,2018-07-10,0.0,0.0,,,,1.0
113169.0,2.0,31.0,,1.59,3000.0,58.0,0.0,113.0,,,,113.0,,,,,,,,2018-07-15,2018-07-09,0.0,0.0,,,,1.0
116090.0,2.0,13.0,67.0,3.49,6600.0,20.0,0.0,116.0,20.0,,,116.0,1.0,,1.0,,,,,2018-09-12,2018-08-21,0.0,0.0,,,,1.0
126076.0,2.0,,69.0,0.79,2000.0,223.0,0.0,126.0,223.0,,,126.0,1.0,1.0,,,,,,2018-08-29,2018-08-11,0.0,0.0,,,,1.0
126177.0,2.0,,58.0,1.06,1500.0,623.0,0.0,126.0,623.0,,,126.0,1.0,1.0,,,,,,2018-08-29,2018-08-11,0.0,0.0,,,,1.0
208049.0,1.0,,10463.0,0.79,2500.0,51.0,0.0,208.0,,,Non,208.0,1.0,1.0,,,,,,,2018-04-18,,,49.0,0.0,1.0,1.0
213024.0,1.0,15.0,154.0,0.79,2000.0,653.0,0.0,213.0,653.0,,,213.0,1.0,1.0,,,1.0,,,2018-11-21,2018-11-15,0.0,0.0,,,,1.0
213036.0,2.0,15.0,150.0,1.06,2500.0,253.0,0.0,213.0,253.0,,,213.0,1.0,1.0,,,1.0,,,2018-11-21,2018-11-14,0.0,0.0,,,,1.0
213084.0,2.0,15.0,155.0,1.59,8800.0,253.0,0.0,213.0,253.0,,,213.0,1.0,1.0,,,1.0,,,2018-11-21,2018-11-16,0.0,0.0,,,,1.0
213126.0,2.0,15.0,148.0,3.49,8800.0,253.0,0.0,213.0,253.0,,,213.0,1.0,,1.0,,1.0,,,2018-11-21,2018-11-12,0.0,0.0,,,,1.0
213176.0,2.0,15.0,147.0,0.79,3000.0,653.0,0.0,213.0,653.0,,,213.0,1.0,1.0,,,1.0,,,2018-11-21,2018-11-12,0.0,0.0,,,,1.0
216002.0,2.0,12.0,54.0,0.79,2500.0,66.0,0.0,216.0,66.0,,,216.0,1.0,1.0,,,1.0,,,2018-09-12,2018-08-30,0.0,0.0,,,,1.0
216024.0,2.0,12.0,46.0,1.06,3000.0,66.0,0.0,216.0,66.0,,,216.0,1.0,1.0,,,1.0,,,2018-09-12,2018-08-29,0.0,0.0,,,,1.0
216032.0,2.0,22.0,108.0,0.79,2000.0,66.0,0.0,216.0,66.0,,,216.0,1.0,1.0,,,1.0,,,2018-09-12,2018-09-22,1.0,0.0,,,,1.0
216046.0,2.0,42.0,56.0,1.06,3000.0,66.0,0.0,216.0,66.0,,,216.0,1.0,1.0,,,1.0,,,2018-09-12,2018-09-02,0.0,0.0,,,,1.0
216108.0,2.0,42.0,61.0,0.79,2000.0,103.0,0.0,216.0,103.0,,,216.0,1.0,1.0,,,1.0,,,2018-09-12,2018-09-02,0.0,0.0,,,,1.0
216149.0,1.0,42.0,66.0,1.06,2500.0,103.0,0.0,216.0,103.0,,,216.0,1.0,1.0,,,1.0,,,2018-09-12,2018-09-04,0.0,0.0,,,,1.0
216150.0,1.0,42.0,77.0,1.06,2000.0,66.0,0.0,216.0,66.0,,,216.0,1.0,1.0,,,1.0,,,2018-09-12,2018-09-06,0.0,0.0,,,,1.0
216156.0,1.0,12.0,50.0,1.06,2000.0,66.0,0.0,216.0,66.0,,,216.0,1.0,1.0,,,1.0,,,2018-09-12,2018-08-30,0.0,0.0,,,,1.0
219075.0,2.0,27.0,,3.49,6600.0,253.0,0.0,219.0,,1.0,,219.0,1.0,,1.0,,1.0,,,2018-12-21,2018-12-07,0.0,0.0,,,,1.0
219102.0,2.0,27.0,,4.56,8800.0,253.0,0.0,219.0,,1.0,,219.0,1.0,,1.0,,1.0,,,2018-12-21,2018-11-30,0.0,0.0,,,,1.0
222006.0,2.0,50.0,,4.66,8800.0,287.0,0.0,222.0,,,,222.0,,,,,,,,2018-08-01,2018-07-11,0.0,0.0,,,,1.0
222024.0,2.0,50.0,,5.82,11000.0,52.0,0.0,222.0,,,,222.0,,,,,,,,2018-08-01,2018-07-16,0.0,0.0,,,,1.0
222029.0,2.0,50.0,,5.82,11000.0,52.0,0.0,222.0,,,,222.0,,,,,,,,2018-08-01,2018-07-16,0.0,0.0,,,,1.0
222124.0,2.0,50.0,,3.49,6600.0,52.0,0.0,222.0,,,,222.0,,,,,,,,2018-08-01,2018-07-20,0.0,0.0,,,,1.0
229038.0,2.0,32.0,125.0,1.32,2500.0,99.0,0.0,229.0,99.0,,,229.0,1.0,1.0,,,1.0,,,2018-11-20,2018-11-17,0.0,0.0,,,,1.0
234024.0,2.0,34.0,120.0,1.06,1500.0,260.0,0.0,234.0,260.0,,,234.0,1.0,1.0,,,1.0,,,2018-12-04,2018-11-25,0.0,0.0,,,,1.0
235016.0,2.0,22.0,127.0,0.79,2500.0,66.0,0.0,235.0,66.0,,,235.0,1.0,1.0,,,1.0,,,2018-10-10,2018-09-29,0.0,0.0,,,,1.0
235047.0,2.0,22.0,124.0,1.06,2000.0,66.0,0.0,235.0,66.0,,,235.0,1.0,1.0,,,1.0,,,2018-10-10,2018-09-29,0.0,0.0,,,,1.0
235068.0,2.0,22.0,135.0,1.06,3000.0,99.0,1.0,235.0,99.0,,,235.0,0.0,1.0,,,1.0,,,2018-10-10,2018-10-02,0.0,0.0,,,,1.0
235118.0,2.0,22.0,113.0,0.79,2500.0,66.0,0.0,235.0,66.0,,,235.0,1.0,1.0,,,1.0,,,2018-10-10,2018-09-24,0.0,0.0,,,,1.0
239007.0,2.0,34.0,,5.82,11000.0,55.0,0.0,239.0,,,,239.0,,,,,,,,2018-08-15,2018-08-01,0.0,0.0,,,,1.0
239018.0,2.0,34.0,,1.59,8800.0,75.0,0.0,239.0,,,,239.0,,,,,,,,2018-08-15,2018-08-10,0.0,0.0,,,,1.0
243084.0,2.0,29.0,133.0,1.32,2500.0,22.0,0.0,243.0,22.0,,,243.0,1.0,1.0,,,1.0,,,2018-10-10,2018-09-24,0.0,0.0,,,,1.0
324062.0,2.0,,,,6600.0,,,,,,,,,,,,,,,,,,,,,,0.0
324070.0,2.0,10.0,,1.06,2500.0,,0.0,324.0,,1.0,,324.0,1.0,1.0,,,1.0,,,2018-08-29,2018-08-02,0.0,0.0,,,,1.0
324105.0,2.0,,,,11000.0,,,,,,,,,,,,,,,,,,,,,,0.0
350022.0,2.0,16.0,,4.66,8800.0,13.0,0.0,350.0,,,,350.0,,,,,,,,2018-08-15,2018-08-06,0.0,0.0,,,,1.0
363014.0,2.0,32.0,,3.49,6600.0,98.0,0.0,363.0,,,,363.0,,,,,,,,2018-08-15,2018-08-07,0.0,0.0,,,,1.0
363038.0,2.0,32.0,,6.99,13200.0,20.0,0.0,363.0,,,,363.0,,,,,,,,2018-08-15,2018-07-31,0.0,0.0,,,,1.0
363068.0,2.0,32.0,,5.82,8800.0,98.0,0.0,363.0,,,,363.0,,,,,,,,2018-08-15,2018-08-08,0.0,0.0,,,,1.0
363130.0,2.0,32.0,,5.82,6600.0,98.0,0.0,363.0,,,,363.0,,,,,,,,2018-08-15,2018-07-20,0.0,0.0,,,,1.0
363133.0,2.0,32.0,,3.49,6600.0,98.0,0.0,363.0,,,,363.0,,,,,,,,2018-08-15,2018-07-20,0.0,0.0,,,,1.0
369022.0,2.0,27.0,45.0,5.82,11000.0,275.0,0.0,369.0,275.0,,,369.0,0.0,,1.0,,,,,2018-09-05,2018-08-15,0.0,0.0,,,,1.0
502034.0,2.0,19.0,,3.49,6600.0,22.0,0.0,502.0,,,,502.0,,,,,,,,2018-08-15,2018-07-17,0.0,0.0,,,,1.0
523069.0,2.0,9.0,,6.99,13200.0,47.0,0.0,523.0,,,,523.0,,,,,,,,2018-08-15,2018-08-08,0.0,0.0,,,,1.0
523079.0,2.0,9.0,,3.49,6600.0,47.0,0.0,523.0,,,,523.0,,,,,,,,2018-08-15,2018-08-02,0.0,0.0,,,,1.0
541111.0,1.0,8.0,,1.59,2500.0,8.0,0.0,541.0,8.0,,,541.0,1.0,1.0,,,1.0,,,2018-11-07,2018-10-26,0.0,0.0,,,,1.0
599032.0,2.0,54.0,,6.99,13200.0,96.0,0.0,599.0,,,,599.0,,,,,,,,2018-07-15,2018-07-03,0.0,0.0,,,,1.0
607035.0,2.0,19.0,,3.49,6600.0,103.0,0.0,607.0,,,,607.0,,,,,,,,2018-08-15,2018-07-19,0.0,0.0,,,,1.0
614043.0,2.0,22.0,144.0,4.66,8800.0,66.0,0.0,614.0,66.0,,,614.0,1.0,,1.0,,1.0,,,2018-10-10,2018-10-05,0.0,0.0,,,,1.0
621049.0,1.0,2.0,156.0,1.32,2500.0,265.0,0.0,621.0,265.0,,,621.0,1.0,1.0,,,1.0,,,2018-11-21,2018-11-15,0.0,0.0,,,,1.0
627006.0,1.0,1.0,,1.59,3000.0,91.0,0.0,627.0,,,,627.0,,,,,,,,2018-08-01,2018-07-28,0.0,0.0,,,,1.0
627018.0,2.0,1.0,,1.59,6600.0,91.0,0.0,627.0,,,,627.0,,,,,,,,2018-08-01,2018-07-06,0.0,0.0,,,,1.0
633069.0,1.0,8.0,90.0,1.06,2000.0,44.0,0.0,633.0,44.0,,,633.0,1.0,1.0,,,1.0,,,2018-10-10,2018-09-29,0.0,0.0,,,,1.0
636075.0,2.0,13.0,,1.06,3000.0,22.0,0.0,636.0,,,,636.0,,,,,,,,2018-07-15,2018-07-03,0.0,0.0,,,,1.0
643011.0,2.0,8.0,,4.66,6600.0,35.0,0.0,643.0,,,,643.0,,,,,,,,2018-08-15,2018-08-09,0.0,0.0,,,,1.0
643019.0,2.0,35.0,,6.99,13200.0,35.0,0.0,643.0,,,,643.0,,,,,,,,2018-08-15,2018-08-01,0.0,0.0,,,,1.0
643041.0,2.0,35.0,,6.99,8800.0,35.0,0.0,643.0,,,,643.0,,,,,,,,2018-08-15,2018-07-30,0.0,0.0,,,,1.0
652010.0,2.0,4.0,,3.49,6600.0,280.0,0.0,652.0,,,,652.0,,,,,,,,2018-08-01,2018-07-05,0.0,0.0,,,,1.0
652046.0,2.0,4.0,,3.49,6600.0,23.0,0.0,652.0,,,,652.0,,,,,,,,2018-08-01,2018-07-26,0.0,0.0,,,,1.0
652064.0,2.0,4.0,,6.99,11000.0,23.0,0.0,652.0,,,,652.0,,,,,,,,2018-08-01,2018-07-26,0.0,0.0,,,,1.0
652078.0,2.0,4.0,,5.82,11000.0,23.0,0.0,652.0,,,,652.0,,,,,,,,2018-08-01,2018-07-26,0.0,0.0,,,,1.0
653064.0,2.0,88.0,87.0,1.0,13200.0,280.0,0.0,653.0,280.0,,,653.0,1.0,,,1.0,1.0,,,2018-11-21,2018-11-15,0.0,0.0,,,,1.0
653086.0,1.0,88.0,86.0,1.0,2000.0,280.0,0.0,653.0,280.0,,,653.0,1.0,,,1.0,1.0,,,2018-11-21,2018-11-15,0.0,0.0,,,,1.0
657061.0,2.0,31.0,185.0,0.79,2500.0,75.0,0.0,657.0,75.0,,,657.0,0.0,1.0,,,,,,2018-09-12,2018-08-16,0.0,0.0,,,,1.0
661091.0,1.0,33.0,67.0,1.32,2500.0,232.0,0.0,661.0,232.0,,,661.0,1.0,1.0,,,1.0,,,2018-09-26,2018-08-31,0.0,0.0,,,,1.0
671019.0,2.0,12.0,,4.66,11000.0,9.0,0.0,671.0,,,,671.0,,,,,,,,2018-08-15,2018-08-02,0.0,0.0,,,,1.0
671030.0,2.0,12.0,,3.49,6600.0,9.0,0.0,671.0,,,,671.0,,,,,,,,2018-08-15,2018-08-08,0.0,0.0,,,,1.0
696068.0,2.0,28.0,99.0,1.32,6600.0,214.0,0.0,696.0,214.0,,,696.0,1.0,1.0,,,1.0,,,2018-08-29,2018-09-08,1.0,0.0,,,,1.0
100003.0,,35.0,,1.59,3000.0,77.0,0.0,100.0,,,,100.0,,,,,,,,2018-08-15,2018-07-17,0.0,0.0,,,,0.0
100013.0,,46.0,,1.59,3000.0,292.0,0.0,100.0,,,,100.0,,,,,,,,2018-08-15,2018-08-01,0.0,0.0,,,,0.0
102009.0,,37.0,,0.79,1500.0,788.0,0.0,102.0,278.0,1.0,,102.0,0.0,1.0,,,1.0,,,2018-10-31,2018-10-26,0.0,0.0,,,,0.0
102010.0,,37.0,96.0,1.06,2000.0,79.0,0.0,102.0,79.0,,,102.0,0.0,1.0,,,1.0,,,2018-10-31,2018-10-22,0.0,0.0,,,,0.0
102014.0,,37.0,,132.0,2500.0,79.0,0.0,102.0,,1.0,,102.0,0.0,1.0,,,3.0,1.0,,2018-10-31,,1.0,0.0,,,,0.0
102051.0,,,94.0,0.79,1500.0,278.0,0.0,102.0,278.0,,,102.0,0.0,1.0,,,1.0,,,2018-10-31,2018-10-15,0.0,0.0,,,,0.0
102058.0,,37.0,97.0,0.79,1500.0,79.0,0.0,102.0,79.0,,,102.0,0.0,1.0,,,1.0,,,2018-10-31,2018-10-22,0.0,0.0,,,,0.0
102066.0,,37.0,98.0,0.79,1500.0,79.0,0.0,102.0,79.0,,,102.0,0.0,1.0,,,1.0,,,2018-10-31,2018-10-22,0.0,0.0,,,,0.0
103008.0,,53.0,145.0,0.79,1500.0,9.0,0.0,103.0,9.0,,,103.0,0.0,1.0,,,1.0,,,2018-10-10,2018-09-11,0.0,0.0,,,,0.0
103010.0,,53.0,147.0,1.59,3000.0,9.0,0.0,103.0,9.0,,,103.0,0.0,1.0,,,1.0,,,2018-10-10,2018-09-17,0.0,0.0,,,,0.0
103012.0,,53.0,146.0,1.06,2000.0,9.0,0.0,103.0,9.0,,,103.0,0.0,1.0,,,1.0,,,2018-10-10,2018-09-17,0.0,0.0,,,,0.0
103024.0,,53.0,148.0,1.59,3000.0,9.0,0.0,103.0,9.0,,,103.0,0.0,1.0,,,1.0,,,2018-10-10,2018-09-17,0.0,0.0,,,,0.0
103029.0,,53.0,149.0,0.79,1500.0,9.0,0.0,103.0,9.0,,,103.0,0.0,1.0,,,1.0,,,2018-10-10,2018-09-17,0.0,0.0,,,,0.0
103038.0,,53.0,163.0,0.79,1500.0,9.0,0.0,103.0,9.0,,,103.0,0.0,1.0,,,1.0,,,2018-10-10,2018-09-21,0.0,0.0,,,,0.0
103045.0,,53.0,150.0,1.32,2500.0,9.0,0.0,103.0,9.0,,,103.0,0.0,1.0,,,1.0,,,2018-10-10,2018-09-17,0.0,0.0,,,,0.0
103050.0,,53.0,140.0,1.06,2000.0,9.0,0.0,103.0,9.0,,,103.0,0.0,1.0,,,1.0,,,2018-10-10,2018-09-10,0.0,0.0,,,,0.0
103057.0,,53.0,153.0,0.79,1500.0,9.0,0.0,103.0,9.0,,,103.0,0.0,1.0,,,1.0,,,2018-10-10,2018-09-18,0.0,0.0,,,,0.0
103058.0,,53.0,141.0,1.59,3000.0,9.0,0.0,103.0,9.0,,,103.0,0.0,1.0,,,3.0,1.0,,2018-10-10,2018-09-11,0.0,0.0,,,,0.0
103061.0,,53.0,142.0,1.06,2000.0,55.0,0.0,103.0,55.0,,,103.0,0.0,1.0,,,3.0,1.0,,2018-10-10,2018-09-11,0.0,0.0,,,,0.0
103065.0,,53.0,157.0,0.79,1500.0,9.0,0.0,103.0,9.0,,,103.0,0.0,1.0,,,1.0,,,2018-10-10,2018-09-18,0.0,0.0,,,,0.0
103080.0,,53.0,154.0,0.79,1500.0,9.0,0.0,103.0,9.0,,,103.0,0.0,1.0,,,1.0,,,2018-10-10,2018-09-18,0.0,0.0,,,,0.0
103106.0,,53.0,143.0,1.59,3000.0,9.0,0.0,103.0,9.0,,,103.0,0.0,1.0,,,3.0,1.0,,2018-10-10,2018-09-11,0.0,0.0,,,,0.0
103120.0,,53.0,144.0,1.06,2000.0,55.0,0.0,103.0,55.0,,,103.0,0.0,1.0,,,1.0,,,2018-10-10,2018-09-11,0.0,0.0,,,,0.0
103125.0,,53.0,156.0,1.06,2000.0,9.0,0.0,103.0,9.0,,,103.0,0.0,1.0,,,1.0,,,2018-10-10,2018-09-18,0.0,0.0,,,,0.0
103144.0,,53.0,158.0,0.79,1500.0,55.0,0.0,103.0,55.0,,,103.0,0.0,1.0,,,1.0,,,2018-10-10,2018-09-18,0.0,0.0,,,,0.0
103155.0,,53.0,155.0,0.79,1500.0,9.0,0.0,103.0,9.0,,,103.0,0.0,1.0,,,1.0,,,2018-10-10,2018-09-18,0.0,0.0,,,,0.0
104002.0,,5.0,99.0,0.79,1500.0,634.0,0.0,104.0,634.0,,,104.0,0.0,1.0,,,1.0,,,2018-09-26,2018-09-06,0.0,0.0,,,,0.0
104009.0,,5.0,100.0,1.06,2000.0,634.0,0.0,104.0,634.0,,,104.0,0.0,1.0,,,1.0,,,2018-09-26,2018-09-06,0.0,0.0,,,,0.0
104016.0,,5.0,121.0,1.32,2500.0,634.0,0.0,104.0,634.0,,,104.0,0.0,1.0,,,1.0,,,2018-09-26,2018-09-20,0.0,0.0,,,,0.0
104029.0,,99.0,83.0,1.32,2500.0,,0.0,104.0,634.0,1.0,,104.0,0.0,1.0,,,1.0,,,2018-09-26,2018-10-16,1.0,0.0,,,,0.0
104031.0,,5.0,89.0,0.79,1500.0,234.0,0.0,104.0,234.0,,,104.0,0.0,1.0,,,1.0,,,2018-09-26,2018-08-29,0.0,0.0,,,,0.0
104037.0,,5.0,114.0,1.06,2000.0,234.0,0.0,104.0,234.0,,,104.0,0.0,1.0,,,1.0,,,2018-09-26,2018-09-15,0.0,0.0,,,,0.0
104046.0,,5.0,120.0,1.06,2000.0,634.0,0.0,104.0,634.0,,,104.0,0.0,1.0,,,1.0,,,2018-09-26,2018-09-19,0.0,0.0,,,,0.0
104057.0,,5.0,115.0,0.79,1500.0,634.0,0.0,104.0,634.0,,,104.0,0.0,1.0,,,1.0,,,2018-09-26,2018-09-15,0.0,0.0,,,,0.0
104058.0,,5.0,90.0,0.79,1500.0,634.0,0.0,104.0,634.0,,,104.0,0.0,1.0,,,1.0,,,2018-09-26,2018-08-31,0.0,0.0,,,,0.0
104061.0,,99.0,73.0,0.79,1500.0,634.0,0.0,104.0,634.0,,,104.0,0.0,1.0,,,1.0,,,2018-09-26,2018-10-01,1.0,0.0,,,,0.0
104062.0,,99.0,80.0,0.79,1500.0,,0.0,104.0,634.0,1.0,,104.0,0.0,1.0,,,1.0,,,2018-09-26,2018-10-16,1.0,0.0,,,,0.0
104068.0,,5.0,92.0,0.79,1500.0,634.0,0.0,204.0,634.0,,,204.0,1.0,1.0,,,1.0,,,2018-09-05,2018-09-04,0.0,0.0,,,,0.0
104075.0,,99.0,84.0,1.06,2000.0,,0.0,104.0,634.0,1.0,,104.0,0.0,1.0,,,1.0,,,2018-09-26,2018-10-16,1.0,0.0,,,,0.0
104102.0,,99.0,75.0,1.59,3000.0,634.0,0.0,104.0,634.0,,,104.0,0.0,1.0,,,1.0,,,2018-09-26,2018-10-01,1.0,0.0,,,,0.0
104105.0,,99.0,74.0,1.32,2500.0,634.0,0.0,104.0,634.0,,,104.0,0.0,1.0,,,1.0,,,2018-09-26,2018-10-01,1.0,0.0,,,,0.0
104106.0,,5.0,98.0,1.59,3000.0,234.0,0.0,104.0,234.0,,,104.0,0.0,1.0,,,1.0,,,2018-09-26,2018-09-06,0.0,0.0,,,,0.0
104132.0,,5.0,103.0,0.79,1500.0,634.0,0.0,104.0,634.0,,,104.0,0.0,1.0,,,1.0,,,2018-09-26,2018-09-07,0.0,0.0,,,,0.0
104146.0,,5.0,119.0,1.59,3000.0,234.0,0.0,104.0,234.0,,,104.0,0.0,1.0,,,1.0,,,2018-09-26,2018-09-19,0.0,0.0,,,,0.0
104153.0,,5.0,110.0,1.06,2000.0,234.0,0.0,104.0,234.0,,,104.0,0.0,1.0,,,1.0,,,2018-09-26,2018-09-12,0.0,0.0,,,,0.0
104171.0,,5.0,113.0,1.59,3000.0,634.0,0.0,104.0,634.0,,,104.0,0.0,1.0,,,1.0,,,2018-09-26,2018-09-15,0.0,0.0,,,,0.0
104172.0,,5.0,125.0,1.59,3000.0,634.0,0.0,104.0,634.0,,,104.0,0.0,1.0,,,1.0,,,2018-09-26,2018-09-21,0.0,0.0,,,,0.0
104175.0,,5.0,97.0,0.79,1500.0,634.0,0.0,104.0,634.0,,,104.0,0.0,1.0,,,1.0,,,2018-09-26,2018-09-06,0.0,0.0,,,,0.0
104176.0,,5.0,101.0,1.06,2000.0,234.0,0.0,104.0,234.0,,,104.0,0.0,1.0,,,1.0,,,2018-09-26,2018-09-06,0.0,0.0,,,,0.0
104184.0,,5.0,118.0,1.32,2500.0,634.0,0.0,104.0,634.0,,,104.0,0.0,1.0,,,1.0,,,2018-09-26,2018-09-19,0.0,0.0,,,,0.0
104186.0,,5.0,106.0,0.79,1500.0,234.0,0.0,104.0,234.0,,,104.0,0.0,1.0,,,1.0,,,2018-09-26,2018-09-08,0.0,0.0,,,,0.0
104193.0,,5.0,123.0,1.06,2000.0,234.0,0.0,104.0,234.0,,,104.0,0.0,1.0,,,1.0,,,2018-09-26,2018-09-21,0.0,0.0,,,,0.0
104195.0,,5.0,105.0,1.06,2000.0,634.0,0.0,104.0,634.0,,,104.0,0.0,1.0,,,1.0,,,2018-09-26,2018-09-08,0.0,0.0,,,,0.0
104203.0,,5.0,124.0,0.79,1500.0,234.0,0.0,104.0,234.0,,,104.0,0.0,1.0,,,1.0,,,2018-09-26,2018-09-21,0.0,0.0,,,,0.0
104204.0,,5.0,122.0,1.06,2000.0,634.0,0.0,104.0,634.0,,,104.0,0.0,1.0,,,1.0,,,2018-09-26,2018-09-21,0.0,0.0,,,,0.0
104209.0,,5.0,117.0,1.06,2000.0,234.0,0.0,104.0,234.0,,,104.0,0.0,1.0,,,1.0,,,2018-09-26,2018-09-19,0.0,0.0,,,,0.0
105001.0,,5.0,111.0,1.06,2000.0,234.0,0.0,105.0,234.0,,,105.0,1.0,1.0,,,1.0,,,2018-10-10,2018-09-14,0.0,0.0,,,,0.0
105004.0,,32.0,83.0,1.06,2000.0,27.0,0.0,105.0,27.0,,,105.0,0.0,1.0,,,1.0,,,2018-10-10,2018-10-01,0.0,0.0,,,,0.0
105008.0,,32.0,69.0,0.79,1500.0,27.0,0.0,105.0,27.0,,,105.0,0.0,1.0,,,1.0,,,2018-10-10,2018-09-17,0.0,0.0,,,,0.0
105018.0,,32.0,73.0,0.79,1500.0,27.0,0.0,105.0,27.0,,,105.0,0.0,1.0,,,1.0,,,2018-10-10,2018-09-24,0.0,0.0,,,,0.0
105020.0,,32.0,76.0,0.79,1500.0,75.0,0.0,105.0,75.0,,,105.0,0.0,1.0,,,1.0,,,2018-10-10,2018-09-26,0.0,0.0,,,,0.0
105030.0,,32.0,82.0,1.32,2500.0,75.0,0.0,105.0,75.0,,,105.0,0.0,1.0,,,1.0,,,2018-10-10,2018-10-01,0.0,0.0,,,,0.0
105034.0,,32.0,81.0,1.06,2000.0,27.0,1.0,105.0,27.0,,,105.0,0.0,1.0,,,1.0,,,2018-10-10,2018-10-01,0.0,0.0,,,,0.0
105037.0,,32.0,84.0,1.32,2500.0,75.0,0.0,105.0,75.0,,,105.0,0.0,1.0,,,1.0,,,2018-10-10,2018-10-02,0.0,0.0,,,,0.0
105054.0,,32.0,67.0,0.79,1500.0,27.0,0.0,105.0,27.0,,,105.0,0.0,1.0,,,3.0,1.0,,2018-10-10,2018-09-11,0.0,0.0,,,,0.0
105099.0,,32.0,71.0,1.32,2500.0,27.0,0.0,105.0,27.0,,,105.0,0.0,1.0,,,1.0,,,2018-10-10,2018-09-19,0.0,0.0,,,,0.0
105109.0,,32.0,78.0,1.59,3000.0,27.0,0.0,105.0,27.0,,,105.0,0.0,1.0,,,1.0,,,2018-10-10,2018-09-26,0.0,0.0,,,,0.0
105124.0,,32.0,79.0,0.79,1500.0,75.0,0.0,105.0,75.0,,,105.0,0.0,1.0,,,1.0,,,2018-10-10,2018-09-26,0.0,0.0,,,,0.0
107020.0,,36.0,60.0,0.79,1500.0,703.0,0.0,107.0,303.0,1.0,,107.0,0.0,1.0,,,1.0,,,2018-09-26,2018-09-10,0.0,0.0,,,,0.0
107033.0,,36.0,76.0,1.59,3000.0,703.0,0.0,107.0,703.0,,,107.0,0.0,1.0,,,1.0,,,2018-09-26,2018-09-22,0.0,0.0,,,,0.0
107047.0,,36.0,77.0,1.59,3000.0,703.0,0.0,107.0,,1.0,,107.0,0.0,1.0,,,1.0,,,2018-09-26,2018-09-22,0.0,0.0,,,,0.0
107058.0,,36.0,71.0,1.59,3000.0,703.0,0.0,107.0,703.0,,,107.0,0.0,1.0,,,1.0,,,2018-09-26,2018-09-15,0.0,0.0,,,,0.0
107059.0,,36.0,73.0,1.06,2000.0,703.0,0.0,107.0,703.0,,,107.0,0.0,1.0,,,1.0,,,2018-09-26,2018-09-17,0.0,0.0,,,,0.0
107067.0,,36.0,72.0,0.79,1500.0,703.0,0.0,107.0,703.0,,,107.0,0.0,1.0,,,1.0,,,2018-09-26,2018-09-15,0.0,0.0,,,,0.0
107075.0,,36.0,70.0,1.06,2000.0,303.0,0.0,107.0,303.0,,,107.0,0.0,1.0,,,1.0,,,2018-09-26,2018-09-14,0.0,0.0,,,,0.0
107079.0,,36.0,59.0,1.06,2000.0,703.0,0.0,107.0,703.0,,,107.0,0.0,1.0,,,1.0,,,2018-09-26,2018-09-07,0.0,0.0,,,,0.0
107083.0,,36.0,74.0,0.79,1500.0,303.0,0.0,107.0,303.0,,,107.0,0.0,1.0,,,1.0,,,2018-09-26,2018-09-21,0.0,0.0,,,,0.0
107089.0,,36.0,62.0,1.59,3000.0,703.0,0.0,107.0,703.0,,,107.0,0.0,1.0,,,1.0,,,2018-09-26,2018-09-10,0.0,0.0,,,,0.0
108001.0,,2.0,85.0,0.79,1500.0,230.0,0.0,108.0,230.0,,,108.0,1.0,1.0,,,1.0,,,2018-07-15,2018-08-31,1.0,0.0,,,,0.0
108003.0,,2.0,86.0,1.32,2500.0,230.0,0.0,108.0,230.0,,,108.0,1.0,1.0,,,1.0,,,2018-07-15,2018-08-31,1.0,0.0,,,,0.0
108012.0,,16.0,,0.79,1500.0,74.0,0.0,108.0,,,,108.0,,,,,,,,2018-07-15,2018-06-30,0.0,0.0,,,,0.0
108015.0,,16.0,,3.49,6600.0,56.0,0.0,108.0,,,,108.0,,,,,,,,2018-07-15,2018-07-04,0.0,0.0,,,,0.0
108016.0,,16.0,,1.32,2500.0,74.0,0.0,108.0,,,,108.0,,,,,,,,2018-07-15,2018-06-27,0.0,0.0,,,,0.0
108018.0,,16.0,,1.32,2500.0,56.0,0.0,108.0,,,,108.0,,,,,,,,2018-07-15,2018-07-03,0.0,0.0,,,,0.0
108019.0,,16.0,,1.32,2500.0,56.0,0.0,108.0,,,,108.0,,,,,,,,2018-07-15,2018-07-03,0.0,0.0,,,,0.0
108020.0,,16.0,,1.32,2500.0,56.0,0.0,108.0,,,,108.0,,,,,,,,2018-07-15,2018-06-23,0.0,0.0,,,,0.0
108024.0,,16.0,,1.06,2000.0,74.0,0.0,108.0,,,,108.0,,,,,,,,2018-07-15,2018-06-30,0.0,0.0,,,,0.0
108025.0,,16.0,,0.79,1500.0,74.0,0.0,108.0,,,,108.0,,,,,,,,2018-07-15,2018-06-27,0.0,0.0,,,,0.0
108028.0,,16.0,,1.06,2000.0,56.0,0.0,108.0,,,,108.0,,,,,,,,2018-07-15,2018-06-30,0.0,0.0,,,,0.0
108030.0,,16.0,,1.59,3000.0,74.0,0.0,108.0,,,,108.0,,,,,,,,2018-07-15,2018-07-03,0.0,0.0,,,,0.0
108049.0,,16.0,,0.79,1500.0,56.0,0.0,108.0,,,,108.0,,,,,,,,2018-07-15,2018-07-10,0.0,0.0,,,,0.0
108054.0,,16.0,,1.06,2000.0,56.0,0.0,108.0,,,,108.0,,,,,,,,2018-07-15,2018-07-12,0.0,0.0,,,,0.0
108058.0,,16.0,,1.06,2000.0,56.0,0.0,108.0,,,,108.0,,,,,,,,2018-07-15,2018-06-27,0.0,0.0,,,,0.0
108063.0,,16.0,,1.06,2000.0,56.0,0.0,108.0,,,,108.0,,,,,,,,2018-07-15,2018-06-27,0.0,0.0,,,,0.0
108066.0,,16.0,,0.79,1500.0,56.0,0.0,108.0,,,,108.0,,,,,,,,2018-07-15,2018-06-30,0.0,0.0,,,,0.0
108075.0,,16.0,,1.32,2500.0,74.0,0.0,108.0,,,,108.0,,,,,,,,2018-07-15,2018-06-23,0.0,0.0,,,,0.0
108084.0,,16.0,,3.49,6600.0,74.0,0.0,108.0,,,,108.0,,,,,,,,2018-07-15,2018-07-03,0.0,0.0,,,,0.0
109051.0,,13.0,,1.06,2000.0,71.0,0.0,109.0,71.0,,,109.0,0.0,1.0,,,1.0,,,2018-11-07,2018-10-09,0.0,0.0,,,,0.0
109113.0,,13.0,82.0,0.79,1500.0,71.0,0.0,109.0,71.0,,,109.0,0.0,1.0,,,1.0,,,2018-11-07,2018-10-30,0.0,0.0,,,,0.0
110010.0,,54.0,102.0,0.79,1500.0,45.0,0.0,110.0,45.0,,,110.0,0.0,1.0,,,1.0,,,2018-10-10,2018-09-18,0.0,0.0,,,,0.0
110011.0,,54.0,113.0,0.79,1500.0,45.0,0.0,110.0,45.0,,,110.0,0.0,1.0,,,1.0,,,2018-10-10,2018-10-01,0.0,0.0,,,,0.0
110023.0,,54.0,112.0,0.79,1500.0,45.0,0.0,110.0,45.0,,,110.0,0.0,1.0,,,1.0,,,2018-10-10,2018-10-01,0.0,0.0,,,,0.0
110025.0,,54.0,101.0,0.79,1500.0,25.0,1.0,110.0,25.0,,,110.0,0.0,1.0,,,1.0,,,2018-10-10,2018-09-18,0.0,0.0,,,,0.0
110042.0,,54.0,111.0,0.79,1500.0,45.0,0.0,110.0,45.0,,,110.0,0.0,1.0,,,1.0,,,2018-10-10,2018-10-01,0.0,0.0,,,,0.0
110111.0,,54.0,105.0,1.32,2500.0,25.0,0.0,110.0,25.0,,,110.0,0.0,1.0,,,1.0,,,2018-10-10,2018-09-20,0.0,0.0,,,,0.0
111001.0,,18.0,90.0,1.32,2500.0,705.0,0.0,111.0,705.0,,,111.0,0.0,1.0,,,1.0,,,2018-11-21,2018-10-31,0.0,0.0,,,,0.0
111002.0,,18.0,115.0,1.59,3000.0,705.0,0.0,111.0,705.0,,,111.0,0.0,1.0,,,1.0,,,2018-11-21,2018-11-15,0.0,0.0,,,,0.0
111007.0,,18.0,106.0,1.06,2000.0,705.0,0.0,111.0,705.0,,,111.0,0.0,1.0,,,1.0,,,2018-11-21,2018-11-08,0.0,0.0,,,,0.0
111008.0,,18.0,111.0,0.79,1500.0,305.0,0.0,111.0,305.0,,,111.0,0.0,1.0,,,1.0,,,2018-11-21,2018-11-12,0.0,0.0,,,,0.0
111029.0,,99.0,123.0,0.79,1500.0,,0.0,111.0,305.0,1.0,,111.0,0.0,1.0,,,1.0,,,2018-11-21,2018-12-03,1.0,0.0,,,,0.0
111049.0,,,96.0,1.32,2500.0,705.0,0.0,111.0,705.0,,,111.0,0.0,1.0,,,1.0,,,2018-11-21,2018-11-05,0.0,0.0,,,,0.0
111051.0,,18.0,116.0,1.59,3000.0,705.0,0.0,111.0,705.0,,,111.0,0.0,1.0,,,1.0,,,2018-11-21,2018-11-16,0.0,0.0,,,,0.0
111053.0,,18.0,78.0,0.79,1500.0,305.0,0.0,111.0,305.0,,,111.0,0.0,1.0,,,3.0,1.0,,2018-11-21,2018-10-23,0.0,0.0,,,,0.0
111055.0,,18.0,81.0,1.32,2500.0,305.0,0.0,111.0,705.0,1.0,,111.0,0.0,1.0,,,1.0,,,2018-11-21,2018-10-29,0.0,0.0,,,,0.0
111059.0,,99.0,124.0,1.06,2000.0,,0.0,111.0,305.0,1.0,,111.0,0.0,1.0,,,1.0,,,2018-11-21,2018-12-03,1.0,0.0,,,,0.0
111073.0,,18.0,105.0,1.06,2000.0,705.0,0.0,111.0,705.0,,,111.0,0.0,1.0,,,1.0,,,2018-11-21,2018-11-08,0.0,0.0,,,,0.0
111078.0,,11.0,71.0,1.32,2500.0,314.0,0.0,111.0,314.0,,,111.0,0.0,1.0,,,1.0,,,2018-11-21,2018-11-30,1.0,0.0,,,,0.0
111081.0,,18.0,98.0,0.79,1500.0,305.0,0.0,111.0,305.0,,,111.0,0.0,1.0,,,1.0,,,2018-11-21,2018-11-05,0.0,0.0,,,,0.0
111084.0,,18.0,120.0,0.79,1500.0,305.0,0.0,111.0,305.0,,,111.0,0.0,1.0,,,1.0,,,2018-11-21,2018-11-17,0.0,0.0,,,,0.0
111092.0,,18.0,79.0,1.06,2000.0,705.0,0.0,111.0,,1.0,,111.0,0.0,1.0,,,3.0,1.0,,2018-11-21,2018-10-25,0.0,0.0,,,,0.0
111116.0,,18.0,109.0,0.79,1500.0,705.0,0.0,111.0,705.0,,,111.0,0.0,1.0,,,1.0,,,2018-11-21,2018-11-12,0.0,0.0,,,,0.0
111120.0,,18.0,112.0,1.06,2000.0,305.0,0.0,111.0,305.0,,,111.0,0.0,1.0,,,1.0,,,2018-11-21,2018-11-14,0.0,0.0,,,,0.0
111124.0,,99.0,126.0,0.79,1500.0,,0.0,111.0,305.0,1.0,,111.0,0.0,1.0,,,1.0,,,2018-11-21,2018-12-03,1.0,0.0,,,,0.0
111130.0,,18.0,80.0,0.79,1500.0,705.0,0.0,111.0,705.0,,,111.0,0.0,1.0,,,3.0,1.0,,2018-11-21,2018-10-25,0.0,0.0,,,,0.0
111132.0,,18.0,117.0,0.79,1500.0,305.0,0.0,111.0,305.0,,,111.0,0.0,1.0,,,1.0,,,2018-11-21,2018-11-16,0.0,0.0,,,,0.0
111166.0,,18.0,99.0,1.06,2000.0,705.0,0.0,111.0,705.0,,,111.0,0.0,1.0,,,1.0,,,2018-11-21,2018-11-07,0.0,0.0,,,,0.0
111190.0,,99.0,113.0,1.32,2500.0,,0.0,111.0,305.0,1.0,,111.0,0.0,1.0,,,1.0,,,2018-11-21,2018-11-24,1.0,0.0,,,,0.0
111207.0,,18.0,113.0,1.06,2000.0,705.0,0.0,111.0,705.0,,,111.0,0.0,1.0,,,1.0,,,2018-11-21,2018-11-14,0.0,0.0,,,,0.0
111215.0,,99.0,122.0,1.32,2500.0,,0.0,111.0,305.0,1.0,,111.0,0.0,1.0,,,1.0,,,2018-11-21,2018-12-03,1.0,0.0,,,,0.0
111242.0,,18.0,103.0,0.79,1500.0,305.0,0.0,111.0,305.0,,,111.0,0.0,1.0,,,1.0,,,2018-11-21,2018-11-08,0.0,0.0,,,,0.0
111244.0,,18.0,100.0,1.06,2000.0,305.0,0.0,111.0,305.0,,,111.0,0.0,1.0,,,1.0,,,2018-11-21,2018-11-07,0.0,0.0,,,,0.0
111246.0,,,94.0,0.79,1500.0,705.0,0.0,111.0,705.0,,,111.0,0.0,1.0,,,1.0,,,2018-11-21,2018-11-01,0.0,0.0,,,,0.0
111252.0,,18.0,110.0,1.59,3000.0,705.0,0.0,111.0,705.0,,,111.0,0.0,1.0,,,1.0,,,2018-11-21,2018-11-12,0.0,0.0,,,,0.0
111254.0,,99.0,127.0,1.06,2000.0,,0.0,111.0,305.0,1.0,,111.0,0.0,1.0,,,1.0,,,2018-11-21,2018-12-03,1.0,0.0,,,,0.0
111256.0,,18.0,114.0,0.79,1500.0,305.0,0.0,111.0,305.0,,,111.0,1.0,1.0,,,1.0,,,2018-11-21,2018-11-14,0.0,0.0,,,,0.0
111257.0,,18.0,104.0,0.79,1500.0,705.0,0.0,111.0,705.0,,,111.0,0.0,1.0,,,1.0,,,2018-11-21,2018-11-08,0.0,0.0,,,,0.0
112010.0,,11.0,72.0,1.06,2000.0,42.0,0.0,112.0,42.0,,,112.0,0.0,1.0,,,1.0,,,2018-12-21,2018-11-30,0.0,0.0,,,,0.0
112028.0,,11.0,62.0,1.32,2500.0,314.0,0.0,112.0,314.0,,,112.0,0.0,1.0,,,3.0,1.0,,2018-12-21,2018-11-26,0.0,0.0,,,,0.0
112054.0,,11.0,63.0,0.79,1500.0,42.0,0.0,112.0,42.0,,,112.0,0.0,1.0,,,3.0,1.0,,2018-12-21,2018-11-27,0.0,0.0,,,,0.0
112081.0,,11.0,64.0,1.06,2000.0,42.0,0.0,112.0,42.0,,,112.0,0.0,1.0,,,3.0,1.0,,2018-12-21,2018-11-27,0.0,0.0,,,,0.0
112103.0,,11.0,65.0,0.79,1500.0,314.0,0.0,112.0,314.0,,,112.0,0.0,1.0,,,3.0,1.0,,2018-12-21,2018-11-27,0.0,0.0,,,,0.0
112168.0,,11.0,67.0,0.79,1500.0,42.0,0.0,112.0,42.0,,,112.0,0.0,1.0,,,1.0,,,2018-12-21,2018-11-28,0.0,0.0,,,,0.0
112224.0,,11.0,69.0,1.32,2500.0,42.0,0.0,112.0,42.0,,,112.0,0.0,1.0,,,1.0,,,2018-12-21,2018-11-30,0.0,0.0,,,,0.0
113012.0,,31.0,,1.06,2000.0,,0.0,113.0,,,,113.0,,,,,,,,2018-07-15,2018-06-15,0.0,0.0,,,,0.0
113013.0,,31.0,,4.66,8800.0,58.0,0.0,113.0,,,,113.0,,,,,,,,2018-07-15,2018-07-12,0.0,0.0,,,,0.0
113024.0,,31.0,,1.06,2000.0,64.0,0.0,113.0,,,,113.0,,,,,,,,2018-07-15,2018-06-15,0.0,0.0,,,,0.0
113027.0,,31.0,,1.59,3000.0,66.0,0.0,113.0,,,,113.0,,,,,,,,2018-07-15,2018-07-09,0.0,0.0,,,,0.0
113037.0,,31.0,,0.79,1500.0,66.0,0.0,113.0,,,,113.0,,,,,,,,2018-07-15,2018-06-18,0.0,0.0,,,,0.0
113050.0,,31.0,,0.79,1500.0,58.0,0.0,113.0,,,,113.0,,,,,,,,2018-07-15,2018-07-09,0.0,0.0,,,,0.0
113054.0,,31.0,,1.59,3000.0,66.0,0.0,113.0,,,,113.0,,,,,,,,2018-07-15,2018-07-10,0.0,0.0,,,,0.0
113056.0,,31.0,,1.32,2500.0,66.0,0.0,113.0,,,,113.0,,,,,,,,2018-07-15,2018-07-11,0.0,0.0,,,,0.0
113057.0,,31.0,,1.32,2500.0,58.0,0.0,113.0,,,,113.0,,,,,,,,2018-07-15,2018-07-10,0.0,0.0,,,,0.0
113058.0,,31.0,,1.32,2500.0,58.0,0.0,113.0,,,,113.0,,,,,,,,2018-07-15,2018-07-11,0.0,0.0,,,,0.0
113073.0,,31.0,,1.32,2500.0,66.0,0.0,113.0,,,,113.0,,,,,,,,2018-07-15,2018-07-10,0.0,0.0,,,,0.0
113077.0,,31.0,,1.32,2500.0,66.0,0.0,113.0,,,,113.0,,,,,,,,2018-07-15,2018-07-05,0.0,0.0,,,,0.0
113079.0,,31.0,,1.06,2000.0,58.0,0.0,113.0,,,,113.0,,,,,,,,2018-07-15,2018-07-09,0.0,0.0,,,,0.0
113082.0,,31.0,,1.32,2500.0,66.0,0.0,113.0,,,,113.0,,,,,,,,2018-07-15,2018-07-10,0.0,0.0,,,,0.0
113087.0,,31.0,,1.32,2500.0,58.0,0.0,113.0,,,,113.0,,,,,,,,2018-07-15,2018-07-10,0.0,0.0,,,,0.0
113091.0,,31.0,,1.32,2500.0,66.0,0.0,113.0,,,,113.0,,,,,,,,2018-07-15,2018-07-09,0.0,0.0,,,,0.0
113095.0,,31.0,,1.06,2000.0,58.0,0.0,113.0,,,,113.0,,,,,,,,2018-07-15,2018-07-05,0.0,0.0,,,,0.0
113103.0,,31.0,,1.06,2000.0,58.0,0.0,113.0,,,,113.0,,,,,,,,2018-07-15,2018-07-09,0.0,0.0,,,,0.0
113104.0,,31.0,,0.79,1500.0,58.0,0.0,113.0,,,,113.0,,,,,,,,2018-07-15,2018-06-26,0.0,0.0,,,,0.0
113105.0,,31.0,,1.06,2000.0,66.0,0.0,113.0,,,,113.0,,,,,,,,2018-07-15,2018-07-05,0.0,0.0,,,,0.0
113107.0,,31.0,,0.79,1500.0,58.0,0.0,113.0,,,,113.0,,,,,,,,2018-07-15,2018-07-10,0.0,0.0,,,,0.0
113112.0,,31.0,,1.06,2000.0,66.0,0.0,113.0,,,,113.0,,,,,,,,2018-07-15,2018-07-09,0.0,0.0,,,,0.0
113113.0,,31.0,,3.49,6600.0,58.0,0.0,113.0,,,,113.0,,,,,,,,2018-07-15,2018-07-10,0.0,0.0,,,,0.0
113114.0,,31.0,,1.32,2500.0,66.0,0.0,113.0,,,,113.0,,,,,,,,2018-07-15,2018-07-05,0.0,0.0,,,,0.0
113115.0,,31.0,,0.79,1500.0,66.0,0.0,113.0,,,,113.0,,,,,,,,2018-07-15,2018-07-10,0.0,0.0,,,,0.0
113117.0,,31.0,,1.32,2500.0,66.0,0.0,113.0,,,,113.0,,,,,,,,2018-07-15,2018-06-26,0.0,0.0,,,,0.0
113118.0,,31.0,,1.06,2000.0,66.0,0.0,113.0,,,,113.0,,,,,,,,2018-07-15,2018-07-05,0.0,0.0,,,,0.0
113125.0,,31.0,,3.49,6600.0,66.0,0.0,113.0,,,,113.0,,,,,,,,2018-07-15,2018-07-11,0.0,0.0,,,,0.0
113126.0,,31.0,,1.32,2500.0,58.0,0.0,113.0,,,,113.0,,,,,,,,2018-07-15,2018-07-05,0.0,0.0,,,,0.0
113138.0,,31.0,,0.79,1500.0,58.0,0.0,113.0,,,,113.0,,,,,,,,2018-07-15,2018-07-05,0.0,0.0,,,,0.0
113139.0,,31.0,,1.32,2500.0,58.0,0.0,113.0,,,,113.0,,,,,,,,2018-07-15,2018-06-26,0.0,0.0,,,,0.0
113140.0,,31.0,,1.32,2500.0,58.0,0.0,113.0,,,,113.0,,,,,,,,2018-07-15,2018-07-05,0.0,0.0,,,,0.0
113146.0,,31.0,,0.79,1500.0,58.0,0.0,113.0,,,,113.0,,,,,,,,2018-07-15,2018-07-11,0.0,0.0,,,,0.0
113149.0,,31.0,,0.79,1500.0,58.0,0.0,113.0,,,,113.0,,,,,,,,2018-07-15,2018-06-20,0.0,0.0,,,,0.0
113153.0,,31.0,,5.82,11000.0,66.0,0.0,113.0,,,,113.0,,,,,,,,2018-07-15,2018-07-10,0.0,0.0,,,,0.0
113157.0,,31.0,,1.32,2500.0,66.0,0.0,113.0,,,,113.0,,,,,,,,2018-07-15,2018-06-26,0.0,0.0,,,,0.0
113159.0,,31.0,,0.79,1500.0,66.0,0.0,113.0,,,,113.0,,,,,,,,2018-07-15,2018-06-20,0.0,0.0,,,,0.0
113162.0,,31.0,,1.59,3000.0,66.0,0.0,113.0,,,,113.0,,,,,,,,2018-07-15,2018-07-05,0.0,0.0,,,,0.0
113164.0,,31.0,,0.79,1500.0,58.0,0.0,113.0,,,,113.0,,,,,,,,2018-07-15,2018-07-05,0.0,0.0,,,,0.0
113165.0,,31.0,,1.06,2000.0,66.0,0.0,113.0,,,,113.0,,,,,,,,2018-07-15,2018-07-05,0.0,0.0,,,,0.0
113171.0,,31.0,,0.79,1500.0,58.0,0.0,113.0,,,,113.0,,,,,,,,2018-07-15,2018-07-05,0.0,0.0,,,,0.0
113173.0,,31.0,,1.06,2000.0,66.0,0.0,113.0,,,,113.0,,,,,,,,2018-07-15,2018-07-11,0.0,0.0,,,,0.0
113175.0,,31.0,,1.06,2000.0,58.0,0.0,113.0,,,,113.0,,,,,,,,2018-07-15,2018-07-05,0.0,0.0,,,,0.0
114015.0,,53.0,183.0,0.79,1500.0,90.0,0.0,114.0,90.0,,,114.0,0.0,1.0,,,1.0,,,2018-11-15,2018-11-15,0.0,0.0,,,,0.0
114028.0,,53.0,184.0,0.79,1500.0,103.0,1.0,141.0,103.0,,,141.0,0.0,1.0,,,1.0,,,,2018-11-15,0.0,0.0,,,,0.0
114038.0,,53.0,185.0,0.79,1500.0,90.0,0.0,114.0,90.0,,,114.0,0.0,1.0,,,1.0,,,2018-11-15,2018-11-15,0.0,0.0,,,,0.0
114112.0,,53.0,187.0,0.79,1500.0,103.0,0.0,114.0,103.0,,,114.0,0.0,1.0,,,1.0,,,2018-11-15,2018-11-16,1.0,0.0,,,,0.0
116026.0,,13.0,68.0,1.06,2000.0,20.0,0.0,116.0,20.0,,,116.0,0.0,1.0,,,,,,2018-09-12,2018-08-23,0.0,0.0,,,,0.0
116067.0,,13.0,69.0,1.06,2000.0,55.0,0.0,116.0,55.0,,,116.0,0.0,1.0,,,,,,2018-09-12,2018-08-23,0.0,0.0,,,,0.0
116135.0,,13.0,73.0,1.32,2500.0,20.0,0.0,116.0,20.0,,,116.0,0.0,1.0,,,1.0,,,2018-09-12,2018-08-31,0.0,0.0,,,,0.0
116148.0,,13.0,70.0,0.79,1500.0,20.0,0.0,116.0,20.0,,,116.0,0.0,1.0,,,1.0,,,2018-09-12,2018-08-28,0.0,0.0,,,,0.0
116150.0,,13.0,74.0,1.32,2500.0,55.0,0.0,116.0,55.0,,,116.0,0.0,1.0,,,1.0,,,2018-09-12,2018-09-04,0.0,0.0,,,,0.0
117019.0,,9.0,71.0,1.06,2000.0,22.0,0.0,117.0,22.0,,,117.0,0.0,1.0,,,1.0,,,2018-09-12,2018-08-30,0.0,0.0,,,,0.0
117049.0,,9.0,63.0,1.32,2500.0,22.0,0.0,117.0,22.0,,,117.0,0.0,1.0,,,1.0,,,2018-09-12,2018-08-27,0.0,0.0,,,,0.0
117076.0,,9.0,61.0,0.79,1500.0,45.0,0.0,117.0,45.0,,,117.0,0.0,1.0,,,1.0,,,2018-09-12,2018-08-27,0.0,0.0,,,,0.0
117080.0,,9.0,62.0,1.32,2500.0,45.0,0.0,117.0,45.0,,,117.0,0.0,1.0,,,1.0,,,2018-09-12,2018-08-27,0.0,0.0,,,,0.0
117088.0,,9.0,59.0,1.06,2000.0,22.0,0.0,117.0,22.0,,,117.0,0.0,1.0,,,1.0,,,2018-09-12,2018-08-25,0.0,0.0,,,,0.0
117089.0,,9.0,78.0,1.32,2500.0,22.0,0.0,117.0,22.0,,,117.0,0.0,1.0,,,1.0,,,2018-09-12,2018-09-03,0.0,0.0,,,,0.0
117108.0,,9.0,70.0,1.06,2000.0,45.0,0.0,117.0,45.0,,,117.0,0.0,1.0,,,1.0,,,2018-09-12,2018-08-30,0.0,0.0,,,,0.0
117111.0,,9.0,69.0,0.79,1500.0,22.0,0.0,117.0,22.0,,,117.0,0.0,1.0,,,1.0,,,2018-09-12,2018-08-30,0.0,0.0,,,,0.0
117134.0,,9.0,60.0,1.06,2000.0,45.0,0.0,117.0,45.0,,,117.0,0.0,1.0,,,1.0,,,2018-09-12,2018-08-25,0.0,0.0,,,,0.0
117158.0,,9.0,81.0,1.06,2000.0,22.0,0.0,117.0,22.0,,,117.0,0.0,1.0,,,1.0,,,2018-09-12,2018-09-05,0.0,0.0,,,,0.0
117162.0,,9.0,82.0,1.06,2000.0,22.0,0.0,117.0,22.0,,,117.0,0.0,1.0,,,1.0,,,2018-09-12,2018-09-07,0.0,0.0,,,,0.0
118164.0,,20.0,143.0,1.06,2000.0,895.0,0.0,118.0,895.0,,,118.0,0.0,1.0,,,1.0,,,2018-12-18,2018-12-14,0.0,0.0,,,,0.0
119002.0,,5.0,78.0,1.32,2500.0,367.0,0.0,119.0,367.0,,,119.0,0.0,1.0,,,,,,2018-08-29,2018-08-22,0.0,0.0,,,,0.0
119004.0,,5.0,75.0,0.79,1500.0,367.0,0.0,119.0,367.0,,,119.0,1.0,1.0,,,,,,2018-08-29,2018-08-22,0.0,0.0,,,,0.0
119007.0,,5.0,85.0,1.06,2000.0,767.0,0.0,119.0,7.0,1.0,,119.0,0.0,1.0,,,,,,2018-08-29,2018-08-24,0.0,0.0,,,,0.0
119009.0,,5.0,74.0,0.79,1500.0,367.0,0.0,119.0,367.0,,,119.0,0.0,1.0,,,,,,2018-08-29,2018-08-08,0.0,0.0,,,,0.0
119010.0,,5.0,77.0,1.06,2000.0,767.0,0.0,119.0,,1.0,,119.0,0.0,1.0,,,,,,2018-08-29,2018-08-22,0.0,0.0,,,,0.0
119011.0,,5.0,55.0,1.06,2000.0,767.0,1.0,119.0,,1.0,,119.0,0.0,1.0,,,1.0,,,2018-08-29,2018-08-29,0.0,0.0,,,,0.0
119039.0,,5.0,53.0,1.32,2500.0,767.0,1.0,119.0,,1.0,,119.0,0.0,1.0,,,1.0,,,2018-08-29,2018-08-29,0.0,0.0,,,,0.0
119041.0,,5.0,86.0,1.32,2500.0,367.0,0.0,119.0,367.0,,,119.0,0.0,1.0,,,,,,2018-08-29,2018-08-24,0.0,0.0,,,,0.0
119049.0,,5.0,82.0,1.32,2500.0,367.0,0.0,119.0,367.0,,,119.0,0.0,1.0,,,,,,2018-08-29,2018-08-24,0.0,0.0,,,,0.0
119057.0,,5.0,83.0,0.79,1500.0,767.0,0.0,119.0,767.0,,,119.0,0.0,1.0,,,,,,2018-08-29,2018-08-24,0.0,0.0,,,,0.0
119059.0,,5.0,84.0,0.79,1500.0,367.0,0.0,119.0,367.0,,,119.0,0.0,1.0,,,,,,2018-08-29,2018-08-24,0.0,0.0,,,,0.0
119060.0,,5.0,88.0,1.06,2000.0,367.0,0.0,119.0,367.0,,,119.0,0.0,1.0,,,,,,2018-08-29,2018-08-25,0.0,0.0,,,,0.0
119073.0,,5.0,87.0,1.32,2500.0,367.0,0.0,119.0,367.0,,,119.0,0.0,1.0,,,,,,2018-08-29,2018-08-25,0.0,0.0,,,,0.0
120037.0,,5.0,141.0,1.06,2000.0,246.0,0.0,120.0,246.0,,,120.0,0.0,1.0,,,1.0,,,2018-11-21,2018-11-11,0.0,0.0,,,,0.0
120038.0,,5.0,136.0,1.59,3000.0,246.0,0.0,120.0,246.0,,,120.0,0.0,1.0,,,1.0,,,2018-11-21,2018-11-03,0.0,0.0,,,,0.0
120057.0,,5.0,143.0,1.59,3000.0,646.0,0.0,120.0,646.0,,,120.0,0.0,1.0,,,1.0,,,2018-11-21,2018-11-12,0.0,0.0,,,,0.0
120077.0,,5.0,140.0,1.06,2000.0,246.0,0.0,120.0,246.0,,,120.0,0.0,1.0,,,1.0,,,2018-11-21,2018-11-11,0.0,0.0,,,,0.0
120097.0,,5.0,134.0,0.79,1500.0,246.0,1.0,120.0,246.0,,,120.0,0.0,1.0,,,1.0,,,2018-11-21,2018-10-29,0.0,0.0,,,,0.0
121001.0,,5.0,142.0,0.79,1500.0,246.0,0.0,121.0,246.0,,,121.0,0.0,1.0,,,1.0,,,2018-11-21,2018-11-12,0.0,0.0,,,,0.0
121048.0,,5.0,138.0,1.06,2000.0,246.0,0.0,121.0,246.0,,,121.0,0.0,1.0,,,1.0,,,2018-11-21,2018-11-08,0.0,0.0,,,,0.0
121051.0,,5.0,137.0,1.06,2000.0,646.0,0.0,121.0,646.0,,,121.0,0.0,1.0,,,1.0,,,2018-11-21,2018-11-03,0.0,0.0,,,,0.0
121071.0,,5.0,135.0,0.79,1500.0,646.0,0.0,121.0,646.0,,,121.0,0.0,1.0,,,1.0,,,2018-11-21,2018-11-03,0.0,0.0,,,,0.0
121091.0,,,139.0,1.32,2500.0,646.0,0.0,121.0,646.0,,,121.0,0.0,1.0,,,1.0,,,2018-11-21,2018-11-09,0.0,0.0,,,,0.0
122001.0,,54.0,100.0,1.59,3000.0,44.0,0.0,122.0,44.0,,,122.0,0.0,1.0,,,3.0,1.0,,2018-10-10,2018-09-13,0.0,0.0,,,,0.0
122006.0,,54.0,114.0,0.79,1500.0,45.0,0.0,122.0,45.0,,,122.0,0.0,1.0,,,1.0,,,2018-10-10,2018-10-05,0.0,0.0,,,,0.0
122009.0,,54.0,103.0,1.06,2000.0,45.0,0.0,122.0,45.0,,,122.0,0.0,1.0,,,1.0,,,2018-10-10,2018-09-19,0.0,0.0,,,,0.0
122012.0,,54.0,106.0,0.79,1500.0,45.0,0.0,122.0,45.0,,,122.0,0.0,1.0,,,1.0,,,2018-10-10,2018-09-26,0.0,0.0,,,,0.0
122039.0,,54.0,115.0,0.79,1500.0,45.0,0.0,122.0,45.0,,,122.0,0.0,1.0,,,1.0,,,2018-10-10,2018-10-05,0.0,0.0,,,,0.0
122046.0,,54.0,104.0,1.32,2500.0,45.0,0.0,122.0,45.0,,,122.0,0.0,1.0,,,1.0,,,2018-10-10,2018-09-19,0.0,0.0,,,,0.0
123038.0,,32.0,110.0,0.79,1500.0,99.0,0.0,123.0,99.0,,,123.0,0.0,1.0,,,1.0,,,2018-11-20,2018-11-12,0.0,0.0,,,,0.0
123042.0,,32.0,121.0,0.79,1500.0,22.0,0.0,123.0,22.0,,,123.0,0.0,1.0,,,1.0,,,2018-11-20,2018-11-15,0.0,0.0,,,,0.0
123056.0,,32.0,111.0,1.32,2500.0,22.0,0.0,123.0,22.0,,,123.0,0.0,1.0,,,1.0,,,2018-11-20,2018-11-12,0.0,0.0,,,,0.0
123070.0,,32.0,112.0,1.06,2000.0,99.0,0.0,123.0,99.0,,,123.0,0.0,1.0,,,1.0,,,2018-11-20,2018-11-12,0.0,0.0,,,,0.0
123077.0,,32.0,122.0,1.06,2000.0,99.0,0.0,123.0,99.0,,,123.0,0.0,1.0,,,1.0,,,2018-11-20,2018-11-15,0.0,0.0,,,,0.0
123105.0,,32.0,124.0,1.59,3000.0,99.0,0.0,123.0,99.0,,,123.0,0.0,1.0,,,1.0,,,2018-11-20,2018-11-15,0.0,0.0,,,,0.0
123109.0,,32.0,123.0,0.79,1500.0,99.0,0.0,123.0,99.0,,,123.0,0.0,1.0,,,1.0,,,2018-11-20,2018-11-15,0.0,0.0,,,,0.0
123118.0,,32.0,109.0,1.32,2500.0,22.0,0.0,123.0,22.0,,,123.0,0.0,1.0,,,3.0,1.0,,2018-11-20,2018-11-06,0.0,0.0,,,,0.0
123120.0,,32.0,114.0,1.06,2000.0,99.0,0.0,123.0,99.0,,,123.0,0.0,1.0,,,1.0,,,2018-11-20,2018-11-12,0.0,0.0,,,,0.0
123136.0,,32.0,115.0,1.32,2500.0,99.0,0.0,123.0,99.0,,,123.0,0.0,1.0,,,1.0,,,2018-11-20,2018-11-12,0.0,0.0,,,,0.0
123151.0,,32.0,128.0,0.79,1500.0,99.0,0.0,123.0,99.0,,,123.0,1.0,1.0,,,1.0,,,2018-11-20,2018-11-21,1.0,0.0,,,,0.0
124055.0,,,59.0,0.79,1500.0,775.0,0.0,124.0,775.0,,,124.0,0.0,1.0,,,1.0,,,2018-10-24,2018-10-10,0.0,0.0,,,,0.0
124097.0,,98.0,58.0,0.79,1500.0,775.0,0.0,124.0,775.0,,,124.0,0.0,1.0,,,1.0,,,2018-10-24,2018-10-01,0.0,0.0,,,,0.0
124101.0,,98.0,57.0,1.32,2500.0,375.0,0.0,124.0,375.0,,,124.0,0.0,1.0,,,1.0,,,2018-10-24,2018-09-29,0.0,0.0,,,,0.0
124118.0,,,56.0,1.06,2000.0,775.0,0.0,124.0,775.0,,,124.0,0.0,1.0,,,1.0,,,2018-10-24,2018-10-04,0.0,0.0,,,,0.0
124123.0,,,62.0,1.32,2500.0,775.0,0.0,124.0,775.0,,,124.0,0.0,1.0,,,1.0,,,2018-10-24,2018-10-13,0.0,0.0,,,,0.0
124179.0,,,57.0,0.79,1500.0,375.0,0.0,124.0,375.0,,,124.0,0.0,1.0,,,1.0,,,2018-10-24,2018-10-04,0.0,0.0,,,,0.0
124180.0,,,61.0,0.79,1500.0,775.0,0.0,124.0,775.0,,,124.0,0.0,1.0,,,1.0,,,2018-10-24,2018-10-11,0.0,0.0,,,,0.0
124205.0,,98.0,56.0,0.79,1500.0,775.0,0.0,124.0,775.0,,,124.0,0.0,1.0,,,1.0,,,2018-10-24,2018-09-29,0.0,0.0,,,,0.0
125001.0,,53.0,,1.06,2000.0,82.0,0.0,125.0,,,,125.0,,,,,,,,2018-08-15,2018-07-24,0.0,0.0,,,,0.0
125005.0,,53.0,,0.79,1500.0,82.0,0.0,125.0,,,,125.0,,,,,,,,2018-08-15,2018-08-02,0.0,0.0,,,,0.0
125013.0,,53.0,,0.79,1500.0,96.0,0.0,125.0,,,,125.0,,,,,,,,2018-08-15,2018-08-08,0.0,0.0,,,,0.0
125014.0,,53.0,,0.79,1500.0,96.0,0.0,125.0,,,,125.0,,,,,,,,2018-08-15,2018-08-08,0.0,0.0,,,,0.0
125017.0,,53.0,,1.06,2000.0,82.0,0.0,125.0,,,,125.0,,,,,,,,2018-08-15,2018-08-08,0.0,0.0,,,,0.0
125025.0,,53.0,,1.06,2000.0,82.0,0.0,125.0,,,,125.0,,,,,,,,2018-08-15,2018-08-08,0.0,0.0,,,,0.0
125026.0,,53.0,,1.59,3000.0,82.0,0.0,125.0,,,,125.0,,,,,,,,2018-08-15,2018-08-04,0.0,0.0,,,,0.0
125028.0,,53.0,,0.79,1500.0,,0.0,125.0,,,,125.0,,,,,,,,2018-08-15,2018-08-01,0.0,0.0,,,,0.0
125057.0,,53.0,,1.06,2000.0,82.0,0.0,125.0,,,,125.0,,,,,,,,2018-08-15,2018-08-08,0.0,0.0,,,,0.0
125061.0,,53.0,,1.32,2500.0,82.0,0.0,125.0,,,,125.0,,,,,,,,2018-08-15,2018-08-08,0.0,0.0,,,,0.0
125062.0,,53.0,,0.79,1500.0,96.0,0.0,125.0,,,,125.0,,,,,,,,2018-08-15,2018-08-02,0.0,0.0,,,,0.0
125066.0,,53.0,,1.06,2000.0,96.0,0.0,125.0,,,,125.0,,,,,,,,2018-08-15,2018-08-08,0.0,0.0,,,,0.0
125067.0,,53.0,,1.06,2000.0,82.0,0.0,125.0,,,,125.0,,,,,,,,2018-08-15,2018-08-04,0.0,0.0,,,,0.0
125069.0,,53.0,,1.59,3000.0,82.0,0.0,125.0,,,,125.0,,,,,,,,2018-08-15,2018-08-08,0.0,0.0,,,,0.0
126001.0,,2.0,,0.79,1500.0,623.0,0.0,126.0,,,,126.0,,,,,,,,2018-08-29,2018-07-30,0.0,0.0,,,,0.0
126002.0,,2.0,,0.79,1500.0,623.0,0.0,126.0,,,,126.0,,,,,,,,2018-08-29,2018-07-30,0.0,0.0,,,,0.0
126007.0,,,62.0,0.79,1500.0,623.0,0.0,126.0,623.0,,,126.0,0.0,1.0,,,,,,2018-08-29,2018-08-11,0.0,0.0,,,,0.0
126016.0,,2.0,,0.79,1500.0,223.0,0.0,126.0,,,,126.0,,,,,,,,2018-08-29,2018-07-30,0.0,0.0,,,,0.0
126037.0,,2.0,,1.32,2500.0,223.0,0.0,126.0,,,,126.0,,,,,,,,2018-08-29,2018-08-04,0.0,0.0,,,,0.0
126039.0,,,57.0,0.79,1500.0,223.0,0.0,126.0,223.0,,,126.0,0.0,1.0,,,,,,2018-08-29,2018-08-11,0.0,0.0,,,,0.0
126047.0,,2.0,,1.06,2000.0,623.0,0.0,126.0,,,,126.0,,,,,,,,2018-08-29,2018-07-31,0.0,0.0,,,,0.0
126048.0,,2.0,75.0,1.59,3000.0,223.0,0.0,126.0,223.0,,,126.0,0.0,1.0,,,,,,2018-08-29,2018-08-23,0.0,0.0,,,,0.0
126049.0,,2.0,,1.06,2000.0,223.0,0.0,126.0,,,,126.0,,,,,,,,2018-08-29,2018-07-31,0.0,0.0,,,,0.0
126054.0,,2.0,,1.06,2000.0,,0.0,126.0,,,,126.0,,,,,,,,2018-08-29,2018-08-06,0.0,0.0,,,,0.0
126059.0,,,66.0,1.32,2500.0,223.0,0.0,126.0,623.0,1.0,,126.0,1.0,1.0,,,,,,2018-08-29,2018-08-11,0.0,0.0,,,,0.0
126065.0,,2.0,,1.06,2000.0,223.0,0.0,126.0,,,,126.0,,,,,,,,2018-08-29,2018-07-31,0.0,0.0,,,,0.0
126066.0,,,64.0,1.06,2000.0,623.0,0.0,126.0,623.0,,,126.0,0.0,1.0,,,,,,2018-08-29,2018-08-11,0.0,0.0,,,,0.0
126070.0,,2.0,,1.59,3000.0,623.0,0.0,126.0,,,,126.0,,,,,,,,2018-08-29,2018-08-01,0.0,0.0,,,,0.0
126077.0,,,60.0,0.79,1500.0,623.0,0.0,126.0,623.0,,,126.0,0.0,1.0,,,,,,2018-08-29,2018-08-11,0.0,0.0,,,,0.0
126078.0,,2.0,,0.79,1500.0,223.0,0.0,126.0,,,,126.0,,,,,,,,2018-08-29,2018-07-31,0.0,0.0,,,,0.0
126080.0,,,68.0,1.06,2000.0,623.0,0.0,126.0,623.0,,,126.0,0.0,1.0,,,,,,2018-08-29,2018-08-11,0.0,0.0,,,,0.0
126091.0,,2.0,,1.06,2000.0,623.0,0.0,126.0,,,,126.0,,,,,,,,2018-08-29,2018-07-31,0.0,0.0,,,,0.0
126096.0,,2.0,83.0,1.32,2500.0,223.0,1.0,126.0,,1.0,,126.0,0.0,1.0,,,,,,2018-08-29,2018-08-24,0.0,0.0,,,,0.0
126099.0,,2.0,84.0,1.06,2000.0,223.0,1.0,126.0,,1.0,,126.0,0.0,1.0,,,,,,2018-08-29,2018-08-25,0.0,0.0,,,,0.0
126111.0,,2.0,,0.79,1500.0,223.0,0.0,126.0,,,,126.0,,,,,,,,2018-08-29,2018-08-01,0.0,0.0,,,,0.0
126126.0,,2.0,82.0,1.59,3000.0,623.0,1.0,126.0,,1.0,,126.0,0.0,1.0,,,,,,2018-08-29,2018-08-24,0.0,0.0,,,,0.0
126127.0,,,65.0,0.79,1500.0,223.0,0.0,126.0,223.0,,,126.0,0.0,1.0,,,,,,2018-08-29,2018-08-11,0.0,0.0,,,,0.0
126129.0,,2.0,81.0,1.06,2000.0,223.0,1.0,126.0,,1.0,,126.0,0.0,1.0,,,,,,2018-08-29,2018-08-24,0.0,0.0,,,,0.0
126130.0,,2.0,,1.59,3000.0,623.0,0.0,126.0,,,,126.0,,,,,,,,2018-08-29,2018-08-01,0.0,0.0,,,,0.0
126132.0,,2.0,,0.79,1500.0,,0.0,126.0,,,,126.0,,,,,,,,2018-08-29,2018-08-06,0.0,0.0,,,,0.0
126133.0,,2.0,,1.32,2500.0,223.0,0.0,126.0,,,,126.0,,,,,,,,2018-08-29,2018-08-01,0.0,0.0,,,,0.0
126136.0,,2.0,73.0,1.06,2000.0,223.0,0.0,126.0,223.0,,,126.0,0.0,1.0,,,,,,2018-08-29,2018-08-17,0.0,0.0,,,,0.0
126174.0,,2.0,,1.59,3000.0,623.0,0.0,126.0,,,,126.0,,,,,,,,2018-08-29,2018-08-01,0.0,0.0,,,,0.0
126175.0,,,67.0,1.59,3000.0,223.0,0.0,126.0,223.0,,,126.0,0.0,1.0,,,,,,2018-08-29,2018-08-11,0.0,0.0,,,,0.0
126180.0,,2.0,,0.79,1500.0,,0.0,126.0,,,,126.0,,,,,,,,2018-08-29,2018-08-06,0.0,0.0,,,,0.0
126182.0,,2.0,77.0,1.59,3000.0,623.0,0.0,126.0,623.0,,,126.0,0.0,1.0,,,,,,2018-08-29,2018-08-23,0.0,0.0,,,,0.0
126185.0,,2.0,,1.06,2000.0,223.0,0.0,126.0,,,,126.0,,,,,,,,2018-08-29,2018-08-03,0.0,0.0,,,,0.0
126192.0,,,59.0,0.79,1500.0,223.0,0.0,126.0,223.0,,,126.0,0.0,1.0,,,,,,2018-08-29,2018-08-11,0.0,0.0,,,,0.0
126201.0,,,63.0,0.79,1500.0,223.0,0.0,126.0,223.0,,,126.0,0.0,1.0,,,,,,2018-08-29,2018-08-11,0.0,0.0,,,,0.0
126205.0,,2.0,71.0,1.59,3000.0,,0.0,126.0,,1.0,,126.0,0.0,1.0,,,,,,2018-08-29,2018-08-16,0.0,0.0,,,,0.0
126211.0,,2.0,79.0,1.06,2000.0,623.0,0.0,126.0,623.0,,,126.0,0.0,1.0,,,,,,2018-08-29,2018-08-23,0.0,0.0,,,,0.0
126216.0,,2.0,76.0,1.06,2000.0,623.0,0.0,126.0,623.0,,,126.0,0.0,1.0,,,,,,2018-08-29,2018-08-23,0.0,0.0,,,,0.0
126226.0,,2.0,80.0,1.06,2000.0,223.0,0.0,126.0,223.0,,,126.0,0.0,1.0,,,,,,2018-08-29,2018-08-23,0.0,0.0,,,,0.0
126229.0,,2.0,,0.79,1500.0,223.0,0.0,126.0,,,,126.0,,,,,,,,2018-08-29,2018-08-02,0.0,0.0,,,,0.0
126231.0,,,61.0,1.06,2000.0,223.0,0.0,126.0,223.0,,,126.0,1.0,1.0,,,,,,2018-08-29,2018-08-11,0.0,0.0,,,,0.0
126235.0,,2.0,78.0,1.06,2000.0,223.0,0.0,126.0,223.0,,,126.0,0.0,1.0,,,,,,2018-08-29,2018-08-23,0.0,0.0,,,,0.0
126240.0,,2.0,72.0,1.32,2500.0,623.0,0.0,126.0,623.0,,,126.0,0.0,1.0,,,,,,2018-08-29,2018-08-16,0.0,0.0,,,,0.0
200001.0,,38.0,79.0,1.06,2000.0,641.0,1.0,200.0,641.0,,,200.0,0.0,1.0,,,1.0,,,,2018-09-26,0.0,0.0,,,,0.0
200015.0,,,10465.0,1.06,2000.0,42.0,0.0,200.0,,,Non,200.0,0.0,1.0,,,,,,,2018-04-21,,,15.0,0.0,0.0,0.0
200021.0,,,10465.0,1.06,2000.0,42.0,0.0,200.0,,,Non,200.0,0.0,1.0,,,,,,,2018-04-12,,,21.0,0.0,0.0,0.0
200022.0,,,10465.0,1.06,2000.0,42.0,0.0,200.0,,,Non,200.0,1.0,1.0,,,,,,,2018-04-12,,,22.0,0.0,0.0,0.0
200049.0,,,10465.0,0.79,1500.0,42.0,0.0,200.0,,,Oui,200.0,0.0,1.0,,,,,,,2018-04-19,,,49.0,0.0,0.0,0.0
200059.0,,,10465.0,1.06,2000.0,42.0,0.0,200.0,,,Non,200.0,0.0,1.0,,,,,,,2018-04-21,,,59.0,0.0,0.0,0.0
200074.0,,,10465.0,0.79,1500.0,42.0,0.0,200.0,,,Oui,200.0,0.0,1.0,,,,,,,2018-04-20,,,74.0,0.0,0.0,0.0
200080.0,,,10465.0,0.79,1500.0,42.0,0.0,200.0,,,Non,200.0,0.0,1.0,,,,,,,2018-04-21,,,80.0,0.0,0.0,0.0
200083.0,,,10465.0,1.06,2000.0,42.0,1.0,200.0,,,Oui,200.0,1.0,1.0,,,,,,,2018-04-21,,,83.0,0.0,0.0,0.0
200087.0,,,10465.0,1.06,2000.0,42.0,0.0,200.0,,,Oui,200.0,0.0,1.0,,,,,,,2018-04-20,,,87.0,0.0,0.0,0.0
200089.0,,,10465.0,0.79,1500.0,42.0,0.0,200.0,,,Oui,200.0,0.0,1.0,,,,,,,2018-04-21,,,89.0,0.0,0.0,0.0
200090.0,,,10465.0,0.79,1500.0,42.0,1.0,200.0,,,Non,200.0,0.0,1.0,,,,,,,2018-04-21,,,90.0,0.0,0.0,0.0
200093.0,,,10460.0,0.79,1500.0,55.0,0.0,200.0,,,Oui,200.0,0.0,1.0,,,,,,,2018-04-06,,,93.0,0.0,0.0,0.0
200095.0,,,10465.0,1.06,2000.0,42.0,0.0,200.0,,,Non,200.0,0.0,1.0,,,,,,,2018-04-21,,,95.0,0.0,0.0,0.0
200145.0,,,10460.0,0.79,1500.0,55.0,0.0,200.0,,,Non,200.0,0.0,1.0,,,,,,,2018-04-19,,,145.0,0.0,0.0,0.0
200149.0,,,10460.0,0.79,1500.0,55.0,0.0,200.0,,,Non,200.0,0.0,1.0,,,,,,,2018-04-20,,,149.0,0.0,0.0,0.0
200184.0,,,10465.0,0.79,1500.0,42.0,0.0,200.0,,,Non,200.0,0.0,1.0,,,,,,,2018-04-20,,,184.0,0.0,0.0,0.0
200191.0,,,10460.0,0.79,1500.0,55.0,0.0,200.0,,,Non,200.0,0.0,1.0,,,,,,,2018-04-07,,,191.0,0.0,0.0,0.0
200214.0,,,10465.0,1.32,2500.0,42.0,0.0,200.0,,,Non,200.0,0.0,1.0,,,,,,,2018-04-19,,,214.0,0.0,0.0,0.0
200227.0,,,10460.0,0.79,1500.0,55.0,0.0,200.0,,,Non,200.0,0.0,1.0,,,,,,,2018-04-20,,,227.0,0.0,0.0,0.0
200251.0,,,10460.0,0.79,1500.0,55.0,0.0,200.0,,,Non,200.0,0.0,1.0,,,,,,,2018-04-19,,,251.0,0.0,0.0,0.0
201001.0,,,10437.0,1.32,2500.0,46.0,0.0,201.0,,,,201.0,0.0,1.0,,,,,,,2018-03-12,,,1.0,0.0,1.0,0.0
201006.0,,,10474.0,0.79,1500.0,57.0,0.0,201.0,,,,201.0,0.0,1.0,,,,,,,2018-04-09,,,6.0,0.0,0.0,0.0
201015.0,,,10474.0,0.79,1500.0,57.0,0.0,201.0,,,,201.0,0.0,1.0,,,,,,,2018-04-09,,,15.0,0.0,0.0,0.0
201022.0,,,10437.0,1.32,2500.0,46.0,0.0,201.0,,,,201.0,0.0,1.0,,,,,,,2018-03-08,,,22.0,0.0,0.0,0.0
201028.0,,,10435.0,1.06,2000.0,43.0,0.0,201.0,,,,201.0,0.0,1.0,,,,,,,2018-03-12,,,28.0,0.0,0.0,0.0
201029.0,,,10485.0,1.06,2000.0,69.0,0.0,201.0,,,,201.0,0.0,1.0,,,,,,,2018-03-24,,,29.0,0.0,0.0,0.0
201031.0,,,10437.0,1.5,3000.0,46.0,0.0,201.0,,,,201.0,0.0,1.0,,,,,,,2018-03-05,,,31.0,0.0,0.0,0.0
201056.0,,,10437.0,0.79,1500.0,46.0,0.0,201.0,,,,201.0,0.0,1.0,,,,,,,2018-03-02,,,56.0,0.0,0.0,0.0
201058.0,,,10437.0,0.79,1500.0,46.0,0.0,201.0,,,,201.0,0.0,1.0,,,,,,,2018-03-05,,,58.0,0.0,0.0,0.0
201072.0,,,10437.0,1.06,2000.0,46.0,0.0,201.0,,,,201.0,0.0,1.0,,,,,,,2018-03-08,,,72.0,0.0,0.0,0.0
201077.0,,,10474.0,1.06,2000.0,57.0,0.0,201.0,,,,201.0,0.0,1.0,,,,,,,2018-04-09,,,77.0,0.0,0.0,0.0
202036.0,,,10434.0,1.06,2000.0,41.0,0.0,202.0,,,,202.0,0.0,1.0,,,,,,,2018-03-07,,,36.0,0.0,0.0,0.0
202049.0,,,10433.0,1.5,3000.0,42.0,0.0,202.0,,,,202.0,0.0,1.0,,,,,,,2018-03-10,,,49.0,0.0,0.0,0.0
202070.0,,,10434.0,1.32,2500.0,41.0,0.0,202.0,,,,202.0,0.0,1.0,,,,,,,2018-02-27,,,70.0,0.0,0.0,0.0
202075.0,,,10433.0,0.79,1500.0,42.0,0.0,202.0,,,,202.0,0.0,1.0,,,,,,,2018-03-10,,,75.0,0.0,0.0,0.0
202090.0,,,10433.0,1.06,2000.0,42.0,0.0,202.0,,,,202.0,0.0,1.0,,,,,,,2018-03-10,,,90.0,0.0,0.0,0.0
202143.0,,,10434.0,0.79,1500.0,41.0,0.0,202.0,,,,202.0,0.0,1.0,,,,,,,2018-03-07,,,143.0,0.0,0.0,0.0
202144.0,,,10433.0,1.32,2500.0,42.0,0.0,202.0,,,,202.0,0.0,1.0,,,,,,,2018-03-06,,,144.0,0.0,0.0,0.0
202152.0,,,10434.0,1.06,2000.0,41.0,0.0,202.0,,,,202.0,0.0,1.0,,,,,,,2018-03-01,,,152.0,2.0,0.0,0.0
202157.0,,,10443.0,0.79,1500.0,41.0,0.0,202.0,,,,202.0,1.0,1.0,,,,,,,2018-03-13,,,157.0,0.0,0.0,0.0
202167.0,,,10434.0,0.79,1500.0,41.0,0.0,202.0,,,,202.0,0.0,1.0,,,,,,,2018-03-10,,,167.0,3.0,1.0,0.0
202168.0,,,10434.0,0.79,1500.0,41.0,0.0,202.0,,,,202.0,0.0,1.0,,,,,,,2018-03-09,,,168.0,0.0,0.0,0.0
202169.0,,,10434.0,1.06,2000.0,41.0,0.0,202.0,,,,202.0,0.0,1.0,,,,,,,2018-03-09,,,169.0,0.0,0.0,0.0
202179.0,,,10443.0,0.79,1500.0,41.0,0.0,202.0,,,,202.0,0.0,,1.0,,,,,,2018-03-13,,,179.0,0.0,0.0,0.0
202181.0,,,10443.0,1.06,2000.0,41.0,0.0,202.0,,,,202.0,1.0,1.0,,,,,,,2018-03-13,,,181.0,0.0,0.0,0.0
202198.0,,,10434.0,0.79,1500.0,41.0,0.0,202.0,,,,202.0,1.0,1.0,,,,,,,2018-03-07,,,198.0,0.0,0.0,0.0
203014.0,,,10448.0,1.06,2000.0,50.0,0.0,203.0,,,,203.0,0.0,1.0,,,,,,,2018-03-26,,,14.0,0.0,0.0,0.0
203016.0,,,10448.0,1.32,2500.0,50.0,0.0,203.0,,,,203.0,0.0,1.0,,,,,,,2018-03-24,,,16.0,0.0,0.0,0.0
203028.0,,,10448.0,1.32,2500.0,50.0,1.0,203.0,,,,203.0,0.0,1.0,,,,,,,2018-03-16,,,28.0,0.0,0.0,0.0
203039.0,,,10448.0,1.5,3000.0,50.0,0.0,203.0,,,,203.0,0.0,1.0,,,,,,,2018-03-24,,,39.0,0.0,0.0,0.0
203044.0,,,10450.0,0.79,1500.0,51.0,0.0,203.0,,,,203.0,0.0,1.0,,,,,,,2018-03-17,,,44.0,0.0,0.0,0.0
203047.0,,,10450.0,1.32,2500.0,51.0,0.0,203.0,,,,203.0,0.0,1.0,,,,,,,2018-03-20,,,47.0,0.0,0.0,0.0
203049.0,,,10450.0,1.32,2500.0,51.0,0.0,203.0,,,,203.0,0.0,1.0,,,,,,,2018-03-25,,,49.0,0.0,0.0,0.0
203051.0,,,10448.0,0.79,1500.0,50.0,0.0,203.0,,,,203.0,0.0,1.0,,,,,,,2018-03-19,,,51.0,1.0,0.0,0.0
203055.0,,,10450.0,0.79,1500.0,51.0,0.0,203.0,,,,203.0,0.0,1.0,,,,,,,2018-03-26,,,55.0,0.0,0.0,0.0
203069.0,,,10450.0,1.5,3000.0,51.0,0.0,203.0,,,,203.0,0.0,1.0,,,,,,,2018-03-22,,,69.0,0.0,0.0,0.0
203070.0,,,10450.0,0.79,1500.0,51.0,0.0,203.0,,,,203.0,0.0,1.0,,,,,,,2018-03-19,,,70.0,1.0,0.0,0.0
203084.0,,,10450.0,1.06,2000.0,51.0,0.0,203.0,,,,203.0,0.0,1.0,,,,,,,2018-03-21,,,84.0,0.0,0.0,0.0
203090.0,,,10450.0,0.79,1500.0,51.0,0.0,203.0,,,,203.0,0.0,1.0,,,,,,,2018-03-26,,,90.0,0.0,0.0,0.0
203095.0,,,10450.0,0.79,1500.0,51.0,0.0,203.0,,,,203.0,0.0,1.0,,,,,,,2018-03-24,,,95.0,0.0,0.0,0.0
203097.0,,,10450.0,4.66,8800.0,51.0,0.0,203.0,,,,203.0,1.0,,1.0,,,,,,2018-03-24,,,97.0,0.0,0.0,0.0
203101.0,,,10450.0,0.79,1500.0,51.0,0.0,203.0,,,,203.0,0.0,1.0,,,,,,,2018-03-20,,,101.0,0.0,0.0,0.0
203117.0,,,10450.0,1.32,2500.0,51.0,1.0,203.0,,,,203.0,1.0,,,,,,,,2018-03-17,,,117.0,0.0,0.0,0.0
204002.0,,25.0,10.0,1.06,2000.0,10.0,0.0,204.0,10.0,,,204.0,1.0,1.0,,,1.0,,,2018-09-05,2018-06-05,0.0,0.0,,,,0.0
204005.0,,25.0,9.0,1.06,2000.0,,0.0,204.0,,1.0,,204.0,1.0,1.0,,,1.0,,,2018-09-05,2018-06-05,0.0,0.0,,,,0.0
204015.0,,30.0,95.0,1.32,2500.0,878.0,0.0,204.0,878.0,,,204.0,1.0,1.0,,,1.0,,,2018-09-05,2018-11-22,1.0,0.0,,,,0.0
204016.0,,30.0,97.0,3.49,6600.0,878.0,1.0,204.0,878.0,,,204.0,1.0,,1.0,,1.0,,,2018-09-05,2018-11-22,1.0,0.0,,,,0.0
204050.0,,,81.0,1.32,2500.0,659.0,0.0,204.0,659.0,,,204.0,1.0,1.0,,,1.0,,,2018-09-05,2018-10-13,1.0,0.0,,,,0.0
204071.0,,27.0,59.0,1.59,3000.0,69.0,1.0,204.0,7.0,1.0,,204.0,0.0,1.0,,,,,,2018-09-05,2018-08-16,0.0,0.0,,,,0.0
204093.0,,27.0,58.0,0.79,1500.0,69.0,1.0,204.0,7.0,1.0,,204.0,0.0,1.0,,,,,,2018-09-05,2018-08-16,0.0,0.0,,,,0.0
205001.0,,5.0,96.0,0.79,1500.0,234.0,1.0,205.0,234.0,,,205.0,0.0,1.0,,,1.0,,,2018-11-15,2018-09-06,0.0,0.0,,,,0.0
205006.0,,28.0,176.0,3.49,6600.0,0.0,0.0,205.0,0.0,,,205.0,1.0,,1.0,,1.0,,,2018-11-15,2018-11-23,1.0,0.0,,,,0.0
205041.0,,30.0,99.0,1.06,2000.0,478.0,0.0,205.0,478.0,,,205.0,1.0,1.0,,,1.0,,,2018-11-15,2018-11-22,1.0,0.0,,,,0.0
205046.0,,10.0,67.0,1.06,2000.0,20.0,0.0,205.0,20.0,,,205.0,0.0,1.0,,,1.0,,,2018-11-15,2018-11-15,0.0,0.0,,,,0.0
205057.0,,10.0,69.0,1.32,2500.0,20.0,0.0,205.0,20.0,,,205.0,0.0,1.0,,,1.0,,,2018-11-15,2018-11-17,1.0,0.0,,,,0.0
206020.0,,,,1.06,2000.0,226.0,0.0,206.0,,,,206.0,,,,,,,,2018-09-12,2018-08-02,0.0,0.0,,,,0.0
206081.0,,99.0,72.0,1.06,2000.0,,1.0,206.0,1.0,1.0,,206.0,0.0,1.0,,,1.0,,,2018-09-12,2018-09-26,1.0,0.0,,,,0.0
207004.0,,,10462.0,0.79,1500.0,52.0,0.0,207.0,,,Non,207.0,0.0,1.0,,,,,,,2018-04-02,,,4.0,0.0,0.0,0.0
207038.0,,,10462.0,0.79,1500.0,52.0,1.0,207.0,,,Non,207.0,0.0,1.0,,,,,,,2018-04-03,,,38.0,0.0,0.0,0.0
207118.0,,,10462.0,1.06,2000.0,52.0,1.0,207.0,,,Non,207.0,0.0,1.0,,,,,,,2018-04-07,,,118.0,0.0,0.0,0.0
207119.0,,,10464.0,1.59,3000.0,53.0,0.0,207.0,,,Non,207.0,0.0,1.0,,,,,,,2018-04-12,,,119.0,0.0,0.0,0.0
207122.0,,,10464.0,1.32,2500.0,53.0,0.0,207.0,,,Non,207.0,0.0,1.0,,,,,,,2018-04-11,,,122.0,0.0,0.0,0.0
207124.0,,,10464.0,0.79,1500.0,53.0,0.0,207.0,,,Oui,207.0,0.0,1.0,,,,,,,2018-04-16,,,124.0,0.0,0.0,0.0
207199.0,,,10462.0,0.79,1500.0,52.0,0.0,207.0,,,Non,207.0,1.0,1.0,,,,,,,2018-04-07,,,199.0,0.0,0.0,0.0
207205.0,,,10464.0,1.32,2500.0,53.0,0.0,207.0,,,Oui,207.0,0.0,1.0,,,,,,,2018-04-16,,,205.0,0.0,0.0,0.0
208038.0,,,10461.0,1.06,2000.0,54.0,0.0,208.0,,,Non,208.0,0.0,1.0,,,,,,,2018-04-17,,,38.0,0.0,0.0,0.0
208039.0,,,10461.0,1.06,2000.0,54.0,0.0,208.0,,,Non,208.0,0.0,1.0,,,,,,,2018-04-17,,,39.0,0.0,0.0,0.0
208046.0,,,10461.0,0.79,1500.0,54.0,0.0,208.0,,,Non,208.0,0.0,1.0,,,,,,,2018-04-11,,,46.0,0.0,0.0,0.0
208048.0,,,10461.0,0.79,1500.0,54.0,0.0,208.0,,,Non,208.0,0.0,1.0,,,,,,,2018-04-11,,,48.0,0.0,0.0,0.0
208052.0,,,10463.0,0.79,1500.0,51.0,0.0,208.0,,,Non,208.0,0.0,1.0,,,,,,,2018-04-10,,,52.0,0.0,0.0,0.0
208059.0,,,10463.0,1.32,2500.0,51.0,0.0,208.0,,,Non,208.0,0.0,1.0,,,,,,,2018-04-11,,,59.0,0.0,0.0,0.0
208060.0,,,10461.0,1.59,3000.0,54.0,0.0,208.0,,,Non,208.0,0.0,1.0,,,,,,,2018-04-14,,,60.0,0.0,0.0,0.0
208061.0,,,10463.0,0.79,1500.0,51.0,0.0,208.0,,,Non,208.0,0.0,1.0,,,,,,,2018-04-20,,,61.0,0.0,0.0,0.0
208062.0,,,10463.0,1.06,2000.0,51.0,0.0,208.0,,,Non,208.0,0.0,1.0,,,,,,,2018-04-12,,,62.0,0.0,0.0,0.0
208070.0,,,10461.0,1.06,2000.0,54.0,0.0,208.0,,,Oui,208.0,0.0,1.0,,,,,,,2018-04-15,,,70.0,0.0,0.0,0.0
208075.0,,,10463.0,0.79,1500.0,51.0,1.0,208.0,,,Oui,208.0,0.0,1.0,,,,,,,2018-04-09,,,75.0,0.0,0.0,0.0
208078.0,,,10461.0,0.79,1500.0,54.0,0.0,208.0,,,Non,208.0,0.0,1.0,,,,,,,2018-04-15,,,78.0,0.0,0.0,0.0
208079.0,,,10463.0,1.59,3000.0,51.0,0.0,208.0,,,Non,208.0,0.0,1.0,,,,,,,2018-04-10,,,79.0,0.0,0.0,0.0
208080.0,,,10463.0,0.79,1500.0,51.0,0.0,208.0,,,Oui,208.0,0.0,1.0,,,,,,,2018-04-10,,,80.0,0.0,0.0,0.0
208087.0,,,10463.0,0.79,1500.0,51.0,0.0,208.0,,,Non,208.0,0.0,1.0,,,,,,,2018-04-10,,,87.0,0.0,0.0,0.0
208090.0,,,10461.0,1.06,2000.0,54.0,0.0,208.0,,,Non,208.0,0.0,1.0,,,,,,,2018-04-14,,,90.0,0.0,0.0,0.0
208093.0,,,10461.0,1.06,2000.0,54.0,0.0,208.0,,,Non,208.0,0.0,1.0,,,,,,,2018-04-10,,,93.0,0.0,0.0,0.0
208094.0,,,10461.0,0.79,1500.0,54.0,0.0,208.0,,,Non,208.0,0.0,1.0,,,,,,,2018-04-11,,,94.0,0.0,0.0,0.0
208103.0,,,10461.0,1.59,3000.0,54.0,0.0,208.0,,,Non,208.0,0.0,1.0,,,,,,,2018-04-16,,,103.0,0.0,0.0,0.0
208104.0,,,10463.0,0.79,1500.0,51.0,0.0,208.0,,,Non,208.0,0.0,1.0,,,,,,,2018-04-18,,,104.0,1.0,0.0,0.0
208105.0,,,10463.0,1.06,2000.0,51.0,0.0,208.0,,,Oui,208.0,0.0,1.0,,,,,,,2018-04-16,,,105.0,0.0,0.0,0.0
208122.0,,,10463.0,0.79,1500.0,51.0,0.0,208.0,,,Oui,208.0,0.0,1.0,,,,,,,2018-04-18,,,122.0,0.0,1.0,0.0
209030.0,,12.0,,5.82,11000.0,37.0,0.0,209.0,,,,209.0,,,,,,,,2018-07-15,2018-07-11,0.0,0.0,,,,0.0
210004.0,,,10449.0,3.49,6600.0,47.0,0.0,210.0,,,,210.0,1.0,,1.0,,,,,,2018-03-21,,,4.0,0.0,1.0,0.0
210030.0,,,10449.0,1.06,2000.0,47.0,0.0,210.0,,,,210.0,0.0,1.0,,,,,,,2018-03-21,,,30.0,0.0,0.0,0.0
210038.0,,,10449.0,1.06,2000.0,47.0,0.0,210.0,,,,210.0,0.0,1.0,,,,,,,2018-03-21,,,38.0,0.0,0.0,0.0
210040.0,,,10449.0,0.79,1500.0,47.0,0.0,210.0,,,,210.0,0.0,1.0,,,,,,,2018-03-21,,,40.0,0.0,0.0,0.0
210050.0,,,10449.0,1.32,2500.0,47.0,0.0,210.0,,,,210.0,0.0,1.0,,,,,,,2018-03-24,,,50.0,0.0,0.0,0.0
210056.0,,,10449.0,1.32,2500.0,47.0,0.0,210.0,,,,210.0,0.0,1.0,,,,,,,2018-03-21,,,56.0,0.0,0.0,0.0
210073.0,,,10449.0,0.79,1500.0,47.0,0.0,210.0,,,,210.0,0.0,1.0,,,,,,,2018-03-21,,,73.0,0.0,0.0,0.0
210108.0,,,10449.0,0.79,1500.0,47.0,0.0,210.0,,,,210.0,0.0,1.0,,,,,,,2018-03-21,,,108.0,0.0,1.0,0.0
210109.0,,,10449.0,0.79,1500.0,47.0,0.0,210.0,,,,210.0,0.0,1.0,,,,,,,2018-03-22,,,109.0,0.0,0.0,0.0
210112.0,,,10449.0,1.06,2000.0,47.0,0.0,210.0,,,,210.0,0.0,1.0,,,,,,,2018-03-24,,,112.0,0.0,0.0,0.0
210113.0,,,10449.0,0.79,1500.0,47.0,0.0,210.0,,,,210.0,0.0,1.0,,,,,,,2018-03-24,,,113.0,0.0,0.0,0.0
211001.0,,10.0,64.0,1.59,3000.0,45.0,0.0,211.0,45.0,,,211.0,0.0,1.0,,,1.0,,,2018-11-07,2018-11-01,0.0,0.0,,,,0.0
211008.0,,10.0,48.0,1.06,2000.0,45.0,0.0,211.0,45.0,,,211.0,0.0,1.0,,,1.0,,,2018-11-07,2018-10-14,0.0,0.0,,,,0.0
211070.0,,10.0,63.0,0.79,1500.0,45.0,0.0,211.0,45.0,,,211.0,0.0,1.0,,,1.0,,,2018-11-07,2018-10-22,0.0,0.0,,,,0.0
211092.0,,10.0,56.0,1.32,2500.0,55.0,0.0,211.0,55.0,,,211.0,0.0,1.0,,,1.0,,,2018-11-07,2018-10-16,0.0,0.0,,,,0.0
211100.0,,10.0,57.0,0.79,1500.0,55.0,0.0,211.0,55.0,,,211.0,0.0,1.0,,,1.0,,,2018-11-07,2018-10-16,0.0,0.0,,,,0.0
211110.0,,10.0,55.0,1.59,3000.0,45.0,0.0,211.0,45.0,,,211.0,0.0,1.0,,,1.0,,,2018-11-07,2018-10-16,0.0,0.0,,,,0.0
211111.0,,10.0,53.0,0.79,1500.0,45.0,0.0,211.0,45.0,,,211.0,0.0,1.0,,,1.0,,,2018-11-07,2018-10-16,0.0,0.0,,,,0.0
211114.0,,10.0,54.0,0.79,1500.0,45.0,0.0,211.0,45.0,,,211.0,0.0,1.0,,,1.0,,,2018-11-07,2018-10-16,0.0,0.0,,,,0.0
211130.0,,10.0,47.0,0.79,1500.0,45.0,0.0,211.0,45.0,,,211.0,0.0,1.0,,,1.0,,,2018-11-07,2018-10-14,0.0,0.0,,,,0.0
212006.0,,33.0,,1.06,2000.0,613.0,0.0,212.0,,,,212.0,,,,,,,,2018-08-29,2018-08-04,0.0,0.0,,,,0.0
212009.0,,99.0,104.0,1.32,2500.0,,0.0,212.0,,1.0,,212.0,0.0,1.0,,,1.0,,,2018-08-29,2018-11-13,1.0,0.0,,,,0.0
212011.0,,33.0,,1.59,3000.0,613.0,0.0,212.0,,,,212.0,,,,,,,,2018-08-29,2018-07-30,0.0,0.0,,,,0.0
212014.0,,,57.0,0.79,1500.0,613.0,0.0,212.0,613.0,,,212.0,0.0,1.0,,,,,,2018-08-29,2018-08-11,0.0,0.0,,,,0.0
212019.0,,33.0,,1.06,2000.0,213.0,0.0,212.0,,,,212.0,,,,,,,,2018-08-29,2018-08-03,0.0,0.0,,,,0.0
212023.0,,33.0,,3.49,6600.0,613.0,0.0,212.0,,,,212.0,,,,,,,,2018-08-29,2018-07-30,0.0,0.0,,,,0.0
212038.0,,33.0,62.0,5.82,11000.0,613.0,0.0,212.0,613.0,,,212.0,0.0,,1.0,,,,,2018-08-29,2018-08-18,0.0,0.0,,,,0.0
212046.0,,33.0,,0.79,1500.0,613.0,0.0,212.0,,,,212.0,,,,,,,,2018-08-29,2018-08-03,0.0,0.0,,,,0.0
212048.0,,33.0,,4.66,8800.0,213.0,0.0,212.0,,,,212.0,,,,,,,,2018-08-29,2018-08-03,0.0,0.0,,,,0.0
212052.0,,,58.0,0.79,1500.0,613.0,0.0,212.0,613.0,,,212.0,0.0,1.0,,,,,,2018-08-29,2018-08-11,0.0,0.0,,,,0.0
212056.0,,33.0,60.0,1.06,2000.0,613.0,0.0,212.0,613.0,,,212.0,0.0,1.0,,,,,,2018-08-29,2018-08-15,0.0,0.0,,,,0.0
212059.0,,88.0,,5.82,11000.0,613.0,0.0,212.0,613.0,,,212.0,0.0,,1.0,,1.0,,,2018-08-29,2018-09-08,1.0,0.0,,,,0.0
212060.0,,,56.0,4.66,8800.0,613.0,0.0,212.0,613.0,,,212.0,0.0,,1.0,,,,,2018-08-29,2018-08-10,0.0,0.0,,,,0.0
212081.0,,,53.0,1.59,3000.0,613.0,0.0,212.0,613.0,,,212.0,0.0,1.0,,,,,,2018-08-29,2018-08-08,0.0,0.0,,,,0.0
212082.0,,33.0,61.0,1.06,2000.0,213.0,0.0,212.0,213.0,,,212.0,0.0,1.0,,,,,,2018-08-29,2018-08-16,0.0,0.0,,,,0.0
212089.0,,33.0,59.0,1.32,2500.0,613.0,0.0,212.0,613.0,,,212.0,0.0,1.0,,,,,,2018-08-29,2018-08-15,0.0,0.0,,,,0.0
212097.0,,33.0,,1.32,2500.0,213.0,0.0,212.0,,,,212.0,,,,,,,,2018-08-29,2018-07-31,0.0,0.0,,,,0.0
212099.0,,,54.0,1.32,2500.0,613.0,0.0,212.0,613.0,,,212.0,0.0,1.0,,,,,,2018-08-29,2018-08-09,0.0,0.0,,,,0.0
212102.0,,99.0,107.0,6.99,13200.0,,0.0,212.0,613.0,1.0,,212.0,0.0,,1.0,,1.0,,,2018-08-29,2018-11-19,1.0,0.0,,,,0.0
212114.0,,33.0,63.0,5.82,11000.0,613.0,0.0,212.0,613.0,,,212.0,0.0,,1.0,,,,,2018-08-29,2018-08-22,0.0,0.0,,,,0.0
213010.0,,15.0,158.0,1.06,2000.0,653.0,0.0,213.0,653.0,,,213.0,1.0,1.0,,,1.0,,,2018-11-21,2018-11-17,0.0,0.0,,,,0.0
213012.0,,,127.0,1.32,2500.0,653.0,0.0,213.0,653.0,,,213.0,0.0,1.0,,,1.0,,,2018-11-21,2018-11-02,0.0,0.0,,,,0.0
213014.0,,,126.0,0.79,1500.0,253.0,0.0,213.0,253.0,,,213.0,0.0,1.0,,,1.0,,,2018-11-21,2018-11-02,0.0,0.0,,,,0.0
213018.0,,15.0,151.0,0.79,1500.0,253.0,0.0,213.0,253.0,,,213.0,0.0,1.0,,,1.0,,,2018-11-21,2018-11-14,0.0,0.0,,,,0.0
213020.0,,15.0,129.0,1.06,2000.0,653.0,0.0,213.0,653.0,,,213.0,0.0,1.0,,,1.0,,,2018-11-21,2018-11-02,0.0,0.0,,,,0.0
213028.0,,1.0,128.0,0.79,1500.0,253.0,0.0,213.0,253.0,,,213.0,0.0,1.0,,,1.0,,,2018-11-21,2018-11-02,0.0,0.0,,,,0.0
213050.0,,,125.0,1.06,2000.0,253.0,0.0,213.0,253.0,,,213.0,0.0,1.0,,,1.0,,,2018-11-21,2018-11-01,0.0,0.0,,,,0.0
213051.0,,15.0,139.0,0.79,1500.0,653.0,0.0,213.0,653.0,,,213.0,0.0,1.0,,,1.0,,,2018-11-21,2018-11-07,0.0,0.0,,,,0.0
213055.0,,,124.0,1.59,3000.0,,0.0,213.0,0.0,1.0,,213.0,0.0,1.0,,,1.0,,,2018-11-21,2018-10-31,0.0,0.0,,,,0.0
213059.0,,15.0,136.0,1.32,2500.0,253.0,0.0,213.0,253.0,,,213.0,0.0,1.0,,,1.0,,,2018-11-21,2018-11-05,0.0,0.0,,,,0.0
213060.0,,,130.0,1.32,2500.0,253.0,0.0,213.0,253.0,,,213.0,0.0,1.0,,,1.0,,,2018-11-21,2018-11-02,0.0,0.0,,,,0.0
213092.0,,15.0,140.0,1.32,2500.0,253.0,0.0,213.0,253.0,,,213.0,0.0,1.0,,,1.0,,,2018-11-21,2018-11-08,0.0,0.0,,,,0.0
213097.0,,15.0,144.0,1.59,3000.0,253.0,0.0,213.0,253.0,,,213.0,0.0,1.0,,,1.0,,,2018-11-21,2018-11-10,0.0,0.0,,,,0.0
213098.0,,15.0,141.0,1.59,3000.0,253.0,0.0,213.0,253.0,,,213.0,0.0,1.0,,,1.0,,,2018-11-21,2018-11-08,0.0,0.0,,,,0.0
213100.0,,,131.0,1.06,2000.0,253.0,0.0,213.0,253.0,,,213.0,0.0,1.0,,,1.0,,,2018-11-21,2018-11-02,0.0,0.0,,,,0.0
213131.0,,15.0,137.0,1.06,2000.0,253.0,0.0,213.0,253.0,,,213.0,0.0,1.0,,,1.0,,,2018-11-21,2018-11-07,0.0,0.0,,,,0.0
213133.0,,15.0,159.0,1.32,2500.0,253.0,0.0,213.0,253.0,,,213.0,0.0,1.0,,,1.0,,,2018-11-21,2018-11-17,0.0,0.0,,,,0.0
213134.0,,15.0,156.0,1.59,3000.0,253.0,1.0,213.0,253.0,,,213.0,0.0,1.0,,,1.0,,,2018-11-21,2018-11-17,0.0,0.0,,,,0.0
213135.0,,,134.0,1.06,2000.0,653.0,0.0,213.0,653.0,,,213.0,0.0,1.0,,,1.0,,,2018-11-21,2018-11-03,0.0,0.0,,,,0.0
213139.0,,,132.0,1.06,2000.0,253.0,0.0,213.0,253.0,,,213.0,0.0,1.0,,,1.0,,,2018-11-21,2018-11-03,0.0,0.0,,,,0.0
213157.0,,15.0,143.0,1.06,2000.0,253.0,0.0,213.0,253.0,,,213.0,0.0,1.0,,,1.0,,,2018-11-21,2018-11-10,0.0,0.0,,,,0.0
213160.0,,15.0,138.0,1.32,2500.0,653.0,0.0,213.0,653.0,,,213.0,0.0,1.0,,,1.0,,,2018-11-21,2018-11-07,0.0,0.0,,,,0.0
213164.0,,15.0,157.0,0.79,1500.0,653.0,0.0,213.0,653.0,,,213.0,0.0,1.0,,,1.0,,,2018-11-21,2018-11-17,0.0,0.0,,,,0.0
213168.0,,15.0,153.0,1.59,3000.0,253.0,0.0,213.0,253.0,,,213.0,0.0,1.0,,,1.0,,,2018-11-21,2018-11-15,0.0,0.0,,,,0.0
213170.0,,15.0,160.0,1.06,2000.0,653.0,1.0,213.0,653.0,,,213.0,0.0,1.0,,,1.0,,,2018-11-21,2018-11-17,0.0,0.0,,,,0.0
213181.0,,,135.0,1.32,2500.0,253.0,0.0,213.0,253.0,,,213.0,0.0,1.0,,,1.0,,,2018-11-21,2018-11-03,0.0,0.0,,,,0.0
213197.0,,,133.0,0.79,1500.0,653.0,0.0,213.0,653.0,,,213.0,0.0,1.0,,,1.0,,,2018-11-21,2018-11-03,0.0,0.0,,,,0.0
213200.0,,15.0,146.0,3.49,6600.0,253.0,0.0,213.0,253.0,,,213.0,1.0,,1.0,,1.0,,,2018-11-21,2018-11-11,0.0,0.0,,,,0.0
214005.0,,8.0,134.0,1.32,2500.0,,1.0,214.0,,1.0,,214.0,0.0,1.0,,,1.0,,,2018-12-04,2018-11-26,0.0,0.0,,,,0.0
214022.0,,8.0,153.0,0.79,1500.0,,1.0,214.0,,1.0,,214.0,0.0,1.0,,,1.0,,,2018-12-04,2018-11-30,0.0,0.0,,,,0.0
214023.0,,8.0,136.0,1.32,2500.0,,1.0,214.0,,1.0,,214.0,0.0,1.0,,,1.0,,,2018-12-04,2018-11-28,0.0,0.0,,,,0.0
214029.0,,8.0,152.0,1.32,2500.0,,1.0,214.0,,1.0,,214.0,0.0,1.0,,,1.0,,,2018-12-04,2018-11-30,0.0,0.0,,,,0.0
214033.0,,8.0,139.0,1.06,2000.0,,1.0,214.0,,1.0,,214.0,0.0,1.0,,,1.0,,,2018-12-04,2018-11-28,0.0,0.0,,,,0.0
214045.0,,8.0,151.0,0.79,1500.0,,1.0,214.0,,1.0,,214.0,0.0,1.0,,,1.0,,,2018-12-04,2018-11-30,0.0,0.0,,,,0.0
214155.0,,8.0,149.0,1.32,2500.0,,1.0,214.0,,1.0,,214.0,0.0,1.0,,,1.0,,,2018-12-04,2018-11-29,0.0,0.0,,,,0.0
214159.0,,8.0,135.0,1.06,2000.0,,1.0,214.0,,1.0,,214.0,0.0,1.0,,,1.0,,,2018-12-04,2018-11-27,0.0,0.0,,,,0.0
214165.0,,8.0,133.0,1.06,2000.0,658.0,1.0,214.0,658.0,,,214.0,0.0,1.0,,,1.0,,,2018-12-04,2018-11-21,0.0,0.0,,,,0.0
214213.0,,8.0,150.0,1.32,2500.0,,1.0,214.0,,1.0,,214.0,0.0,1.0,,,1.0,,,2018-12-04,2018-11-29,0.0,0.0,,,,0.0
214236.0,,8.0,148.0,0.79,1500.0,,1.0,214.0,,1.0,,214.0,0.0,1.0,,,1.0,,,2018-12-04,2018-11-29,0.0,0.0,,,,0.0
215011.0,,46.0,157.0,1.59,3000.0,198.0,0.0,215.0,198.0,,,215.0,0.0,1.0,,,1.0,,,2018-12-18,2018-12-15,0.0,0.0,,,,0.0
215013.0,,46.0,150.0,1.32,2500.0,198.0,0.0,215.0,198.0,,,215.0,0.0,1.0,,,1.0,,,2018-12-18,2018-12-12,0.0,0.0,,,,0.0
215014.0,,46.0,162.0,1.06,2000.0,198.0,0.0,215.0,198.0,,,215.0,0.0,1.0,,,1.0,,,2018-12-18,2018-12-17,0.0,0.0,,,,0.0
215026.0,,46.0,163.0,1.59,3000.0,198.0,0.0,215.0,198.0,,,215.0,0.0,1.0,,,1.0,,,2018-12-18,2018-12-17,0.0,0.0,,,,0.0
215027.0,,46.0,149.0,1.32,2500.0,198.0,0.0,215.0,198.0,,,215.0,0.0,1.0,,,1.0,,,2018-12-18,2018-12-12,0.0,0.0,,,,0.0
215028.0,,46.0,153.0,1.32,2500.0,198.0,0.0,215.0,198.0,,,215.0,0.0,1.0,,,1.0,,,2018-12-18,2018-12-13,0.0,0.0,,,,0.0
215029.0,,46.0,156.0,0.79,1500.0,198.0,0.0,215.0,198.0,,,215.0,0.0,1.0,,,1.0,,,2018-12-18,2018-12-14,0.0,0.0,,,,0.0
215040.0,,46.0,148.0,0.79,1500.0,198.0,0.0,215.0,198.0,,,215.0,0.0,1.0,,,1.0,,,2018-12-18,2018-12-12,0.0,0.0,,,,0.0
215071.0,,46.0,159.0,1.06,2000.0,198.0,0.0,215.0,198.0,,,215.0,0.0,1.0,,,1.0,,,2018-12-18,2018-12-17,0.0,0.0,,,,0.0
215074.0,,46.0,160.0,1.06,2000.0,198.0,0.0,215.0,198.0,,,215.0,0.0,1.0,,,1.0,,,2018-12-18,2018-12-17,0.0,0.0,,,,0.0
215096.0,,46.0,158.0,1.06,2000.0,198.0,0.0,215.0,198.0,,,215.0,0.0,1.0,,,1.0,,,2018-12-18,2018-12-17,0.0,0.0,,,,0.0
215112.0,,46.0,151.0,0.79,1500.0,198.0,0.0,215.0,198.0,,,215.0,0.0,1.0,,,1.0,,,2018-12-18,2018-12-13,0.0,0.0,,,,0.0
215122.0,,46.0,155.0,1.59,3000.0,198.0,0.0,215.0,198.0,,,215.0,0.0,1.0,,,1.0,,,2018-12-18,2018-12-14,0.0,0.0,,,,0.0
215140.0,,46.0,154.0,1.06,2000.0,198.0,0.0,215.0,198.0,,,215.0,0.0,1.0,,,1.0,,,2018-12-18,2018-12-14,0.0,0.0,,,,0.0
216001.0,,42.0,63.0,0.79,1500.0,66.0,0.0,216.0,66.0,,,216.0,0.0,1.0,,,1.0,,,2018-09-12,2018-09-03,0.0,0.0,,,,0.0
216003.0,,12.0,53.0,0.79,1500.0,103.0,0.0,216.0,103.0,,,216.0,0.0,1.0,,,1.0,,,2018-09-12,2018-08-30,0.0,0.0,,,,0.0
216004.0,,22.0,106.0,0.79,1500.0,66.0,0.0,216.0,66.0,,,216.0,0.0,1.0,,,1.0,,,2018-09-12,2018-09-22,1.0,0.0,,,,0.0
216006.0,,12.0,36.0,1.06,2000.0,66.0,0.0,216.0,66.0,,,216.0,0.0,1.0,,,1.0,,,2018-09-12,2018-08-26,0.0,0.0,,,,0.0
216009.0,,12.0,52.0,0.79,1500.0,66.0,0.0,216.0,66.0,,,216.0,0.0,1.0,,,1.0,,,2018-09-12,2018-08-30,0.0,0.0,,,,0.0
216011.0,,12.0,37.0,4.66,8800.0,66.0,0.0,216.0,66.0,,,216.0,0.0,,1.0,,1.0,,,2018-09-12,2018-08-26,0.0,0.0,,,,0.0
216016.0,,12.0,45.0,1.59,3000.0,103.0,0.0,216.0,103.0,,,216.0,0.0,1.0,,,1.0,,,2018-09-12,2018-08-29,0.0,0.0,,,,0.0
216021.0,,12.0,38.0,1.32,2500.0,103.0,0.0,216.0,103.0,,,216.0,0.0,1.0,,,1.0,,,2018-09-12,2018-08-26,0.0,0.0,,,,0.0
216033.0,,12.0,47.0,0.79,1500.0,103.0,0.0,216.0,103.0,,,216.0,0.0,1.0,,,1.0,,,2018-09-12,2018-08-29,0.0,0.0,,,,0.0
216036.0,,22.0,107.0,1.06,2000.0,66.0,0.0,216.0,66.0,,,216.0,0.0,1.0,,,1.0,,,2018-09-12,2018-09-22,1.0,0.0,,,,0.0
216042.0,,12.0,48.0,0.79,1500.0,66.0,0.0,216.0,66.0,,,216.0,0.0,1.0,,,1.0,,,2018-09-12,2018-08-29,0.0,0.0,,,,0.0
216055.0,,42.0,57.0,0.79,1500.0,103.0,0.0,216.0,103.0,,,216.0,1.0,1.0,,,1.0,,,2018-09-12,2018-09-02,0.0,0.0,,,,0.0
216060.0,,42.0,59.0,0.79,1500.0,103.0,0.0,216.0,103.0,,,216.0,0.0,1.0,,,1.0,,,2018-09-12,2018-09-02,0.0,0.0,,,,0.0
216067.0,,42.0,64.0,0.79,1500.0,103.0,0.0,216.0,103.0,,,216.0,1.0,1.0,,,1.0,,,2018-09-12,2018-09-04,0.0,0.0,,,,0.0
216071.0,,12.0,39.0,1.06,2000.0,66.0,0.0,216.0,66.0,,,216.0,0.0,1.0,,,1.0,,,2018-09-12,2018-08-26,0.0,0.0,,,,0.0
216072.0,,12.0,49.0,0.79,1500.0,103.0,0.0,216.0,103.0,,,216.0,0.0,1.0,,,1.0,,,2018-09-12,2018-08-29,0.0,0.0,,,,0.0
216079.0,,12.0,40.0,1.06,2000.0,103.0,0.0,216.0,103.0,,,216.0,1.0,1.0,,,1.0,,,2018-09-12,2018-08-26,0.0,0.0,,,,0.0
216081.0,,42.0,58.0,1.32,2500.0,66.0,0.0,216.0,66.0,,,216.0,0.0,1.0,,,1.0,,,2018-09-12,2018-09-02,0.0,0.0,,,,0.0
216094.0,,12.0,41.0,0.79,1500.0,66.0,0.0,216.0,66.0,,,216.0,0.0,1.0,,,1.0,,,2018-09-12,2018-08-26,0.0,0.0,,,,0.0
216103.0,,12.0,42.0,1.06,2000.0,103.0,0.0,216.0,103.0,,,216.0,0.0,1.0,,,1.0,,,2018-09-12,2018-08-26,0.0,0.0,,,,0.0
216110.0,,22.0,117.0,1.32,2500.0,66.0,0.0,216.0,66.0,,,216.0,0.0,1.0,,,1.0,,,2018-09-12,2018-09-26,1.0,0.0,,,,0.0
216111.0,,42.0,62.0,1.59,3000.0,66.0,0.0,216.0,66.0,,,216.0,0.0,1.0,,,1.0,,,2018-09-12,2018-09-02,0.0,0.0,,,,0.0
216124.0,,42.0,73.0,1.32,2500.0,103.0,0.0,216.0,103.0,,,216.0,0.0,1.0,,,1.0,,,2018-09-12,2018-09-04,0.0,0.0,,,,0.0
216126.0,,12.0,29.0,0.79,1500.0,103.0,0.0,216.0,103.0,,,216.0,0.0,1.0,,,1.0,,,2018-09-12,2018-08-24,0.0,0.0,,,,0.0
216127.0,,12.0,28.0,1.59,3000.0,66.0,0.0,216.0,66.0,,,216.0,0.0,1.0,,,1.0,,,2018-09-12,2018-08-24,0.0,0.0,,,,0.0
216141.0,,42.0,60.0,1.06,2000.0,66.0,0.0,216.0,66.0,,,216.0,0.0,1.0,,,1.0,,,2018-09-12,2018-09-02,0.0,0.0,,,,0.0
216144.0,,42.0,65.0,1.06,2000.0,66.0,0.0,216.0,66.0,,,216.0,0.0,1.0,,,1.0,,,2018-09-12,2018-09-04,0.0,0.0,,,,0.0
216164.0,,12.0,51.0,0.79,1500.0,103.0,0.0,216.0,103.0,,,216.0,1.0,1.0,,,1.0,,,2018-09-12,2018-08-30,0.0,0.0,,,,0.0
216177.0,,42.0,78.0,0.79,1500.0,66.0,0.0,216.0,66.0,,,216.0,0.0,1.0,,,1.0,,,2018-09-12,2018-09-06,0.0,0.0,,,,0.0
216186.0,,12.0,30.0,0.79,1500.0,103.0,0.0,216.0,103.0,,,216.0,0.0,1.0,,,1.0,,,2018-09-12,2018-08-24,0.0,0.0,,,,0.0
216190.0,,12.0,32.0,0.79,1500.0,103.0,0.0,216.0,103.0,,,216.0,0.0,1.0,,,1.0,,,2018-09-12,2018-08-24,0.0,0.0,,,,0.0
216196.0,,12.0,31.0,1.06,2000.0,66.0,0.0,216.0,66.0,,,216.0,0.0,1.0,,,1.0,,,2018-09-12,2018-08-24,0.0,0.0,,,,0.0
216204.0,,22.0,101.0,0.79,1500.0,66.0,0.0,216.0,66.0,,,216.0,1.0,1.0,,,1.0,,,2018-09-12,2018-09-21,1.0,0.0,,,,0.0
216205.0,,42.0,74.0,1.32,2500.0,66.0,0.0,216.0,66.0,,,216.0,0.0,1.0,,,1.0,,,2018-09-12,2018-09-04,0.0,0.0,,,,0.0
216213.0,,42.0,79.0,1.06,2000.0,66.0,0.0,216.0,66.0,,,216.0,0.0,1.0,,,1.0,,,2018-09-12,2018-09-07,0.0,0.0,,,,0.0
216224.0,,12.0,34.0,0.79,1500.0,66.0,0.0,216.0,66.0,,,216.0,0.0,1.0,,,1.0,,,2018-09-12,2018-08-25,0.0,0.0,,,,0.0
216254.0,,42.0,76.0,0.79,1500.0,103.0,0.0,216.0,103.0,,,216.0,0.0,1.0,,,1.0,,,2018-09-12,2018-09-05,0.0,0.0,,,,0.0
217010.0,,19.0,154.0,1.59,3000.0,66.0,0.0,217.0,66.0,,,217.0,0.0,1.0,,,1.0,,,2018-11-20,2018-11-16,0.0,0.0,,,,0.0
217029.0,,19.0,140.0,1.59,3000.0,66.0,0.0,217.0,66.0,,,217.0,0.0,1.0,,,1.0,,,2018-11-20,2018-11-05,0.0,0.0,,,,0.0
217076.0,,19.0,182.0,1.06,2000.0,66.0,0.0,217.0,66.0,,,217.0,0.0,1.0,,,1.0,,,2018-11-20,2018-11-21,1.0,0.0,,,,0.0
217102.0,,19.0,171.0,0.79,1500.0,66.0,0.0,217.0,66.0,,,217.0,0.0,1.0,,,1.0,,,2018-11-20,2018-11-20,0.0,0.0,,,,0.0
217104.0,,19.0,169.0,1.32,2500.0,66.0,0.0,217.0,66.0,,,217.0,0.0,1.0,,,1.0,,,2018-11-20,2018-11-20,0.0,0.0,,,,0.0
217135.0,,19.0,168.0,0.79,1500.0,128.0,0.0,217.0,128.0,,,217.0,0.0,1.0,,,1.0,,,2018-11-20,2018-11-19,0.0,0.0,,,,0.0
217151.0,,19.0,141.0,0.79,1500.0,66.0,0.0,217.0,66.0,,,217.0,0.0,1.0,,,1.0,,,2018-11-20,2018-11-07,0.0,0.0,,,,0.0
217153.0,,19.0,170.0,1.32,2500.0,128.0,0.0,217.0,128.0,,,217.0,0.0,1.0,,,1.0,,,2018-11-20,2018-11-20,0.0,0.0,,,,0.0
217154.0,,19.0,156.0,0.79,1500.0,66.0,0.0,217.0,66.0,,,217.0,0.0,1.0,,,1.0,,,2018-11-20,2018-11-17,0.0,0.0,,,,0.0
217155.0,,19.0,155.0,1.32,2500.0,128.0,0.0,217.0,128.0,,,217.0,0.0,1.0,,,1.0,,,2018-11-20,2018-11-17,0.0,0.0,,,,0.0
217159.0,,19.0,142.0,0.79,1500.0,66.0,0.0,217.0,66.0,,,217.0,0.0,1.0,,,1.0,,,2018-11-20,2018-11-07,0.0,0.0,,,,0.0
217161.0,,19.0,157.0,1.06,2000.0,128.0,0.0,217.0,128.0,,,217.0,0.0,1.0,,,1.0,,,2018-11-20,2018-11-17,0.0,0.0,,,,0.0
217163.0,,19.0,172.0,1.06,2000.0,128.0,0.0,217.0,128.0,,,217.0,0.0,1.0,,,1.0,,,2018-11-20,2018-11-20,0.0,0.0,,,,0.0
217182.0,,19.0,143.0,0.79,1500.0,128.0,0.0,217.0,128.0,,,217.0,0.0,1.0,,,1.0,,,2018-11-20,2018-11-07,0.0,0.0,,,,0.0
217203.0,,19.0,167.0,0.79,1500.0,66.0,0.0,217.0,66.0,,,217.0,0.0,1.0,,,1.0,,,2018-11-20,2018-11-19,0.0,0.0,,,,0.0
217205.0,,19.0,144.0,0.79,1500.0,66.0,0.0,217.0,66.0,,,217.0,0.0,1.0,,,1.0,,,2018-11-20,2018-11-08,0.0,0.0,,,,0.0
217226.0,,19.0,166.0,4.66,8800.0,128.0,0.0,217.0,128.0,,,217.0,0.0,,1.0,,1.0,,,2018-11-20,2018-11-19,0.0,0.0,,,,0.0
217227.0,,19.0,181.0,1.06,2000.0,66.0,0.0,217.0,66.0,,,217.0,0.0,1.0,,,1.0,,,2018-11-20,2018-11-21,1.0,0.0,,,,0.0
217228.0,,19.0,145.0,0.79,1500.0,128.0,0.0,217.0,128.0,,,217.0,0.0,1.0,,,1.0,,,2018-11-20,2018-11-08,0.0,0.0,,,,0.0
217233.0,,19.0,146.0,1.59,3000.0,66.0,0.0,217.0,66.0,,,217.0,0.0,1.0,,,1.0,,,2018-11-20,2018-11-08,0.0,0.0,,,,0.0
217234.0,,19.0,180.0,0.79,1500.0,128.0,0.0,217.0,128.0,,,217.0,0.0,1.0,,,1.0,,,2018-11-20,2018-11-21,1.0,0.0,,,,0.0
218009.0,,22.0,171.0,1.06,2000.0,127.0,0.0,218.0,127.0,,,218.0,0.0,1.0,,,1.0,,,2018-11-20,2018-11-14,0.0,0.0,,,,0.0
218021.0,,22.0,173.0,1.06,2000.0,71.0,0.0,218.0,71.0,,,218.0,0.0,1.0,,,1.0,,,2018-11-20,2018-11-15,0.0,0.0,,,,0.0
218028.0,,22.0,170.0,1.06,2000.0,71.0,0.0,218.0,71.0,,,218.0,0.0,1.0,,,1.0,,,2018-11-20,2018-11-14,0.0,0.0,,,,0.0
218030.0,,22.0,166.0,3.49,6600.0,71.0,0.0,218.0,71.0,,,218.0,1.0,,1.0,,1.0,,,2018-11-20,2018-11-12,0.0,0.0,,,,0.0
218040.0,,22.0,175.0,0.79,1500.0,71.0,0.0,218.0,71.0,,,218.0,0.0,1.0,,,1.0,,,2018-11-20,2018-11-15,0.0,0.0,,,,0.0
218071.0,,22.0,165.0,1.06,2000.0,27.0,0.0,218.0,127.0,1.0,,218.0,0.0,1.0,,,1.0,,,2018-11-20,2018-11-12,0.0,0.0,,,,0.0
218072.0,,22.0,168.0,1.06,2000.0,71.0,0.0,218.0,71.0,,,218.0,0.0,1.0,,,1.0,,,2018-11-20,2018-11-14,0.0,0.0,,,,0.0
218074.0,,22.0,178.0,0.79,1500.0,127.0,0.0,218.0,127.0,,,218.0,1.0,1.0,,,1.0,,,2018-11-20,2018-11-17,0.0,0.0,,,,0.0
218076.0,,22.0,164.0,1.06,2000.0,71.0,0.0,218.0,71.0,,,218.0,0.0,1.0,,,1.0,,,2018-11-20,2018-11-12,0.0,0.0,,,,0.0
218082.0,,22.0,179.0,1.59,3000.0,127.0,0.0,218.0,127.0,,,218.0,0.0,1.0,,,1.0,,,2018-11-20,2018-11-19,0.0,0.0,,,,0.0
218084.0,,22.0,169.0,0.79,1500.0,127.0,0.0,218.0,127.0,,,218.0,0.0,1.0,,,1.0,,,2018-11-20,2018-11-14,0.0,0.0,,,,0.0
218090.0,,22.0,163.0,1.32,2500.0,27.0,0.0,218.0,127.0,1.0,,218.0,0.0,1.0,,,1.0,,,2018-11-20,2018-11-12,0.0,0.0,,,,0.0
218094.0,,22.0,172.0,0.79,1500.0,71.0,0.0,218.0,71.0,,,218.0,0.0,1.0,,,1.0,,,2018-11-20,2018-11-15,0.0,0.0,,,,0.0
218100.0,,22.0,177.0,0.79,1500.0,127.0,0.0,218.0,127.0,,,218.0,0.0,1.0,,,1.0,,,2018-11-20,2018-11-17,0.0,0.0,,,,0.0
218103.0,,22.0,167.0,1.32,2500.0,71.0,0.0,218.0,71.0,,,218.0,0.0,1.0,,,1.0,,,2018-11-20,2018-11-14,0.0,0.0,,,,0.0
218107.0,,22.0,180.0,0.79,1500.0,,0.0,218.0,,1.0,,218.0,0.0,1.0,,,1.0,,,2018-11-20,2018-11-21,1.0,0.0,,,,0.0
218110.0,,22.0,162.0,0.79,1500.0,71.0,0.0,218.0,71.0,,,218.0,0.0,1.0,,,1.0,,,2018-11-20,2018-11-12,0.0,0.0,,,,0.0
218111.0,,22.0,174.0,0.79,1500.0,71.0,0.0,218.0,71.0,,,218.0,0.0,1.0,,,1.0,,,2018-11-20,2018-11-15,0.0,0.0,,,,0.0
218121.0,,22.0,181.0,1.06,2000.0,127.0,0.0,218.0,127.0,,,218.0,0.0,1.0,,,1.0,,,2018-11-20,2018-11-21,1.0,0.0,,,,0.0
219034.0,,27.0,,1.32,2500.0,253.0,1.0,219.0,,1.0,,219.0,0.0,1.0,,,1.0,,,2018-12-21,2018-12-05,0.0,0.0,,,,0.0
219058.0,,27.0,,1.59,3000.0,91.0,0.0,219.0,,1.0,,219.0,0.0,1.0,,,1.0,,,2018-12-21,2018-12-08,0.0,0.0,,,,0.0
219082.0,,27.0,,0.79,1500.0,91.0,0.0,219.0,,1.0,,219.0,1.0,1.0,,,1.0,,,2018-12-21,2018-12-10,0.0,0.0,,,,0.0
219090.0,,27.0,,1.32,2500.0,91.0,0.0,219.0,0.0,1.0,,219.0,0.0,1.0,,,1.0,,,2018-12-21,2018-12-07,0.0,0.0,,,,0.0
220010.0,,26.0,44.0,1.06,2000.0,64.0,0.0,220.0,64.0,,,220.0,0.0,1.0,,,1.0,,,2018-10-03,2018-09-11,0.0,0.0,,,,0.0
220020.0,,26.0,43.0,1.59,3000.0,64.0,0.0,220.0,64.0,,,220.0,0.0,1.0,,,1.0,,,2018-10-03,2018-09-11,0.0,0.0,,,,0.0
220021.0,,88.0,,0.79,1500.0,274.0,0.0,220.0,274.0,,,220.0,0.0,1.0,,,1.0,,,2018-10-03,2018-10-12,1.0,0.0,,,,0.0
220022.0,,88.0,,0.79,1500.0,274.0,0.0,220.0,274.0,,,220.0,0.0,1.0,,,1.0,,,2018-10-03,2018-10-12,1.0,0.0,,,,0.0
220031.0,,88.0,,1.06,2000.0,274.0,0.0,220.0,274.0,,,220.0,0.0,1.0,,,1.0,,,2018-10-03,2018-10-12,1.0,0.0,,,,0.0
220035.0,,88.0,,1.32,2500.0,274.0,0.0,220.0,274.0,,,220.0,0.0,1.0,,,1.0,,,2018-10-03,2018-10-12,1.0,0.0,,,,0.0
220065.0,,26.0,45.0,1.32,2500.0,64.0,0.0,220.0,64.0,,,220.0,0.0,1.0,,,1.0,,,2018-10-03,2018-09-12,0.0,0.0,,,,0.0
220077.0,,26.0,47.0,0.79,1500.0,64.0,0.0,220.0,64.0,,,220.0,0.0,1.0,,,1.0,,,2018-10-03,2018-09-13,0.0,0.0,,,,0.0
221007.0,,22.0,90.0,1.59,3000.0,35.0,0.0,221.0,35.0,,,221.0,0.0,1.0,,,1.0,,,2018-09-12,2018-09-01,0.0,0.0,,,,0.0
221013.0,,22.0,88.0,1.59,3000.0,44.0,0.0,221.0,44.0,,,221.0,0.0,1.0,,,1.0,,,2018-09-12,2018-08-29,0.0,0.0,,,,0.0
221061.0,,22.0,93.0,0.79,1500.0,35.0,0.0,221.0,35.0,,,221.0,0.0,1.0,,,1.0,,,2018-09-12,2018-09-05,0.0,0.0,,,,0.0
221064.0,,22.0,91.0,1.59,3000.0,35.0,0.0,221.0,35.0,,,221.0,0.0,1.0,,,1.0,,,2018-09-12,2018-09-04,0.0,0.0,,,,0.0
221099.0,,22.0,81.0,1.06,2000.0,44.0,0.0,221.0,44.0,,,221.0,0.0,1.0,,,1.0,,,2018-09-12,2018-08-23,0.0,0.0,,,,0.0
221119.0,,22.0,86.0,1.59,3000.0,35.0,0.0,221.0,35.0,,,221.0,0.0,1.0,,,1.0,,,2018-09-12,2018-08-26,0.0,0.0,,,,0.0
221128.0,,22.0,85.0,1.06,2000.0,44.0,0.0,221.0,44.0,,,221.0,0.0,1.0,,,1.0,,,2018-09-12,2018-08-26,0.0,0.0,,,,0.0
221129.0,,22.0,89.0,1.06,2000.0,44.0,0.0,221.0,44.0,,,221.0,1.0,1.0,,,1.0,,,2018-09-12,2018-08-29,0.0,0.0,,,,0.0
221139.0,,22.0,83.0,0.79,1500.0,44.0,0.0,221.0,44.0,,,221.0,0.0,1.0,,,1.0,,,2018-09-12,2018-08-25,0.0,0.0,,,,0.0
222001.0,,99.0,,1.06,2000.0,,0.0,222.0,,,,222.0,,,,,,,,2018-08-01,2018-07-02,0.0,0.0,,,,0.0
222017.0,,50.0,,0.79,1500.0,287.0,0.0,222.0,,,,222.0,,,,,,,,2018-08-01,2018-07-09,0.0,0.0,,,,0.0
222019.0,,50.0,,0.79,1500.0,52.0,0.0,222.0,,,,222.0,,,,,,,,2018-08-01,2018-07-09,0.0,0.0,,,,0.0
222032.0,,50.0,,1.59,3000.0,287.0,0.0,222.0,,,,222.0,,,,,,,,2018-08-01,2018-07-11,0.0,0.0,,,,0.0
222033.0,,,58.0,1.06,2000.0,618.0,1.0,222.0,618.0,,,222.0,0.0,1.0,,,,,,2018-08-01,2018-08-12,1.0,0.0,,,,0.0
222036.0,,50.0,,0.79,1500.0,287.0,0.0,222.0,,,,222.0,,,,,,,,2018-08-01,2018-07-09,0.0,0.0,,,,0.0
222037.0,,50.0,,0.79,1500.0,52.0,0.0,222.0,,,,222.0,,,,,,,,2018-08-01,2018-07-09,0.0,0.0,,,,0.0
222039.0,,50.0,,1.06,2000.0,52.0,0.0,222.0,,,,222.0,,,,,,,,2018-08-01,2018-07-09,0.0,0.0,,,,0.0
222047.0,,,43.0,0.79,1500.0,618.0,0.0,222.0,618.0,,,222.0,0.0,1.0,,,,,,2018-08-01,2018-08-07,1.0,0.0,,,,0.0
222049.0,,50.0,,0.79,1500.0,52.0,0.0,222.0,,,,222.0,,,,,,,,2018-08-01,2018-07-25,0.0,0.0,,,,0.0
222059.0,,50.0,,1.06,2000.0,52.0,0.0,222.0,,,,222.0,,,,,,,,2018-08-01,2018-07-13,0.0,0.0,,,,0.0
222063.0,,50.0,,4.66,8800.0,52.0,0.0,222.0,,,,222.0,,,,,,,,2018-08-01,2018-07-11,0.0,0.0,,,,0.0
222074.0,,50.0,,1.06,2000.0,287.0,0.0,222.0,,,,222.0,,,,,,,,2018-08-01,2018-07-23,0.0,0.0,,,,0.0
222078.0,,50.0,,0.79,1500.0,287.0,0.0,222.0,,,,222.0,,,,,,,,2018-08-01,2018-07-18,0.0,0.0,,,,0.0
222079.0,,50.0,,1.06,2000.0,287.0,0.0,222.0,,,,222.0,,,,,,,,2018-08-01,2018-07-23,0.0,0.0,,,,0.0
222091.0,,50.0,,1.32,2500.0,52.0,0.0,222.0,,,,222.0,,,,,,,,2018-08-01,2018-07-04,0.0,0.0,,,,0.0
222100.0,,50.0,,1.06,2000.0,52.0,0.0,222.0,,,,222.0,,,,,,,,2018-08-01,2018-07-30,0.0,0.0,,,,0.0
222113.0,,50.0,,1.59,3000.0,52.0,0.0,222.0,,,,222.0,,,,,,,,2018-08-01,2018-07-18,0.0,0.0,,,,0.0
222115.0,,50.0,,1.06,2000.0,52.0,0.0,222.0,,,,222.0,,,,,,,,2018-08-01,2018-07-13,0.0,0.0,,,,0.0
222118.0,,50.0,,1.59,3000.0,287.0,0.0,222.0,,,,222.0,,,,,,,,2018-08-01,2018-07-11,0.0,0.0,,,,0.0
222125.0,,50.0,,0.79,1500.0,278.0,0.0,222.0,,,,222.0,,,,,,,,2018-08-01,2018-07-13,0.0,0.0,,,,0.0
222134.0,,50.0,,0.79,1500.0,52.0,0.0,222.0,,,,222.0,,,,,,,,2018-08-01,2018-07-07,0.0,0.0,,,,0.0
222137.0,,50.0,,0.79,1500.0,52.0,0.0,222.0,,,,222.0,,,,,,,,2018-08-01,2018-07-23,0.0,0.0,,,,0.0
222141.0,,50.0,,1.59,3000.0,287.0,0.0,222.0,,,,222.0,,,,,,,,2018-08-01,2018-07-23,0.0,0.0,,,,0.0
222145.0,,50.0,,1.32,2500.0,52.0,0.0,222.0,,,,222.0,,,,,,,,2018-08-01,2018-07-07,0.0,0.0,,,,0.0
222148.0,,50.0,,0.79,1500.0,52.0,0.0,222.0,,,,222.0,,,,,,,,2018-08-01,2018-07-11,0.0,0.0,,,,0.0
222149.0,,50.0,,1.32,2500.0,52.0,0.0,222.0,,,,222.0,,,,,,,,2018-08-01,2018-07-18,0.0,0.0,,,,0.0
222150.0,,50.0,,5.82,11000.0,52.0,0.0,222.0,,,,222.0,,,,,,,,2018-08-01,2018-07-11,0.0,0.0,,,,0.0
222156.0,,50.0,,1.32,2500.0,287.0,0.0,222.0,,,,222.0,,,,,,,,2018-08-01,2018-07-05,0.0,0.0,,,,0.0
222169.0,,50.0,,1.32,2500.0,287.0,0.0,222.0,,,,222.0,,,,,,,,2018-08-01,2018-07-18,0.0,0.0,,,,0.0
222171.0,,50.0,,1.06,2000.0,52.0,0.0,222.0,,,,222.0,,,,,,,,2018-08-01,2018-07-05,0.0,0.0,,,,0.0
222175.0,,50.0,,1.32,2500.0,52.0,0.0,222.0,,,,222.0,,,,,,,,2018-08-01,2018-07-13,0.0,0.0,,,,0.0
222179.0,,50.0,,0.79,1500.0,287.0,0.0,222.0,,,,222.0,,,,,,,,2018-08-01,2018-07-05,0.0,0.0,,,,0.0
222188.0,,50.0,,1.06,2000.0,287.0,0.0,222.0,,,,222.0,,,,,,,,2018-08-01,2018-07-07,0.0,0.0,,,,0.0
222189.0,,50.0,,1.32,2500.0,287.0,0.0,222.0,,,,222.0,,,,,,,,2018-08-01,2018-07-18,0.0,0.0,,,,0.0
222192.0,,50.0,,1.32,2500.0,52.0,0.0,222.0,,,,222.0,,,,,,,,2018-08-01,2018-07-11,0.0,0.0,,,,0.0
222193.0,,50.0,,1.06,2000.0,287.0,0.0,222.0,,,,222.0,,,,,,,,2018-08-01,2018-07-06,0.0,0.0,,,,0.0
222200.0,,50.0,,1.59,3000.0,287.0,0.0,222.0,,,,222.0,,,,,,,,2018-08-01,2018-07-13,0.0,0.0,,,,0.0
222201.0,,50.0,,0.79,1500.0,287.0,0.0,222.0,,,,222.0,,,,,,,,2018-08-01,2018-07-07,0.0,0.0,,,,0.0
222203.0,,50.0,,1.32,2500.0,52.0,0.0,222.0,,,,222.0,,,,,,,,2018-08-01,2018-07-07,0.0,0.0,,,,0.0
222209.0,,50.0,,0.79,1500.0,287.0,0.0,222.0,,,,222.0,,,,,,,,2018-08-01,2018-07-20,0.0,0.0,,,,0.0
222215.0,,50.0,,1.32,2500.0,52.0,0.0,222.0,,,,222.0,,,,,,,,2018-08-01,2018-07-18,0.0,0.0,,,,0.0
222220.0,,50.0,,1.59,3000.0,52.0,0.0,222.0,,,,222.0,,,,,,,,2018-08-01,2018-07-06,0.0,0.0,,,,0.0
223013.0,,14.0,,1.59,3000.0,101.0,0.0,223.0,,,,223.0,,,,,,,,2018-08-15,2018-07-16,0.0,0.0,,,,0.0
223051.0,,14.0,,1.06,2000.0,101.0,0.0,223.0,,,,223.0,,,,,,,,2018-08-15,2018-07-31,0.0,0.0,,,,0.0
223066.0,,14.0,,0.79,1500.0,101.0,0.0,223.0,,,,223.0,,,,,,,,2018-08-15,2018-08-04,0.0,0.0,,,,0.0
223073.0,,14.0,,1.32,2500.0,101.0,0.0,223.0,,,,223.0,,,,,,,,2018-08-15,2018-08-10,0.0,0.0,,,,0.0
223081.0,,14.0,,1.32,2500.0,30.0,0.0,223.0,,,,223.0,,,,,,,,2018-08-15,2018-07-17,0.0,0.0,,,,0.0
223085.0,,14.0,,0.79,1500.0,101.0,0.0,223.0,,,,223.0,,,,,,,,2018-08-15,2018-07-17,0.0,0.0,,,,0.0
223092.0,,14.0,,1.06,2000.0,101.0,0.0,223.0,,,,223.0,,,,,,,,2018-08-15,2018-08-04,0.0,0.0,,,,0.0
224038.0,,19.0,189.0,0.79,1500.0,75.0,0.0,224.0,75.0,,,224.0,0.0,1.0,,,3.0,1.0,,2018-12-07,2018-11-29,0.0,0.0,,,,0.0
225059.0,,13.0,87.0,1.06,2000.0,77.0,0.0,225.0,77.0,,,225.0,1.0,1.0,,,1.0,,,2018-11-15,2018-11-06,0.0,0.0,,,,0.0
226009.0,,7.0,,1.32,2500.0,231.0,0.0,226.0,,,,226.0,,,,,,,,2018-08-29,2018-08-01,0.0,0.0,,,,0.0
226013.0,,,22.0,0.79,1500.0,631.0,0.0,226.0,631.0,,,226.0,0.0,1.0,,,,,,2018-08-29,2018-08-08,0.0,0.0,,,,0.0
226019.0,,7.0,23.0,0.79,1500.0,631.0,0.0,226.0,631.0,,,226.0,0.0,1.0,,,,,,2018-08-29,2018-08-23,0.0,0.0,,,,0.0
226024.0,,7.0,,1.59,3000.0,631.0,0.0,226.0,,,,226.0,,,,,,,,2018-08-29,2018-08-01,0.0,0.0,,,,0.0
226042.0,,7.0,25.0,0.79,1500.0,231.0,0.0,226.0,231.0,,,226.0,0.0,1.0,,,,,,2018-08-29,2018-08-23,0.0,0.0,,,,0.0
227023.0,,4.0,,1.32,2500.0,72.0,0.0,227.0,,1.0,,227.0,0.0,1.0,,,1.0,,,2018-10-03,2018-09-21,0.0,0.0,,,,0.0
227073.0,,4.0,238.0,0.79,1500.0,218.0,1.0,277.0,218.0,,,277.0,0.0,1.0,,,1.0,,,,2018-09-17,0.0,0.0,,,,0.0
227085.0,,4.0,236.0,1.06,2000.0,72.0,0.0,227.0,72.0,,,227.0,0.0,1.0,,,1.0,,,2018-10-03,2018-09-05,0.0,0.0,,,,0.0
227094.0,,4.0,,1.32,2500.0,18.0,0.0,227.0,,1.0,,227.0,0.0,1.0,,,1.0,,,2018-10-03,2018-09-24,0.0,0.0,,,,0.0
227096.0,,4.0,239.0,1.06,2000.0,72.0,1.0,277.0,72.0,,,277.0,0.0,1.0,,,1.0,,,,2018-09-17,0.0,0.0,,,,0.0
227114.0,,4.0,245.0,1.59,3000.0,218.0,0.0,227.0,218.0,,,227.0,0.0,1.0,,,1.0,,,2018-10-03,2018-09-28,0.0,0.0,,,,0.0
228001.0,,,44.0,1.06,2000.0,618.0,0.0,228.0,618.0,,,228.0,0.0,1.0,,,,,,2018-08-29,2018-08-08,0.0,0.0,,,,0.0
228003.0,,,45.0,0.79,1500.0,618.0,0.0,228.0,618.0,,,228.0,0.0,1.0,,,,,,2018-08-29,2018-08-08,0.0,0.0,,,,0.0
228004.0,,,49.0,0.79,1500.0,618.0,0.0,228.0,618.0,,,228.0,0.0,1.0,,,,,,2018-08-29,2018-08-09,0.0,0.0,,,,0.0
228006.0,,,53.0,0.79,1500.0,618.0,0.0,228.0,618.0,,,228.0,0.0,1.0,,,,,,2018-08-29,2018-08-10,0.0,0.0,,,,0.0
228007.0,,38.0,,0.79,1500.0,618.0,0.0,228.0,,,,228.0,,,,,,,,2018-08-29,2018-08-04,0.0,0.0,,,,0.0
228017.0,,,52.0,1.59,3000.0,618.0,0.0,228.0,618.0,,,228.0,0.0,1.0,,,,,,2018-08-29,2018-08-09,0.0,0.0,,,,0.0
228025.0,,38.0,65.0,1.59,3000.0,618.0,0.0,228.0,618.0,,,228.0,0.0,1.0,,,,,,2018-08-29,2018-08-23,0.0,0.0,,,,0.0
228027.0,,,59.0,0.79,1500.0,618.0,0.0,228.0,618.0,,,228.0,0.0,1.0,,,,,,2018-08-29,2018-08-12,0.0,0.0,,,,0.0
228028.0,,,68.0,1.06,2000.0,618.0,0.0,228.0,618.0,,,228.0,0.0,1.0,,,,,,2018-08-29,2018-08-23,0.0,0.0,,,,0.0
228029.0,,,57.0,0.79,1500.0,618.0,0.0,228.0,618.0,,,228.0,0.0,1.0,,,,,,2018-08-29,2018-08-12,0.0,0.0,,,,0.0
228036.0,,,46.0,0.79,1500.0,618.0,0.0,228.0,618.0,,,228.0,0.0,1.0,,,,,,2018-08-29,2018-08-08,0.0,0.0,,,,0.0
228037.0,,38.0,,1.32,2500.0,618.0,0.0,228.0,,,,228.0,,,,,,,,2018-08-29,2018-08-05,0.0,0.0,,,,0.0
228040.0,,38.0,69.0,1.32,2500.0,618.0,0.0,228.0,618.0,,,228.0,0.0,1.0,,,,,,2018-08-29,2018-08-24,0.0,0.0,,,,0.0
228041.0,,,67.0,1.59,3000.0,618.0,0.0,228.0,618.0,,,228.0,0.0,1.0,,,,,,2018-08-29,2018-08-23,0.0,0.0,,,,0.0
228042.0,,,56.0,1.06,2000.0,618.0,0.0,228.0,618.0,,,228.0,0.0,1.0,,,,,,2018-08-29,2018-08-12,0.0,0.0,,,,0.0
228045.0,,38.0,,0.79,1500.0,618.0,0.0,228.0,,,,228.0,,,,,,,,2018-08-29,2018-08-04,0.0,0.0,,,,0.0
228047.0,,,61.0,1.06,2000.0,618.0,0.0,228.0,618.0,,,228.0,0.0,1.0,,,,,,2018-08-29,2018-08-12,0.0,0.0,,,,0.0
228048.0,,38.0,63.0,0.79,1500.0,618.0,0.0,228.0,618.0,,,228.0,0.0,1.0,,,,,,2018-08-29,2018-08-16,0.0,0.0,,,,0.0
228049.0,,,55.0,1.06,2000.0,618.0,0.0,228.0,618.0,,,228.0,0.0,1.0,,,,,,2018-08-29,2018-08-11,0.0,0.0,,,,0.0
228050.0,,,47.0,0.79,1500.0,618.0,0.0,228.0,618.0,,,228.0,0.0,1.0,,,,,,2018-08-29,2018-08-08,0.0,0.0,,,,0.0
228057.0,,,51.0,0.79,1500.0,618.0,0.0,228.0,618.0,,,228.0,0.0,1.0,,,,,,2018-08-29,2018-08-09,0.0,0.0,,,,0.0
228059.0,,,60.0,1.32,2500.0,618.0,0.0,228.0,618.0,,,228.0,0.0,1.0,,,,,,2018-08-29,2018-08-12,0.0,0.0,,,,0.0
228062.0,,38.0,64.0,1.59,3000.0,618.0,0.0,228.0,618.0,,,228.0,0.0,1.0,,,,,,2018-08-29,2018-08-17,0.0,0.0,,,,0.0
228067.0,,38.0,,0.79,1500.0,618.0,0.0,228.0,,,,228.0,,,,,,,,2018-08-29,2018-08-03,0.0,0.0,,,,0.0
228087.0,,,48.0,1.32,2500.0,618.0,1.0,228.0,618.0,,,228.0,0.0,1.0,,,,,,2018-08-29,2018-08-08,0.0,0.0,,,,0.0
228094.0,,,54.0,1.32,2500.0,618.0,0.0,228.0,618.0,,,228.0,0.0,1.0,,,,,,2018-08-29,2018-08-10,0.0,0.0,,,,0.0
228097.0,,,50.0,0.79,1500.0,618.0,0.0,228.0,618.0,,,228.0,0.0,1.0,,,,,,2018-08-29,2018-08-09,0.0,0.0,,,,0.0
228105.0,,38.0,66.0,1.32,2500.0,618.0,0.0,228.0,618.0,,,228.0,0.0,1.0,,,,,,2018-08-29,2018-08-23,0.0,0.0,,,,0.0
229021.0,,32.0,127.0,0.79,1500.0,99.0,0.0,229.0,99.0,,,229.0,0.0,1.0,,,1.0,,,2018-11-20,2018-11-19,0.0,0.0,,,,0.0
229069.0,,32.0,118.0,1.59,3000.0,99.0,0.0,229.0,99.0,,,229.0,0.0,1.0,,,1.0,,,2018-11-20,2018-11-14,0.0,0.0,,,,0.0
229089.0,,32.0,119.0,0.79,1500.0,99.0,0.0,229.0,99.0,,,229.0,0.0,1.0,,,1.0,,,2018-11-20,2018-11-14,0.0,0.0,,,,0.0
229098.0,,32.0,120.0,1.06,2000.0,99.0,0.0,229.0,99.0,,,229.0,0.0,1.0,,,1.0,,,2018-11-20,2018-11-14,0.0,0.0,,,,0.0
230053.0,,42.0,92.0,0.79,1500.0,77.0,0.0,230.0,77.0,,,230.0,0.0,1.0,,,1.0,,,2018-10-10,2018-09-22,0.0,0.0,,,,0.0
230057.0,,42.0,91.0,1.06,2000.0,14.0,0.0,230.0,14.0,,,230.0,0.0,1.0,,,1.0,,,2018-10-10,2018-09-20,0.0,0.0,,,,0.0
230059.0,,42.0,83.0,0.79,1500.0,14.0,0.0,230.0,14.0,,,230.0,0.0,1.0,,,1.0,,,2018-10-10,2018-09-11,0.0,0.0,,,,0.0
231002.0,,24.0,,0.79,1500.0,77.0,0.0,231.0,,,,231.0,,,,,,,,2018-07-15,2018-06-28,0.0,0.0,,,,0.0
231009.0,,24.0,,0.79,1500.0,77.0,0.0,231.0,,,,231.0,,,,,,,,2018-07-15,2018-06-23,0.0,0.0,,,,0.0
231014.0,,24.0,,1.06,2000.0,77.0,0.0,231.0,,,,231.0,,,,,,,,2018-07-15,2018-06-20,0.0,0.0,,,,0.0
231016.0,,24.0,,0.79,1500.0,35.0,0.0,231.0,,,,231.0,,,,,,,,2018-07-15,2018-06-15,0.0,0.0,,,,0.0
231017.0,,24.0,,1.32,2500.0,77.0,0.0,231.0,,,,231.0,,,,,,,,2018-07-15,2018-06-23,0.0,0.0,,,,0.0
231019.0,,24.0,,1.06,2000.0,98.0,0.0,231.0,,,,231.0,,,,,,,,2018-07-15,2018-06-23,0.0,0.0,,,,0.0
231025.0,,24.0,,1.06,2000.0,98.0,0.0,231.0,,,,231.0,,,,,,,,2018-07-15,2018-06-20,0.0,0.0,,,,0.0
231036.0,,24.0,,1.32,2500.0,98.0,0.0,231.0,,,,231.0,,,,,,,,2018-07-15,2018-06-19,0.0,0.0,,,,0.0
231050.0,,24.0,,0.79,1500.0,98.0,0.0,231.0,,,,231.0,,,,,,,,2018-07-15,2018-07-09,0.0,0.0,,,,0.0
231051.0,,24.0,,1.59,3000.0,77.0,0.0,231.0,,,,231.0,,,,,,,,2018-07-15,2018-06-19,0.0,0.0,,,,0.0
231058.0,,24.0,,1.06,2000.0,98.0,0.0,231.0,,,,231.0,,,,,,,,2018-07-15,2018-07-07,0.0,0.0,,,,0.0
231062.0,,24.0,,1.32,2500.0,98.0,0.0,231.0,,,,231.0,,,,,,,,2018-07-15,2018-07-09,0.0,0.0,,,,0.0
231068.0,,24.0,,0.79,1500.0,77.0,0.0,231.0,,,,231.0,,,,,,,,2018-07-15,2018-07-10,0.0,0.0,,,,0.0
231076.0,,24.0,,1.06,2000.0,98.0,0.0,231.0,,,,231.0,,,,,,,,2018-07-15,2018-07-05,0.0,0.0,,,,0.0
231077.0,,24.0,,1.06,2000.0,77.0,0.0,231.0,,,,231.0,,,,,,,,2018-07-15,2018-06-20,0.0,0.0,,,,0.0
231078.0,,24.0,,0.79,1500.0,98.0,0.0,231.0,,,,231.0,,,,,,,,2018-07-15,2018-06-22,0.0,0.0,,,,0.0
231083.0,,24.0,,0.79,1500.0,98.0,0.0,231.0,,,,231.0,,,,,,,,2018-07-15,2018-06-19,0.0,0.0,,,,0.0
231087.0,,24.0,,1.06,2000.0,2.0,0.0,231.0,,,,231.0,,,,,,,,2018-07-15,2018-06-27,0.0,0.0,,,,0.0
232003.0,,18.0,,1.32,2500.0,,0.0,232.0,,,,232.0,,,,,,,,2018-07-24,2018-07-16,0.0,0.0,,,,0.0
232008.0,,18.0,,0.79,1500.0,217.0,0.0,232.0,,,,232.0,,,,,,,,2018-07-24,2018-07-10,0.0,0.0,,,,0.0
232018.0,,18.0,,1.06,2000.0,217.0,0.0,232.0,,,,232.0,,,,,,,,2018-07-24,2018-07-09,0.0,0.0,,,,0.0
232025.0,,18.0,,1.06,2000.0,,0.0,232.0,,,,232.0,,,,,,,,2018-07-24,2018-07-16,0.0,0.0,,,,0.0
232054.0,,18.0,,1.06,2000.0,,0.0,232.0,,,,232.0,,,,,,,,2018-07-24,2018-07-16,0.0,0.0,,,,0.0
232080.0,,18.0,,0.79,1500.0,217.0,0.0,232.0,,,,232.0,,,,,,,,2018-07-24,2018-07-04,0.0,0.0,,,,0.0
232087.0,,18.0,,0.79,1500.0,,0.0,232.0,,,,232.0,,,,,,,,2018-07-24,2018-07-16,0.0,0.0,,,,0.0
233013.0,,19.0,84.0,1.59,3000.0,82.0,0.0,233.0,82.0,,,233.0,0.0,1.0,,,1.0,,,2018-09-12,2018-08-30,0.0,0.0,,,,0.0
233016.0,,19.0,75.0,1.59,3000.0,90.0,0.0,233.0,90.0,,,233.0,0.0,1.0,,,1.0,,,2018-09-12,2018-08-28,0.0,0.0,,,,0.0
233019.0,,19.0,76.0,1.06,2000.0,82.0,0.0,233.0,82.0,,,233.0,0.0,1.0,,,1.0,,,2018-09-12,2018-08-28,0.0,0.0,,,,0.0
233041.0,,19.0,81.0,1.06,2000.0,82.0,0.0,233.0,82.0,,,233.0,0.0,1.0,,,1.0,,,2018-09-12,2018-08-28,0.0,0.0,,,,0.0
233048.0,,19.0,85.0,0.79,1500.0,90.0,0.0,233.0,90.0,,,233.0,0.0,1.0,,,1.0,,,2018-09-12,2018-08-30,0.0,0.0,,,,0.0
233068.0,,19.0,80.0,4.66,8800.0,90.0,0.0,233.0,90.0,,,233.0,0.0,,1.0,,1.0,,,2018-09-12,2018-08-28,0.0,0.0,,,,0.0
233081.0,,19.0,86.0,0.79,1500.0,82.0,0.0,233.0,82.0,,,233.0,0.0,1.0,,,1.0,,,2018-09-12,2018-08-30,0.0,0.0,,,,0.0
233109.0,,19.0,88.0,0.79,1500.0,90.0,0.0,233.0,90.0,,,233.0,0.0,1.0,,,1.0,,,2018-09-12,2018-09-04,0.0,0.0,,,,0.0
233117.0,,19.0,89.0,0.79,1500.0,82.0,0.0,233.0,82.0,,,233.0,0.0,1.0,,,1.0,,,2018-09-12,2018-09-04,0.0,0.0,,,,0.0
233119.0,,19.0,87.0,1.59,3000.0,82.0,0.0,233.0,82.0,,,233.0,0.0,1.0,,,1.0,,,2018-09-12,2018-09-03,0.0,0.0,,,,0.0
233149.0,,19.0,83.0,1.06,2000.0,90.0,0.0,233.0,90.0,,,233.0,0.0,1.0,,,1.0,,,2018-09-12,2018-08-30,0.0,0.0,,,,0.0
233155.0,,19.0,67.0,1.59,3000.0,82.0,0.0,233.0,82.0,,,233.0,0.0,1.0,,,1.0,,,2018-09-12,2018-08-25,0.0,0.0,,,,0.0
234001.0,,34.0,119.0,3.49,6600.0,260.0,0.0,234.0,260.0,,,234.0,1.0,,1.0,,1.0,,,2018-12-04,2018-11-20,0.0,0.0,,,,0.0
234020.0,,34.0,121.0,1.32,2500.0,260.0,0.0,234.0,260.0,,,234.0,0.0,1.0,,,1.0,,,2018-12-04,2018-11-27,0.0,0.0,,,,0.0
234032.0,,34.0,122.0,0.79,1500.0,660.0,0.0,234.0,660.0,,,234.0,0.0,1.0,,,1.0,,,2018-12-04,2018-11-28,0.0,0.0,,,,0.0
234067.0,,34.0,128.0,0.79,1500.0,260.0,0.0,234.0,260.0,,,234.0,0.0,1.0,,,1.0,,,2018-12-04,2018-11-30,0.0,0.0,,,,0.0
234088.0,,34.0,126.0,0.79,1500.0,660.0,0.0,234.0,660.0,,,234.0,0.0,1.0,,,1.0,,,2018-12-04,2018-11-30,0.0,0.0,,,,0.0
235005.0,,22.0,145.0,1.06,2000.0,66.0,0.0,235.0,66.0,,,235.0,0.0,1.0,,,1.0,,,2018-10-10,2018-10-05,0.0,0.0,,,,0.0
235009.0,,29.0,163.0,1.06,2000.0,66.0,0.0,235.0,66.0,,,235.0,0.0,1.0,,,1.0,,,2018-10-10,2018-10-13,1.0,0.0,,,,0.0
235024.0,,22.0,126.0,1.59,3000.0,66.0,0.0,235.0,66.0,,,235.0,0.0,1.0,,,1.0,,,2018-10-10,2018-09-29,0.0,0.0,,,,0.0
235029.0,,22.0,125.0,1.32,2500.0,99.0,0.0,235.0,99.0,,,235.0,0.0,1.0,,,1.0,,,2018-10-10,2018-09-29,0.0,0.0,,,,0.0
235034.0,,22.0,128.0,0.79,1500.0,66.0,0.0,235.0,66.0,,,235.0,0.0,1.0,,,1.0,,,2018-10-10,2018-09-30,0.0,0.0,,,,0.0
235038.0,,2.0,101.0,0.79,1500.0,99.0,0.0,235.0,99.0,,,235.0,0.0,1.0,,,1.0,,,2018-10-10,2018-09-12,0.0,0.0,,,,0.0
235042.0,,22.0,122.0,1.06,2000.0,,0.0,235.0,,1.0,,235.0,0.0,1.0,,,1.0,,,2018-10-10,2018-09-29,0.0,0.0,,,,0.0
235048.0,,22.0,123.0,0.79,1500.0,99.0,0.0,235.0,99.0,,,235.0,0.0,1.0,,,1.0,,,2018-10-10,2018-09-29,0.0,0.0,,,,0.0
235050.0,,22.0,131.0,3.49,6600.0,66.0,0.0,235.0,66.0,,,235.0,0.0,,1.0,,1.0,,,2018-10-10,2018-10-02,0.0,0.0,,,,0.0
235053.0,,22.0,138.0,0.79,1500.0,66.0,0.0,235.0,66.0,,,235.0,0.0,1.0,,,1.0,,,2018-10-10,2018-10-02,0.0,0.0,,,,0.0
235059.0,,22.0,105.0,0.79,1500.0,99.0,0.0,235.0,99.0,,,235.0,0.0,1.0,,,1.0,,,2018-10-10,2018-09-21,0.0,0.0,,,,0.0
235060.0,,22.0,133.0,0.79,1500.0,99.0,0.0,235.0,99.0,,,235.0,0.0,1.0,,,1.0,,,2018-10-10,2018-10-02,0.0,0.0,,,,0.0
235062.0,,22.0,137.0,0.79,1500.0,99.0,0.0,235.0,99.0,,,235.0,0.0,1.0,,,1.0,,,2018-10-10,2018-10-02,0.0,0.0,,,,0.0
235064.0,,22.0,136.0,1.06,2000.0,66.0,0.0,235.0,66.0,,,235.0,1.0,1.0,,,1.0,,,2018-10-10,2018-10-02,0.0,0.0,,,,0.0
235069.0,,22.0,104.0,1.32,2500.0,66.0,0.0,235.0,66.0,,,235.0,0.0,1.0,,,1.0,,,2018-10-10,2018-09-21,0.0,0.0,,,,0.0
235070.0,,22.0,140.0,1.59,3000.0,99.0,0.0,235.0,99.0,,,235.0,0.0,1.0,,,1.0,,,2018-10-10,2018-10-04,0.0,0.0,,,,0.0
235073.0,,22.0,103.0,1.06,2000.0,99.0,0.0,235.0,99.0,,,235.0,0.0,1.0,,,1.0,,,2018-10-10,2018-09-21,0.0,0.0,,,,0.0
235075.0,,22.0,102.0,1.06,2000.0,66.0,0.0,235.0,66.0,,,235.0,0.0,1.0,,,1.0,,,2018-10-10,2018-09-21,0.0,0.0,,,,0.0
235095.0,,22.0,121.0,1.06,2000.0,99.0,0.0,235.0,99.0,,,235.0,0.0,1.0,,,1.0,,,2018-10-10,2018-09-26,0.0,0.0,,,,0.0
235101.0,,22.0,97.0,1.32,2500.0,99.0,0.0,235.0,99.0,,,235.0,0.0,1.0,,,1.0,,,2018-10-10,2018-09-19,0.0,0.0,,,,0.0
235110.0,,22.0,134.0,1.06,2000.0,66.0,0.0,235.0,66.0,,,235.0,1.0,1.0,,,1.0,,,2018-10-10,2018-10-02,0.0,0.0,,,,0.0
235114.0,,22.0,112.0,1.32,2500.0,66.0,0.0,235.0,66.0,,,235.0,0.0,1.0,,,1.0,,,2018-10-10,2018-09-24,0.0,0.0,,,,0.0
235122.0,,22.0,142.0,0.79,1500.0,99.0,0.0,235.0,99.0,,,235.0,1.0,1.0,,,1.0,,,2018-10-10,2018-10-04,0.0,0.0,,,,0.0
235134.0,,22.0,141.0,0.79,1500.0,66.0,0.0,235.0,66.0,,,235.0,0.0,1.0,,,1.0,,,2018-10-10,2018-10-04,0.0,0.0,,,,0.0
235138.0,,22.0,143.0,1.06,2000.0,66.0,0.0,235.0,66.0,,,235.0,0.0,1.0,,,1.0,,,2018-10-10,2018-10-04,0.0,0.0,,,,0.0
236004.0,,9.0,76.0,1.59,3000.0,47.0,1.0,236.0,47.0,,,236.0,0.0,1.0,,,1.0,,,2018-09-12,2018-09-06,0.0,0.0,,,,0.0
236008.0,,9.0,77.0,1.06,2000.0,47.0,0.0,236.0,47.0,,,236.0,0.0,1.0,,,1.0,,,2018-09-12,2018-09-07,0.0,0.0,,,,0.0
236013.0,,9.0,75.0,0.79,1500.0,47.0,0.0,236.0,47.0,,,236.0,0.0,1.0,,,1.0,,,2018-09-12,2018-09-06,0.0,0.0,,,,0.0
236017.0,,9.0,72.0,0.79,1500.0,47.0,0.0,236.0,47.0,,,236.0,0.0,1.0,,,1.0,,,2018-09-12,2018-09-03,0.0,0.0,,,,0.0
236104.0,,8.0,69.0,0.79,1500.0,47.0,0.0,236.0,47.0,,,236.0,0.0,1.0,,,1.0,,,2018-09-12,2018-08-28,0.0,0.0,,,,0.0
236117.0,,8.0,70.0,0.79,1500.0,83.0,0.0,236.0,83.0,,,236.0,0.0,1.0,,,1.0,,,2018-09-12,2018-08-29,0.0,0.0,,,,0.0
236228.0,,99.0,70.0,1.06,2000.0,,1.0,236.0,,1.0,,236.0,0.0,1.0,,,1.0,,,2018-09-12,2018-09-11,0.0,0.0,,,,0.0
236277.0,,8.0,71.0,1.06,2000.0,83.0,0.0,236.0,833.0,1.0,,236.0,1.0,1.0,,,1.0,,,2018-09-12,2018-08-29,0.0,0.0,,,,0.0
236282.0,,9.0,73.0,1.32,2500.0,83.0,0.0,236.0,83.0,,,236.0,0.0,1.0,,,1.0,,,2018-09-12,2018-09-06,0.0,0.0,,,,0.0
237006.0,,32.0,68.0,1.06,2000.0,75.0,0.0,237.0,75.0,,,237.0,0.0,1.0,,,3.0,1.0,,2018-10-10,2018-09-13,0.0,0.0,,,,0.0
237012.0,,32.0,74.0,3.49,6600.0,75.0,0.0,237.0,75.0,,,237.0,0.0,,1.0,,1.0,,,2018-10-10,2018-09-25,0.0,0.0,,,,0.0
237034.0,,32.0,70.0,1.59,3000.0,75.0,0.0,237.0,75.0,,,237.0,0.0,1.0,,,1.0,,,2018-10-10,2018-09-18,0.0,0.0,,,,0.0
237052.0,,32.0,72.0,0.79,1500.0,75.0,0.0,237.0,75.0,,,237.0,0.0,1.0,,,1.0,,,2018-10-10,2018-09-19,0.0,0.0,,,,0.0
237054.0,,32.0,80.0,4.66,8800.0,27.0,0.0,237.0,27.0,,,237.0,0.0,,1.0,,1.0,,,2018-10-10,2018-09-27,0.0,0.0,,,,0.0
237068.0,,32.0,75.0,0.79,1500.0,27.0,0.0,237.0,27.0,,,237.0,0.0,1.0,,,1.0,,,2018-10-10,2018-09-25,0.0,0.0,,,,0.0
238029.0,,22.0,185.0,1.59,3000.0,101.0,0.0,238.0,101.0,,,238.0,0.0,1.0,,,1.0,,,2018-12-07,2018-12-06,0.0,0.0,,,,0.0
238046.0,,22.0,186.0,0.79,1500.0,99.0,0.0,238.0,99.0,,,238.0,0.0,1.0,,,1.0,,,2018-12-07,2018-12-06,0.0,0.0,,,,0.0
238066.0,,22.0,184.0,4.66,8800.0,99.0,0.0,238.0,99.0,,,238.0,0.0,,1.0,,3.0,1.0,,2018-12-07,2018-12-01,0.0,0.0,,,,0.0
239004.0,,34.0,,1.06,2000.0,75.0,0.0,239.0,,,,239.0,,,,,,,,2018-08-15,2018-08-01,0.0,0.0,,,,0.0
239013.0,,34.0,,1.32,2500.0,55.0,0.0,239.0,,,,239.0,,,,,,,,2018-08-15,2018-08-10,0.0,0.0,,,,0.0
239016.0,,34.0,,1.32,2500.0,75.0,0.0,239.0,,,,239.0,,,,,,,,2018-08-15,2018-07-31,0.0,0.0,,,,0.0
239027.0,,34.0,,1.06,2000.0,55.0,0.0,239.0,,,,239.0,,,,,,,,2018-08-15,2018-07-31,0.0,0.0,,,,0.0
239050.0,,34.0,,0.79,1500.0,55.0,0.0,239.0,,,,239.0,,,,,,,,2018-08-15,2018-07-30,0.0,0.0,,,,0.0
239064.0,,34.0,,1.32,2500.0,55.0,0.0,239.0,,,,239.0,,,,,,,,2018-08-15,2018-08-07,0.0,0.0,,,,0.0
239076.0,,34.0,,0.79,1500.0,55.0,0.0,239.0,,,,239.0,,,,,,,,2018-08-15,2018-07-30,0.0,0.0,,,,0.0
239079.0,,34.0,,1.59,3000.0,75.0,0.0,239.0,,,,239.0,,,,,,,,2018-08-15,2018-08-08,0.0,0.0,,,,0.0
239082.0,,34.0,,1.06,2000.0,75.0,0.0,239.0,,,,239.0,,,,,,,,2018-08-15,2018-07-30,0.0,0.0,,,,0.0
239084.0,,34.0,,1.06,2000.0,75.0,0.0,239.0,,,,239.0,,,,,,,,2018-08-15,2018-07-31,0.0,0.0,,,,0.0
240001.0,,10.0,,1.06,2000.0,716.0,0.0,240.0,,,,240.0,,,,,,,,2018-07-24,2018-07-09,0.0,0.0,,,,0.0
240004.0,,10.0,,0.79,1500.0,316.0,0.0,240.0,,,,240.0,,,,,,,,2018-07-24,2018-07-14,0.0,0.0,,,,0.0
240009.0,,10.0,,1.06,2000.0,316.0,0.0,240.0,,,,240.0,,,,,,,,2018-07-24,2018-07-03,0.0,0.0,,,,0.0
240011.0,,10.0,,1.06,2000.0,316.0,0.0,240.0,,,,240.0,,,,,,,,2018-07-24,2018-07-13,0.0,0.0,,,,0.0
240019.0,,10.0,,4.66,8800.0,316.0,0.0,240.0,,,,240.0,,,,,,,,2018-07-24,2018-07-23,0.0,0.0,,,,0.0
240029.0,,10.0,,1.59,3000.0,316.0,0.0,240.0,,,,240.0,,,,,,,,2018-07-24,2018-07-23,0.0,0.0,,,,0.0
240031.0,,10.0,,,1500.0,,0.0,240.0,,,,240.0,,,,,,,,2018-07-24,2018-06-29,0.0,0.0,,,,0.0
240036.0,,99.0,,1.06,2000.0,,0.0,240.0,,,,240.0,,,,,,,,2018-07-24,2018-07-30,1.0,0.0,,,,0.0
240059.0,,10.0,,4.66,8800.0,316.0,0.0,240.0,,,,240.0,,,,,,,,2018-07-24,2018-07-18,0.0,0.0,,,,0.0
240071.0,,10.0,,1.32,2500.0,316.0,0.0,240.0,,,,240.0,,,,,,,,2018-07-24,2018-07-19,0.0,0.0,,,,0.0
240075.0,,10.0,,1.32,2500.0,716.0,0.0,240.0,,,,240.0,,,,,,,,2018-07-24,2018-07-05,0.0,0.0,,,,0.0
240076.0,,10.0,,1.59,3000.0,716.0,0.0,240.0,,,,240.0,,,,,,,,2018-07-24,2018-07-05,0.0,0.0,,,,0.0
240079.0,,10.0,,1.32,2500.0,316.0,0.0,240.0,,,,240.0,,,,,,,,2018-07-24,2018-07-18,0.0,0.0,,,,0.0
240085.0,,10.0,,1.32,2500.0,316.0,0.0,240.0,,,,240.0,,,,,,,,2018-07-24,2018-07-04,0.0,0.0,,,,0.0
240090.0,,10.0,,1.06,2000.0,716.0,0.0,240.0,,,,240.0,,,,,,,,2018-07-24,2018-07-07,0.0,0.0,,,,0.0
240122.0,,10.0,,1.59,3000.0,316.0,0.0,240.0,,,,240.0,,,,,,,,2018-07-24,2018-07-18,0.0,0.0,,,,0.0
241015.0,,16.0,,0.79,1500.0,74.0,0.0,241.0,,,,241.0,,,,,,,,2018-07-15,2018-06-26,0.0,0.0,,,,0.0
241017.0,,16.0,,4.66,8800.0,76.0,0.0,241.0,,,,241.0,,,,,,,,2018-07-15,2018-07-12,0.0,0.0,,,,0.0
241020.0,,16.0,,0.79,1500.0,,0.0,241.0,,,,241.0,,,,,,,,2018-07-15,2018-06-20,0.0,0.0,,,,0.0
241032.0,,16.0,,1.59,3000.0,56.0,0.0,241.0,,,,241.0,,,,,,,,2018-07-15,2018-06-29,0.0,0.0,,,,0.0
241040.0,,16.0,,1.59,3000.0,74.0,0.0,241.0,,,,241.0,,,,,,,,2018-07-15,2018-06-27,0.0,0.0,,,,0.0
241052.0,,16.0,,1.06,2000.0,74.0,0.0,241.0,,,,241.0,,,,,,,,2018-07-15,2018-06-29,0.0,0.0,,,,0.0
241059.0,,16.0,,1.32,2500.0,74.0,0.0,241.0,,,,241.0,,,,,,,,2018-07-15,2018-07-04,0.0,0.0,,,,0.0
241060.0,,16.0,,1.06,2000.0,74.0,0.0,241.0,,,,241.0,,,,,,,,2018-07-15,2018-06-21,0.0,0.0,,,,0.0
242009.0,,,136.0,1.59,3000.0,751.0,0.0,242.0,751.0,,,242.0,0.0,1.0,,,1.0,,,2018-10-24,2018-10-12,0.0,0.0,,,,0.0
242022.0,,,123.0,0.79,1500.0,751.0,0.0,242.0,751.0,,,242.0,0.0,1.0,,,1.0,,,2018-10-24,2018-10-04,0.0,0.0,,,,0.0
242025.0,,,137.0,4.66,8800.0,,0.0,242.0,,1.0,,242.0,0.0,,1.0,,1.0,,,2018-10-24,2018-10-13,0.0,0.0,,,,0.0
242041.0,,,135.0,0.79,1500.0,351.0,0.0,242.0,351.0,,,242.0,0.0,1.0,,,1.0,,,2018-10-24,2018-10-12,0.0,0.0,,,,0.0
242047.0,,28.0,138.0,1.06,2000.0,351.0,1.0,242.0,351.0,,,242.0,0.0,1.0,,,1.0,,,2018-10-24,2018-10-18,0.0,0.0,,,,0.0
242048.0,,,134.0,1.06,2000.0,351.0,0.0,242.0,351.0,,,242.0,0.0,1.0,,,1.0,,,2018-10-24,2018-10-11,0.0,0.0,,,,0.0
242075.0,,,132.0,0.79,1500.0,751.0,0.0,242.0,751.0,,,242.0,0.0,1.0,,,1.0,,,2018-10-24,2018-10-06,0.0,0.0,,,,0.0
242089.0,,,124.0,0.79,1500.0,351.0,0.0,242.0,351.0,,,242.0,0.0,1.0,,,1.0,,,2018-10-24,2018-10-05,0.0,0.0,,,,0.0
242097.0,,,126.0,1.06,2000.0,351.0,0.0,242.0,351.0,,,242.0,0.0,1.0,,,1.0,,,2018-10-24,2018-10-05,0.0,0.0,,,,0.0
242098.0,,,125.0,1.06,2000.0,751.0,0.0,242.0,751.0,,,242.0,0.0,1.0,,,1.0,,,2018-10-24,2018-10-05,0.0,0.0,,,,0.0
242099.0,,28.0,121.0,1.06,2000.0,351.0,0.0,242.0,351.0,,,242.0,0.0,1.0,,,1.0,,,2018-10-24,2018-09-26,0.0,0.0,,,,0.0
242101.0,,28.0,139.0,1.32,2500.0,351.0,1.0,242.0,351.0,,,242.0,0.0,1.0,,,1.0,,,2018-10-24,2018-10-18,0.0,0.0,,,,0.0
242111.0,,,127.0,1.32,2500.0,751.0,0.0,242.0,751.0,,,242.0,0.0,1.0,,,1.0,,,2018-10-24,2018-10-05,0.0,0.0,,,,0.0
242112.0,,28.0,142.0,1.06,2000.0,351.0,1.0,242.0,351.0,,,242.0,0.0,1.0,,,1.0,,,2018-10-24,2018-10-19,0.0,0.0,,,,0.0
242113.0,,,131.0,1.32,2500.0,351.0,0.0,242.0,351.0,,,242.0,0.0,1.0,,,1.0,,,2018-10-24,2018-10-06,0.0,0.0,,,,0.0
242115.0,,,130.0,1.06,2000.0,751.0,0.0,242.0,751.0,,,242.0,0.0,1.0,,,1.0,,,2018-10-24,2018-10-06,0.0,0.0,,,,0.0
242116.0,,,129.0,1.32,2500.0,351.0,0.0,242.0,351.0,,,242.0,0.0,1.0,,,1.0,,,2018-10-24,2018-10-06,0.0,0.0,,,,0.0
242121.0,,28.0,141.0,0.79,1500.0,751.0,1.0,242.0,751.0,,,242.0,0.0,1.0,,,1.0,,,2018-10-24,2018-10-18,0.0,0.0,,,,0.0
242129.0,,28.0,122.0,1.59,3000.0,351.0,0.0,242.0,351.0,,,242.0,0.0,1.0,,,1.0,,,2018-10-24,2018-09-29,0.0,0.0,,,,0.0
242136.0,,,128.0,0.79,1500.0,751.0,0.0,242.0,751.0,,,242.0,0.0,1.0,,,1.0,,,2018-10-24,2018-10-06,0.0,0.0,,,,0.0
242137.0,,,133.0,0.79,1500.0,751.0,0.0,242.0,751.0,,,242.0,0.0,1.0,,,1.0,,,2018-10-24,2018-10-11,0.0,0.0,,,,0.0
243015.0,,29.0,154.0,0.79,1500.0,103.0,1.0,243.0,103.0,,,243.0,0.0,1.0,,,1.0,,,2018-10-10,2018-10-03,0.0,0.0,,,,0.0
243041.0,,29.0,124.0,1.59,3000.0,22.0,0.0,243.0,22.0,,,243.0,0.0,1.0,,,3.0,1.0,,2018-10-10,2018-09-10,0.0,0.0,,,,0.0
243062.0,,29.0,153.0,0.79,1500.0,22.0,1.0,243.0,22.0,,,243.0,0.0,1.0,,,1.0,,,2018-10-10,2018-10-03,0.0,0.0,,,,0.0
243072.0,,29.0,152.0,1.06,2000.0,103.0,1.0,243.0,103.0,,,243.0,0.0,1.0,,,1.0,,,2018-10-10,2018-10-02,0.0,0.0,,,,0.0
243077.0,,29.0,147.0,1.06,2000.0,103.0,0.0,243.0,103.0,,,243.0,0.0,1.0,,,1.0,,,2018-10-10,2018-09-27,0.0,0.0,,,,0.0
243090.0,,29.0,148.0,0.79,1500.0,22.0,0.0,243.0,22.0,,,243.0,0.0,1.0,,,1.0,,,2018-10-10,2018-09-27,0.0,0.0,,,,0.0
243093.0,,29.0,145.0,1.59,3000.0,103.0,0.0,243.0,103.0,,,243.0,0.0,1.0,,,1.0,,,2018-10-10,2018-09-27,0.0,0.0,,,,0.0
243094.0,,29.0,132.0,0.79,1500.0,22.0,0.0,243.0,22.0,,,243.0,0.0,1.0,,,1.0,,,2018-10-10,2018-09-24,0.0,0.0,,,,0.0
243100.0,,29.0,129.0,1.32,2500.0,103.0,0.0,243.0,103.0,,,243.0,0.0,1.0,,,1.0,,,2018-10-10,2018-09-21,0.0,0.0,,,,0.0
243103.0,,29.0,144.0,0.79,1500.0,22.0,0.0,243.0,22.0,,,243.0,0.0,1.0,,,1.0,,,2018-10-10,2018-09-27,0.0,0.0,,,,0.0
243107.0,,29.0,142.0,1.32,2500.0,103.0,0.0,243.0,103.0,,,243.0,0.0,1.0,,,1.0,,,2018-10-10,2018-09-27,0.0,0.0,,,,0.0
243116.0,,29.0,131.0,1.06,2000.0,103.0,0.0,243.0,103.0,,,243.0,0.0,1.0,,,1.0,,,2018-10-10,2018-09-21,0.0,0.0,,,,0.0
243121.0,,29.0,125.0,0.79,1500.0,103.0,0.0,243.0,103.0,,,243.0,0.0,1.0,,,3.0,1.0,,2018-10-10,2018-09-12,0.0,0.0,,,,0.0
243122.0,,29.0,130.0,0.79,1500.0,103.0,0.0,243.0,103.0,,,243.0,0.0,1.0,,,1.0,,,2018-10-10,2018-09-21,0.0,0.0,,,,0.0
243129.0,,8.0,,1.06,2000.0,103.0,0.0,243.0,103.0,,,243.0,0.0,1.0,,,1.0,,,2018-10-10,2018-10-11,1.0,0.0,,,,0.0
243135.0,,29.0,126.0,0.79,1500.0,22.0,0.0,243.0,22.0,,,243.0,0.0,1.0,,,3.0,1.0,,2018-10-10,2018-09-12,0.0,0.0,,,,0.0
243167.0,,29.0,146.0,1.59,3000.0,22.0,0.0,243.0,22.0,,,243.0,0.0,1.0,,,1.0,,,2018-10-10,2018-09-27,0.0,0.0,,,,0.0
244002.0,,4.0,,1.06,2000.0,213.0,0.0,244.0,,,,244.0,,,,,,,,2018-10-10,2018-06-28,0.0,0.0,,,,0.0
244007.0,,13.0,75.0,3.49,6600.0,30.0,0.0,244.0,30.0,,,244.0,1.0,,1.0,,1.0,,,2018-10-10,2018-09-27,0.0,0.0,,,,0.0
245010.0,,42.0,74.0,0.79,1500.0,9.0,0.0,245.0,9.0,,,245.0,0.0,1.0,,,1.0,,,2018-09-12,2018-09-03,0.0,0.0,,,,0.0
245022.0,,42.0,63.0,1.06,2000.0,71.0,0.0,245.0,71.0,,,245.0,0.0,1.0,,,1.0,,,2018-09-12,2018-08-25,0.0,0.0,,,,0.0
245033.0,,53.0,151.0,1.32,2500.0,9.0,0.0,245.0,9.0,,,245.0,0.0,1.0,,,1.0,,,2018-09-12,2018-09-18,1.0,0.0,,,,0.0
245041.0,,42.0,69.0,1.32,2500.0,9.0,1.0,245.0,9.0,,,245.0,0.0,1.0,,,1.0,,,2018-09-12,2018-08-30,0.0,0.0,,,,0.0
245042.0,,42.0,70.0,1.59,3000.0,71.0,0.0,245.0,71.0,,,245.0,0.0,1.0,,,1.0,,,2018-09-12,2018-08-30,0.0,0.0,,,,0.0
245047.0,,42.0,62.0,1.32,2500.0,9.0,0.0,245.0,9.0,,,245.0,0.0,1.0,,,1.0,,,2018-09-12,2018-08-25,0.0,0.0,,,,0.0
245053.0,,42.0,71.0,1.06,2000.0,9.0,0.0,245.0,,1.0,,245.0,0.0,1.0,,,1.0,,,2018-09-12,2018-08-30,0.0,0.0,,,,0.0
245057.0,,42.0,76.0,1.59,3000.0,71.0,0.0,245.0,71.0,,,245.0,0.0,1.0,,,1.0,,,2018-09-12,2018-09-04,0.0,0.0,,,,0.0
245062.0,,42.0,59.0,1.32,2500.0,71.0,0.0,245.0,71.0,,,245.0,0.0,1.0,,,1.0,,,2018-09-12,2018-08-24,0.0,0.0,,,,0.0
245076.0,,42.0,,1.06,2000.0,,0.0,245.0,,1.0,,245.0,0.0,1.0,,,1.0,,,2018-09-12,2018-08-21,0.0,0.0,,,,0.0
245079.0,,42.0,56.0,1.06,2000.0,9.0,0.0,245.0,9.0,,,245.0,0.0,1.0,,,1.0,,,2018-09-12,2018-08-23,0.0,0.0,,,,0.0
245080.0,,42.0,78.0,1.32,2500.0,71.0,0.0,245.0,71.0,,,245.0,0.0,1.0,,,1.0,,,2018-09-12,2018-09-05,0.0,0.0,,,,0.0
245089.0,,42.0,75.0,0.79,1500.0,9.0,0.0,245.0,9.0,,,245.0,0.0,1.0,,,1.0,,,2018-09-12,2018-09-03,0.0,0.0,,,,0.0
245091.0,,42.0,55.0,0.79,1500.0,71.0,0.0,245.0,71.0,,,245.0,0.0,1.0,,,1.0,,,2018-09-12,2018-08-23,0.0,0.0,,,,0.0
245101.0,,42.0,60.0,0.79,1500.0,9.0,0.0,245.0,9.0,,,245.0,0.0,1.0,,,1.0,,,2018-09-12,2018-08-24,0.0,0.0,,,,0.0
245108.0,,42.0,66.0,1.06,2000.0,9.0,0.0,245.0,9.0,,,245.0,0.0,1.0,,,1.0,,,2018-09-12,2018-08-29,0.0,0.0,,,,0.0
245109.0,,42.0,65.0,1.32,2500.0,71.0,0.0,245.0,71.0,,,245.0,0.0,1.0,,,1.0,,,2018-09-12,2018-08-29,0.0,0.0,,,,0.0
245123.0,,42.0,77.0,0.79,1500.0,71.0,0.0,245.0,71.0,,,245.0,0.0,1.0,,,1.0,,,2018-09-12,2018-09-05,0.0,0.0,,,,0.0
245126.0,,42.0,73.0,1.06,2000.0,71.0,0.0,245.0,71.0,,,245.0,0.0,1.0,,,1.0,,,2018-09-12,2018-09-03,0.0,0.0,,,,0.0
245129.0,,42.0,64.0,1.59,3000.0,9.0,0.0,245.0,9.0,,,245.0,0.0,1.0,,,1.0,,,2018-09-12,2018-08-29,0.0,0.0,,,,0.0
245130.0,,42.0,67.0,1.06,2000.0,71.0,0.0,245.0,71.0,,,245.0,0.0,1.0,,,1.0,,,2018-09-12,2018-08-30,0.0,0.0,,,,0.0
245132.0,,42.0,72.0,1.59,3000.0,71.0,0.0,245.0,71.0,,,245.0,0.0,1.0,,,1.0,,,2018-09-12,2018-09-03,0.0,0.0,,,,0.0
245147.0,,42.0,61.0,1.59,3000.0,71.0,0.0,245.0,71.0,,,245.0,0.0,1.0,,,1.0,,,2018-09-12,2018-08-25,0.0,0.0,,,,0.0
245158.0,,42.0,68.0,1.59,3000.0,71.0,0.0,245.0,71.0,,,245.0,0.0,1.0,,,1.0,,,2018-09-12,2018-08-30,0.0,0.0,,,,0.0
245164.0,,42.0,58.0,1.06,2000.0,9.0,0.0,245.0,9.0,,,245.0,0.0,1.0,,,1.0,,,2018-09-12,2018-08-24,0.0,0.0,,,,0.0
245166.0,,42.0,57.0,0.79,1500.0,71.0,0.0,245.0,71.0,,,245.0,0.0,1.0,,,1.0,,,2018-09-12,2018-08-24,0.0,0.0,,,,0.0
246009.0,,53.0,166.0,0.79,1500.0,9.0,0.0,246.0,9.0,,,246.0,0.0,1.0,,,1.0,,,2018-10-10,2018-09-30,0.0,0.0,,,,0.0
246015.0,,53.0,159.0,1.06,2000.0,9.0,0.0,246.0,9.0,,,246.0,0.0,1.0,,,1.0,,,2018-10-10,2018-09-19,0.0,0.0,,,,0.0
246016.0,,53.0,164.0,1.06,2000.0,9.0,0.0,246.0,9.0,,,246.0,0.0,1.0,,,1.0,,,2018-10-10,2018-09-24,0.0,0.0,,,,0.0
246043.0,,53.0,162.0,1.59,3000.0,9.0,0.0,246.0,9.0,,,246.0,0.0,1.0,,,1.0,,,2018-10-10,2018-09-20,0.0,0.0,,,,0.0
246057.0,,53.0,160.0,1.59,3000.0,9.0,0.0,245.0,9.0,,,245.0,1.0,1.0,,,1.0,,,2018-09-12,2018-09-20,1.0,0.0,,,,0.0
300008.0,,53.0,,1.06,2000.0,35.0,0.0,300.0,,,,300.0,,,,,,,,2018-07-15,2018-07-04,0.0,0.0,,,,0.0
300022.0,,35.0,,1.06,2000.0,35.0,0.0,300.0,,,,300.0,,,,,,,,2018-07-15,2018-07-23,1.0,0.0,,,,0.0
300031.0,,53.0,,0.79,1500.0,35.0,0.0,300.0,,,,300.0,,,,,,,,2018-07-15,2018-06-29,0.0,0.0,,,,0.0
300038.0,,53.0,,1.06,2000.0,40.0,0.0,300.0,,,,300.0,,,,,,,,2018-07-15,2018-06-26,0.0,0.0,,,,0.0
300039.0,,53.0,,0.79,1500.0,40.0,0.0,300.0,,,,300.0,,,,,,,,2018-07-15,2018-06-27,0.0,0.0,,,,0.0
300049.0,,35.0,,1.06,2000.0,35.0,0.0,300.0,,,,300.0,,,,,,,,2018-07-15,2018-07-23,1.0,0.0,,,,0.0
300050.0,,53.0,,1.06,2000.0,40.0,0.0,300.0,,,,300.0,,,,,,,,2018-07-15,2018-06-23,0.0,0.0,,,,0.0
300052.0,,53.0,,1.59,3000.0,35.0,0.0,300.0,,,,300.0,,,,,,,,2018-07-15,2018-06-23,0.0,0.0,,,,0.0
300069.0,,53.0,,1.06,2000.0,35.0,0.0,300.0,,,,300.0,,,,,,,,2018-07-15,2018-07-01,0.0,0.0,,,,0.0
301011.0,,1.0,73.0,1.59,3000.0,10.0,0.0,301.0,10.0,,,301.0,0.0,1.0,,,1.0,,,2018-09-05,2018-11-08,1.0,0.0,,,,0.0
301033.0,,1.0,78.0,0.79,1500.0,10.0,0.0,301.0,10.0,,,301.0,0.0,1.0,,,1.0,,,2018-09-05,2018-11-13,1.0,0.0,,,,0.0
301036.0,,99.0,110.0,1.06,2000.0,,0.0,301.0,,1.0,,301.0,0.0,1.0,,,1.0,,,2018-09-05,2018-11-19,1.0,0.0,,,,0.0
301037.0,,1.0,74.0,1.06,2000.0,10.0,0.0,301.0,10.0,,,301.0,0.0,1.0,,,1.0,,,2018-09-05,2018-11-08,1.0,0.0,,,,0.0
301043.0,,1.0,79.0,1.32,2500.0,10.0,0.0,301.0,10.0,,,301.0,0.0,1.0,,,1.0,,,2018-09-05,2018-11-15,1.0,0.0,,,,0.0
301052.0,,1.0,80.0,1.06,2000.0,10.0,0.0,301.0,10.0,,,301.0,0.0,1.0,,,1.0,,,2018-09-05,2018-11-15,1.0,0.0,,,,0.0
301057.0,,99.0,115.0,0.79,1500.0,,0.0,301.0,,1.0,,301.0,0.0,1.0,,,1.0,,,2018-09-05,2018-11-26,1.0,0.0,,,,0.0
301073.0,,99.0,114.0,0.79,1500.0,,0.0,301.0,,1.0,,301.0,0.0,1.0,,,1.0,,,2018-09-05,2018-11-26,1.0,0.0,,,,0.0
301075.0,,99.0,116.0,1.06,2000.0,,0.0,301.0,,1.0,,301.0,0.0,1.0,,,1.0,,,2018-09-05,2018-11-26,1.0,0.0,,,,0.0
301077.0,,99.0,108.0,0.79,1500.0,,0.0,301.0,,1.0,,301.0,0.0,1.0,,,1.0,,,2018-09-05,2018-11-19,1.0,0.0,,,,0.0
301078.0,,1.0,75.0,1.06,2000.0,458.0,0.0,301.0,458.0,,,301.0,0.0,1.0,,,1.0,,,2018-09-05,2018-11-08,1.0,0.0,,,,0.0
301079.0,,99.0,109.0,1.59,3000.0,,0.0,301.0,,1.0,,301.0,0.0,1.0,,,1.0,,,2018-09-05,2018-11-19,1.0,0.0,,,,0.0
302029.0,,14.0,,0.79,1500.0,30.0,0.0,302.0,,,,302.0,,,,,,,,2018-07-15,2018-07-03,0.0,0.0,,,,0.0
302040.0,,14.0,,,2000.0,101.0,0.0,302.0,,,,302.0,,,,,,,,2018-07-15,2018-06-22,0.0,0.0,,,,0.0
302047.0,,14.0,,1.32,2500.0,101.0,0.0,302.0,,,,302.0,,,,,,,,2018-07-15,2018-07-03,0.0,0.0,,,,0.0
302051.0,,14.0,,0.79,1500.0,101.0,0.0,302.0,,,,302.0,,,,,,,,2018-07-15,2018-07-03,0.0,0.0,,,,0.0
303001.0,,28.0,143.0,0.79,1500.0,290.0,0.0,303.0,290.0,,,303.0,0.0,1.0,,,3.0,1.0,,2018-11-21,2018-10-22,0.0,0.0,,,,0.0
303002.0,,28.0,147.0,1.06,2000.0,290.0,0.0,303.0,290.0,,,303.0,0.0,1.0,,,1.0,,,2018-11-21,2018-10-26,0.0,0.0,,,,0.0
303013.0,,28.0,168.0,1.06,2000.0,290.0,0.0,303.0,290.0,,,303.0,0.0,1.0,,,1.0,,,2018-11-21,2018-11-14,0.0,0.0,,,,0.0
303015.0,,28.0,163.0,1.32,2500.0,690.0,0.0,303.0,690.0,,,303.0,0.0,1.0,,,1.0,,,2018-11-21,2018-11-09,0.0,0.0,,,,0.0
303016.0,,28.0,151.0,0.79,1500.0,290.0,0.0,303.0,290.0,,,303.0,0.0,1.0,,,1.0,,,2018-11-21,2018-10-27,0.0,0.0,,,,0.0
303017.0,,28.0,160.0,0.79,1500.0,290.0,0.0,303.0,290.0,,,303.0,0.0,1.0,,,1.0,,,2018-11-21,2018-11-07,0.0,0.0,,,,0.0
303019.0,,28.0,144.0,1.32,2500.0,690.0,0.0,303.0,690.0,,,303.0,0.0,1.0,,,3.0,1.0,,2018-11-21,2018-10-22,0.0,0.0,,,,0.0
303020.0,,28.0,145.0,1.32,2500.0,290.0,0.0,303.0,290.0,,,303.0,0.0,1.0,,,3.0,1.0,,2018-11-21,2018-10-22,0.0,0.0,,,,0.0
303021.0,,28.0,152.0,1.06,2000.0,690.0,0.0,303.0,690.0,,,303.0,0.0,1.0,,,1.0,,,2018-11-21,2018-10-29,0.0,0.0,,,,0.0
303022.0,,28.0,162.0,1.59,3000.0,290.0,0.0,303.0,290.0,,,303.0,0.0,1.0,,,1.0,,,2018-11-21,2018-11-09,0.0,0.0,,,,0.0
303024.0,,28.0,153.0,1.06,2000.0,690.0,0.0,303.0,690.0,,,303.0,0.0,1.0,,,1.0,,,2018-11-21,2018-10-29,0.0,0.0,,,,0.0
303025.0,,28.0,148.0,0.79,1500.0,690.0,1.0,303.0,690.0,,,303.0,0.0,1.0,,,1.0,,,2018-11-21,2018-10-26,0.0,0.0,,,,0.0
303031.0,,28.0,157.0,0.79,1500.0,290.0,0.0,303.0,290.0,,,303.0,0.0,1.0,,,1.0,,,2018-11-21,2018-11-03,0.0,0.0,,,,0.0
303038.0,,28.0,158.0,1.32,2500.0,690.0,0.0,303.0,690.0,,,303.0,0.0,1.0,,,1.0,,,2018-11-21,2018-11-05,0.0,0.0,,,,0.0
303042.0,,28.0,169.0,1.32,2500.0,690.0,0.0,303.0,690.0,,,303.0,0.0,1.0,,,1.0,,,2018-11-21,2018-11-17,0.0,0.0,,,,0.0
303050.0,,28.0,149.0,0.79,1500.0,690.0,0.0,303.0,690.0,,,303.0,0.0,1.0,,,1.0,,,2018-11-21,2018-10-26,0.0,0.0,,,,0.0
303054.0,,28.0,170.0,0.79,1500.0,290.0,0.0,303.0,290.0,,,303.0,0.0,1.0,,,1.0,,,2018-11-21,2018-11-17,0.0,0.0,,,,0.0
303077.0,,28.0,154.0,0.79,1500.0,290.0,0.0,303.0,290.0,,,303.0,0.0,1.0,,,1.0,,,2018-11-21,2018-11-01,0.0,0.0,,,,0.0
303083.0,,28.0,156.0,1.59,3000.0,290.0,0.0,303.0,290.0,,,303.0,0.0,1.0,,,1.0,,,2018-11-21,2018-11-02,0.0,0.0,,,,0.0
303084.0,,28.0,155.0,1.32,2500.0,690.0,0.0,303.0,690.0,,,303.0,0.0,1.0,,,1.0,,,2018-11-21,2018-11-02,0.0,0.0,,,,0.0
303085.0,,28.0,159.0,0.79,1500.0,290.0,0.0,303.0,290.0,,,303.0,0.0,1.0,,,1.0,,,2018-11-21,2018-11-05,0.0,0.0,,,,0.0
303090.0,,28.0,164.0,0.79,1500.0,290.0,0.0,303.0,290.0,,,303.0,0.0,1.0,,,1.0,,,2018-11-21,2018-11-10,0.0,0.0,,,,0.0
303096.0,,28.0,165.0,1.32,2500.0,690.0,0.0,303.0,690.0,,,303.0,0.0,1.0,,,1.0,,,2018-11-21,2018-11-10,0.0,0.0,,,,0.0
303098.0,,28.0,161.0,1.06,2000.0,690.0,0.0,303.0,690.0,,,303.0,0.0,1.0,,,1.0,,,2018-11-21,2018-11-08,0.0,0.0,,,,0.0
303102.0,,28.0,150.0,1.32,2500.0,690.0,0.0,303.0,690.0,,,303.0,0.0,1.0,,,1.0,,,2018-11-21,2018-10-27,0.0,0.0,,,,0.0
303105.0,,28.0,167.0,1.59,3000.0,690.0,0.0,303.0,690.0,,,303.0,0.0,1.0,,,1.0,,,2018-11-21,2018-11-14,0.0,0.0,,,,0.0
303117.0,,28.0,166.0,1.06,2000.0,290.0,0.0,303.0,290.0,,,303.0,0.0,1.0,,,1.0,,,2018-11-21,2018-11-12,0.0,0.0,,,,0.0
303121.0,,28.0,146.0,1.06,2000.0,690.0,0.0,303.0,690.0,,,303.0,0.0,1.0,,,3.0,1.0,,2018-11-21,2018-10-24,0.0,0.0,,,,0.0
304001.0,,32.0,66.0,1.59,3000.0,56.0,0.0,304.0,56.0,,,304.0,0.0,1.0,,,1.0,,,2018-09-12,2018-09-04,0.0,0.0,,,,0.0
304018.0,,32.0,57.0,1.06,2000.0,37.0,0.0,304.0,37.0,,,304.0,0.0,1.0,,,1.0,,,2018-09-12,2018-08-27,0.0,0.0,,,,0.0
304029.0,,32.0,59.0,1.06,2000.0,37.0,0.0,304.0,37.0,,,304.0,0.0,1.0,,,1.0,,,2018-09-12,2018-08-27,0.0,0.0,,,,0.0
304047.0,,32.0,58.0,1.59,3000.0,56.0,0.0,304.0,56.0,,,304.0,0.0,1.0,,,1.0,,,2018-09-12,2018-08-27,0.0,0.0,,,,0.0
304084.0,,32.0,53.0,1.59,3000.0,37.0,0.0,304.0,37.0,,,304.0,0.0,1.0,,,1.0,,,2018-09-12,2018-08-23,0.0,0.0,,,,0.0
305002.0,,9.0,85.0,0.79,1500.0,13.0,0.0,305.0,13.0,,,305.0,0.0,1.0,,,1.0,,,2018-10-10,2018-09-18,0.0,0.0,,,,0.0
305005.0,,9.0,83.0,0.79,1500.0,74.0,0.0,305.0,74.0,,,305.0,0.0,1.0,,,3.0,1.0,,2018-10-10,2018-09-10,0.0,0.0,,,,0.0
305035.0,,9.0,91.0,0.79,1500.0,74.0,0.0,305.0,74.0,,,305.0,0.0,1.0,,,1.0,,,2018-10-10,2018-09-22,0.0,0.0,,,,0.0
305038.0,,9.0,84.0,0.79,1500.0,13.0,0.0,305.0,13.0,,,305.0,0.0,1.0,,,3.0,1.0,,2018-10-10,2018-09-10,0.0,0.0,,,,0.0
305060.0,,9.0,92.0,0.79,1500.0,13.0,0.0,305.0,13.0,,,305.0,0.0,1.0,,,1.0,,,2018-10-10,2018-09-22,0.0,0.0,,,,0.0
305080.0,,9.0,95.0,1.06,2000.0,74.0,0.0,305.0,74.0,,,305.0,0.0,1.0,,,1.0,,,2018-10-10,2018-09-24,0.0,0.0,,,,0.0
305081.0,,9.0,94.0,1.59,3000.0,13.0,0.0,305.0,13.0,,,305.0,0.0,1.0,,,1.0,,,2018-10-10,2018-09-24,0.0,0.0,,,,0.0
305091.0,,9.0,89.0,1.06,2000.0,74.0,0.0,305.0,74.0,,,305.0,0.0,1.0,,,1.0,,,2018-10-10,2018-09-20,0.0,0.0,,,,0.0
305097.0,,9.0,88.0,0.79,1500.0,13.0,0.0,305.0,13.0,,,305.0,0.0,1.0,,,1.0,,,2018-10-10,2018-09-20,0.0,0.0,,,,0.0
305111.0,,9.0,93.0,1.06,2000.0,74.0,0.0,305.0,74.0,,,305.0,0.0,1.0,,,1.0,,,2018-10-10,2018-09-22,0.0,0.0,,,,0.0
306006.0,,,80.0,1.06,2000.0,690.0,0.0,306.0,690.0,,,306.0,0.0,1.0,,,,,,2018-08-29,2018-08-22,0.0,0.0,,,,0.0
306007.0,,28.0,71.0,1.32,2500.0,290.0,0.0,306.0,290.0,,,306.0,0.0,1.0,,,,,,2018-08-29,2018-08-16,0.0,0.0,,,,0.0
306017.0,,,61.0,0.79,1500.0,690.0,0.0,306.0,690.0,,,306.0,1.0,1.0,,,,,,2018-08-29,2018-08-10,0.0,0.0,,,,0.0
306024.0,,,59.0,1.06,2000.0,690.0,0.0,306.0,690.0,,,306.0,0.0,1.0,,,,,,2018-08-29,2018-08-10,0.0,0.0,,,,0.0
306031.0,,,52.0,1.59,3000.0,690.0,0.0,306.0,690.0,,,306.0,0.0,1.0,,,,,,2018-08-29,2018-08-03,0.0,0.0,,,,0.0
306036.0,,,45.0,1.32,2500.0,290.0,0.0,306.0,290.0,,,306.0,0.0,1.0,,,,,,2018-08-29,2018-07-31,0.0,0.0,,,,0.0
306038.0,,28.0,76.0,1.32,2500.0,690.0,0.0,306.0,690.0,,,306.0,0.0,1.0,,,,,,2018-08-29,2018-08-19,0.0,0.0,,,,0.0
306039.0,,,68.0,0.79,1500.0,290.0,0.0,306.0,290.0,,,306.0,0.0,1.0,,,,,,2018-08-29,2018-08-13,0.0,0.0,,,,0.0
306041.0,,,64.0,1.06,2000.0,290.0,0.0,306.0,290.0,,,306.0,0.0,1.0,,,,,,2018-08-29,2018-08-11,0.0,0.0,,,,0.0
306043.0,,,46.0,0.79,1500.0,690.0,0.0,306.0,690.0,,,306.0,0.0,1.0,,,,,,2018-08-29,2018-07-31,0.0,0.0,,,,0.0
306046.0,,,56.0,1.06,2000.0,290.0,0.0,306.0,290.0,,,306.0,0.0,1.0,,,,,,2018-08-29,2018-08-09,0.0,0.0,,,,0.0
306048.0,,,57.0,1.06,2000.0,690.0,0.0,306.0,690.0,,,306.0,0.0,1.0,,,,,,2018-08-29,2018-08-09,0.0,0.0,,,,0.0
306070.0,,28.0,77.0,1.32,2500.0,290.0,0.0,306.0,290.0,,,306.0,0.0,1.0,,,,,,2018-08-29,2018-08-20,0.0,0.0,,,,0.0
306072.0,,,55.0,1.06,2000.0,690.0,0.0,306.0,690.0,,,306.0,0.0,1.0,,,,,,2018-08-29,2018-08-09,0.0,0.0,,,,0.0
306079.0,,,58.0,1.06,2000.0,290.0,0.0,306.0,290.0,,,306.0,0.0,1.0,,,,,,2018-08-29,2018-08-10,0.0,0.0,,,,0.0
306081.0,,,60.0,0.79,1500.0,290.0,0.0,306.0,290.0,,,306.0,0.0,1.0,,,,,,2018-08-29,2018-08-10,0.0,0.0,,,,0.0
306084.0,,,54.0,0.79,1500.0,290.0,0.0,306.0,290.0,,,306.0,0.0,1.0,,,,,,2018-08-29,2018-08-07,0.0,0.0,,,,0.0
306095.0,,28.0,70.0,1.06,2000.0,290.0,0.0,306.0,290.0,,,306.0,0.0,1.0,,,,,,2018-08-29,2018-08-16,0.0,0.0,,,,0.0
306096.0,,28.0,69.0,1.32,2500.0,690.0,0.0,306.0,690.0,,,306.0,0.0,1.0,,,,,,2018-08-29,2018-08-16,0.0,0.0,,,,0.0
306098.0,,,63.0,1.06,2000.0,690.0,0.0,306.0,690.0,,,306.0,0.0,1.0,,,,,,2018-08-29,2018-08-11,0.0,0.0,,,,0.0
306099.0,,28.0,82.0,1.59,3000.0,690.0,0.0,306.0,690.0,,,306.0,0.0,1.0,,,,,,2018-08-29,2018-08-24,0.0,0.0,,,,0.0
306109.0,,,47.0,0.79,1500.0,290.0,0.0,306.0,290.0,,,306.0,0.0,1.0,,,,,,2018-08-29,2018-08-01,0.0,0.0,,,,0.0
306110.0,,,48.0,1.06,2000.0,690.0,0.0,306.0,690.0,,,306.0,0.0,1.0,,,,,,2018-08-29,2018-08-01,0.0,0.0,,,,0.0
306113.0,,,49.0,0.79,1500.0,290.0,0.0,306.0,290.0,,,306.0,0.0,1.0,,,,,,2018-08-29,2018-08-01,0.0,0.0,,,,0.0
306115.0,,28.0,72.0,1.59,3000.0,690.0,0.0,306.0,690.0,,,306.0,0.0,1.0,,,,,,2018-08-29,2018-08-17,0.0,0.0,,,,0.0
306125.0,,,67.0,0.79,1500.0,690.0,0.0,306.0,690.0,,,306.0,0.0,1.0,,,,,,2018-08-29,2018-08-13,0.0,0.0,,,,0.0
306134.0,,,62.0,0.79,1500.0,290.0,0.0,306.0,290.0,,,306.0,0.0,1.0,,,,,,2018-08-29,2018-08-11,0.0,0.0,,,,0.0
306144.0,,,65.0,1.32,2500.0,690.0,0.0,306.0,690.0,,,306.0,0.0,1.0,,,,,,2018-08-29,2018-08-12,0.0,0.0,,,,0.0
306150.0,,,66.0,1.06,2000.0,290.0,0.0,306.0,290.0,,,306.0,0.0,1.0,,,,,,2018-08-29,2018-08-12,0.0,0.0,,,,0.0
306155.0,,28.0,78.0,1.59,3000.0,690.0,0.0,306.0,690.0,,,306.0,0.0,1.0,,,,,,2018-08-29,2018-08-22,0.0,0.0,,,,0.0
306157.0,,28.0,74.0,1.06,2000.0,690.0,0.0,306.0,690.0,,,306.0,0.0,1.0,,,,,,2018-08-29,2018-08-18,0.0,0.0,,,,0.0
306158.0,,,50.0,0.79,1500.0,690.0,0.0,306.0,690.0,,,306.0,0.0,1.0,,,,,,2018-08-29,2018-08-01,0.0,0.0,,,,0.0
307005.0,,28.0,73.0,0.79,1500.0,290.0,0.0,307.0,290.0,,,307.0,0.0,1.0,,,,,,2018-08-29,2018-08-17,0.0,0.0,,,,0.0
307014.0,,,81.0,1.06,2000.0,290.0,0.0,307.0,290.0,,,307.0,0.0,1.0,,,,,,2018-08-29,2018-08-23,0.0,0.0,,,,0.0
307039.0,,,51.0,1.59,3000.0,290.0,0.0,307.0,290.0,,,307.0,1.0,1.0,,,,,,2018-08-29,2018-08-02,0.0,0.0,,,,0.0
307057.0,,,79.0,1.32,2500.0,290.0,0.0,307.0,290.0,,,307.0,0.0,1.0,,,,,,2018-08-29,2018-08-22,0.0,0.0,,,,0.0
307111.0,,28.0,75.0,1.32,2500.0,290.0,0.0,307.0,290.0,,,307.0,0.0,1.0,,,,,,2018-08-29,2018-08-18,0.0,0.0,,,,0.0
308009.0,,8.0,,159.0,3000.0,82.0,0.0,308.0,,1.0,,308.0,0.0,1.0,,,3.0,1.0,,2018-07-15,,1.0,0.0,,,,0.0
308027.0,,8.0,,1.06,2000.0,25.0,0.0,308.0,,,,308.0,,,,,,,,2018-07-15,2018-07-02,0.0,0.0,,,,0.0
308028.0,,8.0,,1.06,2000.0,25.0,0.0,308.0,,,,308.0,,,,,,,,2018-07-15,2018-07-09,0.0,0.0,,,,0.0
308030.0,,8.0,,1.32,2500.0,82.0,0.0,308.0,,,,308.0,,,,,,,,2018-07-15,2018-07-04,0.0,0.0,,,,0.0
308050.0,,8.0,,1.59,3000.0,82.0,0.0,308.0,,,,308.0,,,,,,,,2018-07-15,2018-07-02,0.0,0.0,,,,0.0
308053.0,,8.0,,0.79,1500.0,82.0,0.0,308.0,,,,308.0,,,,,,,,2018-07-15,2018-06-26,0.0,0.0,,,,0.0
308056.0,,8.0,,0.79,1500.0,25.0,0.0,308.0,,,,308.0,,,,,,,,2018-07-15,2018-07-04,0.0,0.0,,,,0.0
308058.0,,8.0,,1.32,2500.0,82.0,0.0,308.0,,,,308.0,,,,,,,,2018-07-15,2018-07-09,0.0,0.0,,,,0.0
308065.0,,8.0,,,2500.0,82.0,0.0,308.0,,,,308.0,,,,,,,,2018-07-15,2018-06-26,0.0,0.0,,,,0.0
308082.0,,8.0,,0.79,1500.0,82.0,0.0,308.0,,1.0,,308.0,0.0,1.0,,,3.0,1.0,,2018-07-15,,1.0,0.0,,,,0.0
308089.0,,38.0,,1.32,2500.0,676.0,0.0,308.0,,,,308.0,,,,,,,,2018-07-15,2018-07-21,1.0,0.0,,,,0.0
308091.0,,8.0,,1.32,2500.0,25.0,0.0,308.0,,,,308.0,,,,,,,,2018-07-15,2018-07-04,0.0,0.0,,,,0.0
308092.0,,8.0,,1.06,2000.0,25.0,0.0,308.0,,,,308.0,,,,,,,,2018-07-15,2018-07-10,0.0,0.0,,,,0.0
308093.0,,8.0,,0.79,1500.0,25.0,0.0,308.0,,,,308.0,,,,,,,,2018-07-15,2018-07-04,0.0,0.0,,,,0.0
308094.0,,8.0,,,1500.0,82.0,0.0,308.0,,,,308.0,,,,,,,,2018-07-15,2018-06-26,0.0,0.0,,,,0.0
308095.0,,8.0,,,1500.0,25.0,0.0,308.0,,,,308.0,,,,,,,,2018-07-15,2018-06-26,0.0,0.0,,,,0.0
308110.0,,8.0,,0.79,1500.0,82.0,0.0,308.0,,,,308.0,,,,,,,,2018-07-15,2018-07-10,0.0,0.0,,,,0.0
308111.0,,8.0,,1.32,2500.0,25.0,0.0,308.0,,,,308.0,,,,,,,,2018-07-15,2018-07-10,0.0,0.0,,,,0.0
308113.0,,8.0,,1.32,2500.0,82.0,0.0,308.0,,,,308.0,,,,,,,,2018-07-15,2018-07-10,0.0,0.0,,,,0.0
308118.0,,8.0,,,3000.0,25.0,0.0,308.0,,,,308.0,,,,,,,,2018-07-15,2018-06-22,0.0,0.0,,,,0.0
308123.0,,8.0,,,1500.0,25.0,0.0,308.0,,,,308.0,,,,,,,,2018-07-15,2018-06-26,0.0,0.0,,,,0.0
308126.0,,8.0,,0.79,1500.0,82.0,0.0,308.0,,,,308.0,,,,,,,,2018-07-15,2018-07-02,0.0,0.0,,,,0.0
308132.0,,8.0,,1.32,2500.0,82.0,0.0,308.0,,,,308.0,,,,,,,,2018-07-15,2018-07-10,0.0,0.0,,,,0.0
308139.0,,8.0,,0.79,1500.0,82.0,0.0,308.0,,,,308.0,,,,,,,,2018-07-15,2018-07-02,0.0,0.0,,,,0.0
308144.0,,8.0,,0.79,1500.0,25.0,0.0,308.0,,,,308.0,,,,,,,,2018-07-15,2018-07-05,0.0,0.0,,,,0.0
308151.0,,8.0,,1.59,3000.0,25.0,0.0,308.0,,,,308.0,,,,,,,,2018-07-15,2018-07-02,0.0,0.0,,,,0.0
308161.0,,8.0,,,2000.0,25.0,0.0,308.0,,,,308.0,,,,,,,,2018-07-15,2018-06-23,0.0,0.0,,,,0.0
308171.0,,8.0,,1.32,2500.0,82.0,0.0,308.0,,,,308.0,,,,,,,,2018-07-15,2018-07-04,0.0,0.0,,,,0.0
308172.0,,8.0,,1.06,2000.0,25.0,0.0,308.0,,,,308.0,,,,,,,,2018-07-15,2018-07-02,0.0,0.0,,,,0.0
308178.0,,8.0,,0.79,1500.0,25.0,0.0,308.0,,,,308.0,,,,,,,,2018-07-15,2018-07-10,0.0,0.0,,,,0.0
308186.0,,8.0,,,1500.0,82.0,0.0,308.0,,,,308.0,,,,,,,,2018-07-15,2018-06-23,0.0,0.0,,,,0.0
308198.0,,8.0,,1.06,2000.0,82.0,0.0,308.0,,,,308.0,,,,,,,,2018-07-15,2018-07-04,0.0,0.0,,,,0.0
308203.0,,8.0,,1.06,2000.0,82.0,0.0,308.0,,,,308.0,,,,,,,,2018-07-15,2018-07-04,0.0,0.0,,,,0.0
309013.0,,29.0,158.0,0.79,1500.0,66.0,0.0,309.0,66.0,,,309.0,0.0,1.0,,,3.0,1.0,,2018-11-07,2018-10-08,0.0,0.0,,,,0.0
309015.0,,29.0,176.0,0.79,1500.0,13.0,0.0,309.0,13.0,,,309.0,0.0,1.0,,,1.0,,,2018-11-07,2018-10-22,0.0,0.0,,,,0.0
309016.0,,29.0,175.0,0.79,1500.0,66.0,0.0,309.0,66.0,,,309.0,0.0,1.0,,,1.0,,,2018-11-07,2018-10-22,0.0,0.0,,,,0.0
309019.0,,29.0,162.0,0.79,1500.0,66.0,0.0,309.0,66.0,,,309.0,1.0,1.0,,,1.0,,,2018-11-07,2018-10-08,0.0,0.0,,,,0.0
309021.0,,29.0,161.0,0.79,1500.0,13.0,0.0,309.0,13.0,,,309.0,0.0,1.0,,,3.0,1.0,,2018-11-07,2018-10-08,0.0,0.0,,,,0.0
309028.0,,29.0,179.0,1.59,3000.0,13.0,0.0,309.0,13.0,,,309.0,0.0,1.0,,,1.0,,,2018-11-07,2018-10-25,0.0,0.0,,,,0.0
309049.0,,29.0,180.0,0.79,1500.0,66.0,0.0,309.0,66.0,,,309.0,0.0,1.0,,,1.0,,,2018-11-07,2018-10-25,0.0,0.0,,,,0.0
309089.0,,29.0,168.0,1.32,2500.0,13.0,0.0,309.0,13.0,,,309.0,0.0,1.0,,,1.0,,,2018-11-07,2018-10-16,0.0,0.0,,,,0.0
309116.0,,29.0,182.0,1.59,3000.0,66.0,0.0,309.0,66.0,,,309.0,0.0,1.0,,,1.0,,,2018-11-07,2018-10-29,0.0,0.0,,,,0.0
309119.0,,29.0,177.0,0.79,1500.0,66.0,0.0,309.0,66.0,,,309.0,0.0,1.0,,,1.0,,,2018-11-07,2018-10-23,0.0,0.0,,,,0.0
309133.0,,29.0,173.0,1.06,2000.0,13.0,0.0,309.0,13.0,,,309.0,0.0,1.0,,,1.0,,,2018-11-07,2018-10-18,0.0,0.0,,,,0.0
309134.0,,29.0,185.0,1.06,2000.0,66.0,0.0,309.0,66.0,,,309.0,0.0,1.0,,,1.0,,,2018-11-07,2018-11-01,0.0,0.0,,,,0.0
309140.0,,29.0,183.0,1.32,2500.0,13.0,1.0,309.0,13.0,,,309.0,0.0,1.0,,,1.0,,,2018-11-07,2018-10-30,0.0,0.0,,,,0.0
309145.0,,29.0,178.0,0.79,1500.0,13.0,0.0,309.0,13.0,,,309.0,0.0,1.0,,,1.0,,,2018-11-07,2018-10-23,0.0,0.0,,,,0.0
309159.0,,29.0,172.0,0.79,1500.0,66.0,0.0,309.0,66.0,,,309.0,0.0,1.0,,,1.0,,,2018-11-07,2018-10-18,0.0,0.0,,,,0.0
309162.0,,29.0,186.0,1.06,2000.0,13.0,0.0,309.0,13.0,,,309.0,0.0,1.0,,,1.0,,,2018-11-07,2018-11-01,0.0,0.0,,,,0.0
309173.0,,29.0,167.0,0.79,1500.0,66.0,0.0,309.0,66.0,,,309.0,0.0,1.0,,,1.0,,,2018-11-07,2018-10-16,0.0,0.0,,,,0.0
309198.0,,29.0,181.0,1.59,3000.0,13.0,0.0,309.0,13.0,,,309.0,0.0,1.0,,,1.0,,,2018-11-07,2018-10-25,0.0,0.0,,,,0.0
309206.0,,29.0,171.0,1.06,2000.0,13.0,0.0,309.0,13.0,,,309.0,0.0,1.0,,,1.0,,,2018-11-07,2018-10-18,0.0,0.0,,,,0.0
309212.0,,29.0,166.0,1.59,3000.0,13.0,0.0,309.0,13.0,,,309.0,0.0,1.0,,,1.0,,,2018-11-07,2018-10-16,0.0,0.0,,,,0.0
309213.0,,29.0,170.0,1.59,3000.0,66.0,0.0,309.0,66.0,,,309.0,0.0,1.0,,,1.0,,,2018-11-07,2018-10-18,0.0,0.0,,,,0.0
310129.0,,20.0,136.0,0.79,1500.0,257.0,0.0,310.0,257.0,,,310.0,0.0,1.0,,,3.0,1.0,,2018-12-04,2018-11-20,0.0,0.0,,,,0.0
311003.0,,4.0,254.0,0.79,1500.0,52.0,0.0,311.0,52.0,,,311.0,0.0,1.0,,,1.0,,,2018-10-03,2018-11-01,1.0,0.0,,,,0.0
311004.0,,4.0,257.0,0.79,1500.0,52.0,0.0,311.0,52.0,,,311.0,0.0,1.0,,,1.0,,,2018-10-03,2018-11-02,1.0,0.0,,,,0.0
311005.0,,4.0,259.0,1.32,2500.0,52.0,0.0,311.0,52.0,,,311.0,0.0,1.0,,,1.0,,,2018-10-03,2018-11-05,1.0,0.0,,,,0.0
311008.0,,4.0,265.0,0.79,1500.0,458.0,0.0,311.0,458.0,,,311.0,0.0,1.0,,,1.0,,,2018-10-03,2018-11-09,1.0,0.0,,,,0.0
311013.0,,4.0,255.0,1.59,3000.0,52.0,0.0,311.0,52.0,,,311.0,0.0,1.0,,,1.0,,,2018-10-03,2018-11-01,1.0,0.0,,,,0.0
311024.0,,4.0,273.0,1.06,2000.0,458.0,0.0,311.0,458.0,,,311.0,0.0,1.0,,,1.0,,,2018-10-03,2018-11-16,1.0,0.0,,,,0.0
311026.0,,4.0,256.0,1.59,3000.0,459.0,0.0,311.0,459.0,,,311.0,0.0,1.0,,,1.0,,,2018-10-03,2018-11-02,1.0,0.0,,,,0.0
311031.0,,4.0,270.0,0.79,1500.0,52.0,0.0,311.0,52.0,,,311.0,0.0,1.0,,,1.0,,,2018-10-03,2018-11-14,1.0,0.0,,,,0.0
311032.0,,4.0,264.0,1.32,2500.0,52.0,0.0,311.0,52.0,,,311.0,0.0,1.0,,,1.0,,,2018-10-03,2018-11-09,1.0,0.0,,,,0.0
311035.0,,4.0,263.0,1.06,2000.0,458.0,0.0,311.0,458.0,,,311.0,0.0,1.0,,,1.0,,,2018-10-03,2018-11-09,1.0,0.0,,,,0.0
311041.0,,4.0,252.0,0.79,1500.0,52.0,0.0,311.0,52.0,,,311.0,0.0,1.0,,,1.0,,,2018-10-03,2018-11-01,1.0,0.0,,,,0.0
311042.0,,4.0,267.0,1.06,2000.0,458.0,0.0,311.0,458.0,,,311.0,0.0,1.0,,,1.0,,,2018-10-03,2018-11-09,1.0,0.0,,,,0.0
311044.0,,4.0,276.0,1.59,3000.0,52.0,0.0,311.0,52.0,,,311.0,0.0,1.0,,,1.0,,,2018-10-03,2018-11-22,1.0,0.0,,,,0.0
311048.0,,4.0,274.0,0.79,1500.0,52.0,0.0,311.0,52.0,,,311.0,0.0,1.0,,,1.0,,,2018-10-03,2018-11-16,1.0,0.0,,,,0.0
311053.0,,4.0,258.0,1.59,3000.0,459.0,0.0,311.0,459.0,,,311.0,0.0,1.0,,,1.0,,,2018-10-03,2018-11-05,1.0,0.0,,,,0.0
311059.0,,4.0,266.0,1.06,2000.0,52.0,0.0,311.0,52.0,,,311.0,0.0,1.0,,,1.0,,,2018-10-03,2018-11-09,1.0,0.0,,,,0.0
311062.0,,4.0,261.0,1.06,2000.0,52.0,0.0,311.0,52.0,,,311.0,1.0,1.0,,,1.0,,,2018-10-03,2018-11-05,1.0,0.0,,,,0.0
311063.0,,4.0,260.0,1.06,2000.0,52.0,0.0,311.0,52.0,,,311.0,0.0,1.0,,,1.0,,,2018-10-03,2018-11-05,1.0,0.0,,,,0.0
311073.0,,4.0,269.0,1.59,3000.0,52.0,0.0,311.0,52.0,,,311.0,0.0,1.0,,,1.0,,,2018-10-03,2018-11-12,1.0,0.0,,,,0.0
311075.0,,4.0,262.0,1.32,2500.0,252.0,0.0,311.0,52.0,1.0,,311.0,0.0,1.0,,,1.0,,,2018-10-03,2018-11-07,1.0,0.0,,,,0.0
311076.0,,4.0,253.0,0.79,1500.0,459.0,0.0,311.0,459.0,,,311.0,0.0,1.0,,,3.0,1.0,,2018-10-03,2018-11-01,1.0,0.0,,,,0.0
311087.0,,4.0,268.0,1.32,2500.0,458.0,0.0,311.0,458.0,,,311.0,0.0,1.0,,,1.0,,,2018-10-03,2018-11-09,1.0,0.0,,,,0.0
312001.0,,9.0,115.0,0.79,1500.0,13.0,0.0,312.0,13.0,,,312.0,0.0,1.0,,,1.0,,,2018-10-10,2018-10-01,0.0,0.0,,,,0.0
312011.0,,9.0,99.0,1.06,2000.0,74.0,0.0,312.0,74.0,,,312.0,0.0,1.0,,,1.0,,,2018-10-10,2018-09-25,0.0,0.0,,,,0.0
312014.0,,9.0,120.0,0.79,1500.0,74.0,0.0,312.0,74.0,,,312.0,0.0,1.0,,,1.0,,,2018-10-10,2018-10-02,0.0,0.0,,,,0.0
312020.0,,9.0,96.0,1.59,3000.0,13.0,0.0,312.0,13.0,,,312.0,0.0,1.0,,,1.0,,,2018-10-10,2018-09-24,0.0,0.0,,,,0.0
312022.0,,9.0,113.0,1.32,2500.0,13.0,0.0,312.0,13.0,,,312.0,0.0,1.0,,,1.0,,,2018-10-10,2018-09-29,0.0,0.0,,,,0.0
312029.0,,9.0,117.0,0.79,1500.0,74.0,0.0,312.0,74.0,,,312.0,0.0,1.0,,,1.0,,,2018-10-10,2018-10-01,0.0,0.0,,,,0.0
312047.0,,9.0,90.0,1.32,2500.0,13.0,0.0,312.0,13.0,,,312.0,0.0,1.0,,,1.0,,,2018-10-10,2018-09-21,0.0,0.0,,,,0.0
312048.0,,9.0,128.0,1.06,2000.0,13.0,0.0,312.0,13.0,,,312.0,1.0,1.0,,,1.0,,,2018-10-10,2018-10-04,0.0,0.0,,,,0.0
312051.0,,9.0,101.0,0.79,1500.0,74.0,0.0,312.0,74.0,,,312.0,0.0,1.0,,,1.0,,,2018-10-10,2018-09-27,0.0,0.0,,,,0.0
312060.0,,9.0,130.0,1.06,2000.0,13.0,0.0,312.0,13.0,,,312.0,0.0,1.0,,,1.0,,,2018-10-10,2018-10-04,0.0,0.0,,,,0.0
312070.0,,9.0,119.0,1.32,2500.0,13.0,0.0,312.0,13.0,,,312.0,0.0,1.0,,,1.0,,,2018-10-10,2018-10-02,0.0,0.0,,,,0.0
312075.0,,9.0,114.0,1.32,2500.0,74.0,0.0,312.0,74.0,,,312.0,0.0,1.0,,,1.0,,,2018-10-10,2018-09-29,0.0,0.0,,,,0.0
312083.0,,9.0,111.0,1.32,2500.0,13.0,0.0,312.0,13.0,,,312.0,0.0,1.0,,,1.0,,,2018-10-10,2018-09-29,0.0,0.0,,,,0.0
312086.0,,9.0,100.0,1.06,2000.0,13.0,0.0,312.0,13.0,,,312.0,0.0,1.0,,,1.0,,,2018-10-10,2018-09-27,0.0,0.0,,,,0.0
312108.0,,9.0,105.0,1.59,3000.0,13.0,0.0,312.0,13.0,,,312.0,0.0,1.0,,,1.0,,,2018-10-10,2018-09-28,0.0,0.0,,,,0.0
312112.0,,9.0,112.0,0.79,1500.0,74.0,0.0,312.0,74.0,,,312.0,0.0,1.0,,,1.0,,,2018-10-10,2018-09-29,0.0,0.0,,,,0.0
312118.0,,9.0,104.0,0.79,1500.0,74.0,0.0,312.0,74.0,,,312.0,0.0,1.0,,,1.0,,,2018-10-10,2018-09-28,0.0,0.0,,,,0.0
312119.0,,9.0,108.0,1.59,3000.0,74.0,0.0,312.0,74.0,,,312.0,0.0,1.0,,,1.0,,,2018-10-10,2018-09-28,0.0,0.0,,,,0.0
312121.0,,9.0,106.0,1.32,2500.0,74.0,0.0,312.0,74.0,,,312.0,0.0,1.0,,,1.0,,,2018-10-10,2018-09-28,0.0,0.0,,,,0.0
312123.0,,9.0,97.0,1.06,2000.0,13.0,0.0,312.0,13.0,,,312.0,0.0,1.0,,,1.0,,,2018-10-10,2018-09-25,0.0,0.0,,,,0.0
312128.0,,9.0,129.0,1.06,2000.0,13.0,0.0,312.0,74.0,1.0,,312.0,0.0,1.0,,,1.0,,,2018-10-10,2018-10-04,0.0,0.0,,,,0.0
312130.0,,9.0,102.0,0.79,1500.0,13.0,0.0,312.0,13.0,,,312.0,0.0,1.0,,,1.0,,,2018-10-10,2018-09-27,0.0,0.0,,,,0.0
312140.0,,9.0,118.0,0.79,1500.0,13.0,0.0,312.0,13.0,,,312.0,0.0,1.0,,,1.0,,,2018-10-10,2018-10-01,0.0,0.0,,,,0.0
312145.0,,9.0,87.0,0.79,1500.0,74.0,0.0,312.0,74.0,,,312.0,0.0,1.0,,,1.0,,,2018-10-10,2018-09-19,0.0,0.0,,,,0.0
312151.0,,9.0,109.0,1.06,2000.0,13.0,0.0,312.0,13.0,,,312.0,1.0,1.0,,,1.0,,,2018-10-10,2018-09-28,0.0,0.0,,,,0.0
313002.0,,34.0,,1.32,2500.0,45.0,0.0,313.0,,,,313.0,,,,,,,,2018-07-15,2018-07-05,0.0,0.0,,,,0.0
313007.0,,34.0,,,3000.0,45.0,0.0,313.0,,,,313.0,,,,,,,,2018-07-15,2018-06-25,0.0,0.0,,,,0.0
313009.0,,34.0,,0.79,1500.0,14.0,0.0,313.0,,,,313.0,,,,,,,,2018-07-15,2018-06-30,0.0,0.0,,,,0.0
313013.0,,34.0,,1.59,3000.0,45.0,0.0,313.0,,,,313.0,,,,,,,,2018-07-15,2018-07-02,0.0,0.0,,,,0.0
313020.0,,34.0,,1.32,2500.0,45.0,0.0,313.0,,,,313.0,,,,,,,,2018-07-15,2018-06-30,0.0,0.0,,,,0.0
313023.0,,34.0,,,2500.0,45.0,0.0,313.0,,,,313.0,,,,,,,,2018-07-15,2018-06-22,0.0,0.0,,,,0.0
313024.0,,34.0,,0.79,1500.0,45.0,0.0,313.0,,,,313.0,,,,,,,,2018-07-15,2018-07-10,0.0,0.0,,,,0.0
313028.0,,34.0,,1.06,2000.0,14.0,0.0,313.0,,,,313.0,,,,,,,,2018-07-15,2018-06-30,0.0,0.0,,,,0.0
313032.0,,34.0,,,1500.0,45.0,0.0,313.0,,,,313.0,,,,,,,,2018-07-15,2018-06-25,0.0,0.0,,,,0.0
313037.0,,34.0,,,3000.0,14.0,0.0,313.0,,,,313.0,,,,,,,,2018-07-15,2018-06-25,0.0,0.0,,,,0.0
313039.0,,34.0,,,2000.0,14.0,0.0,313.0,,,,313.0,,,,,,,,2018-07-15,2018-06-25,0.0,0.0,,,,0.0
313041.0,,34.0,,0.79,1500.0,14.0,0.0,313.0,,,,313.0,,,,,,,,2018-07-15,2018-06-30,0.0,0.0,,,,0.0
313047.0,,34.0,,1.59,3000.0,45.0,0.0,313.0,,,,313.0,,,,,,,,2018-07-15,2018-07-07,0.0,0.0,,,,0.0
313048.0,,34.0,,1.32,2500.0,45.0,0.0,313.0,,,,313.0,,,,,,,,2018-07-15,2018-06-30,0.0,0.0,,,,0.0
313049.0,,34.0,,1.59,3000.0,45.0,0.0,313.0,,,,313.0,,,,,,,,2018-07-15,2018-07-09,0.0,0.0,,,,0.0
313050.0,,34.0,,1.59,3000.0,14.0,0.0,313.0,,,,313.0,,,,,,,,2018-07-15,2018-07-03,0.0,0.0,,,,0.0
313052.0,,34.0,,1.06,2000.0,45.0,0.0,313.0,,,,313.0,,,,,,,,2018-07-15,2018-07-03,0.0,0.0,,,,0.0
313055.0,,34.0,,,1500.0,14.0,0.0,313.0,,,,313.0,,,,,,,,2018-07-15,2018-06-23,0.0,0.0,,,,0.0
313060.0,,34.0,,0.79,1500.0,14.0,0.0,313.0,,,,313.0,,,,,,,,2018-07-15,2018-07-09,0.0,0.0,,,,0.0
313066.0,,34.0,,,1500.0,45.0,0.0,313.0,,,,313.0,,,,,,,,2018-07-15,2018-06-25,0.0,0.0,,,,0.0
313069.0,,34.0,,,2000.0,14.0,0.0,313.0,,,,313.0,,,,,,,,2018-07-15,2018-06-23,0.0,0.0,,,,0.0
313072.0,,34.0,,0.79,1500.0,45.0,0.0,313.0,,,,313.0,,,,,,,,2018-07-15,2018-07-03,0.0,0.0,,,,0.0
313073.0,,34.0,,,1500.0,45.0,0.0,313.0,,,,313.0,,,,,,,,2018-07-15,2018-06-23,0.0,0.0,,,,0.0
313082.0,,34.0,,0.79,1500.0,45.0,0.0,313.0,,,,313.0,,,,,,,,2018-07-15,2018-06-22,0.0,0.0,,,,0.0
313086.0,,34.0,,0.79,1500.0,45.0,0.0,313.0,,,,313.0,,,,,,,,2018-07-15,2018-07-10,0.0,0.0,,,,0.0
313087.0,,34.0,,,2500.0,45.0,0.0,313.0,,,,313.0,,,,,,,,2018-07-15,2018-06-27,0.0,0.0,,,,0.0
313095.0,,34.0,,,1500.0,45.0,0.0,313.0,,,,313.0,,,,,,,,2018-07-15,2018-06-27,0.0,0.0,,,,0.0
313098.0,,34.0,,106.0,2000.0,14.0,0.0,313.0,,1.0,,313.0,0.0,1.0,,,3.0,1.0,,2018-07-15,,1.0,0.0,,,,0.0
313099.0,,34.0,,132.0,2500.0,45.0,0.0,313.0,,1.0,,313.0,0.0,1.0,,,3.0,1.0,,2018-07-15,,1.0,0.0,,,,0.0
313100.0,,34.0,,,1500.0,45.0,0.0,313.0,,,,313.0,,,,,,,,2018-07-15,2018-06-25,0.0,0.0,,,,0.0
313101.0,,34.0,,,2500.0,45.0,0.0,313.0,,,,313.0,,,,,,,,2018-07-15,2018-06-25,0.0,0.0,,,,0.0
313102.0,,34.0,,1.06,2000.0,14.0,0.0,313.0,,,,313.0,,,,,,,,2018-07-15,2018-06-30,0.0,0.0,,,,0.0
313103.0,,34.0,,1.06,2000.0,14.0,0.0,313.0,,,,313.0,,,,,,,,2018-07-15,2018-07-05,0.0,0.0,,,,0.0
313105.0,,34.0,,1.32,2500.0,14.0,0.0,313.0,,,,313.0,,,,,,,,2018-07-15,2018-07-10,0.0,0.0,,,,0.0
313106.0,,34.0,,,3000.0,14.0,0.0,313.0,,,,313.0,,,,,,,,2018-07-15,2018-06-27,0.0,0.0,,,,0.0
313110.0,,34.0,,,2000.0,45.0,0.0,313.0,,,,313.0,,,,,,,,2018-07-15,2018-06-23,0.0,0.0,,,,0.0
313115.0,,34.0,,0.79,1500.0,45.0,0.0,313.0,,,,313.0,,,,,,,,2018-07-15,2018-07-02,0.0,0.0,,,,0.0
313117.0,,34.0,,1.06,2000.0,45.0,0.0,313.0,,,,313.0,,,,,,,,2018-07-15,2018-06-30,0.0,0.0,,,,0.0
313121.0,,34.0,,,1500.0,14.0,0.0,313.0,,,,313.0,,,,,,,,2018-07-15,2018-06-23,0.0,0.0,,,,0.0
313125.0,,34.0,,0.79,1500.0,14.0,0.0,313.0,,,,313.0,,,,,,,,2018-07-15,2018-07-03,0.0,0.0,,,,0.0
313128.0,,34.0,,,2500.0,14.0,0.0,313.0,,,,313.0,,,,,,,,2018-07-15,2018-06-27,0.0,0.0,,,,0.0
313130.0,,34.0,,0.79,1500.0,14.0,0.0,313.0,,,,313.0,,,,,,,,2018-07-15,2018-07-02,0.0,0.0,,,,0.0
313133.0,,34.0,,,2500.0,14.0,0.0,313.0,,,,313.0,,,,,,,,2018-07-15,2018-06-23,0.0,0.0,,,,0.0
313145.0,,34.0,,,1500.0,45.0,0.0,313.0,,,,313.0,,,,,,,,2018-07-15,2018-06-23,0.0,0.0,,,,0.0
313150.0,,34.0,,1.32,2500.0,14.0,0.0,313.0,,,,313.0,,,,,,,,2018-07-15,2018-07-12,0.0,0.0,,,,0.0
313152.0,,34.0,,1.59,3000.0,14.0,0.0,313.0,,,,313.0,,,,,,,,2018-07-15,2018-07-07,0.0,0.0,,,,0.0
313155.0,,34.0,,,2500.0,14.0,0.0,313.0,,,,313.0,,,,,,,,2018-07-15,2018-06-27,0.0,0.0,,,,0.0
313156.0,,34.0,,,2500.0,45.0,0.0,313.0,,,,313.0,,,,,,,,2018-07-15,2018-06-27,0.0,0.0,,,,0.0
313163.0,,34.0,,0.79,1500.0,45.0,0.0,313.0,,,,313.0,,,,,,,,2018-07-15,2018-07-03,0.0,0.0,,,,0.0
314033.0,,15.0,,1.59,3000.0,314.0,0.0,314.0,,,,314.0,,,,,,,,2018-07-24,2018-07-07,0.0,0.0,,,,0.0
314034.0,,15.0,,0.79,1500.0,677.0,0.0,314.0,,,,314.0,,,,,,,,2018-07-24,2018-07-11,0.0,0.0,,,,0.0
314041.0,,15.0,,1.32,2500.0,677.0,0.0,314.0,,,,314.0,,,,,,,,2018-07-24,2018-07-16,0.0,0.0,,,,0.0
314048.0,,15.0,,1.06,2000.0,677.0,0.0,314.0,,,,314.0,,,,,,,,2018-07-24,2018-07-16,0.0,0.0,,,,0.0
314049.0,,15.0,,0.79,1500.0,677.0,0.0,314.0,,,,314.0,,,,,,,,2018-07-24,2018-07-20,0.0,0.0,,,,0.0
314069.0,,15.0,,1.59,3000.0,0.0,0.0,314.0,,,,314.0,,,,,,,,2018-07-24,2018-07-06,0.0,0.0,,,,0.0
314087.0,,15.0,,0.79,1500.0,,0.0,314.0,,,,314.0,,,,,,,,2018-07-24,2018-07-23,0.0,0.0,,,,0.0
314103.0,,15.0,,1.06,2000.0,277.0,0.0,314.0,,,,314.0,,,,,,,,2018-07-24,2018-07-16,0.0,0.0,,,,0.0
314119.0,,15.0,,1.32,2500.0,677.0,0.0,314.0,,,,314.0,,,,,,,,2018-07-24,2018-07-20,0.0,0.0,,,,0.0
314122.0,,15.0,,4.66,8800.0,277.0,0.0,314.0,,,,314.0,,,,,,,,2018-07-24,2018-07-11,0.0,0.0,,,,0.0
315003.0,,11.0,28.0,1.32,2500.0,101.0,0.0,315.0,101.0,,,315.0,0.0,1.0,,,1.0,,,2018-10-10,2018-09-22,0.0,0.0,,,,0.0
315004.0,,11.0,25.0,1.59,3000.0,71.0,0.0,315.0,71.0,,,315.0,0.0,1.0,,,1.0,,,2018-10-10,2018-09-19,0.0,0.0,,,,0.0
315011.0,,11.0,22.0,1.06,2000.0,101.0,0.0,315.0,101.0,,,315.0,0.0,1.0,,,1.0,,,2018-10-10,2018-09-17,0.0,0.0,,,,0.0
315023.0,,11.0,20.0,1.32,2500.0,101.0,0.0,315.0,101.0,,,315.0,0.0,1.0,,,1.0,,,2018-10-10,2018-09-12,0.0,0.0,,,,0.0
315030.0,,11.0,29.0,0.79,1500.0,71.0,0.0,315.0,71.0,,,315.0,0.0,1.0,,,1.0,,,2018-10-10,2018-09-22,0.0,0.0,,,,0.0
315061.0,,11.0,23.0,1.59,3000.0,71.0,0.0,315.0,71.0,,,315.0,0.0,1.0,,,1.0,,,2018-10-10,2018-09-17,0.0,0.0,,,,0.0
315063.0,,11.0,24.0,1.59,3000.0,101.0,0.0,315.0,101.0,,,315.0,0.0,1.0,,,1.0,,,2018-10-10,2018-09-17,0.0,0.0,,,,0.0
315068.0,,11.0,19.0,0.79,1500.0,71.0,0.0,315.0,71.0,,,315.0,0.0,1.0,,,3.0,1.0,,2018-10-10,2018-09-11,0.0,0.0,,,,0.0
315086.0,,11.0,32.0,0.79,1500.0,71.0,0.0,315.0,71.0,,,315.0,0.0,1.0,,,1.0,,,2018-10-10,2018-10-03,0.0,0.0,,,,0.0
315087.0,,11.0,26.0,1.06,2000.0,71.0,0.0,315.0,71.0,,,315.0,0.0,1.0,,,1.0,,,2018-10-10,2018-09-19,0.0,0.0,,,,0.0
315100.0,,11.0,27.0,0.79,1500.0,101.0,0.0,315.0,101.0,,,315.0,0.0,1.0,,,1.0,,,2018-10-10,2018-09-19,0.0,0.0,,,,0.0
315157.0,,11.0,34.0,1.59,3000.0,101.0,0.0,315.0,101.0,,,315.0,0.0,1.0,,,1.0,,,2018-10-10,2018-10-05,0.0,0.0,,,,0.0
315160.0,,11.0,21.0,0.79,1500.0,71.0,0.0,315.0,71.0,,,315.0,0.0,1.0,,,1.0,,,2018-10-10,2018-09-12,0.0,0.0,,,,0.0
315190.0,,11.0,33.0,0.79,1500.0,71.0,0.0,315.0,71.0,,,315.0,0.0,1.0,,,1.0,,,2018-10-10,2018-10-05,0.0,0.0,,,,0.0
316001.0,,18.0,,6.99,13200.0,,0.0,316.0,,,,316.0,,,,,,,,2018-08-29,2018-08-04,0.0,0.0,,,,0.0
316003.0,,18.0,43.0,1.06,2000.0,216.0,0.0,316.0,216.0,,,316.0,0.0,1.0,,,,,,2018-08-29,2018-08-20,0.0,0.0,,,,0.0
316008.0,,18.0,,1.32,2500.0,616.0,0.0,316.0,,,,316.0,,,,,,,,2018-08-29,2018-08-05,0.0,0.0,,,,0.0
316009.0,,18.0,49.0,1.06,2000.0,616.0,0.0,316.0,616.0,,,316.0,0.0,1.0,,,,,,2018-08-29,2018-08-24,0.0,0.0,,,,0.0
316038.0,,18.0,47.0,0.79,1500.0,616.0,0.0,316.0,616.0,,,316.0,0.0,1.0,,,,,,2018-08-29,2018-08-20,0.0,0.0,,,,0.0
316039.0,,18.0,37.0,1.59,3000.0,216.0,0.0,316.0,216.0,,,316.0,0.0,1.0,,,,,,2018-08-29,2018-08-18,0.0,0.0,,,,0.0
316057.0,,18.0,,1.32,2500.0,216.0,0.0,316.0,,,,316.0,,,,,,,,2018-08-29,2018-08-05,0.0,0.0,,,,0.0
316072.0,,18.0,,0.79,1500.0,216.0,0.0,316.0,,,,316.0,,,,,,,,2018-08-29,2018-08-05,0.0,0.0,,,,0.0
316084.0,,,30.0,0.79,1500.0,216.0,0.0,316.0,216.0,,,316.0,0.0,1.0,,,,,,2018-08-29,2018-08-08,0.0,0.0,,,,0.0
316085.0,,18.0,,1.59,3000.0,616.0,0.0,316.0,,,,316.0,,,,,,,,2018-08-29,2018-08-05,0.0,0.0,,,,0.0
316086.0,,18.0,,0.79,1500.0,216.0,0.0,316.0,,,,316.0,,,,,,,,2018-08-29,2018-08-01,0.0,0.0,,,,0.0
316095.0,,18.0,,0.79,1500.0,216.0,0.0,316.0,,,,316.0,,,,,,,,2018-08-29,2018-08-05,0.0,0.0,,,,0.0
316097.0,,,31.0,1.06,2000.0,616.0,0.0,316.0,616.0,,,316.0,0.0,1.0,,,,,,2018-08-29,2018-08-10,0.0,0.0,,,,0.0
316108.0,,18.0,48.0,1.06,2000.0,216.0,0.0,316.0,216.0,,,316.0,0.0,1.0,,,,,,2018-08-29,2018-08-24,0.0,0.0,,,,0.0
316111.0,,18.0,45.0,0.79,1500.0,616.0,0.0,316.0,616.0,,,316.0,0.0,1.0,,,,,,2018-08-29,2018-08-20,0.0,0.0,,,,0.0
316114.0,,,32.0,1.59,3000.0,216.0,0.0,316.0,216.0,,,316.0,0.0,1.0,,,,,,2018-08-29,2018-08-10,0.0,0.0,,,,0.0
316129.0,,,29.0,1.59,3000.0,216.0,0.0,316.0,216.0,,,316.0,0.0,1.0,,,,,,2018-08-29,2018-08-08,0.0,0.0,,,,0.0
316152.0,,18.0,46.0,1.06,2000.0,616.0,0.0,316.0,616.0,,,316.0,0.0,1.0,,,,,,2018-08-29,2018-08-20,0.0,0.0,,,,0.0
316158.0,,,33.0,1.06,2000.0,216.0,0.0,316.0,216.0,,,316.0,0.0,1.0,,,,,,2018-08-29,2018-08-10,0.0,0.0,,,,0.0
316164.0,,18.0,50.0,1.06,2000.0,216.0,0.0,316.0,216.0,,,316.0,0.0,1.0,,,,,,2018-08-29,2018-08-24,0.0,0.0,,,,0.0
317009.0,,30.0,,1.59,3000.0,685.0,0.0,317.0,,,,317.0,,,,,,,,2018-07-24,2018-07-11,0.0,0.0,,,,0.0
317015.0,,30.0,,4.66,8800.0,285.0,0.0,317.0,,,,317.0,,,,,,,,2018-07-24,2018-07-12,0.0,0.0,,,,0.0
317021.0,,30.0,,1.06,2000.0,285.0,0.0,317.0,,,,317.0,,,,,,,,2018-07-24,2018-07-11,0.0,0.0,,,,0.0
317039.0,,,106.0,0.79,1500.0,285.0,0.0,317.0,285.0,,,317.0,0.0,1.0,,,1.0,,,2018-07-24,2018-10-15,1.0,0.0,,,,0.0
317085.0,,30.0,,1.06,2000.0,685.0,0.0,317.0,,,,317.0,,,,,,,,2018-07-24,2018-07-12,0.0,0.0,,,,0.0
317089.0,,30.0,,4.66,8800.0,278.0,0.0,317.0,,,,317.0,,,,,,,,2018-07-24,2018-06-27,0.0,0.0,,,,0.0
317092.0,,30.0,,1.32,2500.0,285.0,0.0,317.0,,,,317.0,,,,,,,,2018-07-24,2018-07-19,0.0,0.0,,,,0.0
317094.0,,30.0,,1.32,2500.0,285.0,0.0,317.0,,,,317.0,,,,,,,,2018-07-24,2018-07-11,0.0,0.0,,,,0.0
317103.0,,30.0,,1.59,3000.0,685.0,0.0,317.0,,,,317.0,,,,,,,,2018-07-24,2018-07-14,0.0,0.0,,,,0.0
317116.0,,30.0,,0.79,1500.0,685.0,0.0,317.0,,,,317.0,,,,,,,,2018-07-24,2018-06-29,0.0,0.0,,,,0.0
317130.0,,30.0,,1.06,2000.0,285.0,0.0,317.0,,,,317.0,,,,,,,,2018-07-24,2018-07-11,0.0,0.0,,,,0.0
317137.0,,30.0,,1.59,3000.0,285.0,0.0,317.0,,,,317.0,,,,,,,,2018-07-24,2018-07-04,0.0,0.0,,,,0.0
318002.0,,1.0,64.0,1.32,2500.0,52.0,1.0,318.0,52.0,,,318.0,0.0,1.0,,,1.0,,,2018-10-03,2018-09-17,0.0,0.0,,,,0.0
318004.0,,1.0,58.0,1.32,2500.0,216.0,1.0,318.0,216.0,,,318.0,0.0,1.0,,,1.0,,,2018-10-03,2018-09-12,0.0,0.0,,,,0.0
318008.0,,1.0,57.0,1.32,2500.0,52.0,1.0,318.0,52.0,,,318.0,0.0,1.0,,,1.0,,,2018-10-03,2018-09-12,0.0,0.0,,,,0.0
318034.0,,1.0,65.0,1.06,2000.0,216.0,1.0,318.0,216.0,,,318.0,0.0,1.0,,,1.0,,,2018-10-03,2018-09-17,0.0,0.0,,,,0.0
318054.0,,1.0,59.0,0.79,1500.0,216.0,1.0,318.0,216.0,,,318.0,0.0,1.0,,,1.0,,,2018-10-03,2018-09-14,0.0,0.0,,,,0.0
318070.0,,1.0,56.0,1.06,2000.0,52.0,1.0,318.0,52.0,,,318.0,0.0,1.0,,,1.0,,,2018-10-03,2018-09-10,0.0,0.0,,,,0.0
318071.0,,1.0,53.0,1.06,2000.0,216.0,1.0,318.0,216.0,,,318.0,0.0,1.0,,,1.0,,,2018-10-03,2018-09-06,0.0,0.0,,,,0.0
318074.0,,1.0,54.0,1.06,2000.0,52.0,1.0,318.0,52.0,,,318.0,0.0,1.0,,,1.0,,,2018-10-03,2018-09-08,0.0,0.0,,,,0.0
318098.0,,1.0,55.0,1.32,2500.0,216.0,1.0,318.0,216.0,,,318.0,0.0,1.0,,,1.0,,,2018-10-03,2018-09-08,0.0,0.0,,,,0.0
318107.0,,99.0,76.0,1.59,3000.0,616.0,1.0,318.0,616.0,,,318.0,0.0,1.0,,,1.0,,,2018-10-03,2018-10-01,0.0,0.0,,,,0.0
318119.0,,1.0,61.0,1.06,2000.0,52.0,1.0,318.0,52.0,,,318.0,0.0,1.0,,,1.0,,,2018-10-03,2018-09-14,0.0,0.0,,,,0.0
318128.0,,1.0,63.0,1.06,2000.0,216.0,1.0,318.0,216.0,,,318.0,0.0,1.0,,,1.0,,,2018-10-03,2018-09-15,0.0,0.0,,,,0.0
318131.0,,1.0,62.0,0.79,1500.0,216.0,1.0,318.0,216.0,,,318.0,0.0,1.0,,,1.0,,,2018-10-03,2018-09-14,0.0,0.0,,,,0.0
318132.0,,1.0,52.0,0.79,1500.0,52.0,1.0,318.0,52.0,,,318.0,0.0,1.0,,,1.0,,,2018-10-03,2018-09-06,0.0,0.0,,,,0.0
319006.0,,,97.0,0.79,1500.0,285.0,1.0,319.0,285.0,,,319.0,0.0,1.0,,,1.0,,,2018-10-31,2018-10-09,0.0,0.0,,,,0.0
319033.0,,50.0,110.0,0.79,1500.0,285.0,0.0,319.0,285.0,,,319.0,0.0,1.0,,,1.0,,,2018-10-31,2018-10-19,0.0,0.0,,,,0.0
319049.0,,50.0,107.0,1.06,2000.0,42.0,0.0,319.0,42.0,,,319.0,0.0,1.0,,,1.0,,,2018-10-31,2018-10-17,0.0,0.0,,,,0.0
319054.0,,50.0,,0.79,1500.0,42.0,0.0,319.0,42.0,,,319.0,0.0,1.0,,,1.0,,,2018-10-31,2018-10-25,0.0,0.0,,,,0.0
319064.0,,1.0,60.0,1.06,2000.0,52.0,1.0,319.0,52.0,,,319.0,0.0,1.0,,,1.0,,,2018-10-31,2018-09-14,0.0,0.0,,,,0.0
319102.0,,50.0,109.0,1.06,2000.0,42.0,0.0,319.0,42.0,,,319.0,0.0,1.0,,,1.0,,,2018-10-31,2018-10-17,0.0,0.0,,,,0.0
319132.0,,,101.0,1.32,2500.0,42.0,0.0,319.0,42.0,,,319.0,0.0,1.0,,,1.0,,,2018-10-31,2018-10-12,0.0,0.0,,,,0.0
319148.0,,,99.0,0.79,1500.0,42.0,0.0,319.0,42.0,,,319.0,0.0,1.0,,,1.0,,,2018-10-31,2018-10-10,0.0,0.0,,,,0.0
319171.0,,50.0,,1.06,2000.0,42.0,0.0,319.0,42.0,,,319.0,0.0,1.0,,,1.0,,,2018-10-31,2018-10-24,0.0,0.0,,,,0.0
319193.0,,,105.0,0.79,1500.0,285.0,0.0,319.0,285.0,,,319.0,0.0,1.0,,,1.0,,,2018-10-31,2018-10-12,0.0,0.0,,,,0.0
319194.0,,,102.0,1.59,3000.0,42.0,0.0,319.0,42.0,,,319.0,0.0,1.0,,,1.0,,,2018-10-31,2018-10-12,0.0,0.0,,,,0.0
319195.0,,50.0,108.0,0.79,1500.0,285.0,0.0,319.0,285.0,,,319.0,0.0,1.0,,,3.0,1.0,,2018-10-31,2018-10-17,0.0,0.0,,,,0.0
319199.0,,99.0,94.0,0.79,1500.0,,0.0,319.0,285.0,1.0,,319.0,0.0,1.0,,,1.0,,,2018-10-31,2018-11-12,1.0,0.0,,,,0.0
319201.0,,,104.0,0.79,1500.0,42.0,0.0,319.0,42.0,,,319.0,0.0,1.0,,,1.0,,,2018-10-31,2018-10-12,0.0,0.0,,,,0.0
319204.0,,,98.0,1.06,2000.0,285.0,0.0,319.0,285.0,,,319.0,1.0,1.0,,,1.0,,,2018-10-31,2018-10-09,0.0,0.0,,,,0.0
319225.0,,,103.0,0.79,1500.0,285.0,0.0,319.0,285.0,,,319.0,0.0,1.0,,,1.0,,,2018-10-31,2018-10-12,0.0,0.0,,,,0.0
319239.0,,50.0,,1.59,3000.0,285.0,0.0,319.0,285.0,,,319.0,1.0,1.0,,,1.0,,,2018-10-31,2018-10-25,0.0,0.0,,,,0.0
319243.0,,99.0,95.0,1.59,3000.0,,0.0,319.0,285.0,1.0,,319.0,0.0,1.0,,,1.0,,,2018-10-31,2018-11-12,1.0,0.0,,,,0.0
319254.0,,99.0,93.0,4.66,8800.0,,0.0,319.0,285.0,1.0,,319.0,0.0,,1.0,,1.0,,,2018-10-31,2018-11-12,1.0,0.0,,,,0.0
319259.0,,,100.0,0.79,1500.0,85.0,0.0,319.0,285.0,1.0,,319.0,0.0,1.0,,,1.0,,,2018-10-31,2018-10-11,0.0,0.0,,,,0.0
321001.0,,8.0,,1.32,2500.0,25.0,0.0,321.0,,,,321.0,,,,,,,,2018-07-15,2018-07-03,0.0,0.0,,,,0.0
321004.0,,8.0,,0.79,1500.0,82.0,0.0,321.0,,,,321.0,,,,,,,,2018-07-15,2018-07-03,0.0,0.0,,,,0.0
321006.0,,8.0,,0.79,1500.0,25.0,0.0,321.0,,,,321.0,,,,,,,,2018-07-15,2018-07-05,0.0,0.0,,,,0.0
321007.0,,8.0,,,2000.0,82.0,0.0,321.0,,,,321.0,,,,,,,,2018-07-15,2018-06-28,0.0,0.0,,,,0.0
321010.0,,8.0,,0.79,1500.0,83.0,0.0,321.0,,1.0,,321.0,0.0,1.0,,,3.0,1.0,,2018-07-15,,1.0,0.0,,,,0.0
321014.0,,8.0,,1.06,2000.0,83.0,0.0,321.0,,1.0,,321.0,0.0,1.0,,,1.0,,,2018-07-15,,1.0,0.0,,,,0.0
321015.0,,8.0,,0.79,1500.0,25.0,0.0,321.0,,,,321.0,,,,,,,,2018-07-15,2018-06-28,0.0,0.0,,,,0.0
321017.0,,8.0,,1.32,2500.0,82.0,0.0,321.0,,,,321.0,,,,,,,,2018-07-15,2018-07-05,0.0,0.0,,,,0.0
321020.0,,8.0,,,1500.0,82.0,0.0,321.0,,,,321.0,,,,,,,,2018-07-15,2018-06-28,0.0,0.0,,,,0.0
321021.0,,8.0,,,2000.0,25.0,0.0,321.0,,,,321.0,,,,,,,,2018-07-15,2018-06-28,0.0,0.0,,,,0.0
321023.0,,8.0,,0.79,1500.0,82.0,0.0,321.0,,,,321.0,,,,,,,,2018-07-15,2018-07-03,0.0,0.0,,,,0.0
321024.0,,8.0,,1.59,3000.0,25.0,0.0,321.0,,,,321.0,,,,,,,,2018-07-15,2018-07-03,0.0,0.0,,,,0.0
321033.0,,8.0,,,3000.0,25.0,0.0,321.0,,,,321.0,,,,,,,,2018-07-15,2018-06-27,0.0,0.0,,,,0.0
321044.0,,8.0,,0.79,1500.0,82.0,0.0,321.0,,,,321.0,,,,,,,,2018-07-15,2018-07-12,0.0,0.0,,,,0.0
321046.0,,8.0,,1.59,3000.0,25.0,0.0,321.0,,,,321.0,,,,,,,,2018-07-15,2018-07-12,0.0,0.0,,,,0.0
321047.0,,8.0,,1.06,2000.0,82.0,0.0,321.0,,,,321.0,,,,,,,,2018-07-15,2018-07-12,0.0,0.0,,,,0.0
321049.0,,8.0,,1.06,2000.0,82.0,0.0,321.0,,,,321.0,,,,,,,,2018-07-15,2018-07-05,0.0,0.0,,,,0.0
321062.0,,8.0,,,2000.0,82.0,0.0,321.0,,,,321.0,,,,,,,,2018-07-15,2018-06-28,0.0,0.0,,,,0.0
321068.0,,8.0,,0.79,1500.0,25.0,0.0,321.0,,,,321.0,,,,,,,,2018-07-15,2018-07-12,0.0,0.0,,,,0.0
321077.0,,8.0,,1.06,2000.0,82.0,0.0,321.0,,,,321.0,,,,,,,,2018-07-15,2018-07-11,0.0,0.0,,,,0.0
321084.0,,8.0,,1.06,2000.0,25.0,0.0,321.0,,,,321.0,,,,,,,,2018-07-15,2018-07-11,0.0,0.0,,,,0.0
322007.0,,,98.0,0.79,1500.0,286.0,0.0,322.0,286.0,,,322.0,0.0,1.0,,,1.0,,,2018-10-31,2018-10-10,0.0,0.0,,,,0.0
322015.0,,21.0,109.0,1.59,3000.0,91.0,0.0,322.0,91.0,,,322.0,0.0,1.0,,,1.0,,,2018-10-31,2018-10-20,0.0,0.0,,,,0.0
322017.0,,,97.0,1.06,2000.0,91.0,0.0,322.0,91.0,,,322.0,0.0,1.0,,,1.0,,,2018-10-31,2018-10-10,0.0,0.0,,,,0.0
322027.0,,21.0,108.0,0.79,1500.0,286.0,0.0,322.0,286.0,,,322.0,0.0,1.0,,,1.0,,,2018-10-31,2018-10-18,0.0,0.0,,,,0.0
322041.0,,21.0,116.0,0.79,1500.0,286.0,0.0,322.0,286.0,,,322.0,0.0,1.0,,,1.0,,,2018-10-31,2018-10-23,0.0,0.0,,,,0.0
322047.0,,21.0,117.0,1.59,3000.0,91.0,0.0,322.0,91.0,,,322.0,0.0,1.0,,,1.0,,,2018-10-31,2018-10-23,0.0,0.0,,,,0.0
322049.0,,21.0,,0.79,1500.0,91.0,0.0,322.0,91.0,,,322.0,0.0,1.0,,,1.0,,,2018-10-31,2018-10-27,0.0,0.0,,,,0.0
322072.0,,21.0,106.0,1.06,2000.0,91.0,0.0,322.0,91.0,,,322.0,0.0,1.0,,,1.0,,,2018-10-31,2018-10-18,0.0,0.0,,,,0.0
322075.0,,,104.0,1.32,2500.0,91.0,0.0,322.0,91.0,,,322.0,0.0,1.0,,,1.0,,,2018-10-31,2018-10-13,0.0,0.0,,,,0.0
322076.0,,,96.0,1.06,2000.0,286.0,0.0,322.0,286.0,,,322.0,0.0,1.0,,,1.0,,,2018-10-31,2018-10-09,0.0,0.0,,,,0.0
322078.0,,,99.0,0.79,1500.0,286.0,0.0,322.0,286.0,,,322.0,0.0,1.0,,,1.0,,,2018-10-31,2018-10-11,0.0,0.0,,,,0.0
322098.0,,,105.0,1.06,2000.0,286.0,0.0,322.0,286.0,,,322.0,0.0,1.0,,,1.0,,,2018-10-31,2018-10-13,0.0,0.0,,,,0.0
322103.0,,,95.0,1.06,2000.0,91.0,0.0,322.0,91.0,,,322.0,0.0,1.0,,,1.0,,,2018-10-31,2018-10-06,0.0,0.0,,,,0.0
322109.0,,,102.0,0.79,1500.0,91.0,0.0,322.0,91.0,,,322.0,1.0,1.0,,,1.0,,,2018-10-31,2018-10-12,0.0,0.0,,,,0.0
322116.0,,,94.0,0.79,1500.0,286.0,0.0,322.0,286.0,,,322.0,0.0,1.0,,,1.0,,,2018-10-31,2018-10-06,0.0,0.0,,,,0.0
322123.0,,48.0,109.0,4.66,8800.0,135.0,0.0,322.0,135.0,,,322.0,1.0,,1.0,,1.0,,,2018-10-31,2018-11-14,1.0,0.0,,,,0.0
322130.0,,,93.0,1.59,3000.0,91.0,0.0,322.0,91.0,,,322.0,0.0,1.0,,,3.0,1.0,,2018-10-31,2018-10-04,0.0,0.0,,,,0.0
322158.0,,,100.0,1.06,2000.0,91.0,0.0,322.0,91.0,,,322.0,0.0,1.0,,,1.0,,,2018-10-31,2018-10-12,0.0,0.0,,,,0.0
324027.0,,10.0,37.0,0.79,1500.0,620.0,0.0,324.0,620.0,,,324.0,0.0,1.0,,,,,,2018-08-29,2018-08-20,0.0,0.0,,,,0.0
324033.0,,10.0,35.0,0.79,1500.0,620.0,0.0,324.0,620.0,,,324.0,0.0,1.0,,,,,,2018-08-29,2018-08-20,0.0,0.0,,,,0.0
324044.0,,10.0,31.0,1.06,2000.0,620.0,0.0,324.0,620.0,,,324.0,0.0,1.0,,,,,,2018-08-29,2018-08-18,0.0,0.0,,,,0.0
324053.0,,10.0,30.0,1.59,3000.0,620.0,0.0,324.0,620.0,,,324.0,0.0,1.0,,,,,,2018-08-29,2018-08-18,0.0,0.0,,,,0.0
324071.0,,,23.0,1.06,2000.0,220.0,0.0,324.0,220.0,,,324.0,0.0,1.0,,,,,,2018-08-29,2018-07-31,0.0,0.0,,,,0.0
324088.0,,10.0,28.0,0.79,1500.0,620.0,0.0,324.0,620.0,,,324.0,0.0,1.0,,,,,,2018-08-29,2018-08-18,0.0,0.0,,,,0.0
324092.0,,,25.0,1.59,3000.0,,0.0,324.0,,1.0,,324.0,0.0,1.0,,,,,,2018-08-29,2018-08-10,0.0,0.0,,,,0.0
324111.0,,10.0,33.0,0.79,1500.0,620.0,0.0,324.0,620.0,,,324.0,0.0,1.0,,,,,,2018-08-29,2018-08-19,0.0,0.0,,,,0.0
324124.0,,10.0,29.0,1.06,2000.0,220.0,0.0,324.0,220.0,,,324.0,0.0,1.0,,,,,,2018-08-29,2018-08-18,0.0,0.0,,,,0.0
324128.0,,10.0,36.0,0.79,1500.0,,0.0,324.0,,1.0,,324.0,0.0,1.0,,,,,,2018-08-29,2018-08-20,0.0,0.0,,,,0.0
324129.0,,10.0,32.0,0.79,1500.0,620.0,0.0,324.0,620.0,,,324.0,0.0,1.0,,,,,,2018-08-29,2018-08-18,0.0,0.0,,,,0.0
324155.0,,10.0,34.0,0.79,1500.0,220.0,0.0,324.0,220.0,,,324.0,0.0,1.0,,,,,,2018-08-29,2018-08-19,0.0,0.0,,,,0.0
325008.0,,22.0,,0.79,1500.0,27.0,0.0,325.0,27.0,,,325.0,0.0,1.0,,,1.0,,,2018-11-07,2018-10-26,0.0,0.0,,,,0.0
325066.0,,22.0,,1.32,2500.0,27.0,0.0,325.0,27.0,,,325.0,0.0,1.0,,,1.0,,,2018-11-07,2018-10-26,0.0,0.0,,,,0.0
326004.0,,,91.0,0.79,1500.0,,0.0,326.0,,1.0,,326.0,0.0,1.0,,,1.0,,,2018-11-21,2018-11-02,0.0,0.0,,,,0.0
326006.0,,34.0,80.0,1.06,2000.0,697.0,0.0,326.0,697.0,,,326.0,0.0,1.0,,,3.0,1.0,,2018-11-21,2018-10-22,0.0,0.0,,,,0.0
326011.0,,34.0,102.0,1.32,2500.0,697.0,0.0,326.0,697.0,,,326.0,0.0,1.0,,,1.0,,,2018-11-21,2018-11-09,0.0,0.0,,,,0.0
326019.0,,34.0,106.0,0.79,1500.0,297.0,0.0,326.0,297.0,,,326.0,0.0,1.0,,,1.0,,,2018-11-21,2018-11-12,0.0,0.0,,,,0.0
326025.0,,34.0,96.0,1.59,3000.0,697.0,0.0,326.0,697.0,,,326.0,0.0,1.0,,,1.0,,,2018-11-21,2018-11-07,0.0,0.0,,,,0.0
326030.0,,34.0,116.0,1.32,2500.0,297.0,0.0,326.0,297.0,,,326.0,0.0,1.0,,,1.0,,,2018-11-21,2018-11-16,0.0,0.0,,,,0.0
326032.0,,34.0,87.0,1.32,2500.0,697.0,0.0,326.0,697.0,,,326.0,0.0,1.0,,,1.0,,,2018-11-21,2018-10-31,0.0,0.0,,,,0.0
326033.0,,34.0,94.0,1.32,2500.0,697.0,0.0,326.0,697.0,,,326.0,0.0,1.0,,,1.0,,,2018-11-21,2018-11-06,0.0,0.0,,,,0.0
326040.0,,34.0,118.0,0.79,1500.0,297.0,1.0,326.0,297.0,,,326.0,0.0,1.0,,,1.0,,,2018-11-21,2018-11-17,0.0,0.0,,,,0.0
326041.0,,34.0,109.0,1.06,2000.0,297.0,0.0,326.0,297.0,,,326.0,0.0,1.0,,,1.0,,,2018-11-21,2018-11-12,0.0,0.0,,,,0.0
326047.0,,34.0,115.0,1.06,2000.0,297.0,0.0,326.0,297.0,,,326.0,0.0,1.0,,,1.0,,,2018-11-21,2018-11-15,0.0,0.0,,,,0.0
326049.0,,34.0,100.0,0.79,1500.0,697.0,0.0,326.0,697.0,,,326.0,0.0,1.0,,,1.0,,,2018-11-21,2018-11-09,0.0,0.0,,,,0.0
326052.0,,34.0,117.0,1.32,2500.0,697.0,1.0,326.0,697.0,,,326.0,0.0,1.0,,,1.0,,,2018-11-21,2018-11-17,0.0,0.0,,,,0.0
326053.0,,34.0,105.0,1.59,3000.0,297.0,0.0,326.0,297.0,,,326.0,0.0,1.0,,,1.0,,,2018-11-21,2018-11-10,0.0,0.0,,,,0.0
326058.0,,,88.0,1.59,3000.0,297.0,0.0,326.0,297.0,,,326.0,0.0,1.0,,,1.0,,,2018-11-21,2018-10-31,0.0,0.0,,,,0.0
326063.0,,34.0,98.0,0.79,1500.0,297.0,0.0,326.0,297.0,,,326.0,0.0,1.0,,,1.0,,,2018-11-21,2018-11-08,0.0,0.0,,,,0.0
326066.0,,,89.0,1.06,2000.0,697.0,0.0,326.0,697.0,,,326.0,0.0,1.0,,,1.0,,,2018-11-21,2018-11-02,0.0,0.0,,,,0.0
326067.0,,34.0,95.0,0.79,1500.0,297.0,0.0,326.0,297.0,,,326.0,0.0,1.0,,,1.0,,,2018-11-21,2018-11-07,0.0,0.0,,,,0.0
326068.0,,34.0,107.0,1.06,2000.0,297.0,0.0,326.0,297.0,,,326.0,0.0,1.0,,,1.0,,,2018-11-21,2018-11-12,0.0,0.0,,,,0.0
326071.0,,,90.0,1.32,2500.0,297.0,0.0,326.0,297.0,,,326.0,0.0,1.0,,,1.0,,,2018-11-21,2018-11-02,0.0,0.0,,,,0.0
326079.0,,34.0,111.0,1.32,2500.0,697.0,0.0,326.0,697.0,,,326.0,0.0,1.0,,,1.0,,,2018-11-21,2018-11-12,0.0,0.0,,,,0.0
326083.0,,34.0,114.0,1.06,2000.0,697.0,0.0,326.0,697.0,,,326.0,0.0,1.0,,,1.0,,,2018-11-21,2018-11-15,0.0,0.0,,,,0.0
327001.0,,30.0,105.0,1.06,2000.0,,0.0,327.0,,1.0,,327.0,1.0,1.0,,,1.0,,,2018-11-21,2018-12-07,1.0,0.0,,,,0.0
327002.0,,30.0,110.0,0.79,1500.0,497.0,0.0,327.0,497.0,,,327.0,1.0,1.0,,,1.0,,,2018-11-21,2018-12-13,1.0,0.0,,,,0.0
327017.0,,30.0,107.0,0.79,1500.0,497.0,0.0,327.0,497.0,,,327.0,1.0,1.0,,,1.0,,,2018-11-21,2018-12-12,1.0,0.0,,,,0.0
327020.0,,30.0,111.0,0.79,1500.0,497.0,0.0,327.0,497.0,,,327.0,0.0,1.0,,,1.0,,,2018-11-21,2018-12-13,1.0,0.0,,,,0.0
327027.0,,30.0,122.0,1.32,2500.0,497.0,0.0,327.0,497.0,,,327.0,0.0,1.0,,,1.0,,,2018-11-21,2018-12-15,1.0,0.0,,,,0.0
327038.0,,30.0,116.0,1.59,3000.0,497.0,0.0,327.0,497.0,,,327.0,0.0,1.0,,,1.0,,,2018-11-21,2018-12-14,1.0,0.0,,,,0.0
327049.0,,30.0,114.0,0.79,1500.0,497.0,0.0,327.0,497.0,,,327.0,0.0,1.0,,,1.0,,,2018-11-21,2018-12-14,1.0,0.0,,,,0.0
327053.0,,30.0,117.0,1.59,3000.0,497.0,0.0,327.0,497.0,,,327.0,0.0,1.0,,,1.0,,,2018-11-21,2018-12-14,1.0,0.0,,,,0.0
327054.0,,30.0,115.0,1.32,2500.0,497.0,0.0,327.0,497.0,,,327.0,0.0,1.0,,,1.0,,,2018-11-21,2018-12-14,1.0,0.0,,,,0.0
327076.0,,30.0,113.0,1.32,2500.0,497.0,0.0,327.0,497.0,,,327.0,0.0,1.0,,,1.0,,,2018-11-21,2018-12-14,1.0,0.0,,,,0.0
327079.0,,30.0,112.0,1.06,2000.0,497.0,0.0,327.0,497.0,,,327.0,0.0,1.0,,,1.0,,,2018-11-21,2018-12-13,1.0,0.0,,,,0.0
327107.0,,30.0,108.0,0.79,1500.0,497.0,0.0,327.0,497.0,,,327.0,0.0,1.0,,,1.0,,,2018-11-21,2018-12-12,1.0,0.0,,,,0.0
327116.0,,30.0,109.0,1.32,2500.0,497.0,0.0,327.0,497.0,,,327.0,0.0,1.0,,,1.0,,,2018-11-21,2018-12-13,1.0,0.0,,,,0.0
327124.0,,30.0,121.0,1.32,2500.0,497.0,0.0,327.0,497.0,,,327.0,0.0,1.0,,,1.0,,,2018-11-21,2018-12-15,1.0,0.0,,,,0.0
328008.0,,16.0,,0.79,1500.0,,0.0,328.0,,,,328.0,,,,,,,,2018-08-15,2018-07-24,0.0,0.0,,,,0.0
328009.0,,16.0,,1.59,3000.0,13.0,0.0,328.0,,,,328.0,,,,,,,,2018-08-15,2018-07-31,0.0,0.0,,,,0.0
328012.0,,16.0,,1.06,2000.0,66.0,0.0,328.0,,,,328.0,,,,,,,,2018-08-15,2018-08-07,0.0,0.0,,,,0.0
328014.0,,16.0,,0.79,1500.0,66.0,0.0,328.0,,,,328.0,,,,,,,,2018-08-15,2018-07-16,0.0,0.0,,,,0.0
328019.0,,16.0,,1.06,2000.0,13.0,0.0,328.0,,,,328.0,,,,,,,,2018-08-15,2018-07-31,0.0,0.0,,,,0.0
328028.0,,16.0,,0.79,1500.0,13.0,0.0,328.0,,,,328.0,,,,,,,,2018-08-15,2018-07-24,0.0,0.0,,,,0.0
328034.0,,16.0,,1.32,2500.0,66.0,0.0,328.0,,,,328.0,,,,,,,,2018-08-15,2018-08-07,0.0,0.0,,,,0.0
328042.0,,16.0,,1.59,3000.0,66.0,0.0,328.0,,,,328.0,,,,,,,,2018-08-15,2018-07-17,0.0,0.0,,,,0.0
328045.0,,16.0,,1.59,3000.0,66.0,0.0,328.0,,,,328.0,,,,,,,,2018-08-15,2018-07-17,0.0,0.0,,,,0.0
328056.0,,16.0,,1.32,2500.0,13.0,0.0,328.0,,,,328.0,,,,,,,,2018-08-15,2018-07-24,0.0,0.0,,,,0.0
328058.0,,16.0,,1.59,3000.0,66.0,0.0,328.0,,,,328.0,,,,,,,,2018-08-15,2018-07-17,0.0,0.0,,,,0.0
328059.0,,16.0,,1.06,2000.0,66.0,0.0,328.0,,,,328.0,,,,,,,,2018-08-15,2018-07-24,0.0,0.0,,,,0.0
328062.0,,16.0,,3.49,6600.0,13.0,0.0,328.0,,,,328.0,,,,,,,,2018-08-15,2018-07-25,0.0,0.0,,,,0.0
328063.0,,16.0,,1.59,3000.0,66.0,0.0,328.0,,,,328.0,,,,,,,,2018-08-15,2018-07-25,0.0,0.0,,,,0.0
328065.0,,16.0,,1.32,2500.0,66.0,0.0,328.0,,,,328.0,,,,,,,,2018-08-15,2018-07-25,0.0,0.0,,,,0.0
328068.0,,16.0,,1.32,2500.0,66.0,0.0,328.0,,,,328.0,,,,,,,,2018-08-15,2018-08-09,0.0,0.0,,,,0.0
328072.0,,16.0,,0.79,1500.0,13.0,0.0,328.0,,,,328.0,,,,,,,,2018-08-15,2018-08-09,0.0,0.0,,,,0.0
328074.0,,16.0,,0.79,1500.0,66.0,0.0,328.0,,,,328.0,,,,,,,,2018-08-15,2018-07-31,0.0,0.0,,,,0.0
328075.0,,16.0,,1.06,2000.0,66.0,0.0,328.0,,,,328.0,,,,,,,,2018-08-15,2018-07-17,0.0,0.0,,,,0.0
328076.0,,16.0,,1.32,2500.0,66.0,0.0,328.0,,,,328.0,,,,,,,,2018-08-15,2018-07-24,0.0,0.0,,,,0.0
328079.0,,16.0,,1.06,2000.0,66.0,0.0,328.0,,,,328.0,,,,,,,,2018-08-15,2018-08-07,0.0,0.0,,,,0.0
328092.0,,16.0,,1.06,2000.0,66.0,0.0,328.0,,,,328.0,,,,,,,,2018-08-15,2018-08-09,0.0,0.0,,,,0.0
328095.0,,16.0,,1.06,2000.0,66.0,0.0,328.0,,,,328.0,,,,,,,,2018-08-15,2018-07-31,0.0,0.0,,,,0.0
328105.0,,16.0,,5.82,11000.0,66.0,0.0,328.0,,,,328.0,,,,,,,,2018-08-15,2018-07-18,0.0,0.0,,,,0.0
328111.0,,16.0,,0.79,1500.0,13.0,0.0,328.0,,,,328.0,,,,,,,,2018-08-15,2018-07-25,0.0,0.0,,,,0.0
328115.0,,16.0,,0.79,1500.0,66.0,0.0,328.0,,,,328.0,,,,,,,,2018-08-15,2018-07-25,0.0,0.0,,,,0.0
328125.0,,16.0,,0.79,1500.0,13.0,0.0,328.0,,,,328.0,,,,,,,,2018-08-15,2018-07-28,0.0,0.0,,,,0.0
328134.0,,16.0,,0.79,1500.0,13.0,0.0,328.0,,,,328.0,,,,,,,,2018-08-15,2018-08-09,0.0,0.0,,,,0.0
328136.0,,16.0,,1.32,2500.0,66.0,0.0,328.0,,,,328.0,,,,,,,,2018-08-15,2018-07-28,0.0,0.0,,,,0.0
328137.0,,16.0,,1.06,2000.0,13.0,0.0,328.0,,,,328.0,,,,,,,,2018-08-15,2018-07-31,0.0,0.0,,,,0.0
328141.0,,16.0,,0.79,1500.0,13.0,0.0,328.0,,,,328.0,,,,,,,,2018-08-15,2018-08-07,0.0,0.0,,,,0.0
328146.0,,16.0,,0.79,1500.0,66.0,0.0,328.0,,,,328.0,,,,,,,,2018-08-15,2018-07-25,0.0,0.0,,,,0.0
328147.0,,16.0,,0.79,1500.0,13.0,0.0,328.0,,,,328.0,,,,,,,,2018-08-15,2018-07-25,0.0,0.0,,,,0.0
328155.0,,16.0,,0.79,1500.0,13.0,0.0,328.0,,,,328.0,,,,,,,,2018-08-15,2018-08-07,0.0,0.0,,,,0.0
329030.0,,42.0,,0.79,1500.0,35.0,0.0,329.0,35.0,,,329.0,0.0,1.0,,,1.0,,,2018-11-07,2018-10-15,0.0,0.0,,,,0.0
329062.0,,42.0,,0.79,1500.0,35.0,0.0,329.0,35.0,,,329.0,0.0,1.0,,,1.0,,,2018-11-07,2018-10-15,0.0,0.0,,,,0.0
329112.0,,42.0,,0.79,1500.0,,0.0,329.0,,1.0,,329.0,0.0,1.0,,,1.0,,,2018-11-07,2018-10-19,0.0,0.0,,,,0.0
329136.0,,42.0,,0.79,1500.0,35.0,0.0,329.0,35.0,,,329.0,0.0,1.0,,,1.0,,,2018-11-07,2018-10-17,0.0,0.0,,,,0.0
330009.0,,46.0,140.0,1.06,2000.0,35.0,0.0,330.0,35.0,,,330.0,0.0,1.0,,,1.0,,,2018-11-20,2018-11-21,1.0,0.0,,,,0.0
331002.0,,,132.0,1.06,2000.0,243.0,0.0,331.0,243.0,,,331.0,0.0,1.0,,,1.0,,,2018-10-24,2018-10-13,0.0,0.0,,,,0.0
331004.0,,5.0,127.0,0.79,1500.0,243.0,0.0,331.0,243.0,,,331.0,0.0,1.0,,,1.0,,,2018-10-24,2018-09-29,0.0,0.0,,,,0.0
331010.0,,,127.0,1.59,3000.0,243.0,0.0,331.0,243.0,,,331.0,0.0,1.0,,,1.0,,,2018-10-24,2018-10-04,0.0,0.0,,,,0.0
331011.0,,5.0,126.0,0.79,1500.0,243.0,0.0,331.0,243.0,,,331.0,0.0,1.0,,,1.0,,,2018-10-24,2018-09-27,0.0,0.0,,,,0.0
331012.0,,,129.0,1.06,2000.0,234.0,0.0,331.0,234.0,,,331.0,0.0,1.0,,,1.0,,,2018-10-24,2018-10-10,0.0,0.0,,,,0.0
331013.0,,,126.0,1.59,3000.0,243.0,0.0,331.0,243.0,,,331.0,0.0,1.0,,,1.0,,,2018-10-24,2018-10-03,0.0,0.0,,,,0.0
331024.0,,,130.0,0.79,1500.0,243.0,0.0,331.0,243.0,,,331.0,0.0,1.0,,,1.0,,,2018-10-24,2018-10-11,0.0,0.0,,,,0.0
331028.0,,,131.0,0.79,1500.0,243.0,0.0,331.0,243.0,,,331.0,0.0,1.0,,,1.0,,,2018-10-24,2018-10-11,0.0,0.0,,,,0.0
331042.0,,88.0,,0.79,1500.0,243.0,0.0,331.0,243.0,,,331.0,0.0,1.0,,,1.0,,,2018-10-24,2018-10-23,0.0,0.0,,,,0.0
331045.0,,,128.0,1.59,3000.0,243.0,0.0,331.0,243.0,,,331.0,0.0,1.0,,,1.0,,,2018-10-24,2018-10-10,0.0,0.0,,,,0.0
333008.0,,38.0,74.0,0.79,1500.0,,0.0,333.0,,1.0,,333.0,0.0,1.0,,,1.0,,,2018-07-24,2018-09-21,1.0,0.0,,,,0.0
333023.0,,7.0,66.0,1.59,3000.0,608.0,0.0,333.0,608.0,,,333.0,0.0,1.0,,,1.0,,,2018-07-24,2018-10-18,1.0,0.0,,,,0.0
333033.0,,38.0,72.0,0.79,1500.0,608.0,0.0,333.0,608.0,,,333.0,0.0,1.0,,,1.0,,,2018-07-24,2018-09-04,1.0,0.0,,,,0.0
333034.0,,,58.0,1.32,2500.0,608.0,0.0,333.0,608.0,,,333.0,0.0,1.0,,,1.0,,,2018-07-24,2018-10-05,1.0,0.0,,,,0.0
333046.0,,,62.0,0.79,1500.0,208.0,0.0,333.0,208.0,,,333.0,0.0,1.0,,,1.0,,,2018-07-24,2018-10-11,1.0,0.0,,,,0.0
333065.0,,,39.0,0.79,1500.0,208.0,0.0,333.0,208.0,,,333.0,0.0,1.0,,,1.0,,,2018-07-24,2018-09-28,1.0,0.0,,,,0.0
333073.0,,,64.0,1.59,3000.0,608.0,0.0,333.0,608.0,,,333.0,0.0,1.0,,,1.0,,,2018-07-24,2018-10-13,1.0,0.0,,,,0.0
333099.0,,38.0,76.0,1.32,2500.0,208.0,0.0,333.0,208.0,,,333.0,0.0,1.0,,,1.0,,,2018-07-24,2018-09-21,1.0,0.0,,,,0.0
333115.0,,,44.0,1.32,2500.0,208.0,0.0,333.0,208.0,,,333.0,0.0,1.0,,,1.0,,,2018-07-24,2018-10-01,1.0,0.0,,,,0.0
333125.0,,,59.0,0.79,1500.0,208.0,0.0,333.0,208.0,,,333.0,0.0,1.0,,,1.0,,,2018-07-24,2018-10-05,1.0,0.0,,,,0.0
333126.0,,,55.0,1.06,2000.0,208.0,0.0,333.0,208.0,,,333.0,0.0,1.0,,,1.0,,,2018-07-24,2018-10-03,1.0,0.0,,,,0.0
333130.0,,,56.0,0.79,1500.0,608.0,0.0,333.0,608.0,,,333.0,0.0,1.0,,,1.0,,,2018-07-24,2018-10-03,1.0,0.0,,,,0.0
334001.0,,,43.0,0.79,1500.0,608.0,0.0,334.0,608.0,,,334.0,0.0,1.0,,,1.0,,,2018-08-29,2018-09-28,1.0,0.0,,,,0.0
334002.0,,,37.0,1.32,2500.0,208.0,0.0,334.0,208.0,,,334.0,0.0,1.0,,,3.0,1.0,,2018-08-29,2018-09-25,1.0,0.0,,,,0.0
334004.0,,,53.0,0.79,1500.0,208.0,0.0,334.0,208.0,,,334.0,0.0,1.0,,,1.0,,,2018-08-29,2018-10-03,1.0,0.0,,,,0.0
334005.0,,,49.0,1.32,2500.0,208.0,0.0,334.0,208.0,,,334.0,0.0,1.0,,,1.0,,,2018-08-29,2018-10-02,1.0,0.0,,,,0.0
334017.0,,,47.0,1.06,2000.0,608.0,0.0,334.0,608.0,,,334.0,0.0,1.0,,,1.0,,,2018-08-29,2018-10-01,1.0,0.0,,,,0.0
334043.0,,,54.0,0.79,1500.0,608.0,0.0,334.0,608.0,,,334.0,0.0,1.0,,,1.0,,,2018-08-29,2018-10-03,1.0,0.0,,,,0.0
334050.0,,,46.0,1.32,2500.0,208.0,0.0,334.0,208.0,,,334.0,0.0,1.0,,,1.0,,,2018-08-29,2018-10-01,1.0,0.0,,,,0.0
334052.0,,,50.0,1.06,2000.0,608.0,0.0,334.0,608.0,,,334.0,0.0,1.0,,,1.0,,,2018-08-29,2018-10-02,1.0,0.0,,,,0.0
334060.0,,,51.0,1.32,2500.0,608.0,0.0,334.0,608.0,,,334.0,0.0,1.0,,,1.0,,,2018-08-29,2018-10-02,1.0,0.0,,,,0.0
334068.0,,,45.0,1.06,2000.0,608.0,0.0,334.0,608.0,,,334.0,0.0,1.0,,,1.0,,,2018-08-29,2018-10-01,1.0,0.0,,,,0.0
334085.0,,,48.0,0.79,1500.0,208.0,0.0,334.0,208.0,,,334.0,0.0,1.0,,,1.0,,,2018-08-29,2018-10-01,1.0,0.0,,,,0.0
334100.0,,,38.0,0.79,1500.0,208.0,0.0,334.0,208.0,,,334.0,0.0,1.0,,,1.0,,,2018-08-29,2018-09-26,1.0,0.0,,,,0.0
334109.0,,,63.0,1.06,2000.0,608.0,0.0,334.0,608.0,,,334.0,0.0,1.0,,,1.0,,,2018-08-29,2018-10-11,1.0,0.0,,,,0.0
334117.0,,,52.0,0.79,1500.0,608.0,0.0,334.0,608.0,,,334.0,0.0,1.0,,,1.0,,,2018-08-29,2018-10-02,1.0,0.0,,,,0.0
335015.0,,38.0,73.0,0.79,1500.0,608.0,0.0,335.0,608.0,,,335.0,0.0,1.0,,,1.0,,,2018-07-24,2018-09-14,1.0,0.0,,,,0.0
335021.0,,,41.0,0.79,1500.0,208.0,0.0,335.0,208.0,,,335.0,0.0,1.0,,,1.0,,,2018-07-24,2018-09-28,1.0,0.0,,,,0.0
335029.0,,,60.0,1.32,2500.0,608.0,0.0,335.0,608.0,,,335.0,0.0,1.0,,,1.0,,,2018-07-24,2018-10-06,1.0,0.0,,,,0.0
335031.0,,,40.0,1.32,2500.0,208.0,0.0,335.0,208.0,,,335.0,1.0,1.0,,,1.0,,,2018-07-24,2018-09-28,1.0,0.0,,,,0.0
335038.0,,38.0,70.0,1.59,3000.0,608.0,0.0,335.0,608.0,,,335.0,0.0,1.0,,,3.0,1.0,,2018-07-24,2018-08-30,1.0,0.0,,,,0.0
335051.0,,,57.0,1.59,3000.0,208.0,0.0,335.0,208.0,,,335.0,0.0,1.0,,,1.0,,,2018-07-24,2018-10-05,1.0,0.0,,,,0.0
335065.0,,7.0,65.0,1.06,2000.0,208.0,0.0,335.0,208.0,,,335.0,0.0,1.0,,,1.0,,,2018-07-24,2018-10-18,1.0,0.0,,,,0.0
335105.0,,38.0,71.0,1.32,2500.0,608.0,0.0,335.0,608.0,,,335.0,0.0,1.0,,,3.0,1.0,,2018-07-24,2018-09-01,1.0,0.0,,,,0.0
335109.0,,38.0,75.0,0.79,1500.0,208.0,0.0,335.0,208.0,,,335.0,0.0,1.0,,,1.0,,,2018-07-24,2018-09-21,1.0,0.0,,,,0.0
335122.0,,,61.0,1.32,2500.0,602.0,0.0,335.0,602.0,,,335.0,0.0,1.0,,,1.0,,,2018-07-24,2018-10-08,1.0,0.0,,,,0.0
337001.0,,53.0,136.0,0.79,1500.0,74.0,0.0,337.0,74.0,,,337.0,0.0,1.0,,,1.0,,,2018-09-12,2018-09-04,0.0,0.0,,,,0.0
337005.0,,53.0,132.0,0.79,1500.0,18.0,0.0,337.0,18.0,,,337.0,0.0,1.0,,,1.0,,,2018-09-12,2018-08-30,0.0,0.0,,,,0.0
337007.0,,53.0,128.0,0.79,1500.0,18.0,0.0,337.0,18.0,,,337.0,0.0,1.0,,,1.0,,,2018-09-12,2018-08-28,0.0,0.0,,,,0.0
337018.0,,53.0,135.0,1.59,3000.0,18.0,0.0,337.0,18.0,,,337.0,0.0,1.0,,,1.0,,,2018-09-12,2018-09-03,0.0,0.0,,,,0.0
337033.0,,53.0,131.0,1.06,2000.0,74.0,0.0,337.0,74.0,,,337.0,0.0,1.0,,,1.0,,,2018-09-12,2018-08-29,0.0,0.0,,,,0.0
337035.0,,53.0,122.0,1.32,2500.0,18.0,0.0,337.0,18.0,,,337.0,0.0,1.0,,,1.0,,,2018-09-12,2018-08-24,0.0,0.0,,,,0.0
337057.0,,53.0,138.0,0.79,1500.0,18.0,0.0,337.0,18.0,,,337.0,0.0,1.0,,,1.0,,,2018-09-12,2018-09-06,0.0,0.0,,,,0.0
337059.0,,53.0,137.0,0.79,1500.0,18.0,0.0,337.0,18.0,,,337.0,0.0,1.0,,,1.0,,,2018-09-12,2018-09-04,0.0,0.0,,,,0.0
337068.0,,53.0,129.0,0.79,1500.0,74.0,0.0,337.0,74.0,,,337.0,0.0,1.0,,,1.0,,,2018-09-12,2018-08-28,0.0,0.0,,,,0.0
337118.0,,53.0,133.0,1.06,2000.0,74.0,0.0,337.0,74.0,,,337.0,0.0,1.0,,,1.0,,,2018-09-12,2018-08-30,0.0,0.0,,,,0.0
337145.0,,53.0,139.0,0.79,1500.0,74.0,0.0,337.0,74.0,,,337.0,0.0,1.0,,,1.0,,,2018-09-12,2018-09-07,0.0,0.0,,,,0.0
337149.0,,53.0,,0.79,1500.0,74.0,0.0,337.0,,1.0,,337.0,0.0,1.0,,,1.0,,,2018-09-12,2018-08-22,0.0,0.0,,,,0.0
337164.0,,53.0,130.0,1.59,3000.0,18.0,0.0,337.0,18.0,,,337.0,1.0,1.0,,,1.0,,,2018-09-12,2018-08-28,0.0,0.0,,,,0.0
337183.0,,53.0,134.0,1.32,2500.0,18.0,0.0,337.0,18.0,,,337.0,0.0,1.0,,,1.0,,,2018-09-12,2018-08-30,0.0,0.0,,,,0.0
338001.0,,,66.0,0.79,1500.0,25.0,0.0,338.0,25.0,,,338.0,0.0,1.0,,,,,,2018-09-12,2018-08-21,0.0,0.0,,,,0.0
338011.0,,34.0,50.0,0.79,1500.0,13.0,0.0,338.0,13.0,,,338.0,0.0,1.0,,,,,,2018-09-12,2018-08-13,0.0,0.0,,,,0.0
338016.0,,34.0,51.0,0.79,1500.0,25.0,0.0,338.0,25.0,,,338.0,0.0,1.0,,,,,,2018-09-12,2018-08-13,0.0,0.0,,,,0.0
338057.0,,34.0,52.0,1.59,3000.0,13.0,0.0,338.0,13.0,,,338.0,0.0,1.0,,,,,,2018-09-12,2018-08-14,0.0,0.0,,,,0.0
338061.0,,34.0,53.0,1.06,2000.0,25.0,0.0,338.0,25.0,,,338.0,0.0,1.0,,,,,,2018-09-12,2018-08-14,0.0,0.0,,,,0.0
338071.0,,34.0,54.0,1.32,2500.0,13.0,0.0,338.0,13.0,,,338.0,0.0,1.0,,,,,,2018-09-12,2018-08-14,0.0,0.0,,,,0.0
338142.0,,34.0,55.0,1.32,2500.0,25.0,0.0,338.0,25.0,,,338.0,0.0,1.0,,,,,,2018-09-12,2018-08-15,0.0,0.0,,,,0.0
338181.0,,34.0,56.0,0.79,1500.0,13.0,0.0,338.0,13.0,,,338.0,0.0,1.0,,,,,,2018-09-12,2018-08-16,0.0,0.0,,,,0.0
339007.0,,20.0,151.0,1.06,2000.0,656.0,0.0,339.0,656.0,,,339.0,0.0,1.0,,,1.0,,,2018-12-04,2018-11-26,0.0,0.0,,,,0.0
339013.0,,20.0,154.0,1.32,2500.0,656.0,0.0,339.0,656.0,,,339.0,0.0,1.0,,,1.0,,,2018-12-04,2018-11-29,0.0,0.0,,,,0.0
339016.0,,20.0,148.0,1.32,2500.0,256.0,0.0,339.0,256.0,,,339.0,0.0,1.0,,,1.0,,,2018-12-04,2018-11-22,0.0,0.0,,,,0.0
339083.0,,20.0,152.0,1.59,3000.0,256.0,0.0,339.0,256.0,,,339.0,0.0,1.0,,,1.0,,,2018-12-04,2018-11-26,0.0,0.0,,,,0.0
339086.0,,20.0,150.0,0.79,1500.0,256.0,0.0,339.0,256.0,,,339.0,0.0,1.0,,,1.0,,,2018-12-04,2018-11-23,0.0,0.0,,,,0.0
339087.0,,20.0,153.0,0.79,1500.0,256.0,0.0,339.0,256.0,,,339.0,0.0,1.0,,,1.0,,,2018-12-04,2018-11-26,0.0,0.0,,,,0.0
339094.0,,20.0,149.0,1.59,3000.0,656.0,0.0,339.0,656.0,,,339.0,0.0,1.0,,,1.0,,,2018-12-04,2018-11-23,0.0,0.0,,,,0.0
339098.0,,20.0,145.0,0.79,1500.0,256.0,0.0,339.0,256.0,,,339.0,0.0,1.0,,,3.0,1.0,,2018-12-04,2018-11-20,0.0,0.0,,,,0.0
339125.0,,20.0,146.0,0.79,1500.0,656.0,0.0,339.0,656.0,,,339.0,0.0,1.0,,,3.0,1.0,,2018-12-04,2018-11-20,0.0,0.0,,,,0.0
339158.0,,20.0,147.0,0.79,1500.0,256.0,0.0,339.0,256.0,,,339.0,0.0,1.0,,,3.0,1.0,,2018-12-04,2018-11-21,0.0,0.0,,,,0.0
341043.0,,46.0,139.0,3.49,6600.0,45.0,0.0,341.0,45.0,,,341.0,0.0,,1.0,,1.0,,,2018-11-20,2018-11-17,0.0,0.0,,,,0.0
342003.0,,,248.0,0.79,1500.0,72.0,0.0,342.0,72.0,,,342.0,0.0,1.0,,,1.0,,,2018-10-31,2018-10-09,0.0,0.0,,,,0.0
342019.0,,4.0,251.0,0.79,1500.0,72.0,0.0,342.0,72.0,,,342.0,0.0,1.0,,,1.0,,,2018-10-31,2018-10-20,0.0,0.0,,,,0.0
342024.0,,,250.0,1.59,3000.0,72.0,0.0,342.0,72.0,,,342.0,0.0,1.0,,,1.0,,,2018-10-31,2018-10-15,0.0,0.0,,,,0.0
342040.0,,,247.0,1.32,2500.0,72.0,0.0,342.0,72.0,,,342.0,0.0,1.0,,,3.0,1.0,,2018-10-31,2018-10-02,0.0,0.0,,,,0.0
342055.0,,22.0,,1.59,3000.0,,0.0,342.0,,1.0,,342.0,0.0,1.0,,,1.0,,,2018-10-31,2018-10-25,0.0,0.0,,,,0.0
343144.0,,46.0,142.0,1.06,2000.0,18.0,1.0,343.0,18.0,,,343.0,0.0,1.0,,,3.0,1.0,,2018-12-07,2018-11-29,0.0,0.0,,,,0.0
343206.0,,46.0,143.0,1.32,2500.0,90.0,1.0,343.0,90.0,,,343.0,0.0,1.0,,,1.0,,,2018-12-07,2018-11-30,0.0,0.0,,,,0.0
343207.0,,46.0,,132.0,2500.0,90.0,1.0,343.0,,1.0,,343.0,0.0,1.0,,,3.0,1.0,,2018-12-07,,1.0,0.0,,,,0.0
344044.0,,48.0,111.0,0.79,1500.0,83.0,0.0,344.0,83.0,,,344.0,0.0,1.0,,,1.0,,,2018-11-20,2018-11-15,0.0,0.0,,,,0.0
344045.0,,48.0,112.0,0.79,1500.0,83.0,0.0,344.0,83.0,,,344.0,0.0,1.0,,,1.0,,,2018-11-20,2018-11-15,0.0,0.0,,,,0.0
344046.0,,48.0,113.0,0.79,1500.0,83.0,0.0,344.0,83.0,,,344.0,0.0,1.0,,,1.0,,,2018-11-20,2018-11-15,0.0,0.0,,,,0.0
345036.0,,22.0,157.0,0.79,1500.0,48.0,0.0,345.0,48.0,,,345.0,0.0,1.0,,,1.0,,,2018-11-07,2018-10-30,0.0,0.0,,,,0.0
345041.0,,22.0,,0.79,1500.0,27.0,1.0,345.0,27.0,,,345.0,0.0,1.0,,,1.0,,,2018-11-07,2018-10-18,0.0,0.0,,,,0.0
345047.0,,22.0,,0.79,1500.0,27.0,1.0,345.0,27.0,,,345.0,0.0,1.0,,,1.0,,,2018-11-07,2018-10-19,0.0,0.0,,,,0.0
345082.0,,22.0,,1.06,2000.0,27.0,1.0,345.0,27.0,,,345.0,0.0,1.0,,,1.0,,,2018-11-07,2018-10-26,0.0,0.0,,,,0.0
345090.0,,22.0,,0.79,1500.0,48.0,1.0,345.0,48.0,,,345.0,0.0,1.0,,,1.0,,,2018-11-07,2018-10-19,0.0,0.0,,,,0.0
345097.0,,22.0,,0.79,1500.0,27.0,1.0,345.0,27.0,,,345.0,0.0,1.0,,,1.0,,,2018-11-07,2018-10-18,0.0,0.0,,,,0.0
345104.0,,22.0,158.0,1.32,2500.0,27.0,0.0,345.0,27.0,,,345.0,0.0,1.0,,,1.0,,,2018-11-07,2018-11-01,0.0,0.0,,,,0.0
345109.0,,22.0,159.0,0.79,1500.0,27.0,0.0,345.0,27.0,,,345.0,0.0,1.0,,,1.0,,,2018-11-07,2018-11-01,0.0,0.0,,,,0.0
345111.0,,22.0,161.0,0.79,1500.0,27.0,0.0,345.0,27.0,,,345.0,0.0,1.0,,,1.0,,,2018-11-07,2018-11-02,0.0,0.0,,,,0.0
345180.0,,22.0,160.0,1.06,2000.0,27.0,0.0,345.0,27.0,,,345.0,0.0,1.0,,,1.0,,,2018-11-07,2018-11-02,0.0,0.0,,,,0.0
346003.0,,12.0,146.0,1.59,3000.0,82.0,0.0,346.0,82.0,,,346.0,0.0,1.0,,,1.0,,,2018-11-15,2018-11-17,1.0,0.0,,,,0.0
346010.0,,12.0,147.0,0.79,1500.0,82.0,0.0,346.0,82.0,,,346.0,0.0,1.0,,,1.0,,,2018-11-15,2018-11-17,1.0,0.0,,,,0.0
346013.0,,12.0,138.0,0.79,1500.0,27.0,0.0,346.0,27.0,,,346.0,0.0,1.0,,,1.0,,,2018-11-15,2018-11-14,0.0,0.0,,,,0.0
346014.0,,12.0,139.0,1.59,3000.0,82.0,0.0,346.0,82.0,,,346.0,0.0,1.0,,,1.0,,,2018-11-15,2018-11-14,0.0,0.0,,,,0.0
346031.0,,12.0,144.0,1.06,2000.0,82.0,0.0,346.0,82.0,,,346.0,0.0,1.0,,,1.0,,,2018-11-15,2018-11-15,0.0,0.0,,,,0.0
346064.0,,12.0,126.0,1.59,3000.0,82.0,0.0,346.0,82.0,,,346.0,0.0,1.0,,,3.0,1.0,,2018-11-15,2018-11-06,0.0,0.0,,,,0.0
346070.0,,12.0,133.0,1.06,2000.0,82.0,0.0,346.0,82.0,,,346.0,0.0,1.0,,,1.0,,,2018-11-15,2018-11-13,0.0,0.0,,,,0.0
346075.0,,12.0,134.0,1.32,2500.0,27.0,0.0,346.0,27.0,,,346.0,0.0,1.0,,,1.0,,,2018-11-15,2018-11-13,0.0,0.0,,,,0.0
346077.0,,12.0,135.0,1.32,2500.0,82.0,0.0,346.0,82.0,,,346.0,0.0,1.0,,,1.0,,,2018-11-15,2018-11-13,0.0,0.0,,,,0.0
346080.0,,12.0,131.0,1.06,2000.0,,0.0,346.0,,1.0,,346.0,0.0,1.0,,,1.0,,,2018-11-15,2018-11-13,0.0,0.0,,,,0.0
346084.0,,12.0,130.0,1.06,2000.0,82.0,0.0,346.0,82.0,,,346.0,0.0,1.0,,,1.0,,,2018-11-15,2018-11-13,0.0,0.0,,,,0.0
346085.0,,12.0,128.0,1.06,2000.0,82.0,0.0,346.0,82.0,,,346.0,0.0,1.0,,,1.0,,,2018-11-15,2018-11-12,0.0,0.0,,,,0.0
346099.0,,12.0,136.0,0.79,1500.0,82.0,0.0,346.0,82.0,,,346.0,0.0,1.0,,,1.0,,,2018-11-15,2018-11-13,0.0,0.0,,,,0.0
346111.0,,12.0,137.0,1.06,2000.0,27.0,0.0,346.0,27.0,,,346.0,0.0,1.0,,,1.0,,,2018-11-15,2018-11-14,0.0,0.0,,,,0.0
346112.0,,12.0,143.0,0.79,1500.0,27.0,0.0,346.0,27.0,,,346.0,0.0,1.0,,,1.0,,,2018-11-15,2018-11-15,0.0,0.0,,,,0.0
346131.0,,12.0,148.0,1.59,3000.0,82.0,0.0,346.0,82.0,,,346.0,0.0,1.0,,,1.0,,,2018-11-15,2018-11-17,1.0,0.0,,,,0.0
346136.0,,12.0,145.0,0.79,1500.0,27.0,0.0,346.0,27.0,,,346.0,0.0,1.0,,,1.0,,,2018-11-15,2018-11-15,0.0,0.0,,,,0.0
346153.0,,12.0,129.0,0.79,1500.0,27.0,0.0,346.0,27.0,,,346.0,0.0,1.0,,,1.0,,,2018-11-15,2018-11-12,0.0,0.0,,,,0.0
346178.0,,12.0,140.0,1.32,2500.0,27.0,0.0,346.0,27.0,,,346.0,0.0,1.0,,,1.0,,,2018-11-15,2018-11-14,0.0,0.0,,,,0.0
347015.0,,19.0,,3.49,6600.0,103.0,0.0,347.0,,,,347.0,,,,,,,,2018-07-15,2018-06-28,0.0,0.0,,,,0.0
347020.0,,19.0,,3.49,6600.0,34.0,0.0,347.0,,,,347.0,,,,,,,,2018-07-15,2018-07-04,0.0,0.0,,,,0.0
347048.0,,19.0,,3.49,6600.0,34.0,0.0,347.0,,,,347.0,,,,,,,,2018-07-15,2018-06-30,0.0,0.0,,,,0.0
347056.0,,19.0,,3.49,6600.0,103.0,0.0,347.0,,,,347.0,,,,,,,,2018-07-15,2018-07-09,0.0,0.0,,,,0.0
347072.0,,19.0,,3.49,6600.0,34.0,0.0,347.0,,,,347.0,,,,,,,,2018-07-15,2018-07-10,0.0,0.0,,,,0.0
347108.0,,19.0,,5.82,11000.0,103.0,0.0,347.0,,,,347.0,,,,,,,,2018-07-15,2018-07-07,0.0,0.0,,,,0.0
347110.0,,19.0,,3.49,6600.0,103.0,0.0,347.0,,,,347.0,,,,,,,,2018-07-15,2018-07-10,0.0,0.0,,,,0.0
347130.0,,19.0,,6.99,13200.0,34.0,0.0,347.0,,,,347.0,,,,,,,,2018-07-15,2018-07-02,0.0,0.0,,,,0.0
347143.0,,19.0,,3.49,6600.0,34.0,0.0,347.0,,,,347.0,,,,,,,,2018-07-15,2018-07-07,0.0,0.0,,,,0.0
347152.0,,19.0,,4.66,8800.0,103.0,0.0,347.0,,,,347.0,,,,,,,,2018-07-15,2018-07-06,0.0,0.0,,,,0.0
348009.0,,22.0,82.0,0.79,1500.0,35.0,0.0,348.0,35.0,,,348.0,0.0,1.0,,,1.0,,,2018-09-12,2018-08-25,0.0,0.0,,,,0.0
348011.0,,22.0,84.0,0.79,1500.0,35.0,0.0,348.0,35.0,,,348.0,0.0,1.0,,,1.0,,,2018-09-12,2018-08-25,0.0,0.0,,,,0.0
348019.0,,22.0,92.0,1.59,3000.0,35.0,0.0,348.0,35.0,,,348.0,0.0,1.0,,,1.0,,,2018-09-12,2018-09-05,0.0,0.0,,,,0.0
348021.0,,22.0,95.0,6.99,13200.0,35.0,0.0,348.0,35.0,,,348.0,0.0,,1.0,,1.0,,,2018-09-12,2018-09-06,0.0,0.0,,,,0.0
348064.0,,99.0,51.0,4.66,8800.0,,1.0,348.0,,1.0,,348.0,0.0,,1.0,,1.0,,,2018-09-12,2018-08-23,0.0,0.0,,,,0.0
348072.0,,22.0,94.0,4.66,8800.0,135.0,0.0,348.0,35.0,1.0,,348.0,0.0,,1.0,,1.0,,,2018-09-12,2018-09-06,0.0,0.0,,,,0.0
348094.0,,22.0,87.0,3.49,6600.0,35.0,0.0,348.0,35.0,,,348.0,0.0,,1.0,,1.0,,,2018-09-12,2018-08-27,0.0,0.0,,,,0.0
349001.0,,14.0,,3.49,6600.0,101.0,0.0,349.0,,,,349.0,,,,,,,,2018-07-15,2018-07-12,0.0,0.0,,,,0.0
349022.0,,14.0,,4.66,8800.0,101.0,0.0,349.0,,,,349.0,,,,,,,,2018-07-15,2018-07-10,0.0,0.0,,,,0.0
349036.0,,14.0,,3.49,6600.0,30.0,0.0,349.0,,,,349.0,,,,,,,,2018-07-15,2018-07-05,0.0,0.0,,,,0.0
349045.0,,14.0,,6.99,13200.0,30.0,0.0,349.0,,,,349.0,,,,,,,,2018-07-15,2018-07-12,0.0,0.0,,,,0.0
349064.0,,14.0,,3.49,6600.0,101.0,0.0,349.0,,,,349.0,,,,,,,,2018-07-15,2018-07-04,0.0,0.0,,,,0.0
350004.0,,16.0,,1.06,2000.0,66.0,0.0,350.0,,,,350.0,,,,,,,,2018-08-15,2018-08-06,0.0,0.0,,,,0.0
350007.0,,16.0,,3.49,6600.0,66.0,0.0,350.0,,,,350.0,,,,,,,,2018-08-15,2018-08-08,0.0,0.0,,,,0.0
350014.0,,16.0,,5.82,11000.0,66.0,0.0,350.0,,,,350.0,,,,,,,,2018-08-15,2018-08-06,0.0,0.0,,,,0.0
350020.0,,16.0,,3.49,6600.0,66.0,0.0,350.0,,,,350.0,,,,,,,,2018-08-15,2018-07-30,0.0,0.0,,,,0.0
350021.0,,16.0,,5.82,11000.0,13.0,0.0,350.0,,,,350.0,,,,,,,,2018-08-15,2018-07-30,0.0,0.0,,,,0.0
350025.0,,16.0,,1.59,3000.0,13.0,0.0,350.0,,,,350.0,,,,,,,,2018-08-15,2018-08-08,0.0,0.0,,,,0.0
350032.0,,16.0,,0.79,1500.0,13.0,0.0,350.0,,,,350.0,,,,,,,,2018-08-15,2018-08-04,0.0,0.0,,,,0.0
350042.0,,16.0,,1.59,3000.0,66.0,0.0,350.0,,,,350.0,,,,,,,,2018-08-15,2018-08-01,0.0,0.0,,,,0.0
350043.0,,16.0,,3.49,6600.0,66.0,0.0,350.0,,,,350.0,,,,,,,,2018-08-15,2018-08-01,0.0,0.0,,,,0.0
350047.0,,16.0,,1.06,2000.0,66.0,0.0,350.0,,,,350.0,,,,,,,,2018-08-15,2018-08-08,0.0,0.0,,,,0.0
350053.0,,16.0,,4.66,8800.0,13.0,0.0,350.0,,,,350.0,,,,,,,,2018-08-15,2018-08-01,0.0,0.0,,,,0.0
350058.0,,16.0,,1.32,2500.0,13.0,0.0,350.0,,,,350.0,,,,,,,,2018-08-15,2018-08-08,0.0,0.0,,,,0.0
350059.0,,16.0,,1.06,2000.0,66.0,0.0,350.0,,,,350.0,,,,,,,,2018-08-15,2018-08-01,0.0,0.0,,,,0.0
350063.0,,16.0,,0.79,1500.0,13.0,0.0,350.0,,,,350.0,,,,,,,,2018-08-15,2018-08-01,0.0,0.0,,,,0.0
350065.0,,16.0,,0.79,1500.0,66.0,0.0,350.0,,,,350.0,,,,,,,,2018-08-15,2018-07-21,0.0,0.0,,,,0.0
353002.0,,16.0,168.0,3.49,6600.0,77.0,0.0,353.0,77.0,,,353.0,0.0,,1.0,,,,,2018-09-12,2018-08-23,0.0,0.0,,,,0.0
353007.0,,16.0,160.0,1.32,2500.0,77.0,0.0,353.0,77.0,,,353.0,1.0,1.0,,,,,,2018-09-12,2018-08-19,0.0,0.0,,,,0.0
353015.0,,16.0,175.0,3.49,6600.0,14.0,0.0,353.0,14.0,,,353.0,1.0,,1.0,,1.0,,,2018-09-12,2018-08-25,0.0,0.0,,,,0.0
353029.0,,16.0,187.0,1.59,3000.0,14.0,0.0,353.0,77.0,1.0,,353.0,0.0,1.0,,,1.0,,,2018-09-12,2018-09-01,0.0,0.0,,,,0.0
353032.0,,16.0,172.0,4.66,8800.0,14.0,0.0,353.0,14.0,,,353.0,0.0,,1.0,,,,,2018-09-12,2018-08-23,0.0,0.0,,,,0.0
353033.0,,16.0,163.0,1.32,2500.0,77.0,0.0,353.0,77.0,,,353.0,0.0,1.0,,,,,,2018-09-12,2018-08-21,0.0,0.0,,,,0.0
353054.0,,16.0,189.0,0.79,1500.0,14.0,0.0,353.0,14.0,,,353.0,1.0,1.0,,,1.0,,,2018-09-12,2018-09-01,0.0,0.0,,,,0.0
353061.0,,16.0,159.0,3.49,6600.0,14.0,0.0,353.0,14.0,,,353.0,0.0,,1.0,,,,,2018-09-12,2018-08-18,0.0,0.0,,,,0.0
353063.0,,16.0,184.0,3.49,6600.0,77.0,0.0,353.0,77.0,,,353.0,0.0,,1.0,,1.0,,,2018-09-12,2018-08-30,0.0,0.0,,,,0.0
353080.0,,16.0,177.0,3.49,6600.0,14.0,0.0,353.0,14.0,,,353.0,1.0,,1.0,,1.0,,,2018-09-12,2018-08-25,0.0,0.0,,,,0.0
353086.0,,16.0,176.0,1.06,2000.0,77.0,0.0,353.0,77.0,,,353.0,1.0,1.0,,,1.0,,,2018-09-12,2018-08-25,0.0,0.0,,,,0.0
353087.0,,16.0,173.0,3.49,6600.0,77.0,0.0,353.0,77.0,,,353.0,0.0,,1.0,,,,,2018-09-12,2018-08-23,0.0,0.0,,,,0.0
354004.0,,53.0,193.0,1.06,2000.0,266.0,0.0,354.0,266.0,,,354.0,0.0,1.0,,,1.0,,,2018-12-04,2018-11-22,0.0,0.0,,,,0.0
354009.0,,33.0,164.0,1.06,2000.0,266.0,1.0,354.0,266.0,,,354.0,0.0,1.0,,,1.0,,,2018-12-04,2018-11-25,0.0,0.0,,,,0.0
354030.0,,33.0,167.0,1.06,2000.0,266.0,1.0,354.0,266.0,,,354.0,0.0,1.0,,,1.0,,,2018-12-04,2018-11-28,0.0,0.0,,,,0.0
354118.0,,33.0,166.0,1.32,2500.0,266.0,1.0,354.0,266.0,,,354.0,0.0,1.0,,,1.0,,,2018-12-04,2018-11-28,0.0,0.0,,,,0.0
354197.0,,33.0,165.0,0.79,1500.0,266.0,1.0,354.0,266.0,,,354.0,0.0,1.0,,,1.0,,,2018-12-04,2018-11-25,0.0,0.0,,,,0.0
355004.0,,22.0,,1.32,2500.0,14.0,0.0,355.0,,,,355.0,,,,,,,,2018-08-15,2018-08-07,0.0,0.0,,,,0.0
355042.0,,22.0,,0.79,1500.0,14.0,0.0,355.0,,,,355.0,,,,,,,,2018-08-15,2018-08-09,0.0,0.0,,,,0.0
355047.0,,22.0,,1.32,2500.0,45.0,0.0,355.0,,,,355.0,,,,,,,,2018-08-15,2018-08-07,0.0,0.0,,,,0.0
355056.0,,22.0,,0.79,1500.0,45.0,0.0,355.0,,,,355.0,,,,,,,,2018-08-15,2018-08-09,0.0,0.0,,,,0.0
355062.0,,22.0,,1.32,2500.0,14.0,0.0,355.0,,,,355.0,,,,,,,,2018-08-15,2018-08-09,0.0,0.0,,,,0.0
355063.0,,22.0,,0.79,1500.0,45.0,0.0,355.0,,,,355.0,,,,,,,,2018-08-15,2018-07-31,0.0,0.0,,,,0.0
355071.0,,22.0,,1.06,2000.0,45.0,0.0,355.0,,,,355.0,,,,,,,,2018-08-15,2018-08-10,0.0,0.0,,,,0.0
355075.0,,22.0,,1.59,3000.0,45.0,0.0,355.0,,,,355.0,,,,,,,,2018-08-15,2018-08-07,0.0,0.0,,,,0.0
355077.0,,22.0,,1.06,2000.0,14.0,0.0,355.0,,,,355.0,,,,,,,,2018-08-15,2018-07-28,0.0,0.0,,,,0.0
355079.0,,22.0,,1.59,3000.0,14.0,0.0,355.0,,,,355.0,,,,,,,,2018-08-15,2018-07-25,0.0,0.0,,,,0.0
355084.0,,22.0,,0.79,1500.0,45.0,0.0,355.0,,,,355.0,,,,,,,,2018-08-15,2018-07-28,0.0,0.0,,,,0.0
356050.0,,46.0,141.0,0.79,1500.0,90.0,0.0,356.0,90.0,,,356.0,0.0,1.0,,,1.0,,,2018-12-07,2018-11-26,0.0,0.0,,,,0.0
357003.0,,14.0,,1.59,3000.0,77.0,1.0,357.0,,1.0,,357.0,0.0,1.0,,,1.0,,,2018-11-07,2018-11-01,0.0,0.0,,,,0.0
357014.0,,14.0,,0.79,1500.0,77.0,1.0,357.0,77.0,,,357.0,0.0,1.0,,,1.0,,,2018-11-07,2018-10-22,0.0,0.0,,,,0.0
357064.0,,14.0,,1.06,2000.0,56.0,1.0,357.0,56.0,,,357.0,0.0,1.0,,,1.0,,,2018-11-07,2018-11-01,0.0,0.0,,,,0.0
358019.0,,36.0,91.0,1.32,2500.0,652.0,0.0,358.0,652.0,,,358.0,1.0,1.0,,,1.0,,,2018-11-21,2018-11-01,0.0,0.0,,,,0.0
358020.0,,,93.0,0.79,1500.0,652.0,0.0,358.0,652.0,,,358.0,1.0,1.0,,,1.0,,,2018-11-21,2018-11-01,0.0,0.0,,,,0.0
358028.0,,36.0,90.0,1.06,2000.0,652.0,0.0,358.0,652.0,,,358.0,1.0,1.0,,,1.0,,,2018-11-21,2018-10-28,0.0,0.0,,,,0.0
358029.0,,36.0,89.0,0.79,1500.0,,1.0,358.0,,1.0,,358.0,1.0,1.0,,,1.0,,,2018-11-21,2018-10-27,0.0,0.0,,,,0.0
358033.0,,36.0,98.0,1.06,2000.0,652.0,0.0,358.0,652.0,,,358.0,1.0,1.0,,,1.0,,,2018-11-21,2018-11-07,0.0,0.0,,,,0.0
358039.0,,,92.0,1.59,3000.0,252.0,0.0,358.0,252.0,,,358.0,1.0,1.0,,,1.0,,,2018-11-21,2018-11-01,0.0,0.0,,,,0.0
358053.0,,36.0,96.0,1.32,2500.0,652.0,0.0,358.0,652.0,,,358.0,1.0,1.0,,,1.0,,,2018-11-21,2018-11-06,0.0,0.0,,,,0.0
358057.0,,36.0,103.0,0.79,1500.0,252.0,0.0,358.0,252.0,,,358.0,1.0,1.0,,,1.0,,,2018-11-21,2018-11-12,0.0,0.0,,,,0.0
358061.0,,36.0,106.0,1.32,2500.0,252.0,0.0,358.0,252.0,,,358.0,1.0,1.0,,,1.0,,,2018-11-21,2018-11-17,0.0,0.0,,,,0.0
358065.0,,36.0,86.0,1.32,2500.0,252.0,0.0,358.0,252.0,,,358.0,0.0,1.0,,,3.0,1.0,,2018-11-21,2018-10-24,0.0,0.0,,,,0.0
358089.0,,36.0,97.0,1.59,3000.0,252.0,0.0,358.0,252.0,,,358.0,1.0,1.0,,,1.0,,,2018-11-21,2018-11-07,0.0,0.0,,,,0.0
358097.0,,36.0,104.0,0.79,1500.0,652.0,0.0,358.0,652.0,,,358.0,1.0,1.0,,,1.0,,,2018-11-21,2018-11-17,0.0,0.0,,,,0.0
358103.0,,36.0,99.0,1.59,3000.0,252.0,0.0,358.0,252.0,,,358.0,1.0,1.0,,,1.0,,,2018-11-21,2018-11-07,0.0,0.0,,,,0.0
358113.0,,36.0,105.0,1.06,2000.0,652.0,0.0,358.0,652.0,,,358.0,1.0,1.0,,,1.0,,,2018-11-21,2018-11-17,0.0,0.0,,,,0.0
358135.0,,36.0,102.0,0.79,1500.0,652.0,0.0,358.0,652.0,,,358.0,1.0,1.0,,,1.0,,,2018-11-21,2018-11-10,0.0,0.0,,,,0.0
359006.0,,15.0,71.0,1.06,2000.0,235.0,0.0,359.0,235.0,,,359.0,0.0,1.0,,,,,,2018-08-29,2018-08-24,0.0,0.0,,,,0.0
359012.0,,15.0,,1.06,2000.0,235.0,0.0,359.0,,,,359.0,,,,,,,,2018-08-29,2018-08-06,0.0,0.0,,,,0.0
359013.0,,88.0,,0.79,1500.0,235.0,0.0,359.0,235.0,,,359.0,0.0,1.0,,,1.0,,,2018-08-29,2018-09-13,1.0,0.0,,,,0.0
359015.0,,15.0,,1.32,2500.0,235.0,0.0,359.0,,,,359.0,,,,,,,,2018-08-29,2018-08-03,0.0,0.0,,,,0.0
359017.0,,,69.0,5.82,11000.0,635.0,0.0,359.0,635.0,,,359.0,0.0,,1.0,,,,,2018-08-29,2018-08-12,0.0,0.0,,,,0.0
359021.0,,15.0,,1.06,2000.0,635.0,0.0,359.0,,,,359.0,,,,,,,,2018-08-29,2018-07-31,0.0,0.0,,,,0.0
359026.0,,,66.0,1.32,2500.0,635.0,0.0,359.0,635.0,,,359.0,0.0,1.0,,,,,,2018-08-29,2018-08-08,0.0,0.0,,,,0.0
359030.0,,15.0,,1.06,2000.0,235.0,0.0,359.0,,,,359.0,,,,,,,,2018-08-29,2018-08-04,0.0,0.0,,,,0.0
359031.0,,15.0,,1.32,2500.0,635.0,0.0,359.0,,,,359.0,,,,,,,,2018-08-29,2018-08-04,0.0,0.0,,,,0.0
359036.0,,15.0,70.0,1.32,2500.0,635.0,0.0,359.0,635.0,,,359.0,0.0,1.0,,,,,,2018-08-29,2018-08-24,0.0,0.0,,,,0.0
359037.0,,15.0,,0.79,1500.0,635.0,0.0,359.0,,,,359.0,,,,,,,,2018-08-29,2018-08-04,0.0,0.0,,,,0.0
359038.0,,15.0,,0.79,1500.0,235.0,0.0,359.0,,,,359.0,,,,,,,,2018-08-29,2018-07-31,0.0,0.0,,,,0.0
359039.0,,,68.0,1.59,3000.0,235.0,0.0,359.0,235.0,,,359.0,0.0,1.0,,,,,,2018-08-29,2018-08-11,0.0,0.0,,,,0.0
359041.0,,,67.0,1.32,2500.0,235.0,0.0,359.0,235.0,,,359.0,0.0,1.0,,,,,,2018-08-29,2018-08-11,0.0,0.0,,,,0.0
359046.0,,15.0,,1.59,3000.0,235.0,0.0,359.0,,,,359.0,,,,,,,,2018-08-29,2018-08-04,0.0,0.0,,,,0.0
360025.0,,53.0,127.0,4.66,8800.0,74.0,0.0,360.0,74.0,,,360.0,0.0,,1.0,,1.0,,,2018-09-12,2018-08-28,0.0,0.0,,,,0.0
360039.0,,53.0,125.0,0.79,1500.0,74.0,0.0,360.0,74.0,,,360.0,0.0,1.0,,,1.0,,,2018-09-12,2018-08-27,0.0,0.0,,,,0.0
360042.0,,53.0,126.0,6.99,13200.0,18.0,0.0,360.0,18.0,,,360.0,0.0,,1.0,,1.0,,,2018-09-12,2018-08-27,0.0,0.0,,,,0.0
361001.0,,2.0,169.0,4.66,8800.0,476.0,1.0,361.0,476.0,,,361.0,1.0,,1.0,,1.0,,,2018-12-04,2018-11-30,0.0,0.0,,,,0.0
361003.0,,2.0,170.0,0.79,1500.0,876.0,0.0,361.0,876.0,,,361.0,0.0,1.0,,,1.0,,,2018-12-04,2018-11-30,0.0,0.0,,,,0.0
361004.0,,2.0,163.0,1.06,2000.0,876.0,0.0,361.0,876.0,,,361.0,0.0,1.0,,,1.0,,,2018-12-04,2018-11-23,0.0,0.0,,,,0.0
361016.0,,2.0,164.0,1.32,2500.0,476.0,0.0,361.0,476.0,,,361.0,0.0,1.0,,,1.0,,,2018-12-04,2018-11-27,0.0,0.0,,,,0.0
361018.0,,2.0,171.0,0.79,1500.0,876.0,0.0,361.0,876.0,,,361.0,0.0,1.0,,,1.0,,,2018-12-04,2018-11-30,0.0,0.0,,,,0.0
361028.0,,2.0,166.0,5.82,11000.0,876.0,0.0,361.0,876.0,,,361.0,0.0,,1.0,,1.0,,,2018-12-04,2018-11-29,0.0,0.0,,,,0.0
361034.0,,2.0,167.0,0.79,1500.0,476.0,0.0,361.0,476.0,,,361.0,0.0,1.0,,,1.0,,,2018-12-04,2018-11-29,0.0,0.0,,,,0.0
361037.0,,2.0,162.0,1.32,2500.0,,0.0,361.0,,1.0,,361.0,0.0,1.0,,,1.0,,,2018-12-04,2018-11-22,0.0,0.0,,,,0.0
361045.0,,2.0,168.0,1.06,2000.0,476.0,0.0,361.0,476.0,,,361.0,0.0,1.0,,,1.0,,,2018-12-04,2018-11-29,0.0,0.0,,,,0.0
361049.0,,2.0,161.0,0.79,1500.0,476.0,0.0,361.0,476.0,,,361.0,0.0,1.0,,,3.0,1.0,,2018-12-04,2018-11-20,0.0,0.0,,,,0.0
361051.0,,2.0,165.0,1.32,2500.0,876.0,0.0,361.0,876.0,,,361.0,0.0,1.0,,,1.0,,,2018-12-04,2018-11-28,0.0,0.0,,,,0.0
361057.0,,13.0,133.0,0.79,1500.0,476.0,0.0,361.0,476.0,,,361.0,0.0,1.0,,,1.0,,,2018-12-04,2018-12-15,1.0,0.0,,,,0.0
362006.0,,,273.0,1.06,2000.0,347.0,0.0,362.0,347.0,,,362.0,0.0,1.0,,,1.0,,,2018-11-28,2018-11-05,0.0,0.0,,,,0.0
362009.0,,31.0,289.0,1.06,2000.0,347.0,0.0,362.0,347.0,,,362.0,0.0,1.0,,,1.0,,,2018-11-28,2018-11-23,0.0,0.0,,,,0.0
362015.0,,31.0,290.0,0.79,1500.0,347.0,0.0,362.0,347.0,,,362.0,0.0,1.0,,,1.0,,,2018-11-28,2018-11-23,0.0,0.0,,,,0.0
362020.0,,31.0,277.0,0.79,1500.0,,0.0,362.0,,1.0,,362.0,0.0,1.0,,,1.0,,,2018-11-28,2018-11-09,0.0,0.0,,,,0.0
362024.0,,31.0,271.0,1.59,3000.0,79.0,0.0,362.0,79.0,,,362.0,0.0,1.0,,,1.0,,,2018-11-28,2018-11-01,0.0,0.0,,,,0.0
362027.0,,31.0,278.0,1.06,2000.0,347.0,0.0,362.0,347.0,,,362.0,0.0,1.0,,,1.0,,,2018-11-28,2018-11-09,0.0,0.0,,,,0.0
362033.0,,,272.0,0.79,1500.0,347.0,0.0,362.0,347.0,,,362.0,0.0,1.0,,,1.0,,,2018-11-28,2018-11-01,0.0,0.0,,,,0.0
362034.0,,,274.0,1.06,2000.0,347.0,0.0,362.0,347.0,,,362.0,0.0,1.0,,,1.0,,,2018-11-28,2018-11-05,0.0,0.0,,,,0.0
362040.0,,31.0,284.0,1.32,2500.0,347.0,0.0,362.0,347.0,,,362.0,0.0,1.0,,,1.0,,,2018-11-28,2018-11-12,0.0,0.0,,,,0.0
362041.0,,,275.0,1.06,2000.0,347.0,0.0,362.0,347.0,,,362.0,0.0,1.0,,,1.0,,,2018-11-28,2018-11-05,0.0,0.0,,,,0.0
362047.0,,31.0,288.0,0.79,1500.0,347.0,0.0,362.0,347.0,,,362.0,0.0,1.0,,,1.0,,,2018-11-28,2018-11-19,0.0,0.0,,,,0.0
362049.0,,31.0,279.0,1.06,2000.0,79.0,0.0,362.0,79.0,,,362.0,0.0,1.0,,,1.0,,,2018-11-28,2018-11-09,0.0,0.0,,,,0.0
362060.0,,31.0,280.0,1.32,2500.0,347.0,0.0,362.0,347.0,,,362.0,0.0,1.0,,,1.0,,,2018-11-28,2018-11-09,0.0,0.0,,,,0.0
362065.0,,31.0,276.0,1.32,2500.0,347.0,0.0,362.0,347.0,,,362.0,0.0,1.0,,,1.0,,,2018-11-28,2018-11-05,0.0,0.0,,,,0.0
362066.0,,31.0,286.0,1.59,3000.0,347.0,1.0,362.0,347.0,,,362.0,0.0,1.0,,,1.0,,,2018-11-28,2018-11-16,0.0,0.0,,,,0.0
362073.0,,31.0,281.0,0.79,1500.0,79.0,0.0,362.0,79.0,,,362.0,0.0,1.0,,,1.0,,,2018-11-28,2018-11-09,0.0,0.0,,,,0.0
362075.0,,31.0,287.0,0.79,1500.0,347.0,1.0,362.0,347.0,,,362.0,0.0,1.0,,,1.0,,,2018-11-28,2018-11-16,0.0,0.0,,,,0.0
363003.0,,32.0,,0.79,1500.0,98.0,0.0,363.0,,,,363.0,,,,,,,,2018-08-15,2018-07-25,0.0,0.0,,,,0.0
363037.0,,32.0,,4.66,8800.0,98.0,0.0,363.0,,,,363.0,,,,,,,,2018-08-15,2018-07-26,0.0,0.0,,,,0.0
363127.0,,32.0,,5.82,11000.0,20.0,0.0,363.0,,,,363.0,,,,,,,,2018-08-15,2018-08-06,0.0,0.0,,,,0.0
364011.0,,20.0,,0.79,1500.0,627.0,0.0,364.0,,,,364.0,,,,,,,,2018-08-29,2018-08-06,0.0,0.0,,,,0.0
364014.0,,20.0,,1.59,3000.0,627.0,0.0,364.0,,,,364.0,,,,,,,,2018-08-29,2018-08-03,0.0,0.0,,,,0.0
364015.0,,20.0,,0.79,1500.0,227.0,0.0,364.0,,,,364.0,,,,,,,,2018-08-29,2018-08-03,0.0,0.0,,,,0.0
364043.0,,,84.0,1.06,2000.0,227.0,0.0,364.0,227.0,,,364.0,0.0,1.0,,,,,,2018-08-29,2018-08-10,0.0,0.0,,,,0.0
364054.0,,20.0,86.0,1.59,3000.0,227.0,0.0,364.0,227.0,,,364.0,0.0,1.0,,,,,,2018-08-29,2018-08-15,0.0,0.0,,,,0.0
364066.0,,20.0,89.0,1.59,3000.0,627.0,0.0,364.0,627.0,,,364.0,0.0,1.0,,,,,,2018-08-29,2018-08-22,0.0,0.0,,,,0.0
364073.0,,,85.0,3.49,6600.0,627.0,0.0,364.0,627.0,,,364.0,0.0,,1.0,,,,,2018-08-29,2018-08-10,0.0,0.0,,,,0.0
364104.0,,20.0,90.0,0.79,1500.0,227.0,0.0,364.0,227.0,,,364.0,0.0,1.0,,,,,,2018-08-29,2018-08-22,0.0,0.0,,,,0.0
364107.0,,,83.0,3.49,6600.0,627.0,0.0,364.0,627.0,,,364.0,0.0,,1.0,,,,,2018-08-29,2018-08-10,0.0,0.0,,,,0.0
364109.0,,,82.0,0.79,1500.0,227.0,0.0,364.0,227.0,,,364.0,0.0,1.0,,,,,,2018-08-29,2018-08-08,0.0,0.0,,,,0.0
364117.0,,20.0,88.0,0.79,1500.0,227.0,0.0,364.0,227.0,,,364.0,0.0,1.0,,,,,,2018-08-29,2018-08-16,0.0,0.0,,,,0.0
365002.0,,30.0,81.0,3.49,6600.0,227.0,0.0,365.0,227.0,,,365.0,0.0,,1.0,,1.0,,,2018-11-21,2018-10-29,0.0,0.0,,,,0.0
365003.0,,30.0,88.0,3.49,6600.0,627.0,0.0,365.0,627.0,,,365.0,0.0,,1.0,,1.0,,,2018-11-21,2018-11-02,0.0,0.0,,,,0.0
365009.0,,30.0,,6.99,13200.0,62.0,0.0,365.0,,1.0,,365.0,0.0,,1.0,,1.0,,,2018-11-21,2018-10-29,0.0,0.0,,,,0.0
365011.0,,30.0,90.0,1.32,2500.0,627.0,0.0,365.0,627.0,,,365.0,0.0,1.0,,,1.0,,,2018-11-21,2018-11-12,0.0,0.0,,,,0.0
365032.0,,30.0,80.0,1.06,2000.0,627.0,0.0,365.0,627.0,,,365.0,0.0,1.0,,,1.0,,,2018-11-21,2018-10-29,0.0,0.0,,,,0.0
365040.0,,30.0,93.0,0.79,1500.0,227.0,0.0,365.0,227.0,,,365.0,1.0,1.0,,,1.0,,,2018-11-21,2018-11-17,0.0,0.0,,,,0.0
365072.0,,30.0,89.0,3.49,6600.0,227.0,0.0,365.0,227.0,,,365.0,0.0,,1.0,,1.0,,,2018-11-21,2018-11-09,0.0,0.0,,,,0.0
365076.0,,30.0,87.0,1.06,2000.0,227.0,0.0,365.0,227.0,,,365.0,0.0,1.0,,,1.0,,,2018-11-21,2018-11-01,0.0,0.0,,,,0.0
365079.0,,30.0,92.0,0.79,1500.0,227.0,0.0,365.0,227.0,,,365.0,0.0,1.0,,,1.0,,,2018-11-21,2018-11-15,0.0,0.0,,,,0.0
365081.0,,30.0,91.0,1.59,3000.0,627.0,0.0,365.0,627.0,,,365.0,0.0,1.0,,,1.0,,,2018-11-21,2018-11-14,0.0,0.0,,,,0.0
367034.0,,54.0,135.0,1.06,2000.0,75.0,0.0,367.0,75.0,,,367.0,1.0,1.0,,,1.0,,,2018-11-20,2018-11-05,0.0,0.0,,,,0.0
368004.0,,32.0,,1.32,2500.0,44.0,0.0,368.0,,,,368.0,,,,,,,,2018-07-15,2018-06-18,0.0,0.0,,,,0.0
368016.0,,32.0,,3.49,6600.0,97.0,0.0,368.0,,,,368.0,,,,,,,,2018-07-15,2018-07-04,0.0,0.0,,,,0.0
368020.0,,32.0,,0.79,1500.0,8.0,0.0,368.0,,,,368.0,,,,,,,,2018-07-15,2018-06-24,0.0,0.0,,,,0.0
368030.0,,32.0,,1.06,2000.0,44.0,0.0,368.0,,,,368.0,,,,,,,,2018-07-15,2018-07-04,0.0,0.0,,,,0.0
368042.0,,32.0,,0.79,1500.0,44.0,0.0,368.0,,,,368.0,,,,,,,,2018-07-15,2018-07-05,0.0,0.0,,,,0.0
368045.0,,32.0,,1.32,2500.0,97.0,0.0,368.0,,,,368.0,,,,,,,,2018-07-15,2018-07-04,0.0,0.0,,,,0.0
368047.0,,32.0,,0.79,1500.0,97.0,0.0,368.0,,,,368.0,,,,,,,,2018-07-15,2018-06-18,0.0,0.0,,,,0.0
368051.0,,32.0,,1.06,2000.0,97.0,0.0,368.0,,,,368.0,,,,,,,,2018-07-15,2018-06-22,0.0,0.0,,,,0.0
368080.0,,32.0,,1.59,3000.0,41.0,0.0,368.0,,,,368.0,,,,,,,,2018-07-15,2018-06-16,0.0,0.0,,,,0.0
368081.0,,32.0,,0.79,1500.0,44.0,0.0,368.0,,,,368.0,,,,,,,,2018-07-15,2018-07-02,0.0,0.0,,,,0.0
368097.0,,32.0,,1.32,2500.0,97.0,0.0,368.0,,,,368.0,,,,,,,,2018-07-15,2018-06-26,0.0,0.0,,,,0.0
368106.0,,32.0,,1.59,3000.0,44.0,0.0,368.0,,,,368.0,,,,,,,,2018-07-15,2018-07-11,0.0,0.0,,,,0.0
368116.0,,32.0,,1.32,2500.0,44.0,0.0,368.0,,,,368.0,,,,,,,,2018-07-15,2018-07-04,0.0,0.0,,,,0.0
369014.0,,27.0,34.0,3.49,6600.0,91.0,0.0,369.0,91.0,,,369.0,0.0,,1.0,,,,,2018-09-05,2018-08-09,0.0,0.0,,,,0.0
369016.0,,27.0,37.0,0.79,1500.0,275.0,0.0,369.0,275.0,,,369.0,0.0,1.0,,,,,,2018-09-05,2018-08-10,0.0,0.0,,,,0.0
369036.0,,27.0,35.0,1.32,2500.0,275.0,0.0,369.0,275.0,,,369.0,0.0,1.0,,,,,,2018-09-05,2018-08-09,0.0,0.0,,,,0.0
369048.0,,27.0,38.0,1.06,2000.0,91.0,0.0,369.0,91.0,,,369.0,1.0,1.0,,,,,,2018-09-05,2018-08-10,0.0,0.0,,,,0.0
369051.0,,27.0,39.0,1.59,3000.0,275.0,0.0,369.0,275.0,,,369.0,0.0,1.0,,,,,,2018-09-05,2018-08-10,0.0,0.0,,,,0.0
369057.0,,27.0,40.0,1.06,2000.0,91.0,0.0,369.0,91.0,,,369.0,0.0,1.0,,,,,,2018-09-05,2018-08-10,0.0,0.0,,,,0.0
369063.0,,27.0,36.0,0.79,1500.0,91.0,0.0,369.0,91.0,,,369.0,0.0,1.0,,,,,,2018-09-05,2018-08-09,0.0,0.0,,,,0.0
369087.0,,27.0,41.0,1.06,2000.0,91.0,0.0,369.0,91.0,,,369.0,0.0,1.0,,,,,,2018-09-05,2018-08-14,0.0,0.0,,,,0.0
369092.0,,27.0,46.0,0.79,1500.0,275.0,0.0,369.0,275.0,,,369.0,0.0,1.0,,,,,,2018-09-05,2018-08-15,0.0,0.0,,,,0.0
369121.0,,27.0,49.0,0.79,1500.0,91.0,0.0,369.0,91.0,,,369.0,0.0,1.0,,,,,,2018-09-05,2018-08-16,0.0,0.0,,,,0.0
369123.0,,27.0,52.0,0.79,1500.0,91.0,0.0,369.0,91.0,,,369.0,0.0,1.0,,,,,,2018-09-05,2018-08-16,0.0,0.0,,,,0.0
370005.0,,7.0,76.0,1.0,13200.0,289.0,0.0,370.0,289.0,,,370.0,1.0,,1.0,,1.0,,,2018-12-04,2018-11-21,0.0,0.0,,,,0.0
370008.0,,7.0,77.0,1.0,13200.0,510.0,0.0,370.0,510.0,,,370.0,1.0,,1.0,,1.0,,,2018-12-04,2018-11-21,0.0,0.0,,,,0.0
370009.0,,7.0,83.0,0.79,1500.0,,0.0,370.0,,1.0,,370.0,0.0,1.0,,,1.0,,,2018-12-04,2018-11-23,0.0,0.0,,,,0.0
370043.0,,7.0,87.0,0.79,1500.0,689.0,0.0,370.0,689.0,,,370.0,0.0,1.0,,,1.0,,,2018-12-04,2018-11-27,0.0,0.0,,,,0.0
370069.0,,7.0,84.0,1.59,3000.0,289.0,0.0,370.0,289.0,,,370.0,0.0,1.0,,,1.0,,,2018-12-04,2018-11-24,0.0,0.0,,,,0.0
370089.0,,7.0,86.0,0.79,1500.0,289.0,0.0,370.0,289.0,,,370.0,0.0,1.0,,,1.0,,,2018-12-04,2018-11-26,0.0,0.0,,,,0.0
370090.0,,7.0,85.0,1.32,2500.0,289.0,1.0,370.0,289.0,,,370.0,0.0,1.0,,,1.0,,,2018-12-04,2018-11-24,0.0,0.0,,,,0.0
371001.0,,46.0,109.0,0.79,1500.0,82.0,0.0,371.0,82.0,,,371.0,0.0,1.0,,,1.0,,,2018-10-10,2018-10-02,0.0,0.0,,,,0.0
371007.0,,46.0,96.0,5.82,11000.0,82.0,0.0,371.0,82.0,,,371.0,0.0,,1.0,,1.0,,,2018-10-10,2018-09-22,0.0,0.0,,,,0.0
371011.0,,46.0,100.0,1.32,2500.0,82.0,0.0,371.0,82.0,,,371.0,0.0,1.0,,,1.0,,,2018-10-10,2018-09-22,0.0,0.0,,,,0.0
371018.0,,46.0,95.0,1.32,2500.0,82.0,0.0,371.0,82.0,,,371.0,0.0,1.0,,,1.0,,,2018-10-10,2018-09-22,0.0,0.0,,,,0.0
371025.0,,46.0,101.0,1.06,2000.0,20.0,0.0,371.0,20.0,,,371.0,0.0,1.0,,,1.0,,,2018-10-10,2018-09-22,0.0,0.0,,,,0.0
371035.0,,46.0,99.0,1.32,2500.0,20.0,0.0,371.0,20.0,,,371.0,0.0,1.0,,,1.0,,,2018-10-10,2018-09-22,0.0,0.0,,,,0.0
371046.0,,46.0,108.0,0.79,1500.0,20.0,0.0,371.0,20.0,,,371.0,0.0,1.0,,,1.0,,,2018-10-10,2018-09-29,0.0,0.0,,,,0.0
371051.0,,12.0,80.0,1.32,2500.0,20.0,0.0,371.0,20.0,,,371.0,0.0,1.0,,,3.0,1.0,,2018-10-10,2018-09-11,0.0,0.0,,,,0.0
371056.0,,46.0,102.0,5.82,11000.0,82.0,0.0,371.0,82.0,,,371.0,0.0,,1.0,,1.0,,,2018-10-10,2018-09-22,0.0,0.0,,,,0.0
371059.0,,46.0,105.0,0.79,1500.0,82.0,0.0,371.0,82.0,,,371.0,0.0,1.0,,,1.0,,,2018-10-10,2018-09-26,0.0,0.0,,,,0.0
371083.0,,46.0,104.0,1.06,2000.0,20.0,0.0,371.0,20.0,,,371.0,0.0,1.0,,,1.0,,,2018-10-10,2018-09-26,0.0,0.0,,,,0.0
371090.0,,46.0,103.0,0.79,1500.0,82.0,0.0,371.0,82.0,,,371.0,0.0,1.0,,,1.0,,,2018-10-10,2018-09-26,0.0,0.0,,,,0.0
372002.0,,13.0,,1.06,2000.0,40.0,0.0,372.0,,,,372.0,,,,,,,,2018-08-15,2018-07-27,0.0,0.0,,,,0.0
372023.0,,13.0,,1.32,2500.0,74.0,0.0,372.0,,,,372.0,,,,,,,,2018-08-15,2018-07-18,0.0,0.0,,,,0.0
372029.0,,13.0,,1.59,3000.0,40.0,0.0,372.0,,,,372.0,,,,,,,,2018-08-15,2018-07-17,0.0,0.0,,,,0.0
372036.0,,13.0,,0.79,1500.0,74.0,0.0,372.0,,,,372.0,,,,,,,,2018-08-15,2018-08-04,0.0,0.0,,,,0.0
372057.0,,13.0,,1.32,2500.0,74.0,0.0,372.0,,,,372.0,,,,,,,,2018-08-15,2018-07-19,0.0,0.0,,,,0.0
372069.0,,13.0,,1.06,2000.0,40.0,0.0,372.0,,,,372.0,,,,,,,,2018-08-15,2018-07-31,0.0,0.0,,,,0.0
372071.0,,13.0,,0.79,1500.0,40.0,0.0,372.0,,,,372.0,,,,,,,,2018-08-15,2018-08-04,0.0,0.0,,,,0.0
372072.0,,13.0,,0.79,1500.0,74.0,0.0,372.0,,,,372.0,,,,,,,,2018-08-15,2018-08-04,0.0,0.0,,,,0.0
372086.0,,13.0,,0.79,1500.0,74.0,0.0,372.0,,,,372.0,,,,,,,,2018-08-15,2018-08-10,0.0,0.0,,,,0.0
372101.0,,13.0,,1.06,2000.0,40.0,0.0,372.0,,,,372.0,,,,,,,,2018-08-15,2018-08-04,0.0,0.0,,,,0.0
372107.0,,13.0,,0.79,1500.0,74.0,0.0,372.0,,,,372.0,,,,,,,,2018-08-15,2018-08-06,0.0,0.0,,,,0.0
372147.0,,13.0,,1.59,3000.0,74.0,0.0,372.0,,,,372.0,,,,,,,,2018-08-15,2018-08-08,0.0,0.0,,,,0.0
372168.0,,13.0,,1.32,2500.0,74.0,0.0,372.0,,,,372.0,,,,,,,,2018-08-15,2018-08-10,0.0,0.0,,,,0.0
372172.0,,13.0,,0.79,1500.0,74.0,0.0,372.0,,,,372.0,,,,,,,,2018-08-15,2018-07-19,0.0,0.0,,,,0.0
372175.0,,13.0,,0.79,1500.0,74.0,0.0,372.0,,,,372.0,,,,,,,,2018-08-15,2018-07-20,0.0,0.0,,,,0.0
372177.0,,13.0,,1.06,2000.0,74.0,0.0,372.0,,,,372.0,,,,,,,,2018-08-15,2018-08-04,0.0,0.0,,,,0.0
372195.0,,13.0,,0.79,1500.0,40.0,0.0,372.0,,,,372.0,,,,,,,,2018-08-15,2018-07-31,0.0,0.0,,,,0.0
372197.0,,13.0,,0.79,1500.0,74.0,0.0,372.0,,,,372.0,,,,,,,,2018-08-15,2018-07-31,0.0,0.0,,,,0.0
373022.0,,13.0,,0.79,1500.0,40.0,0.0,373.0,,,,373.0,,,,,,,,2018-08-15,2018-08-06,0.0,0.0,,,,0.0
373036.0,,13.0,,0.79,1500.0,74.0,0.0,373.0,,,,373.0,,,,,,,,2018-08-15,2018-08-06,0.0,0.0,,,,0.0
373105.0,,13.0,,1.32,2500.0,40.0,0.0,373.0,,,,373.0,,,,,,,,2018-08-15,2018-07-31,0.0,0.0,,,,0.0
373111.0,,13.0,,0.79,1500.0,40.0,0.0,373.0,,,,373.0,,,,,,,,2018-08-15,2018-08-04,0.0,0.0,,,,0.0
373112.0,,13.0,,1.32,2500.0,74.0,0.0,373.0,,,,373.0,,,,,,,,2018-08-15,2018-08-09,0.0,0.0,,,,0.0
373114.0,,13.0,,1.32,2500.0,74.0,0.0,373.0,,,,373.0,,,,,,,,2018-08-15,2018-07-31,0.0,0.0,,,,0.0
374001.0,,,258.0,1.32,2500.0,52.0,0.0,374.0,52.0,,,374.0,0.0,1.0,,,1.0,,,2018-10-31,2018-10-10,0.0,0.0,,,,0.0
374002.0,,,262.0,1.06,2000.0,381.0,0.0,374.0,381.0,,,374.0,0.0,1.0,,,1.0,,,2018-10-31,2018-10-13,0.0,0.0,,,,0.0
374009.0,,,253.0,0.79,1500.0,381.0,0.0,374.0,381.0,,,374.0,0.0,1.0,,,1.0,,,2018-10-31,2018-10-05,0.0,0.0,,,,0.0
374013.0,,31.0,269.0,1.06,2000.0,52.0,0.0,374.0,52.0,,,374.0,0.0,1.0,,,1.0,,,2018-10-31,2018-10-22,0.0,0.0,,,,0.0
374017.0,,,257.0,1.06,2000.0,381.0,0.0,374.0,381.0,,,374.0,0.0,1.0,,,1.0,,,2018-10-31,2018-10-10,0.0,0.0,,,,0.0
374024.0,,,254.0,0.79,1500.0,52.0,0.0,374.0,52.0,,,374.0,0.0,1.0,,,1.0,,,2018-10-31,2018-10-05,0.0,0.0,,,,0.0
374027.0,,,260.0,1.59,3000.0,381.0,0.0,374.0,381.0,,,374.0,0.0,1.0,,,1.0,,,2018-10-31,2018-10-11,0.0,0.0,,,,0.0
374030.0,,,251.0,1.06,2000.0,381.0,0.0,374.0,381.0,,,374.0,0.0,1.0,,,1.0,,,2018-10-31,2018-10-03,0.0,0.0,,,,0.0
374031.0,,31.0,264.0,0.79,1500.0,381.0,0.0,374.0,381.0,,,374.0,0.0,1.0,,,1.0,,,2018-10-31,2018-10-22,0.0,0.0,,,,0.0
374032.0,,,255.0,1.06,2000.0,52.0,0.0,374.0,52.0,,,374.0,0.0,1.0,,,1.0,,,2018-10-31,2018-10-09,0.0,0.0,,,,0.0
374033.0,,,256.0,0.79,1500.0,381.0,0.0,374.0,381.0,,,374.0,0.0,1.0,,,1.0,,,2018-10-31,2018-10-09,0.0,0.0,,,,0.0
374034.0,,,261.0,0.79,1500.0,52.0,0.0,374.0,52.0,,,374.0,0.0,1.0,,,1.0,,,2018-10-31,2018-10-11,0.0,0.0,,,,0.0
374037.0,,,252.0,1.06,2000.0,52.0,0.0,374.0,52.0,,,374.0,0.0,1.0,,,1.0,,,2018-10-31,2018-10-03,0.0,0.0,,,,0.0
374045.0,,,263.0,3.49,6600.0,52.0,0.0,374.0,52.0,,,374.0,0.0,,1.0,,1.0,,,2018-10-31,2018-10-13,0.0,0.0,,,,0.0
374054.0,,31.0,266.0,0.79,1500.0,381.0,0.0,374.0,381.0,,,374.0,0.0,1.0,,,1.0,,,2018-10-31,2018-10-22,0.0,0.0,,,,0.0
374064.0,,31.0,268.0,1.06,2000.0,52.0,0.0,374.0,52.0,,,374.0,0.0,1.0,,,1.0,,,2018-10-31,2018-10-22,0.0,0.0,,,,0.0
374065.0,,,259.0,1.32,2500.0,52.0,0.0,374.0,52.0,,,374.0,0.0,1.0,,,1.0,,,2018-10-31,2018-10-10,0.0,0.0,,,,0.0
374068.0,,31.0,270.0,0.79,1500.0,381.0,0.0,374.0,381.0,,,374.0,0.0,1.0,,,1.0,,,2018-10-31,2018-10-22,0.0,0.0,,,,0.0
375039.0,,98.0,49.0,1.32,2500.0,770.0,0.0,375.0,770.0,,,375.0,0.0,1.0,,,1.0,,,2018-09-26,2018-09-10,0.0,0.0,,,,0.0
375042.0,,98.0,52.0,3.49,6600.0,,0.0,375.0,,1.0,,375.0,0.0,,1.0,,1.0,,,2018-09-26,2018-09-13,0.0,0.0,,,,0.0
375093.0,,98.0,53.0,3.49,6600.0,,0.0,375.0,,1.0,,375.0,0.0,,1.0,,1.0,,,2018-09-26,2018-09-13,0.0,0.0,,,,0.0
376046.0,,48.0,101.0,1.06,2000.0,75.0,0.0,376.0,75.0,,,376.0,1.0,1.0,,,1.0,,,2018-11-07,2018-10-23,0.0,0.0,,,,0.0
376068.0,,48.0,100.0,1.06,2000.0,75.0,1.0,376.0,75.0,,,376.0,0.0,1.0,,,1.0,,,2018-11-07,2018-10-23,0.0,0.0,,,,0.0
376072.0,,48.0,108.0,0.79,1500.0,75.0,0.0,376.0,75.0,,,376.0,0.0,1.0,,,1.0,,,2018-11-07,2018-11-02,0.0,0.0,,,,0.0
376078.0,,48.0,106.0,1.06,2000.0,75.0,0.0,376.0,75.0,,,376.0,1.0,1.0,,,1.0,,,2018-11-07,2018-10-29,0.0,0.0,,,,0.0
376094.0,,48.0,104.0,1.06,2000.0,75.0,0.0,376.0,75.0,,,376.0,1.0,1.0,,,1.0,,,2018-11-07,2018-10-26,0.0,0.0,,,,0.0
376096.0,,48.0,107.0,0.79,1500.0,,0.0,376.0,,1.0,,376.0,0.0,1.0,,,1.0,,,2018-11-07,2018-11-01,0.0,0.0,,,,0.0
376110.0,,48.0,102.0,0.79,1500.0,75.0,0.0,376.0,75.0,,,376.0,0.0,1.0,,,1.0,,,2018-11-07,2018-10-24,0.0,0.0,,,,0.0
377013.0,,42.0,145.0,0.79,1500.0,56.0,0.0,377.0,56.0,,,377.0,0.0,1.0,,,3.0,1.0,,2018-11-20,2018-11-05,0.0,0.0,,,,0.0
378009.0,,37.0,66.0,4.66,8800.0,91.0,0.0,378.0,91.0,,,378.0,0.0,,1.0,,1.0,,,2018-10-03,2018-09-10,0.0,0.0,,,,0.0
378013.0,,37.0,64.0,1.59,3000.0,269.0,0.0,378.0,269.0,,,378.0,0.0,1.0,,,1.0,,,2018-10-03,2018-09-10,0.0,0.0,,,,0.0
378020.0,,37.0,67.0,0.79,1500.0,91.0,0.0,378.0,91.0,,,378.0,0.0,1.0,,,1.0,,,2018-10-03,2018-09-10,0.0,0.0,,,,0.0
378023.0,,37.0,58.0,1.06,2000.0,91.0,0.0,378.0,91.0,,,378.0,0.0,1.0,,,1.0,,,2018-10-03,2018-09-06,0.0,0.0,,,,0.0
378026.0,,37.0,72.0,0.79,1500.0,91.0,0.0,378.0,91.0,,,378.0,0.0,1.0,,,1.0,,,2018-10-03,2018-09-15,0.0,0.0,,,,0.0
378030.0,,37.0,68.0,4.66,8800.0,269.0,0.0,378.0,269.0,,,378.0,0.0,,1.0,,1.0,,,2018-10-03,2018-09-10,0.0,0.0,,,,0.0
378034.0,,37.0,86.0,3.49,6600.0,91.0,0.0,378.0,91.0,,,378.0,0.0,,1.0,,1.0,,,2018-10-03,2018-09-26,0.0,0.0,,,,0.0
378037.0,,37.0,70.0,1.06,2000.0,91.0,0.0,378.0,91.0,,,378.0,0.0,1.0,,,1.0,,,2018-10-03,2018-09-12,0.0,0.0,,,,0.0
378041.0,,37.0,61.0,1.32,2500.0,91.0,0.0,378.0,91.0,,,378.0,0.0,1.0,,,1.0,,,2018-10-03,2018-09-08,0.0,0.0,,,,0.0
378051.0,,37.0,62.0,0.79,1500.0,269.0,0.0,378.0,269.0,,,378.0,0.0,1.0,,,1.0,,,2018-10-03,2018-09-08,0.0,0.0,,,,0.0
378061.0,,37.0,74.0,1.59,3000.0,91.0,1.0,2.0,91.0,,,2.0,0.0,1.0,,,1.0,,,,2018-09-15,0.0,0.0,,,,0.0
378065.0,,37.0,69.0,0.79,1500.0,91.0,0.0,378.0,91.0,,,378.0,0.0,1.0,,,1.0,,,2018-10-03,2018-09-10,0.0,0.0,,,,0.0
378066.0,,37.0,75.0,1.59,3000.0,91.0,0.0,378.0,91.0,,,378.0,0.0,1.0,,,1.0,,,2018-10-03,2018-09-15,0.0,0.0,,,,0.0
378070.0,,,73.0,1.32,2500.0,269.0,0.0,378.0,269.0,,,378.0,0.0,1.0,,,1.0,,,2018-10-03,2018-09-15,0.0,0.0,,,,0.0
378075.0,,37.0,71.0,1.59,3000.0,269.0,0.0,378.0,269.0,,,378.0,0.0,1.0,,,1.0,,,2018-10-03,2018-09-12,0.0,0.0,,,,0.0
380018.0,,30.0,103.0,0.79,1500.0,478.0,0.0,380.0,478.0,,,380.0,1.0,1.0,,,1.0,,,2018-12-04,2018-11-30,0.0,0.0,,,,0.0
380026.0,,30.0,102.0,0.79,1500.0,,1.0,380.0,,1.0,,380.0,0.0,1.0,,,1.0,,,2018-12-04,2018-11-30,0.0,0.0,,,,0.0
380056.0,,30.0,101.0,0.79,1500.0,,0.0,380.0,,1.0,,380.0,0.0,1.0,,,1.0,,,2018-12-04,2018-11-30,0.0,0.0,,,,0.0
380066.0,,30.0,100.0,1.59,3000.0,878.0,0.0,380.0,878.0,,,380.0,1.0,1.0,,,1.0,,,2018-12-04,2018-11-30,0.0,0.0,,,,0.0
381018.0,,21.0,120.0,1.32,2500.0,89.0,0.0,381.0,89.0,,,381.0,0.0,1.0,,,1.0,,,2018-08-01,2018-11-03,1.0,0.0,,,,0.0
381023.0,,21.0,129.0,1.06,2000.0,89.0,0.0,381.0,89.0,,,381.0,0.0,1.0,,,1.0,,,2018-08-01,2018-11-08,1.0,0.0,,,,0.0
381033.0,,21.0,142.0,0.79,1500.0,457.0,0.0,381.0,457.0,,,381.0,0.0,1.0,,,1.0,,,2018-08-01,2018-11-18,1.0,0.0,,,,0.0
381040.0,,21.0,136.0,0.79,1500.0,457.0,0.0,381.0,457.0,,,381.0,0.0,1.0,,,1.0,,,2018-08-01,2018-11-15,1.0,0.0,,,,0.0
381051.0,,21.0,122.0,1.06,2000.0,89.0,0.0,381.0,89.0,,,381.0,0.0,1.0,,,1.0,,,2018-08-01,2018-11-06,1.0,0.0,,,,0.0
381086.0,,21.0,133.0,1.59,3000.0,89.0,0.0,381.0,89.0,,,381.0,0.0,1.0,,,1.0,,,2018-08-01,2018-11-11,1.0,0.0,,,,0.0
381094.0,,21.0,126.0,1.06,2000.0,89.0,0.0,381.0,89.0,,,381.0,0.0,1.0,,,1.0,,,2018-08-01,2018-11-07,1.0,0.0,,,,0.0
381097.0,,21.0,134.0,1.32,2500.0,457.0,0.0,381.0,457.0,,,381.0,0.0,1.0,,,1.0,,,2018-08-01,2018-11-11,1.0,0.0,,,,0.0
381099.0,,21.0,121.0,0.79,1500.0,457.0,0.0,381.0,457.0,,,381.0,0.0,1.0,,,1.0,,,2018-08-01,2018-11-03,1.0,0.0,,,,0.0
381113.0,,21.0,131.0,1.06,2000.0,457.0,0.0,381.0,457.0,,,381.0,0.0,1.0,,,1.0,,,2018-08-01,2018-11-08,1.0,0.0,,,,0.0
381156.0,,21.0,140.0,1.32,2500.0,457.0,0.0,381.0,457.0,,,381.0,0.0,1.0,,,1.0,,,2018-08-01,2018-11-16,1.0,0.0,,,,0.0
381162.0,,21.0,130.0,1.06,2000.0,457.0,0.0,381.0,457.0,,,381.0,0.0,1.0,,,1.0,,,2018-08-01,2018-11-08,1.0,0.0,,,,0.0
381167.0,,21.0,139.0,3.49,6600.0,89.0,0.0,381.0,89.0,,,381.0,0.0,,1.0,,1.0,,,2018-08-01,2018-11-15,1.0,0.0,,,,0.0
381169.0,,21.0,138.0,1.32,2500.0,89.0,0.0,381.0,89.0,,,381.0,0.0,1.0,,,1.0,,,2018-08-01,2018-11-15,1.0,0.0,,,,0.0
381176.0,,21.0,125.0,0.79,1500.0,89.0,0.0,381.0,89.0,,,381.0,0.0,1.0,,,1.0,,,2018-08-01,2018-11-07,1.0,0.0,,,,0.0
381179.0,,21.0,132.0,1.32,2500.0,457.0,0.0,381.0,457.0,,,381.0,0.0,1.0,,,1.0,,,2018-08-01,2018-11-10,1.0,0.0,,,,0.0
381180.0,,21.0,124.0,0.79,1500.0,457.0,0.0,381.0,457.0,,,381.0,0.0,1.0,,,1.0,,,2018-08-01,2018-11-07,1.0,0.0,,,,0.0
382002.0,,99.0,,1.32,2500.0,,0.0,382.0,,,,382.0,,,,,,,,2018-07-24,2018-07-02,0.0,0.0,,,,0.0
382007.0,,38.0,,3.49,6600.0,676.0,0.0,382.0,,,,382.0,,,,,,,,2018-07-24,2018-07-06,0.0,0.0,,,,0.0
382013.0,,38.0,,1.06,2000.0,676.0,0.0,382.0,,,,382.0,,,,,,,,2018-07-24,2018-07-05,0.0,0.0,,,,0.0
382023.0,,38.0,,1.32,2500.0,676.0,0.0,382.0,,,,382.0,,,,,,,,2018-07-24,2018-07-06,0.0,0.0,,,,0.0
382025.0,,38.0,,1.59,3000.0,676.0,0.0,382.0,,,,382.0,,,,,,,,2018-07-24,2018-07-05,0.0,0.0,,,,0.0
382026.0,,38.0,,1.06,2000.0,676.0,0.0,382.0,,,,382.0,,,,,,,,2018-07-24,2018-07-07,0.0,0.0,,,,0.0
382043.0,,38.0,,1.32,2500.0,676.0,0.0,382.0,,,,382.0,,,,,,,,2018-07-24,2018-07-04,0.0,0.0,,,,0.0
382052.0,,38.0,,1.06,2000.0,276.0,0.0,382.0,,,,382.0,,,,,,,,2018-07-24,2018-07-05,0.0,0.0,,,,0.0
382068.0,,38.0,,1.06,2000.0,,0.0,382.0,,,,382.0,,,,,,,,2018-07-24,2018-07-02,0.0,0.0,,,,0.0
382079.0,,38.0,,0.79,1500.0,676.0,0.0,382.0,,,,382.0,,,,,,,,2018-07-24,2018-07-06,0.0,0.0,,,,0.0
382086.0,,38.0,,1.59,3000.0,676.0,0.0,382.0,,,,382.0,,,,,,,,2018-07-24,2018-07-06,0.0,0.0,,,,0.0
382100.0,,38.0,,1.06,2000.0,676.0,0.0,382.0,,,,382.0,,,,,,,,2018-07-24,2018-07-05,0.0,0.0,,,,0.0
382103.0,,38.0,,1.06,2000.0,676.0,0.0,382.0,,,,382.0,,,,,,,,2018-07-24,2018-07-07,0.0,0.0,,,,0.0
382133.0,,38.0,,0.79,1500.0,676.0,0.0,382.0,,,,382.0,,,,,,,,2018-07-24,2018-07-06,0.0,0.0,,,,0.0
384023.0,,16.0,197.0,0.79,1500.0,37.0,0.0,384.0,37.0,,,384.0,0.0,1.0,,,1.0,,,2018-10-10,2018-09-21,0.0,0.0,,,,0.0
384028.0,,16.0,195.0,3.49,6600.0,83.0,0.0,384.0,83.0,,,384.0,0.0,,1.0,,3.0,1.0,,2018-10-10,2018-09-10,0.0,0.0,,,,0.0
384057.0,,16.0,199.0,1.32,2500.0,37.0,0.0,384.0,37.0,,,384.0,0.0,1.0,,,1.0,,,2018-10-10,2018-09-22,0.0,0.0,,,,0.0
384077.0,,16.0,198.0,1.32,2500.0,83.0,0.0,384.0,83.0,,,384.0,0.0,1.0,,,1.0,,,2018-10-10,2018-09-22,0.0,0.0,,,,0.0
384094.0,,16.0,201.0,1.06,2000.0,83.0,0.0,384.0,83.0,,,384.0,1.0,1.0,,,1.0,,,2018-10-10,2018-09-28,0.0,0.0,,,,0.0
384127.0,,16.0,202.0,1.06,2000.0,83.0,0.0,384.0,83.0,,,384.0,0.0,1.0,,,1.0,,,2018-10-10,2018-09-28,0.0,0.0,,,,0.0
384131.0,,12.0,89.0,6.99,13200.0,54.0,0.0,384.0,54.0,,,384.0,1.0,,1.0,,1.0,,,2018-10-10,2018-10-05,0.0,0.0,,,,0.0
384148.0,,12.0,88.0,0.79,1500.0,83.0,0.0,384.0,83.0,,,384.0,0.0,1.0,,,1.0,,,2018-10-10,2018-10-04,0.0,0.0,,,,0.0
384149.0,,12.0,87.0,0.79,1500.0,53.0,0.0,384.0,53.0,,,384.0,0.0,1.0,,,1.0,,,2018-10-10,2018-10-04,0.0,0.0,,,,0.0
384169.0,,8.0,132.0,5.82,11000.0,37.0,0.0,384.0,37.0,,,384.0,0.0,,1.0,,1.0,,,2018-10-10,2018-11-17,1.0,0.0,,,,0.0
384178.0,,16.0,200.0,3.49,6600.0,37.0,0.0,384.0,,1.0,,384.0,0.0,,1.0,,1.0,,,2018-10-10,2018-09-26,0.0,0.0,,,,0.0
384184.0,,12.0,90.0,4.66,8800.0,54.0,0.0,384.0,54.0,,,384.0,1.0,,1.0,,1.0,,,2018-10-10,2018-10-05,0.0,0.0,,,,0.0
385010.0,,53.0,,1.32,2500.0,,1.0,385.0,,1.0,,385.0,0.0,1.0,,,1.0,,,2018-08-01,2018-10-26,1.0,0.0,,,,0.0
385035.0,,5.0,172.0,1.32,2500.0,492.0,0.0,385.0,492.0,,,385.0,0.0,1.0,,,1.0,,,2018-08-01,2018-12-10,1.0,0.0,,,,0.0
385047.0,,5.0,174.0,0.79,1500.0,52.0,0.0,385.0,52.0,,,385.0,0.0,1.0,,,1.0,,,2018-08-01,2018-12-12,1.0,0.0,,,,0.0
385052.0,,5.0,177.0,1.59,3000.0,52.0,0.0,385.0,52.0,,,385.0,0.0,1.0,,,1.0,,,2018-08-01,2018-12-13,1.0,0.0,,,,0.0
385053.0,,5.0,178.0,1.06,2000.0,492.0,0.0,385.0,492.0,,,385.0,0.0,1.0,,,1.0,,,2018-08-01,2018-12-13,1.0,0.0,,,,0.0
385061.0,,5.0,179.0,0.79,1500.0,52.0,0.0,385.0,52.0,,,385.0,0.0,1.0,,,1.0,,,2018-08-01,2018-12-14,1.0,0.0,,,,0.0
385068.0,,5.0,171.0,1.32,2500.0,52.0,0.0,385.0,52.0,,,385.0,0.0,1.0,,,1.0,,,2018-08-01,2018-12-10,1.0,0.0,,,,0.0
385069.0,,5.0,175.0,0.79,1500.0,52.0,0.0,385.0,52.0,,,385.0,0.0,1.0,,,1.0,,,2018-08-01,2018-12-12,1.0,0.0,,,,0.0
385105.0,,19.0,127.0,1.06,2000.0,,1.0,385.0,,1.0,,385.0,0.0,1.0,,,1.0,,,2018-08-01,2018-10-27,1.0,0.0,,,,0.0
385120.0,,53.0,,1.59,3000.0,,1.0,385.0,,1.0,,385.0,0.0,1.0,,,1.0,,,2018-08-01,2018-10-26,1.0,0.0,,,,0.0
385122.0,,5.0,173.0,0.79,1500.0,52.0,0.0,385.0,52.0,,,385.0,0.0,1.0,,,3.0,1.0,,2018-08-01,2018-12-10,1.0,0.0,,,,0.0
385146.0,,5.0,176.0,0.79,1500.0,92.0,0.0,385.0,492.0,1.0,,385.0,0.0,1.0,,,1.0,,,2018-08-01,2018-12-12,1.0,0.0,,,,0.0
386007.0,,34.0,78.0,0.79,1500.0,776.0,1.0,386.0,776.0,,,386.0,0.0,1.0,,,1.0,,,2018-10-24,2018-10-19,0.0,0.0,,,,0.0
386032.0,,10.0,45.0,0.79,1500.0,376.0,0.0,386.0,376.0,,,386.0,0.0,1.0,,,1.0,,,2018-10-24,2018-10-01,0.0,0.0,,,,0.0
386039.0,,10.0,44.0,1.59,3000.0,376.0,0.0,386.0,376.0,,,386.0,0.0,1.0,,,1.0,,,2018-10-24,2018-09-29,0.0,0.0,,,,0.0
386057.0,,,88.0,3.49,6600.0,776.0,0.0,386.0,776.0,,,386.0,0.0,,1.0,,1.0,,,2018-10-24,2018-10-06,0.0,0.0,,,,0.0
386072.0,,10.0,43.0,3.49,6600.0,376.0,0.0,386.0,376.0,,,386.0,0.0,,1.0,,3.0,1.0,,2018-10-24,2018-09-26,0.0,0.0,,,,0.0
387001.0,,37.0,,1.06,2000.0,16.0,0.0,387.0,16.0,,,387.0,0.0,1.0,,,1.0,,,2018-10-10,2018-10-24,1.0,0.0,,,,0.0
387002.0,,37.0,,1.59,3000.0,18.0,0.0,387.0,18.0,,,387.0,0.0,1.0,,,1.0,,,2018-10-10,2018-10-24,1.0,0.0,,,,0.0
387003.0,,1.0,,1.06,2000.0,,1.0,387.0,,1.0,,387.0,0.0,1.0,,,1.0,,,2018-10-10,2018-11-28,1.0,0.0,,,,0.0
387008.0,,42.0,93.0,1.06,2000.0,77.0,0.0,387.0,77.0,,,387.0,0.0,1.0,,,1.0,,,2018-10-10,2018-09-24,0.0,0.0,,,,0.0
387010.0,,42.0,101.0,1.59,3000.0,14.0,0.0,387.0,14.0,,,387.0,0.0,1.0,,,1.0,,,2018-10-10,2018-09-25,0.0,0.0,,,,0.0
387023.0,,42.0,84.0,0.79,1500.0,77.0,0.0,387.0,77.0,,,387.0,0.0,1.0,,,1.0,,,2018-10-10,2018-09-13,0.0,0.0,,,,0.0
387026.0,,42.0,94.0,1.32,2500.0,14.0,0.0,387.0,14.0,,,387.0,0.0,1.0,,,1.0,,,2018-10-10,2018-09-24,0.0,0.0,,,,0.0
387029.0,,42.0,89.0,0.79,1500.0,77.0,0.0,387.0,77.0,,,387.0,0.0,1.0,,,1.0,,,2018-10-10,2018-09-15,0.0,0.0,,,,0.0
387030.0,,42.0,142.0,1.59,3000.0,,0.0,387.0,,1.0,,387.0,0.0,1.0,,,1.0,,,2018-10-10,2018-10-31,1.0,0.0,,,,0.0
387031.0,,42.0,119.0,1.06,2000.0,77.0,0.0,387.0,77.0,,,387.0,0.0,1.0,,,1.0,,,2018-10-10,2018-09-28,0.0,0.0,,,,0.0
387035.0,,42.0,86.0,1.32,2500.0,77.0,0.0,387.0,77.0,,,387.0,0.0,1.0,,,1.0,,,2018-10-10,2018-09-13,0.0,0.0,,,,0.0
387041.0,,42.0,126.0,1.59,3000.0,14.0,0.0,387.0,14.0,,,387.0,0.0,1.0,,,1.0,,,2018-10-10,2018-10-02,0.0,0.0,,,,0.0
387049.0,,42.0,87.0,0.79,1500.0,14.0,0.0,387.0,14.0,,,387.0,0.0,1.0,,,1.0,,,2018-10-10,2018-09-14,0.0,0.0,,,,0.0
387050.0,,42.0,100.0,1.32,2500.0,14.0,0.0,387.0,14.0,,,387.0,0.0,1.0,,,1.0,,,2018-10-10,2018-09-25,0.0,0.0,,,,0.0
387051.0,,12.0,100.0,1.06,2000.0,,0.0,387.0,14.0,1.0,,387.0,0.0,1.0,,,1.0,,,2018-10-10,2018-10-16,1.0,0.0,,,,0.0
387053.0,,42.0,124.0,1.06,2000.0,14.0,0.0,387.0,14.0,,,387.0,0.0,1.0,,,1.0,,,2018-10-10,2018-10-02,0.0,0.0,,,,0.0
387054.0,,1.0,,1.32,2500.0,,1.0,387.0,,1.0,,387.0,0.0,1.0,,,1.0,,,2018-10-10,2018-11-23,1.0,0.0,,,,0.0
387060.0,,42.0,128.0,1.59,3000.0,14.0,0.0,387.0,14.0,,,387.0,0.0,1.0,,,1.0,,,2018-10-10,2018-10-03,0.0,0.0,,,,0.0
387065.0,,1.0,,1.32,2500.0,,0.0,387.0,,1.0,,387.0,0.0,1.0,,,1.0,,,2018-10-10,2018-11-23,1.0,0.0,,,,0.0
387066.0,,19.0,137.0,1.59,3000.0,,0.0,387.0,,1.0,,387.0,0.0,1.0,,,1.0,,,2018-10-10,2018-11-02,1.0,0.0,,,,0.0
387068.0,,42.0,112.0,1.32,2500.0,77.0,0.0,387.0,77.0,,,387.0,0.0,1.0,,,1.0,,,2018-10-10,2018-09-26,0.0,0.0,,,,0.0
387070.0,,42.0,88.0,1.59,3000.0,14.0,0.0,387.0,14.0,,,387.0,0.0,1.0,,,1.0,,,2018-10-10,2018-09-14,0.0,0.0,,,,0.0
387078.0,,12.0,103.0,0.79,1500.0,,0.0,387.0,14.0,1.0,,387.0,1.0,1.0,,,1.0,,,2018-10-10,2018-10-16,1.0,0.0,,,,0.0
387079.0,,12.0,118.0,1.32,2500.0,,0.0,387.0,,1.0,,387.0,0.0,1.0,,,1.0,,,2018-10-10,2018-10-27,1.0,0.0,,,,0.0
387080.0,,8.0,,3.49,6600.0,,0.0,387.0,,1.0,,387.0,1.0,,1.0,,1.0,,,2018-10-10,2018-10-23,1.0,0.0,,,,0.0
387083.0,,42.0,134.0,1.59,3000.0,14.0,0.0,387.0,14.0,,,387.0,0.0,1.0,,,1.0,,,2018-10-10,2018-10-05,0.0,0.0,,,,0.0
387084.0,,42.0,106.0,1.32,2500.0,14.0,0.0,387.0,14.0,,,387.0,0.0,1.0,,,1.0,,,2018-10-10,2018-09-25,0.0,0.0,,,,0.0
387086.0,,42.0,118.0,1.06,2000.0,14.0,0.0,387.0,14.0,,,387.0,0.0,1.0,,,1.0,,,2018-10-10,2018-09-28,0.0,0.0,,,,0.0
387090.0,,19.0,124.0,1.59,3000.0,,0.0,387.0,,1.0,,387.0,1.0,1.0,,,1.0,,,2018-10-10,2018-10-27,1.0,0.0,,,,0.0
387091.0,,42.0,120.0,1.59,3000.0,77.0,0.0,387.0,77.0,,,387.0,0.0,1.0,,,1.0,,,2018-10-10,2018-09-28,0.0,0.0,,,,0.0
387095.0,,42.0,116.0,1.06,2000.0,14.0,0.0,387.0,14.0,,,387.0,0.0,1.0,,,1.0,,,2018-10-10,2018-09-27,0.0,0.0,,,,0.0
387098.0,,42.0,102.0,0.79,1500.0,77.0,0.0,387.0,77.0,,,387.0,0.0,1.0,,,1.0,,,2018-10-10,2018-09-25,0.0,0.0,,,,0.0
387099.0,,42.0,103.0,0.79,1500.0,14.0,0.0,387.0,14.0,,,387.0,0.0,1.0,,,1.0,,,2018-10-10,2018-09-25,0.0,0.0,,,,0.0
387106.0,,42.0,111.0,0.79,1500.0,77.0,1.0,387.0,77.0,,,387.0,0.0,1.0,,,1.0,,,2018-10-10,2018-09-26,0.0,0.0,,,,0.0
387110.0,,,52.0,1.59,3000.0,,0.0,387.0,,1.0,,387.0,0.0,1.0,,,1.0,,,2018-10-10,2018-10-06,0.0,0.0,,,,0.0
387114.0,,42.0,96.0,1.32,2500.0,14.0,0.0,387.0,14.0,,,387.0,0.0,1.0,,,1.0,,,2018-10-10,2018-09-24,0.0,0.0,,,,0.0
387116.0,,42.0,113.0,0.79,1500.0,14.0,0.0,387.0,14.0,,,387.0,0.0,1.0,,,1.0,,,2018-10-10,2018-09-27,0.0,0.0,,,,0.0
387125.0,,12.0,116.0,1.06,2000.0,,0.0,387.0,14.0,1.0,,387.0,0.0,1.0,,,1.0,,,2018-10-10,2018-10-24,1.0,0.0,,,,0.0
387127.0,,42.0,95.0,1.32,2500.0,77.0,0.0,387.0,77.0,,,387.0,0.0,1.0,,,1.0,,,2018-10-10,2018-09-24,0.0,0.0,,,,0.0
387129.0,,12.0,104.0,1.32,2500.0,,0.0,387.0,14.0,1.0,,387.0,0.0,1.0,,,1.0,,,2018-10-10,2018-10-17,1.0,0.0,,,,0.0
387135.0,,30.0,83.0,1.06,2000.0,,0.0,387.0,,1.0,,387.0,0.0,1.0,,,1.0,,,2018-10-10,2018-10-31,1.0,0.0,,,,0.0
387138.0,,42.0,143.0,1.06,2000.0,,0.0,387.0,,1.0,,387.0,0.0,1.0,,,1.0,,,2018-10-10,2018-10-31,1.0,0.0,,,,0.0
387140.0,,42.0,114.0,1.06,2000.0,14.0,0.0,387.0,14.0,,,387.0,0.0,1.0,,,1.0,,,2018-10-10,2018-09-27,0.0,0.0,,,,0.0
387147.0,,42.0,133.0,1.06,2000.0,77.0,0.0,387.0,77.0,,,387.0,1.0,1.0,,,1.0,,,2018-10-10,2018-10-05,0.0,0.0,,,,0.0
387148.0,,19.0,128.0,1.06,2000.0,,0.0,387.0,,1.0,,387.0,0.0,1.0,,,1.0,,,2018-10-10,2018-10-28,1.0,0.0,,,,0.0
387153.0,,30.0,84.0,1.06,2000.0,,0.0,387.0,,1.0,,387.0,0.0,1.0,,,1.0,,,2018-10-10,2018-10-31,1.0,0.0,,,,0.0
387155.0,,42.0,123.0,1.06,2000.0,14.0,0.0,387.0,14.0,,,387.0,0.0,1.0,,,1.0,,,2018-10-10,2018-09-29,0.0,0.0,,,,0.0
387161.0,,12.0,115.0,0.79,1500.0,,0.0,387.0,14.0,1.0,,387.0,0.0,1.0,,,1.0,,,2018-10-10,2018-10-23,1.0,0.0,,,,0.0
387162.0,,42.0,144.0,0.79,1500.0,,0.0,387.0,,1.0,,387.0,0.0,1.0,,,1.0,,,2018-10-10,2018-10-31,1.0,0.0,,,,0.0
387164.0,,42.0,97.0,1.32,2500.0,77.0,0.0,387.0,77.0,,,387.0,0.0,1.0,,,1.0,,,2018-10-10,2018-09-24,0.0,0.0,,,,0.0
387167.0,,42.0,117.0,3.49,6600.0,77.0,0.0,387.0,77.0,,,387.0,0.0,,1.0,,1.0,,,2018-10-10,2018-09-27,0.0,0.0,,,,0.0
387168.0,,42.0,129.0,1.32,2500.0,77.0,0.0,387.0,77.0,,,387.0,0.0,1.0,,,1.0,,,2018-10-10,2018-10-03,0.0,0.0,,,,0.0
387169.0,,12.0,101.0,1.06,2000.0,,0.0,387.0,14.0,1.0,,387.0,0.0,1.0,,,1.0,,,2018-10-10,2018-10-16,1.0,0.0,,,,0.0
387170.0,,,93.0,1.59,3000.0,,0.0,387.0,,1.0,,387.0,0.0,1.0,,,1.0,,,2018-10-10,2018-11-01,1.0,0.0,,,,0.0
387171.0,,42.0,130.0,1.59,3000.0,77.0,0.0,387.0,77.0,,,387.0,0.0,1.0,,,1.0,,,2018-10-10,2018-10-04,0.0,0.0,,,,0.0
387173.0,,42.0,122.0,1.06,2000.0,77.0,0.0,387.0,77.0,,,387.0,0.0,1.0,,,1.0,,,2018-10-10,2018-09-29,0.0,0.0,,,,0.0
387180.0,,42.0,104.0,0.79,1500.0,77.0,0.0,387.0,77.0,,,387.0,0.0,1.0,,,1.0,,,2018-10-10,2018-09-25,0.0,0.0,,,,0.0
387186.0,,1.0,,0.79,1500.0,,0.0,387.0,,1.0,,387.0,0.0,1.0,,,1.0,,,2018-10-10,2018-11-27,1.0,0.0,,,,0.0
387187.0,,42.0,115.0,1.06,2000.0,77.0,0.0,387.0,77.0,,,387.0,0.0,1.0,,,1.0,,,2018-10-10,2018-09-27,0.0,0.0,,,,0.0
387195.0,,42.0,98.0,0.79,1500.0,14.0,0.0,387.0,14.0,,,387.0,0.0,1.0,,,1.0,,,2018-10-10,2018-09-24,0.0,0.0,,,,0.0
387198.0,,42.0,109.0,1.59,3000.0,77.0,0.0,387.0,77.0,,,387.0,0.0,1.0,,,1.0,,,2018-10-10,2018-09-26,0.0,0.0,,,,0.0
387202.0,,30.0,86.0,1.32,2500.0,,0.0,387.0,,1.0,,387.0,0.0,1.0,,,1.0,,,2018-10-10,2018-11-01,1.0,0.0,,,,0.0
387207.0,,42.0,108.0,1.06,2000.0,77.0,0.0,387.0,77.0,,,387.0,0.0,1.0,,,1.0,,,2018-10-10,2018-09-26,0.0,0.0,,,,0.0
387209.0,,12.0,108.0,0.79,1500.0,,0.0,387.0,14.0,1.0,,387.0,0.0,1.0,,,1.0,,,2018-10-10,2018-10-19,1.0,0.0,,,,0.0
387211.0,,42.0,90.0,1.06,2000.0,77.0,0.0,387.0,77.0,,,387.0,0.0,1.0,,,1.0,,,2018-10-10,2018-09-18,0.0,0.0,,,,0.0
387215.0,,42.0,131.0,1.06,2000.0,14.0,0.0,387.0,14.0,,,387.0,0.0,1.0,,,1.0,,,2018-10-10,2018-10-04,0.0,0.0,,,,0.0
387216.0,,42.0,105.0,1.59,3000.0,77.0,0.0,387.0,77.0,,,387.0,0.0,1.0,,,1.0,,,2018-10-10,2018-09-25,0.0,0.0,,,,0.0
387220.0,,12.0,102.0,0.79,1500.0,,0.0,387.0,14.0,1.0,,387.0,0.0,1.0,,,1.0,,,2018-10-10,2018-10-16,1.0,0.0,,,,0.0
387231.0,,42.0,132.0,1.06,2000.0,14.0,0.0,387.0,14.0,,,387.0,0.0,1.0,,,1.0,,,2018-10-10,2018-10-05,0.0,0.0,,,,0.0
387233.0,,42.0,125.0,0.79,1500.0,77.0,0.0,387.0,77.0,,,387.0,0.0,1.0,,,1.0,,,2018-10-10,2018-10-02,0.0,0.0,,,,0.0
387235.0,,42.0,127.0,1.59,3000.0,77.0,1.0,378.0,77.0,,,378.0,0.0,1.0,,,1.0,,,2018-10-03,2018-10-03,0.0,0.0,,,,0.0
387238.0,,42.0,121.0,1.06,2000.0,14.0,0.0,387.0,14.0,,,387.0,0.0,1.0,,,1.0,,,2018-10-10,2018-09-29,0.0,0.0,,,,0.0
500142.0,,54.0,157.0,1.06,2000.0,1.0,1.0,500.0,101.0,1.0,,500.0,0.0,1.0,,,1.0,,,2018-12-04,2018-11-22,0.0,0.0,,,,0.0
501003.0,,7.0,80.0,0.79,1500.0,,0.0,501.0,2.0,1.0,,501.0,1.0,1.0,,,1.0,,,2018-10-24,2018-11-22,1.0,0.0,,,,0.0
501013.0,,,77.0,4.66,8800.0,637.0,0.0,501.0,637.0,,,501.0,0.0,,1.0,,1.0,,,2018-10-24,2018-10-05,0.0,0.0,,,,0.0
501019.0,,30.0,70.0,1.06,2000.0,637.0,1.0,501.0,637.0,,,501.0,0.0,1.0,,,3.0,1.0,,2018-10-24,2018-09-24,0.0,0.0,,,,0.0
501021.0,,30.0,71.0,4.66,8800.0,637.0,1.0,501.0,,1.0,,501.0,0.0,,1.0,,1.0,,,2018-10-24,2018-09-25,0.0,0.0,,,,0.0
501032.0,,30.0,73.0,1.06,2000.0,637.0,1.0,501.0,637.0,,,501.0,0.0,1.0,,,1.0,,,2018-10-24,2018-09-26,0.0,0.0,,,,0.0
501033.0,,,78.0,1.06,2000.0,237.0,0.0,501.0,237.0,,,501.0,0.0,1.0,,,3.0,1.0,,2018-10-24,2018-10-12,0.0,0.0,,,,0.0
501064.0,,30.0,76.0,4.66,8800.0,637.0,1.0,501.0,637.0,,,501.0,0.0,,1.0,,1.0,,,2018-10-24,2018-09-29,0.0,0.0,,,,0.0
501078.0,,30.0,72.0,3.49,6600.0,237.0,1.0,501.0,237.0,,,501.0,0.0,,1.0,,3.0,1.0,,2018-10-24,2018-09-25,0.0,0.0,,,,0.0
501101.0,,30.0,74.0,3.49,6600.0,637.0,1.0,501.0,637.0,,,501.0,0.0,,1.0,,3.0,1.0,,2018-10-24,2018-09-26,0.0,0.0,,,,0.0
501136.0,,30.0,75.0,0.79,1500.0,237.0,1.0,501.0,237.0,,,501.0,0.0,1.0,,,3.0,1.0,,2018-10-24,2018-09-27,0.0,0.0,,,,0.0
502001.0,,19.0,,0.79,1500.0,22.0,0.0,502.0,,,,502.0,,,,,,,,2018-08-15,2018-07-26,0.0,0.0,,,,0.0
502002.0,,19.0,,0.79,1500.0,103.0,0.0,502.0,,,,502.0,,,,,,,,2018-08-15,2018-07-23,0.0,0.0,,,,0.0
502006.0,,19.0,,1.06,2000.0,103.0,0.0,502.0,,,,502.0,,,,,,,,2018-08-15,2018-08-07,0.0,0.0,,,,0.0
502018.0,,42.0,55.0,1.59,3000.0,103.0,0.0,502.0,103.0,,,502.0,0.0,1.0,,,1.0,,,2018-08-15,2018-09-01,1.0,0.0,,,,0.0
502019.0,,42.0,71.0,0.79,1500.0,103.0,0.0,502.0,103.0,,,502.0,0.0,1.0,,,1.0,,,2018-08-15,2018-09-04,1.0,0.0,,,,0.0
502020.0,,19.0,,1.32,2500.0,103.0,0.0,502.0,,,,502.0,,,,,,,,2018-08-15,2018-07-30,0.0,0.0,,,,0.0
502024.0,,42.0,68.0,1.06,2000.0,103.0,0.0,502.0,103.0,,,502.0,1.0,1.0,,,1.0,,,2018-08-15,2018-09-04,1.0,0.0,,,,0.0
502031.0,,19.0,,0.79,1500.0,22.0,0.0,502.0,,,,502.0,,,,,,,,2018-08-15,2018-08-08,0.0,0.0,,,,0.0
502032.0,,19.0,,1.32,2500.0,22.0,0.0,502.0,,,,502.0,,,,,,,,2018-08-15,2018-08-01,0.0,0.0,,,,0.0
502044.0,,19.0,,0.79,1500.0,22.0,0.0,502.0,,,,502.0,,,,,,,,2018-08-15,2018-08-03,0.0,0.0,,,,0.0
502056.0,,54.0,155.0,0.79,1500.0,,0.0,502.0,,1.0,,502.0,0.0,1.0,,,1.0,,,2018-08-15,2018-11-20,1.0,0.0,,,,0.0
502060.0,,54.0,145.0,1.59,3000.0,,0.0,502.0,,1.0,,502.0,1.0,1.0,,,1.0,,,2018-08-15,2018-11-20,1.0,0.0,,,,0.0
502064.0,,42.0,75.0,0.79,1500.0,103.0,0.0,502.0,103.0,,,502.0,1.0,1.0,,,1.0,,,2018-08-15,2018-09-05,1.0,0.0,,,,0.0
502074.0,,42.0,70.0,1.59,3000.0,103.0,0.0,502.0,103.0,,,502.0,0.0,1.0,,,1.0,,,2018-08-15,2018-09-04,1.0,0.0,,,,0.0
503017.0,,12.0,94.0,0.79,1500.0,98.0,0.0,503.0,98.0,,,503.0,0.0,1.0,,,1.0,,,2018-11-07,2018-10-09,0.0,0.0,,,,0.0
503018.0,,53.0,186.0,1.06,2000.0,,0.0,503.0,0.0,1.0,,503.0,0.0,1.0,,,1.0,,,2018-11-07,2018-11-16,1.0,0.0,,,,0.0
503019.0,,54.0,,1.32,2500.0,,1.0,503.0,,1.0,,503.0,0.0,1.0,,,1.0,,,2018-11-07,2018-11-19,1.0,0.0,,,,0.0
503027.0,,12.0,92.0,1.06,2000.0,98.0,0.0,503.0,98.0,,,503.0,0.0,1.0,,,3.0,1.0,,2018-11-07,2018-10-09,0.0,0.0,,,,0.0
503034.0,,12.0,93.0,0.79,1500.0,14.0,0.0,503.0,14.0,,,503.0,0.0,1.0,,,3.0,1.0,,2018-11-07,2018-10-09,0.0,0.0,,,,0.0
503042.0,,12.0,120.0,1.06,2000.0,14.0,0.0,503.0,14.0,,,503.0,0.0,1.0,,,1.0,,,2018-11-07,2018-10-31,0.0,0.0,,,,0.0
503049.0,,12.0,124.0,1.06,2000.0,14.0,0.0,503.0,14.0,,,503.0,0.0,1.0,,,1.0,,,2018-11-07,2018-11-01,0.0,0.0,,,,0.0
503059.0,,19.0,138.0,1.06,2000.0,,0.0,503.0,,1.0,,503.0,1.0,1.0,,,1.0,,,2018-11-07,2018-11-02,0.0,0.0,,,,0.0
503088.0,,37.0,,4.66,8800.0,,0.0,503.0,,1.0,,503.0,1.0,,1.0,,1.0,,,2018-11-07,2018-10-23,0.0,0.0,,,,0.0
503089.0,,1.0,,1.06,2000.0,,0.0,503.0,,1.0,,503.0,0.0,1.0,,,1.0,,,2018-11-07,2018-12-10,1.0,0.0,,,,0.0
503094.0,,19.0,139.0,1.06,2000.0,,0.0,503.0,,1.0,,503.0,0.0,1.0,,,1.0,,,2018-11-07,2018-11-02,0.0,0.0,,,,0.0
503104.0,,12.0,112.0,0.79,1500.0,14.0,0.0,503.0,14.0,,,503.0,0.0,1.0,,,1.0,,,2018-11-07,2018-10-21,0.0,0.0,,,,0.0
503106.0,,30.0,85.0,0.79,1500.0,,0.0,503.0,,1.0,,503.0,1.0,1.0,,,1.0,,,2018-11-07,2018-10-31,0.0,0.0,,,,0.0
503112.0,,,92.0,1.59,3000.0,,0.0,503.0,,1.0,,503.0,0.0,1.0,,,1.0,,,2018-11-07,2018-11-01,0.0,0.0,,,,0.0
503116.0,,12.0,107.0,0.79,1500.0,98.0,0.0,503.0,98.0,,,503.0,0.0,1.0,,,1.0,,,2018-11-07,2018-10-19,0.0,0.0,,,,0.0
503117.0,,12.0,119.0,0.79,1500.0,98.0,0.0,503.0,98.0,,,503.0,0.0,1.0,,,1.0,,,2018-11-07,2018-10-31,0.0,0.0,,,,0.0
503120.0,,12.0,125.0,0.79,1500.0,98.0,0.0,503.0,98.0,,,503.0,0.0,1.0,,,1.0,,,2018-11-07,2018-11-02,0.0,0.0,,,,0.0
504014.0,,13.0,,1.32,2500.0,9.0,0.0,504.0,,,,504.0,,,,,,,,2018-07-15,2018-07-06,0.0,0.0,,,,0.0
504015.0,,13.0,,0.79,1500.0,,0.0,504.0,,1.0,,504.0,0.0,1.0,,,1.0,,,2018-07-15,,1.0,0.0,,,,0.0
504022.0,,13.0,,0.79,1500.0,22.0,0.0,504.0,,,,504.0,,,,,,,,2018-07-15,2018-06-30,0.0,0.0,,,,0.0
504027.0,,13.0,,0.79,1500.0,19.0,0.0,504.0,,1.0,,504.0,0.0,1.0,,,1.0,,,2018-07-15,,1.0,0.0,,,,0.0
504029.0,,13.0,,0.79,1500.0,9.0,0.0,504.0,,,,504.0,,,,,,,,2018-07-15,2018-07-04,0.0,0.0,,,,0.0
504034.0,,13.0,,132.0,2500.0,17.0,0.0,504.0,,1.0,,504.0,0.0,1.0,,,3.0,1.0,,2018-07-15,,1.0,0.0,,,,0.0
504037.0,,13.0,,0.79,1500.0,9.0,0.0,504.0,,,,504.0,,,,,,,,2018-07-15,2018-06-30,0.0,0.0,,,,0.0
504044.0,,13.0,,1.06,2000.0,9.0,0.0,504.0,,,,504.0,,,,,,,,2018-07-15,2018-06-29,0.0,0.0,,,,0.0
504045.0,,13.0,,1.06,2000.0,9.0,0.0,504.0,,,,504.0,,,,,,,,2018-07-15,2018-07-07,0.0,0.0,,,,0.0
504046.0,,13.0,,0.79,1500.0,9.0,0.0,504.0,,,,504.0,,,,,,,,2018-07-15,2018-07-04,0.0,0.0,,,,0.0
504050.0,,13.0,,1.59,3000.0,9.0,0.0,504.0,,,,504.0,,,,,,,,2018-07-15,2018-07-02,0.0,0.0,,,,0.0
504058.0,,13.0,,1.06,2000.0,9.0,0.0,504.0,,,,504.0,,,,,,,,2018-07-15,2018-07-07,0.0,0.0,,,,0.0
504070.0,,13.0,,1.32,2500.0,17.0,0.0,504.0,,1.0,,504.0,0.0,1.0,,,3.0,1.0,,2018-07-15,,1.0,0.0,,,,0.0
504072.0,,13.0,,1.06,2000.0,9.0,0.0,504.0,,,,504.0,,,,,,,,2018-07-15,2018-06-30,0.0,0.0,,,,0.0
504082.0,,13.0,,1.06,2000.0,9.0,0.0,504.0,,,,504.0,,,,,,,,2018-07-15,2018-06-30,0.0,0.0,,,,0.0
504083.0,,13.0,,1.59,3000.0,9.0,0.0,504.0,,,,504.0,,,,,,,,2018-07-15,2018-06-30,0.0,0.0,,,,0.0
504113.0,,13.0,,0.79,1500.0,9.0,0.0,504.0,,,,504.0,,,,,,,,2018-07-15,2018-07-09,0.0,0.0,,,,0.0
504114.0,,13.0,,1.59,3000.0,9.0,0.0,504.0,,,,504.0,,,,,,,,2018-07-15,2018-07-04,0.0,0.0,,,,0.0
504121.0,,13.0,,1.32,2500.0,9.0,0.0,504.0,,,,504.0,,,,,,,,2018-07-15,2018-06-30,0.0,0.0,,,,0.0
504130.0,,13.0,,1.06,2000.0,22.0,0.0,504.0,,,,504.0,,,,,,,,2018-07-15,2018-07-13,0.0,0.0,,,,0.0
504131.0,,13.0,,159.0,3000.0,9.0,0.0,504.0,,1.0,,504.0,0.0,1.0,,,3.0,1.0,,2018-07-15,,1.0,0.0,,,,0.0
504134.0,,13.0,,0.79,1500.0,9.0,0.0,504.0,,,,504.0,,,,,,,,2018-07-15,2018-07-12,0.0,0.0,,,,0.0
504138.0,,13.0,,1.06,2000.0,9.0,0.0,504.0,,,,504.0,,,,,,,,2018-07-15,2018-07-04,0.0,0.0,,,,0.0
505002.0,,37.0,130.0,0.79,1500.0,42.0,0.0,505.0,42.0,,,505.0,0.0,1.0,,,1.0,,,2018-10-03,2018-11-17,1.0,0.0,,,,0.0
505003.0,,37.0,110.0,0.79,1500.0,42.0,0.0,505.0,42.0,,,505.0,0.0,1.0,,,1.0,,,2018-10-03,2018-11-02,1.0,0.0,,,,0.0
505014.0,,37.0,131.0,1.32,2500.0,42.0,0.0,505.0,42.0,,,505.0,1.0,1.0,,,1.0,,,2018-10-03,2018-11-21,1.0,0.0,,,,0.0
505019.0,,54.0,143.0,1.32,2500.0,,0.0,505.0,,1.0,,505.0,1.0,1.0,,,1.0,,,2018-10-03,2018-11-20,1.0,0.0,,,,0.0
505027.0,,37.0,129.0,0.79,1500.0,42.0,0.0,505.0,42.0,,,505.0,0.0,1.0,,,1.0,,,2018-10-03,2018-11-14,1.0,0.0,,,,0.0
505040.0,,37.0,122.0,1.06,2000.0,42.0,0.0,505.0,42.0,,,505.0,0.0,1.0,,,1.0,,,2018-10-03,2018-11-08,1.0,0.0,,,,0.0
505052.0,,37.0,125.0,1.32,2500.0,42.0,0.0,505.0,42.0,,,505.0,0.0,1.0,,,1.0,,,2018-10-03,2018-11-10,1.0,0.0,,,,0.0
505091.0,,37.0,113.0,0.79,1500.0,42.0,0.0,505.0,42.0,,,505.0,0.0,1.0,,,1.0,,,2018-10-03,2018-11-03,1.0,0.0,,,,0.0
505092.0,,37.0,116.0,1.06,2000.0,42.0,0.0,505.0,42.0,,,505.0,0.0,1.0,,,1.0,,,2018-10-03,2018-11-07,1.0,0.0,,,,0.0
505099.0,,37.0,127.0,1.32,2500.0,42.0,0.0,505.0,42.0,,,505.0,0.0,1.0,,,1.0,,,2018-10-03,2018-11-14,1.0,0.0,,,,0.0
505102.0,,37.0,123.0,1.32,2500.0,42.0,0.0,505.0,42.0,,,505.0,0.0,1.0,,,1.0,,,2018-10-03,2018-11-09,1.0,0.0,,,,0.0
505107.0,,37.0,120.0,1.32,2500.0,42.0,0.0,505.0,42.0,,,505.0,0.0,1.0,,,1.0,,,2018-10-03,2018-11-07,1.0,0.0,,,,0.0
505124.0,,37.0,114.0,1.06,2000.0,42.0,0.0,505.0,42.0,,,505.0,1.0,1.0,,,1.0,,,2018-10-03,2018-11-03,1.0,0.0,,,,0.0
506008.0,,28.0,175.0,3.49,6600.0,,0.0,506.0,,1.0,,506.0,1.0,,1.0,,1.0,,,2018-08-29,2018-11-23,1.0,0.0,,,,0.0
506019.0,,98.0,44.0,0.79,1500.0,371.0,1.0,506.0,,1.0,,506.0,0.0,1.0,,,,,,2018-08-29,2018-08-18,0.0,0.0,,,,0.0
506032.0,,98.0,46.0,1.59,3000.0,371.0,1.0,506.0,,1.0,,506.0,0.0,1.0,,,,,,2018-08-29,2018-08-19,0.0,0.0,,,,0.0
506037.0,,,,1.06,2000.0,226.0,0.0,506.0,,,,506.0,,,,,,,,2018-08-29,2018-08-04,0.0,0.0,,,,0.0
506065.0,,98.0,45.0,1.06,2000.0,371.0,1.0,506.0,,1.0,,506.0,1.0,1.0,,,,,,2018-08-29,2018-08-19,0.0,0.0,,,,0.0
506102.0,,,,0.79,1500.0,,0.0,506.0,,,,506.0,,,,,,,,2018-08-29,2018-08-01,0.0,0.0,,,,0.0
506116.0,,,,1.06,2000.0,226.0,0.0,506.0,,,,506.0,,,,,,,,2018-08-29,2018-08-03,0.0,0.0,,,,0.0
506153.0,,98.0,47.0,0.79,1500.0,371.0,1.0,506.0,,1.0,,506.0,1.0,1.0,,,,,,2018-08-29,2018-08-20,0.0,0.0,,,,0.0
507010.0,,48.0,45.0,1.06,2000.0,72.0,0.0,507.0,72.0,,,507.0,0.0,1.0,,,,,,2018-09-05,2018-08-13,0.0,0.0,,,,0.0
507014.0,,8.0,,0.3,1421700.0,,0.0,507.0,,1.0,,507.0,1.0,,,1.0,1.0,,,2018-09-05,2018-10-23,1.0,0.0,,,,0.0
507070.0,,48.0,46.0,0.79,1500.0,72.0,0.0,507.0,72.0,,,507.0,0.0,1.0,,,,,,2018-09-05,2018-08-17,0.0,0.0,,,,0.0
507105.0,,48.0,44.0,0.79,1500.0,72.0,0.0,507.0,72.0,,,507.0,0.0,1.0,,,,,,2018-09-05,2018-08-09,0.0,0.0,,,,0.0
507132.0,,48.0,47.0,0.79,1500.0,72.0,0.0,507.0,72.0,,,507.0,0.0,1.0,,,,,,2018-09-05,2018-08-17,0.0,0.0,,,,0.0
508004.0,,12.0,111.0,0.79,1500.0,14.0,0.0,508.0,14.0,,,508.0,0.0,1.0,,,1.0,,,2018-11-07,2018-10-20,0.0,0.0,,,,0.0
508006.0,,12.0,110.0,1.06,2000.0,14.0,0.0,508.0,14.0,,,508.0,0.0,1.0,,,1.0,,,2018-11-07,2018-10-20,0.0,0.0,,,,0.0
508061.0,,12.0,99.0,1.59,3000.0,14.0,0.0,508.0,14.0,,,508.0,0.0,1.0,,,1.0,,,2018-11-07,2018-10-13,0.0,0.0,,,,0.0
508104.0,,12.0,98.0,1.32,2500.0,98.0,0.0,508.0,98.0,,,508.0,0.0,1.0,,,3.0,1.0,,2018-11-07,2018-10-12,0.0,0.0,,,,0.0
508108.0,,12.0,97.0,0.79,1500.0,14.0,0.0,508.0,14.0,,,508.0,0.0,1.0,,,1.0,,,2018-11-07,2018-10-12,0.0,0.0,,,,0.0
508118.0,,12.0,122.0,1.06,2000.0,98.0,0.0,508.0,14.0,1.0,,508.0,0.0,1.0,,,1.0,,,2018-11-07,2018-11-01,0.0,0.0,,,,0.0
508181.0,,12.0,114.0,1.32,2500.0,14.0,0.0,508.0,14.0,,,508.0,0.0,1.0,,,1.0,,,2018-11-07,2018-10-22,0.0,0.0,,,,0.0
508184.0,,12.0,121.0,0.79,1500.0,,0.0,508.0,98.0,1.0,,508.0,0.0,1.0,,,1.0,,,2018-11-07,2018-11-01,0.0,0.0,,,,0.0
508187.0,,19.0,136.0,1.59,3000.0,,0.0,508.0,,1.0,,508.0,1.0,1.0,,,1.0,,,2018-11-07,2018-11-02,0.0,0.0,,,,0.0
508191.0,,12.0,113.0,1.59,3000.0,98.0,0.0,508.0,98.0,,,508.0,0.0,1.0,,,1.0,,,2018-11-07,2018-10-22,0.0,0.0,,,,0.0
508210.0,,12.0,109.0,1.32,2500.0,14.0,0.0,508.0,14.0,,,508.0,1.0,1.0,,,1.0,,,2018-11-07,2018-10-19,0.0,0.0,,,,0.0
508228.0,,54.0,154.0,1.59,3000.0,,0.0,508.0,,1.0,,508.0,0.0,1.0,,,1.0,,,2018-11-07,2018-11-20,1.0,0.0,,,,0.0
508259.0,,19.0,135.0,1.59,3000.0,,0.0,508.0,,1.0,,508.0,0.0,1.0,,,1.0,,,2018-11-07,2018-11-01,0.0,0.0,,,,0.0
508261.0,,12.0,123.0,1.06,2000.0,14.0,0.0,508.0,14.0,,,508.0,0.0,1.0,,,1.0,,,2018-11-07,2018-11-01,0.0,0.0,,,,0.0
508273.0,,53.0,,3.49,6600.0,,0.0,508.0,,1.0,,508.0,1.0,,1.0,,1.0,,,2018-11-07,2018-10-26,0.0,0.0,,,,0.0
509001.0,,33.0,156.0,0.79,1500.0,250.0,0.0,509.0,250.0,,,509.0,0.0,1.0,,,1.0,,,2018-11-21,2018-11-14,0.0,0.0,,,,0.0
509003.0,,,142.0,3.49,6600.0,250.0,0.0,509.0,250.0,,,509.0,0.0,,1.0,,1.0,,,2018-11-21,2018-11-01,0.0,0.0,,,,0.0
509004.0,,,141.0,1.06,2000.0,250.0,0.0,509.0,250.0,,,509.0,0.0,1.0,,,1.0,,,2018-11-21,2018-11-01,0.0,0.0,,,,0.0
509015.0,,33.0,150.0,1.59,3000.0,650.0,0.0,509.0,650.0,,,509.0,0.0,1.0,,,1.0,,,2018-11-21,2018-11-05,0.0,0.0,,,,0.0
509016.0,,,148.0,1.06,2000.0,650.0,0.0,509.0,650.0,,,509.0,0.0,1.0,,,1.0,,,2018-11-21,2018-11-02,0.0,0.0,,,,0.0
509023.0,,33.0,123.0,4.66,8800.0,650.0,0.0,509.0,650.0,,,509.0,0.0,,1.0,,1.0,,,2018-11-21,2018-10-26,0.0,0.0,,,,0.0
509025.0,,,143.0,1.32,2500.0,650.0,0.0,509.0,650.0,,,509.0,0.0,1.0,,,1.0,,,2018-11-21,2018-11-01,0.0,0.0,,,,0.0
509027.0,,,137.0,1.32,2500.0,250.0,0.0,509.0,250.0,,,509.0,0.0,1.0,,,1.0,,,2018-11-21,2018-10-31,0.0,0.0,,,,0.0
509030.0,,33.0,127.0,6.99,13200.0,650.0,0.0,509.0,650.0,,,509.0,0.0,,1.0,,1.0,,,2018-11-21,2018-10-27,0.0,0.0,,,,0.0
509034.0,,33.0,122.0,1.06,2000.0,250.0,0.0,509.0,250.0,,,509.0,0.0,1.0,,,1.0,,,2018-11-21,2018-10-26,0.0,0.0,,,,0.0
509035.0,,,136.0,1.32,2500.0,650.0,0.0,509.0,650.0,,,509.0,0.0,1.0,,,1.0,,,2018-11-21,2018-10-31,0.0,0.0,,,,0.0
509036.0,,,139.0,1.06,2000.0,250.0,0.0,509.0,250.0,,,509.0,0.0,1.0,,,1.0,,,2018-11-21,2018-11-01,0.0,0.0,,,,0.0
509037.0,,,140.0,0.79,1500.0,650.0,0.0,509.0,650.0,,,509.0,0.0,1.0,,,1.0,,,2018-11-21,2018-11-01,0.0,0.0,,,,0.0
509043.0,,33.0,124.0,1.06,2000.0,250.0,0.0,509.0,250.0,,,509.0,0.0,1.0,,,1.0,,,2018-11-21,2018-10-26,0.0,0.0,,,,0.0
509044.0,,33.0,126.0,1.06,2000.0,250.0,0.0,509.0,250.0,,,509.0,0.0,1.0,,,1.0,,,2018-11-21,2018-10-27,0.0,0.0,,,,0.0
509045.0,,33.0,132.0,4.66,8800.0,650.0,0.0,509.0,650.0,,,509.0,0.0,,1.0,,1.0,,,2018-11-21,2018-10-29,0.0,0.0,,,,0.0
509049.0,,33.0,131.0,1.59,3000.0,650.0,0.0,509.0,650.0,,,509.0,0.0,1.0,,,1.0,,,2018-11-21,2018-10-29,0.0,0.0,,,,0.0
509050.0,,,147.0,1.06,2000.0,650.0,0.0,509.0,650.0,,,509.0,0.0,1.0,,,1.0,,,2018-11-21,2018-11-02,0.0,0.0,,,,0.0
509056.0,,33.0,135.0,1.06,2000.0,250.0,0.0,509.0,250.0,,,509.0,0.0,1.0,,,1.0,,,2018-11-21,2018-10-31,0.0,0.0,,,,0.0
509064.0,,33.0,125.0,0.79,1500.0,650.0,0.0,509.0,650.0,,,509.0,0.0,1.0,,,1.0,,,2018-11-21,2018-10-27,0.0,0.0,,,,0.0
509078.0,,33.0,157.0,0.79,1500.0,650.0,0.0,509.0,650.0,,,509.0,0.0,1.0,,,1.0,,,2018-11-21,2018-11-14,0.0,0.0,,,,0.0
509084.0,,33.0,130.0,0.79,1500.0,250.0,0.0,509.0,250.0,,,509.0,0.0,1.0,,,1.0,,,2018-11-21,2018-10-29,0.0,0.0,,,,0.0
509085.0,,33.0,159.0,1.59,3000.0,650.0,0.0,509.0,650.0,,,509.0,0.0,1.0,,,1.0,,,2018-11-21,2018-11-15,0.0,0.0,,,,0.0
509087.0,,33.0,128.0,0.79,1500.0,250.0,0.0,509.0,250.0,,,509.0,0.0,1.0,,,1.0,,,2018-11-21,2018-10-29,0.0,0.0,,,,0.0
509088.0,,,138.0,1.06,2000.0,650.0,0.0,509.0,650.0,,,509.0,0.0,1.0,,,1.0,,,2018-11-21,2018-10-31,0.0,0.0,,,,0.0
509094.0,,33.0,129.0,1.06,2000.0,650.0,0.0,509.0,650.0,,,509.0,0.0,1.0,,,1.0,,,2018-11-21,2018-10-29,0.0,0.0,,,,0.0
509097.0,,33.0,152.0,1.06,2000.0,650.0,0.0,509.0,650.0,,,509.0,0.0,1.0,,,1.0,,,2018-11-21,2018-11-08,0.0,0.0,,,,0.0
509100.0,,,144.0,1.06,2000.0,250.0,0.0,509.0,250.0,,,509.0,0.0,1.0,,,1.0,,,2018-11-21,2018-11-01,0.0,0.0,,,,0.0
509102.0,,,145.0,1.32,2500.0,650.0,0.0,509.0,650.0,,,509.0,0.0,1.0,,,1.0,,,2018-11-21,2018-11-01,0.0,0.0,,,,0.0
509104.0,,33.0,158.0,0.79,1500.0,250.0,0.0,509.0,250.0,,,509.0,0.0,1.0,,,1.0,,,2018-11-21,2018-11-14,0.0,0.0,,,,0.0
509105.0,,,146.0,1.06,2000.0,650.0,0.0,509.0,650.0,,,509.0,0.0,1.0,,,1.0,,,2018-11-21,2018-11-01,0.0,0.0,,,,0.0
509109.0,,33.0,151.0,1.32,2500.0,250.0,0.0,509.0,250.0,,,509.0,0.0,1.0,,,1.0,,,2018-11-21,2018-11-08,0.0,0.0,,,,0.0
509119.0,,33.0,154.0,1.59,3000.0,250.0,0.0,509.0,250.0,,,509.0,0.0,1.0,,,1.0,,,2018-11-21,2018-11-09,0.0,0.0,,,,0.0
509120.0,,33.0,155.0,0.79,1500.0,650.0,0.0,509.0,650.0,,,509.0,0.0,1.0,,,1.0,,,2018-11-21,2018-11-12,0.0,0.0,,,,0.0
509186.0,,33.0,153.0,0.79,1500.0,250.0,0.0,509.0,250.0,,,509.0,0.0,1.0,,,1.0,,,2018-11-21,2018-11-08,0.0,0.0,,,,0.0
510010.0,,21.0,157.0,1.06,2000.0,247.0,0.0,510.0,247.0,,,510.0,1.0,1.0,,,1.0,,,2018-12-21,2018-12-16,0.0,0.0,,,,0.0
510023.0,,21.0,158.0,1.06,2000.0,249.0,0.0,510.0,249.0,,,510.0,0.0,1.0,,,1.0,,,2018-12-21,2018-12-18,0.0,0.0,,,,0.0
511004.0,,8.0,,1.32,2500.0,71.0,0.0,511.0,,,,511.0,,,,,,,,2018-08-15,2018-07-30,0.0,0.0,,,,0.0
511014.0,,42.0,,0.79,1500.0,58.0,0.0,511.0,,,,511.0,,,,,,,,2018-08-15,2018-08-02,0.0,0.0,,,,0.0
511020.0,,8.0,,0.79,1500.0,58.0,0.0,511.0,,,,511.0,,,,,,,,2018-08-15,2018-07-30,0.0,0.0,,,,0.0
511021.0,,42.0,,1.06,2000.0,71.0,0.0,511.0,,,,511.0,,,,,,,,2018-08-15,2018-08-07,0.0,0.0,,,,0.0
511022.0,,42.0,,0.79,1500.0,71.0,0.0,511.0,,,,511.0,,,,,,,,2018-08-15,2018-08-09,0.0,0.0,,,,0.0
511023.0,,8.0,,0.79,1500.0,58.0,0.0,511.0,,,,511.0,,,,,,,,2018-08-15,2018-07-16,0.0,0.0,,,,0.0
511026.0,,8.0,,1.06,2000.0,71.0,0.0,511.0,,,,511.0,,,,,,,,2018-08-15,2018-07-16,0.0,0.0,,,,0.0
511027.0,,42.0,,1.06,2000.0,71.0,0.0,511.0,,,,511.0,,,,,,,,2018-08-15,2018-08-09,0.0,0.0,,,,0.0
511030.0,,8.0,,0.79,1500.0,58.0,0.0,511.0,,,,511.0,,,,,,,,2018-08-15,2018-07-16,0.0,0.0,,,,0.0
511032.0,,42.0,,0.79,1500.0,71.0,0.0,511.0,,,,511.0,,,,,,,,2018-08-15,2018-08-07,0.0,0.0,,,,0.0
511035.0,,8.0,,1.06,2000.0,71.0,0.0,511.0,,,,511.0,,,,,,,,2018-08-15,2018-07-30,0.0,0.0,,,,0.0
511039.0,,8.0,,0.79,1500.0,71.0,0.0,511.0,,,,511.0,,,,,,,,2018-08-15,2018-07-27,0.0,0.0,,,,0.0
511040.0,,8.0,,0.79,1500.0,71.0,0.0,511.0,,,,511.0,,,,,,,,2018-08-15,2018-07-30,0.0,0.0,,,,0.0
511042.0,,8.0,,1.06,2000.0,58.0,0.0,511.0,,,,511.0,,,,,,,,2018-08-15,2018-07-27,0.0,0.0,,,,0.0
511046.0,,42.0,,1.06,2000.0,71.0,0.0,511.0,,,,511.0,,,,,,,,2018-08-15,2018-08-07,0.0,0.0,,,,0.0
511047.0,,42.0,,0.79,1500.0,71.0,0.0,511.0,,,,511.0,,,,,,,,2018-08-15,2018-08-01,0.0,0.0,,,,0.0
511048.0,,42.0,,1.32,2500.0,71.0,0.0,511.0,,,,511.0,,,,,,,,2018-08-15,2018-08-01,0.0,0.0,,,,0.0
511049.0,,42.0,,1.59,3000.0,71.0,0.0,511.0,,,,511.0,,,,,,,,2018-08-15,2018-08-07,0.0,0.0,,,,0.0
511051.0,,42.0,,1.32,2500.0,71.0,0.0,511.0,,,,511.0,,,,,,,,2018-08-15,2018-08-09,0.0,0.0,,,,0.0
511052.0,,8.0,,1.32,2500.0,71.0,0.0,511.0,,,,511.0,,,,,,,,2018-08-15,2018-08-01,0.0,0.0,,,,0.0
511056.0,,42.0,,1.59,3000.0,71.0,0.0,511.0,,,,511.0,,,,,,,,2018-08-15,2018-08-01,0.0,0.0,,,,0.0
511058.0,,8.0,,1.59,3000.0,58.0,0.0,511.0,,,,511.0,,,,,,,,2018-08-15,2018-07-30,0.0,0.0,,,,0.0
511064.0,,8.0,,1.06,2000.0,71.0,0.0,511.0,,,,511.0,,,,,,,,2018-08-15,2018-07-27,0.0,0.0,,,,0.0
511065.0,,8.0,,1.32,2500.0,58.0,0.0,511.0,,,,511.0,,,,,,,,2018-08-15,2018-07-27,0.0,0.0,,,,0.0
511071.0,,42.0,,0.79,1500.0,71.0,0.0,511.0,,,,511.0,,,,,,,,2018-08-15,2018-08-09,0.0,0.0,,,,0.0
511080.0,,8.0,,1.06,2000.0,58.0,0.0,511.0,,,,511.0,,,,,,,,2018-08-15,2018-07-18,0.0,0.0,,,,0.0
511091.0,,42.0,,0.79,1500.0,58.0,0.0,511.0,,,,511.0,,,,,,,,2018-08-15,2018-08-01,0.0,0.0,,,,0.0
511093.0,,42.0,,1.06,2000.0,,0.0,511.0,,,,511.0,,,,,,,,2018-08-15,2018-08-02,0.0,0.0,,,,0.0
511102.0,,42.0,,0.79,1500.0,71.0,0.0,511.0,,,,511.0,,,,,,,,2018-08-15,2018-08-09,0.0,0.0,,,,0.0
511112.0,,42.0,,0.79,1500.0,71.0,0.0,511.0,,,,511.0,,,,,,,,2018-08-15,2018-08-07,0.0,0.0,,,,0.0
511115.0,,8.0,,0.79,1500.0,71.0,0.0,511.0,,,,511.0,,,,,,,,2018-08-15,2018-07-18,0.0,0.0,,,,0.0
511116.0,,8.0,,0.79,1500.0,58.0,0.0,511.0,,,,511.0,,,,,,,,2018-08-15,2018-07-18,0.0,0.0,,,,0.0
511117.0,,8.0,,3.49,6600.0,58.0,0.0,511.0,,,,511.0,,,,,,,,2018-08-15,2018-07-30,0.0,0.0,,,,0.0
512007.0,,21.0,148.0,0.79,1500.0,247.0,0.0,512.0,247.0,,,512.0,1.0,1.0,,,1.0,,,2018-12-21,2018-12-08,0.0,0.0,,,,0.0
512009.0,,21.0,145.0,1.06,2000.0,247.0,0.0,512.0,247.0,,,512.0,1.0,1.0,,,1.0,,,2018-12-21,2018-12-07,0.0,0.0,,,,0.0
512014.0,,21.0,146.0,1.32,2500.0,79.0,0.0,512.0,79.0,,,512.0,1.0,1.0,,,1.0,,,2018-12-21,2018-12-07,0.0,0.0,,,,0.0
512062.0,,21.0,153.0,1.06,2000.0,247.0,0.0,512.0,247.0,,,512.0,0.0,1.0,,,1.0,,,2018-12-21,2018-12-12,0.0,0.0,,,,0.0
512112.0,,21.0,154.0,1.32,2500.0,247.0,0.0,512.0,247.0,,,512.0,0.0,1.0,,,1.0,,,2018-12-21,2018-12-12,0.0,0.0,,,,0.0
512150.0,,21.0,155.0,0.79,1500.0,247.0,0.0,512.0,247.0,,,512.0,0.0,1.0,,,1.0,,,2018-12-21,2018-12-12,0.0,0.0,,,,0.0
512200.0,,21.0,149.0,1.06,2000.0,79.0,0.0,512.0,79.0,,,512.0,1.0,1.0,,,1.0,,,2018-12-21,2018-12-09,0.0,0.0,,,,0.0
513008.0,,20.0,129.0,1.06,2000.0,640.0,0.0,513.0,647.0,1.0,,513.0,1.0,1.0,,,1.0,,,2018-11-21,2018-11-09,0.0,0.0,,,,0.0
513026.0,,20.0,135.0,0.79,1500.0,647.0,0.0,513.0,647.0,,,513.0,1.0,1.0,,,1.0,,,2018-11-21,2018-11-17,0.0,0.0,,,,0.0
513034.0,,20.0,127.0,1.32,2500.0,647.0,0.0,513.0,647.0,,,513.0,1.0,1.0,,,1.0,,,2018-11-21,2018-11-05,0.0,0.0,,,,0.0
513066.0,,20.0,125.0,0.79,1500.0,247.0,0.0,513.0,247.0,,,513.0,0.0,1.0,,,1.0,,,2018-11-21,2018-10-30,0.0,0.0,,,,0.0
513087.0,,20.0,126.0,0.79,1500.0,247.0,0.0,513.0,247.0,,,513.0,0.0,1.0,,,1.0,,,2018-11-21,2018-10-30,0.0,0.0,,,,0.0
513090.0,,20.0,134.0,1.32,2500.0,247.0,0.0,513.0,247.0,,,513.0,1.0,1.0,,,1.0,,,2018-11-21,2018-11-17,0.0,0.0,,,,0.0
513094.0,,20.0,131.0,1.32,2500.0,647.0,0.0,513.0,647.0,,,513.0,1.0,1.0,,,1.0,,,2018-11-21,2018-11-09,0.0,0.0,,,,0.0
513095.0,,20.0,130.0,1.59,3000.0,247.0,0.0,513.0,247.0,,,513.0,1.0,1.0,,,1.0,,,2018-11-21,2018-11-09,0.0,0.0,,,,0.0
514020.0,,27.0,106.0,0.79,1500.0,261.0,0.0,514.0,261.0,,,514.0,0.0,1.0,,,1.0,,,2018-12-04,2018-12-12,1.0,0.0,,,,0.0
514025.0,,29.0,197.0,1.32,2500.0,661.0,0.0,514.0,,1.0,,514.0,0.0,1.0,,,1.0,,,2018-12-04,2018-11-26,0.0,0.0,,,,0.0
514030.0,,27.0,104.0,0.79,1500.0,661.0,0.0,514.0,661.0,,,514.0,0.0,1.0,,,1.0,,,2018-12-04,2018-12-11,1.0,0.0,,,,0.0
514051.0,,27.0,103.0,0.79,1500.0,661.0,0.0,514.0,661.0,,,514.0,0.0,1.0,,,1.0,,,2018-12-04,2018-12-11,1.0,0.0,,,,0.0
515004.0,,12.0,153.0,1.32,2500.0,268.0,0.0,515.0,268.0,,,515.0,0.0,1.0,,,1.0,,,2018-12-04,2018-11-26,0.0,0.0,,,,0.0
515005.0,,12.0,151.0,0.79,1500.0,268.0,0.0,515.0,268.0,,,515.0,0.0,1.0,,,1.0,,,2018-12-04,2018-11-23,0.0,0.0,,,,0.0
515023.0,,12.0,154.0,0.79,1500.0,668.0,0.0,515.0,668.0,,,515.0,0.0,1.0,,,1.0,,,2018-12-04,2018-11-26,0.0,0.0,,,,0.0
515030.0,,12.0,155.0,0.79,1500.0,268.0,0.0,515.0,268.0,,,515.0,0.0,1.0,,,1.0,,,2018-12-04,2018-11-26,0.0,0.0,,,,0.0
515032.0,,12.0,152.0,1.59,3000.0,668.0,0.0,515.0,668.0,,,515.0,1.0,1.0,,,1.0,,,2018-12-04,2018-11-24,0.0,0.0,,,,0.0
515042.0,,12.0,159.0,1.06,2000.0,,0.0,515.0,,1.0,,515.0,0.0,1.0,,,1.0,,,2018-12-04,2018-11-29,0.0,0.0,,,,0.0
515043.0,,12.0,157.0,1.59,3000.0,668.0,0.0,515.0,668.0,,,515.0,0.0,1.0,,,1.0,,,2018-12-04,2018-11-27,0.0,0.0,,,,0.0
515044.0,,12.0,156.0,1.59,3000.0,268.0,0.0,515.0,268.0,,,515.0,0.0,1.0,,,1.0,,,2018-12-04,2018-11-27,0.0,0.0,,,,0.0
515064.0,,28.0,177.0,6.99,13200.0,,0.0,515.0,,1.0,,515.0,1.0,,1.0,,1.0,,,2018-12-04,2018-11-23,0.0,0.0,,,,0.0
515066.0,,12.0,158.0,1.59,3000.0,268.0,0.0,515.0,268.0,,,515.0,0.0,1.0,,,1.0,,,2018-12-04,2018-11-27,0.0,0.0,,,,0.0
516055.0,,24.0,,0.79,1500.0,56.0,0.0,516.0,,,,516.0,,,,,,,,2018-08-15,2018-07-30,0.0,0.0,,,,0.0
517002.0,,9.0,,0.79,1500.0,75.0,0.0,517.0,,,,517.0,,,,,,,,2018-07-15,2018-06-27,0.0,0.0,,,,0.0
517008.0,,9.0,,,1500.0,75.0,0.0,517.0,,,,517.0,,,,,,,,2018-07-15,2018-06-15,0.0,0.0,,,,0.0
517009.0,,9.0,,0.79,1500.0,75.0,0.0,517.0,,,,517.0,,,,,,,,2018-07-15,2018-06-29,0.0,0.0,,,,0.0
517011.0,,99.0,,1.59,3000.0,,0.0,517.0,,,,517.0,,,,,,,,2018-07-15,2018-07-17,1.0,0.0,,,,0.0
517014.0,,9.0,,,2000.0,75.0,0.0,517.0,,,,517.0,,,,,,,,2018-07-15,2018-06-26,0.0,0.0,,,,0.0
517023.0,,9.0,,,1500.0,75.0,0.0,517.0,,,,517.0,,,,,,,,2018-07-15,2018-06-26,0.0,0.0,,,,0.0
517029.0,,9.0,,,2500.0,75.0,0.0,517.0,,,,517.0,,,,,,,,2018-07-15,2018-06-26,0.0,0.0,,,,0.0
517044.0,,9.0,,0.79,1500.0,20.0,0.0,517.0,,,,517.0,,,,,,,,2018-07-15,2018-07-06,0.0,0.0,,,,0.0
517049.0,,9.0,,1.59,3000.0,75.0,0.0,517.0,,,,517.0,,,,,,,,2018-07-15,2018-07-04,0.0,0.0,,,,0.0
517054.0,,9.0,,,3000.0,75.0,0.0,517.0,,,,517.0,,,,,,,,2018-07-15,2018-06-26,0.0,0.0,,,,0.0
517061.0,,9.0,,1.32,2500.0,75.0,0.0,517.0,,,,517.0,,,,,,,,2018-07-15,2018-07-11,0.0,0.0,,,,0.0
517062.0,,9.0,,,1500.0,75.0,0.0,517.0,,,,517.0,,,,,,,,2018-07-15,2018-06-20,0.0,0.0,,,,0.0
517063.0,,9.0,,1.06,2000.0,75.0,0.0,517.0,,,,517.0,,,,,,,,2018-07-15,2018-07-04,0.0,0.0,,,,0.0
517065.0,,9.0,,,2000.0,75.0,0.0,517.0,,,,517.0,,,,,,,,2018-07-15,2018-06-19,0.0,0.0,,,,0.0
517069.0,,9.0,,,2500.0,75.0,0.0,517.0,,,,517.0,,,,,,,,2018-07-15,2018-06-26,0.0,0.0,,,,0.0
517085.0,,9.0,,,1500.0,75.0,0.0,517.0,,,,517.0,,,,,,,,2018-07-15,2018-06-20,0.0,0.0,,,,0.0
517094.0,,9.0,,0.79,1500.0,75.0,0.0,517.0,,,,517.0,,,,,,,,2018-07-15,2018-07-04,0.0,0.0,,,,0.0
517102.0,,9.0,,1.32,2500.0,75.0,0.0,517.0,,,,517.0,,,,,,,,2018-07-15,2018-07-04,0.0,0.0,,,,0.0
517105.0,,9.0,,0.79,1500.0,75.0,0.0,517.0,,,,517.0,,,,,,,,2018-07-15,2018-07-12,0.0,0.0,,,,0.0
517106.0,,9.0,,0.79,1500.0,20.0,0.0,517.0,,,,517.0,,,,,,,,2018-07-15,2018-07-12,0.0,0.0,,,,0.0
517134.0,,9.0,,0.79,1500.0,75.0,0.0,517.0,,,,517.0,,,,,,,,2018-07-15,2018-07-12,0.0,0.0,,,,0.0
517137.0,,9.0,,0.79,1500.0,75.0,0.0,517.0,,,,517.0,,,,,,,,2018-07-15,2018-07-06,0.0,0.0,,,,0.0
517144.0,,9.0,,0.79,1500.0,20.0,0.0,517.0,,,,517.0,,,,,,,,2018-07-15,2018-07-07,0.0,0.0,,,,0.0
517147.0,,9.0,,,1500.0,75.0,0.0,517.0,,,,517.0,,,,,,,,2018-07-15,2018-06-20,0.0,0.0,,,,0.0
517150.0,,99.0,,3.49,6600.0,20.0,0.0,517.0,,,,517.0,,,,,,,,2018-07-15,2018-07-16,1.0,0.0,,,,0.0
517152.0,,9.0,,1.59,3000.0,20.0,0.0,517.0,,,,517.0,,,,,,,,2018-07-15,2018-07-07,0.0,0.0,,,,0.0
517155.0,,9.0,,4.66,8800.0,75.0,0.0,517.0,,,,517.0,,,,,,,,2018-07-15,2018-07-04,0.0,0.0,,,,0.0
517156.0,,9.0,,0.79,1500.0,75.0,0.0,517.0,,,,517.0,,,,,,,,2018-07-15,2018-06-27,0.0,0.0,,,,0.0
517160.0,,9.0,,1.59,3000.0,75.0,0.0,517.0,,,,517.0,,,,,,,,2018-07-15,2018-07-03,0.0,0.0,,,,0.0
517161.0,,9.0,,1.32,2500.0,20.0,0.0,517.0,,,,517.0,,,,,,,,2018-07-15,2018-07-06,0.0,0.0,,,,0.0
517164.0,,9.0,,3.49,6600.0,20.0,0.0,517.0,,,,517.0,,,,,,,,2018-07-15,2018-07-11,0.0,0.0,,,,0.0
517171.0,,9.0,,1.06,2000.0,75.0,0.0,517.0,,,,517.0,,,,,,,,2018-07-15,2018-07-12,0.0,0.0,,,,0.0
518014.0,,54.0,96.0,0.79,1500.0,99.0,0.0,518.0,99.0,,,518.0,0.0,1.0,,,1.0,,,2018-09-12,2018-09-06,0.0,0.0,,,,0.0
518021.0,,54.0,82.0,1.06,2000.0,98.0,1.0,518.0,98.0,,,518.0,0.0,1.0,,,1.0,,,2018-09-12,2018-08-30,0.0,0.0,,,,0.0
518030.0,,54.0,84.0,1.06,2000.0,99.0,0.0,518.0,99.0,,,518.0,0.0,1.0,,,1.0,,,2018-09-12,2018-09-01,0.0,0.0,,,,0.0
518048.0,,54.0,92.0,6.99,13200.0,99.0,0.0,518.0,99.0,,,518.0,0.0,,1.0,,1.0,,,2018-09-12,2018-09-06,0.0,0.0,,,,0.0
518066.0,,54.0,88.0,1.06,2000.0,99.0,0.0,518.0,99.0,,,518.0,0.0,1.0,,,1.0,,,2018-09-12,2018-09-04,0.0,0.0,,,,0.0
518069.0,,54.0,71.0,1.59,3000.0,98.0,0.0,518.0,98.0,,,518.0,0.0,1.0,,,1.0,,,2018-09-12,2018-08-28,0.0,0.0,,,,0.0
518072.0,,54.0,74.0,3.49,6600.0,98.0,0.0,518.0,98.0,,,518.0,0.0,,1.0,,1.0,,,2018-09-12,2018-08-30,0.0,0.0,,,,0.0
518089.0,,54.0,83.0,0.79,1500.0,98.0,0.0,518.0,98.0,,,518.0,0.0,1.0,,,1.0,,,2018-09-12,2018-09-01,0.0,0.0,,,,0.0
518117.0,,54.0,94.0,3.49,6600.0,99.0,1.0,518.0,99.0,,,518.0,0.0,,1.0,,1.0,,,2018-09-12,2018-09-06,0.0,0.0,,,,0.0
518137.0,,54.0,77.0,1.32,2500.0,99.0,0.0,518.0,99.0,,,518.0,0.0,1.0,,,1.0,,,2018-09-12,2018-08-30,0.0,0.0,,,,0.0
518142.0,,54.0,95.0,1.59,3000.0,99.0,0.0,518.0,99.0,,,518.0,0.0,1.0,,,1.0,,,2018-09-12,2018-09-06,0.0,0.0,,,,0.0
518155.0,,54.0,99.0,0.79,1500.0,98.0,0.0,518.0,98.0,,,518.0,0.0,1.0,,,1.0,,,2018-09-12,2018-09-07,0.0,0.0,,,,0.0
518156.0,,54.0,97.0,1.32,2500.0,99.0,0.0,518.0,99.0,,,518.0,0.0,1.0,,,1.0,,,2018-09-12,2018-09-06,0.0,0.0,,,,0.0
518160.0,,54.0,89.0,1.32,2500.0,99.0,0.0,518.0,99.0,,,518.0,0.0,1.0,,,1.0,,,2018-09-12,2018-09-04,0.0,0.0,,,,0.0
518178.0,,54.0,67.0,5.82,11000.0,,0.0,518.0,6.0,1.0,,518.0,0.0,,1.0,,,,,2018-09-12,2018-08-23,0.0,0.0,,,,0.0
518180.0,,54.0,78.0,1.06,2000.0,99.0,0.0,518.0,99.0,,,518.0,0.0,1.0,,,1.0,,,2018-09-12,2018-08-30,0.0,0.0,,,,0.0
518185.0,,54.0,66.0,5.82,11000.0,,0.0,518.0,98.0,1.0,,518.0,0.0,,1.0,,,,,2018-09-12,2018-08-23,0.0,0.0,,,,0.0
518210.0,,54.0,76.0,1.06,2000.0,98.0,0.0,518.0,98.0,,,518.0,0.0,1.0,,,1.0,,,2018-09-12,2018-08-30,0.0,0.0,,,,0.0
518227.0,,54.0,98.0,6.99,13200.0,98.0,0.0,518.0,98.0,,,518.0,0.0,,1.0,,1.0,,,2018-09-12,2018-09-07,0.0,0.0,,,,0.0
518230.0,,54.0,87.0,1.06,2000.0,99.0,0.0,518.0,99.0,,,518.0,0.0,1.0,,,1.0,,,2018-09-12,2018-09-04,0.0,0.0,,,,0.0
518235.0,,54.0,68.0,1.32,2500.0,99.0,0.0,518.0,99.0,,,518.0,0.0,1.0,,,,,,2018-09-12,2018-08-23,0.0,0.0,,,,0.0
518237.0,,54.0,86.0,1.59,3000.0,99.0,0.0,518.0,99.0,,,518.0,0.0,1.0,,,1.0,,,2018-09-12,2018-09-04,0.0,0.0,,,,0.0
518243.0,,54.0,85.0,1.06,2000.0,99.0,0.0,518.0,99.0,,,518.0,0.0,1.0,,,1.0,,,2018-09-12,2018-09-04,0.0,0.0,,,,0.0
518246.0,,54.0,70.0,0.79,1500.0,99.0,0.0,518.0,99.0,,,518.0,0.0,1.0,,,1.0,,,2018-09-12,2018-08-27,0.0,0.0,,,,0.0
521017.0,,13.0,72.0,4.66,8800.0,20.0,0.0,521.0,20.0,,,521.0,1.0,,1.0,,1.0,,,2018-09-12,2018-08-28,0.0,0.0,,,,0.0
521024.0,,99.0,69.0,6.99,13200.0,,1.0,521.0,,1.0,,521.0,0.0,,1.0,,1.0,,,2018-09-12,2018-09-11,0.0,0.0,,,,0.0
521025.0,,12.0,44.0,3.49,6600.0,103.0,0.0,521.0,103.0,,,521.0,0.0,,1.0,,1.0,,,2018-09-12,2018-08-28,0.0,0.0,,,,0.0
521047.0,,12.0,35.0,3.49,6600.0,103.0,0.0,521.0,103.0,,,521.0,0.0,,1.0,,1.0,,,2018-09-12,2018-08-25,0.0,0.0,,,,0.0
521072.0,,12.0,43.0,4.66,8800.0,66.0,0.0,521.0,66.0,,,521.0,0.0,,1.0,,1.0,,,2018-09-12,2018-08-27,0.0,0.0,,,,0.0
522004.0,,,12.0,0.79,1500.0,638.0,0.0,522.0,638.0,,,522.0,0.0,1.0,,,,,,2018-08-29,2018-08-10,0.0,0.0,,,,0.0
522010.0,,3.0,,1.59,3000.0,,0.0,522.0,,,,522.0,,,,,,,,2018-08-29,2018-08-04,0.0,0.0,,,,0.0
522016.0,,3.0,,0.79,1500.0,238.0,0.0,522.0,,,,522.0,,,,,,,,2018-08-29,2018-07-30,0.0,0.0,,,,0.0
522019.0,,3.0,,1.06,2000.0,,0.0,522.0,,,,522.0,,,,,,,,2018-08-29,2018-08-03,0.0,0.0,,,,0.0
522032.0,,3.0,,1.59,3000.0,,0.0,522.0,,,,522.0,,,,,,,,2018-08-29,2018-08-03,0.0,0.0,,,,0.0
522039.0,,,13.0,1.59,3000.0,638.0,0.0,522.0,638.0,,,522.0,0.0,1.0,,,,,,2018-08-29,2018-08-10,0.0,0.0,,,,0.0
522066.0,,,14.0,0.79,1500.0,638.0,0.0,522.0,638.0,,,522.0,0.0,1.0,,,,,,2018-08-29,2018-08-10,0.0,0.0,,,,0.0
522096.0,,,16.0,1.06,2000.0,638.0,0.0,522.0,638.0,,,522.0,0.0,1.0,,,,,,2018-08-29,2018-08-11,0.0,0.0,,,,0.0
522098.0,,,17.0,0.79,1500.0,638.0,0.0,522.0,638.0,,,522.0,0.0,1.0,,,,,,2018-08-29,2018-08-13,0.0,0.0,,,,0.0
522109.0,,3.0,22.0,1.06,2000.0,638.0,0.0,522.0,638.0,,,522.0,0.0,1.0,,,,,,2018-08-29,2018-08-17,0.0,0.0,,,,0.0
522112.0,,3.0,,1.32,2500.0,638.0,0.0,522.0,,,,522.0,,,,,,,,2018-08-29,2018-08-01,0.0,0.0,,,,0.0
522115.0,,3.0,19.0,1.32,2500.0,638.0,0.0,522.0,638.0,,,522.0,0.0,1.0,,,,,,2018-08-29,2018-08-15,0.0,0.0,,,,0.0
522128.0,,3.0,,0.79,1500.0,,0.0,522.0,,,,522.0,,,,,,,,2018-08-29,2018-08-03,0.0,0.0,,,,0.0
522136.0,,,11.0,1.59,3000.0,638.0,0.0,522.0,638.0,,,522.0,0.0,1.0,,,,,,2018-08-29,2018-08-08,0.0,0.0,,,,0.0
522144.0,,,15.0,1.32,2500.0,238.0,0.0,522.0,238.0,,,522.0,0.0,1.0,,,,,,2018-08-29,2018-08-11,0.0,0.0,,,,0.0
522156.0,,3.0,21.0,1.32,2500.0,638.0,0.0,522.0,638.0,,,522.0,0.0,1.0,,,,,,2018-08-29,2018-08-15,0.0,0.0,,,,0.0
522157.0,,,18.0,1.06,2000.0,638.0,0.0,522.0,638.0,,,522.0,0.0,1.0,,,,,,2018-08-29,2018-08-13,0.0,0.0,,,,0.0
522164.0,,3.0,20.0,0.79,1500.0,638.0,0.0,522.0,638.0,,,522.0,0.0,1.0,,,,,,2018-08-29,2018-08-15,0.0,0.0,,,,0.0
522168.0,,3.0,23.0,4.66,8800.0,638.0,0.0,522.0,638.0,,,522.0,0.0,,1.0,,,,,2018-08-29,2018-08-18,0.0,0.0,,,,0.0
523014.0,,9.0,,1.59,3000.0,47.0,0.0,523.0,,,,523.0,,,,,,,,2018-08-15,2018-08-02,0.0,0.0,,,,0.0
523017.0,,9.0,,0.79,1500.0,47.0,0.0,523.0,,,,523.0,,,,,,,,2018-08-15,2018-07-24,0.0,0.0,,,,0.0
523031.0,,9.0,,0.79,1500.0,90.0,0.0,523.0,,,,523.0,,,,,,,,2018-08-15,2018-08-08,0.0,0.0,,,,0.0
523038.0,,9.0,,1.59,3000.0,47.0,0.0,523.0,,,,523.0,,,,,,,,2018-08-15,2018-08-08,0.0,0.0,,,,0.0
523052.0,,9.0,,1.59,3000.0,47.0,0.0,523.0,,,,523.0,,,,,,,,2018-08-15,2018-08-03,0.0,0.0,,,,0.0
523061.0,,9.0,,0.79,1500.0,47.0,0.0,523.0,,,,523.0,,,,,,,,2018-08-15,2018-08-03,0.0,0.0,,,,0.0
523089.0,,9.0,,1.32,2500.0,90.0,0.0,523.0,,,,523.0,,,,,,,,2018-08-15,2018-07-18,0.0,0.0,,,,0.0
523114.0,,9.0,,0.79,1500.0,90.0,0.0,523.0,,,,523.0,,,,,,,,2018-08-15,2018-08-02,0.0,0.0,,,,0.0
523132.0,,9.0,,0.79,1500.0,90.0,0.0,523.0,,,,523.0,,,,,,,,2018-08-15,2018-07-28,0.0,0.0,,,,0.0
523146.0,,9.0,,3.49,6600.0,90.0,0.0,523.0,,,,523.0,,,,,,,,2018-08-15,2018-08-08,0.0,0.0,,,,0.0
523156.0,,9.0,,3.49,6600.0,90.0,0.0,523.0,,,,523.0,,,,,,,,2018-08-15,2018-08-07,0.0,0.0,,,,0.0
524004.0,,99.0,88.0,4.66,8800.0,,0.0,524.0,,1.0,,524.0,0.0,,1.0,,1.0,,,2018-10-10,2018-10-22,1.0,0.0,,,,0.0
524005.0,,99.0,89.0,5.82,11000.0,,0.0,524.0,,1.0,,524.0,0.0,,1.0,,1.0,,,2018-10-10,2018-10-22,1.0,0.0,,,,0.0
524023.0,,16.0,196.0,0.79,1500.0,37.0,1.0,,37.0,,,,0.0,1.0,,,1.0,,,,2018-09-14,0.0,0.0,,,,0.0
525014.0,,34.0,69.0,0.79,1500.0,90.0,0.0,525.0,90.0,,,525.0,0.0,1.0,,,1.0,,,2018-10-10,2018-09-13,0.0,0.0,,,,0.0
525022.0,,54.0,,0.79,1500.0,90.0,0.0,525.0,90.0,,,525.0,1.0,1.0,,,1.0,,,2018-10-10,2018-10-26,1.0,0.0,,,,0.0
525051.0,,34.0,73.0,0.79,1500.0,47.0,0.0,525.0,47.0,,,525.0,0.0,1.0,,,1.0,,,2018-10-10,2018-09-20,0.0,0.0,,,,0.0
525078.0,,34.0,71.0,1.32,2500.0,90.0,0.0,525.0,90.0,,,525.0,0.0,1.0,,,1.0,,,2018-10-10,2018-09-20,0.0,0.0,,,,0.0
525096.0,,34.0,75.0,0.79,1500.0,90.0,0.0,525.0,90.0,,,525.0,0.0,1.0,,,1.0,,,2018-10-10,2018-10-05,0.0,0.0,,,,0.0
525099.0,,34.0,72.0,1.06,2000.0,90.0,0.0,525.0,90.0,,,525.0,0.0,1.0,,,1.0,,,2018-10-10,2018-09-20,0.0,0.0,,,,0.0
525100.0,,34.0,76.0,1.06,2000.0,90.0,0.0,525.0,90.0,,,525.0,0.0,1.0,,,1.0,,,2018-10-10,2018-10-05,0.0,0.0,,,,0.0
525141.0,,34.0,70.0,0.79,1500.0,47.0,0.0,525.0,47.0,,,525.0,0.0,1.0,,,3.0,1.0,,2018-10-10,2018-09-14,0.0,0.0,,,,0.0
526026.0,,30.0,41.0,0.79,1500.0,763.0,0.0,526.0,763.0,,,526.0,0.0,1.0,,,,,,2018-08-29,2018-08-22,0.0,0.0,,,,0.0
526035.0,,,37.0,1.06,2000.0,363.0,0.0,526.0,363.0,,,526.0,0.0,1.0,,,,,,2018-08-29,2018-07-31,0.0,0.0,,,,0.0
526080.0,,,38.0,1.32,2500.0,763.0,1.0,526.0,763.0,,,526.0,0.0,1.0,,,,,,2018-08-29,2018-08-11,0.0,0.0,,,,0.0
526100.0,,30.0,40.0,0.79,1500.0,763.0,0.0,526.0,763.0,,,526.0,0.0,1.0,,,,,,2018-08-29,2018-08-19,0.0,0.0,,,,0.0
526101.0,,,39.0,1.06,2000.0,763.0,0.0,526.0,763.0,,,526.0,0.0,1.0,,,,,,2018-08-29,2018-08-13,0.0,0.0,,,,0.0
526130.0,,30.0,42.0,1.32,2500.0,763.0,0.0,526.0,763.0,,,526.0,0.0,1.0,,,,,,2018-08-29,2018-08-25,0.0,0.0,,,,0.0
526138.0,,30.0,43.0,0.79,1500.0,363.0,0.0,526.0,363.0,,,526.0,0.0,1.0,,,,,,2018-08-29,2018-08-25,0.0,0.0,,,,0.0
527047.0,,24.0,62.0,1.06,2000.0,8.0,0.0,527.0,8.0,,,527.0,0.0,1.0,,,1.0,,,2018-09-12,2018-08-24,0.0,0.0,,,,0.0
527052.0,,24.0,63.0,1.06,2000.0,96.0,1.0,570.0,96.0,,,570.0,0.0,1.0,,,1.0,,,2018-10-31,2018-08-27,0.0,0.0,,,,0.0
527086.0,,24.0,64.0,1.06,2000.0,8.0,0.0,527.0,8.0,,,527.0,0.0,1.0,,,1.0,,,2018-09-12,2018-08-27,0.0,0.0,,,,0.0
529003.0,,12.0,,0.79,1500.0,9.0,0.0,529.0,,,,529.0,,,,,,,,2018-08-15,2018-07-25,0.0,0.0,,,,0.0
529031.0,,12.0,,0.79,1500.0,37.0,0.0,529.0,,,,529.0,,,,,,,,2018-08-15,2018-07-28,0.0,0.0,,,,0.0
529154.0,,12.0,,1.32,2500.0,37.0,0.0,529.0,,,,529.0,,,,,,,,2018-08-15,2018-07-18,0.0,0.0,,,,0.0
529164.0,,12.0,,1.32,2500.0,37.0,0.0,529.0,,,,529.0,,,,,,,,2018-08-15,2018-07-18,0.0,0.0,,,,0.0
530007.0,,2.0,180.0,0.79,1500.0,288.0,0.0,530.0,288.0,,,530.0,0.0,1.0,,,1.0,,,2018-07-24,2018-12-14,1.0,0.0,,,,0.0
530040.0,,2.0,182.0,1.06,2000.0,288.0,0.0,530.0,288.0,,,530.0,0.0,1.0,,,1.0,,,2018-07-24,2018-12-16,1.0,0.0,,,,0.0
530096.0,,2.0,172.0,1.06,2000.0,288.0,0.0,530.0,288.0,,,530.0,0.0,1.0,,,3.0,1.0,,2018-07-24,2018-12-08,1.0,0.0,,,,0.0
530098.0,,2.0,175.0,1.06,2000.0,288.0,0.0,530.0,288.0,,,530.0,0.0,1.0,,,1.0,,,2018-07-24,2018-12-08,1.0,0.0,,,,0.0
530099.0,,2.0,174.0,1.06,2000.0,288.0,0.0,530.0,288.0,,,530.0,0.0,1.0,,,3.0,1.0,,2018-07-24,2018-12-08,1.0,0.0,,,,0.0
530121.0,,2.0,176.0,0.79,1500.0,288.0,0.0,530.0,288.0,,,530.0,0.0,1.0,,,3.0,1.0,,2018-07-24,2018-12-08,1.0,0.0,,,,0.0
530215.0,,2.0,183.0,1.06,2000.0,288.0,0.0,530.0,288.0,,,530.0,0.0,1.0,,,1.0,,,2018-07-24,2018-12-16,1.0,0.0,,,,0.0
530253.0,,2.0,177.0,0.79,1500.0,288.0,0.0,530.0,288.0,,,530.0,0.0,1.0,,,3.0,1.0,,2018-07-24,2018-12-11,1.0,0.0,,,,0.0
530284.0,,2.0,178.0,1.32,2500.0,288.0,0.0,530.0,288.0,,,530.0,0.0,1.0,,,3.0,1.0,,2018-07-24,2018-12-12,1.0,0.0,,,,0.0
531006.0,,54.0,,0.79,1500.0,8.0,0.0,531.0,,,,531.0,,,,,,,,2018-08-15,2018-08-03,0.0,0.0,,,,0.0
531007.0,,18.0,122.0,1.32,2500.0,,0.0,531.0,,1.0,,531.0,1.0,1.0,,,1.0,,,2018-08-15,2018-11-30,1.0,0.0,,,,0.0
531050.0,,54.0,,0.79,1500.0,8.0,0.0,531.0,,,,531.0,,,,,,,,2018-08-15,2018-08-04,0.0,0.0,,,,0.0
533056.0,,4.0,277.0,0.79,1500.0,107.0,0.0,533.0,107.0,,,533.0,0.0,1.0,,,3.0,1.0,,2018-12-07,2018-11-27,0.0,0.0,,,,0.0
533067.0,,4.0,278.0,1.59,3000.0,107.0,0.0,533.0,107.0,,,533.0,0.0,1.0,,,3.0,1.0,,2018-12-07,2018-11-27,0.0,0.0,,,,0.0
533073.0,,4.0,279.0,0.79,1500.0,107.0,0.0,533.0,107.0,,,533.0,0.0,1.0,,,3.0,1.0,,2018-12-07,2018-11-27,0.0,0.0,,,,0.0
534019.0,,3.0,,,1500.0,763.0,0.0,534.0,,,,534.0,,,,,,,,2018-07-24,,1.0,0.0,,,,0.0
534023.0,,3.0,,,1500.0,,0.0,534.0,,,,534.0,,,,,,,,2018-07-24,,1.0,0.0,,,,0.0
534024.0,,3.0,,,3000.0,363.0,0.0,534.0,,,,534.0,,,,,,,,2018-07-24,,1.0,0.0,,,,0.0
534040.0,,3.0,,,2000.0,763.0,0.0,534.0,,,,534.0,,,,,,,,2018-07-24,,1.0,0.0,,,,0.0
534043.0,,3.0,,,3000.0,763.0,0.0,534.0,,,,534.0,,,,,,,,2018-07-24,,1.0,0.0,,,,0.0
534057.0,,3.0,,,2000.0,363.0,0.0,534.0,,,,534.0,,,,,,,,2018-07-24,,1.0,0.0,,,,0.0
534064.0,,3.0,,,1500.0,763.0,0.0,534.0,,,,534.0,,,,,,,,2018-07-24,,1.0,0.0,,,,0.0
534081.0,,3.0,,,1500.0,763.0,0.0,534.0,,,,534.0,,,,,,,,2018-07-24,,1.0,0.0,,,,0.0
534087.0,,3.0,,,2000.0,363.0,0.0,534.0,,,,534.0,,,,,,,,2018-07-24,,1.0,0.0,,,,0.0
534092.0,,3.0,,,2500.0,763.0,0.0,534.0,,,,534.0,,,,,,,,2018-07-24,,1.0,0.0,,,,0.0
534100.0,,3.0,,,1500.0,363.0,0.0,534.0,,,,534.0,,,,,,,,2018-07-24,,1.0,0.0,,,,0.0
534109.0,,3.0,,,3000.0,363.0,0.0,534.0,,,,534.0,,,,,,,,2018-07-24,,1.0,0.0,,,,0.0
534133.0,,3.0,,,3000.0,363.0,0.0,534.0,,,,534.0,,,,,,,,2018-07-24,,1.0,0.0,,,,0.0
535032.0,,13.0,89.0,1.32,2500.0,77.0,0.0,535.0,77.0,,,535.0,0.0,1.0,,,1.0,,,2018-12-07,2018-11-13,0.0,0.0,,,,0.0
535052.0,,13.0,88.0,0.79,1500.0,108.0,0.0,535.0,108.0,,,535.0,0.0,1.0,,,1.0,,,2018-12-07,2018-11-13,0.0,0.0,,,,0.0
536021.0,,24.0,82.0,1.32,2500.0,18.0,0.0,536.0,18.0,,,536.0,0.0,1.0,,,1.0,,,2018-10-10,2018-09-29,0.0,0.0,,,,0.0
536022.0,,24.0,80.0,1.06,2000.0,8.0,0.0,536.0,8.0,,,536.0,0.0,1.0,,,1.0,,,2018-10-10,2018-09-25,0.0,0.0,,,,0.0
536024.0,,24.0,70.0,1.32,2500.0,8.0,0.0,536.0,8.0,,,536.0,0.0,1.0,,,3.0,1.0,,2018-10-10,2018-09-10,0.0,0.0,,,,0.0
536036.0,,24.0,77.0,1.32,2500.0,8.0,0.0,536.0,8.0,,,536.0,0.0,1.0,,,1.0,,,2018-10-10,2018-09-22,0.0,0.0,,,,0.0
536053.0,,24.0,72.0,0.79,1500.0,,0.0,536.0,8.0,1.0,,536.0,0.0,1.0,,,1.0,,,2018-10-10,2018-09-12,0.0,0.0,,,,0.0
536066.0,,24.0,83.0,0.79,1500.0,18.0,0.0,536.0,18.0,,,536.0,0.0,1.0,,,1.0,,,2018-10-10,2018-10-04,0.0,0.0,,,,0.0
536075.0,,24.0,84.0,0.79,1500.0,8.0,0.0,536.0,8.0,,,536.0,0.0,1.0,,,1.0,,,2018-10-10,2018-10-04,0.0,0.0,,,,0.0
536114.0,,24.0,71.0,1.59,3000.0,18.0,0.0,536.0,18.0,,,536.0,0.0,1.0,,,3.0,1.0,,2018-10-10,2018-09-12,0.0,0.0,,,,0.0
536123.0,,24.0,73.0,1.32,2500.0,8.0,0.0,536.0,8.0,,,536.0,0.0,1.0,,,3.0,1.0,,2018-10-10,2018-09-12,0.0,0.0,,,,0.0
536139.0,,24.0,76.0,0.79,1500.0,18.0,0.0,536.0,18.0,,,536.0,0.0,1.0,,,1.0,,,2018-10-10,2018-09-22,0.0,0.0,,,,0.0
536165.0,,24.0,75.0,0.79,1500.0,8.0,0.0,536.0,8.0,,,536.0,0.0,1.0,,,1.0,,,2018-10-10,2018-09-21,0.0,0.0,,,,0.0
537076.0,,53.0,182.0,0.79,1500.0,30.0,0.0,537.0,30.0,,,537.0,0.0,1.0,,,1.0,,,2018-11-07,2018-10-30,0.0,0.0,,,,0.0
537147.0,,53.0,,1.06,2000.0,37.0,0.0,537.0,37.0,,,537.0,0.0,1.0,,,1.0,,,2018-11-07,2018-10-16,0.0,0.0,,,,0.0
537221.0,,53.0,,1.59,3000.0,30.0,0.0,537.0,30.0,,,537.0,0.0,1.0,,,1.0,,,2018-11-07,2018-10-16,0.0,0.0,,,,0.0
537272.0,,53.0,,1.06,2000.0,30.0,0.0,537.0,30.0,,,537.0,0.0,1.0,,,1.0,,,2018-11-07,2018-10-25,0.0,0.0,,,,0.0
537277.0,,53.0,,1.06,2000.0,37.0,0.0,537.0,37.0,,,537.0,0.0,1.0,,,1.0,,,2018-11-07,2018-10-25,0.0,0.0,,,,0.0
537288.0,,53.0,181.0,1.06,2000.0,37.0,0.0,537.0,37.0,,,537.0,0.0,1.0,,,1.0,,,2018-11-07,2018-10-30,0.0,0.0,,,,0.0
537296.0,,53.0,,3.49,6600.0,37.0,0.0,537.0,37.0,,,537.0,0.0,,1.0,,1.0,,,2018-11-07,2018-10-25,0.0,0.0,,,,0.0
539004.0,,3.0,75.0,0.79,1500.0,244.0,0.0,539.0,244.0,,,539.0,0.0,1.0,,,1.0,,,2018-11-21,2018-10-29,0.0,0.0,,,,0.0
539017.0,,3.0,82.0,0.79,1500.0,644.0,0.0,539.0,644.0,,,539.0,0.0,1.0,,,1.0,,,2018-11-21,2018-11-05,0.0,0.0,,,,0.0
539057.0,,3.0,79.0,1.59,3000.0,644.0,0.0,539.0,644.0,,,539.0,0.0,1.0,,,1.0,,,2018-11-21,2018-11-01,0.0,0.0,,,,0.0
539059.0,,3.0,80.0,1.59,3000.0,644.0,0.0,539.0,644.0,,,539.0,0.0,1.0,,,1.0,,,2018-11-21,2018-11-03,0.0,0.0,,,,0.0
539063.0,,3.0,77.0,0.79,1500.0,244.0,0.0,539.0,244.0,,,539.0,0.0,1.0,,,1.0,,,2018-11-21,2018-10-29,0.0,0.0,,,,0.0
539065.0,,3.0,90.0,0.79,1500.0,244.0,0.0,539.0,244.0,,,539.0,0.0,1.0,,,1.0,,,2018-11-21,2018-11-19,0.0,0.0,,,,0.0
539072.0,,3.0,81.0,1.59,3000.0,244.0,0.0,539.0,244.0,,,539.0,0.0,1.0,,,1.0,,,2018-11-21,2018-11-03,0.0,0.0,,,,0.0
539075.0,,3.0,91.0,1.32,2500.0,644.0,0.0,539.0,644.0,,,539.0,0.0,1.0,,,1.0,,,2018-11-21,2018-11-19,0.0,0.0,,,,0.0
539076.0,,3.0,93.0,0.79,1500.0,244.0,0.0,539.0,244.0,,,539.0,0.0,1.0,,,1.0,,,2018-11-21,2018-11-19,0.0,0.0,,,,0.0
539082.0,,3.0,74.0,0.79,1500.0,244.0,0.0,539.0,244.0,,,539.0,0.0,1.0,,,1.0,,,2018-11-21,2018-10-28,0.0,0.0,,,,0.0
539086.0,,3.0,89.0,0.79,1500.0,644.0,0.0,539.0,644.0,,,539.0,0.0,1.0,,,1.0,,,2018-11-21,2018-11-19,0.0,0.0,,,,0.0
539088.0,,3.0,87.0,1.32,2500.0,644.0,0.0,539.0,644.0,,,539.0,0.0,1.0,,,1.0,,,2018-11-21,2018-11-18,0.0,0.0,,,,0.0
539093.0,,3.0,83.0,0.79,1500.0,244.0,0.0,539.0,244.0,,,539.0,0.0,1.0,,,1.0,,,2018-11-21,2018-11-05,0.0,0.0,,,,0.0
539108.0,,3.0,84.0,1.32,2500.0,644.0,0.0,539.0,644.0,,,539.0,0.0,1.0,,,1.0,,,2018-11-21,2018-11-09,0.0,0.0,,,,0.0
539131.0,,3.0,78.0,1.32,2500.0,244.0,0.0,539.0,244.0,,,539.0,0.0,1.0,,,1.0,,,2018-11-21,2018-11-01,0.0,0.0,,,,0.0
539135.0,,3.0,86.0,0.79,1500.0,244.0,0.0,539.0,244.0,,,539.0,0.0,1.0,,,1.0,,,2018-11-21,2018-11-14,0.0,0.0,,,,0.0
539140.0,,3.0,88.0,1.59,3000.0,244.0,0.0,539.0,244.0,,,539.0,0.0,1.0,,,1.0,,,2018-11-21,2018-11-19,0.0,0.0,,,,0.0
541016.0,,8.0,,1.06,2000.0,103.0,0.0,541.0,103.0,,,541.0,0.0,1.0,,,1.0,,,2018-11-07,2018-10-25,0.0,0.0,,,,0.0
541028.0,,8.0,,1.59,3000.0,8.0,0.0,541.0,8.0,,,541.0,0.0,1.0,,,1.0,,,2018-11-07,2018-10-10,0.0,0.0,,,,0.0
541044.0,,8.0,,0.79,1500.0,103.0,0.0,541.0,103.0,,,541.0,0.0,1.0,,,3.0,1.0,,2018-11-07,2018-10-10,0.0,0.0,,,,0.0
541081.0,,8.0,,6.99,13200.0,8.0,0.0,541.0,8.0,,,541.0,0.0,,1.0,,1.0,,,2018-11-07,2018-10-26,0.0,0.0,,,,0.0
541097.0,,8.0,,0.79,1500.0,103.0,0.0,541.0,103.0,,,541.0,0.0,1.0,,,1.0,,,2018-11-07,2018-10-26,0.0,0.0,,,,0.0
541101.0,,8.0,,1.59,3000.0,103.0,0.0,541.0,103.0,,,541.0,0.0,1.0,,,1.0,,,2018-11-07,2018-10-18,0.0,0.0,,,,0.0
541112.0,,8.0,,1.32,2500.0,103.0,0.0,541.0,103.0,,,541.0,0.0,1.0,,,1.0,,,2018-11-07,2018-10-24,0.0,0.0,,,,0.0
541127.0,,8.0,,1.32,2500.0,8.0,0.0,541.0,8.0,,,541.0,0.0,1.0,,,1.0,,,2018-11-07,2018-10-17,0.0,0.0,,,,0.0
542005.0,,54.0,72.0,0.79,1500.0,99.0,0.0,542.0,99.0,,,542.0,0.0,1.0,,,1.0,,,2018-09-12,2018-08-29,0.0,0.0,,,,0.0
542010.0,,54.0,79.0,1.06,2000.0,99.0,0.0,542.0,99.0,,,542.0,0.0,1.0,,,1.0,,,2018-09-12,2018-08-30,0.0,0.0,,,,0.0
542028.0,,54.0,90.0,1.59,3000.0,98.0,0.0,542.0,98.0,,,542.0,0.0,1.0,,,1.0,,,2018-09-12,2018-09-05,0.0,0.0,,,,0.0
542067.0,,54.0,91.0,1.06,2000.0,98.0,0.0,542.0,98.0,,,542.0,0.0,1.0,,,1.0,,,2018-09-12,2018-09-05,0.0,0.0,,,,0.0
542129.0,,54.0,69.0,0.79,1500.0,98.0,0.0,542.0,98.0,,,542.0,0.0,1.0,,,1.0,,,2018-09-12,2018-08-25,0.0,0.0,,,,0.0
543010.0,,,53.0,1.32,2500.0,64.0,0.0,543.0,64.0,,,543.0,0.0,1.0,,,1.0,,,2018-10-31,2018-10-15,0.0,0.0,,,,0.0
543015.0,,50.0,115.0,4.66,8800.0,64.0,0.0,543.0,64.0,,,543.0,0.0,,1.0,,1.0,,,2018-10-31,2018-11-21,1.0,0.0,,,,0.0
543039.0,,26.0,54.0,0.79,1500.0,64.0,0.0,543.0,64.0,,,543.0,0.0,1.0,,,1.0,,,2018-10-31,2018-10-22,0.0,0.0,,,,0.0
544016.0,,19.0,193.0,1.06,2000.0,108.0,0.0,544.0,108.0,,,544.0,0.0,1.0,,,1.0,,,2018-12-07,2018-12-05,0.0,0.0,,,,0.0
544060.0,,19.0,190.0,1.06,2000.0,108.0,0.0,544.0,108.0,,,544.0,0.0,1.0,,,1.0,,,2018-12-07,2018-12-03,0.0,0.0,,,,0.0
544085.0,,19.0,191.0,1.06,2000.0,75.0,0.0,544.0,75.0,,,544.0,0.0,1.0,,,1.0,,,2018-12-07,2018-12-03,0.0,0.0,,,,0.0
544125.0,,19.0,192.0,0.79,1500.0,75.0,0.0,544.0,75.0,,,544.0,0.0,1.0,,,1.0,,,2018-12-07,2018-12-05,0.0,0.0,,,,0.0
545028.0,,22.0,,5.82,11000.0,47.0,0.0,545.0,,,,545.0,,,,,,,,2018-07-15,2018-07-11,0.0,0.0,,,,0.0
545030.0,,22.0,,1.06,2000.0,47.0,0.0,545.0,,,,545.0,,,,,,,,2018-07-15,2018-07-07,0.0,0.0,,,,0.0
545077.0,,22.0,,4.66,8800.0,8.0,0.0,545.0,,,,545.0,,,,,,,,2018-07-15,2018-07-03,0.0,0.0,,,,0.0
545083.0,,22.0,,0.79,1500.0,8.0,0.0,545.0,,,,545.0,,,,,,,,2018-07-15,2018-07-04,0.0,0.0,,,,0.0
545085.0,,22.0,,1.06,2000.0,47.0,0.0,545.0,,,,545.0,,,,,,,,2018-07-15,2018-06-18,0.0,0.0,,,,0.0
545099.0,,22.0,,0.79,1500.0,8.0,0.0,545.0,,,,545.0,,,,,,,,2018-07-15,2018-06-27,0.0,0.0,,,,0.0
545102.0,,22.0,,0.79,1500.0,8.0,0.0,545.0,,,,545.0,,,,,,,,2018-07-15,2018-07-04,0.0,0.0,,,,0.0
545103.0,,22.0,,1.06,2000.0,47.0,0.0,545.0,,,,545.0,,,,,,,,2018-07-15,2018-07-04,0.0,0.0,,,,0.0
545104.0,,22.0,,0.79,1500.0,8.0,0.0,545.0,,,,545.0,,,,,,,,2018-07-15,2018-06-19,0.0,0.0,,,,0.0
545108.0,,22.0,,0.79,1500.0,47.0,0.0,545.0,,,,545.0,,,,,,,,2018-07-15,2018-07-04,0.0,0.0,,,,0.0
545126.0,,22.0,,1.06,2000.0,8.0,0.0,545.0,,,,545.0,,,,,,,,2018-07-15,2018-07-11,0.0,0.0,,,,0.0
545153.0,,22.0,,0.79,1500.0,47.0,0.0,545.0,,,,545.0,,,,,,,,2018-07-15,2018-06-28,0.0,0.0,,,,0.0
545158.0,,22.0,,4.66,8800.0,8.0,0.0,545.0,,,,545.0,,,,,,,,2018-07-15,2018-06-28,0.0,0.0,,,,0.0
545161.0,,22.0,,4.66,8800.0,47.0,0.0,545.0,,,,545.0,,,,,,,,2018-07-15,2018-07-03,0.0,0.0,,,,0.0
545167.0,,22.0,,1.59,3000.0,8.0,0.0,545.0,,,,545.0,,,,,,,,2018-07-15,2018-07-07,0.0,0.0,,,,0.0
545169.0,,22.0,,1.59,3000.0,8.0,0.0,545.0,,,,545.0,,,,,,,,2018-07-15,2018-07-03,0.0,0.0,,,,0.0
545170.0,,22.0,,3.49,6600.0,47.0,0.0,545.0,,,,545.0,,,,,,,,2018-07-15,2018-07-07,0.0,0.0,,,,0.0
545175.0,,22.0,,5.82,11000.0,47.0,0.0,545.0,,,,545.0,,,,,,,,2018-07-15,2018-06-27,0.0,0.0,,,,0.0
546022.0,,13.0,85.0,1.59,3000.0,,1.0,546.0,,1.0,,546.0,0.0,1.0,,,1.0,,,2018-11-07,2018-10-31,0.0,0.0,,,,0.0
546048.0,,13.0,83.0,0.79,1500.0,71.0,1.0,546.0,71.0,,,546.0,0.0,1.0,,,1.0,,,2018-11-07,2018-10-31,0.0,0.0,,,,0.0
547001.0,,,116.0,1.59,3000.0,693.0,0.0,547.0,693.0,,,547.0,0.0,1.0,,,1.0,,,2018-10-24,2018-10-04,0.0,0.0,,,,0.0
547003.0,,,124.0,0.79,1500.0,693.0,0.0,547.0,693.0,,,547.0,0.0,1.0,,,1.0,,,2018-10-24,2018-10-14,0.0,0.0,,,,0.0
547009.0,,20.0,110.0,1.06,2000.0,693.0,1.0,547.0,,1.0,,547.0,1.0,1.0,,,1.0,,,2018-10-24,2018-09-29,0.0,0.0,,,,0.0
547013.0,,20.0,114.0,1.06,2000.0,693.0,1.0,547.0,13.0,1.0,,547.0,0.0,1.0,,,1.0,,,2018-10-24,2018-10-01,0.0,0.0,,,,0.0
547014.0,,20.0,113.0,1.06,2000.0,693.0,1.0,547.0,,1.0,,547.0,0.0,1.0,,,1.0,,,2018-10-24,2018-10-01,0.0,0.0,,,,0.0
547036.0,,20.0,108.0,1.06,2000.0,293.0,1.0,547.0,36.0,1.0,,547.0,0.0,1.0,,,1.0,,,2018-10-24,2018-09-28,0.0,0.0,,,,0.0
547039.0,,,120.0,0.79,1500.0,293.0,0.0,547.0,293.0,,,547.0,0.0,1.0,,,1.0,,,2018-10-24,2018-10-12,0.0,0.0,,,,0.0
547048.0,,,121.0,0.79,1500.0,693.0,0.0,547.0,693.0,,,547.0,0.0,1.0,,,1.0,,,2018-10-24,2018-10-13,0.0,0.0,,,,0.0
547056.0,,20.0,109.0,4.66,8800.0,293.0,1.0,547.0,56.0,1.0,,547.0,0.0,,1.0,,1.0,,,2018-10-24,2018-09-28,0.0,0.0,,,,0.0
547058.0,,,119.0,4.66,8800.0,293.0,0.0,547.0,293.0,,,547.0,0.0,,1.0,,1.0,,,2018-10-24,2018-10-10,0.0,0.0,,,,0.0
547069.0,,,117.0,1.32,2500.0,693.0,0.0,547.0,693.0,,,547.0,0.0,1.0,,,1.0,,,2018-10-24,2018-10-06,0.0,0.0,,,,0.0
547086.0,,20.0,115.0,1.06,2000.0,693.0,1.0,547.0,,1.0,,547.0,0.0,1.0,,,1.0,,,2018-10-24,2018-10-01,0.0,0.0,,,,0.0
547087.0,,,122.0,1.59,3000.0,293.0,0.0,547.0,293.0,,,547.0,0.0,1.0,,,1.0,,,2018-10-24,2018-10-13,0.0,0.0,,,,0.0
547092.0,,,118.0,1.59,3000.0,693.0,0.0,547.0,693.0,,,547.0,0.0,1.0,,,1.0,,,2018-10-24,2018-10-08,0.0,0.0,,,,0.0
547110.0,,,123.0,3.49,6600.0,239.0,0.0,547.0,239.0,,,547.0,0.0,,1.0,,1.0,,,2018-10-24,2018-10-13,0.0,0.0,,,,0.0
548007.0,,31.0,,0.79,1500.0,18.0,0.0,548.0,,,,548.0,,,,,,,,2018-08-15,2018-08-10,0.0,0.0,,,,0.0
548010.0,,31.0,,0.79,1500.0,18.0,0.0,548.0,,,,548.0,,,,,,,,2018-08-15,2018-08-06,0.0,0.0,,,,0.0
548014.0,,31.0,,1.06,2000.0,44.0,0.0,548.0,,,,548.0,,,,,,,,2018-08-15,2018-07-16,0.0,0.0,,,,0.0
548035.0,,31.0,,1.59,3000.0,44.0,0.0,548.0,,,,548.0,,,,,,,,2018-08-15,2018-07-27,0.0,0.0,,,,0.0
548053.0,,31.0,,1.06,2000.0,18.0,0.0,548.0,,,,548.0,,,,,,,,2018-08-15,2018-08-04,0.0,0.0,,,,0.0
548055.0,,31.0,,1.06,2000.0,18.0,0.0,548.0,,,,548.0,,,,,,,,2018-08-15,2018-07-17,0.0,0.0,,,,0.0
548060.0,,31.0,,0.79,1500.0,18.0,0.0,548.0,,,,548.0,,,,,,,,2018-08-15,2018-08-09,0.0,0.0,,,,0.0
548062.0,,31.0,,0.79,1500.0,44.0,0.0,548.0,,,,548.0,,,,,,,,2018-08-15,2018-08-10,0.0,0.0,,,,0.0
548066.0,,31.0,,0.79,1500.0,18.0,0.0,548.0,,,,548.0,,,,,,,,2018-08-15,2018-08-09,0.0,0.0,,,,0.0
548070.0,,31.0,,1.59,3000.0,44.0,0.0,548.0,,,,548.0,,,,,,,,2018-08-15,2018-07-27,0.0,0.0,,,,0.0
548075.0,,31.0,,0.79,1500.0,18.0,0.0,548.0,,,,548.0,,,,,,,,2018-08-15,2018-08-09,0.0,0.0,,,,0.0
548083.0,,31.0,,0.79,1500.0,44.0,0.0,548.0,,,,548.0,,,,,,,,2018-08-15,2018-08-07,0.0,0.0,,,,0.0
548089.0,,31.0,,1.06,2000.0,44.0,0.0,548.0,,,,548.0,,,,,,,,2018-08-15,2018-08-09,0.0,0.0,,,,0.0
548097.0,,31.0,,1.32,2500.0,44.0,0.0,548.0,,,,548.0,,,,,,,,2018-08-15,2018-08-06,0.0,0.0,,,,0.0
548099.0,,31.0,,1.32,2500.0,18.0,0.0,548.0,,,,548.0,,,,,,,,2018-08-15,2018-07-27,0.0,0.0,,,,0.0
548104.0,,31.0,,0.79,1500.0,18.0,0.0,548.0,,,,548.0,,,,,,,,2018-08-15,2018-08-01,0.0,0.0,,,,0.0
548105.0,,31.0,,4.66,8800.0,18.0,0.0,548.0,,,,548.0,,,,,,,,2018-08-15,2018-08-09,0.0,0.0,,,,0.0
548114.0,,31.0,,0.79,1500.0,44.0,0.0,548.0,,,,548.0,,,,,,,,2018-08-15,2018-08-01,0.0,0.0,,,,0.0
549004.0,,53.0,,1.32,2500.0,82.0,0.0,549.0,,,,549.0,,,,,,,,2018-08-15,2018-08-10,0.0,0.0,,,,0.0
549005.0,,53.0,,0.79,1500.0,96.0,0.0,549.0,,,,549.0,,,,,,,,2018-08-15,2018-08-10,0.0,0.0,,,,0.0
549006.0,,53.0,,1.06,2000.0,96.0,0.0,549.0,,,,549.0,,,,,,,,2018-08-15,2018-07-30,0.0,0.0,,,,0.0
549014.0,,53.0,,1.59,3000.0,82.0,0.0,549.0,,,,549.0,,,,,,,,2018-08-15,2018-08-09,0.0,0.0,,,,0.0
549016.0,,53.0,,0.79,1500.0,96.0,0.0,549.0,,,,549.0,,,,,,,,2018-08-15,2018-08-10,0.0,0.0,,,,0.0
549017.0,,53.0,,1.32,2500.0,96.0,0.0,549.0,,,,549.0,,,,,,,,2018-08-15,2018-08-09,0.0,0.0,,,,0.0
549021.0,,53.0,,1.59,3000.0,82.0,0.0,549.0,,,,549.0,,,,,,,,2018-08-15,2018-08-09,0.0,0.0,,,,0.0
549022.0,,53.0,,1.32,2500.0,96.0,0.0,549.0,,,,549.0,,,,,,,,2018-08-15,2018-08-09,0.0,0.0,,,,0.0
549037.0,,53.0,,1.59,3000.0,82.0,0.0,549.0,,,,549.0,,,,,,,,2018-08-15,2018-08-09,0.0,0.0,,,,0.0
549039.0,,53.0,,1.06,2000.0,96.0,0.0,549.0,,,,549.0,,,,,,,,2018-08-15,2018-08-09,0.0,0.0,,,,0.0
549048.0,,53.0,,1.06,2000.0,96.0,0.0,549.0,,,,549.0,,,,,,,,2018-08-15,2018-08-10,0.0,0.0,,,,0.0
549058.0,,53.0,,0.79,1500.0,82.0,0.0,549.0,,,,549.0,,,,,,,,2018-08-15,2018-08-10,0.0,0.0,,,,0.0
549064.0,,53.0,,0.79,1500.0,96.0,0.0,549.0,,,,549.0,,,,,,,,2018-08-15,2018-07-26,0.0,0.0,,,,0.0
549065.0,,53.0,,1.32,2500.0,96.0,0.0,549.0,,,,549.0,,,,,,,,2018-08-15,2018-08-09,0.0,0.0,,,,0.0
549075.0,,53.0,,1.06,2000.0,82.0,0.0,549.0,,,,549.0,,,,,,,,2018-08-15,2018-08-09,0.0,0.0,,,,0.0
549078.0,,53.0,,0.79,1500.0,82.0,0.0,549.0,,,,549.0,,,,,,,,2018-08-15,2018-07-31,0.0,0.0,,,,0.0
549079.0,,53.0,,1.32,2500.0,96.0,0.0,549.0,,,,549.0,,,,,,,,2018-08-15,2018-08-09,0.0,0.0,,,,0.0
549084.0,,53.0,,1.59,3000.0,82.0,0.0,549.0,,,,549.0,,,,,,,,2018-08-15,2018-08-09,0.0,0.0,,,,0.0
549088.0,,53.0,,1.32,2500.0,86.0,0.0,549.0,,,,549.0,,,,,,,,2018-08-15,2018-07-31,0.0,0.0,,,,0.0
549093.0,,53.0,,0.79,1500.0,82.0,0.0,549.0,,,,549.0,,,,,,,,2018-08-15,2018-08-10,0.0,0.0,,,,0.0
549097.0,,53.0,,1.06,2000.0,96.0,0.0,549.0,,,,549.0,,,,,,,,2018-08-15,2018-08-09,0.0,0.0,,,,0.0
549108.0,,53.0,,1.59,3000.0,82.0,0.0,549.0,,,,549.0,,,,,,,,2018-08-15,2018-08-10,0.0,0.0,,,,0.0
549109.0,,53.0,,0.79,1500.0,96.0,0.0,549.0,,,,549.0,,,,,,,,2018-08-15,2018-08-10,0.0,0.0,,,,0.0
550022.0,,24.0,,1.06,2000.0,83.0,0.0,550.0,,,,550.0,,,,,,,,2018-08-15,2018-08-08,0.0,0.0,,,,0.0
550026.0,,24.0,,0.79,1500.0,83.0,0.0,550.0,,,,550.0,,,,,,,,2018-08-15,2018-07-26,0.0,0.0,,,,0.0
550030.0,,24.0,,1.06,2000.0,56.0,0.0,550.0,,,,550.0,,,,,,,,2018-08-15,2018-08-08,0.0,0.0,,,,0.0
550081.0,,24.0,,0.79,1500.0,83.0,0.0,550.0,,,,550.0,,,,,,,,2018-08-15,2018-07-31,0.0,0.0,,,,0.0
550095.0,,24.0,,1.06,2000.0,83.0,0.0,550.0,,,,550.0,,,,,,,,2018-08-15,2018-08-08,0.0,0.0,,,,0.0
550106.0,,24.0,,0.79,1500.0,56.0,0.0,550.0,,,,550.0,,,,,,,,2018-08-15,2018-07-26,0.0,0.0,,,,0.0
550108.0,,24.0,,79.0,1500.0,63.0,1.0,550.0,,1.0,,550.0,0.0,1.0,,,3.0,1.0,,2018-08-15,,1.0,0.0,,,,0.0
550109.0,,24.0,,79.0,1500.0,83.0,0.0,550.0,,1.0,,550.0,0.0,1.0,,,1.0,,,2018-08-15,,1.0,0.0,,,,0.0
550114.0,,24.0,,1.59,3000.0,56.0,0.0,550.0,,,,550.0,,,,,,,,2018-08-15,2018-07-31,0.0,0.0,,,,0.0
550121.0,,24.0,,1.06,2000.0,83.0,0.0,550.0,,,,550.0,,,,,,,,2018-08-15,2018-07-31,0.0,0.0,,,,0.0
550132.0,,24.0,,0.79,1500.0,56.0,0.0,550.0,,,,550.0,,,,,,,,2018-08-15,2018-07-31,0.0,0.0,,,,0.0
550153.0,,24.0,,1.06,2000.0,56.0,0.0,550.0,,,,550.0,,,,,,,,2018-08-15,2018-07-28,0.0,0.0,,,,0.0
550159.0,,24.0,,1.32,2500.0,83.0,0.0,550.0,,,,550.0,,,,,,,,2018-08-15,2018-07-28,0.0,0.0,,,,0.0
550164.0,,24.0,,1.06,2000.0,56.0,0.0,550.0,,,,550.0,,,,,,,,2018-08-15,2018-08-08,0.0,0.0,,,,0.0
550170.0,,24.0,,0.79,1500.0,56.0,0.0,550.0,,,,550.0,,,,,,,,2018-08-15,2018-08-10,0.0,0.0,,,,0.0
551017.0,,15.0,88.0,0.79,1500.0,374.0,0.0,551.0,374.0,,,551.0,0.0,1.0,,,1.0,,,2018-10-24,2018-09-29,0.0,0.0,,,,0.0
551027.0,,,94.0,1.59,3000.0,774.0,0.0,551.0,774.0,,,551.0,0.0,1.0,,,1.0,,,2018-10-24,2018-10-07,0.0,0.0,,,,0.0
551035.0,,15.0,101.0,1.06,2000.0,774.0,0.0,551.0,774.0,,,551.0,0.0,1.0,,,1.0,,,2018-10-24,2018-10-19,0.0,0.0,,,,0.0
551036.0,,15.0,106.0,0.79,1500.0,374.0,0.0,551.0,374.0,,,551.0,0.0,1.0,,,1.0,,,2018-10-24,2018-10-20,0.0,0.0,,,,0.0
551039.0,,15.0,89.0,0.79,1500.0,774.0,0.0,551.0,774.0,,,551.0,0.0,1.0,,,1.0,,,2018-10-24,2018-10-01,0.0,0.0,,,,0.0
551057.0,,,91.0,0.79,1500.0,374.0,0.0,551.0,374.0,,,551.0,0.0,1.0,,,1.0,,,2018-10-24,2018-10-05,0.0,0.0,,,,0.0
551066.0,,15.0,86.0,0.79,1500.0,774.0,0.0,551.0,774.0,,,551.0,1.0,1.0,,,1.0,,,2018-10-24,2018-09-27,0.0,0.0,,,,0.0
551068.0,,15.0,107.0,0.79,1500.0,374.0,0.0,551.0,374.0,,,551.0,0.0,1.0,,,1.0,,,2018-10-24,2018-10-22,0.0,0.0,,,,0.0
551075.0,,15.0,108.0,0.79,1500.0,774.0,0.0,551.0,774.0,,,551.0,0.0,1.0,,,1.0,,,2018-10-24,2018-10-22,0.0,0.0,,,,0.0
551078.0,,,96.0,1.32,2500.0,774.0,0.0,551.0,774.0,,,551.0,0.0,1.0,,,1.0,,,2018-10-24,2018-10-08,0.0,0.0,,,,0.0
551080.0,,,95.0,1.06,2000.0,374.0,0.0,551.0,374.0,,,551.0,0.0,1.0,,,1.0,,,2018-10-24,2018-10-08,0.0,0.0,,,,0.0
551082.0,,15.0,105.0,0.79,1500.0,774.0,0.0,551.0,774.0,,,551.0,0.0,1.0,,,1.0,,,2018-10-24,2018-10-20,0.0,0.0,,,,0.0
551088.0,,15.0,87.0,0.79,1500.0,774.0,0.0,551.0,774.0,,,551.0,1.0,1.0,,,1.0,,,2018-10-24,2018-09-27,0.0,0.0,,,,0.0
551107.0,,15.0,103.0,0.79,1500.0,774.0,0.0,551.0,774.0,,,551.0,0.0,1.0,,,1.0,,,2018-10-24,2018-10-19,0.0,0.0,,,,0.0
551114.0,,15.0,102.0,1.59,3000.0,374.0,0.0,551.0,374.0,,,551.0,0.0,1.0,,,1.0,,,2018-10-24,2018-10-19,0.0,0.0,,,,0.0
551117.0,,,92.0,1.32,2500.0,774.0,0.0,551.0,774.0,,,551.0,0.0,1.0,,,1.0,,,2018-10-24,2018-10-06,0.0,0.0,,,,0.0
551124.0,,15.0,104.0,0.79,1500.0,374.0,0.0,551.0,374.0,,,551.0,0.0,1.0,,,1.0,,,2018-10-24,2018-10-20,0.0,0.0,,,,0.0
551130.0,,,93.0,0.79,1500.0,374.0,0.0,551.0,374.0,,,551.0,0.0,1.0,,,1.0,,,2018-10-24,2018-10-06,0.0,0.0,,,,0.0
551138.0,,,98.0,1.06,2000.0,774.0,0.0,551.0,774.0,,,551.0,0.0,1.0,,,1.0,,,2018-10-24,2018-10-13,0.0,0.0,,,,0.0
551153.0,,,97.0,0.79,1500.0,374.0,0.0,551.0,374.0,,,551.0,0.0,1.0,,,1.0,,,2018-10-24,2018-10-11,0.0,0.0,,,,0.0
551158.0,,,99.0,1.32,2500.0,374.0,0.0,551.0,374.0,,,551.0,0.0,1.0,,,1.0,,,2018-10-24,2018-10-15,0.0,0.0,,,,0.0
551177.0,,15.0,100.0,1.06,2000.0,774.0,0.0,551.0,774.0,,,551.0,0.0,1.0,,,1.0,,,2018-10-24,2018-10-18,0.0,0.0,,,,0.0
552076.0,,19.0,,1.32,2500.0,103.0,0.0,552.0,,,,552.0,,,,,,,,2018-07-15,2018-07-03,0.0,0.0,,,,0.0
553072.0,,5.0,,0.79,1500.0,611.0,0.0,553.0,,,,553.0,,,,,,,,2018-07-24,2018-07-04,0.0,0.0,,,,0.0
554056.0,,26.0,41.0,0.79,1500.0,23.0,0.0,554.0,23.0,,,554.0,0.0,1.0,,,,,,2018-09-05,2018-08-13,0.0,0.0,,,,0.0
554057.0,,26.0,42.0,0.79,1500.0,23.0,0.0,554.0,23.0,,,554.0,0.0,1.0,,,,,,2018-09-05,2018-08-22,0.0,0.0,,,,0.0
554061.0,,26.0,40.0,1.06,2000.0,211.0,0.0,554.0,211.0,,,554.0,0.0,1.0,,,,,,2018-09-05,2018-08-13,0.0,0.0,,,,0.0
554081.0,,26.0,39.0,1.32,2500.0,23.0,0.0,554.0,23.0,,,554.0,0.0,1.0,,,,,,2018-09-05,2018-08-10,0.0,0.0,,,,0.0
555003.0,,31.0,,0.79,1500.0,44.0,0.0,555.0,,,,555.0,,,,,,,,2018-08-15,2018-07-28,0.0,0.0,,,,0.0
555017.0,,31.0,,0.79,1500.0,18.0,0.0,555.0,,,,555.0,,,,,,,,2018-08-15,2018-07-24,0.0,0.0,,,,0.0
555018.0,,31.0,,1.32,2500.0,18.0,0.0,555.0,,,,555.0,,,,,,,,2018-08-15,2018-07-30,0.0,0.0,,,,0.0
555032.0,,31.0,,1.32,2500.0,18.0,0.0,555.0,,,,555.0,,,,,,,,2018-08-15,2018-07-25,0.0,0.0,,,,0.0
555040.0,,31.0,,1.59,3000.0,44.0,0.0,555.0,,,,555.0,,,,,,,,2018-08-15,2018-07-25,0.0,0.0,,,,0.0
555041.0,,31.0,,1.59,3000.0,18.0,0.0,555.0,,,,555.0,,,,,,,,2018-08-15,2018-07-28,0.0,0.0,,,,0.0
555055.0,,31.0,,1.59,3000.0,18.0,0.0,555.0,,,,555.0,,,,,,,,2018-08-15,2018-07-28,0.0,0.0,,,,0.0
556001.0,,13.0,,3.49,6600.0,18.0,0.0,556.0,18.0,,,556.0,0.0,,1.0,,1.0,,,2018-11-15,2018-10-25,0.0,0.0,,,,0.0
556002.0,,27.0,57.0,4.66,8800.0,12.0,1.0,556.0,12.0,,,556.0,0.0,,1.0,,,,,2018-11-15,2018-08-01,0.0,0.0,,,,0.0
556012.0,,13.0,,1.32,2500.0,18.0,0.0,556.0,18.0,,,556.0,0.0,1.0,,,1.0,,,2018-11-15,2018-10-25,0.0,0.0,,,,0.0
556029.0,,13.0,,1.06,2000.0,71.0,0.0,556.0,71.0,,,556.0,0.0,1.0,,,1.0,,,2018-11-15,2018-10-23,0.0,0.0,,,,0.0
557005.0,,21.0,69.0,0.79,1500.0,42.0,1.0,557.0,42.0,,,557.0,0.0,1.0,,,,,,2018-09-05,2018-08-22,0.0,0.0,,,,0.0
557039.0,,21.0,70.0,4.66,8800.0,64.0,0.0,557.0,64.0,,,557.0,0.0,,1.0,,,,,2018-09-05,2018-08-24,0.0,0.0,,,,0.0
557066.0,,21.0,68.0,3.49,6600.0,42.0,1.0,557.0,42.0,,,557.0,0.0,,1.0,,,,,2018-09-05,2018-08-22,0.0,0.0,,,,0.0
558014.0,,11.0,9.0,1.32,2500.0,30.0,0.0,558.0,30.0,,,558.0,0.0,1.0,,,,,,2018-09-12,2018-08-23,0.0,0.0,,,,0.0
558020.0,,11.0,15.0,5.82,11000.0,30.0,0.0,558.0,30.0,,,558.0,0.0,,1.0,,1.0,,,2018-09-12,2018-09-02,0.0,0.0,,,,0.0
558046.0,,11.0,18.0,3.49,6600.0,30.0,0.0,558.0,30.0,,,558.0,1.0,,1.0,,1.0,,,2018-09-12,2018-09-03,0.0,0.0,,,,0.0
558047.0,,11.0,10.0,0.79,1500.0,101.0,0.0,558.0,101.0,,,558.0,0.0,1.0,,,1.0,,,2018-09-12,2018-08-28,0.0,0.0,,,,0.0
558085.0,,11.0,8.0,0.79,1500.0,30.0,0.0,558.0,30.0,,,558.0,0.0,1.0,,,,,,2018-09-12,2018-08-22,0.0,0.0,,,,0.0
558095.0,,11.0,16.0,0.79,1500.0,101.0,0.0,558.0,101.0,,,558.0,0.0,1.0,,,1.0,,,2018-09-12,2018-09-03,0.0,0.0,,,,0.0
558100.0,,11.0,7.0,1.59,3000.0,101.0,0.0,558.0,101.0,,,558.0,1.0,1.0,,,,,,2018-09-12,2018-08-21,0.0,0.0,,,,0.0
558113.0,,11.0,12.0,3.49,6600.0,101.0,0.0,558.0,101.0,,,558.0,1.0,,1.0,,1.0,,,2018-09-12,2018-08-28,0.0,0.0,,,,0.0
558114.0,,11.0,11.0,1.06,2000.0,30.0,0.0,558.0,30.0,,,558.0,0.0,1.0,,,1.0,,,2018-09-12,2018-08-28,0.0,0.0,,,,0.0
558115.0,,11.0,6.0,0.79,1500.0,101.0,0.0,558.0,101.0,,,558.0,0.0,1.0,,,,,,2018-09-12,2018-08-17,0.0,0.0,,,,0.0
558125.0,,11.0,13.0,0.79,1500.0,30.0,0.0,558.0,30.0,,,558.0,0.0,1.0,,,1.0,,,2018-09-12,2018-08-29,0.0,0.0,,,,0.0
558128.0,,11.0,17.0,1.32,2500.0,101.0,0.0,558.0,101.0,,,558.0,0.0,1.0,,,1.0,,,2018-09-12,2018-09-03,0.0,0.0,,,,0.0
558137.0,,11.0,14.0,1.06,2000.0,30.0,0.0,558.0,30.0,,,558.0,1.0,1.0,,,1.0,,,2018-09-12,2018-08-30,0.0,0.0,,,,0.0
559001.0,,7.0,32.0,0.79,1500.0,625.0,1.0,559.0,625.0,,,559.0,1.0,1.0,,,1.0,,,2018-09-26,2018-09-15,0.0,0.0,,,,0.0
559029.0,,7.0,35.0,6.99,13200.0,225.0,0.0,559.0,225.0,,,559.0,0.0,,1.0,,1.0,,,2018-09-26,2018-09-17,0.0,0.0,,,,0.0
559039.0,,7.0,31.0,6.99,13200.0,,0.0,559.0,,1.0,,559.0,0.0,,1.0,,1.0,,,2018-09-26,2018-09-12,0.0,0.0,,,,0.0
559050.0,,7.0,28.0,5.82,11000.0,225.0,0.0,559.0,225.0,,,559.0,0.0,,1.0,,1.0,,,2018-09-26,2018-09-10,0.0,0.0,,,,0.0
559055.0,,7.0,36.0,3.49,6600.0,625.0,0.0,559.0,625.0,,,559.0,0.0,,1.0,,1.0,,,2018-09-26,2018-09-21,0.0,0.0,,,,0.0
559056.0,,7.0,27.0,4.66,8800.0,225.0,0.0,559.0,225.0,,,559.0,0.0,,1.0,,1.0,,,2018-09-26,2018-09-06,0.0,0.0,,,,0.0
559095.0,,7.0,33.0,3.49,6600.0,225.0,0.0,559.0,225.0,,,559.0,0.0,,1.0,,1.0,,,2018-09-26,2018-09-15,0.0,0.0,,,,0.0
559099.0,,7.0,29.0,3.49,6600.0,625.0,0.0,559.0,625.0,,,559.0,0.0,,1.0,,1.0,,,2018-09-26,2018-09-10,0.0,0.0,,,,0.0
559103.0,,7.0,30.0,4.66,8800.0,225.0,0.0,559.0,225.0,,,559.0,0.0,,1.0,,1.0,,,2018-09-26,2018-09-10,0.0,0.0,,,,0.0
560004.0,,5.0,,0.79,1500.0,211.0,0.0,560.0,,,,560.0,,,,,,,,2018-07-24,2018-07-19,0.0,0.0,,,,0.0
560008.0,,5.0,,1.06,2000.0,611.0,0.0,560.0,,,,560.0,,,,,,,,2018-07-24,2018-06-29,0.0,0.0,,,,0.0
560038.0,,5.0,,1.06,2000.0,611.0,0.0,560.0,,,,560.0,,,,,,,,2018-07-24,2018-07-06,0.0,0.0,,,,0.0
560060.0,,5.0,,0.79,1500.0,211.0,0.0,560.0,,,,560.0,,,,,,,,2018-07-24,2018-07-02,0.0,0.0,,,,0.0
560108.0,,5.0,,1.32,2500.0,611.0,0.0,560.0,,,,560.0,,,,,,,,2018-07-24,2018-07-04,0.0,0.0,,,,0.0
561004.0,,24.0,,5.82,11000.0,2.0,0.0,561.0,,,,561.0,,,,,,,,2018-07-15,2018-07-06,0.0,0.0,,,,0.0
562002.0,,24.0,68.0,1.06,2000.0,96.0,0.0,562.0,96.0,1.0,,562.0,0.0,1.0,,,1.0,,,2018-09-12,2018-09-04,0.0,0.0,,,,0.0
562007.0,,24.0,66.0,1.59,3000.0,8.0,0.0,562.0,8.0,,,562.0,0.0,1.0,,,1.0,,,2018-09-12,2018-09-01,0.0,0.0,,,,0.0
562016.0,,24.0,65.0,1.32,2500.0,8.0,0.0,562.0,8.0,,,562.0,0.0,1.0,,,1.0,,,2018-09-12,2018-08-28,0.0,0.0,,,,0.0
562036.0,,24.0,67.0,0.79,1500.0,96.0,0.0,562.0,96.0,,,562.0,0.0,1.0,,,1.0,,,2018-09-12,2018-09-04,0.0,0.0,,,,0.0
563004.0,,98.0,,,13200.0,204.0,0.0,563.0,,,,563.0,,,,,,,,2018-07-24,2018-06-29,0.0,0.0,,,,0.0
563006.0,,98.0,,,6600.0,204.0,0.0,563.0,,,,563.0,,,,,,,,2018-07-24,2018-06-28,0.0,0.0,,,,0.0
563007.0,,98.0,,,2000.0,604.0,0.0,563.0,,,,563.0,,,,,,,,2018-07-24,2018-06-29,0.0,0.0,,,,0.0
563009.0,,98.0,,,2000.0,204.0,0.0,563.0,,,,563.0,,,,,,,,2018-07-24,2018-06-29,0.0,0.0,,,,0.0
563011.0,,98.0,,,3000.0,204.0,0.0,563.0,,,,563.0,,,,,,,,2018-07-24,2018-06-29,0.0,0.0,,,,0.0
563013.0,,98.0,,,2500.0,604.0,0.0,563.0,,,,563.0,,,,,,,,2018-07-24,2018-06-28,0.0,0.0,,,,0.0
563014.0,,98.0,,,2000.0,204.0,0.0,563.0,,,,563.0,,,,,,,,2018-07-24,2018-06-30,0.0,0.0,,,,0.0
563017.0,,98.0,,,1500.0,604.0,0.0,563.0,,,,563.0,,,,,,,,2018-07-24,2018-06-28,0.0,0.0,,,,0.0
563021.0,,98.0,,,2000.0,,0.0,563.0,,,,563.0,,,,,,,,2018-07-24,2018-06-30,0.0,0.0,,,,0.0
563031.0,,98.0,,,2500.0,604.0,0.0,563.0,,,,563.0,,,,,,,,2018-07-24,2018-06-28,0.0,0.0,,,,0.0
563032.0,,,,0.79,1500.0,204.0,0.0,563.0,,,,563.0,,,,,,,,2018-07-24,2018-07-05,0.0,0.0,,,,0.0
563033.0,,98.0,,,2500.0,204.0,0.0,563.0,,,,563.0,,,,,,,,2018-07-24,2018-06-28,0.0,0.0,,,,0.0
563035.0,,98.0,,,2500.0,604.0,0.0,563.0,,,,563.0,,,,,,,,2018-07-24,2018-06-29,0.0,0.0,,,,0.0
563037.0,,,,1.32,2500.0,204.0,0.0,563.0,,,,563.0,,,,,,,,2018-07-24,2018-07-04,0.0,0.0,,,,0.0
563038.0,,98.0,,,1500.0,,0.0,563.0,,,,563.0,,,,,,,,2018-07-24,2018-07-01,0.0,0.0,,,,0.0
563040.0,,98.0,,,2500.0,,0.0,563.0,,,,563.0,,,,,,,,2018-07-24,2018-06-28,0.0,0.0,,,,0.0
563048.0,,98.0,,,3000.0,,0.0,563.0,,,,563.0,,,,,,,,2018-07-24,2018-06-28,0.0,0.0,,,,0.0
563049.0,,98.0,,,2500.0,604.0,0.0,563.0,,,,563.0,,,,,,,,2018-07-24,2018-07-01,0.0,0.0,,,,0.0
563051.0,,98.0,,,2000.0,604.0,0.0,563.0,,,,563.0,,,,,,,,2018-07-24,2018-06-29,0.0,0.0,,,,0.0
563061.0,,,,0.79,1500.0,604.0,0.0,563.0,,,,563.0,,,,,,,,2018-07-24,2018-07-25,1.0,0.0,,,,0.0
563063.0,,98.0,,,1500.0,604.0,0.0,563.0,,,,563.0,,,,,,,,2018-07-24,2018-06-29,0.0,0.0,,,,0.0
563066.0,,98.0,,,1500.0,604.0,0.0,563.0,,,,563.0,,,,,,,,2018-07-24,2018-06-27,0.0,0.0,,,,0.0
563067.0,,,,1.59,3000.0,604.0,0.0,563.0,,,,563.0,,,,,,,,2018-07-24,2018-07-04,0.0,0.0,,,,0.0
563070.0,,98.0,,,2500.0,604.0,0.0,563.0,,,,563.0,,,,,,,,2018-07-24,2018-06-28,0.0,0.0,,,,0.0
563072.0,,98.0,,,2500.0,,0.0,563.0,,,,563.0,,,,,,,,2018-07-24,2018-06-27,0.0,0.0,,,,0.0
563073.0,,98.0,,,2500.0,204.0,0.0,563.0,,,,563.0,,,,,,,,2018-07-24,2018-06-28,0.0,0.0,,,,0.0
563086.0,,98.0,,,2000.0,204.0,0.0,563.0,,,,563.0,,,,,,,,2018-07-24,2018-06-28,0.0,0.0,,,,0.0
563096.0,,98.0,,,1500.0,,0.0,563.0,,,,563.0,,,,,,,,2018-07-24,2018-06-28,0.0,0.0,,,,0.0
563100.0,,,,1.06,2000.0,204.0,0.0,563.0,,,,563.0,,,,,,,,2018-07-24,2018-07-12,0.0,0.0,,,,0.0
563104.0,,98.0,,,1500.0,204.0,0.0,563.0,,,,563.0,,,,,,,,2018-07-24,2018-06-27,0.0,0.0,,,,0.0
563105.0,,,,0.79,1500.0,604.0,0.0,563.0,,,,563.0,,,,,,,,2018-07-24,2018-07-04,0.0,0.0,,,,0.0
563111.0,,98.0,,,3000.0,604.0,0.0,563.0,,,,563.0,,,,,,,,2018-07-24,2018-06-29,0.0,0.0,,,,0.0
563113.0,,98.0,,,1500.0,604.0,0.0,563.0,,,,563.0,,,,,,,,2018-07-24,2018-06-29,0.0,0.0,,,,0.0
563114.0,,98.0,,,2500.0,204.0,0.0,563.0,,,,563.0,,,,,,,,2018-07-24,2018-06-28,0.0,0.0,,,,0.0
563143.0,,98.0,,,1500.0,604.0,0.0,563.0,,,,563.0,,,,,,,,2018-07-24,2018-07-01,0.0,0.0,,,,0.0
563144.0,,98.0,,,3000.0,,0.0,563.0,,,,563.0,,,,,,,,2018-07-24,2018-06-29,0.0,0.0,,,,0.0
564030.0,,37.0,,1.32,2500.0,72.0,0.0,564.0,,,,564.0,,,,,,,,2018-07-15,2018-07-04,0.0,0.0,,,,0.0
564049.0,,9.0,,0.79,1500.0,20.0,0.0,564.0,,,,564.0,,,,,,,,2018-07-15,2018-07-05,0.0,0.0,,,,0.0
565001.0,,37.0,,0.79,1500.0,72.0,0.0,565.0,,,,565.0,,,,,,,,2018-08-01,2018-07-05,0.0,0.0,,,,0.0
565004.0,,37.0,,0.79,1500.0,72.0,0.0,565.0,,,,565.0,,,,,,,,2018-08-01,2018-07-04,0.0,0.0,,,,0.0
565006.0,,37.0,,1.59,3000.0,72.0,0.0,565.0,,,,565.0,,,,,,,,2018-08-01,2018-07-04,0.0,0.0,,,,0.0
565009.0,,37.0,,1.32,2500.0,72.0,0.0,565.0,,,,565.0,,,,,,,,2018-08-01,2018-07-09,0.0,0.0,,,,0.0
565011.0,,37.0,,0.79,1500.0,72.0,0.0,565.0,,,,565.0,,,,,,,,2018-08-01,2018-07-18,0.0,0.0,,,,0.0
565013.0,,99.0,71.0,1.32,2500.0,,0.0,565.0,,1.0,,565.0,0.0,1.0,,,1.0,,,2018-08-01,2018-09-11,1.0,0.0,,,,0.0
565015.0,,37.0,,1.06,2000.0,72.0,0.0,565.0,,,,565.0,,,,,,,,2018-08-01,2018-07-18,0.0,0.0,,,,0.0
565021.0,,99.0,67.0,1.06,2000.0,,0.0,565.0,,1.0,,565.0,0.0,1.0,,,1.0,,,2018-08-01,2018-09-08,1.0,0.0,,,,0.0
565025.0,,88.0,,0.79,1500.0,272.0,0.0,565.0,272.0,,,565.0,0.0,1.0,,,1.0,,,2018-08-01,2018-08-31,1.0,0.0,,,,0.0
565029.0,,37.0,,0.79,1500.0,72.0,0.0,565.0,,,,565.0,,,,,,,,2018-08-01,2018-07-03,0.0,0.0,,,,0.0
565031.0,,88.0,,1.06,2000.0,272.0,0.0,565.0,272.0,,,565.0,0.0,1.0,,,1.0,,,2018-08-01,2018-08-31,1.0,0.0,,,,0.0
565043.0,,37.0,,1.59,3000.0,72.0,0.0,565.0,,,,565.0,,,,,,,,2018-08-01,2018-07-13,0.0,0.0,,,,0.0
565052.0,,37.0,,1.32,2500.0,72.0,0.0,565.0,,,,565.0,,,,,,,,2018-08-01,2018-07-09,0.0,0.0,,,,0.0
565054.0,,37.0,,1.06,2000.0,72.0,0.0,565.0,,,,565.0,,,,,,,,2018-08-01,2018-07-14,0.0,0.0,,,,0.0
565068.0,,37.0,,1.06,2000.0,72.0,0.0,565.0,,,,565.0,,,,,,,,2018-08-01,2018-07-18,0.0,0.0,,,,0.0
565071.0,,37.0,,1.32,2500.0,72.0,0.0,565.0,,,,565.0,,,,,,,,2018-08-01,2018-07-09,0.0,0.0,,,,0.0
566008.0,,7.0,70.0,1.06,2000.0,204.0,0.0,566.0,204.0,,,566.0,0.0,1.0,,,1.0,,,2018-11-21,2018-11-03,0.0,0.0,,,,0.0
566009.0,,7.0,71.0,0.79,1500.0,204.0,0.0,566.0,204.0,,,566.0,0.0,1.0,,,1.0,,,2018-11-21,2018-11-05,0.0,0.0,,,,0.0
566013.0,,7.0,69.0,1.06,2000.0,604.0,0.0,566.0,604.0,,,566.0,0.0,1.0,,,1.0,,,2018-11-21,2018-11-03,0.0,0.0,,,,0.0
566022.0,,7.0,73.0,0.79,1500.0,604.0,0.0,566.0,604.0,,,566.0,0.0,1.0,,,1.0,,,2018-11-21,2018-11-15,0.0,0.0,,,,0.0
566030.0,,7.0,72.0,1.32,2500.0,204.0,0.0,566.0,204.0,,,566.0,0.0,1.0,,,1.0,,,2018-11-21,2018-11-09,0.0,0.0,,,,0.0
566109.0,,7.0,75.0,1.59,3000.0,604.0,0.0,566.0,604.0,,,566.0,0.0,1.0,,,1.0,,,2018-11-21,2018-11-16,0.0,0.0,,,,0.0
567001.0,,15.0,77.0,4.66,8800.0,,0.0,567.0,8.0,1.0,,567.0,1.0,,1.0,,1.0,,,2018-09-26,2018-09-12,0.0,0.0,,,,0.0
567007.0,,15.0,82.0,6.99,13200.0,204.0,0.0,567.0,204.0,,,567.0,0.0,,1.0,,1.0,,,2018-09-26,2018-09-15,0.0,0.0,,,,0.0
567011.0,,15.0,75.0,4.66,8800.0,204.0,0.0,567.0,204.0,,,567.0,1.0,,1.0,,1.0,,,2018-09-26,2018-09-11,0.0,0.0,,,,0.0
567012.0,,15.0,79.0,3.49,6600.0,604.0,0.0,567.0,604.0,,,567.0,1.0,,1.0,,1.0,,,2018-09-26,2018-09-12,0.0,0.0,,,,0.0
567016.0,,15.0,81.0,6.99,13200.0,204.0,0.0,567.0,204.0,,,567.0,1.0,,1.0,,1.0,,,2018-09-26,2018-09-15,0.0,0.0,,,,0.0
567019.0,,15.0,76.0,6.99,13200.0,204.0,0.0,567.0,204.0,,,567.0,0.0,,1.0,,1.0,,,2018-09-26,2018-09-11,0.0,0.0,,,,0.0
567021.0,,15.0,80.0,6.99,13200.0,204.0,0.0,567.0,204.0,,,567.0,1.0,,1.0,,1.0,,,2018-09-26,2018-09-12,0.0,0.0,,,,0.0
567028.0,,15.0,73.0,4.66,8800.0,604.0,0.0,567.0,604.0,,,567.0,0.0,,1.0,,1.0,,,2018-09-26,2018-09-05,0.0,0.0,,,,0.0
567029.0,,15.0,72.0,4.66,8800.0,204.0,0.0,567.0,204.0,,,567.0,0.0,,1.0,,1.0,,,2018-09-26,2018-09-05,0.0,0.0,,,,0.0
567034.0,,15.0,85.0,3.49,6600.0,604.0,0.0,567.0,604.0,,,567.0,0.0,,1.0,,1.0,,,2018-09-26,2018-09-17,0.0,0.0,,,,0.0
567035.0,,15.0,83.0,5.82,11000.0,604.0,0.0,567.0,604.0,,,567.0,0.0,,1.0,,1.0,,,2018-09-26,2018-09-15,0.0,0.0,,,,0.0
567046.0,,15.0,84.0,3.49,6600.0,604.0,0.0,567.0,604.0,,,567.0,0.0,,1.0,,1.0,,,2018-09-26,2018-09-17,0.0,0.0,,,,0.0
567050.0,,99.0,150.0,3.49,6600.0,,0.0,567.0,204.0,1.0,,567.0,0.0,,1.0,,1.0,,,2018-09-26,2019-01-25,1.0,0.0,,,,0.0
567060.0,,15.0,74.0,4.66,8800.0,604.0,0.0,567.0,604.0,,,567.0,0.0,,1.0,,1.0,,,2018-09-26,2018-09-10,0.0,0.0,,,,0.0
569041.0,,8.0,,1.59,3000.0,8.0,0.0,569.0,8.0,,,569.0,0.0,1.0,,,1.0,,,2018-11-07,2018-10-23,0.0,0.0,,,,0.0
571048.0,,42.0,80.0,3.49,6600.0,9.0,0.0,571.0,9.0,,,571.0,0.0,,1.0,,1.0,,,2018-09-12,2018-09-06,0.0,0.0,,,,0.0
571053.0,,42.0,79.0,4.66,8800.0,9.0,0.0,571.0,9.0,,,571.0,0.0,,1.0,,1.0,,,2018-09-12,2018-09-06,0.0,0.0,,,,0.0
571070.0,,42.0,81.0,6.99,13200.0,9.0,0.0,571.0,9.0,,,571.0,0.0,,1.0,,1.0,,,2018-09-12,2018-09-07,0.0,0.0,,,,0.0
573039.0,,32.0,54.0,1.06,2000.0,56.0,0.0,573.0,56.0,,,573.0,0.0,1.0,,,1.0,,,2018-09-12,2018-08-24,0.0,0.0,,,,0.0
573055.0,,32.0,63.0,1.32,2500.0,56.0,0.0,573.0,56.0,,,573.0,0.0,1.0,,,1.0,,,2018-09-12,2018-08-30,0.0,0.0,,,,0.0
573056.0,,32.0,60.0,1.59,3000.0,56.0,0.0,573.0,56.0,,,573.0,0.0,1.0,,,1.0,,,2018-09-12,2018-08-28,0.0,0.0,,,,0.0
573058.0,,32.0,62.0,1.06,2000.0,37.0,0.0,573.0,37.0,,,573.0,0.0,1.0,,,1.0,,,2018-09-12,2018-08-28,0.0,0.0,,,,0.0
573065.0,,32.0,64.0,1.32,2500.0,37.0,0.0,573.0,37.0,,,573.0,0.0,1.0,,,1.0,,,2018-09-12,2018-08-30,0.0,0.0,,,,0.0
573079.0,,32.0,55.0,1.32,2500.0,37.0,0.0,573.0,37.0,,,573.0,0.0,1.0,,,1.0,,,2018-09-12,2018-08-24,0.0,0.0,,,,0.0
573085.0,,32.0,65.0,0.79,1500.0,56.0,0.0,573.0,56.0,,,573.0,0.0,1.0,,,1.0,,,2018-09-12,2018-08-30,0.0,0.0,,,,0.0
573115.0,,32.0,56.0,1.32,2500.0,56.0,0.0,573.0,56.0,,,573.0,0.0,1.0,,,1.0,,,2018-09-12,2018-08-24,0.0,0.0,,,,0.0
574003.0,,2.0,,1.32,2500.0,663.0,0.0,574.0,,1.0,,574.0,0.0,1.0,,,3.0,1.0,,2018-07-24,,1.0,0.0,,,,0.0
574017.0,,2.0,,1.06,2000.0,663.0,0.0,574.0,,1.0,,574.0,0.0,1.0,,,1.0,,,2018-07-24,,1.0,0.0,,,,0.0
574048.0,,2.0,,0.79,1500.0,663.0,0.0,574.0,,1.0,,574.0,0.0,1.0,,,1.0,,,2018-07-24,,1.0,0.0,,,,0.0
574061.0,,2.0,,159.0,3000.0,663.0,0.0,574.0,,1.0,,574.0,0.0,1.0,,,3.0,1.0,,2018-07-24,,1.0,0.0,,,,0.0
574068.0,,2.0,,132.0,2500.0,663.0,0.0,574.0,,1.0,,574.0,0.0,1.0,,,3.0,1.0,,2018-07-24,,1.0,0.0,,,,0.0
574071.0,,2.0,,0.79,1500.0,663.0,0.0,574.0,,1.0,,574.0,0.0,1.0,,,1.0,,,2018-07-24,,1.0,0.0,,,,0.0
574083.0,,2.0,,1.32,2500.0,663.0,0.0,574.0,,1.0,,574.0,0.0,1.0,,,3.0,1.0,,2018-07-24,,1.0,0.0,,,,0.0
574113.0,,2.0,,4.66,8800.0,663.0,0.0,574.0,,1.0,,574.0,0.0,,1.0,,3.0,1.0,,2018-07-24,,1.0,0.0,,,,0.0
576002.0,,19.0,64.0,1.06,2000.0,90.0,0.0,576.0,90.0,,,576.0,1.0,1.0,,,1.0,,,2018-09-12,2018-08-23,0.0,0.0,,,,0.0
576004.0,,19.0,69.0,0.79,1500.0,90.0,0.0,576.0,90.0,,,576.0,0.0,1.0,,,1.0,,,2018-09-12,2018-08-27,0.0,0.0,,,,0.0
576007.0,,19.0,72.0,1.32,2500.0,82.0,0.0,576.0,82.0,,,576.0,0.0,1.0,,,1.0,,,2018-09-12,2018-08-27,0.0,0.0,,,,0.0
576023.0,,19.0,65.0,1.32,2500.0,82.0,0.0,576.0,82.0,,,576.0,0.0,1.0,,,1.0,,,2018-09-12,2018-08-23,0.0,0.0,,,,0.0
576035.0,,19.0,74.0,1.06,2000.0,82.0,0.0,576.0,82.0,,,576.0,0.0,1.0,,,1.0,,,2018-09-12,2018-08-27,0.0,0.0,,,,0.0
576051.0,,19.0,73.0,1.59,3000.0,90.0,0.0,576.0,90.0,,,576.0,0.0,1.0,,,1.0,,,2018-09-12,2018-08-27,0.0,0.0,,,,0.0
576052.0,,19.0,66.0,0.79,1500.0,90.0,0.0,576.0,90.0,,,576.0,0.0,1.0,,,1.0,,,2018-09-12,2018-08-23,0.0,0.0,,,,0.0
577071.0,,1.0,35.0,1.32,2500.0,52.0,0.0,577.0,52.0,,,577.0,0.0,1.0,,,,,,2018-09-05,2018-08-16,0.0,0.0,,,,0.0
577072.0,,1.0,36.0,1.59,3000.0,52.0,0.0,577.0,52.0,,,577.0,0.0,1.0,,,,,,2018-09-05,2018-08-16,0.0,0.0,,,,0.0
577085.0,,1.0,37.0,0.79,1500.0,52.0,0.0,577.0,52.0,,,577.0,0.0,1.0,,,,,,2018-09-05,2018-08-16,0.0,0.0,,,,0.0
579004.0,,22.0,,1.06,2000.0,45.0,0.0,579.0,,,,579.0,,,,,,,,2018-08-15,2018-08-01,0.0,0.0,,,,0.0
579007.0,,22.0,,1.06,2000.0,14.0,0.0,579.0,,,,579.0,,,,,,,,2018-08-15,2018-08-08,0.0,0.0,,,,0.0
579008.0,,22.0,,0.79,1500.0,14.0,0.0,579.0,,,,579.0,,,,,,,,2018-08-15,2018-08-01,0.0,0.0,,,,0.0
579010.0,,22.0,,0.79,1500.0,45.0,0.0,579.0,,,,579.0,,,,,,,,2018-08-15,2018-08-01,0.0,0.0,,,,0.0
579033.0,,22.0,,1.32,2500.0,14.0,0.0,579.0,,,,579.0,,,,,,,,2018-08-15,2018-08-08,0.0,0.0,,,,0.0
579034.0,,22.0,,0.79,1500.0,45.0,0.0,579.0,,,,579.0,,,,,,,,2018-08-15,2018-08-01,0.0,0.0,,,,0.0
579037.0,,22.0,,1.32,2500.0,45.0,0.0,579.0,,,,579.0,,,,,,,,2018-08-15,2018-08-08,0.0,0.0,,,,0.0
579039.0,,22.0,,1.59,3000.0,45.0,0.0,579.0,,,,579.0,,,,,,,,2018-08-15,2018-08-03,0.0,0.0,,,,0.0
579044.0,,22.0,,1.06,2000.0,14.0,0.0,579.0,,,,579.0,,,,,,,,2018-08-15,2018-08-06,0.0,0.0,,,,0.0
579056.0,,22.0,,1.32,2500.0,45.0,0.0,579.0,,,,579.0,,,,,,,,2018-08-15,2018-07-19,0.0,0.0,,,,0.0
579069.0,,22.0,,1.59,3000.0,45.0,0.0,579.0,,,,579.0,,,,,,,,2018-08-15,2018-07-27,0.0,0.0,,,,0.0
579084.0,,22.0,,1.06,2000.0,45.0,0.0,579.0,,,,579.0,,,,,,,,2018-08-15,2018-08-08,0.0,0.0,,,,0.0
579086.0,,22.0,,1.59,3000.0,45.0,0.0,579.0,,,,579.0,,,,,,,,2018-08-15,2018-08-08,0.0,0.0,,,,0.0
579096.0,,22.0,,1.06,2000.0,14.0,0.0,579.0,,,,579.0,,,,,,,,2018-08-15,2018-08-03,0.0,0.0,,,,0.0
580001.0,,,40.0,0.79,1500.0,615.0,0.0,580.0,615.0,,,580.0,0.0,1.0,,,,,,2018-08-29,2018-08-11,0.0,0.0,,,,0.0
580009.0,,,54.0,1.32,2500.0,615.0,0.0,580.0,615.0,,,580.0,0.0,1.0,,,,,,2018-08-29,2018-08-23,0.0,0.0,,,,0.0
580028.0,,,42.0,0.79,1500.0,615.0,0.0,580.0,615.0,,,580.0,0.0,1.0,,,,,,2018-08-29,2018-08-11,0.0,0.0,,,,0.0
580029.0,,,41.0,1.59,3000.0,215.0,0.0,580.0,215.0,,,580.0,0.0,1.0,,,,,,2018-08-29,2018-08-11,0.0,0.0,,,,0.0
580031.0,,,34.0,0.79,1500.0,215.0,0.0,580.0,215.0,,,580.0,0.0,1.0,,,,,,2018-08-29,2018-08-10,0.0,0.0,,,,0.0
580033.0,,,43.0,1.06,2000.0,215.0,0.0,580.0,215.0,,,580.0,0.0,1.0,,,,,,2018-08-29,2018-08-11,0.0,0.0,,,,0.0
580035.0,,,35.0,0.79,1500.0,615.0,0.0,580.0,615.0,,,580.0,0.0,1.0,,,,,,2018-08-29,2018-08-10,0.0,0.0,,,,0.0
580036.0,,,27.0,1.06,2000.0,215.0,0.0,580.0,215.0,,,580.0,0.0,1.0,,,,,,2018-08-29,2018-07-31,0.0,0.0,,,,0.0
580046.0,,,29.0,1.59,3000.0,615.0,0.0,580.0,615.0,,,580.0,0.0,1.0,,,,,,2018-08-29,2018-07-31,0.0,0.0,,,,0.0
580050.0,,,53.0,1.32,2500.0,215.0,0.0,580.0,215.0,,,580.0,0.0,1.0,,,,,,2018-08-29,2018-08-23,0.0,0.0,,,,0.0
580052.0,,,30.0,1.06,2000.0,215.0,0.0,580.0,215.0,,,580.0,0.0,1.0,,,,,,2018-08-29,2018-08-01,0.0,0.0,,,,0.0
580060.0,,,31.0,1.59,3000.0,615.0,0.0,580.0,615.0,,,580.0,0.0,1.0,,,,,,2018-08-29,2018-08-01,0.0,0.0,,,,0.0
580071.0,,,32.0,1.06,2000.0,215.0,0.0,580.0,215.0,,,580.0,0.0,1.0,,,,,,2018-08-29,2018-08-01,0.0,0.0,,,,0.0
580073.0,,,33.0,0.79,1500.0,615.0,0.0,580.0,615.0,,,580.0,0.0,1.0,,,,,,2018-08-29,2018-08-02,0.0,0.0,,,,0.0
580083.0,,36.0,48.0,1.59,3000.0,615.0,0.0,580.0,615.0,,,580.0,0.0,1.0,,,,,,2018-08-29,2018-08-20,0.0,0.0,,,,0.0
580088.0,,36.0,50.0,0.79,1500.0,615.0,0.0,580.0,615.0,,,580.0,0.0,1.0,,,,,,2018-08-29,2018-08-20,0.0,0.0,,,,0.0
580096.0,,36.0,45.0,1.06,2000.0,215.0,0.0,580.0,215.0,,,580.0,0.0,1.0,,,,,,2018-08-29,2018-08-15,0.0,0.0,,,,0.0
580106.0,,36.0,49.0,0.79,1500.0,215.0,0.0,580.0,215.0,,,580.0,0.0,1.0,,,,,,2018-08-29,2018-08-20,0.0,0.0,,,,0.0
580107.0,,,52.0,0.79,1500.0,615.0,0.0,580.0,615.0,,,580.0,0.0,1.0,,,,,,2018-08-29,2018-08-22,0.0,0.0,,,,0.0
580108.0,,,36.0,0.79,1500.0,215.0,0.0,580.0,215.0,,,580.0,0.0,1.0,,,,,,2018-08-29,2018-08-10,0.0,0.0,,,,0.0
580113.0,,36.0,55.0,0.79,1500.0,215.0,0.0,580.0,215.0,,,580.0,0.0,1.0,,,,,,2018-08-29,2018-08-24,0.0,0.0,,,,0.0
581032.0,,29.0,127.0,1.06,2000.0,103.0,0.0,581.0,103.0,,,581.0,0.0,1.0,,,3.0,1.0,,2018-10-10,2018-09-13,0.0,0.0,,,,0.0
581043.0,,29.0,156.0,0.79,1500.0,103.0,0.0,581.0,103.0,,,581.0,0.0,1.0,,,1.0,,,2018-10-10,2018-10-05,0.0,0.0,,,,0.0
581044.0,,29.0,155.0,0.79,1500.0,22.0,0.0,581.0,22.0,,,581.0,0.0,1.0,,,1.0,,,2018-10-10,2018-10-05,0.0,0.0,,,,0.0
581054.0,,29.0,128.0,0.79,1500.0,22.0,0.0,581.0,22.0,,,581.0,0.0,1.0,,,1.0,,,2018-10-10,2018-09-20,0.0,0.0,,,,0.0
581070.0,,29.0,150.0,0.79,1500.0,22.0,0.0,581.0,22.0,,,581.0,0.0,1.0,,,1.0,,,2018-10-10,2018-10-02,0.0,0.0,,,,0.0
581080.0,,29.0,134.0,1.32,2500.0,103.0,0.0,581.0,103.0,,,581.0,0.0,1.0,,,1.0,,,2018-10-10,2018-09-26,0.0,0.0,,,,0.0
581091.0,,29.0,151.0,0.79,1500.0,103.0,0.0,581.0,103.0,,,581.0,0.0,1.0,,,1.0,,,2018-10-10,2018-10-02,0.0,0.0,,,,0.0
581115.0,,29.0,140.0,1.06,2000.0,103.0,0.0,581.0,103.0,,,581.0,0.0,1.0,,,1.0,,,2018-10-10,2018-09-26,0.0,0.0,,,,0.0
581116.0,,29.0,141.0,1.32,2500.0,103.0,0.0,581.0,103.0,,,581.0,0.0,1.0,,,1.0,,,2018-10-10,2018-09-26,0.0,0.0,,,,0.0
582108.0,,8.0,79.0,0.79,1500.0,35.0,0.0,582.0,35.0,,,582.0,0.0,1.0,,,1.0,,,2018-10-10,2018-09-17,0.0,0.0,,,,0.0
583027.0,,,39.0,1.32,2500.0,215.0,0.0,583.0,215.0,,,583.0,0.0,1.0,,,,,,2018-08-29,2018-08-11,0.0,0.0,,,,0.0
583029.0,,,38.0,0.79,1500.0,615.0,0.0,583.0,615.0,,,583.0,0.0,1.0,,,,,,2018-08-29,2018-08-11,0.0,0.0,,,,0.0
583045.0,,,44.0,1.59,3000.0,615.0,0.0,583.0,615.0,,,583.0,0.0,1.0,,,,,,2018-08-29,2018-08-13,0.0,0.0,,,,0.0
583047.0,,36.0,46.0,1.06,2000.0,615.0,0.0,583.0,615.0,,,583.0,0.0,1.0,,,,,,2018-08-29,2018-08-17,0.0,0.0,,,,0.0
583048.0,,36.0,51.0,0.79,1500.0,215.0,0.0,583.0,215.0,,,583.0,0.0,1.0,,,,,,2018-08-29,2018-08-22,0.0,0.0,,,,0.0
583052.0,,36.0,47.0,0.79,1500.0,215.0,1.0,583.0,215.0,,,583.0,0.0,1.0,,,,,,2018-08-29,2018-08-17,0.0,0.0,,,,0.0
584006.0,,32.0,,0.79,1500.0,,0.0,584.0,,,,584.0,,,,,,,,2018-07-15,2018-06-19,0.0,0.0,,,,0.0
584009.0,,32.0,,1.06,2000.0,97.0,0.0,584.0,,,,584.0,,,,,,,,2018-07-15,2018-07-12,0.0,0.0,,,,0.0
584016.0,,32.0,,1.59,3000.0,44.0,0.0,584.0,,,,584.0,,,,,,,,2018-07-15,2018-07-12,0.0,0.0,,,,0.0
584019.0,,32.0,,0.79,1500.0,97.0,0.0,584.0,,,,584.0,,,,,,,,2018-07-15,2018-07-12,0.0,0.0,,,,0.0
584024.0,,32.0,,0.79,1500.0,44.0,0.0,584.0,,,,584.0,,,,,,,,2018-07-15,2018-07-12,0.0,0.0,,,,0.0
584063.0,,32.0,,1.06,2000.0,97.0,0.0,584.0,,,,584.0,,,,,,,,2018-07-15,2018-07-05,0.0,0.0,,,,0.0
584070.0,,32.0,,1.32,2500.0,97.0,0.0,584.0,,,,584.0,,,,,,,,2018-07-15,2018-07-12,0.0,0.0,,,,0.0
585045.0,,10.0,38.0,0.79,1500.0,233.0,1.0,585.0,233.0,,,585.0,0.0,1.0,,,1.0,,,2018-09-26,2018-09-15,0.0,0.0,,,,0.0
586010.0,,10.0,39.0,0.79,1500.0,,0.0,586.0,8.0,1.0,,586.0,1.0,1.0,,,1.0,,,2018-08-29,2018-09-15,1.0,0.0,,,,0.0
586031.0,,10.0,40.0,0.79,1500.0,233.0,0.0,586.0,233.0,,,586.0,0.0,1.0,,,1.0,,,2018-08-29,2018-09-15,1.0,0.0,,,,0.0
586032.0,,10.0,41.0,1.06,2000.0,633.0,0.0,586.0,633.0,,,586.0,0.0,1.0,,,1.0,,,2018-08-29,2018-09-15,1.0,0.0,,,,0.0
586052.0,,10.0,42.0,5.82,11000.0,633.0,0.0,586.0,633.0,,,586.0,0.0,,1.0,,1.0,,,2018-08-29,2018-09-15,1.0,0.0,,,,0.0
587062.0,,99.0,140.0,3.49,6600.0,,0.0,587.0,,1.0,,587.0,0.0,,1.0,,1.0,,,2018-10-03,2018-12-24,1.0,0.0,,,,0.0
588034.0,,3.0,100.0,0.79,1500.0,233.0,0.0,588.0,233.0,,,588.0,0.0,1.0,,,1.0,,,2018-08-29,2018-12-03,1.0,0.0,,,,0.0
588037.0,,50.0,118.0,1.06,2000.0,633.0,0.0,588.0,633.0,,,588.0,0.0,1.0,,,3.0,1.0,,2018-08-29,2018-11-26,1.0,0.0,,,,0.0
588047.0,,3.0,99.0,1.06,2000.0,633.0,0.0,588.0,633.0,,,588.0,0.0,1.0,,,1.0,,,2018-08-29,2018-11-27,1.0,0.0,,,,0.0
588050.0,,3.0,101.0,1.32,2500.0,633.0,0.0,588.0,633.0,,,588.0,0.0,1.0,,,1.0,,,2018-08-29,2018-12-03,1.0,0.0,,,,0.0
588079.0,,3.0,102.0,1.06,2000.0,633.0,1.0,588.0,633.0,,,588.0,0.0,1.0,,,1.0,,,2018-08-29,2018-12-03,1.0,0.0,,,,0.0
590005.0,,19.0,102.0,0.79,1500.0,99.0,0.0,590.0,99.0,,,590.0,0.0,1.0,,,1.0,,,2018-11-07,2018-10-16,0.0,0.0,,,,0.0
591049.0,,48.0,,1.06,2000.0,282.0,0.0,591.0,,,,591.0,,,,,,,,2018-08-01,2018-07-06,0.0,0.0,,,,0.0
591080.0,,48.0,,1.06,2000.0,10.0,0.0,591.0,,,,591.0,,,,,,,,2018-08-01,2018-07-06,0.0,0.0,,,,0.0
591095.0,,48.0,,0.79,1500.0,282.0,0.0,591.0,,,,591.0,,,,,,,,2018-08-01,2018-07-14,0.0,0.0,,,,0.0
591096.0,,48.0,,1.06,2000.0,282.0,0.0,591.0,,,,591.0,,,,,,,,2018-08-01,2018-07-26,0.0,0.0,,,,0.0
591100.0,,48.0,,1.06,2000.0,282.0,0.0,591.0,,,,591.0,,,,,,,,2018-08-01,2018-07-12,0.0,0.0,,,,0.0
591106.0,,48.0,,1.32,2500.0,282.0,0.0,591.0,,,,591.0,,,,,,,,2018-08-01,2018-07-14,0.0,0.0,,,,0.0
591107.0,,48.0,,1.59,3000.0,10.0,0.0,591.0,,,,591.0,,,,,,,,2018-08-01,2018-07-26,0.0,0.0,,,,0.0
591126.0,,48.0,,1.06,2000.0,10.0,0.0,591.0,,,,591.0,,,,,,,,2018-08-01,2018-07-11,0.0,0.0,,,,0.0
591127.0,,48.0,,1.06,2000.0,282.0,0.0,591.0,,,,591.0,,,,,,,,2018-08-01,2018-07-11,0.0,0.0,,,,0.0
591162.0,,48.0,,0.79,1500.0,10.0,0.0,591.0,,,,591.0,,,,,,,,2018-08-01,2018-07-11,0.0,0.0,,,,0.0
592002.0,,32.0,93.0,4.66,8800.0,25.0,0.0,592.0,25.0,,,592.0,0.0,,1.0,,1.0,,,2018-11-07,2018-10-19,0.0,0.0,,,,0.0
592004.0,,32.0,88.0,6.99,13200.0,20.0,0.0,592.0,20.0,,,592.0,0.0,,1.0,,1.0,,,2018-11-07,2018-10-16,0.0,0.0,,,,0.0
592005.0,,32.0,103.0,3.49,6600.0,25.0,0.0,592.0,25.0,,,592.0,0.0,,1.0,,1.0,,,2018-11-07,2018-10-30,0.0,0.0,,,,0.0
592017.0,,32.0,106.0,3.49,6600.0,25.0,0.0,592.0,25.0,,,592.0,1.0,,1.0,,1.0,,,2018-11-07,2018-10-30,0.0,0.0,,,,0.0
592022.0,,32.0,91.0,4.66,8800.0,25.0,0.0,592.0,25.0,,,592.0,0.0,,1.0,,1.0,,,2018-11-07,2018-10-18,0.0,0.0,,,,0.0
592042.0,,32.0,90.0,1.06,2000.0,20.0,0.0,592.0,20.0,,,592.0,0.0,1.0,,,1.0,,,2018-11-07,2018-10-16,0.0,0.0,,,,0.0
592084.0,,32.0,94.0,1.06,2000.0,20.0,0.0,592.0,20.0,,,592.0,0.0,1.0,,,1.0,,,2018-11-07,2018-10-19,0.0,0.0,,,,0.0
592091.0,,32.0,85.0,6.99,13200.0,20.0,0.0,592.0,20.0,,,592.0,0.0,,1.0,,3.0,1.0,,2018-11-07,2018-10-09,0.0,0.0,,,,0.0
592109.0,,32.0,86.0,1.06,2000.0,25.0,0.0,592.0,25.0,,,592.0,0.0,1.0,,,3.0,1.0,,2018-11-07,2018-10-10,0.0,0.0,,,,0.0
592113.0,,32.0,87.0,1.06,2000.0,20.0,0.0,592.0,20.0,,,592.0,0.0,1.0,,,3.0,1.0,,2018-11-07,2018-10-10,0.0,0.0,,,,0.0
592120.0,,32.0,89.0,1.59,3000.0,25.0,0.0,592.0,25.0,,,592.0,0.0,1.0,,,1.0,,,2018-11-07,2018-10-16,0.0,0.0,,,,0.0
593021.0,,15.0,164.0,1.32,2500.0,481.0,0.0,593.0,481.0,,,593.0,0.0,1.0,,,1.0,,,2018-09-26,2018-12-01,1.0,0.0,,,,0.0
593023.0,,15.0,165.0,6.99,13200.0,481.0,0.0,593.0,481.0,,,593.0,0.0,,1.0,,1.0,,,2018-09-26,2018-12-01,1.0,0.0,,,,0.0
593030.0,,15.0,163.0,6.99,13200.0,881.0,0.0,593.0,881.0,,,593.0,0.0,,1.0,,1.0,,,2018-09-26,2018-11-30,1.0,0.0,,,,0.0
593048.0,,15.0,162.0,3.49,6600.0,881.0,0.0,593.0,881.0,,,593.0,0.0,,1.0,,1.0,,,2018-09-26,2018-11-27,1.0,0.0,,,,0.0
593052.0,,15.0,166.0,0.79,1500.0,881.0,0.0,593.0,881.0,,,593.0,0.0,1.0,,,1.0,,,2018-09-26,2018-12-01,1.0,0.0,,,,0.0
593075.0,,15.0,170.0,0.79,1500.0,881.0,0.0,593.0,881.0,,,593.0,0.0,1.0,,,1.0,,,2018-09-26,2018-12-03,1.0,0.0,,,,0.0
593094.0,,15.0,167.0,3.49,6600.0,881.0,0.0,593.0,881.0,,,593.0,1.0,,1.0,,1.0,,,2018-09-26,2018-12-01,1.0,0.0,,,,0.0
593102.0,,15.0,169.0,3.49,6600.0,881.0,0.0,593.0,881.0,,,593.0,0.0,,1.0,,1.0,,,2018-09-26,2018-12-03,1.0,0.0,,,,0.0
593104.0,,15.0,168.0,3.49,6600.0,481.0,0.0,593.0,481.0,,,593.0,0.0,,1.0,,1.0,,,2018-09-26,2018-12-03,1.0,0.0,,,,0.0
594001.0,,11.0,37.0,1.59,3000.0,44.0,1.0,594.0,44.0,,,594.0,1.0,1.0,,,1.0,,,2018-11-07,2018-10-13,0.0,0.0,,,,0.0
594002.0,,11.0,36.0,1.59,3000.0,22.0,1.0,594.0,22.0,,,594.0,0.0,1.0,,,1.0,,,2018-11-07,2018-10-13,0.0,0.0,,,,0.0
594054.0,,99.0,119.0,5.82,11000.0,,0.0,594.0,,1.0,,594.0,0.0,,1.0,,1.0,,,2018-11-07,2018-11-30,1.0,0.0,,,,0.0
594055.0,,11.0,44.0,3.49,6600.0,22.0,0.0,594.0,22.0,,,594.0,0.0,,1.0,,1.0,,,2018-11-07,2018-11-02,0.0,0.0,,,,0.0
594097.0,,11.0,38.0,1.06,2000.0,22.0,1.0,594.0,22.0,,,594.0,1.0,1.0,,,1.0,,,2018-11-07,2018-10-13,0.0,0.0,,,,0.0
594101.0,,11.0,,1.32,2500.0,22.0,0.0,594.0,22.0,,,594.0,0.0,1.0,,,1.0,,,2018-11-07,2018-10-20,0.0,0.0,,,,0.0
594119.0,,11.0,39.0,4.66,8800.0,22.0,1.0,594.0,22.0,,,594.0,0.0,,1.0,,1.0,,,2018-11-07,2018-10-18,0.0,0.0,,,,0.0
596120.0,,31.0,291.0,1.32,2500.0,9.0,1.0,596.0,9.0,,,596.0,0.0,1.0,,,3.0,1.0,,2018-12-07,2018-11-27,0.0,0.0,,,,0.0
596182.0,,31.0,292.0,1.06,2000.0,13.0,1.0,596.0,13.0,,,596.0,0.0,1.0,,,3.0,1.0,,2018-12-07,2018-11-28,0.0,0.0,,,,0.0
597017.0,,54.0,,4.66,8800.0,8.0,0.0,597.0,,,,597.0,,,,,,,,2018-08-15,2018-07-24,0.0,0.0,,,,0.0
597025.0,,54.0,,0.79,1500.0,25.0,0.0,597.0,,,,597.0,,,,,,,,2018-08-15,2018-08-09,0.0,0.0,,,,0.0
597068.0,,54.0,,0.79,1500.0,25.0,0.0,597.0,,,,597.0,,,,,,,,2018-08-15,2018-08-06,0.0,0.0,,,,0.0
598026.0,,1.0,,1.06,2000.0,10.0,0.0,598.0,10.0,,,598.0,0.0,1.0,,,1.0,,,2018-10-31,2018-10-24,0.0,0.0,,,,0.0
598134.0,,1.0,69.0,0.79,1500.0,10.0,0.0,598.0,10.0,,,598.0,0.0,1.0,,,3.0,1.0,,2018-10-31,2018-10-05,0.0,0.0,,,,0.0
599028.0,,54.0,,1.59,3000.0,96.0,0.0,599.0,,,,599.0,,,,,,,,2018-07-15,2018-06-26,0.0,0.0,,,,0.0
599049.0,,54.0,,1.06,2000.0,96.0,0.0,599.0,,,,599.0,,,,,,,,2018-07-15,2018-07-03,0.0,0.0,,,,0.0
599061.0,,54.0,,6.99,13200.0,83.0,0.0,599.0,,,,599.0,,,,,,,,2018-07-15,2018-07-09,0.0,0.0,,,,0.0
599095.0,,21.0,,1.59,3000.0,83.0,0.0,599.0,,,,599.0,,,,,,,,2018-07-15,2018-06-21,0.0,0.0,,,,0.0
599124.0,,54.0,,6.99,13200.0,83.0,0.0,599.0,,,,599.0,,,,,,,,2018-07-15,2018-07-03,0.0,0.0,,,,0.0
599126.0,,54.0,,3.49,6600.0,83.0,0.0,599.0,,,,599.0,,,,,,,,2018-07-15,2018-06-26,0.0,0.0,,,,0.0
599127.0,,54.0,,0.79,1500.0,83.0,0.0,599.0,,,,599.0,,,,,,,,2018-07-15,2018-06-26,0.0,0.0,,,,0.0
599129.0,,54.0,,6.99,13200.0,96.0,0.0,599.0,,,,599.0,,,,,,,,2018-07-15,2018-07-09,0.0,0.0,,,,0.0
600008.0,,3.0,30.0,1.06,2000.0,249.0,1.0,600.0,5.0,1.0,,600.0,1.0,1.0,,,1.0,,,2018-09-26,2018-09-07,0.0,0.0,,,,0.0
600019.0,,99.0,152.0,1.06,2000.0,,0.0,600.0,,1.0,,600.0,1.0,1.0,,,1.0,,,2018-09-26,2019-01-30,1.0,0.0,,,,0.0
600020.0,,3.0,49.0,0.79,1500.0,249.0,0.0,600.0,249.0,,,600.0,0.0,1.0,,,1.0,,,2018-09-26,2018-09-15,0.0,0.0,,,,0.0
600023.0,,3.0,42.0,1.06,2000.0,249.0,0.0,600.0,249.0,,,600.0,0.0,1.0,,,1.0,,,2018-09-26,2018-09-13,0.0,0.0,,,,0.0
600052.0,,3.0,27.0,1.06,2000.0,249.0,0.0,600.0,249.0,,,600.0,0.0,1.0,,,1.0,,,2018-09-26,2018-09-04,0.0,0.0,,,,0.0
600088.0,,,,1.06,2000.0,,0.0,600.0,,1.0,,600.0,0.0,1.0,,,1.0,,,2018-09-26,2018-09-08,0.0,0.0,,,,0.0
600090.0,,3.0,33.0,1.06,2000.0,249.0,1.0,600.0,,1.0,,600.0,0.0,1.0,,,1.0,,,2018-09-26,2018-09-07,0.0,0.0,,,,0.0
600097.0,,3.0,36.0,3.49,6600.0,249.0,0.0,600.0,249.0,,,600.0,0.0,,1.0,,1.0,,,2018-09-26,2018-09-07,0.0,0.0,,,,0.0
600098.0,,3.0,45.0,3.49,6600.0,249.0,0.0,600.0,249.0,,,600.0,0.0,,1.0,,1.0,,,2018-09-26,2018-09-14,0.0,0.0,,,,0.0
600122.0,,3.0,51.0,1.59,3000.0,229.0,0.0,600.0,249.0,1.0,,600.0,0.0,1.0,,,1.0,,,2018-09-26,2018-09-20,0.0,0.0,,,,0.0
601033.0,,3.0,39.0,1.59,3000.0,249.0,0.0,601.0,249.0,,,601.0,0.0,1.0,,,1.0,,,2018-09-26,2018-09-08,0.0,0.0,,,,0.0
601034.0,,3.0,38.0,1.06,2000.0,249.0,0.0,601.0,249.0,,,601.0,0.0,1.0,,,1.0,,,2018-09-26,2018-09-08,0.0,0.0,,,,0.0
601039.0,,3.0,40.0,0.79,1500.0,249.0,0.0,601.0,249.0,,,601.0,0.0,1.0,,,1.0,,,2018-09-26,2018-09-09,0.0,0.0,,,,0.0
601042.0,,3.0,31.0,0.79,1500.0,249.0,0.0,601.0,249.0,,,601.0,0.0,1.0,,,1.0,,,2018-09-26,2018-09-07,0.0,0.0,,,,0.0
601052.0,,3.0,44.0,1.32,2500.0,249.0,0.0,601.0,249.0,,,601.0,0.0,1.0,,,1.0,,,2018-09-26,2018-09-14,0.0,0.0,,,,0.0
601060.0,,88.0,,1.59,3000.0,249.0,0.0,601.0,249.0,,,601.0,0.0,1.0,,,1.0,,,2018-09-26,2018-09-28,1.0,0.0,,,,0.0
601064.0,,3.0,41.0,1.06,2000.0,249.0,0.0,601.0,249.0,,,601.0,0.0,1.0,,,1.0,,,2018-09-26,2018-09-13,0.0,0.0,,,,0.0
601066.0,,3.0,26.0,0.79,1500.0,249.0,0.0,601.0,249.0,,,601.0,0.0,1.0,,,1.0,,,2018-09-26,2018-08-31,0.0,0.0,,,,0.0
601079.0,,3.0,50.0,1.06,2000.0,249.0,0.0,601.0,249.0,,,601.0,0.0,1.0,,,1.0,,,2018-09-26,2018-09-16,0.0,0.0,,,,0.0
601088.0,,3.0,37.0,4.66,8800.0,249.0,0.0,601.0,249.0,,,601.0,0.0,,1.0,,1.0,,,2018-09-26,2018-09-08,0.0,0.0,,,,0.0
601097.0,,3.0,47.0,0.79,1500.0,249.0,0.0,601.0,249.0,,,601.0,0.0,1.0,,,1.0,,,2018-09-26,2018-09-15,0.0,0.0,,,,0.0
601101.0,,3.0,24.0,1.32,2500.0,249.0,0.0,601.0,7.0,1.0,,601.0,0.0,1.0,,,3.0,1.0,,2018-09-26,2018-08-28,0.0,0.0,,,,0.0
601110.0,,3.0,46.0,3.49,6600.0,249.0,0.0,601.0,249.0,,,601.0,0.0,,1.0,,1.0,,,2018-09-26,2018-09-15,0.0,0.0,,,,0.0
601119.0,,3.0,52.0,1.06,2000.0,229.0,0.0,601.0,249.0,1.0,,601.0,0.0,1.0,,,1.0,,,2018-09-26,2018-09-21,0.0,0.0,,,,0.0
601124.0,,3.0,28.0,1.59,3000.0,249.0,1.0,601.0,,1.0,,601.0,0.0,1.0,,,1.0,,,2018-09-26,2018-09-06,0.0,0.0,,,,0.0
601126.0,,3.0,43.0,1.06,2000.0,249.0,0.0,601.0,249.0,,,601.0,0.0,1.0,,,1.0,,,2018-09-26,2018-09-13,0.0,0.0,,,,0.0
601128.0,,3.0,29.0,1.59,3000.0,249.0,1.0,601.0,,1.0,,601.0,0.0,1.0,,,1.0,,,2018-09-26,2018-09-06,0.0,0.0,,,,0.0
601135.0,,3.0,48.0,1.06,2000.0,249.0,0.0,601.0,249.0,,,601.0,0.0,1.0,,,1.0,,,2018-09-26,2018-09-15,0.0,0.0,,,,0.0
602001.0,,,112.0,3.49,6600.0,630.0,0.0,602.0,630.0,,,602.0,0.0,,1.0,,1.0,,,2018-10-24,2018-10-09,0.0,0.0,,,,0.0
602019.0,,,105.0,1.32,2500.0,630.0,0.0,602.0,630.0,,,602.0,0.0,1.0,,,1.0,,,2018-10-24,2018-10-07,0.0,0.0,,,,0.0
602021.0,,,104.0,0.79,1500.0,630.0,0.0,602.0,630.0,,,602.0,0.0,1.0,,,1.0,,,2018-10-24,2018-10-06,0.0,0.0,,,,0.0
603017.0,,27.0,93.0,1.06,2000.0,72.0,0.0,603.0,72.0,,,603.0,0.0,1.0,,,1.0,,,2018-11-28,2018-11-21,0.0,0.0,,,,0.0
603021.0,,27.0,85.0,1.06,2000.0,72.0,0.0,603.0,72.0,,,603.0,0.0,1.0,,,1.0,,,2018-11-28,2018-11-07,0.0,0.0,,,,0.0
603031.0,,27.0,92.0,0.79,1500.0,72.0,0.0,603.0,72.0,,,603.0,0.0,1.0,,,1.0,,,2018-11-28,2018-11-21,0.0,0.0,,,,0.0
603032.0,,27.0,84.0,1.06,2000.0,72.0,0.0,603.0,72.0,,,603.0,0.0,1.0,,,3.0,1.0,,2018-11-28,2018-10-30,0.0,0.0,,,,0.0
603038.0,,27.0,89.0,0.79,1500.0,72.0,0.0,603.0,72.0,,,603.0,0.0,1.0,,,1.0,,,2018-11-28,2018-11-15,0.0,0.0,,,,0.0
603052.0,,27.0,90.0,0.79,1500.0,230.0,0.0,603.0,230.0,,,603.0,0.0,1.0,,,1.0,,,2018-11-28,2018-11-19,0.0,0.0,,,,0.0
603062.0,,27.0,88.0,6.99,13200.0,72.0,0.0,603.0,72.0,,,603.0,0.0,,1.0,,1.0,,,2018-11-28,2018-11-11,0.0,0.0,,,,0.0
603086.0,,27.0,91.0,0.79,1500.0,230.0,0.0,603.0,230.0,,,603.0,0.0,1.0,,,1.0,,,2018-11-28,2018-11-19,0.0,0.0,,,,0.0
603088.0,,27.0,87.0,0.79,1500.0,230.0,0.0,603.0,230.0,,,603.0,0.0,1.0,,,1.0,,,2018-11-28,2018-11-09,0.0,0.0,,,,0.0
603120.0,,27.0,86.0,1.59,3000.0,72.0,0.0,603.0,72.0,,,603.0,0.0,1.0,,,1.0,,,2018-11-28,2018-11-07,0.0,0.0,,,,0.0
605019.0,,28.0,178.0,1.32,2500.0,,0.0,605.0,,1.0,,605.0,0.0,1.0,,,1.0,,,2018-08-15,2018-11-23,1.0,0.0,,,,0.0
605072.0,,9.0,,0.79,1500.0,90.0,0.0,605.0,,,,605.0,,,,,,,,2018-08-15,2018-07-20,0.0,0.0,,,,0.0
606017.0,,8.0,116.0,1.06,2000.0,9.0,0.0,606.0,9.0,,,606.0,0.0,1.0,,,1.0,,,2018-11-15,2018-11-14,0.0,0.0,,,,0.0
606064.0,,8.0,122.0,0.79,1500.0,37.0,0.0,606.0,37.0,,,606.0,0.0,1.0,,,1.0,,,2018-11-15,2018-11-15,0.0,0.0,,,,0.0
606068.0,,8.0,120.0,1.59,3000.0,37.0,0.0,606.0,37.0,,,606.0,0.0,1.0,,,1.0,,,2018-11-15,2018-11-14,0.0,0.0,,,,0.0
606079.0,,8.0,119.0,1.06,2000.0,9.0,0.0,606.0,9.0,,,606.0,0.0,1.0,,,1.0,,,2018-11-15,2018-11-14,0.0,0.0,,,,0.0
606095.0,,8.0,117.0,1.06,2000.0,37.0,0.0,606.0,37.0,,,606.0,0.0,1.0,,,1.0,,,2018-11-15,2018-11-14,0.0,0.0,,,,0.0
606117.0,,8.0,121.0,1.06,2000.0,9.0,0.0,606.0,9.0,,,606.0,0.0,1.0,,,1.0,,,2018-11-15,2018-11-14,0.0,0.0,,,,0.0
607001.0,,19.0,,1.06,2000.0,103.0,0.0,607.0,,,,607.0,,,,,,,,2018-08-15,2018-08-09,0.0,0.0,,,,0.0
607003.0,,19.0,,1.06,2000.0,22.0,0.0,607.0,,,,607.0,,,,,,,,2018-08-15,2018-08-09,0.0,0.0,,,,0.0
607042.0,,19.0,,3.49,6600.0,103.0,0.0,607.0,,,,607.0,,,,,,,,2018-08-15,2018-08-09,0.0,0.0,,,,0.0
607064.0,,19.0,,0.79,1500.0,22.0,0.0,607.0,,,,607.0,,,,,,,,2018-08-15,2018-08-09,0.0,0.0,,,,0.0
607065.0,,19.0,,0.79,1500.0,22.0,0.0,607.0,,,,607.0,,,,,,,,2018-08-15,2018-07-31,0.0,0.0,,,,0.0
607075.0,,19.0,,1.06,2000.0,22.0,0.0,607.0,,,,607.0,,,,,,,,2018-08-15,2018-07-31,0.0,0.0,,,,0.0
607089.0,,19.0,,1.59,3000.0,22.0,0.0,607.0,,,,607.0,,,,,,,,2018-08-15,2018-08-09,0.0,0.0,,,,0.0
607095.0,,19.0,,1.59,3000.0,103.0,0.0,607.0,,,,607.0,,,,,,,,2018-08-15,2018-07-28,0.0,0.0,,,,0.0
607103.0,,19.0,,1.59,3000.0,103.0,0.0,607.0,,,,607.0,,,,,,,,2018-08-15,2018-07-31,0.0,0.0,,,,0.0
607110.0,,19.0,,0.79,1500.0,22.0,0.0,607.0,,,,607.0,,,,,,,,2018-08-15,2018-07-31,0.0,0.0,,,,0.0
607111.0,,19.0,,1.32,2500.0,103.0,0.0,607.0,,,,607.0,,,,,,,,2018-08-15,2018-08-02,0.0,0.0,,,,0.0
608002.0,,19.0,152.0,5.82,11000.0,66.0,0.0,608.0,66.0,,,608.0,0.0,,1.0,,1.0,,,2018-11-20,2018-11-16,0.0,0.0,,,,0.0
608005.0,,19.0,158.0,1.06,2000.0,128.0,0.0,608.0,128.0,,,608.0,0.0,1.0,,,1.0,,,2018-11-20,2018-11-17,0.0,0.0,,,,0.0
608008.0,,19.0,173.0,1.59,3000.0,66.0,0.0,608.0,66.0,,,608.0,0.0,1.0,,,1.0,,,2018-11-20,2018-11-20,0.0,0.0,,,,0.0
608018.0,,19.0,174.0,1.59,3000.0,128.0,0.0,608.0,128.0,,,608.0,0.0,1.0,,,1.0,,,2018-11-20,2018-11-20,0.0,0.0,,,,0.0
608022.0,,19.0,175.0,1.32,2500.0,66.0,0.0,608.0,66.0,,,608.0,0.0,1.0,,,1.0,,,2018-11-20,2018-11-20,0.0,0.0,,,,0.0
608032.0,,19.0,184.0,1.06,2000.0,66.0,0.0,608.0,66.0,,,608.0,0.0,1.0,,,1.0,,,2018-11-20,2018-11-22,1.0,0.0,,,,0.0
608036.0,,19.0,176.0,1.06,2000.0,128.0,0.0,608.0,128.0,,,608.0,0.0,1.0,,,1.0,,,2018-11-20,2018-11-20,0.0,0.0,,,,0.0
608037.0,,19.0,147.0,1.32,2500.0,66.0,0.0,608.0,66.0,,,608.0,0.0,1.0,,,1.0,,,2018-11-20,2018-11-09,0.0,0.0,,,,0.0
608041.0,,19.0,178.0,1.32,2500.0,128.0,0.0,608.0,128.0,,,608.0,0.0,1.0,,,1.0,,,2018-11-20,2018-11-20,0.0,0.0,,,,0.0
608044.0,,19.0,153.0,1.32,2500.0,66.0,0.0,608.0,66.0,,,608.0,0.0,1.0,,,1.0,,,2018-11-20,2018-11-16,0.0,0.0,,,,0.0
608060.0,,19.0,188.0,0.79,1500.0,66.0,0.0,608.0,66.0,,,608.0,0.0,1.0,,,1.0,,,2018-11-20,2018-11-23,1.0,0.0,,,,0.0
608070.0,,19.0,177.0,1.32,2500.0,66.0,0.0,608.0,66.0,,,608.0,0.0,1.0,,,1.0,,,2018-11-20,2018-11-20,0.0,0.0,,,,0.0
608079.0,,19.0,159.0,0.79,1500.0,66.0,0.0,608.0,66.0,,,608.0,0.0,1.0,,,1.0,,,2018-11-20,2018-11-17,0.0,0.0,,,,0.0
608097.0,,19.0,163.0,0.79,1500.0,66.0,0.0,608.0,66.0,,,608.0,0.0,1.0,,,1.0,,,2018-11-20,2018-11-18,0.0,0.0,,,,0.0
608113.0,,19.0,179.0,0.79,1500.0,66.0,0.0,608.0,66.0,,,608.0,0.0,1.0,,,1.0,,,2018-11-20,2018-11-21,1.0,0.0,,,,0.0
608127.0,,19.0,162.0,1.59,3000.0,128.0,0.0,608.0,128.0,,,608.0,0.0,1.0,,,1.0,,,2018-11-20,2018-11-18,0.0,0.0,,,,0.0
608132.0,,19.0,187.0,1.32,2500.0,,0.0,608.0,,1.0,,608.0,0.0,1.0,,,1.0,,,2018-11-20,2018-11-23,1.0,0.0,,,,0.0
608139.0,,19.0,186.0,1.59,3000.0,66.0,0.0,608.0,66.0,,,608.0,0.0,1.0,,,1.0,,,2018-11-20,2018-11-23,1.0,0.0,,,,0.0
608160.0,,19.0,165.0,1.32,2500.0,66.0,0.0,608.0,66.0,,,608.0,0.0,1.0,,,1.0,,,2018-11-20,2018-11-18,0.0,0.0,,,,0.0
608162.0,,19.0,164.0,0.79,1500.0,128.0,0.0,608.0,128.0,,,608.0,0.0,1.0,,,1.0,,,2018-11-20,2018-11-18,0.0,0.0,,,,0.0
608173.0,,19.0,149.0,0.79,1500.0,128.0,0.0,608.0,128.0,,,608.0,0.0,1.0,,,1.0,,,2018-11-20,2018-11-14,0.0,0.0,,,,0.0
608180.0,,19.0,185.0,1.06,2000.0,128.0,0.0,608.0,128.0,,,608.0,0.0,1.0,,,1.0,,,2018-11-20,2018-11-22,1.0,0.0,,,,0.0
608186.0,,19.0,150.0,3.49,6600.0,66.0,0.0,608.0,66.0,,,608.0,0.0,,1.0,,1.0,,,2018-11-20,2018-11-14,0.0,0.0,,,,0.0
611009.0,,31.0,182.0,0.79,1500.0,75.0,0.0,611.0,75.0,,,611.0,0.0,1.0,,,,,,2018-09-12,2018-08-14,0.0,0.0,,,,0.0
611011.0,,29.0,120.0,0.79,1500.0,27.0,0.0,611.0,27.0,,,611.0,1.0,1.0,,,1.0,,,2018-09-12,2018-08-30,0.0,0.0,,,,0.0
611017.0,,31.0,187.0,1.06,2000.0,27.0,0.0,611.0,27.0,,,611.0,0.0,1.0,,,,,,2018-09-12,2018-08-23,0.0,0.0,,,,0.0
611024.0,,31.0,188.0,1.06,2000.0,75.0,0.0,611.0,75.0,,,611.0,0.0,1.0,,,1.0,,,2018-09-12,2018-08-27,0.0,0.0,,,,0.0
611028.0,,29.0,123.0,1.06,2000.0,75.0,0.0,611.0,75.0,,,611.0,0.0,1.0,,,1.0,,,2018-09-12,2018-09-06,0.0,0.0,,,,0.0
611032.0,,29.0,121.0,1.06,2000.0,75.0,0.0,611.0,75.0,,,611.0,0.0,1.0,,,1.0,,,2018-09-12,2018-09-04,0.0,0.0,,,,0.0
611169.0,,29.0,119.0,1.59,3000.0,27.0,0.0,611.0,27.0,,,611.0,0.0,1.0,,,1.0,,,2018-09-12,2018-08-30,0.0,0.0,,,,0.0
612005.0,,18.0,51.0,1.32,2500.0,228.0,0.0,612.0,228.0,,,612.0,0.0,1.0,,,1.0,,,2018-09-26,2018-09-01,0.0,0.0,,,,0.0
612078.0,,18.0,52.0,0.79,1500.0,608.0,0.0,612.0,608.0,,,612.0,1.0,1.0,,,1.0,,,2018-09-26,2018-09-11,0.0,0.0,,,,0.0
613019.0,,20.0,91.0,0.79,1500.0,255.0,0.0,613.0,255.0,,,613.0,0.0,1.0,,,1.0,,,2018-09-26,2018-08-28,0.0,0.0,,,,0.0
613127.0,,20.0,103.0,0.79,1500.0,255.0,0.0,613.0,255.0,,,613.0,0.0,1.0,,,1.0,,,2018-09-26,2018-09-13,0.0,0.0,,,,0.0
613132.0,,20.0,92.0,0.79,1500.0,655.0,0.0,613.0,655.0,,,613.0,0.0,1.0,,,1.0,,,2018-09-26,2018-08-29,0.0,0.0,,,,0.0
613136.0,,20.0,106.0,0.79,1500.0,655.0,0.0,613.0,655.0,,,613.0,0.0,1.0,,,1.0,,,2018-09-26,2018-09-15,0.0,0.0,,,,0.0
613143.0,,20.0,105.0,1.06,2000.0,255.0,0.0,613.0,255.0,,,613.0,0.0,1.0,,,1.0,,,2018-09-26,2018-09-14,0.0,0.0,,,,0.0
614002.0,,22.0,110.0,1.06,2000.0,99.0,0.0,614.0,99.0,,,614.0,0.0,1.0,,,1.0,,,2018-10-10,2018-09-22,0.0,0.0,,,,0.0
614004.0,,22.0,109.0,0.79,1500.0,66.0,0.0,614.0,66.0,,,614.0,0.0,1.0,,,1.0,,,2018-10-10,2018-09-22,0.0,0.0,,,,0.0
614010.0,,22.0,114.0,0.79,1500.0,66.0,0.0,614.0,66.0,,,614.0,1.0,1.0,,,1.0,,,2018-10-10,2018-09-25,0.0,0.0,,,,0.0
614014.0,,22.0,139.0,1.06,2000.0,66.0,0.0,614.0,66.0,,,614.0,0.0,1.0,,,1.0,,,2018-10-10,2018-10-03,0.0,0.0,,,,0.0
614015.0,,22.0,111.0,0.79,1500.0,66.0,0.0,614.0,66.0,,,614.0,0.0,1.0,,,1.0,,,2018-10-10,2018-09-22,0.0,0.0,,,,0.0
614023.0,,22.0,100.0,1.32,2500.0,66.0,0.0,614.0,66.0,,,614.0,1.0,1.0,,,1.0,,,2018-10-10,2018-09-20,0.0,0.0,,,,0.0
614025.0,,22.0,99.0,0.79,1500.0,99.0,0.0,614.0,99.0,,,614.0,0.0,1.0,,,1.0,,,2018-10-10,2018-09-20,0.0,0.0,,,,0.0
614038.0,,22.0,115.0,0.79,1500.0,66.0,0.0,614.0,66.0,,,614.0,0.0,1.0,,,1.0,,,2018-10-10,2018-09-25,0.0,0.0,,,,0.0
614040.0,,22.0,96.0,0.79,1500.0,66.0,0.0,614.0,66.0,,,614.0,0.0,1.0,,,3.0,1.0,,2018-10-10,2018-09-14,0.0,0.0,,,,0.0
614046.0,,22.0,116.0,1.32,2500.0,66.0,0.0,614.0,66.0,,,614.0,0.0,1.0,,,1.0,,,2018-10-10,2018-09-25,0.0,0.0,,,,0.0
614047.0,,29.0,174.0,1.06,2000.0,66.0,0.0,614.0,66.0,,,614.0,0.0,1.0,,,1.0,,,2018-10-10,2018-10-19,1.0,0.0,,,,0.0
614075.0,,29.0,169.0,0.79,1500.0,66.0,0.0,614.0,66.0,,,614.0,0.0,1.0,,,1.0,,,2018-10-10,2018-10-18,1.0,0.0,,,,0.0
614102.0,,29.0,187.0,1.59,3000.0,,0.0,614.0,66.0,1.0,,614.0,0.0,1.0,,,1.0,,,2018-10-10,2018-11-02,1.0,0.0,,,,0.0
614130.0,,29.0,184.0,1.06,2000.0,,0.0,614.0,66.0,1.0,,614.0,0.0,1.0,,,1.0,,,2018-10-10,2018-10-31,1.0,0.0,,,,0.0
614137.0,,22.0,130.0,0.79,1500.0,66.0,0.0,614.0,66.0,,,614.0,1.0,1.0,,,1.0,,,2018-10-10,2018-10-01,0.0,0.0,,,,0.0
614138.0,,22.0,129.0,1.06,2000.0,66.0,0.0,614.0,99.0,1.0,,614.0,1.0,1.0,,,1.0,,,2018-10-10,2018-10-01,0.0,0.0,,,,0.0
615009.0,,2.0,120.0,1.32,2500.0,630.0,0.0,615.0,630.0,,,615.0,0.0,1.0,,,1.0,,,2018-09-26,2018-09-21,0.0,0.0,,,,0.0
615011.0,,2.0,91.0,0.79,1500.0,630.0,0.0,615.0,630.0,,,615.0,0.0,1.0,,,1.0,,,2018-09-26,2018-09-04,0.0,0.0,,,,0.0
615021.0,,2.0,92.0,0.79,1500.0,230.0,0.0,615.0,230.0,,,615.0,0.0,1.0,,,1.0,,,2018-09-26,2018-09-04,0.0,0.0,,,,0.0
615026.0,,2.0,104.0,1.06,2000.0,630.0,0.0,615.0,630.0,,,615.0,0.0,1.0,,,1.0,,,2018-09-26,2018-09-14,0.0,0.0,,,,0.0
615029.0,,2.0,105.0,0.79,1500.0,230.0,0.0,615.0,230.0,,,615.0,0.0,1.0,,,1.0,,,2018-09-26,2018-09-14,0.0,0.0,,,,0.0
615031.0,,2.0,103.0,0.79,1500.0,230.0,0.0,615.0,230.0,,,615.0,0.0,1.0,,,1.0,,,2018-09-26,2018-09-14,0.0,0.0,,,,0.0
615036.0,,2.0,95.0,0.79,1500.0,230.0,0.0,615.0,230.0,,,615.0,0.0,1.0,,,1.0,,,2018-09-26,2018-09-06,0.0,0.0,,,,0.0
615037.0,,2.0,111.0,0.79,1500.0,630.0,0.0,615.0,630.0,,,615.0,0.0,1.0,,,1.0,,,2018-09-26,2018-09-15,0.0,0.0,,,,0.0
615038.0,,,103.0,0.79,1500.0,230.0,0.0,615.0,230.0,,,615.0,0.0,1.0,,,1.0,,,2018-09-26,2018-10-04,1.0,0.0,,,,0.0
615039.0,,2.0,94.0,1.06,2000.0,630.0,0.0,615.0,630.0,,,615.0,0.0,1.0,,,1.0,,,2018-09-26,2018-09-05,0.0,0.0,,,,0.0
615050.0,,2.0,112.0,1.06,2000.0,630.0,0.0,615.0,630.0,,,615.0,0.0,1.0,,,1.0,,,2018-09-26,2018-09-17,0.0,0.0,,,,0.0
615055.0,,2.0,97.0,1.06,2000.0,230.0,0.0,615.0,230.0,,,615.0,0.0,1.0,,,1.0,,,2018-09-26,2018-09-07,0.0,0.0,,,,0.0
615072.0,,2.0,106.0,0.79,1500.0,630.0,0.0,615.0,630.0,,,615.0,0.0,1.0,,,1.0,,,2018-09-26,2018-09-14,0.0,0.0,,,,0.0
615112.0,,2.0,107.0,1.59,3000.0,630.0,0.0,615.0,630.0,,,615.0,0.0,1.0,,,1.0,,,2018-09-26,2018-09-14,0.0,0.0,,,,0.0
615129.0,,2.0,110.0,1.06,2000.0,630.0,0.0,615.0,630.0,,,615.0,0.0,1.0,,,1.0,,,2018-09-26,2018-09-15,0.0,0.0,,,,0.0
615131.0,,2.0,114.0,1.06,2000.0,630.0,0.0,615.0,630.0,,,615.0,0.0,1.0,,,1.0,,,2018-09-26,2018-09-17,0.0,0.0,,,,0.0
615161.0,,2.0,119.0,0.79,1500.0,630.0,0.0,615.0,630.0,,,615.0,0.0,1.0,,,1.0,,,2018-09-26,2018-09-21,0.0,0.0,,,,0.0
615175.0,,2.0,100.0,0.79,1500.0,630.0,0.0,615.0,630.0,,,615.0,0.0,1.0,,,1.0,,,2018-09-26,2018-09-08,0.0,0.0,,,,0.0
615181.0,,2.0,109.0,1.06,2000.0,630.0,0.0,615.0,630.0,,,615.0,0.0,1.0,,,1.0,,,2018-09-26,2018-09-14,0.0,0.0,,,,0.0
615201.0,,2.0,113.0,1.32,2500.0,630.0,0.0,615.0,630.0,,,615.0,0.0,1.0,,,1.0,,,2018-09-26,2018-09-17,0.0,0.0,,,,0.0
615202.0,,2.0,102.0,0.79,1500.0,630.0,0.0,615.0,630.0,,,615.0,0.0,1.0,,,1.0,,,2018-09-26,2018-09-14,0.0,0.0,,,,0.0
615203.0,,2.0,108.0,0.79,1500.0,630.0,0.0,615.0,630.0,,,615.0,0.0,1.0,,,1.0,,,2018-09-26,2018-09-14,0.0,0.0,,,,0.0
615204.0,,2.0,99.0,1.59,3000.0,230.0,0.0,615.0,230.0,,,615.0,0.0,1.0,,,1.0,,,2018-09-26,2018-09-07,0.0,0.0,,,,0.0
615210.0,,2.0,118.0,1.06,2000.0,630.0,0.0,615.0,630.0,,,615.0,0.0,1.0,,,1.0,,,2018-09-26,2018-09-21,0.0,0.0,,,,0.0
616044.0,,,114.0,0.79,1500.0,630.0,0.0,616.0,630.0,,,616.0,0.0,1.0,,,1.0,,,2018-10-24,2018-10-12,0.0,0.0,,,,0.0
616105.0,,,113.0,1.06,2000.0,630.0,0.0,616.0,630.0,,,616.0,0.0,1.0,,,1.0,,,2018-10-24,2018-10-12,0.0,0.0,,,,0.0
616137.0,,33.0,121.0,4.66,8800.0,630.0,1.0,616.0,630.0,,,616.0,0.0,,1.0,,1.0,,,2018-10-24,2018-10-19,0.0,0.0,,,,0.0
616160.0,,,117.0,0.79,1500.0,630.0,0.0,616.0,630.0,,,616.0,0.0,1.0,,,1.0,,,2018-10-24,2018-10-14,0.0,0.0,,,,0.0
616162.0,,,115.0,1.59,3000.0,630.0,0.0,616.0,630.0,,,616.0,0.0,1.0,,,1.0,,,2018-10-24,2018-10-12,0.0,0.0,,,,0.0
616165.0,,,102.0,0.79,1500.0,630.0,0.0,616.0,630.0,,,616.0,0.0,1.0,,,1.0,,,2018-10-24,2018-10-01,0.0,0.0,,,,0.0
616171.0,,,100.0,1.06,2000.0,630.0,0.0,616.0,630.0,,,616.0,0.0,1.0,,,3.0,1.0,,2018-10-24,2018-09-26,0.0,0.0,,,,0.0
616180.0,,33.0,120.0,0.79,1500.0,630.0,1.0,616.0,630.0,,,616.0,0.0,1.0,,,1.0,,,2018-10-24,2018-10-18,0.0,0.0,,,,0.0
616182.0,,,116.0,1.06,2000.0,630.0,0.0,616.0,630.0,,,616.0,0.0,1.0,,,1.0,,,2018-10-24,2018-10-13,0.0,0.0,,,,0.0
616184.0,,33.0,119.0,0.79,1500.0,630.0,1.0,616.0,630.0,,,616.0,1.0,1.0,,,1.0,,,2018-10-24,2018-10-18,0.0,0.0,,,,0.0
616186.0,,,101.0,0.79,1500.0,630.0,0.0,616.0,630.0,,,616.0,0.0,1.0,,,1.0,,,2018-10-24,2018-10-01,0.0,0.0,,,,0.0
617108.0,,8.0,124.0,1.06,2000.0,37.0,0.0,617.0,37.0,,,617.0,0.0,1.0,,,1.0,,,2018-11-15,2018-11-17,1.0,0.0,,,,0.0
617131.0,,8.0,125.0,1.59,3000.0,37.0,0.0,617.0,37.0,,,617.0,0.0,1.0,,,1.0,,,2018-11-15,2018-11-17,1.0,0.0,,,,0.0
617141.0,,8.0,115.0,0.79,1500.0,9.0,0.0,617.0,9.0,,,617.0,0.0,1.0,,,1.0,,,2018-11-15,2018-11-09,0.0,0.0,,,,0.0
617158.0,,8.0,127.0,4.66,8800.0,37.0,0.0,617.0,37.0,,,617.0,0.0,,1.0,,1.0,,,2018-11-15,2018-11-17,1.0,0.0,,,,0.0
617163.0,,8.0,129.0,5.82,11000.0,37.0,0.0,617.0,37.0,,,617.0,0.0,,1.0,,1.0,,,2018-11-15,2018-11-17,1.0,0.0,,,,0.0
618054.0,,2.0,96.0,3.49,6600.0,630.0,0.0,618.0,630.0,,,618.0,0.0,,1.0,,1.0,,,2018-09-26,2018-09-06,0.0,0.0,,,,0.0
618069.0,,2.0,98.0,1.32,2500.0,630.0,0.0,618.0,630.0,,,618.0,0.0,1.0,,,1.0,,,2018-09-26,2018-09-07,0.0,0.0,,,,0.0
618070.0,,33.0,118.0,0.79,1500.0,630.0,1.0,618.0,630.0,,,618.0,0.0,1.0,,,1.0,,,2018-09-26,2018-10-17,1.0,0.0,,,,0.0
618074.0,,2.0,117.0,0.79,1500.0,630.0,0.0,618.0,630.0,,,618.0,0.0,1.0,,,1.0,,,2018-09-26,2018-09-21,0.0,0.0,,,,0.0
618084.0,,2.0,115.0,1.32,2500.0,630.0,0.0,618.0,630.0,,,618.0,0.0,1.0,,,1.0,,,2018-09-26,2018-09-19,0.0,0.0,,,,0.0
618086.0,,2.0,116.0,1.32,2500.0,630.0,0.0,618.0,630.0,,,618.0,0.0,1.0,,,1.0,,,2018-09-26,2018-09-20,0.0,0.0,,,,0.0
619030.0,,46.0,86.0,1.06,2000.0,98.0,0.0,619.0,89.0,1.0,,619.0,0.0,1.0,,,,,,2018-08-01,2018-08-23,1.0,0.0,,,,0.0
619108.0,,37.0,84.0,1.06,2000.0,369.0,0.0,619.0,369.0,,,619.0,0.0,1.0,,,,,,2018-08-01,2018-08-08,1.0,0.0,,,,0.0
619124.0,,46.0,87.0,3.49,6600.0,98.0,0.0,619.0,89.0,1.0,,619.0,0.0,,1.0,,,,,2018-08-01,2018-08-23,1.0,0.0,,,,0.0
620028.0,,12.0,141.0,1.06,2000.0,82.0,0.0,620.0,82.0,,,620.0,0.0,1.0,,,1.0,,,2018-11-15,2018-11-15,0.0,0.0,,,,0.0
620097.0,,12.0,142.0,1.06,2000.0,27.0,0.0,620.0,27.0,,,620.0,0.0,1.0,,,1.0,,,2018-11-15,2018-11-15,0.0,0.0,,,,0.0
620122.0,,12.0,127.0,1.32,2500.0,27.0,0.0,620.0,27.0,,,620.0,0.0,1.0,,,1.0,,,2018-11-15,2018-11-09,0.0,0.0,,,,0.0
621017.0,,2.0,136.0,0.79,1500.0,265.0,1.0,621.0,265.0,,,621.0,0.0,1.0,,,1.0,,,2018-11-21,2018-11-01,0.0,0.0,,,,0.0
621039.0,,2.0,140.0,1.06,2000.0,665.0,0.0,621.0,665.0,,,621.0,0.0,1.0,,,1.0,,,2018-11-21,2018-11-05,0.0,0.0,,,,0.0
621050.0,,2.0,135.0,0.79,1500.0,665.0,0.0,621.0,665.0,,,621.0,0.0,1.0,,,1.0,,,2018-11-21,2018-11-01,0.0,0.0,,,,0.0
621057.0,,2.0,138.0,0.79,1500.0,665.0,0.0,621.0,665.0,,,621.0,0.0,1.0,,,1.0,,,2018-11-21,2018-11-02,0.0,0.0,,,,0.0
621062.0,,2.0,143.0,1.32,2500.0,665.0,0.0,621.0,665.0,,,621.0,0.0,1.0,,,1.0,,,2018-11-21,2018-11-05,0.0,0.0,,,,0.0
621069.0,,2.0,132.0,1.06,2000.0,665.0,0.0,621.0,665.0,,,621.0,0.0,1.0,,,1.0,,,2018-11-21,2018-10-29,0.0,0.0,,,,0.0
621073.0,,2.0,141.0,1.06,2000.0,265.0,0.0,621.0,265.0,,,621.0,0.0,1.0,,,1.0,,,2018-11-21,2018-11-05,0.0,0.0,,,,0.0
621078.0,,2.0,131.0,0.79,1500.0,265.0,0.0,621.0,265.0,,,621.0,0.0,1.0,,,1.0,,,2018-11-21,2018-10-27,0.0,0.0,,,,0.0
621086.0,,2.0,137.0,0.79,1500.0,665.0,0.0,621.0,665.0,,,621.0,0.0,1.0,,,1.0,,,2018-11-21,2018-11-02,0.0,0.0,,,,0.0
621087.0,,2.0,157.0,0.79,1500.0,265.0,0.0,621.0,265.0,,,621.0,0.0,1.0,,,1.0,,,2018-11-21,2018-11-15,0.0,0.0,,,,0.0
621094.0,,2.0,158.0,1.06,2000.0,665.0,0.0,621.0,665.0,,,621.0,0.0,1.0,,,1.0,,,2018-11-21,2018-11-16,0.0,0.0,,,,0.0
621096.0,,2.0,155.0,0.79,1500.0,625.0,0.0,621.0,625.0,,,621.0,0.0,1.0,,,1.0,,,2018-11-21,2018-11-12,0.0,0.0,,,,0.0
621098.0,,2.0,159.0,0.79,1500.0,665.0,0.0,621.0,665.0,,,621.0,0.0,1.0,,,1.0,,,2018-11-21,2018-11-16,0.0,0.0,,,,0.0
621107.0,,2.0,139.0,0.79,1500.0,265.0,0.0,621.0,265.0,,,621.0,0.0,1.0,,,1.0,,,2018-11-21,2018-11-02,0.0,0.0,,,,0.0
621109.0,,2.0,130.0,0.79,1500.0,665.0,0.0,621.0,665.0,,,621.0,0.0,1.0,,,1.0,,,2018-11-21,2018-10-27,0.0,0.0,,,,0.0
621110.0,,2.0,129.0,1.59,3000.0,265.0,0.0,621.0,265.0,,,621.0,0.0,1.0,,,1.0,,,2018-11-21,2018-10-26,0.0,0.0,,,,0.0
621156.0,,2.0,154.0,1.59,3000.0,265.0,0.0,621.0,265.0,,,621.0,0.0,1.0,,,1.0,,,2018-11-21,2018-11-12,0.0,0.0,,,,0.0
621158.0,,2.0,142.0,1.59,3000.0,665.0,0.0,621.0,665.0,,,621.0,0.0,1.0,,,1.0,,,2018-11-21,2018-11-05,0.0,0.0,,,,0.0
621163.0,,2.0,134.0,1.32,2500.0,265.0,0.0,621.0,265.0,,,621.0,0.0,1.0,,,1.0,,,2018-11-21,2018-11-01,0.0,0.0,,,,0.0
621172.0,,2.0,160.0,1.59,3000.0,665.0,0.0,621.0,665.0,,,621.0,0.0,1.0,,,1.0,,,2018-11-21,2018-11-17,0.0,0.0,,,,0.0
622012.0,,20.0,,0.79,1500.0,265.0,0.0,622.0,,,,622.0,,,,,,,,2018-07-24,2018-06-29,0.0,0.0,,,,0.0
622021.0,,20.0,,1.06,2000.0,665.0,0.0,622.0,,,,622.0,,,,,,,,2018-07-24,2018-06-25,0.0,0.0,,,,0.0
622027.0,,20.0,,1.32,2500.0,665.0,0.0,622.0,,,,622.0,,,,,,,,2018-07-24,2018-07-20,0.0,0.0,,,,0.0
622028.0,,20.0,,0.79,1500.0,265.0,0.0,622.0,,,,622.0,,,,,,,,2018-07-24,2018-07-20,0.0,0.0,,,,0.0
622029.0,,20.0,,0.79,1500.0,665.0,0.0,622.0,,,,622.0,,,,,,,,2018-07-24,2018-07-07,0.0,0.0,,,,0.0
622034.0,,20.0,,1.59,3000.0,265.0,0.0,622.0,,,,622.0,,,,,,,,2018-07-24,2018-07-09,0.0,0.0,,,,0.0
622036.0,,20.0,,1.32,2500.0,665.0,0.0,622.0,,,,622.0,,,,,,,,2018-07-24,2018-06-28,0.0,0.0,,,,0.0
622047.0,,20.0,,1.32,2500.0,265.0,0.0,622.0,,,,622.0,,,,,,,,2018-07-24,2018-07-16,0.0,0.0,,,,0.0
622048.0,,20.0,,0.79,1500.0,265.0,0.0,622.0,,,,622.0,,,,,,,,2018-07-24,2018-07-04,0.0,0.0,,,,0.0
622053.0,,20.0,,1.59,3000.0,665.0,0.0,622.0,,,,622.0,,,,,,,,2018-07-24,2018-06-27,0.0,0.0,,,,0.0
622055.0,,20.0,,0.79,1500.0,665.0,0.0,622.0,,,,622.0,,,,,,,,2018-07-24,2018-07-16,0.0,0.0,,,,0.0
622056.0,,20.0,,1.32,2500.0,265.0,0.0,622.0,,,,622.0,,,,,,,,2018-07-24,2018-07-18,0.0,0.0,,,,0.0
622060.0,,20.0,,1.06,2000.0,665.0,0.0,622.0,,,,622.0,,,,,,,,2018-07-24,2018-06-30,0.0,0.0,,,,0.0
622062.0,,20.0,,1.32,2500.0,665.0,0.0,622.0,,,,622.0,,,,,,,,2018-07-24,2018-07-09,0.0,0.0,,,,0.0
622063.0,,20.0,,1.06,2000.0,265.0,0.0,622.0,,,,622.0,,,,,,,,2018-07-24,2018-07-11,0.0,0.0,,,,0.0
622064.0,,20.0,,1.59,3000.0,265.0,0.0,622.0,,,,622.0,,,,,,,,2018-07-24,2018-07-16,0.0,0.0,,,,0.0
622068.0,,20.0,,1.06,2000.0,265.0,0.0,622.0,,,,622.0,,,,,,,,2018-07-24,2018-06-28,0.0,0.0,,,,0.0
622071.0,,20.0,,1.06,2000.0,265.0,0.0,622.0,,,,622.0,,,,,,,,2018-07-24,2018-07-21,0.0,0.0,,,,0.0
622073.0,,20.0,,1.06,2000.0,665.0,0.0,622.0,,,,622.0,,,,,,,,2018-07-24,2018-07-09,0.0,0.0,,,,0.0
622077.0,,20.0,,0.79,1500.0,265.0,0.0,622.0,,,,622.0,,,,,,,,2018-07-24,2018-07-16,0.0,0.0,,,,0.0
622078.0,,20.0,,1.59,3000.0,665.0,0.0,622.0,,,,622.0,,,,,,,,2018-07-24,2018-07-10,0.0,0.0,,,,0.0
622081.0,,20.0,,0.79,1500.0,265.0,0.0,622.0,,,,622.0,,,,,,,,2018-07-24,2018-06-26,0.0,0.0,,,,0.0
623034.0,,11.0,46.0,0.79,1500.0,,0.0,623.0,,1.0,,623.0,1.0,1.0,,,1.0,,,2018-11-20,2018-11-10,0.0,0.0,,,,0.0
623094.0,,11.0,45.0,1.06,2000.0,101.0,1.0,623.0,101.0,,,623.0,0.0,1.0,,,3.0,1.0,,2018-11-20,2018-11-08,0.0,0.0,,,,0.0
624006.0,,99.0,,4.66,8800.0,,0.0,624.0,,,,624.0,,,,,,,,2018-07-15,2018-07-20,1.0,0.0,,,,0.0
624049.0,,22.0,,3.49,6600.0,47.0,0.0,624.0,,,,624.0,,,,,,,,2018-07-15,2018-07-10,0.0,0.0,,,,0.0
624054.0,,22.0,,4.66,8800.0,8.0,0.0,624.0,,,,624.0,,,,,,,,2018-07-15,2018-07-10,0.0,0.0,,,,0.0
624091.0,,22.0,,1.06,2000.0,47.0,0.0,624.0,,,,624.0,,,,,,,,2018-07-15,2018-06-26,0.0,0.0,,,,0.0
625005.0,,32.0,96.0,5.82,11000.0,25.0,0.0,625.0,25.0,,,625.0,1.0,,1.0,,1.0,,,2018-11-07,2018-10-29,0.0,0.0,,,,0.0
625019.0,,32.0,108.0,1.59,3000.0,20.0,0.0,625.0,20.0,,,625.0,0.0,1.0,,,1.0,,,2018-11-07,2018-10-30,0.0,0.0,,,,0.0
625032.0,,32.0,100.0,3.49,6600.0,20.0,0.0,625.0,20.0,,,625.0,1.0,,1.0,,1.0,,,2018-11-07,2018-10-29,0.0,0.0,,,,0.0
625056.0,,32.0,97.0,1.32,2500.0,20.0,0.0,625.0,20.0,,,625.0,0.0,1.0,,,1.0,,,2018-11-07,2018-10-29,0.0,0.0,,,,0.0
625078.0,,32.0,99.0,1.59,3000.0,20.0,0.0,625.0,20.0,,,625.0,0.0,1.0,,,1.0,,,2018-11-07,2018-10-29,0.0,0.0,,,,0.0
625080.0,,32.0,98.0,0.79,1500.0,25.0,0.0,625.0,25.0,,,625.0,0.0,1.0,,,1.0,,,2018-11-07,2018-10-29,0.0,0.0,,,,0.0
626001.0,,46.0,88.0,0.79,1500.0,98.0,0.0,626.0,89.0,1.0,,626.0,0.0,1.0,,,,,,2018-08-01,2018-08-23,1.0,0.0,,,,0.0
626085.0,,46.0,85.0,1.32,2500.0,98.0,0.0,626.0,89.0,1.0,,626.0,0.0,1.0,,,,,,2018-08-01,2018-08-18,1.0,0.0,,,,0.0
627001.0,,1.0,,1.06,2000.0,91.0,0.0,627.0,,,,627.0,,,,,,,,2018-08-01,2018-07-09,0.0,0.0,,,,0.0
627002.0,,1.0,,3.49,6600.0,91.0,0.0,627.0,,,,627.0,,,,,,,,2018-08-01,2018-07-13,0.0,0.0,,,,0.0
627003.0,,99.0,,5.82,11000.0,,0.0,627.0,,,,627.0,,,,,,,,2018-08-01,2018-07-19,0.0,0.0,,,,0.0
627024.0,,1.0,,3.49,6600.0,91.0,0.0,627.0,,,,627.0,,,,,,,,2018-08-01,2018-07-21,0.0,0.0,,,,0.0
627029.0,,1.0,,4.66,8800.0,91.0,0.0,627.0,,,,627.0,,,,,,,,2018-08-01,2018-07-11,0.0,0.0,,,,0.0
627031.0,,1.0,,1.32,2500.0,273.0,0.0,627.0,,,,627.0,,,,,,,,2018-08-01,2018-07-10,0.0,0.0,,,,0.0
628009.0,,53.0,,0.79,1500.0,37.0,0.0,628.0,37.0,,,628.0,0.0,1.0,,,3.0,1.0,,2018-11-07,2018-10-11,0.0,0.0,,,,0.0
628030.0,,53.0,,0.79,1500.0,30.0,0.0,628.0,30.0,,,628.0,0.0,1.0,,,1.0,,,2018-11-07,2018-10-24,0.0,0.0,,,,0.0
628046.0,,53.0,180.0,1.06,2000.0,30.0,0.0,628.0,30.0,,,628.0,0.0,1.0,,,1.0,,,2018-11-07,2018-10-29,0.0,0.0,,,,0.0
628050.0,,53.0,,1.06,2000.0,30.0,0.0,628.0,30.0,,,628.0,0.0,1.0,,,1.0,,,2018-11-07,2018-10-24,0.0,0.0,,,,0.0
628057.0,,53.0,,6.99,13200.0,37.0,0.0,628.0,37.0,,,628.0,0.0,,1.0,,1.0,,,2018-11-07,2018-10-22,0.0,0.0,,,,0.0
629007.0,,34.0,,3.49,6600.0,45.0,0.0,629.0,,,,629.0,,,,,,,,2018-07-15,2018-06-30,0.0,0.0,,,,0.0
629029.0,,34.0,,0.79,1500.0,14.0,0.0,629.0,,,,629.0,,,,,,,,2018-07-15,2018-07-04,0.0,0.0,,,,0.0
631001.0,,99.0,56.0,5.82,11000.0,,1.0,631.0,,1.0,,631.0,0.0,,1.0,,1.0,,,2018-08-15,2018-08-30,1.0,0.0,,,,0.0
631003.0,,99.0,57.0,6.99,13200.0,,1.0,631.0,,1.0,,631.0,0.0,,1.0,,1.0,,,2018-08-15,2018-08-30,1.0,0.0,,,,0.0
631004.0,,42.0,,0.79,1500.0,58.0,0.0,631.0,,,,631.0,,,,,,,,2018-08-15,2018-08-02,0.0,0.0,,,,0.0
631006.0,,42.0,,0.79,1500.0,71.0,0.0,631.0,,,,631.0,,,,,,,,2018-08-15,2018-08-02,0.0,0.0,,,,0.0
631007.0,,8.0,,1.06,2000.0,71.0,0.0,631.0,,,,631.0,,,,,,,,2018-08-15,2018-07-19,0.0,0.0,,,,0.0
631009.0,,42.0,,6.99,13200.0,58.0,0.0,631.0,,,,631.0,,,,,,,,2018-08-15,2018-08-08,0.0,0.0,,,,0.0
631010.0,,8.0,,0.79,1500.0,58.0,0.0,631.0,,,,631.0,,,,,,,,2018-08-15,2018-07-19,0.0,0.0,,,,0.0
631013.0,,8.0,,0.79,1500.0,71.0,0.0,631.0,,,,631.0,,,,,,,,2018-08-15,2018-07-19,0.0,0.0,,,,0.0
631021.0,,42.0,,1.06,2000.0,58.0,0.0,631.0,,,,631.0,,,,,,,,2018-08-15,2018-08-06,0.0,0.0,,,,0.0
631032.0,,42.0,,1.32,2500.0,71.0,0.0,631.0,,,,631.0,,,,,,,,2018-08-15,2018-08-02,0.0,0.0,,,,0.0
631047.0,,42.0,,1.59,3000.0,58.0,0.0,631.0,,,,631.0,,,,,,,,2018-08-15,2018-08-10,0.0,0.0,,,,0.0
631053.0,,42.0,,0.79,1500.0,58.0,0.0,631.0,,,,631.0,,,,,,,,2018-08-15,2018-08-02,0.0,0.0,,,,0.0
631054.0,,42.0,,1.32,2500.0,71.0,0.0,631.0,,,,631.0,,,,,,,,2018-08-15,2018-08-10,0.0,0.0,,,,0.0
631063.0,,42.0,,3.49,6600.0,71.0,0.0,631.0,,,,631.0,,,,,,,,2018-08-15,2018-08-10,0.0,0.0,,,,0.0
631071.0,,42.0,,1.06,2000.0,71.0,0.0,631.0,,,,631.0,,,,,,,,2018-08-15,2018-08-02,0.0,0.0,,,,0.0
631079.0,,42.0,,1.32,2500.0,71.0,0.0,631.0,,,,631.0,,,,,,,,2018-08-15,2018-08-10,0.0,0.0,,,,0.0
631087.0,,42.0,,1.59,3000.0,71.0,0.0,631.0,,,,631.0,,,,,,,,2018-08-15,2018-08-08,0.0,0.0,,,,0.0
631089.0,,42.0,,0.79,1500.0,58.0,0.0,631.0,,,,631.0,,,,,,,,2018-08-15,2018-08-10,0.0,0.0,,,,0.0
631092.0,,42.0,,1.06,2000.0,58.0,0.0,631.0,,,,631.0,,,,,,,,2018-08-15,2018-08-06,0.0,0.0,,,,0.0
631093.0,,42.0,,1.06,2000.0,,0.0,631.0,,1.0,,631.0,0.0,1.0,,,1.0,,,2018-08-15,,1.0,0.0,,,,0.0
632001.0,,24.0,31885.0,0.79,1500.0,30.0,0.0,632.0,30.0,,,632.0,0.0,1.0,,,1.0,,,2018-11-20,2018-11-15,0.0,0.0,,,,0.0
633015.0,,8.0,92.0,3.49,6600.0,35.0,0.0,633.0,35.0,,,633.0,0.0,,1.0,,1.0,,,2018-10-10,2018-10-01,0.0,0.0,,,,0.0
633046.0,,8.0,80.0,1.32,2500.0,35.0,0.0,633.0,35.0,,,633.0,0.0,1.0,,,1.0,,,2018-10-10,2018-09-20,0.0,0.0,,,,0.0
633071.0,,8.0,83.0,5.82,11000.0,35.0,0.0,633.0,35.0,,,633.0,0.0,,1.0,,1.0,,,2018-10-10,2018-09-22,0.0,0.0,,,,0.0
633075.0,,8.0,89.0,0.79,1500.0,,0.0,633.0,,1.0,,633.0,0.0,1.0,,,1.0,,,2018-10-10,2018-09-29,0.0,0.0,,,,0.0
633080.0,,8.0,88.0,1.59,3000.0,35.0,0.0,633.0,35.0,,,633.0,0.0,1.0,,,1.0,,,2018-10-10,2018-09-29,0.0,0.0,,,,0.0
633092.0,,8.0,78.0,1.32,2500.0,35.0,0.0,633.0,35.0,,,633.0,0.0,1.0,,,3.0,1.0,,2018-10-10,2018-09-15,0.0,0.0,,,,0.0
633096.0,,8.0,94.0,0.79,1500.0,35.0,0.0,633.0,35.0,,,633.0,0.0,1.0,,,1.0,,,2018-10-10,2018-10-04,0.0,0.0,,,,0.0
633155.0,,8.0,84.0,1.06,2000.0,44.0,0.0,633.0,44.0,,,633.0,0.0,1.0,,,1.0,,,2018-10-10,2018-09-22,0.0,0.0,,,,0.0
633156.0,,8.0,81.0,3.49,6600.0,35.0,0.0,633.0,35.0,,,633.0,0.0,,1.0,,1.0,,,2018-10-10,2018-09-20,0.0,0.0,,,,0.0
633163.0,,8.0,82.0,1.32,2500.0,35.0,0.0,633.0,35.0,,,633.0,0.0,1.0,,,1.0,,,2018-10-10,2018-09-20,0.0,0.0,,,,0.0
633171.0,,8.0,91.0,1.06,2000.0,35.0,0.0,633.0,35.0,,,633.0,0.0,1.0,,,1.0,,,2018-10-10,2018-09-29,0.0,0.0,,,,0.0
634004.0,,3.0,53.0,1.32,2500.0,629.0,1.0,634.0,634.0,1.0,,634.0,0.0,1.0,,,1.0,,,2018-10-24,2018-09-25,0.0,0.0,,,,0.0
634012.0,,,69.0,1.32,2500.0,629.0,0.0,634.0,629.0,,,634.0,0.0,1.0,,,1.0,,,2018-10-24,2018-10-13,0.0,0.0,,,,0.0
634014.0,,,68.0,0.79,1500.0,229.0,0.0,634.0,229.0,,,634.0,0.0,1.0,,,1.0,,,2018-10-24,2018-10-13,0.0,0.0,,,,0.0
634078.0,,,55.0,0.79,1500.0,229.0,0.0,634.0,229.0,,,634.0,0.0,1.0,,,1.0,,,2018-10-24,2018-10-02,0.0,0.0,,,,0.0
634084.0,,3.0,54.0,1.06,2000.0,229.0,1.0,634.0,634.0,1.0,,634.0,0.0,1.0,,,3.0,1.0,,2018-10-24,2018-09-25,0.0,0.0,,,,0.0
634090.0,,3.0,70.0,0.79,1500.0,229.0,1.0,634.0,229.0,,,634.0,0.0,1.0,,,1.0,,,2018-10-24,2018-10-17,0.0,0.0,,,,0.0
634100.0,,3.0,72.0,1.32,2500.0,229.0,1.0,634.0,229.0,,,634.0,0.0,1.0,,,1.0,,,2018-10-24,2018-10-19,0.0,0.0,,,,0.0
634106.0,,,58.0,1.59,3000.0,629.0,0.0,634.0,629.0,,,634.0,0.0,1.0,,,1.0,,,2018-10-24,2018-10-04,0.0,0.0,,,,0.0
634167.0,,,57.0,0.79,1500.0,229.0,0.0,634.0,229.0,,,634.0,0.0,1.0,,,1.0,,,2018-10-24,2018-10-03,0.0,0.0,,,,0.0
634183.0,,,62.0,1.06,2000.0,229.0,0.0,634.0,229.0,,,634.0,0.0,1.0,,,1.0,,,2018-10-24,2018-10-06,0.0,0.0,,,,0.0
634189.0,,,65.0,0.79,1500.0,229.0,0.0,634.0,229.0,,,634.0,0.0,1.0,,,1.0,,,2018-10-24,2018-10-09,0.0,0.0,,,,0.0
634194.0,,,56.0,0.79,1500.0,629.0,0.0,634.0,629.0,,,634.0,0.0,1.0,,,1.0,,,2018-10-24,2018-10-02,0.0,0.0,,,,0.0
634213.0,,3.0,71.0,0.79,1500.0,629.0,1.0,634.0,629.0,,,634.0,0.0,1.0,,,1.0,,,2018-10-24,2018-10-18,0.0,0.0,,,,0.0
634218.0,,,63.0,1.06,2000.0,629.0,0.0,634.0,629.0,,,634.0,0.0,1.0,,,1.0,,,2018-10-24,2018-10-06,0.0,0.0,,,,0.0
635019.0,,50.0,63.0,0.79,1500.0,10.0,1.0,635.0,635.0,1.0,,635.0,0.0,1.0,,,,,,2018-09-05,2018-08-21,0.0,0.0,,,,0.0
635020.0,,50.0,64.0,5.82,11000.0,10.0,1.0,635.0,635.0,1.0,,635.0,0.0,,1.0,,,,,2018-09-05,2018-08-21,0.0,0.0,,,,0.0
635024.0,,50.0,68.0,1.32,2500.0,10.0,1.0,635.0,635.0,1.0,,635.0,0.0,1.0,,,,,,2018-09-05,2018-08-23,0.0,0.0,,,,0.0
635036.0,,50.0,65.0,1.06,2000.0,10.0,1.0,635.0,635.0,1.0,,635.0,0.0,1.0,,,,,,2018-09-05,2018-08-21,0.0,0.0,,,,0.0
635098.0,,50.0,66.0,0.79,1500.0,271.0,1.0,635.0,635.0,1.0,,635.0,0.0,1.0,,,,,,2018-09-05,2018-08-21,0.0,0.0,,,,0.0
635104.0,,50.0,67.0,1.59,3000.0,10.0,1.0,635.0,635.0,1.0,,635.0,0.0,1.0,,,,,,2018-09-05,2018-08-21,0.0,0.0,,,,0.0
635123.0,,50.0,70.0,1.59,,10.0,0.0,635.0,10.0,,,635.0,1.0,,,1.0,1.0,,,2018-09-05,2018-08-29,0.0,0.0,,,,0.0
635139.0,,50.0,62.0,1.06,2000.0,10.0,1.0,635.0,10.0,,,635.0,0.0,1.0,,,,,,2018-09-05,2018-08-10,0.0,0.0,,,,0.0
636009.0,,13.0,,0.79,1500.0,22.0,0.0,636.0,,,,636.0,,,,,,,,2018-07-15,2018-07-03,0.0,0.0,,,,0.0
636040.0,,13.0,,1.59,3000.0,9.0,0.0,636.0,,,,636.0,,,,,,,,2018-07-15,2018-07-09,0.0,0.0,,,,0.0
636045.0,,13.0,,1.06,2000.0,9.0,0.0,636.0,,,,636.0,,,,,,,,2018-07-15,2018-07-10,0.0,0.0,,,,0.0
636047.0,,13.0,,1.59,3000.0,9.0,0.0,636.0,,,,636.0,,,,,,,,2018-07-15,2018-07-03,0.0,0.0,,,,0.0
636058.0,,13.0,,1.32,2500.0,9.0,0.0,636.0,,1.0,,636.0,0.0,1.0,,,3.0,1.0,,2018-07-15,,1.0,0.0,,,,0.0
636059.0,,13.0,,0.79,1500.0,9.0,0.0,636.0,,1.0,,636.0,0.0,1.0,,,3.0,1.0,,2018-07-15,,1.0,0.0,,,,0.0
636060.0,,13.0,,0.79,1500.0,9.0,0.0,636.0,,1.0,,636.0,0.0,1.0,,,3.0,1.0,,2018-07-15,,1.0,0.0,,,,0.0
636066.0,,13.0,,0.79,1500.0,9.0,0.0,636.0,,,,636.0,,,,,,,,2018-07-15,2018-07-10,0.0,0.0,,,,0.0
636083.0,,13.0,,1.32,2500.0,9.0,0.0,636.0,,,,636.0,,,,,,,,2018-07-15,2018-07-10,0.0,0.0,,,,0.0
636095.0,,13.0,,0.79,1500.0,9.0,0.0,636.0,,,,636.0,,,,,,,,2018-07-15,2018-07-10,0.0,0.0,,,,0.0
637003.0,,53.0,,0.79,1500.0,35.0,0.0,637.0,,,,637.0,,,,,,,,2018-07-15,2018-06-22,0.0,0.0,,,,0.0
637012.0,,20.0,132.0,1.59,3000.0,,0.0,637.0,,1.0,,637.0,1.0,1.0,,,1.0,,,2018-07-15,2018-11-13,1.0,0.0,,,,0.0
637020.0,,53.0,,0.79,1500.0,35.0,0.0,637.0,,,,637.0,,,,,,,,2018-07-15,2018-07-03,0.0,0.0,,,,0.0
637033.0,,53.0,,1.32,2500.0,35.0,0.0,637.0,,,,637.0,,,,,,,,2018-07-15,2018-06-22,0.0,0.0,,,,0.0
637042.0,,53.0,,0.79,1500.0,40.0,0.0,637.0,,,,637.0,,,,,,,,2018-07-15,2018-06-21,0.0,0.0,,,,0.0
637045.0,,53.0,,0.79,1500.0,40.0,0.0,637.0,,,,637.0,,,,,,,,2018-07-15,2018-07-03,0.0,0.0,,,,0.0
637052.0,,53.0,,1.32,2500.0,35.0,0.0,637.0,,,,637.0,,,,,,,,2018-07-15,2018-06-20,0.0,0.0,,,,0.0
637054.0,,53.0,,1.06,2000.0,40.0,0.0,637.0,,,,637.0,,,,,,,,2018-07-15,2018-07-06,0.0,0.0,,,,0.0
637063.0,,53.0,,0.79,1500.0,40.0,0.0,637.0,,,,637.0,,,,,,,,2018-07-15,2018-07-02,0.0,0.0,,,,0.0
637069.0,,53.0,,1.32,2500.0,40.0,0.0,637.0,,,,637.0,,,,,,,,2018-07-15,2018-07-09,0.0,0.0,,,,0.0
637071.0,,53.0,,1.32,2500.0,35.0,0.0,637.0,,,,637.0,,,,,,,,2018-07-15,2018-07-12,0.0,0.0,,,,0.0
637091.0,,53.0,,1.06,2000.0,35.0,0.0,637.0,,,,637.0,,,,,,,,2018-07-15,2018-07-04,0.0,0.0,,,,0.0
637098.0,,53.0,,1.32,2500.0,35.0,0.0,637.0,,,,637.0,,,,,,,,2018-07-15,2018-06-25,0.0,0.0,,,,0.0
637103.0,,53.0,,0.79,1500.0,35.0,0.0,637.0,,,,637.0,,,,,,,,2018-07-15,2018-07-03,0.0,0.0,,,,0.0
638029.0,,54.0,136.0,1.06,2000.0,18.0,0.0,638.0,18.0,,,638.0,0.0,1.0,,,3.0,1.0,,2018-11-20,2018-11-09,0.0,0.0,,,,0.0
639016.0,,26.0,58.0,1.06,2000.0,105.0,1.0,639.0,105.0,,,639.0,0.0,1.0,,,1.0,,,2018-10-31,2018-11-15,1.0,0.0,,,,0.0
639042.0,,26.0,57.0,0.79,1500.0,459.0,0.0,639.0,459.0,,,639.0,0.0,1.0,,,1.0,,,2018-10-31,2018-11-14,1.0,0.0,,,,0.0
639075.0,,26.0,55.0,1.06,2000.0,456.0,0.0,639.0,456.0,,,639.0,0.0,1.0,,,1.0,,,2018-10-31,2018-11-13,1.0,0.0,,,,0.0
639089.0,,26.0,59.0,1.59,3000.0,105.0,0.0,639.0,105.0,,,639.0,0.0,1.0,,,1.0,,,2018-10-31,2018-11-17,1.0,0.0,,,,0.0
639095.0,,26.0,56.0,1.59,3000.0,105.0,0.0,639.0,105.0,,,639.0,0.0,1.0,,,1.0,,,2018-10-31,2018-11-14,1.0,0.0,,,,0.0
640052.0,,24.0,74.0,0.79,1500.0,18.0,0.0,640.0,18.0,,,640.0,0.0,1.0,,,3.0,1.0,,2018-10-10,2018-09-15,0.0,0.0,,,,0.0
640109.0,,24.0,79.0,1.06,2000.0,8.0,0.0,640.0,8.0,,,640.0,0.0,1.0,,,1.0,,,2018-10-10,2018-09-24,0.0,0.0,,,,0.0
640137.0,,24.0,78.0,0.79,1500.0,18.0,0.0,640.0,18.0,,,640.0,0.0,1.0,,,1.0,,,2018-10-10,2018-09-24,0.0,0.0,,,,0.0
641008.0,,10.0,65.0,1.32,2500.0,45.0,0.0,641.0,45.0,,,641.0,0.0,1.0,,,1.0,,,2018-11-07,2018-11-02,0.0,0.0,,,,0.0
641011.0,,10.0,51.0,1.32,2500.0,45.0,0.0,641.0,45.0,,,641.0,0.0,1.0,,,1.0,,,2018-11-07,2018-10-15,0.0,0.0,,,,0.0
641012.0,,10.0,50.0,0.79,1500.0,45.0,0.0,641.0,45.0,,,641.0,0.0,1.0,,,1.0,,,2018-11-07,2018-10-15,0.0,0.0,,,,0.0
641015.0,,10.0,61.0,0.79,1500.0,45.0,0.0,641.0,45.0,,,641.0,0.0,1.0,,,1.0,,,2018-11-07,2018-10-17,0.0,0.0,,,,0.0
641017.0,,10.0,49.0,1.06,2000.0,45.0,0.0,641.0,45.0,,,641.0,0.0,1.0,,,1.0,,,2018-11-07,2018-10-15,0.0,0.0,,,,0.0
641028.0,,9.0,,1.06,2000.0,,0.0,641.0,,1.0,,641.0,0.0,1.0,,,1.0,,,2018-11-07,2018-10-30,0.0,0.0,,,,0.0
641032.0,,10.0,58.0,1.59,3000.0,55.0,0.0,641.0,55.0,,,641.0,0.0,1.0,,,1.0,,,2018-11-07,2018-10-17,0.0,0.0,,,,0.0
641038.0,,10.0,59.0,0.79,1500.0,45.0,0.0,641.0,45.0,,,641.0,0.0,1.0,,,1.0,,,2018-11-07,2018-10-17,0.0,0.0,,,,0.0
641043.0,,10.0,60.0,0.79,1500.0,55.0,0.0,641.0,55.0,,,641.0,0.0,1.0,,,1.0,,,2018-11-07,2018-10-17,0.0,0.0,,,,0.0
641044.0,,10.0,62.0,1.06,2000.0,45.0,0.0,641.0,45.0,,,641.0,0.0,1.0,,,1.0,,,2018-11-07,2018-10-19,0.0,0.0,,,,0.0
642002.0,,11.0,52.0,1.59,3000.0,14.0,0.0,642.0,14.0,,,642.0,0.0,1.0,,,1.0,,,2018-11-20,2018-11-22,1.0,0.0,,,,0.0
642015.0,,11.0,48.0,3.49,6600.0,101.0,0.0,642.0,101.0,,,642.0,0.0,,1.0,,1.0,,,2018-11-20,2018-11-16,0.0,0.0,,,,0.0
642025.0,,11.0,47.0,1.06,2000.0,14.0,0.0,642.0,14.0,,,642.0,0.0,1.0,,,1.0,,,2018-11-20,2018-11-16,0.0,0.0,,,,0.0
642051.0,,1.0,,1.06,2000.0,,0.0,642.0,,1.0,,642.0,0.0,1.0,,,1.0,,,2018-11-20,2018-12-03,1.0,0.0,,,,0.0
642065.0,,11.0,50.0,1.32,2500.0,,0.0,642.0,,1.0,,642.0,0.0,1.0,,,1.0,,,2018-11-20,2018-11-19,0.0,0.0,,,,0.0
643025.0,,35.0,,1.59,3000.0,35.0,0.0,643.0,,,,643.0,,,,,,,,2018-08-15,2018-08-01,0.0,0.0,,,,0.0
643029.0,,,52.0,3.49,6600.0,77.0,0.0,643.0,77.0,,,643.0,0.0,,1.0,,,,,2018-08-15,2018-08-03,0.0,0.0,,,,0.0
643036.0,,35.0,,5.82,11000.0,77.0,0.0,643.0,,,,643.0,,,,,,,,2018-08-15,2018-07-31,0.0,0.0,,,,0.0
644010.0,,,58.0,0.79,1500.0,242.0,0.0,644.0,242.0,,,644.0,0.0,1.0,,,1.0,,,2018-10-24,2018-10-08,0.0,0.0,,,,0.0
644037.0,,,57.0,0.79,1500.0,642.0,0.0,644.0,642.0,,,644.0,0.0,1.0,,,1.0,,,2018-10-24,2018-10-08,0.0,0.0,,,,0.0
644043.0,,,53.0,1.06,2000.0,642.0,0.0,644.0,642.0,,,644.0,0.0,1.0,,,3.0,1.0,,2018-10-24,2018-10-01,0.0,0.0,,,,0.0
644044.0,,,67.0,1.06,2000.0,642.0,0.0,644.0,642.0,,,644.0,0.0,1.0,,,1.0,,,2018-10-24,2018-10-13,0.0,0.0,,,,0.0
644054.0,,,56.0,1.06,2000.0,242.0,0.0,644.0,242.0,,,644.0,0.0,1.0,,,1.0,,,2018-10-24,2018-10-08,0.0,0.0,,,,0.0
644058.0,,18.0,71.0,1.06,2000.0,642.0,1.0,644.0,642.0,,,644.0,0.0,1.0,,,1.0,,,2018-10-24,2018-10-17,0.0,0.0,,,,0.0
644064.0,,18.0,74.0,1.59,3000.0,242.0,1.0,644.0,242.0,,,644.0,0.0,1.0,,,1.0,,,2018-10-24,2018-10-19,0.0,0.0,,,,0.0
644065.0,,18.0,73.0,1.32,2500.0,642.0,1.0,644.0,642.0,,,644.0,0.0,1.0,,,1.0,,,2018-10-24,2018-10-19,0.0,0.0,,,,0.0
644084.0,,18.0,75.0,0.79,1500.0,642.0,1.0,644.0,642.0,,,644.0,0.0,1.0,,,1.0,,,2018-10-24,2018-10-19,0.0,0.0,,,,0.0
644094.0,,,69.0,0.79,1500.0,242.0,0.0,644.0,242.0,,,644.0,0.0,1.0,,,1.0,,,2018-10-24,2018-10-15,0.0,0.0,,,,0.0
644096.0,,18.0,76.0,0.79,1500.0,242.0,1.0,644.0,242.0,,,644.0,0.0,1.0,,,1.0,,,2018-10-24,2018-10-19,0.0,0.0,,,,0.0
644097.0,,18.0,77.0,1.06,2000.0,642.0,1.0,644.0,642.0,,,644.0,0.0,1.0,,,1.0,,,2018-10-24,2018-10-19,0.0,0.0,,,,0.0
644102.0,,,61.0,0.79,1500.0,242.0,0.0,644.0,242.0,,,644.0,0.0,1.0,,,1.0,,,2018-10-24,2018-10-10,0.0,0.0,,,,0.0
644104.0,,,62.0,1.59,3000.0,642.0,0.0,644.0,642.0,,,644.0,0.0,1.0,,,1.0,,,2018-10-24,2018-10-10,0.0,0.0,,,,0.0
644109.0,,,59.0,0.79,1500.0,642.0,0.0,644.0,642.0,,,644.0,0.0,1.0,,,1.0,,,2018-10-24,2018-10-08,0.0,0.0,,,,0.0
644113.0,,,64.0,0.79,1500.0,642.0,0.0,644.0,642.0,,,644.0,0.0,1.0,,,1.0,,,2018-10-24,2018-10-10,0.0,0.0,,,,0.0
644124.0,,18.0,70.0,1.59,3000.0,242.0,1.0,644.0,242.0,,,644.0,0.0,1.0,,,1.0,,,2018-10-24,2018-10-16,0.0,0.0,,,,0.0
644126.0,,,54.0,1.06,2000.0,242.0,0.0,644.0,242.0,,,644.0,0.0,1.0,,,3.0,1.0,,2018-10-24,2018-10-01,0.0,0.0,,,,0.0
644128.0,,,55.0,1.32,2500.0,642.0,0.0,644.0,642.0,,,644.0,0.0,1.0,,,1.0,,,2018-10-24,2018-10-02,0.0,0.0,,,,0.0
644129.0,,,65.0,1.32,2500.0,242.0,0.0,644.0,242.0,,,644.0,0.0,1.0,,,1.0,,,2018-10-24,2018-10-10,0.0,0.0,,,,0.0
644136.0,,,66.0,0.79,1500.0,642.0,0.0,644.0,642.0,,,644.0,0.0,1.0,,,1.0,,,2018-10-24,2018-10-10,0.0,0.0,,,,0.0
644142.0,,18.0,72.0,1.06,2000.0,242.0,1.0,644.0,242.0,,,644.0,0.0,1.0,,,1.0,,,2018-10-24,2018-10-18,0.0,0.0,,,,0.0
644143.0,,,63.0,1.59,3000.0,242.0,0.0,644.0,242.0,,,644.0,0.0,1.0,,,1.0,,,2018-10-24,2018-10-10,0.0,0.0,,,,0.0
644161.0,,,60.0,1.32,2500.0,642.0,0.0,644.0,642.0,,,644.0,0.0,1.0,,,1.0,,,2018-10-24,2018-10-10,0.0,0.0,,,,0.0
644185.0,,99.0,90.0,0.79,1500.0,,0.0,644.0,242.0,1.0,,644.0,0.0,1.0,,,1.0,,,2018-10-24,2018-10-26,1.0,0.0,,,,0.0
645018.0,,30.0,51.0,1.06,2000.0,642.0,0.0,645.0,642.0,,,645.0,0.0,1.0,,,1.0,,,2018-09-26,2018-09-13,0.0,0.0,,,,0.0
645021.0,,30.0,50.0,0.79,1500.0,242.0,0.0,645.0,242.0,,,645.0,0.0,1.0,,,1.0,,,2018-09-26,2018-09-13,0.0,0.0,,,,0.0
645044.0,,30.0,66.0,4.66,8800.0,242.0,0.0,645.0,242.0,,,645.0,0.0,,1.0,,1.0,,,2018-09-26,2018-09-20,0.0,0.0,,,,0.0
645071.0,,30.0,46.0,1.06,2000.0,242.0,0.0,645.0,242.0,,,645.0,0.0,1.0,,,1.0,,,2018-09-26,2018-09-09,0.0,0.0,,,,0.0
645079.0,,30.0,58.0,1.06,2000.0,642.0,0.0,645.0,642.0,,,645.0,0.0,1.0,,,1.0,,,2018-09-26,2018-09-14,0.0,0.0,,,,0.0
646029.0,,34.0,57.0,0.79,1500.0,13.0,0.0,646.0,13.0,,,646.0,0.0,1.0,,,,,,2018-09-12,2018-08-16,0.0,0.0,,,,0.0
646031.0,,34.0,62.0,1.32,2500.0,13.0,0.0,646.0,13.0,,,646.0,0.0,1.0,,,,,,2018-09-12,2018-08-21,0.0,0.0,,,,0.0
646113.0,,34.0,59.0,1.06,2000.0,25.0,0.0,646.0,25.0,,,646.0,0.0,1.0,,,,,,2018-09-12,2018-08-17,0.0,0.0,,,,0.0
646115.0,,34.0,68.0,1.32,2500.0,13.0,0.0,646.0,13.0,,,646.0,0.0,1.0,,,,,,2018-09-12,2018-08-23,0.0,0.0,,,,0.0
646117.0,,34.0,63.0,1.32,2500.0,13.0,0.0,646.0,13.0,,,646.0,0.0,1.0,,,,,,2018-09-12,2018-08-21,0.0,0.0,,,,0.0
646118.0,,34.0,60.0,1.59,3000.0,13.0,0.0,646.0,13.0,,,646.0,0.0,1.0,,,,,,2018-09-12,2018-08-18,0.0,0.0,,,,0.0
646127.0,,34.0,67.0,1.06,2000.0,,0.0,646.0,13.0,1.0,,646.0,0.0,1.0,,,,,,2018-09-12,2018-08-23,0.0,0.0,,,,0.0
646148.0,,34.0,61.0,1.32,2500.0,25.0,0.0,646.0,25.0,,,646.0,0.0,1.0,,,,,,2018-09-12,2018-08-18,0.0,0.0,,,,0.0
646151.0,,34.0,65.0,1.59,3000.0,13.0,0.0,646.0,13.0,,,646.0,0.0,1.0,,,,,,2018-09-12,2018-08-21,0.0,0.0,,,,0.0
646177.0,,34.0,64.0,0.79,1500.0,13.0,0.0,646.0,13.0,,,646.0,0.0,1.0,,,,,,2018-09-12,2018-08-21,0.0,0.0,,,,0.0
648001.0,,30.0,65.0,1.06,2000.0,642.0,0.0,648.0,642.0,,,648.0,0.0,1.0,,,1.0,,,2018-09-26,2018-09-19,0.0,0.0,,,,0.0
648006.0,,30.0,47.0,0.79,1500.0,642.0,0.0,648.0,642.0,,,648.0,0.0,1.0,,,1.0,,,2018-09-26,2018-09-09,0.0,0.0,,,,0.0
648021.0,,30.0,68.0,1.06,2000.0,642.0,0.0,648.0,642.0,,,648.0,0.0,1.0,,,1.0,,,2018-09-26,2018-09-21,0.0,0.0,,,,0.0
648025.0,,30.0,57.0,1.06,2000.0,242.0,0.0,648.0,242.0,,,648.0,0.0,1.0,,,1.0,,,2018-09-26,2018-09-13,0.0,0.0,,,,0.0
648027.0,,30.0,52.0,1.59,3000.0,242.0,0.0,648.0,242.0,,,648.0,0.0,1.0,,,1.0,,,2018-09-26,2018-09-13,0.0,0.0,,,,0.0
648033.0,,30.0,53.0,0.79,1500.0,642.0,0.0,648.0,642.0,,,648.0,0.0,1.0,,,1.0,,,2018-09-26,2018-09-13,0.0,0.0,,,,0.0
648039.0,,30.0,48.0,0.79,1500.0,242.0,0.0,648.0,242.0,,,648.0,0.0,1.0,,,1.0,,,2018-09-26,2018-09-09,0.0,0.0,,,,0.0
648040.0,,30.0,64.0,1.59,3000.0,242.0,0.0,648.0,242.0,,,648.0,0.0,1.0,,,1.0,,,2018-09-26,2018-09-17,0.0,0.0,,,,0.0
648080.0,,30.0,49.0,1.59,3000.0,642.0,0.0,648.0,642.0,,,648.0,0.0,1.0,,,1.0,,,2018-09-26,2018-09-09,0.0,0.0,,,,0.0
648098.0,,30.0,59.0,1.06,2000.0,242.0,0.0,648.0,242.0,,,648.0,0.0,1.0,,,1.0,,,2018-09-26,2018-09-14,0.0,0.0,,,,0.0
648110.0,,30.0,63.0,0.79,1500.0,642.0,0.0,648.0,642.0,,,648.0,0.0,1.0,,,1.0,,,2018-09-26,2018-09-15,0.0,0.0,,,,0.0
648123.0,,30.0,62.0,0.79,1500.0,242.0,0.0,648.0,242.0,,,648.0,0.0,1.0,,,1.0,,,2018-09-26,2018-09-15,0.0,0.0,,,,0.0
648124.0,,30.0,60.0,1.59,3000.0,642.0,0.0,648.0,642.0,,,648.0,0.0,1.0,,,1.0,,,2018-09-26,2018-09-14,0.0,0.0,,,,0.0
648125.0,,30.0,69.0,1.32,2500.0,642.0,0.0,648.0,642.0,,,648.0,0.0,1.0,,,1.0,,,2018-09-26,2018-09-21,0.0,0.0,,,,0.0
648139.0,,30.0,61.0,1.06,2000.0,642.0,0.0,648.0,642.0,,,648.0,0.0,1.0,,,1.0,,,2018-09-26,2018-09-15,0.0,0.0,,,,0.0
648144.0,,30.0,54.0,0.79,1500.0,242.0,0.0,648.0,242.0,,,648.0,0.0,1.0,,,1.0,,,2018-09-26,2018-09-13,0.0,0.0,,,,0.0
648145.0,,30.0,55.0,0.79,1500.0,642.0,0.0,648.0,642.0,,,648.0,0.0,1.0,,,1.0,,,2018-09-26,2018-09-13,0.0,0.0,,,,0.0
648147.0,,30.0,56.0,1.06,2000.0,242.0,0.0,648.0,242.0,,,648.0,0.0,1.0,,,1.0,,,2018-09-26,2018-09-13,0.0,0.0,,,,0.0
649006.0,,27.0,65.0,1.32,2500.0,284.0,0.0,649.0,284.0,,,649.0,0.0,1.0,,,1.0,,,2018-10-03,2018-09-05,0.0,0.0,,,,0.0
649007.0,,27.0,70.0,1.06,2000.0,89.0,0.0,649.0,89.0,,,649.0,0.0,1.0,,,1.0,,,2018-10-03,2018-09-08,0.0,0.0,,,,0.0
649011.0,,27.0,68.0,1.06,2000.0,89.0,0.0,649.0,89.0,,,649.0,0.0,1.0,,,1.0,,,2018-10-03,2018-09-06,0.0,0.0,,,,0.0
649014.0,,27.0,66.0,0.79,1500.0,89.0,0.0,649.0,89.0,,,649.0,0.0,1.0,,,1.0,,,2018-10-03,2018-09-05,0.0,0.0,,,,0.0
649018.0,,27.0,71.0,1.06,2000.0,284.0,0.0,649.0,284.0,,,649.0,0.0,1.0,,,1.0,,,2018-10-03,2018-09-08,0.0,0.0,,,,0.0
649023.0,,27.0,83.0,1.32,2500.0,89.0,0.0,649.0,89.0,,,649.0,0.0,1.0,,,1.0,,,2018-10-03,2018-09-28,0.0,0.0,,,,0.0
649026.0,,27.0,73.0,0.79,1500.0,284.0,0.0,649.0,284.0,,,649.0,0.0,1.0,,,1.0,,,2018-10-03,2018-09-10,0.0,0.0,,,,0.0
649029.0,,27.0,81.0,1.59,3000.0,89.0,0.0,649.0,89.0,,,649.0,0.0,1.0,,,1.0,,,2018-10-03,2018-09-28,0.0,0.0,,,,0.0
649032.0,,27.0,62.0,0.79,1500.0,69.0,0.0,649.0,69.0,,,649.0,0.0,1.0,,,1.0,,,2018-10-03,2018-09-03,0.0,0.0,,,,0.0
649033.0,,27.0,,,2000.0,284.0,0.0,649.0,284.0,,,649.0,0.0,1.0,,,1.0,,,2018-10-03,2018-09-15,0.0,0.0,,,,0.0
649039.0,,27.0,,,2000.0,89.0,0.0,649.0,89.0,,,649.0,0.0,1.0,,,1.0,,,2018-10-03,2018-09-15,0.0,0.0,,,,0.0
649041.0,,27.0,67.0,1.59,3000.0,284.0,0.0,649.0,284.0,,,649.0,0.0,1.0,,,1.0,,,2018-10-03,2018-09-06,0.0,0.0,,,,0.0
649045.0,,27.0,,,1500.0,89.0,0.0,649.0,89.0,,,649.0,0.0,1.0,,,1.0,,,2018-10-03,2018-09-17,0.0,0.0,,,,0.0
649046.0,,27.0,64.0,0.79,1500.0,89.0,0.0,649.0,89.0,,,649.0,0.0,1.0,,,1.0,,,2018-10-03,2018-09-04,0.0,0.0,,,,0.0
649047.0,,27.0,82.0,1.59,3000.0,284.0,0.0,649.0,284.0,,,649.0,0.0,1.0,,,1.0,,,2018-10-03,2018-09-28,0.0,0.0,,,,0.0
649049.0,,27.0,72.0,0.79,1500.0,89.0,0.0,649.0,89.0,,,649.0,0.0,1.0,,,1.0,,,2018-10-03,2018-09-08,0.0,0.0,,,,0.0
649052.0,,27.0,63.0,1.06,2000.0,284.0,1.0,649.0,284.0,,,649.0,0.0,1.0,,,1.0,,,2018-10-03,2018-09-04,0.0,0.0,,,,0.0
650010.0,,14.0,,1.06,2000.0,77.0,0.0,650.0,77.0,,,650.0,0.0,1.0,,,1.0,,,2018-11-07,2018-10-19,0.0,0.0,,,,0.0
650021.0,,14.0,,0.79,1500.0,77.0,0.0,650.0,77.0,,,650.0,0.0,1.0,,,1.0,,,2018-11-07,2018-10-29,0.0,0.0,,,,0.0
650022.0,,14.0,,0.79,,56.0,0.0,650.0,56.0,,,650.0,1.0,,,,1.0,,,2018-11-07,2018-10-19,0.0,0.0,,,,0.0
650030.0,,14.0,,0.79,1500.0,77.0,0.0,650.0,77.0,,,650.0,0.0,1.0,,,1.0,,,2018-11-07,2018-10-22,0.0,0.0,,,,0.0
650038.0,,14.0,,0.79,,56.0,0.0,650.0,56.0,,,650.0,1.0,,,,1.0,,,2018-11-07,2018-10-22,0.0,0.0,,,,0.0
650044.0,,14.0,,1.32,2500.0,77.0,0.0,650.0,77.0,,,650.0,0.0,1.0,,,1.0,,,2018-11-07,2018-10-22,0.0,0.0,,,,0.0
650047.0,,14.0,,1.59,3000.0,77.0,0.0,650.0,77.0,,,650.0,0.0,1.0,,,1.0,,,2018-11-07,2018-10-26,0.0,0.0,,,,0.0
650089.0,,14.0,,0.79,1500.0,56.0,0.0,650.0,56.0,,,650.0,0.0,1.0,,,1.0,,,2018-11-07,2018-10-29,0.0,0.0,,,,0.0
650103.0,,14.0,,1.0,2000.0,56.0,0.0,650.0,56.0,,,650.0,0.0,1.0,,,1.0,,,2018-11-07,2018-10-24,0.0,0.0,,,,0.0
650167.0,,14.0,,1.06,2000.0,56.0,0.0,650.0,56.0,,,650.0,0.0,1.0,,,1.0,,,2018-11-07,2018-10-29,0.0,0.0,,,,0.0
650186.0,,14.0,,0.79,1500.0,56.0,0.0,650.0,56.0,,,650.0,1.0,1.0,,,1.0,,,2018-11-07,2018-10-29,0.0,0.0,,,,0.0
650209.0,,14.0,,1.59,3000.0,56.0,0.0,650.0,56.0,,,650.0,0.0,1.0,,,1.0,,,2018-11-07,2018-10-26,0.0,0.0,,,,0.0
650219.0,,14.0,,0.79,1500.0,77.0,0.0,650.0,77.0,,,650.0,0.0,1.0,,,1.0,,,2018-11-07,2018-10-19,0.0,0.0,,,,0.0
650255.0,,14.0,,0.79,1500.0,77.0,0.0,650.0,77.0,,,650.0,0.0,1.0,,,1.0,,,2018-11-07,2018-10-29,0.0,0.0,,,,0.0
652024.0,,4.0,,1.06,2000.0,23.0,0.0,652.0,,,,652.0,,,,,,,,2018-08-01,2018-07-19,0.0,0.0,,,,0.0
652035.0,,4.0,,1.06,2000.0,23.0,0.0,652.0,,,,652.0,,,,,,,,2018-08-01,2018-07-06,0.0,0.0,,,,0.0
652039.0,,4.0,,1.59,3000.0,280.0,0.0,652.0,,,,652.0,,,,,,,,2018-08-01,2018-07-26,0.0,0.0,,,,0.0
652045.0,,4.0,,3.49,6600.0,23.0,0.0,652.0,,,,652.0,,,,,,,,2018-08-01,2018-07-18,0.0,0.0,,,,0.0
652055.0,,4.0,,0.79,1500.0,23.0,0.0,652.0,,,,652.0,,,,,,,,2018-08-01,2018-07-09,0.0,0.0,,,,0.0
652058.0,,4.0,,0.79,1500.0,280.0,0.0,652.0,,,,652.0,,,,,,,,2018-08-01,2018-07-03,0.0,0.0,,,,0.0
652079.0,,4.0,,1.32,2500.0,,0.0,652.0,,,,652.0,,,,,,,,2018-08-01,2018-07-12,0.0,0.0,,,,0.0
652092.0,,4.0,,3.49,6600.0,280.0,0.0,652.0,,,,652.0,,,,,,,,2018-08-01,2018-07-05,0.0,0.0,,,,0.0
652099.0,,4.0,,0.79,1500.0,23.0,0.0,652.0,,,,652.0,,,,,,,,2018-08-01,2018-07-03,0.0,0.0,,,,0.0
653002.0,,88.0,85.0,1.0,1662800.0,280.0,0.0,653.0,280.0,,,653.0,1.0,,,1.0,1.0,,,2018-11-21,2018-11-15,0.0,0.0,,,,0.0
653019.0,,98.0,74.0,0.79,1500.0,280.0,0.0,653.0,280.0,,,653.0,1.0,1.0,,,1.0,,,2018-11-21,2018-11-05,0.0,0.0,,,,0.0
653021.0,,99.0,101.0,0.79,1500.0,,0.0,653.0,280.0,1.0,,653.0,0.0,1.0,,,1.0,,,2018-11-21,2018-11-12,0.0,0.0,,,,0.0
653024.0,,98.0,68.0,1.32,2500.0,280.0,0.0,653.0,28.0,1.0,,653.0,0.0,1.0,,,1.0,,,2018-11-21,2018-11-02,0.0,0.0,,,,0.0
653036.0,,99.0,102.0,0.79,1500.0,,0.0,653.0,280.0,1.0,,653.0,0.0,1.0,,,1.0,,,2018-11-21,2018-11-12,0.0,0.0,,,,0.0
653041.0,,98.0,73.0,1.06,2000.0,280.0,0.0,653.0,280.0,,,653.0,0.0,1.0,,,1.0,,,2018-11-21,2018-11-05,0.0,0.0,,,,0.0
653044.0,,99.0,98.0,1.06,2000.0,,0.0,653.0,280.0,1.0,,653.0,0.0,1.0,,,1.0,,,2018-11-21,2018-11-12,0.0,0.0,,,,0.0
653045.0,,98.0,67.0,4.66,8800.0,280.0,0.0,653.0,280.0,,,653.0,0.0,,1.0,,1.0,,,2018-11-21,2018-11-02,0.0,0.0,,,,0.0
653048.0,,99.0,99.0,0.79,1500.0,,0.0,653.0,280.0,1.0,,653.0,0.0,1.0,,,1.0,,,2018-11-21,2018-11-12,0.0,0.0,,,,0.0
653052.0,,98.0,65.0,1.59,3000.0,,0.0,653.0,,1.0,,653.0,1.0,1.0,,,1.0,,,2018-11-21,2018-11-01,0.0,0.0,,,,0.0
653057.0,,99.0,96.0,1.06,2000.0,,0.0,653.0,,1.0,,653.0,1.0,1.0,,,1.0,,,2018-11-21,2018-11-12,0.0,0.0,,,,0.0
653065.0,,88.0,88.0,6.99,13200.0,280.0,0.0,653.0,280.0,,,653.0,0.0,,1.0,,1.0,,,2018-11-21,2018-11-17,0.0,0.0,,,,0.0
653096.0,,88.0,84.0,1.59,50.0,280.0,0.0,653.0,280.0,,,653.0,1.0,1.0,,,1.0,,,2018-11-21,2018-11-14,0.0,0.0,,,,0.0
653103.0,,99.0,100.0,1.06,2000.0,,0.0,653.0,280.0,1.0,,653.0,0.0,1.0,,,1.0,,,2018-11-21,2018-11-12,0.0,0.0,,,,0.0
653110.0,,98.0,69.0,1.59,3000.0,280.0,0.0,653.0,280.0,,,653.0,0.0,1.0,,,1.0,,,2018-11-21,2018-11-02,0.0,0.0,,,,0.0
653134.0,,98.0,70.0,1.06,2000.0,280.0,0.0,653.0,280.0,,,653.0,1.0,1.0,,,1.0,,,2018-11-21,2018-11-03,0.0,0.0,,,,0.0
653143.0,,98.0,71.0,1.59,3000.0,280.0,0.0,653.0,28.0,1.0,,653.0,0.0,1.0,,,1.0,,,2018-11-21,2018-11-03,0.0,0.0,,,,0.0
653145.0,,98.0,72.0,1.06,2000.0,280.0,0.0,653.0,280.0,,,653.0,0.0,1.0,,,1.0,,,2018-11-21,2018-11-03,0.0,0.0,,,,0.0
655033.0,,36.0,82.0,1.59,3000.0,259.0,1.0,655.0,259.0,,,655.0,0.0,1.0,,,1.0,,,2018-10-24,2018-10-17,0.0,0.0,,,,0.0
655039.0,,,80.0,0.79,1500.0,,0.0,655.0,,1.0,,655.0,0.0,1.0,,,1.0,,,2018-10-24,2018-10-04,0.0,0.0,,,,0.0
655059.0,,,79.0,1.32,2500.0,659.0,0.0,655.0,659.0,,,655.0,0.0,1.0,,,1.0,,,2018-10-24,2018-10-02,0.0,0.0,,,,0.0
656046.0,,54.0,,0.79,1500.0,96.0,0.0,656.0,,,,656.0,,,,,,,,2018-07-15,2018-06-27,0.0,0.0,,,,0.0
656052.0,,54.0,,1.32,2500.0,96.0,0.0,656.0,,,,656.0,,,,,,,,2018-07-15,2018-06-27,0.0,0.0,,,,0.0
656055.0,,54.0,,0.79,1500.0,83.0,0.0,656.0,,,,656.0,,,,,,,,2018-07-15,2018-06-27,0.0,0.0,,,,0.0
656070.0,,54.0,,1.06,2000.0,83.0,0.0,656.0,,,,656.0,,,,,,,,2018-07-15,2018-07-07,0.0,0.0,,,,0.0
656092.0,,21.0,,1.32,2500.0,96.0,0.0,656.0,,,,656.0,,,,,,,,2018-07-15,2018-06-22,0.0,0.0,,,,0.0
656095.0,,54.0,,1.59,3000.0,83.0,0.0,656.0,,,,656.0,,,,,,,,2018-07-15,2018-07-02,0.0,0.0,,,,0.0
656101.0,,54.0,,0.79,1500.0,96.0,0.0,656.0,,,,656.0,,,,,,,,2018-07-15,2018-07-02,0.0,0.0,,,,0.0
656102.0,,54.0,,0.79,1500.0,96.0,0.0,656.0,,,,656.0,,,,,,,,2018-07-15,2018-07-10,0.0,0.0,,,,0.0
656112.0,,54.0,,1.06,2000.0,96.0,0.0,656.0,,,,656.0,,,,,,,,2018-07-15,2018-07-02,0.0,0.0,,,,0.0
656141.0,,54.0,,1.32,2500.0,83.0,0.0,656.0,,,,656.0,,,,,,,,2018-07-15,2018-06-25,0.0,0.0,,,,0.0
656144.0,,54.0,,1.06,2000.0,83.0,0.0,656.0,,,,656.0,,,,,,,,2018-07-15,2018-07-10,0.0,0.0,,,,0.0
656145.0,,54.0,,0.79,1500.0,83.0,0.0,656.0,,,,656.0,,,,,,,,2018-07-15,2018-07-02,0.0,0.0,,,,0.0
656150.0,,54.0,,1.06,2000.0,83.0,0.0,656.0,,,,656.0,,,,,,,,2018-07-15,2018-06-27,0.0,0.0,,,,0.0
657009.0,,29.0,116.0,1.06,2000.0,75.0,0.0,657.0,75.0,,,657.0,0.0,1.0,,,1.0,,,2018-09-12,2018-08-30,0.0,0.0,,,,0.0
657023.0,,31.0,183.0,1.06,2000.0,75.0,0.0,657.0,75.0,,,657.0,0.0,1.0,,,,,,2018-09-12,2018-08-16,0.0,0.0,,,,0.0
657039.0,,31.0,184.0,1.32,2500.0,75.0,0.0,657.0,75.0,,,657.0,0.0,1.0,,,,,,2018-09-12,2018-08-16,0.0,0.0,,,,0.0
657041.0,,29.0,117.0,0.79,1500.0,27.0,0.0,657.0,27.0,,,657.0,0.0,1.0,,,1.0,,,2018-09-12,2018-08-30,0.0,0.0,,,,0.0
657048.0,,31.0,186.0,1.32,2500.0,75.0,0.0,657.0,75.0,,,657.0,0.0,1.0,,,,,,2018-09-12,2018-08-22,0.0,0.0,,,,0.0
657051.0,,31.0,189.0,0.79,1500.0,27.0,0.0,657.0,27.0,,,657.0,0.0,1.0,,,1.0,,,2018-09-12,2018-08-28,0.0,0.0,,,,0.0
657067.0,,29.0,122.0,1.59,3000.0,27.0,0.0,657.0,27.0,,,657.0,0.0,1.0,,,1.0,,,2018-09-12,2018-09-05,0.0,0.0,,,,0.0
657068.0,,31.0,190.0,1.59,3000.0,75.0,0.0,657.0,75.0,,,657.0,0.0,1.0,,,1.0,,,2018-09-12,2018-08-28,0.0,0.0,,,,0.0
657070.0,,29.0,118.0,1.06,2000.0,75.0,0.0,657.0,75.0,,,657.0,0.0,1.0,,,1.0,,,2018-09-12,2018-08-30,0.0,0.0,,,,0.0
657084.0,,29.0,115.0,1.59,3000.0,27.0,0.0,657.0,27.0,,,657.0,0.0,1.0,,,1.0,,,2018-09-12,2018-08-29,0.0,0.0,,,,0.0
658044.0,,38.0,134.0,0.79,1500.0,488.0,1.0,658.0,488.0,,,658.0,0.0,1.0,,,1.0,,,2018-09-26,2018-12-07,1.0,0.0,,,,0.0
660006.0,,42.0,,1.59,3000.0,35.0,1.0,660.0,35.0,,,660.0,0.0,1.0,,,1.0,,,2018-11-07,2018-10-11,0.0,0.0,,,,0.0
660008.0,,42.0,,1.32,2500.0,74.0,1.0,660.0,74.0,,,660.0,0.0,1.0,,,1.0,,,2018-11-07,2018-10-11,0.0,0.0,,,,0.0
660009.0,,42.0,,1.32,2500.0,35.0,1.0,660.0,35.0,,,660.0,0.0,1.0,,,1.0,,,2018-11-07,2018-10-22,0.0,0.0,,,,0.0
661002.0,,33.0,64.0,1.06,2000.0,232.0,0.0,661.0,232.0,,,661.0,0.0,1.0,,,1.0,,,2018-09-26,2018-08-28,0.0,0.0,,,,0.0
661003.0,,33.0,65.0,1.06,2000.0,632.0,0.0,661.0,632.0,,,661.0,0.0,1.0,,,1.0,,,2018-09-26,2018-08-28,0.0,0.0,,,,0.0
661034.0,,33.0,90.0,0.79,1500.0,632.0,0.0,661.0,632.0,,,661.0,0.0,1.0,,,1.0,,,2018-09-26,2018-09-13,0.0,0.0,,,,0.0
661037.0,,33.0,95.0,0.79,1500.0,232.0,0.0,661.0,232.0,,,661.0,0.0,1.0,,,1.0,,,2018-09-26,2018-09-17,0.0,0.0,,,,0.0
661039.0,,33.0,88.0,1.32,2500.0,632.0,0.0,661.0,632.0,,,661.0,0.0,1.0,,,1.0,,,2018-09-26,2018-09-09,0.0,0.0,,,,0.0
661040.0,,33.0,89.0,1.06,2000.0,232.0,0.0,661.0,232.0,,,661.0,0.0,1.0,,,1.0,,,2018-09-26,2018-09-13,0.0,0.0,,,,0.0
661048.0,,33.0,92.0,0.79,1500.0,632.0,0.0,661.0,632.0,,,661.0,0.0,1.0,,,1.0,,,2018-09-26,2018-09-15,0.0,0.0,,,,0.0
661050.0,,33.0,79.0,1.06,2000.0,232.0,0.0,661.0,232.0,,,661.0,0.0,1.0,,,1.0,,,2018-09-26,2018-09-04,0.0,0.0,,,,0.0
661057.0,,33.0,85.0,1.32,2500.0,232.0,0.0,661.0,232.0,,,661.0,0.0,1.0,,,1.0,,,2018-09-26,2018-09-08,0.0,0.0,,,,0.0
661079.0,,33.0,69.0,1.32,2500.0,232.0,0.0,661.0,232.0,,,661.0,0.0,1.0,,,1.0,,,2018-09-26,2018-09-01,0.0,0.0,,,,0.0
661089.0,,33.0,78.0,1.59,3000.0,632.0,0.0,661.0,632.0,,,661.0,0.0,1.0,,,1.0,,,2018-09-26,2018-09-04,0.0,0.0,,,,0.0
661095.0,,33.0,91.0,1.06,2000.0,232.0,0.0,661.0,232.0,,,661.0,0.0,1.0,,,1.0,,,2018-09-26,2018-09-14,0.0,0.0,,,,0.0
661099.0,,33.0,76.0,1.32,2500.0,232.0,0.0,661.0,232.0,,,661.0,0.0,1.0,,,1.0,,,2018-09-26,2018-09-02,0.0,0.0,,,,0.0
661108.0,,33.0,73.0,1.06,2000.0,632.0,0.0,661.0,632.0,,,661.0,0.0,1.0,,,1.0,,,2018-09-26,2018-09-02,0.0,0.0,,,,0.0
661111.0,,33.0,66.0,1.32,2500.0,232.0,0.0,661.0,232.0,,,661.0,0.0,1.0,,,1.0,,,2018-09-26,2018-08-29,0.0,0.0,,,,0.0
661130.0,,33.0,81.0,0.79,1500.0,232.0,0.0,661.0,232.0,,,661.0,0.0,1.0,,,1.0,,,2018-09-26,2018-09-05,0.0,0.0,,,,0.0
661131.0,,33.0,75.0,1.06,2000.0,632.0,0.0,661.0,632.0,,,661.0,0.0,1.0,,,3.0,1.0,,2018-09-26,2018-09-02,0.0,0.0,,,,0.0
661132.0,,33.0,80.0,0.79,1500.0,632.0,0.0,661.0,632.0,,,661.0,0.0,1.0,,,1.0,,,2018-09-26,2018-09-05,0.0,0.0,,,,0.0
661139.0,,33.0,82.0,1.06,2000.0,632.0,0.0,661.0,632.0,,,661.0,0.0,1.0,,,1.0,,,2018-09-26,2018-09-05,0.0,0.0,,,,0.0
661150.0,,33.0,68.0,1.06,2000.0,632.0,0.0,661.0,632.0,,,661.0,0.0,1.0,,,1.0,,,2018-09-26,2018-08-31,0.0,0.0,,,,0.0
661158.0,,33.0,84.0,1.06,2000.0,632.0,0.0,661.0,632.0,,,661.0,0.0,1.0,,,1.0,,,2018-09-26,2018-09-07,0.0,0.0,,,,0.0
661159.0,,33.0,72.0,0.79,1500.0,232.0,0.0,661.0,232.0,,,661.0,0.0,1.0,,,1.0,,,2018-09-26,2018-09-02,0.0,0.0,,,,0.0
661163.0,,33.0,74.0,1.06,2000.0,632.0,0.0,661.0,632.0,,,661.0,0.0,1.0,,,1.0,,,2018-09-26,2018-09-02,0.0,0.0,,,,0.0
661167.0,,33.0,96.0,0.79,1500.0,632.0,0.0,661.0,632.0,,,661.0,0.0,1.0,,,1.0,,,2018-09-26,2018-09-18,0.0,0.0,,,,0.0
661169.0,,33.0,77.0,0.79,1500.0,232.0,0.0,661.0,232.0,,,661.0,0.0,1.0,,,1.0,,,2018-09-26,2018-09-04,0.0,0.0,,,,0.0
661170.0,,33.0,97.0,1.32,2500.0,232.0,0.0,661.0,232.0,,,661.0,0.0,1.0,,,1.0,,,2018-09-26,2018-09-19,0.0,0.0,,,,0.0
661171.0,,33.0,94.0,1.06,2000.0,632.0,0.0,661.0,632.0,,,661.0,0.0,1.0,,,1.0,,,2018-09-26,2018-09-17,0.0,0.0,,,,0.0
661190.0,,33.0,87.0,0.79,1500.0,232.0,0.0,661.0,232.0,,,661.0,0.0,1.0,,,1.0,,,2018-09-26,2018-09-08,0.0,0.0,,,,0.0
661194.0,,33.0,98.0,1.06,2000.0,232.0,0.0,661.0,232.0,,,661.0,0.0,1.0,,,1.0,,,2018-09-26,2018-09-20,0.0,0.0,,,,0.0
661203.0,,33.0,86.0,0.79,1500.0,232.0,0.0,661.0,232.0,,,661.0,0.0,1.0,,,1.0,,,2018-09-26,2018-09-08,0.0,0.0,,,,0.0
661226.0,,33.0,83.0,1.06,2000.0,232.0,0.0,661.0,232.0,,,661.0,0.0,1.0,,,1.0,,,2018-09-26,2018-09-05,0.0,0.0,,,,0.0
662001.0,,54.0,123.0,5.82,11000.0,96.0,1.0,662.0,96.0,,,662.0,0.0,,1.0,,1.0,,,2018-11-07,2018-10-18,0.0,0.0,,,,0.0
662006.0,,54.0,,5.82,11000.0,90.0,0.0,662.0,90.0,,,662.0,0.0,,1.0,,1.0,,,2018-11-07,2018-10-24,0.0,0.0,,,,0.0
662007.0,,54.0,122.0,4.66,8800.0,90.0,1.0,662.0,90.0,,,662.0,0.0,,1.0,,1.0,,,2018-11-07,2018-10-18,0.0,0.0,,,,0.0
662017.0,,54.0,134.0,3.49,6600.0,96.0,0.0,662.0,96.0,,,662.0,1.0,,1.0,,1.0,,,2018-11-07,2018-11-01,0.0,0.0,,,,0.0
662030.0,,54.0,132.0,3.49,6600.0,90.0,0.0,662.0,90.0,,,662.0,1.0,,1.0,,1.0,,,2018-11-07,2018-10-31,0.0,0.0,,,,0.0
662032.0,,54.0,120.0,4.66,8800.0,96.0,1.0,662.0,96.0,,,662.0,0.0,,1.0,,1.0,,,2018-11-07,2018-10-17,0.0,0.0,,,,0.0
662044.0,,54.0,118.0,3.49,6600.0,90.0,1.0,662.0,90.0,,,662.0,0.0,,1.0,,1.0,,,2018-11-07,2018-10-17,0.0,0.0,,,,0.0
663005.0,,99.0,144.0,1.32,2500.0,,0.0,663.0,654.0,1.0,,663.0,0.0,1.0,,,1.0,,,2018-12-04,2018-12-28,1.0,0.0,,,,0.0
663009.0,,13.0,100.0,1.06,2000.0,654.0,0.0,663.0,654.0,,,663.0,0.0,1.0,,,1.0,,,2018-12-04,2018-11-24,0.0,0.0,,,,0.0
663084.0,,13.0,109.0,0.79,1500.0,654.0,0.0,663.0,654.0,,,663.0,0.0,1.0,,,1.0,,,2018-12-04,2018-11-28,0.0,0.0,,,,0.0
663091.0,,99.0,135.0,0.79,1500.0,,0.0,663.0,254.0,1.0,,663.0,0.0,1.0,,,1.0,,,2018-12-04,2018-12-14,1.0,0.0,,,,0.0
663094.0,,99.0,133.0,0.79,1500.0,,0.0,663.0,254.0,1.0,,663.0,0.0,1.0,,,1.0,,,2018-12-04,2018-12-14,1.0,0.0,,,,0.0
663095.0,,99.0,147.0,0.79,1500.0,,0.0,663.0,254.0,1.0,,663.0,0.0,1.0,,,1.0,,,2018-12-04,2018-12-28,1.0,0.0,,,,0.0
663097.0,,13.0,97.0,1.06,2000.0,254.0,0.0,663.0,254.0,,,663.0,0.0,1.0,,,1.0,,,2018-12-04,2018-11-20,0.0,0.0,,,,0.0
663110.0,,99.0,146.0,0.79,1500.0,,0.0,663.0,654.0,1.0,,663.0,0.0,1.0,,,1.0,,,2018-12-04,2018-12-28,1.0,0.0,,,,0.0
663113.0,,99.0,134.0,1.32,2500.0,,0.0,663.0,,1.0,,663.0,0.0,1.0,,,1.0,,,2018-12-04,2018-12-14,1.0,0.0,,,,0.0
663149.0,,13.0,110.0,0.79,1500.0,254.0,0.0,663.0,254.0,,,663.0,0.0,1.0,,,1.0,,,2018-12-04,2018-11-28,0.0,0.0,,,,0.0
663157.0,,13.0,106.0,1.06,2000.0,254.0,0.0,663.0,254.0,,,663.0,0.0,1.0,,,1.0,,,2018-12-04,2018-11-28,0.0,0.0,,,,0.0
663159.0,,13.0,102.0,0.79,1500.0,254.0,0.0,663.0,254.0,,,663.0,0.0,1.0,,,1.0,,,2018-12-04,2018-11-27,0.0,0.0,,,,0.0
663160.0,,13.0,101.0,1.06,2000.0,654.0,0.0,663.0,654.0,,,663.0,0.0,1.0,,,1.0,,,2018-12-04,2018-11-24,0.0,0.0,,,,0.0
663169.0,,13.0,98.0,1.06,2000.0,654.0,1.0,663.0,654.0,,,663.0,0.0,1.0,,,1.0,,,2018-12-04,2018-11-24,0.0,0.0,,,,0.0
663170.0,,13.0,99.0,1.06,2000.0,254.0,0.0,663.0,254.0,,,663.0,0.0,1.0,,,1.0,,,2018-12-04,2018-11-24,0.0,0.0,,,,0.0
663178.0,,99.0,141.0,3.49,6600.0,,0.0,663.0,254.0,1.0,,663.0,0.0,,1.0,,1.0,,,2018-12-04,2018-12-28,1.0,0.0,,,,0.0
663179.0,,13.0,108.0,0.79,1500.0,254.0,1.0,663.0,254.0,,,663.0,0.0,1.0,,,1.0,,,2018-12-04,2018-11-28,0.0,0.0,,,,0.0
663189.0,,99.0,145.0,1.32,2500.0,,0.0,663.0,254.0,1.0,,663.0,1.0,1.0,,,1.0,,,2018-12-04,2018-12-28,1.0,0.0,,,,0.0
663191.0,,99.0,131.0,1.32,2500.0,,0.0,663.0,654.0,1.0,,663.0,0.0,1.0,,,1.0,,,2018-12-04,2018-12-14,1.0,0.0,,,,0.0
663192.0,,13.0,107.0,0.79,1500.0,654.0,0.0,663.0,654.0,,,663.0,0.0,1.0,,,1.0,,,2018-12-04,2018-11-28,0.0,0.0,,,,0.0
664001.0,,26.0,60.0,1.06,2000.0,232.0,0.0,664.0,232.0,,,664.0,1.0,1.0,,,1.0,,,2018-10-24,2018-11-28,1.0,0.0,,,,0.0
664005.0,,26.0,61.0,0.79,1500.0,632.0,0.0,664.0,632.0,,,664.0,1.0,1.0,,,1.0,,,2018-10-24,2018-11-28,1.0,0.0,,,,0.0
664011.0,,26.0,64.0,0.79,1500.0,232.0,0.0,664.0,232.0,,,664.0,0.0,1.0,,,1.0,,,2018-10-24,2018-12-05,1.0,0.0,,,,0.0
664017.0,,26.0,63.0,1.59,3000.0,632.0,0.0,664.0,632.0,,,664.0,0.0,1.0,,,1.0,,,2018-10-24,2018-12-05,1.0,0.0,,,,0.0
664020.0,,26.0,65.0,1.32,2500.0,632.0,0.0,664.0,632.0,,,664.0,0.0,1.0,,,1.0,,,2018-10-24,2018-12-07,1.0,0.0,,,,0.0
664021.0,,26.0,62.0,1.06,2000.0,232.0,0.0,664.0,232.0,,,664.0,0.0,1.0,,,1.0,,,2018-10-24,2018-12-05,1.0,0.0,,,,0.0
668001.0,,18.0,128.0,1.59,3000.0,35.0,0.0,668.0,35.0,,,668.0,0.0,1.0,,,1.0,,,2018-11-28,2018-12-14,1.0,0.0,,,,0.0
668004.0,,18.0,126.0,3.49,6600.0,35.0,0.0,668.0,35.0,,,668.0,0.0,,1.0,,1.0,,,2018-11-28,2018-12-12,1.0,0.0,,,,0.0
668041.0,,18.0,127.0,4.66,8800.0,35.0,0.0,668.0,35.0,,,668.0,1.0,,1.0,,1.0,,,2018-11-28,2018-12-12,1.0,0.0,,,,0.0
670001.0,,7.0,,,2500.0,206.0,0.0,670.0,,,,670.0,,,,,,,,2018-07-24,,1.0,0.0,,,,0.0
670007.0,,7.0,,,3000.0,206.0,0.0,670.0,,,,670.0,,,,,,,,2018-07-24,,1.0,0.0,,,,0.0
670010.0,,7.0,,1.32,2500.0,606.0,0.0,670.0,,,,670.0,,,,,,,,2018-07-24,2018-07-25,1.0,0.0,,,,0.0
670020.0,,7.0,,,3000.0,403.0,0.0,670.0,,,,670.0,,,,,,,,2018-07-24,,1.0,0.0,,,,0.0
670030.0,,7.0,,1.32,2500.0,606.0,0.0,670.0,,,,670.0,,,,,,,,2018-07-24,2018-07-25,1.0,0.0,,,,0.0
670031.0,,7.0,,1.06,2000.0,206.0,0.0,670.0,,,,670.0,,,,,,,,2018-07-24,2018-07-25,1.0,0.0,,,,0.0
670041.0,,7.0,,,1500.0,606.0,0.0,670.0,,,,670.0,,,,,,,,2018-07-24,,1.0,0.0,,,,0.0
670057.0,,7.0,,,,606.0,0.0,670.0,,,,670.0,,,,,,,4.66,2018-07-24,,1.0,0.0,,,,0.0
670062.0,,7.0,,,2000.0,206.0,0.0,670.0,,,,670.0,,,,,,,,2018-07-24,,1.0,0.0,,,,0.0
670064.0,,7.0,,,6600.0,606.0,0.0,670.0,,,,670.0,,,,,,,,2018-07-24,,1.0,0.0,,,,0.0
670065.0,,7.0,,,8800.0,606.0,0.0,670.0,,,,670.0,,,,,,,,2018-07-24,,1.0,0.0,,,,0.0
670069.0,,7.0,,4.66,8800.0,606.0,0.0,670.0,,,,670.0,,,,,,,,2018-07-24,2018-07-25,1.0,0.0,,,,0.0
670070.0,,7.0,,,2500.0,606.0,0.0,670.0,,,,670.0,,,,,,,,2018-07-24,,1.0,0.0,,,,0.0
670072.0,,7.0,,,1500.0,206.0,0.0,670.0,,,,670.0,,,,,,,,2018-07-24,,1.0,0.0,,,,0.0
670079.0,,7.0,,,1500.0,206.0,0.0,670.0,,,,670.0,,,,,,,,2018-07-24,,1.0,0.0,,,,0.0
670091.0,,7.0,,,2000.0,206.0,0.0,670.0,,,,670.0,,,,,,,,2018-07-24,,1.0,0.0,,,,0.0
670095.0,,7.0,,,2500.0,606.0,0.0,670.0,,,,670.0,,,,,,,,2018-07-24,,1.0,0.0,,,,0.0
670100.0,,7.0,,,13200.0,606.0,0.0,670.0,,,,670.0,,,,,,,,2018-07-24,,1.0,0.0,,,,0.0
670112.0,,7.0,,0.79,1500.0,206.0,0.0,670.0,,,,670.0,,,,,,,,2018-07-24,2018-07-18,0.0,0.0,,,,0.0
670121.0,,7.0,,,2000.0,606.0,0.0,670.0,,,,670.0,,,,,,,,2018-07-24,,1.0,0.0,,,,0.0
670124.0,,99.0,,3.49,6600.0,,0.0,670.0,,,,670.0,,,,,,,,2018-07-24,2018-07-27,1.0,0.0,,,,0.0
670144.0,,7.0,,,,206.0,0.0,670.0,,,,670.0,,,,,,,5.82,2018-07-24,,1.0,0.0,,,,0.0
670165.0,,7.0,,1.06,2000.0,606.0,0.0,670.0,,,,670.0,,,,,,,,2018-07-24,2018-07-24,0.0,0.0,,,,0.0
670167.0,,7.0,,0.79,1500.0,206.0,0.0,670.0,,,,670.0,,,,,,,,2018-07-24,,1.0,0.0,,,,0.0
670179.0,,7.0,,,1500.0,206.0,0.0,670.0,,,,670.0,,,,,,,,2018-07-24,,1.0,0.0,,,,0.0
670201.0,,7.0,,1.32,2500.0,,0.0,670.0,,,,670.0,,,,,,,,2018-07-24,2018-07-21,0.0,0.0,,,,0.0
670208.0,,7.0,,1.32,2500.0,206.0,0.0,670.0,,,,670.0,,,,,,,,2018-07-24,2018-07-21,0.0,0.0,,,,0.0
670217.0,,7.0,,4.66,8800.0,206.0,0.0,670.0,,,,670.0,,,,,,,,2018-07-24,2018-07-18,0.0,0.0,,,,0.0
670231.0,,7.0,,,2000.0,606.0,0.0,670.0,,,,670.0,,,,,,,,2018-07-24,,1.0,0.0,,,,0.0
671020.0,,12.0,,5.82,11000.0,37.0,0.0,671.0,,,,671.0,,,,,,,,2018-08-15,2018-08-03,0.0,0.0,,,,0.0
671068.0,,12.0,,4.66,8800.0,37.0,0.0,671.0,,,,671.0,,,,,,,,2018-08-15,2018-08-09,0.0,0.0,,,,0.0
672013.0,,99.0,78.0,6.99,13200.0,,0.0,672.0,,1.0,,672.0,0.0,,1.0,,1.0,,,2018-11-07,2018-10-09,0.0,0.0,,,,0.0
674030.0,,28.0,197.0,6.99,13200.0,281.0,0.0,674.0,281.0,,,674.0,0.0,,1.0,,1.0,,,2018-12-04,2018-11-24,0.0,0.0,,,,0.0
674036.0,,28.0,198.0,4.66,8800.0,681.0,1.0,670.0,681.0,,,670.0,0.0,,1.0,,1.0,,,2018-07-24,2018-11-24,1.0,0.0,,,,0.0
674041.0,,28.0,206.0,1.06,2000.0,681.0,0.0,674.0,681.0,,,674.0,0.0,1.0,,,1.0,,,2018-12-04,2018-11-28,0.0,0.0,,,,0.0
674055.0,,28.0,199.0,1.59,3000.0,281.0,0.0,674.0,281.0,,,674.0,0.0,1.0,,,1.0,,,2018-12-04,2018-11-24,0.0,0.0,,,,0.0
674066.0,,28.0,207.0,0.79,1500.0,681.0,0.0,674.0,681.0,,,674.0,0.0,1.0,,,1.0,,,2018-12-04,2018-11-28,0.0,0.0,,,,0.0
674069.0,,28.0,200.0,1.59,3000.0,681.0,0.0,674.0,681.0,,,674.0,0.0,1.0,,,1.0,,,2018-12-04,2018-11-24,0.0,0.0,,,,0.0
674071.0,,28.0,202.0,1.06,2000.0,681.0,0.0,674.0,681.0,,,674.0,0.0,1.0,,,1.0,,,2018-12-04,2018-11-26,0.0,0.0,,,,0.0
674073.0,,28.0,201.0,0.79,1500.0,281.0,0.0,674.0,281.0,,,674.0,0.0,1.0,,,1.0,,,2018-12-04,2018-11-26,0.0,0.0,,,,0.0
675007.0,,33.0,168.0,1.06,2000.0,502.0,0.0,675.0,502.0,,,675.0,0.0,1.0,,,1.0,,,2018-12-18,2018-12-17,0.0,0.0,,,,0.0
677003.0,,,94.0,0.79,1500.0,641.0,0.0,677.0,641.0,,,677.0,0.0,1.0,,,1.0,,,2018-10-24,2018-10-10,0.0,0.0,,,,0.0
677004.0,,,92.0,1.32,2500.0,641.0,0.0,677.0,641.0,,,677.0,0.0,1.0,,,1.0,,,2018-10-24,2018-10-08,0.0,0.0,,,,0.0
677011.0,,38.0,102.0,1.06,2000.0,241.0,1.0,677.0,241.0,,,677.0,0.0,1.0,,,1.0,,,2018-10-24,2018-10-19,0.0,0.0,,,,0.0
677013.0,,38.0,117.0,0.79,1500.0,241.0,0.0,677.0,241.0,,,677.0,0.0,1.0,,,1.0,,,2018-10-24,2018-11-11,1.0,0.0,,,,0.0
677015.0,,,93.0,1.59,3000.0,241.0,0.0,677.0,241.0,,,677.0,0.0,1.0,,,1.0,,,2018-10-24,2018-10-09,0.0,0.0,,,,0.0
677018.0,,38.0,84.0,0.79,1500.0,241.0,0.0,677.0,241.0,,,677.0,0.0,1.0,,,1.0,,,2018-10-24,2018-09-29,0.0,0.0,,,,0.0
677020.0,,38.0,115.0,1.59,3000.0,641.0,0.0,677.0,641.0,,,677.0,0.0,1.0,,,1.0,,,2018-10-24,2018-11-11,1.0,0.0,,,,0.0
677023.0,,,98.0,1.06,2000.0,241.0,0.0,677.0,241.0,,,677.0,0.0,1.0,,,1.0,,,2018-10-24,2018-10-12,0.0,0.0,,,,0.0
677028.0,,,95.0,1.59,3000.0,241.0,0.0,677.0,241.0,,,677.0,0.0,1.0,,,1.0,,,2018-10-24,2018-10-10,0.0,0.0,,,,0.0
677029.0,,38.0,83.0,1.32,2500.0,241.0,0.0,677.0,241.0,,,677.0,0.0,1.0,,,1.0,,,2018-10-24,2018-09-29,0.0,0.0,,,,0.0
677032.0,,,87.0,1.32,2500.0,241.0,0.0,677.0,241.0,,,677.0,0.0,1.0,,,1.0,,,2018-10-24,2018-10-03,0.0,0.0,,,,0.0
677033.0,,,91.0,0.79,1500.0,241.0,0.0,677.0,241.0,,,677.0,0.0,1.0,,,1.0,,,2018-10-24,2018-10-06,0.0,0.0,,,,0.0
677037.0,,38.0,106.0,1.59,3000.0,241.0,0.0,677.0,241.0,,,677.0,0.0,1.0,,,1.0,,,2018-10-24,2018-10-26,1.0,0.0,,,,0.0
677044.0,,38.0,85.0,1.59,3000.0,641.0,0.0,677.0,641.0,,,677.0,0.0,1.0,,,1.0,,,2018-10-24,2018-09-30,0.0,0.0,,,,0.0
677057.0,,38.0,132.0,1.06,2000.0,641.0,0.0,677.0,641.0,,,677.0,0.0,1.0,,,1.0,,,2018-10-24,2018-12-01,1.0,0.0,,,,0.0
677066.0,,38.0,103.0,0.79,1500.0,641.0,1.0,677.0,641.0,,,677.0,0.0,1.0,,,1.0,,,2018-10-24,2018-10-19,0.0,0.0,,,,0.0
677072.0,,,101.0,1.32,2500.0,241.0,0.0,677.0,241.0,,,677.0,0.0,1.0,,,1.0,,,2018-10-24,2018-10-13,0.0,0.0,,,,0.0
677092.0,,,89.0,0.79,1500.0,641.0,0.0,677.0,641.0,,,677.0,0.0,1.0,,,1.0,,,2018-10-24,2018-10-05,0.0,0.0,,,,0.0
677093.0,,,90.0,1.06,2000.0,241.0,0.0,677.0,241.0,,,677.0,0.0,1.0,,,1.0,,,2018-10-24,2018-10-05,0.0,0.0,,,,0.0
677099.0,,38.0,107.0,1.06,2000.0,241.0,0.0,677.0,241.0,,,677.0,0.0,1.0,,,1.0,,,2018-10-24,2018-11-03,1.0,0.0,,,,0.0
677100.0,,,88.0,1.06,2000.0,641.0,0.0,677.0,641.0,,,677.0,0.0,1.0,,,1.0,,,2018-10-24,2018-10-03,0.0,0.0,,,,0.0
677106.0,,38.0,80.0,1.06,2000.0,241.0,0.0,677.0,241.0,,,677.0,0.0,1.0,,,3.0,1.0,,2018-10-24,2018-09-28,0.0,0.0,,,,0.0
677120.0,,38.0,112.0,0.79,1500.0,641.0,0.0,677.0,641.0,,,677.0,0.0,1.0,,,1.0,,,2018-10-24,2018-11-08,1.0,0.0,,,,0.0
677122.0,,99.0,138.0,1.32,2500.0,,0.0,677.0,241.0,1.0,,677.0,0.0,1.0,,,1.0,,,2018-10-24,2018-12-17,1.0,0.0,,,,0.0
678038.0,,31.0,293.0,3.49,6600.0,9.0,0.0,678.0,9.0,,,678.0,0.0,,1.0,,1.0,,,2018-12-07,2018-11-29,0.0,0.0,,,,0.0
679005.0,,24.0,92.0,1.06,2000.0,82.0,0.0,679.0,82.0,,,679.0,0.0,1.0,,,1.0,,,2018-11-07,2018-10-19,0.0,0.0,,,,0.0
679008.0,,24.0,85.0,0.79,1500.0,101.0,1.0,679.0,101.0,,,679.0,0.0,1.0,,,1.0,,,2018-11-07,2018-10-17,0.0,0.0,,,,0.0
679072.0,,24.0,31881.0,1.32,2500.0,82.0,0.0,679.0,82.0,,,679.0,0.0,1.0,,,1.0,,,2018-11-07,2018-11-01,0.0,0.0,,,,0.0
679073.0,,24.0,90.0,0.79,1500.0,101.0,0.0,679.0,101.0,,,679.0,0.0,1.0,,,1.0,,,2018-11-07,2018-10-17,0.0,0.0,,,,0.0
679075.0,,24.0,91.0,1.06,2000.0,82.0,0.0,679.0,82.0,,,679.0,0.0,1.0,,,1.0,,,2018-11-07,2018-10-17,0.0,0.0,,,,0.0
679076.0,,24.0,88.0,1.32,2500.0,82.0,0.0,679.0,82.0,,,679.0,0.0,1.0,,,1.0,,,2018-11-07,2018-10-17,0.0,0.0,,,,0.0
679081.0,,24.0,31880.0,1.06,2000.0,101.0,0.0,679.0,101.0,,,679.0,0.0,1.0,,,1.0,,,2018-11-07,2018-10-29,0.0,0.0,,,,0.0
679087.0,,24.0,87.0,1.06,2000.0,101.0,0.0,679.0,101.0,,,679.0,0.0,1.0,,,1.0,,,2018-11-07,2018-10-17,0.0,0.0,,,,0.0
679090.0,,24.0,31878.0,1.06,2000.0,101.0,0.0,679.0,101.0,,,679.0,0.0,1.0,,,1.0,,,2018-11-07,2018-10-19,0.0,0.0,,,,0.0
679091.0,,24.0,86.0,1.32,2500.0,82.0,0.0,679.0,82.0,,,679.0,0.0,1.0,,,1.0,,,2018-11-07,2018-10-17,0.0,0.0,,,,0.0
679092.0,,24.0,31879.0,0.79,1500.0,82.0,0.0,679.0,82.0,,,679.0,0.0,1.0,,,1.0,,,2018-11-07,2018-10-19,0.0,0.0,,,,0.0
680001.0,,38.0,105.0,1.06,2000.0,641.0,0.0,680.0,641.0,,,680.0,0.0,1.0,,,1.0,,,2018-10-24,2018-10-26,1.0,0.0,,,,0.0
680010.0,,38.0,119.0,1.06,2000.0,641.0,0.0,680.0,641.0,,,680.0,0.0,1.0,,,1.0,,,2018-10-24,2018-11-14,1.0,0.0,,,,0.0
680012.0,,38.0,113.0,1.06,2000.0,241.0,0.0,680.0,241.0,,,680.0,0.0,1.0,,,1.0,,,2018-10-24,2018-11-08,1.0,0.0,,,,0.0
680015.0,,38.0,108.0,1.32,2500.0,,0.0,680.0,,1.0,,680.0,0.0,1.0,,,1.0,,,2018-10-24,2018-11-05,1.0,0.0,,,,0.0
680039.0,,38.0,120.0,1.32,2500.0,241.0,0.0,680.0,241.0,,,680.0,0.0,1.0,,,1.0,,,2018-10-24,2018-11-17,1.0,0.0,,,,0.0
680040.0,,38.0,111.0,1.59,3000.0,241.0,0.0,680.0,241.0,,,680.0,0.0,1.0,,,1.0,,,2018-10-24,2018-11-07,1.0,0.0,,,,0.0
680042.0,,38.0,104.0,0.79,1500.0,241.0,0.0,680.0,241.0,,,680.0,0.0,1.0,,,1.0,,,2018-10-24,2018-10-25,1.0,0.0,,,,0.0
680051.0,,54.0,138.0,1.59,3000.0,75.0,0.0,680.0,75.0,,,680.0,0.0,1.0,,,1.0,,,2018-10-24,2018-11-19,1.0,0.0,,,,0.0
680054.0,,38.0,121.0,1.32,2500.0,641.0,0.0,680.0,641.0,,,680.0,0.0,1.0,,,1.0,,,2018-10-24,2018-11-17,1.0,0.0,,,,0.0
680055.0,,38.0,109.0,1.06,2000.0,641.0,0.0,680.0,641.0,,,680.0,0.0,1.0,,,1.0,,,2018-10-24,2018-11-07,1.0,0.0,,,,0.0
680058.0,,38.0,110.0,0.79,1500.0,241.0,0.0,680.0,241.0,,,680.0,0.0,1.0,,,1.0,,,2018-10-24,2018-11-07,1.0,0.0,,,,0.0
680086.0,,38.0,114.0,1.32,2500.0,641.0,0.0,680.0,641.0,,,680.0,0.0,1.0,,,1.0,,,2018-10-24,2018-11-08,1.0,0.0,,,,0.0
680091.0,,38.0,116.0,1.59,3000.0,241.0,0.0,680.0,241.0,,,680.0,0.0,1.0,,,1.0,,,2018-10-24,2018-11-11,1.0,0.0,,,,0.0
681002.0,,35.0,,1.06,2000.0,90.0,0.0,681.0,,,,681.0,,,,,,,,2018-07-15,2018-07-03,0.0,0.0,,,,0.0
681012.0,,9.0,,1.32,2500.0,90.0,0.0,681.0,,,,681.0,,,,,,,,2018-07-15,2018-07-25,1.0,0.0,,,,0.0
681015.0,,35.0,,1.59,3000.0,18.0,0.0,681.0,,,,681.0,,,,,,,,2018-07-15,2018-07-06,0.0,0.0,,,,0.0
681026.0,,35.0,,0.79,1500.0,18.0,0.0,681.0,,,,681.0,,,,,,,,2018-07-15,2018-07-10,0.0,0.0,,,,0.0
681027.0,,35.0,,1.06,2000.0,90.0,0.0,681.0,,,,681.0,,,,,,,,2018-07-15,2018-07-10,0.0,0.0,,,,0.0
681029.0,,35.0,,1.06,2000.0,90.0,0.0,681.0,,,,681.0,,,,,,,,2018-07-15,2018-07-07,0.0,0.0,,,,0.0
681039.0,,35.0,,1.32,2500.0,18.0,0.0,681.0,,,,681.0,,,,,,,,2018-07-15,2018-07-10,0.0,0.0,,,,0.0
681054.0,,35.0,,0.79,1500.0,7.0,0.0,681.0,,,,681.0,,,,,,,,2018-07-15,2018-07-10,0.0,0.0,,,,0.0
681055.0,,35.0,,1.32,2500.0,90.0,0.0,681.0,,,,681.0,,,,,,,,2018-07-15,2018-07-04,0.0,0.0,,,,0.0
681067.0,,35.0,,1.59,3000.0,18.0,0.0,681.0,,,,681.0,,,,,,,,2018-07-15,2018-07-10,0.0,0.0,,,,0.0
681103.0,,35.0,,1.06,2000.0,18.0,0.0,681.0,,,,681.0,,,,,,,,2018-07-15,2018-07-04,0.0,0.0,,,,0.0
681143.0,,35.0,,4.66,8800.0,90.0,0.0,681.0,,,,681.0,,,,,,,,2018-07-15,2018-07-10,0.0,0.0,,,,0.0
682004.0,,,86.0,6.99,13200.0,241.0,0.0,682.0,241.0,,,682.0,0.0,,1.0,,1.0,,,2018-10-24,2018-10-02,0.0,0.0,,,,0.0
682036.0,,38.0,77.0,1.06,2000.0,241.0,0.0,682.0,241.0,,,682.0,0.0,1.0,,,3.0,1.0,,2018-10-24,2018-09-25,0.0,0.0,,,,0.0
682037.0,,38.0,78.0,1.06,2000.0,641.0,0.0,682.0,641.0,,,682.0,0.0,1.0,,,3.0,1.0,,2018-10-24,2018-09-25,0.0,0.0,,,,0.0
682039.0,,38.0,81.0,0.79,1500.0,641.0,0.0,682.0,641.0,,,682.0,0.0,1.0,,,1.0,,,2018-10-24,2018-09-28,0.0,0.0,,,,0.0
682041.0,,38.0,118.0,1.59,3000.0,241.0,0.0,682.0,241.0,,,682.0,0.0,1.0,,,1.0,,,2018-10-24,2018-11-14,1.0,0.0,,,,0.0
682046.0,,,96.0,4.66,8800.0,241.0,0.0,682.0,241.0,,,682.0,0.0,,1.0,,1.0,,,2018-10-24,2018-10-11,0.0,0.0,,,,0.0
682064.0,,38.0,82.0,3.49,6600.0,241.0,0.0,682.0,241.0,,,682.0,0.0,,1.0,,1.0,,,2018-10-24,2018-09-28,0.0,0.0,,,,0.0
682065.0,,,100.0,5.82,11000.0,241.0,0.0,682.0,241.0,,,682.0,0.0,,1.0,,1.0,,,2018-10-24,2018-10-12,0.0,0.0,,,,0.0
682078.0,,,97.0,0.79,1500.0,641.0,0.0,682.0,641.0,,,682.0,0.0,1.0,,,1.0,,,2018-10-24,2018-10-11,0.0,0.0,,,,0.0
682079.0,,,99.0,1.32,2500.0,641.0,0.0,682.0,641.0,,,682.0,0.0,1.0,,,1.0,,,2018-10-24,2018-10-12,0.0,0.0,,,,0.0
683051.0,,14.0,,1.06,2000.0,30.0,0.0,683.0,,,,683.0,,,,,,,,2018-08-15,2018-07-18,0.0,0.0,,,,0.0
683064.0,,99.0,,1.32,2500.0,,0.0,683.0,,,,683.0,,,,,,,,2018-08-15,2018-07-19,0.0,0.0,,,,0.0
683103.0,,14.0,,1.06,2000.0,30.0,0.0,683.0,,,,683.0,,,,,,,,2018-08-15,2018-08-06,0.0,0.0,,,,0.0
686019.0,,12.0,,3.49,6600.0,37.0,0.0,686.0,,,,686.0,,,,,,,,2018-07-15,2018-07-10,0.0,0.0,,,,0.0
686030.0,,12.0,,1.59,3000.0,37.0,0.0,686.0,,,,686.0,,,,,,,,2018-07-15,2018-07-06,0.0,0.0,,,,0.0
686064.0,,12.0,,6.99,13200.0,37.0,0.0,686.0,,,,686.0,,,,,,,,2018-07-15,2018-07-02,0.0,0.0,,,,0.0
686078.0,,12.0,,3.49,6600.0,37.0,0.0,686.0,,,,686.0,,,,,,,,2018-07-15,2018-07-12,0.0,0.0,,,,0.0
686084.0,,12.0,,0.79,1500.0,37.0,0.0,686.0,,,,686.0,,,,,,,,2018-07-15,2018-07-10,0.0,0.0,,,,0.0
686086.0,,12.0,,1.06,2000.0,37.0,0.0,686.0,,,,686.0,,,,,,,,2018-07-15,2018-07-12,0.0,0.0,,,,0.0
686090.0,,12.0,,1.06,2000.0,37.0,0.0,686.0,,,,686.0,,,,,,,,2018-07-15,2018-07-12,0.0,0.0,,,,0.0
686105.0,,12.0,,1.06,2000.0,37.0,0.0,686.0,,,,686.0,,,,,,,,2018-07-15,2018-07-12,0.0,0.0,,,,0.0
686109.0,,12.0,,0.79,1500.0,37.0,0.0,686.0,,,,686.0,,,,,,,,2018-07-15,2018-07-10,0.0,0.0,,,,0.0
686113.0,,12.0,,1.32,2500.0,37.0,0.0,686.0,,,,686.0,,,,,,,,2018-07-15,2018-07-12,0.0,0.0,,,,0.0
687004.0,,33.0,,4.66,8800.0,212.0,0.0,687.0,,,,687.0,,,,,,,,2018-07-24,2018-07-06,0.0,0.0,,,,0.0
687030.0,,33.0,,1.06,2000.0,212.0,0.0,687.0,,,,687.0,,,,,,,,2018-07-24,2018-07-23,0.0,0.0,,,,0.0
687039.0,,33.0,,1.59,3000.0,212.0,0.0,687.0,,,,687.0,,,,,,,,2018-07-24,2018-07-19,0.0,0.0,,,,0.0
687040.0,,33.0,,0.79,1500.0,612.0,0.0,687.0,,,,687.0,,,,,,,,2018-07-24,2018-07-23,0.0,0.0,,,,0.0
687046.0,,33.0,,1.06,2000.0,612.0,0.0,687.0,,,,687.0,,,,,,,,2018-07-24,2018-07-08,0.0,0.0,,,,0.0
687058.0,,33.0,,0.79,1500.0,612.0,0.0,687.0,,,,687.0,,,,,,,,2018-07-24,2018-07-21,0.0,0.0,,,,0.0
687065.0,,33.0,,0.79,1500.0,212.0,0.0,687.0,,,,687.0,,,,,,,,2018-07-24,2018-07-07,0.0,0.0,,,,0.0
688010.0,,35.0,,0.79,1500.0,18.0,0.0,688.0,,,,688.0,,,,,,,,2018-07-15,2018-07-02,0.0,0.0,,,,0.0
688011.0,,35.0,,,3000.0,90.0,0.0,688.0,,,,688.0,,,,,,,,2018-07-15,2018-06-20,0.0,0.0,,,,0.0
688016.0,,35.0,,1.59,3000.0,18.0,0.0,688.0,,,,688.0,,,,,,,,2018-07-15,2018-07-11,0.0,0.0,,,,0.0
688021.0,,35.0,,,2000.0,18.0,0.0,688.0,,,,688.0,,,,,,,,2018-07-15,2018-06-26,0.0,0.0,,,,0.0
688022.0,,35.0,,,2000.0,90.0,0.0,688.0,,,,688.0,,,,,,,,2018-07-15,2018-06-25,0.0,0.0,,,,0.0
688024.0,,35.0,,1.32,2500.0,18.0,0.0,688.0,,,,688.0,,,,,,,,2018-07-15,2018-07-11,0.0,0.0,,,,0.0
688060.0,,35.0,,1.06,2000.0,18.0,0.0,688.0,,,,688.0,,,,,,,,2018-07-15,2018-06-29,0.0,0.0,,,,0.0
688071.0,,35.0,,,1500.0,90.0,0.0,688.0,,,,688.0,,,,,,,,2018-07-15,2018-06-26,0.0,0.0,,,,0.0
688073.0,,35.0,,,1500.0,18.0,0.0,688.0,,,,688.0,,,,,,,,2018-07-15,2018-06-26,0.0,0.0,,,,0.0
688074.0,,35.0,,0.79,1500.0,90.0,0.0,688.0,,,,688.0,,,,,,,,2018-07-15,2018-07-11,0.0,0.0,,,,0.0
688075.0,,31.0,283.0,1.32,2500.0,347.0,0.0,688.0,,1.0,,688.0,1.0,1.0,,,1.0,,,2018-07-15,2018-11-10,1.0,0.0,,,,0.0
688096.0,,19.0,121.0,0.79,1500.0,,0.0,688.0,,1.0,,688.0,1.0,1.0,,,1.0,,,2018-07-15,2018-10-27,1.0,0.0,,,,0.0
688105.0,,35.0,,1.06,2000.0,90.0,0.0,688.0,,,,688.0,,,,,,,,2018-07-15,2018-06-30,0.0,0.0,,,,0.0
688106.0,,35.0,,,8800.0,90.0,0.0,688.0,,,,688.0,,,,,,,,2018-07-15,2018-06-26,0.0,0.0,,,,0.0
688109.0,,35.0,,5.82,11000.0,90.0,0.0,688.0,,,,688.0,,,,,,,,2018-07-15,2018-07-12,0.0,0.0,,,,0.0
688116.0,,35.0,,1.06,2000.0,18.0,0.0,688.0,,,,688.0,,,,,,,,2018-07-15,2018-06-30,0.0,0.0,,,,0.0
688152.0,,35.0,,6.99,13200.0,18.0,0.0,688.0,,,,688.0,,,,,,,,2018-07-15,2018-07-09,0.0,0.0,,,,0.0
689003.0,,16.0,190.0,5.82,11000.0,77.0,0.0,689.0,77.0,,,689.0,0.0,,1.0,,1.0,,,2018-09-12,2018-09-01,0.0,0.0,,,,0.0
689014.0,,16.0,193.0,1.32,2500.0,14.0,0.0,689.0,14.0,,,689.0,0.0,1.0,,,1.0,,,2018-09-12,2018-09-06,0.0,0.0,,,,0.0
689015.0,,16.0,180.0,0.79,1500.0,14.0,0.0,689.0,14.0,,,689.0,0.0,1.0,,,1.0,,,2018-09-12,2018-08-29,0.0,0.0,,,,0.0
689031.0,,16.0,161.0,1.06,2000.0,77.0,0.0,689.0,77.0,,,689.0,0.0,1.0,,,,,,2018-09-12,2018-08-20,0.0,0.0,,,,0.0
689033.0,,16.0,192.0,1.32,2500.0,77.0,0.0,689.0,77.0,,,689.0,0.0,1.0,,,1.0,,,2018-09-12,2018-09-05,0.0,0.0,,,,0.0
689038.0,,16.0,194.0,1.59,3000.0,77.0,0.0,689.0,77.0,,,689.0,0.0,1.0,,,1.0,,,2018-09-12,2018-09-06,0.0,0.0,,,,0.0
689042.0,,16.0,162.0,0.79,1500.0,14.0,0.0,689.0,14.0,,,689.0,1.0,1.0,,,,,,2018-09-12,2018-08-20,0.0,0.0,,,,0.0
689047.0,,16.0,156.0,1.32,2500.0,14.0,0.0,689.0,14.0,,,689.0,0.0,1.0,,,,,,2018-09-12,2018-08-16,0.0,0.0,,,,0.0
689048.0,,16.0,155.0,0.79,1500.0,77.0,0.0,689.0,77.0,,,689.0,0.0,1.0,,,,,,2018-09-12,2018-08-16,0.0,0.0,,,,0.0
689052.0,,16.0,191.0,0.79,1500.0,14.0,0.0,689.0,14.0,,,689.0,0.0,1.0,,,1.0,,,2018-09-12,2018-09-05,0.0,0.0,,,,0.0
689061.0,,16.0,185.0,0.79,1500.0,14.0,0.0,689.0,14.0,,,689.0,0.0,1.0,,,1.0,,,2018-09-12,2018-08-31,0.0,0.0,,,,0.0
689064.0,,16.0,181.0,1.32,2500.0,77.0,0.0,689.0,77.0,,,689.0,0.0,1.0,,,1.0,,,2018-09-12,2018-08-29,0.0,0.0,,,,0.0
689068.0,,16.0,174.0,1.32,2500.0,77.0,0.0,689.0,77.0,,,689.0,0.0,1.0,,,3.0,1.0,,2018-09-12,2018-08-25,0.0,0.0,,,,0.0
689069.0,,16.0,186.0,1.32,2500.0,77.0,0.0,689.0,77.0,,,689.0,0.0,1.0,,,1.0,,,2018-09-12,2018-08-31,0.0,0.0,,,,0.0
689078.0,,16.0,157.0,1.32,2500.0,77.0,0.0,689.0,77.0,,,689.0,0.0,1.0,,,,,,2018-09-12,2018-08-16,0.0,0.0,,,,0.0
689080.0,,16.0,158.0,1.59,3000.0,14.0,0.0,689.0,14.0,,,689.0,0.0,1.0,,,,,,2018-09-12,2018-08-16,0.0,0.0,,,,0.0
691005.0,,33.0,,1.59,3000.0,612.0,0.0,691.0,,,,691.0,,,,,,,,2018-07-24,2018-07-11,0.0,0.0,,,,0.0
691006.0,,33.0,,1.59,3000.0,612.0,0.0,691.0,,,,691.0,,,,,,,,2018-07-24,2018-07-06,0.0,0.0,,,,0.0
691007.0,,99.0,,1.59,3000.0,,0.0,691.0,,,,691.0,,,,,,,,2018-07-24,2018-07-30,1.0,0.0,,,,0.0
691011.0,,33.0,,0.79,1500.0,212.0,0.0,691.0,,,,691.0,,,,,,,,2018-07-24,2018-07-12,0.0,0.0,,,,0.0
691014.0,,33.0,,0.79,1500.0,212.0,0.0,691.0,,,,691.0,,,,,,,,2018-07-24,2018-07-11,0.0,0.0,,,,0.0
691021.0,,99.0,,1.32,2500.0,,0.0,691.0,,,,691.0,,,,,,,,2018-07-24,2018-07-30,1.0,0.0,,,,0.0
691023.0,,99.0,77.0,1.59,3000.0,,1.0,691.0,,1.0,,691.0,0.0,1.0,,,1.0,,,2018-07-24,2018-10-02,1.0,0.0,,,,0.0
691028.0,,33.0,,0.79,1500.0,212.0,0.0,691.0,,,,691.0,,,,,,,,2018-07-24,2018-07-08,0.0,0.0,,,,0.0
691062.0,,33.0,,1.59,3000.0,612.0,0.0,691.0,,,,691.0,,,,,,,,2018-07-24,2018-07-06,0.0,0.0,,,,0.0
691068.0,,33.0,,1.06,2000.0,612.0,0.0,691.0,,,,691.0,,,,,,,,2018-07-24,2018-07-16,0.0,0.0,,,,0.0
691077.0,,33.0,,1.06,2000.0,212.0,0.0,691.0,,,,691.0,,,,,,,,2018-07-24,2018-07-14,0.0,0.0,,,,0.0
691092.0,,33.0,,0.79,1500.0,212.0,0.0,691.0,,,,691.0,,,,,,,,2018-07-24,2018-07-11,0.0,0.0,,,,0.0
691096.0,,33.0,,1.32,2500.0,212.0,0.0,691.0,,,,691.0,,,,,,,,2018-07-24,2018-07-06,0.0,0.0,,,,0.0
691102.0,,33.0,,0.79,1500.0,612.0,0.0,691.0,,,,691.0,,,,,,,,2018-07-24,2018-06-28,0.0,0.0,,,,0.0
692008.0,,36.0,,6.99,13200.0,692.0,0.0,692.0,,,,692.0,,,,,,,,2018-07-24,2018-07-26,1.0,0.0,,,,0.0
692023.0,,36.0,,6.99,13200.0,605.0,0.0,692.0,,,,692.0,,,,,,,,2018-07-24,2018-07-07,0.0,0.0,,,,0.0
692028.0,,36.0,,5.82,11000.0,205.0,0.0,692.0,,,,692.0,,,,,,,,2018-07-24,2018-07-07,0.0,0.0,,,,0.0
692044.0,,36.0,,4.66,8800.0,605.0,0.0,692.0,,,,692.0,,,,,,,,2018-07-24,2018-07-05,0.0,0.0,,,,0.0
692045.0,,36.0,,3.49,6600.0,,0.0,692.0,,,,692.0,,,,,,,,2018-07-24,2018-07-16,0.0,0.0,,,,0.0
692047.0,,36.0,,4.66,8800.0,605.0,0.0,692.0,,,,692.0,,,,,,,,2018-07-24,2018-07-03,0.0,0.0,,,,0.0
692058.0,,36.0,,3.49,6600.0,205.0,0.0,692.0,,,,692.0,,,,,,,,2018-07-24,2018-07-12,0.0,0.0,,,,0.0
692063.0,,36.0,,0.79,1500.0,605.0,0.0,692.0,,,,692.0,,,,,,,,2018-07-24,2018-07-07,0.0,0.0,,,,0.0
692074.0,,36.0,53.0,1.06,2000.0,205.0,0.0,692.0,205.0,,,692.0,0.0,1.0,,,,,,2018-07-24,2018-08-03,1.0,0.0,,,,0.0
692076.0,,36.0,,4.66,8800.0,605.0,0.0,692.0,,,,692.0,,,,,,,,2018-07-24,2018-07-21,0.0,0.0,,,,0.0
692077.0,,36.0,,3.49,6600.0,205.0,0.0,692.0,,,,692.0,,,,,,,,2018-07-24,2018-07-11,0.0,0.0,,,,0.0
692080.0,,36.0,,4.66,8800.0,605.0,0.0,692.0,,,,692.0,,,,,,,,2018-07-24,2018-07-26,1.0,0.0,,,,0.0
693002.0,,31.0,,6.99,13200.0,58.0,0.0,693.0,,,,693.0,,,,,,,,2018-07-15,2018-06-27,0.0,0.0,,,,0.0
693005.0,,31.0,,1.59,3000.0,,0.0,693.0,,,,693.0,,,,,,,,2018-07-15,2018-06-27,0.0,0.0,,,,0.0
693006.0,,31.0,,1.32,2500.0,58.0,0.0,693.0,,,,693.0,,,,,,,,2018-07-15,2018-07-04,0.0,0.0,,,,0.0
693007.0,,31.0,,1.06,2000.0,58.0,0.0,693.0,,,,693.0,,,,,,,,2018-07-15,2018-06-25,0.0,0.0,,,,0.0
693008.0,,31.0,,0.79,1500.0,58.0,0.0,693.0,,,,693.0,,,,,,,,2018-07-15,2018-06-21,0.0,0.0,,,,0.0
693011.0,,31.0,,1.32,2500.0,58.0,0.0,693.0,,,,693.0,,,,,,,,2018-07-15,2018-06-25,0.0,0.0,,,,0.0
693016.0,,31.0,,1.32,2500.0,66.0,0.0,693.0,,,,693.0,,,,,,,,2018-07-15,2018-06-21,0.0,0.0,,,,0.0
693017.0,,31.0,,1.59,3000.0,58.0,0.0,693.0,,,,693.0,,,,,,,,2018-07-15,2018-06-27,0.0,0.0,,,,0.0
693018.0,,31.0,,1.59,3000.0,66.0,0.0,693.0,,,,693.0,,,,,,,,2018-07-15,2018-07-12,0.0,0.0,,,,0.0
693020.0,,31.0,,1.06,2000.0,66.0,0.0,693.0,,,,693.0,,,,,,,,2018-07-15,2018-07-04,0.0,0.0,,,,0.0
693021.0,,31.0,,1.59,3000.0,58.0,0.0,693.0,,,,693.0,,,,,,,,2018-07-15,2018-07-06,0.0,0.0,,,,0.0
693022.0,,31.0,,0.79,1500.0,66.0,0.0,693.0,,,,693.0,,,,,,,,2018-07-15,2018-06-25,0.0,0.0,,,,0.0
693024.0,,31.0,,0.79,1500.0,66.0,0.0,693.0,,,,693.0,,,,,,,,2018-07-15,2018-06-25,0.0,0.0,,,,0.0
693026.0,,31.0,,1.32,2500.0,66.0,0.0,693.0,,,,693.0,,,,,,,,2018-07-15,2018-07-06,0.0,0.0,,,,0.0
693030.0,,31.0,,5.82,11000.0,58.0,0.0,693.0,,,,693.0,,,,,,,,2018-07-15,2018-06-27,0.0,0.0,,,,0.0
693031.0,,31.0,,1.32,2500.0,58.0,0.0,693.0,,,,693.0,,,,,,,,2018-07-15,2018-06-25,0.0,0.0,,,,0.0
693032.0,,31.0,,1.32,2500.0,58.0,0.0,693.0,,,,693.0,,,,,,,,2018-07-15,2018-07-04,0.0,0.0,,,,0.0
693033.0,,31.0,,1.32,2500.0,58.0,0.0,693.0,,,,693.0,,,,,,,,2018-07-15,2018-07-02,0.0,0.0,,,,0.0
693035.0,,31.0,,3.49,6600.0,66.0,0.0,693.0,,,,693.0,,,,,,,,2018-07-15,2018-06-21,0.0,0.0,,,,0.0
693036.0,,31.0,,4.66,8800.0,66.0,0.0,693.0,,,,693.0,,,,,,,,2018-07-15,2018-07-04,0.0,0.0,,,,0.0
693037.0,,31.0,,1.32,2500.0,58.0,0.0,693.0,,,,693.0,,,,,,,,2018-07-15,2018-07-06,0.0,0.0,,,,0.0
693040.0,,31.0,,1.59,3000.0,58.0,0.0,693.0,,,,693.0,,,,,,,,2018-07-15,2018-06-21,0.0,0.0,,,,0.0
693041.0,,31.0,,5.82,11000.0,58.0,0.0,693.0,,,,693.0,,,,,,,,2018-07-15,2018-07-09,0.0,0.0,,,,0.0
693043.0,,31.0,,1.06,2000.0,66.0,0.0,693.0,,,,693.0,,,,,,,,2018-07-15,2018-06-27,0.0,0.0,,,,0.0
693044.0,,31.0,,1.32,2500.0,58.0,0.0,693.0,,,,693.0,,,,,,,,2018-07-15,2018-07-04,0.0,0.0,,,,0.0
693050.0,,99.0,,6.99,13200.0,,0.0,693.0,,,,693.0,,,,,,,,2018-07-15,2018-07-10,0.0,0.0,,,,0.0
693052.0,,31.0,,1.06,2000.0,66.0,0.0,693.0,,,,693.0,,,,,,,,2018-07-15,2018-07-02,0.0,0.0,,,,0.0
693053.0,,31.0,,1.32,2500.0,66.0,0.0,693.0,,,,693.0,,,,,,,,2018-07-15,2018-06-27,0.0,0.0,,,,0.0
693057.0,,31.0,,3.49,6600.0,66.0,0.0,693.0,,,,693.0,,,,,,,,2018-07-15,2018-07-12,0.0,0.0,,,,0.0
693058.0,,31.0,,0.79,1500.0,66.0,0.0,693.0,,,,693.0,,,,,,,,2018-07-15,2018-07-06,0.0,0.0,,,,0.0
693059.0,,31.0,,0.79,1500.0,58.0,0.0,693.0,,,,693.0,,,,,,,,2018-07-15,2018-06-22,0.0,0.0,,,,0.0
693072.0,,31.0,,1.59,3000.0,58.0,0.0,693.0,,,,693.0,,,,,,,,2018-07-15,2018-06-27,0.0,0.0,,,,0.0
693082.0,,31.0,,3.49,6600.0,58.0,0.0,693.0,,,,693.0,,,,,,,,2018-07-15,2018-07-06,0.0,0.0,,,,0.0
693083.0,,31.0,,1.06,2000.0,66.0,0.0,693.0,,,,693.0,,,,,,,,2018-07-15,2018-07-06,0.0,0.0,,,,0.0
693084.0,,31.0,,0.79,1500.0,58.0,0.0,693.0,,,,693.0,,,,,,,,2018-07-15,2018-07-04,0.0,0.0,,,,0.0
693087.0,,31.0,,1.59,3000.0,66.0,0.0,693.0,,,,693.0,,,,,,,,2018-07-15,2018-06-27,0.0,0.0,,,,0.0
693088.0,,31.0,,1.06,2000.0,66.0,0.0,693.0,,,,693.0,,,,,,,,2018-07-15,2018-07-04,0.0,0.0,,,,0.0
693092.0,,31.0,,0.79,1500.0,66.0,0.0,693.0,,,,693.0,,,,,,,,2018-07-15,2018-06-22,0.0,0.0,,,,0.0
693094.0,,31.0,,0.79,1500.0,66.0,0.0,693.0,,,,693.0,,,,,,,,2018-07-15,2018-06-23,0.0,0.0,,,,0.0
693099.0,,31.0,,0.79,1500.0,58.0,0.0,693.0,,,,693.0,,,,,,,,2018-07-15,2018-06-22,0.0,0.0,,,,0.0
693102.0,,31.0,,1.59,3000.0,58.0,0.0,693.0,,,,693.0,,,,,,,,2018-07-15,2018-06-27,0.0,0.0,,,,0.0
693103.0,,31.0,,1.06,2000.0,66.0,0.0,693.0,,,,693.0,,,,,,,,2018-07-15,2018-07-02,0.0,0.0,,,,0.0
693107.0,,31.0,,0.79,1500.0,58.0,0.0,693.0,,,,693.0,,,,,,,,2018-07-15,2018-07-06,0.0,0.0,,,,0.0
693108.0,,31.0,,1.32,2500.0,66.0,0.0,693.0,,,,693.0,,,,,,,,2018-07-15,2018-07-06,0.0,0.0,,,,0.0
693110.0,,31.0,,1.32,2500.0,66.0,0.0,693.0,,,,693.0,,,,,,,,2018-07-15,2018-07-04,0.0,0.0,,,,0.0
693111.0,,31.0,,0.79,1500.0,58.0,0.0,693.0,,,,693.0,,,,,,,,2018-07-15,2018-07-12,0.0,0.0,,,,0.0
693115.0,,31.0,,0.79,1500.0,58.0,0.0,693.0,,,,693.0,,,,,,,,2018-07-15,2018-07-12,0.0,0.0,,,,0.0
693116.0,,31.0,,1.32,2500.0,58.0,0.0,693.0,,,,693.0,,,,,,,,2018-07-15,2018-07-06,0.0,0.0,,,,0.0
693119.0,,31.0,,1.32,2500.0,58.0,0.0,693.0,,,,693.0,,,,,,,,2018-07-15,2018-06-23,0.0,0.0,,,,0.0
693121.0,,31.0,,1.59,3000.0,66.0,0.0,693.0,,,,693.0,,,,,,,,2018-07-15,2018-06-23,0.0,0.0,,,,0.0
693132.0,,31.0,,1.32,2500.0,58.0,0.0,693.0,,,,693.0,,,,,,,,2018-07-15,2018-07-02,0.0,0.0,,,,0.0
693140.0,,31.0,,1.59,3000.0,66.0,0.0,693.0,,,,693.0,,,,,,,,2018-07-15,2018-07-06,0.0,0.0,,,,0.0
693149.0,,31.0,,0.79,1500.0,66.0,0.0,693.0,,,,693.0,,,,,,,,2018-07-15,2018-07-06,0.0,0.0,,,,0.0
693152.0,,31.0,,1.06,2000.0,58.0,0.0,693.0,,,,693.0,,,,,,,,2018-07-15,2018-07-02,0.0,0.0,,,,0.0
693153.0,,31.0,,1.06,2000.0,58.0,0.0,693.0,,,,693.0,,,,,,,,2018-07-15,2018-07-06,0.0,0.0,,,,0.0
693155.0,,31.0,,1.32,2500.0,58.0,0.0,693.0,,,,693.0,,,,,,,,2018-07-15,2018-06-27,0.0,0.0,,,,0.0
693156.0,,31.0,,1.06,2000.0,58.0,0.0,693.0,,,,693.0,,,,,,,,2018-07-15,2018-07-04,0.0,0.0,,,,0.0
694020.0,,29.0,193.0,1.59,3000.0,13.0,0.0,694.0,13.0,,,694.0,0.0,1.0,,,1.0,,,2018-11-20,2018-11-19,0.0,0.0,,,,0.0
694022.0,,29.0,196.0,0.79,1500.0,8.0,0.0,694.0,8.0,,,694.0,0.0,1.0,,,1.0,,,2018-11-20,2018-11-22,1.0,0.0,,,,0.0
694079.0,,29.0,190.0,0.79,1500.0,8.0,0.0,694.0,8.0,,,694.0,0.0,1.0,,,1.0,,,2018-11-20,2018-11-09,0.0,0.0,,,,0.0
694179.0,,29.0,195.0,0.79,1500.0,13.0,0.0,694.0,13.0,,,694.0,0.0,1.0,,,1.0,,,2018-11-20,2018-11-22,1.0,0.0,,,,0.0
695007.0,,2.0,121.0,4.66,8800.0,757.0,0.0,695.0,757.0,,,695.0,0.0,,1.0,,1.0,,,2018-10-24,2018-09-27,0.0,0.0,,,,0.0
695011.0,,,127.0,4.66,8800.0,757.0,0.0,695.0,757.0,,,695.0,0.0,,1.0,,1.0,,,2018-10-24,2018-10-12,0.0,0.0,,,,0.0
695022.0,,2.0,124.0,0.79,1500.0,757.0,0.0,695.0,757.0,,,695.0,0.0,1.0,,,1.0,,,2018-10-24,2018-09-28,0.0,0.0,,,,0.0
695044.0,,,126.0,6.99,13200.0,757.0,0.0,695.0,757.0,,,695.0,0.0,,1.0,,1.0,,,2018-10-24,2018-10-06,0.0,0.0,,,,0.0
695072.0,,,128.0,6.99,13200.0,357.0,0.0,695.0,357.0,,,695.0,0.0,,1.0,,1.0,,,2018-10-24,2018-10-12,0.0,0.0,,,,0.0
695075.0,,,125.0,6.99,13200.0,357.0,0.0,695.0,357.0,,,695.0,0.0,,1.0,,1.0,,,2018-10-24,2018-10-03,0.0,0.0,,,,0.0
695076.0,,2.0,123.0,3.49,6600.0,357.0,0.0,695.0,357.0,,,695.0,0.0,,1.0,,1.0,,,2018-10-24,2018-09-27,0.0,0.0,,,,0.0
696003.0,,28.0,118.0,1.06,2000.0,214.0,0.0,696.0,214.0,,,696.0,0.0,1.0,,,1.0,,,2018-08-29,2018-09-21,1.0,0.0,,,,0.0
696021.0,,28.0,96.0,0.79,1500.0,214.0,0.0,696.0,214.0,,,696.0,1.0,1.0,,,1.0,,,2018-08-29,2018-09-08,1.0,0.0,,,,0.0
696028.0,,28.0,107.0,0.79,1500.0,614.0,0.0,696.0,614.0,,,696.0,0.0,1.0,,,1.0,,,2018-08-29,2018-09-13,1.0,0.0,,,,0.0
696037.0,,28.0,117.0,3.49,6600.0,614.0,0.0,696.0,614.0,,,696.0,0.0,,1.0,,1.0,,,2018-08-29,2018-09-21,1.0,0.0,,,,0.0
696051.0,,28.0,106.0,1.32,2500.0,614.0,0.0,696.0,614.0,,,696.0,0.0,1.0,,,1.0,,,2018-08-29,2018-09-12,1.0,0.0,,,,0.0
696052.0,,28.0,119.0,1.06,2000.0,214.0,0.0,696.0,214.0,,,696.0,0.0,1.0,,,1.0,,,2018-08-29,2018-09-21,1.0,0.0,,,,0.0
696053.0,,28.0,115.0,0.79,1500.0,214.0,0.0,696.0,214.0,,,696.0,0.0,1.0,,,1.0,,,2018-08-29,2018-09-20,1.0,0.0,,,,0.0
696055.0,,28.0,110.0,1.59,3000.0,214.0,0.0,696.0,214.0,,,696.0,0.0,1.0,,,1.0,,,2018-08-29,2018-09-18,1.0,0.0,,,,0.0
696056.0,,99.0,91.0,1.06,2000.0,,0.0,696.0,214.0,1.0,,696.0,1.0,1.0,,,1.0,,,2018-08-29,2018-11-06,1.0,0.0,,,,0.0
696064.0,,28.0,98.0,0.79,1500.0,214.0,0.0,696.0,214.0,,,696.0,1.0,1.0,,,1.0,,,2018-08-29,2018-09-08,1.0,0.0,,,,0.0
696065.0,,28.0,105.0,1.59,3000.0,214.0,0.0,696.0,214.0,,,696.0,0.0,1.0,,,1.0,,,2018-08-29,2018-09-11,1.0,0.0,,,,0.0
696070.0,,,51.0,6.99,13200.0,22.0,0.0,696.0,22.0,,,696.0,0.0,,1.0,,1.0,,,2018-08-29,2018-10-06,1.0,0.0,,,,0.0
696072.0,,28.0,113.0,0.79,1500.0,214.0,0.0,696.0,214.0,,,696.0,0.0,1.0,,,1.0,,,2018-08-29,2018-09-19,1.0,0.0,,,,0.0
696077.0,,28.0,109.0,0.79,1500.0,614.0,0.0,696.0,614.0,,,696.0,0.0,1.0,,,1.0,,,2018-08-29,2018-09-15,1.0,0.0,,,,0.0
696078.0,,28.0,111.0,1.59,3000.0,614.0,0.0,696.0,614.0,,,696.0,0.0,1.0,,,1.0,,,2018-08-29,2018-09-19,1.0,0.0,,,,0.0
696084.0,,28.0,112.0,0.79,1500.0,214.0,0.0,696.0,214.0,,,696.0,1.0,1.0,,,1.0,,,2018-08-29,2018-09-19,1.0,0.0,,,,0.0
696091.0,,28.0,100.0,0.79,1500.0,214.0,0.0,696.0,214.0,,,696.0,0.0,1.0,,,1.0,,,2018-08-29,2018-09-08,1.0,0.0,,,,0.0
696093.0,,28.0,95.0,0.79,1500.0,214.0,0.0,696.0,214.0,,,696.0,0.0,1.0,,,1.0,,,2018-08-29,2018-09-05,1.0,0.0,,,,0.0
696105.0,,28.0,114.0,1.32,2500.0,614.0,0.0,696.0,614.0,,,696.0,0.0,1.0,,,1.0,,,2018-08-29,2018-09-19,1.0,0.0,,,,0.0
696111.0,,28.0,108.0,1.06,2000.0,214.0,0.0,696.0,214.0,,,696.0,0.0,1.0,,,1.0,,,2018-08-29,2018-09-14,1.0,0.0,,,,0.0
696114.0,,28.0,97.0,0.79,1500.0,614.0,0.0,696.0,614.0,,,696.0,0.0,1.0,,,1.0,,,2018-08-29,2018-09-08,1.0,0.0,,,,0.0
696115.0,,28.0,91.0,1.06,2000.0,214.0,0.0,696.0,214.0,,,696.0,0.0,1.0,,,1.0,,,2018-08-29,2018-09-05,1.0,0.0,,,,0.0
696123.0,,28.0,116.0,1.59,3000.0,614.0,0.0,696.0,614.0,,,696.0,0.0,1.0,,,1.0,,,2018-08-29,2018-09-21,1.0,0.0,,,,0.0
696124.0,,28.0,92.0,0.79,1500.0,614.0,0.0,696.0,614.0,,,696.0,0.0,1.0,,,1.0,,,2018-08-29,2018-09-05,1.0,0.0,,,,0.0
696143.0,,28.0,94.0,1.06,2000.0,614.0,0.0,696.0,614.0,,,696.0,0.0,1.0,,,1.0,,,2018-08-29,2018-09-05,1.0,0.0,,,,0.0
696144.0,,28.0,83.0,1.06,2000.0,614.0,1.0,696.0,614.0,,,696.0,0.0,1.0,,,1.0,,,2018-08-29,2018-08-30,1.0,0.0,,,,0.0
696156.0,,28.0,104.0,1.06,2000.0,214.0,0.0,696.0,214.0,,,696.0,0.0,1.0,,,1.0,,,2018-08-29,2018-09-11,1.0,0.0,,,,0.0
696176.0,,28.0,120.0,1.32,2500.0,614.0,0.0,696.0,614.0,,,696.0,0.0,1.0,,,1.0,,,2018-08-29,2018-09-21,1.0,0.0,,,,0.0
697007.0,,29.0,191.0,5.82,11000.0,13.0,0.0,697.0,13.0,,,697.0,0.0,,1.0,,1.0,,,2018-11-20,2018-11-12,0.0,0.0,,,,0.0
697032.0,,29.0,192.0,0.79,1500.0,8.0,0.0,697.0,8.0,,,697.0,0.0,1.0,,,1.0,,,2018-11-20,2018-11-12,0.0,0.0,,,,0.0
697088.0,,29.0,194.0,4.66,8800.0,8.0,0.0,697.0,8.0,,,697.0,0.0,,1.0,,1.0,,,2018-11-20,2018-11-22,1.0,0.0,,,,0.0
698015.0,,11.0,30.0,1.06,2000.0,71.0,0.0,698.0,71.0,,,698.0,0.0,1.0,,,1.0,,,2018-10-10,2018-09-25,0.0,0.0,,,,0.0
698020.0,,11.0,31.0,1.06,2000.0,101.0,0.0,698.0,101.0,,,698.0,0.0,1.0,,,1.0,,,2018-10-10,2018-09-25,0.0,0.0,,,,0.0
700007.0,,21.0,77.0,6.99,13200.0,296.0,0.0,700.0,296.0,,,700.0,0.0,,1.0,,1.0,,,2018-10-03,2018-09-14,0.0,0.0,,,,0.0
700021.0,,21.0,75.0,3.49,6600.0,42.0,0.0,700.0,42.0,,,700.0,0.0,,1.0,,1.0,,,2018-10-03,2018-09-12,0.0,0.0,,,,0.0
700025.0,,21.0,91.0,6.99,13200.0,42.0,0.0,700.0,42.0,,,700.0,0.0,,1.0,,1.0,,,2018-10-03,2018-09-27,0.0,0.0,,,,0.0
700046.0,,21.0,79.0,0.79,1500.0,296.0,0.0,700.0,296.0,,,700.0,0.0,1.0,,,1.0,,,2018-10-03,2018-09-14,0.0,0.0,,,,0.0
700073.0,,21.0,80.0,6.99,13200.0,,0.0,700.0,,1.0,,700.0,0.0,,1.0,,1.0,,,2018-10-03,2018-09-14,0.0,0.0,,,,0.0
701079.0,,21.0,81.0,0.79,1500.0,42.0,0.0,701.0,42.0,,,701.0,0.0,1.0,,,1.0,,,2018-10-03,2018-09-18,0.0,0.0,,,,0.0
701135.0,,21.0,92.0,1.32,2500.0,45.0,0.0,701.0,45.0,,,701.0,0.0,1.0,,,1.0,,,2018-10-03,2018-09-28,0.0,0.0,,,,0.0
702043.0,,19.0,129.0,1.59,3000.0,9.0,0.0,702.0,9.0,,,702.0,0.0,1.0,,,1.0,,,2018-11-07,2018-10-30,0.0,0.0,,,,0.0
702044.0,,19.0,130.0,1.06,2000.0,99.0,0.0,702.0,99.0,,,702.0,0.0,1.0,,,1.0,,,2018-11-07,2018-10-30,0.0,0.0,,,,0.0
702050.0,,19.0,112.0,1.32,2500.0,99.0,0.0,702.0,99.0,,,702.0,0.0,1.0,,,1.0,,,2018-11-07,2018-10-22,0.0,0.0,,,,0.0
702051.0,,19.0,110.0,1.06,2000.0,99.0,1.0,702.0,99.0,,,702.0,0.0,1.0,,,1.0,,,2018-11-07,2018-10-20,0.0,0.0,,,,0.0
702060.0,,19.0,113.0,1.32,2500.0,9.0,0.0,702.0,9.0,,,702.0,0.0,1.0,,,1.0,,,2018-11-07,2018-10-23,0.0,0.0,,,,0.0
702072.0,,19.0,131.0,1.32,2500.0,9.0,0.0,702.0,9.0,,,702.0,0.0,1.0,,,1.0,,,2018-11-07,2018-10-30,0.0,0.0,,,,0.0
702080.0,,19.0,105.0,3.49,6600.0,9.0,0.0,702.0,9.0,,,702.0,0.0,,1.0,,1.0,,,2018-11-07,2018-10-18,0.0,0.0,,,,0.0
702102.0,,19.0,116.0,0.79,1500.0,99.0,0.0,702.0,99.0,,,702.0,1.0,1.0,,,1.0,,,2018-11-07,2018-10-25,0.0,0.0,,,,0.0
702110.0,,19.0,111.0,1.32,2500.0,9.0,0.0,702.0,9.0,,,702.0,0.0,1.0,,,1.0,,,2018-11-07,2018-10-20,0.0,0.0,,,,0.0
702113.0,,19.0,134.0,0.79,1500.0,9.0,0.0,702.0,9.0,,,702.0,0.0,1.0,,,1.0,,,2018-11-07,2018-11-01,0.0,0.0,,,,0.0
702119.0,,19.0,133.0,0.79,1500.0,99.0,0.0,702.0,99.0,,,702.0,0.0,1.0,,,1.0,,,2018-11-07,2018-10-30,0.0,0.0,,,,0.0
702122.0,,19.0,101.0,1.59,3000.0,9.0,0.0,702.0,9.0,,,702.0,0.0,1.0,,,1.0,,,2018-11-07,2018-10-11,0.0,0.0,,,,0.0
702123.0,,19.0,108.0,0.79,1500.0,9.0,0.0,702.0,9.0,,,702.0,0.0,1.0,,,1.0,,,2018-11-07,2018-10-19,0.0,0.0,,,,0.0
702124.0,,19.0,132.0,1.06,2000.0,99.0,0.0,702.0,99.0,,,702.0,0.0,1.0,,,1.0,,,2018-11-07,2018-10-30,0.0,0.0,,,,0.0
702125.0,,19.0,104.0,4.66,8800.0,99.0,0.0,702.0,99.0,,,702.0,0.0,,1.0,,1.0,,,2018-11-07,2018-10-18,0.0,0.0,,,,0.0
702129.0,,32.0,117.0,5.82,11000.0,99.0,0.0,702.0,99.0,,,702.0,0.0,,1.0,,1.0,,,2018-11-07,2018-11-13,1.0,0.0,,,,0.0
702140.0,,32.0,131.0,5.82,11000.0,99.0,0.0,702.0,99.0,,,702.0,0.0,,1.0,,1.0,,,2018-11-07,2018-11-23,1.0,0.0,,,,0.0
702149.0,,19.0,114.0,3.49,6600.0,99.0,0.0,702.0,99.0,,,702.0,0.0,,1.0,,1.0,,,2018-11-07,2018-10-23,0.0,0.0,,,,0.0
702167.0,,19.0,115.0,1.06,2000.0,9.0,0.0,702.0,9.0,,,702.0,0.0,1.0,,,1.0,,,2018-11-07,2018-10-23,0.0,0.0,,,,0.0
702175.0,,19.0,117.0,1.06,2000.0,9.0,0.0,702.0,9.0,,,702.0,0.0,1.0,,,1.0,,,2018-11-07,2018-10-25,0.0,0.0,,,,0.0
703022.0,,8.0,175.0,6.99,13200.0,696.0,0.0,703.0,696.0,,,703.0,0.0,,1.0,,1.0,,,2018-10-24,2018-12-11,1.0,0.0,,,,0.0
703064.0,,8.0,178.0,3.49,6600.0,696.0,0.0,703.0,696.0,,,703.0,0.0,,1.0,,1.0,,,2018-10-24,2018-12-17,1.0,0.0,,,,0.0
6091001.0,,20.0,99.0,0.79,1500.0,655.0,0.0,6091.0,655.0,,,6091.0,0.0,1.0,,,1.0,,,2018-09-26,2018-09-10,0.0,0.0,,,,0.0
6091005.0,,20.0,96.0,6.99,13200.0,,1.0,6091.0,,1.0,,6091.0,1.0,,1.0,,1.0,,,2018-09-26,2018-09-01,0.0,0.0,,,,0.0
6091043.0,,20.0,94.0,1.59,3000.0,255.0,0.0,6091.0,255.0,,,6091.0,0.0,1.0,,,3.0,1.0,,2018-09-26,2018-08-30,0.0,0.0,,,,0.0
6091057.0,,20.0,104.0,0.79,1500.0,655.0,0.0,6091.0,655.0,,,6091.0,0.0,1.0,,,1.0,,,2018-09-26,2018-09-13,0.0,0.0,,,,0.0
6091063.0,,20.0,101.0,1.32,2500.0,255.0,0.0,6091.0,255.0,,,6091.0,0.0,1.0,,,1.0,,,2018-09-26,2018-09-12,0.0,0.0,,,,0.0
6091080.0,,20.0,95.0,1.06,2000.0,255.0,0.0,6091.0,255.0,,,6091.0,0.0,1.0,,,1.0,,,2018-09-26,2018-08-31,0.0,0.0,,,,0.0
6091089.0,,20.0,102.0,0.79,1500.0,655.0,0.0,6091.0,655.0,,,6091.0,0.0,1.0,,,1.0,,,2018-09-26,2018-09-12,0.0,0.0,,,,0.0
6092015.0,,26.0,,1.59,3000.0,79.0,0.0,6092.0,,,,6092.0,,,,,,,,2018-08-01,2018-07-16,0.0,0.0,,,,0.0
6092016.0,,26.0,,0.79,1500.0,79.0,0.0,6092.0,,,,6092.0,,,,,,,,2018-08-01,2018-07-26,0.0,0.0,,,,0.0
6092024.0,,26.0,,0.79,1500.0,79.0,0.0,6092.0,,,,6092.0,,,,,,,,2018-08-01,2018-07-26,0.0,0.0,,,,0.0
6092046.0,,26.0,,6.99,13200.0,354.0,0.0,6092.0,,,,6092.0,,,,,,,,2018-08-01,2018-07-14,0.0,0.0,,,,0.0
6092068.0,,26.0,,1.06,2000.0,354.0,0.0,6092.0,,,,6092.0,,,,,,,,2018-08-01,2018-07-18,0.0,0.0,,,,0.0
6092107.0,,26.0,,0.79,1500.0,79.0,0.0,6092.0,,,,6092.0,,,,,,,,2018-08-01,2018-07-07,0.0,0.0,,,,0.0
6093008.0,,9.0,68.0,1.59,3000.0,22.0,0.0,6093.0,22.0,,,6093.0,0.0,1.0,,,1.0,,,2018-09-12,2018-08-28,0.0,0.0,,,,0.0
6093009.0,,9.0,67.0,4.66,8800.0,45.0,0.0,6093.0,45.0,,,6093.0,0.0,,1.0,,1.0,,,2018-09-12,2018-08-28,0.0,0.0,,,,0.0
6093020.0,,9.0,64.0,1.06,2000.0,45.0,0.0,6093.0,45.0,,,6093.0,0.0,1.0,,,1.0,,,2018-09-12,2018-08-28,0.0,0.0,,,,0.0
6093025.0,,9.0,75.0,1.06,2000.0,45.0,0.0,6093.0,45.0,,,6093.0,0.0,1.0,,,1.0,,,2018-09-12,2018-09-01,0.0,0.0,,,,0.0
6093026.0,,9.0,66.0,1.32,2500.0,22.0,0.0,6093.0,22.0,,,6093.0,0.0,1.0,,,1.0,,,2018-09-12,2018-08-28,0.0,0.0,,,,0.0
6093035.0,,9.0,79.0,0.79,1500.0,45.0,0.0,6093.0,45.0,,,6093.0,0.0,1.0,,,1.0,,,2018-09-12,2018-09-04,0.0,0.0,,,,0.0
6093037.0,,9.0,80.0,1.06,2000.0,45.0,0.0,6093.0,45.0,,,6093.0,0.0,1.0,,,1.0,,,2018-09-12,2018-09-04,0.0,0.0,,,,0.0
6093038.0,,9.0,57.0,0.79,1500.0,45.0,0.0,6093.0,45.0,,,6093.0,0.0,1.0,,,1.0,,,2018-09-12,2018-08-24,0.0,0.0,,,,0.0
6093086.0,,9.0,65.0,0.79,1500.0,45.0,0.0,6093.0,45.0,,,6093.0,0.0,1.0,,,1.0,,,2018-09-12,2018-08-28,0.0,0.0,,,,0.0
6093093.0,,9.0,77.0,1.59,3000.0,45.0,0.0,6093.0,45.0,,,6093.0,0.0,1.0,,,1.0,,,2018-09-12,2018-09-01,0.0,0.0,,,,0.0
6093094.0,,9.0,76.0,1.59,3000.0,45.0,0.0,6093.0,45.0,,,6093.0,0.0,1.0,,,1.0,,,2018-09-12,2018-09-01,0.0,0.0,,,,0.0
6101006.0,,28.0,,1.59,3000.0,209.0,0.0,6101.0,,,,6101.0,,,,,,,,2018-07-24,2018-06-26,0.0,0.0,,,,0.0
6101017.0,,88.0,,0.79,1500.0,209.0,0.0,6101.0,209.0,,,6101.0,0.0,1.0,,,1.0,,,2018-07-24,2018-08-29,1.0,0.0,,,,0.0
6101039.0,,28.0,,1.06,2000.0,209.0,0.0,6101.0,,,,6101.0,,,,,,,,2018-07-24,2018-07-07,0.0,0.0,,,,0.0
6101042.0,,28.0,,1.32,2500.0,609.0,0.0,6101.0,,,,6101.0,,,,,,,,2018-07-24,2018-06-26,0.0,0.0,,,,0.0
6101043.0,,28.0,,1.06,2000.0,209.0,0.0,6101.0,,,,6101.0,,,,,,,,2018-07-24,2018-07-13,0.0,0.0,,,,0.0
6101048.0,,88.0,,1.06,2000.0,409.0,0.0,6101.0,409.0,,,6101.0,1.0,1.0,,,1.0,,,2018-07-24,2018-08-29,1.0,0.0,,,,0.0
6101078.0,,88.0,,1.06,2000.0,209.0,0.0,6101.0,209.0,,,6101.0,0.0,1.0,,,1.0,,,2018-07-24,2018-08-29,1.0,0.0,,,,0.0
6101091.0,,28.0,,0.79,1500.0,609.0,0.0,6101.0,,,,6101.0,,,,,,,,2018-07-24,2018-07-20,0.0,0.0,,,,0.0
6101116.0,,28.0,,1.59,3000.0,609.0,0.0,6101.0,,,,6101.0,,,,,,,,2018-07-24,2018-06-27,0.0,0.0,,,,0.0
6101156.0,,28.0,,1.06,2000.0,209.0,0.0,6101.0,,,,6101.0,,,,,,,,2018-07-24,2018-06-28,0.0,0.0,,,,0.0
6102023.0,,19.0,91.0,1.59,3000.0,48.0,0.0,6102.0,48.0,,,6102.0,0.0,1.0,,,3.0,1.0,,2018-10-10,2018-09-13,0.0,0.0,,,,0.0
6102044.0,,19.0,100.0,0.79,1500.0,48.0,0.0,6102.0,48.0,,,6102.0,0.0,1.0,,,1.0,,,2018-10-10,2018-10-03,0.0,0.0,,,,0.0
6102092.0,,19.0,93.0,1.59,3000.0,56.0,0.0,6102.0,56.0,,,6102.0,0.0,1.0,,,1.0,,,2018-10-10,2018-09-17,0.0,0.0,,,,0.0
6102096.0,,19.0,92.0,1.06,2000.0,56.0,0.0,6102.0,56.0,,,6102.0,0.0,1.0,,,3.0,1.0,,2018-10-10,2018-09-14,0.0,0.0,,,,0.0
6102140.0,,19.0,94.0,0.79,1500.0,48.0,0.0,6102.0,48.0,,,6102.0,0.0,1.0,,,1.0,,,2018-10-10,2018-09-17,0.0,0.0,,,,0.0
6102155.0,,19.0,97.0,1.06,2000.0,56.0,0.0,6102.0,56.0,,,6102.0,0.0,1.0,,,1.0,,,2018-10-10,2018-09-19,0.0,0.0,,,,0.0
6103060.0,,24.0,31884.0,0.79,1500.0,25.0,0.0,6103.0,25.0,,,6103.0,1.0,1.0,,,1.0,,,2018-11-20,2018-11-14,0.0,0.0,,,,0.0
6103090.0,,24.0,31883.0,0.79,1500.0,25.0,0.0,6103.0,25.0,,,6103.0,0.0,1.0,,,1.0,,,2018-11-20,2018-11-12,0.0,0.0,,,,0.0
6103097.0,,24.0,31882.0,1.32,2500.0,30.0,0.0,6103.0,30.0,,,6103.0,0.0,1.0,,,1.0,,,2018-11-20,2018-11-12,0.0,0.0,,,,0.0
6104002.0,,4.0,111.0,1.59,3000.0,79.0,0.0,6104.0,79.0,,,6104.0,0.0,1.0,,,1.0,,,2018-09-05,2018-08-27,0.0,0.0,,,,0.0
6104006.0,,4.0,114.0,1.06,2000.0,209.0,0.0,6104.0,209.0,,,6104.0,0.0,1.0,,,1.0,,,2018-09-05,2018-08-29,0.0,0.0,,,,0.0
6104011.0,,,101.0,0.79,1500.0,209.0,0.0,6104.0,209.0,,,6104.0,0.0,1.0,,,,,,2018-09-05,2018-08-06,0.0,0.0,,,,0.0
6104022.0,,,105.0,0.79,1500.0,,0.0,6104.0,,1.0,,6104.0,0.0,1.0,,,,,,2018-09-05,2018-08-15,0.0,0.0,,,,0.0
6104026.0,,88.0,,1.59,3000.0,209.0,0.0,6104.0,209.0,,,6104.0,0.0,1.0,,,1.0,,,2018-09-05,2018-09-12,1.0,0.0,,,,0.0
6104036.0,,,104.0,1.06,2000.0,79.0,0.0,6104.0,79.0,,,6104.0,0.0,1.0,,,,,,2018-09-05,2018-08-13,0.0,0.0,,,,0.0
6104064.0,,,103.0,1.06,2000.0,209.0,0.0,6104.0,209.0,,,6104.0,0.0,1.0,,,,,,2018-09-05,2018-08-13,0.0,0.0,,,,0.0
6104066.0,,99.0,65.0,1.06,2000.0,209.0,0.0,6104.0,209.0,,,6104.0,0.0,1.0,,,1.0,,,2018-09-05,2018-09-01,0.0,0.0,,,,0.0
6104076.0,,,102.0,0.79,1500.0,79.0,1.0,6104.0,610.0,1.0,,6104.0,0.0,1.0,,,,,,2018-09-05,2018-08-07,0.0,0.0,,,,0.0
6104091.0,,46.0,107.0,0.79,1500.0,79.0,0.0,6104.0,79.0,,,6104.0,0.0,1.0,,,,,,2018-09-05,2018-08-15,0.0,0.0,,,,0.0
6104093.0,,99.0,64.0,0.79,1500.0,209.0,0.0,6104.0,209.0,,,6104.0,0.0,1.0,,,1.0,,,2018-09-05,2018-09-01,0.0,0.0,,,,0.0
6104100.0,,99.0,63.0,0.79,1500.0,209.0,0.0,6104.0,209.0,,,6104.0,0.0,1.0,,,1.0,,,2018-09-05,2018-09-01,0.0,0.0,,,,0.0
6104124.0,,4.0,112.0,0.79,1500.0,209.0,0.0,6104.0,209.0,,,6104.0,0.0,1.0,,,1.0,,,2018-09-05,2018-08-27,0.0,0.0,,,,0.0
6104139.0,,99.0,62.0,1.06,2000.0,209.0,0.0,6104.0,209.0,,,6104.0,0.0,1.0,,,1.0,,,2018-09-05,2018-09-01,0.0,0.0,,,,0.0
6104148.0,,99.0,60.0,0.79,1500.0,209.0,0.0,6104.0,209.0,,,6104.0,0.0,1.0,,,1.0,,,2018-09-05,2018-09-01,0.0,0.0,,,,0.0
6104150.0,,,106.0,0.79,1500.0,79.0,0.0,6104.0,79.0,,,6104.0,0.0,1.0,,,,,,2018-09-05,2018-08-15,0.0,0.0,,,,0.0
,,28.0,174.0,5.82,11000.0,261.0,1.0,382.0,261.0,,,382.0,0.0,,1.0,,1.0,,,2018-07-24,2018-11-23,1.0,1.0,,,,0.0
,,12.0,117.0,0.79,1500.0,98.0,1.0,508.0,98.0,,,508.0,0.0,1.0,,,1.0,,,2018-11-07,2018-10-26,0.0,1.0,,,,0.0
,,4.0,235.0,1.32,2500.0,209.0,0.0,6104.0,209.0,,,6104.0,0.0,1.0,,,1.0,,,2018-09-05,2018-08-30,0.0,1.0,,,,0.0
,,5.0,109.0,0.79,1500.0,234.0,1.0,152.0,234.0,,,152.0,1.0,1.0,,,1.0,,,,2018-09-09,0.0,1.0,,,,0.0
,,8.0,,,2000.0,82.0,0.0,308.0,,,,308.0,,,,,,,,2018-07-15,2018-06-26,0.0,1.0,,,,0.0
,,32.0,116.0,5.82,11000.0,99.0,1.0,702.0,99.0,,,702.0,0.0,,1.0,,1.0,,,2018-11-07,2018-11-13,1.0,1.0,,,,0.0
,,37.0,,1.32,2500.0,,1.0,506.0,,1.0,,506.0,0.0,1.0,,,1.0,,,2018-08-29,2018-10-23,1.0,1.0,,,,0.0
,,37.0,,1.59,3000.0,254.0,1.0,507.0,254.0,,,507.0,0.0,1.0,,,1.0,,,2018-09-05,2018-10-24,1.0,1.0,,,,0.0
,,54.0,152.0,1.59,3000.0,,1.0,507.0,,1.0,,507.0,0.0,1.0,,,1.0,,,2018-09-05,2018-11-20,1.0,1.0,,,,0.0
,,12.0,106.0,1.06,2000.0,14.0,1.0,503.0,14.0,,,503.0,0.0,1.0,,,1.0,,,2018-11-07,2018-10-18,0.0,1.0,,,,0.0
,,99.0,132.0,0.79,1500.0,,1.0,660.0,654.0,1.0,,660.0,0.0,1.0,,,1.0,,,2018-11-07,2018-12-14,1.0,1.0,,,,0.0
,,31.0,,0.79,1500.0,66.0,0.0,693.0,,,,693.0,,,,,,,,2018-07-15,2018-06-27,0.0,1.0,,,,0.0
,,37.0,,1.06,2000.0,16.0,1.0,388.0,16.0,,,388.0,0.0,1.0,,,1.0,,,,2018-10-24,0.0,1.0,,,,0.0
,,20.0,155.0,1.06,2000.0,256.0,1.0,393.0,256.0,,,393.0,0.0,1.0,,,1.0,,,,2018-11-30,0.0,1.0,,,,0.0
,,4.0,115.0,1.59,3000.0,79.0,0.0,6104.0,79.0,,,6104.0,0.0,1.0,,,1.0,,,2018-09-05,2018-08-30,0.0,1.0,,,,0.0
,,99.0,61.0,1.59,3000.0,209.0,0.0,6104.0,209.0,,,6104.0,0.0,1.0,,,1.0,,,2018-09-05,2018-09-01,0.0,1.0,,,,0.0
,,35.0,,1.06,2000.0,90.0,0.0,688.0,,,,688.0,,,,,,,,2018-07-15,2018-07-09,0.0,1.0,,,,0.0
,,13.0,86.0,1.06,2000.0,77.0,1.0,225.0,77.0,,,225.0,0.0,1.0,,,1.0,,,2018-11-15,2018-11-05,0.0,1.0,,,,0.0
,,53.0,,1.06,2000.0,40.0,0.0,637.0,,,,637.0,,,,,,,,2018-07-15,2018-07-04,0.0,1.0,,,,0.0
,,28.0,102.0,0.79,1500.0,214.0,1.0,696.0,214.0,,,696.0,0.0,1.0,,,1.0,,,2018-08-29,2018-09-09,1.0,1.0,,,,0.0
,,19.0,120.0,1.32,2500.0,,1.0,388.0,,1.0,,388.0,0.0,1.0,,,1.0,,,,2018-10-27,0.0,1.0,,,,0.0
,,5.0,94.0,0.79,1500.0,234.0,1.0,200.0,234.0,,,200.0,0.0,1.0,,,1.0,,,,2018-09-05,0.0,1.0,,,,0.0
,,98.0,63.0,1.32,2500.0,,1.0,382.0,,1.0,,382.0,0.0,1.0,,,1.0,,,2018-07-24,2018-10-22,1.0,1.0,,,,0.0
,,98.0,64.0,1.06,2000.0,280.0,1.0,382.0,280.0,,,382.0,1.0,1.0,,,1.0,,,2018-07-24,2018-10-22,1.0,1.0,,,,0.0
,,34.0,,,1500.0,45.0,0.0,313.0,,,,313.0,,,,,,,,2018-07-15,2018-06-22,0.0,1.0,,,,0.0
,,54.0,142.0,1.06,2000.0,,1.0,502.0,,1.0,,502.0,0.0,1.0,,,1.0,,,2018-08-15,2018-11-19,1.0,1.0,,,,0.0
,,21.0,159.0,1.06,2000.0,79.0,1.0,5100.0,79.0,,,5100.0,0.0,1.0,,,1.0,,,,2018-12-18,0.0,1.0,,,,0.0
,,34.0,,,3000.0,45.0,0.0,313.0,,,,313.0,,,,,,,,2018-07-15,2018-06-27,0.0,1.0,,,,0.0
,,54.0,141.0,0.79,1500.0,,1.0,503.0,,1.0,,503.0,0.0,1.0,,,1.0,,,2018-11-07,2018-11-19,1.0,1.0,,,,0.0
,,53.0,,0.79,1500.0,,1.0,388.0,,1.0,,388.0,0.0,1.0,,,1.0,,,,2018-10-26,0.0,1.0,,,,0.0
,,4.0,109.0,0.79,1500.0,209.0,0.0,6104.0,209.0,,,6104.0,0.0,1.0,,,,,,2018-09-05,2018-08-21,0.0,1.0,,,,0.0
,,88.0,,1.06,2000.0,209.0,0.0,6104.0,209.0,,,6104.0,0.0,1.0,,,1.0,,,2018-09-05,2018-09-12,1.0,1.0,,,,0.0
,,,10434.0,1.5,3000.0,41.0,1.0,,,,,,1.0,,,,,,,,2018-02-28,,1.0,,0.0,0.0,0.0
,,20.0,133.0,0.79,1500.0,,1.0,505.0,,1.0,,505.0,0.0,1.0,,,1.0,,,2018-10-03,2018-11-13,1.0,1.0,,,,0.0
