TDMnumber,date,compound1,amountCF,amountUSD,colcode,collector_ID,tdm,rateUSD,date_download,downloadnum,download_userID,today,time,hours,minutes,seconds,hours_minutes_seconds,error_code
3,05-07-2018 00:00:00,534048.0,2000.0,,,,TDM 3,,,,,,,0,0,0,0.0,
3,05-07-2018 00:00:00,534040.0,2000.0,,,,TDM 3,,,,,,,0,0,0,0.0,
3,05-07-2018 00:00:00,534043.0,3000.0,,,,TDM 3,,,,,,,0,0,0,0.0,
3,05-07-2018 00:00:00,534057.0,2000.0,,,,TDM 3,,,,,,,0,0,0,0.0,
3,05-07-2018 00:00:00,534057.0,2000.0,,,,TDM 3,,,,,,,0,0,0,0.0,
3,05-07-2018 00:00:00,534034.0,3000.0,,,,TDM 3,,,,,,,0,0,0,0.0,
3,05-07-2018 00:00:00,534024.0,3000.0,,,,TDM 3,,,,,,,0,0,0,0.0,
3,05-07-2018 00:00:00,534087.0,2000.0,,,,TDM 3,,,,,,,0,0,0,0.0,
3,05-07-2018 00:00:00,534109.0,3000.0,,,,TDM 3,,,,,,,0,0,0,0.0,
3,05-07-2018 00:00:00,534081.0,1500.0,,,,TDM 3,,,,,,,0,0,0,0.0,
3,07-07-2018 00:00:00,534019.0,1500.0,,,,TDM 3,,,,,,,0,0,0,0.0,
3,10-07-2018 00:00:00,534019.0,1500.0,,,,TDM 3,,,,,,,0,0,0,0.0,
3,16-07-2018 00:00:00,534092.0,2500.0,,,,TDM 3,,,,,,,0,0,0,0.0,
3,16-07-2018 00:00:00,534133.0,3000.0,,,,TDM 3,,,,,,,0,0,0,0.0,
3,17-07-2018 00:00:00,534100.0,1500.0,,,,TDM 3,,,,,,,0,0,0,0.0,
3,17-07-2018 00:00:00,534064.0,1500.0,,,,TDM 3,,,,,,,0,0,0,0.0,
3,23-07-2018 00:00:00,534023.0,1500.0,,,,TDM 3,,,,,,,0,0,0,0.0,
9,2018-06-15 00:00:00,517008.0,1500.0,,75.0,,TDM 9,,,,,2018-06-15,2018-06-14 23:59:16.992,0,0,0,0.0,
9,2018-06-20 00:00:00,517147.0,1500.0,,75.0,,TDM 9,,,,,2018-06-20,2018-06-19 23:59:30.304,0,0,0,0.0,
9,2018-06-20 00:00:00,517062.0,1500.0,,75.0,,TDM 9,,,,,2018-06-20,2018-06-19 23:59:30.304,0,0,0,0.0,
9,2018-06-20 00:00:00,517085.0,1500.0,,75.0,,TDM 9,,,,,2018-06-20,2018-06-19 23:59:30.304,0,0,0,0.0,
9,2018-06-26 00:00:00,517023.0,1500.0,,75.0,,TDM 9,,,,,2018-06-26,2018-06-25 23:59:20.064,0,0,0,0.0,
9,2018-06-19 00:00:00,517065.0,2000.0,,75.0,,TDM 9,,,,,2018-06-19,2018-06-18 23:59:53.856,0,0,0,0.0,
9,2018-06-26 00:00:00,517014.0,2000.0,,75.0,,TDM 9,,,,,2018-06-26,2018-06-25 23:59:20.064,0,0,0,0.0,
9,2018-06-26 00:00:00,517069.0,2500.0,,75.0,,TDM 9,,,,,2018-06-26,2018-06-25 23:59:20.064,0,0,0,0.0,
9,2018-06-26 00:00:00,517029.0,2500.0,,75.0,,TDM 9,,,,,2018-06-26,2018-06-25 23:59:20.064,0,0,0,0.0,
9,2018-06-26 00:00:00,517054.0,3000.0,,75.0,,TDM 9,,,,,2018-06-26,2018-06-25 23:59:20.064,0,0,0,0.0,
9,2018-06-27 00:00:00,517156.0,3000.0,,75.0,,TDM 9,,,,,2018-06-27,2018-06-26 23:58:56.512,0,0,0,0.0,
9,2018-06-27 00:00:00,517002.0,3000.0,,75.0,,TDM 9,,,,,2018-06-27,2018-06-26 23:58:56.512,0,0,0,0.0,
35,2018-06-26 00:00:00,688073.0,1500.0,,18.0,,TDM 35,,,,,2018-06-26,2018-06-25 23:59:20.064,0,0,0,0.0,
35,2018-06-26 00:00:00,688021.0,2000.0,,18.0,,TDM 35,,,,,2018-06-26,2018-06-25 23:59:20.064,0,0,0,0.0,
35,2018-06-26 00:00:00,688106.0,8800.0,,90.0,,TDM 35,,,,,2018-06-26,2018-06-25 23:59:20.064,0,0,0,0.0,
35,2018-06-20 00:00:00,688011.0,3000.0,,90.0,,TDM 35,,,,,2018-06-20,2018-06-19 23:59:30.304,0,0,0,0.0,
35,2018-06-25 00:00:00,688022.0,2000.0,,90.0,,TDM 35,,,,,2018-06-25,2018-06-24 23:59:43.616,0,0,0,0.0,
35,2018-06-26 00:00:00,688071.0,1500.0,,90.0,,TDM 35,,,,,2018-06-26,2018-06-25 23:59:20.064,0,0,0,0.0,
8,2018-06-23 00:00:00,308186.0,1500.0,,82.0,,TDM 8,,,,,2018-06-23,2018-06-23 00:00:30.720,0,0,0,0.0,
8,2018-06-26 00:00:00,308065.0,2500.0,,82.0,,TDM 8,,,,,2018-06-26,2018-06-25 23:59:20.064,0,0,0,0.0,
8,2018-06-26 00:00:00,308094.0,1500.0,,82.0,,TDM 8,,,,,2018-06-26,2018-06-25 23:59:20.064,0,0,0,0.0,
8,2018-06-28 00:00:00,321062.0,2000.0,,82.0,,TDM 8,,,,,2018-06-28,2018-06-28 00:00:44.032,0,0,0,0.0,
8,2018-06-28 00:00:00,321007.0,2000.0,,82.0,,TDM 8,,,,,2018-06-28,2018-06-28 00:00:44.032,0,0,0,0.0,
8,2018-06-26 00:00:00,308069.0,2000.0,,82.0,,TDM 8,,,,,2018-06-26,2018-06-25 23:59:20.064,0,0,0,0.0,
8,2018-06-28 00:00:00,321020.0,1500.0,,82.0,,TDM 8,,,,,2018-06-28,2018-06-28 00:00:44.032,0,0,0,0.0,
8,2018-06-26 00:00:00,308053.0,3000.0,,82.0,,TDM 8,,,,,2018-06-26,2018-06-25 23:59:20.064,0,0,0,0.0,
8,2018-06-23 00:00:00,308161.0,2000.0,,25.0,,TDM 8,,,,,2018-06-23,2018-06-23 00:00:30.720,0,0,0,0.0,
8,2018-06-28 00:00:00,321015.0,3000.0,,25.0,,TDM 8,,,,,2018-06-28,2018-06-28 00:00:44.032,0,0,0,0.0,
8,2018-06-28 00:00:00,321021.0,2000.0,,25.0,,TDM 8,,,,,2018-06-28,2018-06-28 00:00:44.032,0,0,0,0.0,
8,2018-06-26 00:00:00,308123.0,1500.0,,25.0,,TDM 8,,,,,2018-06-26,2018-06-25 23:59:20.064,0,0,0,0.0,
8,2018-06-26 00:00:00,308095.0,1500.0,,25.0,,TDM 8,,,,,2018-06-26,2018-06-25 23:59:20.064,0,0,0,0.0,
8,2018-06-27 00:00:00,321033.0,3000.0,,25.0,,TDM 8,,,,,2018-06-27,2018-06-26 23:58:56.512,0,0,0,0.0,
8,2018-06-22 00:00:00,308118.0,3000.0,,25.0,,TDM 8,,,,,2018-06-22,2018-06-22 00:00:54.272,0,0,0,0.0,
14,2018-06-22 00:00:00,302040.0,2000.0,,101.0,,TDM 14,,,,,2018-06-22,2018-06-22 00:00:54.272,0,0,0,0.0,
34,2018-06-23 00:00:00,313055.0,1500.0,,14.0,,TDM 34,,,,,2018-06-23,2018-06-23 00:00:30.720,0,0,0,0.0,
34,2018-06-23 00:00:00,313121.0,1500.0,,14.0,,TDM 34,,,,,2018-06-23,2018-06-23 00:00:30.720,0,0,0,0.0,
34,2018-06-25 00:00:00,313039.0,2000.0,,14.0,,TDM 34,,,,,2018-06-25,2018-06-24 23:59:43.616,0,0,0,0.0,
34,2018-06-23 00:00:00,313069.0,2000.0,,14.0,,TDM 34,,,,,2018-06-23,2018-06-23 00:00:30.720,0,0,0,0.0,
34,2018-06-27 00:00:00,313106.0,3000.0,,14.0,,TDM 34,,,,,2018-06-27,2018-06-26 23:58:56.512,0,0,0,0.0,
34,2018-06-25 00:00:00,313037.0,3000.0,,14.0,,TDM 34,,,,,2018-06-25,2018-06-24 23:59:43.616,0,0,0,0.0,
34,2018-06-23 00:00:00,313133.0,2500.0,,14.0,,TDM 34,,,,,2018-06-23,2018-06-23 00:00:30.720,0,0,0,0.0,
34,2018-06-27 00:00:00,313155.0,2500.0,,14.0,,TDM 34,,,,,2018-06-27,2018-06-26 23:58:56.512,0,0,0,0.0,
34,2018-06-27 00:00:00,313128.0,2500.0,,14.0,,TDM 34,,,,,2018-06-27,2018-06-26 23:58:56.512,0,0,0,0.0,
34,2018-06-22 00:00:00,313023.0,2500.0,,45.0,,TDM 34,,,,,2018-06-22,2018-06-22 00:00:54.272,0,0,0,0.0,
34,2018-06-23 00:00:00,313110.0,2000.0,,45.0,,TDM 34,,,,,2018-06-23,2018-06-23 00:00:30.720,0,0,0,0.0,
34,2018-06-27 00:00:00,313087.0,2500.0,,45.0,,TDM 34,,,,,2018-06-27,2018-06-26 23:58:56.512,0,0,0,0.0,
34,2018-06-27 00:00:00,313156.0,2500.0,,45.0,,TDM 34,,,,,2018-06-27,2018-06-26 23:58:56.512,0,0,0,0.0,
34,2018-06-25 00:00:00,313101.0,2500.0,,45.0,,TDM 34,,,,,2018-06-25,2018-06-24 23:59:43.616,0,0,0,0.0,
34,2018-06-27 00:00:00,313029.0,3000.0,,45.0,,TDM 34,,,,,2018-06-27,2018-06-26 23:58:56.512,0,0,0,0.0,
34,2018-06-25 00:00:00,313007.0,3000.0,,45.0,,TDM 34,,,,,2018-06-25,2018-06-24 23:59:43.616,0,0,0,0.0,
34,2018-06-22 00:00:00,313082.0,3000.0,,45.0,,TDM 34,,,,,2018-06-22,2018-06-22 00:00:54.272,0,0,0,0.0,
34,2018-06-23 00:00:00,313073.0,1500.0,,45.0,,TDM 34,,,,,2018-06-23,2018-06-23 00:00:30.720,0,0,0,0.0,
34,2018-06-23 00:00:00,313145.0,1500.0,,45.0,,TDM 34,,,,,2018-06-23,2018-06-23 00:00:30.720,0,0,0,0.0,
34,2018-06-25 00:00:00,313066.0,1500.0,,45.0,,TDM 34,,,,,2018-06-25,2018-06-24 23:59:43.616,0,0,0,0.0,
34,2018-06-25 00:00:00,313032.0,1500.0,,45.0,,TDM 34,,,,,2018-06-25,2018-06-24 23:59:43.616,0,0,0,0.0,
34,2018-06-25 00:00:00,313100.0,1500.0,,45.0,,TDM 34,,,,,2018-06-25,2018-06-24 23:59:43.616,0,0,0,0.0,
34,2018-06-27 00:00:00,313095.0,1500.0,,45.0,,TDM 34,,,,,2018-06-27,2018-06-26 23:58:56.512,0,0,0,0.0,
34,2018-06-22 00:00:00,313030.0,1500.0,,45.0,,TDM 34,,,,,2018-06-22,2018-06-22 00:00:54.272,0,0,0,0.0,
Harvard RDC Test,2018-06-28 00:00:00,563006.0,6600.0,,,,TDM Harvard RDC Test,,,,,2018-06-28,2018-06-28 00:00:44.032,0,0,0,0.0,
Harvard RDC Test,2018-06-29 00:00:00,563004.0,13200.0,,,,TDM Harvard RDC Test,,,,,2018-06-29,2018-06-29 00:00:20.480,0,0,0,0.0,
Harvard RDC Test,2018-06-29 00:00:00,563009.0,2000.0,,,,TDM Harvard RDC Test,,,,,2018-06-29,2018-06-29 00:00:20.480,0,0,0,0.0,
Harvard RDC Test,2018-06-30 00:00:00,563014.0,2000.0,,,,TDM Harvard RDC Test,,,,,2018-06-30,2018-06-29 23:59:56.928,0,0,0,0.0,
Harvard RDC Test,2018-06-28 00:00:00,563086.0,2000.0,,,,TDM Harvard RDC Test,,,,,2018-06-28,2018-06-28 00:00:44.032,0,0,0,0.0,
Harvard RDC Test,2018-06-29 00:00:00,563007.0,2000.0,,,,TDM Harvard RDC Test,,,,,2018-06-29,2018-06-29 00:00:20.480,0,0,0,0.0,
Harvard RDC Test,2018-06-29 00:00:00,563051.0,2000.0,,,,TDM Harvard RDC Test,,,,,2018-06-29,2018-06-29 00:00:20.480,0,0,0,0.0,
Harvard RDC Test,2018-06-30 00:00:00,563021.0,2000.0,,,,TDM Harvard RDC Test,,,,,2018-06-30,2018-06-29 23:59:56.928,0,0,0,0.0,
Harvard RDC Test,2018-06-28 00:00:00,563073.0,2500.0,,,,TDM Harvard RDC Test,,,,,2018-06-28,2018-06-28 00:00:44.032,0,0,0,0.0,
Harvard RDC Test,2018-06-27 00:00:00,563072.0,2500.0,,,,TDM Harvard RDC Test,,,,,2018-06-27,2018-06-26 23:58:56.512,0,0,0,0.0,
Harvard RDC Test,2018-06-28 00:00:00,563033.0,2500.0,,,,TDM Harvard RDC Test,,,,,2018-06-28,2018-06-28 00:00:44.032,0,0,0,0.0,
Harvard RDC Test,2018-06-28 00:00:00,563114.0,2500.0,,,,TDM Harvard RDC Test,,,,,2018-06-28,2018-06-28 00:00:44.032,0,0,0,0.0,
Harvard RDC Test,2018-06-29 00:00:00,563035.0,2500.0,,,,TDM Harvard RDC Test,,,,,2018-06-29,2018-06-29 00:00:20.480,0,0,0,0.0,
Harvard RDC Test,2018-06-28 00:00:00,563013.0,2500.0,,,,TDM Harvard RDC Test,,,,,2018-06-28,2018-06-28 00:00:44.032,0,0,0,0.0,
Harvard RDC Test,2018-06-28 00:00:00,563031.0,2500.0,,,,TDM Harvard RDC Test,,,,,2018-06-28,2018-06-28 00:00:44.032,0,0,0,0.0,
Harvard RDC Test,2018-07-01 00:00:00,563049.0,2500.0,,,,TDM Harvard RDC Test,,,,,2018-07-01,2018-06-30 23:59:33.376,0,0,0,0.0,
Harvard RDC Test,2018-06-28 00:00:00,563040.0,2500.0,,,,TDM Harvard RDC Test,,,,,2018-06-28,2018-06-28 00:00:44.032,0,0,0,0.0,
Harvard RDC Test,2018-06-28 00:00:00,563070.0,2500.0,,,,TDM Harvard RDC Test,,,,,2018-06-28,2018-06-28 00:00:44.032,0,0,0,0.0,
Harvard RDC Test,2018-06-27 00:00:00,563104.0,1500.0,,,,TDM Harvard RDC Test,,,,,2018-06-27,2018-06-26 23:58:56.512,0,0,0,0.0,
Harvard RDC Test,2018-06-29 00:00:00,563063.0,1500.0,,,,TDM Harvard RDC Test,,,,,2018-06-29,2018-06-29 00:00:20.480,0,0,0,0.0,
Harvard RDC Test,2018-06-29 00:00:00,563113.0,1500.0,,,,TDM Harvard RDC Test,,,,,2018-06-29,2018-06-29 00:00:20.480,0,0,0,0.0,
Harvard RDC Test,2018-06-28 00:00:00,563017.0,1500.0,,,,TDM Harvard RDC Test,,,,,2018-06-28,2018-06-28 00:00:44.032,0,0,0,0.0,
Harvard RDC Test,2018-06-27 00:00:00,563066.0,1500.0,,,,TDM Harvard RDC Test,,,,,2018-06-27,2018-06-26 23:58:56.512,0,0,0,0.0,
Harvard RDC Test,2018-07-01 00:00:00,563143.0,1500.0,,,,TDM Harvard RDC Test,,,,,2018-07-01,2018-06-30 23:59:33.376,0,0,0,0.0,
Harvard RDC Test,2018-06-28 00:00:00,563096.0,1500.0,,,,TDM Harvard RDC Test,,,,,2018-06-28,2018-06-28 00:00:44.032,0,0,0,0.0,
Harvard RDC Test,2018-07-01 00:00:00,563038.0,1500.0,,,,TDM Harvard RDC Test,,,,,2018-07-01,2018-06-30 23:59:33.376,0,0,0,0.0,
Harvard RDC Test,2018-06-29 00:00:00,563011.0,3000.0,,,,TDM Harvard RDC Test,,,,,2018-06-29,2018-06-29 00:00:20.480,0,0,0,0.0,
Harvard RDC Test,2018-06-29 00:00:00,563111.0,3000.0,,,,TDM Harvard RDC Test,,,,,2018-06-29,2018-06-29 00:00:20.480,0,0,0,0.0,
Harvard RDC Test,2018-06-29 00:00:00,563144.0,3000.0,,,,TDM Harvard RDC Test,,,,,2018-06-29,2018-06-29 00:00:20.480,0,0,0,0.0,
Harvard RDC Test,2018-06-28 00:00:00,563048.0,3000.0,,,,TDM Harvard RDC Test,,,,,2018-06-28,2018-06-28 00:00:44.032,0,0,0,0.0,
10,2018-06-29 00:00:00,240031.0,1500.0,,,,TDM 10,,,,,2018-06-29,2018-06-29 00:00:20.480,0,0,0,0.0,
3,05-07-2018 00:00:00,534040.0,2000.0,,,,TDM 3,,,,,,,0,0,0,0.0,
3,05-07-2018 00:00:00,534048.0,2000.0,,,,TDM 3,,,,,,,0,0,0,0.0,
3,05-07-2018 00:00:00,534040.0,2000.0,,,,TDM 3,,,,,,,0,0,0,0.0,
3,05-07-2018 00:00:00,534057.0,2000.0,,,,TDM 3,,,,,,,0,0,0,0.0,
3,05-07-2018 00:00:00,534057.0,2000.0,,,,TDM 3,,,,,,,0,0,0,0.0,
3,05-07-2018 00:00:00,534024.0,3000.0,,,,TDM 3,,,,,,,0,0,0,0.0,
3,05-07-2018 00:00:00,534087.0,2000.0,,,,TDM 3,,,,,,,0,0,0,0.0,
7,26-06-2018 00:00:00,670020.0,3000.0,,,,TDM 7,,,,,,,0,0,0,0.0,
7,02-07-2018 00:00:00,670095.0,2500.0,,,,TDM 7,,,,,,,0,0,0,0.0,
7,04-07-2018 00:00:00,670062.0,2000.0,,,,TDM 7,,,,,,,0,0,0,0.0,
7,04-07-2018 00:00:00,670064.0,6600.0,,,,TDM 7,,,,,,,0,0,0,0.0,
7,05-07-2018 00:00:00,670079.0,1500.0,,,,TDM 7,,,,,,,0,0,0,0.0,
7,05-07-2018 00:00:00,670065.0,8800.0,,,,TDM 7,,,,,,,0,0,0,0.0,
7,05-07-2018 00:00:00,670007.0,3000.0,,,,TDM 7,,,,,,,0,0,0,0.0,
7,05-07-2018 00:00:00,670070.0,2500.0,,,,TDM 7,,,,,,,0,0,0,0.0,
7,05-07-2018 00:00:00,670167.0,3000.0,,,,TDM 7,,,,,,,0,0,0,0.0,
7,06-07-2018 00:00:00,670100.0,13200.0,,,,TDM 7,,,,,,,0,0,0,0.0,
7,06-07-2018 00:00:00,670072.0,1500.0,,,,TDM 7,,,,,,,0,0,0,0.0,
.,05-06-2018 00:00:00,208004.0,2000.0,,,,TDM .,,,,,,,0,0,0,0.0,
.,15-06-2018 00:00:00,208005.0,3000.0,,,,TDM .,,,,,,,0,0,0,0.0,
.,28-06-2018 00:00:00,208005.0,11050.0,,,,TDM .,,,,,,,0,0,0,0.0,
7,06-07-2018 00:00:00,670100.0,,6.99,,,TDM 7,,,,,,,0,0,0,0.0,
7,06-07-2018 00:00:00,670072.0,1500.0,,,,TDM 7,,,,,,,0,0,0,0.0,
7,09-07-2018 00:00:00,670001.0,2500.0,,,,TDM 7,,,,,,,0,0,0,0.0,
7,09-07-2018 00:00:00,670121.0,2000.0,,,,TDM 7,,,,,,,0,0,0,0.0,
7,11-07-2018 00:00:00,670121.0,2000.0,,,,TDM 7,,,,,,,0,0,0,0.0,
7,11-07-2018 00:00:00,670091.0,2000.0,,,,TDM 7,,,,,,,0,0,0,0.0,
7,13-07-2018 00:00:00,670179.0,1500.0,,,,TDM 7,,,,,,,0,0,0,0.0,
7,14-07-2018 00:00:00,670041.0,1500.0,,,,TDM 7,,,,,,,0,0,0,0.0,
7,14-07-2018 00:00:00,670144.0,,5.82,,,TDM 7,,,,,,,0,0,0,0.0,
7,16-07-2018 00:00:00,670057.0,,4.66,,,TDM 7,,,,,,,0,0,0,0.0,
,2018-06-18 08:46:22,545085.0,2000.0,,,91.0,TDM 22,1.06,2018-06-28 14:29:02.773000000,10556.0,2.0,2018-06-18,2018-06-18 08:46:45.760,8,46,22,8.772778,
,2018-06-19 08:51:27,545104.0,1500.0,,,91.0,TDM 22,0.79,2018-06-28 14:29:02.780000000,10556.0,2.0,2018-06-19,2018-06-19 08:50:44.352,8,51,27,8.8575,
,2018-06-26 09:12:35,624091.0,2000.0,,,91.0,TDM 22,1.06,2018-06-28 14:29:02.787000000,10556.0,2.0,2018-06-26,2018-06-26 09:12:01.280,9,12,35,9.2097225,
,2018-06-27 08:28:05,545099.0,3000.0,,,91.0,TDM 22,1.59,2018-06-28 14:29:02.790000000,10556.0,2.0,2018-06-27,2018-06-27 08:27:56.288,8,28,5,8.468056,
,2018-06-27 09:29:59,545175.0,11050.0,,,91.0,TDM 22,5.82,2018-06-28 14:29:02.797000000,10556.0,2.0,2018-06-27,2018-06-27 09:29:06.304,9,29,59,9.4997225,
,2018-06-28 08:46:49,545153.0,1500.0,,,91.0,TDM 22,0.79,2018-06-28 14:29:02.803000000,10556.0,2.0,2018-06-28,2018-06-28 08:47:12.384,8,46,49,8.780278,
,2018-06-28 11:02:06,545158.0,8850.0,,,91.0,TDM 22,4.66,2018-06-28 14:29:02.810000000,10556.0,2.0,2018-06-28,2018-06-28 11:02:38.848,11,2,6,11.035,
,2018-06-28 07:40:17,347015.0,6650.0,,,88.0,TDM 19,3.49,2018-06-28 14:58:04.743000000,10560.0,2.0,2018-06-28,2018-06-28 07:39:29.152,7,40,17,7.671389,
,2018-06-16 12:44:48,368080.0,3000.0,,,101.0,TDM 32,1.59,2018-06-28 15:12:32,10565.0,2.0,2018-06-16,2018-06-16 12:45:39.712,12,44,48,12.746667,
,2018-06-18 14:36:59,368047.0,1500.0,,,101.0,TDM 32,0.79,2018-06-28 15:12:32.007000000,10565.0,2.0,2018-06-18,2018-06-18 14:36:17.280,14,36,59,14.616389,
,2018-06-18 15:29:48,368004.0,2500.0,,,101.0,TDM 32,1.32,2018-06-28 15:12:32.023000000,10565.0,2.0,2018-06-18,2018-06-18 15:28:43.008,15,29,48,15.496667,
,2018-06-19 11:46:07,584006.0,1500.0,,,101.0,TDM 32,0.79,2018-06-28 15:12:32.030000000,10565.0,2.0,2018-06-19,2018-06-19 11:45:30.112,11,46,7,11.768611,
,2018-06-22 12:22:26,368051.0,2000.0,,,101.0,TDM 32,1.06,2018-06-28 15:12:32.037000000,10565.0,2.0,2018-06-22,2018-06-22 12:21:27.680,12,22,26,12.373889,
,2018-06-26 08:37:33,368097.0,2500.0,,,101.0,TDM 32,1.32,2018-06-28 15:12:32.050000000,10565.0,2.0,2018-06-26,2018-06-26 08:37:04.128,8,37,33,8.6258335,
,2018-06-21 09:51:10,693016.0,2500.0,,,100.0,TDM 31,1.32,2018-06-28 15:17:36.710000000,10567.0,2.0,2018-06-21,2018-06-21 09:51:07.264,9,51,10,9.8527775,
,2018-06-21 12:25:44,693040.0,3000.0,,,100.0,TDM 31,1.59,2018-06-28 15:17:36.720000000,10567.0,2.0,2018-06-21,2018-06-21 12:26:13.376,12,25,44,12.428889,
,2018-06-21 14:01:27,693008.0,1500.0,,,100.0,TDM 31,0.79,2018-06-28 15:17:36.727000000,10567.0,2.0,2018-06-21,2018-06-21 14:02:20.544,14,1,27,14.024167,
,2018-06-22 08:18:41,693059.0,1500.0,,,100.0,TDM 31,0.79,2018-06-28 15:17:36.733000000,10567.0,2.0,2018-06-22,2018-06-22 08:18:58.688,8,18,41,8.311389,
,2018-06-22 11:12:18,693092.0,1500.0,,,100.0,TDM 31,0.79,2018-06-28 15:17:36.740000000,10567.0,2.0,2018-06-22,2018-06-22 11:11:33.376,11,12,18,11.205,
,2018-06-22 11:40:44,693099.0,3000.0,,,100.0,TDM 31,1.59,2018-06-28 15:17:36.747000000,10567.0,2.0,2018-06-22,2018-06-22 11:39:57.312,11,40,44,11.678889,
,2018-06-23 07:51:34,693094.0,1500.0,,,100.0,TDM 31,0.79,2018-06-28 15:17:36.750000000,10567.0,2.0,2018-06-23,2018-06-23 07:52:22.272,7,51,34,7.8594446,
,2018-06-23 09:01:16,693119.0,2500.0,,,100.0,TDM 31,1.32,2018-06-28 15:17:36.757000000,10567.0,2.0,2018-06-23,2018-06-23 09:02:16.576,9,1,16,9.0211115,
,2018-06-23 09:10:18,693121.0,3000.0,,,100.0,TDM 31,1.59,2018-06-28 15:17:36.763000000,10567.0,2.0,2018-06-23,2018-06-23 09:11:00.864,9,10,18,9.171667,
,2018-06-25 10:42:02,693011.0,2500.0,,,100.0,TDM 31,1.32,2018-06-28 15:17:36.770000000,10567.0,2.0,2018-06-25,2018-06-25 10:41:58.784,10,42,2,10.700556,
,2018-06-25 11:14:59,693024.0,1500.0,,,100.0,TDM 31,0.79,2018-06-28 15:17:36.777000000,10567.0,2.0,2018-06-25,2018-06-25 11:14:44.864,11,14,59,11.2497225,
,2018-06-25 11:45:37,693031.0,2500.0,,,100.0,TDM 31,1.32,2018-06-28 15:17:36.783000000,10567.0,2.0,2018-06-25,2018-06-25 11:45:19.872,11,45,37,11.760278,
,2018-06-25 14:15:24,693022.0,1500.0,,,100.0,TDM 31,0.79,2018-06-28 15:17:36.790000000,10567.0,2.0,2018-06-25,2018-06-25 14:16:03.840,14,15,24,14.256667,
,2018-06-25 14:31:48,693007.0,2000.0,,,100.0,TDM 31,1.06,2018-06-28 15:17:36.793000000,10567.0,2.0,2018-06-25,2018-06-25 14:31:21.344,14,31,48,14.53,
,2018-06-27 07:22:33,693002.0,13250.0,,,100.0,TDM 31,6.99,2018-06-28 15:17:36.823000000,10567.0,2.0,2018-06-27,2018-06-27 07:22:24.128,7,22,33,7.3758335,
,2018-06-27 07:43:57,693005.0,3000.0,,,100.0,TDM 31,1.59,2018-06-28 15:17:36.830000000,10567.0,2.0,2018-06-27,2018-06-27 07:44:14.848,7,43,57,7.7325,
,2018-06-27 08:18:20,693017.0,3000.0,,,100.0,TDM 31,1.59,2018-06-28 15:17:36.837000000,10567.0,2.0,2018-06-27,2018-06-27 08:19:12.000,8,18,20,8.305555,
,2018-06-27 08:45:24,693027.0,1500.0,,,100.0,TDM 31,0.79,2018-06-28 15:17:36.843000000,10567.0,2.0,2018-06-27,2018-06-27 08:45:24.864,8,45,24,8.756667,
,2018-06-27 09:23:54,693030.0,11050.0,,,100.0,TDM 31,5.82,2018-06-28 15:17:36.850000000,10567.0,2.0,2018-06-27,2018-06-27 09:24:44.160,9,23,54,9.398334,
,2018-06-27 10:10:38,693043.0,2000.0,,,100.0,TDM 31,1.06,2018-06-28 15:17:36.853000000,10567.0,2.0,2018-06-27,2018-06-27 10:10:36.672,10,10,38,10.177222,
,2018-06-27 10:50:10,693072.0,3000.0,,,100.0,TDM 31,1.59,2018-06-28 15:17:36.860000000,10567.0,2.0,2018-06-27,2018-06-27 10:49:55.968,10,50,10,10.836111,
,2018-06-27 11:54:38,693087.0,3000.0,,,100.0,TDM 31,1.59,2018-06-28 15:17:36.867000000,10567.0,2.0,2018-06-27,2018-06-27 11:55:28.128,11,54,38,11.910556,
,2018-06-27 11:56:50,693155.0,2500.0,,,100.0,TDM 31,1.32,2018-06-28 15:17:36.873000000,10567.0,2.0,2018-06-27,2018-06-27 11:57:39.200,11,56,50,11.947222,
,2018-06-27 12:10:19,693055.0,2500.0,,,100.0,TDM 31,1.32,2018-06-28 15:17:36.880000000,10567.0,2.0,2018-06-27,2018-06-27 12:10:45.632,12,10,19,12.171945,
,2018-06-27 12:41:52,693102.0,3000.0,,,100.0,TDM 31,1.59,2018-06-28 15:17:36.883000000,10567.0,2.0,2018-06-27,2018-06-27 12:41:20.640,12,41,52,12.697778,
,2018-06-19 08:46:09,637052.0,2500.0,,,123.0,TDM 53,1.32,2018-06-28 15:27:50.500000000,10568.0,2.0,2018-06-19,2018-06-19 08:46:22.208,8,46,9,8.769167,
,2018-06-19 08:48:14,637052.0,2500.0,,,123.0,TDM 53,1.32,2018-06-28 15:27:50.507000000,10568.0,2.0,2018-06-19,2018-06-19 08:48:33.280,8,48,14,8.803889,
,2018-06-20 11:03:56,637052.0,2500.0,,,123.0,TDM 53,1.32,2018-06-28 15:27:50.513000000,10568.0,2.0,2018-06-20,2018-06-20 11:03:36.192,11,3,56,11.065556,
,2018-06-21 06:51:44,637042.0,1500.0,,,123.0,TDM 53,0.79,2018-06-28 15:27:50.520000000,10568.0,2.0,2018-06-21,2018-06-21 06:51:59.360,6,51,44,6.862222,
,2018-06-22 12:00:36,637033.0,2500.0,,,123.0,TDM 53,1.32,2018-06-28 15:27:50.527000000,10568.0,2.0,2018-06-22,2018-06-22 11:59:36.960,12,0,36,12.01,
,2018-06-22 13:00:50,637003.0,1500.0,,,123.0,TDM 53,0.79,2018-06-28 15:27:50.530000000,10568.0,2.0,2018-06-22,2018-06-22 13:00:46.976,13,0,50,13.013889,
,2018-06-23 06:03:39,300052.0,3000.0,,,123.0,TDM 53,1.59,2018-06-28 15:27:50.537000000,10568.0,2.0,2018-06-23,2018-06-23 06:03:08.672,6,3,39,6.0608335,
,2018-06-23 06:17:12,300038.0,2000.0,,,123.0,TDM 53,1.06,2018-06-28 15:27:50.543000000,10568.0,2.0,2018-06-23,2018-06-23 06:16:15.104,6,17,12,6.286667,
,2018-06-23 06:19:58,300038.0,2000.0,,,123.0,TDM 53,1.06,2018-06-28 15:27:50.550000000,10568.0,2.0,2018-06-23,2018-06-23 06:20:37.248,6,19,58,6.332778,
,2018-06-23 06:24:19,300038.0,2000.0,,,123.0,TDM 53,1.06,2018-06-28 15:27:50.557000000,10568.0,2.0,2018-06-23,2018-06-23 06:24:59.392,6,24,19,6.4052777,
,2018-06-23 06:32:21,300038.0,2000.0,,,123.0,TDM 53,1.06,2018-06-28 15:27:50.560000000,10568.0,2.0,2018-06-23,2018-06-23 06:31:32.608,6,32,21,6.5391665,
,2018-06-23 09:41:31,300038.0,2000.0,,,123.0,TDM 53,1.06,2018-06-28 15:27:50.570000000,10568.0,2.0,2018-06-23,2018-06-23 09:41:35.872,9,41,31,9.691944,
,2018-06-25 10:25:20,637098.0,2500.0,,,123.0,TDM 53,1.32,2018-06-28 15:27:50.580000000,10568.0,2.0,2018-06-25,2018-06-25 10:24:30.208,10,25,20,10.422222,
,2018-06-25 11:33:43,637098.0,2500.0,,,123.0,TDM 53,1.32,2018-06-28 15:27:50.590000000,10568.0,2.0,2018-06-25,2018-06-25 11:34:24.512,11,33,43,11.561944,
,2018-06-26 10:42:42,637098.0,2500.0,,,123.0,TDM 53,1.32,2018-06-28 15:27:50.610000000,10568.0,2.0,2018-06-26,2018-06-26 10:43:46.304,10,42,42,10.711667,
,2018-06-27 17:06:38,300039.0,1500.0,,,123.0,TDM 53,0.79,2018-06-28 15:27:50.617000000,10568.0,2.0,2018-06-27,2018-06-27 17:05:40.352,17,6,38,17.110556,
,2018-06-18 12:16:24,208001.0,6650.0,,,124.0,TDM 54,3.49,2018-06-28 15:34:05.277000000,10569.0,2.0,2018-06-18,2018-06-18 12:16:28.672,12,16,24,12.273334,
,2018-06-18 12:24:29,208001.0,6650.0,,,124.0,TDM 54,3.49,2018-06-28 15:34:05.283000000,10569.0,2.0,2018-06-18,2018-06-18 12:25:12.960,12,24,29,12.408055,
,2018-06-18 12:29:49,208001.0,1500.0,,,124.0,TDM 54,0.79,2018-06-28 15:34:05.290000000,10569.0,2.0,2018-06-18,2018-06-18 12:29:35.104,12,29,49,12.496944,
,2018-06-20 11:14:00,208001.0,8850.0,,,124.0,TDM 54,4.66,2018-06-28 15:34:05.293000000,10569.0,2.0,2018-06-20,2018-06-20 11:14:31.552,11,14,0,11.233334,
,2018-06-20 11:24:41,208002.0,3000.0,,,124.0,TDM 54,1.59,2018-06-28 15:34:05.300000000,10569.0,2.0,2018-06-20,2018-06-20 11:25:26.912,11,24,41,11.411389,
,2018-06-20 11:28:16,208006.0,11050.0,,,124.0,TDM 54,5.82,2018-06-28 15:34:05.307000000,10569.0,2.0,2018-06-20,2018-06-20 11:27:37.984,11,28,16,11.471111,
,2018-06-20 11:31:27,208005.0,3000.0,,,124.0,TDM 54,1.59,2018-06-28 15:34:05.320000000,10569.0,2.0,2018-06-20,2018-06-20 11:32:00.128,11,31,27,11.524167,
,2018-06-20 11:35:54,208003.0,2500.0,,,124.0,TDM 54,1.32,2018-06-28 15:34:05.323000000,10569.0,2.0,2018-06-20,2018-06-20 11:36:22.272,11,35,54,11.598333,
,2018-06-20 11:42:22,208003.0,2500.0,,,124.0,TDM 54,1.32,2018-06-28 15:34:05.330000000,10569.0,2.0,2018-06-20,2018-06-20 11:42:55.488,11,42,22,11.706111,
,2018-06-25 08:13:31,656141.0,2500.0,,,124.0,TDM 54,1.32,2018-06-28 15:34:05.350000000,10569.0,2.0,2018-06-25,2018-06-25 08:13:25.888,8,13,31,8.225278,
,2018-06-25 10:44:32,656141.0,2500.0,,,124.0,TDM 54,1.32,2018-06-28 15:34:05.353000000,10569.0,2.0,2018-06-25,2018-06-25 10:44:09.856,10,44,32,10.742222,
,2018-06-26 08:11:21,599126.0,6650.0,,,124.0,TDM 54,3.49,2018-06-28 15:34:05.367000000,10569.0,2.0,2018-06-26,2018-06-26 08:10:51.264,8,11,21,8.189167,
,2018-06-26 08:20:33,599127.0,3000.0,,,124.0,TDM 54,1.59,2018-06-28 15:34:05.373000000,10569.0,2.0,2018-06-26,2018-06-26 08:19:35.552,8,20,33,8.3425,
,2018-06-26 09:51:47,599028.0,3000.0,,,124.0,TDM 54,1.59,2018-06-28 15:34:05.380000000,10569.0,2.0,2018-06-26,2018-06-26 09:51:20.576,9,51,47,9.863055,
,2018-06-27 08:12:58,656141.0,2500.0,,,124.0,TDM 54,1.32,2018-06-28 15:34:05.383000000,10569.0,2.0,2018-06-27,2018-06-27 08:12:38.784,8,12,58,8.216111,
,2018-06-27 08:46:43,656052.0,2500.0,,,124.0,TDM 54,1.32,2018-06-28 15:34:05.390000000,10569.0,2.0,2018-06-27,2018-06-27 08:47:35.936,8,46,43,8.778611,
,2018-06-27 08:53:15,656055.0,1500.0,,,124.0,TDM 54,0.79,2018-06-28 15:34:05.397000000,10569.0,2.0,2018-06-27,2018-06-27 08:54:09.152,8,53,15,8.8875,
,2018-06-27 10:04:40,656046.0,1500.0,,,124.0,TDM 54,0.79,2018-06-28 15:34:05.403000000,10569.0,2.0,2018-06-27,2018-06-27 10:04:03.456,10,4,40,10.077778,
,2018-06-27 10:29:27,656150.0,2000.0,,,124.0,TDM 54,1.06,2018-06-28 15:34:05.410000000,10569.0,2.0,2018-06-27,2018-06-27 10:30:16.320,10,29,27,10.490833,
,2018-06-15 12:17:02,231016.0,1500.0,,,93.0,TDM 24,0.79,2018-06-28 15:41:14.897000000,10570.0,2.0,2018-06-15,2018-06-15 12:17:39.328,12,17,2,12.283889,
,2018-06-19 10:01:42,231083.0,1500.0,,,93.0,TDM 24,0.79,2018-06-28 15:41:14.903000000,10570.0,2.0,2018-06-19,2018-06-19 10:00:38.656,10,1,42,10.028334,
,2018-06-19 10:22:27,231051.0,3000.0,,,93.0,TDM 24,1.59,2018-06-28 15:41:14.910000000,10570.0,2.0,2018-06-19,2018-06-19 10:22:29.376,10,22,27,10.3741665,
,2018-06-19 12:28:11,231036.0,2500.0,,,93.0,TDM 24,1.32,2018-06-28 15:41:14.913000000,10570.0,2.0,2018-06-19,2018-06-19 12:29:11.552,12,28,11,12.469722,
,2018-06-20 10:22:10,231014.0,2000.0,,,93.0,TDM 24,1.06,2018-06-28 15:41:14.920000000,10570.0,2.0,2018-06-20,2018-06-20 10:22:05.824,10,22,10,10.369445,
,2018-06-20 10:52:52,231025.0,2000.0,,,93.0,TDM 24,1.06,2018-06-28 15:41:14.927000000,10570.0,2.0,2018-06-20,2018-06-20 10:52:40.832,10,52,52,10.881111,
,2018-06-20 11:47:02,231077.0,2000.0,,,93.0,TDM 24,1.06,2018-06-28 15:41:14.933000000,10570.0,2.0,2018-06-20,2018-06-20 11:47:17.632,11,47,2,11.783889,
,2018-06-22 11:29:04,231078.0,1500.0,,,93.0,TDM 24,0.79,2018-06-28 15:41:14.940000000,10570.0,2.0,2018-06-22,2018-06-22 11:29:01.952,11,29,4,11.484445,
,2018-06-22 11:30:49,231078.0,1500.0,,,93.0,TDM 24,0.79,2018-06-28 15:41:14.943000000,10570.0,2.0,2018-06-22,2018-06-22 11:31:13.024,11,30,49,11.513611,
,2018-06-23 10:22:48,231009.0,1500.0,,,93.0,TDM 24,0.79,2018-06-28 15:41:14.950000000,10570.0,2.0,2018-06-23,2018-06-23 10:23:06.240,10,22,48,10.38,
,2018-06-23 10:29:43,231019.0,2000.0,,,93.0,TDM 24,1.06,2018-06-28 15:41:14.957000000,10570.0,2.0,2018-06-23,2018-06-23 10:29:39.456,10,29,43,10.495277,
,2018-06-23 10:55:41,231017.0,2500.0,,,93.0,TDM 24,1.32,2018-06-28 15:41:14.963000000,10570.0,2.0,2018-06-23,2018-06-23 10:55:52.320,10,55,41,10.928056,
,2018-06-27 09:34:02,231087.0,0.0,,,93.0,TDM 24,1.06,2018-06-28 15:41:14.980000000,10570.0,2.0,2018-06-27,2018-06-27 09:33:28.448,9,34,2,9.567223,
,2018-06-28 11:00:46,231002.0,1500.0,,,93.0,TDM 24,0.79,2018-06-28 15:41:14.987000000,10570.0,2.0,2018-06-28,2018-06-28 11:00:27.776,11,0,46,11.012777,
,2018-06-20 11:34:40,241020.0,1500.0,,,85.0,TDM 16,0.79,2018-06-28 15:50:56.747000000,10572.0,2.0,2018-06-20,2018-06-20 11:34:11.200,11,34,40,11.577778,
,2018-06-21 11:32:18,241060.0,2000.0,,,85.0,TDM 16,1.06,2018-06-28 15:50:56.750000000,10572.0,2.0,2018-06-21,2018-06-21 11:31:36.576,11,32,18,11.538333,
,2018-06-26 11:20:51,241015.0,1500.0,,,85.0,TDM 16,0.79,2018-06-28 15:50:56.770000000,10572.0,2.0,2018-06-26,2018-06-26 11:20:54.528,11,20,51,11.3475,
,2018-06-27 17:30:18,241040.0,3000.0,,,85.0,TDM 16,1.59,2018-06-28 15:50:56.800000000,10572.0,2.0,2018-06-27,2018-06-27 17:29:42.144,17,30,18,17.505,
,2018-06-26 09:16:24,317088.0,2000.0,,,99.0,TDM 30,1.06,2018-07-02 13:03:26.323000000,10574.0,2.0,2018-06-26,2018-06-26 09:16:23.424,9,16,24,9.273334,
,2018-06-27 12:22:30,317087.0,6650.0,,,99.0,TDM 30,3.49,2018-07-02 13:03:26.330000000,10574.0,2.0,2018-06-27,2018-06-27 12:21:40.992,12,22,30,12.375,
,2018-06-27 12:26:12,317089.0,8850.0,,,99.0,TDM 30,4.66,2018-07-02 13:03:26.333000000,10574.0,2.0,2018-06-27,2018-06-27 12:26:03.136,12,26,12,12.4366665,
,2018-06-29 15:56:31,317116.0,1500.0,,,99.0,TDM 30,0.79,2018-07-02 13:03:26.340000000,10574.0,2.0,2018-06-29,2018-06-29 15:57:10.016,15,56,31,15.941944,
,2018-06-22 12:07:21,208004.0,2500.0,,,97.0,TDM 28,1.32,2018-07-02 13:11:23.070000000,10576.0,2.0,2018-06-22,2018-06-22 12:08:21.248,12,7,21,12.1225,
,2018-06-22 12:12:32,208006.0,6650.0,,,97.0,TDM 28,3.49,2018-07-02 13:11:23.077000000,10576.0,2.0,2018-06-22,2018-06-22 12:12:43.392,12,12,32,12.208889,
,2018-06-22 12:16:25,208003.0,2500.0,,,97.0,TDM 28,1.32,2018-07-02 13:11:23.083000000,10576.0,2.0,2018-06-22,2018-06-22 12:17:05.536,12,16,25,12.273611,
,2018-06-22 12:33:42,208004.0,2000.0,,,97.0,TDM 28,1.06,2018-07-02 13:11:23.090000000,10576.0,2.0,2018-06-22,2018-06-22 12:34:34.112,12,33,42,12.5616665,
,2018-06-22 12:37:32,208006.0,8850.0,,,97.0,TDM 28,4.66,2018-07-02 13:11:23.097000000,10576.0,2.0,2018-06-22,2018-06-22 12:36:45.184,12,37,32,12.625556,
,2018-06-22 12:41:57,208005.0,0.0,,,97.0,TDM 28,1.59,2018-07-02 13:11:23.100000000,10576.0,2.0,2018-06-22,2018-06-22 12:41:07.328,12,41,57,12.699166,
,2018-06-26 10:30:34,6101006.0,3000.0,,,97.0,TDM 28,1.59,2018-07-02 13:11:23.127000000,10576.0,2.0,2018-06-26,2018-06-26 10:30:39.872,10,30,34,10.509444,
,2018-06-26 13:02:57,6101042.0,2500.0,,,97.0,TDM 28,1.32,2018-07-02 13:11:23.130000000,10576.0,2.0,2018-06-26,2018-06-26 13:03:34.912,13,2,57,13.049167,
,2018-06-27 12:40:33,6101116.0,3000.0,,,97.0,TDM 28,1.59,2018-07-02 13:11:23.137000000,10576.0,2.0,2018-06-27,2018-06-27 12:41:20.640,12,40,33,12.675834,
,2018-06-28 11:18:08,6101156.0,2000.0,,,97.0,TDM 28,1.06,2018-07-02 13:11:23.143000000,10576.0,2.0,2018-06-28,2018-06-28 11:17:56.352,11,18,8,11.302222,
,2018-06-22 11:43:34,208001.0,0.0,,,89.0,TDM 20,0.79,2018-07-02 13:14:50.813000000,10577.0,2.0,2018-06-22,2018-06-22 11:44:19.456,11,43,34,11.726111,
,2018-06-22 11:46:57,208001.0,1500.0,,,89.0,TDM 20,0.79,2018-07-02 13:14:50.820000000,10577.0,2.0,2018-06-22,2018-06-22 11:46:30.528,11,46,57,11.7825,
,2018-06-22 12:03:37,208001.0,13250.0,,,89.0,TDM 20,6.99,2018-07-02 13:14:50.840000000,10577.0,2.0,2018-06-22,2018-06-22 12:03:59.104,12,3,37,12.060278,
,2018-06-22 12:07:16,202001.0,2000.0,,,89.0,TDM 20,1.06,2018-07-02 13:14:50.843000000,10577.0,2.0,2018-06-22,2018-06-22 12:08:21.248,12,7,16,12.121111,
,2018-06-22 12:10:12,208004.0,2000.0,,,89.0,TDM 20,1.06,2018-07-02 13:14:50.850000000,10577.0,2.0,2018-06-22,2018-06-22 12:10:32.320,12,10,12,12.17,
,2018-06-22 12:13:40,208004.0,6650.0,,,89.0,TDM 20,3.49,2018-07-02 13:14:50.857000000,10577.0,2.0,2018-06-22,2018-06-22 12:12:43.392,12,13,40,12.2277775,
,2018-06-22 12:15:31,208004.0,6650.0,,,89.0,TDM 20,3.49,2018-07-02 13:14:50.863000000,10577.0,2.0,2018-06-22,2018-06-22 12:14:54.464,12,15,31,12.258611,
,2018-06-22 12:21:48,208004.0,8850.0,,,89.0,TDM 20,4.66,2018-07-02 13:14:50.873000000,10577.0,2.0,2018-06-22,2018-06-22 12:21:27.680,12,21,48,12.363334,
,2018-06-22 12:23:44,208004.0,8850.0,,,89.0,TDM 20,4.66,2018-07-02 13:14:50.880000000,10577.0,2.0,2018-06-22,2018-06-22 12:23:38.752,12,23,44,12.3955555,
,2018-06-22 12:25:35,208004.0,8850.0,,,89.0,TDM 20,4.66,2018-07-02 13:14:50.887000000,10577.0,2.0,2018-06-22,2018-06-22 12:25:49.824,12,25,35,12.426389,
,2018-06-22 12:29:30,208004.0,8850.0,,,89.0,TDM 20,4.66,2018-07-02 13:14:50.893000000,10577.0,2.0,2018-06-22,2018-06-22 12:30:11.968,12,29,30,12.491667,
,2018-06-22 12:38:28,208004.0,8850.0,,,89.0,TDM 20,4.66,2018-07-02 13:14:50.947000000,10577.0,2.0,2018-06-22,2018-06-22 12:38:56.256,12,38,28,12.641111,
,2018-06-22 13:00:46,208004.0,11050.0,,,89.0,TDM 20,5.82,2018-07-02 13:14:50.953000000,10577.0,2.0,2018-06-22,2018-06-22 13:00:46.976,13,0,46,13.012777,
,2018-06-22 13:53:55,208009.0,0.0,,,89.0,TDM 20,6.99,2018-07-02 13:14:50.960000000,10577.0,2.0,2018-06-22,2018-06-22 13:53:12.704,13,53,55,13.898611,
,2018-06-25 11:24:16,622021.0,2000.0,,,89.0,TDM 20,1.06,2018-07-02 13:14:50.970000000,10577.0,2.0,2018-06-25,2018-06-25 11:23:29.152,11,24,16,11.404445,
,2018-06-26 11:22:29,622081.0,1500.0,,,89.0,TDM 20,0.79,2018-07-02 13:14:50.977000000,10577.0,2.0,2018-06-26,2018-06-26 11:23:05.600,11,22,29,11.3747225,
,2018-06-27 09:58:04,622053.0,3000.0,,,89.0,TDM 20,1.59,2018-07-02 13:14:50.980000000,10577.0,2.0,2018-06-27,2018-06-27 09:57:30.240,9,58,4,9.967778,
,2018-06-28 08:10:10,622068.0,2000.0,,,89.0,TDM 20,1.06,2018-07-02 13:14:50.987000000,10577.0,2.0,2018-06-28,2018-06-28 08:10:04.160,8,10,10,8.169444,
,2018-06-28 08:51:08,622036.0,2500.0,,,89.0,TDM 20,1.32,2018-07-02 13:14:50.993000000,10577.0,2.0,2018-06-28,2018-06-28 08:51:34.528,8,51,8,8.852222,
,2018-06-29 08:11:54,622012.0,1500.0,,,89.0,TDM 20,0.79,2018-07-02 13:14:51,10577.0,2.0,2018-06-29,2018-06-29 08:11:51.680,8,11,54,8.198334,
,2018-06-29 08:14:38,622012.0,1500.0,,,89.0,TDM 20,0.79,2018-07-02 13:14:51.007000000,10577.0,2.0,2018-06-29,2018-06-29 08:14:02.752,8,14,38,8.243889,
,2018-06-30 08:26:59,622060.0,2000.0,,,89.0,TDM 20,1.06,2018-07-02 13:14:51.010000000,10577.0,2.0,2018-06-30,2018-06-30 08:26:45.632,8,26,59,8.449722,
,2018-06-30 08:29:16,622060.0,2000.0,,,89.0,TDM 20,1.06,2018-07-02 13:14:51.017000000,10577.0,2.0,2018-06-30,2018-06-30 08:28:56.704,8,29,16,8.487778,
,2018-06-18 11:25:19,208001.0,6650.0,,,102.0,TDM 33,3.49,2018-07-02 13:17:55.190000000,10578.0,2.0,2018-06-18,2018-06-18 11:26:14.016,11,25,19,11.421945,
,2018-06-18 11:32:51,208001.0,1500.0,,,102.0,TDM 33,0.79,2018-07-02 13:17:55.197000000,10578.0,2.0,2018-06-18,2018-06-18 11:32:47.232,11,32,51,11.5475,
,2018-06-18 11:39:03,208001.0,1500.0,,,102.0,TDM 33,0.79,2018-07-02 13:17:55.203000000,10578.0,2.0,2018-06-18,2018-06-18 11:39:20.448,11,39,3,11.650833,
,2018-06-18 13:41:03,208003.0,2500.0,,,102.0,TDM 33,1.32,2018-07-02 13:17:55.210000000,10578.0,2.0,2018-06-18,2018-06-18 13:41:40.480,13,41,3,13.684167,
,2018-06-22 11:37:11,208003.0,0.0,,,102.0,TDM 33,5.82,2018-07-02 13:17:55.220000000,10578.0,2.0,2018-06-22,2018-06-22 11:37:46.240,11,37,11,11.619722,
,2018-06-22 11:58:17,208001.0,1500.0,,,102.0,TDM 33,0.79,2018-07-02 13:17:55.227000000,10578.0,2.0,2018-06-22,2018-06-22 11:57:25.888,11,58,17,11.971389,
,2018-06-22 12:11:38,208004.0,0.0,,,102.0,TDM 33,4.66,2018-07-02 13:17:55.240000000,10578.0,2.0,2018-06-22,2018-06-22 12:12:43.392,12,11,38,12.193889,
,2018-06-22 12:17:17,208004.0,8850.0,,,102.0,TDM 33,4.66,2018-07-02 13:17:55.247000000,10578.0,2.0,2018-06-22,2018-06-22 12:17:05.536,12,17,17,12.288055,
,2018-06-22 12:54:48,208004.0,8850.0,,,102.0,TDM 33,4.66,2018-07-02 13:17:55.257000000,10578.0,2.0,2018-06-22,2018-06-22 12:54:13.760,12,54,48,12.913333,
,2018-06-22 13:42:18,208002.0,8850.0,,,102.0,TDM 33,4.66,2018-07-02 13:17:55.263000000,10578.0,2.0,2018-06-22,2018-06-22 13:42:17.344,13,42,18,13.705,
,2018-06-22 13:44:08,208002.0,8850.0,,,102.0,TDM 33,4.66,2018-07-02 13:17:55.270000000,10578.0,2.0,2018-06-22,2018-06-22 13:44:28.416,13,44,8,13.735556,
,2018-06-22 13:46:26,208002.83,8850.0,,,102.0,TDM 33,4.66,2018-07-02 13:17:55.277000000,10578.0,2.0,2018-06-22,2018-06-22 13:46:39.488,13,46,26,13.773889,
,2018-06-28 12:29:57,691102.0,1500.0,,,102.0,TDM 33,0.79,2018-07-02 13:17:55.300000000,10578.0,2.0,2018-06-28,2018-06-28 12:30:01.728,12,29,57,12.4991665,
,2018-06-28 11:08:38,248001.0,20800.0,,,125.0,CHRISTINE,11.0,2018-07-02 13:44:20.003000000,10581.0,2.0,2018-06-28,2018-06-28 11:09:12.064,11,8,38,11.143888,
,2018-06-28 11:55:01,208004.0,2000.0,,,125.0,CHRISTINE,1.06,2018-07-02 13:44:20.010000000,10581.0,2.0,2018-06-28,2018-06-28 11:55:04.576,11,55,1,11.9169445,
,2018-06-28 14:33:30,208003.0,2500.0,,,125.0,CHRISTINE,1.32,2018-07-02 13:44:20.017000000,10581.0,2.0,2018-06-28,2018-06-28 14:34:32.832,14,33,30,14.558333,
,2018-06-28 14:41:23,208002.0,3000.0,,,125.0,CHRISTINE,1.59,2018-07-02 13:44:20.020000000,10581.0,2.0,2018-06-28,2018-06-28 14:41:06.048,14,41,23,14.689722,
,2018-06-28 14:45:58,208003.0,2500.0,,,125.0,CHRISTINE,1.32,2018-07-02 13:44:20.027000000,10581.0,2.0,2018-06-28,2018-06-28 14:45:28.192,14,45,58,14.766111,
,2018-06-28 14:54:05,208005.0,11050.0,,,125.0,CHRISTINE,5.82,2018-07-02 13:44:20.033000000,10581.0,2.0,2018-06-28,2018-06-28 14:54:12.480,14,54,5,14.901389,
,2018-07-02 07:45:49,301002.0,1500.0,,,125.0,CHRISTINE,0.79,2018-07-02 13:44:20.070000000,10581.0,2.0,2018-07-02,2018-07-02 07:46:39.232,7,45,49,7.7636113,
,2018-07-02 07:59:36,382002.0,2500.0,,,125.0,CHRISTINE,1.32,2018-07-02 13:44:20.080000000,10581.0,2.0,2018-07-02,2018-07-02 07:59:45.664,7,59,36,7.9933333,
,2018-07-02 08:04:17,222001.0,2000.0,,,125.0,CHRISTINE,1.06,2018-07-02 13:44:20.087000000,10581.0,2.0,2018-07-02,2018-07-02 08:04:07.808,8,4,17,8.071389,
,2018-07-02 10:34:00,208005.0,0.0,,,125.0,CHRISTINE,1.32,2018-07-02 13:44:20.093000000,10581.0,2.0,2018-07-02,2018-07-02 10:34:51.776,10,34,0,10.566667,
,2018-06-15 12:35:45,202001.0,1500.0,,,90.0,TDM 21,0.79,2018-07-02 13:47:35.977000000,10582.0,2.0,2018-06-15,2018-06-15 12:35:07.904,12,35,45,12.595834,
,2018-06-21 15:59:59,599095.0,3000.0,,,90.0,TDM 21,1.59,2018-07-02 13:47:35.983000000,10582.0,2.0,2018-06-21,2018-06-21 16:00:18.432,15,59,59,15.9997225,
,2018-06-22 14:52:37,656092.0,2500.0,,,90.0,TDM 21,1.32,2018-07-02 13:47:35.987000000,10582.0,2.0,2018-06-22,2018-06-22 14:52:11.648,14,52,37,14.876945,
,2018-06-29 16:37:23,300031.0,1500.0,,,123.0,TDM 53,0.79,2018-07-05 13:33:48.610000000,10586.0,2.0,2018-06-29,2018-06-29 16:36:29.312,16,37,23,16.623056,
,2018-07-01 15:41:05,300069.0,2000.0,,,123.0,TDM 53,1.06,2018-07-05 13:33:48.617000000,10586.0,2.0,2018-07-01,2018-07-01 15:41:05.408,15,41,5,15.684722,
,2018-07-02 06:51:00,637063.0,1500.0,,,123.0,TDM 53,0.79,2018-07-05 13:33:48.630000000,10586.0,2.0,2018-07-02,2018-07-02 06:52:02.432,6,51,0,6.85,
,2018-07-02 07:25:18,637103.0,1500.0,,,123.0,TDM 53,0.79,2018-07-05 13:33:48.633000000,10586.0,2.0,2018-07-02,2018-07-02 07:24:48.512,7,25,18,7.4216666,
,2018-07-03 10:29:46,637020.0,1500.0,,,123.0,TDM 53,0.79,2018-07-05 13:33:48.640000000,10586.0,2.0,2018-07-03,2018-07-03 10:30:06.080,10,29,46,10.496111,
,2018-07-03 14:40:30,637020.0,1500.0,,,123.0,TDM 53,0.79,2018-07-05 13:33:48.647000000,10586.0,2.0,2018-07-03,2018-07-03 14:41:19.360,14,40,30,14.675,
,2018-07-03 14:49:52,637045.0,1500.0,,,123.0,TDM 53,0.79,2018-07-05 13:33:48.653000000,10586.0,2.0,2018-07-03,2018-07-03 14:50:03.648,14,49,52,14.831111,
,2018-07-03 14:52:53,637103.0,1500.0,,,123.0,TDM 53,0.79,2018-07-05 13:33:48.660000000,10586.0,2.0,2018-07-03,2018-07-03 14:52:14.720,14,52,53,14.881389,
,2018-07-04 06:07:02,637058.0,2000.0,,,123.0,TDM 53,1.06,2018-07-05 13:33:48.663000000,10586.0,2.0,2018-07-04,2018-07-04 06:07:33.888,6,7,2,6.1172223,
,2018-07-04 06:39:56,637091.0,2000.0,,,123.0,TDM 53,1.06,2018-07-05 13:33:48.670000000,10586.0,2.0,2018-07-04,2018-07-04 06:40:19.968,6,39,56,6.6655555,
,2018-07-04 16:41:03,300008.0,2000.0,,,123.0,TDM 53,1.06,2018-07-05 13:33:48.677000000,10586.0,2.0,2018-07-04,2018-07-04 16:41:04.768,16,41,3,16.684166,
,2018-07-02 16:10:17,368081.0,1500.0,,,101.0,TDM 32,0.79,2018-07-05 13:39:05.283000000,10587.0,2.0,2018-07-02,2018-07-02 16:11:16.864,16,10,17,16.171389,
,2018-07-04 09:22:29,368016.0,6650.0,,,101.0,TDM 32,3.49,2018-07-05 13:39:05.293000000,10587.0,2.0,2018-07-04,2018-07-04 09:21:59.296,9,22,29,9.3747225,
,2018-07-04 09:27:26,368116.0,2500.0,,,101.0,TDM 32,1.32,2018-07-05 13:39:05.300000000,10587.0,2.0,2018-07-04,2018-07-04 09:26:21.440,9,27,26,9.457222,
,2018-07-04 10:16:15,368045.0,2500.0,,,101.0,TDM 32,1.32,2018-07-05 13:39:05.307000000,10587.0,2.0,2018-07-04,2018-07-04 10:16:36.096,10,16,15,10.270833,
,2018-07-04 10:46:48,368030.0,2000.0,,,101.0,TDM 32,1.06,2018-07-05 13:39:05.310000000,10587.0,2.0,2018-07-04,2018-07-04 10:47:11.104,10,46,48,10.78,
,2018-07-05 07:29:52,584063.0,2000.0,,,101.0,TDM 32,1.06,2018-07-05 13:39:05.317000000,10587.0,2.0,2018-07-05,2018-07-05 07:30:11.072,7,29,52,7.497778,
,2018-07-02 10:56:43,686064.0,13250.0,,,81.0,TDM 12,6.99,2018-07-05 13:44:14.207000000,10588.0,2.0,2018-07-02,2018-07-02 10:56:42.496,10,56,43,10.945278,
,2018-06-29 11:52:27,517009.0,1500.0,,,78.0,TDM 9,0.79,2018-07-05 13:50:22.440000000,10589.0,2.0,2018-06-29,2018-06-29 11:52:29.952,11,52,27,11.8741665,
,2018-07-03 07:53:35,517160.0,3000.0,,,78.0,TDM 9,1.59,2018-07-05 13:50:22.443000000,10589.0,2.0,2018-07-03,2018-07-03 07:52:48.896,7,53,35,7.8930554,
,2018-07-04 08:17:09,517155.0,8850.0,,,78.0,TDM 9,4.66,2018-07-05 13:50:22.450000000,10589.0,2.0,2018-07-04,2018-07-04 08:16:27.136,8,17,9,8.285833,
,2018-07-04 09:07:45,517049.0,3000.0,,,78.0,TDM 9,1.59,2018-07-05 13:50:22.457000000,10589.0,2.0,2018-07-04,2018-07-04 09:06:41.792,9,7,45,9.129167,
,2018-07-04 09:15:33,517094.0,1500.0,,,78.0,TDM 9,0.79,2018-07-05 13:50:22.463000000,10589.0,2.0,2018-07-04,2018-07-04 09:15:26.080,9,15,33,9.259167,
,2018-07-04 09:35:15,517102.0,2500.0,,,78.0,TDM 9,1.32,2018-07-05 13:50:22.470000000,10589.0,2.0,2018-07-04,2018-07-04 09:35:05.728,9,35,15,9.5875,
,2018-07-04 10:09:27,517063.0,2000.0,,,78.0,TDM 9,1.06,2018-07-05 13:50:22.473000000,10589.0,2.0,2018-07-04,2018-07-04 10:10:02.880,10,9,27,10.1575,
,2018-07-05 07:18:42,564049.0,1500.0,,,78.0,TDM 9,0.79,2018-07-05 13:50:22.480000000,10589.0,2.0,2018-07-05,2018-07-05 07:19:15.712,7,18,42,7.3116665,
,2018-07-03 09:02:37,545169.0,3000.0,,,91.0,TDM 22,1.59,2018-07-05 13:54:05.970000000,10590.0,2.0,2018-07-03,2018-07-03 09:02:43.200,9,2,37,9.043612,
,2018-07-03 10:01:34,545161.0,8850.0,,,91.0,TDM 22,4.66,2018-07-05 13:54:05.983000000,10590.0,2.0,2018-07-03,2018-07-03 10:01:42.144,10,1,34,10.026111,
,2018-07-03 11:22:26,545077.0,8850.0,,,91.0,TDM 22,4.66,2018-07-05 13:54:05.990000000,10590.0,2.0,2018-07-03,2018-07-03 11:22:31.808,11,22,26,11.373889,
,2018-07-04 08:35:02,545108.0,1500.0,,,91.0,TDM 22,0.79,2018-07-05 13:54:05.993000000,10590.0,2.0,2018-07-04,2018-07-04 08:36:06.784,8,35,2,8.583889,
,2018-07-04 08:45:45,545102.0,1500.0,,,91.0,TDM 22,0.79,2018-07-05 13:54:06,10590.0,2.0,2018-07-04,2018-07-04 08:44:51.072,8,45,45,8.7625,
,2018-07-04 08:53:09,545103.0,2000.0,,,91.0,TDM 22,1.06,2018-07-05 13:54:06.007000000,10590.0,2.0,2018-07-04,2018-07-04 08:53:35.360,8,53,9,8.885834,
,2018-07-04 09:08:21,545083.0,1500.0,,,91.0,TDM 22,0.79,2018-07-05 13:54:06.013000000,10590.0,2.0,2018-07-04,2018-07-04 09:08:52.864,9,8,21,9.139167,
,2018-06-29 16:47:32,241052.0,2000.0,,,85.0,TDM 16,1.06,2018-07-05 13:59:54.477000000,10591.0,2.0,2018-06-29,2018-06-29 16:47:24.672,16,47,32,16.792223,
,2018-06-29 18:41:50,241032.0,3000.0,,,85.0,TDM 16,1.59,2018-07-05 13:59:54.487000000,10591.0,2.0,2018-06-29,2018-06-29 18:41:00.416,18,41,50,18.697222,
,2018-07-04 06:53:59,241059.0,2500.0,,,85.0,TDM 16,1.32,2018-07-05 13:59:54.540000000,10591.0,2.0,2018-07-04,2018-07-04 06:53:26.400,6,53,59,6.899722,
,2018-07-04 07:02:28,241059.0,2500.0,,,85.0,TDM 16,1.32,2018-07-05 13:59:54.547000000,10591.0,2.0,2018-07-04,2018-07-04 07:02:10.688,7,2,28,7.041111,
,2018-07-04 09:11:02,241059.0,2500.0,,,85.0,TDM 16,1.32,2018-07-05 13:59:54.560000000,10591.0,2.0,2018-07-04,2018-07-04 09:11:03.936,9,11,2,9.183888,
,2018-06-30 08:07:06,629007.0,6650.0,,,103.0,TDM 34,3.49,2018-07-05 14:05:56.313000000,10592.0,2.0,2018-06-30,2018-06-30 08:07:05.984,8,7,6,8.118333,
,2018-06-30 08:59:27,313028.0,2000.0,,,103.0,TDM 34,1.06,2018-07-05 14:05:56.323000000,10592.0,2.0,2018-06-30,2018-06-30 08:59:31.712,8,59,27,8.990833,
,2018-06-30 09:28:17,313020.0,2500.0,,,103.0,TDM 34,1.32,2018-07-05 14:05:56.330000000,10592.0,2.0,2018-06-30,2018-06-30 09:27:55.648,9,28,17,9.471389,
,2018-06-30 09:51:31,313102.0,2000.0,,,103.0,TDM 34,1.06,2018-07-05 14:05:56.337000000,10592.0,2.0,2018-06-30,2018-06-30 09:51:57.440,9,51,31,9.858611,
,2018-06-30 10:05:20,313117.0,2000.0,,,103.0,TDM 34,1.06,2018-07-05 14:05:56.343000000,10592.0,2.0,2018-06-30,2018-06-30 10:05:03.872,10,5,20,10.088889,
,2018-06-30 11:07:41,313009.0,1500.0,,,103.0,TDM 34,0.79,2018-07-05 14:05:56.353000000,10592.0,2.0,2018-06-30,2018-06-30 11:08:24.960,11,7,41,11.128056,
,2018-06-30 11:26:45,313041.0,1500.0,,,103.0,TDM 34,0.79,2018-07-05 14:05:56.360000000,10592.0,2.0,2018-06-30,2018-06-30 11:25:53.536,11,26,45,11.445833,
,2018-07-02 11:44:52,313013.0,3000.0,,,103.0,TDM 34,1.59,2018-07-05 14:05:56.367000000,10592.0,2.0,2018-07-02,2018-07-02 11:44:46.080,11,44,52,11.747778,
,2018-07-02 12:55:44,313130.0,1500.0,,,103.0,TDM 34,0.79,2018-07-05 14:05:56.373000000,10592.0,2.0,2018-07-02,2018-07-02 12:54:40.384,12,55,44,12.928889,
,2018-07-02 13:23:55,313115.0,1500.0,,,103.0,TDM 34,0.79,2018-07-05 14:05:56.380000000,10592.0,2.0,2018-07-02,2018-07-02 13:23:04.320,13,23,55,13.398611,
,2018-07-03 08:59:45,313163.0,1500.0,,,103.0,TDM 34,0.79,2018-07-05 14:05:56.383000000,10592.0,2.0,2018-07-03,2018-07-03 09:00:32.128,8,59,45,8.995833,
,2018-07-03 09:28:50,313050.0,3000.0,,,103.0,TDM 34,1.59,2018-07-05 14:05:56.390000000,10592.0,2.0,2018-07-03,2018-07-03 09:28:56.064,9,28,50,9.480556,
,2018-07-03 09:57:14,313072.0,1500.0,,,103.0,TDM 34,0.79,2018-07-05 14:05:56.397000000,10592.0,2.0,2018-07-03,2018-07-03 09:57:20.000,9,57,14,9.953889,
,2018-07-03 11:20:27,313125.0,3000.0,,,103.0,TDM 34,1.59,2018-07-05 14:05:56.403000000,10592.0,2.0,2018-07-03,2018-07-03 11:20:20.736,11,20,27,11.340834,
,2018-07-03 11:44:59,313052.0,2000.0,,,103.0,TDM 34,1.06,2018-07-05 14:05:56.410000000,10592.0,2.0,2018-07-03,2018-07-03 11:44:22.528,11,44,59,11.7497225,
,2018-07-04 08:49:35,629029.0,1500.0,,,103.0,TDM 34,0.79,2018-07-05 14:05:56.413000000,10592.0,2.0,2018-07-04,2018-07-04 08:49:13.216,8,49,35,8.826389,
,2018-07-05 08:54:32,313002.0,2500.0,,,103.0,TDM 34,1.32,2018-07-05 14:05:56.420000000,10592.0,2.0,2018-07-05,2018-07-05 08:55:22.880,8,54,32,8.908889,
,2018-07-05 09:24:02,313103.0,2000.0,,,103.0,TDM 34,1.06,2018-07-05 14:05:56.427000000,10592.0,2.0,2018-07-05,2018-07-05 09:23:46.816,9,24,2,9.400556,
,2018-07-03 10:14:20,302047.0,2500.0,,,83.0,TDM 14,1.32,2018-07-05 14:10:36.857000000,10593.0,2.0,2018-07-03,2018-07-03 10:14:48.576,10,14,20,10.238889,
,2018-07-03 10:57:04,302029.0,1500.0,,,83.0,TDM 14,0.79,2018-07-05 14:10:36.863000000,10593.0,2.0,2018-07-03,2018-07-03 10:56:18.944,10,57,4,10.951111,
,2018-07-03 11:05:47,302051.0,1500.0,,,83.0,TDM 14,0.79,2018-07-05 14:10:36.870000000,10593.0,2.0,2018-07-03,2018-07-03 11:05:03.232,11,5,47,11.096389,
,2018-07-04 10:24:15,349064.0,6650.0,,,83.0,TDM 14,3.49,2018-07-05 14:10:36.877000000,10593.0,2.0,2018-07-04,2018-07-04 10:25:20.384,10,24,15,10.404166,
,2018-07-05 09:15:38,349036.0,6650.0,,,83.0,TDM 14,3.49,2018-07-05 14:10:36.880000000,10593.0,2.0,2018-07-05,2018-07-05 09:15:02.528,9,15,38,9.260555,
,2018-07-05 10:37:19,231076.0,2000.0,,,93.0,TDM 24,1.06,2018-07-05 14:26:12.750000000,10594.0,2.0,2018-07-05,2018-07-05 10:38:03.264,10,37,19,10.621944,
,2018-06-29 12:17:00,688060.0,2000.0,,,104.0,TDM 35,1.06,2018-07-05 14:30:50.040000000,10595.0,2.0,2018-06-29,2018-06-29 12:16:31.744,12,17,0,12.283334,
,2018-06-30 11:19:21,688105.0,2000.0,,,104.0,TDM 35,1.06,2018-07-05 14:30:50.047000000,10595.0,2.0,2018-06-30,2018-06-30 11:19:20.320,11,19,21,11.3225,
,2018-06-30 11:36:10,688116.0,2000.0,,,104.0,TDM 35,1.06,2018-07-05 14:30:50.053000000,10595.0,2.0,2018-06-30,2018-06-30 11:36:48.896,11,36,10,11.6027775,
,2018-07-02 08:21:15,688010.0,1500.0,,,104.0,TDM 35,0.79,2018-07-05 14:30:50.060000000,10595.0,2.0,2018-07-02,2018-07-02 08:21:36.384,8,21,15,8.354167,
,2018-07-03 07:09:08,681002.0,2000.0,,,104.0,TDM 35,1.06,2018-07-05 14:30:50.067000000,10595.0,2.0,2018-07-03,2018-07-03 07:09:07.456,7,9,8,7.152222,
,2018-07-04 07:02:30,681103.0,2000.0,,,104.0,TDM 35,1.06,2018-07-05 14:30:50.070000000,10595.0,2.0,2018-07-04,2018-07-04 07:02:10.688,7,2,30,7.0416665,
,2018-07-04 08:32:12,681055.0,2500.0,,,104.0,TDM 35,1.32,2018-07-05 14:30:50.077000000,10595.0,2.0,2018-07-04,2018-07-04 08:31:44.640,8,32,12,8.536667,
,2018-07-02 08:02:12,656145.0,1500.0,,,124.0,TDM 54,0.79,2018-07-05 14:34:21.877000000,10596.0,2.0,2018-07-02,2018-07-02 08:01:56.736,8,2,12,8.036667,
,2018-07-02 08:55:25,656112.0,2000.0,,,124.0,TDM 54,1.06,2018-07-05 14:34:21.887000000,10596.0,2.0,2018-07-02,2018-07-02 08:54:22.464,8,55,25,8.923611,
,2018-07-02 09:12:40,656101.0,1500.0,,,124.0,TDM 54,0.79,2018-07-05 14:34:21.893000000,10596.0,2.0,2018-07-02,2018-07-02 09:11:51.040,9,12,40,9.211111,
,2018-07-02 09:17:23,656095.0,3000.0,,,124.0,TDM 54,1.59,2018-07-05 14:34:21.903000000,10596.0,2.0,2018-07-02,2018-07-02 09:18:24.256,9,17,23,9.289722,
,2018-07-03 08:04:03,599124.0,13250.0,,,124.0,TDM 54,6.99,2018-07-05 14:34:21.910000000,10596.0,2.0,2018-07-03,2018-07-03 08:03:44.256,8,4,3,8.0675,
,2018-07-03 08:26:41,599049.0,2000.0,,,124.0,TDM 54,1.06,2018-07-05 14:34:21.913000000,10596.0,2.0,2018-07-03,2018-07-03 08:27:46.048,8,26,41,8.444722,
,2018-06-30 11:27:49,347048.0,6650.0,,,88.0,TDM 19,3.49,2018-07-05 14:37:30.857000000,10597.0,2.0,2018-06-30,2018-06-30 11:28:04.608,11,27,49,11.463611,
,2018-07-02 07:11:27,347130.0,13250.0,,,88.0,TDM 19,6.99,2018-07-05 14:37:30.867000000,10597.0,2.0,2018-07-02,2018-07-02 07:11:42.080,7,11,27,7.1908336,
,2018-07-02 11:47:37,347130.0,13250.0,,,88.0,TDM 19,6.99,2018-07-05 14:37:30.880000000,10597.0,2.0,2018-07-02,2018-07-02 11:46:57.152,11,47,37,11.793612,
,2018-07-03 06:54:50,552076.0,2500.0,,,88.0,TDM 19,1.32,2018-07-05 14:37:30.883000000,10597.0,2.0,2018-07-03,2018-07-03 06:53:49.952,6,54,50,6.913889,
,2018-07-03 06:57:25,552076.0,2500.0,,,88.0,TDM 19,1.32,2018-07-05 14:37:30.890000000,10597.0,2.0,2018-07-03,2018-07-03 06:58:12.096,6,57,25,6.9569445,
,2018-07-04 08:43:03,347020.0,6650.0,,,88.0,TDM 19,3.49,2018-07-05 14:37:30.897000000,10597.0,2.0,2018-07-04,2018-07-04 08:42:40.000,8,43,3,8.7175,
,2018-07-02 06:16:03,308027.0,2000.0,,,77.0,TDM 8,1.06,2018-07-05 14:40:41.750000000,10598.0,2.0,2018-07-02,2018-07-02 06:17:05.280,6,16,3,6.2675,
,2018-07-02 06:45:10,308050.0,3000.0,,,77.0,TDM 8,1.59,2018-07-05 14:40:41.760000000,10598.0,2.0,2018-07-02,2018-07-02 06:45:29.216,6,45,10,6.7527776,
,2018-07-02 07:39:08,308126.0,1500.0,,,77.0,TDM 8,0.79,2018-07-05 14:40:41.773000000,10598.0,2.0,2018-07-02,2018-07-02 07:40:06.016,7,39,8,7.652222,
,2018-07-02 08:44:01,308151.0,3000.0,,,77.0,TDM 8,1.59,2018-07-05 14:40:41.780000000,10598.0,2.0,2018-07-02,2018-07-02 08:43:27.104,8,44,1,8.733611,
,2018-07-02 09:07:45,308139.0,1500.0,,,77.0,TDM 8,0.79,2018-07-05 14:40:41.783000000,10598.0,2.0,2018-07-02,2018-07-02 09:07:28.896,9,7,45,9.129167,
,2018-07-03 06:02:19,321001.0,2500.0,,,77.0,TDM 8,1.32,2018-07-05 14:40:41.790000000,10598.0,2.0,2018-07-03,2018-07-03 06:01:24.224,6,2,19,6.038611,
,2018-07-03 06:15:24,321004.0,1500.0,,,77.0,TDM 8,0.79,2018-07-05 14:40:41.797000000,10598.0,2.0,2018-07-03,2018-07-03 06:14:30.656,6,15,24,6.2566667,
,2018-07-03 06:22:20,321024.0,3000.0,,,77.0,TDM 8,1.59,2018-07-05 14:40:41.803000000,10598.0,2.0,2018-07-03,2018-07-03 06:23:14.944,6,22,20,6.3722224,
,2018-07-03 06:28:48,321023.0,1500.0,,,77.0,TDM 8,0.79,2018-07-05 14:40:41.810000000,10598.0,2.0,2018-07-03,2018-07-03 06:29:48.160,6,28,48,6.48,
,2018-07-03 06:40:30,321017.0,2500.0,,,77.0,TDM 8,1.32,2018-07-05 14:40:41.813000000,10598.0,2.0,2018-07-03,2018-07-03 06:40:43.520,6,40,30,6.675,
,2018-07-04 06:39:35,308171.0,2500.0,,,77.0,TDM 8,1.32,2018-07-05 14:40:41.820000000,10598.0,2.0,2018-07-04,2018-07-04 06:40:19.968,6,39,35,6.6597223,
,2018-07-04 06:48:41,308091.0,2500.0,,,77.0,TDM 8,1.32,2018-07-05 14:40:41.827000000,10598.0,2.0,2018-07-04,2018-07-04 06:49:04.256,6,48,41,6.811389,
,2018-07-04 07:28:33,308093.0,1500.0,,,77.0,TDM 8,0.79,2018-07-05 14:40:41.833000000,10598.0,2.0,2018-07-04,2018-07-04 07:28:23.552,7,28,33,7.4758334,
,2018-07-04 07:50:21,308198.0,2000.0,,,77.0,TDM 8,1.06,2018-07-05 14:40:41.840000000,10598.0,2.0,2018-07-04,2018-07-04 07:50:14.272,7,50,21,7.8391666,
,2018-07-04 08:06:05,308203.0,2000.0,,,77.0,TDM 8,1.06,2018-07-05 14:40:41.843000000,10598.0,2.0,2018-07-04,2018-07-04 08:05:31.776,8,6,5,8.101389,
,2018-07-04 08:37:18,308056.0,1500.0,,,77.0,TDM 8,0.79,2018-07-05 14:40:41.850000000,10598.0,2.0,2018-07-04,2018-07-04 08:38:17.856,8,37,18,8.621667,
,2018-07-04 08:57:14,308030.0,2500.0,,,77.0,TDM 8,1.32,2018-07-05 14:40:41.857000000,10598.0,2.0,2018-07-04,2018-07-04 08:57:57.504,8,57,14,8.953889,
,2018-07-05 06:04:18,308144.0,1500.0,,,77.0,TDM 8,0.79,2018-07-05 14:40:41.863000000,10598.0,2.0,2018-07-05,2018-07-05 06:04:59.264,6,4,18,6.0716667,
,2018-07-05 06:15:53,321017.0,2500.0,,,77.0,TDM 8,1.32,2018-07-05 14:40:41.870000000,10598.0,2.0,2018-07-05,2018-07-05 06:15:54.624,6,15,53,6.2647223,
,2018-07-05 07:00:39,321049.0,2000.0,,,77.0,TDM 8,1.06,2018-07-05 14:40:41.873000000,10598.0,2.0,2018-07-05,2018-07-05 06:59:36.064,7,0,39,7.0108333,
,2018-07-05 07:12:12,321006.0,1500.0,,,77.0,TDM 8,0.79,2018-07-05 14:40:41.880000000,10598.0,2.0,2018-07-05,2018-07-05 07:12:42.496,7,12,12,7.2033334,
,2018-06-29 11:40:30,504044.0,2000.0,,,82.0,TDM 13,1.06,2018-07-05 14:50:07.853000000,10599.0,2.0,2018-06-29,2018-06-29 11:41:34.592,11,40,30,11.675,
,2018-06-30 06:22:59,504121.0,2500.0,,,82.0,TDM 13,1.32,2018-07-05 14:50:07.860000000,10599.0,2.0,2018-06-30,2018-06-30 06:22:14.528,6,22,59,6.3830557,
,2018-06-30 07:03:34,504082.0,2000.0,,,82.0,TDM 13,1.06,2018-07-05 14:50:07.867000000,10599.0,2.0,2018-06-30,2018-06-30 07:03:44.896,7,3,34,7.0594444,
,2018-06-30 07:10:22,504083.0,3000.0,,,82.0,TDM 13,1.59,2018-07-05 14:50:07.873000000,10599.0,2.0,2018-06-30,2018-06-30 07:10:18.112,7,10,22,7.1727777,
,2018-06-30 07:18:52,504072.0,2000.0,,,82.0,TDM 13,1.06,2018-07-05 14:50:07.880000000,10599.0,2.0,2018-06-30,2018-06-30 07:19:02.400,7,18,52,7.3144445,
,2018-06-30 08:10:55,504022.0,1500.0,,,82.0,TDM 13,0.79,2018-07-05 14:50:07.883000000,10599.0,2.0,2018-06-30,2018-06-30 08:11:28.128,8,10,55,8.181945,
,2018-06-30 08:19:21,504037.0,1500.0,,,82.0,TDM 13,0.79,2018-07-05 14:50:07.890000000,10599.0,2.0,2018-06-30,2018-06-30 08:20:12.416,8,19,21,8.3225,
,2018-07-02 09:04:45,504050.0,3000.0,,,82.0,TDM 13,1.59,2018-07-05 14:50:07.903000000,10599.0,2.0,2018-07-02,2018-07-02 09:05:17.824,9,4,45,9.079166,
,2018-07-03 08:06:58,636075.0,2000.0,,,82.0,TDM 13,1.06,2018-07-05 14:50:07.927000000,10599.0,2.0,2018-07-03,2018-07-03 08:05:55.328,8,6,58,8.116111,
,2018-07-03 08:58:33,636047.0,3000.0,,,82.0,TDM 13,1.59,2018-07-05 14:50:07.933000000,10599.0,2.0,2018-07-03,2018-07-03 08:58:21.056,8,58,33,8.975833,
,2018-07-03 09:50:02,636009.0,3000.0,,,82.0,TDM 13,1.59,2018-07-05 14:50:07.940000000,10599.0,2.0,2018-07-03,2018-07-03 09:50:46.784,9,50,2,9.833889,
,2018-07-04 06:36:35,504046.0,1500.0,,,82.0,TDM 13,0.79,2018-07-05 14:50:07.943000000,10599.0,2.0,2018-07-04,2018-07-04 06:35:57.824,6,36,35,6.609722,
,2018-07-04 06:49:48,504029.0,1500.0,,,82.0,TDM 13,0.79,2018-07-05 14:50:07.950000000,10599.0,2.0,2018-07-04,2018-07-04 06:49:04.256,6,49,48,6.83,
,2018-07-04 08:05:14,504138.0,2000.0,,,82.0,TDM 13,1.06,2018-07-05 14:50:07.957000000,10599.0,2.0,2018-07-04,2018-07-04 08:05:31.776,8,5,14,8.087222,
,2018-07-04 08:28:35,504114.0,3000.0,,,82.0,TDM 13,1.59,2018-07-05 14:50:07.963000000,10599.0,2.0,2018-07-04,2018-07-04 08:29:33.568,8,28,35,8.476389,
,2018-07-04 07:29:55,563037.0,2500.0,,,44.0,,1.32,2018-07-09 12:55:10.803000000,10600.0,2.0,2018-07-04,2018-07-04 07:30:34.624,7,29,55,7.498611,
,2018-07-04 08:20:36,563105.0,1500.0,,,44.0,,0.79,2018-07-09 12:55:10.813000000,10600.0,2.0,2018-07-04,2018-07-04 08:20:49.280,8,20,36,8.343333,
,2018-07-04 11:27:25,563063.0,3000.0,,,44.0,,1.59,2018-07-09 12:55:10.820000000,10600.0,2.0,2018-07-04,2018-07-04 11:26:30.400,11,27,25,11.456944,
,2018-07-05 06:32:36,563032.0,1500.0,,,44.0,,0.79,2018-07-09 12:55:10.827000000,10600.0,2.0,2018-07-05,2018-07-05 06:33:23.200,6,32,36,6.5433335,
,2018-06-20 10:31:34,208001.0,6650.0,,,74.0,TDM 5,3.49,2018-07-09 12:59:53.120000000,10601.0,2.0,2018-06-20,2018-06-20 10:30:50.112,10,31,34,10.526111,
,2018-06-20 10:40:36,208003.0,2500.0,,,74.0,TDM 5,1.32,2018-07-09 12:59:53.127000000,10601.0,2.0,2018-06-20,2018-06-20 10:39:34.400,10,40,36,10.676666,
,2018-06-20 10:45:38,208001.0,1500.0,,,74.0,TDM 5,0.79,2018-07-09 12:59:53.130000000,10601.0,2.0,2018-06-20,2018-06-20 10:46:07.616,10,45,38,10.760555,
,2018-06-20 10:50:56,208005.0,8850.0,,,74.0,TDM 5,4.66,2018-07-09 12:59:53.137000000,10601.0,2.0,2018-06-20,2018-06-20 10:50:29.760,10,50,56,10.848889,
,2018-06-20 10:53:29,208003.0,8850.0,,,74.0,TDM 5,4.66,2018-07-09 12:59:53.143000000,10601.0,2.0,2018-06-20,2018-06-20 10:52:40.832,10,53,29,10.891389,
,2018-06-20 10:56:14,208005.0,6650.0,,,74.0,TDM 5,3.49,2018-07-09 12:59:53.150000000,10601.0,2.0,2018-06-20,2018-06-20 10:57:02.976,10,56,14,10.9372225,
,2018-06-20 10:59:22,208003.0,13250.0,,,74.0,TDM 5,6.99,2018-07-09 12:59:53.157000000,10601.0,2.0,2018-06-20,2018-06-20 10:59:14.048,10,59,22,10.989445,
,2018-06-23 09:14:46,208001.0,6650.0,,,74.0,TDM 5,3.49,2018-07-09 12:59:53.163000000,10601.0,2.0,2018-06-23,2018-06-23 09:15:23.008,9,14,46,9.246111,
,2018-06-23 09:20:39,208002.0,1500.0,,,74.0,TDM 5,0.79,2018-07-09 12:59:53.173000000,10601.0,2.0,2018-06-23,2018-06-23 09:19:45.152,9,20,39,9.344167,
,2018-06-23 09:24:03,208005.0,3000.0,,,74.0,TDM 5,1.59,2018-07-09 12:59:53.180000000,10601.0,2.0,2018-06-23,2018-06-23 09:24:07.296,9,24,3,9.400833,
,2018-06-23 09:27:46,208005.0,8850.0,,,74.0,TDM 5,4.66,2018-07-09 12:59:53.187000000,10601.0,2.0,2018-06-23,2018-06-23 09:28:29.440,9,27,46,9.462778,
,2018-06-23 09:32:18,208002.0,8850.0,,,74.0,TDM 5,4.66,2018-07-09 12:59:53.193000000,10601.0,2.0,2018-06-23,2018-06-23 09:32:51.584,9,32,18,9.538333,
,2018-06-23 09:38:28,208002.0,3000.0,,,74.0,TDM 5,1.59,2018-07-09 12:59:53.197000000,10601.0,2.0,2018-06-23,2018-06-23 09:39:24.800,9,38,28,9.641111,
,2018-06-23 09:45:00,208006.0,13250.0,,,74.0,TDM 5,6.99,2018-07-09 12:59:53.203000000,10601.0,2.0,2018-06-23,2018-06-23 09:45:58.016,9,45,0,9.75,
,2018-06-23 09:50:07,208006.0,13250.0,,,74.0,TDM 5,6.99,2018-07-09 12:59:53.217000000,10601.0,2.0,2018-06-23,2018-06-23 09:50:20.160,9,50,7,9.835278,
,2018-06-23 09:58:45,208001.0,6650.0,,,74.0,TDM 5,3.49,2018-07-09 12:59:53.220000000,10601.0,2.0,2018-06-23,2018-06-23 09:59:04.448,9,58,45,9.979167,
,2018-06-23 10:04:42,208003.0,13250.0,,,74.0,TDM 5,6.99,2018-07-09 12:59:53.227000000,10601.0,2.0,2018-06-23,2018-06-23 10:05:37.664,10,4,42,10.078333,
,2018-06-23 10:11:35,208006.0,11050.0,,,74.0,TDM 5,5.82,2018-07-09 12:59:53.233000000,10601.0,2.0,2018-06-23,2018-06-23 10:12:10.880,10,11,35,10.193055,
,2018-06-23 10:24:32,208007.0,3000.0,,,74.0,TDM 5,1.59,2018-07-09 12:59:53.240000000,10601.0,2.0,2018-06-23,2018-06-23 10:25:17.312,10,24,32,10.408889,
,2018-06-23 10:40:53,208005.0,11050.0,,,74.0,TDM 5,5.82,2018-07-09 12:59:53.247000000,10601.0,2.0,2018-06-23,2018-06-23 10:40:34.816,10,40,53,10.681389,
,2018-06-23 10:52:44,208002.0,3000.0,,,74.0,TDM 5,1.59,2018-07-09 12:59:53.250000000,10601.0,2.0,2018-06-23,2018-06-23 10:53:41.248,10,52,44,10.878889,
,2018-06-23 10:57:52,208002.0,3000.0,,,74.0,TDM 5,1.59,2018-07-09 12:59:53.257000000,10601.0,2.0,2018-06-23,2018-06-23 10:58:03.392,10,57,52,10.964444,
,2018-06-23 11:03:27,208001.0,6650.0,,,74.0,TDM 5,3.49,2018-07-09 12:59:53.263000000,10601.0,2.0,2018-06-23,2018-06-23 11:02:25.536,11,3,27,11.0575,
,2018-06-23 11:08:14,208004.0,3000.0,,,74.0,TDM 5,1.59,2018-07-09 12:59:53.270000000,10601.0,2.0,2018-06-23,2018-06-23 11:08:58.752,11,8,14,11.137222,
,2018-06-23 11:11:22,208001.0,6650.0,,,74.0,TDM 5,3.49,2018-07-09 12:59:53.277000000,10601.0,2.0,2018-06-23,2018-06-23 11:11:09.824,11,11,22,11.189445,
,2018-06-29 09:50:35,560008.0,2000.0,,,74.0,TDM 5,1.06,2018-07-09 12:59:53.310000000,10601.0,2.0,2018-06-29,2018-06-29 09:50:09.920,9,50,35,9.843056,
,2018-06-29 12:24:46,560060.0,1500.0,,,74.0,TDM 5,0.79,2018-07-09 12:59:53.317000000,10601.0,2.0,2018-06-29,2018-06-29 12:25:16.032,12,24,46,12.412778,
,2018-06-29 12:26:22,560060.0,1500.0,,,74.0,TDM 5,0.79,2018-07-09 12:59:53.330000000,10601.0,2.0,2018-06-29,2018-06-29 12:27:27.104,12,26,22,12.439445,
,2018-06-29 12:29:01,560060.0,1500.0,,,74.0,TDM 5,0.79,2018-07-09 12:59:53.337000000,10601.0,2.0,2018-06-29,2018-06-29 12:29:38.176,12,29,1,12.483611,
,2018-06-29 12:31:05,560060.0,1500.0,,,74.0,TDM 5,0.79,2018-07-09 12:59:53.340000000,10601.0,2.0,2018-06-29,2018-06-29 12:31:49.248,12,31,5,12.518056,
,2018-06-29 12:33:48,560060.0,1500.0,,,74.0,TDM 5,0.79,2018-07-09 12:59:53.347000000,10601.0,2.0,2018-06-29,2018-06-29 12:34:00.320,12,33,48,12.5633335,
,2018-06-29 15:50:57,560060.0,1500.0,,,74.0,TDM 5,0.79,2018-07-09 12:59:53.353000000,10601.0,2.0,2018-06-29,2018-06-29 15:50:36.800,15,50,57,15.849167,
,2018-07-02 10:03:57,560060.0,1500.0,,,74.0,TDM 5,0.79,2018-07-09 12:59:53.383000000,10601.0,2.0,2018-07-02,2018-07-02 10:04:16.768,10,3,57,10.065833,
,2018-07-06 13:44:45,560038.0,2000.0,,,74.0,TDM 5,1.06,2018-07-09 12:59:53.400000000,10601.0,2.0,2018-07-06,2018-07-06 13:45:31.904,13,44,45,13.745833,
,2018-07-03 08:34:42,208005.0,1500.0,,,102.0,TDM 33,0.79,2018-07-09 13:03:07.417000000,10602.0,2.0,2018-07-03,2018-07-03 08:34:19.264,8,34,42,8.578333,
,2018-07-06 12:19:05,691006.0,3000.0,,,102.0,TDM 33,1.59,2018-07-09 13:03:07.427000000,10602.0,2.0,2018-07-06,2018-07-06 12:18:09.024,12,19,5,12.318055,
,2018-07-06 12:32:01,691096.0,2500.0,,,102.0,TDM 33,1.32,2018-07-09 13:03:07.430000000,10602.0,2.0,2018-07-06,2018-07-06 12:31:15.456,12,32,1,12.533611,
,2018-07-06 12:46:50,691062.0,3000.0,,,102.0,TDM 33,1.59,2018-07-09 13:03:07.437000000,10602.0,2.0,2018-07-06,2018-07-06 12:46:32.960,12,46,50,12.780556,
,2018-07-06 12:55:39,687004.0,8850.0,,,102.0,TDM 33,4.66,2018-07-09 13:03:07.443000000,10602.0,2.0,2018-07-06,2018-07-06 12:55:17.248,12,55,39,12.9275,
,2018-07-06 13:32:15,687004.0,8850.0,,,102.0,TDM 33,4.66,2018-07-09 13:03:07.457000000,10602.0,2.0,2018-07-06,2018-07-06 13:32:25.472,13,32,15,13.5375,
,2018-07-07 12:34:43,687065.0,1500.0,,,102.0,TDM 33,0.79,2018-07-09 13:03:07.460000000,10602.0,2.0,2018-07-07,2018-07-07 12:35:14.048,12,34,43,12.578611,
,2018-07-08 17:06:47,691028.0,1500.0,,,102.0,TDM 33,0.79,2018-07-09 13:03:07.467000000,10602.0,2.0,2018-07-08,2018-07-08 17:05:43.424,17,6,47,17.113056,
,2018-07-08 17:12:21,687046.0,2000.0,,,102.0,TDM 33,1.06,2018-07-09 13:03:07.473000000,10602.0,2.0,2018-07-08,2018-07-08 17:12:16.640,17,12,21,17.205833,
,2018-07-03 08:16:40,208005.0,0.0,,,79.0,TDM 10,1.59,2018-07-09 13:11:44.153000000,10603.0,2.0,2018-07-03,2018-07-03 08:16:50.688,8,16,40,8.277778,
,2018-07-03 08:19:44,208005.0,3000.0,,,79.0,TDM 10,1.59,2018-07-09 13:11:44.163000000,10603.0,2.0,2018-07-03,2018-07-03 08:19:01.760,8,19,44,8.328889,
,2018-07-03 14:44:29,240009.0,2000.0,,,79.0,TDM 10,1.06,2018-07-09 13:11:44.170000000,10603.0,2.0,2018-07-03,2018-07-03 14:43:30.432,14,44,29,14.741389,
,2018-07-04 08:49:11,240085.0,2500.0,,,79.0,TDM 10,1.32,2018-07-09 13:11:44.173000000,10603.0,2.0,2018-07-04,2018-07-04 08:49:13.216,8,49,11,8.819722,
,2018-07-05 08:57:55,240075.0,2500.0,,,79.0,TDM 10,1.32,2018-07-09 13:11:44.180000000,10603.0,2.0,2018-07-05,2018-07-05 08:57:33.952,8,57,55,8.965278,
,2018-07-05 09:17:24,240076.0,3000.0,,,79.0,TDM 10,1.59,2018-07-09 13:11:44.187000000,10603.0,2.0,2018-07-05,2018-07-05 09:17:13.600,9,17,24,9.29,
,2018-07-07 08:05:09,240090.0,2000.0,,,79.0,TDM 10,1.06,2018-07-09 13:11:44.193000000,10603.0,2.0,2018-07-07,2018-07-07 08:04:21.120,8,5,9,8.085834,
,2018-07-04 17:35:38,317137.0,3000.0,,,99.0,TDM 30,1.59,2018-07-09 13:14:37.307000000,10604.0,2.0,2018-07-04,2018-07-04 17:35:41.568,17,35,38,17.59389,
,2018-06-22 11:34:33,208003.0,2500.0,,,84.0,TDM 15,1.32,2018-07-09 13:22:50.187000000,10605.0,2.0,2018-06-22,2018-06-22 11:35:35.168,11,34,33,11.575833,
,2018-06-22 11:48:24,208006.0,0.0,,,84.0,TDM 15,0.79,2018-07-09 13:22:50.193000000,10605.0,2.0,2018-06-22,2018-06-22 11:48:41.600,11,48,24,11.806666,
,2018-06-22 12:00:54,208006.0,1500.0,,,84.0,TDM 15,0.79,2018-07-09 13:22:50.200000000,10605.0,2.0,2018-06-22,2018-06-22 12:01:48.032,12,0,54,12.015,
,2018-06-22 12:09:07,208006.0,6650.0,,,84.0,TDM 15,3.49,2018-07-09 13:22:50.203000000,10605.0,2.0,2018-06-22,2018-06-22 12:08:21.248,12,9,7,12.151944,
,2018-06-22 13:18:03,208003.0,2500.0,,,84.0,TDM 15,1.32,2018-07-09 13:22:50.210000000,10605.0,2.0,2018-06-22,2018-06-22 13:18:15.552,13,18,3,13.300834,
,2018-06-23 08:49:15,208002.0,8850.0,,,84.0,TDM 15,4.66,2018-07-09 13:22:50.217000000,10605.0,2.0,2018-06-23,2018-06-23 08:49:10.144,8,49,15,8.820833,
,2018-06-23 09:06:53,208002.0,2500.0,,,84.0,TDM 15,1.32,2018-07-09 13:22:50.233000000,10605.0,2.0,2018-06-23,2018-06-23 09:06:38.720,9,6,53,9.114722,
,2018-06-23 09:21:38,208002.0,3000.0,,,84.0,TDM 15,1.59,2018-07-09 13:22:50.240000000,10605.0,2.0,2018-06-23,2018-06-23 09:21:56.224,9,21,38,9.360556,
,2018-06-23 09:26:11,208005.0,3000.0,,,84.0,TDM 15,1.59,2018-07-09 13:22:50.247000000,10605.0,2.0,2018-06-23,2018-06-23 09:26:18.368,9,26,11,9.436389,
,2018-06-23 09:33:08,208005.0,3000.0,,,84.0,TDM 15,1.59,2018-07-09 13:22:50.253000000,10605.0,2.0,2018-06-23,2018-06-23 09:32:51.584,9,33,8,9.552222,
,2018-06-23 09:38:30,208005.0,3000.0,,,84.0,TDM 15,1.59,2018-07-09 13:22:50.260000000,10605.0,2.0,2018-06-23,2018-06-23 09:39:24.800,9,38,30,9.641666,
,2018-06-23 09:47:48,208001.0,1500.0,,,84.0,TDM 15,0.79,2018-07-09 13:22:50.263000000,10605.0,2.0,2018-06-23,2018-06-23 09:48:09.088,9,47,48,9.796667,
,2018-07-04 08:59:20,314027.0,0.0,,,84.0,TDM 15,0.0,2018-07-09 13:22:50.277000000,10605.0,2.0,2018-07-04,2018-07-04 09:00:08.576,8,59,20,8.988889,
,2018-07-04 13:00:52,208003.0,2000.0,,,84.0,TDM 15,1.06,2018-07-09 13:22:50.283000000,10605.0,2.0,2018-07-04,2018-07-04 13:00:26.496,13,0,52,13.014444,
,2018-07-03 08:21:40,692047.0,8850.0,,,105.0,TDM 36,4.66,2018-07-09 13:25:37.240000000,10606.0,2.0,2018-07-03,2018-07-03 08:21:12.832,8,21,40,8.361111,
,2018-07-05 07:44:37,692065.0,3000.0,,,105.0,TDM 36,1.59,2018-07-09 13:25:37.243000000,10606.0,2.0,2018-07-05,2018-07-05 07:45:28.576,7,44,37,7.7436113,
,2018-07-05 08:26:18,692044.0,8850.0,,,105.0,TDM 36,4.66,2018-07-09 13:25:37.250000000,10606.0,2.0,2018-07-05,2018-07-05 08:26:58.944,8,26,18,8.4383335,
,2018-07-07 10:24:55,692023.0,13250.0,,,105.0,TDM 36,6.99,2018-07-09 13:25:37.257000000,10606.0,2.0,2018-07-07,2018-07-07 10:24:09.728,10,24,55,10.4152775,
,2018-07-07 10:25:59,692028.0,11050.0,,,105.0,TDM 36,5.82,2018-07-09 13:25:37.263000000,10606.0,2.0,2018-07-07,2018-07-07 10:26:20.800,10,25,59,10.433056,
,2018-07-07 10:27:08,692063.0,1500.0,,,105.0,TDM 36,0.79,2018-07-09 13:25:37.270000000,10606.0,2.0,2018-07-07,2018-07-07 10:26:20.800,10,27,8,10.452222,
,2018-07-07 10:40:37,692034.0,6650.0,,,105.0,TDM 36,3.49,2018-07-09 13:25:37.273000000,10606.0,2.0,2018-07-07,2018-07-07 10:41:38.304,10,40,37,10.676945,
,2018-07-04 08:20:55,622048.0,3000.0,,,89.0,TDM 20,1.59,2018-07-09 13:28:33.953000000,10607.0,2.0,2018-07-04,2018-07-04 08:20:49.280,8,20,55,8.348611,
,2018-07-04 08:27:53,622048.0,3000.0,,,89.0,TDM 20,1.59,2018-07-09 13:28:33.960000000,10607.0,2.0,2018-07-04,2018-07-04 08:27:22.496,8,27,53,8.464723,
,2018-07-04 08:32:43,622048.0,3000.0,,,89.0,TDM 20,1.59,2018-07-09 13:28:33.967000000,10607.0,2.0,2018-07-04,2018-07-04 08:31:44.640,8,32,43,8.545278,
,2018-07-07 08:49:40,622029.0,1500.0,,,89.0,TDM 20,0.79,2018-07-09 13:28:33.973000000,10607.0,2.0,2018-07-07,2018-07-07 08:50:13.632,8,49,40,8.827778,
,2018-07-09 08:23:26,622034.0,3000.0,,,89.0,TDM 20,1.59,2018-07-09 13:28:33.980000000,10607.0,2.0,2018-07-09,2018-07-09 08:23:13.664,8,23,26,8.390555,
,2018-07-09 08:26:19,622034.0,3000.0,,,89.0,TDM 20,1.59,2018-07-09 13:28:33.987000000,10607.0,2.0,2018-07-09,2018-07-09 08:25:24.736,8,26,19,8.438611,
,2018-07-09 09:49:22,622073.0,2000.0,,,89.0,TDM 20,1.06,2018-07-09 13:28:34,10607.0,2.0,2018-07-09,2018-07-09 09:48:25.472,9,49,22,9.822778,
,2018-07-09 09:53:40,622062.0,2500.0,,,89.0,TDM 20,1.32,2018-07-09 13:28:34.003000000,10607.0,2.0,2018-07-09,2018-07-09 09:52:47.616,9,53,40,9.894444,
,2018-07-07 07:13:58,6101039.0,2000.0,,,97.0,TDM 28,1.06,2018-07-09 13:31:34.907000000,10608.0,2.0,2018-07-07,2018-07-07 07:14:06.464,7,13,58,7.2327776,
,2018-07-07 07:18:25,6101039.0,2000.0,,,97.0,TDM 28,1.06,2018-07-09 13:31:34.920000000,10608.0,2.0,2018-07-07,2018-07-07 07:18:28.608,7,18,25,7.3069444,
,2018-07-08 07:10:40,6101039.0,2000.0,,,97.0,TDM 28,1.06,2018-07-09 13:31:34.927000000,10608.0,2.0,2018-07-08,2018-07-08 07:11:31.840,7,10,40,7.177778,
,2018-06-22 11:36:25,208001.0,1500.0,,,108.0,TDM 38,0.79,2018-07-09 13:41:53.660000000,10609.0,2.0,2018-06-22,2018-06-22 11:35:35.168,11,36,25,11.606944,
,2018-06-22 12:10:58,208003.0,8850.0,,,108.0,TDM 38,4.66,2018-07-09 13:41:53.673000000,10609.0,2.0,2018-06-22,2018-06-22 12:10:32.320,12,10,58,12.182777,
,2018-06-22 12:15:39,208003.0,8850.0,,,108.0,TDM 38,4.66,2018-07-09 13:41:53.680000000,10609.0,2.0,2018-06-22,2018-06-22 12:14:54.464,12,15,39,12.260834,
,2018-06-22 12:28:36,208003.0,1500.0,,,108.0,TDM 38,0.79,2018-07-09 13:41:53.687000000,10609.0,2.0,2018-06-22,2018-06-22 12:28:00.896,12,28,36,12.476666,
,2018-06-22 12:37:06,208003.0,1500.0,,,108.0,TDM 38,0.79,2018-07-09 13:41:53.693000000,10609.0,2.0,2018-06-22,2018-06-22 12:36:45.184,12,37,6,12.618333,
,2018-06-22 13:36:37,208002.0,8850.0,,,108.0,TDM 38,4.66,2018-07-09 13:41:53.700000000,10609.0,2.0,2018-06-22,2018-06-22 13:35:44.128,13,36,37,13.610278,
,2018-06-22 13:50:33,208002.83,8850.0,,,108.0,TDM 38,4.66,2018-07-09 13:41:53.710000000,10609.0,2.0,2018-06-22,2018-06-22 13:51:01.632,13,50,33,13.8425,
,2018-07-02 13:45:25,382068.0,2000.0,,,108.0,TDM 38,1.06,2018-07-09 13:41:53.733000000,10609.0,2.0,2018-07-02,2018-07-02 13:44:55.040,13,45,25,13.756945,
,2018-07-04 09:43:20,382043.0,2500.0,,,108.0,TDM 38,1.32,2018-07-09 13:41:53.740000000,10609.0,2.0,2018-07-04,2018-07-04 09:43:50.016,9,43,20,9.722222,
,2018-07-05 09:10:49,382013.0,2000.0,,,108.0,TDM 38,1.06,2018-07-09 13:41:53.747000000,10609.0,2.0,2018-07-05,2018-07-05 09:10:40.384,9,10,49,9.180278,
,2018-07-05 10:23:39,382052.0,2000.0,,,108.0,TDM 38,1.06,2018-07-09 13:41:53.760000000,10609.0,2.0,2018-07-05,2018-07-05 10:22:45.760,10,23,39,10.394167,
,2018-07-05 12:45:51,382100.0,2000.0,,,108.0,TDM 38,1.06,2018-07-09 13:41:53.770000000,10609.0,2.0,2018-07-05,2018-07-05 12:46:56.512,12,45,51,12.764167,
,2018-07-06 09:19:28,382007.0,6650.0,,,108.0,TDM 38,3.49,2018-07-09 13:41:53.777000000,10609.0,2.0,2018-07-06,2018-07-06 09:19:01.120,9,19,28,9.324445,
,2018-07-06 09:41:22,382023.0,2500.0,,,108.0,TDM 38,1.32,2018-07-09 13:41:53.783000000,10609.0,2.0,2018-07-06,2018-07-06 09:40:51.840,9,41,22,9.689445,
,2018-07-06 09:50:29,382133.0,1500.0,,,108.0,TDM 38,0.79,2018-07-09 13:41:53.790000000,10609.0,2.0,2018-07-06,2018-07-06 09:49:36.128,9,50,29,9.841389,
,2018-07-06 10:34:18,382086.0,3000.0,,,108.0,TDM 38,1.59,2018-07-09 13:41:53.793000000,10609.0,2.0,2018-07-06,2018-07-06 10:33:17.568,10,34,18,10.571667,
,2018-07-06 10:46:39,382079.0,3000.0,,,108.0,TDM 38,1.59,2018-07-09 13:41:53.800000000,10609.0,2.0,2018-07-06,2018-07-06 10:46:24.000,10,46,39,10.7775,
,2018-07-07 11:33:30,382026.0,2000.0,,,108.0,TDM 38,1.06,2018-07-09 13:41:53.807000000,10609.0,2.0,2018-07-07,2018-07-07 11:34:04.032,11,33,30,11.558333,
,2018-07-07 12:00:50,382103.0,2000.0,,,108.0,TDM 38,1.06,2018-07-09 13:41:53.813000000,10609.0,2.0,2018-07-07,2018-07-07 12:00:16.896,12,0,50,12.013889,
,2018-07-06 09:44:15,517161.0,2500.0,,,78.0,TDM 9,1.32,2018-07-12 14:08:59.507000000,10619.0,2.0,2018-07-06,2018-07-06 09:45:13.984,9,44,15,9.7375,
,2018-07-06 09:47:39,517161.0,2500.0,,,78.0,TDM 9,1.32,2018-07-12 14:08:59.513000000,10619.0,2.0,2018-07-06,2018-07-06 09:47:25.056,9,47,39,9.794167,
,2018-07-06 10:11:41,517137.0,1500.0,,,78.0,TDM 9,0.79,2018-07-12 14:08:59.520000000,10619.0,2.0,2018-07-06,2018-07-06 10:11:26.848,10,11,41,10.194722,
,2018-07-06 10:37:04,517044.0,1500.0,,,78.0,TDM 9,0.79,2018-07-12 14:08:59.527000000,10619.0,2.0,2018-07-06,2018-07-06 10:37:39.712,10,37,4,10.617778,
,2018-07-07 07:25:33,517144.0,1500.0,,,78.0,TDM 9,0.79,2018-07-12 14:08:59.533000000,10619.0,2.0,2018-07-07,2018-07-07 07:25:01.824,7,25,33,7.425833,
,2018-07-07 07:50:16,517152.0,3000.0,,,78.0,TDM 9,1.59,2018-07-12 14:08:59.540000000,10619.0,2.0,2018-07-07,2018-07-07 07:51:14.688,7,50,16,7.8377776,
,2018-07-11 06:59:21,517164.0,6650.0,,,78.0,TDM 9,3.49,2018-07-12 14:08:59.543000000,10619.0,2.0,2018-07-11,2018-07-11 06:59:25.824,6,59,21,6.9891667,
,2018-07-11 07:01:14,517164.0,6650.0,,,78.0,TDM 9,3.49,2018-07-12 14:08:59.550000000,10619.0,2.0,2018-07-11,2018-07-11 07:01:36.896,7,1,14,7.0205555,
,2018-07-11 07:05:17,517164.0,6650.0,,,78.0,TDM 9,3.49,2018-07-12 14:08:59.557000000,10619.0,2.0,2018-07-11,2018-07-11 07:05:59.040,7,5,17,7.0880556,
,2018-07-11 07:44:04,517061.0,2500.0,,,78.0,TDM 9,1.32,2018-07-12 14:08:59.563000000,10619.0,2.0,2018-07-11,2018-07-11 07:43:07.264,7,44,4,7.7344446,
,2018-07-12 07:03:27,517134.0,1500.0,,,78.0,TDM 9,0.79,2018-07-12 14:08:59.570000000,10619.0,2.0,2018-07-12,2018-07-12 07:03:24.416,7,3,27,7.0575,
,2018-07-12 07:05:21,517134.0,1500.0,,,78.0,TDM 9,0.79,2018-07-12 14:08:59.577000000,10619.0,2.0,2018-07-12,2018-07-12 07:05:35.488,7,5,21,7.0891666,
,2018-07-12 07:07:34,517134.0,1500.0,,,78.0,TDM 9,0.79,2018-07-12 14:08:59.580000000,10619.0,2.0,2018-07-12,2018-07-12 07:07:46.560,7,7,34,7.126111,
,2018-07-12 07:09:37,517134.0,1500.0,,,78.0,TDM 9,0.79,2018-07-12 14:08:59.587000000,10619.0,2.0,2018-07-12,2018-07-12 07:09:57.632,7,9,37,7.160278,
,2018-07-12 07:27:37,517105.0,1500.0,,,78.0,TDM 9,0.79,2018-07-12 14:08:59.593000000,10619.0,2.0,2018-07-12,2018-07-12 07:27:26.208,7,27,37,7.4602776,
,2018-07-12 07:36:04,517106.0,1500.0,,,78.0,TDM 9,0.79,2018-07-12 14:08:59.600000000,10619.0,2.0,2018-07-12,2018-07-12 07:36:10.496,7,36,4,7.601111,
,2018-07-12 07:57:34,517171.0,2000.0,,,78.0,TDM 9,1.06,2018-07-12 14:08:59.603000000,10619.0,2.0,2018-07-12,2018-07-12 07:58:01.216,7,57,34,7.9594445,
,2018-07-12 09:02:05,517106.0,1500.0,,,78.0,TDM 9,0.79,2018-07-12 14:08:59.610000000,10619.0,2.0,2018-07-12,2018-07-12 09:01:22.304,9,2,5,9.034722,
,2018-07-12 09:05:01,517171.0,2000.0,,,78.0,TDM 9,1.06,2018-07-12 14:08:59.617000000,10619.0,2.0,2018-07-12,2018-07-12 09:05:44.448,9,5,1,9.0836115,
,2018-07-12 09:07:16,517134.0,1500.0,,,78.0,TDM 9,0.79,2018-07-12 14:08:59.623000000,10619.0,2.0,2018-07-12,2018-07-12 09:07:55.520,9,7,16,9.121111,
,2018-07-12 09:08:36,517105.0,1500.0,,,78.0,TDM 9,0.79,2018-07-12 14:08:59.630000000,10619.0,2.0,2018-07-12,2018-07-12 09:07:55.520,9,8,36,9.143333,
,2018-07-09 06:06:26,308028.0,2000.0,,,77.0,TDM 8,1.06,2018-07-12 14:13:30.313000000,10620.0,2.0,2018-07-09,2018-07-09 06:05:36.128,6,6,26,6.107222,
,2018-07-09 06:44:46,308058.0,2500.0,,,77.0,TDM 8,1.32,2018-07-12 14:13:30.323000000,10620.0,2.0,2018-07-09,2018-07-09 06:44:55.424,6,44,46,6.746111,
,2018-07-10 06:09:53,308092.0,2000.0,,,77.0,TDM 8,1.06,2018-07-12 14:13:30.330000000,10620.0,2.0,2018-07-10,2018-07-10 06:09:34.720,6,9,53,6.1647224,
,2018-07-10 06:18:36,308132.0,2500.0,,,77.0,TDM 8,1.32,2018-07-12 14:13:30.333000000,10620.0,2.0,2018-07-10,2018-07-10 06:18:19.008,6,18,36,6.31,
,2018-07-10 06:33:03,308111.0,2500.0,,,77.0,TDM 8,1.32,2018-07-12 14:13:30.340000000,10620.0,2.0,2018-07-10,2018-07-10 06:33:36.512,6,33,3,6.550833,
,2018-07-10 06:38:15,308110.0,1500.0,,,77.0,TDM 8,0.79,2018-07-12 14:13:30.347000000,10620.0,2.0,2018-07-10,2018-07-10 06:37:58.656,6,38,15,6.6375,
,2018-07-10 06:50:35,308113.0,2500.0,,,77.0,TDM 8,1.32,2018-07-12 14:13:30.353000000,10620.0,2.0,2018-07-10,2018-07-10 06:51:05.088,6,50,35,6.8430557,
,2018-07-10 07:37:23,308178.0,1500.0,,,77.0,TDM 8,0.79,2018-07-12 14:13:30.360000000,10620.0,2.0,2018-07-10,2018-07-10 07:36:57.600,7,37,23,7.6230555,
,2018-07-11 06:15:49,321077.0,2000.0,,,77.0,TDM 8,1.06,2018-07-12 14:13:30.363000000,10620.0,2.0,2018-07-11,2018-07-11 06:15:44.384,6,15,49,6.2636113,
,2018-07-11 06:33:44,321084.0,2000.0,,,77.0,TDM 8,1.06,2018-07-12 14:13:30.370000000,10620.0,2.0,2018-07-11,2018-07-11 06:33:12.960,6,33,44,6.562222,
,2018-07-12 06:11:49,321047.0,2000.0,,,77.0,TDM 8,1.06,2018-07-12 14:13:30.377000000,10620.0,2.0,2018-07-12,2018-07-12 06:10:58.688,6,11,49,6.196944,
,2018-07-12 06:14:54,321046.0,3000.0,,,77.0,TDM 8,1.59,2018-07-12 14:13:30.397000000,10620.0,2.0,2018-07-12,2018-07-12 06:15:20.832,6,14,54,6.2483335,
,2018-07-12 06:21:22,321044.0,1500.0,,,77.0,TDM 8,0.79,2018-07-12 14:13:30.400000000,10620.0,2.0,2018-07-12,2018-07-12 06:21:54.048,6,21,22,6.356111,
,2018-07-12 07:24:49,321068.0,1500.0,,,77.0,TDM 8,0.79,2018-07-12 14:13:30.407000000,10620.0,2.0,2018-07-12,2018-07-12 07:25:15.136,7,24,49,7.413611,
,2018-07-10 12:52:41,349022.0,8850.0,,,83.0,TDM 14,4.66,2018-07-12 14:19:32.980000000,10621.0,2.0,2018-07-10,2018-07-10 12:53:43.040,12,52,41,12.878056,
,2018-07-12 09:34:52,349045.0,13250.0,,,83.0,TDM 14,6.99,2018-07-12 14:19:32.990000000,10621.0,2.0,2018-07-12,2018-07-12 09:34:08.384,9,34,52,9.581111,
,2018-07-06 11:24:25,561004.0,11050.0,,,93.0,TDM 24,5.82,2018-07-12 14:22:52.087000000,10622.0,2.0,2018-07-06,2018-07-06 11:23:32.224,11,24,25,11.406944,
,2018-07-07 10:20:28,231058.0,2000.0,,,93.0,TDM 24,1.06,2018-07-12 14:22:52.097000000,10622.0,2.0,2018-07-07,2018-07-07 10:19:47.584,10,20,28,10.341111,
,2018-07-09 10:46:41,231050.0,1500.0,,,93.0,TDM 24,0.79,2018-07-12 14:22:52.103000000,10622.0,2.0,2018-07-09,2018-07-09 10:47:24.416,10,46,41,10.778055,
,2018-07-09 11:02:36,231062.0,2500.0,,,93.0,TDM 24,1.32,2018-07-12 14:22:52.110000000,10622.0,2.0,2018-07-09,2018-07-09 11:02:41.920,11,2,36,11.043333,
,2018-07-10 09:17:01,231068.0,1500.0,,,93.0,TDM 24,0.79,2018-07-12 14:22:52.117000000,10622.0,2.0,2018-07-10,2018-07-10 09:17:26.912,9,17,1,9.283611,
,2018-07-06 09:42:47,681015.0,3000.0,,,104.0,TDM 35,1.59,2018-07-12 14:25:54.373000000,10623.0,2.0,2018-07-06,2018-07-06 09:43:02.912,9,42,47,9.713056,
,2018-07-07 07:59:44,681029.0,2000.0,,,104.0,TDM 35,1.06,2018-07-12 14:25:54.387000000,10623.0,2.0,2018-07-07,2018-07-07 07:59:58.976,7,59,44,7.9955554,
,2018-07-09 08:40:36,688152.0,13250.0,,,104.0,TDM 35,6.99,2018-07-12 14:25:54.390000000,10623.0,2.0,2018-07-09,2018-07-09 08:40:42.240,8,40,36,8.676666,
,2018-07-09 08:53:47,688157.0,2000.0,,,104.0,TDM 35,1.06,2018-07-12 14:25:54.397000000,10623.0,2.0,2018-07-09,2018-07-09 08:53:48.672,8,53,47,8.896389,
,2018-07-10 07:27:11,681026.0,1500.0,,,104.0,TDM 35,0.79,2018-07-12 14:25:54.403000000,10623.0,2.0,2018-07-10,2018-07-10 07:28:13.312,7,27,11,7.4530554,
,2018-07-10 07:36:31,681027.0,2000.0,,,104.0,TDM 35,1.06,2018-07-12 14:25:54.410000000,10623.0,2.0,2018-07-10,2018-07-10 07:36:57.600,7,36,31,7.608611,
,2018-07-10 07:56:11,681067.0,3000.0,,,104.0,TDM 35,1.59,2018-07-12 14:25:54.417000000,10623.0,2.0,2018-07-10,2018-07-10 07:56:37.248,7,56,11,7.936389,
,2018-07-10 08:29:02,681054.0,0.0,,,104.0,TDM 35,0.79,2018-07-12 14:25:54.420000000,10623.0,2.0,2018-07-10,2018-07-10 08:29:23.328,8,29,2,8.483889,
,2018-07-10 09:07:05,681039.0,2500.0,,,104.0,TDM 35,1.32,2018-07-12 14:25:54.427000000,10623.0,2.0,2018-07-10,2018-07-10 09:06:31.552,9,7,5,9.118055,
,2018-07-10 12:43:31,681143.0,8850.0,,,104.0,TDM 35,4.66,2018-07-12 14:25:54.433000000,10623.0,2.0,2018-07-10,2018-07-10 12:42:47.680,12,43,31,12.725278,
,2018-07-11 07:50:16,688016.0,3000.0,,,104.0,TDM 35,1.59,2018-07-12 14:25:54.440000000,10623.0,2.0,2018-07-11,2018-07-11 07:49:40.480,7,50,16,7.8377776,
,2018-07-11 09:01:11,688074.0,1500.0,,,104.0,TDM 35,0.79,2018-07-12 14:25:54.447000000,10623.0,2.0,2018-07-11,2018-07-11 09:01:45.856,9,1,11,9.019722,
,2018-07-11 13:37:04,688024.0,2500.0,,,104.0,TDM 35,1.32,2018-07-12 14:25:54.450000000,10623.0,2.0,2018-07-11,2018-07-11 13:37:00.928,13,37,4,13.617778,
,2018-07-12 07:42:52,688109.0,11050.0,,,104.0,TDM 35,5.82,2018-07-12 14:25:54.457000000,10623.0,2.0,2018-07-12,2018-07-12 07:42:43.712,7,42,52,7.7144446,
,2018-07-12 07:46:41,688109.0,11050.0,,,104.0,TDM 35,5.82,2018-07-12 14:25:54.463000000,10623.0,2.0,2018-07-12,2018-07-12 07:47:05.856,7,46,41,7.7780557,
,2018-07-12 09:06:29,688109.0,11050.0,,,104.0,TDM 35,5.82,2018-07-12 14:25:54.470000000,10623.0,2.0,2018-07-12,2018-07-12 09:05:44.448,9,6,29,9.108055,
,2018-07-06 11:40:40,637054.0,2000.0,,,123.0,TDM 53,1.06,2018-07-12 14:29:42.293000000,10624.0,2.0,2018-07-06,2018-07-06 11:41:00.800,11,40,40,11.677778,
,2018-07-09 08:26:37,637069.0,2500.0,,,123.0,TDM 53,1.32,2018-07-12 14:29:42.300000000,10624.0,2.0,2018-07-09,2018-07-09 08:27:35.808,8,26,37,8.443611,
,2018-07-11 07:56:03,637071.0,2500.0,,,123.0,TDM 53,1.32,2018-07-12 14:29:42.307000000,10624.0,2.0,2018-07-11,2018-07-11 07:56:13.696,7,56,3,7.9341664,
,2018-07-12 09:05:52,637071.0,2500.0,,,123.0,TDM 53,1.32,2018-07-12 14:29:42.310000000,10624.0,2.0,2018-07-12,2018-07-12 09:05:44.448,9,5,52,9.097777,
,2018-07-07 08:21:58,313152.0,3000.0,,,103.0,TDM 34,1.59,2018-07-12 14:32:56.160000000,10625.0,2.0,2018-07-07,2018-07-07 08:21:49.696,8,21,58,8.366111,
,2018-07-07 08:50:49,313047.0,3000.0,,,103.0,TDM 34,1.59,2018-07-12 14:32:56.163000000,10625.0,2.0,2018-07-07,2018-07-07 08:50:13.632,8,50,49,8.846945,
,2018-07-09 08:49:25,313060.0,1500.0,,,103.0,TDM 34,0.79,2018-07-12 14:32:56.170000000,10625.0,2.0,2018-07-09,2018-07-09 08:49:26.528,8,49,25,8.823611,
,2018-07-09 09:24:27,313049.0,3000.0,,,103.0,TDM 34,1.59,2018-07-12 14:32:56.177000000,10625.0,2.0,2018-07-09,2018-07-09 09:24:23.680,9,24,27,9.4075,
,2018-07-10 09:00:19,313086.0,3000.0,,,103.0,TDM 34,1.59,2018-07-12 14:32:56.180000000,10625.0,2.0,2018-07-10,2018-07-10 08:59:58.336,9,0,19,9.005278,
,2018-07-10 09:14:42,313105.0,2500.0,,,103.0,TDM 34,1.32,2018-07-12 14:32:56.187000000,10625.0,2.0,2018-07-10,2018-07-10 09:15:15.840,9,14,42,9.245,
,2018-07-10 10:29:18,313024.0,1500.0,,,103.0,TDM 34,0.79,2018-07-12 14:32:56.193000000,10625.0,2.0,2018-07-10,2018-07-10 10:29:32.288,10,29,18,10.488334,
,2018-07-12 09:18:51,313150.0,2500.0,,,103.0,TDM 34,1.32,2018-07-12 14:32:56.200000000,10625.0,2.0,2018-07-12,2018-07-12 09:18:50.880,9,18,51,9.314167,
,2018-07-02 09:53:20,693052.0,2000.0,,,100.0,TDM 31,1.06,2018-07-12 14:36:03.740000000,10626.0,2.0,2018-07-02,2018-07-02 09:53:21.408,9,53,20,9.888889,
,2018-07-02 10:21:48,693033.0,2500.0,,,100.0,TDM 31,1.32,2018-07-12 14:36:03.750000000,10626.0,2.0,2018-07-02,2018-07-02 10:21:45.344,10,21,48,10.363334,
,2018-07-02 12:56:08,693103.0,2000.0,,,100.0,TDM 31,1.06,2018-07-12 14:36:03.757000000,10626.0,2.0,2018-07-02,2018-07-02 12:56:51.456,12,56,8,12.935555,
,2018-07-02 13:37:07,693132.0,2500.0,,,100.0,TDM 31,1.32,2018-07-12 14:36:03.763000000,10626.0,2.0,2018-07-02,2018-07-02 13:36:10.752,13,37,7,13.618611,
,2018-07-02 13:38:19,693132.0,2500.0,,,100.0,TDM 31,1.32,2018-07-12 14:36:03.770000000,10626.0,2.0,2018-07-02,2018-07-02 13:38:21.824,13,38,19,13.638611,
,2018-07-02 13:43:02,693132.0,2500.0,,,100.0,TDM 31,1.32,2018-07-12 14:36:03.777000000,10626.0,2.0,2018-07-02,2018-07-02 13:42:43.968,13,43,2,13.717222,
,2018-07-02 14:46:21,693152.0,2000.0,,,100.0,TDM 31,1.06,2018-07-12 14:36:03.783000000,10626.0,2.0,2018-07-02,2018-07-02 14:46:05.056,14,46,21,14.7725,
,2018-07-04 07:26:43,693110.0,2500.0,,,100.0,TDM 31,1.32,2018-07-12 14:36:03.787000000,10626.0,2.0,2018-07-04,2018-07-04 07:26:12.480,7,26,43,7.4452777,
,2018-07-04 07:52:42,693006.0,2500.0,,,100.0,TDM 31,1.32,2018-07-12 14:36:03.793000000,10626.0,2.0,2018-07-04,2018-07-04 07:52:25.344,7,52,42,7.8783336,
,2018-07-04 08:17:46,693020.0,2000.0,,,100.0,TDM 31,1.06,2018-07-12 14:36:03.800000000,10626.0,2.0,2018-07-04,2018-07-04 08:18:38.208,8,17,46,8.296111,
,2018-07-04 08:55:42,693032.0,2500.0,,,100.0,TDM 31,1.32,2018-07-12 14:36:03.807000000,10626.0,2.0,2018-07-04,2018-07-04 08:55:46.432,8,55,42,8.928333,
,2018-07-04 09:08:27,693036.0,8850.0,,,100.0,TDM 31,4.66,2018-07-12 14:36:03.810000000,10626.0,2.0,2018-07-04,2018-07-04 09:08:52.864,9,8,27,9.140833,
,2018-07-04 11:43:48,693084.0,1500.0,,,100.0,TDM 31,0.79,2018-07-12 14:36:03.823000000,10626.0,2.0,2018-07-04,2018-07-04 11:43:58.976,11,43,48,11.73,
,2018-07-04 11:52:12,693088.0,2000.0,,,100.0,TDM 31,1.06,2018-07-12 14:36:03.830000000,10626.0,2.0,2018-07-04,2018-07-04 11:52:43.264,11,52,12,11.87,
,2018-07-04 12:28:58,693156.0,2000.0,,,100.0,TDM 31,1.06,2018-07-12 14:36:03.837000000,10626.0,2.0,2018-07-04,2018-07-04 12:29:51.488,12,28,58,12.482778,
,2018-07-04 12:54:03,693108.0,2500.0,,,100.0,TDM 31,1.32,2018-07-12 14:36:03.840000000,10626.0,2.0,2018-07-04,2018-07-04 12:53:53.280,12,54,3,12.900833,
,2018-07-04 12:55:40,693108.0,2500.0,,,100.0,TDM 31,1.32,2018-07-12 14:36:03.847000000,10626.0,2.0,2018-07-04,2018-07-04 12:56:04.352,12,55,40,12.927778,
,2018-07-06 07:46:17,693140.0,3000.0,,,100.0,TDM 31,1.59,2018-07-12 14:36:03.930000000,10626.0,2.0,2018-07-06,2018-07-06 07:47:16.096,7,46,17,7.771389,
,2018-07-06 08:31:08,693021.0,3000.0,,,100.0,TDM 31,1.59,2018-07-12 14:36:03.937000000,10626.0,2.0,2018-07-06,2018-07-06 08:30:57.536,8,31,8,8.518888,
,2018-07-06 08:32:30,639021.0,3000.0,,,100.0,TDM 31,1.59,2018-07-12 14:36:03.943000000,10626.0,2.0,2018-07-06,2018-07-06 08:33:08.608,8,32,30,8.541667,
,2018-07-06 08:36:13,693021.0,3000.0,,,100.0,TDM 31,1.59,2018-07-12 14:36:03.950000000,10626.0,2.0,2018-07-06,2018-07-06 08:35:19.680,8,36,13,8.603611,
,2018-07-06 08:41:47,693021.0,3000.0,,,100.0,TDM 31,1.59,2018-07-12 14:36:03.957000000,10626.0,2.0,2018-07-06,2018-07-06 08:41:52.896,8,41,47,8.696389,
,2018-07-06 08:51:44,693026.0,2500.0,,,100.0,TDM 31,1.32,2018-07-12 14:36:03.960000000,10626.0,2.0,2018-07-06,2018-07-06 08:52:48.256,8,51,44,8.862223,
,2018-07-06 10:46:45,693058.0,1500.0,,,100.0,TDM 31,0.79,2018-07-12 14:36:03.973000000,10626.0,2.0,2018-07-06,2018-07-06 10:46:24.000,10,46,45,10.779166,
,2018-07-06 11:18:18,693082.0,6650.0,,,100.0,TDM 31,3.49,2018-07-12 14:36:03.980000000,10626.0,2.0,2018-07-06,2018-07-06 11:19:10.080,11,18,18,11.305,
,2018-07-06 11:29:46,693083.0,2000.0,,,100.0,TDM 31,1.06,2018-07-12 14:36:03.987000000,10626.0,2.0,2018-07-06,2018-07-06 11:30:05.440,11,29,46,11.496111,
,2018-07-06 11:56:27,693107.0,1500.0,,,100.0,TDM 31,0.79,2018-07-12 14:36:03.990000000,10626.0,2.0,2018-07-06,2018-07-06 11:56:18.304,11,56,27,11.940833,
,2018-07-06 12:03:13,693153.0,2000.0,,,100.0,TDM 31,1.06,2018-07-12 14:36:03.997000000,10626.0,2.0,2018-07-06,2018-07-06 12:02:51.520,12,3,13,12.053611,
,2018-07-06 12:09:03,693108.0,2500.0,,,100.0,TDM 31,1.32,2018-07-12 14:36:04.003000000,10626.0,2.0,2018-07-06,2018-07-06 12:09:24.736,12,9,3,12.150833,
,2018-07-06 12:30:11,693116.0,2500.0,,,100.0,TDM 31,1.32,2018-07-12 14:36:04.010000000,10626.0,2.0,2018-07-06,2018-07-06 12:31:15.456,12,30,11,12.503056,
,2018-07-06 13:24:32,693149.0,1500.0,,,100.0,TDM 31,0.79,2018-07-12 14:36:04.017000000,10626.0,2.0,2018-07-06,2018-07-06 13:23:41.184,13,24,32,13.408889,
,2018-07-09 16:37:24,693041.0,11050.0,,,100.0,TDM 31,5.82,2018-07-12 14:36:04.063000000,10626.0,2.0,2018-07-09,2018-07-09 16:36:55.936,16,37,24,16.623333,
,2018-07-12 08:08:15,693057.0,6650.0,,,100.0,TDM 31,3.49,2018-07-12 14:36:04.227000000,10626.0,2.0,2018-07-12,2018-07-12 08:08:56.576,8,8,15,8.1375,
,2018-07-12 08:14:54,693055.0,1500.0,,,100.0,TDM 31,0.79,2018-07-12 14:36:04.230000000,10626.0,2.0,2018-07-12,2018-07-12 08:15:29.792,8,14,54,8.248333,
,2018-07-12 09:30:07,693018.0,3000.0,,,100.0,TDM 31,1.59,2018-07-12 14:36:04.237000000,10626.0,2.0,2018-07-12,2018-07-12 09:29:46.240,9,30,7,9.501945,
,2018-07-12 10:13:28,693115.0,1500.0,,,100.0,TDM 31,0.79,2018-07-12 14:36:04.243000000,10626.0,2.0,2018-07-12,2018-07-12 10:13:27.680,10,13,28,10.224444,
,2018-07-07 09:10:25,656070.0,2000.0,,,124.0,TDM 54,1.06,2018-07-12 14:39:23.990000000,10627.0,2.0,2018-07-07,2018-07-07 09:09:53.280,9,10,25,9.173611,
,2018-07-09 08:20:04,599061.0,13250.0,,,124.0,TDM 54,6.99,2018-07-12 14:39:23.993000000,10627.0,2.0,2018-07-09,2018-07-09 08:21:02.592,8,20,4,8.334444,
,2018-07-09 09:20:54,599129.0,13250.0,,,124.0,TDM 54,6.99,2018-07-12 14:39:24.007000000,10627.0,2.0,2018-07-09,2018-07-09 09:20:01.536,9,20,54,9.348333,
,2018-07-10 07:58:38,656144.0,2000.0,,,124.0,TDM 54,1.06,2018-07-12 14:39:24.013000000,10627.0,2.0,2018-07-10,2018-07-10 07:58:48.320,7,58,38,7.9772224,
,2018-07-10 08:39:19,656102.0,1500.0,,,124.0,TDM 54,0.79,2018-07-12 14:39:24.020000000,10627.0,2.0,2018-07-10,2018-07-10 08:40:18.688,8,39,19,8.655278,
,2018-07-06 11:18:49,686030.0,3000.0,,,81.0,TDM 12,1.59,2018-07-12 14:43:50.240000000,10628.0,2.0,2018-07-06,2018-07-06 11:19:10.080,11,18,49,11.313611,
,2018-07-10 07:46:03,686019.0,6650.0,,,81.0,TDM 12,3.49,2018-07-12 14:43:50.260000000,10628.0,2.0,2018-07-10,2018-07-10 07:45:41.888,7,46,3,7.7675,
,2018-07-10 08:22:07,686109.0,3000.0,,,81.0,TDM 12,1.59,2018-07-12 14:43:50.263000000,10628.0,2.0,2018-07-10,2018-07-10 08:22:50.112,8,22,7,8.368611,
,2018-07-10 08:23:36,686084.0,1500.0,,,81.0,TDM 12,0.79,2018-07-12 14:43:50.270000000,10628.0,2.0,2018-07-10,2018-07-10 08:22:50.112,8,23,36,8.393333,
,2018-07-11 08:12:47,209030.0,11050.0,,,81.0,TDM 12,5.82,2018-07-12 14:43:50.277000000,10628.0,2.0,2018-07-11,2018-07-11 08:13:42.272,8,12,47,8.213056,
,2018-07-12 09:25:52,686113.0,2500.0,,,81.0,TDM 12,1.32,2018-07-12 14:43:50.283000000,10628.0,2.0,2018-07-12,2018-07-12 09:25:24.096,9,25,52,9.431111,
,2018-07-12 09:35:59,686105.0,2000.0,,,81.0,TDM 12,1.06,2018-07-12 14:43:50.290000000,10628.0,2.0,2018-07-12,2018-07-12 09:36:19.456,9,35,59,9.599722,
,2018-07-12 09:53:53,686086.0,2000.0,,,81.0,TDM 12,1.06,2018-07-12 14:43:50.293000000,10628.0,2.0,2018-07-12,2018-07-12 09:53:48.032,9,53,53,9.898056,
,2018-07-12 09:55:07,686090.0,2000.0,,,81.0,TDM 12,1.06,2018-07-12 14:43:50.300000000,10628.0,2.0,2018-07-12,2018-07-12 09:55:59.104,9,55,7,9.918612,
,2018-07-12 10:57:23,686078.0,6650.0,,,81.0,TDM 12,3.49,2018-07-12 14:43:50.307000000,10628.0,2.0,2018-07-12,2018-07-12 10:57:09.120,10,57,23,10.956388,
,2018-07-12 07:00:52,241017.0,8850.0,,,85.0,TDM 16,4.66,2018-07-12 14:47:54.180000000,10629.0,2.0,2018-07-12,2018-07-12 07:01:13.344,7,0,52,7.0144444,
,2018-07-11 07:24:54,368106.0,3000.0,,,101.0,TDM 32,1.59,2018-07-12 14:51:11,10630.0,2.0,2018-07-11,2018-07-11 07:25:38.688,7,24,54,7.415,
,2018-07-12 11:31:21,584009.0,2000.0,,,101.0,TDM 32,1.06,2018-07-12 14:51:11.010000000,10630.0,2.0,2018-07-12,2018-07-12 11:32:06.272,11,31,21,11.5225,
,2018-07-12 11:33:08,584016.0,3000.0,,,101.0,TDM 32,1.59,2018-07-12 14:51:11.017000000,10630.0,2.0,2018-07-12,2018-07-12 11:32:06.272,11,33,8,11.552222,
,2018-07-12 11:34:38,584019.0,1500.0,,,101.0,TDM 32,0.79,2018-07-12 14:51:11.023000000,10630.0,2.0,2018-07-12,2018-07-12 11:34:17.344,11,34,38,11.577222,
,2018-07-12 11:36:13,584024.0,1500.0,,,101.0,TDM 32,0.79,2018-07-12 14:51:11.030000000,10630.0,2.0,2018-07-12,2018-07-12 11:36:28.416,11,36,13,11.603611,
,2018-07-12 11:38:00,584070.0,2500.0,,,101.0,TDM 32,1.32,2018-07-12 14:51:11.033000000,10630.0,2.0,2018-07-12,2018-07-12 11:38:39.488,11,38,0,11.633333,
,2018-07-07 10:15:25,545170.0,6650.0,,,91.0,TDM 22,3.49,2018-07-12 14:54:10.960000000,10631.0,2.0,2018-07-07,2018-07-07 10:15:25.440,10,15,25,10.256945,
,2018-07-07 10:32:34,545167.0,3000.0,,,91.0,TDM 22,1.59,2018-07-12 14:54:10.973000000,10631.0,2.0,2018-07-07,2018-07-07 10:32:54.016,10,32,34,10.542778,
,2018-07-07 10:53:07,545030.0,2000.0,,,91.0,TDM 22,1.06,2018-07-12 14:54:10.980000000,10631.0,2.0,2018-07-07,2018-07-07 10:52:33.664,10,53,7,10.885278,
,2018-07-10 07:59:35,624054.0,8850.0,,,91.0,TDM 22,4.66,2018-07-12 14:54:10.987000000,10631.0,2.0,2018-07-10,2018-07-10 07:58:48.320,7,59,35,7.9930553,
,2018-07-10 08:30:59,624049.0,6650.0,,,91.0,TDM 22,3.49,2018-07-12 14:54:10.993000000,10631.0,2.0,2018-07-10,2018-07-10 08:31:34.400,8,30,59,8.516389,
,2018-07-11 09:01:55,545126.0,2000.0,,,91.0,TDM 22,1.06,2018-07-12 14:54:11,10631.0,2.0,2018-07-11,2018-07-11 09:01:45.856,9,1,55,9.031944,
,2018-07-11 09:44:56,545028.0,11050.0,,,91.0,TDM 22,5.82,2018-07-12 14:54:11.003000000,10631.0,2.0,2018-07-11,2018-07-11 09:45:27.296,9,44,56,9.748889,
,2018-07-06 10:40:06,347152.0,8850.0,,,88.0,TDM 19,4.66,2018-07-12 14:57:27.060000000,10632.0,2.0,2018-07-06,2018-07-06 10:39:50.784,10,40,6,10.668333,
,2018-07-07 07:48:03,347108.0,11050.0,,,88.0,TDM 19,5.82,2018-07-12 14:57:27.067000000,10632.0,2.0,2018-07-07,2018-07-07 07:49:03.616,7,48,3,7.800833,
,2018-07-07 07:59:12,347143.0,6650.0,,,88.0,TDM 19,3.49,2018-07-12 14:57:27.073000000,10632.0,2.0,2018-07-07,2018-07-07 07:59:58.976,7,59,12,7.9866667,
,2018-07-09 08:13:43,347056.0,6650.0,,,88.0,TDM 19,3.49,2018-07-12 14:57:27.080000000,10632.0,2.0,2018-07-09,2018-07-09 08:14:29.376,8,13,43,8.228611,
,2018-07-10 07:21:29,347072.0,6650.0,,,88.0,TDM 19,3.49,2018-07-12 14:57:27.087000000,10632.0,2.0,2018-07-10,2018-07-10 07:21:40.096,7,21,29,7.3580556,
,2018-07-10 07:54:53,347110.0,6650.0,,,88.0,TDM 19,3.49,2018-07-12 14:57:27.090000000,10632.0,2.0,2018-07-10,2018-07-10 07:54:26.176,7,54,53,7.9147224,
,2018-06-28 11:07:42,248001.0,1500.0,,,118.0,TDM 48,0.79,2018-07-12 15:01:52.517000000,10633.0,2.0,2018-06-28,2018-06-28 11:07:00.992,11,7,42,11.128333,
,2018-06-28 11:17:27,248001.0,2500.0,,,118.0,TDM 48,1.32,2018-07-12 15:01:52.520000000,10633.0,2.0,2018-06-28,2018-06-28 11:17:56.352,11,17,27,11.290833,
,2018-06-28 11:24:43,208001.0,6650.0,,,118.0,TDM 48,3.49,2018-07-12 15:01:52.527000000,10633.0,2.0,2018-06-28,2018-06-28 11:24:29.568,11,24,43,11.411944,
,2018-06-28 11:29:17,208001.0,6650.0,,,118.0,TDM 48,3.49,2018-07-12 15:01:52.533000000,10633.0,2.0,2018-06-28,2018-06-28 11:28:51.712,11,29,17,11.488055,
,2018-06-28 11:38:44,208005.0,8850.0,,,118.0,TDM 48,4.66,2018-07-12 15:01:52.540000000,10633.0,2.0,2018-06-28,2018-06-28 11:39:47.072,11,38,44,11.6455555,
,2018-06-28 11:42:12,208005.0,3000.0,,,118.0,TDM 48,1.59,2018-07-12 15:01:52.547000000,10633.0,2.0,2018-06-28,2018-06-28 11:41:58.144,11,42,12,11.703333,
,2018-06-28 11:50:18,208001.0,1500.0,,,118.0,TDM 48,0.79,2018-07-12 15:01:52.553000000,10633.0,2.0,2018-06-28,2018-06-28 11:50:42.432,11,50,18,11.838333,
,2018-07-03 16:46:22,208005.0,3000.0,,,118.0,TDM 48,1.59,2018-07-12 15:01:52.570000000,10633.0,2.0,2018-07-03,2018-07-03 16:45:50.464,16,46,22,16.772778,
,2018-07-06 09:10:45,591049.0,2000.0,,,118.0,TDM 48,1.06,2018-07-12 15:01:52.577000000,10633.0,2.0,2018-07-06,2018-07-06 09:10:16.832,9,10,45,9.179167,
,2018-07-06 09:12:58,591049.0,2000.0,,,118.0,TDM 48,1.06,2018-07-12 15:01:52.583000000,10633.0,2.0,2018-07-06,2018-07-06 09:12:27.904,9,12,58,9.216111,
,2018-07-06 09:15:33,591049.0,2000.0,,,118.0,TDM 48,1.06,2018-07-12 15:01:52.590000000,10633.0,2.0,2018-07-06,2018-07-06 09:14:38.976,9,15,33,9.259167,
,2018-07-06 11:03:25,591080.0,2000.0,,,118.0,TDM 48,1.06,2018-07-12 15:01:52.593000000,10633.0,2.0,2018-07-06,2018-07-06 11:03:52.576,11,3,25,11.056945,
,2018-07-11 07:15:22,591126.0,2000.0,,,118.0,TDM 48,1.06,2018-07-12 15:01:52.600000000,10633.0,2.0,2018-07-11,2018-07-11 07:14:43.328,7,15,22,7.256111,
,2018-07-11 07:43:21,591162.0,1500.0,,,118.0,TDM 48,0.79,2018-07-12 15:01:52.613000000,10633.0,2.0,2018-07-11,2018-07-11 07:43:07.264,7,43,21,7.7225,
,2018-07-11 07:53:10,591162.0,1500.0,,,118.0,TDM 48,0.79,2018-07-12 15:01:52.623000000,10633.0,2.0,2018-07-11,2018-07-11 07:54:02.624,7,53,10,7.8861113,
,2018-07-11 07:57:03,591162.0,1500.0,,,118.0,TDM 48,0.79,2018-07-12 15:01:52.630000000,10633.0,2.0,2018-07-11,2018-07-11 07:56:13.696,7,57,3,7.9508333,
,2018-07-12 07:32:47,591162.0,1500.0,,,118.0,TDM 48,0.79,2018-07-12 15:01:52.637000000,10633.0,2.0,2018-07-12,2018-07-12 07:31:48.352,7,32,47,7.546389,
,2018-07-12 07:54:58,591100.0,2000.0,,,118.0,TDM 48,1.06,2018-07-12 15:01:52.643000000,10633.0,2.0,2018-07-12,2018-07-12 07:55:50.144,7,54,58,7.916111,
,2018-06-28 11:20:31,240001.0,1500.0,,,107.0,TDM 37,0.79,2018-07-12 15:05:02.737000000,10634.0,2.0,2018-06-28,2018-06-28 11:20:07.424,11,20,31,11.341945,
,2018-06-28 11:30:19,248001.0,2500.0,,,107.0,TDM 37,1.32,2018-07-12 15:05:02.740000000,10634.0,2.0,2018-06-28,2018-06-28 11:31:02.784,11,30,19,11.505278,
,2018-06-28 11:38:20,208006.0,1500.0,,,107.0,TDM 37,0.79,2018-07-12 15:05:02.747000000,10634.0,2.0,2018-06-28,2018-06-28 11:37:36.000,11,38,20,11.638889,
,2018-06-28 11:43:56,208006.0,6650.0,,,107.0,TDM 37,3.49,2018-07-12 15:05:02.753000000,10634.0,2.0,2018-06-28,2018-06-28 11:44:09.216,11,43,56,11.732223,
,2018-06-28 11:51:38,208006.0,1500.0,,,107.0,TDM 37,0.79,2018-07-12 15:05:02.760000000,10634.0,2.0,2018-06-28,2018-06-28 11:50:42.432,11,51,38,11.860556,
,2018-06-28 11:56:19,208005.0,8850.0,,,107.0,TDM 37,4.66,2018-07-12 15:05:02.767000000,10634.0,2.0,2018-06-28,2018-06-28 11:57:15.648,11,56,19,11.938611,
,2018-06-28 12:01:18,208001.0,1500.0,,,107.0,TDM 37,0.79,2018-07-12 15:05:02.770000000,10634.0,2.0,2018-06-28,2018-06-28 12:01:37.792,12,1,18,12.021667,
,2018-06-28 13:43:43,208002.0,3000.0,,,107.0,TDM 37,1.59,2018-07-12 15:05:02.777000000,10634.0,2.0,2018-06-28,2018-06-28 13:44:18.176,13,43,43,13.728611,
,2018-06-28 14:07:49,208002.0,3000.0,,,107.0,TDM 37,1.59,2018-07-12 15:05:02.783000000,10634.0,2.0,2018-06-28,2018-06-28 14:08:19.968,14,7,49,14.130278,
,2018-07-03 08:47:16,208001.0,1500.0,,,107.0,TDM 37,0.79,2018-07-12 15:05:02.800000000,10634.0,2.0,2018-07-03,2018-07-03 08:47:25.696,8,47,16,8.787778,
,2018-07-03 10:56:51,565029.0,1500.0,,,107.0,TDM 37,0.79,2018-07-12 15:05:02.807000000,10634.0,2.0,2018-07-03,2018-07-03 10:56:18.944,10,56,51,10.9475,
,2018-07-04 09:09:28,565001.0,2500.0,,,107.0,TDM 37,1.32,2018-07-12 15:05:02.813000000,10634.0,2.0,2018-07-04,2018-07-04 09:08:52.864,9,9,28,9.157778,
,2018-07-04 09:13:53,565002.0,8850.0,,,107.0,TDM 37,4.66,2018-07-12 15:05:02.820000000,10634.0,2.0,2018-07-04,2018-07-04 09:13:15.008,9,13,53,9.231389,
,2018-07-04 09:44:36,565006.0,3000.0,,,107.0,TDM 37,1.59,2018-07-12 15:05:02.827000000,10634.0,2.0,2018-07-04,2018-07-04 09:43:50.016,9,44,36,9.743333,
,2018-07-04 11:15:40,565004.0,1500.0,,,107.0,TDM 37,0.79,2018-07-12 15:05:02.830000000,10634.0,2.0,2018-07-04,2018-07-04 11:15:35.040,11,15,40,11.261111,
,2018-07-05 11:26:15,565001.0,1500.0,,,107.0,TDM 37,0.79,2018-07-12 15:05:02.837000000,10634.0,2.0,2018-07-05,2018-07-05 11:26:06.848,11,26,15,11.4375,
,2018-07-09 10:47:35,565009.0,2500.0,,,107.0,TDM 37,1.32,2018-07-12 15:05:02.843000000,10634.0,2.0,2018-07-09,2018-07-09 10:47:24.416,10,47,35,10.793056,
,2018-07-09 10:52:05,565052.0,2500.0,,,107.0,TDM 37,1.32,2018-07-12 15:05:02.850000000,10634.0,2.0,2018-07-09,2018-07-09 10:51:46.560,10,52,5,10.868055,
,2018-07-09 10:56:31,565071.0,2500.0,,,107.0,TDM 37,1.32,2018-07-12 15:05:02.857000000,10634.0,2.0,2018-07-09,2018-07-09 10:56:08.704,10,56,31,10.941944,
,2018-06-15 14:05:32,208005.0,3000.0,,,96.0,TDM 27,1.59,2018-07-12 15:07:39.033000000,10635.0,2.0,2018-06-15,2018-06-15 14:04:41.856,14,5,32,14.092222,
,2018-06-28 14:38:21,208005.0,11050.0,,,96.0,TDM 27,5.82,2018-07-12 15:07:39.043000000,10635.0,2.0,2018-06-28,2018-06-28 14:38:54.976,14,38,21,14.639167,
,2018-06-28 14:46:52,208005.0,11050.0,,,96.0,TDM 27,5.82,2018-07-12 15:07:39.050000000,10635.0,2.0,2018-06-28,2018-06-28 14:47:39.264,14,46,52,14.781111,
,2018-07-04 10:51:52,222091.0,2500.0,,,120.0,TDM 50,1.32,2018-07-12 15:11:01.157000000,10636.0,2.0,2018-07-04,2018-07-04 10:51:33.248,10,51,52,10.864445,
,2018-07-05 10:55:51,222156.0,2500.0,,,120.0,TDM 50,1.32,2018-07-12 15:11:01.163000000,10636.0,2.0,2018-07-05,2018-07-05 10:55:31.840,10,55,51,10.930833,
,2018-07-05 11:54:45,222171.0,2000.0,,,120.0,TDM 50,1.06,2018-07-12 15:11:01.170000000,10636.0,2.0,2018-07-05,2018-07-05 11:54:30.784,11,54,45,11.9125,
,2018-07-05 12:36:22,222179.0,1500.0,,,120.0,TDM 50,0.79,2018-07-12 15:11:01.173000000,10636.0,2.0,2018-07-05,2018-07-05 12:36:01.152,12,36,22,12.606112,
,2018-07-06 11:50:18,222220.0,3000.0,,,120.0,TDM 50,1.59,2018-07-12 15:11:01.187000000,10636.0,2.0,2018-07-06,2018-07-06 11:49:45.088,11,50,18,11.838333,
,2018-07-07 11:39:50,222145.0,2500.0,,,120.0,TDM 50,1.32,2018-07-12 15:11:01.193000000,10636.0,2.0,2018-07-07,2018-07-07 11:40:37.248,11,39,50,11.663889,
,2018-07-07 12:07:15,222201.0,1500.0,,,120.0,TDM 50,0.79,2018-07-12 15:11:01.200000000,10636.0,2.0,2018-07-07,2018-07-07 12:06:50.112,12,7,15,12.120833,
,2018-07-07 12:19:37,222203.0,2500.0,,,120.0,TDM 50,1.32,2018-07-12 15:11:01.203000000,10636.0,2.0,2018-07-07,2018-07-07 12:19:56.544,12,19,37,12.326944,
,2018-07-07 12:31:13,222188.0,2000.0,,,120.0,TDM 50,1.06,2018-07-12 15:11:01.210000000,10636.0,2.0,2018-07-07,2018-07-07 12:30:51.904,12,31,13,12.520278,
,2018-07-07 13:02:06,222134.0,1500.0,,,120.0,TDM 50,0.79,2018-07-12 15:11:01.217000000,10636.0,2.0,2018-07-07,2018-07-07 13:01:26.912,13,2,6,13.035,
,2018-07-09 09:06:14,222036.0,1500.0,,,120.0,TDM 50,0.79,2018-07-12 15:11:01.223000000,10636.0,2.0,2018-07-09,2018-07-09 09:06:55.104,9,6,14,9.1038885,
,2018-07-09 09:21:22,222039.0,2000.0,,,120.0,TDM 50,1.06,2018-07-12 15:11:01.233000000,10636.0,2.0,2018-07-09,2018-07-09 09:22:12.608,9,21,22,9.356112,
,2018-07-09 11:07:00,222017.0,1500.0,,,120.0,TDM 50,0.79,2018-07-12 15:11:01.240000000,10636.0,2.0,2018-07-09,2018-07-09 11:07:04.064,11,7,0,11.116667,
,2018-07-09 11:15:56,222019.0,1500.0,,,120.0,TDM 50,0.79,2018-07-12 15:11:01.247000000,10636.0,2.0,2018-07-09,2018-07-09 11:15:48.352,11,15,56,11.265555,
,2018-07-11 08:49:36,222118.0,3000.0,,,120.0,TDM 50,1.59,2018-07-12 15:11:01.253000000,10636.0,2.0,2018-07-11,2018-07-11 08:48:39.424,8,49,36,8.826667,
,2018-07-11 08:56:54,222118.0,3000.0,,,120.0,TDM 50,1.59,2018-07-12 15:11:01.260000000,10636.0,2.0,2018-07-11,2018-07-11 08:57:23.712,8,56,54,8.948334,
,2018-07-11 09:25:24,222148.0,1500.0,,,120.0,TDM 50,0.79,2018-07-12 15:11:01.263000000,10636.0,2.0,2018-07-11,2018-07-11 09:25:47.648,9,25,24,9.423333,
,2018-07-11 10:11:14,222192.0,2500.0,,,120.0,TDM 50,1.32,2018-07-12 15:11:01.270000000,10636.0,2.0,2018-07-11,2018-07-11 10:11:40.160,10,11,14,10.1872225,
,2018-07-11 11:27:17,222150.0,11050.0,,,120.0,TDM 50,5.82,2018-07-12 15:11:01.277000000,10636.0,2.0,2018-07-11,2018-07-11 11:28:07.680,11,27,17,11.454722,
,2018-07-11 11:52:11,222006.0,8850.0,,,120.0,TDM 50,4.66,2018-07-12 15:11:01.283000000,10636.0,2.0,2018-07-11,2018-07-11 11:52:09.472,11,52,11,11.869722,
,2018-07-11 12:05:28,222063.0,8850.0,,,120.0,TDM 50,4.66,2018-07-12 15:11:01.290000000,10636.0,2.0,2018-07-11,2018-07-11 12:05:15.904,12,5,28,12.091111,
,2018-07-11 12:30:37,222032.0,3000.0,,,120.0,TDM 50,1.59,2018-07-12 15:11:01.293000000,10636.0,2.0,2018-07-11,2018-07-11 12:31:28.768,12,30,37,12.510278,
,2018-06-28 11:33:41,208002.0,3000.0,,,95.0,TDM 26,1.59,2018-07-12 15:19:56.807000000,10637.0,2.0,2018-06-28,2018-06-28 11:33:13.856,11,33,41,11.561389,
,2018-06-28 11:52:43,208001.0,6650.0,,,95.0,TDM 26,3.49,2018-07-12 15:19:56.810000000,10637.0,2.0,2018-06-28,2018-06-28 11:52:53.504,11,52,43,11.878612,
,2018-07-07 07:22:12,208001.0,2000.0,,,95.0,TDM 26,1.06,2018-07-12 15:19:56.823000000,10637.0,2.0,2018-07-07,2018-07-07 07:22:50.752,7,22,12,7.37,
,2018-07-07 13:41:42,6092107.0,1500.0,,,95.0,TDM 26,0.79,2018-07-12 15:19:56.830000000,10637.0,2.0,2018-07-07,2018-07-07 13:40:46.208,13,41,42,13.695,
,2018-06-28 11:04:04,248001.0,1500.0,,,70.0,TDM 1,0.79,2018-07-13 12:16:59.447000000,10638.0,2.0,2018-06-28,2018-06-28 11:04:49.920,11,4,4,11.067778,
,2018-06-28 11:12:27,248001.0,2500.0,,,70.0,TDM 1,1.32,2018-07-13 12:16:59.453000000,10638.0,2.0,2018-06-28,2018-06-28 11:11:23.136,11,12,27,11.2075,
,2018-06-28 11:28:55,208003.0,2500.0,,,70.0,TDM 1,1.32,2018-07-13 12:16:59.460000000,10638.0,2.0,2018-06-28,2018-06-28 11:28:51.712,11,28,55,11.481944,
,2018-06-28 11:40:17,208006.0,1500.0,,,70.0,TDM 1,0.79,2018-07-13 12:16:59.463000000,10638.0,2.0,2018-06-28,2018-06-28 11:39:47.072,11,40,17,11.671389,
,2018-06-28 11:49:24,208002.0,3000.0,,,70.0,TDM 1,1.59,2018-07-13 12:16:59.470000000,10638.0,2.0,2018-06-28,2018-06-28 11:48:31.360,11,49,24,11.823334,
,2018-06-28 12:55:44,208001.0,8850.0,,,70.0,TDM 1,4.66,2018-07-13 12:16:59.483000000,10638.0,2.0,2018-06-28,2018-06-28 12:56:14.592,12,55,44,12.928889,
,2018-06-28 13:15:59,208002.0,11050.0,,,70.0,TDM 1,5.82,2018-07-13 12:16:59.493000000,10638.0,2.0,2018-06-28,2018-06-28 13:15:54.240,13,15,59,13.266389,
,2018-06-28 13:45:41,208004.0,8850.0,,,70.0,TDM 1,4.66,2018-07-13 12:16:59.500000000,10638.0,2.0,2018-06-28,2018-06-28 13:46:29.248,13,45,41,13.761389,
,2018-06-28 14:33:52,208006.0,1500.0,,,70.0,TDM 1,0.79,2018-07-13 12:16:59.507000000,10638.0,2.0,2018-06-28,2018-06-28 14:34:32.832,14,33,52,14.564445,
,2018-06-28 14:39:32,208002.0,6650.0,,,70.0,TDM 1,3.49,2018-07-13 12:16:59.513000000,10638.0,2.0,2018-06-28,2018-06-28 14:38:54.976,14,39,32,14.658889,
,2018-06-28 14:44:23,208006.0,1500.0,,,70.0,TDM 1,0.79,2018-07-13 12:16:59.520000000,10638.0,2.0,2018-06-28,2018-06-28 14:45:28.192,14,44,23,14.739722,
,2018-06-28 14:51:33,208002.0,6650.0,,,70.0,TDM 1,3.49,2018-07-13 12:16:59.523000000,10638.0,2.0,2018-06-28,2018-06-28 14:52:01.408,14,51,33,14.859167,
,2018-07-05 08:23:21,208005.0,3000.0,,,70.0,TDM 1,1.59,2018-07-13 12:16:59.543000000,10638.0,2.0,2018-07-05,2018-07-05 08:22:36.800,8,23,21,8.389167,
,2018-07-06 08:53:19,627018.0,3000.0,,,70.0,TDM 1,1.59,2018-07-13 12:16:59.550000000,10638.0,2.0,2018-07-06,2018-07-06 08:52:48.256,8,53,19,8.888611,
,2018-07-09 07:05:18,627001.0,2000.0,,,70.0,TDM 1,1.06,2018-07-13 12:16:59.553000000,10638.0,2.0,2018-07-09,2018-07-09 07:04:35.072,7,5,18,7.088333,
,2018-07-10 08:30:34,627031.0,2500.0,,,70.0,TDM 1,1.32,2018-07-13 12:16:59.560000000,10638.0,2.0,2018-07-10,2018-07-10 08:31:34.400,8,30,34,8.509444,
,2018-07-11 08:27:25,627029.0,8850.0,,,70.0,TDM 1,4.66,2018-07-13 12:16:59.567000000,10638.0,2.0,2018-07-11,2018-07-11 08:26:48.704,8,27,25,8.456944,
,2018-07-13 08:43:40,627002.0,6650.0,,,70.0,TDM 1,3.49,2018-07-13 12:16:59.573000000,10638.0,2.0,2018-07-13,2018-07-13 08:43:30.176,8,43,40,8.7277775,
,2018-07-06 10:08:48,504014.0,2500.0,,,82.0,TDM 13,1.32,2018-07-13 12:19:40.873000000,10639.0,2.0,2018-07-06,2018-07-06 10:09:15.776,10,8,48,10.146667,
,2018-07-07 08:38:03,504045.0,2000.0,,,82.0,TDM 13,1.06,2018-07-13 12:19:40.890000000,10639.0,2.0,2018-07-07,2018-07-07 08:37:07.200,8,38,3,8.634167,
,2018-07-07 17:34:40,504058.0,2000.0,,,82.0,TDM 13,1.06,2018-07-13 12:19:40.897000000,10639.0,2.0,2018-07-07,2018-07-07 17:34:30.912,17,34,40,17.577778,
,2018-07-09 07:29:30,504113.0,1500.0,,,82.0,TDM 13,0.79,2018-07-13 12:19:40.903000000,10639.0,2.0,2018-07-09,2018-07-09 07:28:36.864,7,29,30,7.491667,
,2018-07-09 09:34:56,636040.0,3000.0,,,82.0,TDM 13,1.59,2018-07-13 12:19:40.910000000,10639.0,2.0,2018-07-09,2018-07-09 09:35:19.040,9,34,56,9.582222,
,2018-07-10 06:32:59,636095.0,1500.0,,,82.0,TDM 13,0.79,2018-07-13 12:19:40.913000000,10639.0,2.0,2018-07-10,2018-07-10 06:33:36.512,6,32,59,6.549722,
,2018-07-10 07:09:57,636083.0,2500.0,,,82.0,TDM 13,1.32,2018-07-13 12:19:40.920000000,10639.0,2.0,2018-07-10,2018-07-10 07:10:44.736,7,9,57,7.1658335,
,2018-07-10 07:22:53,636066.0,1500.0,,,82.0,TDM 13,0.79,2018-07-13 12:19:40.927000000,10639.0,2.0,2018-07-10,2018-07-10 07:23:51.168,7,22,53,7.3813887,
,2018-07-10 08:35:05,636045.0,2000.0,,,82.0,TDM 13,1.06,2018-07-13 12:19:40.933000000,10639.0,2.0,2018-07-10,2018-07-10 08:35:56.544,8,35,5,8.5847225,
,2018-07-12 06:32:20,504134.0,1500.0,,,82.0,TDM 13,0.79,2018-07-13 12:19:40.940000000,10639.0,2.0,2018-07-12,2018-07-12 06:32:49.408,6,32,20,6.538889,
,2018-07-13 06:55:10,504130.0,2000.0,,,82.0,TDM 13,1.06,2018-07-13 12:19:40.943000000,10639.0,2.0,2018-07-13,2018-07-13 06:54:16.576,6,55,10,6.9194446,
,2018-06-28 11:13:22,248001.0,1500.0,,,73.0,TDM 4,0.79,2018-07-13 12:22:32.047000000,10640.0,2.0,2018-06-28,2018-06-28 11:13:34.208,11,13,22,11.222777,
,2018-06-28 11:23:36,248001.0,2500.0,,,73.0,TDM 4,1.32,2018-07-13 12:22:32.053000000,10640.0,2.0,2018-06-28,2018-06-28 11:24:29.568,11,23,36,11.393333,
,2018-06-28 11:29:33,244002.0,2000.0,,,73.0,TDM 4,1.06,2018-07-13 12:22:32.060000000,10640.0,2.0,2018-06-28,2018-06-28 11:28:51.712,11,29,33,11.4925,
,2018-06-28 11:35:33,208006.0,8850.0,,,73.0,TDM 4,4.66,2018-07-13 12:22:32.063000000,10640.0,2.0,2018-06-28,2018-06-28 11:35:24.928,11,35,33,11.5925,
,2018-06-28 11:39:41,208001.0,11050.0,,,73.0,TDM 4,5.82,2018-07-13 12:22:32.070000000,10640.0,2.0,2018-06-28,2018-06-28 11:39:47.072,11,39,41,11.661389,
,2018-06-28 11:48:25,208006.0,1500.0,,,73.0,TDM 4,0.79,2018-07-13 12:22:32.077000000,10640.0,2.0,2018-06-28,2018-06-28 11:48:31.360,11,48,25,11.806945,
,2018-06-28 11:51:48,208005.0,3000.0,,,73.0,TDM 4,1.59,2018-07-13 12:22:32.083000000,10640.0,2.0,2018-06-28,2018-06-28 11:52:53.504,11,51,48,11.863334,
,2018-07-03 09:39:40,652058.0,1500.0,,,73.0,TDM 4,0.79,2018-07-13 12:22:32.107000000,10640.0,2.0,2018-07-03,2018-07-03 09:39:51.424,9,39,40,9.661111,
,2018-07-03 12:59:04,652099.0,1500.0,,,73.0,TDM 4,0.79,2018-07-13 12:22:32.113000000,10640.0,2.0,2018-07-03,2018-07-03 12:58:38.976,12,59,4,12.984445,
,2018-07-05 12:39:43,652010.0,6650.0,,,73.0,TDM 4,3.49,2018-07-13 12:22:32.123000000,10640.0,2.0,2018-07-05,2018-07-05 12:40:23.296,12,39,43,12.661944,
,2018-07-06 09:26:40,652035.0,2000.0,,,73.0,TDM 4,1.06,2018-07-13 12:22:32.130000000,10640.0,2.0,2018-07-06,2018-07-06 09:27:45.408,9,26,40,9.444445,
,2018-07-09 09:33:13,652055.0,1500.0,,,73.0,TDM 4,0.79,2018-07-13 12:22:32.137000000,10640.0,2.0,2018-07-09,2018-07-09 09:33:07.968,9,33,13,9.553611,
,2018-07-12 10:35:11,652079.0,2500.0,,,73.0,TDM 4,1.32,2018-07-13 12:22:32.143000000,10640.0,2.0,2018-07-12,2018-07-12 10:35:18.400,10,35,11,10.586389,
,2018-07-10 08:42:20,622078.0,3000.0,,,89.0,TDM 20,1.59,2018-07-16 13:34:44.593000000,10641.0,2.0,2018-07-10,2018-07-10 08:42:29.760,8,42,20,8.705556,
,2018-07-11 08:57:20,622063.0,2000.0,,,89.0,TDM 20,1.06,2018-07-16 13:34:44.600000000,10641.0,2.0,2018-07-11,2018-07-11 08:57:23.712,8,57,20,8.955556,
,2018-07-11 09:27:42,622055.0,1500.0,,,89.0,TDM 20,0.79,2018-07-16 13:34:44.607000000,10641.0,2.0,2018-07-11,2018-07-11 09:27:58.720,9,27,42,9.461667,
,2018-07-12 07:40:47,622064.0,3000.0,,,89.0,TDM 20,1.59,2018-07-16 13:34:44.613000000,10641.0,2.0,2018-07-12,2018-07-12 07:40:32.640,7,40,47,7.6797223,
,2018-07-12 07:43:21,622064.0,3000.0,,,89.0,TDM 20,1.59,2018-07-16 13:34:44.620000000,10641.0,2.0,2018-07-12,2018-07-12 07:42:43.712,7,43,21,7.7225,
,2018-07-12 07:50:26,622064.0,3000.0,,,89.0,TDM 20,1.59,2018-07-16 13:34:44.627000000,10641.0,2.0,2018-07-12,2018-07-12 07:51:28.000,7,50,26,7.8405557,
,2018-07-12 15:30:04,208002.0,1500.0,,,89.0,TDM 20,0.79,2018-07-16 13:34:44.630000000,10641.0,2.0,2018-07-12,2018-07-12 15:30:13.120,15,30,4,15.501111,
,2018-07-13 08:18:11,622064.0,3000.0,,,89.0,TDM 20,1.59,2018-07-16 13:34:44.637000000,10641.0,2.0,2018-07-13,2018-07-13 08:17:17.312,8,18,11,8.303056,
,2018-07-13 08:20:55,622064.0,3000.0,,,89.0,TDM 20,1.59,2018-07-16 13:34:44.643000000,10641.0,2.0,2018-07-13,2018-07-13 08:21:39.456,8,20,55,8.348611,
,2018-07-13 08:24:31,622064.0,3000.0,,,89.0,TDM 20,1.59,2018-07-16 13:34:44.650000000,10641.0,2.0,2018-07-13,2018-07-13 08:23:50.528,8,24,31,8.408611,
,2018-07-16 09:32:51,622047.0,2500.0,,,89.0,TDM 20,1.32,2018-07-16 13:34:44.653000000,10641.0,2.0,2018-07-16,2018-07-16 09:32:34.176,9,32,51,9.5475,
,2018-07-16 09:35:06,622055.0,1500.0,,,89.0,TDM 20,0.79,2018-07-16 13:34:44.660000000,10641.0,2.0,2018-07-16,2018-07-16 09:34:45.248,9,35,6,9.585,
,2018-07-16 09:37:59,622064.0,3000.0,,,89.0,TDM 20,1.59,2018-07-16 13:34:44.667000000,10641.0,2.0,2018-07-16,2018-07-16 09:36:56.320,9,37,59,9.633056,
,2018-07-16 09:41:53,622077.0,1500.0,,,89.0,TDM 20,0.79,2018-07-16 13:34:44.673000000,10641.0,2.0,2018-07-16,2018-07-16 09:41:18.464,9,41,53,9.698055,
,2018-07-13 07:38:05,6101043.0,2000.0,,,97.0,TDM 28,1.06,2018-07-16 13:40:07.877000000,10642.0,2.0,2018-07-13,2018-07-13 07:37:58.016,7,38,5,7.634722,
,2018-07-13 07:41:52,6101043.0,2000.0,,,97.0,TDM 28,1.06,2018-07-16 13:40:07.890000000,10642.0,2.0,2018-07-13,2018-07-13 07:42:20.160,7,41,52,7.6977777,
,2018-07-13 07:44:53,6101043.0,2000.0,,,97.0,TDM 28,1.06,2018-07-16 13:40:07.893000000,10642.0,2.0,2018-07-13,2018-07-13 07:44:31.232,7,44,53,7.7480555,
,2018-07-16 08:06:15,6101043.0,2000.0,,,97.0,TDM 28,1.06,2018-07-16 13:40:07.900000000,10642.0,2.0,2018-07-16,2018-07-16 08:05:11.296,8,6,15,8.104167,
,2018-07-12 08:13:35,563100.0,2000.0,,,44.0,,1.06,2018-07-16 13:44:49.133000000,10643.0,2.0,2018-07-12,2018-07-12 08:13:18.720,8,13,35,8.226389,
,2018-07-11 08:47:04,317130.0,2000.0,,,99.0,TDM 30,1.06,2018-07-16 13:48:47.280000000,10644.0,2.0,2018-07-11,2018-07-11 08:46:28.352,8,47,4,8.784445,
,2018-07-11 08:49:46,317021.0,2000.0,,,99.0,TDM 30,1.06,2018-07-16 13:48:47.283000000,10644.0,2.0,2018-07-11,2018-07-11 08:50:50.496,8,49,46,8.829445,
,2018-07-11 17:18:00,317094.0,2500.0,,,99.0,TDM 30,1.32,2018-07-16 13:48:47.290000000,10644.0,2.0,2018-07-11,2018-07-11 17:17:39.200,17,18,0,17.3,
,2018-07-11 17:25:27,317009.0,3000.0,,,99.0,TDM 30,1.59,2018-07-16 13:48:47.297000000,10644.0,2.0,2018-07-11,2018-07-11 17:26:23.488,17,25,27,17.424166,
,2018-07-12 16:55:03,317085.0,2000.0,,,99.0,TDM 30,1.06,2018-07-16 13:48:47.300000000,10644.0,2.0,2018-07-12,2018-07-12 16:55:24.928,16,55,3,16.9175,
,2018-07-12 17:23:26,317015.0,8850.0,,,99.0,TDM 30,4.66,2018-07-16 13:48:47.307000000,10644.0,2.0,2018-07-12,2018-07-12 17:23:48.864,17,23,26,17.390556,
,2018-07-14 16:58:17,317103.0,3000.0,,,99.0,TDM 30,1.59,2018-07-16 13:48:47.313000000,10644.0,2.0,2018-07-14,2018-07-14 16:58:59.968,16,58,17,16.97139,
,2018-07-11 09:16:47,691092.0,1500.0,,,102.0,TDM 33,0.79,2018-07-16 13:56:46.630000000,10645.0,2.0,2018-07-11,2018-07-11 09:17:03.360,9,16,47,9.279722,
,2018-07-11 09:26:14,691005.0,3000.0,,,102.0,TDM 33,1.59,2018-07-16 13:56:46.640000000,10645.0,2.0,2018-07-11,2018-07-11 09:25:47.648,9,26,14,9.4372225,
,2018-07-11 09:35:44,691014.0,3000.0,,,102.0,TDM 33,1.59,2018-07-16 13:56:46.647000000,10645.0,2.0,2018-07-11,2018-07-11 09:36:43.008,9,35,44,9.595555,
,2018-07-12 11:16:12,691011.0,1500.0,,,102.0,TDM 33,0.79,2018-07-16 13:56:46.650000000,10645.0,2.0,2018-07-12,2018-07-12 11:16:48.768,11,16,12,11.27,
,2018-07-14 11:29:46,691077.0,2000.0,,,102.0,TDM 33,1.06,2018-07-16 13:56:46.657000000,10645.0,2.0,2018-07-14,2018-07-14 11:29:08.096,11,29,46,11.496111,
,2018-07-10 13:36:51,692034.0,6650.0,,,105.0,TDM 36,3.49,2018-07-16 14:00:57.580000000,10646.0,2.0,2018-07-10,2018-07-10 13:37:24.480,13,36,51,13.614166,
,2018-07-11 16:03:37,692077.0,6650.0,,,105.0,TDM 36,3.49,2018-07-16 14:00:57.583000000,10646.0,2.0,2018-07-11,2018-07-11 16:03:22.752,16,3,37,16.060278,
,2018-07-12 09:02:59,692058.0,6650.0,,,105.0,TDM 36,3.49,2018-07-16 14:00:57.590000000,10646.0,2.0,2018-07-12,2018-07-12 09:03:33.376,9,2,59,9.049723,
,2018-07-13 08:38:33,240011.0,2000.0,,,79.0,TDM 10,1.06,2018-07-16 14:09:33.353000000,10647.0,2.0,2018-07-13,2018-07-13 08:39:08.032,8,38,33,8.6425,
,2018-07-14 07:37:33,240004.0,0.0,,,79.0,TDM 10,0.79,2018-07-16 14:09:33.370000000,10647.0,2.0,2018-07-14,2018-07-14 07:37:34.464,7,37,33,7.6258335,
,2018-07-14 07:42:06,240004.0,1500.0,,,79.0,TDM 10,0.79,2018-07-16 14:09:33.390000000,10647.0,2.0,2018-07-14,2018-07-14 07:41:56.608,7,42,6,7.701667,
,2018-07-13 10:07:58,222059.0,2000.0,,,120.0,TDM 50,1.06,2018-07-19 14:07:37.013000000,10648.0,2.0,2018-07-13,2018-07-13 10:08:41.984,10,7,58,10.132778,
,2018-07-13 12:01:10,222200.0,3000.0,,,120.0,TDM 50,1.59,2018-07-19 14:07:37.020000000,10648.0,2.0,2018-07-13,2018-07-13 12:00:06.656,12,1,10,12.019444,
,2018-07-13 12:19:23,222175.0,2500.0,,,120.0,TDM 50,1.32,2018-07-19 14:07:37.027000000,10648.0,2.0,2018-07-13,2018-07-13 12:19:46.304,12,19,23,12.323055,
,2018-07-13 12:32:42,222125.0,1500.0,,,120.0,TDM 50,0.79,2018-07-19 14:07:37.033000000,10648.0,2.0,2018-07-13,2018-07-13 12:32:52.736,12,32,42,12.545,
,2018-07-13 13:01:31,222115.0,2000.0,,,120.0,TDM 50,1.06,2018-07-19 14:07:37.040000000,10648.0,2.0,2018-07-13,2018-07-13 13:01:16.672,13,1,31,13.025278,
,2018-07-16 08:57:32,222024.0,11050.0,,,120.0,TDM 50,5.82,2018-07-19 14:07:37.047000000,10648.0,2.0,2018-07-16,2018-07-16 08:57:37.024,8,57,32,8.958889,
,2018-07-16 09:57:32,222029.0,11050.0,,,120.0,TDM 50,5.82,2018-07-19 14:07:37.050000000,10648.0,2.0,2018-07-16,2018-07-16 09:56:35.968,9,57,32,9.958889,
,2018-07-18 09:01:04,222078.0,1500.0,,,120.0,TDM 50,0.79,2018-07-19 14:07:37.057000000,10648.0,2.0,2018-07-18,2018-07-18 09:01:12.064,9,1,4,9.017777,
,2018-07-18 09:24:03,222113.0,3000.0,,,120.0,TDM 50,1.59,2018-07-19 14:07:37.063000000,10648.0,2.0,2018-07-18,2018-07-18 09:23:02.784,9,24,3,9.400833,
,2018-07-18 10:05:15,222149.0,2500.0,,,120.0,TDM 50,1.32,2018-07-19 14:07:37.070000000,10648.0,2.0,2018-07-18,2018-07-18 10:04:33.152,10,5,15,10.0875,
,2018-07-18 10:34:10,222189.0,2500.0,,,120.0,TDM 50,1.32,2018-07-19 14:07:37.077000000,10648.0,2.0,2018-07-18,2018-07-18 10:35:08.160,10,34,10,10.569445,
,2018-07-18 12:03:05,222215.0,2500.0,,,120.0,TDM 50,1.32,2018-07-19 14:07:37.080000000,10648.0,2.0,2018-07-18,2018-07-18 12:02:31.040,12,3,5,12.051389,
,2018-07-18 12:24:55,222169.0,2500.0,,,120.0,TDM 50,1.32,2018-07-19 14:07:37.087000000,10648.0,2.0,2018-07-18,2018-07-18 12:24:21.760,12,24,55,12.4152775,
,2018-07-13 13:26:42,303001.0,3000.0,,,70.0,TDM 1,1.59,2018-07-19 14:11:17.500000000,10649.0,2.0,2018-07-13,2018-07-13 13:27:29.536,13,26,42,13.445,
,2018-07-13 13:32:32,303001.0,1500.0,,,70.0,TDM 1,0.79,2018-07-19 14:11:17.507000000,10649.0,2.0,2018-07-13,2018-07-13 13:31:51.680,13,32,32,13.542222,
,2018-07-13 13:37:29,204001.0,6650.0,,,70.0,TDM 1,3.49,2018-07-19 14:11:17.513000000,10649.0,2.0,2018-07-13,2018-07-13 13:38:24.896,13,37,29,13.6247225,
,2018-07-13 15:04:53,208001.0,50.0,,,70.0,TDM 1,0.0,2018-07-19 14:11:17.527000000,10649.0,2.0,2018-07-13,2018-07-13 15:05:47.776,15,4,53,15.081388,
,2018-07-13 13:29:37,204001.0,8850.0,,,73.0,TDM 4,4.66,2018-07-19 14:14:47.800000000,10650.0,2.0,2018-07-13,2018-07-13 13:29:40.608,13,29,37,13.493611,
,2018-07-18 11:07:45,652045.0,6650.0,,,73.0,TDM 4,3.49,2018-07-19 14:14:47.813000000,10650.0,2.0,2018-07-18,2018-07-18 11:07:54.240,11,7,45,11.129167,
,2018-07-18 11:11:36,652045.0,6650.0,,,73.0,TDM 4,3.49,2018-07-19 14:14:47.820000000,10650.0,2.0,2018-07-18,2018-07-18 11:12:16.384,11,11,36,11.193334,
,2018-07-18 11:20:17,652045.0,6650.0,,,73.0,TDM 4,3.49,2018-07-19 14:14:47.827000000,10650.0,2.0,2018-07-18,2018-07-18 11:21:00.672,11,20,17,11.338056,
,2018-07-18 12:00:14,652045.0,6650.0,,,73.0,TDM 4,3.49,2018-07-19 14:14:47.830000000,10650.0,2.0,2018-07-18,2018-07-18 12:00:19.968,12,0,14,12.003889,
,2018-07-18 12:11:13,652045.0,6650.0,,,73.0,TDM 4,3.49,2018-07-19 14:14:47.850000000,10650.0,2.0,2018-07-18,2018-07-18 12:11:15.328,12,11,13,12.186944,
,2018-07-19 09:59:11,652024.0,2000.0,,,73.0,TDM 4,1.06,2018-07-19 14:14:47.857000000,10650.0,2.0,2018-07-19,2018-07-19 09:59:47.456,9,59,11,9.986389,
,2018-07-19 10:01:28,652024.0,2000.0,,,73.0,TDM 4,1.06,2018-07-19 14:14:47.860000000,10650.0,2.0,2018-07-19,2018-07-19 10:01:58.528,10,1,28,10.024445,
,2018-07-19 10:42:46,652024.0,2000.0,,,73.0,TDM 4,1.06,2018-07-19 14:14:47.867000000,10650.0,2.0,2018-07-19,2018-07-19 10:43:28.896,10,42,46,10.712778,
,2018-07-19 10:47:18,652024.0,2000.0,,,73.0,TDM 4,1.06,2018-07-19 14:14:47.873000000,10650.0,2.0,2018-07-19,2018-07-19 10:47:51.040,10,47,18,10.788333,
,2018-07-19 11:09:19,652024.0,2000.0,,,73.0,TDM 4,1.06,2018-07-19 14:14:47.880000000,10650.0,2.0,2018-07-19,2018-07-19 11:09:41.760,11,9,19,11.155278,
,2018-07-13 20:05:58,565043.0,3000.0,,,107.0,TDM 37,1.59,2018-07-19 14:18:52.170000000,10651.0,2.0,2018-07-13,2018-07-13 20:05:04.640,20,5,58,20.099445,
,2018-07-14 07:14:08,565054.0,2000.0,,,107.0,TDM 37,1.06,2018-07-19 14:18:52.180000000,10651.0,2.0,2018-07-14,2018-07-14 07:13:32.672,7,14,8,7.2355556,
,2018-07-18 08:35:54,565015.0,2000.0,,,107.0,TDM 37,1.06,2018-07-19 14:18:52.183000000,10651.0,2.0,2018-07-18,2018-07-18 08:34:59.200,8,35,54,8.598333,
,2018-07-18 08:39:01,565011.0,1500.0,,,107.0,TDM 37,0.79,2018-07-19 14:18:52.190000000,10651.0,2.0,2018-07-18,2018-07-18 08:39:21.344,8,39,1,8.650278,
,2018-07-18 08:41:20,565068.0,2000.0,,,107.0,TDM 37,1.06,2018-07-19 14:18:52.197000000,10651.0,2.0,2018-07-18,2018-07-18 08:41:32.416,8,41,20,8.688889,
,2018-07-14 07:23:30,591095.0,1500.0,,,118.0,TDM 48,0.79,2018-07-19 14:22:49.597000000,10652.0,2.0,2018-07-14,2018-07-14 07:24:28.032,7,23,30,7.391667,
,2018-07-14 17:16:23,591106.0,2500.0,,,118.0,TDM 48,1.32,2018-07-19 14:22:49.603000000,10652.0,2.0,2018-07-14,2018-07-14 17:16:28.544,17,16,23,17.273056,
,2018-07-14 17:19:47,591106.0,2500.0,,,118.0,TDM 48,1.32,2018-07-19 14:22:49.610000000,10652.0,2.0,2018-07-14,2018-07-14 17:20:50.688,17,19,47,17.329721,
,2018-07-14 10:03:52,6092046.0,13250.0,,,95.0,TDM 26,6.99,2018-07-19 14:27:06.630000000,10653.0,2.0,2018-07-14,2018-07-14 10:03:56.288,10,3,52,10.064445,
,2018-07-16 08:05:36,6092015.0,3000.0,,,95.0,TDM 26,1.59,2018-07-19 14:27:06.643000000,10653.0,2.0,2018-07-16,2018-07-16 08:05:11.296,8,5,36,8.093333,
,2018-07-18 09:23:41,6092068.0,2000.0,,,95.0,TDM 26,1.06,2018-07-19 14:27:06.650000000,10653.0,2.0,2018-07-18,2018-07-18 09:23:02.784,9,23,41,9.394722,
,2018-07-19 14:45:30,687039.0,3000.0,,,102.0,TDM 33,1.59,2018-07-23 13:57:46.630000000,10654.0,2.0,2018-07-19,2018-07-19 14:45:57.888,14,45,30,14.758333,
,2018-07-21 19:08:35,687058.0,1500.0,,,102.0,TDM 33,0.79,2018-07-23 13:57:46.640000000,10654.0,2.0,2018-07-21,2018-07-21 19:09:30.496,19,8,35,19.143055,
,2018-07-23 07:43:01,687030.0,2000.0,,,102.0,TDM 33,1.06,2018-07-23 13:57:46.647000000,10654.0,2.0,2018-07-23,2018-07-23 07:42:46.784,7,43,1,7.716944,
,2018-07-23 07:50:28,687040.0,1500.0,,,102.0,TDM 33,0.79,2018-07-23 13:57:46.653000000,10654.0,2.0,2018-07-23,2018-07-23 07:51:31.072,7,50,28,7.841111,
,2018-07-20 10:35:52,622028.0,3000.0,,,89.0,TDM 20,1.59,2018-07-23 14:00:26.910000000,10655.0,2.0,2018-07-20,2018-07-20 10:36:32.128,10,35,52,10.597777,
,2018-07-20 10:40:41,622027.0,2500.0,,,89.0,TDM 20,1.32,2018-07-23 14:00:26.917000000,10655.0,2.0,2018-07-20,2018-07-20 10:40:54.272,10,40,41,10.678056,
,2018-07-21 08:14:38,622071.0,2000.0,,,89.0,TDM 20,1.06,2018-07-23 14:00:26.923000000,10655.0,2.0,2018-07-21,2018-07-21 08:14:08.896,8,14,38,8.243889,
,2018-07-23 09:47:34,622071.0,2000.0,,,89.0,TDM 20,1.06,2018-07-23 14:00:26.930000000,10655.0,2.0,2018-07-23,2018-07-23 09:47:17.888,9,47,34,9.792778,
,2018-07-19 17:06:48,317092.0,2500.0,,,99.0,TDM 30,1.32,2018-07-23 14:03:26.720000000,10656.0,2.0,2018-07-19,2018-07-19 17:05:46.496,17,6,48,17.113333,
,2018-07-20 07:46:07,6101091.0,3000.0,,,97.0,TDM 28,1.59,2018-07-23 14:12:52.653000000,10657.0,2.0,2018-07-20,2018-07-20 07:46:08.512,7,46,7,7.768611,
,2018-07-04 12:06:19,232080.0,1500.0,,,87.0,TDM 18,0.79,2018-07-23 14:16:02.127000000,10658.0,2.0,2018-07-04,2018-07-04 12:05:49.696,12,6,19,12.105278,
,2018-07-09 10:26:58,232018.0,2000.0,,,87.0,TDM 18,1.06,2018-07-23 14:16:02.133000000,10658.0,2.0,2018-07-09,2018-07-09 10:27:44.768,10,26,58,10.449445,
,2018-07-10 09:11:45,232008.0,1500.0,,,87.0,TDM 18,0.79,2018-07-23 14:16:02.140000000,10658.0,2.0,2018-07-10,2018-07-10 09:10:53.696,9,11,45,9.195833,
,2018-07-16 09:49:24,232003.0,2500.0,,,87.0,TDM 18,1.32,2018-07-23 14:16:02.143000000,10658.0,2.0,2018-07-16,2018-07-16 09:50:02.752,9,49,24,9.823334,
,2018-07-16 09:54:45,232025.0,2000.0,,,87.0,TDM 18,1.06,2018-07-23 14:16:02.150000000,10658.0,2.0,2018-07-16,2018-07-16 09:54:24.896,9,54,45,9.9125,
,2018-07-16 09:56:54,232054.0,2000.0,,,87.0,TDM 18,1.06,2018-07-23 14:16:02.157000000,10658.0,2.0,2018-07-16,2018-07-16 09:56:35.968,9,56,54,9.948334,
,2018-07-16 09:58:35,232087.0,1500.0,,,87.0,TDM 18,0.79,2018-07-23 14:16:02.163000000,10658.0,2.0,2018-07-16,2018-07-16 09:58:47.040,9,58,35,9.976389,
,2018-07-18 12:09:08,2400122.0,3000.0,,,79.0,TDM 10,1.59,2018-07-23 14:19:08.620000000,10659.0,2.0,2018-07-18,2018-07-18 12:09:04.256,12,9,8,12.152223,
,2018-07-18 12:59:57,240059.0,8850.0,,,79.0,TDM 10,4.66,2018-07-23 14:19:08.623000000,10659.0,2.0,2018-07-18,2018-07-18 12:59:18.912,12,59,57,12.9991665,
,2018-07-18 13:18:12,240079.0,2500.0,,,79.0,TDM 10,1.32,2018-07-23 14:19:08.630000000,10659.0,2.0,2018-07-18,2018-07-18 13:18:58.560,13,18,12,13.303333,
,2018-07-19 08:41:00,240071.0,2500.0,,,79.0,TDM 10,1.32,2018-07-23 14:19:08.637000000,10659.0,2.0,2018-07-19,2018-07-19 08:41:08.864,8,41,0,8.683333,
,2018-07-23 07:57:24,240029.0,3000.0,,,79.0,TDM 10,1.59,2018-07-23 14:19:08.643000000,10659.0,2.0,2018-07-23,2018-07-23 07:58:04.288,7,57,24,7.9566665,
,2018-07-23 08:36:52,240019.0,8850.0,,,79.0,TDM 10,4.66,2018-07-23 14:19:08.650000000,10659.0,2.0,2018-07-23,2018-07-23 08:37:23.584,8,36,52,8.614445,
,2018-07-21 07:53:34,692076.0,8850.0,,,105.0,TDM 36,4.66,2018-07-23 14:22:08.590000000,10660.0,2.0,2018-07-21,2018-07-21 07:54:29.248,7,53,34,7.892778,
,2018-07-21 08:16:51,308089.0,2500.0,,,108.0,TDM 38,1.32,2018-07-26 13:52:53.790000000,10661.0,2.0,2018-07-21,2018-07-21 08:16:19.968,8,16,51,8.280833,
,2018-07-19 11:48:54,560004.0,1500.0,,,74.0,TDM 5,0.79,2018-07-26 13:59:32.857000000,10662.0,2.0,2018-07-19,2018-07-19 11:49:01.056,11,48,54,11.815,
,2018-07-19 11:50:46,560004.0,1500.0,,,74.0,TDM 5,0.79,2018-07-26 13:59:32.863000000,10662.0,2.0,2018-07-19,2018-07-19 11:51:12.128,11,50,46,11.846111,
,2018-07-19 11:58:00,560004.0,1500.0,,,74.0,TDM 5,0.79,2018-07-26 13:59:32.870000000,10662.0,2.0,2018-07-19,2018-07-19 11:57:45.344,11,58,0,11.966666,
,2018-07-19 15:42:30,208001.0,2000.0,,,74.0,TDM 5,1.06,2018-07-26 13:59:32.877000000,10662.0,2.0,2018-07-19,2018-07-19 15:42:45.760,15,42,30,15.708333,
,2018-07-11 08:24:47,314034.0,1500.0,,,84.0,TDM 15,0.79,2018-07-26 14:20:43.860000000,10664.0,2.0,2018-07-11,2018-07-11 08:24:37.632,8,24,47,8.413055,
,2018-07-11 08:31:54,314122.0,8850.0,,,84.0,TDM 15,4.66,2018-07-26 14:20:43.867000000,10664.0,2.0,2018-07-11,2018-07-11 08:31:10.848,8,31,54,8.531667,
,2018-07-16 08:59:27,314103.0,2000.0,,,84.0,TDM 15,1.06,2018-07-26 14:20:43.870000000,10664.0,2.0,2018-07-16,2018-07-16 08:59:48.096,8,59,27,8.990833,
,2018-07-16 09:02:06,314041.0,2500.0,,,84.0,TDM 15,1.32,2018-07-26 14:20:43.877000000,10664.0,2.0,2018-07-16,2018-07-16 09:01:59.168,9,2,6,9.035,
,2018-07-16 09:04:14,314048.0,2000.0,,,84.0,TDM 15,1.06,2018-07-26 14:20:43.883000000,10664.0,2.0,2018-07-16,2018-07-16 09:04:10.240,9,4,14,9.070556,
,2018-07-20 09:23:28,314049.0,1500.0,,,84.0,TDM 15,0.79,2018-07-26 14:20:43.897000000,10664.0,2.0,2018-07-20,2018-07-20 09:24:26.752,9,23,28,9.391111,
,2018-07-20 09:26:10,314119.0,2500.0,,,84.0,TDM 15,1.32,2018-07-26 14:20:43.903000000,10664.0,2.0,2018-07-20,2018-07-20 09:26:37.824,9,26,10,9.436111,
,2018-07-20 09:27:20,314049.0,1500.0,,,84.0,TDM 15,0.79,2018-07-26 14:20:43.910000000,10664.0,2.0,2018-07-20,2018-07-20 09:26:37.824,9,27,20,9.455556,
,2018-07-22 07:54:40,314087.277,0.0,,,84.0,TDM 15,0.79,2018-07-26 14:20:43.913000000,10664.0,2.0,2018-07-22,2018-07-22 07:54:05.696,7,54,40,7.911111,
,2018-07-23 10:52:25,314087.677,1500.0,,,84.0,TDM 15,0.79,2018-07-26 14:20:43.920000000,10664.0,2.0,2018-07-23,2018-07-23 10:52:50.048,10,52,25,10.873611,
,2018-07-18 10:36:59,570112.0,1500.0,,,76.0,TDM 7,0.79,2018-07-26 14:28:16.380000000,10665.0,2.0,2018-07-18,2018-07-18 10:37:19.232,10,36,59,10.616389,
,2018-07-18 13:31:44,670112.0,1500.0,,,76.0,TDM 7,0.79,2018-07-26 14:28:16.390000000,10665.0,2.0,2018-07-18,2018-07-18 13:32:04.992,13,31,44,13.528889,
,2018-07-18 17:30:54,208001.0,1500.0,,,76.0,TDM 7,0.79,2018-07-26 14:28:16.397000000,10665.0,2.0,2018-07-18,2018-07-18 17:30:11.840,17,30,54,17.515,
,2018-07-18 17:32:26,208001.0,1500.0,,,76.0,TDM 7,0.79,2018-07-26 14:28:16.403000000,10665.0,2.0,2018-07-18,2018-07-18 17:32:22.912,17,32,26,17.540556,
,2018-07-18 17:51:00,670112.0,1500.0,,,76.0,TDM 7,0.79,2018-07-26 14:28:16.410000000,10665.0,2.0,2018-07-18,2018-07-18 17:52:02.560,17,51,0,17.85,
,2018-07-18 18:18:04,670217.0,8850.0,,,76.0,TDM 7,4.66,2018-07-26 14:28:16.417000000,10665.0,2.0,2018-07-18,2018-07-18 18:18:15.424,18,18,4,18.301111,
,2018-07-21 07:51:39,670201.0,2500.0,,,76.0,TDM 7,1.32,2018-07-26 14:28:16.420000000,10665.0,2.0,2018-07-21,2018-07-21 07:52:18.176,7,51,39,7.860833,
,2018-07-21 12:46:13,670208.0,2500.0,,,76.0,TDM 7,1.32,2018-07-26 14:28:16.427000000,10665.0,2.0,2018-07-21,2018-07-21 12:47:12.896,12,46,13,12.770278,
,2018-07-24 09:30:11,670165.0,0.0,,,76.0,TDM 7,1.06,2018-07-26 14:28:16.433000000,10665.0,2.0,2018-07-24,2018-07-24 09:29:25.760,9,30,11,9.503056,
,2018-07-25 07:06:13,670010.0,0.0,,,76.0,TDM 7,1.32,2018-07-26 14:28:16.440000000,10665.0,2.0,2018-07-25,2018-07-25 07:07:02.528,7,6,13,7.103611,
,2018-07-25 07:29:11,670031.0,0.0,,,76.0,TDM 7,1.06,2018-07-26 14:28:16.447000000,10665.0,2.0,2018-07-25,2018-07-25 07:28:53.248,7,29,11,7.4863887,
,2018-07-25 07:35:28,670030.0,0.0,,,76.0,TDM 7,1.32,2018-07-26 14:28:16.450000000,10665.0,2.0,2018-07-25,2018-07-25 07:35:26.464,7,35,28,7.591111,
,2018-07-25 07:58:55,670069.0,0.0,,,76.0,TDM 7,4.66,2018-07-26 14:28:16.457000000,10665.0,2.0,2018-07-25,2018-07-25 07:59:28.256,7,58,55,7.9819446,
,2018-07-20 11:03:31,222124.0,6650.0,,,120.0,TDM 50,3.49,2018-07-26 15:06:31.500000000,10671.0,2.0,2018-07-20,2018-07-20 11:02:44.992,11,3,31,11.058611,
,2018-07-20 11:07:08,222124.0,6650.0,,,120.0,TDM 50,3.49,2018-07-26 15:06:31.517000000,10671.0,2.0,2018-07-20,2018-07-20 11:07:07.136,11,7,8,11.118889,
,2018-07-20 11:54:39,222209.0,1500.0,,,120.0,TDM 50,0.79,2018-07-26 15:06:31.520000000,10671.0,2.0,2018-07-20,2018-07-20 11:55:10.720,11,54,39,11.910833,
,2018-07-20 11:56:57,222209.0,1500.0,,,120.0,TDM 50,0.79,2018-07-26 15:06:31.527000000,10671.0,2.0,2018-07-20,2018-07-20 11:57:21.792,11,56,57,11.949166,
,2018-07-20 13:55:55,222209.0,1500.0,,,120.0,TDM 50,0.79,2018-07-26 15:06:31.533000000,10671.0,2.0,2018-07-20,2018-07-20 13:55:19.680,13,55,55,13.931945,
,2018-07-23 08:39:46,222141.0,3000.0,,,120.0,TDM 50,1.59,2018-07-26 15:06:31.540000000,10671.0,2.0,2018-07-23,2018-07-23 08:39:34.656,8,39,46,8.662778,
,2018-07-23 08:48:37,222137.0,1500.0,,,120.0,TDM 50,0.79,2018-07-26 15:06:31.547000000,10671.0,2.0,2018-07-23,2018-07-23 08:48:18.944,8,48,37,8.810278,
,2018-07-23 09:50:20,222079.0,2000.0,,,120.0,TDM 50,1.06,2018-07-26 15:06:31.550000000,10671.0,2.0,2018-07-23,2018-07-23 09:49:28.960,9,50,20,9.838889,
,2018-07-23 09:51:59,222079.0,2000.0,,,120.0,TDM 50,1.06,2018-07-26 15:06:31.557000000,10671.0,2.0,2018-07-23,2018-07-23 09:51:40.032,9,51,59,9.866389,
,2018-07-23 10:00:41,222074.0,2000.0,,,120.0,TDM 50,1.06,2018-07-26 15:06:31.563000000,10671.0,2.0,2018-07-23,2018-07-23 10:00:24.320,10,0,41,10.011389,
,2018-07-25 09:00:17,222049.0,1500.0,,,120.0,TDM 50,0.79,2018-07-26 15:06:31.570000000,10671.0,2.0,2018-07-25,2018-07-25 09:00:38.272,9,0,17,9.004723,
,2018-07-25 09:02:56,222049.0,1500.0,,,120.0,TDM 50,0.79,2018-07-26 15:06:31.577000000,10671.0,2.0,2018-07-25,2018-07-25 09:02:49.344,9,2,56,9.048889,
,2018-07-26 07:27:22,6092016.0,1500.0,,,95.0,TDM 26,0.79,2018-07-26 15:11:15.377000000,10672.0,2.0,2018-07-26,2018-07-26 07:26:18.624,7,27,22,7.456111,
,2018-07-26 07:37:44,6095024.0,1500.0,,,95.0,TDM 26,0.79,2018-07-26 15:11:15.387000000,10672.0,2.0,2018-07-26,2018-07-26 07:37:13.984,7,37,44,7.628889,
,2018-07-26 10:24:27,6092016.0,1500.0,,,95.0,TDM 26,0.79,2018-07-26 15:11:15.390000000,10672.0,2.0,2018-07-26,2018-07-26 10:25:26.528,10,24,27,10.4075,
,2018-07-26 09:14:32,652039.0,8850.0,,,73.0,TDM 4,4.66,2018-07-26 15:19:52.110000000,10674.0,2.0,2018-07-26,2018-07-26 09:15:32.224,9,14,32,9.242222,
,2018-07-26 09:17:56,652079.0,2500.0,,,73.0,TDM 4,1.32,2018-07-26 15:19:52.127000000,10674.0,2.0,2018-07-26,2018-07-26 09:17:43.296,9,17,56,9.298889,
,2018-07-26 09:22:27,652078.0,11050.0,,,73.0,TDM 4,5.82,2018-07-26 15:19:52.133000000,10674.0,2.0,2018-07-26,2018-07-26 09:22:05.440,9,22,27,9.3741665,
,2018-07-26 09:28:13,652046.0,6650.0,,,73.0,TDM 4,3.49,2018-07-26 15:19:52.140000000,10674.0,2.0,2018-07-26,2018-07-26 09:28:38.656,9,28,13,9.470278,
,2018-07-26 09:35:09,652064.0,13250.0,,,73.0,TDM 4,6.99,2018-07-26 15:19:52.147000000,10674.0,2.0,2018-07-26,2018-07-26 09:35:11.872,9,35,9,9.585834,
,2018-07-26 09:39:17,652055.0,3000.0,,,73.0,TDM 4,1.59,2018-07-26 15:19:52.153000000,10674.0,2.0,2018-07-26,2018-07-26 09:39:34.016,9,39,17,9.654722,
,2018-07-26 07:37:14,591096.0,2000.0,,,118.0,TDM 48,1.06,2018-07-30 13:34:15.813000000,10675.0,2.0,2018-07-26,2018-07-26 07:37:13.984,7,37,14,7.6205554,
,2018-07-26 07:45:46,591096.0,2000.0,,,118.0,TDM 48,1.06,2018-07-30 13:34:15.820000000,10675.0,2.0,2018-07-26,2018-07-26 07:45:58.272,7,45,46,7.762778,
,2018-07-26 14:19:23,208001.0,1500.0,,,95.0,TDM 26,0.79,2018-07-30 13:49:06.283000000,10676.0,2.0,2018-07-26,2018-07-26 14:19:11.232,14,19,23,14.323055,
,2018-07-26 18:09:48,208001.0,1500.0,,,95.0,TDM 26,0.79,2018-07-30 13:49:06.290000000,10676.0,2.0,2018-07-26,2018-07-26 18:10:44.864,18,9,48,18.163334,
,2018-07-26 18:10:49,208001.0,1500.0,,,95.0,TDM 26,0.79,2018-07-30 13:49:06.297000000,10676.0,2.0,2018-07-26,2018-07-26 18:10:44.864,18,10,49,18.180277,
,2018-07-26 18:11:27,208001.0,8850.0,,,95.0,TDM 26,4.66,2018-07-30 13:49:06.300000000,10676.0,2.0,2018-07-26,2018-07-26 18:10:44.864,18,11,27,18.190834,
,2018-07-26 18:12:19,208001.0,2000.0,,,95.0,TDM 26,1.06,2018-07-30 13:49:06.307000000,10676.0,2.0,2018-07-26,2018-07-26 18:12:55.936,18,12,19,18.205278,
,2018-07-26 18:13:29,208001.0,1500.0,,,95.0,TDM 26,0.79,2018-07-30 13:49:06.313000000,10676.0,2.0,2018-07-26,2018-07-26 18:12:55.936,18,13,29,18.224722,
,2018-07-26 18:14:11,208001.0,2000.0,,,95.0,TDM 26,1.06,2018-07-30 13:49:06.320000000,10676.0,2.0,2018-07-26,2018-07-26 18:15:07.008,18,14,11,18.23639,
,2018-07-26 20:09:47,208001.0,2000.0,,,95.0,TDM 26,1.06,2018-07-30 13:49:06.327000000,10676.0,2.0,2018-07-26,2018-07-26 20:08:42.752,20,9,47,20.163055,
,2018-07-26 20:10:18,208001.0,2000.0,,,95.0,TDM 26,1.06,2018-07-30 13:49:06.330000000,10676.0,2.0,2018-07-26,2018-07-26 20:10:53.824,20,10,18,20.171667,
,2018-07-26 20:12:34,208001.0,2000.0,,,95.0,TDM 26,1.06,2018-07-30 13:49:06.337000000,10676.0,2.0,2018-07-26,2018-07-26 20:13:04.896,20,12,34,20.209444,
,2018-07-26 20:15:40,208001.0,6650.0,,,95.0,TDM 26,3.49,2018-07-30 13:49:06.343000000,10676.0,2.0,2018-07-26,2018-07-26 20:15:15.968,20,15,40,20.26111,
,2018-07-26 20:27:09,208001.0,6650.0,,,95.0,TDM 26,3.49,2018-07-30 13:49:06.350000000,10676.0,2.0,2018-07-26,2018-07-26 20:26:11.328,20,27,9,20.4525,
,2018-07-26 20:22:28,208001.0,6650.0,,,73.0,TDM 4,3.49,2018-07-30 13:57:57.797000000,10677.0,2.0,2018-07-26,2018-07-26 20:21:49.184,20,22,28,20.374445,
,2018-07-26 20:23:41,208001.0,1500.0,,,73.0,TDM 4,0.79,2018-07-30 13:57:57.810000000,10677.0,2.0,2018-07-26,2018-07-26 20:24:00.256,20,23,41,20.394722,
,2018-07-26 20:25:23,208001.0,1500.0,,,73.0,TDM 4,0.79,2018-07-30 13:57:57.817000000,10677.0,2.0,2018-07-26,2018-07-26 20:26:11.328,20,25,23,20.423056,
,2018-07-26 20:27:03,208001.0,1500.0,,,73.0,TDM 4,0.79,2018-07-30 13:57:57.823000000,10677.0,2.0,2018-07-26,2018-07-26 20:26:11.328,20,27,3,20.450834,
,2018-07-26 20:27:31,208001.0,1500.0,,,73.0,TDM 4,0.79,2018-07-30 13:57:57.830000000,10677.0,2.0,2018-07-26,2018-07-26 20:28:22.400,20,27,31,20.45861,
,2018-07-26 21:22:54,208001.0,0.0,,,96.0,TDM 27,3.49,2018-07-30 14:07:33.807000000,10678.0,2.0,2018-07-26,2018-07-26 21:22:59.200,21,22,54,21.381666,
,2018-07-30 09:14:15,222100.0,2000.0,,,120.0,TDM 50,1.06,2018-07-30 14:13:12.533000000,10679.0,2.0,2018-07-30,2018-07-30 09:13:58.016,9,14,15,9.2375,
,2018-07-21 07:33:00,627024.0,6650.0,,,70.0,TDM 1,3.49,2018-07-30 14:18:20.200000000,10681.0,2.0,2018-07-21,2018-07-21 07:32:38.528,7,33,0,7.55,
,2018-07-28 07:39:39,627006.0,3000.0,,,70.0,TDM 1,1.59,2018-07-30 14:18:20.213000000,10681.0,2.0,2018-07-28,2018-07-28 07:38:37.952,7,39,39,7.6608334,
,2018-07-14 08:01:23,208001.0,6650.0,,,85.0,TDM 16,3.49,2018-08-02 13:20:59.553000000,10682.0,2.0,2018-07-14,2018-07-14 08:01:36.256,8,1,23,8.023056,
,2018-07-14 08:39:13,208001.0,1500.0,,,85.0,TDM 16,0.79,2018-08-02 13:20:59.580000000,10682.0,2.0,2018-07-14,2018-07-14 08:38:44.480,8,39,13,8.653611,
,2018-07-14 08:53:18,250002.0,3000.0,,,85.0,TDM 16,1.59,2018-08-02 13:20:59.583000000,10682.0,2.0,2018-07-14,2018-07-14 08:54:01.984,8,53,18,8.888333,
,2018-07-14 09:00:30,208001.0,6650.0,,,85.0,TDM 16,3.49,2018-08-02 13:20:59.597000000,10682.0,2.0,2018-07-14,2018-07-14 09:00:35.200,9,0,30,9.008333,
,2018-07-14 09:05:53,208002.0,3000.0,,,85.0,TDM 16,1.59,2018-08-02 13:20:59.603000000,10682.0,2.0,2018-07-14,2018-07-14 09:04:57.344,9,5,53,9.098056,
,2018-07-14 09:13:25,208002.0,3000.0,,,85.0,TDM 16,1.59,2018-08-02 13:20:59.610000000,10682.0,2.0,2018-07-14,2018-07-14 09:13:41.632,9,13,25,9.223611,
,2018-07-14 09:18:42,208002.0,8850.0,,,85.0,TDM 16,4.66,2018-08-02 13:20:59.613000000,10682.0,2.0,2018-07-14,2018-07-14 09:18:03.776,9,18,42,9.3116665,
,2018-07-14 09:26:09,627054.0,377950.0,,,85.0,TDM 16,200.0,2018-08-02 13:20:59.620000000,10682.0,2.0,2018-07-14,2018-07-14 09:26:48.064,9,26,9,9.435833,
,2018-07-14 09:34:05,627054.0,413850.0,,,85.0,TDM 16,219.0,2018-08-02 13:20:59.627000000,10682.0,2.0,2018-07-14,2018-07-14 09:33:21.280,9,34,5,9.568055,
,2018-07-14 09:38:00,6092133.0,2500.0,,,85.0,TDM 16,1.32,2018-08-02 13:20:59.633000000,10682.0,2.0,2018-07-14,2018-07-14 09:37:43.424,9,38,0,9.633333,
,2018-07-14 09:43:24,6092161.0,8850.0,,,85.0,TDM 16,4.66,2018-08-02 13:20:59.643000000,10682.0,2.0,2018-07-14,2018-07-14 09:44:16.640,9,43,24,9.723333,
,2018-07-14 09:47:26,6092124.0,2000.0,,,85.0,TDM 16,1.06,2018-08-02 13:20:59.650000000,10682.0,2.0,2018-07-14,2018-07-14 09:46:27.712,9,47,26,9.790556,
,2018-07-14 09:50:46,208001.0,6650.0,,,85.0,TDM 16,3.49,2018-08-02 13:20:59.657000000,10682.0,2.0,2018-07-14,2018-07-14 09:50:49.856,9,50,46,9.846111,
,2018-07-14 10:03:01,250002.0,1500.0,,,85.0,TDM 16,0.79,2018-08-02 13:20:59.663000000,10682.0,2.0,2018-07-14,2018-07-14 10:03:56.288,10,3,1,10.050278,
,2018-07-14 10:08:27,250002.0,1500.0,,,85.0,TDM 16,0.79,2018-08-02 13:20:59.670000000,10682.0,2.0,2018-07-14,2018-07-14 10:08:18.432,10,8,27,10.140833,
,2018-07-14 10:19:33,208002.0,3000.0,,,85.0,TDM 16,1.59,2018-08-02 13:20:59.673000000,10682.0,2.0,2018-07-14,2018-07-14 10:19:13.792,10,19,33,10.325833,
,2018-07-14 10:38:57,627051.0,0.0,,,85.0,TDM 16,6.99,2018-08-02 13:20:59.680000000,10682.0,2.0,2018-07-14,2018-07-14 10:38:53.440,10,38,57,10.649167,
,2018-07-14 10:58:29,627051.0,13250.0,,,85.0,TDM 16,6.99,2018-08-02 13:20:59.687000000,10682.0,2.0,2018-07-14,2018-07-14 10:58:33.088,10,58,29,10.974722,
,2018-07-16 12:39:01,328014.0,1500.0,,,85.0,TDM 16,0.79,2018-08-02 13:20:59.693000000,10682.0,2.0,2018-07-16,2018-07-16 12:38:15.296,12,39,1,12.650278,
,2018-07-17 10:30:12,328042.0,3000.0,,,85.0,TDM 16,1.59,2018-08-02 13:20:59.700000000,10682.0,2.0,2018-07-17,2018-07-17 10:31:09.568,10,30,12,10.503333,
,2018-07-17 10:47:32,328045.0,3000.0,,,85.0,TDM 16,1.59,2018-08-02 13:20:59.703000000,10682.0,2.0,2018-07-17,2018-07-17 10:46:27.072,10,47,32,10.792222,
,2018-07-17 11:40:58,328058.0,3000.0,,,85.0,TDM 16,1.59,2018-08-02 13:20:59.710000000,10682.0,2.0,2018-07-17,2018-07-17 11:41:03.872,11,40,58,11.682777,
,2018-07-17 13:14:22,328075.0,2000.0,,,85.0,TDM 16,1.06,2018-08-02 13:20:59.717000000,10682.0,2.0,2018-07-17,2018-07-17 13:14:59.968,13,14,22,13.239445,
,2018-07-18 12:32:51,328105.0,11050.0,,,85.0,TDM 16,5.82,2018-08-02 13:20:59.723000000,10682.0,2.0,2018-07-18,2018-07-18 12:33:06.048,12,32,51,12.5475,
,2018-07-21 10:41:45,350065.0,1500.0,,,85.0,TDM 16,0.79,2018-08-02 13:20:59.730000000,10682.0,2.0,2018-07-21,2018-07-21 10:42:41.792,10,41,45,10.695833,
,2018-07-21 14:17:00,208004.0,2000.0,,,85.0,TDM 16,1.06,2018-08-02 13:20:59.733000000,10682.0,2.0,2018-07-21,2018-07-21 14:16:46.848,14,17,0,14.283334,
,2018-07-21 14:20:18,208004.0,6650.0,,,85.0,TDM 16,3.49,2018-08-02 13:20:59.740000000,10682.0,2.0,2018-07-21,2018-07-21 14:21:08.992,14,20,18,14.338333,
,2018-07-21 14:23:29,208006.0,1500.0,,,85.0,TDM 16,0.79,2018-08-02 13:20:59.747000000,10682.0,2.0,2018-07-21,2018-07-21 14:23:20.064,14,23,29,14.391389,
,2018-07-21 14:28:12,208005.0,3000.0,,,85.0,TDM 16,1.59,2018-08-02 13:20:59.753000000,10682.0,2.0,2018-07-21,2018-07-21 14:27:42.208,14,28,12,14.47,
,2018-07-21 14:32:32,208005.0,3000.0,,,85.0,TDM 16,1.59,2018-08-02 13:20:59.760000000,10682.0,2.0,2018-07-21,2018-07-21 14:32:04.352,14,32,32,14.542222,
,2018-07-21 14:36:45,208006.0,1500.0,,,85.0,TDM 16,0.79,2018-08-02 13:20:59.763000000,10682.0,2.0,2018-07-21,2018-07-21 14:36:26.496,14,36,45,14.6125,
,2018-07-21 14:39:08,208005.0,13250.0,,,85.0,TDM 16,6.99,2018-08-02 13:20:59.770000000,10682.0,2.0,2018-07-21,2018-07-21 14:38:37.568,14,39,8,14.652223,
,2018-07-21 14:45:59,208006.0,13250.0,,,85.0,TDM 16,6.99,2018-08-02 13:20:59.777000000,10682.0,2.0,2018-07-21,2018-07-21 14:45:10.784,14,45,59,14.766389,
,2018-07-21 15:44:54,208001.0,1500.0,,,85.0,TDM 16,0.79,2018-08-02 13:20:59.783000000,10682.0,2.0,2018-07-21,2018-07-21 15:44:09.728,15,44,54,15.748333,
,2018-07-21 15:56:43,208002.0,8850.0,,,85.0,TDM 16,4.66,2018-08-02 13:20:59.790000000,10682.0,2.0,2018-07-21,2018-07-21 15:57:16.160,15,56,43,15.945278,
,2018-07-21 16:05:32,208003.0,6650.0,,,85.0,TDM 16,3.49,2018-08-02 13:20:59.793000000,10682.0,2.0,2018-07-21,2018-07-21 16:06:00.448,16,5,32,16.092222,
,2018-07-24 08:18:17,328008.0,1500.0,,,85.0,TDM 16,0.79,2018-08-02 13:20:59.800000000,10682.0,2.0,2018-07-24,2018-07-24 08:17:20.384,8,18,17,8.304722,
,2018-07-24 10:22:10,328028.0,1500.0,,,85.0,TDM 16,0.79,2018-08-02 13:20:59.813000000,10682.0,2.0,2018-07-24,2018-07-24 10:21:51.488,10,22,10,10.369445,
,2018-07-24 11:30:57,328076.0,2500.0,,,85.0,TDM 16,1.32,2018-08-02 13:20:59.820000000,10682.0,2.0,2018-07-24,2018-07-24 11:31:45.792,11,30,57,11.515833,
,2018-07-24 12:21:27,328056.0,2500.0,,,85.0,TDM 16,1.32,2018-08-02 13:20:59.823000000,10682.0,2.0,2018-07-24,2018-07-24 12:22:00.448,12,21,27,12.3575,
,2018-07-25 08:07:06,328146.0,1500.0,,,85.0,TDM 16,0.79,2018-08-02 13:20:59.830000000,10682.0,2.0,2018-07-25,2018-07-25 08:06:01.472,8,7,6,8.118333,
,2018-07-25 08:20:10,328147.0,1500.0,,,85.0,TDM 16,0.79,2018-08-02 13:20:59.837000000,10682.0,2.0,2018-07-25,2018-07-25 08:19:07.904,8,20,10,8.336111,
,2018-07-25 08:58:08,328065.0,2500.0,,,85.0,TDM 16,1.32,2018-08-02 13:20:59.843000000,10682.0,2.0,2018-07-25,2018-07-25 08:58:27.200,8,58,8,8.968889,
,2018-07-25 09:19:19,328063.0,3000.0,,,85.0,TDM 16,1.59,2018-08-02 13:20:59.853000000,10682.0,2.0,2018-07-25,2018-07-25 09:20:17.920,9,19,19,9.321944,
,2018-07-25 11:10:27,328111.0,1500.0,,,85.0,TDM 16,0.79,2018-08-02 13:20:59.860000000,10682.0,2.0,2018-07-25,2018-07-25 11:09:31.520,11,10,27,11.174167,
,2018-07-25 11:13:57,328115.0,1500.0,,,85.0,TDM 16,0.79,2018-08-02 13:20:59.867000000,10682.0,2.0,2018-07-25,2018-07-25 11:13:53.664,11,13,57,11.2325,
,2018-07-28 07:49:08,328136.0,2500.0,,,85.0,TDM 16,1.32,2018-08-02 13:20:59.873000000,10682.0,2.0,2018-07-28,2018-07-28 07:49:33.312,7,49,8,7.8188887,
,2018-07-28 07:53:23,328117.0,2500.0,,,85.0,TDM 16,1.32,2018-08-02 13:20:59.883000000,10682.0,2.0,2018-07-28,2018-07-28 07:53:55.456,7,53,23,7.8897223,
,2018-07-28 08:17:14,328125.0,1500.0,,,85.0,TDM 16,0.79,2018-08-02 13:20:59.890000000,10682.0,2.0,2018-07-28,2018-07-28 08:17:57.248,8,17,14,8.287222,
,2018-07-28 10:10:49,328020.0,2000.0,,,85.0,TDM 16,1.06,2018-08-02 13:20:59.897000000,10682.0,2.0,2018-07-28,2018-07-28 10:11:32.992,10,10,49,10.180278,
,2018-07-30 08:33:35,350021.0,11050.0,,,85.0,TDM 16,5.82,2018-08-02 13:20:59.903000000,10682.0,2.0,2018-07-30,2018-07-30 08:34:38.720,8,33,35,8.559722,
,2018-07-30 08:40:03,350021.0,11050.0,,,85.0,TDM 16,5.82,2018-08-02 13:20:59.910000000,10682.0,2.0,2018-07-30,2018-07-30 08:39:00.864,8,40,3,8.6675,
,2018-07-30 11:26:18,350020.0,6650.0,,,85.0,TDM 16,3.49,2018-08-02 13:20:59.913000000,10682.0,2.0,2018-07-30,2018-07-30 11:27:13.408,11,26,18,11.4383335,
,2018-07-31 07:40:35,328137.0,2000.0,,,85.0,TDM 16,1.06,2018-08-02 13:20:59.920000000,10682.0,2.0,2018-07-31,2018-07-31 07:39:38.368,7,40,35,7.6763887,
,2018-07-31 07:42:19,328137.0,2000.0,,,85.0,TDM 16,1.06,2018-08-02 13:20:59.927000000,10682.0,2.0,2018-07-31,2018-07-31 07:41:49.440,7,42,19,7.705278,
,2018-07-31 07:51:06,328095.0,2000.0,,,85.0,TDM 16,1.06,2018-08-02 13:20:59.933000000,10682.0,2.0,2018-07-31,2018-07-31 07:50:33.728,7,51,6,7.8516665,
,2018-07-31 08:16:10,328009.0,3000.0,,,85.0,TDM 16,1.59,2018-08-02 13:20:59.940000000,10682.0,2.0,2018-07-31,2018-07-31 08:16:46.592,8,16,10,8.269444,
,2018-07-31 08:17:08,328009.0,3000.0,,,85.0,TDM 16,1.59,2018-08-02 13:20:59.943000000,10682.0,2.0,2018-07-31,2018-07-31 08:16:46.592,8,17,8,8.285556,
,2018-07-31 08:53:34,328019.0,2000.0,,,85.0,TDM 16,1.06,2018-08-02 13:20:59.950000000,10682.0,2.0,2018-07-31,2018-07-31 08:53:54.816,8,53,34,8.892777,
,2018-07-31 09:38:19,328074.0,1500.0,,,85.0,TDM 16,0.79,2018-08-02 13:20:59.957000000,10682.0,2.0,2018-07-31,2018-07-31 09:37:36.256,9,38,19,9.638611,
,2018-08-01 08:43:19,350053.0,8850.0,,,85.0,TDM 16,4.66,2018-08-02 13:20:59.963000000,10682.0,2.0,2018-08-01,2018-08-01 08:42:35.904,8,43,19,8.721945,
,2018-08-01 09:03:27,350059.0,2000.0,,,85.0,TDM 16,1.06,2018-08-02 13:20:59.970000000,10682.0,2.0,2018-08-01,2018-08-01 09:04:26.624,9,3,27,9.0575,
,2018-08-01 09:31:16,350063.0,1500.0,,,85.0,TDM 16,0.79,2018-08-02 13:20:59.973000000,10682.0,2.0,2018-08-01,2018-08-01 09:30:39.488,9,31,16,9.5211115,
,2018-08-01 09:44:04,350042.0,3000.0,,,85.0,TDM 16,1.59,2018-08-02 13:20:59.980000000,10682.0,2.0,2018-08-01,2018-08-01 09:43:45.920,9,44,4,9.734445,
,2018-08-01 09:47:27,350043.0,6650.0,,,85.0,TDM 16,3.49,2018-08-02 13:20:59.987000000,10682.0,2.0,2018-08-01,2018-08-01 09:48:08.064,9,47,27,9.790833,
,2018-07-20 10:18:52,363133.0,6650.0,,,101.0,TDM 32,3.49,2018-08-02 13:25:54.403000000,10683.0,2.0,2018-07-20,2018-07-20 10:19:03.552,10,18,52,10.314445,
,2018-07-20 10:21:21,363130.0,11050.0,,,101.0,TDM 32,5.82,2018-08-02 13:25:54.410000000,10683.0,2.0,2018-07-20,2018-07-20 10:21:14.624,10,21,21,10.355833,
,2018-07-25 07:32:01,363003.0,1500.0,,,101.0,TDM 32,0.79,2018-08-02 13:25:54.417000000,10683.0,2.0,2018-07-25,2018-07-25 07:31:04.320,7,32,1,7.5336113,
,2018-07-26 08:17:07,363037.0,8850.0,,,101.0,TDM 32,4.66,2018-08-02 13:25:54.423000000,10683.0,2.0,2018-07-26,2018-07-26 08:16:33.280,8,17,7,8.285277,
,2018-07-31 07:41:39,363037.0,13250.0,,,101.0,TDM 32,6.99,2018-08-02 13:25:54.430000000,10683.0,2.0,2018-07-31,2018-07-31 07:41:49.440,7,41,39,7.6941667,
,2018-07-19 11:54:08,550109.0,1500.0,,,93.0,TDM 24,0.79,2018-08-02 13:31:25.893000000,10684.0,2.0,2018-07-19,2018-07-19 11:53:23.200,11,54,8,11.902223,
,2018-07-26 09:37:21,550106.0,1500.0,,,93.0,TDM 24,0.79,2018-08-02 13:31:25.903000000,10684.0,2.0,2018-07-26,2018-07-26 09:37:22.944,9,37,21,9.6225,
,2018-07-26 11:23:38,550026.0,1500.0,,,93.0,TDM 24,0.79,2018-08-02 13:31:25.910000000,10684.0,2.0,2018-07-26,2018-07-26 11:24:25.472,11,23,38,11.393888,
,2018-07-28 10:22:47,550153.0,2000.0,,,93.0,TDM 24,1.06,2018-08-02 13:31:25.913000000,10684.0,2.0,2018-07-28,2018-07-28 10:22:28.352,10,22,47,10.379723,
,2018-07-28 10:51:51,550159.0,2500.0,,,93.0,TDM 24,1.32,2018-08-02 13:31:25.920000000,10684.0,2.0,2018-07-28,2018-07-28 10:50:52.288,10,51,51,10.864166,
,2018-07-30 10:15:11,516055.0,3000.0,,,93.0,TDM 24,1.59,2018-08-02 13:31:25.927000000,10684.0,2.0,2018-07-30,2018-07-30 10:15:08.032,10,15,11,10.253056,
,2018-07-31 09:54:34,550081.0,1500.0,,,93.0,TDM 24,0.79,2018-08-02 13:31:25.933000000,10684.0,2.0,2018-07-31,2018-07-31 09:55:04.832,9,54,34,9.909445,
,2018-07-31 10:38:24,550114.0,3000.0,,,93.0,TDM 24,1.59,2018-08-02 13:31:25.940000000,10684.0,2.0,2018-07-31,2018-07-31 10:38:46.272,10,38,24,10.64,
,2018-07-31 11:06:18,550121.0,2000.0,,,93.0,TDM 24,1.06,2018-08-02 13:31:25.947000000,10684.0,2.0,2018-07-31,2018-07-31 11:07:10.208,11,6,18,11.105,
,2018-07-31 11:28:58,550132.0,1500.0,,,93.0,TDM 24,0.79,2018-08-02 13:31:25.950000000,10684.0,2.0,2018-07-31,2018-07-31 11:29:00.928,11,28,58,11.482778,
,2018-07-30 08:40:50,239082.0,2000.0,,,103.0,TDM 34,1.06,2018-08-02 13:35:41.010000000,10685.0,2.0,2018-07-30,2018-07-30 08:41:11.936,8,40,50,8.680555,
,2018-07-30 08:45:10,239076.0,1500.0,,,103.0,TDM 34,0.79,2018-08-02 13:35:41.017000000,10685.0,2.0,2018-07-30,2018-07-30 08:45:34.080,8,45,10,8.752778,
,2018-07-31 08:17:22,239084.0,2000.0,,,103.0,TDM 34,1.06,2018-08-02 13:35:41.030000000,10685.0,2.0,2018-07-31,2018-07-31 08:16:46.592,8,17,22,8.289444,
,2018-07-31 09:01:53,239027.0,2000.0,,,103.0,TDM 34,1.06,2018-08-02 13:35:41.037000000,10685.0,2.0,2018-07-31,2018-07-31 09:02:39.104,9,1,53,9.031389,
,2018-07-31 09:12:03,239016.0,2500.0,,,103.0,TDM 34,1.32,2018-08-02 13:35:41.040000000,10685.0,2.0,2018-07-31,2018-07-31 09:11:23.392,9,12,3,9.200833,
,2018-08-01 10:02:07,239007.0,11050.0,,,103.0,TDM 34,5.82,2018-08-02 13:35:41.047000000,10685.0,2.0,2018-08-01,2018-08-01 10:01:14.496,10,2,7,10.035277,
,2018-08-01 10:14:08,239004.0,2000.0,,,103.0,TDM 34,1.06,2018-08-02 13:35:41.053000000,10685.0,2.0,2018-08-01,2018-08-01 10:14:20.928,10,14,8,10.235556,
,2018-07-18 09:49:01,523089.0,2500.0,,,78.0,TDM 9,1.32,2018-08-02 13:46:38.470000000,10687.0,2.0,2018-07-18,2018-07-18 09:49:15.648,9,49,1,9.816944,
,2018-07-20 12:03:50,605072.0,1500.0,,,78.0,TDM 9,0.79,2018-08-02 13:46:38.483000000,10687.0,2.0,2018-07-20,2018-07-20 12:03:55.008,12,3,50,12.063889,
,2018-07-24 08:53:14,523017.0,1500.0,,,78.0,TDM 9,0.79,2018-08-02 13:46:38.490000000,10687.0,2.0,2018-07-24,2018-07-24 08:52:17.536,8,53,14,8.887222,
,2018-07-25 08:56:13,681012.0,2500.0,,,78.0,TDM 9,1.32,2018-08-02 13:46:38.497000000,10687.0,2.0,2018-07-25,2018-07-25 08:56:16.128,8,56,13,8.936944,
,2018-07-28 09:35:11,523132.0,1500.0,,,78.0,TDM 9,0.79,2018-08-02 13:46:38.500000000,10687.0,2.0,2018-07-28,2018-07-28 09:34:24.768,9,35,11,9.586389,
,2018-08-02 07:20:02,523079.0,6650.0,,,78.0,TDM 9,3.49,2018-08-02 13:46:38.510000000,10687.0,2.0,2018-08-02,2018-08-02 07:19:11.616,7,20,2,7.333889,
,2018-08-02 07:32:53,523014.0,3000.0,,,78.0,TDM 9,1.59,2018-08-02 13:46:38.513000000,10687.0,2.0,2018-08-02,2018-08-02 07:32:18.048,7,32,53,7.5480556,
,2018-08-02 07:42:01,523014.0,3000.0,,,78.0,TDM 9,1.59,2018-08-02 13:46:38.520000000,10687.0,2.0,2018-08-02,2018-08-02 07:41:02.336,7,42,1,7.700278,
,2018-08-02 07:46:18,523014.0,3000.0,,,78.0,TDM 9,1.59,2018-08-02 13:46:38.527000000,10687.0,2.0,2018-08-02,2018-08-02 07:45:24.480,7,46,18,7.7716665,
,2018-08-02 07:51:24,523014.0,3000.0,,,78.0,TDM 9,1.59,2018-08-02 13:46:38.533000000,10687.0,2.0,2018-08-02,2018-08-02 07:51:57.696,7,51,24,7.8566666,
,2018-08-02 07:57:42,523114.0,1500.0,,,78.0,TDM 9,0.79,2018-08-02 13:46:38.540000000,10687.0,2.0,2018-08-02,2018-08-02 07:58:30.912,7,57,42,7.9616666,
,2018-07-18 11:42:50,529154.0,2500.0,,,81.0,TDM 12,1.32,2018-08-02 13:55:05.607000000,10688.0,2.0,2018-07-18,2018-07-18 11:42:51.392,11,42,50,11.713889,
,2018-07-18 12:08:45,529164.0,2500.0,,,81.0,TDM 12,1.32,2018-08-02 13:55:05.610000000,10688.0,2.0,2018-07-18,2018-07-18 12:09:04.256,12,8,45,12.145833,
,2018-07-25 08:43:00,529003.0,1500.0,,,81.0,TDM 12,0.79,2018-08-02 13:55:05.617000000,10688.0,2.0,2018-07-25,2018-07-25 08:43:09.696,8,43,0,8.716666,
,2018-07-28 10:32:33,529031.0,1500.0,,,81.0,TDM 12,0.79,2018-08-02 13:55:05.623000000,10688.0,2.0,2018-07-28,2018-07-28 10:33:23.712,10,32,33,10.5425,
,2018-08-02 08:50:44,671019.0,8850.0,,,81.0,TDM 12,4.66,2018-08-02 13:55:05.630000000,10688.0,2.0,2018-08-02,2018-08-02 08:50:56.640,8,50,44,8.845555,
,2018-07-19 09:12:54,549064.0,1500.0,,,123.0,TDM 53,0.79,2018-08-02 13:58:28.647000000,10689.0,2.0,2018-07-19,2018-07-19 09:13:54.944,9,12,54,9.215,
,2018-07-19 09:17:38,549064.0,1500.0,,,123.0,TDM 53,0.79,2018-08-02 13:58:28.657000000,10689.0,2.0,2018-07-19,2018-07-19 09:18:17.088,9,17,38,9.293889,
,2018-07-19 09:20:12,549064.0,1500.0,,,123.0,TDM 53,0.79,2018-08-02 13:58:28.663000000,10689.0,2.0,2018-07-19,2018-07-19 09:20:28.160,9,20,12,9.336667,
,2018-07-20 12:27:22,208002.0,13250.0,,,123.0,TDM 53,6.99,2018-08-02 13:58:28.670000000,10689.0,2.0,2018-07-20,2018-07-20 12:27:56.800,12,27,22,12.456111,
,2018-07-20 12:28:36,208002.65,13250.0,,,123.0,TDM 53,6.99,2018-08-02 13:58:28.677000000,10689.0,2.0,2018-07-20,2018-07-20 12:27:56.800,12,28,36,12.476666,
,2018-07-20 12:30:45,208002.0,13250.0,,,123.0,TDM 53,6.99,2018-08-02 13:58:28.680000000,10689.0,2.0,2018-07-20,2018-07-20 12:30:07.872,12,30,45,12.5125,
,2018-07-20 12:31:51,208002.0,13250.0,,,123.0,TDM 53,6.99,2018-08-02 13:58:28.687000000,10689.0,2.0,2018-07-20,2018-07-20 12:32:18.944,12,31,51,12.530833,
,2018-07-20 12:35:29,208003.0,2500.0,,,123.0,TDM 53,1.32,2018-08-02 13:58:28.693000000,10689.0,2.0,2018-07-20,2018-07-20 12:34:30.016,12,35,29,12.591389,
,2018-07-20 12:37:51,208003.0,2500.0,,,123.0,TDM 53,1.32,2018-08-02 13:58:28.700000000,10689.0,2.0,2018-07-20,2018-07-20 12:38:52.160,12,37,51,12.630834,
,2018-07-20 12:38:24,208003.0,2500.0,,,123.0,TDM 53,1.32,2018-08-02 13:58:28.707000000,10689.0,2.0,2018-07-20,2018-07-20 12:38:52.160,12,38,24,12.64,
,2018-07-20 12:41:49,208003.0,2500.0,,,123.0,TDM 53,1.32,2018-08-02 13:58:28.710000000,10689.0,2.0,2018-07-20,2018-07-20 12:41:03.232,12,41,49,12.696944,
,2018-07-20 12:43:42,208003.0,2500.0,,,123.0,TDM 53,1.32,2018-08-02 13:58:28.717000000,10689.0,2.0,2018-07-20,2018-07-20 12:43:14.304,12,43,42,12.728333,
,2018-07-20 12:46:10,208003.0,2500.0,,,123.0,TDM 53,1.32,2018-08-02 13:58:28.723000000,10689.0,2.0,2018-07-20,2018-07-20 12:45:25.376,12,46,10,12.769444,
,2018-07-20 12:48:48,208003.0,2500.0,,,123.0,TDM 53,1.32,2018-08-02 13:58:28.730000000,10689.0,2.0,2018-07-20,2018-07-20 12:49:47.520,12,48,48,12.8133335,
,2018-07-25 11:08:46,549063.0,1500.0,,,123.0,TDM 53,0.79,2018-08-02 13:58:28.747000000,10689.0,2.0,2018-07-25,2018-07-25 11:09:31.520,11,8,46,11.1461115,
,2018-07-26 10:09:12,549063.0,1500.0,,,123.0,TDM 53,0.79,2018-08-02 13:58:28.753000000,10689.0,2.0,2018-07-26,2018-07-26 10:10:09.024,10,9,12,10.153334,
,2018-07-26 10:14:14,549063.0,1500.0,,,123.0,TDM 53,0.79,2018-08-02 13:58:28.760000000,10689.0,2.0,2018-07-26,2018-07-26 10:14:31.168,10,14,14,10.237223,
,2018-07-26 10:17:34,549063.0,1500.0,,,123.0,TDM 53,0.79,2018-08-02 13:58:28.767000000,10689.0,2.0,2018-07-26,2018-07-26 10:16:42.240,10,17,34,10.292778,
,2018-07-30 10:42:59,549006.0,2000.0,,,123.0,TDM 53,1.06,2018-08-02 13:58:28.770000000,10689.0,2.0,2018-07-30,2018-07-30 10:43:31.968,10,42,59,10.716389,
,2018-07-31 07:50:55,549078.0,1500.0,,,123.0,TDM 53,0.79,2018-08-02 13:58:28.777000000,10689.0,2.0,2018-07-31,2018-07-31 07:50:33.728,7,50,55,7.848611,
,2018-07-31 08:46:35,549088.0,2500.0,,,123.0,TDM 53,1.32,2018-08-02 13:58:28.783000000,10689.0,2.0,2018-07-31,2018-07-31 08:47:21.600,8,46,35,8.776389,
,2018-07-24 10:57:04,597017.0,8850.0,,,124.0,TDM 54,4.66,2018-08-02 14:02:40.473000000,10690.0,2.0,2018-07-24,2018-07-24 10:56:48.640,10,57,4,10.951111,
,2018-07-23 12:10:55,300022.0,2000.0,,,104.0,TDM 35,1.06,2018-08-02 14:09:04.473000000,10691.0,2.0,2018-07-23,2018-07-23 12:11:28.640,12,10,55,12.181945,
,2018-07-23 16:15:20,300049.0,2000.0,,,104.0,TDM 35,1.06,2018-08-02 14:09:04.480000000,10691.0,2.0,2018-07-23,2018-07-23 16:16:08.704,16,15,20,16.255556,
,2018-07-30 06:51:18,643041.0,13250.0,,,104.0,TDM 35,6.99,2018-08-02 14:09:04.487000000,10691.0,2.0,2018-07-30,2018-07-30 06:51:58.336,6,51,18,6.855,
,2018-07-31 12:12:50,643036.0,11050.0,,,104.0,TDM 35,5.82,2018-08-02 14:09:04.500000000,10691.0,2.0,2018-07-31,2018-07-31 12:12:42.368,12,12,50,12.213889,
,2018-08-01 07:22:59,643025.0,3000.0,,,104.0,TDM 35,1.59,2018-08-02 14:09:04.503000000,10691.0,2.0,2018-08-01,2018-08-01 07:23:57.312,7,22,59,7.3830557,
,2018-08-01 07:45:25,643019.0,13250.0,,,104.0,TDM 35,6.99,2018-08-02 14:09:04.510000000,10691.0,2.0,2018-08-01,2018-08-01 07:45:48.032,7,45,25,7.7569447,
,2018-07-16 14:12:30,223013.0,3000.0,,,83.0,TDM 14,1.59,2018-08-02 14:14:30.057000000,10692.0,2.0,2018-07-16,2018-07-16 14:12:11.392,14,12,30,14.208333,
,2018-07-17 12:00:50,223081.0,2500.0,,,83.0,TDM 14,1.32,2018-08-02 14:14:30.067000000,10692.0,2.0,2018-07-17,2018-07-17 12:00:43.520,12,0,50,12.013889,
,2018-07-17 12:32:21,223085.0,1500.0,,,83.0,TDM 14,0.79,2018-08-02 14:14:30.070000000,10692.0,2.0,2018-07-17,2018-07-17 12:31:18.528,12,32,21,12.539166,
,2018-07-18 12:49:51,683051.0,2000.0,,,83.0,TDM 14,1.06,2018-08-02 14:14:30.077000000,10692.0,2.0,2018-07-18,2018-07-18 12:50:34.624,12,49,51,12.830833,
,2018-07-31 10:09:44,223051.0,2000.0,,,83.0,TDM 14,1.06,2018-08-02 14:14:30.083000000,10692.0,2.0,2018-07-31,2018-07-31 10:10:22.336,10,9,44,10.162222,
,2018-06-22 11:20:26,208001.0,1500.0,,,112.0,TDM 42,0.79,2018-08-02 14:18:24.340000000,10693.0,2.0,2018-06-22,2018-06-22 11:20:17.664,11,20,26,11.340555,
,2018-06-22 11:37:38,208001.1234,8850.0,,,112.0,TDM 42,4.66,2018-08-02 14:18:24.360000000,10693.0,2.0,2018-06-22,2018-06-22 11:37:46.240,11,37,38,11.627222,
,2018-06-22 11:42:39,208001.0,8850.0,,,112.0,TDM 42,4.66,2018-08-02 14:18:24.363000000,10693.0,2.0,2018-06-22,2018-06-22 11:42:08.384,11,42,39,11.710834,
,2018-06-22 11:48:05,208001.0,8850.0,,,112.0,TDM 42,4.66,2018-08-02 14:18:24.370000000,10693.0,2.0,2018-06-22,2018-06-22 11:48:41.600,11,48,5,11.801389,
,2018-06-22 11:51:44,208001.0,8850.0,,,112.0,TDM 42,4.66,2018-08-02 14:18:24.377000000,10693.0,2.0,2018-06-22,2018-06-22 11:50:52.672,11,51,44,11.862223,
,2018-06-22 12:06:17,208001.0,11050.0,,,112.0,TDM 42,5.82,2018-08-02 14:18:24.390000000,10693.0,2.0,2018-06-22,2018-06-22 12:06:10.176,12,6,17,12.104722,
,2018-06-22 12:09:14,208001.0,11050.0,,,112.0,TDM 42,5.82,2018-08-02 14:18:24.393000000,10693.0,2.0,2018-06-22,2018-06-22 12:08:21.248,12,9,14,12.153889,
,2018-06-23 08:35:39,208001.0,3000.0,,,112.0,TDM 42,1.59,2018-08-02 14:18:24.400000000,10693.0,2.0,2018-06-23,2018-06-23 08:36:03.712,8,35,39,8.594167,
,2018-06-23 08:47:25,208002.0,2000.0,,,112.0,TDM 42,1.06,2018-08-02 14:18:24.407000000,10693.0,2.0,2018-06-23,2018-06-23 08:46:59.072,8,47,25,8.7902775,
,2018-06-28 14:34:15,208003.0,2500.0,,,112.0,TDM 42,1.32,2018-08-02 14:18:24.423000000,10693.0,2.0,2018-06-28,2018-06-28 14:34:32.832,14,34,15,14.570833,
,2018-07-09 09:26:14,208050.0,0.0,,,112.0,TDM 42,0.79,2018-08-02 14:18:24.437000000,10693.0,2.0,2018-07-09,2018-07-09 09:26:34.752,9,26,14,9.4372225,
,2018-08-01 10:23:30,511091.0,1500.0,,,112.0,TDM 42,0.79,2018-08-02 14:18:24.443000000,10693.0,2.0,2018-08-01,2018-08-01 10:23:05.216,10,23,30,10.391666,
,2018-08-01 11:30:39,511047.0,1500.0,,,112.0,TDM 42,0.79,2018-08-02 14:18:24.450000000,10693.0,2.0,2018-08-01,2018-08-01 11:30:48.448,11,30,39,11.510834,
,2018-08-01 11:41:33,511048.0,2500.0,,,112.0,TDM 42,1.32,2018-08-02 14:18:24.457000000,10693.0,2.0,2018-08-01,2018-08-01 11:41:43.808,11,41,33,11.6925,
,2018-08-01 11:58:31,511056.0,3000.0,,,112.0,TDM 42,1.59,2018-08-02 14:18:24.460000000,10693.0,2.0,2018-08-01,2018-08-01 11:59:12.384,11,58,31,11.975278,
,2018-08-02 07:17:35,631004.0,3000.0,,,112.0,TDM 42,1.59,2018-08-02 14:18:24.467000000,10693.0,2.0,2018-08-02,2018-08-02 07:17:00.544,7,17,35,7.2930555,
,2018-08-02 07:28:43,631006.0,1500.0,,,112.0,TDM 42,0.79,2018-08-02 14:18:24.473000000,10693.0,2.0,2018-08-02,2018-08-02 07:27:55.904,7,28,43,7.478611,
,2018-08-02 07:52:12,511014.0,1500.0,,,112.0,TDM 42,0.79,2018-08-02 14:18:24.480000000,10693.0,2.0,2018-08-02,2018-08-02 07:51:57.696,7,52,12,7.87,
,2018-08-02 08:36:47,631032.0,2500.0,,,112.0,TDM 42,1.32,2018-08-02 14:18:24.487000000,10693.0,2.0,2018-08-02,2018-08-02 08:37:50.208,8,36,47,8.613055,
,2018-08-02 09:58:30,631071.0,2000.0,,,112.0,TDM 42,1.06,2018-08-02 14:18:24.497000000,10693.0,2.0,2018-08-02,2018-08-02 09:58:39.872,9,58,30,9.975,
,2018-08-02 10:05:16,511093.0,2000.0,,,112.0,TDM 42,1.06,2018-08-02 14:18:24.503000000,10693.0,2.0,2018-08-02,2018-08-02 10:05:13.088,10,5,16,10.087778,
,2018-07-13 13:37:37,204001.0,6650.0,,,82.0,TDM 13,3.49,2018-08-02 14:23:46.203000000,10694.0,2.0,2018-07-13,2018-07-13 13:38:24.896,13,37,37,13.626945,
,2018-07-13 15:03:35,204001.0,0.0,,,82.0,TDM 13,5.82,2018-08-02 14:23:46.220000000,10694.0,2.0,2018-07-13,2018-07-13 15:03:36.704,15,3,35,15.059722,
,2018-07-14 08:25:07,208001.0,1500.0,,,82.0,TDM 13,0.79,2018-08-02 14:23:46.223000000,10694.0,2.0,2018-07-14,2018-07-14 08:25:38.048,8,25,7,8.418612,
,2018-07-14 09:15:30,250002.0,1500.0,,,82.0,TDM 13,0.79,2018-08-02 14:23:46.230000000,10694.0,2.0,2018-07-14,2018-07-14 09:15:52.704,9,15,30,9.258333,
,2018-07-14 09:32:58,208002.0,3000.0,,,82.0,TDM 13,1.59,2018-08-02 14:23:46.237000000,10694.0,2.0,2018-07-14,2018-07-14 09:33:21.280,9,32,58,9.549444,
,2018-07-14 09:39:12,208005.0,2500.0,,,82.0,TDM 13,1.32,2018-08-02 14:23:46.243000000,10694.0,2.0,2018-07-14,2018-07-14 09:39:54.496,9,39,12,9.653334,
,2018-07-14 09:47:17,208001.0,1500.0,,,82.0,TDM 13,0.79,2018-08-02 14:23:46.250000000,10694.0,2.0,2018-07-14,2018-07-14 09:46:27.712,9,47,17,9.788055,
,2018-07-14 10:16:16,627054.0,413850.0,,,82.0,TDM 13,219.0,2018-08-02 14:23:46.257000000,10694.0,2.0,2018-07-14,2018-07-14 10:17:02.720,10,16,16,10.2711115,
,2018-07-14 10:27:19,627054.0,413850.0,,,82.0,TDM 13,219.0,2018-08-02 14:23:46.260000000,10694.0,2.0,2018-07-14,2018-07-14 10:27:58.080,10,27,19,10.455277,
,2018-07-14 10:34:16,6092133.0,2500.0,,,82.0,TDM 13,1.32,2018-08-02 14:23:46.267000000,10694.0,2.0,2018-07-14,2018-07-14 10:34:31.296,10,34,16,10.571111,
,2018-07-17 09:31:01,372029.0,3000.0,,,82.0,TDM 13,1.59,2018-08-02 14:23:46.273000000,10694.0,2.0,2018-07-17,2018-07-17 09:29:59.552,9,31,1,9.516945,
,2018-07-18 11:18:26,372023.0,2500.0,,,82.0,TDM 13,1.32,2018-08-02 14:23:46.280000000,10694.0,2.0,2018-07-18,2018-07-18 11:18:49.600,11,18,26,11.307222,
,2018-07-19 10:02:49,372057.0,2500.0,,,82.0,TDM 13,1.32,2018-08-02 14:23:46.287000000,10694.0,2.0,2018-07-19,2018-07-19 10:01:58.528,10,2,49,10.046945,
,2018-07-19 14:24:10,372172.0,1500.0,,,82.0,TDM 13,0.79,2018-08-02 14:23:46.290000000,10694.0,2.0,2018-07-19,2018-07-19 14:24:07.168,14,24,10,14.402778,
,2018-07-20 09:22:06,372175.0,1500.0,,,82.0,TDM 13,0.79,2018-08-02 14:23:46.297000000,10694.0,2.0,2018-07-20,2018-07-20 09:22:15.680,9,22,6,9.368333,
,2018-07-21 14:18:22,208006.0,1500.0,,,82.0,TDM 13,0.79,2018-08-02 14:23:46.303000000,10694.0,2.0,2018-07-21,2018-07-21 14:18:57.920,14,18,22,14.306111,
,2018-07-21 14:19:48,208006.0,1500.0,,,82.0,TDM 13,0.79,2018-08-02 14:23:46.310000000,10694.0,2.0,2018-07-21,2018-07-21 14:18:57.920,14,19,48,14.33,
,2018-07-27 06:37:46,372002.0,2000.0,,,82.0,TDM 13,1.06,2018-08-02 14:23:46.333000000,10694.0,2.0,2018-07-27,2018-07-27 06:37:51.488,6,37,46,6.6294446,
,2018-07-31 07:16:15,372069.0,2000.0,,,82.0,TDM 13,1.06,2018-08-02 14:23:46.340000000,10694.0,2.0,2018-07-31,2018-07-31 07:15:36.576,7,16,15,7.2708335,
,2018-07-31 08:01:04,372195.0,1500.0,,,82.0,TDM 13,0.79,2018-08-02 14:23:46.343000000,10694.0,2.0,2018-07-31,2018-07-31 08:01:29.088,8,1,4,8.017777,
,2018-07-31 08:16:03,372197.0,1500.0,,,82.0,TDM 13,0.79,2018-08-02 14:23:46.350000000,10694.0,2.0,2018-07-31,2018-07-31 08:16:46.592,8,16,3,8.2675,
,2018-07-31 09:50:27,373105.0,2500.0,,,82.0,TDM 13,1.32,2018-08-02 14:23:46.357000000,10694.0,2.0,2018-07-31,2018-07-31 09:50:42.688,9,50,27,9.840834,
,2018-07-31 09:54:21,373114.0,2500.0,,,82.0,TDM 13,1.32,2018-08-02 14:23:46.363000000,10694.0,2.0,2018-07-31,2018-07-31 09:55:04.832,9,54,21,9.905833,
,2018-07-16 11:52:58,511023.0,1500.0,,,77.0,TDM 8,0.79,2018-08-02 14:28:10.393000000,10695.0,2.0,2018-07-16,2018-07-16 11:52:22.784,11,52,58,11.882778,
,2018-07-16 12:10:59,511026.0,2000.0,,,77.0,TDM 8,1.06,2018-08-02 14:28:10.400000000,10695.0,2.0,2018-07-16,2018-07-16 12:12:02.432,12,10,59,12.183056,
,2018-07-16 12:45:13,511030.0,1500.0,,,77.0,TDM 8,0.79,2018-08-02 14:28:10.407000000,10695.0,2.0,2018-07-16,2018-07-16 12:44:48.512,12,45,13,12.753612,
,2018-07-18 07:57:48,511080.0,2000.0,,,77.0,TDM 8,1.06,2018-08-02 14:28:10.410000000,10695.0,2.0,2018-07-18,2018-07-18 07:57:50.976,7,57,48,7.963333,
,2018-07-18 11:17:59,511115.0,1500.0,,,77.0,TDM 8,0.79,2018-08-02 14:28:10.417000000,10695.0,2.0,2018-07-18,2018-07-18 11:18:49.600,11,17,59,11.299723,
,2018-07-18 11:28:05,511116.0,1500.0,,,77.0,TDM 8,0.79,2018-08-02 14:28:10.423000000,10695.0,2.0,2018-07-18,2018-07-18 11:27:33.888,11,28,5,11.468056,
,2018-07-19 09:03:28,631010.0,1500.0,,,77.0,TDM 8,0.79,2018-08-02 14:28:10.437000000,10695.0,2.0,2018-07-19,2018-07-19 09:02:59.584,9,3,28,9.057777,
,2018-07-19 09:32:50,631013.0,1500.0,,,77.0,TDM 8,0.79,2018-08-02 14:28:10.440000000,10695.0,2.0,2018-07-19,2018-07-19 09:33:34.592,9,32,50,9.547222,
,2018-07-27 08:58:27,511064.0,2000.0,,,77.0,TDM 8,1.06,2018-08-02 14:28:10.450000000,10695.0,2.0,2018-07-27,2018-07-27 08:57:40.096,8,58,27,8.974167,
,2018-07-27 09:09:54,511065.0,2500.0,,,77.0,TDM 8,1.32,2018-08-02 14:28:10.453000000,10695.0,2.0,2018-07-27,2018-07-27 09:10:46.528,9,9,54,9.165,
,2018-07-27 09:43:36,511039.0,1500.0,,,77.0,TDM 8,0.79,2018-08-02 14:28:10.460000000,10695.0,2.0,2018-07-27,2018-07-27 09:43:32.608,9,43,36,9.726666,
,2018-07-27 09:47:06,511039.0,1500.0,,,77.0,TDM 8,0.79,2018-08-02 14:28:10.467000000,10695.0,2.0,2018-07-27,2018-07-27 09:47:54.752,9,47,6,9.785,
,2018-07-27 10:10:01,511042.0,2000.0,,,77.0,TDM 8,1.06,2018-08-02 14:28:10.473000000,10695.0,2.0,2018-07-27,2018-07-27 10:09:45.472,10,10,1,10.1669445,
,2018-07-30 08:15:21,511117.0,6650.0,,,77.0,TDM 8,3.49,2018-08-02 14:28:10.483000000,10695.0,2.0,2018-07-30,2018-07-30 08:14:59.072,8,15,21,8.255834,
,2018-07-30 10:10:24,511040.0,1500.0,,,77.0,TDM 8,0.79,2018-08-02 14:28:10.490000000,10695.0,2.0,2018-07-30,2018-07-30 10:10:45.888,10,10,24,10.173333,
,2018-07-30 10:25:50,511020.0,1500.0,,,77.0,TDM 8,0.79,2018-08-02 14:28:10.497000000,10695.0,2.0,2018-07-30,2018-07-30 10:26:03.392,10,25,50,10.430555,
,2018-07-30 10:56:45,511035.0,2000.0,,,77.0,TDM 8,1.06,2018-08-02 14:28:10.503000000,10695.0,2.0,2018-07-30,2018-07-30 10:56:38.400,10,56,45,10.945833,
,2018-07-30 11:04:52,511058.0,3000.0,,,77.0,TDM 8,1.59,2018-08-02 14:28:10.507000000,10695.0,2.0,2018-07-30,2018-07-30 11:05:22.688,11,4,52,11.081111,
,2018-08-01 07:38:41,511052.0,2500.0,,,77.0,TDM 8,1.32,2018-08-02 14:28:10.513000000,10695.0,2.0,2018-08-01,2018-08-01 07:39:14.816,7,38,41,7.644722,
,2018-07-19 11:35:21,579056.0,2500.0,,,91.0,TDM 22,1.32,2018-08-02 14:31:23.677000000,10696.0,2.0,2018-07-19,2018-07-19 11:35:54.624,11,35,21,11.589167,
,2018-07-25 10:03:02,355079.0,3000.0,,,91.0,TDM 22,1.59,2018-08-02 14:31:23.683000000,10696.0,2.0,2018-07-25,2018-07-25 10:03:59.360,10,3,2,10.050555,
,2018-07-27 09:02:16,579069.0,3000.0,,,91.0,TDM 22,1.59,2018-08-02 14:31:23.690000000,10696.0,2.0,2018-07-27,2018-07-27 09:02:02.240,9,2,16,9.037778,
,2018-07-28 08:14:28,355084.0,1500.0,,,91.0,TDM 22,0.79,2018-08-02 14:31:23.697000000,10696.0,2.0,2018-07-28,2018-07-28 08:13:35.104,8,14,28,8.241111,
,2018-07-28 09:39:16,355077.0,2000.0,,,91.0,TDM 22,1.06,2018-08-02 14:31:23.700000000,10696.0,2.0,2018-07-28,2018-07-28 09:38:46.912,9,39,16,9.654445,
,2018-07-31 08:03:39,355063.0,1500.0,,,91.0,TDM 22,0.79,2018-08-02 14:31:23.707000000,10696.0,2.0,2018-07-31,2018-07-31 08:03:40.160,8,3,39,8.060833,
,2018-08-01 09:31:31,579034.0,1500.0,,,91.0,TDM 22,0.79,2018-08-02 14:31:23.713000000,10696.0,2.0,2018-08-01,2018-08-01 09:30:39.488,9,31,31,9.525278,
,2018-08-01 10:33:58,579008.0,1500.0,,,91.0,TDM 22,0.79,2018-08-02 14:31:23.720000000,10696.0,2.0,2018-08-01,2018-08-01 10:34:00.576,10,33,58,10.566112,
,2018-08-01 11:58:16,579008.0,1500.0,,,91.0,TDM 22,0.79,2018-08-02 14:31:23.727000000,10696.0,2.0,2018-08-01,2018-08-01 11:59:12.384,11,58,16,11.971111,
,2018-08-01 12:05:56,208001.0,1500.0,,,91.0,TDM 22,0.79,2018-08-02 14:31:23.730000000,10696.0,2.0,2018-08-01,2018-08-01 12:05:45.600,12,5,56,12.098889,
,2018-08-01 12:29:43,579010.0,1500.0,,,91.0,TDM 22,0.79,2018-08-02 14:31:23.737000000,10696.0,2.0,2018-08-01,2018-08-01 12:29:47.392,12,29,43,12.495277,
,2018-08-01 12:32:15,579008.0,1500.0,,,91.0,TDM 22,0.79,2018-08-02 14:31:23.743000000,10696.0,2.0,2018-08-01,2018-08-01 12:31:58.464,12,32,15,12.5375,
,2018-08-01 12:35:10,579004.0,2000.0,,,91.0,TDM 22,1.06,2018-08-02 14:31:23.750000000,10696.0,2.0,2018-08-01,2018-08-01 12:34:09.536,12,35,10,12.586111,
,2018-07-13 13:57:41,208001.0,11050.0,,,100.0,TDM 31,5.82,2018-08-02 14:34:44.020000000,10697.0,2.0,2018-07-13,2018-07-13 13:58:04.544,13,57,41,13.961389,
,2018-07-13 14:05:50,205001.0,11050.0,,,100.0,TDM 31,5.82,2018-08-02 14:34:44.030000000,10697.0,2.0,2018-07-13,2018-07-13 14:06:48.832,14,5,50,14.097222,
,2018-07-13 14:28:46,208003.0,11050.0,,,100.0,TDM 31,5.82,2018-08-02 14:34:44.033000000,10697.0,2.0,2018-07-13,2018-07-13 14:28:39.552,14,28,46,14.4794445,
,2018-07-13 14:38:45,208002.0,13250.0,,,100.0,TDM 31,6.99,2018-08-02 14:34:44.040000000,10697.0,2.0,2018-07-13,2018-07-13 14:39:34.912,14,38,45,14.645833,
,2018-07-13 14:55:23,208001.0,6650.0,,,100.0,TDM 31,3.49,2018-08-02 14:34:44.047000000,10697.0,2.0,2018-07-13,2018-07-13 14:54:52.416,14,55,23,14.923056,
,2018-07-13 15:02:42,208001.0,6650.0,,,100.0,TDM 31,3.49,2018-08-02 14:34:44.053000000,10697.0,2.0,2018-07-13,2018-07-13 15:03:36.704,15,2,42,15.045,
,2018-07-16 11:09:29,548014.0,2000.0,,,100.0,TDM 31,1.06,2018-08-02 14:34:44.060000000,10697.0,2.0,2018-07-16,2018-07-16 11:08:41.344,11,9,29,11.158055,
,2018-07-17 08:16:01,548055.0,2000.0,,,100.0,TDM 31,1.06,2018-08-02 14:34:44.063000000,10697.0,2.0,2018-07-17,2018-07-17 08:15:43.104,8,16,1,8.266945,
,2018-07-20 11:26:56,208002.0,2000.0,,,100.0,TDM 31,1.06,2018-08-02 14:34:44.070000000,10697.0,2.0,2018-07-20,2018-07-20 11:26:46.784,11,26,56,11.448889,
,2018-07-20 12:25:59,208002.0,13250.0,,,100.0,TDM 31,6.99,2018-08-02 14:34:44.100000000,10697.0,2.0,2018-07-20,2018-07-20 12:25:45.728,12,25,59,12.433056,
,2018-07-20 12:30:01,208002.0,13250.0,,,100.0,TDM 31,6.99,2018-08-02 14:34:44.107000000,10697.0,2.0,2018-07-20,2018-07-20 12:30:07.872,12,30,1,12.5002775,
,2018-07-24 10:03:13,555017.0,1500.0,,,100.0,TDM 31,0.79,2018-08-02 14:34:44.113000000,10697.0,2.0,2018-07-24,2018-07-24 10:02:11.840,10,3,13,10.053611,
,2018-07-25 06:38:07,555032.0,2500.0,,,100.0,TDM 31,1.32,2018-08-02 14:34:44.120000000,10697.0,2.0,2018-07-25,2018-07-25 06:38:38.592,6,38,7,6.6352777,
,2018-07-25 06:50:23,555040.0,3000.0,,,100.0,TDM 31,1.59,2018-08-02 14:34:44.123000000,10697.0,2.0,2018-07-25,2018-07-25 06:49:33.952,6,50,23,6.839722,
,2018-07-27 16:21:42,548099.0,2500.0,,,100.0,TDM 31,1.32,2018-08-02 14:34:44.130000000,10697.0,2.0,2018-07-27,2018-07-27 16:21:07.712,16,21,42,16.361666,
,2018-07-27 17:14:30,548035.0,3000.0,,,100.0,TDM 31,1.59,2018-08-02 14:34:44.137000000,10697.0,2.0,2018-07-27,2018-07-27 17:13:33.440,17,14,30,17.241667,
,2018-07-27 17:30:35,548070.0,3000.0,,,100.0,TDM 31,1.59,2018-08-02 14:34:44.143000000,10697.0,2.0,2018-07-27,2018-07-27 17:31:02.016,17,30,35,17.509722,
,2018-07-28 06:50:27,555055.0,3000.0,,,100.0,TDM 31,1.59,2018-08-02 14:34:44.150000000,10697.0,2.0,2018-07-28,2018-07-28 06:50:34.368,6,50,27,6.840833,
,2018-07-28 09:04:19,555055.0,3000.0,,,100.0,TDM 31,1.59,2018-08-02 14:34:44.153000000,10697.0,2.0,2018-07-28,2018-07-28 09:03:49.760,9,4,19,9.071944,
,2018-07-28 09:22:15,555041.0,3000.0,,,100.0,TDM 31,1.59,2018-08-02 14:34:44.167000000,10697.0,2.0,2018-07-28,2018-07-28 09:21:18.336,9,22,15,9.370833,
,2018-07-30 06:45:09,555018.0,2500.0,,,100.0,TDM 31,1.32,2018-08-02 14:34:44.173000000,10697.0,2.0,2018-07-30,2018-07-30 06:45:25.120,6,45,9,6.7525,
,2018-08-01 06:45:02,548104.0,1500.0,,,100.0,TDM 31,0.79,2018-08-02 14:34:44.180000000,10697.0,2.0,2018-08-01,2018-08-01 06:44:38.016,6,45,2,6.7505555,
,2018-08-01 08:05:59,548114.0,3000.0,,,100.0,TDM 31,1.59,2018-08-02 14:34:44.183000000,10697.0,2.0,2018-08-01,2018-08-01 08:05:27.680,8,5,59,8.099722,
,2018-07-10 11:54:51,693050.0,13250.0,,,125.0,CHRISTINE,6.99,2018-08-02 14:39:08.283000000,10698.0,2.0,2018-07-10,2018-07-10 11:54:44.096,11,54,51,11.914166,
,2018-07-16 09:44:44,517150.0,6650.0,,,125.0,CHRISTINE,3.49,2018-08-02 14:39:08.297000000,10698.0,2.0,2018-07-16,2018-07-16 09:45:40.608,9,44,44,9.745556,
,2018-07-20 09:35:35,999999.0,6650.0,,,125.0,CHRISTINE,3.49,2018-08-02 14:39:08.333000000,10698.0,2.0,2018-07-20,2018-07-20 09:35:22.112,9,35,35,9.593056,
,2018-07-20 09:43:57,999999.0,6650.0,,,125.0,CHRISTINE,3.49,2018-08-02 14:39:08.340000000,10698.0,2.0,2018-07-20,2018-07-20 09:44:06.400,9,43,57,9.7325,
,2018-07-20 09:45:45,999925.0,6650.0,,,125.0,CHRISTINE,3.49,2018-08-02 14:39:08.343000000,10698.0,2.0,2018-07-20,2018-07-20 09:46:17.472,9,45,45,9.7625,
,2018-07-20 11:17:38,624006.0,8850.0,,,125.0,CHRISTINE,4.66,2018-08-02 14:39:08.350000000,10698.0,2.0,2018-07-20,2018-07-20 11:18:02.496,11,17,38,11.293889,
,2018-07-20 14:08:11,222209.0,1500.0,,,125.0,CHRISTINE,0.79,2018-08-02 14:39:08.357000000,10698.0,2.0,2018-07-20,2018-07-20 14:08:26.112,14,8,11,14.136389,
,2018-08-04 07:19:29,208001.0,0.0,,,77.0,TDM 8,0.79,2018-08-04 11:17:55.150000000,10699.0,2.0,2018-08-04,2018-08-04 07:18:24.512,7,19,29,7.3247223,
,2018-08-04 07:21:39,208001.0,1500.0,,,77.0,TDM 8,0.79,2018-08-04 11:17:55.160000000,10699.0,2.0,2018-08-04,2018-08-04 07:20:35.584,7,21,39,7.360833,
,2018-07-06 17:48:53,627048.0,11050.0,,,90.0,TDM 21,5.82,2018-08-04 11:27:05.730000000,10701.0,2.0,2018-07-06,2018-07-06 17:48:00.896,17,48,53,17.814722,
,2018-07-06 17:54:31,627045.0,11050.0,,,90.0,TDM 21,5.82,2018-08-04 11:27:05.737000000,10701.0,2.0,2018-07-06,2018-07-06 17:54:34.112,17,54,31,17.908611,
,2018-07-06 18:16:14,637049.0,283450.0,,,90.0,TDM 21,150.0,2018-08-04 11:27:05.753000000,10701.0,2.0,2018-07-06,2018-07-06 18:16:24.832,18,16,14,18.270555,
,2018-07-06 18:35:45,627045.0,1500.0,,,90.0,TDM 21,0.79,2018-08-04 11:27:05.760000000,10701.0,2.0,2018-07-06,2018-07-06 18:36:04.480,18,35,45,18.595833,
,2018-07-06 18:58:48,627051.0,2000.0,,,90.0,TDM 21,1.06,2018-08-04 11:27:05.767000000,10701.0,2.0,2018-07-06,2018-07-06 18:57:55.200,18,58,48,18.98,
,2018-07-06 19:05:27,627050.0,3000.0,,,90.0,TDM 21,1.59,2018-08-04 11:27:05.773000000,10701.0,2.0,2018-07-06,2018-07-06 19:04:28.416,19,5,27,19.090834,
,2018-07-06 19:15:25,627060.0,0.0,,,90.0,TDM 21,5.82,2018-08-04 11:27:05.780000000,10701.0,2.0,2018-07-06,2018-07-06 19:15:23.776,19,15,25,19.256945,
,2018-07-09 14:19:13,204001.0,1500.0,,,90.0,TDM 21,0.79,2018-08-04 11:27:05.790000000,10701.0,2.0,2018-07-09,2018-07-09 14:19:18.400,14,19,13,14.320278,
,2018-07-09 14:38:11,208050.0,1500.0,,,90.0,TDM 21,0.79,2018-08-04 11:27:05.797000000,10701.0,2.0,2018-07-09,2018-07-09 14:38:58.048,14,38,11,14.636389,
,2018-07-09 14:46:43,6092130.0,2000.0,,,90.0,TDM 21,1.06,2018-08-04 11:27:05.803000000,10701.0,2.0,2018-07-09,2018-07-09 14:47:42.336,14,46,43,14.778611,
,2018-07-09 14:51:28,6092130.0,2000.0,,,90.0,TDM 21,1.06,2018-08-04 11:27:05.810000000,10701.0,2.0,2018-07-09,2018-07-09 14:52:04.480,14,51,28,14.857778,
,2018-07-09 15:03:18,6092130.0,2000.0,,,90.0,TDM 21,1.06,2018-08-04 11:27:05.813000000,10701.0,2.0,2018-07-09,2018-07-09 15:02:59.840,15,3,18,15.055,
,2018-07-09 15:07:48,6092130.0,2000.0,,,90.0,TDM 21,1.06,2018-08-04 11:27:05.820000000,10701.0,2.0,2018-07-09,2018-07-09 15:07:21.984,15,7,48,15.13,
,2018-07-09 15:17:30,6092123.0,8850.0,,,90.0,TDM 21,4.66,2018-08-04 11:27:05.827000000,10701.0,2.0,2018-07-09,2018-07-09 15:18:17.344,15,17,30,15.291667,
,2018-07-09 15:24:18,6092125.0,2500.0,,,90.0,TDM 21,1.32,2018-08-04 11:27:05.833000000,10701.0,2.0,2018-07-09,2018-07-09 15:24:50.560,15,24,18,15.405,
,2018-07-13 17:56:39,208001.0,1500.0,,,90.0,TDM 21,0.79,2018-08-04 11:27:05.840000000,10701.0,2.0,2018-07-13,2018-07-13 17:56:11.392,17,56,39,17.944166,
,2018-07-13 18:03:34,208005.0,2500.0,,,90.0,TDM 21,1.32,2018-08-04 11:27:05.843000000,10701.0,2.0,2018-07-13,2018-07-13 18:02:44.608,18,3,34,18.059444,
,2018-07-13 18:13:18,208002.0,2500.0,,,90.0,TDM 21,1.32,2018-08-04 11:27:05.850000000,10701.0,2.0,2018-07-13,2018-07-13 18:13:39.968,18,13,18,18.221666,
,2018-07-13 18:28:21,208003.13,2500.0,,,90.0,TDM 21,1.32,2018-08-04 11:27:05.857000000,10701.0,2.0,2018-07-13,2018-07-13 18:28:57.472,18,28,21,18.4725,
,2018-07-13 20:16:35,204001.0,6650.0,,,90.0,TDM 21,3.49,2018-08-04 11:27:05.870000000,10701.0,2.0,2018-07-13,2018-07-13 20:16:00.000,20,16,35,20.276388,
,2018-07-13 20:25:40,208001.0,1500.0,,,90.0,TDM 21,0.79,2018-08-04 11:27:05.873000000,10701.0,2.0,2018-07-13,2018-07-13 20:24:44.288,20,25,40,20.427778,
,2018-07-13 20:33:16,208001.0,1500.0,,,90.0,TDM 21,0.79,2018-08-04 11:27:05.880000000,10701.0,2.0,2018-07-13,2018-07-13 20:33:28.576,20,33,16,20.554445,
,2018-07-14 13:30:31,208001.0,1500.0,,,90.0,TDM 21,0.79,2018-08-04 11:27:05.893000000,10701.0,2.0,2018-07-14,2018-07-14 13:31:28.128,13,30,31,13.508611,
,2018-07-14 13:43:17,250002.0,3000.0,,,90.0,TDM 21,1.59,2018-08-04 11:27:05.900000000,10701.0,2.0,2018-07-14,2018-07-14 13:42:23.488,13,43,17,13.721389,
,2018-07-14 13:50:27,208003.0,2500.0,,,90.0,TDM 21,1.32,2018-08-04 11:27:05.903000000,10701.0,2.0,2018-07-14,2018-07-14 13:51:07.776,13,50,27,13.840834,
,2018-07-14 14:11:24,208003.0,2500.0,,,90.0,TDM 21,1.32,2018-08-04 11:27:05.930000000,10701.0,2.0,2018-07-14,2018-07-14 14:10:47.424,14,11,24,14.19,
,2018-07-14 14:17:30,208003.0,2500.0,,,90.0,TDM 21,1.32,2018-08-04 11:27:05.933000000,10701.0,2.0,2018-07-14,2018-07-14 14:17:20.640,14,17,30,14.291667,
,2018-07-14 14:21:58,208002.0,8850.0,,,90.0,TDM 21,4.66,2018-08-04 11:27:05.940000000,10701.0,2.0,2018-07-14,2018-07-14 14:21:42.784,14,21,58,14.366111,
,2018-07-14 14:28:51,6092132.0,3000.0,,,90.0,TDM 21,1.59,2018-08-04 11:27:05.947000000,10701.0,2.0,2018-07-14,2018-07-14 14:28:16.000,14,28,51,14.480833,
,2018-07-14 14:33:04,6092133.0,2500.0,,,90.0,TDM 21,1.32,2018-08-04 11:27:05.953000000,10701.0,2.0,2018-07-14,2018-07-14 14:32:38.144,14,33,4,14.551111,
,2018-07-14 14:40:05,627054.0,413850.0,,,90.0,TDM 21,219.0,2018-08-04 11:27:05.960000000,10701.0,2.0,2018-07-14,2018-07-14 14:39:11.360,14,40,5,14.668056,
,2018-07-14 14:47:11,208002.0,3000.0,,,90.0,TDM 21,1.59,2018-08-04 11:27:05.963000000,10701.0,2.0,2018-07-14,2018-07-14 14:47:55.648,14,47,11,14.786389,
,2018-07-14 14:51:43,208001.0,8850.0,,,90.0,TDM 21,4.66,2018-08-04 11:27:05.970000000,10701.0,2.0,2018-07-14,2018-07-14 14:52:17.792,14,51,43,14.861944,
,2018-07-20 17:12:18,208002.0,3800.0,,,90.0,TDM 21,2.0,2018-08-04 11:27:05.983000000,10701.0,2.0,2018-07-20,2018-07-20 17:11:56.160,17,12,18,17.205,
,2018-07-20 17:30:29,208002.0,13250.0,,,90.0,TDM 21,6.99,2018-08-04 11:27:05.990000000,10701.0,2.0,2018-07-20,2018-07-20 17:29:24.736,17,30,29,17.508055,
,2018-07-20 17:32:25,208002.0,0.0,,,90.0,TDM 21,6.99,2018-08-04 11:27:05.993000000,10701.0,2.0,2018-07-20,2018-07-20 17:31:35.808,17,32,25,17.540277,
,2018-07-20 17:34:34,208002.0,13250.0,,,90.0,TDM 21,6.99,2018-08-04 11:27:06,10701.0,2.0,2018-07-20,2018-07-20 17:33:46.880,17,34,34,17.57611,
,2018-07-20 17:39:35,208003.0,2500.0,,,90.0,TDM 21,1.32,2018-08-04 11:27:06.007000000,10701.0,2.0,2018-07-20,2018-07-20 17:40:20.096,17,39,35,17.659721,
,2018-07-20 17:43:24,208006.0,1500.0,,,90.0,TDM 21,0.79,2018-08-04 11:27:06.013000000,10701.0,2.0,2018-07-20,2018-07-20 17:42:31.168,17,43,24,17.723333,
,2018-07-20 17:45:41,208006.0,1500.0,,,90.0,TDM 21,0.79,2018-08-04 11:27:06.020000000,10701.0,2.0,2018-07-20,2018-07-20 17:44:42.240,17,45,41,17.761389,
,2018-07-20 17:54:39,208003.0,2500.0,,,90.0,TDM 21,1.32,2018-08-04 11:27:06.023000000,10701.0,2.0,2018-07-20,2018-07-20 17:55:37.600,17,54,39,17.910833,
,2018-07-20 17:59:56,208003.0,2500.0,,,90.0,TDM 21,1.32,2018-08-04 11:27:06.030000000,10701.0,2.0,2018-07-20,2018-07-20 17:59:59.744,17,59,56,17.998888,
,2018-07-20 18:02:28,208006.0,1500.0,,,90.0,TDM 21,0.79,2018-08-04 11:27:06.037000000,10701.0,2.0,2018-07-20,2018-07-20 18:02:10.816,18,2,28,18.041111,
,2018-07-21 19:09:06,208006.0,0.0,,,90.0,TDM 21,0.79,2018-08-04 11:27:06.043000000,10701.0,2.0,2018-07-21,2018-07-21 19:09:30.496,19,9,6,19.151667,
,2018-08-01 18:00:18,6092161.0,8850.0,,,90.0,TDM 21,4.66,2018-08-04 11:27:06.050000000,10701.0,2.0,2018-08-01,2018-08-01 17:59:39.264,18,0,18,18.005,
,2018-08-01 18:07:16,6092161.0,8850.0,,,90.0,TDM 21,4.66,2018-08-04 11:27:06.053000000,10701.0,2.0,2018-08-01,2018-08-01 18:06:12.480,18,7,16,18.12111,
,2018-08-01 18:10:15,6092161.0,8850.0,,,90.0,TDM 21,4.66,2018-08-04 11:27:06.060000000,10701.0,2.0,2018-08-01,2018-08-01 18:10:34.624,18,10,15,18.170834,
,2018-08-01 18:13:44,6092161.0,8850.0,,,90.0,TDM 21,4.66,2018-08-04 11:27:06.067000000,10701.0,2.0,2018-08-01,2018-08-01 18:12:45.696,18,13,44,18.22889,
,2018-08-01 18:17:14,6092161.0,8850.0,,,90.0,TDM 21,4.66,2018-08-04 11:27:06.073000000,10701.0,2.0,2018-08-01,2018-08-01 18:17:07.840,18,17,14,18.287222,
,2018-08-01 18:20:33,208002.0,3000.0,,,90.0,TDM 21,1.59,2018-08-04 11:27:06.080000000,10701.0,2.0,2018-08-01,2018-08-01 18:21:29.984,18,20,33,18.3425,
,2018-07-06 14:03:16,627054.0,1500.0,,,116.0,TDM 46,0.79,2018-08-04 11:59:12.563000000,10702.0,2.0,2018-07-06,2018-07-06 14:03:00.480,14,3,16,14.054444,
,2018-07-06 14:17:45,627056.0,2500.0,,,116.0,TDM 46,1.32,2018-08-04 11:59:12.573000000,10702.0,2.0,2018-07-06,2018-07-06 14:18:17.984,14,17,45,14.295834,
,2018-07-09 08:43:39,6092130.0,2000.0,,,116.0,TDM 46,1.06,2018-08-04 11:59:12.593000000,10702.0,2.0,2018-07-09,2018-07-09 08:42:53.312,8,43,39,8.7275,
,2018-07-09 08:49:20,6092130.0,2000.0,,,116.0,TDM 46,1.06,2018-08-04 11:59:12.600000000,10702.0,2.0,2018-07-09,2018-07-09 08:49:26.528,8,49,20,8.822222,
,2018-07-09 09:09:11,6092130.0,2000.0,,,116.0,TDM 46,1.06,2018-08-04 11:59:12.603000000,10702.0,2.0,2018-07-09,2018-07-09 09:09:06.176,9,9,11,9.153055,
,2018-07-09 09:26:38,6092125.0,13250.0,,,116.0,TDM 46,6.99,2018-08-04 11:59:12.623000000,10702.0,2.0,2018-07-09,2018-07-09 09:26:34.752,9,26,38,9.443889,
,2018-07-09 09:31:03,6092125.0,13250.0,,,116.0,TDM 46,6.99,2018-08-04 11:59:12.630000000,10702.0,2.0,2018-07-09,2018-07-09 09:30:56.896,9,31,3,9.5175,
,2018-07-09 09:39:29,6092124.0,2000.0,,,116.0,TDM 46,1.06,2018-08-04 11:59:12.633000000,10702.0,2.0,2018-07-09,2018-07-09 09:39:41.184,9,39,29,9.658055,
,2018-07-09 09:45:02,6092123.0,8850.0,,,116.0,TDM 46,4.66,2018-08-04 11:59:12.640000000,10702.0,2.0,2018-07-09,2018-07-09 09:44:03.328,9,45,2,9.750556,
,2018-07-09 09:51:34,6092125.0,2500.0,,,116.0,TDM 46,1.32,2018-08-04 11:59:12.647000000,10702.0,2.0,2018-07-09,2018-07-09 09:50:36.544,9,51,34,9.859445,
,2018-07-09 10:19:54,208002.0,1500.0,,,116.0,TDM 46,0.79,2018-08-04 11:59:12.653000000,10702.0,2.0,2018-07-09,2018-07-09 10:19:00.480,10,19,54,10.331667,
,2018-07-09 10:34:08,6092130.0,2000.0,,,116.0,TDM 46,1.06,2018-08-04 11:59:12.663000000,10702.0,2.0,2018-07-09,2018-07-09 10:34:17.984,10,34,8,10.568889,
,2018-07-09 10:41:30,6092130.0,2000.0,,,116.0,TDM 46,1.06,2018-08-04 11:59:12.670000000,10702.0,2.0,2018-07-09,2018-07-09 10:40:51.200,10,41,30,10.691667,
,2018-07-09 10:47:57,6092123.0,8850.0,,,116.0,TDM 46,4.66,2018-08-04 11:59:12.677000000,10702.0,2.0,2018-07-09,2018-07-09 10:47:24.416,10,47,57,10.799167,
,2018-07-09 10:52:25,6092123.0,8850.0,,,116.0,TDM 46,4.66,2018-08-04 11:59:12.690000000,10702.0,2.0,2018-07-09,2018-07-09 10:51:46.560,10,52,25,10.873611,
,2018-07-09 10:57:00,6092123.0,8850.0,,,116.0,TDM 46,4.66,2018-08-04 11:59:12.693000000,10702.0,2.0,2018-07-09,2018-07-09 10:56:08.704,10,57,0,10.95,
,2018-07-09 11:00:20,627043.0,8850.0,,,116.0,TDM 46,4.66,2018-08-04 11:59:12.700000000,10702.0,2.0,2018-07-09,2018-07-09 11:00:30.848,11,0,20,11.005555,
,2018-07-13 12:59:55,208001.0,6650.0,,,116.0,TDM 46,3.49,2018-08-04 11:59:12.780000000,10702.0,2.0,2018-07-13,2018-07-13 12:59:05.600,12,59,55,12.998611,
,2018-07-14 08:31:03,208001.0,1500.0,,,116.0,TDM 46,0.79,2018-08-04 11:59:12.810000000,10702.0,2.0,2018-07-14,2018-07-14 08:30:00.192,8,31,3,8.5175,
,2018-07-14 08:43:53,250002.0,3000.0,,,116.0,TDM 46,1.59,2018-08-04 11:59:12.813000000,10702.0,2.0,2018-07-14,2018-07-14 08:43:06.624,8,43,53,8.731389,
,2018-07-14 09:00:44,208002.0,3000.0,,,116.0,TDM 46,1.59,2018-08-04 11:59:12.820000000,10702.0,2.0,2018-07-14,2018-07-14 09:00:35.200,9,0,44,9.012222,
,2018-07-26 20:57:54,208001.0,6650.0,,,116.0,TDM 46,3.49,2018-08-04 11:59:12.833000000,10702.0,2.0,2018-07-26,2018-07-26 20:58:57.408,20,57,54,20.965,
,2018-08-01 11:57:58,555555.0,0.0,,,116.0,TDM 46,280.0,2018-08-04 11:59:12.840000000,10702.0,2.0,2018-08-01,2018-08-01 11:57:01.312,11,57,58,11.966111,
,2018-08-01 12:31:19,208001.0,1500.0,,,116.0,TDM 46,0.79,2018-08-04 11:59:12.843000000,10702.0,2.0,2018-08-01,2018-08-01 12:31:58.464,12,31,19,12.521944,
,2018-08-01 12:57:05,208001.0,3000.0,,,116.0,TDM 46,1.59,2018-08-04 11:59:12.857000000,10702.0,2.0,2018-08-01,2018-08-01 12:56:00.256,12,57,5,12.951389,
,2018-08-01 13:04:04,6092133.0,2500.0,,,116.0,TDM 46,1.32,2018-08-04 11:59:12.870000000,10702.0,2.0,2018-08-01,2018-08-01 13:04:44.544,13,4,4,13.067778,
,2018-08-01 13:07:34,6092133.0,2500.0,,,116.0,TDM 46,1.32,2018-08-04 11:59:12.873000000,10702.0,2.0,2018-08-01,2018-08-01 13:06:55.616,13,7,34,13.126111,
,2018-08-01 13:10:17,627059.0,2500.0,,,116.0,TDM 46,1.32,2018-08-04 11:59:12.880000000,10702.0,2.0,2018-08-01,2018-08-01 13:11:17.760,13,10,17,13.171389,
,2018-08-01 13:12:30,627059.0,2500.0,,,116.0,TDM 46,1.32,2018-08-04 11:59:12.887000000,10702.0,2.0,2018-08-01,2018-08-01 13:13:28.832,13,12,30,13.208333,
,2018-08-01 13:14:13,208002.0,2500.0,,,116.0,TDM 46,1.32,2018-08-04 11:59:12.890000000,10702.0,2.0,2018-08-01,2018-08-01 13:13:28.832,13,14,13,13.236944,
,2018-08-01 13:47:53,208001.0,13250.0,,,116.0,TDM 46,6.99,2018-08-04 11:59:12.903000000,10702.0,2.0,2018-08-01,2018-08-01 13:48:25.984,13,47,53,13.798056,
,2018-08-01 14:12:03,208004.0,13250.0,,,116.0,TDM 46,6.99,2018-08-04 11:59:12.910000000,10702.0,2.0,2018-08-01,2018-08-01 14:12:27.776,14,12,3,14.200833,
,2018-08-01 14:18:47,208005.0,3000.0,,,116.0,TDM 46,1.59,2018-08-04 11:59:12.917000000,10702.0,2.0,2018-08-01,2018-08-01 14:19:00.992,14,18,47,14.313056,
,2018-08-02 08:02:47,208008.0,2000.0,,,108.0,TDM 38,1.06,2018-08-06 14:09:21.390000000,10706.0,2.0,2018-08-02,2018-08-02 08:02:53.056,8,2,47,8.046389,
,2018-08-02 08:08:24,208001.0,1500.0,,,108.0,TDM 38,0.79,2018-08-06 14:09:21.397000000,10706.0,2.0,2018-08-02,2018-08-02 08:09:26.272,8,8,24,8.14,
,2018-08-03 09:13:28,228067.0,1500.0,,,108.0,TDM 38,0.79,2018-08-06 14:09:21.403000000,10706.0,2.0,2018-08-03,2018-08-03 09:12:23.808,9,13,28,9.224444,
,2018-08-03 09:18:48,228067.0,1500.0,,,108.0,TDM 38,0.79,2018-08-06 14:09:21.407000000,10706.0,2.0,2018-08-03,2018-08-03 09:18:57.024,9,18,48,9.3133335,
,2018-08-04 06:18:06,228045.0,1500.0,,,108.0,TDM 38,0.79,2018-08-06 14:09:21.413000000,10706.0,2.0,2018-08-04,2018-08-04 06:17:14.496,6,18,6,6.3016667,
,2018-08-04 07:53:46,228007.0,1500.0,,,108.0,TDM 38,0.79,2018-08-06 14:09:21.420000000,10706.0,2.0,2018-08-04,2018-08-04 07:53:21.664,7,53,46,7.896111,
,2018-08-05 15:40:18,228037.0,2500.0,,,108.0,TDM 38,1.32,2018-08-06 14:09:21.427000000,10706.0,2.0,2018-08-05,2018-08-05 15:40:27.520,15,40,18,15.671667,
,2018-07-30 10:02:08,208001.0,6650.0,,,87.0,TDM 18,3.49,2018-08-06 14:13:51.057000000,10707.0,2.0,2018-07-30,2018-07-30 10:02:01.600,10,2,8,10.035556,
,2018-08-01 10:52:42,316086.0,1500.0,,,87.0,TDM 18,0.79,2018-08-06 14:13:51.067000000,10707.0,2.0,2018-08-01,2018-08-01 10:53:40.224,10,52,42,10.878333,
,2018-08-02 12:51:09,208002.0,2000.0,,,87.0,TDM 18,1.06,2018-08-06 14:13:51.073000000,10707.0,2.0,2018-08-02,2018-08-02 12:51:14.560,12,51,9,12.8525,
,2018-08-04 11:21:19,316072.0,1500.0,,,87.0,TDM 18,0.79,2018-08-06 14:13:51.080000000,10707.0,2.0,2018-08-04,2018-08-04 11:20:53.504,11,21,19,11.355278,
,2018-08-04 13:26:01,316001.0,13250.0,,,87.0,TDM 18,6.99,2018-08-06 14:13:51.087000000,10707.0,2.0,2018-08-04,2018-08-04 13:25:24.608,13,26,1,13.433611,
,2018-08-05 07:12:33,208002.0,2000.0,,,87.0,TDM 18,1.06,2018-08-06 14:13:51.090000000,10707.0,2.0,2018-08-05,2018-08-05 07:11:27.744,7,12,33,7.2091665,
,2018-08-05 07:18:19,316008.0,2500.0,,,87.0,TDM 18,1.32,2018-08-06 14:13:51.097000000,10707.0,2.0,2018-08-05,2018-08-05 07:18:00.960,7,18,19,7.305278,
,2018-08-05 07:20:38,316072.0,1500.0,,,87.0,TDM 18,0.79,2018-08-06 14:13:51.103000000,10707.0,2.0,2018-08-05,2018-08-05 07:20:12.032,7,20,38,7.3438888,
,2018-08-05 07:23:31,316085.0,3000.0,,,87.0,TDM 18,1.59,2018-08-06 14:13:51.110000000,10707.0,2.0,2018-08-05,2018-08-05 07:24:34.176,7,23,31,7.3919444,
,2018-08-05 07:25:53,316095.0,1500.0,,,87.0,TDM 18,0.79,2018-08-06 14:13:51.117000000,10707.0,2.0,2018-08-05,2018-08-05 07:26:45.248,7,25,53,7.431389,
,2018-08-05 14:35:07,316057.0,2500.0,,,87.0,TDM 18,1.32,2018-08-06 14:13:51.120000000,10707.0,2.0,2018-08-05,2018-08-05 14:34:55.360,14,35,7,14.585278,
,2018-08-03 09:29:07,364014.0,3000.0,,,89.0,TDM 20,1.59,2018-08-06 14:18:07.363000000,10708.0,2.0,2018-08-03,2018-08-03 09:29:52.384,9,29,7,9.485278,
,2018-08-03 09:44:35,364015.0,1500.0,,,89.0,TDM 20,0.79,2018-08-06 14:18:07.370000000,10708.0,2.0,2018-08-03,2018-08-03 09:45:09.888,9,44,35,9.743055,
,2018-08-06 07:53:47,364011.0,1500.0,,,89.0,TDM 20,0.79,2018-08-06 14:18:07.377000000,10708.0,2.0,2018-08-06,2018-08-06 07:54:45.632,7,53,47,7.896389,
,2018-08-01 08:49:35,506102.0,1500.0,,,44.0,,0.79,2018-08-06 14:26:35.167000000,10710.0,2.0,2018-08-01,2018-08-01 08:49:09.120,8,49,35,8.826389,
,2018-08-01 12:48:08,605001.0,1500.0,,,44.0,,0.79,2018-08-06 14:26:35.177000000,10710.0,2.0,2018-08-01,2018-08-01 12:47:15.968,12,48,8,12.802222,
,2018-08-02 08:05:55,206020.0,2000.0,,,44.0,,1.06,2018-08-06 14:26:35.183000000,10710.0,2.0,2018-08-02,2018-08-02 08:05:04.128,8,5,55,8.098611,
,2018-08-03 07:21:08,506116.0,2000.0,,,44.0,,1.06,2018-08-06 14:26:35.190000000,10710.0,2.0,2018-08-03,2018-08-03 07:20:59.136,7,21,8,7.3522224,
,2018-08-04 06:19:40,506037.0,2000.0,,,44.0,,1.06,2018-08-06 14:26:35.197000000,10710.0,2.0,2018-08-04,2018-08-04 06:19:25.568,6,19,40,6.327778,
,2018-08-01 08:03:00,208001.0,2000.0,,,76.0,TDM 7,1.06,2018-08-06 14:31:39.713000000,10711.0,2.0,2018-08-01,2018-08-01 08:03:16.608,8,3,0,8.05,
,2018-08-01 09:22:37,226024.0,3000.0,,,76.0,TDM 7,1.59,2018-08-06 14:31:39.733000000,10711.0,2.0,2018-08-01,2018-08-01 09:21:55.200,9,22,37,9.376945,
,2018-08-01 09:42:10,226009.0,2500.0,,,76.0,TDM 7,1.32,2018-08-06 14:31:39.740000000,10711.0,2.0,2018-08-01,2018-08-01 09:41:34.848,9,42,10,9.702778,
,2018-07-30 11:47:31,522016.0,1500.0,,,72.0,TDM 3,0.79,2018-08-06 14:35:18.150000000,10712.0,2.0,2018-07-30,2018-07-30 11:46:53.056,11,47,31,11.7919445,
,2018-08-01 10:20:41,522112.0,2500.0,,,72.0,TDM 3,1.32,2018-08-06 14:35:18.160000000,10712.0,2.0,2018-08-01,2018-08-01 10:20:54.144,10,20,41,10.344722,
,2018-08-03 11:08:55,522019.0,2000.0,,,72.0,TDM 3,1.06,2018-08-06 14:35:18.167000000,10712.0,2.0,2018-08-03,2018-08-03 11:08:10.624,11,8,55,11.148611,
,2018-08-03 11:26:32,522032.0,3000.0,,,72.0,TDM 3,1.59,2018-08-06 14:35:18.173000000,10712.0,2.0,2018-08-03,2018-08-03 11:25:39.200,11,26,32,11.442223,
,2018-08-03 15:21:30,522128.0,1500.0,,,72.0,TDM 3,0.79,2018-08-06 14:35:18.180000000,10712.0,2.0,2018-08-03,2018-08-03 15:21:34.976,15,21,30,15.358334,
,2018-08-04 11:24:52,522010.0,3000.0,,,72.0,TDM 3,1.59,2018-08-06 14:35:18.183000000,10712.0,2.0,2018-08-04,2018-08-04 11:25:15.648,11,24,52,11.414444,
,2018-07-30 11:45:44,212011.0,3000.0,,,102.0,TDM 33,1.59,2018-08-06 14:39:01.513000000,10713.0,2.0,2018-07-30,2018-07-30 11:44:41.984,11,45,44,11.762222,
,2018-07-31 12:11:58,212097.0,2500.0,,,102.0,TDM 33,1.32,2018-08-06 14:39:01.537000000,10713.0,2.0,2018-07-31,2018-07-31 12:12:42.368,12,11,58,12.199445,
,2018-08-03 07:54:41,212048.0,8850.0,,,102.0,TDM 33,4.66,2018-08-06 14:39:01.540000000,10713.0,2.0,2018-08-03,2018-08-03 07:53:45.216,7,54,41,7.911389,
,2018-08-03 08:07:40,212046.0,1500.0,,,102.0,TDM 33,0.79,2018-08-06 14:39:01.547000000,10713.0,2.0,2018-08-03,2018-08-03 08:06:51.648,8,7,40,8.127778,
,2018-08-03 08:44:00,212019.0,2000.0,,,102.0,TDM 33,1.06,2018-08-06 14:39:01.553000000,10713.0,2.0,2018-08-03,2018-08-03 08:43:59.872,8,44,0,8.733334,
,2018-08-04 08:29:03,212006.0,2000.0,,,102.0,TDM 33,1.06,2018-08-06 14:39:01.560000000,10713.0,2.0,2018-08-04,2018-08-04 08:28:18.816,8,29,3,8.484167,
,2018-07-31 08:46:59,359036.0,1500.0,,,84.0,TDM 15,0.79,2018-08-06 14:43:44.123000000,10714.0,2.0,2018-07-31,2018-07-31 08:47:21.600,8,46,59,8.783055,
,2018-07-31 09:03:58,359021.0,2000.0,,,84.0,TDM 15,1.06,2018-08-06 14:43:44.130000000,10714.0,2.0,2018-07-31,2018-07-31 09:04:50.176,9,3,58,9.066112,
,2018-08-03 10:24:27,359015.0,2500.0,,,84.0,TDM 15,1.32,2018-08-06 14:43:44.137000000,10714.0,2.0,2018-08-03,2018-08-03 10:24:29.184,10,24,27,10.4075,
,2018-08-04 06:47:23,359037.0,1500.0,,,84.0,TDM 15,0.79,2018-08-06 14:43:44.143000000,10714.0,2.0,2018-08-04,2018-08-04 06:47:49.504,6,47,23,6.7897224,
,2018-08-04 07:10:51,359030.0,2000.0,,,84.0,TDM 15,1.06,2018-08-06 14:43:44.150000000,10714.0,2.0,2018-08-04,2018-08-04 07:11:51.296,7,10,51,7.1808333,
,2018-08-04 07:19:05,359031.0,2500.0,,,84.0,TDM 15,1.32,2018-08-06 14:43:44.153000000,10714.0,2.0,2018-08-04,2018-08-04 07:18:24.512,7,19,5,7.3180556,
,2018-08-04 08:07:51,359046.0,3000.0,,,84.0,TDM 15,1.59,2018-08-06 14:43:44.160000000,10714.0,2.0,2018-08-04,2018-08-04 08:08:39.168,8,7,51,8.130834,
,2018-08-06 06:15:31,359012.0,2000.0,,,84.0,TDM 15,1.06,2018-08-06 14:43:44.167000000,10714.0,2.0,2018-08-06,2018-08-06 06:16:27.392,6,15,31,6.258611,
,2018-08-06 08:33:57,359012.0,2000.0,,,84.0,TDM 15,1.06,2018-08-06 14:43:44.173000000,10714.0,2.0,2018-08-06,2018-08-06 08:34:04.928,8,33,57,8.565833,
,2018-08-04 06:53:46,372036.0,1500.0,,,82.0,TDM 13,0.79,2018-08-10 13:15:51.087000000,10715.0,2.0,2018-08-04,2018-08-04 06:54:22.720,6,53,46,6.896111,
,2018-08-04 07:26:44,372177.0,2000.0,,,82.0,TDM 13,1.06,2018-08-10 13:15:51.100000000,10715.0,2.0,2018-08-04,2018-08-04 07:27:08.800,7,26,44,7.4455557,
,2018-08-04 08:43:40,372101.0,2000.0,,,82.0,TDM 13,1.06,2018-08-10 13:15:51.103000000,10715.0,2.0,2018-08-04,2018-08-04 08:43:36.320,8,43,40,8.7277775,
,2018-08-04 08:57:25,372072.0,1500.0,,,82.0,TDM 13,0.79,2018-08-10 13:15:51.110000000,10715.0,2.0,2018-08-04,2018-08-04 08:56:42.752,8,57,25,8.956944,
,2018-08-04 09:04:09,372071.0,1500.0,,,82.0,TDM 13,0.79,2018-08-10 13:15:51.117000000,10715.0,2.0,2018-08-04,2018-08-04 09:03:15.968,9,4,9,9.069167,
,2018-08-04 10:05:59,373111.0,1500.0,,,82.0,TDM 13,0.79,2018-08-10 13:15:51.123000000,10715.0,2.0,2018-08-04,2018-08-04 10:06:37.056,10,5,59,10.099722,
,2018-08-06 07:21:44,372107.0,1500.0,,,82.0,TDM 13,0.79,2018-08-10 13:15:51.130000000,10715.0,2.0,2018-08-06,2018-08-06 07:21:59.552,7,21,44,7.362222,
,2018-08-06 09:08:07,373022.0,1500.0,,,82.0,TDM 13,0.79,2018-08-10 13:15:51.137000000,10715.0,2.0,2018-08-06,2018-08-06 09:09:02.080,9,8,7,9.135278,
,2018-08-06 09:20:23,373036.0,1500.0,,,82.0,TDM 13,0.79,2018-08-10 13:15:51.140000000,10715.0,2.0,2018-08-06,2018-08-06 09:19:57.440,9,20,23,9.339723,
,2018-08-08 08:02:34,372147.0,3000.0,,,82.0,TDM 13,1.59,2018-08-10 13:15:51.153000000,10715.0,2.0,2018-08-08,2018-08-08 08:02:42.816,8,2,34,8.042778,
,2018-08-09 07:56:01,373112.0,2500.0,,,82.0,TDM 13,1.32,2018-08-10 13:15:51.160000000,10715.0,2.0,2018-08-09,2018-08-09 07:55:46.048,7,56,1,7.933611,
,2018-08-10 06:29:44,372086.0,1500.0,,,82.0,TDM 13,0.79,2018-08-10 13:15:51.163000000,10715.0,2.0,2018-08-10,2018-08-10 06:30:10.688,6,29,44,6.4955554,
,2018-08-10 08:01:34,372168.0,2500.0,,,82.0,TDM 13,1.32,2018-08-10 13:15:51.170000000,10715.0,2.0,2018-08-10,2018-08-10 08:01:55.712,8,1,34,8.026111,
,2018-08-04 10:09:16,223092.0,2000.0,,,83.0,TDM 14,1.06,2018-08-10 13:21:17.980000000,10716.0,2.0,2018-08-04,2018-08-04 10:08:48.128,10,9,16,10.154445,
,2018-08-04 10:21:26,223066.0,1500.0,,,83.0,TDM 14,0.79,2018-08-10 13:21:17.987000000,10716.0,2.0,2018-08-04,2018-08-04 10:21:54.560,10,21,26,10.357223,
,2018-08-06 10:23:21,683103.0,2000.0,,,83.0,TDM 14,1.06,2018-08-10 13:21:17.993000000,10716.0,2.0,2018-08-06,2018-08-06 10:23:18.528,10,23,21,10.389167,
,2018-08-06 10:35:01,683103.0,2000.0,,,83.0,TDM 14,1.06,2018-08-10 13:21:18,10716.0,2.0,2018-08-06,2018-08-06 10:34:13.888,10,35,1,10.5836115,
,2018-08-10 10:46:59,223073.0,2500.0,,,83.0,TDM 14,1.32,2018-08-10 13:21:18.003000000,10716.0,2.0,2018-08-10,2018-08-10 10:47:57.184,10,46,59,10.783055,
,2018-08-09 06:47:58,549097.0,2000.0,,,123.0,TDM 53,1.06,2018-08-10 13:28:11.353000000,10717.0,2.0,2018-08-09,2018-08-09 06:48:02.816,6,47,58,6.7994447,
,2018-08-09 07:00:01,549084.0,3000.0,,,123.0,TDM 53,1.59,2018-08-10 13:28:11.360000000,10717.0,2.0,2018-08-09,2018-08-09 06:58:58.176,7,0,1,7.000278,
,2018-08-09 07:08:31,549039.0,2000.0,,,123.0,TDM 53,1.06,2018-08-10 13:28:11.363000000,10717.0,2.0,2018-08-09,2018-08-09 07:07:42.464,7,8,31,7.1419444,
,2018-08-09 07:17:37,549037.0,3000.0,,,123.0,TDM 53,1.59,2018-08-10 13:28:11.370000000,10717.0,2.0,2018-08-09,2018-08-09 07:18:37.824,7,17,37,7.293611,
,2018-08-09 07:30:14,549065.0,2500.0,,,123.0,TDM 53,1.32,2018-08-10 13:28:11.377000000,10717.0,2.0,2018-08-09,2018-08-09 07:29:33.184,7,30,14,7.503889,
,2018-08-09 07:38:44,549075.0,2000.0,,,123.0,TDM 53,1.06,2018-08-10 13:28:11.383000000,10717.0,2.0,2018-08-09,2018-08-09 07:38:17.472,7,38,44,7.6455555,
,2018-08-09 07:46:15,549079.0,2500.0,,,123.0,TDM 53,1.32,2018-08-10 13:28:11.390000000,10717.0,2.0,2018-08-09,2018-08-09 07:47:01.760,7,46,15,7.7708335,
,2018-08-09 08:07:02,549063.0,1500.0,,,123.0,TDM 53,0.79,2018-08-10 13:28:11.393000000,10717.0,2.0,2018-08-09,2018-08-09 08:06:41.408,8,7,2,8.117222,
,2018-08-09 08:14:37,549017.0,2500.0,,,123.0,TDM 53,1.32,2018-08-10 13:28:11.400000000,10717.0,2.0,2018-08-09,2018-08-09 08:15:25.696,8,14,37,8.243611,
,2018-08-09 08:20:09,549021.0,3000.0,,,123.0,TDM 53,1.59,2018-08-10 13:28:11.407000000,10717.0,2.0,2018-08-09,2018-08-09 08:19:47.840,8,20,9,8.335834,
,2018-08-09 08:26:30,549022.0,2500.0,,,123.0,TDM 53,1.32,2018-08-10 13:28:11.413000000,10717.0,2.0,2018-08-09,2018-08-09 08:26:21.056,8,26,30,8.441667,
,2018-08-09 08:35:09,549014.0,3000.0,,,123.0,TDM 53,1.59,2018-08-10 13:28:11.420000000,10717.0,2.0,2018-08-09,2018-08-09 08:35:05.344,8,35,9,8.585834,
,2018-08-10 07:25:08,5490108.0,3000.0,,,123.0,TDM 53,1.59,2018-08-10 13:28:11.423000000,10717.0,2.0,2018-08-10,2018-08-10 07:24:47.488,7,25,8,7.418889,
,2018-08-10 07:32:25,549109.0,1500.0,,,123.0,TDM 53,0.79,2018-08-10 13:28:11.430000000,10717.0,2.0,2018-08-10,2018-08-10 07:31:20.704,7,32,25,7.540278,
,2018-08-10 07:41:29,549093.0,1500.0,,,123.0,TDM 53,0.79,2018-08-10 13:28:11.437000000,10717.0,2.0,2018-08-10,2018-08-10 07:42:16.064,7,41,29,7.691389,
,2018-08-10 07:51:10,549048.0,2000.0,,,123.0,TDM 53,1.06,2018-08-10 13:28:11.443000000,10717.0,2.0,2018-08-10,2018-08-10 07:51:00.352,7,51,10,7.852778,
,2018-08-10 08:18:36,549004.0,2500.0,,,123.0,TDM 53,1.32,2018-08-10 13:28:11.450000000,10717.0,2.0,2018-08-10,2018-08-10 08:19:24.288,8,18,36,8.31,
,2018-08-10 08:21:49,549005.0,1500.0,,,123.0,TDM 53,0.79,2018-08-10 13:28:11.453000000,10717.0,2.0,2018-08-10,2018-08-10 08:21:35.360,8,21,49,8.363611,
,2018-08-10 08:29:54,549058.0,1500.0,,,123.0,TDM 53,0.79,2018-08-10 13:28:11.460000000,10717.0,2.0,2018-08-10,2018-08-10 08:30:19.648,8,29,54,8.498333,
,2018-08-10 08:37:39,5490116.0,1500.0,,,123.0,TDM 53,0.79,2018-08-10 13:28:11.467000000,10717.0,2.0,2018-08-10,2018-08-10 08:36:52.864,8,37,39,8.6275,
,2018-08-03 11:03:35,523052.0,3000.0,,,78.0,TDM 9,1.59,2018-08-10 13:32:03.350000000,10718.0,2.0,2018-08-03,2018-08-03 11:03:48.480,11,3,35,11.059722,
,2018-08-03 12:37:23,523061.0,1500.0,,,78.0,TDM 9,0.79,2018-08-10 13:32:03.363000000,10718.0,2.0,2018-08-03,2018-08-03 12:37:44.576,12,37,23,12.623055,
,2018-08-03 12:40:27,523052.0,3000.0,,,78.0,TDM 9,1.59,2018-08-10 13:32:03.370000000,10718.0,2.0,2018-08-03,2018-08-03 12:39:55.648,12,40,27,12.674167,
,2018-08-07 08:40:47,523156.0,6650.0,,,78.0,TDM 9,3.49,2018-08-10 13:32:03.377000000,10718.0,2.0,2018-08-07,2018-08-07 08:40:14.592,8,40,47,8.679722,
,2018-08-08 07:50:19,523069.0,13250.0,,,78.0,TDM 9,6.99,2018-08-10 13:32:03.383000000,10718.0,2.0,2018-08-08,2018-08-08 07:49:36.384,7,50,19,7.838611,
,2018-08-08 08:38:07,523031.0,1500.0,,,78.0,TDM 9,0.79,2018-08-10 13:32:03.390000000,10718.0,2.0,2018-08-08,2018-08-08 08:37:39.968,8,38,7,8.635278,
,2018-08-08 09:13:41,523038.0,3000.0,,,78.0,TDM 9,1.59,2018-08-10 13:32:03.393000000,10718.0,2.0,2018-08-08,2018-08-08 09:12:37.120,9,13,41,9.228056,
,2018-08-08 14:11:15,523146.0,6650.0,,,78.0,TDM 9,3.49,2018-08-10 13:32:03.400000000,10718.0,2.0,2018-08-08,2018-08-08 14:11:53.984,14,11,15,14.1875,
,2018-07-14 08:28:27,208001.0,1500.0,,,88.0,TDM 19,0.79,2018-08-10 13:35:40.543000000,10719.0,2.0,2018-07-14,2018-07-14 08:27:49.120,8,28,27,8.474167,
,2018-07-14 08:38:07,250002.0,3000.0,,,88.0,TDM 19,1.59,2018-08-10 13:35:40.550000000,10719.0,2.0,2018-07-14,2018-07-14 08:38:44.480,8,38,7,8.635278,
,2018-07-14 08:43:44,208002.0,8850.0,,,88.0,TDM 19,4.66,2018-08-10 13:35:40.557000000,10719.0,2.0,2018-07-14,2018-07-14 08:43:06.624,8,43,44,8.7288885,
,2018-07-14 08:49:24,208001.0,6650.0,,,88.0,TDM 19,3.49,2018-08-10 13:35:40.563000000,10719.0,2.0,2018-07-14,2018-07-14 08:49:39.840,8,49,24,8.823334,
,2018-07-14 08:54:15,627054.0,1500.0,,,88.0,TDM 19,0.79,2018-08-10 13:35:40.570000000,10719.0,2.0,2018-07-14,2018-07-14 08:54:01.984,8,54,15,8.904166,
,2018-07-14 09:01:11,627054.0,402500.0,,,88.0,TDM 19,213.0,2018-08-10 13:35:40.573000000,10719.0,2.0,2018-07-14,2018-07-14 09:00:35.200,9,1,11,9.019722,
,2018-07-14 09:09:14,627051.0,205050.0,,,88.0,TDM 19,108.5,2018-08-10 13:35:40.580000000,10719.0,2.0,2018-07-14,2018-07-14 09:09:19.488,9,9,14,9.153889,
,2018-07-14 09:18:29,627051.0,13250.0,,,88.0,TDM 19,6.99,2018-08-10 13:35:40.587000000,10719.0,2.0,2018-07-14,2018-07-14 09:18:03.776,9,18,29,9.308056,
,2018-07-14 09:26:13,6092134.0,2500.0,,,88.0,TDM 19,1.32,2018-08-10 13:35:40.593000000,10719.0,2.0,2018-07-14,2018-07-14 09:26:48.064,9,26,13,9.436944,
,2018-07-14 09:30:48,208001.0,8850.0,,,88.0,TDM 19,4.66,2018-08-10 13:35:40.600000000,10719.0,2.0,2018-07-14,2018-07-14 09:31:10.208,9,30,48,9.513333,
,2018-07-14 09:57:22,6092133.0,2500.0,,,88.0,TDM 19,1.32,2018-08-10 13:35:40.607000000,10719.0,2.0,2018-07-14,2018-07-14 09:57:23.072,9,57,22,9.956111,
,2018-07-14 10:06:24,627051.0,13250.0,,,88.0,TDM 19,6.99,2018-08-10 13:35:40.610000000,10719.0,2.0,2018-07-14,2018-07-14 10:06:07.360,10,6,24,10.106667,
,2018-07-14 10:14:11,6092133.0,2500.0,,,88.0,TDM 19,1.32,2018-08-10 13:35:40.617000000,10719.0,2.0,2018-07-14,2018-07-14 10:14:51.648,10,14,11,10.236389,
,2018-07-14 10:22:47,6092133.0,2500.0,,,88.0,TDM 19,1.32,2018-08-10 13:35:40.640000000,10719.0,2.0,2018-07-14,2018-07-14 10:23:35.936,10,22,47,10.379723,
,2018-07-17 12:17:20,502034.0,6650.0,,,88.0,TDM 19,3.49,2018-08-10 13:35:40.660000000,10719.0,2.0,2018-07-17,2018-07-17 12:18:12.096,12,17,20,12.288889,
,2018-07-19 11:52:08,607035.0,6650.0,,,88.0,TDM 19,3.49,2018-08-10 13:35:40.663000000,10719.0,2.0,2018-07-19,2018-07-19 11:51:12.128,11,52,8,11.868889,
,2018-07-23 16:28:23,502002.0,1500.0,,,88.0,TDM 19,0.79,2018-08-10 13:35:40.670000000,10719.0,2.0,2018-07-23,2018-07-23 16:29:15.136,16,28,23,16.473055,
,2018-07-26 07:21:24,502001.0,3000.0,,,88.0,TDM 19,1.59,2018-08-10 13:35:40.677000000,10719.0,2.0,2018-07-26,2018-07-26 07:21:56.480,7,21,24,7.3566666,
,2018-07-28 09:07:05,607095.0,3000.0,,,88.0,TDM 19,1.59,2018-08-10 13:35:40.683000000,10719.0,2.0,2018-07-28,2018-07-28 09:06:00.832,9,7,5,9.118055,
,2018-07-30 08:11:10,502001.0,3000.0,,,88.0,TDM 19,1.59,2018-08-10 13:35:40.690000000,10719.0,2.0,2018-07-30,2018-07-30 08:10:36.928,8,11,10,8.186111,
,2018-07-30 09:06:14,502020.0,2500.0,,,88.0,TDM 19,1.32,2018-08-10 13:35:40.693000000,10719.0,2.0,2018-07-30,2018-07-30 09:05:13.728,9,6,14,9.1038885,
,2018-07-31 07:14:56,607065.0,1500.0,,,88.0,TDM 19,0.79,2018-08-10 13:35:40.700000000,10719.0,2.0,2018-07-31,2018-07-31 07:15:36.576,7,14,56,7.248889,
,2018-07-31 08:02:42,607103.0,3000.0,,,88.0,TDM 19,1.59,2018-08-10 13:35:40.707000000,10719.0,2.0,2018-07-31,2018-07-31 08:03:40.160,8,2,42,8.045,
,2018-07-31 08:13:08,607110.0,1500.0,,,88.0,TDM 19,0.79,2018-08-10 13:35:40.713000000,10719.0,2.0,2018-07-31,2018-07-31 08:12:24.448,8,13,8,8.218889,
,2018-07-31 09:51:31,607075.0,2000.0,,,88.0,TDM 19,1.06,2018-08-10 13:35:40.720000000,10719.0,2.0,2018-07-31,2018-07-31 09:50:42.688,9,51,31,9.858611,
,2018-08-01 06:43:31,502032.0,2500.0,,,88.0,TDM 19,1.32,2018-08-10 13:35:40.723000000,10719.0,2.0,2018-08-01,2018-08-01 06:42:26.944,6,43,31,6.725278,
,2018-08-02 08:29:40,607111.0,2500.0,,,88.0,TDM 19,1.32,2018-08-10 13:35:40.730000000,10719.0,2.0,2018-08-02,2018-08-02 08:29:05.920,8,29,40,8.494445,
,2018-08-03 07:08:18,502044.0,1500.0,,,88.0,TDM 19,0.79,2018-08-10 13:35:40.737000000,10719.0,2.0,2018-08-03,2018-08-03 07:07:52.704,7,8,18,7.1383333,
,2018-08-08 08:34:17,502031.0,1500.0,,,88.0,TDM 19,0.79,2018-08-10 13:35:40.750000000,10719.0,2.0,2018-08-08,2018-08-08 08:33:17.824,8,34,17,8.571389,
,2018-08-09 06:44:26,607064.0,1500.0,,,88.0,TDM 19,0.79,2018-08-10 13:35:40.753000000,10719.0,2.0,2018-08-09,2018-08-09 06:43:40.672,6,44,26,6.740556,
,2018-08-09 07:16:10,607042.0,6650.0,,,88.0,TDM 19,3.49,2018-08-10 13:35:40.760000000,10719.0,2.0,2018-08-09,2018-08-09 07:16:26.752,7,16,10,7.2694445,
,2018-08-09 08:00:55,607003.0,2000.0,,,88.0,TDM 19,1.06,2018-08-10 13:35:40.767000000,10719.0,2.0,2018-08-09,2018-08-09 08:00:08.192,8,0,55,8.015278,
,2018-08-09 08:08:08,607001.0,2000.0,,,88.0,TDM 19,1.06,2018-08-10 13:35:40.773000000,10719.0,2.0,2018-08-09,2018-08-09 08:08:52.480,8,8,8,8.135555,
,2018-08-09 09:01:11,607089.0,3000.0,,,88.0,TDM 19,1.59,2018-08-10 13:35:40.780000000,10719.0,2.0,2018-08-09,2018-08-09 09:01:18.208,9,1,11,9.019722,
,2018-08-07 08:52:11,239064.0,2500.0,,,103.0,TDM 34,1.32,2018-08-10 13:38:50.770000000,10720.0,2.0,2018-08-07,2018-08-07 08:51:09.952,8,52,11,8.869722,
,2018-08-08 07:50:11,239079.0,3000.0,,,103.0,TDM 34,1.59,2018-08-10 13:38:50.787000000,10720.0,2.0,2018-08-08,2018-08-08 07:49:36.384,7,50,11,7.836389,
,2018-08-10 08:15:29,239018.0,3000.0,,,103.0,TDM 34,1.59,2018-08-10 13:38:50.793000000,10720.0,2.0,2018-08-10,2018-08-10 08:15:02.144,8,15,29,8.258056,
,2018-08-10 08:24:31,239013.0,2500.0,,,103.0,TDM 34,1.32,2018-08-10 13:38:50.800000000,10720.0,2.0,2018-08-10,2018-08-10 08:23:46.432,8,24,31,8.408611,
,2018-08-06 08:18:52,550164.0,2000.0,,,93.0,TDM 24,1.06,2018-08-10 13:41:52.710000000,10721.0,2.0,2018-08-06,2018-08-06 08:18:47.424,8,18,52,8.314445,
,2018-08-06 08:21:31,550164.0,2000.0,,,93.0,TDM 24,1.06,2018-08-10 13:41:52.720000000,10721.0,2.0,2018-08-06,2018-08-06 08:20:58.496,8,21,31,8.358611,
,2018-08-08 08:21:04,550164.0,2000.0,,,93.0,TDM 24,1.06,2018-08-10 13:41:52.727000000,10721.0,2.0,2018-08-08,2018-08-08 08:20:11.392,8,21,4,8.351111,
,2018-08-08 08:51:56,550022.0,2000.0,,,93.0,TDM 24,1.06,2018-08-10 13:41:52.730000000,10721.0,2.0,2018-08-08,2018-08-08 08:52:57.472,8,51,56,8.865556,
,2018-08-08 09:11:56,550030.0,2000.0,,,93.0,TDM 24,1.06,2018-08-10 13:41:52.737000000,10721.0,2.0,2018-08-08,2018-08-08 09:12:37.120,9,11,56,9.198889,
,2018-08-08 10:52:27,550095.0,2000.0,,,93.0,TDM 24,1.06,2018-08-10 13:41:52.743000000,10721.0,2.0,2018-08-08,2018-08-08 10:53:06.432,10,52,27,10.8741665,
,2018-08-10 09:38:05,550170.0,1500.0,,,93.0,TDM 24,0.79,2018-08-10 13:41:52.750000000,10721.0,2.0,2018-08-10,2018-08-10 09:38:02.880,9,38,5,9.634722,
,2018-08-10 09:53:45,550170.0,1500.0,,,93.0,TDM 24,0.79,2018-08-10 13:41:52.757000000,10721.0,2.0,2018-08-10,2018-08-10 09:53:20.384,9,53,45,9.895833,
,2018-08-09 07:01:39,643011.0,8850.0,,,77.0,TDM 8,4.66,2018-08-10 13:45:02.203000000,10722.0,2.0,2018-08-09,2018-08-09 07:01:09.248,7,1,39,7.0275,
,2018-08-02 14:38:10,208001.0,1500.0,,,124.0,TDM 54,0.79,2018-08-10 13:48:31.040000000,10723.0,2.0,2018-08-02,2018-08-02 14:38:17.088,14,38,10,14.636111,
,2018-08-03 15:35:30,531006.0,1500.0,,,124.0,TDM 54,0.79,2018-08-10 13:48:31.047000000,10723.0,2.0,2018-08-03,2018-08-03 15:34:41.408,15,35,30,15.591666,
,2018-08-04 10:11:33,531050.0,1500.0,,,124.0,TDM 54,0.79,2018-08-10 13:48:31.050000000,10723.0,2.0,2018-08-04,2018-08-04 10:10:59.200,10,11,33,10.1925,
,2018-08-06 09:46:55,597068.0,1500.0,,,124.0,TDM 54,0.79,2018-08-10 13:48:31.057000000,10723.0,2.0,2018-08-06,2018-08-06 09:46:10.304,9,46,55,9.781944,
,2018-08-09 09:12:10,597025.0,1500.0,,,124.0,TDM 54,0.79,2018-08-10 13:48:31.063000000,10723.0,2.0,2018-08-09,2018-08-09 09:12:13.568,9,12,10,9.202778,
,2018-08-04 07:51:10,548053.0,2000.0,,,100.0,TDM 31,1.06,2018-08-10 13:51:25.473000000,10724.0,2.0,2018-08-04,2018-08-04 07:51:10.592,7,51,10,7.852778,
,2018-08-06 06:28:31,548097.0,2500.0,,,100.0,TDM 31,1.32,2018-08-10 13:51:25.483000000,10724.0,2.0,2018-08-06,2018-08-06 06:29:33.824,6,28,31,6.475278,
,2018-08-06 09:00:37,548010.0,1500.0,,,100.0,TDM 31,0.79,2018-08-10 13:51:25.490000000,10724.0,2.0,2018-08-06,2018-08-06 09:00:17.792,9,0,37,9.010278,
,2018-08-07 07:01:04,548083.0,1500.0,,,100.0,TDM 31,0.79,2018-08-10 13:51:25.493000000,10724.0,2.0,2018-08-07,2018-08-07 07:01:56.352,7,1,4,7.017778,
,2018-08-08 11:25:34,548083.0,1500.0,,,100.0,TDM 31,0.79,2018-08-10 13:51:25.500000000,10724.0,2.0,2018-08-08,2018-08-08 11:25:52.512,11,25,34,11.426111,
,2018-08-08 15:42:59,548066.0,3000.0,,,100.0,TDM 31,1.59,2018-08-10 13:51:25.507000000,10724.0,2.0,2018-08-08,2018-08-08 15:43:39.008,15,42,59,15.716389,
,2018-08-09 08:52:43,548066.0,3000.0,,,100.0,TDM 31,1.59,2018-08-10 13:51:25.513000000,10724.0,2.0,2018-08-09,2018-08-09 08:52:33.920,8,52,43,8.878612,
,2018-08-09 10:33:19,548105.0,8850.0,,,100.0,TDM 31,4.66,2018-08-10 13:51:25.520000000,10724.0,2.0,2018-08-09,2018-08-09 10:33:03.232,10,33,19,10.555278,
,2018-08-09 10:47:02,548089.0,2000.0,,,100.0,TDM 31,1.06,2018-08-10 13:51:25.523000000,10724.0,2.0,2018-08-09,2018-08-09 10:46:09.664,10,47,2,10.783889,
,2018-08-09 11:03:23,548075.0,1500.0,,,100.0,TDM 31,0.79,2018-08-10 13:51:25.530000000,10724.0,2.0,2018-08-09,2018-08-09 11:03:38.240,11,3,23,11.056389,
,2018-08-09 11:22:32,548060.0,1500.0,,,100.0,TDM 31,0.79,2018-08-10 13:51:25.537000000,10724.0,2.0,2018-08-09,2018-08-09 11:23:17.888,11,22,32,11.375556,
,2018-08-10 06:50:58,548062.0,1500.0,,,100.0,TDM 31,0.79,2018-08-10 13:51:25.543000000,10724.0,2.0,2018-08-10,2018-08-10 06:52:01.408,6,50,58,6.8494444,
,2018-08-10 08:37:14,548007.0,1500.0,,,100.0,TDM 31,0.79,2018-08-10 13:51:25.550000000,10724.0,2.0,2018-08-10,2018-08-10 08:36:52.864,8,37,14,8.620556,
,2018-08-03 10:20:06,671020.0,11050.0,,,81.0,TDM 12,5.82,2018-08-10 13:54:41.217000000,10725.0,2.0,2018-08-03,2018-08-03 10:20:07.040,10,20,6,10.335,
,2018-08-08 09:10:24,671030.0,6650.0,,,81.0,TDM 12,3.49,2018-08-10 13:54:41.223000000,10725.0,2.0,2018-08-08,2018-08-08 09:10:26.048,9,10,24,9.173333,
,2018-08-09 08:55:15,671068.0,8850.0,,,81.0,TDM 12,4.66,2018-08-10 13:54:41.230000000,10725.0,2.0,2018-08-09,2018-08-09 08:54:44.992,8,55,15,8.920834,
,2018-08-06 08:34:21,631021.0,2000.0,,,112.0,TDM 42,1.06,2018-08-10 13:58:53.493000000,10726.0,2.0,2018-08-06,2018-08-06 08:34:04.928,8,34,21,8.5725,
,2018-08-06 10:34:24,631092.0,2000.0,,,112.0,TDM 42,1.06,2018-08-10 13:58:53.500000000,10726.0,2.0,2018-08-06,2018-08-06 10:34:13.888,10,34,24,10.573334,
,2018-08-07 10:37:18,511032.0,1500.0,,,112.0,TDM 42,0.79,2018-08-10 13:58:53.507000000,10726.0,2.0,2018-08-07,2018-08-07 10:38:12.480,10,37,18,10.621667,
,2018-08-07 11:00:56,511021.0,2000.0,,,112.0,TDM 42,1.06,2018-08-10 13:58:53.513000000,10726.0,2.0,2018-08-07,2018-08-07 11:00:03.200,11,0,56,11.015555,
,2018-08-07 11:35:18,511049.0,3000.0,,,112.0,TDM 42,1.59,2018-08-10 13:58:53.520000000,10726.0,2.0,2018-08-07,2018-08-07 11:35:00.352,11,35,18,11.588333,
,2018-08-07 11:40:30,511046.0,2000.0,,,112.0,TDM 42,1.06,2018-08-10 13:58:53.523000000,10726.0,2.0,2018-08-07,2018-08-07 11:41:33.568,11,40,30,11.675,
,2018-08-07 12:19:04,511112.0,1500.0,,,112.0,TDM 42,0.79,2018-08-10 13:58:53.530000000,10726.0,2.0,2018-08-07,2018-08-07 12:18:41.792,12,19,4,12.317778,
,2018-08-08 07:48:41,631009.0,13250.0,,,112.0,TDM 42,6.99,2018-08-10 13:58:53.537000000,10726.0,2.0,2018-08-08,2018-08-08 07:49:36.384,7,48,41,7.811389,
,2018-08-08 08:58:37,631087.0,3000.0,,,112.0,TDM 42,1.59,2018-08-10 13:58:53.543000000,10726.0,2.0,2018-08-08,2018-08-08 08:59:30.688,8,58,37,8.976944,
,2018-08-09 07:22:37,511071.0,1500.0,,,112.0,TDM 42,0.79,2018-08-10 13:58:53.550000000,10726.0,2.0,2018-08-09,2018-08-09 07:22:59.968,7,22,37,7.3769445,
,2018-08-09 07:58:30,511022.0,1500.0,,,112.0,TDM 42,0.79,2018-08-10 13:58:53.553000000,10726.0,2.0,2018-08-09,2018-08-09 07:57:57.120,7,58,30,7.975,
,2018-08-09 08:16:04,511027.0,2000.0,,,112.0,TDM 42,1.06,2018-08-10 13:58:53.560000000,10726.0,2.0,2018-08-09,2018-08-09 08:15:25.696,8,16,4,8.267777,
,2018-08-09 08:56:14,511102.0,3000.0,,,112.0,TDM 42,1.59,2018-08-10 13:58:53.567000000,10726.0,2.0,2018-08-09,2018-08-09 08:56:56.064,8,56,14,8.9372225,
,2018-08-09 09:16:53,511051.0,2500.0,,,112.0,TDM 42,1.32,2018-08-10 13:58:53.573000000,10726.0,2.0,2018-08-09,2018-08-09 09:16:35.712,9,16,53,9.281389,
,2018-08-10 07:53:56,631047.0,3000.0,,,112.0,TDM 42,1.59,2018-08-10 13:58:53.580000000,10726.0,2.0,2018-08-10,2018-08-10 07:53:11.424,7,53,56,7.898889,
,2018-08-10 08:01:13,631054.0,2500.0,,,112.0,TDM 42,1.32,2018-08-10 13:58:53.583000000,10726.0,2.0,2018-08-10,2018-08-10 08:01:55.712,8,1,13,8.020278,
,2018-08-10 08:32:15,631063.0,6650.0,,,112.0,TDM 42,3.49,2018-08-10 13:58:53.590000000,10726.0,2.0,2018-08-10,2018-08-10 08:32:30.720,8,32,15,8.5375,
,2018-08-10 08:49:56,631089.0,1500.0,,,112.0,TDM 42,0.79,2018-08-10 13:58:53.597000000,10726.0,2.0,2018-08-10,2018-08-10 08:49:59.296,8,49,56,8.832222,
,2018-08-10 09:09:40,631079.0,2500.0,,,112.0,TDM 42,1.32,2018-08-10 13:58:53.610000000,10726.0,2.0,2018-08-10,2018-08-10 09:09:38.944,9,9,40,9.161111,
,2018-08-03 10:49:25,579096.0,2000.0,,,91.0,TDM 22,1.06,2018-08-10 14:06:05.223000000,10727.0,2.0,2018-08-03,2018-08-03 10:48:30.976,10,49,25,10.823611,
,2018-08-03 11:36:52,579039.0,3000.0,,,91.0,TDM 22,1.59,2018-08-10 14:06:05.233000000,10727.0,2.0,2018-08-03,2018-08-03 11:36:34.560,11,36,52,11.614445,
,2018-08-06 09:36:41,579044.0,2000.0,,,91.0,TDM 22,1.06,2018-08-10 14:06:05.247000000,10727.0,2.0,2018-08-06,2018-08-06 09:37:26.016,9,36,41,9.611389,
,2018-08-07 07:45:19,355047.0,2500.0,,,91.0,TDM 22,1.32,2018-08-10 14:06:05.250000000,10727.0,2.0,2018-08-07,2018-08-07 07:45:37.792,7,45,19,7.7552776,
,2018-08-07 09:13:26,355075.0,3000.0,,,91.0,TDM 22,1.59,2018-08-10 14:06:05.263000000,10727.0,2.0,2018-08-07,2018-08-07 09:13:00.672,9,13,26,9.223889,
,2018-08-08 08:05:21,579084.0,2000.0,,,91.0,TDM 22,1.06,2018-08-10 14:06:05.270000000,10727.0,2.0,2018-08-08,2018-08-08 08:04:53.888,8,5,21,8.089167,
,2018-08-08 08:53:03,579033.0,2500.0,,,91.0,TDM 22,1.32,2018-08-10 14:06:05.277000000,10727.0,2.0,2018-08-08,2018-08-08 08:52:57.472,8,53,3,8.884167,
,2018-08-08 09:19:31,579037.0,2500.0,,,91.0,TDM 22,1.32,2018-08-10 14:06:05.280000000,10727.0,2.0,2018-08-08,2018-08-08 09:19:10.336,9,19,31,9.325277,
,2018-08-08 10:10:05,579086.0,3000.0,,,91.0,TDM 22,1.59,2018-08-10 14:06:05.293000000,10727.0,2.0,2018-08-08,2018-08-08 10:09:24.992,10,10,5,10.168056,
,2018-08-09 07:59:26,355062.0,2500.0,,,91.0,TDM 22,1.32,2018-08-10 14:06:05.300000000,10727.0,2.0,2018-08-09,2018-08-09 08:00:08.192,7,59,26,7.990556,
,2018-08-09 09:59:06,355056.0,1500.0,,,91.0,TDM 22,0.79,2018-08-10 14:06:05.307000000,10727.0,2.0,2018-08-09,2018-08-09 09:58:06.080,9,59,6,9.985,
,2018-08-09 10:05:06,355042.0,1500.0,,,91.0,TDM 22,0.79,2018-08-10 14:06:05.310000000,10727.0,2.0,2018-08-09,2018-08-09 10:04:39.296,10,5,6,10.085,
,2018-08-10 09:26:09,355071.0,2000.0,,,91.0,TDM 22,1.06,2018-08-10 14:06:05.317000000,10727.0,2.0,2018-08-10,2018-08-10 09:27:07.520,9,26,9,9.435833,
,2018-08-04 07:45:05,350032.0,1500.0,,,85.0,TDM 16,0.79,2018-08-10 14:13:09.773000000,10728.0,2.0,2018-08-04,2018-08-04 07:44:37.376,7,45,5,7.751389,
,2018-08-06 08:49:29,350014.0,11050.0,,,85.0,TDM 16,5.82,2018-08-10 14:13:09.797000000,10728.0,2.0,2018-08-06,2018-08-06 08:49:22.432,8,49,29,8.824722,
,2018-08-06 09:11:23,350022.0,8850.0,,,85.0,TDM 16,4.66,2018-08-10 14:13:09.803000000,10728.0,2.0,2018-08-06,2018-08-06 09:11:13.152,9,11,23,9.189722,
,2018-08-07 07:34:03,328141.0,1500.0,,,85.0,TDM 16,0.79,2018-08-10 14:13:09.813000000,10728.0,2.0,2018-08-07,2018-08-07 07:34:42.432,7,34,3,7.5675,
,2018-08-07 09:19:02,328079.0,2000.0,,,85.0,TDM 16,1.06,2018-08-10 14:13:09.820000000,10728.0,2.0,2018-08-07,2018-08-07 09:19:33.888,9,19,2,9.317223,
,2018-08-07 10:13:23,328012.0,2000.0,,,85.0,TDM 16,1.06,2018-08-10 14:13:09.827000000,10728.0,2.0,2018-08-07,2018-08-07 10:14:10.688,10,13,23,10.223056,
,2018-08-07 10:57:23,328034.0,2500.0,,,85.0,TDM 16,1.32,2018-08-10 14:13:09.833000000,10728.0,2.0,2018-08-07,2018-08-07 10:57:52.128,10,57,23,10.956388,
,2018-08-07 12:30:21,328155.0,1500.0,,,85.0,TDM 16,0.79,2018-08-10 14:13:09.840000000,10728.0,2.0,2018-08-07,2018-08-07 12:29:37.152,12,30,21,12.505834,
,2018-08-08 09:09:23,350007.0,6650.0,,,85.0,TDM 16,3.49,2018-08-10 14:13:09.847000000,10728.0,2.0,2018-08-08,2018-08-08 09:10:26.048,9,9,23,9.156389,
,2018-08-08 09:40:38,350058.0,2500.0,,,85.0,TDM 16,1.32,2018-08-10 14:13:09.850000000,10728.0,2.0,2018-08-08,2018-08-08 09:41:01.056,9,40,38,9.677222,
,2018-08-08 10:13:04,350047.0,2000.0,,,85.0,TDM 16,1.06,2018-08-10 14:13:09.857000000,10728.0,2.0,2018-08-08,2018-08-08 10:13:47.136,10,13,4,10.217778,
,2018-08-08 11:22:54,350025.0,3000.0,,,85.0,TDM 16,1.59,2018-08-10 14:13:09.863000000,10728.0,2.0,2018-08-08,2018-08-08 11:23:41.440,11,22,54,11.381667,
,2018-08-09 07:49:56,328092.0,2000.0,,,85.0,TDM 16,1.06,2018-08-10 14:13:09.870000000,10728.0,2.0,2018-08-09,2018-08-09 07:49:12.832,7,49,56,7.832222,
,2018-08-09 08:21:09,328072.0,1500.0,,,85.0,TDM 16,0.79,2018-08-10 14:13:09.877000000,10728.0,2.0,2018-08-09,2018-08-09 08:21:58.912,8,21,9,8.3525,
,2018-08-09 09:07:20,328068.0,2500.0,,,85.0,TDM 16,1.32,2018-08-10 14:13:09.880000000,10728.0,2.0,2018-08-09,2018-08-09 09:07:51.424,9,7,20,9.122222,
,2018-08-09 10:25:13,328134.0,1500.0,,,85.0,TDM 16,0.79,2018-08-10 14:13:09.887000000,10728.0,2.0,2018-08-09,2018-08-09 10:24:18.944,10,25,13,10.420278,
,2018-08-06 07:08:00,363127.0,11050.0,,,101.0,TDM 32,5.82,2018-08-10 14:17:04.380000000,10729.0,2.0,2018-08-06,2018-08-06 07:08:53.120,7,8,0,7.133333,
,2018-08-07 08:09:07,363014.0,6650.0,,,101.0,TDM 32,3.49,2018-08-10 14:17:04.387000000,10729.0,2.0,2018-08-07,2018-08-07 08:09:39.584,8,9,7,8.151944,
,2018-08-08 07:51:45,363068.0,11050.0,,,101.0,TDM 32,5.82,2018-08-10 14:17:04.390000000,10729.0,2.0,2018-08-08,2018-08-08 07:51:47.456,7,51,45,7.8625,
,2018-08-08 07:00:35,316129.0,3000.0,,,87.0,TDM 18,1.59,2018-08-13 14:27:21.630000000,10731.0,2.0,2018-08-08,2018-08-08 07:01:32.800,7,0,35,7.009722,
,2018-08-08 11:14:55,316084.0,1500.0,,,87.0,TDM 18,0.79,2018-08-13 14:27:21.640000000,10731.0,2.0,2018-08-08,2018-08-08 11:14:57.152,11,14,55,11.248611,
,2018-08-10 07:58:31,316097.0,2000.0,,,87.0,TDM 18,1.06,2018-08-13 14:27:21.647000000,10731.0,2.0,2018-08-10,2018-08-10 07:57:33.568,7,58,31,7.975278,
,2018-08-10 08:45:52,316114.0,3000.0,,,87.0,TDM 18,1.59,2018-08-13 14:27:21.653000000,10731.0,2.0,2018-08-10,2018-08-10 08:45:37.152,8,45,52,8.764444,
,2018-08-10 11:20:49,316158.0,2000.0,,,87.0,TDM 18,1.06,2018-08-13 14:27:21.660000000,10731.0,2.0,2018-08-10,2018-08-10 11:20:43.264,11,20,49,11.346945,
,2018-08-07 15:27:13,212081.0,3000.0,,,102.0,TDM 33,1.59,2018-08-13 14:33:06.123000000,10732.0,2.0,2018-08-07,2018-08-07 15:26:33.984,15,27,13,15.453611,
,2018-08-09 09:09:28,212099.0,2500.0,,,102.0,TDM 33,1.32,2018-08-13 14:33:06.130000000,10732.0,2.0,2018-08-09,2018-08-09 09:10:02.496,9,9,28,9.157778,
,2018-08-10 09:59:36,212099.0,2500.0,,,102.0,TDM 33,1.32,2018-08-13 14:33:06.137000000,10732.0,2.0,2018-08-10,2018-08-10 09:59:53.600,9,59,36,9.993333,
,2018-08-10 10:07:20,212060.0,8850.0,,,102.0,TDM 33,4.66,2018-08-13 14:33:06.143000000,10732.0,2.0,2018-08-10,2018-08-10 10:06:26.816,10,7,20,10.122222,
,2018-08-11 08:27:05,212014.0,1500.0,,,102.0,TDM 33,0.79,2018-08-13 14:33:06.150000000,10732.0,2.0,2018-08-11,2018-08-11 08:27:45.024,8,27,5,8.451389,
,2018-08-11 09:34:53,212052.0,1500.0,,,102.0,TDM 33,0.79,2018-08-13 14:33:06.157000000,10732.0,2.0,2018-08-11,2018-08-11 09:35:28.256,9,34,53,9.581388,
,2018-07-30 10:27:10,208001.0,1500.0,,,97.0,TDM 28,0.79,2018-08-13 14:36:03.117000000,10733.0,2.0,2018-07-30,2018-07-30 10:28:14.464,10,27,10,10.452778,
,2018-07-30 13:54:18,306036.0,2500.0,,,97.0,TDM 28,1.32,2018-08-13 14:36:03.120000000,10733.0,2.0,2018-07-30,2018-07-30 13:53:35.232,13,54,18,13.905,
,2018-07-30 14:43:17,306043.0,1500.0,,,97.0,TDM 28,0.79,2018-08-13 14:36:03.127000000,10733.0,2.0,2018-07-30,2018-07-30 14:43:49.888,14,43,17,14.721389,
,2018-07-31 12:54:10,306109.0,1500.0,,,97.0,TDM 28,0.79,2018-08-13 14:36:03.133000000,10733.0,2.0,2018-07-31,2018-07-31 12:54:12.736,12,54,10,12.902778,
,2018-07-31 13:05:43,306110.0,2000.0,,,97.0,TDM 28,1.06,2018-08-13 14:36:03.140000000,10733.0,2.0,2018-07-31,2018-07-31 13:05:08.096,13,5,43,13.095278,
,2018-07-31 13:25:24,306113.0,1500.0,,,97.0,TDM 28,0.79,2018-08-13 14:36:03.143000000,10733.0,2.0,2018-07-31,2018-07-31 13:24:47.744,13,25,24,13.423333,
,2018-08-01 10:25:18,306158.0,1500.0,,,97.0,TDM 28,0.79,2018-08-13 14:36:03.150000000,10733.0,2.0,2018-08-01,2018-08-01 10:25:16.288,10,25,18,10.421667,
,2018-08-02 11:06:38,307089.0,3000.0,,,97.0,TDM 28,1.59,2018-08-13 14:36:03.157000000,10733.0,2.0,2018-08-02,2018-08-02 11:06:23.104,11,6,38,11.110556,
,2018-08-02 13:34:20,306031.0,3000.0,,,97.0,TDM 28,1.59,2018-08-13 14:36:03.163000000,10733.0,2.0,2018-08-02,2018-08-02 13:34:56.000,13,34,20,13.572222,
,2018-08-03 08:31:01,692074.0,2000.0,,,97.0,TDM 28,1.06,2018-08-13 14:36:03.170000000,10733.0,2.0,2018-08-03,2018-08-03 08:30:53.440,8,31,1,8.516945,
,2018-08-07 09:34:45,306084.0,1500.0,,,97.0,TDM 28,0.79,2018-08-13 14:36:03.173000000,10733.0,2.0,2018-08-07,2018-08-07 09:34:51.392,9,34,45,9.579166,
,2018-08-09 09:41:08,306072.0,2000.0,,,97.0,TDM 28,1.06,2018-08-13 14:36:03.180000000,10733.0,2.0,2018-08-09,2018-08-09 09:40:37.504,9,41,8,9.685555,
,2018-08-09 09:59:27,306046.0,2000.0,,,97.0,TDM 28,1.06,2018-08-13 14:36:03.187000000,10733.0,2.0,2018-08-09,2018-08-09 10:00:17.152,9,59,27,9.990833,
,2018-08-09 10:23:45,306048.0,2000.0,,,97.0,TDM 28,1.06,2018-08-13 14:36:03.193000000,10733.0,2.0,2018-08-09,2018-08-09 10:24:18.944,10,23,45,10.395833,
,2018-08-09 17:48:01,306079.0,2000.0,,,97.0,TDM 28,1.06,2018-08-13 14:36:03.200000000,10733.0,2.0,2018-08-09,2018-08-09 17:47:46.560,17,48,1,17.800278,
,2018-08-10 08:07:14,306024.0,2000.0,,,97.0,TDM 28,1.06,2018-08-13 14:36:03.203000000,10733.0,2.0,2018-08-10,2018-08-10 08:06:17.856,8,7,14,8.120556,
,2018-08-10 08:23:12,306081.0,1500.0,,,97.0,TDM 28,0.79,2018-08-13 14:36:03.210000000,10733.0,2.0,2018-08-10,2018-08-10 08:23:46.432,8,23,12,8.386666,
,2018-08-10 09:51:44,306017.0,1500.0,,,97.0,TDM 28,0.79,2018-08-13 14:36:03.217000000,10733.0,2.0,2018-08-10,2018-08-10 09:51:09.312,9,51,44,9.862223,
,2018-08-11 09:09:16,306134.0,1500.0,,,97.0,TDM 28,0.79,2018-08-13 14:36:03.223000000,10733.0,2.0,2018-08-11,2018-08-11 09:09:15.392,9,9,16,9.154445,
,2018-08-11 09:23:47,306098.0,2000.0,,,97.0,TDM 28,1.06,2018-08-13 14:36:03.230000000,10733.0,2.0,2018-08-11,2018-08-11 09:24:32.896,9,23,47,9.396389,
,2018-08-11 10:06:39,306041.0,2000.0,,,97.0,TDM 28,1.06,2018-08-13 14:36:03.233000000,10733.0,2.0,2018-08-11,2018-08-11 10:06:03.264,10,6,39,10.110833,
,2018-08-12 07:48:49,306144.0,2500.0,,,97.0,TDM 28,1.32,2018-08-13 14:36:03.240000000,10733.0,2.0,2018-08-12,2018-08-12 07:48:02.176,7,48,49,7.813611,
,2018-08-12 08:32:22,306150.0,2000.0,,,97.0,TDM 28,1.06,2018-08-13 14:36:03.247000000,10733.0,2.0,2018-08-12,2018-08-12 08:31:43.616,8,32,22,8.539444,
,2018-08-13 10:56:23,306125.0,3000.0,,,97.0,TDM 28,1.59,2018-08-13 14:36:03.253000000,10733.0,2.0,2018-08-13,2018-08-13 10:55:30.816,10,56,23,10.939722,
,2018-08-13 11:18:43,306039.0,1500.0,,,97.0,TDM 28,0.79,2018-08-13 14:36:03.260000000,10733.0,2.0,2018-08-13,2018-08-13 11:19:32.608,11,18,43,11.311944,
,2018-08-03 11:58:52,643029.0,6650.0,,,104.0,TDM 35,3.49,2018-08-13 14:39:11.750000000,10734.0,2.0,2018-08-03,2018-08-03 11:58:25.280,11,58,52,11.981112,
,2018-08-03 12:02:55,643029.0,6650.0,,,104.0,TDM 35,3.49,2018-08-13 14:39:11.773000000,10734.0,2.0,2018-08-03,2018-08-03 12:02:47.424,12,2,55,12.048611,
,2018-07-30 12:35:05,580036.0,2000.0,,,105.0,TDM 36,1.06,2018-08-13 14:42:24.970000000,10735.0,2.0,2018-07-30,2018-07-30 12:34:56.640,12,35,5,12.5847225,
,2018-07-30 14:27:39,580046.0,3000.0,,,105.0,TDM 36,1.59,2018-08-13 14:42:24.980000000,10735.0,2.0,2018-07-30,2018-07-30 14:28:32.384,14,27,39,14.460834,
,2018-08-01 09:23:17,580052.0,2000.0,,,105.0,TDM 36,1.06,2018-08-13 14:42:24.987000000,10735.0,2.0,2018-08-01,2018-08-01 09:24:06.272,9,23,17,9.388056,
,2018-08-01 09:27:08,580060.0,3000.0,,,105.0,TDM 36,1.59,2018-08-13 14:42:24.993000000,10735.0,2.0,2018-08-01,2018-08-01 09:26:17.344,9,27,8,9.452222,
,2018-08-01 10:26:23,580071.0,2000.0,,,105.0,TDM 36,1.06,2018-08-13 14:42:25,10735.0,2.0,2018-08-01,2018-08-01 10:27:27.360,10,26,23,10.439722,
,2018-08-01 12:01:16,580073.0,1500.0,,,105.0,TDM 36,0.79,2018-08-13 14:42:25.007000000,10735.0,2.0,2018-08-01,2018-08-01 12:01:23.456,12,1,16,12.0211115,
,2018-08-09 16:47:39,580031.0,1500.0,,,105.0,TDM 36,0.79,2018-08-13 14:42:25.010000000,10735.0,2.0,2018-08-09,2018-08-09 16:46:36.544,16,47,39,16.794167,
,2018-08-09 16:59:12,580035.0,1500.0,,,105.0,TDM 36,0.79,2018-08-13 14:42:25.017000000,10735.0,2.0,2018-08-09,2018-08-09 16:59:42.976,16,59,12,16.986666,
,2018-08-09 17:56:45,580108.0,1500.0,,,105.0,TDM 36,0.79,2018-08-13 14:42:25.023000000,10735.0,2.0,2018-08-09,2018-08-09 17:56:30.848,17,56,45,17.945833,
,2018-08-10 09:21:16,580108.0,1500.0,,,105.0,TDM 36,0.79,2018-08-13 14:42:25.030000000,10735.0,2.0,2018-08-10,2018-08-10 09:20:34.304,9,21,16,9.3544445,
,2018-08-11 09:07:35,583029.0,1500.0,,,105.0,TDM 36,0.79,2018-08-13 14:42:25.037000000,10735.0,2.0,2018-08-11,2018-08-11 09:07:04.320,9,7,35,9.126389,
,2018-08-11 09:13:09,583027.0,2500.0,,,105.0,TDM 36,1.32,2018-08-13 14:42:25.040000000,10735.0,2.0,2018-08-11,2018-08-11 09:13:37.536,9,13,9,9.219167,
,2018-08-11 09:34:11,580001.0,1500.0,,,105.0,TDM 36,0.79,2018-08-13 14:42:25.047000000,10735.0,2.0,2018-08-11,2018-08-11 09:33:17.184,9,34,11,9.569722,
,2018-08-11 10:03:35,580029.0,3000.0,,,105.0,TDM 36,1.59,2018-08-13 14:42:25.053000000,10735.0,2.0,2018-08-11,2018-08-11 10:03:52.192,10,3,35,10.059722,
,2018-08-11 10:36:46,580028.0,1500.0,,,105.0,TDM 36,0.79,2018-08-13 14:42:25.060000000,10735.0,2.0,2018-08-11,2018-08-11 10:36:38.272,10,36,46,10.612778,
,2018-08-11 10:54:53,580033.0,2000.0,,,105.0,TDM 36,1.06,2018-08-13 14:42:25.067000000,10735.0,2.0,2018-08-11,2018-08-11 10:54:06.848,10,54,53,10.914722,
,2018-08-13 10:13:27,583045.0,3000.0,,,105.0,TDM 36,1.59,2018-08-13 14:42:25.070000000,10735.0,2.0,2018-08-13,2018-08-13 10:14:00.448,10,13,27,10.224167,
,2018-08-08 07:32:14,359026.0,2500.0,,,84.0,TDM 15,1.32,2018-08-13 14:50:21.347000000,10736.0,2.0,2018-08-08,2018-08-08 07:32:07.808,7,32,14,7.5372224,
,2018-08-08 09:17:29,359026.0,2500.0,,,84.0,TDM 15,1.32,2018-08-13 14:50:21.357000000,10736.0,2.0,2018-08-08,2018-08-08 09:16:59.264,9,17,29,9.2913885,
,2018-08-10 16:26:05,359041.0,2500.0,,,84.0,TDM 15,1.32,2018-08-13 14:50:21.360000000,10736.0,2.0,2018-08-10,2018-08-10 16:26:33.344,16,26,5,16.434723,
,2018-08-11 06:51:10,359039.0,3000.0,,,84.0,TDM 15,1.59,2018-08-13 14:50:21.367000000,10736.0,2.0,2018-08-11,2018-08-11 06:51:37.856,6,51,10,6.852778,
,2018-08-12 06:12:34,359017.0,11050.0,,,84.0,TDM 15,5.82,2018-08-13 14:50:21.373000000,10736.0,2.0,2018-08-12,2018-08-12 06:11:55.008,6,12,34,6.2094445,
,2018-07-31 09:50:45,324071.0,2000.0,,,79.0,TDM 10,1.06,2018-08-13 14:53:57.793000000,10737.0,2.0,2018-07-31,2018-07-31 09:50:42.688,9,50,45,9.845834,
,2018-08-02 09:47:49,324071.0,2000.0,,,79.0,TDM 10,1.06,2018-08-13 14:53:57.807000000,10737.0,2.0,2018-08-02,2018-08-02 09:47:44.512,9,47,49,9.796945,
,2018-08-10 08:23:21,324092.0,3000.0,,,79.0,TDM 10,1.59,2018-08-13 14:53:57.813000000,10737.0,2.0,2018-08-10,2018-08-10 08:23:46.432,8,23,21,8.389167,
,2018-08-12 08:40:49,324129.0,1500.0,,,79.0,TDM 10,0.79,2018-08-13 14:53:57.820000000,10737.0,2.0,2018-08-12,2018-08-12 08:40:27.904,8,40,49,8.680278,
,2018-08-08 07:34:40,226013.0,3000.0,,,76.0,TDM 7,1.59,2018-08-13 14:57:05.677000000,10738.0,2.0,2018-08-08,2018-08-08 07:34:18.880,7,34,40,7.577778,
,2018-08-08 08:39:02,522136.0,3000.0,,,72.0,TDM 3,1.59,2018-08-13 15:00:54.340000000,10739.0,2.0,2018-08-08,2018-08-08 08:39:51.040,8,39,2,8.650556,
,2018-08-09 14:09:42,522004.0,1500.0,,,72.0,TDM 3,0.79,2018-08-13 15:00:54.350000000,10739.0,2.0,2018-08-09,2018-08-09 14:09:19.360,14,9,42,14.161667,
,2018-08-10 07:31:56,522039.0,3000.0,,,72.0,TDM 3,1.59,2018-08-13 15:00:54.353000000,10739.0,2.0,2018-08-10,2018-08-10 07:31:20.704,7,31,56,7.5322223,
,2018-08-10 07:55:49,522066.0,1500.0,,,72.0,TDM 3,0.79,2018-08-13 15:00:54.360000000,10739.0,2.0,2018-08-10,2018-08-10 07:55:22.496,7,55,49,7.930278,
,2018-08-11 09:48:56,522144.0,2500.0,,,72.0,TDM 3,1.32,2018-08-13 15:00:54.367000000,10739.0,2.0,2018-08-11,2018-08-11 09:48:34.688,9,48,56,9.815556,
,2018-08-11 11:31:12,522096.0,2000.0,,,72.0,TDM 3,1.06,2018-08-13 15:00:54.373000000,10739.0,2.0,2018-08-11,2018-08-11 11:31:15.072,11,31,12,11.52,
,2018-08-13 07:02:59,522098.0,1500.0,,,72.0,TDM 3,0.79,2018-08-13 15:00:54.380000000,10739.0,2.0,2018-08-13,2018-08-13 07:03:57.184,7,2,59,7.049722,
,2018-08-13 07:39:54,522157.0,2000.0,,,72.0,TDM 3,1.06,2018-08-13 15:00:54.383000000,10739.0,2.0,2018-08-13,2018-08-13 07:38:54.336,7,39,54,7.665,
,2018-08-07 08:10:36,222047.0,1500.0,,,108.0,TDM 38,0.79,2018-08-13 15:04:56.603000000,10740.0,2.0,2018-08-07,2018-08-07 08:09:39.584,8,10,36,8.176666,
,2018-08-07 16:47:55,228001.0,2000.0,,,108.0,TDM 38,1.06,2018-08-13 15:04:56.617000000,10740.0,2.0,2018-08-07,2018-08-07 16:47:23.648,16,47,55,16.79861,
,2018-08-07 16:54:35,228003.0,1500.0,,,108.0,TDM 38,0.79,2018-08-13 15:04:56.623000000,10740.0,2.0,2018-08-07,2018-08-07 16:53:56.864,16,54,35,16.909721,
,2018-08-07 18:05:28,228036.0,1500.0,,,108.0,TDM 38,0.79,2018-08-13 15:04:56.630000000,10740.0,2.0,2018-08-07,2018-08-07 18:06:02.240,18,5,28,18.09111,
,2018-08-08 06:51:00,228050.0,1500.0,,,108.0,TDM 38,0.79,2018-08-13 15:04:56.633000000,10740.0,2.0,2018-08-08,2018-08-08 06:50:37.440,6,51,0,6.85,
,2018-08-08 16:53:22,228004.0,1500.0,,,108.0,TDM 38,0.79,2018-08-13 15:04:56.647000000,10740.0,2.0,2018-08-08,2018-08-08 16:53:33.312,16,53,22,16.889444,
,2018-08-08 18:03:12,228097.0,1500.0,,,108.0,TDM 38,0.79,2018-08-13 15:04:56.653000000,10740.0,2.0,2018-08-08,2018-08-08 18:03:27.616,18,3,12,18.053333,
,2018-08-09 06:19:59,228057.0,1500.0,,,108.0,TDM 38,0.79,2018-08-13 15:04:56.660000000,10740.0,2.0,2018-08-09,2018-08-09 06:19:38.880,6,19,59,6.3330555,
,2018-08-09 07:30:08,228017.0,3000.0,,,108.0,TDM 38,1.59,2018-08-13 15:04:56.663000000,10740.0,2.0,2018-08-09,2018-08-09 07:29:33.184,7,30,8,7.502222,
,2018-08-09 17:34:26,228006.0,1500.0,,,108.0,TDM 38,0.79,2018-08-13 15:04:56.670000000,10740.0,2.0,2018-08-09,2018-08-09 17:34:40.128,17,34,26,17.573889,
,2018-08-10 10:07:33,228094.0,2500.0,,,108.0,TDM 38,1.32,2018-08-13 15:04:56.677000000,10740.0,2.0,2018-08-10,2018-08-10 10:08:37.888,10,7,33,10.1258335,
,2018-08-11 06:39:03,228049.0,2000.0,,,108.0,TDM 38,1.06,2018-08-13 15:04:56.683000000,10740.0,2.0,2018-08-11,2018-08-11 06:38:31.424,6,39,3,6.650833,
,2018-08-11 17:30:20,228042.0,2000.0,,,108.0,TDM 38,1.06,2018-08-13 15:04:56.690000000,10740.0,2.0,2018-08-11,2018-08-11 17:29:30.880,17,30,20,17.505556,
,2018-08-11 17:51:03,228029.0,1500.0,,,108.0,TDM 38,0.79,2018-08-13 15:04:56.693000000,10740.0,2.0,2018-08-11,2018-08-11 17:51:21.600,17,51,3,17.850834,
,2018-08-11 18:05:07,228027.0,1500.0,,,108.0,TDM 38,0.79,2018-08-13 15:04:56.707000000,10740.0,2.0,2018-08-11,2018-08-11 18:04:28.032,18,5,7,18.085278,
,2018-08-12 06:21:55,228059.0,2500.0,,,108.0,TDM 38,1.32,2018-08-13 15:04:56.713000000,10740.0,2.0,2018-08-12,2018-08-12 06:22:50.368,6,21,55,6.365278,
,2018-08-12 06:40:21,228047.0,2000.0,,,108.0,TDM 38,1.06,2018-08-13 15:04:56.720000000,10740.0,2.0,2018-08-12,2018-08-12 06:40:18.944,6,40,21,6.6725,
,2018-08-07 17:41:38,12603920223.0,0.0,,,71.0,TDM 2,1.0,2018-08-13 15:08:32.867000000,10741.0,2.0,2018-08-07,2018-08-07 17:42:00.448,17,41,38,17.69389,
,2018-08-08 10:16:46,364109.0,1500.0,,,89.0,TDM 20,0.79,2018-08-13 15:12:24.530000000,10742.0,2.0,2018-08-08,2018-08-08 10:15:58.208,10,16,46,10.279445,
,2018-08-10 07:47:36,364107.0,6650.0,,,89.0,TDM 20,3.49,2018-08-13 15:12:24.533000000,10742.0,2.0,2018-08-10,2018-08-10 07:46:38.208,7,47,36,7.7933335,
,2018-08-10 08:20:47,364043.0,2000.0,,,89.0,TDM 20,1.06,2018-08-13 15:12:24.540000000,10742.0,2.0,2018-08-10,2018-08-10 08:21:35.360,8,20,47,8.346389,
,2018-08-10 08:40:17,364073.0,6650.0,,,89.0,TDM 20,3.49,2018-08-13 15:12:24.547000000,10742.0,2.0,2018-08-10,2018-08-10 08:41:15.008,8,40,17,8.671389,
,2018-07-30 09:35:35,208320.0,2500.0,,,99.0,TDM 30,1.32,2018-08-13 15:15:01.910000000,10743.0,2.0,2018-07-30,2018-07-30 09:35:48.736,9,35,35,9.593056,
,2018-07-30 12:11:53,526035.0,2000.0,,,99.0,TDM 30,1.06,2018-08-13 15:15:01.927000000,10743.0,2.0,2018-07-30,2018-07-30 12:10:54.848,12,11,53,12.198055,
,2018-08-13 07:22:03,526101.0,2000.0,,,99.0,TDM 30,1.06,2018-08-13 15:15:01.940000000,10743.0,2.0,2018-08-13,2018-08-13 07:21:25.760,7,22,3,7.3675,
,2018-08-06 09:54:20,208211.0,1500.0,,,73.0,TDM 4,0.79,2018-08-16 13:54:24.200000000,10751.0,2.0,2018-08-06,2018-08-06 09:54:54.592,9,54,20,9.905556,
,2018-08-06 11:12:13,6104011.0,1500.0,,,73.0,TDM 4,0.79,2018-08-16 13:54:24.210000000,10751.0,2.0,2018-08-06,2018-08-06 11:11:22.112,11,12,13,11.203611,
,2018-08-13 10:42:15,6104064.0,2000.0,,,73.0,TDM 4,1.06,2018-08-16 13:54:24.223000000,10751.0,2.0,2018-08-13,2018-08-13 10:42:24.384,10,42,15,10.704166,
,2018-08-13 11:20:03,6104036.0,2000.0,,,73.0,TDM 4,1.06,2018-08-16 13:54:24.230000000,10751.0,2.0,2018-08-13,2018-08-13 11:19:32.608,11,20,3,11.334167,
,2018-08-15 08:52:30,6104022.0,1500.0,,,73.0,TDM 4,0.79,2018-08-16 13:54:24.233000000,10751.0,2.0,2018-08-15,2018-08-15 08:52:23.680,8,52,30,8.875,
,2018-08-15 09:47:23,6104150.0,1500.0,,,73.0,TDM 4,0.79,2018-08-16 13:54:24.240000000,10751.0,2.0,2018-08-15,2018-08-15 09:47:00.480,9,47,23,9.789722,
,2018-08-15 10:52:33,6104091.0,1500.0,,,73.0,TDM 4,0.79,2018-08-16 13:54:24.247000000,10751.0,2.0,2018-08-15,2018-08-15 10:52:32.640,10,52,33,10.8758335,
,2018-08-08 10:43:14,619108.0,2000.0,,,116.0,TDM 46,1.06,2018-08-16 13:56:55.453000000,10752.0,2.0,2018-08-08,2018-08-08 10:42:11.072,10,43,14,10.720555,
,2018-08-09 08:05:53,369014.0,6650.0,,,107.0,TDM 37,3.49,2018-08-16 13:59:45.747000000,10753.0,2.0,2018-08-09,2018-08-09 08:06:41.408,8,5,53,8.098056,
,2018-08-09 09:08:19,369036.0,2500.0,,,107.0,TDM 37,1.32,2018-08-16 13:59:45.760000000,10753.0,2.0,2018-08-09,2018-08-09 09:07:51.424,9,8,19,9.138611,
,2018-08-09 09:45:57,369063.0,1500.0,,,107.0,TDM 37,0.79,2018-08-16 13:59:45.767000000,10753.0,2.0,2018-08-09,2018-08-09 09:44:59.648,9,45,57,9.765833,
,2018-08-10 07:07:03,369016.0,1500.0,,,107.0,TDM 37,0.79,2018-08-16 13:59:45.770000000,10753.0,2.0,2018-08-10,2018-08-10 07:07:18.912,7,7,3,7.1175,
,2018-08-10 07:37:54,369043.0,2000.0,,,107.0,TDM 37,1.06,2018-08-16 13:59:45.777000000,10753.0,2.0,2018-08-10,2018-08-10 07:37:53.920,7,37,54,7.6316667,
,2018-08-10 07:48:51,369051.0,3000.0,,,107.0,TDM 37,1.59,2018-08-16 13:59:45.783000000,10753.0,2.0,2018-08-10,2018-08-10 07:48:49.280,7,48,51,7.8141665,
,2018-08-10 07:56:41,369057.0,2000.0,,,107.0,TDM 37,1.06,2018-08-16 13:59:45.790000000,10753.0,2.0,2018-08-10,2018-08-10 07:57:33.568,7,56,41,7.944722,
,2018-08-14 08:36:00,369087.0,2000.0,,,107.0,TDM 37,1.06,2018-08-16 13:59:45.797000000,10753.0,2.0,2018-08-14,2018-08-14 08:35:18.656,8,36,0,8.6,
,2018-08-14 08:37:40,369087.0,2000.0,,,107.0,TDM 37,1.06,2018-08-16 13:59:45.800000000,10753.0,2.0,2018-08-14,2018-08-14 08:37:29.728,8,37,40,8.627778,
,2018-08-15 07:43:18,369022.0,11050.0,,,107.0,TDM 37,5.82,2018-08-16 13:59:45.807000000,10753.0,2.0,2018-08-15,2018-08-15 07:42:29.376,7,43,18,7.721667,
,2018-08-15 07:49:08,369022.0,11050.0,,,107.0,TDM 37,5.82,2018-08-16 13:59:45.820000000,10753.0,2.0,2018-08-15,2018-08-15 07:49:02.592,7,49,8,7.8188887,
,2018-08-15 08:30:09,369092.0,1500.0,,,107.0,TDM 37,0.79,2018-08-16 13:59:45.827000000,10753.0,2.0,2018-08-15,2018-08-15 08:30:32.960,8,30,9,8.5025,
,2018-08-15 08:32:15,369092.0,1500.0,,,107.0,TDM 37,0.79,2018-08-16 13:59:45.830000000,10753.0,2.0,2018-08-15,2018-08-15 08:32:44.032,8,32,15,8.5375,
,2018-08-15 08:33:29,369092.0,1500.0,,,107.0,TDM 37,0.79,2018-08-16 13:59:45.837000000,10753.0,2.0,2018-08-15,2018-08-15 08:32:44.032,8,33,29,8.558056,
,2018-08-16 07:14:12,369121.0,1500.0,,,107.0,TDM 37,0.79,2018-08-16 13:59:45.843000000,10753.0,2.0,2018-08-16,2018-08-16 07:13:41.888,7,14,12,7.2366667,
,2018-08-16 07:15:20,369121.0,1500.0,,,107.0,TDM 37,0.79,2018-08-16 13:59:45.850000000,10753.0,2.0,2018-08-16,2018-08-16 07:15:52.960,7,15,20,7.2555556,
,2018-08-16 07:17:02,369121.0,1500.0,,,107.0,TDM 37,0.79,2018-08-16 13:59:45.857000000,10753.0,2.0,2018-08-16,2018-08-16 07:18:04.032,7,17,2,7.283889,
,2018-08-16 07:24:05,369123.0,1500.0,,,107.0,TDM 37,0.79,2018-08-16 13:59:45.860000000,10753.0,2.0,2018-08-16,2018-08-16 07:24:37.248,7,24,5,7.401389,
,2018-07-31 13:32:31,208001.0,2000.0,,,96.0,TDM 27,1.06,2018-08-16 14:03:08.957000000,10754.0,2.0,2018-07-31,2018-07-31 13:33:32.032,13,32,31,13.5419445,
,2018-07-31 13:33:28,208001.0,2000.0,,,96.0,TDM 27,1.06,2018-08-16 14:03:08.967000000,10754.0,2.0,2018-07-31,2018-07-31 13:33:32.032,13,33,28,13.557777,
,2018-07-31 13:38:08,556002.0,8850.0,,,96.0,TDM 27,4.66,2018-08-16 14:03:08.970000000,10754.0,2.0,2018-07-31,2018-07-31 13:37:54.176,13,38,8,13.635555,
,2018-08-16 07:31:45,204093.69,1500.0,,,96.0,TDM 27,0.79,2018-08-16 14:03:08.977000000,10754.0,2.0,2018-08-16,2018-08-16 07:31:10.464,7,31,45,7.5291667,
,2018-08-16 09:56:37,204071.69,3000.0,,,96.0,TDM 27,1.59,2018-08-16 14:03:08.983000000,10754.0,2.0,2018-08-16,2018-08-16 09:57:32.288,9,56,37,9.943611,
,2018-08-10 08:35:00,554081.0,2500.0,,,95.0,TDM 26,1.32,2018-08-16 14:08:41.997000000,10755.0,2.0,2018-08-10,2018-08-10 08:34:41.792,8,35,0,8.583333,
,2018-08-13 08:24:00,554061.0,2000.0,,,95.0,TDM 26,1.06,2018-08-16 14:08:42.010000000,10755.0,2.0,2018-08-13,2018-08-13 08:24:46.848,8,24,0,8.4,
,2018-08-13 10:11:04,554056.0,1500.0,,,95.0,TDM 26,0.79,2018-08-16 14:08:42.017000000,10755.0,2.0,2018-08-13,2018-08-13 10:11:49.376,10,11,4,10.184444,
,2018-08-09 08:28:36,507105.0,1500.0,,,118.0,TDM 48,0.79,2018-08-16 14:14:36.137000000,10756.0,2.0,2018-08-09,2018-08-09 08:28:32.128,8,28,36,8.476666,
,2018-08-13 07:33:29,507010.0,2000.0,,,118.0,TDM 48,1.06,2018-08-16 14:14:36.140000000,10756.0,2.0,2018-08-13,2018-08-13 07:34:32.192,7,33,29,7.5580554,
,2018-08-16 08:10:36,577071.0,2500.0,,,70.0,TDM 1,1.32,2018-08-16 14:17:28.490000000,10757.0,2.0,2018-08-16,2018-08-16 08:10:29.760,8,10,36,8.176666,
,2018-08-16 08:20:34,577072.0,3000.0,,,70.0,TDM 1,1.59,2018-08-16 14:17:28.500000000,10757.0,2.0,2018-08-16,2018-08-16 08:21:25.120,8,20,34,8.342778,
,2018-08-16 09:56:51,577085.0,1500.0,,,70.0,TDM 1,0.79,2018-08-16 14:17:28.503000000,10757.0,2.0,2018-08-16,2018-08-16 09:57:32.288,9,56,51,9.9475,
,2018-08-19 06:02:09,526100.0,1500.0,,,99.0,TDM 30,0.79,2018-08-20 14:00:20.350000000,10761.0,2.0,2018-08-19,2018-08-19 06:02:36.928,6,2,9,6.0358334,
,2018-08-15 09:15:18,212089.0,2500.0,,,102.0,TDM 33,1.32,2018-08-20 14:03:18.707000000,10762.0,2.0,2018-08-15,2018-08-15 09:14:14.400,9,15,18,9.255,
,2018-08-15 09:46:09,212056.0,2000.0,,,102.0,TDM 33,1.06,2018-08-20 14:03:18.717000000,10762.0,2.0,2018-08-15,2018-08-15 09:47:00.480,9,46,9,9.769167,
,2018-08-16 07:56:59,212082.0,2000.0,,,102.0,TDM 33,1.06,2018-08-20 14:03:18.723000000,10762.0,2.0,2018-08-16,2018-08-16 07:57:23.328,7,56,59,7.9497223,
,2018-08-18 08:28:34,212038.0,11050.0,,,102.0,TDM 33,5.82,2018-08-20 14:03:18.730000000,10762.0,2.0,2018-08-18,2018-08-18 08:29:22.304,8,28,34,8.476111,
,2018-08-16 06:44:37,228062.0,3000.0,,,108.0,TDM 38,1.59,2018-08-20 14:06:18.613000000,10763.0,2.0,2018-08-16,2018-08-16 06:45:17.952,6,44,37,6.7436113,
,2018-08-16 09:45:32,228048.0,1500.0,,,108.0,TDM 38,0.79,2018-08-20 14:06:18.630000000,10763.0,2.0,2018-08-16,2018-08-16 09:46:36.928,9,45,32,9.758889,
,2018-08-16 16:34:51,228062.0,3000.0,,,108.0,TDM 38,1.59,2018-08-20 14:06:18.633000000,10763.0,2.0,2018-08-16,2018-08-16 16:35:07.392,16,34,51,16.580833,
,2018-08-16 09:57:38,306096.0,2500.0,,,97.0,TDM 28,1.32,2018-08-20 14:11:00.510000000,10764.0,2.0,2018-08-16,2018-08-16 09:57:32.288,9,57,38,9.960556,
,2018-08-16 10:07:16,306095.0,2000.0,,,97.0,TDM 28,1.06,2018-08-20 14:11:00.520000000,10764.0,2.0,2018-08-16,2018-08-16 10:06:16.576,10,7,16,10.121111,
,2018-08-16 11:42:52,306007.0,2500.0,,,97.0,TDM 28,1.32,2018-08-20 14:11:00.523000000,10764.0,2.0,2018-08-16,2018-08-16 11:42:23.744,11,42,52,11.714444,
,2018-08-16 12:22:19,306115.0,3000.0,,,97.0,TDM 28,1.59,2018-08-20 14:11:00.530000000,10764.0,2.0,2018-08-16,2018-08-16 12:21:43.040,12,22,19,12.371944,
,2018-08-17 09:54:43,307005.0,1500.0,,,97.0,TDM 28,0.79,2018-08-20 14:11:00.537000000,10764.0,2.0,2018-08-17,2018-08-17 09:54:57.664,9,54,43,9.911944,
,2018-08-18 07:58:17,306157.0,2000.0,,,97.0,TDM 28,1.06,2018-08-20 14:11:00.543000000,10764.0,2.0,2018-08-18,2018-08-18 07:58:47.296,7,58,17,7.971389,
,2018-08-18 09:29:28,307111.0,2500.0,,,97.0,TDM 28,1.32,2018-08-20 14:11:00.550000000,10764.0,2.0,2018-08-18,2018-08-18 09:30:32.320,9,29,28,9.491111,
,2018-08-18 17:29:30,306038.0,2500.0,,,97.0,TDM 28,1.32,2018-08-20 14:11:00.553000000,10764.0,2.0,2018-08-18,2018-08-18 17:28:57.088,17,29,30,17.491667,
,2018-08-20 09:21:12,306070.0,2500.0,,,97.0,TDM 28,1.32,2018-08-20 14:11:00.560000000,10764.0,2.0,2018-08-20,2018-08-20 09:21:00.928,9,21,12,9.353333,
,2018-08-15 09:37:08,364054.0,3000.0,,,89.0,TDM 20,1.59,2018-08-20 14:13:26.217000000,10765.0,2.0,2018-08-15,2018-08-15 09:36:05.120,9,37,8,9.618889,
,2018-08-15 10:40:11,364117.0,1500.0,,,89.0,TDM 20,0.79,2018-08-20 14:13:26.230000000,10765.0,2.0,2018-08-15,2018-08-15 10:39:26.208,10,40,11,10.669723,
,2018-08-16 08:31:52,364117.0,1500.0,,,89.0,TDM 20,0.79,2018-08-20 14:13:26.233000000,10765.0,2.0,2018-08-16,2018-08-16 08:32:20.480,8,31,52,8.531111,
,2018-08-16 08:24:34,316003.0,2000.0,,,87.0,TDM 18,1.06,2018-08-20 14:16:01.367000000,10766.0,2.0,2018-08-16,2018-08-16 08:23:36.192,8,24,34,8.409445,
,2018-08-16 08:57:07,316111.0,1500.0,,,87.0,TDM 18,0.79,2018-08-20 14:16:01.373000000,10766.0,2.0,2018-08-16,2018-08-16 08:56:22.272,8,57,7,8.951944,
,2018-08-17 10:49:56,316152.0,2000.0,,,87.0,TDM 18,1.06,2018-08-20 14:16:01.380000000,10766.0,2.0,2018-08-17,2018-08-17 10:49:34.464,10,49,56,10.832222,
,2018-08-18 09:51:52,316039.0,3000.0,,,87.0,TDM 18,1.59,2018-08-20 14:16:01.387000000,10766.0,2.0,2018-08-18,2018-08-18 09:52:23.040,9,51,52,9.864445,
,2018-08-18 17:11:56,208002.0,1500.0,,,87.0,TDM 18,0.79,2018-08-20 14:16:01.393000000,10766.0,2.0,2018-08-18,2018-08-18 17:11:28.512,17,11,56,17.198889,
,2018-08-20 07:47:25,208001.0,2000.0,,,87.0,TDM 18,1.06,2018-08-20 14:16:01.403000000,10766.0,2.0,2018-08-20,2018-08-20 07:47:04.832,7,47,25,7.790278,
,2018-08-20 07:52:45,208000.0,0.0,,,87.0,TDM 18,999.0,2018-08-20 14:16:01.417000000,10766.0,2.0,2018-08-20,2018-08-20 07:53:38.048,7,52,45,7.8791666,
,2018-08-20 08:18:42,316003.0,2000.0,,,87.0,TDM 18,1.06,2018-08-20 14:16:01.423000000,10766.0,2.0,2018-08-20,2018-08-20 08:17:39.840,8,18,42,8.3116665,
,2018-08-20 08:23:28,316039.0,3000.0,,,87.0,TDM 18,1.59,2018-08-20 14:16:01.430000000,10766.0,2.0,2018-08-20,2018-08-20 08:24:13.056,8,23,28,8.391111,
,2018-08-20 08:28:04,316111.0,1500.0,,,87.0,TDM 18,0.79,2018-08-20 14:16:01.433000000,10766.0,2.0,2018-08-20,2018-08-20 08:28:35.200,8,28,4,8.467778,
,2018-08-20 08:32:01,316152.0,2000.0,,,87.0,TDM 18,1.06,2018-08-20 14:16:01.440000000,10766.0,2.0,2018-08-20,2018-08-20 08:32:57.344,8,32,1,8.533611,
,2018-08-20 08:38:33,316038.0,1500.0,,,87.0,TDM 18,0.79,2018-08-20 14:16:01.447000000,10766.0,2.0,2018-08-20,2018-08-20 08:39:30.560,8,38,33,8.6425,
,2018-08-15 07:37:06,522115.0,2500.0,,,72.0,TDM 3,1.32,2018-08-20 14:21:49.030000000,10767.0,2.0,2018-08-15,2018-08-15 07:38:07.232,7,37,6,7.6183333,
,2018-08-15 08:18:10,522164.0,1500.0,,,72.0,TDM 3,0.79,2018-08-20 14:21:49.050000000,10767.0,2.0,2018-08-15,2018-08-15 08:17:26.528,8,18,10,8.302778,
,2018-08-15 08:26:21,522156.0,2500.0,,,72.0,TDM 3,1.32,2018-08-20 14:21:49.057000000,10767.0,2.0,2018-08-15,2018-08-15 08:26:10.816,8,26,21,8.439167,
,2018-08-17 11:17:53,522109.0,2000.0,,,72.0,TDM 3,1.06,2018-08-20 14:21:49.063000000,10767.0,2.0,2018-08-17,2018-08-17 11:17:58.400,11,17,53,11.298056,
,2018-08-18 07:46:57,522168.0,8850.0,,,72.0,TDM 3,4.66,2018-08-20 14:21:49.070000000,10767.0,2.0,2018-08-18,2018-08-18 07:47:51.936,7,46,57,7.7825,
,2018-08-15 10:57:36,580096.0,2000.0,,,105.0,TDM 36,1.06,2018-08-20 14:24:27.687000000,10768.0,2.0,2018-08-15,2018-08-15 10:56:54.784,10,57,36,10.96,
,2018-08-17 09:16:32,583047.0,2000.0,,,105.0,TDM 36,1.06,2018-08-20 14:24:27.693000000,10768.0,2.0,2018-08-17,2018-08-17 09:15:38.368,9,16,32,9.275556,
,2018-08-20 08:11:49,580083.0,3000.0,,,105.0,TDM 36,1.59,2018-08-20 14:24:27.703000000,10768.0,2.0,2018-08-20,2018-08-20 08:11:06.624,8,11,49,8.196944,
,2018-08-20 08:44:26,580106.0,1500.0,,,105.0,TDM 36,0.79,2018-08-20 14:24:27.710000000,10768.0,2.0,2018-08-20,2018-08-20 08:43:52.704,8,44,26,8.740556,
,2018-08-20 08:53:01,580088.0,1500.0,,,105.0,TDM 36,0.79,2018-08-20 14:24:27.717000000,10768.0,2.0,2018-08-20,2018-08-20 08:52:36.992,8,53,1,8.883611,
,2018-08-14 16:10:29,324124.0,2000.0,,,79.0,TDM 10,1.06,2018-08-20 14:34:14.073000000,10770.0,2.0,2018-08-14,2018-08-14 16:09:41.632,16,10,29,16.174723,
,2018-08-18 08:20:22,324088.0,1500.0,,,79.0,TDM 10,0.79,2018-08-20 14:34:14.083000000,10770.0,2.0,2018-08-18,2018-08-18 08:20:38.016,8,20,22,8.339444,
,2018-08-18 08:25:20,324124.0,2000.0,,,79.0,TDM 10,1.06,2018-08-20 14:34:14.090000000,10770.0,2.0,2018-08-18,2018-08-18 08:25:00.160,8,25,20,8.422222,
,2018-08-18 08:33:14,324053.0,3000.0,,,79.0,TDM 10,1.59,2018-08-20 14:34:14.097000000,10770.0,2.0,2018-08-18,2018-08-18 08:33:44.448,8,33,14,8.553889,
,2018-08-18 08:49:14,324044.0,2000.0,,,79.0,TDM 10,1.06,2018-08-20 14:34:14.100000000,10770.0,2.0,2018-08-18,2018-08-18 08:49:01.952,8,49,14,8.820556,
,2018-08-18 09:27:53,324129.0,1500.0,,,79.0,TDM 10,0.79,2018-08-20 14:34:14.107000000,10770.0,2.0,2018-08-18,2018-08-18 09:28:21.248,9,27,53,9.464723,
,2018-08-19 09:33:27,324111.0,1500.0,,,79.0,TDM 10,0.79,2018-08-20 14:34:14.113000000,10770.0,2.0,2018-08-19,2018-08-19 09:34:30.912,9,33,27,9.5575,
,2018-08-19 10:17:21,324155.0,1500.0,,,79.0,TDM 10,0.79,2018-08-20 14:34:14.120000000,10770.0,2.0,2018-08-19,2018-08-19 10:18:12.352,10,17,21,10.289166,
,2018-08-19 16:32:03,324033.0,1500.0,,,79.0,TDM 10,0.79,2018-08-20 14:34:14.127000000,10770.0,2.0,2018-08-19,2018-08-19 16:31:45.664,16,32,3,16.534166,
,2018-08-19 17:05:01,324128.0,1500.0,,,79.0,TDM 10,0.79,2018-08-20 14:34:14.130000000,10770.0,2.0,2018-08-19,2018-08-19 17:04:31.744,17,5,1,17.08361,
,2018-08-20 08:08:10,324027.0,1500.0,,,79.0,TDM 10,0.79,2018-08-20 14:34:14.137000000,10770.0,2.0,2018-08-20,2018-08-20 08:08:55.552,8,8,10,8.136111,
,2018-08-18 06:29:25,626085.0,2500.0,,,116.0,TDM 46,1.32,2018-08-23 13:44:06.777000000,10773.0,2.0,2018-08-18,2018-08-18 06:29:13.344,6,29,25,6.490278,
,2018-08-23 07:34:30,619030.0,2000.0,,,116.0,TDM 46,1.06,2018-08-23 13:44:06.783000000,10773.0,2.0,2018-08-23,2018-08-23 07:34:58.816,7,34,30,7.575,
,2018-08-23 07:57:46,619124.0,6650.0,,,116.0,TDM 46,3.49,2018-08-23 13:44:06.790000000,10773.0,2.0,2018-08-23,2018-08-23 07:56:49.536,7,57,46,7.9627776,
,2018-08-23 08:26:52,626001.0,3000.0,,,116.0,TDM 46,1.59,2018-08-23 13:44:06.797000000,10773.0,2.0,2018-08-23,2018-08-23 08:27:24.544,8,26,52,8.447778,
,2018-08-23 09:26:53,518185.0,11050.0,,,124.0,TDM 54,5.82,2018-08-23 13:48:46.443000000,10774.0,2.0,2018-08-23,2018-08-23 09:26:23.488,9,26,53,9.448055,
,2018-08-23 09:31:02,518185.0,11050.0,,,124.0,TDM 54,5.82,2018-08-23 13:48:46.457000000,10774.0,2.0,2018-08-23,2018-08-23 09:30:45.632,9,31,2,9.517222,
,2018-08-23 10:09:17,518178.0,11050.0,,,124.0,TDM 54,5.82,2018-08-23 13:48:46.460000000,10774.0,2.0,2018-08-23,2018-08-23 10:10:04.928,10,9,17,10.154722,
,2018-08-23 11:17:51,518235.0,2500.0,,,124.0,TDM 54,1.32,2018-08-23 13:48:46.467000000,10774.0,2.0,2018-08-23,2018-08-23 11:17:48.160,11,17,51,11.2975,
,2018-08-22 09:00:55,554057.0,1500.0,,,95.0,TDM 26,0.79,2018-08-23 13:58:17.457000000,10776.0,2.0,2018-08-22,2018-08-22 09:00:34.176,9,0,55,9.015278,
,2018-08-14 11:12:06,611009.0,1500.0,,,100.0,TDM 31,0.79,2018-08-23 14:04:10.947000000,10778.0,2.0,2018-08-14,2018-08-14 11:12:35.840,11,12,6,11.201667,
,2018-08-15 13:02:59,657023.0,2000.0,,,100.0,TDM 31,1.06,2018-08-23 14:04:10.953000000,10778.0,2.0,2018-08-15,2018-08-15 13:03:36.960,13,2,59,13.049723,
,2018-08-16 08:28:05,657039.0,2500.0,,,100.0,TDM 31,1.32,2018-08-23 14:04:10.960000000,10778.0,2.0,2018-08-16,2018-08-16 08:27:58.336,8,28,5,8.468056,
,2018-08-16 10:09:29,657061.0,1500.0,,,100.0,TDM 31,0.79,2018-08-23 14:04:10.967000000,10778.0,2.0,2018-08-16,2018-08-16 10:08:27.648,10,9,29,10.158055,
,2018-08-22 11:38:09,657048.0,2500.0,,,100.0,TDM 31,1.32,2018-08-23 14:04:10.973000000,10778.0,2.0,2018-08-22,2018-08-22 11:37:51.360,11,38,9,11.635834,
,2018-08-23 09:09:55,611017.0,2000.0,,,100.0,TDM 31,1.06,2018-08-23 14:04:10.980000000,10778.0,2.0,2018-08-23,2018-08-23 09:08:54.912,9,9,55,9.1652775,
,2018-08-13 09:50:42,338011.0,1500.0,,,103.0,TDM 34,0.79,2018-08-23 14:09:07.853000000,10779.0,2.0,2018-08-13,2018-08-13 09:49:58.656,9,50,42,9.845,
,2018-08-13 10:15:44,338016.0,1500.0,,,103.0,TDM 34,0.79,2018-08-23 14:09:07.870000000,10779.0,2.0,2018-08-13,2018-08-13 10:16:11.520,10,15,44,10.262222,
,2018-08-14 09:17:44,338057.0,3000.0,,,103.0,TDM 34,1.59,2018-08-23 14:09:07.877000000,10779.0,2.0,2018-08-14,2018-08-14 09:16:49.024,9,17,44,9.295555,
,2018-08-14 09:35:25,338061.0,2000.0,,,103.0,TDM 34,1.06,2018-08-23 14:09:07.883000000,10779.0,2.0,2018-08-14,2018-08-14 09:36:28.672,9,35,25,9.590278,
,2018-08-14 10:11:12,338071.0,2500.0,,,103.0,TDM 34,1.32,2018-08-23 14:09:07.890000000,10779.0,2.0,2018-08-14,2018-08-14 10:11:25.824,10,11,12,10.1866665,
,2018-08-15 10:05:28,338142.0,2500.0,,,103.0,TDM 34,1.32,2018-08-23 14:09:07.897000000,10779.0,2.0,2018-08-15,2018-08-15 10:04:29.056,10,5,28,10.091111,
,2018-08-15 12:19:49,338181.0,1500.0,,,103.0,TDM 34,0.79,2018-08-23 14:09:07.900000000,10779.0,2.0,2018-08-15,2018-08-15 12:19:55.520,12,19,49,12.330277,
,2018-08-16 10:48:38,646029.0,3000.0,,,103.0,TDM 34,1.59,2018-08-23 14:09:07.907000000,10779.0,2.0,2018-08-16,2018-08-16 10:47:46.944,10,48,38,10.810555,
,2018-08-16 12:31:58,208005.0,1500.0,,,103.0,TDM 34,0.79,2018-08-23 14:09:07.913000000,10779.0,2.0,2018-08-16,2018-08-16 12:32:38.400,12,31,58,12.532778,
,2018-08-17 11:57:54,646113.0,2000.0,,,103.0,TDM 34,1.06,2018-08-23 14:09:07.927000000,10779.0,2.0,2018-08-17,2018-08-17 11:57:17.696,11,57,54,11.965,
,2018-08-18 08:04:51,646118.0,3000.0,,,103.0,TDM 34,1.59,2018-08-23 14:09:07.930000000,10779.0,2.0,2018-08-18,2018-08-18 08:05:20.512,8,4,51,8.080833,
,2018-08-18 09:30:13,646148.0,2500.0,,,103.0,TDM 34,1.32,2018-08-23 14:09:07.937000000,10779.0,2.0,2018-08-18,2018-08-18 09:30:32.320,9,30,13,9.503612,
,2018-08-20 13:09:45,646031.0,2500.0,,,103.0,TDM 34,1.32,2018-08-23 14:09:07.943000000,10779.0,2.0,2018-08-20,2018-08-20 13:10:23.488,13,9,45,13.1625,
,2018-08-20 13:36:01,646117.0,2500.0,,,103.0,TDM 34,1.32,2018-08-23 14:09:07.950000000,10779.0,2.0,2018-08-20,2018-08-20 13:36:36.352,13,36,1,13.600278,
,2018-08-20 14:21:34,646177.0,3000.0,,,103.0,TDM 34,1.59,2018-08-23 14:09:07.957000000,10779.0,2.0,2018-08-20,2018-08-20 14:22:28.864,14,21,34,14.359445,
,2018-08-20 14:44:01,646151.0,3000.0,,,103.0,TDM 34,1.59,2018-08-23 14:09:07.960000000,10779.0,2.0,2018-08-20,2018-08-20 14:44:19.584,14,44,1,14.733611,
,2018-08-21 08:53:33,338001.0,1500.0,,,103.0,TDM 34,0.79,2018-08-23 14:09:07.967000000,10779.0,2.0,2018-08-21,2018-08-21 08:54:24.512,8,53,33,8.8925,
,2018-08-23 09:49:20,646127.0,2000.0,,,103.0,TDM 34,1.06,2018-08-23 14:09:07.973000000,10779.0,2.0,2018-08-23,2018-08-23 09:50:25.280,9,49,20,9.822222,
,2018-08-23 10:13:36,646115.0,2500.0,,,103.0,TDM 34,1.32,2018-08-23 14:09:07.980000000,10779.0,2.0,2018-08-23,2018-08-23 10:14:27.072,10,13,36,10.226666,
,2018-08-17 07:10:02,208999.0,0.0,,,80.0,TDM11,99911.0,2018-08-23 14:12:02.630000000,10780.0,2.0,2018-08-17,2018-08-17 07:11:07.264,7,10,2,7.167222,
,2018-08-17 08:09:34,558115.0,1500.0,,,80.0,TDM11,0.79,2018-08-23 14:12:02.640000000,10780.0,2.0,2018-08-17,2018-08-17 08:10:06.208,8,9,34,8.159445,
,2018-08-21 08:31:48,558100.0,3000.0,,,80.0,TDM11,1.59,2018-08-23 14:12:02.647000000,10780.0,2.0,2018-08-21,2018-08-21 08:32:33.792,8,31,48,8.53,
,2018-08-22 08:59:11,558085.0,1500.0,,,80.0,TDM11,0.79,2018-08-23 14:12:02.653000000,10780.0,2.0,2018-08-22,2018-08-22 08:58:23.104,8,59,11,8.986389,
,2018-08-23 08:05:15,558014.0,2500.0,,,80.0,TDM11,1.32,2018-08-23 14:12:02.660000000,10780.0,2.0,2018-08-23,2018-08-23 08:05:33.824,8,5,15,8.0875,
,2018-08-17 09:42:56,507070.0,1500.0,,,118.0,TDM 48,0.79,2018-08-23 14:14:32.300000000,10781.0,2.0,2018-08-17,2018-08-17 09:41:51.232,9,42,56,9.715555,
,2018-08-17 09:57:15,507132.0,1500.0,,,118.0,TDM 48,0.79,2018-08-23 14:14:32.310000000,10781.0,2.0,2018-08-17,2018-08-17 09:57:08.736,9,57,15,9.954166,
,2018-08-20 10:41:44,208000.0,0.0,,,118.0,TDM 48,999.0,2018-08-23 14:14:32.317000000,10781.0,2.0,2018-08-20,2018-08-20 10:41:50.592,10,41,44,10.695556,
,2018-08-16 08:33:29,689048.0,1500.0,,,85.0,TDM 16,0.79,2018-08-23 14:20:27.020000000,10783.0,2.0,2018-08-16,2018-08-16 08:34:31.552,8,33,29,8.558056,
,2018-08-16 08:39:22,689047.0,2500.0,,,85.0,TDM 16,1.32,2018-08-23 14:20:27.027000000,10783.0,2.0,2018-08-16,2018-08-16 08:38:53.696,8,39,22,8.656111,
,2018-08-16 09:34:57,689078.0,2500.0,,,85.0,TDM 16,1.32,2018-08-23 14:20:27.033000000,10783.0,2.0,2018-08-16,2018-08-16 09:35:41.568,9,34,57,9.5825,
,2018-08-16 09:46:43,689080.0,3000.0,,,85.0,TDM 16,1.59,2018-08-23 14:20:27.040000000,10783.0,2.0,2018-08-16,2018-08-16 09:46:36.928,9,46,43,9.778611,
,2018-08-18 10:47:25,353061.0,6650.0,,,85.0,TDM 16,3.49,2018-08-23 14:20:27.047000000,10783.0,2.0,2018-08-18,2018-08-18 10:46:59.840,10,47,25,10.7902775,
,2018-08-18 12:15:37,353007.0,2500.0,,,85.0,TDM 16,1.32,2018-08-23 14:20:27.050000000,10783.0,2.0,2018-08-18,2018-08-18 12:16:33.792,12,15,37,12.260278,
,2018-08-20 09:02:15,689031.0,2000.0,,,85.0,TDM 16,1.06,2018-08-23 14:20:27.057000000,10783.0,2.0,2018-08-20,2018-08-20 09:01:21.280,9,2,15,9.0375,
,2018-08-20 09:48:49,689042.0,1500.0,,,85.0,TDM 16,0.79,2018-08-23 14:20:27.063000000,10783.0,2.0,2018-08-20,2018-08-20 09:49:24.864,9,48,49,9.813611,
,2018-08-21 08:44:08,353033.0,2500.0,,,85.0,TDM 16,1.32,2018-08-23 14:20:27.070000000,10783.0,2.0,2018-08-21,2018-08-21 08:43:29.152,8,44,8,8.735556,
,2018-08-21 08:47:46,353033.0,2500.0,,,85.0,TDM 16,1.32,2018-08-23 14:20:27.077000000,10783.0,2.0,2018-08-21,2018-08-21 08:47:51.296,8,47,46,8.796111,
,2018-08-21 08:50:09,353033.0,2500.0,,,85.0,TDM 16,1.32,2018-08-23 14:20:27.080000000,10783.0,2.0,2018-08-21,2018-08-21 08:50:02.368,8,50,9,8.835834,
,2018-08-21 11:18:15,280999.0,0.0,,,85.0,TDM 16,999.0,2018-08-23 14:20:27.087000000,10783.0,2.0,2018-08-21,2018-08-21 11:18:35.264,11,18,15,11.304167,
,2018-08-22 11:34:33,643029.0,6650.0,,,85.0,TDM 16,3.49,2018-08-23 14:20:27.093000000,10783.0,2.0,2018-08-22,2018-08-22 11:33:29.216,11,34,33,11.575833,
,2018-08-23 08:36:34,353002.0,6650.0,,,85.0,TDM 16,3.49,2018-08-23 14:20:27.100000000,10783.0,2.0,2018-08-23,2018-08-23 08:36:08.832,8,36,34,8.609445,
,2018-08-23 09:43:38,353032.0,8850.0,,,85.0,TDM 16,4.66,2018-08-23 14:20:27.107000000,10783.0,2.0,2018-08-23,2018-08-23 09:43:52.064,9,43,38,9.727222,
,2018-08-23 09:49:27,353032.0,8850.0,,,85.0,TDM 16,4.66,2018-08-23 14:20:27.123000000,10783.0,2.0,2018-08-23,2018-08-23 09:50:25.280,9,49,27,9.824166,
,2018-08-23 10:59:59,353087.0,6650.0,,,85.0,TDM 16,3.49,2018-08-23 14:20:27.130000000,10783.0,2.0,2018-08-23,2018-08-23 11:00:19.584,10,59,59,10.9997225,
,2018-08-16 20:55:06,208001.0,0.0,,,73.0,TDM 4,6664.0,2018-08-23 14:23:11.187000000,10784.0,2.0,2018-08-16,2018-08-16 20:55:04.960,20,55,6,20.918333,
,2018-08-21 09:08:44,6104157.0,1500.0,,,73.0,TDM 4,0.79,2018-08-23 14:23:11.193000000,10784.0,2.0,2018-08-21,2018-08-21 09:09:42.016,9,8,44,9.1455555,
,2018-08-23 14:22:28,557039.0,8850.0,,,90.0,TDM 21,4.66,2018-08-23 14:26:31.690000000,10785.0,2.0,2018-08-23,2018-08-23 14:23:29.280,14,22,28,14.374444,
,2018-08-22 07:03:47,364066.0,3000.0,,,89.0,TDM 20,1.59,2018-08-24 13:39:54.290000000,10786.0,2.0,2018-08-22,2018-08-22 07:04:47.360,7,3,47,7.0630555,
,2018-08-22 07:27:51,364104.0,1500.0,,,89.0,TDM 20,0.79,2018-08-24 13:39:54.300000000,10786.0,2.0,2018-08-22,2018-08-22 07:28:49.152,7,27,51,7.4641666,
,2018-08-22 08:24:52,306155.0,3000.0,,,97.0,TDM 28,1.59,2018-08-24 13:45:00.340000000,10787.0,2.0,2018-08-22,2018-08-22 08:25:37.024,8,24,52,8.414444,
,2018-08-22 08:48:09,307057.0,2500.0,,,97.0,TDM 28,1.32,2018-08-24 13:45:00.347000000,10787.0,2.0,2018-08-22,2018-08-22 08:47:27.744,8,48,9,8.8025,
,2018-08-22 09:57:35,306006.0,2000.0,,,97.0,TDM 28,1.06,2018-08-24 13:45:00.353000000,10787.0,2.0,2018-08-22,2018-08-22 09:57:22.048,9,57,35,9.9597225,
,2018-08-23 10:39:57,307014.0,2000.0,,,97.0,TDM 28,1.06,2018-08-24 13:45:00.360000000,10787.0,2.0,2018-08-23,2018-08-23 10:40:39.936,10,39,57,10.665833,
,2018-08-24 08:29:43,306099.0,3000.0,,,97.0,TDM 28,1.59,2018-08-24 13:45:00.377000000,10787.0,2.0,2018-08-24,2018-08-24 08:29:12.064,8,29,43,8.495277,
,2018-08-22 17:09:38,228025.0,3000.0,,,108.0,TDM 38,1.59,2018-08-24 13:49:38.397000000,10788.0,2.0,2018-08-22,2018-08-22 17:09:54.304,17,9,38,17.160555,
,2018-08-22 17:29:07,228105.0,2500.0,,,108.0,TDM 38,1.32,2018-08-24 13:49:38.407000000,10788.0,2.0,2018-08-22,2018-08-22 17:29:33.952,17,29,7,17.485277,
,2018-08-23 06:30:10,228041.0,3000.0,,,108.0,TDM 38,1.59,2018-08-24 13:49:38.413000000,10788.0,2.0,2018-08-23,2018-08-23 06:29:26.656,6,30,10,6.5027776,
,2018-08-23 11:38:16,228028.0,2000.0,,,108.0,TDM 38,1.06,2018-08-24 13:49:38.420000000,10788.0,2.0,2018-08-23,2018-08-23 11:37:27.808,11,38,16,11.637777,
,2018-08-23 18:02:11,228040.0,2500.0,,,108.0,TDM 38,1.32,2018-08-24 13:49:38.427000000,10788.0,2.0,2018-08-23,2018-08-23 18:01:56.480,18,2,11,18.036388,
,2018-08-24 07:31:40,316108.0,2000.0,,,87.0,TDM 18,1.06,2018-08-24 13:52:19.120000000,10789.0,2.0,2018-08-24,2018-08-24 07:32:24.192,7,31,40,7.5277777,
,2018-08-24 07:50:42,316009.0,2000.0,,,87.0,TDM 18,1.06,2018-08-24 13:52:19.127000000,10789.0,2.0,2018-08-24,2018-08-24 07:49:52.768,7,50,42,7.845,
,2018-08-24 08:00:59,316164.0,2000.0,,,87.0,TDM 18,1.06,2018-08-24 13:52:19.130000000,10789.0,2.0,2018-08-24,2018-08-24 08:00:48.128,8,0,59,8.016389,
,2018-08-22 08:35:18,583048.0,1500.0,,,105.0,TDM 36,0.79,2018-08-24 13:54:48.080000000,10790.0,2.0,2018-08-22,2018-08-22 08:34:21.312,8,35,18,8.588333,
,2018-08-22 08:40:13,580107.0,1500.0,,,105.0,TDM 36,0.79,2018-08-24 13:54:48.090000000,10790.0,2.0,2018-08-22,2018-08-22 08:40:54.528,8,40,13,8.670278,
,2018-08-23 08:43:37,580050.0,2500.0,,,105.0,TDM 36,1.32,2018-08-24 13:54:48.097000000,10790.0,2.0,2018-08-23,2018-08-23 08:42:42.048,8,43,37,8.726944,
,2018-08-23 09:23:08,580009.0,2500.0,,,105.0,TDM 36,1.32,2018-08-24 13:54:48.103000000,10790.0,2.0,2018-08-23,2018-08-23 09:24:12.416,9,23,8,9.385555,
,2018-08-24 07:05:56,580113.0,1500.0,,,105.0,TDM 36,0.79,2018-08-24 13:54:48.110000000,10790.0,2.0,2018-08-24,2018-08-24 07:06:11.328,7,5,56,7.098889,
,2018-08-22 09:05:58,212114.0,11050.0,,,102.0,TDM 33,5.82,2018-08-24 13:57:33.570000000,10791.0,2.0,2018-08-22,2018-08-22 09:04:56.320,9,5,58,9.099444,
,2018-08-24 09:03:30,359036.0,2500.0,,,84.0,TDM 15,1.32,2018-08-24 14:00:28.953000000,10792.0,2.0,2018-08-24,2018-08-24 09:04:09.216,9,3,30,9.058333,
,2018-08-24 09:25:25,359006.0,2000.0,,,84.0,TDM 15,1.06,2018-08-24 14:00:28.963000000,10792.0,2.0,2018-08-24,2018-08-24 09:25:59.936,9,25,25,9.423611,
,2018-08-23 07:40:17,226019.0,1500.0,,,76.0,TDM 7,0.79,2018-08-24 14:03:16.730000000,10793.0,2.0,2018-08-23,2018-08-23 07:39:20.960,7,40,17,7.671389,
,2018-08-23 07:42:34,226019.0,1500.0,,,76.0,TDM 7,0.79,2018-08-24 14:03:16.737000000,10793.0,2.0,2018-08-23,2018-08-23 07:41:32.032,7,42,34,7.7094445,
,2018-08-23 07:54:25,226042.0,1500.0,,,76.0,TDM 7,0.79,2018-08-24 14:03:16.743000000,10793.0,2.0,2018-08-23,2018-08-23 07:54:38.464,7,54,25,7.9069443,
,2018-08-22 18:10:22,208999.0,0.0,,,74.0,TDM 5,9995.0,2018-08-25 12:37:24.273000000,10795.0,2.0,2018-08-22,2018-08-22 18:11:04.320,18,10,22,18.172777,
,2018-08-22 18:11:24,208001.0,1500.0,,,74.0,TDM 5,0.79,2018-08-25 12:37:24.280000000,10795.0,2.0,2018-08-22,2018-08-22 18:11:04.320,18,11,24,18.19,
,2018-08-23 07:37:43,208999.0,0.0,,,74.0,TDM 5,9995.0,2018-08-25 12:37:24.287000000,10795.0,2.0,2018-08-23,2018-08-23 07:37:09.888,7,37,43,7.628611,
,2018-08-22 06:56:55,526026.0,1500.0,,,99.0,TDM 30,0.79,2018-08-25 12:40:37.170000000,10796.0,2.0,2018-08-22,2018-08-22 06:56:03.072,6,56,55,6.9486113,
,2018-08-25 06:46:25,526130.0,2500.0,,,99.0,TDM 30,1.32,2018-08-25 12:40:37.180000000,10796.0,2.0,2018-08-25,2018-08-25 06:46:08.128,6,46,25,6.773611,
,2018-08-25 07:07:26,526138.0,3000.0,,,99.0,TDM 30,1.59,2018-08-25 12:40:37.183000000,10796.0,2.0,2018-08-25,2018-08-25 07:07:58.848,7,7,26,7.123889,
,2018-08-12 20:37:04,208001.0,1500.0,,,91.0,TDM 22,0.79,2018-08-30 13:32:17.483000000,10797.0,2.0,2018-08-12,2018-08-12 20:36:59.520,20,37,4,20.617777,
,2018-08-18 07:07:55,221117.0,1500.0,,,91.0,TDM 22,0.79,2018-08-30 13:32:17.490000000,10797.0,2.0,2018-08-18,2018-08-18 07:08:32.640,7,7,55,7.1319447,
,2018-08-20 06:21:46,348030.0,2000.0,,,91.0,TDM 22,1.06,2018-08-30 13:32:17.493000000,10797.0,2.0,2018-08-20,2018-08-20 06:21:53.024,6,21,46,6.3627777,
,2018-08-22 06:51:45,221078.0,3000.0,,,91.0,TDM 22,1.59,2018-08-30 13:32:17.500000000,10797.0,2.0,2018-08-22,2018-08-22 06:51:40.928,6,51,45,6.8625,
,2018-08-22 07:00:51,221116.0,2000.0,,,91.0,TDM 22,1.06,2018-08-30 13:32:17.507000000,10797.0,2.0,2018-08-22,2018-08-22 07:00:25.216,7,0,51,7.014167,
,2018-08-23 10:39:06,221099.0,2000.0,,,91.0,TDM 22,1.06,2018-08-30 13:32:17.513000000,10797.0,2.0,2018-08-23,2018-08-23 10:38:28.864,10,39,6,10.651667,
,2018-08-24 17:46:12,348009.0,1500.0,,,91.0,TDM 22,0.79,2018-08-30 13:32:17.520000000,10797.0,2.0,2018-08-24,2018-08-24 17:46:15.424,17,46,12,17.77,
,2018-08-25 06:56:36,221139.0,1500.0,,,91.0,TDM 22,0.79,2018-08-30 13:32:17.527000000,10797.0,2.0,2018-08-25,2018-08-25 06:57:03.488,6,56,36,6.943333,
,2018-08-25 08:48:28,348011.0,1500.0,,,91.0,TDM 22,0.79,2018-08-30 13:32:17.530000000,10797.0,2.0,2018-08-25,2018-08-25 08:48:28.160,8,48,28,8.807777,
,2018-08-25 16:37:36,221128.0,2000.0,,,91.0,TDM 22,1.06,2018-08-30 13:32:17.537000000,10797.0,2.0,2018-08-25,2018-08-25 16:38:08.640,16,37,36,16.626667,
,2018-08-25 16:46:01,221119.0,3000.0,,,91.0,TDM 22,1.59,2018-08-30 13:32:17.543000000,10797.0,2.0,2018-08-25,2018-08-25 16:46:52.928,16,46,1,16.766945,
,2018-08-27 07:45:38,348094.0,6650.0,,,91.0,TDM 22,3.49,2018-08-30 13:32:17.550000000,10797.0,2.0,2018-08-27,2018-08-27 07:46:31.040,7,45,38,7.7605557,
,2018-08-29 07:03:07,221013.0,3000.0,,,91.0,TDM 22,1.59,2018-08-30 13:32:17.553000000,10797.0,2.0,2018-08-29,2018-08-29 07:02:02.496,7,3,7,7.0519443,
,2018-08-29 07:38:07,221129.0,2000.0,,,91.0,TDM 22,1.06,2018-08-30 13:32:17.560000000,10797.0,2.0,2018-08-29,2018-08-29 07:39:10.720,7,38,7,7.6352777,
,2018-08-28 07:47:32,236104.0,1500.0,,,77.0,TDM 8,0.79,2018-08-30 13:38:42.980000000,10798.0,2.0,2018-08-28,2018-08-28 07:48:18.560,7,47,32,7.792222,
,2018-08-29 06:27:25,236117.0,1500.0,,,77.0,TDM 8,0.79,2018-08-30 13:38:42.987000000,10798.0,2.0,2018-08-29,2018-08-29 06:27:05.344,6,27,25,6.4569445,
,2018-08-29 08:10:52,236277.0,2000.0,,,77.0,TDM 8,1.06,2018-08-30 13:38:42.993000000,10798.0,2.0,2018-08-29,2018-08-29 08:11:56.800,8,10,52,8.181111,
,2018-08-28 09:32:54,521017.0,11050.0,,,82.0,TDM 13,5.82,2018-08-30 13:41:52.297000000,10799.0,2.0,2018-08-28,2018-08-28 09:33:10.016,9,32,54,9.548333,
,2018-08-28 09:37:43,521017.0,8850.0,,,82.0,TDM 13,4.66,2018-08-30 13:41:52.303000000,10799.0,2.0,2018-08-28,2018-08-28 09:37:32.160,9,37,43,9.628612,
,2018-08-14 09:01:39,245065.0,2500.0,,,112.0,TDM 42,1.32,2018-08-30 13:48:37.597000000,10801.0,2.0,2018-08-14,2018-08-14 09:01:31.520,9,1,39,9.0275,
,2018-08-21 08:37:20,245076.0,2000.0,,,112.0,TDM 42,1.06,2018-08-30 13:48:37.603000000,10801.0,2.0,2018-08-21,2018-08-21 08:36:55.936,8,37,20,8.622222,
,2018-08-21 16:10:35,245136.0,6650.0,,,112.0,TDM 42,3.49,2018-08-30 13:48:37.623000000,10801.0,2.0,2018-08-21,2018-08-21 16:11:18.912,16,10,35,16.17639,
,2018-08-23 10:09:17,245091.0,1500.0,,,112.0,TDM 42,0.79,2018-08-30 13:48:37.630000000,10801.0,2.0,2018-08-23,2018-08-23 10:10:04.928,10,9,17,10.154722,
,2018-08-23 10:24:33,245079.0,2000.0,,,112.0,TDM 42,1.06,2018-08-30 13:48:37.633000000,10801.0,2.0,2018-08-23,2018-08-23 10:25:22.432,10,24,33,10.409166,
,2018-08-24 07:26:58,245166.0,1500.0,,,112.0,TDM 42,0.79,2018-08-30 13:48:37.640000000,10801.0,2.0,2018-08-24,2018-08-24 07:28:02.048,7,26,58,7.4494443,
,2018-08-24 07:57:38,245164.0,2000.0,,,112.0,TDM 42,1.06,2018-08-30 13:48:37.647000000,10801.0,2.0,2018-08-24,2018-08-24 07:58:37.056,7,57,38,7.9605556,
,2018-08-24 08:27:42,245062.0,2500.0,,,112.0,TDM 42,1.32,2018-08-30 13:48:37.653000000,10801.0,2.0,2018-08-24,2018-08-24 08:27:00.992,8,27,42,8.461667,
,2018-08-24 09:47:17,245101.0,3000.0,,,112.0,TDM 42,1.59,2018-08-30 13:48:37.657000000,10801.0,2.0,2018-08-24,2018-08-24 09:47:50.656,9,47,17,9.788055,
,2018-08-24 17:44:26,245147.0,3000.0,,,112.0,TDM 42,1.59,2018-08-30 13:48:37.663000000,10801.0,2.0,2018-08-24,2018-08-24 17:44:04.352,17,44,26,17.740555,
,2018-08-25 07:50:08,245047.0,2500.0,,,112.0,TDM 42,1.32,2018-08-30 13:48:37.670000000,10801.0,2.0,2018-08-25,2018-08-25 07:49:29.216,7,50,8,7.8355556,
,2018-08-25 08:32:25,245022.0,2000.0,,,112.0,TDM 42,1.06,2018-08-30 13:48:37.677000000,10801.0,2.0,2018-08-25,2018-08-25 08:33:10.656,8,32,25,8.5402775,
,2018-08-29 07:54:08,245129.0,3000.0,,,112.0,TDM 42,1.59,2018-08-30 13:48:37.680000000,10801.0,2.0,2018-08-29,2018-08-29 07:54:28.224,7,54,8,7.902222,
,2018-08-29 08:10:58,245109.0,2500.0,,,112.0,TDM 42,1.32,2018-08-30 13:48:37.687000000,10801.0,2.0,2018-08-29,2018-08-29 08:11:56.800,8,10,58,8.182777,
,2018-08-29 08:19:52,245108.0,2000.0,,,112.0,TDM 42,1.06,2018-08-30 13:48:37.693000000,10801.0,2.0,2018-08-29,2018-08-29 08:20:41.088,8,19,52,8.331111,
,2018-08-30 06:55:59,245130.0,2000.0,,,112.0,TDM 42,1.06,2018-08-30 13:48:37.700000000,10801.0,2.0,2018-08-30,2018-08-30 06:55:05.728,6,55,59,6.9330554,
,2018-08-30 07:15:21,245158.0,3000.0,,,112.0,TDM 42,1.59,2018-08-30 13:48:37.707000000,10801.0,2.0,2018-08-30,2018-08-30 07:14:45.376,7,15,21,7.255833,
,2018-08-30 08:01:45,245042.0,3000.0,,,112.0,TDM 42,1.59,2018-08-30 13:48:37.717000000,10801.0,2.0,2018-08-30,2018-08-30 08:02:48.960,8,1,45,8.029166,
,2018-08-30 08:11:45,245053.0,2000.0,,,112.0,TDM 42,1.06,2018-08-30 13:48:37.723000000,10801.0,2.0,2018-08-30,2018-08-30 08:11:33.248,8,11,45,8.195833,
,2018-08-24 12:10:10,689068.0,2500.0,,,85.0,TDM 16,1.32,2018-08-30 13:52:08.933000000,10802.0,2.0,2018-08-24,2018-08-24 12:09:50.336,12,10,10,12.169444,
,2018-08-25 08:24:18,353015.0,6650.0,,,85.0,TDM 16,3.49,2018-08-30 13:52:08.947000000,10802.0,2.0,2018-08-25,2018-08-25 08:24:26.368,8,24,18,8.405,
,2018-08-25 09:54:12,353086.0,2000.0,,,85.0,TDM 16,1.06,2018-08-30 13:52:08.950000000,10802.0,2.0,2018-08-25,2018-08-25 09:54:00.320,9,54,12,9.903334,
,2018-08-25 11:09:32,353080.0,6650.0,,,85.0,TDM 16,3.49,2018-08-30 13:52:08.957000000,10802.0,2.0,2018-08-25,2018-08-25 11:10:27.840,11,9,32,11.158889,
,2018-08-29 08:36:23,689015.0,1500.0,,,85.0,TDM 16,0.79,2018-08-30 13:52:08.963000000,10802.0,2.0,2018-08-29,2018-08-29 08:35:58.592,8,36,23,8.606389,
,2018-08-29 08:38:31,689015.0,1500.0,,,85.0,TDM 16,0.79,2018-08-30 13:52:08.970000000,10802.0,2.0,2018-08-29,2018-08-29 08:38:09.664,8,38,31,8.641945,
,2018-08-29 08:41:30,689015.0,1500.0,,,85.0,TDM 16,0.79,2018-08-30 13:52:08.977000000,10802.0,2.0,2018-08-29,2018-08-29 08:42:31.808,8,41,30,8.691667,
,2018-08-29 09:34:11,689064.0,2500.0,,,85.0,TDM 16,1.32,2018-08-30 13:52:08.980000000,10802.0,2.0,2018-08-29,2018-08-29 09:34:57.536,9,34,11,9.569722,
,2018-08-29 09:38:24,689064.0,2500.0,,,85.0,TDM 16,1.32,2018-08-30 13:52:08.987000000,10802.0,2.0,2018-08-29,2018-08-29 09:39:19.680,9,38,24,9.64,
,2018-08-29 11:17:09,689015.0,1500.0,,,85.0,TDM 16,0.79,2018-08-30 13:52:08.993000000,10802.0,2.0,2018-08-29,2018-08-29 11:17:37.920,11,17,9,11.285833,
,2018-08-30 09:52:30,353063.0,6650.0,,,85.0,TDM 16,3.49,2018-08-30 13:52:09,10802.0,2.0,2018-08-30,2018-08-30 09:52:02.560,9,52,30,9.875,
,2018-08-28 07:53:40,558047.0,1500.0,,,80.0,TDM11,0.79,2018-08-30 13:54:49.983000000,10803.0,2.0,2018-08-28,2018-08-28 07:52:40.704,7,53,40,7.8944445,
,2018-08-28 08:33:48,558114.0,2000.0,,,80.0,TDM11,1.06,2018-08-30 13:54:49.993000000,10803.0,2.0,2018-08-28,2018-08-28 08:34:11.072,8,33,48,8.5633335,
,2018-08-28 08:56:32,558113.0,6650.0,,,80.0,TDM11,3.49,2018-08-30 13:54:50,10803.0,2.0,2018-08-28,2018-08-28 08:56:01.792,8,56,32,8.942223,
,2018-08-29 08:14:41,558125.0,1500.0,,,80.0,TDM11,0.79,2018-08-30 13:54:50.007000000,10803.0,2.0,2018-08-29,2018-08-29 08:14:07.872,8,14,41,8.244722,
,2018-08-30 07:56:47,558137.0,2000.0,,,80.0,TDM11,1.06,2018-08-30 13:54:50.010000000,10803.0,2.0,2018-08-30,2018-08-30 07:56:15.744,7,56,47,7.9463887,
,2018-08-25 08:52:28,542129.0,1500.0,,,124.0,TDM 54,0.79,2018-08-30 13:58:03.870000000,10804.0,2.0,2018-08-25,2018-08-25 08:52:50.304,8,52,28,8.874444,
,2018-08-27 10:14:32,518246.0,1500.0,,,124.0,TDM 54,0.79,2018-08-30 13:58:03.887000000,10804.0,2.0,2018-08-27,2018-08-27 10:15:03.936,10,14,32,10.242222,
,2018-08-28 09:00:22,518069.0,3000.0,,,124.0,TDM 54,1.59,2018-08-30 13:58:03.893000000,10804.0,2.0,2018-08-28,2018-08-28 09:00:23.936,9,0,22,9.006111,
,2018-08-29 09:22:53,542005.0,1500.0,,,124.0,TDM 54,0.79,2018-08-30 13:58:03.900000000,10804.0,2.0,2018-08-29,2018-08-29 09:21:51.104,9,22,53,9.381389,
,2018-08-29 09:31:45,542010.0,2000.0,,,124.0,TDM 54,1.06,2018-08-30 13:58:03.903000000,10804.0,2.0,2018-08-29,2018-08-29 09:32:46.464,9,31,45,9.529166,
,2018-08-30 08:51:53,518072.0,6650.0,,,124.0,TDM 54,3.49,2018-08-30 13:58:03.910000000,10804.0,2.0,2018-08-30,2018-08-30 08:50:52.544,8,51,53,8.864722,
,2018-08-30 09:13:21,518180.0,2000.0,,,124.0,TDM 54,1.06,2018-08-30 13:58:03.917000000,10804.0,2.0,2018-08-30,2018-08-30 09:12:43.264,9,13,21,9.2225,
,2018-08-30 09:27:17,518210.0,2000.0,,,124.0,TDM 54,1.06,2018-08-30 13:58:03.923000000,10804.0,2.0,2018-08-30,2018-08-30 09:28:00.768,9,27,17,9.454722,
,2018-08-30 10:15:53,518137.0,2500.0,,,124.0,TDM 54,1.32,2018-08-30 13:58:03.930000000,10804.0,2.0,2018-08-30,2018-08-30 10:16:04.352,10,15,53,10.264722,
,2018-08-30 11:29:47,518180.0,2000.0,,,124.0,TDM 54,1.06,2018-08-30 13:58:03.933000000,10804.0,2.0,2018-08-30,2018-08-30 11:30:20.800,11,29,47,11.496388,
,2018-08-30 11:33:49,542010.0,2000.0,,,124.0,TDM 54,1.06,2018-08-30 13:58:03.940000000,10804.0,2.0,2018-08-30,2018-08-30 11:34:42.944,11,33,49,11.563611,
,2018-08-30 11:36:31,518137.0,2500.0,,,124.0,TDM 54,1.32,2018-08-30 13:58:03.947000000,10804.0,2.0,2018-08-30,2018-08-30 11:36:54.016,11,36,31,11.608611,
,2018-08-30 11:39:35,542005.0,1500.0,,,124.0,TDM 54,0.79,2018-08-30 13:58:03.953000000,10804.0,2.0,2018-08-30,2018-08-30 11:39:05.088,11,39,35,11.659722,
,2018-08-08 12:57:58,208004.0,0.0,,,125.0,CHRISTINE,0.79,2018-08-30 14:08:21.940000000,10805.0,2.0,2018-08-08,2018-08-08 12:57:37.536,12,57,58,12.966111,
,2018-08-08 13:11:26,208004.0,1500.0,,,125.0,CHRISTINE,0.79,2018-08-30 14:08:21.943000000,10805.0,2.0,2018-08-08,2018-08-08 13:10:43.968,13,11,26,13.190556,
,2018-08-08 13:54:57,208004.0,2000.0,,,125.0,CHRISTINE,1.06,2018-08-30 14:08:21.950000000,10805.0,2.0,2018-08-08,2018-08-08 13:54:25.408,13,54,57,13.915833,
,2018-08-08 14:10:20,208004.0,0.0,,,125.0,CHRISTINE,1.06,2018-08-30 14:08:21.963000000,10805.0,2.0,2018-08-08,2018-08-08 14:09:42.912,14,10,20,14.172222,
,2018-08-08 14:16:34,208004.0,2000.0,,,125.0,CHRISTINE,1.06,2018-08-30 14:08:21.970000000,10805.0,2.0,2018-08-08,2018-08-08 14:16:16.128,14,16,34,14.276111,
,2018-08-08 14:25:38,208004.0,0.0,,,125.0,CHRISTINE,1.06,2018-08-30 14:08:21.973000000,10805.0,2.0,2018-08-08,2018-08-08 14:25:00.416,14,25,38,14.427222,
,2018-08-08 14:32:46,208004.0,0.0,,,125.0,CHRISTINE,1.06,2018-08-30 14:08:21.980000000,10805.0,2.0,2018-08-08,2018-08-08 14:33:44.704,14,32,46,14.546111,
,2018-08-09 09:42:40,549056.0,1500.0,,,125.0,CHRISTINE,0.79,2018-08-30 14:08:21.987000000,10805.0,2.0,2018-08-09,2018-08-09 09:42:48.576,9,42,40,9.711111,
,2018-08-14 10:45:21,687027.0,8850.0,,,125.0,CHRISTINE,4.66,2018-08-30 14:08:22,10805.0,2.0,2018-08-14,2018-08-14 10:46:22.976,10,45,21,10.755834,
,2018-08-27 08:40:20,216203.0,2000.0,,,125.0,CHRISTINE,1.06,2018-08-30 14:08:22.030000000,10805.0,2.0,2018-08-27,2018-08-27 08:41:07.840,8,40,20,8.672222,
,2018-08-20 07:51:53,233053.0,1500.0,,,88.0,TDM 19,0.79,2018-08-30 14:15:29.807000000,10806.0,2.0,2018-08-20,2018-08-20 07:51:26.976,7,51,53,7.8647223,
,2018-08-21 07:09:03,233116.0,1500.0,,,88.0,TDM 19,0.79,2018-08-30 14:15:29.817000000,10806.0,2.0,2018-08-21,2018-08-21 07:09:33.056,7,9,3,7.150833,
,2018-08-21 07:13:03,233116.0,1500.0,,,88.0,TDM 19,0.79,2018-08-30 14:15:29.823000000,10806.0,2.0,2018-08-21,2018-08-21 07:13:55.200,7,13,3,7.2175,
,2018-08-21 07:14:54,233114.0,3000.0,,,88.0,TDM 19,1.59,2018-08-30 14:15:29.830000000,10806.0,2.0,2018-08-21,2018-08-21 07:13:55.200,7,14,54,7.2483335,
,2018-08-21 07:27:16,233076.0,1500.0,,,88.0,TDM 19,0.79,2018-08-30 14:15:29.833000000,10806.0,2.0,2018-08-21,2018-08-21 07:27:01.632,7,27,16,7.4544444,
,2018-08-23 07:08:54,576002.0,2000.0,,,88.0,TDM 19,1.06,2018-08-30 14:15:29.840000000,10806.0,2.0,2018-08-23,2018-08-23 07:08:45.952,7,8,54,7.1483335,
,2018-08-23 07:40:09,576023.0,2500.0,,,88.0,TDM 19,1.32,2018-08-30 14:15:29.847000000,10806.0,2.0,2018-08-23,2018-08-23 07:39:20.960,7,40,9,7.6691666,
,2018-08-23 07:53:35,576052.0,1500.0,,,88.0,TDM 19,0.79,2018-08-30 14:15:29.853000000,10806.0,2.0,2018-08-23,2018-08-23 07:54:38.464,7,53,35,7.8930554,
,2018-08-25 07:43:29,233155.0,3000.0,,,88.0,TDM 19,1.59,2018-08-30 14:15:29.860000000,10806.0,2.0,2018-08-25,2018-08-25 07:42:56.000,7,43,29,7.7247224,
,2018-08-27 06:58:40,576004.0,1500.0,,,88.0,TDM 19,0.79,2018-08-30 14:15:29.863000000,10806.0,2.0,2018-08-27,2018-08-27 06:58:27.456,6,58,40,6.977778,
,2018-08-27 07:00:01,576004.0,1500.0,,,88.0,TDM 19,0.79,2018-08-30 14:15:29.870000000,10806.0,2.0,2018-08-27,2018-08-27 07:00:38.528,7,0,1,7.000278,
,2018-08-27 07:30:06,576007.0,2500.0,,,88.0,TDM 19,1.32,2018-08-30 14:15:29.893000000,10806.0,2.0,2018-08-27,2018-08-27 07:29:02.464,7,30,6,7.5016665,
,2018-08-27 07:31:41,576007.0,2500.0,,,88.0,TDM 19,1.32,2018-08-30 14:15:29.900000000,10806.0,2.0,2018-08-27,2018-08-27 07:31:13.536,7,31,41,7.5280557,
,2018-08-27 07:47:33,576051.0,3000.0,,,88.0,TDM 19,1.59,2018-08-30 14:15:29.907000000,10806.0,2.0,2018-08-27,2018-08-27 07:46:31.040,7,47,33,7.7925,
,2018-08-27 08:06:24,576035.0,2000.0,,,88.0,TDM 19,1.06,2018-08-30 14:15:29.913000000,10806.0,2.0,2018-08-27,2018-08-27 08:06:10.688,8,6,24,8.106667,
,2018-08-28 06:46:32,233016.0,3000.0,,,88.0,TDM 19,1.59,2018-08-30 14:15:29.920000000,10806.0,2.0,2018-08-28,2018-08-28 06:47:08.544,6,46,32,6.7755556,
,2018-08-28 06:53:36,233019.0,2000.0,,,88.0,TDM 19,1.06,2018-08-30 14:15:29.923000000,10806.0,2.0,2018-08-28,2018-08-28 06:53:41.760,6,53,36,6.8933334,
,2018-08-28 06:54:42,233019.0,2000.0,,,88.0,TDM 19,1.06,2018-08-30 14:15:29.930000000,10806.0,2.0,2018-08-28,2018-08-28 06:53:41.760,6,54,42,6.911667,
,2018-08-28 06:56:08,233019.0,2000.0,,,88.0,TDM 19,1.06,2018-08-30 14:15:29.937000000,10806.0,2.0,2018-08-28,2018-08-28 06:55:52.832,6,56,8,6.9355555,
,2018-08-28 06:58:53,233019.0,2000.0,,,88.0,TDM 19,1.06,2018-08-30 14:15:29.943000000,10806.0,2.0,2018-08-28,2018-08-28 06:58:03.904,6,58,53,6.981389,
,2018-08-28 07:09:03,233068.0,8850.0,,,88.0,TDM 19,4.66,2018-08-30 14:15:29.950000000,10806.0,2.0,2018-08-28,2018-08-28 07:08:59.264,7,9,3,7.150833,
,2018-08-28 07:28:13,233041.0,2000.0,,,88.0,TDM 19,1.06,2018-08-30 14:15:29.953000000,10806.0,2.0,2018-08-28,2018-08-28 07:28:38.912,7,28,13,7.470278,
,2018-08-30 06:26:00,233149.0,2000.0,,,88.0,TDM 19,1.06,2018-08-30 14:15:29.960000000,10806.0,2.0,2018-08-30,2018-08-30 06:26:41.792,6,26,0,6.4333334,
,2018-08-30 06:27:41,233149.0,2000.0,,,88.0,TDM 19,1.06,2018-08-30 14:15:29.967000000,10806.0,2.0,2018-08-30,2018-08-30 06:26:41.792,6,27,41,6.461389,
,2018-08-30 06:48:38,233013.0,3000.0,,,88.0,TDM 19,1.59,2018-08-30 14:15:29.973000000,10806.0,2.0,2018-08-30,2018-08-30 06:48:32.512,6,48,38,6.8105555,
,2018-08-30 06:56:42,233048.0,1500.0,,,88.0,TDM 19,0.79,2018-08-30 14:15:29.980000000,10806.0,2.0,2018-08-30,2018-08-30 06:57:16.800,6,56,42,6.945,
,2018-08-30 07:29:55,233081.0,1500.0,,,88.0,TDM 19,0.79,2018-08-30 14:15:29.983000000,10806.0,2.0,2018-08-30,2018-08-30 07:30:02.880,7,29,55,7.498611,
,2018-08-16 10:09:12,216090.0,2500.0,,,81.0,TDM 12,1.32,2018-08-30 14:32:01.367000000,10807.0,2.0,2018-08-16,2018-08-16 10:08:27.648,10,9,12,10.153334,
,2018-08-16 10:28:53,216088.0,3000.0,,,81.0,TDM 12,1.59,2018-08-30 14:32:01.377000000,10807.0,2.0,2018-08-16,2018-08-16 10:28:07.296,10,28,53,10.481389,
,2018-08-17 08:55:46,216139.0,2500.0,,,81.0,TDM 12,1.32,2018-08-30 14:32:01.383000000,10807.0,2.0,2018-08-17,2018-08-17 08:55:58.720,8,55,46,8.929444,
,2018-08-23 15:09:33,216127.0,3000.0,,,81.0,TDM 12,1.59,2018-08-30 14:32:01.390000000,10807.0,2.0,2018-08-23,2018-08-23 15:09:21.792,15,9,33,15.159166,
,2018-08-23 15:20:49,216126.0,1500.0,,,81.0,TDM 12,0.79,2018-08-30 14:32:01.393000000,10807.0,2.0,2018-08-23,2018-08-23 15:20:17.152,15,20,49,15.346945,
,2018-08-24 08:27:51,216186.0,1500.0,,,81.0,TDM 12,0.79,2018-08-30 14:32:01.400000000,10807.0,2.0,2018-08-24,2018-08-24 08:27:00.992,8,27,51,8.464167,
,2018-08-24 09:49:34,216196.0,2000.0,,,81.0,TDM 12,1.06,2018-08-30 14:32:01.407000000,10807.0,2.0,2018-08-24,2018-08-24 09:50:01.728,9,49,34,9.826111,
,2018-08-24 10:07:46,216190.0,1500.0,,,81.0,TDM 12,0.79,2018-08-30 14:32:01.413000000,10807.0,2.0,2018-08-24,2018-08-24 10:07:30.304,10,7,46,10.129444,
,2018-08-24 10:26:08,216193.0,2000.0,,,81.0,TDM 12,1.06,2018-08-30 14:32:01.420000000,10807.0,2.0,2018-08-24,2018-08-24 10:27:09.952,10,26,8,10.435555,
,2018-08-24 12:13:54,216224.0,1500.0,,,81.0,TDM 12,0.79,2018-08-30 14:32:01.423000000,10807.0,2.0,2018-08-24,2018-08-24 12:14:12.480,12,13,54,12.231667,
,2018-08-25 07:29:46,521047.0,6650.0,,,81.0,TDM 12,3.49,2018-08-30 14:32:01.430000000,10807.0,2.0,2018-08-25,2018-08-25 07:29:49.568,7,29,46,7.496111,
,2018-08-25 12:36:08,216006.0,2000.0,,,81.0,TDM 12,1.06,2018-08-30 14:32:01.437000000,10807.0,2.0,2018-08-25,2018-08-25 12:35:39.648,12,36,8,12.602222,
,2018-08-25 12:58:46,216011.0,8850.0,,,81.0,TDM 12,4.66,2018-08-30 14:32:01.443000000,10807.0,2.0,2018-08-25,2018-08-25 12:59:41.440,12,58,46,12.9794445,
,2018-08-25 13:29:06,216021.0,2500.0,,,81.0,TDM 12,1.32,2018-08-30 14:32:01.450000000,10807.0,2.0,2018-08-25,2018-08-25 13:28:05.376,13,29,6,13.485,
,2018-08-25 14:38:19,216071.0,2000.0,,,81.0,TDM 12,1.06,2018-08-30 14:32:01.453000000,10807.0,2.0,2018-08-25,2018-08-25 14:37:59.680,14,38,19,14.638611,
,2018-08-25 14:50:27,216079.0,2000.0,,,81.0,TDM 12,1.06,2018-08-30 14:32:01.460000000,10807.0,2.0,2018-08-25,2018-08-25 14:51:06.112,14,50,27,14.840834,
,2018-08-25 15:44:17,216094.0,1500.0,,,81.0,TDM 12,0.79,2018-08-30 14:32:01.467000000,10807.0,2.0,2018-08-25,2018-08-25 15:43:31.840,15,44,17,15.738055,
,2018-08-25 16:30:12,216103.0,2000.0,,,81.0,TDM 12,1.06,2018-08-30 14:32:01.473000000,10807.0,2.0,2018-08-25,2018-08-25 16:29:24.352,16,30,12,16.503334,
,2018-08-27 07:24:21,521072.0,8850.0,,,81.0,TDM 12,4.66,2018-08-30 14:32:01.480000000,10807.0,2.0,2018-08-27,2018-08-27 07:24:40.320,7,24,21,7.4058332,
,2018-08-27 15:11:55,521025.0,6650.0,,,81.0,TDM 12,3.49,2018-08-30 14:32:01.483000000,10807.0,2.0,2018-08-27,2018-08-27 15:12:09.728,15,11,55,15.198611,
,2018-08-29 07:49:09,216016.0,3000.0,,,81.0,TDM 12,1.59,2018-08-30 14:32:01.490000000,10807.0,2.0,2018-08-29,2018-08-29 07:50:06.080,7,49,9,7.8191667,
,2018-08-29 08:12:12,216024.0,2000.0,,,81.0,TDM 12,1.06,2018-08-30 14:32:01.497000000,10807.0,2.0,2018-08-29,2018-08-29 08:11:56.800,8,12,12,8.203333,
,2018-08-29 09:15:27,216033.0,1500.0,,,81.0,TDM 12,0.79,2018-08-30 14:32:01.503000000,10807.0,2.0,2018-08-29,2018-08-29 09:15:17.888,9,15,27,9.2575,
,2018-08-29 09:41:41,216042.0,1500.0,,,81.0,TDM 12,0.79,2018-08-30 14:32:01.510000000,10807.0,2.0,2018-08-29,2018-08-29 09:41:30.752,9,41,41,9.694722,
,2018-08-29 11:07:54,216072.0,1500.0,,,81.0,TDM 12,0.79,2018-08-30 14:32:01.513000000,10807.0,2.0,2018-08-29,2018-08-29 11:08:53.632,11,7,54,11.131667,
,2018-08-29 14:10:14,216156.0,2000.0,,,81.0,TDM 12,1.06,2018-08-30 14:32:01.520000000,10807.0,2.0,2018-08-29,2018-08-29 14:10:12.608,14,10,14,14.170555,
,2018-08-29 14:49:20,216164.0,1500.0,,,81.0,TDM 12,0.79,2018-08-30 14:32:01.527000000,10807.0,2.0,2018-08-29,2018-08-29 14:49:31.904,14,49,20,14.822222,
,2018-08-29 16:29:51,216009.0,1500.0,,,81.0,TDM 12,0.79,2018-08-30 14:32:01.533000000,10807.0,2.0,2018-08-29,2018-08-29 16:30:01.216,16,29,51,16.4975,
,2018-08-29 16:44:58,216003.0,1500.0,,,81.0,TDM 12,0.79,2018-08-30 14:32:01.540000000,10807.0,2.0,2018-08-29,2018-08-29 16:45:18.720,16,44,58,16.749445,
,2018-08-29 16:58:19,216002.0,1500.0,,,81.0,TDM 12,0.79,2018-08-30 14:32:01.543000000,10807.0,2.0,2018-08-29,2018-08-29 16:58:25.152,16,58,19,16.971945,
,2018-06-28 11:14:58,248001.0,1500.0,,,98.0,TDM 29,0.79,2018-08-30 14:39:42.357000000,10808.0,2.0,2018-06-28,2018-06-28 11:15:45.280,11,14,58,11.249444,
,2018-06-28 11:24:51,248001.0,2500.0,,,98.0,TDM 29,1.32,2018-08-30 14:39:42.363000000,10808.0,2.0,2018-06-28,2018-06-28 11:24:29.568,11,24,51,11.414166,
,2018-06-28 11:34:12,208002.0,1500.0,,,98.0,TDM 29,0.79,2018-08-30 14:39:42.370000000,10808.0,2.0,2018-06-28,2018-06-28 11:33:13.856,11,34,12,11.57,
,2018-06-28 11:41:59,208002.0,6650.0,,,98.0,TDM 29,3.49,2018-08-30 14:39:42.373000000,10808.0,2.0,2018-06-28,2018-06-28 11:41:58.144,11,41,59,11.699722,
,2018-06-28 11:48:11,208001.0,11050.0,,,98.0,TDM 29,5.82,2018-08-30 14:39:42.380000000,10808.0,2.0,2018-06-28,2018-06-28 11:48:31.360,11,48,11,11.803056,
,2018-06-28 11:55:13,208003.0,2500.0,,,98.0,TDM 29,1.32,2018-08-30 14:39:42.387000000,10808.0,2.0,2018-06-28,2018-06-28 11:55:04.576,11,55,13,11.920278,
,2018-06-28 11:59:20,208005.0,11050.0,,,98.0,TDM 29,5.82,2018-08-30 14:39:42.393000000,10808.0,2.0,2018-06-28,2018-06-28 11:59:26.720,11,59,20,11.988889,
,2018-06-28 14:19:02,208001.0,1500.0,,,98.0,TDM 29,0.79,2018-08-30 14:39:42.400000000,10808.0,2.0,2018-06-28,2018-06-28 14:19:15.328,14,19,2,14.317223,
,2018-06-28 14:20:13,208001.0,1500.0,,,98.0,TDM 29,0.79,2018-08-30 14:39:42.403000000,10808.0,2.0,2018-06-28,2018-06-28 14:19:15.328,14,20,13,14.336945,
,2018-07-06 12:46:17,627048.0,11050.0,,,98.0,TDM 29,5.82,2018-08-30 14:39:42.440000000,10808.0,2.0,2018-07-06,2018-07-06 12:46:32.960,12,46,17,12.771389,
,2018-07-06 13:12:49,627047.0,3000.0,,,98.0,TDM 29,1.59,2018-08-30 14:39:42.447000000,10808.0,2.0,2018-07-06,2018-07-06 13:12:45.824,13,12,49,13.213611,
,2018-07-06 13:17:22,502008.0,2500.0,,,98.0,TDM 29,1.32,2018-08-30 14:39:42.453000000,10808.0,2.0,2018-07-06,2018-07-06 13:17:07.968,13,17,22,13.289444,
,2018-07-06 13:20:36,203001.0,2000.0,,,98.0,TDM 29,1.06,2018-08-30 14:39:42.460000000,10808.0,2.0,2018-07-06,2018-07-06 13:21:30.112,13,20,36,13.343333,
,2018-07-06 13:58:23,627059.0,2500.0,,,98.0,TDM 29,1.32,2018-08-30 14:39:42.463000000,10808.0,2.0,2018-07-06,2018-07-06 13:58:38.336,13,58,23,13.973056,
,2018-07-06 14:13:06,627055.0,6650.0,,,98.0,TDM 29,3.49,2018-08-30 14:39:42.470000000,10808.0,2.0,2018-07-06,2018-07-06 14:13:55.840,14,13,6,14.218333,
,2018-07-06 14:22:40,627055.0,6650.0,,,98.0,TDM 29,3.49,2018-08-30 14:39:42.477000000,10808.0,2.0,2018-07-06,2018-07-06 14:22:40.128,14,22,40,14.377778,
,2018-07-09 09:16:35,204001.0,1500.0,,,98.0,TDM 29,0.79,2018-08-30 14:39:42.483000000,10808.0,2.0,2018-07-09,2018-07-09 09:15:39.392,9,16,35,9.276389,
,2018-07-09 09:46:45,6092122.0,2500.0,,,98.0,TDM 29,1.32,2018-08-30 14:39:42.493000000,10808.0,2.0,2018-07-09,2018-07-09 09:46:14.400,9,46,45,9.779166,
,2018-07-09 09:52:50,6092422.0,2500.0,,,98.0,TDM 29,1.32,2018-08-30 14:39:42.500000000,10808.0,2.0,2018-07-09,2018-07-09 09:52:47.616,9,52,50,9.880555,
,2018-07-09 10:04:56,6092122.0,2500.0,,,98.0,TDM 29,1.32,2018-08-30 14:39:42.507000000,10808.0,2.0,2018-07-09,2018-07-09 10:05:54.048,10,4,56,10.082222,
,2018-07-09 10:10:57,6092122.0,2500.0,,,98.0,TDM 29,1.32,2018-08-30 14:39:42.513000000,10808.0,2.0,2018-07-09,2018-07-09 10:10:16.192,10,10,57,10.1825,
,2018-07-09 10:16:57,627043.0,8850.0,,,98.0,TDM 29,4.66,2018-08-30 14:39:42.520000000,10808.0,2.0,2018-07-09,2018-07-09 10:16:49.408,10,16,57,10.2825,
,2018-07-09 10:19:47,627043.0,6650.0,,,98.0,TDM 29,3.49,2018-08-30 14:39:42.523000000,10808.0,2.0,2018-07-09,2018-07-09 10:19:00.480,10,19,47,10.329722,
,2018-07-09 10:23:09,627043.0,6650.0,,,98.0,TDM 29,3.49,2018-08-30 14:39:42.530000000,10808.0,2.0,2018-07-09,2018-07-09 10:23:22.624,10,23,9,10.385834,
,2018-07-09 10:31:20,6092125.0,6650.0,,,98.0,TDM 29,3.49,2018-08-30 14:39:42.537000000,10808.0,2.0,2018-07-09,2018-07-09 10:32:06.912,10,31,20,10.5222225,
,2018-07-09 10:37:44,6092125.0,2500.0,,,98.0,TDM 29,1.32,2018-08-30 14:39:42.543000000,10808.0,2.0,2018-07-09,2018-07-09 10:38:40.128,10,37,44,10.628889,
,2018-07-09 10:43:40,6092125.0,2500.0,,,98.0,TDM 29,1.32,2018-08-30 14:39:42.550000000,10808.0,2.0,2018-07-09,2018-07-09 10:43:02.272,10,43,40,10.7277775,
,2018-07-13 12:58:13,208001.0,6650.0,,,98.0,TDM 29,3.49,2018-08-30 14:39:42.553000000,10808.0,2.0,2018-07-13,2018-07-13 12:59:05.600,12,58,13,12.970278,
,2018-07-13 13:14:33,208001.0,2500.0,,,98.0,TDM 29,1.32,2018-08-30 14:39:42.567000000,10808.0,2.0,2018-07-13,2018-07-13 13:14:23.104,13,14,33,13.2425,
,2018-07-13 13:31:53,285002.0,402500.0,,,98.0,TDM 29,213.0,2018-08-30 14:39:42.570000000,10808.0,2.0,2018-07-13,2018-07-13 13:31:51.680,13,31,53,13.531389,
,2018-07-13 13:35:40,208005.0,8850.0,,,98.0,TDM 29,4.66,2018-08-30 14:39:42.577000000,10808.0,2.0,2018-07-13,2018-07-13 13:36:13.824,13,35,40,13.594444,
,2018-07-13 13:43:51,285003.0,6650.0,,,98.0,TDM 29,3.49,2018-08-30 14:39:42.583000000,10808.0,2.0,2018-07-13,2018-07-13 13:42:47.040,13,43,51,13.730833,
,2018-07-13 15:28:29,208002.0,8850.0,,,98.0,TDM 29,4.66,2018-08-30 14:39:42.590000000,10808.0,2.0,2018-07-13,2018-07-13 15:27:38.496,15,28,29,15.474722,
,2018-07-20 12:20:38,208002.0,13250.0,,,98.0,TDM 29,6.99,2018-08-30 14:39:42.627000000,10808.0,2.0,2018-07-20,2018-07-20 12:21:23.584,12,20,38,12.343889,
,2018-07-20 12:22:10,208002.0,13250.0,,,98.0,TDM 29,6.99,2018-08-30 14:39:42.633000000,10808.0,2.0,2018-07-20,2018-07-20 12:21:23.584,12,22,10,12.369445,
,2018-07-20 12:26:55,208002.0,13250.0,,,98.0,TDM 29,6.99,2018-08-30 14:39:42.640000000,10808.0,2.0,2018-07-20,2018-07-20 12:27:56.800,12,26,55,12.448611,
,2018-07-21 13:52:45,208007.0,1500.0,,,98.0,TDM 29,0.79,2018-08-30 14:39:42.650000000,10808.0,2.0,2018-07-21,2018-07-21 13:52:45.056,13,52,45,13.879167,
,2018-07-21 13:56:20,208004.0,2000.0,,,98.0,TDM 29,1.06,2018-08-30 14:39:42.657000000,10808.0,2.0,2018-07-21,2018-07-21 13:57:07.200,13,56,20,13.938889,
,2018-07-21 13:58:58,208004.0,2000.0,,,98.0,TDM 29,1.06,2018-08-30 14:39:42.663000000,10808.0,2.0,2018-07-21,2018-07-21 13:59:18.272,13,58,58,13.982778,
,2018-07-21 14:00:15,208004.0,2000.0,,,98.0,TDM 29,1.06,2018-08-30 14:39:42.670000000,10808.0,2.0,2018-07-21,2018-07-21 13:59:18.272,14,0,15,14.004167,
,2018-07-21 14:11:45,208004.0,2000.0,,,98.0,TDM 29,1.06,2018-08-30 14:39:42.680000000,10808.0,2.0,2018-07-21,2018-07-21 14:12:24.704,14,11,45,14.195833,
,2018-08-08 12:14:54,208068.0,2000.0,,,98.0,TDM 29,1.06,2018-08-30 14:39:42.693000000,10808.0,2.0,2018-08-08,2018-08-08 12:13:56.096,12,14,54,12.248333,
,2018-08-08 12:34:31,208003.0,2500.0,,,98.0,TDM 29,1.32,2018-08-30 14:39:42.703000000,10808.0,2.0,2018-08-08,2018-08-08 12:33:35.744,12,34,31,12.575277,
,2018-08-08 12:39:03,208005.0,3000.0,,,98.0,TDM 29,1.59,2018-08-30 14:39:42.710000000,10808.0,2.0,2018-08-08,2018-08-08 12:37:57.888,12,39,3,12.650833,
,2018-08-08 12:46:11,208003.0,0.0,,,98.0,TDM 29,0.79,2018-08-30 14:39:42.717000000,10808.0,2.0,2018-08-08,2018-08-08 12:46:42.176,12,46,11,12.769722,
,2018-08-08 12:56:55,208001.0,1500.0,,,98.0,TDM 29,0.79,2018-08-30 14:39:42.727000000,10808.0,2.0,2018-08-08,2018-08-08 12:57:37.536,12,56,55,12.948611,
,2018-08-08 13:02:04,208003.0,0.0,,,98.0,TDM 29,4.66,2018-08-30 14:39:42.733000000,10808.0,2.0,2018-08-08,2018-08-08 13:01:59.680,13,2,4,13.034445,
,2018-08-08 13:50:59,208005.0,0.0,,,98.0,TDM 29,1.59,2018-08-30 14:39:42.747000000,10808.0,2.0,2018-08-08,2018-08-08 13:50:03.264,13,50,59,13.849722,
,2018-08-08 14:05:44,208006.0,8850.0,,,98.0,TDM 29,4.66,2018-08-30 14:39:42.750000000,10808.0,2.0,2018-08-08,2018-08-08 14:05:20.768,14,5,44,14.095555,
,2018-08-08 14:14:09,208005.0,6650.0,,,98.0,TDM 29,3.49,2018-08-30 14:39:42.757000000,10808.0,2.0,2018-08-08,2018-08-08 14:14:05.056,14,14,9,14.235833,
,2018-08-08 14:21:25,208007.0,6650.0,,,98.0,TDM 29,3.49,2018-08-30 14:39:42.763000000,10808.0,2.0,2018-08-08,2018-08-08 14:20:38.272,14,21,25,14.356944,
,2018-08-08 14:30:55,208005.0,8850.0,,,98.0,TDM 29,4.66,2018-08-30 14:39:42.777000000,10808.0,2.0,2018-08-08,2018-08-08 14:31:33.632,14,30,55,14.515278,
,2018-08-08 14:36:20,208004.0,6650.0,,,98.0,TDM 29,3.49,2018-08-30 14:39:42.780000000,10808.0,2.0,2018-08-08,2018-08-08 14:35:55.776,14,36,20,14.605556,
,2018-08-08 14:40:08,208004.0,8850.0,,,98.0,TDM 29,4.66,2018-08-30 14:39:42.787000000,10808.0,2.0,2018-08-08,2018-08-08 14:40:17.920,14,40,8,14.668889,
,2018-08-17 12:18:25,208005.0,3000.0,,,98.0,TDM 29,1.59,2018-08-30 14:39:42.793000000,10808.0,2.0,2018-08-17,2018-08-17 12:19:08.416,12,18,25,12.306945,
,2018-08-17 12:21:58,208005.0,3000.0,,,98.0,TDM 29,1.59,2018-08-30 14:39:42.800000000,10808.0,2.0,2018-08-17,2018-08-17 12:21:19.488,12,21,58,12.366111,
,2018-08-17 12:24:26,208005.0,3000.0,,,98.0,TDM 29,1.59,2018-08-30 14:39:42.807000000,10808.0,2.0,2018-08-17,2018-08-17 12:23:30.560,12,24,26,12.407222,
,2018-08-17 12:27:43,208005.0,3000.0,,,98.0,TDM 29,1.59,2018-08-30 14:39:42.810000000,10808.0,2.0,2018-08-17,2018-08-17 12:27:52.704,12,27,43,12.461945,
,2018-08-17 12:37:39,208005.0,3000.0,,,98.0,TDM 29,1.59,2018-08-30 14:39:42.817000000,10808.0,2.0,2018-08-17,2018-08-17 12:36:36.992,12,37,39,12.6275,
,2018-08-17 12:42:20,208005.0,3000.0,,,98.0,TDM 29,1.59,2018-08-30 14:39:42.823000000,10808.0,2.0,2018-08-17,2018-08-17 12:43:10.208,12,42,20,12.705556,
,2018-08-17 13:21:14,208001.0,8850.0,,,98.0,TDM 29,4.66,2018-08-30 14:39:42.837000000,10808.0,2.0,2018-08-17,2018-08-17 13:20:18.432,13,21,14,13.3538885,
,2018-08-17 14:11:23,852000.0,8850.0,,,98.0,TDM 29,4.66,2018-08-30 14:39:42.840000000,10808.0,2.0,2018-08-17,2018-08-17 14:10:33.088,14,11,23,14.189722,
,2018-08-17 14:29:51,208003.0,6650.0,,,98.0,TDM 29,3.49,2018-08-30 14:39:42.847000000,10808.0,2.0,2018-08-17,2018-08-17 14:30:12.736,14,29,51,14.4975,
,2018-08-17 14:46:15,208003.0,2500.0,,,98.0,TDM 29,1.32,2018-08-30 14:39:42.853000000,10808.0,2.0,2018-08-17,2018-08-17 14:45:30.240,14,46,15,14.770833,
,2018-08-17 14:59:01,208001.0,2500.0,,,98.0,TDM 29,1.32,2018-08-30 14:39:42.860000000,10808.0,2.0,2018-08-17,2018-08-17 14:58:36.672,14,59,1,14.983611,
,2018-08-22 12:41:31,208001.0,6650.0,,,98.0,TDM 29,3.49,2018-08-30 14:39:42.867000000,10808.0,2.0,2018-08-22,2018-08-22 12:41:12.448,12,41,31,12.691944,
,2018-08-22 13:03:18,208003.0,6650.0,,,98.0,TDM 29,3.49,2018-08-30 14:39:42.877000000,10808.0,2.0,2018-08-22,2018-08-22 13:03:03.168,13,3,18,13.055,
,2018-08-22 13:16:42,208003.0,8850.0,,,98.0,TDM 29,4.66,2018-08-30 14:39:42.883000000,10808.0,2.0,2018-08-22,2018-08-22 13:16:09.600,13,16,42,13.278334,
,2018-08-22 13:44:33,208050.0,2000.0,,,98.0,TDM 29,1.06,2018-08-30 14:39:42.897000000,10808.0,2.0,2018-08-22,2018-08-22 13:44:33.536,13,44,33,13.7425,
,2018-08-22 13:58:42,208002.0,0.0,,,98.0,TDM 29,1.59,2018-08-30 14:39:42.900000000,10808.0,2.0,2018-08-22,2018-08-22 13:57:39.968,13,58,42,13.978333,
,2018-08-22 14:08:37,208112.0,1500.0,,,98.0,TDM 29,0.79,2018-08-30 14:39:42.907000000,10808.0,2.0,2018-08-22,2018-08-22 14:08:35.328,14,8,37,14.143611,
,2018-08-22 14:15:30,208003.0,2500.0,,,98.0,TDM 29,1.32,2018-08-30 14:39:42.913000000,10808.0,2.0,2018-08-22,2018-08-22 14:15:08.544,14,15,30,14.258333,
,2018-08-22 14:22:21,208003.0,2500.0,,,98.0,TDM 29,1.32,2018-08-30 14:39:42.920000000,10808.0,2.0,2018-08-22,2018-08-22 14:21:41.760,14,22,21,14.3725,
,2018-08-23 08:30:41,208001.0,6650.0,,,98.0,TDM 29,3.49,2018-08-30 14:39:42.927000000,10808.0,2.0,2018-08-23,2018-08-23 08:29:35.616,8,30,41,8.511389,
,2018-08-23 08:44:02,208006.0,1500.0,,,98.0,TDM 29,0.79,2018-08-30 14:39:42.930000000,10808.0,2.0,2018-08-23,2018-08-23 08:44:53.120,8,44,2,8.733889,
,2018-08-23 09:01:37,208006.0,1500.0,,,98.0,TDM 29,0.79,2018-08-30 14:39:42.937000000,10808.0,2.0,2018-08-23,2018-08-23 09:02:21.696,9,1,37,9.026944,
,2018-08-23 09:15:27,208004.0,2000.0,,,98.0,TDM 29,1.06,2018-08-30 14:39:42.943000000,10808.0,2.0,2018-08-23,2018-08-23 09:15:28.128,9,15,27,9.2575,
,2018-08-23 09:29:19,208006.0,1500.0,,,98.0,TDM 29,0.79,2018-08-30 14:39:42.950000000,10808.0,2.0,2018-08-23,2018-08-23 09:28:34.560,9,29,19,9.488611,
,2018-08-23 09:48:50,208006.0,1500.0,,,98.0,TDM 29,0.79,2018-08-30 14:39:42.957000000,10808.0,2.0,2018-08-23,2018-08-23 09:48:14.208,9,48,50,9.813889,
,2018-08-23 10:02:41,208004.0,2000.0,,,98.0,TDM 29,1.06,2018-08-30 14:39:42.960000000,10808.0,2.0,2018-08-23,2018-08-23 10:03:31.712,10,2,41,10.044723,
,2018-08-23 10:13:20,208006.0,1500.0,,,98.0,TDM 29,0.79,2018-08-30 14:39:42.967000000,10808.0,2.0,2018-08-23,2018-08-23 10:12:16.000,10,13,20,10.222222,
,2018-08-23 10:25:30,208004.0,11050.0,,,98.0,TDM 29,5.82,2018-08-30 14:39:42.973000000,10808.0,2.0,2018-08-23,2018-08-23 10:25:22.432,10,25,30,10.425,
,2018-08-29 09:13:22,657084.0,3000.0,,,98.0,TDM 29,1.59,2018-08-30 14:39:42.980000000,10808.0,2.0,2018-08-29,2018-08-29 09:13:06.816,9,13,22,9.222777,
,2018-08-30 07:37:20,657009.0,2000.0,,,98.0,TDM 29,1.06,2018-08-30 14:39:42.987000000,10808.0,2.0,2018-08-30,2018-08-30 07:36:36.096,7,37,20,7.6222224,
,2018-08-30 08:00:16,657041.0,1500.0,,,98.0,TDM 29,0.79,2018-08-30 14:39:42.990000000,10808.0,2.0,2018-08-30,2018-08-30 08:00:37.888,8,0,16,8.004444,
,2018-08-30 08:24:57,657070.0,2000.0,,,98.0,TDM 29,1.06,2018-08-30 14:39:42.997000000,10808.0,2.0,2018-08-30,2018-08-30 08:24:39.680,8,24,57,8.415833,
,2018-08-30 09:33:17,611169.0,3000.0,,,98.0,TDM 29,1.59,2018-08-30 14:39:43.003000000,10808.0,2.0,2018-08-30,2018-08-30 09:32:22.912,9,33,17,9.554722,
,2018-08-30 10:12:14,611011.0,1500.0,,,98.0,TDM 29,0.79,2018-08-30 14:39:43.010000000,10808.0,2.0,2018-08-30,2018-08-30 10:11:42.208,10,12,14,10.203889,
,2018-08-24 08:31:56,6093038.0,1500.0,,,78.0,TDM 9,0.79,2018-08-30 14:45:35.187000000,10809.0,2.0,2018-08-24,2018-08-24 08:31:23.136,8,31,56,8.532222,
,2018-08-28 08:17:23,6093020.0,2000.0,,,78.0,TDM 9,1.06,2018-08-30 14:45:35.230000000,10809.0,2.0,2018-08-28,2018-08-28 08:16:42.496,8,17,23,8.289722,
,2018-08-28 08:22:54,6093086.0,3000.0,,,78.0,TDM 9,1.59,2018-08-30 14:45:35.237000000,10809.0,2.0,2018-08-28,2018-08-28 08:23:15.712,8,22,54,8.381667,
,2018-08-28 08:48:55,6093026.0,2500.0,,,78.0,TDM 9,1.32,2018-08-30 14:45:35.240000000,10809.0,2.0,2018-08-28,2018-08-28 08:49:28.576,8,48,55,8.815278,
,2018-08-28 08:53:03,6093009.0,8850.0,,,78.0,TDM 9,4.66,2018-08-30 14:45:35.247000000,10809.0,2.0,2018-08-28,2018-08-28 08:53:50.720,8,53,3,8.884167,
,2018-08-28 09:06:02,6093008.0,3000.0,,,78.0,TDM 9,1.59,2018-08-30 14:45:35.253000000,10809.0,2.0,2018-08-28,2018-08-28 09:06:57.152,9,6,2,9.100555,
,2018-08-23 08:35:28,304084.0,3000.0,,,101.0,TDM 32,1.59,2018-08-30 14:49:23.527000000,10810.0,2.0,2018-08-23,2018-08-23 08:36:08.832,8,35,28,8.591111,
,2018-08-24 07:36:01,573039.0,2000.0,,,101.0,TDM 32,1.06,2018-08-30 14:49:23.533000000,10810.0,2.0,2018-08-24,2018-08-24 07:36:46.336,7,36,1,7.600278,
,2018-08-24 08:43:12,573079.0,2500.0,,,101.0,TDM 32,1.32,2018-08-30 14:49:23.540000000,10810.0,2.0,2018-08-24,2018-08-24 08:42:18.496,8,43,12,8.72,
,2018-08-24 09:06:24,573115.0,2500.0,,,101.0,TDM 32,1.32,2018-08-30 14:49:23.547000000,10810.0,2.0,2018-08-24,2018-08-24 09:06:20.288,9,6,24,9.106667,
,2018-08-27 07:10:37,304018.0,2000.0,,,101.0,TDM 32,1.06,2018-08-30 14:49:23.550000000,10810.0,2.0,2018-08-27,2018-08-27 07:11:33.888,7,10,37,7.1769443,
,2018-08-27 07:33:11,304047.0,3000.0,,,101.0,TDM 32,1.59,2018-08-30 14:49:23.557000000,10810.0,2.0,2018-08-27,2018-08-27 07:33:24.608,7,33,11,7.553056,
,2018-08-27 08:27:43,304029.0,2000.0,,,101.0,TDM 32,1.06,2018-08-30 14:49:23.563000000,10810.0,2.0,2018-08-27,2018-08-27 08:28:01.408,8,27,43,8.461945,
,2018-08-28 07:57:25,573056.0,3000.0,,,101.0,TDM 32,1.59,2018-08-30 14:49:23.570000000,10810.0,2.0,2018-08-28,2018-08-28 07:57:02.848,7,57,25,7.9569445,
,2018-08-28 07:59:50,573056.0,3000.0,,,101.0,TDM 32,1.59,2018-08-30 14:49:23.577000000,10810.0,2.0,2018-08-28,2018-08-28 07:59:13.920,7,59,50,7.9972224,
,2018-08-28 08:07:41,573058.0,2000.0,,,101.0,TDM 32,1.06,2018-08-30 14:49:23.580000000,10810.0,2.0,2018-08-28,2018-08-28 08:07:58.208,8,7,41,8.128056,
,2018-08-30 07:43:12,573055.0,2500.0,,,101.0,TDM 32,1.32,2018-08-30 14:49:23.587000000,10810.0,2.0,2018-08-30,2018-08-30 07:43:09.312,7,43,12,7.72,
,2018-08-30 07:54:13,573065.0,2500.0,,,101.0,TDM 32,1.32,2018-08-30 14:49:23.593000000,10810.0,2.0,2018-08-30,2018-08-30 07:54:04.672,7,54,13,7.903611,
,2018-08-30 08:14:19,573085.0,1500.0,,,101.0,TDM 32,0.79,2018-08-30 14:49:23.600000000,10810.0,2.0,2018-08-30,2018-08-30 08:13:44.320,8,14,19,8.238611,
,2018-08-21 07:04:15,337002.0,3000.0,,,123.0,TDM 53,1.59,2018-08-30 14:53:38.170000000,10811.0,2.0,2018-08-21,2018-08-21 07:05:10.912,7,4,15,7.070833,
,2018-08-21 07:23:33,337029.0,3000.0,,,123.0,TDM 53,1.59,2018-08-30 14:53:38.180000000,10811.0,2.0,2018-08-21,2018-08-21 07:22:39.488,7,23,33,7.3925,
,2018-08-22 08:18:27,337149.0,1500.0,,,123.0,TDM 53,0.79,2018-08-30 14:53:38.187000000,10811.0,2.0,2018-08-22,2018-08-22 08:19:03.808,8,18,27,8.3075,
,2018-08-24 07:26:42,337035.0,2500.0,,,123.0,TDM 53,1.32,2018-08-30 14:53:38.193000000,10811.0,2.0,2018-08-24,2018-08-24 07:25:50.976,7,26,42,7.445,
,2018-08-24 11:17:39,208999.0,0.0,,,123.0,TDM 53,999.0,2018-08-30 14:53:38.200000000,10811.0,2.0,2018-08-24,2018-08-24 11:17:24.608,11,17,39,11.294167,
,2018-08-24 11:22:09,337035.0,2500.0,,,123.0,TDM 53,1.32,2018-08-30 14:53:38.207000000,10811.0,2.0,2018-08-24,2018-08-24 11:21:46.752,11,22,9,11.369166,
,2018-08-27 06:42:04,360039.0,1500.0,,,123.0,TDM 53,0.79,2018-08-30 14:53:38.210000000,10811.0,2.0,2018-08-27,2018-08-27 06:40:58.880,6,42,4,6.7011113,
,2018-08-27 07:25:43,360042.0,13250.0,,,123.0,TDM 53,6.99,2018-08-30 14:53:38.217000000,10811.0,2.0,2018-08-27,2018-08-27 07:24:40.320,7,25,43,7.4286113,
,2018-08-28 06:35:19,360025.0,8850.0,,,123.0,TDM 53,4.66,2018-08-30 14:53:38.223000000,10811.0,2.0,2018-08-28,2018-08-28 06:36:13.184,6,35,19,6.588611,
,2018-08-28 07:44:16,337007.0,1500.0,,,123.0,TDM 53,0.79,2018-08-30 14:53:38.230000000,10811.0,2.0,2018-08-28,2018-08-28 07:43:56.416,7,44,16,7.7377777,
,2018-08-28 08:17:32,337068.0,1500.0,,,123.0,TDM 53,0.79,2018-08-30 14:53:38.237000000,10811.0,2.0,2018-08-28,2018-08-28 08:16:42.496,8,17,32,8.292222,
,2018-08-28 09:02:15,337167.0,3000.0,,,123.0,TDM 53,1.59,2018-08-30 14:53:38.240000000,10811.0,2.0,2018-08-28,2018-08-28 09:02:35.008,9,2,15,9.0375,
,2018-08-29 07:07:36,337033.0,2000.0,,,123.0,TDM 53,1.06,2018-08-30 14:53:38.247000000,10811.0,2.0,2018-08-29,2018-08-29 07:08:35.712,7,7,36,7.1266665,
,2018-08-30 07:04:41,337005.0,1500.0,,,123.0,TDM 53,0.79,2018-08-30 14:53:38.253000000,10811.0,2.0,2018-08-30,2018-08-30 07:03:50.016,7,4,41,7.0780554,
,2018-08-30 07:35:42,337118.0,2000.0,,,123.0,TDM 53,1.06,2018-08-30 14:53:38.260000000,10811.0,2.0,2018-08-30,2018-08-30 07:36:36.096,7,35,42,7.595,
,2018-08-30 07:57:34,337183.0,2500.0,,,123.0,TDM 53,1.32,2018-08-30 14:53:38.267000000,10811.0,2.0,2018-08-30,2018-08-30 07:58:26.816,7,57,34,7.9594445,
,2018-08-29 08:19:37,635123.0,3000.0,,,120.0,TDM 50,1.59,2018-08-30 14:57:27.327000000,10812.0,2.0,2018-08-29,2018-08-29 08:20:41.088,8,19,37,8.326944,
,2018-08-29 08:22:34,635123.0,3000.0,,,120.0,TDM 50,1.59,2018-08-30 14:57:27.340000000,10812.0,2.0,2018-08-29,2018-08-29 08:22:52.160,8,22,34,8.376111,
,2018-08-30 07:58:43,635123.0,3000.0,,,120.0,TDM 50,1.59,2018-08-30 14:57:27.343000000,10812.0,2.0,2018-08-30,2018-08-30 07:58:26.816,7,58,43,7.978611,
,2018-08-27 11:09:59,611024.0,2000.0,,,100.0,TDM 31,1.06,2018-08-30 15:05:34.067000000,10813.0,2.0,2018-08-27,2018-08-27 11:09:40.736,11,9,59,11.1663885,
,2018-08-28 08:13:25,657051.0,1500.0,,,100.0,TDM 31,0.79,2018-08-30 15:05:34.080000000,10813.0,2.0,2018-08-28,2018-08-28 08:12:20.352,8,13,25,8.223611,
,2018-08-28 08:31:39,657068.0,3000.0,,,100.0,TDM 31,1.59,2018-08-30 15:05:34.087000000,10813.0,2.0,2018-08-28,2018-08-28 08:32:00.000,8,31,39,8.5275,
,2018-08-29 12:41:34,208001.0,8850.0,,,100.0,TDM 31,4.66,2018-08-30 15:05:34.100000000,10813.0,2.0,2018-08-29,2018-08-29 12:40:38.656,12,41,34,12.692778,
,2018-08-29 13:07:48,208001.0,8850.0,,,100.0,TDM 31,4.66,2018-08-30 15:05:34.110000000,10813.0,2.0,2018-08-29,2018-08-29 13:06:51.520,13,7,48,13.13,
,2018-08-29 13:16:05,208002.0,3000.0,,,100.0,TDM 31,1.59,2018-08-30 15:05:34.117000000,10813.0,2.0,2018-08-29,2018-08-29 13:15:35.808,13,16,5,13.268056,
,2018-08-29 13:20:17,208001.0,1500.0,,,100.0,TDM 31,0.79,2018-08-30 15:05:34.123000000,10813.0,2.0,2018-08-29,2018-08-29 13:19:57.952,13,20,17,13.338056,
,2018-08-29 14:14:25,208003.0,8850.0,,,100.0,TDM 31,4.66,2018-08-30 15:05:34.130000000,10813.0,2.0,2018-08-29,2018-08-29 14:14:34.752,14,14,25,14.240278,
,2018-08-29 14:31:50,208006.0,2000.0,,,100.0,TDM 31,1.06,2018-08-30 15:05:34.140000000,10813.0,2.0,2018-08-29,2018-08-29 14:32:03.328,14,31,50,14.530556,
,2018-08-14 10:52:15,527102.0,1500.0,,,93.0,TDM 24,0.79,2018-08-30 15:16:58.493000000,10814.0,2.0,2018-08-14,2018-08-14 10:52:56.192,10,52,15,10.870833,
,2018-08-14 18:08:15,208001.0,1500.0,,,93.0,TDM 24,0.79,2018-08-30 15:16:58.500000000,10814.0,2.0,2018-08-14,2018-08-14 18:07:39.520,18,8,15,18.1375,
,2018-08-14 18:10:04,208001.0,1500.0,,,93.0,TDM 24,0.79,2018-08-30 15:16:58.507000000,10814.0,2.0,2018-08-14,2018-08-14 18:09:50.592,18,10,4,18.167778,
,2018-08-15 18:23:11,208001.0,0.0,,,93.0,TDM 24,999.0,2018-08-30 15:16:58.513000000,10814.0,2.0,2018-08-15,2018-08-15 18:22:33.472,18,23,11,18.386389,
,2018-08-17 08:49:46,527058.0,2000.0,,,93.0,TDM 24,1.06,2018-08-30 15:16:58.520000000,10814.0,2.0,2018-08-17,2018-08-17 08:49:25.504,8,49,46,8.829445,
,2018-08-17 10:00:16,527088.0,1500.0,,,93.0,TDM 24,0.79,2018-08-30 15:16:58.523000000,10814.0,2.0,2018-08-17,2018-08-17 09:59:19.808,10,0,16,10.004444,
,2018-08-18 09:40:33,562022.0,2500.0,,,93.0,TDM 24,1.32,2018-08-30 15:16:58.530000000,10814.0,2.0,2018-08-18,2018-08-18 09:41:27.680,9,40,33,9.675834,
,2018-08-21 08:31:58,562027.0,11050.0,,,93.0,TDM 24,5.82,2018-08-30 15:16:58.537000000,10814.0,2.0,2018-08-21,2018-08-21 08:32:33.792,8,31,58,8.532778,
,2018-08-24 09:47:32,527047.0,2000.0,,,93.0,TDM 24,1.06,2018-08-30 15:16:58.543000000,10814.0,2.0,2018-08-24,2018-08-24 09:47:50.656,9,47,32,9.792222,
,2018-08-27 10:19:40,527086.0,2000.0,,,93.0,TDM 24,1.06,2018-08-30 15:16:58.553000000,10814.0,2.0,2018-08-27,2018-08-27 10:19:26.080,10,19,40,10.327778,
,2018-08-28 08:44:49,562016.0,2500.0,,,93.0,TDM 24,1.32,2018-08-30 15:16:58.560000000,10814.0,2.0,2018-08-28,2018-08-28 08:45:06.432,8,44,49,8.746944,
,2018-08-21 07:44:10,369024.0,1500.0,,,107.0,TDM 37,0.79,2018-08-31 13:03:55.550000000,10815.0,2.0,2018-08-21,2018-08-21 07:44:30.208,7,44,10,7.736111,
,2018-08-23 08:16:31,369134.0,2000.0,,,107.0,TDM 37,1.06,2018-08-31 13:03:55.560000000,10815.0,2.0,2018-08-23,2018-08-23 08:16:29.184,8,16,31,8.275278,
,2018-08-27 08:06:43,369076.0,1500.0,,,107.0,TDM 37,0.79,2018-08-31 13:03:55.563000000,10815.0,2.0,2018-08-27,2018-08-27 08:06:10.688,8,6,43,8.111944,
,2018-08-30 07:15:16,369128.0,2000.0,,,107.0,TDM 37,1.06,2018-08-31 13:03:55.570000000,10815.0,2.0,2018-08-30,2018-08-30 07:14:45.376,7,15,16,7.2544446,
,2018-08-30 11:23:39,369060.0,13250.0,,,107.0,TDM 37,6.99,2018-08-31 13:03:55.577000000,10815.0,2.0,2018-08-30,2018-08-30 11:23:47.584,11,23,39,11.394167,
,2018-08-29 06:43:59,204038.0,1500.0,,,96.0,TDM 27,0.79,2018-08-31 13:07:43.093000000,10816.0,2.0,2018-08-29,2018-08-29 06:44:33.920,6,43,59,6.7330556,
,2018-08-29 07:06:26,204101.0,1500.0,,,96.0,TDM 27,0.79,2018-08-31 13:07:43.110000000,10816.0,2.0,2018-08-29,2018-08-29 07:06:24.640,7,6,26,7.107222,
,2018-08-25 06:44:00,626024.0,3000.0,,,116.0,TDM 46,1.59,2018-08-31 13:17:40.490000000,10817.0,2.0,2018-08-25,2018-08-25 06:43:57.056,6,44,0,6.733333,
,2018-08-25 07:22:04,626007.0,1500.0,,,116.0,TDM 46,0.79,2018-08-31 13:17:40.500000000,10817.0,2.0,2018-08-25,2018-08-25 07:21:05.280,7,22,4,7.367778,
,2018-08-25 07:54:20,619037.0,11050.0,,,116.0,TDM 46,5.82,2018-08-31 13:17:40.503000000,10817.0,2.0,2018-08-25,2018-08-25 07:53:51.360,7,54,20,7.9055557,
,2018-08-25 08:14:11,619104.0,1500.0,,,116.0,TDM 46,0.79,2018-08-31 13:17:40.510000000,10817.0,2.0,2018-08-25,2018-08-25 08:13:31.008,8,14,11,8.236389,
,2018-08-31 07:51:29,626073.0,1500.0,,,116.0,TDM 46,0.79,2018-08-31 13:17:40.517000000,10817.0,2.0,2018-08-31,2018-08-31 07:51:30.048,7,51,29,7.8580556,
,2018-08-31 08:05:18,619113.0,2500.0,,,116.0,TDM 46,1.32,2018-08-31 13:17:40.523000000,10817.0,2.0,2018-08-31,2018-08-31 08:04:36.480,8,5,18,8.088333,
,2018-08-24 08:26:11,577002.0,3000.0,,,70.0,TDM 1,1.59,2018-08-31 13:24:31.630000000,10818.0,2.0,2018-08-24,2018-08-24 08:27:00.992,8,26,11,8.436389,
,2018-08-24 10:00:57,577010.0,3000.0,,,70.0,TDM 1,1.59,2018-08-31 13:24:31.637000000,10818.0,2.0,2018-08-24,2018-08-24 10:00:57.088,10,0,57,10.015833,
,2018-08-24 10:02:55,577010.0,3000.0,,,70.0,TDM 1,1.59,2018-08-31 13:24:31.643000000,10818.0,2.0,2018-08-24,2018-08-24 10:03:08.160,10,2,55,10.048611,
,2018-08-24 11:33:43,208999.0,0.0,,,70.0,TDM 1,9991.0,2018-08-31 13:24:31.650000000,10818.0,2.0,2018-08-24,2018-08-24 11:32:42.112,11,33,43,11.561944,
,2018-08-27 07:43:30,577082.0,1500.0,,,70.0,TDM 1,0.79,2018-08-31 13:24:31.653000000,10818.0,2.0,2018-08-27,2018-08-27 07:44:19.968,7,43,30,7.725,
,2018-08-27 07:52:53,577078.0,2500.0,,,70.0,TDM 1,1.32,2018-08-31 13:24:31.660000000,10818.0,2.0,2018-08-27,2018-08-27 07:53:04.256,7,52,53,7.8813887,
,2018-08-27 08:02:20,577060.0,1500.0,,,70.0,TDM 1,0.79,2018-08-31 13:24:31.667000000,10818.0,2.0,2018-08-27,2018-08-27 08:01:48.544,8,2,20,8.038889,
,2018-08-27 08:47:13,577009.0,1500.0,,,70.0,TDM 1,0.79,2018-08-31 13:24:31.673000000,10818.0,2.0,2018-08-27,2018-08-27 08:47:41.056,8,47,13,8.786944,
,2018-08-27 09:07:44,577020.0,2000.0,,,70.0,TDM 1,1.06,2018-08-31 13:24:31.680000000,10818.0,2.0,2018-08-27,2018-08-27 09:07:20.704,9,7,44,9.128889,
,2018-08-27 09:17:27,577010.0,3000.0,,,70.0,TDM 1,1.59,2018-08-31 13:24:31.683000000,10818.0,2.0,2018-08-27,2018-08-27 09:18:16.064,9,17,27,9.290833,
,2018-08-27 09:22:31,577014.0,2500.0,,,70.0,TDM 1,1.32,2018-08-31 13:24:31.697000000,10818.0,2.0,2018-08-27,2018-08-27 09:22:38.208,9,22,31,9.3752775,
,2018-08-29 08:24:11,577046.0,2500.0,,,70.0,TDM 1,1.32,2018-08-31 13:24:31.703000000,10818.0,2.0,2018-08-29,2018-08-29 08:25:03.232,8,24,11,8.403055,
,2018-08-29 08:51:54,577061.0,2500.0,,,70.0,TDM 1,1.32,2018-08-31 13:24:31.710000000,10818.0,2.0,2018-08-29,2018-08-29 08:51:16.096,8,51,54,8.865,
,2018-08-29 09:44:48,577066.0,1500.0,,,70.0,TDM 1,0.79,2018-08-31 13:24:31.713000000,10818.0,2.0,2018-08-29,2018-08-29 09:45:52.896,9,44,48,9.746667,
,2018-08-24 12:46:43,5650070.0,6650.0,,,118.0,TDM 48,3.49,2018-08-31 13:28:29.023000000,10819.0,2.0,2018-08-24,2018-08-24 12:46:58.560,12,46,43,12.778611,
,2018-08-25 10:38:04,208999.0,0.0,,,118.0,TDM 48,999.0,2018-08-31 13:28:29.037000000,10819.0,2.0,2018-08-25,2018-08-25 10:37:41.760,10,38,4,10.634444,
,2018-08-28 08:18:00,507148.0,2500.0,,,118.0,TDM 48,1.32,2018-08-31 13:28:29.043000000,10819.0,2.0,2018-08-28,2018-08-28 08:18:53.568,8,18,0,8.3,
,2018-08-28 11:51:56,557083.0,6650.0,,,90.0,TDM 21,3.49,2018-08-31 13:36:36.850000000,10820.0,2.0,2018-08-28,2018-08-28 11:52:58.624,11,51,56,11.865556,
,2018-08-31 13:47:13,557002.0,2500.0,,,90.0,TDM 21,1.32,2018-08-31 13:36:36.860000000,10820.0,2.0,2018-08-31,2018-08-31 13:47:34.784,13,47,13,13.786944,
,2018-08-24 09:34:35,208999.0,0.0,,,73.0,TDM 4,9994.0,2018-09-01 12:46:53.167000000,10821.0,2.0,2018-08-24,2018-08-24 09:34:44.224,9,34,35,9.576389,
,2018-08-27 09:50:23,6104002.0,3000.0,,,73.0,TDM 4,1.59,2018-09-01 12:46:53.180000000,10821.0,2.0,2018-08-27,2018-08-27 09:51:02.144,9,50,23,9.839723,
,2018-08-27 10:08:08,6104124.0,1500.0,,,73.0,TDM 4,0.79,2018-09-01 12:46:53.183000000,10821.0,2.0,2018-08-27,2018-08-27 10:08:30.720,10,8,8,10.135555,
,2018-08-28 10:39:10,99999999.0,0.0,,,73.0,TDM 4,9994.0,2018-09-01 12:46:53.190000000,10821.0,2.0,2018-08-28,2018-08-28 10:38:42.176,10,39,10,10.652778,
,2018-08-29 11:44:58,6104006.0,2000.0,,,73.0,TDM 4,1.06,2018-09-01 12:46:53.197000000,10821.0,2.0,2018-08-29,2018-08-29 11:46:01.856,11,44,58,11.749444,
,2018-08-29 12:29:45,6104161.0,3000.0,,,73.0,TDM 4,1.59,2018-09-01 12:46:53.203000000,10821.0,2.0,2018-08-29,2018-08-29 12:29:43.296,12,29,45,12.495833,
,2018-08-29 12:42:14,6104168.0,2500.0,,,73.0,TDM 4,1.32,2018-09-01 12:46:53.210000000,10821.0,2.0,2018-08-29,2018-08-29 12:42:49.728,12,42,14,12.703889,
,2018-08-28 08:27:45,661002.0,2000.0,,,102.0,TDM 33,1.06,2018-09-03 13:09:59.997000000,10822.0,2.0,2018-08-28,2018-08-28 08:27:37.856,8,27,45,8.4625,
,2018-08-28 08:35:54,661003.0,2000.0,,,102.0,TDM 33,1.06,2018-09-03 13:10:00,10822.0,2.0,2018-08-28,2018-08-28 08:36:22.144,8,35,54,8.598333,
,2018-08-29 09:45:32,661111.0,2500.0,,,102.0,TDM 33,1.32,2018-09-03 13:10:00.007000000,10822.0,2.0,2018-08-29,2018-08-29 09:45:52.896,9,45,32,9.758889,
,2018-08-31 07:57:48,661091.0,2500.0,,,102.0,TDM 33,1.32,2018-09-03 13:10:00.013000000,10822.0,2.0,2018-08-31,2018-08-31 07:58:03.264,7,57,48,7.963333,
,2018-08-31 08:52:21,661150.0,2000.0,,,102.0,TDM 33,1.06,2018-09-03 13:10:00.020000000,10822.0,2.0,2018-08-31,2018-08-31 08:52:40.064,8,52,21,8.8725,
,2018-09-01 07:20:17,661079.0,2500.0,,,102.0,TDM 33,1.32,2018-09-03 13:10:00.027000000,10822.0,2.0,2018-09-01,2018-09-01 07:20:31.488,7,20,17,7.3380556,
,2018-09-01 07:31:36,661079.0,2500.0,,,102.0,TDM 33,1.32,2018-09-03 13:10:00.030000000,10822.0,2.0,2018-09-01,2018-09-01 07:31:26.848,7,31,36,7.5266666,
,2018-09-01 08:34:27,661108.0,2000.0,,,102.0,TDM 33,1.06,2018-09-03 13:10:00.037000000,10822.0,2.0,2018-09-01,2018-09-01 08:34:47.936,8,34,27,8.574166,
,2018-09-01 12:05:20,661159.0,1500.0,,,102.0,TDM 33,0.79,2018-09-03 13:10:00.043000000,10822.0,2.0,2018-09-01,2018-09-01 12:04:30.848,12,5,20,12.088889,
,2018-09-01 12:33:36,661108.0,2000.0,,,102.0,TDM 33,1.06,2018-09-03 13:10:00.050000000,10822.0,2.0,2018-09-01,2018-09-01 12:32:54.784,12,33,36,12.56,
,2018-09-01 13:23:20,661163.0,2000.0,,,102.0,TDM 33,1.06,2018-09-03 13:10:00.057000000,10822.0,2.0,2018-09-01,2018-09-01 13:23:09.440,13,23,20,13.388889,
,2018-09-01 13:39:34,661131.0,2000.0,,,102.0,TDM 33,1.06,2018-09-03 13:10:00.060000000,10822.0,2.0,2018-09-01,2018-09-01 13:40:38.016,13,39,34,13.659445,
,2018-09-02 11:10:32,661099.0,2500.0,,,102.0,TDM 33,1.32,2018-09-03 13:10:00.087000000,10822.0,2.0,2018-09-02,2018-09-02 11:09:30.496,11,10,32,11.175555,
,2018-08-31 11:20:06,689061.0,1500.0,,,85.0,TDM 16,0.79,2018-09-07 12:55:56.093000000,10824.0,2.0,2018-08-31,2018-08-31 11:19:01.888,11,20,6,11.335,
,2018-08-31 11:44:00,689069.0,2500.0,,,85.0,TDM 16,1.32,2018-09-07 12:55:56.107000000,10824.0,2.0,2018-08-31,2018-08-31 11:43:03.680,11,44,0,11.733334,
,2018-09-01 07:45:12,353029.0,3000.0,,,85.0,TDM 16,1.59,2018-09-07 12:55:56.110000000,10824.0,2.0,2018-09-01,2018-09-01 07:44:33.280,7,45,12,7.7533336,
,2018-09-01 08:35:22,353054.0,1500.0,,,85.0,TDM 16,0.79,2018-09-07 12:55:56.117000000,10824.0,2.0,2018-09-01,2018-09-01 08:34:47.936,8,35,22,8.589444,
,2018-09-01 08:38:09,353054.0,1500.0,,,85.0,TDM 16,0.79,2018-09-07 12:55:56.123000000,10824.0,2.0,2018-09-01,2018-09-01 08:39:10.080,8,38,9,8.635834,
,2018-09-01 10:08:58,689003.0,11050.0,,,85.0,TDM 16,5.82,2018-09-07 12:55:56.130000000,10824.0,2.0,2018-09-01,2018-09-01 10:08:44.032,10,8,58,10.149445,
,2018-09-05 08:41:52,689052.0,1500.0,,,85.0,TDM 16,0.79,2018-09-07 12:55:56.137000000,10824.0,2.0,2018-09-05,2018-09-05 08:41:58.016,8,41,52,8.697778,
,2018-09-05 09:00:07,689033.0,2500.0,,,85.0,TDM 16,1.32,2018-09-07 12:55:56.140000000,10824.0,2.0,2018-09-05,2018-09-05 08:59:26.592,9,0,7,9.001945,
,2018-09-06 08:48:59,689014.0,2500.0,,,85.0,TDM 16,1.32,2018-09-07 12:55:56.147000000,10824.0,2.0,2018-09-06,2018-09-06 08:48:07.680,8,48,59,8.816389,
,2018-09-06 10:34:39,689038.0,3000.0,,,85.0,TDM 16,1.59,2018-09-07 12:55:56.153000000,10824.0,2.0,2018-09-06,2018-09-06 10:35:10.208,10,34,39,10.5775,
,2018-09-03 07:41:57,233119.0,3000.0,,,88.0,TDM 19,1.59,2018-09-07 12:58:53.983000000,10825.0,2.0,2018-09-03,2018-09-03 07:41:35.104,7,41,57,7.699167,
,2018-09-04 06:50:23,233109.0,1500.0,,,88.0,TDM 19,0.79,2018-09-07 12:58:53.990000000,10825.0,2.0,2018-09-04,2018-09-04 06:50:56.896,6,50,23,6.839722,
,2018-09-04 06:55:23,233117.0,1500.0,,,88.0,TDM 19,0.79,2018-09-07 12:58:53.997000000,10825.0,2.0,2018-09-04,2018-09-04 06:55:19.040,6,55,23,6.9230556,
,2018-09-04 06:56:41,233117.0,1500.0,,,88.0,TDM 19,0.79,2018-09-07 12:58:54.017000000,10825.0,2.0,2018-09-04,2018-09-04 06:57:30.112,6,56,41,6.944722,
,2018-09-03 06:29:39,236017.0,1500.0,,,77.0,TDM 8,0.79,2018-09-07 13:01:59.347000000,10826.0,2.0,2018-09-03,2018-09-03 06:29:29.728,6,29,39,6.494167,
,2018-09-06 06:20:52,236282.0,2500.0,,,77.0,TDM 8,1.32,2018-09-07 13:01:59.357000000,10826.0,2.0,2018-09-06,2018-09-06 06:21:45.856,6,20,52,6.347778,
,2018-09-06 07:04:19,236017.0,1500.0,,,77.0,TDM 8,0.79,2018-09-07 13:01:59.363000000,10826.0,2.0,2018-09-06,2018-09-06 07:03:16.224,7,4,19,7.071944,
,2018-09-06 07:15:05,236013.0,1500.0,,,77.0,TDM 8,0.79,2018-09-07 13:01:59.370000000,10826.0,2.0,2018-09-06,2018-09-06 07:14:11.584,7,15,5,7.251389,
,2018-09-07 07:11:37,236008.0,2000.0,,,77.0,TDM 8,1.06,2018-09-07 13:01:59.380000000,10826.0,2.0,2018-09-07,2018-09-07 07:11:36.960,7,11,37,7.193611,
,2018-09-01 15:32:49,558020.0,11050.0,,,80.0,TDM11,5.82,2018-09-07 13:05:28.993000000,10827.0,2.0,2018-09-01,2018-09-01 15:32:02.688,15,32,49,15.546945,
,2018-09-03 07:52:02,558095.0,3000.0,,,80.0,TDM11,1.59,2018-09-07 13:05:29.010000000,10827.0,2.0,2018-09-03,2018-09-03 07:52:30.464,7,52,2,7.8672223,
,2018-09-03 08:04:09,558128.0,2500.0,,,80.0,TDM11,1.32,2018-09-07 13:05:29.017000000,10827.0,2.0,2018-09-03,2018-09-03 08:03:25.824,8,4,9,8.069167,
,2018-09-03 09:48:34,558046.0,6650.0,,,80.0,TDM11,3.49,2018-09-07 13:05:29.023000000,10827.0,2.0,2018-09-03,2018-09-03 09:48:17.280,9,48,34,9.809444,
,2018-09-01 09:28:06,518089.0,1500.0,,,124.0,TDM 54,0.79,2018-09-07 13:08:36.220000000,10828.0,2.0,2018-09-01,2018-09-01 09:27:13.664,9,28,6,9.468333,
,2018-09-01 09:46:01,518030.0,2000.0,,,124.0,TDM 54,1.06,2018-09-07 13:08:36.227000000,10828.0,2.0,2018-09-01,2018-09-01 09:46:53.312,9,46,1,9.766945,
,2018-09-04 08:55:52,518243.0,2000.0,,,124.0,TDM 54,1.06,2018-09-07 13:08:36.230000000,10828.0,2.0,2018-09-04,2018-09-04 08:55:28.000,8,55,52,8.931111,
,2018-09-04 09:11:51,518237.0,3000.0,,,124.0,TDM 54,1.59,2018-09-07 13:08:36.237000000,10828.0,2.0,2018-09-04,2018-09-04 09:10:45.504,9,11,51,9.1975,
,2018-09-04 09:22:41,518230.0,2000.0,,,124.0,TDM 54,1.06,2018-09-07 13:08:36.257000000,10828.0,2.0,2018-09-04,2018-09-04 09:21:40.864,9,22,41,9.378056,
,2018-09-04 09:37:00,518066.0,2000.0,,,124.0,TDM 54,1.06,2018-09-07 13:08:36.260000000,10828.0,2.0,2018-09-04,2018-09-04 09:36:58.368,9,37,0,9.616667,
,2018-09-04 10:16:23,518160.0,2500.0,,,124.0,TDM 54,1.32,2018-09-07 13:08:36.267000000,10828.0,2.0,2018-09-04,2018-09-04 10:16:17.664,10,16,23,10.273056,
,2018-09-05 09:28:59,542028.0,3000.0,,,124.0,TDM 54,1.59,2018-09-07 13:08:36.273000000,10828.0,2.0,2018-09-05,2018-09-05 09:30:01.600,9,28,59,9.483055,
,2018-09-05 10:03:25,542067.0,2000.0,,,124.0,TDM 54,1.06,2018-09-07 13:08:36.280000000,10828.0,2.0,2018-09-05,2018-09-05 10:02:47.680,10,3,25,10.056945,
,2018-09-06 09:33:59,518048.0,13250.0,,,124.0,TDM 54,6.99,2018-09-07 13:08:36.287000000,10828.0,2.0,2018-09-06,2018-09-06 09:34:00.192,9,33,59,9.566389,
,2018-09-06 09:44:53,518117.0,6650.0,,,124.0,TDM 54,3.49,2018-09-07 13:08:36.290000000,10828.0,2.0,2018-09-06,2018-09-06 09:44:55.552,9,44,53,9.748055,
,2018-09-06 09:46:32,518117.0,6650.0,,,124.0,TDM 54,3.49,2018-09-07 13:08:36.297000000,10828.0,2.0,2018-09-06,2018-09-06 09:47:06.624,9,46,32,9.775556,
,2018-09-06 10:08:12,518142.0,3000.0,,,124.0,TDM 54,1.59,2018-09-07 13:08:36.303000000,10828.0,2.0,2018-09-06,2018-09-06 10:08:57.344,10,8,12,10.136666,
,2018-09-06 10:27:47,518014.0,1500.0,,,124.0,TDM 54,0.79,2018-09-07 13:08:36.310000000,10828.0,2.0,2018-09-06,2018-09-06 10:28:36.992,10,27,47,10.463056,
,2018-09-06 10:30:33,518156.0,2500.0,,,124.0,TDM 54,1.32,2018-09-07 13:08:36.317000000,10828.0,2.0,2018-09-06,2018-09-06 10:30:48.064,10,30,33,10.509167,
,2018-09-07 09:45:35,518227.0,13250.0,,,124.0,TDM 54,6.99,2018-09-07 13:08:36.320000000,10828.0,2.0,2018-09-07,2018-09-07 09:44:32.000,9,45,35,9.759722,
,2018-09-07 10:14:32,518155.0,1500.0,,,124.0,TDM 54,0.79,2018-09-07 13:08:36.327000000,10828.0,2.0,2018-09-07,2018-09-07 10:15:07.008,10,14,32,10.242222,
,2018-09-01 09:14:47,562007.0,3000.0,,,93.0,TDM 24,1.59,2018-09-07 13:11:21.167000000,10829.0,2.0,2018-09-01,2018-09-01 09:14:07.232,9,14,47,9.246388,
,2018-09-04 10:29:43,562036.0,1500.0,,,93.0,TDM 24,0.79,2018-09-07 13:11:21.180000000,10829.0,2.0,2018-09-04,2018-09-04 10:29:24.096,10,29,43,10.495277,
,2018-09-04 10:34:53,562002.0,2000.0,,,93.0,TDM 24,1.06,2018-09-07 13:11:21.183000000,10829.0,2.0,2018-09-04,2018-09-04 10:35:57.312,10,34,53,10.581388,
,2018-09-07 07:46:25,562002.0,2000.0,,,93.0,TDM 24,1.06,2018-09-07 13:11:21.190000000,10829.0,2.0,2018-09-07,2018-09-07 07:46:34.112,7,46,25,7.773611,
,2018-09-04 07:04:33,304001.0,3000.0,,,101.0,TDM 32,1.59,2018-09-07 13:18:02,10830.0,2.0,2018-09-04,2018-09-04 07:04:03.328,7,4,33,7.0758333,
,2018-09-04 08:34:54,611032.0,2000.0,,,98.0,TDM 29,1.06,2018-09-07 13:23:05.833000000,10831.0,2.0,2018-09-04,2018-09-04 08:35:48.352,8,34,54,8.581667,
,2018-09-05 09:30:12,657067.0,3000.0,,,98.0,TDM 29,1.59,2018-09-07 13:23:05.850000000,10831.0,2.0,2018-09-05,2018-09-05 09:30:01.600,9,30,12,9.503333,
,2018-09-06 08:49:28,611028.0,2000.0,,,98.0,TDM 29,1.06,2018-09-07 13:23:05.857000000,10831.0,2.0,2018-09-06,2018-09-06 08:50:18.752,8,49,28,8.824445,
,2018-09-01 06:59:27,502018.0,3000.0,,,81.0,TDM 12,1.59,2018-09-07 13:28:00.147000000,10832.0,2.0,2018-09-01,2018-09-01 06:58:40.768,6,59,27,6.9908333,
,2018-09-01 14:04:02,216046.0,2000.0,,,81.0,TDM 12,1.06,2018-09-07 13:28:00.157000000,10832.0,2.0,2018-09-01,2018-09-01 14:04:39.808,14,4,2,14.067223,
,2018-09-01 14:57:20,216055.0,1500.0,,,81.0,TDM 12,0.79,2018-09-07 13:28:00.163000000,10832.0,2.0,2018-09-01,2018-09-01 14:57:05.536,14,57,20,14.955556,
,2018-09-01 15:14:14,216081.0,2500.0,,,81.0,TDM 12,1.32,2018-09-07 13:28:00.170000000,10832.0,2.0,2018-09-01,2018-09-01 15:14:34.112,15,14,14,15.237223,
,2018-09-01 15:26:21,216060.0,1500.0,,,81.0,TDM 12,0.79,2018-09-07 13:28:00.173000000,10832.0,2.0,2018-09-01,2018-09-01 15:25:29.472,15,26,21,15.439167,
,2018-09-01 15:59:00,216141.0,2000.0,,,81.0,TDM 12,1.06,2018-09-07 13:28:00.180000000,10832.0,2.0,2018-09-01,2018-09-01 15:58:15.552,15,59,0,15.983334,
,2018-09-01 16:12:38,216108.0,1500.0,,,81.0,TDM 12,0.79,2018-09-07 13:28:00.187000000,10832.0,2.0,2018-09-01,2018-09-01 16:13:33.056,16,12,38,16.210556,
,2018-09-01 16:23:45,216111.0,3000.0,,,81.0,TDM 12,1.59,2018-09-07 13:28:00.193000000,10832.0,2.0,2018-09-01,2018-09-01 16:24:28.416,16,23,45,16.395834,
,2018-09-03 10:37:40,216001.0,1500.0,,,81.0,TDM 12,0.79,2018-09-07 13:28:00.200000000,10832.0,2.0,2018-09-03,2018-09-03 10:38:31.936,10,37,40,10.627778,
,2018-09-03 12:24:14,216067.0,1500.0,,,81.0,TDM 12,0.79,2018-09-07 13:28:00.203000000,10832.0,2.0,2018-09-03,2018-09-03 12:23:23.392,12,24,14,12.403889,
,2018-09-03 13:56:48,216144.0,2000.0,,,81.0,TDM 12,1.06,2018-09-07 13:28:00.210000000,10832.0,2.0,2018-09-03,2018-09-03 13:57:19.488,13,56,48,13.946667,
,2018-09-03 14:08:56,216149.0,2000.0,,,81.0,TDM 12,1.06,2018-09-07 13:28:00.217000000,10832.0,2.0,2018-09-03,2018-09-03 14:08:14.848,14,8,56,14.148889,
,2018-09-03 14:11:38,216152.0,2000.0,,,81.0,TDM 12,1.06,2018-09-07 13:28:00.223000000,10832.0,2.0,2018-09-03,2018-09-03 14:12:36.992,14,11,38,14.193889,
,2018-09-04 06:27:39,502024.0,2000.0,,,81.0,TDM 12,1.06,2018-09-07 13:28:00.230000000,10832.0,2.0,2018-09-04,2018-09-04 06:26:55.104,6,27,39,6.4608335,
,2018-09-04 07:05:53,502074.0,3000.0,,,81.0,TDM 12,1.59,2018-09-07 13:28:00.240000000,10832.0,2.0,2018-09-04,2018-09-04 07:06:14.400,7,5,53,7.0980554,
,2018-09-04 07:18:53,502019.0,1500.0,,,81.0,TDM 12,0.79,2018-09-07 13:28:00.247000000,10832.0,2.0,2018-09-04,2018-09-04 07:19:20.832,7,18,53,7.314722,
,2018-09-04 10:52:50,216124.0,2500.0,,,81.0,TDM 12,1.32,2018-09-07 13:28:00.253000000,10832.0,2.0,2018-09-04,2018-09-04 10:53:25.888,10,52,50,10.880555,
,2018-09-04 10:55:37,216124.0,2500.0,,,81.0,TDM 12,1.32,2018-09-07 13:28:00.260000000,10832.0,2.0,2018-09-04,2018-09-04 10:55:36.960,10,55,37,10.926945,
,2018-09-04 10:58:31,216205.0,2500.0,,,81.0,TDM 12,1.32,2018-09-07 13:28:00.263000000,10832.0,2.0,2018-09-04,2018-09-04 10:57:48.032,10,58,31,10.975278,
,2018-09-05 06:46:03,502064.0,1500.0,,,81.0,TDM 12,0.79,2018-09-07 13:28:00.270000000,10832.0,2.0,2018-09-05,2018-09-05 06:46:11.200,6,46,3,6.7675,
,2018-09-05 11:42:09,216254.0,1500.0,,,81.0,TDM 12,0.79,2018-09-07 13:28:00.277000000,10832.0,2.0,2018-09-05,2018-09-05 11:41:05.920,11,42,9,11.7025,
,2018-09-05 13:05:51,216150.0,2000.0,,,81.0,TDM 12,1.06,2018-09-07 13:28:00.283000000,10832.0,2.0,2018-09-05,2018-09-05 13:06:17.728,13,5,51,13.0975,
,2018-09-06 11:28:14,216177.0,1500.0,,,81.0,TDM 12,0.79,2018-09-07 13:28:00.293000000,10832.0,2.0,2018-09-06,2018-09-06 11:27:35.936,11,28,14,11.470555,
,2018-09-06 12:25:07,216213.0,2000.0,,,81.0,TDM 12,1.06,2018-09-07 13:28:00.300000000,10832.0,2.0,2018-09-06,2018-09-06 12:24:23.808,12,25,7,12.418612,
,2018-08-30 18:28:23,208999.0,0.0,,,78.0,TDM 9,9999.0,2018-09-07 13:31:43.750000000,10833.0,2.0,2018-08-30,2018-08-30 18:27:35.552,18,28,23,18.473055,
,2018-08-30 18:28:56,208999.0,18893150.0,,,78.0,TDM 9,9999.0,2018-09-07 13:31:43.753000000,10833.0,2.0,2018-08-30,2018-08-30 18:29:46.624,18,28,56,18.482222,
,2018-08-30 19:16:05,208999.0,0.0,,,78.0,TDM 9,9999.0,2018-09-07 13:31:43.760000000,10833.0,2.0,2018-08-30,2018-08-30 19:15:39.136,19,16,5,19.268055,
,2018-09-01 08:25:56,6093025.0,2000.0,,,78.0,TDM 9,1.06,2018-09-07 13:31:43.767000000,10833.0,2.0,2018-09-01,2018-09-01 08:26:03.648,8,25,56,8.432222,
,2018-09-01 09:19:08,6093094.0,3000.0,,,78.0,TDM 9,1.59,2018-09-07 13:31:43.770000000,10833.0,2.0,2018-09-01,2018-09-01 09:18:29.376,9,19,8,9.318889,
,2018-09-01 11:19:36,6093093.0,3000.0,,,78.0,TDM 9,1.59,2018-09-07 13:31:43.780000000,10833.0,2.0,2018-09-01,2018-09-01 11:18:38.336,11,19,36,11.326667,
,2018-09-04 09:14:34,6093035.0,1500.0,,,78.0,TDM 9,0.79,2018-09-07 13:31:43.790000000,10833.0,2.0,2018-09-04,2018-09-04 09:15:07.648,9,14,34,9.242778,
,2018-09-04 11:27:01,6093037.0,2000.0,,,78.0,TDM 9,1.06,2018-09-07 13:31:43.797000000,10833.0,2.0,2018-09-04,2018-09-04 11:26:11.968,11,27,1,11.450277,
,2018-09-03 07:04:10,245132.0,3000.0,,,112.0,TDM 42,1.59,2018-09-07 13:35:48.740000000,10834.0,2.0,2018-09-03,2018-09-03 07:04:26.880,7,4,10,7.0694447,
,2018-09-03 07:14:41,245126.0,2000.0,,,112.0,TDM 42,1.06,2018-09-07 13:35:48.757000000,10834.0,2.0,2018-09-03,2018-09-03 07:15:22.240,7,14,41,7.2447224,
,2018-09-03 07:57:12,245010.0,1500.0,,,112.0,TDM 42,0.79,2018-09-07 13:35:48.760000000,10834.0,2.0,2018-09-03,2018-09-03 07:56:52.608,7,57,12,7.9533334,
,2018-09-03 08:59:06,245089.0,1500.0,,,112.0,TDM 42,0.79,2018-09-07 13:35:48.767000000,10834.0,2.0,2018-09-03,2018-09-03 08:58:02.624,8,59,6,8.985,
,2018-09-04 08:45:51,245057.0,3000.0,,,112.0,TDM 42,1.59,2018-09-07 13:35:48.773000000,10834.0,2.0,2018-09-04,2018-09-04 08:46:43.712,8,45,51,8.764167,
,2018-09-05 07:20:13,245123.0,1500.0,,,112.0,TDM 42,0.79,2018-09-07 13:35:48.780000000,10834.0,2.0,2018-09-05,2018-09-05 07:21:08.352,7,20,13,7.3369446,
,2018-09-05 07:59:06,245080.0,2500.0,,,112.0,TDM 42,1.32,2018-09-07 13:35:48.787000000,10834.0,2.0,2018-09-05,2018-09-05 07:58:16.576,7,59,6,7.985,
,2018-09-06 07:32:42,571053.0,8850.0,,,112.0,TDM 42,4.66,2018-09-07 13:35:48.790000000,10834.0,2.0,2018-09-06,2018-09-06 07:31:40.160,7,32,42,7.545,
,2018-09-06 07:40:59,571048.0,6650.0,,,112.0,TDM 42,3.49,2018-09-07 13:35:48.797000000,10834.0,2.0,2018-09-06,2018-09-06 07:40:24.448,7,40,59,7.6830554,
,2018-09-07 10:39:06,571070.0,13250.0,,,112.0,TDM 42,6.99,2018-09-07 13:35:48.803000000,10834.0,2.0,2018-09-07,2018-09-07 10:39:08.800,10,39,6,10.651667,
,2018-09-07 10:42:11,571070.0,13250.0,,,112.0,TDM 42,6.99,2018-09-07 13:35:48.810000000,10834.0,2.0,2018-09-07,2018-09-07 10:41:19.872,10,42,11,10.703055,
,2018-09-01 07:17:21,221007.0,3000.0,,,91.0,TDM 22,1.59,2018-09-07 13:42:41.237000000,10835.0,2.0,2018-09-01,2018-09-01 07:18:20.416,7,17,21,7.2891665,
,2018-09-04 07:38:38,221064.0,3000.0,,,91.0,TDM 22,1.59,2018-09-07 13:42:41.247000000,10835.0,2.0,2018-09-04,2018-09-04 07:39:00.480,7,38,38,7.643889,
,2018-09-04 13:18:30,348019.0,3000.0,,,91.0,TDM 22,1.59,2018-09-07 13:42:41.253000000,10835.0,2.0,2018-09-04,2018-09-04 13:17:36.640,13,18,30,13.308333,
,2018-09-05 07:13:16,221061.0,3000.0,,,91.0,TDM 22,1.59,2018-09-07 13:42:41.260000000,10835.0,2.0,2018-09-05,2018-09-05 07:12:24.064,7,13,16,7.2211113,
,2018-09-05 14:55:46,348072.0,8850.0,,,91.0,TDM 22,4.66,2018-09-07 13:42:41.263000000,10835.0,2.0,2018-09-05,2018-09-05 14:55:31.328,14,55,46,14.929444,
,2018-09-06 07:21:21,348021.0,13250.0,,,91.0,TDM 22,6.99,2018-09-07 13:42:41.270000000,10835.0,2.0,2018-09-06,2018-09-06 07:20:44.800,7,21,21,7.3558335,
,2018-09-03 07:53:55,337018.0,3000.0,,,123.0,TDM 53,1.59,2018-09-07 13:56:48.003000000,10837.0,2.0,2018-09-03,2018-09-03 07:54:41.536,7,53,55,7.898611,
,2018-09-04 07:12:45,337001.0,1500.0,,,123.0,TDM 53,0.79,2018-09-07 13:56:48.020000000,10837.0,2.0,2018-09-04,2018-09-04 07:12:47.616,7,12,45,7.2125,
,2018-09-04 08:38:35,337059.0,1500.0,,,123.0,TDM 53,0.79,2018-09-07 13:56:48.027000000,10837.0,2.0,2018-09-04,2018-09-04 08:37:59.424,8,38,35,8.643056,
,2018-09-06 07:52:22,337057.0,1500.0,,,123.0,TDM 53,0.79,2018-09-07 13:56:48.033000000,10837.0,2.0,2018-09-06,2018-09-06 07:51:19.808,7,52,22,7.872778,
,2018-09-07 07:20:23,337145.0,1500.0,,,123.0,TDM 53,0.79,2018-09-07 13:56:48.040000000,10837.0,2.0,2018-09-07,2018-09-07 07:20:21.248,7,20,23,7.339722,
,2018-09-05 08:32:17,567029.0,8850.0,,,84.0,TDM 15,4.66,2018-09-10 12:49:55.097000000,10838.0,2.0,2018-09-05,2018-09-05 08:33:13.728,8,32,17,8.538055,
,2018-09-05 09:42:39,567028.0,8850.0,,,84.0,TDM 15,4.66,2018-09-10 12:49:55.100000000,10838.0,2.0,2018-09-05,2018-09-05 09:43:08.032,9,42,39,9.710834,
,2018-09-10 07:54:06,567060.0,8850.0,,,84.0,TDM 15,4.66,2018-09-10 12:49:55.107000000,10838.0,2.0,2018-09-10,2018-09-10 07:54:07.744,7,54,6,7.9016666,
,2018-08-27 12:05:31,613019.0,1500.0,,,89.0,TDM 20,0.79,2018-09-10 12:54:05.187000000,10839.0,2.0,2018-08-27,2018-08-27 12:06:28.608,12,5,31,12.091945,
,2018-08-29 10:31:05,613132.0,1500.0,,,89.0,TDM 20,0.79,2018-09-10 12:54:05.190000000,10839.0,2.0,2018-08-29,2018-08-29 10:31:45.408,10,31,5,10.518056,
,2018-08-30 11:14:56,6091043.0,3000.0,,,89.0,TDM 20,1.59,2018-09-10 12:54:05.203000000,10839.0,2.0,2018-08-30,2018-08-30 11:15:03.296,11,14,56,11.248889,
,2018-08-31 09:23:39,6091080.0,2000.0,,,89.0,TDM 20,1.06,2018-09-10 12:54:05.210000000,10839.0,2.0,2018-08-31,2018-08-31 09:23:15.072,9,23,39,9.394167,
,2018-09-01 10:55:11,6091005.255,13250.0,,,89.0,TDM 20,6.99,2018-09-10 12:54:05.213000000,10839.0,2.0,2018-09-01,2018-09-01 10:54:36.544,10,55,11,10.919723,
,2018-09-01 11:05:41,208001.0,1500.0,,,89.0,TDM 20,0.79,2018-09-10 12:54:05.220000000,10839.0,2.0,2018-09-01,2018-09-01 11:05:31.904,11,5,41,11.094722,
,2018-09-10 08:16:54,6091001.0,1500.0,,,89.0,TDM 20,0.79,2018-09-10 12:54:05.233000000,10839.0,2.0,2018-09-10,2018-09-10 08:15:58.464,8,16,54,8.281667,
,2018-09-10 08:22:10,609023.0,1500.0,,,89.0,TDM 20,0.79,2018-09-10 12:54:05.240000000,10839.0,2.0,2018-09-10,2018-09-10 08:22:31.680,8,22,10,8.369445,
,2018-08-27 14:34:08,208001.0,2000.0,,,99.0,TDM 30,1.06,2018-09-10 12:58:40.907000000,10840.0,2.0,2018-08-27,2018-08-27 14:35:01.504,14,34,8,14.568889,
,2018-09-04 07:18:28,208001.0,2000.0,,,99.0,TDM 30,1.06,2018-09-10 12:58:40.917000000,10840.0,2.0,2018-09-04,2018-09-04 07:19:20.832,7,18,28,7.307778,
,2018-09-08 18:14:27,645071.0,2000.0,,,99.0,TDM 30,1.06,2018-09-10 12:58:40.923000000,10840.0,2.0,2018-09-08,2018-09-08 18:15:19.296,18,14,27,18.240833,
,2018-09-08 18:22:29,648006.0,1500.0,,,99.0,TDM 30,0.79,2018-09-10 12:58:40.930000000,10840.0,2.0,2018-09-08,2018-09-08 18:21:52.512,18,22,29,18.374722,
,2018-09-08 18:28:27,648039.0,1500.0,,,99.0,TDM 30,0.79,2018-09-10 12:58:40.933000000,10840.0,2.0,2018-09-08,2018-09-08 18:28:25.728,18,28,27,18.474167,
,2018-09-08 18:50:00,648080.0,3000.0,,,99.0,TDM 30,1.59,2018-09-10 12:58:40.940000000,10840.0,2.0,2018-09-08,2018-09-08 18:50:16.448,18,50,0,18.833334,
,2018-09-05 12:33:21,559056.0,8850.0,,,76.0,TDM 7,4.66,2018-09-10 13:01:32.020000000,10841.0,2.0,2018-09-05,2018-09-05 12:33:31.648,12,33,21,12.555833,
,2018-09-05 12:51:02,559056.0,8850.0,,,76.0,TDM 7,4.66,2018-09-10 13:01:32.030000000,10841.0,2.0,2018-09-05,2018-09-05 12:51:00.224,12,51,2,12.850555,
,2018-09-09 15:14:11,559050.0,11050.0,,,76.0,TDM 7,5.82,2018-09-10 13:01:32.037000000,10841.0,2.0,2018-09-09,2018-09-09 15:13:36.768,15,14,11,15.236389,
,2018-09-09 15:16:48,559099.0,6650.0,,,76.0,TDM 7,3.49,2018-09-10 13:01:32.040000000,10841.0,2.0,2018-09-09,2018-09-09 15:15:47.840,15,16,48,15.28,
,2018-09-09 15:19:25,559103.0,8850.0,,,76.0,TDM 7,4.66,2018-09-10 13:01:32.047000000,10841.0,2.0,2018-09-09,2018-09-09 15:20:09.984,15,19,25,15.323611,
,2018-08-31 07:22:27,208510.0,1500.0,,,97.0,TDM 28,0.79,2018-09-10 13:04:33.373000000,10842.0,2.0,2018-08-31,2018-08-31 07:23:06.112,7,22,27,7.3741665,
,2018-08-31 07:23:30,208510.0,1500.0,,,97.0,TDM 28,0.79,2018-09-10 13:04:33.380000000,10842.0,2.0,2018-08-31,2018-08-31 07:23:06.112,7,23,30,7.391667,
,2018-08-31 07:28:37,208510.0,1500.0,,,97.0,TDM 28,0.79,2018-09-10 13:04:33.383000000,10842.0,2.0,2018-08-31,2018-08-31 07:29:39.328,7,28,37,7.4769444,
,2018-08-31 07:29:37,208511.0,1500.0,,,97.0,TDM 28,0.79,2018-09-10 13:04:33.390000000,10842.0,2.0,2018-08-31,2018-08-31 07:29:39.328,7,29,37,7.4936113,
,2018-09-04 12:06:43,208999.0,0.0,,,97.0,TDM 28,999.0,2018-09-10 13:04:33.397000000,10842.0,2.0,2018-09-04,2018-09-04 12:07:42.336,12,6,43,12.111944,
,2018-09-04 12:08:54,208999.0,0.0,,,97.0,TDM 28,999.0,2018-09-10 13:04:33.403000000,10842.0,2.0,2018-09-04,2018-09-04 12:09:53.408,12,8,54,12.148334,
,2018-09-04 12:12:26,208999.0,0.0,,,97.0,TDM 28,999.0,2018-09-10 13:04:33.413000000,10842.0,2.0,2018-09-04,2018-09-04 12:12:04.480,12,12,26,12.207222,
,2018-09-05 10:07:36,696115.0,2000.0,,,97.0,TDM 28,1.06,2018-09-10 13:04:33.420000000,10842.0,2.0,2018-09-05,2018-09-05 10:07:09.824,10,7,36,10.126667,
,2018-09-05 10:13:20,696124.0,1500.0,,,97.0,TDM 28,0.79,2018-09-10 13:04:33.427000000,10842.0,2.0,2018-09-05,2018-09-05 10:13:43.040,10,13,20,10.222222,
,2018-09-05 10:18:09,696126.0,1500.0,,,97.0,TDM 28,0.79,2018-09-10 13:04:33.433000000,10842.0,2.0,2018-09-05,2018-09-05 10:18:05.184,10,18,9,10.3025,
,2018-09-05 10:23:09,696143.0,2000.0,,,97.0,TDM 28,1.06,2018-09-10 13:04:33.440000000,10842.0,2.0,2018-09-05,2018-09-05 10:22:27.328,10,23,9,10.385834,
,2018-09-05 10:27:39,696093.0,1500.0,,,97.0,TDM 28,0.79,2018-09-10 13:04:33.443000000,10842.0,2.0,2018-09-05,2018-09-05 10:26:49.472,10,27,39,10.460834,
,2018-09-07 16:18:20,696022.0,1500.0,,,97.0,TDM 28,0.79,2018-09-10 13:04:33.450000000,10842.0,2.0,2018-09-07,2018-09-07 16:17:44.960,16,18,20,16.305555,
,2018-09-07 16:34:26,696114.0,1500.0,,,97.0,TDM 28,0.79,2018-09-10 13:04:33.457000000,10842.0,2.0,2018-09-07,2018-09-07 16:35:13.536,16,34,26,16.573889,
,2018-09-07 16:43:54,696064.0,1500.0,,,97.0,TDM 28,0.79,2018-09-10 13:04:33.463000000,10842.0,2.0,2018-09-07,2018-09-07 16:43:57.824,16,43,54,16.731667,
,2018-09-07 16:49:04,696068.0,2500.0,,,97.0,TDM 28,1.32,2018-09-10 13:04:33.470000000,10842.0,2.0,2018-09-07,2018-09-07 16:48:19.968,16,49,4,16.817778,
,2018-09-07 17:05:28,696091.0,1500.0,,,97.0,TDM 28,0.79,2018-09-10 13:04:33.473000000,10842.0,2.0,2018-09-07,2018-09-07 17:05:48.544,17,5,28,17.09111,
,2018-09-08 19:24:49,696195.0,1500.0,,,97.0,TDM 28,0.79,2018-09-10 13:04:33.480000000,10842.0,2.0,2018-09-08,2018-09-08 19:25:13.600,19,24,49,19.41361,
,2018-09-08 19:41:23,696195.0,1500.0,,,97.0,TDM 28,0.79,2018-09-10 13:04:33.487000000,10842.0,2.0,2018-09-08,2018-09-08 19:40:31.104,19,41,23,19.689722,
,2018-09-03 11:38:50,649032.0,1500.0,,,96.0,TDM 27,0.79,2018-09-10 13:07:49.377000000,10843.0,2.0,2018-09-03,2018-09-03 11:39:41.952,11,38,50,11.6472225,
,2018-09-04 10:07:29,649046.0,1500.0,,,96.0,TDM 27,0.79,2018-09-10 13:07:49.390000000,10843.0,2.0,2018-09-04,2018-09-04 10:07:33.376,10,7,29,10.1247225,
,2018-09-05 07:48:40,649006.0,2500.0,,,96.0,TDM 27,1.32,2018-09-10 13:07:49.397000000,10843.0,2.0,2018-09-05,2018-09-05 07:49:32.288,7,48,40,7.811111,
,2018-09-05 08:02:39,649014.0,1500.0,,,96.0,TDM 27,0.79,2018-09-10 13:07:49.403000000,10843.0,2.0,2018-09-05,2018-09-05 08:02:38.720,8,2,39,8.044167,
,2018-09-06 07:26:01,649041.0,3000.0,,,96.0,TDM 27,1.59,2018-09-10 13:07:49.410000000,10843.0,2.0,2018-09-06,2018-09-06 07:25:06.944,7,26,1,7.433611,
,2018-09-06 07:53:31,649011.0,2000.0,,,96.0,TDM 27,1.06,2018-09-10 13:07:49.413000000,10843.0,2.0,2018-09-06,2018-09-06 07:53:30.880,7,53,31,7.8919444,
,2018-09-06 08:20:24,649055.0,6650.0,,,96.0,TDM 27,3.49,2018-09-10 13:07:49.420000000,10843.0,2.0,2018-09-06,2018-09-06 08:19:43.744,8,20,24,8.34,
,2018-09-08 07:54:33,649007.0,2000.0,,,96.0,TDM 27,1.06,2018-09-10 13:07:49.427000000,10843.0,2.0,2018-09-08,2018-09-08 07:54:54.848,7,54,33,7.909167,
,2018-09-08 08:10:04,649018.0,2000.0,,,96.0,TDM 27,1.06,2018-09-10 13:07:49.433000000,10843.0,2.0,2018-09-08,2018-09-08 08:10:12.352,8,10,4,8.167778,
,2018-09-08 08:52:56,649049.0,1500.0,,,96.0,TDM 27,0.79,2018-09-10 13:07:49.440000000,10843.0,2.0,2018-09-08,2018-09-08 08:53:53.792,8,52,56,8.882222,
,2018-09-10 09:35:52,649026.0,1500.0,,,96.0,TDM 27,0.79,2018-09-10 13:07:49.443000000,10843.0,2.0,2018-09-10,2018-09-10 09:36:48.128,9,35,52,9.597777,
,2018-08-28 10:57:17,601101.0,2500.0,,,72.0,TDM 3,1.32,2018-09-10 13:15:06.647000000,10845.0,2.0,2018-08-28,2018-08-28 10:58:21.824,10,57,17,10.954722,
,2018-08-28 11:01:06,601101.0,2500.0,,,72.0,TDM 3,1.32,2018-09-10 13:15:06.660000000,10845.0,2.0,2018-08-28,2018-08-28 11:00:32.896,11,1,6,11.018333,
,2018-08-30 13:15:32,601066.0,1500.0,,,72.0,TDM 3,0.79,2018-09-10 13:15:06.667000000,10845.0,2.0,2018-08-30,2018-08-30 13:15:12.256,13,15,32,13.258889,
,2018-09-04 08:47:51,600052.0,2000.0,,,72.0,TDM 3,1.06,2018-09-10 13:15:06.673000000,10845.0,2.0,2018-09-04,2018-09-04 08:48:54.784,8,47,51,8.7975,
,2018-09-06 19:32:07,601042.0,1500.0,,,72.0,TDM 3,0.79,2018-09-10 13:15:06.697000000,10845.0,2.0,2018-09-06,2018-09-06 19:32:33.920,19,32,7,19.535278,
,2018-09-06 19:36:23,601042.0,1500.0,,,72.0,TDM 3,0.79,2018-09-10 13:15:06.703000000,10845.0,2.0,2018-09-06,2018-09-06 19:36:56.064,19,36,23,19.606388,
,2018-09-07 09:36:01,601042.0,1500.0,,,72.0,TDM 3,0.79,2018-09-10 13:15:06.713000000,10845.0,2.0,2018-09-07,2018-09-07 09:35:47.712,9,36,1,9.600278,
,2018-09-07 09:40:52,600090.0,2000.0,,,72.0,TDM 3,1.06,2018-09-10 13:15:06.720000000,10845.0,2.0,2018-09-07,2018-09-07 09:40:09.856,9,40,52,9.681111,
,2018-09-07 09:45:17,600097.0,6650.0,,,72.0,TDM 3,3.49,2018-09-10 13:15:06.727000000,10845.0,2.0,2018-09-07,2018-09-07 09:44:32.000,9,45,17,9.754723,
,2018-09-07 17:12:50,601088.0,8850.0,,,72.0,TDM 3,4.66,2018-09-10 13:15:06.733000000,10845.0,2.0,2018-09-07,2018-09-07 17:12:21.760,17,12,50,17.213888,
,2018-09-07 17:33:54,601034.0,2000.0,,,72.0,TDM 3,1.06,2018-09-10 13:15:06.740000000,10845.0,2.0,2018-09-07,2018-09-07 17:34:12.480,17,33,54,17.565,
,2018-09-07 17:56:31,601033.0,3000.0,,,72.0,TDM 3,1.59,2018-09-10 13:15:06.743000000,10845.0,2.0,2018-09-07,2018-09-07 17:56:03.200,17,56,31,17.941944,
,2018-09-09 11:42:07,601039.0,1500.0,,,72.0,TDM 3,0.79,2018-09-10 13:15:06.750000000,10845.0,2.0,2018-09-09,2018-09-09 11:41:42.784,11,42,7,11.701944,
,2018-09-05 14:36:01,318132.0,1500.0,,,70.0,TDM 1,0.79,2018-09-10 13:17:30.487000000,10846.0,2.0,2018-09-05,2018-09-05 14:35:51.680,14,36,1,14.600278,
,2018-09-06 11:46:22,318071.0,2000.0,,,70.0,TDM 1,1.06,2018-09-10 13:17:30.500000000,10846.0,2.0,2018-09-06,2018-09-06 11:47:15.584,11,46,22,11.772778,
,2018-09-08 08:40:53,318074.0,2000.0,,,70.0,TDM 1,1.06,2018-09-10 13:17:30.503000000,10846.0,2.0,2018-09-08,2018-09-08 08:40:47.360,8,40,53,8.681389,
,2018-09-08 08:45:08,318098.0,2500.0,,,70.0,TDM 1,1.32,2018-09-10 13:17:30.510000000,10846.0,2.0,2018-09-08,2018-09-08 08:45:09.504,8,45,8,8.752222,
,2018-09-10 09:55:41,318070.0,2000.0,,,70.0,TDM 1,1.06,2018-09-10 13:17:30.517000000,10846.0,2.0,2018-09-10,2018-09-10 09:56:27.776,9,55,41,9.928056,
,2018-09-10 08:17:34,375039.0,2500.0,,,44.0,,1.32,2018-09-10 13:22:49.847000000,10847.0,2.0,2018-09-10,2018-09-10 08:18:09.536,8,17,34,8.292778,
,2018-09-10 09:28:06,375039.0,2500.0,,,44.0,,1.32,2018-09-10 13:22:49.860000000,10847.0,2.0,2018-09-10,2018-09-10 09:28:03.840,9,28,6,9.468333,
,2018-09-10 09:31:19,375039.0,2500.0,,,44.0,,1.32,2018-09-10 13:22:49.867000000,10847.0,2.0,2018-09-10,2018-09-10 09:30:14.912,9,31,19,9.521944,
,2018-09-10 09:34:43,375039.0,2500.0,,,44.0,,1.32,2018-09-10 13:22:49.870000000,10847.0,2.0,2018-09-10,2018-09-10 09:34:37.056,9,34,43,9.578611,
,2018-09-06 08:14:25,378023.0,2000.0,,,107.0,TDM 37,1.06,2018-09-10 13:25:59.740000000,10848.0,2.0,2018-09-06,2018-09-06 08:15:21.600,8,14,25,8.240278,
,2018-09-06 09:22:24,378054.0,2000.0,,,107.0,TDM 37,1.06,2018-09-10 13:25:59.747000000,10848.0,2.0,2018-09-06,2018-09-06 09:23:04.832,9,22,24,9.373333,
,2018-09-06 09:27:15,378056.0,2000.0,,,107.0,TDM 37,1.06,2018-09-10 13:25:59.753000000,10848.0,2.0,2018-09-06,2018-09-06 09:27:26.976,9,27,15,9.454166,
,2018-09-08 07:39:08,378041.0,2500.0,,,107.0,TDM 37,1.32,2018-09-10 13:25:59.760000000,10848.0,2.0,2018-09-08,2018-09-08 07:39:37.344,7,39,8,7.652222,
,2018-09-08 07:57:57,378051.0,1500.0,,,107.0,TDM 37,0.79,2018-09-10 13:25:59.767000000,10848.0,2.0,2018-09-08,2018-09-08 07:57:05.920,7,57,57,7.965833,
,2018-09-10 07:16:49,378013.0,3000.0,,,107.0,TDM 37,1.59,2018-09-10 13:25:59.770000000,10848.0,2.0,2018-09-10,2018-09-10 07:16:59.520,7,16,49,7.2802777,
,2018-09-10 07:19:11,378013.0,3000.0,,,107.0,TDM 37,1.59,2018-09-10 13:25:59.777000000,10848.0,2.0,2018-09-10,2018-09-10 07:19:10.592,7,19,11,7.319722,
,2018-09-10 07:23:25,378013.0,3000.0,,,107.0,TDM 37,1.59,2018-09-10 13:25:59.783000000,10848.0,2.0,2018-09-10,2018-09-10 07:23:32.736,7,23,25,7.390278,
,2018-09-10 07:31:50,378009.0,8850.0,,,107.0,TDM 37,4.66,2018-09-10 13:25:59.790000000,10848.0,2.0,2018-09-10,2018-09-10 07:32:17.024,7,31,50,7.5305557,
,2018-09-10 07:45:12,378020.0,1500.0,,,107.0,TDM 37,0.79,2018-09-10 13:25:59.797000000,10848.0,2.0,2018-09-10,2018-09-10 07:45:23.456,7,45,12,7.7533336,
,2018-09-10 07:59:07,378030.0,8850.0,,,107.0,TDM 37,4.66,2018-09-10 13:25:59.800000000,10848.0,2.0,2018-09-10,2018-09-10 07:58:29.888,7,59,7,7.9852777,
,2018-09-10 08:38:34,378065.0,1500.0,,,107.0,TDM 37,0.79,2018-09-10 13:25:59.807000000,10848.0,2.0,2018-09-10,2018-09-10 08:37:49.184,8,38,34,8.642777,
,2018-08-31 09:22:06,208006.0,1500.0,,,71.0,TDM 2,0.79,2018-09-10 13:30:31.067000000,10849.0,2.0,2018-08-31,2018-08-31 09:21:04.000,9,22,6,9.368333,
,2018-09-03 10:58:29,208009.0,2000.0,,,71.0,TDM 2,1.06,2018-09-10 13:30:31.080000000,10849.0,2.0,2018-09-03,2018-09-03 10:58:11.584,10,58,29,10.974722,
,2018-09-04 09:26:50,208001.0,0.0,,,71.0,TDM 2,0.79,2018-09-10 13:30:31.087000000,10849.0,2.0,2018-09-04,2018-09-04 09:26:03.008,9,26,50,9.447222,
,2018-09-04 09:39:59,615011.0,1500.0,,,71.0,TDM 2,0.79,2018-09-10 13:30:31.090000000,10849.0,2.0,2018-09-04,2018-09-04 09:39:09.440,9,39,59,9.6663885,
,2018-09-04 10:16:01,615021.0,1500.0,,,71.0,TDM 2,0.79,2018-09-10 13:30:31.097000000,10849.0,2.0,2018-09-04,2018-09-04 10:16:17.664,10,16,1,10.266945,
,2018-09-05 09:23:29,615034.0,1500.0,,,71.0,TDM 2,0.79,2018-09-10 13:30:31.103000000,10849.0,2.0,2018-09-05,2018-09-05 09:23:28.384,9,23,29,9.391389,
,2018-09-05 09:39:12,615039.0,2000.0,,,71.0,TDM 2,1.06,2018-09-10 13:30:31.110000000,10849.0,2.0,2018-09-05,2018-09-05 09:38:45.888,9,39,12,9.653334,
,2018-09-06 10:16:25,615036.0,1500.0,,,71.0,TDM 2,0.79,2018-09-10 13:30:31.117000000,10849.0,2.0,2018-09-06,2018-09-06 10:15:30.560,10,16,25,10.273611,
,2018-09-06 11:54:46,618054.0,6650.0,,,71.0,TDM 2,3.49,2018-09-10 13:30:31.120000000,10849.0,2.0,2018-09-06,2018-09-06 11:53:48.800,11,54,46,11.912778,
,2018-09-06 17:20:28,615055.0,2000.0,,,71.0,TDM 2,1.06,2018-09-10 13:30:31.127000000,10849.0,2.0,2018-09-06,2018-09-06 17:21:29.600,17,20,28,17.34111,
,2018-09-07 07:47:07,618069.0,2500.0,,,71.0,TDM 2,1.32,2018-09-10 13:30:31.133000000,10849.0,2.0,2018-09-07,2018-09-07 07:46:34.112,7,47,7,7.785278,
,2018-09-07 10:01:40,615204.0,3000.0,,,71.0,TDM 2,1.59,2018-09-10 13:30:31.140000000,10849.0,2.0,2018-09-07,2018-09-07 10:02:00.576,10,1,40,10.027778,
,2018-09-08 11:44:51,615175.0,1500.0,,,71.0,TDM 2,0.79,2018-09-10 13:30:31.147000000,10849.0,2.0,2018-09-08,2018-09-08 11:44:17.408,11,44,51,11.7475,
,2018-08-30 11:58:58,335038.0,3000.0,,,108.0,TDM 38,1.59,2018-09-10 13:34:06.660000000,10850.0,2.0,2018-08-30,2018-08-30 11:58:44.736,11,58,58,11.982778,
,2018-08-31 12:09:11,335105.0,2500.0,,,108.0,TDM 38,1.32,2018-09-10 13:34:06.673000000,10850.0,2.0,2018-08-31,2018-08-31 12:09:16.544,12,9,11,12.153055,
,2018-09-04 09:13:36,333033.0,1500.0,,,108.0,TDM 38,0.79,2018-09-10 13:34:06.680000000,10850.0,2.0,2018-09-04,2018-09-04 09:12:56.576,9,13,36,9.226666,
,2018-09-04 07:56:22,661169.0,1500.0,,,102.0,TDM 33,0.79,2018-09-10 13:36:44.627000000,10851.0,2.0,2018-09-04,2018-09-04 07:56:29.056,7,56,22,7.9394445,
,2018-09-04 08:46:08,661089.0,3000.0,,,102.0,TDM 33,1.59,2018-09-10 13:36:44.630000000,10851.0,2.0,2018-09-04,2018-09-04 08:46:43.712,8,46,8,8.768888,
,2018-09-04 10:35:19,661050.0,2000.0,,,102.0,TDM 33,1.06,2018-09-10 13:36:44.637000000,10851.0,2.0,2018-09-04,2018-09-04 10:35:57.312,10,35,19,10.588611,
,2018-09-05 07:34:58,661132.0,1500.0,,,102.0,TDM 33,0.79,2018-09-10 13:36:44.643000000,10851.0,2.0,2018-09-05,2018-09-05 07:34:14.784,7,34,58,7.582778,
,2018-09-05 07:48:36,661130.0,1500.0,,,102.0,TDM 33,0.79,2018-09-10 13:36:44.650000000,10851.0,2.0,2018-09-05,2018-09-05 07:49:32.288,7,48,36,7.81,
,2018-09-05 08:00:27,661139.0,2000.0,,,102.0,TDM 33,1.06,2018-09-10 13:36:44.657000000,10851.0,2.0,2018-09-05,2018-09-05 08:00:27.648,8,0,27,8.0075,
,2018-09-05 09:29:47,661226.0,2000.0,,,102.0,TDM 33,1.06,2018-09-10 13:36:44.663000000,10851.0,2.0,2018-09-05,2018-09-05 09:30:01.600,9,29,47,9.496388,
,2018-09-07 10:42:19,661158.0,2000.0,,,102.0,TDM 33,1.06,2018-09-10 13:36:44.673000000,10851.0,2.0,2018-09-07,2018-09-07 10:41:19.872,10,42,19,10.705277,
,2018-09-08 06:45:14,661057.0,2500.0,,,102.0,TDM 33,1.32,2018-09-10 13:36:44.680000000,10851.0,2.0,2018-09-08,2018-09-08 06:45:00.544,6,45,14,6.753889,
,2018-09-08 07:17:39,661203.0,1500.0,,,102.0,TDM 33,0.79,2018-09-10 13:36:44.687000000,10851.0,2.0,2018-09-08,2018-09-08 07:17:46.624,7,17,39,7.2941666,
,2018-09-08 07:30:03,661190.0,3000.0,,,102.0,TDM 33,1.59,2018-09-10 13:36:44.693000000,10851.0,2.0,2018-09-08,2018-09-08 07:30:53.056,7,30,3,7.5008335,
,2018-09-08 16:48:13,661039.0,2500.0,,,102.0,TDM 33,1.32,2018-09-10 13:36:44.700000000,10851.0,2.0,2018-09-08,2018-09-08 16:47:56.416,16,48,13,16.803612,
,2018-09-04 08:19:39,208100.0,1500.0,,,74.0,TDM 5,0.79,2018-09-17 13:29:27.387000000,10852.0,2.0,2018-09-04,2018-09-04 08:20:30.848,8,19,39,8.3275,
,2018-09-04 08:31:26,204001.0,3000.0,,,74.0,TDM 5,1.59,2018-09-17 13:29:27.393000000,10852.0,2.0,2018-09-04,2018-09-04 08:31:26.208,8,31,26,8.523889,
,2018-09-05 06:21:40,208001.0,1500.0,,,74.0,TDM 5,0.79,2018-09-17 13:29:27.400000000,10852.0,2.0,2018-09-05,2018-09-05 06:22:09.408,6,21,40,6.361111,
,2018-09-05 06:30:40,200800.0,1500.0,,,74.0,TDM 5,0.79,2018-09-17 13:29:27.403000000,10852.0,2.0,2018-09-05,2018-09-05 06:30:53.696,6,30,40,6.5111113,
,2018-09-05 16:32:46,208001.0,0.0,,,74.0,TDM 5,0.79,2018-09-17 13:29:27.410000000,10852.0,2.0,2018-09-05,2018-09-05 16:33:49.568,16,32,46,16.546112,
,2018-09-05 16:41:13,205001.0,1500.0,,,74.0,TDM 5,0.79,2018-09-17 13:29:27.417000000,10852.0,2.0,2018-09-05,2018-09-05 16:40:22.784,16,41,13,16.686945,
,2018-09-07 16:20:38,208111.0,2000.0,,,74.0,TDM 5,1.06,2018-09-17 13:29:27.463000000,10852.0,2.0,2018-09-07,2018-09-07 16:19:56.032,16,20,38,16.34389,
,2018-09-08 10:25:27,208001.0,1500.0,,,74.0,TDM 5,0.79,2018-09-17 13:29:27.483000000,10852.0,2.0,2018-09-08,2018-09-08 10:25:38.816,10,25,27,10.424167,
,2018-09-08 15:10:23,208001.0,1500.0,,,74.0,TDM 5,0.79,2018-09-17 13:29:27.490000000,10852.0,2.0,2018-09-08,2018-09-08 15:09:38.176,15,10,23,15.173056,
,2018-09-17 10:55:59,208999.0,0.0,,,74.0,TDM 5,9995.0,2018-09-17 13:29:27.553000000,10852.0,2.0,2018-09-17,2018-09-17 10:57:04.000,10,55,59,10.933056,
,2018-09-14 16:43:10,585045.0,1500.0,,,79.0,TDM 10,0.79,2018-09-17 13:33:16.373000000,10853.0,2.0,2018-09-14,2018-09-14 16:43:24.032,16,43,10,16.719444,
,2018-09-14 16:50:54,586010.0,0.0,,,79.0,TDM 10,0.79,2018-09-17 13:33:16.380000000,10853.0,2.0,2018-09-14,2018-09-14 16:49:57.248,16,50,54,16.848333,
,2018-09-14 16:55:40,586031.0,1500.0,,,79.0,TDM 10,0.79,2018-09-17 13:33:16.387000000,10853.0,2.0,2018-09-14,2018-09-14 16:56:30.464,16,55,40,16.927778,
,2018-09-14 17:22:51,586032.0,2000.0,,,79.0,TDM 10,1.06,2018-09-17 13:33:16.390000000,10853.0,2.0,2018-09-14,2018-09-14 17:22:43.328,17,22,51,17.380833,
,2018-09-14 17:27:13,586052.0,11050.0,,,79.0,TDM 10,5.82,2018-09-17 13:33:16.400000000,10853.0,2.0,2018-09-14,2018-09-14 17:27:05.472,17,27,13,17.453611,
,2018-09-11 10:57:32,220020.0,3000.0,,,95.0,TDM 26,1.59,2018-09-17 13:35:56.960000000,10854.0,2.0,2018-09-11,2018-09-11 10:57:14.240,10,57,32,10.958889,
,2018-09-11 11:48:02,220010.0,2000.0,,,95.0,TDM 26,1.06,2018-09-17 13:35:56.967000000,10854.0,2.0,2018-09-11,2018-09-11 11:47:28.896,11,48,2,11.800555,
,2018-09-12 06:52:53,220065.0,2500.0,,,95.0,TDM 26,1.32,2018-09-17 13:35:56.973000000,10854.0,2.0,2018-09-12,2018-09-12 06:52:10.624,6,52,53,6.8813887,
,2018-09-12 09:42:01,220065.0,2500.0,,,95.0,TDM 26,1.32,2018-09-17 13:35:56.980000000,10854.0,2.0,2018-09-12,2018-09-12 09:42:34.240,9,42,1,9.700277,
,2018-09-13 10:30:38,220077.0,3000.0,,,95.0,TDM 26,1.59,2018-09-17 13:35:56.987000000,10854.0,2.0,2018-09-13,2018-09-13 10:30:14.272,10,30,38,10.510555,
,2018-09-13 10:34:18,220077.0,3000.0,,,95.0,TDM 26,1.59,2018-09-17 13:35:56.990000000,10854.0,2.0,2018-09-13,2018-09-13 10:34:36.416,10,34,18,10.571667,
,2018-09-13 08:33:41,601064.0,2000.0,,,72.0,TDM 3,1.06,2018-09-17 13:40:09.450000000,10855.0,2.0,2018-09-13,2018-09-13 08:34:27.456,8,33,41,8.561389,
,2018-09-13 08:41:47,600023.0,2000.0,,,72.0,TDM 3,1.06,2018-09-17 13:40:09.460000000,10855.0,2.0,2018-09-13,2018-09-13 08:41:00.672,8,41,47,8.696389,
,2018-09-13 09:23:27,601126.0,2000.0,,,72.0,TDM 3,1.06,2018-09-17 13:40:09.467000000,10855.0,2.0,2018-09-13,2018-09-13 09:22:31.040,9,23,27,9.390833,
,2018-09-14 07:33:35,601052.0,2500.0,,,72.0,TDM 3,1.32,2018-09-17 13:40:09.470000000,10855.0,2.0,2018-09-14,2018-09-14 07:32:53.888,7,33,35,7.5597224,
,2018-09-14 07:56:02,600098.0,6650.0,,,72.0,TDM 3,3.49,2018-09-17 13:40:09.477000000,10855.0,2.0,2018-09-14,2018-09-14 07:56:55.680,7,56,2,7.933889,
,2018-09-14 17:52:38,601110.0,6650.0,,,72.0,TDM 3,3.49,2018-09-17 13:40:09.483000000,10855.0,2.0,2018-09-14,2018-09-14 17:53:18.336,17,52,38,17.877222,
,2018-09-14 18:46:06,601097.0,1500.0,,,72.0,TDM 3,0.79,2018-09-17 13:40:09.490000000,10855.0,2.0,2018-09-14,2018-09-14 18:45:44.064,18,46,6,18.768333,
,2018-09-15 07:42:29,601135.0,2000.0,,,72.0,TDM 3,1.06,2018-09-17 13:40:09.497000000,10855.0,2.0,2018-09-15,2018-09-15 07:43:25.696,7,42,29,7.7080555,
,2018-09-15 08:14:07,600020.0,1500.0,,,72.0,TDM 3,0.79,2018-09-17 13:40:09.500000000,10855.0,2.0,2018-09-15,2018-09-15 08:14:00.704,8,14,7,8.235278,
,2018-09-16 08:01:49,601079.0,2000.0,,,72.0,TDM 3,1.06,2018-09-17 13:40:09.507000000,10855.0,2.0,2018-09-16,2018-09-16 08:02:41.792,8,1,49,8.030278,
,2018-09-05 10:47:45,227085.0,2000.0,,,73.0,TDM 4,1.06,2018-09-17 13:43:48.677000000,10856.0,2.0,2018-09-05,2018-09-05 10:48:40.192,10,47,45,10.795834,
,2018-09-05 10:50:13,227085.0,2000.0,,,73.0,TDM 4,1.06,2018-09-17 13:43:48.680000000,10856.0,2.0,2018-09-05,2018-09-05 10:50:51.264,10,50,13,10.836945,
,2018-09-17 10:30:34,277073.0,1500.0,,,73.0,TDM 4,0.79,2018-09-17 13:43:48.687000000,10856.0,2.0,2018-09-17,2018-09-17 10:30:51.136,10,30,34,10.509444,
,2018-09-17 10:32:41,277096.0,2000.0,,,73.0,TDM 4,1.06,2018-09-17 13:43:48.693000000,10856.0,2.0,2018-09-17,2018-09-17 10:33:02.208,10,32,41,10.544723,
,2018-09-13 07:03:10,645021.0,1500.0,,,99.0,TDM 30,0.79,2018-09-17 13:54:36.597000000,10857.0,2.0,2018-09-13,2018-09-13 07:02:42.432,7,3,10,7.052778,
,2018-09-13 07:10:43,645018.0,2000.0,,,99.0,TDM 30,1.06,2018-09-17 13:54:36.617000000,10857.0,2.0,2018-09-13,2018-09-13 07:11:26.720,7,10,43,7.1786113,
,2018-09-13 07:20:05,648027.0,3000.0,,,99.0,TDM 30,1.59,2018-09-17 13:54:36.620000000,10857.0,2.0,2018-09-13,2018-09-13 07:20:11.008,7,20,5,7.334722,
,2018-09-13 07:24:14,648033.0,1500.0,,,99.0,TDM 30,0.79,2018-09-17 13:54:36.627000000,10857.0,2.0,2018-09-13,2018-09-13 07:24:33.152,7,24,14,7.4038887,
,2018-09-13 07:31:33,648144.0,1500.0,,,99.0,TDM 30,0.79,2018-09-17 13:54:36.633000000,10857.0,2.0,2018-09-13,2018-09-13 07:31:06.368,7,31,33,7.525833,
,2018-09-13 07:54:11,648145.0,3000.0,,,99.0,TDM 30,1.59,2018-09-17 13:54:36.640000000,10857.0,2.0,2018-09-13,2018-09-13 07:55:08.160,7,54,11,7.9030557,
,2018-09-13 08:02:08,648147.0,2000.0,,,99.0,TDM 30,1.06,2018-09-17 13:54:36.647000000,10857.0,2.0,2018-09-13,2018-09-13 08:01:41.376,8,2,8,8.035556,
,2018-09-13 09:10:18,648025.0,2000.0,,,99.0,TDM 30,1.06,2018-09-17 13:54:36.653000000,10857.0,2.0,2018-09-13,2018-09-13 09:09:24.608,9,10,18,9.171667,
,2018-09-14 07:04:40,645079.0,2000.0,,,99.0,TDM 30,1.06,2018-09-17 13:54:36.660000000,10857.0,2.0,2018-09-14,2018-09-14 07:04:29.952,7,4,40,7.077778,
,2018-09-14 07:55:53,648098.0,2000.0,,,99.0,TDM 30,1.06,2018-09-17 13:54:36.663000000,10857.0,2.0,2018-09-14,2018-09-14 07:56:55.680,7,55,53,7.931389,
,2018-09-14 08:39:43,648124.0,3000.0,,,99.0,TDM 30,1.59,2018-09-17 13:54:36.670000000,10857.0,2.0,2018-09-14,2018-09-14 08:40:37.120,8,39,43,8.661944,
,2018-09-15 06:50:22,648139.0,2000.0,,,99.0,TDM 30,1.06,2018-09-17 13:54:36.677000000,10857.0,2.0,2018-09-15,2018-09-15 06:50:59.968,6,50,22,6.8394446,
,2018-09-15 07:06:09,648123.0,1500.0,,,99.0,TDM 30,0.79,2018-09-17 13:54:36.683000000,10857.0,2.0,2018-09-15,2018-09-15 07:06:17.472,7,6,9,7.1025,
,2018-09-15 07:22:47,648110.0,1500.0,,,99.0,TDM 30,0.79,2018-09-17 13:54:36.690000000,10857.0,2.0,2018-09-15,2018-09-15 07:23:46.048,7,22,47,7.379722,
,2018-09-17 08:24:09,648040.0,3000.0,,,99.0,TDM 30,1.59,2018-09-17 13:54:36.693000000,10857.0,2.0,2018-09-17,2018-09-17 08:24:08.960,8,24,9,8.4025,
,2018-09-14 06:29:31,335015.0,1500.0,,,108.0,TDM 38,0.79,2018-09-17 13:58:23.130000000,10858.0,2.0,2018-09-14,2018-09-14 06:29:32.800,6,29,31,6.4919443,
,2018-09-12 16:40:16,661040.0,2000.0,,,102.0,TDM 33,1.06,2018-09-17 14:01:14.677000000,10859.0,2.0,2018-09-12,2018-09-12 16:39:48.992,16,40,16,16.671112,
,2018-09-13 08:15:31,661034.0,1500.0,,,102.0,TDM 33,0.79,2018-09-17 14:01:14.683000000,10859.0,2.0,2018-09-13,2018-09-13 08:14:47.808,8,15,31,8.258611,
,2018-09-14 07:00:10,661095.0,2000.0,,,102.0,TDM 33,1.06,2018-09-17 14:01:14.690000000,10859.0,2.0,2018-09-14,2018-09-14 07:00:07.808,7,0,10,7.0027776,
,2018-09-15 09:54:56,661048.0,1500.0,,,102.0,TDM 33,0.79,2018-09-17 14:01:14.697000000,10859.0,2.0,2018-09-15,2018-09-15 09:54:30.016,9,54,56,9.915556,
,2018-09-15 11:21:47,661048.0,1500.0,,,102.0,TDM 33,0.79,2018-09-17 14:01:14.700000000,10859.0,2.0,2018-09-15,2018-09-15 11:21:52.896,11,21,47,11.363055,
,2018-09-17 07:03:36,661171.0,2000.0,,,102.0,TDM 33,1.06,2018-09-17 14:01:14.707000000,10859.0,2.0,2018-09-17,2018-09-17 07:03:19.296,7,3,36,7.06,
,2018-09-17 07:09:53,661037.0,1500.0,,,102.0,TDM 33,0.79,2018-09-17 14:01:14.713000000,10859.0,2.0,2018-09-17,2018-09-17 07:09:52.512,7,9,53,7.1647224,
,2018-09-12 08:15:25,378037.0,2000.0,,,107.0,TDM 37,1.06,2018-09-17 14:05:09.640000000,10860.0,2.0,2018-09-12,2018-09-12 08:15:11.360,8,15,25,8.256945,
,2018-09-12 08:36:50,378075.0,3000.0,,,107.0,TDM 37,1.59,2018-09-17 14:05:09.650000000,10860.0,2.0,2018-09-12,2018-09-12 08:37:02.080,8,36,50,8.613889,
,2018-09-15 07:37:30,378026.0,1500.0,,,107.0,TDM 37,0.79,2018-09-17 14:05:09.657000000,10860.0,2.0,2018-09-15,2018-09-15 07:36:52.480,7,37,30,7.625,
,2018-09-15 08:53:29,378070.0,2500.0,,,107.0,TDM 37,1.32,2018-09-17 14:05:09.663000000,10860.0,2.0,2018-09-15,2018-09-15 08:53:20.000,8,53,29,8.891389,
,2018-09-15 09:15:32,378066.0,3000.0,,,107.0,TDM 37,1.59,2018-09-17 14:05:09.673000000,10860.0,2.0,2018-09-15,2018-09-15 09:15:10.720,9,15,32,9.258889,
,2018-09-11 09:17:01,567011.0,0.0,,,84.0,TDM 15,4.66,2018-09-17 14:07:50.723000000,10861.0,2.0,2018-09-11,2018-09-11 09:16:44.928,9,17,1,9.283611,
,2018-09-11 09:47:20,567019.0,13250.0,,,84.0,TDM 15,6.99,2018-09-17 14:07:50.730000000,10861.0,2.0,2018-09-11,2018-09-11 09:47:19.936,9,47,20,9.788889,
,2018-09-12 07:20:01,567001.0,0.0,,,84.0,TDM 15,4.66,2018-09-17 14:07:50.737000000,10861.0,2.0,2018-09-12,2018-09-12 07:20:34.560,7,20,1,7.333611,
,2018-09-12 07:24:26,567001.0,0.0,,,84.0,TDM 15,4.66,2018-09-17 14:07:50.743000000,10861.0,2.0,2018-09-12,2018-09-12 07:24:56.704,7,24,26,7.4072223,
,2018-09-12 07:27:07,567012.0,0.0,,,84.0,TDM 15,3.49,2018-09-17 14:07:50.750000000,10861.0,2.0,2018-09-12,2018-09-12 07:27:07.776,7,27,7,7.4519444,
,2018-09-12 07:39:04,567021.0,0.0,,,84.0,TDM 15,6.99,2018-09-17 14:07:50.753000000,10861.0,2.0,2018-09-12,2018-09-12 07:38:03.136,7,39,4,7.651111,
,2018-09-15 07:10:09,567016.0,0.0,,,84.0,TDM 15,6.99,2018-09-17 14:07:50.760000000,10861.0,2.0,2018-09-15,2018-09-15 07:10:39.616,7,10,9,7.1691666,
,2018-09-15 08:16:00,567007.0,13250.0,,,84.0,TDM 15,6.99,2018-09-17 14:07:50.767000000,10861.0,2.0,2018-09-15,2018-09-15 08:16:11.776,8,16,0,8.266666,
,2018-09-15 08:18:12,567035.0,11050.0,,,84.0,TDM 15,5.82,2018-09-17 14:07:50.773000000,10861.0,2.0,2018-09-15,2018-09-15 08:18:22.848,8,18,12,8.303333,
,2018-09-17 07:25:47,567046.0,6650.0,,,84.0,TDM 15,3.49,2018-09-17 14:07:50.780000000,10861.0,2.0,2018-09-17,2018-09-17 07:25:10.016,7,25,47,7.4297223,
,2018-09-17 07:41:04,567034.0,6650.0,,,84.0,TDM 15,3.49,2018-09-17 14:07:50.783000000,10861.0,2.0,2018-09-17,2018-09-17 07:40:27.520,7,41,4,7.6844444,
,2018-09-12 07:55:15,6091063.0,2500.0,,,89.0,TDM 20,1.32,2018-09-17 14:10:58.937000000,10862.0,2.0,2018-09-12,2018-09-12 07:55:31.712,7,55,15,7.920833,
,2018-09-12 08:01:03,6091089.0,1500.0,,,89.0,TDM 20,0.79,2018-09-17 14:10:58.950000000,10862.0,2.0,2018-09-12,2018-09-12 08:02:04.928,8,1,3,8.0175,
,2018-09-13 08:09:30,613127.0,1500.0,,,89.0,TDM 20,0.79,2018-09-17 14:10:58.957000000,10862.0,2.0,2018-09-13,2018-09-13 08:10:25.664,8,9,30,8.158334,
,2018-09-13 09:30:51,6091057.0,1500.0,,,89.0,TDM 20,0.79,2018-09-17 14:10:58.963000000,10862.0,2.0,2018-09-13,2018-09-13 09:31:15.328,9,30,51,9.514167,
,2018-09-14 08:19:24,613143.0,2000.0,,,89.0,TDM 20,1.06,2018-09-17 14:10:58.970000000,10862.0,2.0,2018-09-14,2018-09-14 08:18:46.400,8,19,24,8.323334,
,2018-09-15 11:00:31,613136.0,1500.0,,,89.0,TDM 20,0.79,2018-09-17 14:10:58.973000000,10862.0,2.0,2018-09-15,2018-09-15 11:00:02.176,11,0,31,11.008611,
,2018-09-11 09:03:57,696156.0,2000.0,,,97.0,TDM 28,1.06,2018-09-17 14:13:36.620000000,10863.0,2.0,2018-09-11,2018-09-11 09:03:38.496,9,3,57,9.065833,
,2018-09-11 10:58:41,696156.0,2000.0,,,97.0,TDM 28,1.06,2018-09-17 14:13:36.627000000,10863.0,2.0,2018-09-11,2018-09-11 10:59:25.312,10,58,41,10.978056,
,2018-09-11 11:49:55,696065.0,3000.0,,,97.0,TDM 28,1.59,2018-09-17 14:13:36.630000000,10863.0,2.0,2018-09-11,2018-09-11 11:49:39.968,11,49,55,11.831944,
,2018-09-12 08:08:51,696051.0,2500.0,,,97.0,TDM 28,1.32,2018-09-17 14:13:36.637000000,10863.0,2.0,2018-09-12,2018-09-12 08:08:38.144,8,8,51,8.1475,
,2018-09-13 07:32:14,696028.0,1500.0,,,97.0,TDM 28,0.79,2018-09-17 14:13:36.643000000,10863.0,2.0,2018-09-13,2018-09-13 07:33:17.440,7,32,14,7.5372224,
,2018-09-14 10:20:44,696111.0,2000.0,,,97.0,TDM 28,1.06,2018-09-17 14:13:36.650000000,10863.0,2.0,2018-09-14,2018-09-14 10:21:06.432,10,20,44,10.345555,
,2018-09-14 16:19:17,696077.0,1500.0,,,97.0,TDM 28,0.79,2018-09-17 14:13:36.657000000,10863.0,2.0,2018-09-14,2018-09-14 16:19:22.240,16,19,17,16.321388,
,2018-09-12 10:29:54,559039.0,13250.0,,,76.0,TDM 7,6.99,2018-09-17 14:21:01.570000000,10865.0,2.0,2018-09-12,2018-09-12 10:30:37.824,10,29,54,10.498333,
,2018-09-14 14:49:02,559095.0,6650.0,,,76.0,TDM 7,3.49,2018-09-17 14:21:01.590000000,10865.0,2.0,2018-09-14,2018-09-14 14:49:48.288,14,49,2,14.817223,
,2018-09-14 14:51:50,559039.0,13250.0,,,76.0,TDM 7,6.99,2018-09-17 14:21:01.597000000,10865.0,2.0,2018-09-14,2018-09-14 14:51:59.360,14,51,50,14.863889,
,2018-09-17 09:02:10,559029.0,13250.0,,,76.0,TDM 7,6.99,2018-09-17 14:21:01.603000000,10865.0,2.0,2018-09-17,2018-09-17 09:01:17.184,9,2,10,9.036111,
,2018-09-10 14:10:25,700025.0,13250.0,,,90.0,TDM 21,6.99,2018-09-17 14:23:49.387000000,10866.0,2.0,2018-09-10,2018-09-10 14:09:52.128,14,10,25,14.173611,
,2018-09-11 16:13:04,700021.0,6650.0,,,90.0,TDM 21,3.49,2018-09-17 14:23:49.397000000,10866.0,2.0,2018-09-11,2018-09-11 16:13:59.680,16,13,4,16.217777,
,2018-09-11 16:18:30,700021.0,6650.0,,,90.0,TDM 21,3.49,2018-09-17 14:23:49.400000000,10866.0,2.0,2018-09-11,2018-09-11 16:18:21.824,16,18,30,16.308332,
,2018-09-12 16:38:57,700021.0,6650.0,,,90.0,TDM 21,3.49,2018-09-17 14:23:49.407000000,10866.0,2.0,2018-09-12,2018-09-12 16:39:48.992,16,38,57,16.649166,
,2018-09-13 15:45:10,700007.0,13250.0,,,90.0,TDM 21,6.99,2018-09-17 14:23:49.413000000,10866.0,2.0,2018-09-13,2018-09-13 15:44:48.640,15,45,10,15.752778,
,2018-09-13 15:49:16,700021.0,6650.0,,,90.0,TDM 21,3.49,2018-09-17 14:23:49.420000000,10866.0,2.0,2018-09-13,2018-09-13 15:49:10.784,15,49,16,15.821111,
,2018-09-13 15:51:12,700046.0,3000.0,,,90.0,TDM 21,1.59,2018-09-17 14:23:49.427000000,10866.0,2.0,2018-09-13,2018-09-13 15:51:21.856,15,51,12,15.853333,
,2018-09-13 15:52:40,700073.0,13250.0,,,90.0,TDM 21,6.99,2018-09-17 14:23:49.430000000,10866.0,2.0,2018-09-13,2018-09-13 15:53:32.928,15,52,40,15.877778,
,2018-09-17 15:31:58,701079.0,1500.0,,,90.0,TDM 21,0.79,2018-09-17 14:23:49.437000000,10866.0,2.0,2018-09-17,2018-09-17 15:32:19.072,15,31,58,15.532778,
,2018-09-13 06:40:26,375042.0,6650.0,,,44.0,,3.49,2018-09-17 14:26:39.400000000,10867.0,2.0,2018-09-13,2018-09-13 06:40:51.712,6,40,26,6.6738887,
,2018-09-13 07:52:40,375093.0,6650.0,,,44.0,,3.49,2018-09-17 14:26:39.417000000,10867.0,2.0,2018-09-13,2018-09-13 07:52:57.088,7,52,40,7.8777776,
,2018-09-13 08:46:57,375093.0,6650.0,,,44.0,,3.49,2018-09-17 14:26:39.420000000,10867.0,2.0,2018-09-13,2018-09-13 08:47:33.888,8,46,57,8.7825,
,2018-09-13 08:52:09,375042.0,6650.0,,,44.0,,3.49,2018-09-17 14:26:39.427000000,10867.0,2.0,2018-09-13,2018-09-13 08:51:56.032,8,52,9,8.869166,
,2018-09-12 10:17:23,235038.0,1500.0,,,71.0,TDM 2,0.79,2018-09-17 14:29:24.613000000,10868.0,2.0,2018-09-12,2018-09-12 10:17:31.392,10,17,23,10.289722,
,2018-09-13 12:27:22,615202.0,1500.0,,,71.0,TDM 2,0.79,2018-09-17 14:29:24.620000000,10868.0,2.0,2018-09-13,2018-09-13 12:28:12.160,12,27,22,12.456111,
,2018-09-13 14:41:17,615031.0,1500.0,,,71.0,TDM 2,0.79,2018-09-17 14:29:24.623000000,10868.0,2.0,2018-09-13,2018-09-13 14:41:27.552,14,41,17,14.688056,
,2018-09-13 14:55:22,615026.0,2000.0,,,71.0,TDM 2,1.06,2018-09-17 14:29:24.630000000,10868.0,2.0,2018-09-13,2018-09-13 14:54:33.984,14,55,22,14.922778,
,2018-09-13 15:02:47,615029.0,1500.0,,,71.0,TDM 2,0.79,2018-09-17 14:29:24.637000000,10868.0,2.0,2018-09-13,2018-09-13 15:03:18.272,15,2,47,15.046389,
,2018-09-13 15:42:30,615072.0,1500.0,,,71.0,TDM 2,0.79,2018-09-17 14:29:24.643000000,10868.0,2.0,2018-09-13,2018-09-13 15:42:37.568,15,42,30,15.708333,
,2018-09-13 17:23:06,615112.0,3000.0,,,71.0,TDM 2,1.59,2018-09-17 14:29:24.650000000,10868.0,2.0,2018-09-13,2018-09-13 17:23:06.880,17,23,6,17.385,
,2018-09-14 10:00:28,615203.0,1500.0,,,71.0,TDM 2,0.79,2018-09-17 14:29:24.653000000,10868.0,2.0,2018-09-14,2018-09-14 10:01:26.784,10,0,28,10.007778,
,2018-09-14 10:51:20,615181.0,2000.0,,,71.0,TDM 2,1.06,2018-09-17 14:29:24.660000000,10868.0,2.0,2018-09-14,2018-09-14 10:51:41.440,10,51,20,10.855556,
,2018-09-15 07:44:02,615129.0,2000.0,,,71.0,TDM 2,1.06,2018-09-17 14:29:24.667000000,10868.0,2.0,2018-09-15,2018-09-15 07:43:25.696,7,44,2,7.733889,
,2018-09-15 09:54:36,615037.0,1500.0,,,71.0,TDM 2,0.79,2018-09-17 14:29:24.673000000,10868.0,2.0,2018-09-15,2018-09-15 09:54:30.016,9,54,36,9.91,
,2018-09-17 08:45:07,615050.0,2000.0,,,71.0,TDM 2,1.06,2018-09-17 14:29:24.680000000,10868.0,2.0,2018-09-17,2018-09-17 08:45:59.680,8,45,7,8.751945,
,2018-09-17 09:32:00,615201.0,2500.0,,,71.0,TDM 2,1.32,2018-09-17 14:29:24.683000000,10868.0,2.0,2018-09-17,2018-09-17 09:31:52.192,9,32,0,9.533334,
,2018-09-17 09:51:44,615131.0,2000.0,,,71.0,TDM 2,1.06,2018-09-17 14:29:24.690000000,10868.0,2.0,2018-09-17,2018-09-17 09:51:31.840,9,51,44,9.862223,
,2018-09-12 09:58:49,318008.0,2500.0,,,70.0,TDM 1,1.32,2018-09-17 14:40:40.103000000,10869.0,2.0,2018-09-12,2018-09-12 09:57:51.744,9,58,49,9.980278,
,2018-09-12 11:13:16,318004.0,2500.0,,,70.0,TDM 1,1.32,2018-09-17 14:40:40.113000000,10869.0,2.0,2018-09-12,2018-09-12 11:14:19.264,11,13,16,11.221111,
,2018-09-14 06:10:40,318054.0,1500.0,,,70.0,TDM 1,0.79,2018-09-17 14:40:40.120000000,10869.0,2.0,2018-09-14,2018-09-14 06:09:53.152,6,10,40,6.177778,
,2018-09-14 08:02:54,319064.0,2000.0,,,70.0,TDM 1,1.06,2018-09-17 14:40:40.127000000,10869.0,2.0,2018-09-14,2018-09-14 08:03:28.896,8,2,54,8.048333,
,2018-09-14 09:16:07,318119.0,2000.0,,,70.0,TDM 1,1.06,2018-09-17 14:40:40.133000000,10869.0,2.0,2018-09-14,2018-09-14 09:15:34.272,9,16,7,9.268611,
,2018-09-14 09:31:40,318131.0,1500.0,,,70.0,TDM 1,0.79,2018-09-17 14:40:40.140000000,10869.0,2.0,2018-09-14,2018-09-14 09:30:51.776,9,31,40,9.527778,
,2018-09-15 07:20:22,318128.0,2000.0,,,70.0,TDM 1,1.06,2018-09-17 14:40:40.143000000,10869.0,2.0,2018-09-15,2018-09-15 07:19:23.904,7,20,22,7.3394446,
,2018-09-16 17:08:11,318002.0,2500.0,,,70.0,TDM 1,1.32,2018-09-17 14:40:40.150000000,10869.0,2.0,2018-09-16,2018-09-16 17:08:49.792,17,8,11,17.136389,
,2018-09-17 08:56:10,318034.0,2000.0,,,70.0,TDM 1,1.06,2018-09-17 14:40:40.157000000,10869.0,2.0,2018-09-17,2018-09-17 08:56:55.040,8,56,10,8.936111,
,2018-09-19 07:41:29,648001.0,2000.0,,,99.0,TDM 30,1.06,2018-09-21 13:32:27.597000000,10871.0,2.0,2018-09-19,2018-09-19 07:41:51.488,7,41,29,7.691389,
,2018-09-20 08:23:54,645044.0,8850.0,,,99.0,TDM 30,4.66,2018-09-21 13:32:27.603000000,10871.0,2.0,2018-09-20,2018-09-20 08:22:58.304,8,23,54,8.398334,
,2018-09-20 09:58:31,645044.0,8850.0,,,99.0,TDM 30,4.66,2018-09-21 13:32:27.610000000,10871.0,2.0,2018-09-20,2018-09-20 09:59:05.472,9,58,31,9.975278,
,2018-09-20 17:12:02,648021.0,2000.0,,,99.0,TDM 30,1.06,2018-09-21 13:32:27.617000000,10871.0,2.0,2018-09-20,2018-09-20 17:11:37.728,17,12,2,17.200556,
,2018-09-21 05:55:52,648125.0,2500.0,,,99.0,TDM 30,1.32,2018-09-21 13:32:27.623000000,10871.0,2.0,2018-09-21,2018-09-21 05:56:12.928,5,55,52,5.9311113,
,2018-09-18 09:15:17,696055.0,3000.0,,,97.0,TDM 28,1.59,2018-09-21 13:35:29.413000000,10872.0,2.0,2018-09-18,2018-09-18 09:16:11.136,9,15,17,9.254723,
,2018-09-19 06:33:05,696078.0,3000.0,,,97.0,TDM 28,1.59,2018-09-21 13:35:29.420000000,10872.0,2.0,2018-09-19,2018-09-19 06:34:08.256,6,33,5,6.5513887,
,2018-09-19 07:44:34,696084.0,1500.0,,,97.0,TDM 28,0.79,2018-09-21 13:35:29.430000000,10872.0,2.0,2018-09-19,2018-09-19 07:44:02.560,7,44,34,7.742778,
,2018-09-19 08:45:36,696072.0,1500.0,,,97.0,TDM 28,0.79,2018-09-21 13:35:29.437000000,10872.0,2.0,2018-09-19,2018-09-19 08:45:12.576,8,45,36,8.76,
,2018-09-19 09:41:14,696105.0,2500.0,,,97.0,TDM 28,1.32,2018-09-21 13:35:29.450000000,10872.0,2.0,2018-09-19,2018-09-19 09:42:00.448,9,41,14,9.6872225,
,2018-09-20 06:59:14,696053.0,1500.0,,,97.0,TDM 28,0.79,2018-09-21 13:35:29.467000000,10872.0,2.0,2018-09-20,2018-09-20 06:59:57.568,6,59,14,6.987222,
,2018-09-20 17:09:14,696123.0,3000.0,,,97.0,TDM 28,1.59,2018-09-21 13:35:29.473000000,10872.0,2.0,2018-09-20,2018-09-20 17:09:26.656,17,9,14,17.153889,
,2018-09-21 07:15:54,696037.0,6650.0,,,97.0,TDM 28,3.49,2018-09-21 13:35:29.483000000,10872.0,2.0,2018-09-21,2018-09-21 07:14:51.520,7,15,54,7.265,
,2018-09-21 07:29:43,696003.0,2000.0,,,97.0,TDM 28,1.06,2018-09-21 13:35:29.497000000,10872.0,2.0,2018-09-21,2018-09-21 07:30:09.024,7,29,43,7.495278,
,2018-09-21 07:36:18,696052.0,2000.0,,,97.0,TDM 28,1.06,2018-09-21 13:35:29.513000000,10872.0,2.0,2018-09-21,2018-09-21 07:36:42.240,7,36,18,7.605,
,2018-09-21 07:56:49,696176.0,2500.0,,,97.0,TDM 28,1.32,2018-09-21 13:35:29.540000000,10872.0,2.0,2018-09-21,2018-09-21 07:56:21.888,7,56,49,7.946944,
,2018-09-01 09:00:03,612005.0,2500.0,,,87.0,TDM 18,1.32,2018-09-21 13:38:07.330000000,10873.0,2.0,2018-09-01,2018-09-01 09:01:00.800,9,0,3,9.0008335,
,2018-09-11 08:51:27,612078.0,0.0,,,87.0,TDM 18,0.79,2018-09-21 13:38:07.337000000,10873.0,2.0,2018-09-11,2018-09-11 08:50:32.064,8,51,27,8.8575,
,2018-09-21 10:01:08,559055.0,6650.0,,,76.0,TDM 7,3.49,2018-09-21 13:50:37.567000000,10875.0,2.0,2018-09-21,2018-09-21 10:00:52.992,10,1,8,10.018888,
,2018-09-18 15:41:44,618084.0,2500.0,,,71.0,TDM 2,1.32,2018-09-21 13:53:44.880000000,10876.0,2.0,2018-09-18,2018-09-18 15:40:39.808,15,41,44,15.695556,
,2018-09-20 08:31:21,618086.0,2500.0,,,71.0,TDM 2,1.32,2018-09-21 13:53:44.883000000,10876.0,2.0,2018-09-20,2018-09-20 08:31:42.592,8,31,21,8.5225,
,2018-09-21 06:22:39,618074.0,1500.0,,,71.0,TDM 2,0.79,2018-09-21 13:53:44.890000000,10876.0,2.0,2018-09-21,2018-09-21 06:22:25.792,6,22,39,6.3775,
,2018-09-21 07:11:06,615210.0,2000.0,,,71.0,TDM 2,1.06,2018-09-21 13:53:44.893000000,10876.0,2.0,2018-09-21,2018-09-21 07:10:29.376,7,11,6,7.185,
,2018-09-21 07:28:10,615161.0,1500.0,,,71.0,TDM 2,0.79,2018-09-21 13:53:44.900000000,10876.0,2.0,2018-09-21,2018-09-21 07:27:57.952,7,28,10,7.4694443,
,2018-09-21 08:56:40,615009.0,2500.0,,,71.0,TDM 2,1.32,2018-09-21 13:53:44.907000000,10876.0,2.0,2018-09-21,2018-09-21 08:57:31.904,8,56,40,8.944445,
,2018-09-21 06:19:22,333008.0,3000.0,,,108.0,TDM 38,1.59,2018-09-21 13:56:35.640000000,10877.0,2.0,2018-09-21,2018-09-21 06:20:14.720,6,19,22,6.3227777,
,2018-09-21 10:59:31,335109.0,1500.0,,,108.0,TDM 38,0.79,2018-09-21 13:56:35.657000000,10877.0,2.0,2018-09-21,2018-09-21 10:59:51.936,10,59,31,10.991944,
,2018-09-21 11:04:46,333099.0,2500.0,,,108.0,TDM 38,1.32,2018-09-21 13:56:35.660000000,10877.0,2.0,2018-09-21,2018-09-21 11:04:14.080,11,4,46,11.079445,
,2018-09-18 09:04:49,661167.0,1500.0,,,102.0,TDM 33,0.79,2018-09-21 14:00:37.140000000,10878.0,2.0,2018-09-18,2018-09-18 09:05:15.776,9,4,49,9.080277,
,2018-09-19 07:16:03,661170.0,2500.0,,,102.0,TDM 33,1.32,2018-09-21 14:00:37.220000000,10878.0,2.0,2018-09-19,2018-09-19 07:15:38.624,7,16,3,7.2675,
,2018-09-20 07:02:27,661194.0,2000.0,,,102.0,TDM 33,1.06,2018-09-21 14:00:37.230000000,10878.0,2.0,2018-09-20,2018-09-20 07:02:08.640,7,2,27,7.0408335,
,2018-09-20 07:09:48,661194.0,2000.0,,,102.0,TDM 33,1.06,2018-09-21 14:00:37.237000000,10878.0,2.0,2018-09-20,2018-09-20 07:10:52.928,7,9,48,7.1633334,
,2018-09-15 08:24:04,649039.0,2000.0,,,96.0,TDM 27,1.06,2018-09-24 13:02:10.977000000,10881.0,2.0,2018-09-15,2018-09-15 08:24:56.064,8,24,4,8.401111,
,2018-09-15 08:29:17,649033.0,2000.0,,,96.0,TDM 27,1.06,2018-09-24 13:02:10.990000000,10881.0,2.0,2018-09-15,2018-09-15 08:29:18.208,8,29,17,8.488055,
,2018-09-17 08:49:36,649045.0,1500.0,,,96.0,TDM 27,0.79,2018-09-24 13:02:10.997000000,10881.0,2.0,2018-09-17,2018-09-17 08:50:21.824,8,49,36,8.826667,
,2018-09-20 08:34:49,649031.0,2000.0,,,96.0,TDM 27,1.06,2018-09-24 13:02:11.003000000,10881.0,2.0,2018-09-20,2018-09-20 08:33:53.664,8,34,49,8.580277,
,2018-09-24 08:13:41,649024.0,11050.0,,,96.0,TDM 27,5.82,2018-09-24 13:02:11.010000000,10881.0,2.0,2018-09-24,2018-09-24 08:12:39.808,8,13,41,8.228056,
,2018-09-24 08:54:02,649044.0,3000.0,,,96.0,TDM 27,1.59,2018-09-24 13:02:11.013000000,10881.0,2.0,2018-09-24,2018-09-24 08:54:10.176,8,54,2,8.900556,
,2018-09-24 08:57:52,649022.0,2500.0,,,96.0,TDM 27,1.32,2018-09-24 13:02:11.020000000,10881.0,2.0,2018-09-24,2018-09-24 08:58:32.320,8,57,52,8.964444,
,2018-09-24 10:28:31,220021.0,1500.0,,,95.0,TDM 26,0.79,2018-09-24 13:05:20.337000000,10882.0,2.0,2018-09-24,2018-09-24 10:28:06.272,10,28,31,10.475278,
,2018-09-19 09:40:42,318061.0,1500.0,,,70.0,TDM 1,0.79,2018-09-24 13:08:32.530000000,10883.0,2.0,2018-09-19,2018-09-19 09:39:49.376,9,40,42,9.678333,
,2018-09-22 10:35:28,318095.0,1500.0,,,70.0,TDM 1,0.79,2018-09-24 13:08:32.537000000,10883.0,2.0,2018-09-22,2018-09-22 10:35:26.592,10,35,28,10.591111,
,2018-09-24 10:39:12,318032.0,1500.0,,,70.0,TDM 1,0.79,2018-09-24 13:08:32.543000000,10883.0,2.0,2018-09-24,2018-09-24 10:39:01.632,10,39,12,10.653334,
,2018-09-21 06:57:28,227070.0,1500.0,,,73.0,TDM 4,0.79,2018-09-24 13:12:29.410000000,10884.0,2.0,2018-09-21,2018-09-21 06:57:22.944,6,57,28,6.957778,
,2018-09-21 06:59:48,227023.0,2500.0,,,73.0,TDM 4,1.32,2018-09-24 13:12:29.417000000,10884.0,2.0,2018-09-21,2018-09-21 06:59:34.016,6,59,48,6.9966664,
,2018-09-22 06:25:33,227108.0,3000.0,,,73.0,TDM 4,1.59,2018-09-24 13:12:29.423000000,10884.0,2.0,2018-09-22,2018-09-22 06:26:24.384,6,25,33,6.425833,
,2018-09-24 06:49:03,227065.0,2000.0,,,73.0,TDM 4,1.06,2018-09-24 13:12:29.430000000,10884.0,2.0,2018-09-24,2018-09-24 06:49:39.072,6,49,3,6.8175,
,2018-09-24 06:51:30,227094.0,2500.0,,,73.0,TDM 4,1.32,2018-09-24 13:12:29.437000000,10884.0,2.0,2018-09-24,2018-09-24 06:51:50.144,6,51,30,6.858333,
,2018-09-19 15:05:09,378073.0,2000.0,,,107.0,TDM 37,1.06,2018-09-24 13:15:30.423000000,10885.0,2.0,2018-09-19,2018-09-19 15:05:19.104,15,5,9,15.085834,
,2018-09-20 07:47:56,378032.0,2000.0,,,107.0,TDM 37,1.06,2018-09-24 13:15:30.430000000,10885.0,2.0,2018-09-20,2018-09-20 07:48:01.152,7,47,56,7.7988887,
,2018-09-24 07:40:10,378060.0,2500.0,,,107.0,TDM 37,1.32,2018-09-24 13:15:30.437000000,10885.0,2.0,2018-09-24,2018-09-24 07:39:53.728,7,40,10,7.6694446,
,2018-09-24 08:05:56,378014.0,2000.0,,,107.0,TDM 37,1.06,2018-09-24 13:15:30.443000000,10885.0,2.0,2018-09-24,2018-09-24 08:06:06.592,8,5,56,8.098889,
,2018-09-24 15:27:47,700059.0,8850.0,,,90.0,TDM 21,4.66,2018-09-24 13:19:21.320000000,10886.0,2.0,2018-09-24,2018-09-24 15:27:23.136,15,27,47,15.463056,
,2018-09-24 15:30:42,700089.0,2000.0,,,90.0,TDM 21,1.06,2018-09-24 13:19:21.327000000,10886.0,2.0,2018-09-24,2018-09-24 15:31:45.280,15,30,42,15.511666,
,2018-09-24 15:34:55,701042.0,3000.0,,,90.0,TDM 21,1.59,2018-09-24 13:19:21.330000000,10886.0,2.0,2018-09-24,2018-09-24 15:33:56.352,15,34,55,15.581944,
,2018-09-24 15:37:02,701065.0,2000.0,,,90.0,TDM 21,1.06,2018-09-24 13:19:21.337000000,10886.0,2.0,2018-09-24,2018-09-24 15:36:07.424,15,37,2,15.617222,
,2018-09-24 15:43:42,701072.0,2500.0,,,90.0,TDM 21,1.32,2018-09-24 13:19:21.343000000,10886.0,2.0,2018-09-24,2018-09-24 15:42:40.640,15,43,42,15.728333,
,2018-09-24 15:52:45,701111.0,2500.0,,,90.0,TDM 21,1.32,2018-09-24 13:19:21.350000000,10886.0,2.0,2018-09-24,2018-09-24 15:53:36.000,15,52,45,15.879167,
,2018-09-24 15:54:10,701120.0,1500.0,,,90.0,TDM 21,0.79,2018-09-24 13:19:21.357000000,10886.0,2.0,2018-09-24,2018-09-24 15:53:36.000,15,54,10,15.902778,
,2018-09-24 16:04:05,701079.0,1500.0,,,90.0,TDM 21,0.79,2018-09-24 13:19:21.360000000,10886.0,2.0,2018-09-24,2018-09-24 16:04:31.360,16,4,5,16.068056,
,2018-09-24 16:05:41,701079.0,1500.0,,,90.0,TDM 21,0.79,2018-09-24 13:19:21.367000000,10886.0,2.0,2018-09-24,2018-09-24 16:06:42.432,16,5,41,16.094723,
,2018-09-13 09:20:18,237006.0,2000.0,,,101.0,TDM 32,1.06,2018-09-27 12:55:25.420000000,10887.0,2.0,2018-09-13,2018-09-13 09:20:19.968,9,20,18,9.338333,
,2018-09-18 08:33:26,237034.0,3000.0,,,101.0,TDM 32,1.59,2018-09-27 12:55:25.433000000,10887.0,2.0,2018-09-18,2018-09-18 08:32:29.696,8,33,26,8.557222,
,2018-09-19 09:38:03,237052.0,1500.0,,,101.0,TDM 32,0.79,2018-09-27 12:55:25.447000000,10887.0,2.0,2018-09-19,2018-09-19 09:37:38.304,9,38,3,9.634167,
,2018-09-25 07:47:00,237012.0,6650.0,,,101.0,TDM 32,3.49,2018-09-27 12:55:25.457000000,10887.0,2.0,2018-09-25,2018-09-25 07:46:03.392,7,47,0,7.7833333,
,2018-09-25 08:31:08,237068.0,1500.0,,,101.0,TDM 32,0.79,2018-09-27 12:55:25.463000000,10887.0,2.0,2018-09-25,2018-09-25 08:31:55.904,8,31,8,8.518888,
,2018-09-27 08:34:57,237054.0,8850.0,,,101.0,TDM 32,4.66,2018-09-27 12:55:25.493000000,10887.0,2.0,2018-09-27,2018-09-27 08:35:30.944,8,34,57,8.5825,
,2018-09-10 13:32:24,315068.0,1500.0,,,80.0,TDM11,0.79,2018-09-27 13:01:17.287000000,10888.0,2.0,2018-09-10,2018-09-10 13:32:43.904,13,32,24,13.54,
,2018-09-12 07:50:23,315023.0,2500.0,,,80.0,TDM11,1.32,2018-09-27 13:01:17.297000000,10888.0,2.0,2018-09-12,2018-09-12 07:51:09.568,7,50,23,7.839722,
,2018-09-12 08:41:23,315160.0,1500.0,,,80.0,TDM11,0.79,2018-09-27 13:01:17.303000000,10888.0,2.0,2018-09-12,2018-09-12 08:41:24.224,8,41,23,8.689722,
,2018-09-17 08:14:20,315011.0,2000.0,,,80.0,TDM11,1.06,2018-09-27 13:01:17.310000000,10888.0,2.0,2018-09-17,2018-09-17 08:15:24.672,8,14,20,8.238889,
,2018-09-17 09:14:44,315061.0,3000.0,,,80.0,TDM11,1.59,2018-09-27 13:01:17.313000000,10888.0,2.0,2018-09-17,2018-09-17 09:14:23.616,9,14,44,9.245556,
,2018-09-17 09:24:48,315063.0,3000.0,,,80.0,TDM11,1.59,2018-09-27 13:01:17.320000000,10888.0,2.0,2018-09-17,2018-09-17 09:25:18.976,9,24,48,9.413333,
,2018-09-19 09:04:19,315004.0,3000.0,,,80.0,TDM11,1.59,2018-09-27 13:01:17.327000000,10888.0,2.0,2018-09-19,2018-09-19 09:04:52.224,9,4,19,9.071944,
,2018-09-19 09:34:18,315087.0,2000.0,,,80.0,TDM11,1.06,2018-09-27 13:01:17.333000000,10888.0,2.0,2018-09-19,2018-09-19 09:33:16.160,9,34,18,9.571667,
,2018-09-19 09:55:25,315100.0,1500.0,,,80.0,TDM11,0.79,2018-09-27 13:01:17.340000000,10888.0,2.0,2018-09-19,2018-09-19 09:55:06.880,9,55,25,9.923611,
,2018-09-22 07:58:53,315003.0,2500.0,,,80.0,TDM11,1.32,2018-09-27 13:01:17.343000000,10888.0,2.0,2018-09-22,2018-09-22 07:58:09.408,7,58,53,7.981389,
,2018-09-22 08:21:06,315030.0,1500.0,,,80.0,TDM11,0.79,2018-09-27 13:01:17.350000000,10888.0,2.0,2018-09-22,2018-09-22 08:22:11.200,8,21,6,8.351666,
,2018-09-25 07:46:38,698015.0,2000.0,,,80.0,TDM11,1.06,2018-09-27 13:01:17.357000000,10888.0,2.0,2018-09-25,2018-09-25 07:46:03.392,7,46,38,7.777222,
,2018-09-25 07:54:33,698020.0,2000.0,,,80.0,TDM11,1.06,2018-09-27 13:01:17.370000000,10888.0,2.0,2018-09-25,2018-09-25 07:54:47.680,7,54,33,7.909167,
,2018-09-10 11:53:19,243041.0,3000.0,,,98.0,TDM 29,1.59,2018-09-27 13:13:46.013000000,10889.0,2.0,2018-09-10,2018-09-10 11:52:14.592,11,53,19,11.888611,
,2018-09-12 09:32:39,243121.0,1500.0,,,98.0,TDM 29,0.79,2018-09-27 13:13:46.020000000,10889.0,2.0,2018-09-12,2018-09-12 09:31:38.880,9,32,39,9.544167,
,2018-09-12 10:36:00,243135.0,1500.0,,,98.0,TDM 29,0.79,2018-09-27 13:13:46.027000000,10889.0,2.0,2018-09-12,2018-09-12 10:34:59.968,10,36,0,10.6,
,2018-09-13 10:54:02,581032.0,2000.0,,,98.0,TDM 29,1.06,2018-09-27 13:13:46.033000000,10889.0,2.0,2018-09-13,2018-09-13 10:54:16.064,10,54,2,10.900556,
,2018-09-20 09:08:57,581054.0,1500.0,,,98.0,TDM 29,0.79,2018-09-27 13:13:46.040000000,10889.0,2.0,2018-09-20,2018-09-20 09:08:50.816,9,8,57,9.149167,
,2018-09-20 16:45:11,243100.0,2500.0,,,98.0,TDM 29,1.32,2018-09-27 13:13:46.043000000,10889.0,2.0,2018-09-20,2018-09-20 16:45:24.864,16,45,11,16.753056,
,2018-09-21 09:38:17,243122.0,1500.0,,,98.0,TDM 29,0.79,2018-09-27 13:13:46.057000000,10889.0,2.0,2018-09-21,2018-09-21 09:39:02.272,9,38,17,9.638056,
,2018-09-21 10:01:12,243116.0,2000.0,,,98.0,TDM 29,1.06,2018-09-27 13:13:46.063000000,10889.0,2.0,2018-09-21,2018-09-21 10:00:52.992,10,1,12,10.02,
,2018-09-24 10:02:31,243094.0,1500.0,,,98.0,TDM 29,0.79,2018-09-27 13:13:46.070000000,10889.0,2.0,2018-09-24,2018-09-24 10:01:53.408,10,2,31,10.0419445,
,2018-09-24 10:24:36,243084.0,2500.0,,,98.0,TDM 29,1.32,2018-09-27 13:13:46.077000000,10889.0,2.0,2018-09-24,2018-09-24 10:23:44.128,10,24,36,10.41,
,2018-09-25 14:35:31,581080.0,2500.0,,,98.0,TDM 29,1.32,2018-09-27 13:13:46.080000000,10889.0,2.0,2018-09-25,2018-09-25 14:34:33.856,14,35,31,14.591945,
,2018-09-25 14:37:41,581080.0,2500.0,,,98.0,TDM 29,1.32,2018-09-27 13:13:46.093000000,10889.0,2.0,2018-09-25,2018-09-25 14:36:44.928,14,37,41,14.628056,
,2018-09-25 14:40:49,581080.0,2500.0,,,98.0,TDM 29,1.32,2018-09-27 13:13:46.100000000,10889.0,2.0,2018-09-25,2018-09-25 14:41:07.072,14,40,49,14.680278,
,2018-09-25 14:44:24,581080.0,2500.0,,,98.0,TDM 29,1.32,2018-09-27 13:13:46.103000000,10889.0,2.0,2018-09-25,2018-09-25 14:45:29.216,14,44,24,14.74,
,2018-09-25 14:50:46,581080.0,2500.0,,,98.0,TDM 29,1.32,2018-09-27 13:13:46.110000000,10889.0,2.0,2018-09-25,2018-09-25 14:49:51.360,14,50,46,14.846111,
,2018-09-25 14:55:01,581080.0,2500.0,,,98.0,TDM 29,1.32,2018-09-27 13:13:46.117000000,10889.0,2.0,2018-09-25,2018-09-25 14:54:13.504,14,55,1,14.9169445,
,2018-09-25 16:32:09,581115.0,2000.0,,,98.0,TDM 29,1.06,2018-09-27 13:13:46.123000000,10889.0,2.0,2018-09-25,2018-09-25 16:32:31.744,16,32,9,16.535833,
,2018-09-25 16:35:43,581116.0,2500.0,,,98.0,TDM 29,1.32,2018-09-27 13:13:46.130000000,10889.0,2.0,2018-09-25,2018-09-25 16:34:42.816,16,35,43,16.595278,
,2018-09-26 16:18:04,243107.0,2500.0,,,98.0,TDM 29,1.32,2018-09-27 13:13:46.133000000,10889.0,2.0,2018-09-26,2018-09-26 16:19:01.760,16,18,4,16.301111,
,2018-09-26 16:20:55,243107.0,2500.0,,,98.0,TDM 29,1.32,2018-09-27 13:13:46.140000000,10889.0,2.0,2018-09-26,2018-09-26 16:21:12.832,16,20,55,16.348612,
,2018-09-26 16:39:09,243103.0,1500.0,,,98.0,TDM 29,0.79,2018-09-27 13:13:46.147000000,10889.0,2.0,2018-09-26,2018-09-26 16:38:41.408,16,39,9,16.6525,
,2018-09-26 17:42:25,243093.0,3000.0,,,98.0,TDM 29,1.59,2018-09-27 13:13:46.153000000,10889.0,2.0,2018-09-26,2018-09-26 17:42:02.496,17,42,25,17.706944,
,2018-09-27 06:41:36,243167.0,3000.0,,,98.0,TDM 29,1.59,2018-09-27 13:13:46.160000000,10889.0,2.0,2018-09-27,2018-09-27 06:41:55.200,6,41,36,6.693333,
,2018-09-27 07:24:09,243077.0,2000.0,,,98.0,TDM 29,1.06,2018-09-27 13:13:46.163000000,10889.0,2.0,2018-09-27,2018-09-27 07:23:25.568,7,24,9,7.4025,
,2018-09-27 07:50:54,243090.0,1500.0,,,98.0,TDM 29,0.79,2018-09-27 13:13:46.177000000,10889.0,2.0,2018-09-27,2018-09-27 07:51:49.504,7,50,54,7.8483334,
,2018-09-27 09:39:20,244007.0,6650.0,,,82.0,TDM 13,3.49,2018-09-27 13:22:08.947000000,10890.0,2.0,2018-09-27,2018-09-27 09:38:52.032,9,39,20,9.655556,
,2018-09-22 06:38:04,371018.0,2500.0,,,116.0,TDM 46,1.32,2018-09-27 13:30:06.227000000,10891.0,2.0,2018-09-22,2018-09-22 06:37:19.744,6,38,4,6.634444,
,2018-09-22 06:48:28,371007.0,11050.0,,,116.0,TDM 46,5.82,2018-09-27 13:30:06.233000000,10891.0,2.0,2018-09-22,2018-09-22 06:48:15.104,6,48,28,6.807778,
,2018-09-22 06:55:53,371007.0,11050.0,,,116.0,TDM 46,5.82,2018-09-27 13:30:06.240000000,10891.0,2.0,2018-09-22,2018-09-22 06:54:48.320,6,55,53,6.931389,
,2018-09-22 06:57:08,371007.0,11050.0,,,116.0,TDM 46,5.82,2018-09-27 13:30:06.243000000,10891.0,2.0,2018-09-22,2018-09-22 06:56:59.392,6,57,8,6.9522223,
,2018-09-22 07:15:48,371035.0,2500.0,,,116.0,TDM 46,1.32,2018-09-27 13:30:06.250000000,10891.0,2.0,2018-09-22,2018-09-22 07:16:39.040,7,15,48,7.2633333,
,2018-09-22 07:40:55,371011.0,2500.0,,,116.0,TDM 46,1.32,2018-09-27 13:30:06.257000000,10891.0,2.0,2018-09-22,2018-09-22 07:40:40.832,7,40,55,7.6819444,
,2018-09-22 07:47:54,371025.0,2000.0,,,116.0,TDM 46,1.06,2018-09-27 13:30:06.263000000,10891.0,2.0,2018-09-22,2018-09-22 07:47:14.048,7,47,54,7.798333,
,2018-09-22 08:03:04,371056.0,11050.0,,,116.0,TDM 46,5.82,2018-09-27 13:30:06.270000000,10891.0,2.0,2018-09-22,2018-09-22 08:02:31.552,8,3,4,8.051111,
,2018-09-26 06:52:04,371090.0,1500.0,,,116.0,TDM 46,0.79,2018-09-27 13:30:06.273000000,10891.0,2.0,2018-09-26,2018-09-26 06:51:03.040,6,52,4,6.867778,
,2018-09-26 07:28:38,371083.0,2000.0,,,116.0,TDM 46,1.06,2018-09-27 13:30:06.280000000,10891.0,2.0,2018-09-26,2018-09-26 07:28:11.264,7,28,38,7.4772224,
,2018-09-26 07:39:27,371059.0,1500.0,,,116.0,TDM 46,0.79,2018-09-27 13:30:06.287000000,10891.0,2.0,2018-09-26,2018-09-26 07:39:06.624,7,39,27,7.6575,
,2018-09-12 13:40:17,6102023.0,3000.0,,,88.0,TDM 19,1.59,2018-09-27 13:36:29.270000000,10892.0,2.0,2018-09-12,2018-09-12 13:40:41.088,13,40,17,13.671389,
,2018-09-13 13:01:51,6102096.0,2000.0,,,88.0,TDM 19,1.06,2018-09-27 13:36:29.280000000,10892.0,2.0,2018-09-13,2018-09-13 13:00:58.240,13,1,51,13.030833,
,2018-09-17 07:38:56,6102092.0,3000.0,,,88.0,TDM 19,1.59,2018-09-27 13:36:29.287000000,10892.0,2.0,2018-09-17,2018-09-17 07:38:16.448,7,38,56,7.648889,
,2018-09-17 09:41:54,6102140.0,1500.0,,,88.0,TDM 19,0.79,2018-09-27 13:36:29.293000000,10892.0,2.0,2018-09-17,2018-09-17 09:42:47.552,9,41,54,9.698334,
,2018-09-17 10:37:21,208999.0,0.0,,,88.0,TDM 19,999.0,2018-09-27 13:36:29.300000000,10892.0,2.0,2018-09-17,2018-09-17 10:37:24.352,10,37,21,10.6225,
,2018-09-19 07:03:35,6102140.0,0.0,,,88.0,TDM 19,0.79,2018-09-27 13:36:29.307000000,10892.0,2.0,2018-09-19,2018-09-19 07:02:32.192,7,3,35,7.0597224,
,2018-09-19 07:27:10,6102155.0,2000.0,,,88.0,TDM 19,1.06,2018-09-27 13:36:29.310000000,10892.0,2.0,2018-09-19,2018-09-19 07:26:33.984,7,27,10,7.452778,
,2018-09-19 08:39:37,6102169.0,3000.0,,,88.0,TDM 19,1.59,2018-09-27 13:36:29.317000000,10892.0,2.0,2018-09-19,2018-09-19 08:38:39.360,8,39,37,8.660277,
,2018-09-18 07:27:22,245033.0,2500.0,,,123.0,TDM 53,1.32,2018-09-27 13:43:22.347000000,10893.0,2.0,2018-09-18,2018-09-18 07:26:57.536,7,27,22,7.456111,
,2018-09-18 07:28:42,245033.0,2500.0,,,123.0,TDM 53,1.32,2018-09-27 13:43:22.350000000,10893.0,2.0,2018-09-18,2018-09-18 07:29:08.608,7,28,42,7.4783335,
,2018-09-19 07:01:17,246015.0,2000.0,,,123.0,TDM 53,1.06,2018-09-27 13:43:22.393000000,10893.0,2.0,2018-09-19,2018-09-19 07:00:21.120,7,1,17,7.021389,
,2018-09-20 06:20:41,245062.0,3000.0,,,123.0,TDM 53,1.59,2018-09-27 13:43:22.400000000,10893.0,2.0,2018-09-20,2018-09-20 06:20:38.272,6,20,41,6.3447223,
,2018-09-20 06:21:41,245062.0,3000.0,,,123.0,TDM 53,1.59,2018-09-27 13:43:22.407000000,10893.0,2.0,2018-09-20,2018-09-20 06:20:38.272,6,21,41,6.3613887,
,2018-09-20 07:10:30,246043.0,3000.0,,,123.0,TDM 53,1.59,2018-09-27 13:43:22.410000000,10893.0,2.0,2018-09-20,2018-09-20 07:10:52.928,7,10,30,7.175,
,2018-09-24 07:38:32,246016.0,2000.0,,,123.0,TDM 53,1.06,2018-09-27 13:43:22.423000000,10893.0,2.0,2018-09-24,2018-09-24 07:37:42.656,7,38,32,7.6422224,
,2018-09-14 08:20:33,614040.0,1500.0,,,91.0,TDM 22,0.79,2018-09-27 13:52:28.760000000,10895.0,2.0,2018-09-14,2018-09-14 08:20:57.472,8,20,33,8.3425,
,2018-09-19 09:49:47,235101.0,2500.0,,,91.0,TDM 22,1.32,2018-09-27 13:52:28.773000000,10895.0,2.0,2018-09-19,2018-09-19 09:50:44.736,9,49,47,9.829722,
,2018-09-20 07:38:31,614005.0,1500.0,,,91.0,TDM 22,0.79,2018-09-27 13:52:28.780000000,10895.0,2.0,2018-09-20,2018-09-20 07:39:16.864,7,38,31,7.6419444,
,2018-09-20 09:11:21,614025.0,3000.0,,,91.0,TDM 22,1.59,2018-09-27 13:52:28.787000000,10895.0,2.0,2018-09-20,2018-09-20 09:11:01.888,9,11,21,9.189167,
,2018-09-20 09:24:31,614023.0,2500.0,,,91.0,TDM 22,1.32,2018-09-27 13:52:28.790000000,10895.0,2.0,2018-09-20,2018-09-20 09:24:08.320,9,24,31,9.408611,
,2018-09-20 13:37:55,216204.0,1500.0,,,91.0,TDM 22,0.79,2018-09-27 13:52:28.797000000,10895.0,2.0,2018-09-20,2018-09-20 13:37:32.672,13,37,55,13.631945,
,2018-09-21 07:18:37,235075.0,2000.0,,,91.0,TDM 22,1.06,2018-09-27 13:52:28.803000000,10895.0,2.0,2018-09-21,2018-09-21 07:19:13.664,7,18,37,7.310278,
,2018-09-21 07:40:26,235073.0,2000.0,,,91.0,TDM 22,1.06,2018-09-27 13:52:28.810000000,10895.0,2.0,2018-09-21,2018-09-21 07:41:04.384,7,40,26,7.6738887,
,2018-09-21 07:59:53,235069.0,2500.0,,,91.0,TDM 22,1.32,2018-09-27 13:52:28.817000000,10895.0,2.0,2018-09-21,2018-09-21 08:00:44.032,7,59,53,7.9980555,
,2018-09-21 08:21:58,235059.0,1500.0,,,91.0,TDM 22,0.79,2018-09-27 13:52:28.820000000,10895.0,2.0,2018-09-21,2018-09-21 08:22:34.752,8,21,58,8.366111,
,2018-09-21 14:08:28,216004.0,1500.0,,,91.0,TDM 22,0.79,2018-09-27 13:52:28.827000000,10895.0,2.0,2018-09-21,2018-09-21 14:07:44.128,14,8,28,14.141111,
,2018-09-21 15:38:13,216036.0,2000.0,,,91.0,TDM 22,1.06,2018-09-27 13:52:28.833000000,10895.0,2.0,2018-09-21,2018-09-21 15:37:18.080,15,38,13,15.636945,
,2018-09-21 15:48:38,216032.0,1500.0,,,91.0,TDM 22,0.79,2018-09-27 13:52:28.840000000,10895.0,2.0,2018-09-21,2018-09-21 15:48:13.440,15,48,38,15.810555,
,2018-09-22 06:39:40,614004.0,1500.0,,,91.0,TDM 22,0.79,2018-09-27 13:52:28.847000000,10895.0,2.0,2018-09-22,2018-09-22 06:39:30.816,6,39,40,6.661111,
,2018-09-22 06:46:54,614002.0,2000.0,,,91.0,TDM 22,1.06,2018-09-27 13:52:28.850000000,10895.0,2.0,2018-09-22,2018-09-22 06:46:04.032,6,46,54,6.7816668,
,2018-09-22 07:13:55,614015.0,3000.0,,,91.0,TDM 22,1.59,2018-09-27 13:52:28.857000000,10895.0,2.0,2018-09-22,2018-09-22 07:14:27.968,7,13,55,7.2319446,
,2018-09-24 07:43:37,235114.0,2500.0,,,91.0,TDM 22,1.32,2018-09-27 13:52:28.863000000,10895.0,2.0,2018-09-24,2018-09-24 07:44:15.872,7,43,37,7.7269444,
,2018-09-24 09:57:11,235118.0,1500.0,,,91.0,TDM 22,0.79,2018-09-27 13:52:28.870000000,10895.0,2.0,2018-09-24,2018-09-24 09:57:31.264,9,57,11,9.953055,
,2018-09-25 07:35:19,614010.0,1500.0,,,91.0,TDM 22,0.79,2018-09-27 13:52:28.877000000,10895.0,2.0,2018-09-25,2018-09-25 07:35:08.032,7,35,19,7.588611,
,2018-09-25 09:14:55,614038.0,1500.0,,,91.0,TDM 22,0.79,2018-09-27 13:52:28.880000000,10895.0,2.0,2018-09-25,2018-09-25 09:15:37.344,9,14,55,9.248611,
,2018-09-25 09:55:42,614046.0,2500.0,,,91.0,TDM 22,1.32,2018-09-27 13:52:28.887000000,10895.0,2.0,2018-09-25,2018-09-25 09:54:56.640,9,55,42,9.928333,
,2018-09-25 15:24:46,216110.0,2500.0,,,91.0,TDM 22,1.32,2018-09-27 13:52:28.893000000,10895.0,2.0,2018-09-25,2018-09-25 15:24:48.512,15,24,46,15.412778,
,2018-09-25 15:44:03,216102.0,2000.0,,,91.0,TDM 22,1.06,2018-09-27 13:52:28.900000000,10895.0,2.0,2018-09-25,2018-09-25 15:44:28.160,15,44,3,15.734167,
,2018-09-25 15:52:17,216102.0,2000.0,,,91.0,TDM 22,1.06,2018-09-27 13:52:28.907000000,10895.0,2.0,2018-09-25,2018-09-25 15:53:12.448,15,52,17,15.871388,
,2018-09-25 16:03:12,216102.0,2000.0,,,91.0,TDM 22,1.06,2018-09-27 13:52:28.910000000,10895.0,2.0,2018-09-25,2018-09-25 16:04:07.808,16,3,12,16.053333,
,2018-09-26 10:31:52,235095.0,2000.0,,,91.0,TDM 22,1.06,2018-09-27 13:52:28.917000000,10895.0,2.0,2018-09-26,2018-09-26 10:31:41.312,10,31,52,10.531111,
,2018-09-14 12:33:42,633092.0,2500.0,,,77.0,TDM 8,1.32,2018-09-27 13:56:48.370000000,10896.0,2.0,2018-09-14,2018-09-14 12:34:21.824,12,33,42,12.5616665,
,2018-09-17 08:01:13,582108.0,3000.0,,,77.0,TDM 8,1.59,2018-09-27 13:56:48.373000000,10896.0,2.0,2018-09-17,2018-09-17 08:02:18.240,8,1,13,8.020278,
,2018-09-20 07:01:12,633046.0,2500.0,,,77.0,TDM 8,1.32,2018-09-27 13:56:48.380000000,10896.0,2.0,2018-09-20,2018-09-20 07:02:08.640,7,1,12,7.02,
,2018-09-20 08:42:38,633156.0,6650.0,,,77.0,TDM 8,3.49,2018-09-27 13:56:48.387000000,10896.0,2.0,2018-09-20,2018-09-20 08:42:37.952,8,42,38,8.710556,
,2018-09-20 08:52:23,633163.0,2500.0,,,77.0,TDM 8,1.32,2018-09-27 13:56:48.393000000,10896.0,2.0,2018-09-20,2018-09-20 08:51:22.240,8,52,23,8.873055,
,2018-09-22 06:16:22,633071.0,11050.0,,,77.0,TDM 8,5.82,2018-09-27 13:56:48.400000000,10896.0,2.0,2018-09-22,2018-09-22 06:15:29.024,6,16,22,6.2727776,
,2018-09-22 07:42:10,633155.0,2000.0,,,77.0,TDM 8,1.06,2018-09-27 13:56:48.403000000,10896.0,2.0,2018-09-22,2018-09-22 07:42:51.904,7,42,10,7.702778,
,2018-09-22 08:56:54,633071.0,11050.0,,,77.0,TDM 8,5.82,2018-09-27 13:56:48.410000000,10896.0,2.0,2018-09-22,2018-09-22 08:57:08.352,8,56,54,8.948334,
,2018-09-22 08:58:34,633155.0,2000.0,,,77.0,TDM 8,1.06,2018-09-27 13:56:48.417000000,10896.0,2.0,2018-09-22,2018-09-22 08:59:19.424,8,58,34,8.976111,
,2018-09-10 09:41:55,305005.0,1500.0,,,78.0,TDM 9,0.79,2018-09-27 14:03:35.627000000,10897.0,2.0,2018-09-10,2018-09-10 09:41:10.272,9,41,55,9.698611,
,2018-09-10 11:17:49,305038.0,1500.0,,,78.0,TDM 9,0.79,2018-09-27 14:03:35.643000000,10897.0,2.0,2018-09-10,2018-09-10 11:17:17.440,11,17,49,11.296945,
,2018-09-18 08:19:07,305002.0,1500.0,,,78.0,TDM 9,0.79,2018-09-27 14:03:35.650000000,10897.0,2.0,2018-09-18,2018-09-18 08:19:23.264,8,19,7,8.318611,
,2018-09-18 08:21:28,305002.0,1500.0,,,78.0,TDM 9,0.79,2018-09-27 14:03:35.653000000,10897.0,2.0,2018-09-18,2018-09-18 08:21:34.336,8,21,28,8.357778,
,2018-09-19 08:54:00,312145.0,1500.0,,,78.0,TDM 9,0.79,2018-09-27 14:03:35.660000000,10897.0,2.0,2018-09-19,2018-09-19 08:53:56.864,8,54,0,8.9,
,2018-09-20 06:41:00,305097.0,1500.0,,,78.0,TDM 9,0.79,2018-09-27 14:03:35.667000000,10897.0,2.0,2018-09-20,2018-09-20 06:40:17.920,6,41,0,6.6833334,
,2018-09-20 08:04:34,305091.0,2000.0,,,78.0,TDM 9,1.06,2018-09-27 14:03:35.673000000,10897.0,2.0,2018-09-20,2018-09-20 08:05:29.728,8,4,34,8.076111,
,2018-09-21 08:04:19,312047.0,2500.0,,,78.0,TDM 9,1.32,2018-09-27 14:03:35.680000000,10897.0,2.0,2018-09-21,2018-09-21 08:05:06.176,8,4,19,8.071944,
,2018-09-22 07:22:35,305035.0,1500.0,,,78.0,TDM 9,0.79,2018-09-27 14:03:35.683000000,10897.0,2.0,2018-09-22,2018-09-22 07:23:12.256,7,22,35,7.376389,
,2018-09-22 07:46:58,305060.0,1500.0,,,78.0,TDM 9,0.79,2018-09-27 14:03:35.690000000,10897.0,2.0,2018-09-22,2018-09-22 07:47:14.048,7,46,58,7.782778,
,2018-09-22 08:41:20,305111.0,2000.0,,,78.0,TDM 9,1.06,2018-09-27 14:03:35.697000000,10897.0,2.0,2018-09-22,2018-09-22 08:41:50.848,8,41,20,8.688889,
,2018-09-24 08:15:44,305081.0,3000.0,,,78.0,TDM 9,1.59,2018-09-27 14:03:35.703000000,10897.0,2.0,2018-09-24,2018-09-24 08:14:50.880,8,15,44,8.262222,
,2018-09-24 08:23:56,305080.0,2000.0,,,78.0,TDM 9,1.06,2018-09-27 14:03:35.710000000,10897.0,2.0,2018-09-24,2018-09-24 08:23:35.168,8,23,56,8.398889,
,2018-09-24 10:42:25,312020.0,3000.0,,,78.0,TDM 9,1.59,2018-09-27 14:03:35.713000000,10897.0,2.0,2018-09-24,2018-09-24 10:43:23.776,10,42,25,10.706944,
,2018-09-25 07:43:13,312123.0,2000.0,,,78.0,TDM 9,1.06,2018-09-27 14:03:35.720000000,10897.0,2.0,2018-09-25,2018-09-25 07:43:52.320,7,43,13,7.720278,
,2018-09-25 07:44:08,312123.0,2000.0,,,78.0,TDM 9,1.06,2018-09-27 14:03:35.727000000,10897.0,2.0,2018-09-25,2018-09-25 07:43:52.320,7,44,8,7.7355556,
,2018-09-25 08:06:58,312011.0,2000.0,,,78.0,TDM 9,1.06,2018-09-27 14:03:35.733000000,10897.0,2.0,2018-09-25,2018-09-25 08:07:54.112,8,6,58,8.116111,
,2018-09-27 06:30:35,312086.0,2000.0,,,78.0,TDM 9,1.06,2018-09-27 14:03:35.740000000,10897.0,2.0,2018-09-27,2018-09-27 06:30:59.840,6,30,35,6.509722,
,2018-09-27 07:10:50,312051.0,1500.0,,,78.0,TDM 9,0.79,2018-09-27 14:03:35.743000000,10897.0,2.0,2018-09-27,2018-09-27 07:10:19.136,7,10,50,7.1805553,
,2018-09-27 07:30:09,312130.0,1500.0,,,78.0,TDM 9,0.79,2018-09-27 14:03:35.750000000,10897.0,2.0,2018-09-27,2018-09-27 07:29:58.784,7,30,9,7.5025,
,2018-09-28 05:37:56,227114.0,3000.0,,,73.0,TDM 4,1.59,2018-09-28 13:02:42.807000000,10898.0,2.0,2018-09-28,2018-09-28 05:38:10.560,5,37,56,5.632222,
,2018-09-28 06:58:44,649029.0,3000.0,,,96.0,TDM 27,1.59,2018-09-28 13:06:14.667000000,10899.0,2.0,2018-09-28,2018-09-28 06:59:00.224,6,58,44,6.978889,
,2018-09-28 07:09:35,649047.0,3000.0,,,96.0,TDM 27,1.59,2018-09-28 13:06:14.673000000,10899.0,2.0,2018-09-28,2018-09-28 07:09:55.584,7,9,35,7.1597223,
,2018-09-28 07:27:04,649023.0,2500.0,,,96.0,TDM 27,1.32,2018-09-28 13:06:14.680000000,10899.0,2.0,2018-09-28,2018-09-28 07:27:24.160,7,27,4,7.4511113,
,2018-09-25 12:45:38,378034.0,6650.0,,,107.0,TDM 37,3.49,2018-09-28 13:09:16.197000000,10900.0,2.0,2018-09-25,2018-09-25 12:45:20.256,12,45,38,12.760555,
,2018-09-25 12:47:43,378034.0,6650.0,,,107.0,TDM 37,3.49,2018-09-28 13:09:16.200000000,10900.0,2.0,2018-09-25,2018-09-25 12:47:31.328,12,47,43,12.795278,
,2018-09-25 12:49:48,378034.0,6650.0,,,107.0,TDM 37,3.49,2018-09-28 13:09:16.207000000,10900.0,2.0,2018-09-25,2018-09-25 12:49:42.400,12,49,48,12.83,
,2018-09-26 14:38:41,700025.0,13250.0,,,90.0,TDM 21,6.99,2018-09-28 13:12:31.870000000,10901.0,2.0,2018-09-26,2018-09-26 14:38:32.448,14,38,41,14.644722,
,2018-09-27 15:36:44,701135.0,2500.0,,,90.0,TDM 21,1.32,2018-09-28 13:12:31.877000000,10901.0,2.0,2018-09-27,2018-09-27 15:37:07.840,15,36,44,15.612223,
,2018-09-27 08:18:48,695007.0,8850.0,,,71.0,TDM 2,4.66,2018-10-01 12:38:09.640000000,10902.0,2.0,2018-09-27,2018-09-27 08:18:02.368,8,18,48,8.3133335,
,2018-09-27 08:27:54,695007.0,8850.0,,,71.0,TDM 2,4.66,2018-10-01 12:38:09.647000000,10902.0,2.0,2018-09-27,2018-09-27 08:28:57.728,8,27,54,8.465,
,2018-09-27 11:50:30,695076.0,6650.0,,,71.0,TDM 2,3.49,2018-10-01 12:38:09.653000000,10902.0,2.0,2018-09-27,2018-09-27 11:49:56.352,11,50,30,11.841666,
,2018-09-28 07:23:52,695022.0,1500.0,,,71.0,TDM 2,0.79,2018-10-01 12:38:09.660000000,10902.0,2.0,2018-09-28,2018-09-28 07:23:02.016,7,23,52,7.3977776,
,2018-09-26 09:49:43,386072.0,6650.0,,,79.0,TDM 10,3.49,2018-10-01 12:42:17.970000000,10903.0,2.0,2018-09-26,2018-09-26 09:50:10.944,9,49,43,9.828611,
,2018-09-29 08:01:32,386039.0,3000.0,,,79.0,TDM 10,1.59,2018-10-01 12:42:17.977000000,10903.0,2.0,2018-09-29,2018-09-29 08:01:57.760,8,1,32,8.025556,
,2018-10-01 07:01:41,386032.0,1500.0,,,79.0,TDM 10,0.79,2018-10-01 12:42:17.980000000,10903.0,2.0,2018-10-01,2018-10-01 07:02:11.712,7,1,41,7.0280557,
,2018-09-24 11:50:40,501019.0,2000.0,,,99.0,TDM 30,1.06,2018-10-01 12:46:54.650000000,10904.0,2.0,2018-09-24,2018-09-24 11:51:07.008,11,50,40,11.844444,
,2018-09-25 07:39:02,501021.0,8850.0,,,99.0,TDM 30,4.66,2018-10-01 12:46:54.663000000,10904.0,2.0,2018-09-25,2018-09-25 07:39:30.176,7,39,2,7.6505556,
,2018-09-25 11:58:55,501078.0,6650.0,,,99.0,TDM 30,3.49,2018-10-01 12:46:54.670000000,10904.0,2.0,2018-09-25,2018-09-25 11:59:27.744,11,58,55,11.981944,
,2018-09-26 07:31:48,501032.0,2000.0,,,99.0,TDM 30,1.06,2018-10-01 12:46:54.677000000,10904.0,2.0,2018-09-26,2018-09-26 07:32:33.408,7,31,48,7.53,
,2018-09-26 09:29:08,501101.0,6650.0,,,99.0,TDM 30,3.49,2018-10-01 12:46:54.680000000,10904.0,2.0,2018-09-26,2018-09-26 09:28:20.224,9,29,8,9.485556,
,2018-09-26 16:19:24,501136.0,1500.0,,,99.0,TDM 30,0.79,2018-10-01 12:46:54.687000000,10904.0,2.0,2018-09-26,2018-09-26 16:19:01.760,16,19,24,16.323334,
,2018-09-28 15:29:00,501064.0,8850.0,,,99.0,TDM 30,4.66,2018-10-01 12:46:54.693000000,10904.0,2.0,2018-09-28,2018-09-28 15:28:00.000,15,29,0,15.483334,
,2018-09-25 09:03:43,682036.0,2000.0,,,108.0,TDM 38,1.06,2018-10-01 12:50:52.727000000,10905.0,2.0,2018-09-25,2018-09-25 09:04:41.984,9,3,43,9.061944,
,2018-09-25 09:12:38,682037.0,2000.0,,,108.0,TDM 38,1.06,2018-10-01 12:50:52.730000000,10905.0,2.0,2018-09-25,2018-09-25 09:13:26.272,9,12,38,9.210556,
,2018-09-26 07:26:20,200001.0,2000.0,,,108.0,TDM 38,1.06,2018-10-01 12:50:52.737000000,10905.0,2.0,2018-09-26,2018-09-26 07:26:00.192,7,26,20,7.438889,
,2018-09-27 12:04:03,677106.0,2000.0,,,108.0,TDM 38,1.06,2018-10-01 12:50:52.743000000,10905.0,2.0,2018-09-27,2018-09-27 12:03:02.784,12,4,3,12.0675,
,2018-09-28 09:15:33,682039.0,1500.0,,,108.0,TDM 38,0.79,2018-10-01 12:50:52.750000000,10905.0,2.0,2018-09-28,2018-09-28 09:16:37.760,9,15,33,9.259167,
,2018-09-28 11:14:19,682064.0,6650.0,,,108.0,TDM 38,3.49,2018-10-01 12:50:52.753000000,10905.0,2.0,2018-09-28,2018-09-28 11:14:35.648,11,14,19,11.238611,
,2018-09-28 13:45:05,677029.0,2500.0,,,108.0,TDM 38,1.32,2018-10-01 12:50:52.760000000,10905.0,2.0,2018-09-28,2018-09-28 13:45:19.616,13,45,5,13.751389,
,2018-09-29 08:28:49,677018.0,1500.0,,,108.0,TDM 38,0.79,2018-10-01 12:50:52.767000000,10905.0,2.0,2018-09-29,2018-09-29 08:28:10.624,8,28,49,8.480278,
,2018-09-29 16:41:30,677044.0,3000.0,,,108.0,TDM 38,1.59,2018-10-01 12:50:52.773000000,10905.0,2.0,2018-09-29,2018-09-29 16:41:52.896,16,41,30,16.691668,
,2018-09-27 10:45:47,551066.0,1500.0,,,84.0,TDM 15,0.79,2018-10-01 12:57:11.433000000,10906.0,2.0,2018-09-27,2018-09-27 10:46:35.264,10,45,47,10.763056,
,2018-09-27 10:55:59,551088.0,1500.0,,,84.0,TDM 15,0.79,2018-10-01 12:57:11.447000000,10906.0,2.0,2018-09-27,2018-09-27 10:55:19.552,10,55,59,10.933056,
,2018-09-29 08:48:58,551017.0,1500.0,,,84.0,TDM 15,0.79,2018-10-01 12:57:11.453000000,10906.0,2.0,2018-09-29,2018-09-29 08:50:01.344,8,48,58,8.816112,
,2018-09-30 15:05:10,551039.0,1500.0,,,84.0,TDM 15,0.79,2018-10-01 12:57:11.460000000,10906.0,2.0,2018-09-30,2018-09-30 15:05:22.176,15,5,10,15.086111,
,2018-09-30 17:08:35,551088.0,2500.0,,,84.0,TDM 15,1.32,2018-10-01 12:57:11.467000000,10906.0,2.0,2018-09-30,2018-09-30 17:07:42.208,17,8,35,17.143055,
,2018-09-28 09:32:39,547036.0,2000.0,,,89.0,TDM 20,1.06,2018-10-01 13:02:19.327000000,10907.0,2.0,2018-09-28,2018-09-28 09:31:55.264,9,32,39,9.544167,
,2018-09-28 10:34:58,5470056.0,8850.0,,,89.0,TDM 20,4.66,2018-10-01 13:02:19.333000000,10907.0,2.0,2018-09-28,2018-09-28 10:35:16.352,10,34,58,10.582778,
,2018-09-26 09:52:05,242099.0,2000.0,,,97.0,TDM 28,1.06,2018-10-01 13:15:48.200000000,10909.0,2.0,2018-09-26,2018-09-26 09:52:22.016,9,52,5,9.868055,
,2018-09-29 09:39:57,242129.0,3000.0,,,97.0,TDM 28,1.59,2018-10-01 13:15:48.203000000,10909.0,2.0,2018-09-29,2018-09-29 09:40:16.000,9,39,57,9.665833,
,2018-09-27 08:37:11,331011.0,1500.0,,,74.0,TDM 5,0.79,2018-10-01 13:23:04.793000000,10910.0,2.0,2018-09-27,2018-09-27 08:37:42.016,8,37,11,8.619722,
,2018-09-29 07:45:11,331004.0,1500.0,,,74.0,TDM 5,0.79,2018-10-01 13:23:04.807000000,10910.0,2.0,2018-09-29,2018-09-29 07:44:29.184,7,45,11,7.7530556,
,2018-09-20 09:29:49,600122.0,3000.0,,,72.0,TDM 3,1.59,2018-10-01 13:35:29.503000000,10911.0,2.0,2018-09-20,2018-09-20 09:30:41.536,9,29,49,9.496944,
,2018-09-21 07:16:08,601119.0,2000.0,,,72.0,TDM 3,1.06,2018-10-01 13:35:29.520000000,10911.0,2.0,2018-09-21,2018-09-21 07:17:02.592,7,16,8,7.268889,
,2018-09-10 10:07:40,384028.0,6650.0,,,85.0,TDM 16,3.49,2018-10-01 13:44:03.003000000,10912.0,2.0,2018-09-10,2018-09-10 10:07:23.136,10,7,40,10.127778,
,2018-09-21 07:30:47,384023.0,1500.0,,,85.0,TDM 16,0.79,2018-10-01 13:44:03.017000000,10912.0,2.0,2018-09-21,2018-09-21 07:30:09.024,7,30,47,7.5130553,
,2018-09-22 06:54:22,384077.0,2500.0,,,85.0,TDM 16,1.32,2018-10-01 13:44:03.023000000,10912.0,2.0,2018-09-22,2018-09-22 06:54:48.320,6,54,22,6.9061112,
,2018-09-22 07:00:35,384057.0,2500.0,,,85.0,TDM 16,1.32,2018-10-01 13:44:03.030000000,10912.0,2.0,2018-09-22,2018-09-22 07:01:21.536,7,0,35,7.009722,
,2018-09-26 07:05:41,384178.0,6650.0,,,85.0,TDM 16,3.49,2018-10-01 13:44:03.037000000,10912.0,2.0,2018-09-26,2018-09-26 07:06:20.544,7,5,41,7.0947223,
,2018-09-28 07:45:26,384094.0,2000.0,,,85.0,TDM 16,1.06,2018-10-01 13:44:03.040000000,10912.0,2.0,2018-09-28,2018-09-28 07:44:52.736,7,45,26,7.757222,
,2018-09-28 07:56:48,384127.0,2000.0,,,85.0,TDM 16,1.06,2018-10-01 13:44:03.047000000,10912.0,2.0,2018-09-28,2018-09-28 07:55:48.096,7,56,48,7.9466667,
,2018-09-10 10:46:23,536024.0,2500.0,,,93.0,TDM 24,1.32,2018-10-05 12:53:57.823000000,10916.0,2.0,2018-09-10,2018-09-10 10:46:42.432,10,46,23,10.773056,
,2018-09-11 12:46:26,536114.0,3000.0,,,93.0,TDM 24,1.59,2018-10-05 12:53:57.833000000,10916.0,2.0,2018-09-11,2018-09-11 12:46:27.840,12,46,26,12.773889,
,2018-09-11 13:04:34,536053.0,1500.0,,,93.0,TDM 24,0.79,2018-10-05 12:53:57.840000000,10916.0,2.0,2018-09-11,2018-09-11 13:03:56.416,13,4,34,13.076111,
,2018-09-12 09:29:39,536123.0,2500.0,,,93.0,TDM 24,1.32,2018-10-05 12:53:57.847000000,10916.0,2.0,2018-09-12,2018-09-12 09:29:27.808,9,29,39,9.494166,
,2018-09-14 12:28:04,640052.0,1500.0,,,93.0,TDM 24,0.79,2018-10-05 12:53:57.850000000,10916.0,2.0,2018-09-14,2018-09-14 12:27:48.608,12,28,4,12.467778,
,2018-09-20 12:16:06,536165.0,1500.0,,,93.0,TDM 24,0.79,2018-10-05 12:53:57.857000000,10916.0,2.0,2018-09-20,2018-09-20 12:16:43.008,12,16,6,12.268333,
,2018-09-22 08:27:10,536139.0,1500.0,,,93.0,TDM 24,0.79,2018-10-05 12:53:57.863000000,10916.0,2.0,2018-09-22,2018-09-22 08:26:33.344,8,27,10,8.452778,
,2018-09-22 09:34:10,536036.0,2500.0,,,93.0,TDM 24,1.32,2018-10-05 12:53:57.870000000,10916.0,2.0,2018-09-22,2018-09-22 09:34:16.576,9,34,10,9.569445,
,2018-09-24 08:00:13,640137.0,1500.0,,,93.0,TDM 24,0.79,2018-10-05 12:53:57.877000000,10916.0,2.0,2018-09-24,2018-09-24 07:59:33.376,8,0,13,8.003612,
,2018-09-24 08:02:33,640109.0,2000.0,,,93.0,TDM 24,1.06,2018-10-05 12:53:57.880000000,10916.0,2.0,2018-09-24,2018-09-24 08:01:44.448,8,2,33,8.0425,
,2018-09-25 08:19:58,536022.0,2000.0,,,93.0,TDM 24,1.06,2018-10-05 12:53:57.887000000,10916.0,2.0,2018-09-25,2018-09-25 08:21:00.544,8,19,58,8.332778,
,2018-09-29 08:40:25,536021.0,2500.0,,,93.0,TDM 24,1.32,2018-10-05 12:53:57.893000000,10916.0,2.0,2018-09-29,2018-09-29 08:41:17.056,8,40,25,8.673611,
,2018-09-29 08:59:56,536021.0,2500.0,,,93.0,TDM 24,1.32,2018-10-05 12:53:57.900000000,10916.0,2.0,2018-09-29,2018-09-29 09:00:56.704,8,59,56,8.998889,
,2018-10-04 09:03:52,536066.0,1500.0,,,93.0,TDM 24,0.79,2018-10-05 12:53:57.907000000,10916.0,2.0,2018-10-04,2018-10-04 09:03:21.088,9,3,52,9.064445,
,2018-10-04 09:19:35,536075.0,1500.0,,,93.0,TDM 24,0.79,2018-10-05 12:53:57.910000000,10916.0,2.0,2018-10-04,2018-10-04 09:18:38.592,9,19,35,9.326389,
,2018-09-28 10:39:43,312118.0,1500.0,,,78.0,TDM 9,0.79,2018-10-05 12:57:06.637000000,10917.0,2.0,2018-09-28,2018-09-28 10:39:38.496,10,39,43,10.661944,
,2018-09-28 10:50:22,312108.0,3000.0,,,78.0,TDM 9,1.59,2018-10-05 12:57:06.640000000,10917.0,2.0,2018-09-28,2018-09-28 10:50:33.856,10,50,22,10.839444,
,2018-09-28 10:59:07,312121.0,2500.0,,,78.0,TDM 9,1.32,2018-10-05 12:57:06.647000000,10917.0,2.0,2018-09-28,2018-09-28 10:59:18.144,10,59,7,10.985278,
,2018-09-28 11:09:17,312147.0,2500.0,,,78.0,TDM 9,1.32,2018-10-05 12:57:06.653000000,10917.0,2.0,2018-09-28,2018-09-28 11:10:13.504,11,9,17,11.154722,
,2018-09-28 11:15:31,312119.0,3000.0,,,78.0,TDM 9,1.59,2018-10-05 12:57:06.660000000,10917.0,2.0,2018-09-28,2018-09-28 11:14:35.648,11,15,31,11.258611,
,2018-09-28 11:28:53,312151.0,2000.0,,,78.0,TDM 9,1.06,2018-10-05 12:57:06.667000000,10917.0,2.0,2018-09-28,2018-09-28 11:29:53.152,11,28,53,11.481389,
,2018-09-28 11:30:15,312154.0,1500.0,,,78.0,TDM 9,0.79,2018-10-05 12:57:06.670000000,10917.0,2.0,2018-09-28,2018-09-28 11:29:53.152,11,30,15,11.504167,
,2018-09-29 06:41:24,312083.0,2500.0,,,78.0,TDM 9,1.32,2018-10-05 12:57:06.677000000,10917.0,2.0,2018-09-29,2018-09-29 06:41:08.096,6,41,24,6.69,
,2018-09-29 06:58:01,312112.0,1500.0,,,78.0,TDM 9,0.79,2018-10-05 12:57:06.683000000,10917.0,2.0,2018-09-29,2018-09-29 06:58:36.672,6,58,1,6.966944,
,2018-09-29 08:08:32,312022.0,2500.0,,,78.0,TDM 9,1.32,2018-10-05 12:57:06.690000000,10917.0,2.0,2018-09-29,2018-09-29 08:08:30.976,8,8,32,8.142222,
,2018-09-29 08:34:09,312075.0,2500.0,,,78.0,TDM 9,1.32,2018-10-05 12:57:06.697000000,10917.0,2.0,2018-09-29,2018-09-29 08:34:43.840,8,34,9,8.569167,
,2018-10-01 07:16:09,312001.0,1500.0,,,78.0,TDM 9,0.79,2018-10-05 12:57:06.700000000,10917.0,2.0,2018-10-01,2018-10-01 07:15:18.144,7,16,9,7.2691665,
,2018-10-01 07:17:34,312001.0,1500.0,,,78.0,TDM 9,0.79,2018-10-05 12:57:06.707000000,10917.0,2.0,2018-10-01,2018-10-01 07:17:29.216,7,17,34,7.292778,
,2018-10-01 07:34:31,312029.0,1500.0,,,78.0,TDM 9,0.79,2018-10-05 12:57:06.713000000,10917.0,2.0,2018-10-01,2018-10-01 07:34:57.792,7,34,31,7.575278,
,2018-10-01 08:40:06,312140.0,1500.0,,,78.0,TDM 9,0.79,2018-10-05 12:57:06.720000000,10917.0,2.0,2018-10-01,2018-10-01 08:40:29.952,8,40,6,8.668333,
,2018-10-02 07:12:51,312070.0,2500.0,,,78.0,TDM 9,1.32,2018-10-05 12:57:06.727000000,10917.0,2.0,2018-10-02,2018-10-02 07:12:43.520,7,12,51,7.2141666,
,2018-10-02 07:59:06,312014.0,1500.0,,,78.0,TDM 9,0.79,2018-10-05 12:57:06.730000000,10917.0,2.0,2018-10-02,2018-10-02 07:58:36.032,7,59,6,7.985,
,2018-10-03 08:37:37,238008.0,1500.0,,,78.0,TDM 9,0.79,2018-10-05 12:57:06.743000000,10917.0,2.0,2018-10-03,2018-10-03 08:37:31.776,8,37,37,8.626945,
,2018-10-03 09:16:21,208999.0,0.0,,,78.0,TDM 9,9999.0,2018-10-05 12:57:06.760000000,10917.0,2.0,2018-10-03,2018-10-03 09:16:51.072,9,16,21,9.2725,
,2018-10-03 09:17:08,208999.0,0.0,,,78.0,TDM 9,9999.0,2018-10-05 12:57:06.767000000,10917.0,2.0,2018-10-03,2018-10-03 09:16:51.072,9,17,8,9.285556,
,2018-10-03 09:17:56,208999.0,0.0,,,78.0,TDM 9,9999.0,2018-10-05 12:57:06.773000000,10917.0,2.0,2018-10-03,2018-10-03 09:16:51.072,9,17,56,9.298889,
,2018-10-03 09:19:40,208999.0,0.0,,,78.0,TDM 9,8889.0,2018-10-05 12:57:06.780000000,10917.0,2.0,2018-10-03,2018-10-03 09:19:02.144,9,19,40,9.327778,
,2018-10-04 07:01:02,312048.0,2000.0,,,78.0,TDM 9,1.06,2018-10-05 12:57:06.787000000,10917.0,2.0,2018-10-04,2018-10-04 07:01:01.056,7,1,2,7.0172224,
,2018-10-04 08:27:08,312128.0,2000.0,,,78.0,TDM 9,1.06,2018-10-05 12:57:06.790000000,10917.0,2.0,2018-10-04,2018-10-04 08:26:12.864,8,27,8,8.452222,
,2018-10-04 08:35:09,312060.0,2000.0,,,78.0,TDM 9,1.06,2018-10-05 12:57:06.797000000,10917.0,2.0,2018-10-04,2018-10-04 08:34:57.152,8,35,9,8.585834,
,2018-09-13 07:47:33,525014.0,1500.0,,,103.0,TDM 34,0.79,2018-10-05 12:59:59.997000000,10918.0,2.0,2018-09-13,2018-09-13 07:48:34.944,7,47,33,7.7925,
,2018-09-14 11:25:12,525141.0,3000.0,,,103.0,TDM 34,1.59,2018-10-05 13:00:00.007000000,10918.0,2.0,2018-09-14,2018-09-14 11:24:27.520,11,25,12,11.42,
,2018-09-20 06:58:49,525078.0,2500.0,,,103.0,TDM 34,1.32,2018-10-05 13:00:00.013000000,10918.0,2.0,2018-09-20,2018-09-20 06:57:46.496,6,58,49,6.980278,
,2018-09-20 07:28:16,525099.0,2000.0,,,103.0,TDM 34,1.06,2018-10-05 13:00:00.020000000,10918.0,2.0,2018-09-20,2018-09-20 07:28:21.504,7,28,16,7.4711113,
,2018-09-20 09:18:14,525051.0,1500.0,,,103.0,TDM 34,0.79,2018-10-05 13:00:00.027000000,10918.0,2.0,2018-09-20,2018-09-20 09:17:35.104,9,18,14,9.303889,
,2018-09-20 09:20:53,525051.0,1500.0,,,103.0,TDM 34,0.79,2018-10-05 13:00:00.030000000,10918.0,2.0,2018-09-20,2018-09-20 09:21:57.248,9,20,53,9.348056,
,2018-10-05 07:54:48,525096.0,3000.0,,,103.0,TDM 34,1.59,2018-10-05 13:00:00.037000000,10918.0,2.0,2018-10-05,2018-10-05 07:55:14.304,7,54,48,7.9133334,
,2018-10-05 08:07:54,525100.0,2000.0,,,103.0,TDM 34,1.06,2018-10-05 13:00:00.043000000,10918.0,2.0,2018-10-05,2018-10-05 08:08:20.736,8,7,54,8.131667,
,2018-10-03 08:39:05,315086.0,1500.0,,,80.0,TDM11,0.79,2018-10-05 13:04:10.390000000,10919.0,2.0,2018-10-03,2018-10-03 08:39:42.848,8,39,5,8.651389,
,2018-10-05 07:51:37,315190.0,1500.0,,,80.0,TDM11,0.79,2018-10-05 13:04:10.397000000,10919.0,2.0,2018-10-05,2018-10-05 07:50:52.160,7,51,37,7.8602777,
,2018-10-05 08:17:40,315157.0,3000.0,,,80.0,TDM11,1.59,2018-10-05 13:04:10.403000000,10919.0,2.0,2018-10-05,2018-10-05 08:17:05.024,8,17,40,8.294444,
,2018-09-29 14:25:48,208999.0,0.0,,,124.0,TDM 54,999.0,2018-10-05 13:13:20.957000000,10920.0,2.0,2018-09-29,2018-09-29 14:26:26.432,14,25,48,14.43,
,2018-09-29 06:55:14,371046.0,1500.0,,,116.0,TDM 46,0.79,2018-10-05 13:21:34.213000000,10921.0,2.0,2018-09-29,2018-09-29 06:54:14.528,6,55,14,6.9205556,
,2018-09-29 06:56:31,371046.0,1500.0,,,116.0,TDM 46,0.79,2018-10-05 13:21:34.227000000,10921.0,2.0,2018-09-29,2018-09-29 06:56:25.600,6,56,31,6.9419446,
,2018-09-29 06:59:29,371046.0,1500.0,,,116.0,TDM 46,0.79,2018-10-05 13:21:34.230000000,10921.0,2.0,2018-09-29,2018-09-29 06:58:36.672,6,59,29,6.991389,
,2018-10-02 07:01:21,371001.0,1500.0,,,116.0,TDM 46,0.79,2018-10-05 13:21:34.237000000,10921.0,2.0,2018-10-02,2018-10-02 07:01:48.160,7,1,21,7.0225,
,2018-10-04 10:14:58,208999.0,0.0,,,116.0,TDM 46,999.0,2018-10-05 13:21:34.243000000,10921.0,2.0,2018-10-04,2018-10-04 10:15:26.464,10,14,58,10.249444,
,2018-09-29 06:54:39,633075.0,1500.0,,,77.0,TDM 8,0.79,2018-10-05 13:30:41.827000000,10922.0,2.0,2018-09-29,2018-09-29 06:54:14.528,6,54,39,6.9108334,
,2018-09-29 09:27:32,633080.0,3000.0,,,77.0,TDM 8,1.59,2018-10-05 13:30:41.840000000,10922.0,2.0,2018-09-29,2018-09-29 09:27:09.568,9,27,32,9.458889,
,2018-09-29 09:29:08,633075.0,1500.0,,,77.0,TDM 8,0.79,2018-10-05 13:30:41.847000000,10922.0,2.0,2018-09-29,2018-09-29 09:29:20.640,9,29,8,9.485556,
,2018-09-29 09:31:34,633069.0,2000.0,,,77.0,TDM 8,1.06,2018-10-05 13:30:41.853000000,10922.0,2.0,2018-09-29,2018-09-29 09:31:31.712,9,31,34,9.526111,
,2018-09-29 09:34:09,633171.0,2000.0,,,77.0,TDM 8,1.06,2018-10-05 13:30:41.860000000,10922.0,2.0,2018-09-29,2018-09-29 09:33:42.784,9,34,9,9.569167,
,2018-10-01 10:44:51,633015.0,6650.0,,,77.0,TDM 8,3.49,2018-10-05 13:30:41.867000000,10922.0,2.0,2018-10-01,2018-10-01 10:45:01.056,10,44,51,10.7475,
,2018-10-04 06:47:19,633096.0,1500.0,,,77.0,TDM 8,0.79,2018-10-05 13:30:41.873000000,10922.0,2.0,2018-10-04,2018-10-04 06:47:54.624,6,47,19,6.788611,
,2018-10-04 09:08:39,633096.0,1500.0,,,77.0,TDM 8,0.79,2018-10-05 13:30:41.880000000,10922.0,2.0,2018-10-04,2018-10-04 09:07:43.232,9,8,39,9.144167,
,2018-09-10 12:20:42,371051.0,2500.0,,,81.0,TDM 12,1.32,2018-10-05 13:38:41.580000000,10924.0,2.0,2018-09-10,2018-09-10 12:20:38.528,12,20,42,12.345,
,2018-09-26 12:49:16,208002.0,3000.0,,,81.0,TDM 12,1.59,2018-10-05 13:38:41.593000000,10924.0,2.0,2018-09-26,2018-09-26 12:49:18.848,12,49,16,12.821111,
,2018-09-26 13:05:14,208003.0,0.0,,,81.0,TDM 12,1.32,2018-10-05 13:38:41.600000000,10924.0,2.0,2018-09-26,2018-09-26 13:04:36.352,13,5,14,13.087222,
,2018-09-26 13:18:21,208004.0,2000.0,,,81.0,TDM 12,1.06,2018-10-05 13:38:41.607000000,10924.0,2.0,2018-09-26,2018-09-26 13:17:42.784,13,18,21,13.305833,
,2018-09-26 13:43:04,208001.0,6650.0,,,81.0,TDM 12,3.49,2018-10-05 13:38:41.610000000,10924.0,2.0,2018-09-26,2018-09-26 13:43:55.648,13,43,4,13.717778,
,2018-09-26 14:01:21,208002.0,3000.0,,,81.0,TDM 12,1.59,2018-10-05 13:38:41.623000000,10924.0,2.0,2018-09-26,2018-09-26 14:01:24.224,14,1,21,14.0225,
,2018-10-04 06:55:48,384149.0,1500.0,,,81.0,TDM 12,0.79,2018-10-05 13:38:41.630000000,10924.0,2.0,2018-10-04,2018-10-04 06:56:38.912,6,55,48,6.93,
,2018-10-04 07:01:48,384148.0,1500.0,,,81.0,TDM 12,0.79,2018-10-05 13:38:41.637000000,10924.0,2.0,2018-10-04,2018-10-04 07:01:01.056,7,1,48,7.03,
,2018-10-05 06:32:30,384131.0,13250.0,,,81.0,TDM 12,6.99,2018-10-05 13:38:41.640000000,10924.0,2.0,2018-10-05,2018-10-05 06:32:13.568,6,32,30,6.5416665,
,2018-10-05 11:24:42,384184.0,8850.0,,,81.0,TDM 12,4.66,2018-10-05 13:38:41.647000000,10924.0,2.0,2018-10-05,2018-10-05 11:24:57.216,11,24,42,11.411667,
,2018-10-03 07:30:13,6102044.0,1500.0,,,88.0,TDM 19,0.79,2018-10-05 13:42:39.580000000,10925.0,2.0,2018-10-03,2018-10-03 07:29:48.544,7,30,13,7.503611,
,2018-09-01 09:58:54,6104148.0,1500.0,,,125.0,CHRISTINE,0.79,2018-10-05 13:46:15.387000000,10926.0,2.0,2018-09-01,2018-09-01 09:57:48.672,9,58,54,9.981667,
,2018-09-01 09:59:55,6104148.0,1500.0,,,125.0,CHRISTINE,0.79,2018-10-05 13:46:15.397000000,10926.0,2.0,2018-09-01,2018-09-01 09:59:59.744,9,59,55,9.998611,
,2018-09-01 10:01:52,6104166.0,3000.0,,,125.0,CHRISTINE,1.59,2018-10-05 13:46:15.403000000,10926.0,2.0,2018-09-01,2018-09-01 10:02:10.816,10,1,52,10.031111,
,2018-09-01 10:03:02,6104139.0,2000.0,,,125.0,CHRISTINE,1.06,2018-10-05 13:46:15.410000000,10926.0,2.0,2018-09-01,2018-09-01 10:02:10.816,10,3,2,10.050555,
,2018-09-01 10:04:34,6104100.0,1500.0,,,125.0,CHRISTINE,0.79,2018-10-05 13:46:15.413000000,10926.0,2.0,2018-09-01,2018-09-01 10:04:21.888,10,4,34,10.076111,
,2018-09-01 10:05:57,6104093.0,3000.0,,,125.0,CHRISTINE,1.59,2018-10-05 13:46:15.420000000,10926.0,2.0,2018-09-01,2018-09-01 10:06:32.960,10,5,57,10.099167,
,2018-09-01 10:07:19,6104066.0,2000.0,,,125.0,CHRISTINE,1.06,2018-10-05 13:46:15.427000000,10926.0,2.0,2018-09-01,2018-09-01 10:06:32.960,10,7,19,10.121944,
,2018-09-08 11:46:38,565021.0,2000.0,,,125.0,CHRISTINE,1.06,2018-10-05 13:46:15.440000000,10926.0,2.0,2018-09-08,2018-09-08 11:46:28.480,11,46,38,11.777223,
,2018-09-10 10:09:47,565002.0,3000.0,,,125.0,CHRISTINE,1.59,2018-10-05 13:46:15.443000000,10926.0,2.0,2018-09-10,2018-09-10 10:09:34.208,10,9,47,10.163055,
,2018-09-11 09:58:02,565013.0,2500.0,,,125.0,CHRISTINE,1.32,2018-10-05 13:46:15.460000000,10926.0,2.0,2018-09-11,2018-09-11 09:58:15.296,9,58,2,9.967222,
,2018-10-01 09:30:05,318107.0,3000.0,,,125.0,CHRISTINE,1.59,2018-10-05 13:46:15.490000000,10926.0,2.0,2018-10-01,2018-10-01 09:30:44.608,9,30,5,9.501389,
,2018-09-29 17:02:36,581080.0,2500.0,,,98.0,TDM 29,1.32,2018-10-05 13:55:14.707000000,10927.0,2.0,2018-09-29,2018-09-29 17:01:32.544,17,2,36,17.043333,
,2018-10-01 17:14:34,581070.0,1500.0,,,98.0,TDM 29,0.79,2018-10-05 13:55:14.720000000,10927.0,2.0,2018-10-01,2018-10-01 17:13:51.872,17,14,34,17.242777,
,2018-10-02 06:38:47,581091.0,1500.0,,,98.0,TDM 29,0.79,2018-10-05 13:55:14.723000000,10927.0,2.0,2018-10-02,2018-10-02 06:37:46.368,6,38,47,6.646389,
,2018-10-02 08:26:10,243072.0,2000.0,,,98.0,TDM 29,1.06,2018-10-05 13:55:14.730000000,10927.0,2.0,2018-10-02,2018-10-02 08:26:59.968,8,26,10,8.436111,
,2018-10-03 07:41:05,243062.0,1500.0,,,98.0,TDM 29,0.79,2018-10-05 13:55:14.737000000,10927.0,2.0,2018-10-03,2018-10-03 07:40:43.904,7,41,5,7.6847224,
,2018-10-03 08:09:39,243014.0,1500.0,,,98.0,TDM 29,0.79,2018-10-05 13:55:14.743000000,10927.0,2.0,2018-10-03,2018-10-03 08:09:07.840,8,9,39,8.160833,
,2018-10-04 17:26:26,581044.0,1500.0,,,98.0,TDM 29,0.79,2018-10-05 13:55:14.750000000,10927.0,2.0,2018-10-04,2018-10-04 17:25:47.648,17,26,26,17.440556,
,2018-10-04 17:31:35,581043.0,1500.0,,,98.0,TDM 29,0.79,2018-10-05 13:55:14.753000000,10927.0,2.0,2018-10-04,2018-10-04 17:32:20.864,17,31,35,17.526388,
,2018-09-11 08:27:03,230059.0,1500.0,,,112.0,TDM 42,0.79,2018-10-05 14:03:14.120000000,10928.0,2.0,2018-09-11,2018-09-11 08:26:30.272,8,27,3,8.450833,
,2018-09-13 09:57:29,387023.0,1500.0,,,112.0,TDM 42,0.79,2018-10-05 14:03:14.143000000,10928.0,2.0,2018-09-13,2018-09-13 09:57:28.192,9,57,29,9.9580555,
,2018-09-13 10:22:04,387028.0,1500.0,,,112.0,TDM 42,0.79,2018-10-05 14:03:14.153000000,10928.0,2.0,2018-09-13,2018-09-13 10:21:29.984,10,22,4,10.367778,
,2018-09-13 11:02:24,387035.0,2500.0,,,112.0,TDM 42,1.32,2018-10-05 14:03:14.167000000,10928.0,2.0,2018-09-13,2018-09-13 11:03:00.352,11,2,24,11.04,
,2018-09-14 07:11:50,387049.0,1500.0,,,112.0,TDM 42,0.79,2018-10-05 14:03:14.180000000,10928.0,2.0,2018-09-14,2018-09-14 07:11:03.168,7,11,50,7.197222,
,2018-09-14 09:25:13,387070.0,3000.0,,,112.0,TDM 42,1.59,2018-10-05 14:03:14.183000000,10928.0,2.0,2018-09-14,2018-09-14 09:24:18.560,9,25,13,9.420278,
,2018-09-15 09:42:01,387029.0,1500.0,,,112.0,TDM 42,0.79,2018-10-05 14:03:14.190000000,10928.0,2.0,2018-09-15,2018-09-15 09:41:23.584,9,42,1,9.700277,
,2018-09-17 13:36:19,387211.0,2000.0,,,112.0,TDM 42,1.06,2018-10-05 14:03:14.197000000,10928.0,2.0,2018-09-17,2018-09-17 13:36:32.256,13,36,19,13.605278,
,2018-09-20 08:15:43,230057.0,2000.0,,,112.0,TDM 42,1.06,2018-10-05 14:03:14.203000000,10928.0,2.0,2018-09-20,2018-09-20 08:16:25.088,8,15,43,8.261945,
,2018-09-22 07:46:13,230053.0,1500.0,,,112.0,TDM 42,0.79,2018-10-05 14:03:14.210000000,10928.0,2.0,2018-09-22,2018-09-22 07:47:14.048,7,46,13,7.770278,
,2018-09-24 07:43:18,387008.0,2000.0,,,112.0,TDM 42,1.06,2018-10-05 14:03:14.213000000,10928.0,2.0,2018-09-24,2018-09-24 07:44:15.872,7,43,18,7.721667,
,2018-09-24 08:15:53,387026.0,2500.0,,,112.0,TDM 42,1.32,2018-10-05 14:03:14.220000000,10928.0,2.0,2018-09-24,2018-09-24 08:14:50.880,8,15,53,8.264722,
,2018-09-24 09:05:04,387127.0,2500.0,,,112.0,TDM 42,1.32,2018-10-05 14:03:14.227000000,10928.0,2.0,2018-09-24,2018-09-24 09:05:05.536,9,5,4,9.084444,
,2018-09-24 09:08:04,387114.0,2500.0,,,112.0,TDM 42,1.32,2018-10-05 14:03:14.233000000,10928.0,2.0,2018-09-24,2018-09-24 09:07:16.608,9,8,4,9.134444,
,2018-09-24 10:17:38,387164.0,2500.0,,,112.0,TDM 42,1.32,2018-10-05 14:03:14.240000000,10928.0,2.0,2018-09-24,2018-09-24 10:17:10.912,10,17,38,10.293889,
,2018-09-24 11:09:44,387195.0,1500.0,,,112.0,TDM 42,0.79,2018-10-05 14:03:14.243000000,10928.0,2.0,2018-09-24,2018-09-24 11:09:36.640,11,9,44,11.162222,
,2018-09-24 11:24:55,387182.0,3000.0,,,112.0,TDM 42,1.59,2018-10-05 14:03:14.250000000,10928.0,2.0,2018-09-24,2018-09-24 11:24:54.144,11,24,55,11.4152775,
,2018-09-24 12:46:19,387050.0,2500.0,,,112.0,TDM 42,1.32,2018-10-05 14:03:14.257000000,10928.0,2.0,2018-09-24,2018-09-24 12:45:43.808,12,46,19,12.771944,
,2018-09-25 07:37:36,387010.0,3000.0,,,112.0,TDM 42,1.59,2018-10-05 14:03:14.263000000,10928.0,2.0,2018-09-25,2018-09-25 07:37:19.104,7,37,36,7.6266665,
,2018-09-25 08:25:36,387098.0,1500.0,,,112.0,TDM 42,0.79,2018-10-05 14:03:14.270000000,10928.0,2.0,2018-09-25,2018-09-25 08:25:22.688,8,25,36,8.426666,
,2018-09-25 08:28:41,387099.0,1500.0,,,112.0,TDM 42,0.79,2018-10-05 14:03:14.273000000,10928.0,2.0,2018-09-25,2018-09-25 08:29:44.832,8,28,41,8.478056,
,2018-09-25 09:34:53,387180.0,1500.0,,,112.0,TDM 42,0.79,2018-10-05 14:03:14.280000000,10928.0,2.0,2018-09-25,2018-09-25 09:35:16.992,9,34,53,9.581388,
,2018-09-25 10:51:09,387216.0,3000.0,,,112.0,TDM 42,1.59,2018-10-05 14:03:14.287000000,10928.0,2.0,2018-09-25,2018-09-25 10:51:44.512,10,51,9,10.8525,
,2018-09-25 11:13:34,387084.0,2500.0,,,112.0,TDM 42,1.32,2018-10-05 14:03:14.293000000,10928.0,2.0,2018-09-25,2018-09-25 11:13:35.232,11,13,34,11.226111,
,2018-09-26 07:32:37,387034.0,2000.0,,,112.0,TDM 42,1.06,2018-10-05 14:03:14.300000000,10928.0,2.0,2018-09-26,2018-09-26 07:32:33.408,7,32,37,7.543611,
,2018-09-26 08:18:40,387207.0,2000.0,,,112.0,TDM 42,1.06,2018-10-05 14:03:14.303000000,10928.0,2.0,2018-09-26,2018-09-26 08:18:25.920,8,18,40,8.311111,
,2018-09-26 08:25:33,387198.0,3000.0,,,112.0,TDM 42,1.59,2018-10-05 14:03:14.310000000,10928.0,2.0,2018-09-26,2018-09-26 08:24:59.136,8,25,33,8.425834,
,2018-09-26 08:40:09,387176.0,13250.0,,,112.0,TDM 42,6.99,2018-10-05 14:03:14.317000000,10928.0,2.0,2018-09-26,2018-09-26 08:40:16.640,8,40,9,8.669167,
,2018-09-26 10:11:16,387068.0,2500.0,,,112.0,TDM 42,1.32,2018-10-05 14:03:14.330000000,10928.0,2.0,2018-09-26,2018-09-26 10:12:01.664,10,11,16,10.1877775,
,2018-09-27 08:03:31,387116.0,1500.0,,,112.0,TDM 42,0.79,2018-10-05 14:03:14.333000000,10928.0,2.0,2018-09-27,2018-09-27 08:02:44.864,8,3,31,8.058611,
,2018-09-27 08:27:45,387140.0,2000.0,,,112.0,TDM 42,1.06,2018-10-05 14:03:14.340000000,10928.0,2.0,2018-09-27,2018-09-27 08:26:46.656,8,27,45,8.4625,
,2018-09-27 08:57:03,387187.0,2000.0,,,112.0,TDM 42,1.06,2018-10-05 14:03:14.347000000,10928.0,2.0,2018-09-27,2018-09-27 08:57:21.664,8,57,3,8.950833,
,2018-09-27 09:43:02,387095.0,2000.0,,,112.0,TDM 42,1.06,2018-10-05 14:03:14.353000000,10928.0,2.0,2018-09-27,2018-09-27 09:43:14.176,9,43,2,9.717222,
,2018-09-27 11:37:19,387167.0,6650.0,,,112.0,TDM 42,3.49,2018-10-05 14:03:14.360000000,10928.0,2.0,2018-09-27,2018-09-27 11:36:49.920,11,37,19,11.621944,
,2018-09-27 13:56:45,387086.0,2000.0,,,112.0,TDM 42,1.06,2018-10-05 14:03:14.363000000,10928.0,2.0,2018-09-27,2018-09-27 13:56:38.528,13,56,45,13.945833,
,2018-09-28 07:50:25,387031.0,2000.0,,,112.0,TDM 42,1.06,2018-10-05 14:03:14.370000000,10928.0,2.0,2018-09-28,2018-09-28 07:51:25.952,7,50,25,7.8402777,
,2018-09-28 10:34:23,387091.0,3000.0,,,112.0,TDM 42,1.59,2018-10-05 14:03:14.377000000,10928.0,2.0,2018-09-28,2018-09-28 10:35:16.352,10,34,23,10.573055,
,2018-09-29 06:33:03,387238.0,2000.0,,,112.0,TDM 42,1.06,2018-10-05 14:03:14.383000000,10928.0,2.0,2018-09-29,2018-09-29 06:32:23.808,6,33,3,6.550833,
,2018-09-29 08:08:56,387173.0,2000.0,,,112.0,TDM 42,1.06,2018-10-05 14:03:14.390000000,10928.0,2.0,2018-09-29,2018-09-29 08:08:30.976,8,8,56,8.148889,
,2018-09-29 08:25:56,387155.0,2000.0,,,112.0,TDM 42,1.06,2018-10-05 14:03:14.393000000,10928.0,2.0,2018-09-29,2018-09-29 08:25:59.552,8,25,56,8.432222,
,2018-10-01 12:18:00,387053.0,2000.0,,,112.0,TDM 42,1.06,2018-10-05 14:03:14.400000000,10928.0,2.0,2018-10-01,2018-10-01 12:18:57.152,12,18,0,12.3,
,2018-10-02 07:36:32,387233.0,1500.0,,,112.0,TDM 42,0.79,2018-10-05 14:03:14.407000000,10928.0,2.0,2018-10-02,2018-10-02 07:36:45.312,7,36,32,7.608889,
,2018-10-02 10:06:02,387041.0,3000.0,,,112.0,TDM 42,1.59,2018-10-05 14:03:14.413000000,10928.0,2.0,2018-10-02,2018-10-02 10:05:18.208,10,6,2,10.100555,
,2018-10-03 06:09:25,378235.0,3000.0,,,112.0,TDM 42,1.59,2018-10-05 14:03:14.420000000,10928.0,2.0,2018-10-03,2018-10-03 06:08:58.880,6,9,25,6.1569443,
,2018-10-03 07:18:17,387060.0,3000.0,,,112.0,TDM 42,1.59,2018-10-05 14:03:14.423000000,10928.0,2.0,2018-10-03,2018-10-03 07:18:53.184,7,18,17,7.3047223,
,2018-10-03 09:34:27,387168.0,2500.0,,,112.0,TDM 42,1.32,2018-10-05 14:03:14.430000000,10928.0,2.0,2018-10-03,2018-10-03 09:34:19.648,9,34,27,9.574166,
,2018-10-03 12:25:02,387171.0,3000.0,,,112.0,TDM 42,1.59,2018-10-05 14:03:14.440000000,10928.0,2.0,2018-10-03,2018-10-03 12:24:43.264,12,25,2,12.417222,
,2018-10-03 12:29:54,387215.0,2000.0,,,112.0,TDM 42,1.06,2018-10-05 14:03:14.450000000,10928.0,2.0,2018-10-03,2018-10-03 12:29:05.408,12,29,54,12.498333,
,2018-10-05 06:54:15,387231.0,2000.0,,,112.0,TDM 42,1.06,2018-10-05 14:03:14.453000000,10928.0,2.0,2018-10-05,2018-10-05 06:54:04.288,6,54,15,6.9041667,
,2018-10-05 08:06:47,387141.0,2000.0,,,112.0,TDM 42,1.06,2018-10-05 14:03:14.460000000,10928.0,2.0,2018-10-05,2018-10-05 08:06:09.664,8,6,47,8.113055,
,2018-10-05 08:21:23,387083.0,3000.0,,,112.0,TDM 42,1.59,2018-10-05 14:03:14.467000000,10928.0,2.0,2018-10-05,2018-10-05 08:21:27.168,8,21,23,8.356389,
,2018-09-30 08:44:02,246009.0,1500.0,,,123.0,TDM 53,0.79,2018-10-05 14:06:52.420000000,10929.0,2.0,2018-09-30,2018-09-30 08:43:04.576,8,44,2,8.733889,
,2018-09-30 08:44:59,246009.0,1500.0,,,123.0,TDM 53,0.79,2018-10-05 14:06:52.433000000,10929.0,2.0,2018-09-30,2018-09-30 08:45:15.648,8,44,59,8.7497225,
,2018-09-29 07:11:46,235042.0,2000.0,,,91.0,TDM 22,1.06,2018-10-05 14:10:26.387000000,10930.0,2.0,2018-09-29,2018-09-29 07:11:43.104,7,11,46,7.196111,
,2018-09-29 07:23:44,235048.0,1500.0,,,91.0,TDM 22,0.79,2018-10-05 14:10:26.400000000,10930.0,2.0,2018-09-29,2018-09-29 07:22:38.464,7,23,44,7.3955555,
,2018-09-29 07:33:25,235047.0,2000.0,,,91.0,TDM 22,1.06,2018-10-05 14:10:26.403000000,10930.0,2.0,2018-09-29,2018-09-29 07:33:33.824,7,33,25,7.5569444,
,2018-09-29 07:57:45,235029.0,2500.0,,,91.0,TDM 22,1.32,2018-10-05 14:10:26.410000000,10930.0,2.0,2018-09-29,2018-09-29 07:57:35.616,7,57,45,7.9625,
,2018-09-29 09:13:28,235024.0,3000.0,,,91.0,TDM 22,1.59,2018-10-05 14:10:26.417000000,10930.0,2.0,2018-09-29,2018-09-29 09:14:03.136,9,13,28,9.224444,
,2018-09-29 11:44:44,235016.0,1500.0,,,91.0,TDM 22,0.79,2018-10-05 14:10:26.423000000,10930.0,2.0,2018-09-29,2018-09-29 11:44:47.104,11,44,44,11.745556,
,2018-09-29 12:56:11,235034.0,1500.0,,,91.0,TDM 22,0.79,2018-10-05 14:10:26.430000000,10930.0,2.0,2018-09-29,2018-09-29 12:56:52.480,12,56,11,12.936389,
,2018-10-01 08:32:09,614138.0,2000.0,,,91.0,TDM 22,1.06,2018-10-05 14:10:26.433000000,10930.0,2.0,2018-10-01,2018-10-01 08:31:45.664,8,32,9,8.535833,
,2018-10-01 08:38:34,614137.0,1500.0,,,91.0,TDM 22,0.79,2018-10-05 14:10:26.440000000,10930.0,2.0,2018-10-01,2018-10-01 08:38:18.880,8,38,34,8.642777,
,2018-10-02 07:56:08,235050.0,6650.0,,,91.0,TDM 22,3.49,2018-10-05 14:10:26.447000000,10930.0,2.0,2018-10-02,2018-10-02 07:56:24.960,7,56,8,7.9355555,
,2018-10-02 08:07:24,235060.0,1500.0,,,91.0,TDM 22,0.79,2018-10-05 14:10:26.453000000,10930.0,2.0,2018-10-02,2018-10-02 08:07:20.320,8,7,24,8.123333,
,2018-10-02 08:09:38,235060.0,1500.0,,,91.0,TDM 22,0.79,2018-10-05 14:10:26.460000000,10930.0,2.0,2018-10-02,2018-10-02 08:09:31.392,8,9,38,8.160556,
,2018-10-02 09:51:02,235109.0,2000.0,,,91.0,TDM 22,1.06,2018-10-05 14:10:26.467000000,10930.0,2.0,2018-10-02,2018-10-02 09:50:00.704,9,51,2,9.850555,
,2018-10-02 10:27:38,235064.0,2000.0,,,91.0,TDM 22,1.06,2018-10-05 14:10:26.477000000,10930.0,2.0,2018-10-02,2018-10-02 10:27:08.928,10,27,38,10.460556,
,2018-10-02 10:38:12,235062.0,1500.0,,,91.0,TDM 22,0.79,2018-10-05 14:10:26.483000000,10930.0,2.0,2018-10-02,2018-10-02 10:38:04.288,10,38,12,10.636666,
,2018-10-02 10:50:50,235053.0,1500.0,,,91.0,TDM 22,0.79,2018-10-05 14:10:26.490000000,10930.0,2.0,2018-10-02,2018-10-02 10:51:10.720,10,50,50,10.847222,
,2018-10-02 15:53:38,614014.0,2000.0,,,91.0,TDM 22,1.06,2018-10-05 14:10:26.497000000,10930.0,2.0,2018-10-02,2018-10-02 15:52:38.656,15,53,38,15.893888,
,2018-10-04 07:15:35,235070.0,3000.0,,,91.0,TDM 22,1.59,2018-10-05 14:10:26.500000000,10930.0,2.0,2018-10-04,2018-10-04 07:16:18.560,7,15,35,7.259722,
,2018-10-04 07:45:25,235134.0,1500.0,,,91.0,TDM 22,0.79,2018-10-05 14:10:26.507000000,10930.0,2.0,2018-10-04,2018-10-04 07:44:42.496,7,45,25,7.7569447,
,2018-10-04 07:47:28,235123.0,1500.0,,,91.0,TDM 22,0.79,2018-10-05 14:10:26.513000000,10930.0,2.0,2018-10-04,2018-10-04 07:46:53.568,7,47,28,7.791111,
,2018-10-04 08:00:45,235138.0,2000.0,,,91.0,TDM 22,1.06,2018-10-05 14:10:26.520000000,10930.0,2.0,2018-10-04,2018-10-04 08:00:00.000,8,0,45,8.0125,
,2018-10-04 15:35:19,614043.0,8850.0,,,91.0,TDM 22,4.66,2018-10-05 14:10:26.527000000,10930.0,2.0,2018-10-04,2018-10-04 15:34:22.976,15,35,19,15.588611,
,2018-10-05 07:30:25,235005.0,2000.0,,,91.0,TDM 22,1.06,2018-10-05 14:10:26.530000000,10930.0,2.0,2018-10-05,2018-10-05 07:31:12.512,7,30,25,7.5069447,
,2018-09-04 09:03:29,208002.0,8850.0,,,100.0,TDM 31,4.66,2018-10-08 12:18:08.473000000,10931.0,2.0,2018-09-04,2018-09-04 09:04:12.288,9,3,29,9.058056,
,2018-09-04 09:08:13,208002.0,6650.0,,,100.0,TDM 31,3.49,2018-10-08 12:18:08.483000000,10931.0,2.0,2018-09-04,2018-09-04 09:08:34.432,9,8,13,9.136945,
,2018-09-04 10:25:13,208999.0,0.0,,,100.0,TDM 31,999.0,2018-10-08 12:18:08.490000000,10931.0,2.0,2018-09-04,2018-09-04 10:25:01.952,10,25,13,10.420278,
,2018-09-04 10:28:56,208999.0,0.0,,,100.0,TDM 31,999.0,2018-10-08 12:18:08.497000000,10931.0,2.0,2018-09-04,2018-09-04 10:29:24.096,10,28,56,10.482223,
,2018-09-13 16:08:49,9999999.0,3000.0,,,100.0,TDM 31,1.59,2018-10-08 12:18:08.503000000,10931.0,2.0,2018-09-13,2018-09-13 16:08:50.432,16,8,49,16.146944,
,2018-09-13 16:22:18,587056.0,2500.0,,,100.0,TDM 31,1.32,2018-10-08 12:18:08.510000000,10931.0,2.0,2018-09-13,2018-09-13 16:21:56.864,16,22,18,16.371666,
,2018-09-13 16:26:52,555555.0,8850.0,,,100.0,TDM 31,4.66,2018-10-08 12:18:08.517000000,10931.0,2.0,2018-09-13,2018-09-13 16:26:19.008,16,26,52,16.447779,
,2018-09-16 13:14:40,208022.0,2500.0,,,100.0,TDM 31,1.32,2018-10-08 12:18:08.533000000,10931.0,2.0,2018-09-16,2018-09-16 13:15:05.088,13,14,40,13.244445,
,2018-09-19 12:53:20,208001.0,6650.0,,,100.0,TDM 31,3.49,2018-10-08 12:18:08.540000000,10931.0,2.0,2018-09-19,2018-09-19 12:54:14.784,12,53,20,12.888889,
,2018-09-19 13:48:47,2080011.0,8850.0,,,100.0,TDM 31,4.66,2018-10-08 12:18:08.557000000,10931.0,2.0,2018-09-19,2018-09-19 13:48:51.584,13,48,47,13.813056,
,2018-09-19 14:16:05,208001.0,11050.0,,,100.0,TDM 31,5.82,2018-10-08 12:18:08.563000000,10931.0,2.0,2018-09-19,2018-09-19 14:15:04.448,14,16,5,14.268056,
,2018-09-19 14:26:49,204001.0,11050.0,,,100.0,TDM 31,5.82,2018-10-08 12:18:08.570000000,10931.0,2.0,2018-09-19,2018-09-19 14:25:59.808,14,26,49,14.446944,
,2018-09-20 07:23:49,208555.0,6650.0,,,100.0,TDM 31,3.49,2018-10-08 12:18:08.573000000,10931.0,2.0,2018-09-20,2018-09-20 07:23:59.360,7,23,49,7.3969445,
,2018-09-20 07:49:33,627045.0,8850.0,,,100.0,TDM 31,4.66,2018-10-08 12:18:08.593000000,10931.0,2.0,2018-09-20,2018-09-20 07:50:12.224,7,49,33,7.8258333,
,2018-09-20 08:35:26,401002.0,6650.0,,,100.0,TDM 31,3.49,2018-10-08 12:18:08.617000000,10931.0,2.0,2018-09-20,2018-09-20 08:36:04.736,8,35,26,8.590555,
,2018-09-20 09:27:23,229001.229,13250.0,,,100.0,TDM 31,6.99,2018-10-08 12:18:08.647000000,10931.0,2.0,2018-09-20,2018-09-20 09:26:19.392,9,27,23,9.456388,
,2018-09-20 09:42:25,6092137.0,1500.0,,,100.0,TDM 31,0.79,2018-10-08 12:18:08.653000000,10931.0,2.0,2018-09-20,2018-09-20 09:41:36.896,9,42,25,9.706944,
,2018-09-20 10:06:43,609213.0,1500.0,,,100.0,TDM 31,0.79,2018-10-08 12:18:08.660000000,10931.0,2.0,2018-09-20,2018-09-20 10:05:38.688,10,6,43,10.111944,
,2018-09-20 10:08:05,629004.0,13250.0,,,100.0,TDM 31,6.99,2018-10-08 12:18:08.663000000,10931.0,2.0,2018-09-20,2018-09-20 10:07:49.760,10,8,5,10.134722,
,2018-09-20 10:15:29,229006.0,11050.0,,,100.0,TDM 31,5.82,2018-10-08 12:18:08.670000000,10931.0,2.0,2018-09-20,2018-09-20 10:16:34.048,10,15,29,10.258056,
,2018-09-20 10:29:50,229001.0,8850.0,,,100.0,TDM 31,4.66,2018-10-08 12:18:08.677000000,10931.0,2.0,2018-09-20,2018-09-20 10:29:40.480,10,29,50,10.497222,
,2018-09-20 10:44:52,229009.0,8850.0,,,100.0,TDM 31,4.66,2018-10-08 12:18:08.683000000,10931.0,2.0,2018-09-20,2018-09-20 10:44:57.984,10,44,52,10.747778,
,2018-09-20 11:09:01,229001.0,8850.0,,,100.0,TDM 31,4.66,2018-10-08 12:18:08.690000000,10931.0,2.0,2018-09-20,2018-09-20 11:08:59.776,11,9,1,11.150278,
,2018-09-21 09:09:11,208001.0,0.0,,,100.0,TDM 31,100.0,2018-10-08 12:18:08.697000000,10931.0,2.0,2018-09-21,2018-09-21 09:08:27.264,9,9,11,9.153055,
,2018-09-21 09:16:13,208001.0,0.0,,,100.0,TDM 31,6.99,2018-10-08 12:18:08.700000000,10931.0,2.0,2018-09-21,2018-09-21 09:17:11.552,9,16,13,9.270278,
,2018-09-21 09:32:21,208002.0,2000.0,,,100.0,TDM 31,1.06,2018-10-08 12:18:08.707000000,10931.0,2.0,2018-09-21,2018-09-21 09:32:29.056,9,32,21,9.539166,
,2018-09-21 09:42:29,208003.0,0.0,,,100.0,TDM 31,250.0,2018-10-08 12:18:08.713000000,10931.0,2.0,2018-09-21,2018-09-21 09:43:24.416,9,42,29,9.7080555,
,2018-09-22 10:30:56,208004.0,1500.0,,,100.0,TDM 31,0.79,2018-10-08 12:18:08.750000000,10931.0,2.0,2018-09-22,2018-09-22 10:31:04.448,10,30,56,10.515555,
,2018-09-26 12:26:09,208004.0,2000.0,,,100.0,TDM 31,1.06,2018-10-08 12:18:08.757000000,10931.0,2.0,2018-09-26,2018-09-26 12:25:17.056,12,26,9,12.435833,
,2018-09-26 12:41:54,208003.0,8850.0,,,100.0,TDM 31,4.66,2018-10-08 12:18:08.767000000,10931.0,2.0,2018-09-26,2018-09-26 12:42:45.632,12,41,54,12.698334,
,2018-09-26 12:53:55,208003.0,8850.0,,,100.0,TDM 31,4.66,2018-10-08 12:18:08.773000000,10931.0,2.0,2018-09-26,2018-09-26 12:53:40.992,12,53,55,12.898611,
,2018-09-26 13:52:32,208004.0,3000.0,,,100.0,TDM 31,1.59,2018-10-08 12:18:08.780000000,10931.0,2.0,2018-09-26,2018-09-26 13:52:39.936,13,52,32,13.875556,
,2018-09-26 13:54:42,208004.0,6650.0,,,100.0,TDM 31,3.49,2018-10-08 12:18:08.783000000,10931.0,2.0,2018-09-26,2018-09-26 13:54:51.008,13,54,42,13.911667,
,2018-10-02 11:15:59,2000001.0,1500.0,,,100.0,TDM 31,0.79,2018-10-08 12:18:08.790000000,10931.0,2.0,2018-10-02,2018-10-02 11:15:12.512,11,15,59,11.266389,
,2018-10-03 09:43:46,374030.0,2000.0,,,100.0,TDM 31,1.06,2018-10-08 12:18:08.797000000,10931.0,2.0,2018-10-03,2018-10-03 09:43:03.936,9,43,46,9.7294445,
,2018-10-03 09:57:13,374037.0,2000.0,,,100.0,TDM 31,1.06,2018-10-08 12:18:08.803000000,10931.0,2.0,2018-10-03,2018-10-03 09:56:10.368,9,57,13,9.953611,
,2018-10-05 08:29:04,374009.0,1500.0,,,100.0,TDM 31,0.79,2018-10-08 12:18:08.810000000,10931.0,2.0,2018-10-05,2018-10-05 08:28:00.384,8,29,4,8.484445,
,2018-10-05 09:02:45,374024.0,1500.0,,,100.0,TDM 31,0.79,2018-10-08 12:18:08.813000000,10931.0,2.0,2018-10-05,2018-10-05 09:02:57.536,9,2,45,9.045834,
,2018-10-05 11:20:14,551057.0,1500.0,,,84.0,TDM 15,0.79,2018-10-08 12:21:06.390000000,10932.0,2.0,2018-10-05,2018-10-05 11:20:35.072,11,20,14,11.337222,
,2018-10-05 12:00:37,551117.0,2500.0,,,84.0,TDM 15,1.32,2018-10-08 12:21:06.393000000,10932.0,2.0,2018-10-05,2018-10-05 11:59:54.368,12,0,37,12.010278,
,2018-10-06 08:56:24,551130.0,1500.0,,,84.0,TDM 15,0.79,2018-10-08 12:21:06.400000000,10932.0,2.0,2018-10-06,2018-10-06 08:56:00.768,8,56,24,8.94,
,2018-10-06 12:18:09,551027.0,3000.0,,,84.0,TDM 15,1.59,2018-10-08 12:21:06.407000000,10932.0,2.0,2018-10-06,2018-10-06 12:19:10.464,12,18,9,12.3025,
,2018-10-08 07:27:02,551080.0,2000.0,,,84.0,TDM 15,1.06,2018-10-08 12:21:06.413000000,10932.0,2.0,2018-10-08,2018-10-08 07:27:50.784,7,27,2,7.4505553,
,2018-10-08 07:33:45,551078.0,2500.0,,,84.0,TDM 15,1.32,2018-10-08 12:21:06.430000000,10932.0,2.0,2018-10-08,2018-10-08 07:34:24.000,7,33,45,7.5625,
,2018-10-02 09:02:10,634078.0,1500.0,,,72.0,TDM 3,0.79,2018-10-08 12:27:19.497000000,10933.0,2.0,2018-10-02,2018-10-02 09:01:57.120,9,2,10,9.036111,
,2018-10-02 09:50:45,634194.0,1500.0,,,72.0,TDM 3,0.79,2018-10-08 12:27:19.503000000,10933.0,2.0,2018-10-02,2018-10-02 09:50:00.704,9,50,45,9.845834,
,2018-10-03 09:39:18,634167.0,1500.0,,,72.0,TDM 3,0.79,2018-10-08 12:27:19.510000000,10933.0,2.0,2018-10-03,2018-10-03 09:38:41.792,9,39,18,9.655,
,2018-10-04 10:18:48,634106.0,3000.0,,,72.0,TDM 3,1.59,2018-10-08 12:27:19.517000000,10933.0,2.0,2018-10-04,2018-10-04 10:19:48.608,10,18,48,10.3133335,
,2018-10-04 10:21:16,634106.0,3000.0,,,72.0,TDM 3,1.59,2018-10-08 12:27:19.520000000,10933.0,2.0,2018-10-04,2018-10-04 10:21:59.680,10,21,16,10.3544445,
,2018-10-04 17:40:38,208999.0,0.0,,,72.0,TDM 3,9993.0,2018-10-08 12:27:19.527000000,10933.0,2.0,2018-10-04,2018-10-04 17:41:05.152,17,40,38,17.677221,
,2018-10-05 10:53:30,634106.0,3000.0,,,72.0,TDM 3,1.59,2018-10-08 12:27:19.533000000,10933.0,2.0,2018-10-05,2018-10-05 10:54:22.208,10,53,30,10.891666,
,2018-10-06 09:42:21,634183.0,2000.0,,,72.0,TDM 3,1.06,2018-10-08 12:27:19.540000000,10933.0,2.0,2018-10-06,2018-10-06 09:41:53.280,9,42,21,9.705833,
,2018-10-06 10:10:52,634218.0,2000.0,,,72.0,TDM 3,1.06,2018-10-08 12:27:19.547000000,10933.0,2.0,2018-10-06,2018-10-06 10:10:17.216,10,10,52,10.181111,
,2018-09-26 11:55:22,616171.0,2000.0,,,102.0,TDM 33,1.06,2018-10-08 12:30:57.377000000,10934.0,2.0,2018-09-26,2018-09-26 11:54:42.048,11,55,22,11.922778,
,2018-10-01 09:40:10,616186.0,1500.0,,,102.0,TDM 33,0.79,2018-10-08 12:30:57.390000000,10934.0,2.0,2018-10-01,2018-10-01 09:39:28.896,9,40,10,9.669444,
,2018-10-01 10:15:20,616165.0,1500.0,,,102.0,TDM 33,0.79,2018-10-08 12:30:57.397000000,10934.0,2.0,2018-10-01,2018-10-01 10:14:26.048,10,15,20,10.255555,
,2018-10-04 07:43:20,615038.0,1500.0,,,102.0,TDM 33,0.79,2018-10-08 12:30:57.403000000,10934.0,2.0,2018-10-04,2018-10-04 07:42:31.424,7,43,20,7.7222223,
,2018-10-06 06:43:46,602021.0,1500.0,,,102.0,TDM 33,0.79,2018-10-08 12:30:57.410000000,10934.0,2.0,2018-10-06,2018-10-06 06:42:45.376,6,43,46,6.7294445,
,2018-10-07 06:22:41,602019.0,2500.0,,,102.0,TDM 33,1.32,2018-10-08 12:30:57.417000000,10934.0,2.0,2018-10-07,2018-10-07 06:22:42.176,6,22,41,6.3780556,
,2018-10-05 09:12:44,501013.0,8850.0,,,99.0,TDM 30,4.66,2018-10-08 12:38:27.773000000,10935.0,2.0,2018-10-05,2018-10-05 09:11:41.824,9,12,44,9.212222,
,2018-10-03 08:17:49,695075.0,13250.0,,,71.0,TDM 2,6.99,2018-10-08 12:41:52.583000000,10936.0,2.0,2018-10-03,2018-10-03 08:17:52.128,8,17,49,8.296945,
,2018-10-06 07:53:20,695044.0,13250.0,,,71.0,TDM 2,6.99,2018-10-08 12:41:52.597000000,10936.0,2.0,2018-10-06,2018-10-06 07:52:39.680,7,53,20,7.888889,
,2018-10-02 10:07:44,682004.0,13250.0,,,108.0,TDM 38,6.99,2018-10-08 12:46:38.277000000,10937.0,2.0,2018-10-02,2018-10-02 10:07:29.280,10,7,44,10.128889,
,2018-10-03 05:46:56,677032.0,2500.0,,,108.0,TDM 38,1.32,2018-10-08 12:46:38.293000000,10937.0,2.0,2018-10-03,2018-10-03 05:47:08.160,5,46,56,5.7822223,
,2018-10-03 07:03:35,677100.0,2000.0,,,108.0,TDM 38,1.06,2018-10-08 12:46:38.300000000,10937.0,2.0,2018-10-03,2018-10-03 07:03:35.680,7,3,35,7.0597224,
,2018-10-05 09:30:51,677092.0,1500.0,,,108.0,TDM 38,0.79,2018-10-08 12:46:38.303000000,10937.0,2.0,2018-10-05,2018-10-05 09:31:21.472,9,30,51,9.514167,
,2018-10-05 09:35:40,677093.0,2000.0,,,108.0,TDM 38,1.06,2018-10-08 12:46:38.310000000,10937.0,2.0,2018-10-05,2018-10-05 09:35:43.616,9,35,40,9.594444,
,2018-10-06 07:30:04,677033.0,1500.0,,,108.0,TDM 38,0.79,2018-10-08 12:46:38.317000000,10937.0,2.0,2018-10-06,2018-10-06 07:30:48.960,7,30,4,7.501111,
,2018-10-08 06:42:30,677004.0,2500.0,,,108.0,TDM 38,1.32,2018-10-08 12:46:38.323000000,10937.0,2.0,2018-10-08,2018-10-08 06:41:58.272,6,42,30,6.7083335,
,2018-10-03 17:39:54,547001.0,3000.0,,,89.0,TDM 20,1.59,2018-10-08 12:49:09.277000000,10938.0,2.0,2018-10-03,2018-10-03 17:39:17.632,17,39,54,17.665,
,2018-10-06 07:18:40,547069.0,2500.0,,,89.0,TDM 20,1.32,2018-10-08 12:49:09.287000000,10938.0,2.0,2018-10-06,2018-10-06 07:17:42.528,7,18,40,7.311111,
,2018-10-08 10:26:19,547092.0,3000.0,,,89.0,TDM 20,1.59,2018-10-08 12:49:09.290000000,10938.0,2.0,2018-10-08,2018-10-08 10:26:58.688,10,26,19,10.438611,
,2018-08-14 14:32:13,366145.0,2500.0,,,83.0,TDM 14,1.32,2018-10-08 12:55:10.007000000,10939.0,2.0,2018-08-14,2018-08-14 14:31:23.392,14,32,13,14.536944,
,2018-08-16 13:38:38,558115.0,1500.0,,,83.0,TDM 14,0.79,2018-10-08 12:55:10.010000000,10939.0,2.0,2018-08-16,2018-08-16 13:38:10.560,13,38,38,13.643888,
,2018-08-16 13:39:58,558115.0,1500.0,,,83.0,TDM 14,0.79,2018-10-08 12:55:10.017000000,10939.0,2.0,2018-08-16,2018-08-16 13:40:21.632,13,39,58,13.666111,
,2018-08-17 12:33:18,208005.0,3000.0,,,83.0,TDM 14,1.59,2018-10-08 12:55:10.023000000,10939.0,2.0,2018-08-17,2018-08-17 12:32:14.848,12,33,18,12.555,
,2018-08-17 12:58:30,208002.0,3000.0,,,83.0,TDM 14,1.59,2018-10-08 12:55:10.040000000,10939.0,2.0,2018-08-17,2018-08-17 12:58:27.712,12,58,30,12.975,
,2018-08-17 13:00:35,208002.0,3000.0,,,83.0,TDM 14,1.59,2018-10-08 12:55:10.047000000,10939.0,2.0,2018-08-17,2018-08-17 13:00:38.784,13,0,35,13.009722,
,2018-08-17 13:12:10,208004.0,3000.0,,,83.0,TDM 14,1.59,2018-10-08 12:55:10.060000000,10939.0,2.0,2018-08-17,2018-08-17 13:11:34.144,13,12,10,13.202778,
,2018-08-22 13:08:53,208001.0,6650.0,,,83.0,TDM 14,3.49,2018-10-08 12:55:10.063000000,10939.0,2.0,2018-08-22,2018-08-22 13:09:36.384,13,8,53,13.148056,
,2018-08-22 13:17:44,208001.0,13250.0,,,83.0,TDM 14,6.99,2018-10-08 12:55:10.070000000,10939.0,2.0,2018-08-22,2018-08-22 13:18:20.672,13,17,44,13.295555,
,2018-08-22 13:25:20,208001.0,2500.0,,,83.0,TDM 14,1.32,2018-10-08 12:55:10.077000000,10939.0,2.0,2018-08-22,2018-08-22 13:24:53.888,13,25,20,13.422222,
,2018-08-22 13:56:48,208050.0,2000.0,,,83.0,TDM 14,1.06,2018-10-08 12:55:10.083000000,10939.0,2.0,2018-08-22,2018-08-22 13:57:39.968,13,56,48,13.946667,
,2018-08-22 14:04:35,208002.0,2000.0,,,83.0,TDM 14,1.06,2018-10-08 12:55:10.090000000,10939.0,2.0,2018-08-22,2018-08-22 14:04:13.184,14,4,35,14.076389,
,2018-08-22 14:10:46,208003.0,2500.0,,,83.0,TDM 14,1.32,2018-10-08 12:55:10.093000000,10939.0,2.0,2018-08-22,2018-08-22 14:10:46.400,14,10,46,14.179444,
,2018-08-22 14:13:47,208003.0,2500.0,,,83.0,TDM 14,1.32,2018-10-08 12:55:10.100000000,10939.0,2.0,2018-08-22,2018-08-22 14:12:57.472,14,13,47,14.229722,
,2018-08-22 14:21:08,208003.0,2500.0,,,83.0,TDM 14,1.32,2018-10-08 12:55:10.107000000,10939.0,2.0,2018-08-22,2018-08-22 14:21:41.760,14,21,8,14.352222,
,2018-08-22 14:26:24,208001.0,13250.0,,,83.0,TDM 14,6.99,2018-10-08 12:55:10.113000000,10939.0,2.0,2018-08-22,2018-08-22 14:26:03.904,14,26,24,14.44,
,2018-08-29 13:38:19,208001.0,8850.0,,,83.0,TDM 14,4.66,2018-10-08 12:55:10.123000000,10939.0,2.0,2018-08-29,2018-08-29 13:37:26.528,13,38,19,13.638611,
,2018-08-29 13:54:59,208001.0,8850.0,,,83.0,TDM 14,4.66,2018-10-08 12:55:10.130000000,10939.0,2.0,2018-08-29,2018-08-29 13:54:55.104,13,54,59,13.9163885,
,2018-08-29 13:59:51,208001.0,6650.0,,,83.0,TDM 14,3.49,2018-10-08 12:55:10.137000000,10939.0,2.0,2018-08-29,2018-08-29 13:59:17.248,13,59,51,13.9975,
,2018-08-29 14:08:35,208002.0,3000.0,,,83.0,TDM 14,1.59,2018-10-08 12:55:10.143000000,10939.0,2.0,2018-08-29,2018-08-29 14:08:01.536,14,8,35,14.143056,
,2018-09-19 11:39:03,208999.0,2500.0,,,83.0,TDM 14,1.32,2018-10-08 12:55:10.150000000,10939.0,2.0,2018-09-19,2018-09-19 11:39:58.336,11,39,3,11.650833,
,2018-09-19 11:46:51,208888.0,2500.0,,,83.0,TDM 14,1.32,2018-10-08 12:55:10.153000000,10939.0,2.0,2018-09-19,2018-09-19 11:46:31.552,11,46,51,11.780833,
,2018-09-19 13:39:46,208001.0,6650.0,,,83.0,TDM 14,3.49,2018-10-08 12:55:10.160000000,10939.0,2.0,2018-09-19,2018-09-19 13:40:07.296,13,39,46,13.662778,
,2018-09-19 14:34:00,208001.0,11050.0,,,83.0,TDM 14,5.82,2018-10-08 12:55:10.173000000,10939.0,2.0,2018-09-19,2018-09-19 14:34:44.096,14,34,0,14.566667,
,2018-09-19 15:01:58,208001.0,3000.0,,,83.0,TDM 14,1.59,2018-10-08 12:55:10.180000000,10939.0,2.0,2018-09-19,2018-09-19 15:00:56.960,15,1,58,15.032778,
,2018-09-19 15:03:39,208001.0,3000.0,,,83.0,TDM 14,1.59,2018-10-08 12:55:10.183000000,10939.0,2.0,2018-09-19,2018-09-19 15:03:08.032,15,3,39,15.060833,
,2018-09-19 15:09:12,224003.0,11050.0,,,83.0,TDM 14,5.82,2018-10-08 12:55:10.190000000,10939.0,2.0,2018-09-19,2018-09-19 15:09:41.248,15,9,12,15.153334,
,2018-09-19 15:11:30,210003.0,11050.0,,,83.0,TDM 14,5.82,2018-10-08 12:55:10.197000000,10939.0,2.0,2018-09-19,2018-09-19 15:11:52.320,15,11,30,15.191667,
,2018-09-20 08:37:21,208001.0,8850.0,,,83.0,TDM 14,4.66,2018-10-08 12:55:10.210000000,10939.0,2.0,2018-09-20,2018-09-20 08:38:15.808,8,37,21,8.6225,
,2018-09-20 08:39:45,627001.0,8850.0,,,83.0,TDM 14,4.66,2018-10-08 12:55:10.213000000,10939.0,2.0,2018-09-20,2018-09-20 08:40:26.880,8,39,45,8.6625,
,2018-09-20 08:45:05,201001.0,8850.0,,,83.0,TDM 14,4.66,2018-10-08 12:55:10.220000000,10939.0,2.0,2018-09-20,2018-09-20 08:44:49.024,8,45,5,8.751389,
,2018-09-20 08:47:07,201002.0,8850.0,,,83.0,TDM 14,4.66,2018-10-08 12:55:10.227000000,10939.0,2.0,2018-09-20,2018-09-20 08:47:00.096,8,47,7,8.785277,
,2018-09-20 08:50:56,201002.0,6650.0,,,83.0,TDM 14,3.49,2018-10-08 12:55:10.230000000,10939.0,2.0,2018-09-20,2018-09-20 08:51:22.240,8,50,56,8.848889,
,2018-09-20 08:56:45,202001.0,8850.0,,,83.0,TDM 14,4.66,2018-10-08 12:55:10.237000000,10939.0,2.0,2018-09-20,2018-09-20 08:55:44.384,8,56,45,8.945833,
,2018-09-20 09:02:00,202001.0,8850.0,,,83.0,TDM 14,4.66,2018-10-08 12:55:10.243000000,10939.0,2.0,2018-09-20,2018-09-20 09:02:17.600,9,2,0,9.033334,
,2018-09-20 09:26:25,666001.0,13250.0,,,83.0,TDM 14,6.99,2018-10-08 12:55:10.300000000,10939.0,2.0,2018-09-20,2018-09-20 09:26:19.392,9,26,25,9.440278,
,2018-09-20 09:28:17,666421.0,11050.0,,,83.0,TDM 14,5.82,2018-10-08 12:55:10.303000000,10939.0,2.0,2018-09-20,2018-09-20 09:28:30.464,9,28,17,9.471389,
,2018-09-20 09:38:36,666402.0,2000.0,,,83.0,TDM 14,1.06,2018-10-08 12:55:10.297000000,10939.0,2.0,2018-09-20,2018-09-20 09:39:25.824,9,38,36,9.643333,
,2018-09-22 11:16:34,208004.0,6650.0,,,83.0,TDM 14,3.49,2018-10-08 12:55:10.303000000,10939.0,2.0,2018-09-22,2018-09-22 11:16:56.960,11,16,34,11.276111,
,2018-09-26 13:10:08,208002.0,3000.0,,,83.0,TDM 14,1.59,2018-10-08 12:55:10.307000000,10939.0,2.0,2018-09-26,2018-09-26 13:11:09.568,13,10,8,13.168889,
,2018-09-26 13:17:11,208003.0,2500.0,,,83.0,TDM 14,1.32,2018-10-08 12:55:10.313000000,10939.0,2.0,2018-09-26,2018-09-26 13:17:42.784,13,17,11,13.286389,
,2018-09-26 13:19:29,208003.0,2500.0,,,83.0,TDM 14,1.32,2018-10-08 12:55:10.320000000,10939.0,2.0,2018-09-26,2018-09-26 13:19:53.856,13,19,29,13.324722,
,2018-09-26 13:26:46,208003.0,2500.0,,,83.0,TDM 14,1.32,2018-10-08 12:55:10.327000000,10939.0,2.0,2018-09-26,2018-09-26 13:26:27.072,13,26,46,13.446111,
,2018-09-26 13:40:58,208004.0,2000.0,,,83.0,TDM 14,1.06,2018-10-08 12:55:10.337000000,10939.0,2.0,2018-09-26,2018-09-26 13:41:44.576,13,40,58,13.682777,
,2018-09-26 13:42:08,208004.0,2000.0,,,83.0,TDM 14,1.06,2018-10-08 12:55:10.343000000,10939.0,2.0,2018-09-26,2018-09-26 13:41:44.576,13,42,8,13.702222,
,2018-10-03 12:01:09,210001.0,2500.0,,,83.0,TDM 14,1.32,2018-10-08 12:55:10.350000000,10939.0,2.0,2018-10-03,2018-10-03 12:00:41.472,12,1,9,12.019167,
,2018-10-03 12:01:28,232323.0,2500.0,,,83.0,TDM 14,1.32,2018-10-08 12:55:10.357000000,10939.0,2.0,2018-10-03,2018-10-03 12:00:41.472,12,1,28,12.024445,
,2018-10-03 13:25:15,208002.0,6650.0,,,83.0,TDM 14,3.49,2018-10-08 12:55:10.373000000,10939.0,2.0,2018-10-03,2018-10-03 13:25:53.280,13,25,15,13.420834,
,2018-10-06 09:34:58,386057.0,6650.0,,,83.0,TDM 14,3.49,2018-10-08 12:55:10.380000000,10939.0,2.0,2018-10-06,2018-10-06 09:35:20.064,9,34,58,9.582778,
,2018-10-06 09:37:14,386057.0,6650.0,,,83.0,TDM 14,3.49,2018-10-08 12:55:10.387000000,10939.0,2.0,2018-10-06,2018-10-06 09:37:31.136,9,37,14,9.620556,
,2018-10-06 09:39:53,386057.0,6650.0,,,83.0,TDM 14,3.49,2018-10-08 12:55:10.390000000,10939.0,2.0,2018-10-06,2018-10-06 09:39:42.208,9,39,53,9.664722,
,2018-10-06 09:43:03,386057.0,6650.0,,,83.0,TDM 14,3.49,2018-10-08 12:55:10.397000000,10939.0,2.0,2018-10-06,2018-10-06 09:44:04.352,9,43,3,9.7175,
,2018-09-25 08:59:14,334002.0,2500.0,,,76.0,TDM 7,1.32,2018-10-08 13:10:01.477000000,10940.0,2.0,2018-09-25,2018-09-25 08:58:08.768,8,59,14,8.987223,
,2018-09-26 10:02:58,334100.0,1500.0,,,76.0,TDM 7,0.79,2018-10-08 13:10:01.487000000,10940.0,2.0,2018-09-26,2018-09-26 10:03:17.376,10,2,58,10.049444,
,2018-09-27 15:16:00,333065.0,1500.0,,,76.0,TDM 7,0.79,2018-10-08 13:10:01.493000000,10940.0,2.0,2018-09-27,2018-09-27 15:15:17.120,15,16,0,15.266666,
,2018-09-27 15:19:14,335031.0,2500.0,,,76.0,TDM 7,1.32,2018-10-08 13:10:01.500000000,10940.0,2.0,2018-09-27,2018-09-27 15:19:39.264,15,19,14,15.320556,
,2018-09-27 15:25:32,335021.0,1500.0,,,76.0,TDM 7,0.79,2018-10-08 13:10:01.503000000,10940.0,2.0,2018-09-27,2018-09-27 15:26:12.480,15,25,32,15.425555,
,2018-09-28 07:18:47,334001.0,1500.0,,,76.0,TDM 7,0.79,2018-10-08 13:10:01.517000000,10940.0,2.0,2018-09-28,2018-09-28 07:18:39.872,7,18,47,7.3130555,
,2018-09-30 14:02:59,333115.0,2500.0,,,76.0,TDM 7,1.32,2018-10-08 13:10:01.523000000,10940.0,2.0,2018-09-30,2018-09-30 14:02:01.088,14,2,59,14.049723,
,2018-10-01 06:17:37,334068.0,2000.0,,,76.0,TDM 7,1.06,2018-10-08 13:10:01.530000000,10940.0,2.0,2018-10-01,2018-10-01 06:18:30.272,6,17,37,6.293611,
,2018-10-01 06:36:35,334050.0,2500.0,,,76.0,TDM 7,1.32,2018-10-08 13:10:01.533000000,10940.0,2.0,2018-10-01,2018-10-01 06:35:58.848,6,36,35,6.609722,
,2018-10-01 08:51:44,334085.0,1500.0,,,76.0,TDM 7,0.79,2018-10-08 13:10:01.547000000,10940.0,2.0,2018-10-01,2018-10-01 08:51:25.312,8,51,44,8.862223,
,2018-10-02 06:20:24,334005.0,2500.0,,,76.0,TDM 7,1.32,2018-10-08 13:10:01.553000000,10940.0,2.0,2018-10-02,2018-10-02 06:20:17.792,6,20,24,6.34,
,2018-10-02 06:47:41,334052.0,2000.0,,,76.0,TDM 7,1.06,2018-10-08 13:10:01.560000000,10940.0,2.0,2018-10-02,2018-10-02 06:48:41.728,6,47,41,6.794722,
,2018-10-02 07:03:30,334060.0,2500.0,,,76.0,TDM 7,1.32,2018-10-08 13:10:01.563000000,10940.0,2.0,2018-10-02,2018-10-02 07:03:59.232,7,3,30,7.0583334,
,2018-10-02 08:14:42,334117.0,1500.0,,,76.0,TDM 7,0.79,2018-10-08 13:10:01.570000000,10940.0,2.0,2018-10-02,2018-10-02 08:13:53.536,8,14,42,8.245,
,2018-10-03 05:41:07,334004.0,1500.0,,,76.0,TDM 7,0.79,2018-10-08 13:10:01.577000000,10940.0,2.0,2018-10-03,2018-10-03 05:40:34.944,5,41,7,5.685278,
,2018-10-03 05:52:05,334043.0,1500.0,,,76.0,TDM 7,0.79,2018-10-08 13:10:01.583000000,10940.0,2.0,2018-10-03,2018-10-03 05:51:30.304,5,52,5,5.8680553,
,2018-10-03 07:06:40,333126.0,2000.0,,,76.0,TDM 7,1.06,2018-10-08 13:10:01.590000000,10940.0,2.0,2018-10-03,2018-10-03 07:05:46.752,7,6,40,7.111111,
,2018-10-03 07:51:07,333130.0,1500.0,,,76.0,TDM 7,0.79,2018-10-08 13:10:01.593000000,10940.0,2.0,2018-10-03,2018-10-03 07:51:39.264,7,51,7,7.8519444,
,2018-10-05 05:40:26,335051.0,3000.0,,,76.0,TDM 7,1.59,2018-10-08 13:10:01.600000000,10940.0,2.0,2018-10-05,2018-10-05 05:39:47.840,5,40,26,5.6738887,
,2018-10-05 06:44:19,333034.0,2500.0,,,76.0,TDM 7,1.32,2018-10-08 13:10:01.607000000,10940.0,2.0,2018-10-05,2018-10-05 06:45:20.000,6,44,19,6.738611,
,2018-10-05 08:27:36,333125.0,1500.0,,,76.0,TDM 7,0.79,2018-10-08 13:10:01.613000000,10940.0,2.0,2018-10-05,2018-10-05 08:28:00.384,8,27,36,8.46,
,2018-10-06 08:07:11,335029.0,2500.0,,,76.0,TDM 7,1.32,2018-10-08 13:10:01.620000000,10940.0,2.0,2018-10-06,2018-10-06 08:07:57.184,8,7,11,8.119722,
,2018-10-08 08:08:35,335122.0,2500.0,,,76.0,TDM 7,1.32,2018-10-08 13:10:01.623000000,10940.0,2.0,2018-10-08,2018-10-08 08:09:21.152,8,8,35,8.143056,
,2018-09-26 12:56:07,208001.0,1500.0,,,105.0,TDM 36,0.79,2018-10-08 13:13:40.220000000,10941.0,2.0,2018-09-26,2018-09-26 12:55:52.064,12,56,7,12.935278,
,2018-10-02 09:54:37,204059.0,2500.0,,,105.0,TDM 36,1.32,2018-10-08 13:13:40.237000000,10941.0,2.0,2018-10-02,2018-10-02 09:54:22.848,9,54,37,9.910277,
,2018-10-04 08:37:59,242022.0,1500.0,,,97.0,TDM 28,0.79,2018-10-08 13:17:17.767000000,10942.0,2.0,2018-10-04,2018-10-04 08:37:08.224,8,37,59,8.633056,
,2018-10-05 09:39:08,242089.0,1500.0,,,97.0,TDM 28,0.79,2018-10-08 13:17:17.777000000,10942.0,2.0,2018-10-05,2018-10-05 09:40:05.760,9,39,8,9.652223,
,2018-10-05 10:57:16,242098.0,2000.0,,,97.0,TDM 28,1.06,2018-10-08 13:17:17.780000000,10942.0,2.0,2018-10-05,2018-10-05 10:56:33.280,10,57,16,10.954445,
,2018-10-05 11:02:50,242097.0,2000.0,,,97.0,TDM 28,1.06,2018-10-08 13:17:17.790000000,10942.0,2.0,2018-10-05,2018-10-05 11:03:06.496,11,2,50,11.047222,
,2018-10-05 11:08:14,242111.0,2500.0,,,97.0,TDM 28,1.32,2018-10-08 13:17:17.793000000,10942.0,2.0,2018-10-05,2018-10-05 11:07:28.640,11,8,14,11.137222,
,2018-10-06 07:24:26,242136.0,1500.0,,,97.0,TDM 28,0.79,2018-10-08 13:17:17.807000000,10942.0,2.0,2018-10-06,2018-10-06 07:24:15.744,7,24,26,7.4072223,
,2018-10-06 07:40:53,242116.0,2500.0,,,97.0,TDM 28,1.32,2018-10-08 13:17:17.813000000,10942.0,2.0,2018-10-06,2018-10-06 07:41:44.320,7,40,53,7.681389,
,2018-10-06 07:48:10,242115.0,2000.0,,,97.0,TDM 28,1.06,2018-10-08 13:17:17.820000000,10942.0,2.0,2018-10-06,2018-10-06 07:48:17.536,7,48,10,7.802778,
,2018-10-06 08:01:57,242113.0,2500.0,,,97.0,TDM 28,1.32,2018-10-08 13:17:17.823000000,10942.0,2.0,2018-10-06,2018-10-06 08:01:23.968,8,1,57,8.0325,
,2018-10-06 08:28:22,242075.0,3000.0,,,97.0,TDM 28,1.59,2018-10-08 13:17:17.830000000,10942.0,2.0,2018-10-06,2018-10-06 08:27:36.832,8,28,22,8.472777,
,2018-10-01 10:47:58,644043.0,2000.0,,,87.0,TDM 18,1.06,2018-10-08 13:27:34.850000000,10943.0,2.0,2018-10-01,2018-10-01 10:47:12.128,10,47,58,10.799444,
,2018-10-01 11:12:22,644126.0,2000.0,,,87.0,TDM 18,1.06,2018-10-08 13:27:34.857000000,10943.0,2.0,2018-10-01,2018-10-01 11:13:24.992,11,12,22,11.206111,
,2018-10-02 08:02:51,644128.0,2500.0,,,87.0,TDM 18,1.32,2018-10-08 13:27:34.863000000,10943.0,2.0,2018-10-02,2018-10-02 08:02:58.176,8,2,51,8.0475,
,2018-10-08 07:33:14,644054.0,2000.0,,,87.0,TDM 18,1.06,2018-10-08 13:27:34.870000000,10943.0,2.0,2018-10-08,2018-10-08 07:32:12.928,7,33,14,7.553889,
,2018-10-08 07:36:36,644037.0,1500.0,,,87.0,TDM 18,0.79,2018-10-08 13:27:34.873000000,10943.0,2.0,2018-10-08,2018-10-08 07:36:35.072,7,36,36,7.61,
,2018-10-08 07:40:22,644010.0,1500.0,,,87.0,TDM 18,0.79,2018-10-08 13:27:34.880000000,10943.0,2.0,2018-10-08,2018-10-08 07:40:57.216,7,40,22,7.6727777,
,2018-10-08 08:09:22,644109.0,1500.0,,,87.0,TDM 18,0.79,2018-10-08 13:27:34.887000000,10943.0,2.0,2018-10-08,2018-10-08 08:09:21.152,8,9,22,8.156111,
,2018-09-19 13:15:34,208001.0,6650.0,,,118.0,TDM 48,3.49,2018-10-11 14:53:12.247000000,10946.0,2.0,2018-09-19,2018-09-19 13:16:05.504,13,15,34,13.259444,
,2018-09-19 13:27:11,208001.0,6650.0,,,118.0,TDM 48,3.49,2018-10-11 14:53:12.253000000,10946.0,2.0,2018-09-19,2018-09-19 13:27:00.864,13,27,11,13.453055,
,2018-09-19 13:29:50,208001.0,3000.0,,,118.0,TDM 48,1.59,2018-10-11 14:53:12.260000000,10946.0,2.0,2018-09-19,2018-09-19 13:29:11.936,13,29,50,13.497222,
,2018-09-19 14:10:36,208001.0,8850.0,,,118.0,TDM 48,4.66,2018-10-11 14:53:12.267000000,10946.0,2.0,2018-09-19,2018-09-19 14:10:42.304,14,10,36,14.176666,
,2018-09-19 14:22:43,208001.0,11050.0,,,118.0,TDM 48,5.82,2018-10-11 14:53:12.270000000,10946.0,2.0,2018-09-19,2018-09-19 14:21:37.664,14,22,43,14.378612,
,2018-09-19 14:45:06,208002.0,3000.0,,,118.0,TDM 48,1.59,2018-10-11 14:53:12.280000000,10946.0,2.0,2018-09-19,2018-09-19 14:45:39.456,14,45,6,14.751667,
,2018-09-19 14:53:32,208001.0,8850.0,,,118.0,TDM 48,4.66,2018-10-11 14:53:12.283000000,10946.0,2.0,2018-09-19,2018-09-19 14:54:23.744,14,53,32,14.892222,
,2018-09-20 08:32:12,204001.0,8850.0,,,118.0,TDM 48,4.66,2018-10-11 14:53:12.297000000,10946.0,2.0,2018-09-20,2018-09-20 08:31:42.592,8,32,12,8.536667,
,2018-09-20 08:43:41,204001.0,8850.0,,,118.0,TDM 48,4.66,2018-10-11 14:53:12.307000000,10946.0,2.0,2018-09-20,2018-09-20 08:42:37.952,8,43,41,8.728056,
,2018-09-20 08:45:53,204001.0,8850.0,,,118.0,TDM 48,4.66,2018-10-11 14:53:12.313000000,10946.0,2.0,2018-09-20,2018-09-20 08:44:49.024,8,45,53,8.764722,
,2018-09-20 08:49:17,2040019.0,8850.0,,,118.0,TDM 48,4.66,2018-10-11 14:53:12.320000000,10946.0,2.0,2018-09-20,2018-09-20 08:49:11.168,8,49,17,8.821389,
,2018-09-20 08:54:01,201005.0,8850.0,,,118.0,TDM 48,4.66,2018-10-11 14:53:12.327000000,10946.0,2.0,2018-09-20,2018-09-20 08:53:33.312,8,54,1,8.900278,
,2018-09-20 08:57:08,204001.0,8850.0,,,118.0,TDM 48,4.66,2018-10-11 14:53:12.330000000,10946.0,2.0,2018-09-20,2018-09-20 08:57:55.456,8,57,8,8.952222,
,2018-09-20 08:59:28,666002.0,2000.0,,,118.0,TDM 48,1.06,2018-10-11 14:53:12.337000000,10946.0,2.0,2018-09-20,2018-09-20 09:00:06.528,8,59,28,8.991111,
,2018-09-22 10:53:17,208004.0,1500.0,,,118.0,TDM 48,0.79,2018-10-11 14:53:12.387000000,10946.0,2.0,2018-09-22,2018-09-22 10:52:55.168,10,53,17,10.888056,
,2018-09-22 11:20:52,208004.0,0.0,,,118.0,TDM 48,3.49,2018-10-11 14:53:12.390000000,10946.0,2.0,2018-09-22,2018-09-22 11:21:19.104,11,20,52,11.347777,
,2018-09-26 12:46:12,208002.0,0.0,,,118.0,TDM 48,1.59,2018-10-11 14:53:12.397000000,10946.0,2.0,2018-09-26,2018-09-26 12:47:07.776,12,46,12,12.77,
,2018-09-26 12:53:46,208003.0,0.0,,,118.0,TDM 48,1.32,2018-10-11 14:53:12.403000000,10946.0,2.0,2018-09-26,2018-09-26 12:53:40.992,12,53,46,12.8961115,
,2018-09-26 13:19:22,208004.0,2000.0,,,118.0,TDM 48,1.06,2018-10-11 14:53:12.417000000,10946.0,2.0,2018-09-26,2018-09-26 13:19:53.856,13,19,22,13.322778,
,2018-10-03 14:10:17,208003.0,6650.0,,,118.0,TDM 48,3.49,2018-10-11 14:53:12.423000000,10946.0,2.0,2018-10-03,2018-10-03 14:09:34.720,14,10,17,14.171389,
,2018-10-04 10:14:54,386001.0,1500.0,,,118.0,TDM 48,0.79,2018-10-11 14:53:12.430000000,10946.0,2.0,2018-10-04,2018-10-04 10:15:26.464,10,14,54,10.248333,
,2018-10-06 11:37:02,387011.0,3000.0,,,107.0,TDM 37,1.59,2018-10-11 15:01:22.423000000,10947.0,2.0,2018-10-06,2018-10-06 11:37:40.096,11,37,2,11.617222,
,2018-10-03 08:25:28,386042.0,8850.0,,,79.0,TDM 10,4.66,2018-10-11 15:16:19.273000000,10948.0,2.0,2018-10-03,2018-10-03 08:24:25.344,8,25,28,8.424444,
,2018-10-11 07:36:56,333046.0,1500.0,,,76.0,TDM 7,0.79,2018-10-15 12:43:35.257000000,10949.0,2.0,2018-10-11,2018-10-11 07:37:35.488,7,36,56,7.615556,
,2018-10-11 09:17:18,334109.0,2000.0,,,76.0,TDM 7,1.06,2018-10-15 12:43:35.267000000,10949.0,2.0,2018-10-11,2018-10-11 09:18:04.800,9,17,18,9.288333,
,2018-10-13 06:24:26,333073.0,3000.0,,,76.0,TDM 7,1.59,2018-10-15 12:43:35.273000000,10949.0,2.0,2018-10-13,2018-10-13 06:24:43.008,6,24,26,6.4072223,
,2018-09-19 13:05:10,208001.0,0.0,,,120.0,TDM 50,3.49,2018-10-15 12:47:40.610000000,10950.0,2.0,2018-09-19,2018-09-19 13:05:10.144,13,5,10,13.086111,
,2018-09-19 13:18:09,204001.0,6650.0,,,120.0,TDM 50,3.49,2018-10-15 12:47:40.620000000,10950.0,2.0,2018-09-19,2018-09-19 13:18:16.576,13,18,9,13.3025,
,2018-09-19 14:00:54,208001.0,8850.0,,,120.0,TDM 50,4.66,2018-10-15 12:47:40.627000000,10950.0,2.0,2018-09-19,2018-09-19 14:01:58.016,14,0,54,14.015,
,2018-09-19 14:28:36,208001.0,11050.0,,,120.0,TDM 50,5.82,2018-10-15 12:47:40.640000000,10950.0,2.0,2018-09-19,2018-09-19 14:28:10.880,14,28,36,14.476666,
,2018-09-19 14:38:26,208001.0,6650.0,,,120.0,TDM 50,3.49,2018-10-15 12:47:40.647000000,10950.0,2.0,2018-09-19,2018-09-19 14:39:06.240,14,38,26,14.640555,
,2018-09-20 08:16:53,627045.0,6650.0,,,120.0,TDM 50,3.49,2018-10-15 12:47:40.650000000,10950.0,2.0,2018-09-20,2018-09-20 08:16:25.088,8,16,53,8.281389,
,2018-09-20 08:24:08,202001.0,8850.0,,,120.0,TDM 50,4.66,2018-10-15 12:47:40.657000000,10950.0,2.0,2018-09-20,2018-09-20 08:25:09.376,8,24,8,8.402223,
,2018-09-20 08:29:06,202001.0,8850.0,,,120.0,TDM 50,4.66,2018-10-15 12:47:40.663000000,10950.0,2.0,2018-09-20,2018-09-20 08:29:31.520,8,29,6,8.485,
,2018-09-20 08:53:38,627044.0,0.0,,,120.0,TDM 50,5.82,2018-10-15 12:47:40.687000000,10950.0,2.0,2018-09-20,2018-09-20 08:53:33.312,8,53,38,8.893888,
,2018-09-20 08:59:17,987645.0,13250.0,,,120.0,TDM 50,6.99,2018-10-15 12:47:40.693000000,10950.0,2.0,2018-09-20,2018-09-20 09:00:06.528,8,59,17,8.988055,
,2018-09-20 09:02:37,564987.0,13250.0,,,120.0,TDM 50,6.99,2018-10-15 12:47:40.700000000,10950.0,2.0,2018-09-20,2018-09-20 09:02:17.600,9,2,37,9.043612,
,2018-09-26 12:38:55,208004.0,2000.0,,,120.0,TDM 50,1.06,2018-10-15 12:47:40.707000000,10950.0,2.0,2018-09-26,2018-09-26 12:38:23.488,12,38,55,12.648611,
,2018-09-26 12:51:29,208004.0,11050.0,,,120.0,TDM 50,5.82,2018-10-15 12:47:40.717000000,10950.0,2.0,2018-09-26,2018-09-26 12:51:29.920,12,51,29,12.858055,
,2018-09-26 12:55:34,208004.0,11050.0,,,120.0,TDM 50,5.82,2018-10-15 12:47:40.723000000,10950.0,2.0,2018-09-26,2018-09-26 12:55:52.064,12,55,34,12.926111,
,2018-09-26 12:58:17,208004.0,0.0,,,120.0,TDM 50,4.66,2018-10-15 12:47:40.730000000,10950.0,2.0,2018-09-26,2018-09-26 12:58:03.136,12,58,17,12.971389,
,2018-09-26 13:01:07,208005.0,0.0,,,120.0,TDM 50,1.06,2018-10-15 12:47:40.737000000,10950.0,2.0,2018-09-26,2018-09-26 13:00:14.208,13,1,7,13.018611,
,2018-09-26 13:05:07,208004.0,0.0,,,120.0,TDM 50,1.59,2018-10-15 12:47:40.740000000,10950.0,2.0,2018-09-26,2018-09-26 13:04:36.352,13,5,7,13.085278,
,2018-09-26 13:08:23,208004.281,13250.0,,,120.0,TDM 50,6.99,2018-10-15 12:47:40.747000000,10950.0,2.0,2018-09-26,2018-09-26 13:08:58.496,13,8,23,13.139722,
,2018-09-26 13:10:57,208004.0,0.0,,,120.0,TDM 50,5.82,2018-10-15 12:47:40.753000000,10950.0,2.0,2018-09-26,2018-09-26 13:11:09.568,13,10,57,13.1825,
,2018-10-09 10:54:50,319204.0,0.0,,,120.0,TDM 50,1.06,2018-10-15 12:47:40.777000000,10950.0,2.0,2018-10-09,2018-10-09 10:54:59.072,10,54,50,10.913889,
,2018-10-10 08:31:05,319148.0,1500.0,,,120.0,TDM 50,0.79,2018-10-15 12:47:40.783000000,10950.0,2.0,2018-10-10,2018-10-10 08:30:24.768,8,31,5,8.518056,
,2018-10-10 13:52:39,319259.0,1500.0,,,120.0,TDM 50,0.79,2018-10-15 12:47:40.790000000,10950.0,2.0,2018-10-10,2018-10-10 13:53:43.424,13,52,39,13.8775,
,2018-10-12 09:31:12,319132.0,2500.0,,,120.0,TDM 50,1.32,2018-10-15 12:47:40.797000000,10950.0,2.0,2018-10-12,2018-10-12 09:30:47.680,9,31,12,9.52,
,2018-10-12 09:57:49,319194.0,3000.0,,,120.0,TDM 50,1.59,2018-10-15 12:47:40.800000000,10950.0,2.0,2018-10-12,2018-10-12 09:57:00.544,9,57,49,9.963611,
,2018-10-12 10:25:23,319225.0,1500.0,,,120.0,TDM 50,0.79,2018-10-15 12:47:40.807000000,10950.0,2.0,2018-10-12,2018-10-12 10:25:24.480,10,25,23,10.423056,
,2018-10-12 10:43:07,319201.0,1500.0,,,120.0,TDM 50,0.79,2018-10-15 12:47:40.813000000,10950.0,2.0,2018-10-12,2018-10-12 10:42:53.056,10,43,7,10.718611,
,2018-10-12 10:52:48,319193.0,1500.0,,,120.0,TDM 50,0.79,2018-10-15 12:47:40.820000000,10950.0,2.0,2018-10-12,2018-10-12 10:53:48.416,10,52,48,10.88,
,2018-10-15 09:11:04,317039.0,1500.0,,,120.0,TDM 50,0.79,2018-10-15 12:47:40.827000000,10950.0,2.0,2018-10-15,2018-10-15 09:12:08.448,9,11,4,9.184444,
,2018-10-03 15:28:03,322130.0,3000.0,,,90.0,TDM 21,1.59,2018-10-15 12:53:21.177000000,10951.0,2.0,2018-10-03,2018-10-03 15:28:13.312,15,28,3,15.4675,
,2018-10-05 12:09:56,322116.0,1500.0,,,90.0,TDM 21,0.79,2018-10-15 12:53:21.180000000,10951.0,2.0,2018-10-05,2018-10-05 12:10:49.728,12,9,56,12.165556,
,2018-10-05 14:00:13,322103.0,2000.0,,,90.0,TDM 21,1.06,2018-10-15 12:53:21.187000000,10951.0,2.0,2018-10-05,2018-10-05 14:00:03.328,14,0,13,14.003612,
,2018-10-09 11:54:49,322076.0,2000.0,,,90.0,TDM 21,1.06,2018-10-15 12:53:21.193000000,10951.0,2.0,2018-10-09,2018-10-09 11:53:58.016,11,54,49,11.913611,
,2018-10-09 13:17:02,322017.0,2000.0,,,90.0,TDM 21,1.06,2018-10-15 12:53:21.200000000,10951.0,2.0,2018-10-09,2018-10-09 13:16:58.752,13,17,2,13.283889,
,2018-10-09 14:01:52,322007.0,1500.0,,,90.0,TDM 21,0.79,2018-10-15 12:53:21.203000000,10951.0,2.0,2018-10-09,2018-10-09 14:02:51.264,14,1,52,14.031111,
,2018-10-11 11:58:03,322078.0,1500.0,,,90.0,TDM 21,0.79,2018-10-15 12:53:21.210000000,10951.0,2.0,2018-10-11,2018-10-11 11:57:33.056,11,58,3,11.9675,
,2018-10-11 12:24:00,322158.0,2000.0,,,90.0,TDM 21,1.06,2018-10-15 12:53:21.217000000,10951.0,2.0,2018-10-11,2018-10-11 12:23:45.920,12,24,0,12.4,
,2018-10-11 12:26:32,322158.0,2000.0,,,90.0,TDM 21,1.06,2018-10-15 12:53:21.223000000,10951.0,2.0,2018-10-11,2018-10-11 12:25:56.992,12,26,32,12.442223,
,2018-10-11 14:19:38,322109.0,1500.0,,,90.0,TDM 21,0.79,2018-10-15 12:53:21.230000000,10951.0,2.0,2018-10-11,2018-10-11 14:19:32.736,14,19,38,14.327222,
,2018-10-12 16:37:23,322075.0,2500.0,,,90.0,TDM 21,1.32,2018-10-15 12:53:21.240000000,10951.0,2.0,2018-10-12,2018-10-12 16:36:46.720,16,37,23,16.623056,
,2018-10-12 17:06:09,322098.0,2000.0,,,90.0,TDM 21,1.06,2018-10-15 12:53:21.247000000,10951.0,2.0,2018-10-12,2018-10-12 17:05:10.656,17,6,9,17.1025,
,2018-10-11 07:35:29,242137.0,1500.0,,,97.0,TDM 28,0.79,2018-10-15 12:57:08.727000000,10952.0,2.0,2018-10-11,2018-10-11 07:35:24.416,7,35,29,7.5913887,
,2018-10-11 08:13:13,242048.0,2000.0,,,97.0,TDM 28,1.06,2018-10-15 12:57:08.737000000,10952.0,2.0,2018-10-11,2018-10-11 08:12:32.640,8,13,13,8.220278,
,2018-10-12 06:42:45,242041.0,1500.0,,,97.0,TDM 28,0.79,2018-10-15 12:57:08.743000000,10952.0,2.0,2018-10-12,2018-10-12 06:42:35.136,6,42,45,6.7125,
,2018-10-12 07:44:44,242009.0,3000.0,,,97.0,TDM 28,1.59,2018-10-15 12:57:08.750000000,10952.0,2.0,2018-10-12,2018-10-12 07:43:45.152,7,44,44,7.7455554,
,2018-10-13 07:10:31,242025.0,8850.0,,,97.0,TDM 28,4.66,2018-10-15 12:57:08.757000000,10952.0,2.0,2018-10-13,2018-10-13 07:10:35.520,7,10,31,7.1752777,
,2018-10-12 09:04:45,695011.0,8850.0,,,71.0,TDM 2,4.66,2018-10-15 13:01:31.163000000,10953.0,2.0,2018-10-12,2018-10-12 09:04:34.816,9,4,45,9.079166,
,2018-10-12 09:24:26,695072.0,13250.0,,,71.0,TDM 2,6.99,2018-10-15 13:01:31.177000000,10953.0,2.0,2018-10-12,2018-10-12 09:24:14.464,9,24,26,9.407222,
,2018-10-09 10:28:52,602001.0,6650.0,,,102.0,TDM 33,3.49,2018-10-15 13:04:49.220000000,10954.0,2.0,2018-10-09,2018-10-09 10:28:46.208,10,28,52,10.481112,
,2018-10-12 10:39:19,616105.0,2000.0,,,102.0,TDM 33,1.06,2018-10-15 13:04:49.230000000,10954.0,2.0,2018-10-12,2018-10-12 10:38:30.912,10,39,19,10.655278,
,2018-10-12 11:18:16,616044.0,1500.0,,,102.0,TDM 33,0.79,2018-10-15 13:04:49.237000000,10954.0,2.0,2018-10-12,2018-10-12 11:17:50.208,11,18,16,11.304444,
,2018-10-12 11:27:48,616162.0,3000.0,,,102.0,TDM 33,1.59,2018-10-15 13:04:49.240000000,10954.0,2.0,2018-10-12,2018-10-12 11:28:45.568,11,27,48,11.463333,
,2018-10-13 07:50:26,616182.0,2000.0,,,102.0,TDM 33,1.06,2018-10-15 13:04:49.247000000,10954.0,2.0,2018-10-13,2018-10-13 07:49:54.816,7,50,26,7.8405557,
,2018-10-13 17:33:11,616160.0,1500.0,,,102.0,TDM 33,0.79,2018-10-15 13:04:49.253000000,10954.0,2.0,2018-10-13,2018-10-13 17:33:11.040,17,33,11,17.553055,
,2018-10-02 08:37:30,382568.0,1500.0,,,73.0,TDM 4,0.79,2018-10-15 13:09:56.900000000,10955.0,2.0,2018-10-02,2018-10-02 08:37:55.328,8,37,30,8.625,
,2018-10-02 11:19:41,342040.0,2500.0,,,73.0,TDM 4,1.32,2018-10-15 13:09:56.910000000,10955.0,2.0,2018-10-02,2018-10-02 11:19:34.656,11,19,41,11.328055,
,2018-10-09 07:24:32,342003.0,1500.0,,,73.0,TDM 4,0.79,2018-10-15 13:09:56.917000000,10955.0,2.0,2018-10-09,2018-10-09 07:25:16.160,7,24,32,7.408889,
,2018-10-10 11:03:37,342024.0,3000.0,,,73.0,TDM 4,1.59,2018-10-15 13:09:56.923000000,10955.0,2.0,2018-10-10,2018-10-10 11:03:19.808,11,3,37,11.060278,
,2018-10-15 09:48:49,342024.0,3000.0,,,73.0,TDM 4,1.59,2018-10-15 13:09:56.930000000,10955.0,2.0,2018-10-15,2018-10-15 09:49:16.672,9,48,49,9.813611,
,2018-10-09 08:34:52,677015.0,3000.0,,,108.0,TDM 38,1.59,2018-10-15 13:16:08.470000000,10956.0,2.0,2018-10-09,2018-10-09 08:35:10.464,8,34,52,8.581111,
,2018-10-10 09:03:50,677003.0,1500.0,,,108.0,TDM 38,0.79,2018-10-15 13:16:08.477000000,10956.0,2.0,2018-10-10,2018-10-10 09:03:10.848,9,3,50,9.063889,
,2018-10-10 09:24:25,677028.0,3000.0,,,108.0,TDM 38,1.59,2018-10-15 13:16:08.483000000,10956.0,2.0,2018-10-10,2018-10-10 09:25:01.568,9,24,25,9.406944,
,2018-10-11 08:32:45,682046.0,8850.0,,,108.0,TDM 38,4.66,2018-10-15 13:16:08.490000000,10956.0,2.0,2018-10-11,2018-10-11 08:32:12.288,8,32,45,8.545834,
,2018-10-11 09:13:40,682078.0,1500.0,,,108.0,TDM 38,0.79,2018-10-15 13:16:08.493000000,10956.0,2.0,2018-10-11,2018-10-11 09:13:42.656,9,13,40,9.2277775,
,2018-10-12 06:30:50,677023.0,2000.0,,,108.0,TDM 38,1.06,2018-10-15 13:16:08.500000000,10956.0,2.0,2018-10-12,2018-10-12 06:31:39.776,6,30,50,6.513889,
,2018-10-12 09:54:31,682079.0,2500.0,,,108.0,TDM 38,1.32,2018-10-15 13:16:08.507000000,10956.0,2.0,2018-10-12,2018-10-12 09:54:49.472,9,54,31,9.908611,
,2018-10-12 10:03:08,682065.0,11050.0,,,108.0,TDM 38,5.82,2018-10-15 13:16:08.513000000,10956.0,2.0,2018-10-12,2018-10-12 10:03:33.760,10,3,8,10.052222,
,2018-10-13 06:33:56,677072.0,2500.0,,,108.0,TDM 38,1.32,2018-10-15 13:16:08.520000000,10956.0,2.0,2018-10-13,2018-10-13 06:33:27.296,6,33,56,6.5655556,
,2018-10-09 09:56:21,374032.0,2000.0,,,100.0,TDM 31,1.06,2018-10-15 13:18:38.963000000,10957.0,2.0,2018-10-09,2018-10-09 09:56:00.128,9,56,21,9.939167,
,2018-10-09 10:02:32,374033.0,1500.0,,,100.0,TDM 31,0.79,2018-10-15 13:18:38.973000000,10957.0,2.0,2018-10-09,2018-10-09 10:02:33.344,10,2,32,10.042222,
,2018-10-10 08:12:01,374017.0,2000.0,,,100.0,TDM 31,1.06,2018-10-15 13:18:38.980000000,10957.0,2.0,2018-10-10,2018-10-10 08:12:56.192,8,12,1,8.200277,
,2018-10-10 08:28:56,374001.0,2500.0,,,100.0,TDM 31,1.32,2018-10-15 13:18:38.987000000,10957.0,2.0,2018-10-10,2018-10-10 08:28:13.696,8,28,56,8.482223,
,2018-10-10 08:52:48,374065.0,2500.0,,,100.0,TDM 31,1.32,2018-10-15 13:18:38.990000000,10957.0,2.0,2018-10-10,2018-10-10 08:52:15.488,8,52,48,8.88,
,2018-10-11 08:03:47,374027.0,3000.0,,,100.0,TDM 31,1.59,2018-10-15 13:18:38.997000000,10957.0,2.0,2018-10-11,2018-10-11 08:03:48.352,8,3,47,8.063056,
,2018-10-11 08:18:00,374034.0,1500.0,,,100.0,TDM 31,0.79,2018-10-15 13:18:39.003000000,10957.0,2.0,2018-10-11,2018-10-11 08:16:54.784,8,18,0,8.3,
,2018-10-13 08:34:13,374002.0,2000.0,,,100.0,TDM 31,1.06,2018-10-15 13:18:39.010000000,10957.0,2.0,2018-10-13,2018-10-13 08:33:36.256,8,34,13,8.570278,
,2018-10-13 08:59:52,374045.0,6650.0,,,100.0,TDM 31,3.49,2018-10-15 13:18:39.017000000,10957.0,2.0,2018-10-13,2018-10-13 08:59:49.120,8,59,52,8.997778,
,2018-10-10 08:51:33,547058.0,8850.0,,,89.0,TDM 20,4.66,2018-10-15 13:21:43.813000000,10958.0,2.0,2018-10-10,2018-10-10 08:52:15.488,8,51,33,8.859167,
,2018-10-12 06:42:55,547039.0,3000.0,,,89.0,TDM 20,1.59,2018-10-15 13:21:43.823000000,10958.0,2.0,2018-10-12,2018-10-12 06:42:35.136,6,42,55,6.7152777,
,2018-10-13 07:42:28,547048.0,1500.0,,,89.0,TDM 20,0.79,2018-10-15 13:21:43.830000000,10958.0,2.0,2018-10-13,2018-10-13 07:43:21.600,7,42,28,7.707778,
,2018-10-13 08:12:51,547087.0,3000.0,,,89.0,TDM 20,1.59,2018-10-15 13:21:43.833000000,10958.0,2.0,2018-10-13,2018-10-13 08:11:45.536,8,12,51,8.214167,
,2018-10-13 08:21:00,547110.0,6650.0,,,89.0,TDM 20,3.49,2018-10-15 13:21:43.840000000,10958.0,2.0,2018-10-13,2018-10-13 08:20:29.824,8,21,0,8.35,
,2018-10-14 06:27:42,547003.0,1500.0,,,89.0,TDM 20,0.79,2018-10-15 13:21:43.847000000,10958.0,2.0,2018-10-14,2018-10-14 06:28:41.600,6,27,42,6.4616666,
,2018-10-12 05:44:20,501033.0,2000.0,,,99.0,TDM 30,1.06,2018-10-15 13:24:26.583000000,10959.0,2.0,2018-10-12,2018-10-12 05:43:36.192,5,44,20,5.7388887,
,2018-10-11 14:22:38,208999.0,0.0,,,107.0,TDM 37,999.0,2018-10-15 13:29:36.843000000,10961.0,2.0,2018-10-11,2018-10-11 14:21:43.808,14,22,38,14.377222,
,2018-10-12 10:17:41,208001.0,0.0,,,107.0,TDM 37,3.49,2018-10-15 13:29:36.850000000,10961.0,2.0,2018-10-12,2018-10-12 10:16:40.192,10,17,41,10.294723,
,2018-10-05 09:59:52,598134.0,1500.0,,,70.0,TDM 1,0.79,2018-10-15 13:32:04.500000000,10962.0,2.0,2018-10-05,2018-10-05 09:59:45.408,9,59,52,9.997778,
,2018-10-05 10:01:59,598134.0,1500.0,,,70.0,TDM 1,0.79,2018-10-15 13:32:04.510000000,10962.0,2.0,2018-10-05,2018-10-05 10:01:56.480,10,1,59,10.033055,
,2018-10-11 09:17:37,551153.0,1500.0,,,84.0,TDM 15,0.79,2018-10-15 13:34:29.740000000,10963.0,2.0,2018-10-11,2018-10-11 09:18:04.800,9,17,37,9.293612,
,2018-10-13 08:30:44,551138.0,2000.0,,,84.0,TDM 15,1.06,2018-10-15 13:34:29.750000000,10963.0,2.0,2018-10-13,2018-10-13 08:31:25.184,8,30,44,8.512222,
,2018-10-15 08:12:37,551158.0,2500.0,,,84.0,TDM 15,1.32,2018-10-15 13:34:29.757000000,10963.0,2.0,2018-10-15,2018-10-15 08:13:09.504,8,12,37,8.210278,
,2018-10-09 16:14:39,644161.0,2500.0,,,87.0,TDM 18,1.32,2018-10-15 13:37:16.810000000,10964.0,2.0,2018-10-09,2018-10-09 16:13:55.584,16,14,39,16.244167,
,2018-10-09 17:06:33,644102.0,1500.0,,,87.0,TDM 18,0.79,2018-10-15 13:37:16.823000000,10964.0,2.0,2018-10-09,2018-10-09 17:06:21.312,17,6,33,17.109167,
,2018-10-09 17:22:55,644104.0,3000.0,,,87.0,TDM 18,1.59,2018-10-15 13:37:16.830000000,10964.0,2.0,2018-10-09,2018-10-09 17:23:49.888,17,22,55,17.381945,
,2018-10-09 17:26:03,644143.0,3000.0,,,87.0,TDM 18,1.59,2018-10-15 13:37:16.833000000,10964.0,2.0,2018-10-09,2018-10-09 17:26:00.960,17,26,3,17.434166,
,2018-10-09 17:37:54,644113.0,1500.0,,,87.0,TDM 18,0.79,2018-10-15 13:37:16.840000000,10964.0,2.0,2018-10-09,2018-10-09 17:36:56.320,17,37,54,17.631666,
,2018-10-10 08:40:19,644129.0,2500.0,,,87.0,TDM 18,1.32,2018-10-15 13:37:16.847000000,10964.0,2.0,2018-10-10,2018-10-10 08:41:20.128,8,40,19,8.671945,
,2018-10-10 08:55:18,644136.0,1500.0,,,87.0,TDM 18,0.79,2018-10-15 13:37:16.853000000,10964.0,2.0,2018-10-10,2018-10-10 08:54:26.560,8,55,18,8.921667,
,2018-10-13 08:23:41,644044.0,2000.0,,,87.0,TDM 18,1.06,2018-10-15 13:37:16.860000000,10964.0,2.0,2018-10-13,2018-10-13 08:22:40.896,8,23,41,8.394722,
,2018-10-15 08:57:38,644094.0,1500.0,,,87.0,TDM 18,0.79,2018-10-15 13:37:16.863000000,10964.0,2.0,2018-10-15,2018-10-15 08:56:50.944,8,57,38,8.960556,
,2018-10-15 10:59:07,644094.0,1500.0,,,87.0,TDM 18,0.79,2018-10-15 13:37:16.870000000,10964.0,2.0,2018-10-15,2018-10-15 10:59:10.976,10,59,7,10.985278,
,2018-10-13 06:58:50,204050.0,2500.0,,,105.0,TDM 36,1.32,2018-10-15 13:40:24.660000000,10965.0,2.0,2018-10-13,2018-10-13 06:59:40.160,6,58,50,6.9805555,
,2018-10-05 13:01:09,696070.0,13250.0,,,95.0,TDM 26,6.99,2018-10-15 13:46:29.080000000,10966.0,2.0,2018-10-05,2018-10-05 13:01:04.384,13,1,9,13.019167,
,2018-10-05 13:02:19,696070.0,13250.0,,,95.0,TDM 26,6.99,2018-10-15 13:46:29.087000000,10966.0,2.0,2018-10-05,2018-10-05 13:03:15.456,13,2,19,13.038611,
,2018-10-06 11:33:52,387010.0,3000.0,,,95.0,TDM 26,1.59,2018-10-15 13:46:29.093000000,10966.0,2.0,2018-10-06,2018-10-06 11:33:17.952,11,33,52,11.564445,
,2018-10-15 11:05:48,543010.0,2500.0,,,95.0,TDM 26,1.32,2018-10-15 13:46:29.100000000,10966.0,2.0,2018-10-15,2018-10-15 11:05:44.192,11,5,48,11.096666,
,2018-10-09 07:27:09,208999.0,0.0,,,72.0,TDM 3,9993.0,2018-10-15 13:50:04.400000000,10967.0,2.0,2018-10-09,2018-10-09 07:27:27.232,7,27,9,7.4525,
,2018-10-09 09:16:13,634189.0,1500.0,,,72.0,TDM 3,0.79,2018-10-15 13:50:04.410000000,10967.0,2.0,2018-10-09,2018-10-09 09:16:40.832,9,16,13,9.270278,
,2018-10-09 09:18:59,634189.0,1500.0,,,72.0,TDM 3,0.79,2018-10-15 13:50:04.413000000,10967.0,2.0,2018-10-09,2018-10-09 09:18:51.904,9,18,59,9.316389,
,2018-10-13 09:25:39,634014.0,1500.0,,,72.0,TDM 3,0.79,2018-10-15 13:50:04.420000000,10967.0,2.0,2018-10-13,2018-10-13 09:26:01.984,9,25,39,9.4275,
,2018-10-13 09:56:30,634014.0,1500.0,,,72.0,TDM 3,0.79,2018-10-15 13:50:04.427000000,10967.0,2.0,2018-10-13,2018-10-13 09:56:36.992,9,56,30,9.941667,
,2018-10-13 11:45:56,634012.0,2500.0,,,72.0,TDM 3,1.32,2018-10-15 13:50:04.433000000,10967.0,2.0,2018-10-13,2018-10-13 11:45:50.592,11,45,56,11.765555,
,2018-10-10 09:09:39,331045.0,3000.0,,,74.0,TDM 5,1.59,2018-10-15 13:52:50.060000000,10968.0,2.0,2018-10-10,2018-10-10 09:09:44.064,9,9,39,9.160833,
,2018-10-10 09:40:28,331012.0,2000.0,,,74.0,TDM 5,1.06,2018-10-15 13:52:50.073000000,10968.0,2.0,2018-10-10,2018-10-10 09:40:19.072,9,40,28,9.674444,
,2018-10-11 06:00:14,331024.0,1500.0,,,74.0,TDM 5,0.79,2018-10-15 13:52:50.080000000,10968.0,2.0,2018-10-11,2018-10-11 05:59:17.248,6,0,14,6.003889,
,2018-10-11 06:43:45,331028.0,1500.0,,,74.0,TDM 5,0.79,2018-10-15 13:52:50.087000000,10968.0,2.0,2018-10-11,2018-10-11 06:42:58.688,6,43,45,6.7291665,
,2018-10-13 06:17:11,331002.0,2000.0,,,74.0,TDM 5,1.06,2018-10-15 13:52:50.093000000,10968.0,2.0,2018-10-13,2018-10-13 06:18:09.792,6,17,11,6.286389,
,2018-10-13 07:19:14,594002.0,3000.0,,,80.0,TDM11,1.59,2018-10-18 12:38:32.147000000,10970.0,2.0,2018-10-13,2018-10-13 07:19:19.808,7,19,14,7.3205557,
,2018-10-13 07:27:35,594002.0,3000.0,,,80.0,TDM11,1.59,2018-10-18 12:38:32.153000000,10970.0,2.0,2018-10-13,2018-10-13 07:28:04.096,7,27,35,7.459722,
,2018-10-13 07:31:50,594001.0,3000.0,,,80.0,TDM11,1.59,2018-10-18 12:38:32.167000000,10970.0,2.0,2018-10-13,2018-10-13 07:32:26.240,7,31,50,7.5305557,
,2018-10-13 08:18:09,594097.0,0.0,,,80.0,TDM11,1.06,2018-10-18 12:38:32.173000000,10970.0,2.0,2018-10-13,2018-10-13 08:18:18.752,8,18,9,8.3025,
,2018-10-18 08:16:50,594119.0,8850.0,,,80.0,TDM11,4.66,2018-10-18 12:38:32.180000000,10970.0,2.0,2018-10-18,2018-10-18 08:16:20.992,8,16,50,8.280556,
,2018-10-18 08:18:16,594119.0,8850.0,,,80.0,TDM11,4.66,2018-10-18 12:38:32.183000000,10970.0,2.0,2018-10-18,2018-10-18 08:18:32.064,8,18,16,8.304444,
,2018-10-18 08:20:12,594119.0,8850.0,,,80.0,TDM11,4.66,2018-10-18 12:38:32.190000000,10970.0,2.0,2018-10-18,2018-10-18 08:20:43.136,8,20,12,8.336667,
,2018-10-18 08:21:59,594119.0,8850.0,,,80.0,TDM11,4.66,2018-10-18 12:38:32.197000000,10970.0,2.0,2018-10-18,2018-10-18 08:22:54.208,8,21,59,8.366389,
,2018-10-09 08:38:43,350506.0,1500.0,,,124.0,TDM 54,0.79,2018-10-18 12:42:42.800000000,10971.0,2.0,2018-10-09,2018-10-09 08:39:32.608,8,38,43,8.645278,
,2018-10-11 18:25:07,587001.0,0.0,,,124.0,TDM 54,0.79,2018-10-18 12:42:42.807000000,10971.0,2.0,2018-10-11,2018-10-11 18:24:12.800,18,25,7,18.418612,
,2018-10-17 07:55:54,662017.0,6650.0,,,124.0,TDM 54,3.49,2018-10-18 12:42:42.813000000,10971.0,2.0,2018-10-17,2018-10-17 07:54:53.824,7,55,54,7.931667,
,2018-10-17 07:58:26,662017.0,6650.0,,,124.0,TDM 54,3.49,2018-10-18 12:42:42.820000000,10971.0,2.0,2018-10-17,2018-10-17 07:59:15.968,7,58,26,7.973889,
,2018-10-17 08:45:54,662032.0,8850.0,,,124.0,TDM 54,4.66,2018-10-18 12:42:42.827000000,10971.0,2.0,2018-10-17,2018-10-17 08:45:08.480,8,45,54,8.765,
,2018-10-17 08:47:56,662032.0,8850.0,,,124.0,TDM 54,4.66,2018-10-18 12:42:42.830000000,10971.0,2.0,2018-10-17,2018-10-17 08:47:19.552,8,47,56,8.798889,
,2018-10-18 08:03:06,662007.0,8850.0,,,124.0,TDM 54,4.66,2018-10-18 12:42:42.837000000,10971.0,2.0,2018-10-18,2018-10-18 08:03:14.560,8,3,6,8.051666,
,2018-10-18 08:19:10,662001.0,11050.0,,,124.0,TDM 54,5.82,2018-10-18 12:42:42.843000000,10971.0,2.0,2018-10-18,2018-10-18 08:18:32.064,8,19,10,8.319445,
,2018-10-18 08:22:40,662001.0,11050.0,,,124.0,TDM 54,5.82,2018-10-18 12:42:42.850000000,10971.0,2.0,2018-10-18,2018-10-18 08:22:54.208,8,22,40,8.377778,
,2018-10-17 11:17:41,634090.0,1500.0,,,72.0,TDM 3,0.79,2018-10-19 12:38:15.720000000,10972.0,2.0,2018-10-17,2018-10-17 11:18:03.520,11,17,41,11.294723,
,2018-10-18 09:57:24,634213.0,1500.0,,,72.0,TDM 3,0.79,2018-10-19 12:38:15.730000000,10972.0,2.0,2018-10-18,2018-10-18 09:56:50.304,9,57,24,9.956667,
,2018-10-19 09:50:04,634100.0,2500.0,,,72.0,TDM 3,1.32,2018-10-19 12:38:15.733000000,10972.0,2.0,2018-10-19,2018-10-19 09:49:53.536,9,50,4,9.834444,
,2018-10-18 07:51:51,242047.0,2000.0,,,97.0,TDM 28,1.06,2018-10-19 12:41:18.330000000,10973.0,2.0,2018-10-18,2018-10-18 07:52:19.200,7,51,51,7.8641667,
,2018-10-18 08:06:04,242101.0,2500.0,,,97.0,TDM 28,1.32,2018-10-19 12:41:18.340000000,10973.0,2.0,2018-10-18,2018-10-18 08:05:25.632,8,6,4,8.101111,
,2018-10-18 09:36:28,242101.0,2500.0,,,97.0,TDM 28,1.32,2018-10-19 12:41:18.347000000,10973.0,2.0,2018-10-18,2018-10-18 09:37:10.656,9,36,28,9.607778,
,2018-10-18 09:45:07,242121.0,1500.0,,,97.0,TDM 28,0.79,2018-10-19 12:41:18.350000000,10973.0,2.0,2018-10-18,2018-10-18 09:45:54.944,9,45,7,9.751945,
,2018-10-19 07:40:56,242112.0,2000.0,,,97.0,TDM 28,1.06,2018-10-19 12:41:18.357000000,10973.0,2.0,2018-10-19,2018-10-19 07:41:00.288,7,40,56,7.6822224,
,2018-10-17 06:29:38,665033.0,3000.0,,,105.0,TDM 36,1.59,2018-10-19 12:43:57.173000000,10974.0,2.0,2018-10-17,2018-10-17 06:29:42.016,6,29,38,6.493889,
,2018-10-19 07:13:55,677011.0,2000.0,,,108.0,TDM 38,1.06,2018-10-19 12:47:39.340000000,10975.0,2.0,2018-10-19,2018-10-19 07:14:47.424,7,13,55,7.2319446,
,2018-10-19 07:44:02,677066.0,1500.0,,,108.0,TDM 38,0.79,2018-10-19 12:47:39.350000000,10975.0,2.0,2018-10-19,2018-10-19 07:43:11.360,7,44,2,7.733889,
,2018-10-10 12:22:29,357160.0,2500.0,,,103.0,TDM 34,1.32,2018-10-19 12:54:04.370000000,10977.0,2.0,2018-10-10,2018-10-10 12:21:58.400,12,22,29,12.3747225,
,2018-10-19 06:54:59,386007.0,1500.0,,,103.0,TDM 34,0.79,2018-10-19 12:54:04.380000000,10977.0,2.0,2018-10-19,2018-10-19 06:55:07.776,6,54,59,6.916389,
,2018-10-17 08:45:16,618070.0,1500.0,,,102.0,TDM 33,0.79,2018-10-19 12:58:49.227000000,10978.0,2.0,2018-10-17,2018-10-17 08:45:08.480,8,45,16,8.754444,
,2018-10-17 17:59:40,616084.0,1500.0,,,102.0,TDM 33,0.79,2018-10-19 12:58:49.233000000,10978.0,2.0,2018-10-17,2018-10-17 18:00:00.768,17,59,40,17.994444,
,2018-10-18 07:11:48,616180.0,1500.0,,,102.0,TDM 33,0.79,2018-10-19 12:58:49.240000000,10978.0,2.0,2018-10-18,2018-10-18 07:10:48.832,7,11,48,7.1966667,
,2018-10-18 17:16:19,616137.0,8850.0,,,102.0,TDM 33,4.66,2018-10-19 12:58:49.247000000,10978.0,2.0,2018-10-18,2018-10-18 17:15:55.776,17,16,19,17.271944,
,2018-10-16 09:01:20,644124.0,3000.0,,,87.0,TDM 18,1.59,2018-10-19 13:01:49.700000000,10979.0,2.0,2018-10-16,2018-10-16 09:00:49.536,9,1,20,9.0222225,
,2018-10-17 07:23:47,644058.0,2000.0,,,87.0,TDM 18,1.06,2018-10-19 13:01:49.720000000,10979.0,2.0,2018-10-17,2018-10-17 07:24:18.816,7,23,47,7.396389,
,2018-10-18 08:42:53,644142.0,2000.0,,,87.0,TDM 18,1.06,2018-10-19 13:01:49.727000000,10979.0,2.0,2018-10-18,2018-10-18 08:42:33.856,8,42,53,8.714723,
,2018-10-19 06:00:20,644065.0,2500.0,,,87.0,TDM 18,1.32,2018-10-19 13:01:49.730000000,10979.0,2.0,2018-10-19,2018-10-19 06:00:30.976,6,0,20,6.0055556,
,2018-10-19 06:15:20,644064.0,3000.0,,,87.0,TDM 18,1.59,2018-10-19 13:01:49.737000000,10979.0,2.0,2018-10-19,2018-10-19 06:15:48.480,6,15,20,6.2555556,
,2018-10-19 06:28:25,644084.0,1500.0,,,87.0,TDM 18,0.79,2018-10-19 13:01:49.743000000,10979.0,2.0,2018-10-19,2018-10-19 06:28:54.912,6,28,25,6.473611,
,2018-10-19 06:48:50,644096.0,1500.0,,,87.0,TDM 18,0.79,2018-10-19 13:01:49.750000000,10979.0,2.0,2018-10-19,2018-10-19 06:48:34.560,6,48,50,6.813889,
,2018-10-19 06:57:45,644097.0,2000.0,,,87.0,TDM 18,1.06,2018-10-19 13:01:49.757000000,10979.0,2.0,2018-10-19,2018-10-19 06:57:18.848,6,57,45,6.9625,
,2018-10-19 12:34:06,208999.0,0.0,,,74.0,TDM 5,9995.0,2018-10-19 13:17:14.323000000,10982.0,2.0,2018-10-19,2018-10-19 12:33:43.936,12,34,6,12.568334,
,2018-10-22 09:34:29,543039.0,1500.0,,,95.0,TDM 26,0.79,2018-10-22 14:17:35.170000000,10983.0,2.0,2018-10-22,2018-10-22 09:33:25.376,9,34,29,9.574722,
,2018-10-17 16:57:56,335065.0,2000.0,,,76.0,TDM 7,1.06,2018-10-22 14:21:18.407000000,10984.0,2.0,2018-10-17,2018-10-17 16:58:50.752,16,57,56,16.965555,
,2018-10-17 17:09:10,333023.0,3000.0,,,76.0,TDM 7,1.59,2018-10-22 14:21:18.413000000,10984.0,2.0,2018-10-17,2018-10-17 17:09:46.112,17,9,10,17.152779,
,2018-10-22 06:48:12,374031.0,1500.0,,,100.0,TDM 31,0.79,2018-10-22 14:24:51.440000000,10985.0,2.0,2018-10-22,2018-10-22 06:47:23.904,6,48,12,6.8033333,
,2018-10-22 06:50:29,374013.0,2000.0,,,100.0,TDM 31,1.06,2018-10-22 14:24:51.450000000,10985.0,2.0,2018-10-22,2018-10-22 06:49:34.976,6,50,29,6.8413887,
,2018-10-22 07:09:37,374054.0,1500.0,,,100.0,TDM 31,0.79,2018-10-22 14:24:51.457000000,10985.0,2.0,2018-10-22,2018-10-22 07:09:14.624,7,9,37,7.160278,
,2018-10-22 08:58:12,374054.0,1500.0,,,100.0,TDM 31,0.79,2018-10-22 14:24:51.463000000,10985.0,2.0,2018-10-22,2018-10-22 08:58:28.224,8,58,12,8.97,
,2018-10-22 09:00:06,374064.0,2000.0,,,100.0,TDM 31,1.06,2018-10-22 14:24:51.467000000,10985.0,2.0,2018-10-22,2018-10-22 09:00:39.296,9,0,6,9.001667,
,2018-10-22 09:01:52,374013.0,2000.0,,,100.0,TDM 31,1.06,2018-10-22 14:24:51.473000000,10985.0,2.0,2018-10-22,2018-10-22 09:02:50.368,9,1,52,9.031111,
,2018-10-22 09:05:04,374068.0,1500.0,,,100.0,TDM 31,0.79,2018-10-22 14:24:51.480000000,10985.0,2.0,2018-10-22,2018-10-22 09:05:01.440,9,5,4,9.084444,
,2018-10-17 13:30:21,322072.0,2000.0,,,90.0,TDM 21,1.06,2018-10-22 14:28:57.177000000,10986.0,2.0,2018-10-17,2018-10-17 13:31:18.912,13,30,21,13.505834,
,2018-10-17 13:44:42,322027.0,1500.0,,,90.0,TDM 21,0.79,2018-10-22 14:28:57.183000000,10986.0,2.0,2018-10-17,2018-10-17 13:44:25.344,13,44,42,13.745,
,2018-10-17 13:46:21,322027.0,1500.0,,,90.0,TDM 21,0.79,2018-10-22 14:28:57.190000000,10986.0,2.0,2018-10-17,2018-10-17 13:46:36.416,13,46,21,13.7725,
,2018-10-19 12:00:41,322015.0,3000.0,,,90.0,TDM 21,1.59,2018-10-22 14:28:57.193000000,10986.0,2.0,2018-10-19,2018-10-19 12:00:57.856,12,0,41,12.011389,
,2018-10-19 12:02:51,322015.0,3000.0,,,90.0,TDM 21,1.59,2018-10-22 14:28:57.200000000,10986.0,2.0,2018-10-19,2018-10-19 12:03:08.928,12,2,51,12.0475,
,2018-10-19 12:04:24,322015.0,3000.0,,,90.0,TDM 21,1.59,2018-10-22 14:28:57.207000000,10986.0,2.0,2018-10-19,2018-10-19 12:05:20.000,12,4,24,12.073334,
,2018-10-19 12:07:50,322015.0,3000.0,,,90.0,TDM 21,1.59,2018-10-22 14:28:57.213000000,10986.0,2.0,2018-10-19,2018-10-19 12:07:31.072,12,7,50,12.130555,
,2018-10-22 12:19:14,322041.0,1500.0,,,90.0,TDM 21,0.79,2018-10-22 14:28:57.220000000,10986.0,2.0,2018-10-22,2018-10-22 12:19:26.848,12,19,14,12.320556,
,2018-10-22 12:21:06,322041.0,1500.0,,,90.0,TDM 21,0.79,2018-10-22 14:28:57.223000000,10986.0,2.0,2018-10-22,2018-10-22 12:21:37.920,12,21,6,12.351666,
,2018-10-22 15:23:58,322015.0,1500.0,,,90.0,TDM 21,0.79,2018-10-22 14:28:57.230000000,10986.0,2.0,2018-10-22,2018-10-22 15:22:56.896,15,23,58,15.399445,
,2018-10-22 15:26:00,322041.0,1500.0,,,90.0,TDM 21,0.79,2018-10-22 14:28:57.237000000,10986.0,2.0,2018-10-22,2018-10-22 15:25:07.968,15,26,0,15.433333,
,2018-10-22 15:29:05,322047.0,3000.0,,,90.0,TDM 21,1.59,2018-10-22 14:28:57.243000000,10986.0,2.0,2018-10-22,2018-10-22 15:29:30.112,15,29,5,15.484722,
,2018-10-17 07:11:18,319049.0,2000.0,,,120.0,TDM 50,1.06,2018-10-22 14:41:51.047000000,10988.0,2.0,2018-10-17,2018-10-17 07:11:12.384,7,11,18,7.1883335,
,2018-10-17 07:20:33,319195.0,1500.0,,,120.0,TDM 50,0.79,2018-10-22 14:41:51.050000000,10988.0,2.0,2018-10-17,2018-10-17 07:19:56.672,7,20,33,7.3425,
,2018-10-17 07:53:32,319102.0,2000.0,,,120.0,TDM 50,1.06,2018-10-22 14:41:51.057000000,10988.0,2.0,2018-10-17,2018-10-17 07:52:42.752,7,53,32,7.8922224,
,2018-10-19 07:21:41,319033.0,1500.0,,,120.0,TDM 50,0.79,2018-10-22 14:41:51.063000000,10988.0,2.0,2018-10-19,2018-10-19 07:21:20.640,7,21,41,7.3613887,
,2018-10-20 08:47:49,342019.0,1500.0,,,73.0,TDM 4,0.79,2018-10-22 14:46:01.780000000,10989.0,2.0,2018-10-20,2018-10-20 08:48:19.968,8,47,49,8.796945,
,2018-10-18 10:30:42,551177.0,2000.0,,,84.0,TDM 15,1.06,2018-10-22 14:49:02.183000000,10990.0,2.0,2018-10-18,2018-10-18 10:31:47.456,10,30,42,10.511666,
,2018-10-19 08:37:05,551035.0,2000.0,,,84.0,TDM 15,1.06,2018-10-22 14:49:02.190000000,10990.0,2.0,2018-10-19,2018-10-19 08:37:48.160,8,37,5,8.618055,
,2018-10-19 08:57:39,551114.0,3000.0,,,84.0,TDM 15,1.59,2018-10-22 14:49:02.197000000,10990.0,2.0,2018-10-19,2018-10-19 08:57:27.808,8,57,39,8.960834,
,2018-10-19 09:18:59,551107.0,1500.0,,,84.0,TDM 15,0.79,2018-10-22 14:49:02.200000000,10990.0,2.0,2018-10-19,2018-10-19 09:19:18.528,9,18,59,9.316389,
,2018-10-20 07:53:14,551124.0,1500.0,,,84.0,TDM 15,0.79,2018-10-22 14:49:02.207000000,10990.0,2.0,2018-10-20,2018-10-20 07:53:43.168,7,53,14,7.8872223,
,2018-10-20 08:27:59,551082.0,3000.0,,,84.0,TDM 15,1.59,2018-10-22 14:49:02.213000000,10990.0,2.0,2018-10-20,2018-10-20 08:28:40.320,8,27,59,8.466389,
,2018-10-20 08:44:40,551036.0,1500.0,,,84.0,TDM 15,0.79,2018-10-22 14:49:02.220000000,10990.0,2.0,2018-10-20,2018-10-20 08:43:57.824,8,44,40,8.744445,
,2018-10-21 16:37:08,551068.0,1500.0,,,84.0,TDM 15,0.79,2018-10-22 14:49:02.227000000,10990.0,2.0,2018-10-21,2018-10-21 16:37:36.896,16,37,8,16.618889,
,2018-10-21 16:57:16,551075.0,1500.0,,,84.0,TDM 15,0.79,2018-10-22 14:49:02.230000000,10990.0,2.0,2018-10-21,2018-10-21 16:57:16.544,16,57,16,16.954445,
,2018-10-17 09:35:27,679091.0,2500.0,,,93.0,TDM 24,1.32,2018-10-25 12:54:19.413000000,10995.0,2.0,2018-10-17,2018-10-17 09:35:23.136,9,35,27,9.590834,
,2018-10-17 09:48:18,679087.0,2000.0,,,93.0,TDM 24,1.06,2018-10-25 12:54:19.420000000,10995.0,2.0,2018-10-17,2018-10-17 09:48:29.568,9,48,18,9.805,
,2018-10-17 10:15:56,679076.0,2500.0,,,93.0,TDM 24,1.32,2018-10-25 12:54:19.427000000,10995.0,2.0,2018-10-17,2018-10-17 10:16:53.504,10,15,56,10.265555,
,2018-10-17 10:19:44,679073.0,0.0,,,93.0,TDM 24,0.79,2018-10-25 12:54:19.430000000,10995.0,2.0,2018-10-17,2018-10-17 10:19:04.576,10,19,44,10.328889,
,2018-10-17 10:20:50,679073.0,1500.0,,,93.0,TDM 24,0.79,2018-10-25 12:54:19.440000000,10995.0,2.0,2018-10-17,2018-10-17 10:21:15.648,10,20,50,10.347222,
,2018-10-17 10:30:47,679075.0,2000.0,,,93.0,TDM 24,1.06,2018-10-25 12:54:19.443000000,10995.0,2.0,2018-10-17,2018-10-17 10:29:59.936,10,30,47,10.513056,
,2018-10-19 07:55:37,679005.0,2000.0,,,93.0,TDM 24,1.06,2018-10-25 12:54:19.450000000,10995.0,2.0,2018-10-19,2018-10-19 07:56:17.792,7,55,37,7.9269443,
,2018-10-19 09:43:23,679090.0,2000.0,,,93.0,TDM 24,1.06,2018-10-25 12:54:19.457000000,10995.0,2.0,2018-10-19,2018-10-19 09:43:20.320,9,43,23,9.723056,
,2018-10-19 09:51:57,679092.0,1500.0,,,93.0,TDM 24,0.79,2018-10-25 12:54:19.463000000,10995.0,2.0,2018-10-19,2018-10-19 09:52:04.608,9,51,57,9.865833,
,2018-10-09 11:09:58,592091.0,13250.0,,,101.0,TDM 32,6.99,2018-10-25 12:58:02.507000000,10996.0,2.0,2018-10-09,2018-10-09 11:10:16.576,11,9,58,11.166111,
,2018-10-10 08:57:27,592109.0,2000.0,,,101.0,TDM 32,1.06,2018-10-25 12:58:02.510000000,10996.0,2.0,2018-10-10,2018-10-10 08:56:37.632,8,57,27,8.9575,
,2018-10-10 09:18:03,592113.0,2000.0,,,101.0,TDM 32,1.06,2018-10-25 12:58:02.517000000,10996.0,2.0,2018-10-10,2018-10-10 09:18:28.352,9,18,3,9.300834,
,2018-10-16 06:06:50,592004.0,13250.0,,,101.0,TDM 32,6.99,2018-10-25 12:58:02.523000000,10996.0,2.0,2018-10-16,2018-10-16 06:06:03.776,6,6,50,6.1138887,
,2018-10-16 07:14:55,592120.0,3000.0,,,101.0,TDM 32,1.59,2018-10-25 12:58:02.530000000,10996.0,2.0,2018-10-16,2018-10-16 07:15:58.080,7,14,55,7.248611,
,2018-10-16 07:49:38,592042.0,2000.0,,,101.0,TDM 32,1.06,2018-10-25 12:58:02.533000000,10996.0,2.0,2018-10-16,2018-10-16 07:48:44.160,7,49,38,7.8272223,
,2018-10-18 06:18:12,592022.0,8850.0,,,101.0,TDM 32,4.66,2018-10-25 12:58:02.540000000,10996.0,2.0,2018-10-18,2018-10-18 06:18:23.104,6,18,12,6.3033333,
,2018-10-18 06:20:11,592022.0,8850.0,,,101.0,TDM 32,4.66,2018-10-25 12:58:02.547000000,10996.0,2.0,2018-10-18,2018-10-18 06:20:34.176,6,20,11,6.336389,
,2018-10-19 06:09:42,592002.0,8850.0,,,101.0,TDM 32,4.66,2018-10-25 12:58:02.553000000,10996.0,2.0,2018-10-19,2018-10-19 06:09:15.264,6,9,42,6.161667,
,2018-10-19 07:09:26,592084.0,2000.0,,,101.0,TDM 32,1.06,2018-10-25 12:58:02.560000000,10996.0,2.0,2018-10-19,2018-10-19 07:10:25.280,7,9,26,7.1572223,
,2018-10-10 15:07:08,702122.0,3000.0,,,88.0,TDM 19,1.59,2018-10-25 13:01:24.313000000,10997.0,2.0,2018-10-10,2018-10-10 15:07:59.872,15,7,8,15.118889,
,2018-10-15 14:08:59,590005.0,1500.0,,,88.0,TDM 19,0.79,2018-10-25 13:01:24.330000000,10997.0,2.0,2018-10-15,2018-10-15 14:09:14.240,14,8,59,14.149722,
,2018-10-18 08:12:48,702125.0,8850.0,,,88.0,TDM 19,4.66,2018-10-25 13:01:24.337000000,10997.0,2.0,2018-10-18,2018-10-18 08:11:58.848,8,12,48,8.213333,
,2018-10-18 08:14:15,702125.0,8850.0,,,88.0,TDM 19,4.66,2018-10-25 13:01:24.343000000,10997.0,2.0,2018-10-18,2018-10-18 08:14:09.920,8,14,15,8.2375,
,2018-10-18 09:03:55,702080.0,6650.0,,,88.0,TDM 19,3.49,2018-10-25 13:01:24.350000000,10997.0,2.0,2018-10-18,2018-10-18 09:04:24.576,9,3,55,9.065278,
,2018-10-18 09:29:34,702097.0,2000.0,,,88.0,TDM 19,1.06,2018-10-25 13:01:24.353000000,10997.0,2.0,2018-10-18,2018-10-18 09:30:37.440,9,29,34,9.492778,
,2018-10-19 10:26:20,702123.0,1500.0,,,88.0,TDM 19,0.79,2018-10-25 13:01:24.367000000,10997.0,2.0,2018-10-19,2018-10-19 10:27:01.760,10,26,20,10.438889,
,2018-10-20 07:33:55,705051.0,2000.0,,,88.0,TDM 19,1.06,2018-10-25 13:01:24.380000000,10997.0,2.0,2018-10-20,2018-10-20 07:34:03.520,7,33,55,7.5652776,
,2018-10-20 08:14:40,702110.0,2500.0,,,88.0,TDM 19,1.32,2018-10-25 13:01:24.383000000,10997.0,2.0,2018-10-20,2018-10-20 08:15:33.888,8,14,40,8.244445,
,2018-10-22 07:57:07,702050.0,2500.0,,,88.0,TDM 19,1.32,2018-10-25 13:01:24.390000000,10997.0,2.0,2018-10-22,2018-10-22 07:57:18.208,7,57,7,7.9519444,
,2018-10-23 07:21:50,702060.0,2500.0,,,88.0,TDM 19,1.32,2018-10-25 13:01:24.397000000,10997.0,2.0,2018-10-23,2018-10-23 07:21:57.504,7,21,50,7.3638887,
,2018-10-23 08:58:28,702149.0,6650.0,,,88.0,TDM 19,3.49,2018-10-25 13:01:24.403000000,10997.0,2.0,2018-10-23,2018-10-23 08:58:04.672,8,58,28,8.974444,
,2018-10-23 09:20:27,702167.0,2000.0,,,88.0,TDM 19,1.06,2018-10-25 13:01:24.410000000,10997.0,2.0,2018-10-23,2018-10-23 09:19:55.392,9,20,27,9.340834,
,2018-10-25 08:51:32,702105.0,1500.0,,,88.0,TDM 19,0.79,2018-10-25 13:01:24.413000000,10997.0,2.0,2018-10-25,2018-10-25 08:50:44.352,8,51,32,8.858889,
,2018-10-25 09:14:49,702175.0,2000.0,,,88.0,TDM 19,1.06,2018-10-25 13:01:24.420000000,10997.0,2.0,2018-10-25,2018-10-25 09:14:46.144,9,14,49,9.246944,
,2018-10-25 10:04:47,208001.0,6650.0,,,88.0,TDM 19,3.49,2018-10-25 13:01:24.427000000,10997.0,2.0,2018-10-25,2018-10-25 10:05:00.800,10,4,47,10.079722,
,2018-10-13 16:06:38,211130.0,1500.0,,,79.0,TDM 10,0.79,2018-10-25 13:05:35.147000000,10998.0,2.0,2018-10-13,2018-10-13 16:05:48.160,16,6,38,16.110556,
,2018-10-13 17:21:47,211008.0,2000.0,,,79.0,TDM 10,1.06,2018-10-25 13:05:35.153000000,10998.0,2.0,2018-10-13,2018-10-13 17:22:15.680,17,21,47,17.363056,
,2018-10-15 07:48:33,641017.0,2000.0,,,79.0,TDM 10,1.06,2018-10-25 13:05:35.160000000,10998.0,2.0,2018-10-15,2018-10-15 07:49:07.712,7,48,33,7.8091664,
,2018-10-15 08:03:31,641012.0,1500.0,,,79.0,TDM 10,0.79,2018-10-25 13:05:35.163000000,10998.0,2.0,2018-10-15,2018-10-15 08:04:25.216,8,3,31,8.058611,
,2018-10-15 08:10:24,641011.0,2500.0,,,79.0,TDM 10,1.32,2018-10-25 13:05:35.177000000,10998.0,2.0,2018-10-15,2018-10-15 08:10:58.432,8,10,24,8.173333,
,2018-10-15 09:28:21,641038.0,1500.0,,,79.0,TDM 10,0.79,2018-10-25 13:05:35.183000000,10998.0,2.0,2018-10-15,2018-10-15 09:27:25.952,9,28,21,9.4725,
,2018-10-16 07:18:35,211111.0,1500.0,,,79.0,TDM 10,0.79,2018-10-25 13:05:35.190000000,10998.0,2.0,2018-10-16,2018-10-16 07:18:09.152,7,18,35,7.3097224,
,2018-10-16 07:29:31,211114.0,1500.0,,,79.0,TDM 10,0.79,2018-10-25 13:05:35.193000000,10998.0,2.0,2018-10-16,2018-10-16 07:29:04.512,7,29,31,7.4919443,
,2018-10-16 07:39:12,211110.0,3000.0,,,79.0,TDM 10,1.59,2018-10-25 13:05:35.200000000,10998.0,2.0,2018-10-16,2018-10-16 07:39:59.872,7,39,12,7.653333,
,2018-10-16 07:53:51,211092.0,2500.0,,,79.0,TDM 10,1.32,2018-10-25 13:05:35.207000000,10998.0,2.0,2018-10-16,2018-10-16 07:53:06.304,7,53,51,7.8975,
,2018-10-16 08:07:50,211100.0,1500.0,,,79.0,TDM 10,0.79,2018-10-25 13:05:35.213000000,10998.0,2.0,2018-10-16,2018-10-16 08:08:23.808,8,7,50,8.130555,
,2018-10-17 07:47:41,641032.0,3000.0,,,79.0,TDM 10,1.59,2018-10-25 13:05:35.220000000,10998.0,2.0,2018-10-17,2018-10-17 07:48:20.608,7,47,41,7.794722,
,2018-10-17 08:01:44,641038.0,1500.0,,,79.0,TDM 10,0.79,2018-10-25 13:05:35.223000000,10998.0,2.0,2018-10-17,2018-10-17 08:01:27.040,8,1,44,8.028889,
,2018-10-17 08:13:21,641043.0,1500.0,,,79.0,TDM 10,0.79,2018-10-25 13:05:35.230000000,10998.0,2.0,2018-10-17,2018-10-17 08:12:22.400,8,13,21,8.2225,
,2018-10-17 08:59:10,641015.0,1500.0,,,79.0,TDM 10,0.79,2018-10-25 13:05:35.237000000,10998.0,2.0,2018-10-17,2018-10-17 08:58:14.912,8,59,10,8.986111,
,2018-10-19 08:43:21,641044.0,2000.0,,,79.0,TDM 10,1.06,2018-10-25 13:05:35.243000000,10998.0,2.0,2018-10-19,2018-10-19 08:44:21.376,8,43,21,8.7225,
,2018-10-22 08:16:54,211070.0,1500.0,,,79.0,TDM 10,0.79,2018-10-25 13:05:35.250000000,10998.0,2.0,2018-10-22,2018-10-22 08:16:57.856,8,16,54,8.281667,
,2018-10-08 10:29:07,309013.0,1500.0,,,98.0,TDM 29,0.79,2018-10-25 13:10:41.967000000,10999.0,2.0,2018-10-08,2018-10-08 10:29:09.760,10,29,7,10.485278,
,2018-10-08 10:30:58,309013.0,1500.0,,,98.0,TDM 29,0.79,2018-10-25 13:10:41.973000000,10999.0,2.0,2018-10-08,2018-10-08 10:31:20.832,10,30,58,10.516111,
,2018-10-08 11:15:00,309021.0,1500.0,,,98.0,TDM 29,0.79,2018-10-25 13:10:41.990000000,10999.0,2.0,2018-10-08,2018-10-08 11:15:02.272,11,15,0,11.25,
,2018-10-08 11:17:21,309019.0,1500.0,,,98.0,TDM 29,0.79,2018-10-25 13:10:41.997000000,10999.0,2.0,2018-10-08,2018-10-08 11:17:13.344,11,17,21,11.289166,
,2018-10-13 06:20:52,235009.0,2000.0,,,98.0,TDM 29,1.06,2018-10-25 13:10:42.003000000,10999.0,2.0,2018-10-13,2018-10-13 06:20:20.864,6,20,52,6.347778,
,2018-10-13 06:24:17,235009.0,2000.0,,,98.0,TDM 29,1.06,2018-10-25 13:10:42.010000000,10999.0,2.0,2018-10-13,2018-10-13 06:24:43.008,6,24,17,6.404722,
,2018-10-13 06:28:19,235009.0,2000.0,,,98.0,TDM 29,1.06,2018-10-25 13:10:42.017000000,10999.0,2.0,2018-10-13,2018-10-13 06:29:05.152,6,28,19,6.4719443,
,2018-10-16 06:57:09,309212.0,3000.0,,,98.0,TDM 29,1.59,2018-10-25 13:10:42.020000000,10999.0,2.0,2018-10-16,2018-10-16 06:56:18.432,6,57,9,6.9525,
,2018-10-16 08:58:35,309173.0,1500.0,,,98.0,TDM 29,0.79,2018-10-25 13:10:42.030000000,10999.0,2.0,2018-10-16,2018-10-16 08:58:38.464,8,58,35,8.976389,
,2018-10-16 09:26:41,309089.0,2500.0,,,98.0,TDM 29,1.32,2018-10-25 13:10:42.033000000,10999.0,2.0,2018-10-16,2018-10-16 09:27:02.400,9,26,41,9.444722,
,2018-10-17 14:10:11,614075.0,1500.0,,,98.0,TDM 29,0.79,2018-10-25 13:10:42.040000000,10999.0,2.0,2018-10-17,2018-10-17 14:10:38.208,14,10,11,14.169723,
,2018-10-18 07:19:37,309213.0,3000.0,,,98.0,TDM 29,1.59,2018-10-25 13:10:42.047000000,10999.0,2.0,2018-10-18,2018-10-18 07:19:33.120,7,19,37,7.3269444,
,2018-10-18 08:09:30,309206.0,2000.0,,,98.0,TDM 29,1.06,2018-10-25 13:10:42.050000000,10999.0,2.0,2018-10-18,2018-10-18 08:09:47.776,8,9,30,8.158334,
,2018-10-18 10:43:32,309159.0,1500.0,,,98.0,TDM 29,0.79,2018-10-25 13:10:42.057000000,10999.0,2.0,2018-10-18,2018-10-18 10:42:42.816,10,43,32,10.725555,
,2018-10-18 11:20:39,309133.0,2000.0,,,98.0,TDM 29,1.06,2018-10-25 13:10:42.063000000,10999.0,2.0,2018-10-18,2018-10-18 11:19:51.040,11,20,39,11.344167,
,2018-10-18 14:56:45,614047.0,2000.0,,,98.0,TDM 29,1.06,2018-10-25 13:10:42.070000000,10999.0,2.0,2018-10-18,2018-10-18 14:56:07.168,14,56,45,14.945833,
,2018-10-22 07:51:45,309016.0,1500.0,,,98.0,TDM 29,0.79,2018-10-25 13:10:42.077000000,10999.0,2.0,2018-10-22,2018-10-22 07:50:44.992,7,51,45,7.8625,
,2018-10-22 08:02:31,309015.0,1500.0,,,98.0,TDM 29,0.79,2018-10-25 13:10:42.080000000,10999.0,2.0,2018-10-22,2018-10-22 08:01:40.352,8,2,31,8.0419445,
,2018-10-23 07:03:18,309119.0,1500.0,,,98.0,TDM 29,0.79,2018-10-25 13:10:42.087000000,10999.0,2.0,2018-10-23,2018-10-23 07:02:17.856,7,3,18,7.055,
,2018-10-23 07:46:18,309145.0,1500.0,,,98.0,TDM 29,0.79,2018-10-25 13:10:42.093000000,10999.0,2.0,2018-10-23,2018-10-23 07:45:59.296,7,46,18,7.7716665,
,2018-10-25 09:13:52,309028.0,3000.0,,,98.0,TDM 29,1.59,2018-10-25 13:10:42.100000000,10999.0,2.0,2018-10-25,2018-10-25 09:14:46.144,9,13,52,9.231112,
,2018-10-25 09:24:18,309049.0,1500.0,,,98.0,TDM 29,0.79,2018-10-25 13:10:42.110000000,10999.0,2.0,2018-10-25,2018-10-25 09:23:30.432,9,24,18,9.405,
,2018-10-25 10:32:05,309198.0,3000.0,,,98.0,TDM 29,1.59,2018-10-25 13:10:42.110000000,10999.0,2.0,2018-10-25,2018-10-25 10:31:13.664,10,32,5,10.534722,
,2018-10-09 17:51:11,208999.0,0.0,,,91.0,TDM 22,999.0,2018-10-26 12:49:09.107000000,11000.0,2.0,2018-10-09,2018-10-09 17:52:13.824,17,51,11,17.853056,
,2018-10-18 06:45:27,345041.0,1500.0,,,91.0,TDM 22,0.79,2018-10-26 12:49:09.117000000,11000.0,2.0,2018-10-18,2018-10-18 06:44:35.968,6,45,27,6.7575,
,2018-10-18 07:06:37,345041.0,1500.0,,,91.0,TDM 22,0.79,2018-10-26 12:49:09.123000000,11000.0,2.0,2018-10-18,2018-10-18 07:06:26.688,7,6,37,7.1102777,
,2018-10-18 08:22:56,345097.0,1500.0,,,91.0,TDM 22,0.79,2018-10-26 12:49:09.127000000,11000.0,2.0,2018-10-18,2018-10-18 08:22:54.208,8,22,56,8.382222,
,2018-10-19 07:09:55,345047.0,1500.0,,,91.0,TDM 22,0.79,2018-10-26 12:49:09.133000000,11000.0,2.0,2018-10-19,2018-10-19 07:10:25.280,7,9,55,7.165278,
,2018-10-19 08:08:30,345090.0,1500.0,,,91.0,TDM 22,0.79,2018-10-26 12:49:09.140000000,11000.0,2.0,2018-10-19,2018-10-19 08:09:24.224,8,8,30,8.141666,
,2018-10-24 13:31:32,342055.0,3000.0,,,91.0,TDM 22,1.59,2018-10-26 12:49:09.147000000,11000.0,2.0,2018-10-24,2018-10-24 13:30:45.120,13,31,32,13.525556,
,2018-10-26 06:16:52,325066.0,2500.0,,,91.0,TDM 22,1.32,2018-10-26 12:49:09.150000000,11000.0,2.0,2018-10-26,2018-10-26 06:17:25.760,6,16,52,6.2811112,
,2018-10-26 06:36:14,325008.0,1500.0,,,91.0,TDM 22,0.79,2018-10-26 12:49:09.157000000,11000.0,2.0,2018-10-26,2018-10-26 06:37:05.408,6,36,14,6.603889,
,2018-10-26 08:09:57,345082.0,2000.0,,,91.0,TDM 22,1.06,2018-10-26 12:49:09.163000000,11000.0,2.0,2018-10-26,2018-10-26 08:11:01.504,8,9,57,8.165833,
,2018-10-24 08:02:07,662006.0,11050.0,,,124.0,TDM 54,5.82,2018-10-26 12:52:45.337000000,11001.0,2.0,2018-10-24,2018-10-24 08:03:04.320,8,2,7,8.035277,
,2018-10-24 08:04:53,662006.0,11050.0,,,124.0,TDM 54,5.82,2018-10-26 12:52:45.343000000,11001.0,2.0,2018-10-24,2018-10-24 08:05:15.392,8,4,53,8.081388,
,2018-10-24 08:07:26,662006.0,11050.0,,,124.0,TDM 54,5.82,2018-10-26 12:52:45.350000000,11001.0,2.0,2018-10-24,2018-10-24 08:07:26.464,8,7,26,8.123889,
,2018-10-26 07:16:51,525022.0,0.0,,,124.0,TDM 54,0.79,2018-10-26 12:52:45.357000000,11001.0,2.0,2018-10-26,2018-10-26 07:16:24.704,7,16,51,7.2808332,
,2018-10-26 10:15:47,208999.0,0.0,,,124.0,TDM 54,999.0,2018-10-26 12:52:45.360000000,11001.0,2.0,2018-10-26,2018-10-26 10:15:32.608,10,15,47,10.263056,
,2018-10-26 10:16:19,208999.0,0.0,,,124.0,TDM 54,999.0,2018-10-26 12:52:45.367000000,11001.0,2.0,2018-10-26,2018-10-26 10:15:32.608,10,16,19,10.271944,
,2018-10-10 10:58:55,541028.0,3000.0,,,77.0,TDM 8,1.59,2018-10-26 12:56:27.250000000,11002.0,2.0,2018-10-10,2018-10-10 10:58:57.664,10,58,55,10.981944,
,2018-10-10 11:53:42,541044.0,1500.0,,,77.0,TDM 8,0.79,2018-10-26 12:56:27.263000000,11002.0,2.0,2018-10-10,2018-10-10 11:53:34.464,11,53,42,11.895,
,2018-10-11 06:26:06,243129.0,2000.0,,,77.0,TDM 8,1.06,2018-10-26 12:56:27.270000000,11002.0,2.0,2018-10-11,2018-10-11 06:25:30.112,6,26,6,6.435,
,2018-10-11 06:30:49,243129.0,2000.0,,,77.0,TDM 8,1.06,2018-10-26 12:56:27.277000000,11002.0,2.0,2018-10-11,2018-10-11 06:29:52.256,6,30,49,6.5136113,
,2018-10-17 07:38:37,541127.0,2500.0,,,77.0,TDM 8,1.32,2018-10-26 12:56:27.283000000,11002.0,2.0,2018-10-17,2018-10-17 07:39:36.320,7,38,37,7.643611,
,2018-10-17 07:39:51,541127.0,2500.0,,,77.0,TDM 8,1.32,2018-10-26 12:56:27.290000000,11002.0,2.0,2018-10-17,2018-10-17 07:39:36.320,7,39,51,7.6641665,
,2018-10-18 07:47:58,541101.0,3000.0,,,77.0,TDM 8,1.59,2018-10-26 12:56:27.293000000,11002.0,2.0,2018-10-18,2018-10-18 07:47:57.056,7,47,58,7.7994447,
,2018-10-22 13:14:11,387080.0,6650.0,,,77.0,TDM 8,3.49,2018-10-26 12:56:27.300000000,11002.0,2.0,2018-10-22,2018-10-22 13:14:03.648,13,14,11,13.236389,
,2018-10-22 13:26:18,507014.0,0.0,,,77.0,TDM 8,752.4,2018-10-26 12:56:27.313000000,11002.0,2.0,2018-10-22,2018-10-22 13:27:10.080,13,26,18,13.4383335,
,2018-10-23 07:04:55,569041.0,3000.0,,,77.0,TDM 8,1.59,2018-10-26 12:56:27.320000000,11002.0,2.0,2018-10-23,2018-10-23 07:04:28.928,7,4,55,7.0819445,
,2018-10-23 07:07:00,569041.0,3000.0,,,77.0,TDM 8,1.59,2018-10-26 12:56:27.323000000,11002.0,2.0,2018-10-23,2018-10-23 07:06:40.000,7,7,0,7.116667,
,2018-10-23 09:21:08,208999.0,0.0,,,77.0,TDM 8,9998.0,2018-10-26 12:56:27.330000000,11002.0,2.0,2018-10-23,2018-10-23 09:22:06.464,9,21,8,9.352222,
,2018-10-24 07:47:22,541112.0,2500.0,,,77.0,TDM 8,1.32,2018-10-26 12:56:27.337000000,11002.0,2.0,2018-10-24,2018-10-24 07:47:46.816,7,47,22,7.7894444,
,2018-10-24 09:35:53,208001.0,6650.0,,,77.0,TDM 8,3.49,2018-10-26 12:56:27.343000000,11002.0,2.0,2018-10-24,2018-10-24 09:34:49.344,9,35,53,9.598056,
,2018-10-25 08:07:20,541016.0,2000.0,,,77.0,TDM 8,1.06,2018-10-26 12:56:27.350000000,11002.0,2.0,2018-10-25,2018-10-25 08:07:02.912,8,7,20,8.122222,
,2018-10-26 07:20:24,541111.0,3000.0,,,77.0,TDM 8,1.59,2018-10-26 12:56:27.353000000,11002.0,2.0,2018-10-26,2018-10-26 07:20:46.848,7,20,24,7.34,
,2018-10-26 07:24:26,541111.0,2500.0,,,77.0,TDM 8,1.32,2018-10-26 12:56:27.360000000,11002.0,2.0,2018-10-26,2018-10-26 07:25:08.992,7,24,26,7.4072223,
,2018-10-26 08:01:08,541097.0,1500.0,,,77.0,TDM 8,0.79,2018-10-26 12:56:27.367000000,11002.0,2.0,2018-10-26,2018-10-26 08:00:06.144,8,1,8,8.018888,
,2018-10-26 09:36:02,541081.0,13250.0,,,77.0,TDM 8,6.99,2018-10-26 12:56:27.373000000,11002.0,2.0,2018-10-26,2018-10-26 09:36:13.312,9,36,2,9.600555,
,2018-10-11 09:27:58,660006.0,3000.0,,,112.0,TDM 42,1.59,2018-10-26 12:59:52.667000000,11003.0,2.0,2018-10-11,2018-10-11 09:29:00.160,9,27,58,9.466111,
,2018-10-11 09:39:49,660008.0,2500.0,,,112.0,TDM 42,1.32,2018-10-26 12:59:52.673000000,11003.0,2.0,2018-10-11,2018-10-11 09:39:55.520,9,39,49,9.663611,
,2018-10-15 10:19:03,329030.0,1500.0,,,112.0,TDM 42,0.79,2018-10-26 12:59:52.680000000,11003.0,2.0,2018-10-15,2018-10-15 10:19:51.680,10,19,3,10.3175,
,2018-10-15 10:21:02,329062.0,1500.0,,,112.0,TDM 42,0.79,2018-10-26 12:59:52.683000000,11003.0,2.0,2018-10-15,2018-10-15 10:22:02.752,10,21,2,10.350555,
,2018-10-17 07:58:47,329136.0,1500.0,,,112.0,TDM 42,0.79,2018-10-26 12:59:52.690000000,11003.0,2.0,2018-10-17,2018-10-17 07:59:15.968,7,58,47,7.979722,
,2018-10-19 06:02:12,329112.0,1500.0,,,112.0,TDM 42,0.79,2018-10-26 12:59:52.697000000,11003.0,2.0,2018-10-19,2018-10-19 06:02:42.048,6,2,12,6.036667,
,2018-10-22 08:27:37,660009.0,2500.0,,,112.0,TDM 42,1.32,2018-10-26 12:59:52.703000000,11003.0,2.0,2018-10-22,2018-10-22 08:27:53.216,8,27,37,8.460278,
,2018-10-20 09:17:55,594101.0,2500.0,,,80.0,TDM11,1.32,2018-10-26 13:03:11.733000000,11004.0,2.0,2018-10-20,2018-10-20 09:18:54.976,9,17,55,9.298611,
,2018-10-11 10:18:48,628009.0,1500.0,,,123.0,TDM 53,0.79,2018-10-26 13:17:29.353000000,11006.0,2.0,2018-10-11,2018-10-11 10:19:14.816,10,18,48,10.3133335,
,2018-10-16 10:34:57,537221.0,3000.0,,,123.0,TDM 53,1.59,2018-10-26 13:17:29.360000000,11006.0,2.0,2018-10-16,2018-10-16 10:34:45.632,10,34,57,10.5825,
,2018-10-16 10:41:59,537147.0,2000.0,,,123.0,TDM 53,1.06,2018-10-26 13:17:29.367000000,11006.0,2.0,2018-10-16,2018-10-16 10:41:18.848,10,41,59,10.699722,
,2018-10-22 09:22:04,628057.0,13250.0,,,123.0,TDM 53,6.99,2018-10-26 13:17:29.370000000,11006.0,2.0,2018-10-22,2018-10-22 09:22:30.016,9,22,4,9.367778,
,2018-10-24 07:42:16,628030.0,1500.0,,,123.0,TDM 53,0.79,2018-10-26 13:17:29.377000000,11006.0,2.0,2018-10-24,2018-10-24 07:41:13.600,7,42,16,7.7044444,
,2018-10-24 07:57:38,628050.0,2000.0,,,123.0,TDM 53,1.06,2018-10-26 13:17:29.383000000,11006.0,2.0,2018-10-24,2018-10-24 07:58:42.176,7,57,38,7.9605556,
,2018-10-25 07:44:37,537296.0,6650.0,,,123.0,TDM 53,3.49,2018-10-26 13:17:29.390000000,11006.0,2.0,2018-10-25,2018-10-25 07:45:12.192,7,44,37,7.7436113,
,2018-10-25 09:31:03,537272.0,2000.0,,,123.0,TDM 53,1.06,2018-10-26 13:17:29.397000000,11006.0,2.0,2018-10-25,2018-10-25 09:30:03.648,9,31,3,9.5175,
,2018-10-25 09:36:17,537277.0,2000.0,,,123.0,TDM 53,1.06,2018-10-26 13:17:29.400000000,11006.0,2.0,2018-10-25,2018-10-25 09:36:36.864,9,36,17,9.604722,
,2018-10-25 12:48:13,388183.0,1500.0,,,123.0,TDM 53,0.79,2018-10-26 13:17:29.407000000,11006.0,2.0,2018-10-25,2018-10-25 12:48:51.200,12,48,13,12.803611,
,2018-10-25 12:52:21,508273.0,6650.0,,,123.0,TDM 53,3.49,2018-10-26 13:17:29.413000000,11006.0,2.0,2018-10-25,2018-10-25 12:53:13.344,12,52,21,12.8725,
,2018-10-25 13:03:07,385128.0,3000.0,,,123.0,TDM 53,1.59,2018-10-26 13:17:29.420000000,11006.0,2.0,2018-10-25,2018-10-25 13:04:08.704,13,3,7,13.051945,
,2018-10-25 13:11:58,385010.0,2500.0,,,123.0,TDM 53,1.32,2018-10-26 13:17:29.427000000,11006.0,2.0,2018-10-25,2018-10-25 13:12:52.992,13,11,58,13.199445,
,2018-10-23 11:44:38,503088.0,8850.0,,,107.0,TDM 37,4.66,2018-10-26 13:21:57.563000000,11007.0,2.0,2018-10-23,2018-10-23 11:44:06.144,11,44,38,11.743889,
,2018-10-23 11:59:52,506226.0,2500.0,,,107.0,TDM 37,1.32,2018-10-26 13:21:57.577000000,11007.0,2.0,2018-10-23,2018-10-23 11:59:23.648,11,59,52,11.997778,
,2018-10-23 12:10:36,507226.0,3000.0,,,107.0,TDM 37,1.59,2018-10-26 13:21:57.583000000,11007.0,2.0,2018-10-23,2018-10-23 12:10:19.008,12,10,36,12.176666,
,2018-10-23 12:34:34,387002.0,3000.0,,,107.0,TDM 37,1.59,2018-10-26 13:21:57.590000000,11007.0,2.0,2018-10-23,2018-10-23 12:34:20.800,12,34,34,12.576111,
,2018-10-23 12:41:02,387001.0,2000.0,,,107.0,TDM 37,1.06,2018-10-26 13:21:57.593000000,11007.0,2.0,2018-10-23,2018-10-23 12:40:54.016,12,41,2,12.683888,
,2018-10-23 13:01:43,388150.0,2000.0,,,107.0,TDM 37,1.06,2018-10-26 13:21:57.600000000,11007.0,2.0,2018-10-23,2018-10-23 13:02:44.736,13,1,43,13.028611,
,2018-10-25 08:42:59,556012.0,2500.0,,,82.0,TDM 13,1.32,2018-10-26 13:27:32.577000000,11008.0,2.0,2018-10-25,2018-10-25 08:42:00.064,8,42,59,8.716389,
,2018-10-25 11:58:00,556001.0,6650.0,,,82.0,TDM 13,3.49,2018-10-26 13:27:32.583000000,11008.0,2.0,2018-10-25,2018-10-25 11:58:36.544,11,58,0,11.966666,
,2018-10-23 16:29:11,598026.0,2000.0,,,70.0,TDM 1,1.06,2018-10-26 13:35:17.190000000,11009.0,2.0,2018-10-23,2018-10-23 16:28:05.504,16,29,11,16.48639,
,2018-10-23 17:22:59,598134.0,1500.0,,,70.0,TDM 1,0.79,2018-10-26 13:35:17.197000000,11009.0,2.0,2018-10-23,2018-10-23 17:22:42.304,17,22,59,17.383055,
,2018-10-24 08:18:40,319171.0,2000.0,,,120.0,TDM 50,1.06,2018-10-26 13:38:00.030000000,11010.0,2.0,2018-10-24,2018-10-24 08:18:21.824,8,18,40,8.311111,
,2018-10-25 10:14:57,319239.0,0.0,,,120.0,TDM 50,1.59,2018-10-26 13:38:00.040000000,11010.0,2.0,2018-10-25,2018-10-25 10:15:56.160,10,14,57,10.2491665,
,2018-10-25 10:22:03,319054.0,1500.0,,,120.0,TDM 50,0.79,2018-10-26 13:38:00.047000000,11010.0,2.0,2018-10-25,2018-10-25 10:22:29.376,10,22,3,10.3675,
,2018-10-26 08:38:41,319040.0,2000.0,,,120.0,TDM 50,1.06,2018-10-26 13:38:00.053000000,11010.0,2.0,2018-10-26,2018-10-26 08:39:25.440,8,38,41,8.644722,
,2018-10-26 12:11:32,322049.0,1500.0,,,90.0,TDM 21,0.79,2018-10-26 13:40:27.740000000,11011.0,2.0,2018-10-26,2018-10-26 12:11:19.424,12,11,32,12.192223,
,2018-10-26 14:16:45,322049.0,1500.0,,,90.0,TDM 21,0.79,2018-10-26 13:40:27.747000000,11011.0,2.0,2018-10-26,2018-10-26 14:15:50.528,14,16,45,14.279166,
,2018-08-23 09:51:08,208006.0,0.0,,,69.0,ROAMING TDM,0.79,2018-10-26 13:43:42.917000000,11012.0,2.0,2018-08-23,2018-08-23 09:50:25.280,9,51,8,9.852222,
,2018-08-23 09:57:26,208006.0,1500.0,,,69.0,ROAMING TDM,0.79,2018-10-26 13:43:42.930000000,11012.0,2.0,2018-08-23,2018-08-23 09:56:58.496,9,57,26,9.957222,
,2018-08-23 10:10:04,208005.0,0.0,,,69.0,ROAMING TDM,1.59,2018-10-26 13:43:42.933000000,11012.0,2.0,2018-08-23,2018-08-23 10:10:04.928,10,10,4,10.167778,
,2018-08-23 10:16:47,208005.0,3000.0,,,69.0,ROAMING TDM,1.59,2018-10-26 13:43:42.940000000,11012.0,2.0,2018-08-23,2018-08-23 10:16:38.144,10,16,47,10.279722,
,2018-08-23 10:24:30,208005.0,3000.0,,,69.0,ROAMING TDM,1.59,2018-10-26 13:43:42.947000000,11012.0,2.0,2018-08-23,2018-08-23 10:25:22.432,10,24,30,10.408334,
,2018-08-23 10:50:10,208004.0,11050.0,,,69.0,ROAMING TDM,5.82,2018-10-26 13:43:42.953000000,11012.0,2.0,2018-08-23,2018-08-23 10:49:24.224,10,50,10,10.836111,
,2018-08-23 11:07:54,208004.632,11050.0,,,69.0,ROAMING TDM,5.82,2018-10-26 13:43:42.960000000,11012.0,2.0,2018-08-23,2018-08-23 11:06:52.800,11,7,54,11.131667,
,2018-08-23 11:08:46,208006.0,11050.0,,,69.0,ROAMING TDM,5.82,2018-10-26 13:43:42.963000000,11012.0,2.0,2018-08-23,2018-08-23 11:09:03.872,11,8,46,11.1461115,
,2018-08-23 11:18:02,208004.0,11050.0,,,69.0,ROAMING TDM,5.82,2018-10-26 13:43:42.970000000,11012.0,2.0,2018-08-23,2018-08-23 11:17:48.160,11,18,2,11.300555,
,2018-08-28 14:48:13,6101017.0,1500.0,,,69.0,ROAMING TDM,0.79,2018-10-26 13:43:42.977000000,11012.0,2.0,2018-08-28,2018-08-28 14:47:44.384,14,48,13,14.803611,
,2018-08-28 15:08:56,6101078.0,2000.0,,,69.0,ROAMING TDM,1.06,2018-10-26 13:43:42.983000000,11012.0,2.0,2018-08-28,2018-08-28 15:09:35.104,15,8,56,15.148889,
,2018-08-28 15:10:37,6101048.0,2000.0,,,69.0,ROAMING TDM,1.06,2018-10-26 13:43:42.993000000,11012.0,2.0,2018-08-28,2018-08-28 15:09:35.104,15,10,37,15.176945,
,2018-08-30 16:47:22,565025.0,1500.0,,,69.0,ROAMING TDM,0.79,2018-10-26 13:43:43,11012.0,2.0,2018-08-30,2018-08-30 16:47:06.240,16,47,22,16.789444,
,2018-08-30 16:49:16,565031.0,2000.0,,,69.0,ROAMING TDM,1.06,2018-10-26 13:43:43.007000000,11012.0,2.0,2018-08-30,2018-08-30 16:49:17.312,16,49,16,16.821112,
,2018-09-01 12:20:01,208999.0,0.0,,,69.0,ROAMING TDM,1.0,2018-10-26 13:43:43.013000000,11012.0,2.0,2018-09-01,2018-09-01 12:19:48.352,12,20,1,12.3336115,
,2018-09-07 14:15:42,212059.0,11050.0,,,69.0,ROAMING TDM,5.82,2018-10-26 13:43:43.020000000,11012.0,2.0,2018-09-07,2018-09-07 14:15:24.928,14,15,42,14.261666,
,2018-09-07 14:19:14,212059.0,11050.0,,,69.0,ROAMING TDM,5.82,2018-10-26 13:43:43.037000000,11012.0,2.0,2018-09-07,2018-09-07 14:19:47.072,14,19,14,14.320556,
,2018-09-11 16:03:45,6104167.0,2000.0,,,69.0,ROAMING TDM,1.06,2018-10-26 13:43:43.053000000,11012.0,2.0,2018-09-11,2018-09-11 16:03:04.320,16,3,45,16.0625,
,2018-09-11 16:05:52,6104026.0,3000.0,,,69.0,ROAMING TDM,1.59,2018-10-26 13:43:43.060000000,11012.0,2.0,2018-09-11,2018-09-11 16:05:15.392,16,5,52,16.097778,
,2018-09-12 12:10:51,359013.0,1500.0,,,69.0,ROAMING TDM,0.79,2018-10-26 13:43:43.067000000,11012.0,2.0,2018-09-12,2018-09-12 12:11:07.136,12,10,51,12.180833,
,2018-09-27 13:41:37,601060.0,3000.0,,,69.0,ROAMING TDM,1.59,2018-10-26 13:43:43.083000000,11012.0,2.0,2018-09-27,2018-09-27 13:41:21.024,13,41,37,13.693611,
,2018-10-12 10:00:43,220065.0,2500.0,,,69.0,ROAMING TDM,1.32,2018-10-26 13:43:43.090000000,11012.0,2.0,2018-10-12,2018-10-12 10:01:22.688,10,0,43,10.011945,
,2018-10-12 10:07:20,220022.0,1500.0,,,69.0,ROAMING TDM,0.79,2018-10-26 13:43:43.103000000,11012.0,2.0,2018-10-12,2018-10-12 10:07:55.904,10,7,20,10.122222,
,2018-10-12 10:09:31,220031.0,2000.0,,,69.0,ROAMING TDM,1.06,2018-10-26 13:43:43.110000000,11012.0,2.0,2018-10-12,2018-10-12 10:10:06.976,10,9,31,10.158611,
,2018-10-12 10:12:03,220035.0,2500.0,,,69.0,ROAMING TDM,1.32,2018-10-26 13:43:43.113000000,11012.0,2.0,2018-10-12,2018-10-12 10:12:18.048,10,12,3,10.200833,
,2018-10-12 10:15:38,220077.0,3000.0,,,69.0,ROAMING TDM,1.59,2018-10-26 13:43:43.127000000,11012.0,2.0,2018-10-12,2018-10-12 10:16:40.192,10,15,38,10.260555,
,2018-10-12 10:21:07,220021.0,1500.0,,,69.0,ROAMING TDM,0.79,2018-10-26 13:43:43.143000000,11012.0,2.0,2018-10-12,2018-10-12 10:21:02.336,10,21,7,10.351944,
,2018-10-16 10:49:05,208001.0,0.0,,,69.0,ROAMING TDM,3.49,2018-10-26 13:43:43.150000000,11012.0,2.0,2018-10-16,2018-10-16 10:50:03.136,10,49,5,10.818055,
,2018-10-16 12:08:46,208001.0,2000.0,,,69.0,ROAMING TDM,1.06,2018-10-26 13:43:43.157000000,11012.0,2.0,2018-10-16,2018-10-16 12:08:41.728,12,8,46,12.1461115,
,2018-10-16 13:08:08,208002.0,11050.0,,,69.0,ROAMING TDM,5.82,2018-10-26 13:43:43.163000000,11012.0,2.0,2018-10-16,2018-10-16 13:07:40.672,13,8,8,13.135555,
,2018-10-16 13:23:46,208002.0,11050.0,,,69.0,ROAMING TDM,5.82,2018-10-26 13:43:43.173000000,11012.0,2.0,2018-10-16,2018-10-16 13:22:58.176,13,23,46,13.3961115,
,2018-10-16 13:42:14,208002.0,11050.0,,,69.0,ROAMING TDM,5.82,2018-10-26 13:43:43.180000000,11012.0,2.0,2018-10-16,2018-10-16 13:42:37.824,13,42,14,13.703889,
,2018-10-16 14:03:34,208003.0,0.0,,,69.0,ROAMING TDM,3.49,2018-10-26 13:43:43.187000000,11012.0,2.0,2018-10-16,2018-10-16 14:04:28.544,14,3,34,14.059444,
,2018-10-16 14:18:29,208002.0,8850.0,,,69.0,ROAMING TDM,4.66,2018-10-26 13:43:43.190000000,11012.0,2.0,2018-10-16,2018-10-16 14:17:34.976,14,18,29,14.308056,
,2018-10-16 14:24:14,208002.0,11050.0,,,69.0,ROAMING TDM,5.82,2018-10-26 13:43:43.197000000,11012.0,2.0,2018-10-16,2018-10-16 14:24:08.192,14,24,14,14.403889,
,2018-10-16 14:27:37,208004.0,11050.0,,,69.0,ROAMING TDM,5.82,2018-10-26 13:43:43.203000000,11012.0,2.0,2018-10-16,2018-10-16 14:28:30.336,14,27,37,14.460278,
,2018-10-18 13:12:17,208001.0,3000.0,,,69.0,ROAMING TDM,1.59,2018-10-26 13:43:43.217000000,11012.0,2.0,2018-10-18,2018-10-18 13:11:15.712,13,12,17,13.204722,
,2018-10-18 13:26:35,208001.0,8850.0,,,69.0,ROAMING TDM,4.66,2018-10-26 13:43:43.220000000,11012.0,2.0,2018-10-18,2018-10-18 13:26:33.216,13,26,35,13.443055,
,2018-10-18 13:38:33,208001.0,0.0,,,69.0,ROAMING TDM,1.32,2018-10-26 13:43:43.230000000,11012.0,2.0,2018-10-18,2018-10-18 13:37:28.576,13,38,33,13.6425,
,2018-10-18 13:58:20,208001.0,13250.0,,,69.0,ROAMING TDM,6.99,2018-10-26 13:43:43.233000000,11012.0,2.0,2018-10-18,2018-10-18 13:59:19.296,13,58,20,13.972222,
,2018-10-18 14:04:05,208001.0,2500.0,,,69.0,ROAMING TDM,1.32,2018-10-26 13:43:43.240000000,11012.0,2.0,2018-10-18,2018-10-18 14:03:41.440,14,4,5,14.068055,
,2018-10-19 08:47:07,208001.0,6650.0,,,69.0,ROAMING TDM,3.49,2018-10-26 13:43:43.247000000,11012.0,2.0,2018-10-19,2018-10-19 08:46:32.448,8,47,7,8.785277,
,2018-10-19 09:43:38,204001.0,3800.0,,,69.0,ROAMING TDM,2.0,2018-10-26 13:43:43.277000000,11012.0,2.0,2018-10-19,2018-10-19 09:43:20.320,9,43,38,9.727222,
,2018-10-23 06:18:49,331042.0,1500.0,,,69.0,ROAMING TDM,0.79,2018-10-26 13:43:43.280000000,11012.0,2.0,2018-10-23,2018-10-23 06:18:36.416,6,18,49,6.313611,
,2018-10-25 08:21:28,680042.0,1500.0,,,108.0,TDM 38,0.79,2018-10-29 13:06:19.823000000,11013.0,2.0,2018-10-25,2018-10-25 08:22:20.416,8,21,28,8.357778,
,2018-10-26 09:20:08,680001.0,2000.0,,,108.0,TDM 38,1.06,2018-10-29 13:06:19.833000000,11013.0,2.0,2018-10-26,2018-10-26 09:20:55.808,9,20,8,9.335556,
,2018-10-26 09:46:01,677037.0,3000.0,,,108.0,TDM 38,1.59,2018-10-29 13:06:19.840000000,11013.0,2.0,2018-10-26,2018-10-26 09:44:57.600,9,46,1,9.766945,
,2018-10-26 07:53:41,509034.0,2000.0,,,102.0,TDM 33,1.06,2018-10-29 13:10:29.960000000,11014.0,2.0,2018-10-26,2018-10-26 07:53:32.928,7,53,41,7.894722,
,2018-10-26 08:27:39,509023.0,8850.0,,,102.0,TDM 33,4.66,2018-10-29 13:10:29.977000000,11014.0,2.0,2018-10-26,2018-10-26 08:28:30.080,8,27,39,8.460834,
,2018-10-26 09:38:36,509043.0,2000.0,,,102.0,TDM 33,1.06,2018-10-29 13:10:29.980000000,11014.0,2.0,2018-10-26,2018-10-26 09:38:24.384,9,38,36,9.643333,
,2018-10-27 07:30:00,509064.0,1500.0,,,102.0,TDM 33,0.79,2018-10-29 13:10:29.987000000,11014.0,2.0,2018-10-27,2018-10-27 07:29:07.584,7,30,0,7.5,
,2018-10-27 07:37:21,509044.0,2000.0,,,102.0,TDM 33,1.06,2018-10-29 13:10:29.993000000,11014.0,2.0,2018-10-27,2018-10-27 07:37:51.872,7,37,21,7.6225,
,2018-10-27 08:01:40,509030.0,13250.0,,,102.0,TDM 33,6.99,2018-10-29 13:10:30,11014.0,2.0,2018-10-27,2018-10-27 08:01:53.664,8,1,40,8.027778,
,2018-10-28 17:02:44,509087.0,1500.0,,,102.0,TDM 33,0.79,2018-10-29 13:10:30.007000000,11014.0,2.0,2018-10-28,2018-10-28 17:03:15.968,17,2,44,17.045555,
,2018-10-28 17:13:40,509094.0,2000.0,,,102.0,TDM 33,1.06,2018-10-29 13:10:30.010000000,11014.0,2.0,2018-10-28,2018-10-28 17:14:11.328,17,13,40,17.227777,
,2018-10-28 17:21:25,509084.0,1500.0,,,102.0,TDM 33,0.79,2018-10-29 13:10:30.017000000,11014.0,2.0,2018-10-28,2018-10-28 17:20:44.544,17,21,25,17.356945,
,2018-10-28 18:08:24,509049.0,3000.0,,,102.0,TDM 33,1.59,2018-10-29 13:10:30.023000000,11014.0,2.0,2018-10-28,2018-10-28 18:08:48.128,18,8,24,18.14,
,2018-10-29 07:30:02,509045.0,8850.0,,,102.0,TDM 33,4.66,2018-10-29 13:10:30.030000000,11014.0,2.0,2018-10-29,2018-10-29 07:30:31.552,7,30,2,7.5005555,
,2018-10-29 09:58:19,509045.0,8850.0,,,102.0,TDM 33,4.66,2018-10-29 13:10:30.037000000,11014.0,2.0,2018-10-29,2018-10-29 09:59:04.448,9,58,19,9.971945,
,2018-10-29 10:00:49,509045.0,8850.0,,,102.0,TDM 33,4.66,2018-10-29 13:10:30.040000000,11014.0,2.0,2018-10-29,2018-10-29 10:01:15.520,10,0,49,10.013611,
,2018-10-25 08:12:50,208001.0,2000.0,,,72.0,TDM 3,1.06,2018-10-29 13:13:36.467000000,11015.0,2.0,2018-10-25,2018-10-25 08:13:36.128,8,12,50,8.213889,
,2018-10-28 06:40:07,539082.0,1500.0,,,72.0,TDM 3,0.79,2018-10-29 13:13:36.473000000,11015.0,2.0,2018-10-28,2018-10-28 06:40:40.448,6,40,7,6.668611,
,2018-10-29 06:06:09,539004.0,1500.0,,,72.0,TDM 3,0.79,2018-10-29 13:13:36.480000000,11015.0,2.0,2018-10-29,2018-10-29 06:05:19.744,6,6,9,6.1025,
,2018-10-29 06:07:46,539004.0,1500.0,,,72.0,TDM 3,0.79,2018-10-29 13:13:36.487000000,11015.0,2.0,2018-10-29,2018-10-29 06:07:30.816,6,7,46,6.1294446,
,2018-10-29 07:52:32,539063.0,1500.0,,,72.0,TDM 3,0.79,2018-10-29 13:13:36.490000000,11015.0,2.0,2018-10-29,2018-10-29 07:52:22.272,7,52,32,7.8755555,
,2018-10-27 09:13:53,2089999.0,0.0,,,99.0,TDM 30,999.0,2018-10-29 13:18:22.580000000,11016.0,2.0,2018-10-27,2018-10-27 09:13:59.040,9,13,53,9.231389,
,2018-10-29 07:17:34,365032.0,2000.0,,,99.0,TDM 30,1.06,2018-10-29 13:18:22.600000000,11016.0,2.0,2018-10-29,2018-10-29 07:17:25.120,7,17,34,7.292778,
,2018-10-29 07:35:15,365002.0,6650.0,,,99.0,TDM 30,3.49,2018-10-29 13:18:22.613000000,11016.0,2.0,2018-10-29,2018-10-29 07:34:53.696,7,35,15,7.5875,
,2018-10-29 07:48:05,365009.0,13250.0,,,99.0,TDM 30,6.99,2018-10-29 13:18:22.620000000,11016.0,2.0,2018-10-29,2018-10-29 07:48:00.128,7,48,5,7.8013887,
,2018-10-23 10:52:18,358065.0,2500.0,,,105.0,TDM 36,1.32,2018-10-29 13:35:26.430000000,11019.0,2.0,2018-10-23,2018-10-23 10:51:40.416,10,52,18,10.871667,
,2018-10-23 10:53:40,358065.0,2500.0,,,105.0,TDM 36,1.32,2018-10-29 13:35:26.437000000,11019.0,2.0,2018-10-23,2018-10-23 10:53:51.488,10,53,40,10.894444,
,2018-10-23 21:13:50,208001.0,0.0,,,105.0,TDM 36,3.49,2018-10-29 13:35:26.443000000,11019.0,2.0,2018-10-23,2018-10-23 21:14:15.936,21,13,50,21.230556,
,2018-10-24 07:07:57,358065.0,2500.0,,,105.0,TDM 36,1.32,2018-10-29 13:35:26.450000000,11019.0,2.0,2018-10-24,2018-10-24 07:08:27.520,7,7,57,7.1325,
,2018-10-25 12:03:20,208001.0,2000.0,,,105.0,TDM 36,1.06,2018-10-29 13:35:26.457000000,11019.0,2.0,2018-10-25,2018-10-25 12:02:58.688,12,3,20,12.055555,
,2018-10-28 07:14:57,358028.0,0.0,,,105.0,TDM 36,1.06,2018-10-29 13:35:26.480000000,11019.0,2.0,2018-10-28,2018-10-28 07:15:37.600,7,14,57,7.2491665,
,2018-10-22 08:31:18,303001.0,1500.0,,,97.0,TDM 28,0.79,2018-10-29 13:38:58.310000000,11020.0,2.0,2018-10-22,2018-10-22 08:32:15.360,8,31,18,8.521667,
,2018-10-22 09:42:11,303019.0,2500.0,,,97.0,TDM 28,1.32,2018-10-29 13:38:58.320000000,11020.0,2.0,2018-10-22,2018-10-22 09:42:09.664,9,42,11,9.703055,
,2018-10-22 09:52:58,303020.0,2500.0,,,97.0,TDM 28,1.32,2018-10-29 13:38:58.327000000,11020.0,2.0,2018-10-22,2018-10-22 09:53:05.024,9,52,58,9.882778,
,2018-10-24 10:11:00,303121.0,2000.0,,,97.0,TDM 28,1.06,2018-10-29 13:38:58.330000000,11020.0,2.0,2018-10-24,2018-10-24 10:11:57.568,10,11,0,10.183333,
,2018-10-26 08:13:32,303002.0,2000.0,,,97.0,TDM 28,1.06,2018-10-29 13:38:58.337000000,11020.0,2.0,2018-10-26,2018-10-26 08:13:12.576,8,13,32,8.225555,
,2018-10-26 09:18:19,303050.0,1500.0,,,97.0,TDM 28,0.79,2018-10-29 13:38:58.357000000,11020.0,2.0,2018-10-26,2018-10-26 09:18:44.736,9,18,19,9.305278,
,2018-10-27 05:52:32,303102.0,2500.0,,,97.0,TDM 28,1.32,2018-10-29 13:38:58.360000000,11020.0,2.0,2018-10-27,2018-10-27 05:53:00.416,5,52,32,5.8755555,
,2018-10-27 07:14:25,303016.0,1500.0,,,97.0,TDM 28,0.79,2018-10-29 13:38:58.367000000,11020.0,2.0,2018-10-27,2018-10-27 07:13:50.080,7,14,25,7.240278,
,2018-10-29 06:59:33,303021.0,2000.0,,,97.0,TDM 28,1.06,2018-10-29 13:38:58.373000000,11020.0,2.0,2018-10-29,2018-10-29 06:59:56.544,6,59,33,6.9925,
,2018-10-29 07:48:15,303024.0,2000.0,,,97.0,TDM 28,1.06,2018-10-29 13:38:58.380000000,11020.0,2.0,2018-10-29,2018-10-29 07:48:00.128,7,48,15,7.804167,
,2018-10-26 09:52:19,621110.0,3000.0,,,71.0,TDM 2,1.59,2018-10-29 13:44:09.303000000,11021.0,2.0,2018-10-26,2018-10-26 09:51:30.816,9,52,19,9.871944,
,2018-10-27 07:21:04,621109.0,3000.0,,,71.0,TDM 2,1.59,2018-10-29 13:44:09.320000000,11021.0,2.0,2018-10-27,2018-10-27 07:20:23.296,7,21,4,7.351111,
,2018-10-27 07:32:41,621078.0,3000.0,,,71.0,TDM 2,1.59,2018-10-29 13:44:09.327000000,11021.0,2.0,2018-10-27,2018-10-27 07:33:29.728,7,32,41,7.544722,
,2018-10-28 16:53:31,621069.0,2000.0,,,71.0,TDM 2,1.06,2018-10-29 13:44:09.330000000,11021.0,2.0,2018-10-28,2018-10-28 16:54:31.680,16,53,31,16.891945,
,2018-10-28 17:07:26,621111.0,2000.0,,,71.0,TDM 2,1.06,2018-10-29 13:44:09.337000000,11021.0,2.0,2018-10-28,2018-10-28 17:07:38.112,17,7,26,17.123888,
,2018-10-22 08:41:03,326006.0,2000.0,,,103.0,TDM 34,1.06,2018-10-29 13:47:51.330000000,11022.0,2.0,2018-10-22,2018-10-22 08:40:59.648,8,41,3,8.684167,
,2018-10-22 08:43:23,326006.0,2000.0,,,103.0,TDM 34,1.06,2018-10-29 13:47:51.340000000,11022.0,2.0,2018-10-22,2018-10-22 08:43:10.720,8,43,23,8.723056,
,2018-10-25 11:45:41,208000.0,0.0,,,103.0,TDM 34,999.0,2018-10-29 13:47:51.347000000,11022.0,2.0,2018-10-25,2018-10-25 11:45:30.112,11,45,41,11.761389,
,2018-10-26 07:31:49,326078.0,1500.0,,,103.0,TDM 34,0.79,2018-10-29 13:47:51.350000000,11022.0,2.0,2018-10-26,2018-10-26 07:31:42.208,7,31,49,7.5302777,
,2018-10-30 09:39:17,345036.0,1500.0,,,91.0,TDM 22,0.79,2018-11-02 13:15:08.043000000,11023.0,2.0,2018-10-30,2018-10-30 09:39:01.248,9,39,17,9.654722,
,2018-11-01 08:06:23,345104.0,2500.0,,,91.0,TDM 22,1.32,2018-11-02 13:15:08.050000000,11023.0,2.0,2018-11-01,2018-11-01 08:06:29.120,8,6,23,8.106389,
,2018-11-01 08:32:46,345109.0,1500.0,,,91.0,TDM 22,0.79,2018-11-02 13:15:08.057000000,11023.0,2.0,2018-11-01,2018-11-01 08:32:41.984,8,32,46,8.546111,
,2018-11-01 15:03:31,345180.0,2000.0,,,91.0,TDM 22,1.06,2018-11-02 13:15:08.060000000,11023.0,2.0,2018-11-01,2018-11-01 15:03:43.872,15,3,31,15.058611,
,2018-11-02 08:11:31,345111.0,1500.0,,,91.0,TDM 22,0.79,2018-11-02 13:15:08.067000000,11023.0,2.0,2018-11-02,2018-11-02 08:10:27.712,8,11,31,8.191944,
,2018-10-31 07:27:17,662030.0,0.0,,,124.0,TDM 54,3.49,2018-11-02 13:18:39.580000000,11024.0,2.0,2018-10-31,2018-10-31 07:27:33.376,7,27,17,7.4547224,
,2018-10-31 07:28:51,662030.0,0.0,,,124.0,TDM 54,3.49,2018-11-02 13:18:39.590000000,11024.0,2.0,2018-10-31,2018-10-31 07:29:44.448,7,28,51,7.4808335,
,2018-11-01 08:03:54,662017.0,0.0,,,124.0,TDM 54,3.49,2018-11-02 13:18:39.593000000,11024.0,2.0,2018-11-01,2018-11-01 08:04:18.048,8,3,54,8.065,
,2018-11-01 08:06:13,662017.0,0.0,,,124.0,TDM 54,3.49,2018-11-02 13:18:39.600000000,11024.0,2.0,2018-11-01,2018-11-01 08:06:29.120,8,6,13,8.103611,
,2018-10-31 07:36:17,556048.0,1500.0,,,82.0,TDM 13,0.79,2018-11-02 13:23:00.307000000,11025.0,2.0,2018-10-31,2018-10-31 07:36:17.664,7,36,17,7.604722,
,2018-10-31 07:46:55,556022.0,3000.0,,,82.0,TDM 13,1.59,2018-11-02 13:23:00.313000000,11025.0,2.0,2018-10-31,2018-10-31 07:47:13.024,7,46,55,7.7819443,
,2018-10-31 07:48:33,556022.0,3000.0,,,82.0,TDM 13,1.59,2018-11-02 13:23:00.320000000,11025.0,2.0,2018-10-31,2018-10-31 07:49:24.096,7,48,33,7.8091664,
,2018-11-01 08:35:24,211001.0,3000.0,,,79.0,TDM 10,1.59,2018-11-02 13:27:06.887000000,11026.0,2.0,2018-11-01,2018-11-01 08:34:53.056,8,35,24,8.59,
,2018-11-02 07:51:20,641008.0,2500.0,,,79.0,TDM 10,1.32,2018-11-02 13:27:06.893000000,11026.0,2.0,2018-11-02,2018-11-02 07:50:48.064,7,51,20,7.8555555,
,2018-10-08 12:00:57,503027.0,2000.0,,,81.0,TDM 12,1.06,2018-11-02 13:30:58.527000000,11027.0,2.0,2018-10-08,2018-10-08 12:00:54.784,12,0,57,12.015833,
,2018-10-08 12:05:23,503027.0,2000.0,,,81.0,TDM 12,1.06,2018-11-02 13:30:58.533000000,11027.0,2.0,2018-10-08,2018-10-08 12:05:16.928,12,5,23,12.089723,
,2018-10-08 12:34:39,503034.0,1500.0,,,81.0,TDM 12,0.79,2018-11-02 13:30:58.540000000,11027.0,2.0,2018-10-08,2018-10-08 12:33:40.864,12,34,39,12.5775,
,2018-10-09 10:00:36,503017.0,3000.0,,,81.0,TDM 12,1.59,2018-11-02 13:30:58.547000000,11027.0,2.0,2018-10-09,2018-10-09 10:00:22.272,10,0,36,10.01,
,2018-10-11 12:47:31,508104.0,2500.0,,,81.0,TDM 12,1.32,2018-11-02 13:30:58.553000000,11027.0,2.0,2018-10-11,2018-10-11 12:47:47.712,12,47,31,12.7919445,
,2018-10-11 13:15:25,508108.0,1500.0,,,81.0,TDM 12,0.79,2018-11-02 13:30:58.560000000,11027.0,2.0,2018-10-11,2018-10-11 13:16:11.648,13,15,25,13.256945,
,2018-10-12 09:00:36,508108.0,1500.0,,,81.0,TDM 12,0.79,2018-11-02 13:30:58.563000000,11027.0,2.0,2018-10-12,2018-10-12 09:00:12.672,9,0,36,9.01,
,2018-10-12 09:27:38,508104.0,2500.0,,,81.0,TDM 12,1.32,2018-11-02 13:30:58.570000000,11027.0,2.0,2018-10-12,2018-10-12 09:28:36.608,9,27,38,9.460556,
,2018-10-12 14:02:34,508061.0,3000.0,,,81.0,TDM 12,1.59,2018-11-02 13:30:58.577000000,11027.0,2.0,2018-10-12,2018-10-12 14:01:40.608,14,2,34,14.042778,
,2018-10-15 15:46:16,387051.0,2000.0,,,81.0,TDM 12,1.06,2018-11-02 13:30:58.583000000,11027.0,2.0,2018-10-15,2018-10-15 15:45:21.408,15,46,16,15.7711115,
,2018-10-15 16:40:22,387169.0,2000.0,,,81.0,TDM 12,1.06,2018-11-02 13:30:58.590000000,11027.0,2.0,2018-10-15,2018-10-15 16:39:58.208,16,40,22,16.672777,
,2018-10-15 16:54:05,387220.0,1500.0,,,81.0,TDM 12,0.79,2018-11-02 13:30:58.593000000,11027.0,2.0,2018-10-15,2018-10-15 16:53:04.640,16,54,5,16.901388,
,2018-10-16 07:03:03,387078.0,1500.0,,,81.0,TDM 12,0.79,2018-11-02 13:30:58.607000000,11027.0,2.0,2018-10-16,2018-10-16 07:02:51.648,7,3,3,7.050833,
,2018-10-17 07:52:03,387129.0,2500.0,,,81.0,TDM 12,1.32,2018-11-02 13:30:58.613000000,11027.0,2.0,2018-10-17,2018-10-17 07:52:42.752,7,52,3,7.8675,
,2018-10-18 07:44:16,503056.0,1500.0,,,81.0,TDM 12,0.79,2018-11-02 13:30:58.620000000,11027.0,2.0,2018-10-18,2018-10-18 07:43:34.912,7,44,16,7.7377777,
,2018-10-18 12:25:59,503116.0,1500.0,,,81.0,TDM 12,0.79,2018-11-02 13:30:58.630000000,11027.0,2.0,2018-10-18,2018-10-18 12:25:23.200,12,25,59,12.433056,
,2018-10-19 06:39:40,387209.0,1500.0,,,81.0,TDM 12,0.79,2018-11-02 13:30:58.637000000,11027.0,2.0,2018-10-19,2018-10-19 06:39:50.272,6,39,40,6.661111,
,2018-10-19 06:52:03,508210.0,2500.0,,,81.0,TDM 12,1.32,2018-11-02 13:30:58.643000000,11027.0,2.0,2018-10-19,2018-10-19 06:52:56.704,6,52,3,6.8675,
,2018-10-20 07:26:23,508006.0,2000.0,,,81.0,TDM 12,1.06,2018-11-02 13:30:58.650000000,11027.0,2.0,2018-10-20,2018-10-20 07:25:19.232,7,26,23,7.439722,
,2018-10-20 07:55:37,508004.0,1500.0,,,81.0,TDM 12,0.79,2018-11-02 13:30:58.653000000,11027.0,2.0,2018-10-20,2018-10-20 07:55:54.240,7,55,37,7.9269443,
,2018-10-20 12:02:28,503104.0,1500.0,,,81.0,TDM 12,0.79,2018-11-02 13:30:58.660000000,11027.0,2.0,2018-10-20,2018-10-20 12:02:45.376,12,2,28,12.041111,
,2018-10-22 09:12:39,508191.0,3000.0,,,81.0,TDM 12,1.59,2018-11-02 13:30:58.667000000,11027.0,2.0,2018-10-22,2018-10-22 09:11:34.656,9,12,39,9.210834,
,2018-10-22 09:42:57,508181.0,2500.0,,,81.0,TDM 12,1.32,2018-11-02 13:30:58.673000000,11027.0,2.0,2018-10-22,2018-10-22 09:42:09.664,9,42,57,9.715834,
,2018-10-23 06:49:55,387161.0,1500.0,,,81.0,TDM 12,0.79,2018-11-02 13:30:58.680000000,11027.0,2.0,2018-10-23,2018-10-23 06:49:11.424,6,49,55,6.8319445,
,2018-10-24 06:24:54,387215.0,2000.0,,,81.0,TDM 12,1.06,2018-11-02 13:30:58.683000000,11027.0,2.0,2018-10-24,2018-10-24 06:24:46.080,6,24,54,6.415,
,2018-10-27 05:48:25,387079.0,2500.0,,,81.0,TDM 12,1.32,2018-11-02 13:30:58.697000000,11027.0,2.0,2018-10-27,2018-10-27 05:48:38.272,5,48,25,5.8069444,
,2018-10-31 07:01:03,503117.0,1500.0,,,81.0,TDM 12,0.79,2018-11-02 13:30:58.703000000,11027.0,2.0,2018-10-31,2018-10-31 07:01:20.512,7,1,3,7.0175,
,2018-10-31 07:50:43,503042.0,2000.0,,,81.0,TDM 12,1.06,2018-11-02 13:30:58.710000000,11027.0,2.0,2018-10-31,2018-10-31 07:51:35.168,7,50,43,7.845278,
,2018-11-01 07:02:56,508184.0,1500.0,,,81.0,TDM 12,0.79,2018-11-02 13:30:58.713000000,11027.0,2.0,2018-11-01,2018-11-01 07:03:08.032,7,2,56,7.0488887,
,2018-11-01 07:42:52,508118.0,2000.0,,,81.0,TDM 12,1.06,2018-11-02 13:30:58.720000000,11027.0,2.0,2018-11-01,2018-11-01 07:42:27.328,7,42,52,7.7144446,
,2018-11-01 09:15:45,508261.0,2000.0,,,81.0,TDM 12,1.06,2018-11-02 13:30:58.727000000,11027.0,2.0,2018-11-01,2018-11-01 09:16:23.424,9,15,45,9.2625,
,2018-11-01 10:37:55,503049.0,2000.0,,,81.0,TDM 12,1.06,2018-11-02 13:30:58.733000000,11027.0,2.0,2018-11-01,2018-11-01 10:37:13.088,10,37,55,10.631945,
,2018-11-02 06:21:41,503120.0,1500.0,,,81.0,TDM 12,0.79,2018-11-02 13:30:58.740000000,11027.0,2.0,2018-11-02,2018-11-02 06:21:14.112,6,21,41,6.3613887,
,2018-10-29 08:05:40,625005.0,11050.0,,,101.0,TDM 32,5.82,2018-11-02 13:36:31.553000000,11028.0,2.0,2018-10-29,2018-10-29 08:05:28.704,8,5,40,8.094444,
,2018-10-29 08:07:25,625005.0,11050.0,,,101.0,TDM 32,5.82,2018-11-02 13:36:31.563000000,11028.0,2.0,2018-10-29,2018-10-29 08:07:39.776,8,7,25,8.123611,
,2018-10-29 08:33:39,625056.0,2500.0,,,101.0,TDM 32,1.32,2018-11-02 13:36:31.570000000,11028.0,2.0,2018-10-29,2018-10-29 08:33:52.640,8,33,39,8.560833,
,2018-10-29 08:48:55,625080.0,1500.0,,,101.0,TDM 32,0.79,2018-11-02 13:36:31.577000000,11028.0,2.0,2018-10-29,2018-10-29 08:49:10.144,8,48,55,8.815278,
,2018-10-29 08:54:56,625078.0,3000.0,,,101.0,TDM 32,1.59,2018-11-02 13:36:31.583000000,11028.0,2.0,2018-10-29,2018-10-29 08:55:43.360,8,54,56,8.915556,
,2018-10-29 09:25:05,625032.0,6650.0,,,101.0,TDM 32,3.49,2018-11-02 13:36:31.590000000,11028.0,2.0,2018-10-29,2018-10-29 09:24:07.296,9,25,5,9.418056,
,2018-10-29 09:31:00,625032.0,6650.0,,,101.0,TDM 32,3.49,2018-11-02 13:36:31.593000000,11028.0,2.0,2018-10-29,2018-10-29 09:30:40.512,9,31,0,9.516666,
,2018-10-30 06:04:46,592005.0,6650.0,,,101.0,TDM 32,3.49,2018-11-02 13:36:31.600000000,11028.0,2.0,2018-10-30,2018-10-30 06:04:56.192,6,4,46,6.0794444,
,2018-10-30 06:06:22,592005.0,6650.0,,,101.0,TDM 32,3.49,2018-11-02 13:36:31.607000000,11028.0,2.0,2018-10-30,2018-10-30 06:07:07.264,6,6,22,6.106111,
,2018-10-30 06:21:02,592011.0,8850.0,,,101.0,TDM 32,4.66,2018-11-02 13:36:31.613000000,11028.0,2.0,2018-10-30,2018-10-30 06:20:13.696,6,21,2,6.3505554,
,2018-10-30 06:24:01,592011.0,8850.0,,,101.0,TDM 32,4.66,2018-11-02 13:36:31.620000000,11028.0,2.0,2018-10-30,2018-10-30 06:24:35.840,6,24,1,6.4002776,
,2018-10-30 06:32:26,592017.0,6650.0,,,101.0,TDM 32,3.49,2018-11-02 13:36:31.623000000,11028.0,2.0,2018-10-30,2018-10-30 06:33:20.128,6,32,26,6.5405555,
,2018-10-30 06:34:14,592017.0,6650.0,,,101.0,TDM 32,3.49,2018-11-02 13:36:31.630000000,11028.0,2.0,2018-10-30,2018-10-30 06:33:20.128,6,34,14,6.5705557,
,2018-10-30 07:39:20,625019.0,3000.0,,,101.0,TDM 32,1.59,2018-11-02 13:36:31.637000000,11028.0,2.0,2018-10-30,2018-10-30 07:38:52.288,7,39,20,7.6555557,
,2018-10-30 13:00:14,387030.0,3000.0,,,112.0,TDM 42,1.59,2018-11-02 13:40:05.497000000,11029.0,2.0,2018-10-30,2018-10-30 12:59:59.872,13,0,14,13.003889,
,2018-10-30 13:04:11,387138.0,2000.0,,,112.0,TDM 42,1.06,2018-11-02 13:40:05.510000000,11029.0,2.0,2018-10-30,2018-10-30 13:04:22.016,13,4,11,13.069722,
,2018-10-30 13:08:59,387162.0,3000.0,,,112.0,TDM 42,1.59,2018-11-02 13:40:05.517000000,11029.0,2.0,2018-10-30,2018-10-30 13:08:44.160,13,8,59,13.149722,
,2018-10-11 14:24:14,2089999.0,0.0,,,118.0,TDM 48,999.0,2018-11-02 13:49:20.397000000,11030.0,2.0,2018-10-11,2018-10-11 14:23:54.880,14,24,14,14.403889,
,2018-10-16 12:04:47,208001.0,2000.0,,,118.0,TDM 48,1.06,2018-11-02 13:49:20.407000000,11030.0,2.0,2018-10-16,2018-10-16 12:04:19.584,12,4,47,12.079722,
,2018-10-16 13:04:12,208002.0,11050.0,,,118.0,TDM 48,5.82,2018-11-02 13:49:20.413000000,11030.0,2.0,2018-10-16,2018-10-16 13:03:18.528,13,4,12,13.07,
,2018-10-16 13:29:29,208002.0,8850.0,,,118.0,TDM 48,4.66,2018-11-02 13:49:20.430000000,11030.0,2.0,2018-10-16,2018-10-16 13:29:31.392,13,29,29,13.491389,
,2018-10-16 13:34:38,208002.0,11050.0,,,118.0,TDM 48,5.82,2018-11-02 13:49:20.437000000,11030.0,2.0,2018-10-16,2018-10-16 13:33:53.536,13,34,38,13.577222,
,2018-10-16 13:41:43,208001.0,2500.0,,,118.0,TDM 48,1.32,2018-11-02 13:49:20.443000000,11030.0,2.0,2018-10-16,2018-10-16 13:42:37.824,13,41,43,13.695278,
,2018-10-16 13:47:47,208001.0,6650.0,,,118.0,TDM 48,3.49,2018-11-02 13:49:20.450000000,11030.0,2.0,2018-10-16,2018-10-16 13:46:59.968,13,47,47,13.796389,
,2018-10-16 13:50:33,208001.0,8850.0,,,118.0,TDM 48,4.66,2018-11-02 13:49:20.457000000,11030.0,2.0,2018-10-16,2018-10-16 13:51:22.112,13,50,33,13.8425,
,2018-10-16 13:59:28,208001.0,8850.0,,,118.0,TDM 48,4.66,2018-11-02 13:49:20.460000000,11030.0,2.0,2018-10-16,2018-10-16 14:00:06.400,13,59,28,13.991111,
,2018-10-16 14:19:47,208009.0,6650.0,,,118.0,TDM 48,3.49,2018-11-02 13:49:20.467000000,11030.0,2.0,2018-10-16,2018-10-16 14:19:46.048,14,19,47,14.329722,
,2018-10-18 12:49:11,208001.0,2000.0,,,118.0,TDM 48,1.06,2018-11-02 13:49:20.473000000,11030.0,2.0,2018-10-18,2018-10-18 12:49:24.992,12,49,11,12.819722,
,2018-10-18 13:06:02,208001.0,8850.0,,,118.0,TDM 48,4.66,2018-11-02 13:49:20.487000000,11030.0,2.0,2018-10-18,2018-10-18 13:06:53.568,13,6,2,13.100555,
,2018-10-18 13:20:12,208001.0,13250.0,,,118.0,TDM 48,6.99,2018-11-02 13:49:20.490000000,11030.0,2.0,2018-10-18,2018-10-18 13:20:00.000,13,20,12,13.336667,
,2018-10-18 13:26:03,208001.0,3000.0,,,118.0,TDM 48,1.59,2018-11-02 13:49:20.497000000,11030.0,2.0,2018-10-18,2018-10-18 13:26:33.216,13,26,3,13.434167,
,2018-10-23 08:27:47,376045.0,2000.0,,,118.0,TDM 48,1.06,2018-11-02 13:49:20.517000000,11030.0,2.0,2018-10-23,2018-10-23 08:27:29.664,8,27,47,8.463056,
,2018-10-24 07:06:28,376110.0,1500.0,,,118.0,TDM 48,0.79,2018-11-02 13:49:20.520000000,11030.0,2.0,2018-10-24,2018-10-24 07:06:16.448,7,6,28,7.1077776,
,2018-10-24 07:10:51,376110.0,1500.0,,,118.0,TDM 48,0.79,2018-11-02 13:49:20.527000000,11030.0,2.0,2018-10-24,2018-10-24 07:10:38.592,7,10,51,7.1808333,
,2018-10-26 07:32:44,376094.0,2000.0,,,118.0,TDM 48,1.06,2018-11-02 13:49:20.533000000,11030.0,2.0,2018-10-26,2018-10-26 07:31:42.208,7,32,44,7.5455556,
,2018-10-29 07:29:36,376110.0,1500.0,,,118.0,TDM 48,0.79,2018-11-02 13:49:20.540000000,11030.0,2.0,2018-10-29,2018-10-29 07:30:31.552,7,29,36,7.4933333,
,2018-10-29 07:51:27,376078.0,2000.0,,,118.0,TDM 48,1.06,2018-11-02 13:49:20.547000000,11030.0,2.0,2018-10-29,2018-10-29 07:52:22.272,7,51,27,7.8575,
,2018-11-01 07:50:19,376096.0,1500.0,,,118.0,TDM 48,0.79,2018-11-02 13:49:20.550000000,11030.0,2.0,2018-11-01,2018-11-01 07:51:11.616,7,50,19,7.838611,
,2018-11-02 08:30:07,376072.0,1500.0,,,118.0,TDM 48,0.79,2018-11-02 13:49:20.557000000,11030.0,2.0,2018-11-02,2018-11-02 08:30:07.360,8,30,7,8.501945,
,2018-11-01 09:27:04,679072.0,2500.0,,,93.0,TDM 24,1.32,2018-11-02 13:53:47.640000000,11031.0,2.0,2018-11-01,2018-11-01 09:27:18.784,9,27,4,9.451111,
,2018-10-29 09:02:01,679081.0,2000.0,,,93.0,TDM 24,1.06,2018-11-02 13:53:47.650000000,11031.0,2.0,2018-10-29,2018-10-29 09:02:16.576,9,2,1,9.033611,
,2018-10-26 13:19:06,505014.0,2500.0,,,88.0,TDM 19,1.32,2018-11-02 14:02:53.010000000,11032.0,2.0,2018-10-26,2018-10-26 13:19:02.656,13,19,6,13.318334,
,2018-10-26 13:27:35,388179.0,2500.0,,,88.0,TDM 19,1.32,2018-11-02 14:02:53.017000000,11032.0,2.0,2018-10-26,2018-10-26 13:27:46.944,13,27,35,13.4597225,
,2018-10-26 13:31:53,688096.0,1500.0,,,88.0,TDM 19,0.79,2018-11-02 14:02:53.023000000,11032.0,2.0,2018-10-26,2018-10-26 13:32:09.088,13,31,53,13.531389,
,2018-10-26 13:37:11,888133.0,3000.0,,,88.0,TDM 19,1.59,2018-11-02 14:02:53.030000000,11032.0,2.0,2018-10-26,2018-10-26 13:36:31.232,13,37,11,13.619722,
,2018-10-26 13:41:57,387079.0,1500.0,,,88.0,TDM 19,0.79,2018-11-02 14:02:53.033000000,11032.0,2.0,2018-10-26,2018-10-26 13:40:53.376,13,41,57,13.699166,
,2018-10-26 13:47:29,387090.0,3000.0,,,88.0,TDM 19,1.59,2018-11-02 14:02:53.040000000,11032.0,2.0,2018-10-26,2018-10-26 13:47:26.592,13,47,29,13.7913885,
,2018-10-27 10:29:27,702097.0,2000.0,,,88.0,TDM 19,1.06,2018-11-02 14:02:53.047000000,11032.0,2.0,2018-10-27,2018-10-27 10:30:26.560,10,29,27,10.490833,
,2018-10-27 10:31:53,702099.0,2000.0,,,88.0,TDM 19,1.06,2018-11-02 14:02:53.060000000,11032.0,2.0,2018-10-27,2018-10-27 10:32:37.632,10,31,53,10.531389,
,2018-10-27 11:47:41,385105.0,2000.0,,,88.0,TDM 19,1.06,2018-11-02 14:02:53.063000000,11032.0,2.0,2018-10-27,2018-10-27 11:46:54.080,11,47,41,11.794723,
,2018-10-27 12:11:30,387148.0,2000.0,,,88.0,TDM 19,1.06,2018-11-02 14:02:53.070000000,11032.0,2.0,2018-10-27,2018-10-27 12:10:55.872,12,11,30,12.191667,
,2018-10-30 09:30:12,702043.0,3000.0,,,88.0,TDM 19,1.59,2018-11-02 14:02:53.077000000,11032.0,2.0,2018-10-30,2018-10-30 09:30:16.960,9,30,12,9.503333,
,2018-10-30 09:31:39,702044.0,2000.0,,,88.0,TDM 19,1.06,2018-11-02 14:02:53.083000000,11032.0,2.0,2018-10-30,2018-10-30 09:32:28.032,9,31,39,9.5275,
,2018-10-30 09:51:15,702072.0,2500.0,,,88.0,TDM 19,1.32,2018-11-02 14:02:53.090000000,11032.0,2.0,2018-10-30,2018-10-30 09:52:07.680,9,51,15,9.854167,
,2018-10-30 10:06:55,702124.0,2000.0,,,88.0,TDM 19,1.06,2018-11-02 14:02:53.093000000,11032.0,2.0,2018-10-30,2018-10-30 10:07:25.184,10,6,55,10.115278,
,2018-10-30 11:10:03,702119.0,1500.0,,,88.0,TDM 19,0.79,2018-11-02 14:02:53.100000000,11032.0,2.0,2018-10-30,2018-10-30 11:10:46.272,11,10,3,11.1675,
,2018-11-01 08:21:23,702113.0,1500.0,,,88.0,TDM 19,0.79,2018-11-02 14:02:53.107000000,11032.0,2.0,2018-11-01,2018-11-01 08:21:46.624,8,21,23,8.356389,
,2018-11-01 11:55:00,508259.0,3000.0,,,88.0,TDM 19,1.59,2018-11-02 14:02:53.113000000,11032.0,2.0,2018-11-01,2018-11-01 11:55:51.680,11,55,0,11.916667,
,2018-11-01 12:01:55,508187.0,3000.0,,,88.0,TDM 19,1.59,2018-11-02 14:02:53.120000000,11032.0,2.0,2018-11-01,2018-11-01 12:02:24.896,12,1,55,12.031944,
,2018-11-01 12:12:27,387066.0,3000.0,,,88.0,TDM 19,1.59,2018-11-02 14:02:53.123000000,11032.0,2.0,2018-11-01,2018-11-01 12:13:20.256,12,12,27,12.2075,
,2018-11-01 12:23:08,503059.0,2000.0,,,88.0,TDM 19,1.06,2018-11-02 14:02:53.130000000,11032.0,2.0,2018-11-01,2018-11-01 12:22:04.544,12,23,8,12.385555,
,2018-11-01 12:33:06,503094.0,2000.0,,,88.0,TDM 19,1.06,2018-11-02 14:02:53.137000000,11032.0,2.0,2018-11-01,2018-11-01 12:32:59.904,12,33,6,12.551666,
,2018-10-29 06:48:27,628046.0,2000.0,,,123.0,TDM 53,1.06,2018-11-02 14:07:23.820000000,11033.0,2.0,2018-10-29,2018-10-29 06:49:01.184,6,48,27,6.8075,
,2018-10-30 07:33:17,537288.0,2000.0,,,123.0,TDM 53,1.06,2018-11-02 14:07:23.840000000,11033.0,2.0,2018-10-30,2018-10-30 07:32:19.072,7,33,17,7.5547223,
,2018-10-30 08:13:47,537076.0,1500.0,,,123.0,TDM 53,0.79,2018-11-02 14:07:23.847000000,11033.0,2.0,2018-10-30,2018-10-30 08:13:49.440,8,13,47,8.229722,
,2018-11-02 05:51:56,594055.0,6650.0,,,80.0,TDM11,3.49,2018-11-02 14:17:07.730000000,11034.0,2.0,2018-11-02,2018-11-02 05:52:50.176,5,51,56,5.865556,
,2018-10-29 10:24:26,309116.0,3000.0,,,98.0,TDM 29,1.59,2018-11-02 14:22:21.133000000,11035.0,2.0,2018-10-29,2018-10-29 10:25:17.312,10,24,26,10.407222,
,2018-10-30 07:18:26,306140.0,2500.0,,,98.0,TDM 29,1.32,2018-11-02 14:22:21.140000000,11035.0,2.0,2018-10-30,2018-10-30 07:19:12.640,7,18,26,7.3072224,
,2018-10-30 15:17:14,614130.0,2000.0,,,98.0,TDM 29,1.06,2018-11-02 14:22:21.147000000,11035.0,2.0,2018-10-30,2018-10-30 15:17:37.408,15,17,14,15.287222,
,2018-11-01 09:41:15,309134.0,2000.0,,,98.0,TDM 29,1.06,2018-11-02 14:22:21.153000000,11035.0,2.0,2018-11-01,2018-11-01 09:40:25.216,9,41,15,9.6875,
,2018-11-01 10:03:53,309162.0,2000.0,,,98.0,TDM 29,1.06,2018-11-02 14:22:21.160000000,11035.0,2.0,2018-11-01,2018-11-01 10:04:27.008,10,3,53,10.064722,
,2018-11-01 13:37:12,614102.0,3000.0,,,98.0,TDM 29,1.59,2018-11-02 14:22:21.163000000,11035.0,2.0,2018-11-01,2018-11-01 13:36:20.992,13,37,12,13.62,
,2018-10-31 18:52:14,539131.0,2500.0,,,72.0,TDM 3,1.32,2018-11-05 11:29:11.180000000,11036.0,2.0,2018-10-31,2018-10-31 18:51:18.912,18,52,14,18.870556,
,2018-11-01 07:53:31,539057.0,3000.0,,,72.0,TDM 3,1.59,2018-11-05 11:29:11.183000000,11036.0,2.0,2018-11-01,2018-11-01 07:53:22.688,7,53,31,7.8919444,
,2018-11-02 12:57:47,539059.0,3000.0,,,72.0,TDM 3,1.59,2018-11-05 11:29:11.190000000,11036.0,2.0,2018-11-02,2018-11-02 12:58:49.216,12,57,47,12.963056,
,2018-11-02 13:28:06,539072.0,3000.0,,,72.0,TDM 3,1.59,2018-11-05 11:29:11.193000000,11036.0,2.0,2018-11-02,2018-11-02 13:27:13.152,13,28,6,13.468333,
,2018-11-04 21:22:26,539017.0,1500.0,,,72.0,TDM 3,0.79,2018-11-05 11:29:11.200000000,11036.0,2.0,2018-11-04,2018-11-04 21:22:39.744,21,22,26,21.373888,
,2018-11-04 21:28:27,539093.0,1500.0,,,72.0,TDM 3,0.79,2018-11-05 11:29:11.207000000,11036.0,2.0,2018-11-04,2018-11-04 21:29:12.960,21,28,27,21.474167,
,2018-10-22 08:42:40,382600.0,2500.0,,,44.0,,1.32,2018-11-05 11:38:47.200000000,11038.0,2.0,2018-10-22,2018-10-22 08:43:10.720,8,42,40,8.711111,
,2018-10-22 08:53:43,382601.0,0.0,,,44.0,,1.06,2018-11-05 11:38:47.213000000,11038.0,2.0,2018-10-22,2018-10-22 08:54:06.080,8,53,43,8.895278,
,2018-10-31 13:21:44,653052.0,0.0,,,44.0,,1.59,2018-11-05 11:38:47.220000000,11038.0,2.0,2018-10-31,2018-10-31 13:21:27.040,13,21,44,13.362223,
,2018-11-01 07:42:11,653045.0,1662800.0,,,44.0,,880.0,2018-11-05 11:38:47.223000000,11038.0,2.0,2018-11-01,2018-11-01 07:42:27.328,7,42,11,7.7030554,
,2018-11-01 14:45:49,653045.0,8850.0,,,44.0,,4.66,2018-11-05 11:38:47.230000000,11038.0,2.0,2018-11-01,2018-11-01 14:46:15.296,14,45,49,14.763611,
,2018-11-02 09:06:57,653024.0,2500.0,,,44.0,,1.32,2018-11-05 11:38:47.237000000,11038.0,2.0,2018-11-02,2018-11-02 09:07:15.584,9,6,57,9.115833,
,2018-11-02 09:18:06,653110.0,3000.0,,,44.0,,1.59,2018-11-05 11:38:47.240000000,11038.0,2.0,2018-11-02,2018-11-02 09:18:10.944,9,18,6,9.301666,
,2018-11-03 09:06:46,653134.0,0.0,,,44.0,,1.06,2018-11-05 11:38:47.247000000,11038.0,2.0,2018-11-03,2018-11-03 09:06:52.032,9,6,46,9.112778,
,2018-11-03 09:18:34,653143.0,3000.0,,,44.0,,1.59,2018-11-05 11:38:47.253000000,11038.0,2.0,2018-11-03,2018-11-03 09:17:47.392,9,18,34,9.309444,
,2018-11-03 09:41:37,653145.0,2000.0,,,44.0,,1.06,2018-11-05 11:38:47.260000000,11038.0,2.0,2018-11-03,2018-11-03 09:41:49.184,9,41,37,9.693611,
,2018-11-05 07:24:47,653041.0,2000.0,,,44.0,,1.06,2018-11-05 11:38:47.270000000,11038.0,2.0,2018-11-05,2018-11-05 07:25:35.616,7,24,47,7.4130554,
,2018-11-05 07:57:52,653019.0,1500.0,,,44.0,,0.79,2018-11-05 11:38:47.270000000,11038.0,2.0,2018-11-05,2018-11-05 07:58:21.696,7,57,52,7.9644446,
,2018-11-02 18:08:23,677099.0,2000.0,,,108.0,TDM 38,1.06,2018-11-05 11:46:27.987000000,11039.0,2.0,2018-11-02,2018-11-02 18:09:01.440,18,8,23,18.139723,
,2018-11-05 07:51:27,680015.0,2500.0,,,108.0,TDM 38,1.32,2018-11-05 11:46:27.997000000,11039.0,2.0,2018-11-05,2018-11-05 07:51:48.480,7,51,27,7.8575,
,2018-10-31 14:37:13,503112.0,3000.0,,,87.0,TDM 18,1.59,2018-11-05 11:57:05.687000000,11040.0,2.0,2018-10-31,2018-10-31 14:37:54.560,14,37,13,14.620277,
,2018-10-31 14:44:57,387170.0,3000.0,,,87.0,TDM 18,1.59,2018-11-05 11:57:05.693000000,11040.0,2.0,2018-10-31,2018-10-31 14:44:27.776,14,44,57,14.7491665,
,2018-11-02 08:51:21,566008.0,2000.0,,,76.0,TDM 7,1.06,2018-11-05 12:01:09.040000000,11041.0,2.0,2018-11-02,2018-11-02 08:51:58.080,8,51,21,8.855833,
,2018-11-03 08:48:28,566013.0,2000.0,,,76.0,TDM 7,1.06,2018-11-05 12:01:09.057000000,11041.0,2.0,2018-11-03,2018-11-03 08:49:23.456,8,48,28,8.807777,
,2018-11-03 08:53:35,566008.0,2000.0,,,76.0,TDM 7,1.06,2018-11-05 12:01:09.063000000,11041.0,2.0,2018-11-03,2018-11-03 08:53:45.600,8,53,35,8.893056,
,2018-11-05 06:27:42,566009.0,1500.0,,,76.0,TDM 7,0.79,2018-11-05 12:01:09.070000000,11041.0,2.0,2018-11-05,2018-11-05 06:26:36.672,6,27,42,6.4616666,
,2018-11-01 08:17:02,358019.0,0.0,,,105.0,TDM 36,1.32,2018-11-05 12:04:50.120000000,11042.0,2.0,2018-11-01,2018-11-01 08:17:24.480,8,17,2,8.283889,
,2018-11-01 09:13:55,358039.0,0.0,,,105.0,TDM 36,1.59,2018-11-05 12:04:50.130000000,11042.0,2.0,2018-11-01,2018-11-01 09:14:12.352,9,13,55,9.231944,
,2018-11-01 09:32:20,358020.0,0.0,,,105.0,TDM 36,0.79,2018-11-05 12:04:50.137000000,11042.0,2.0,2018-11-01,2018-11-01 09:31:40.928,9,32,20,9.538889,
,2018-11-02 08:04:22,358103.0,0.0,,,105.0,TDM 36,1.59,2018-11-05 12:04:50.140000000,11042.0,2.0,2018-11-02,2018-11-02 08:03:54.496,8,4,22,8.072778,
,2018-11-02 10:40:03,280005.0,1500.0,,,105.0,TDM 36,0.79,2018-11-05 12:04:50.147000000,11042.0,2.0,2018-11-02,2018-11-02 10:39:00.608,10,40,3,10.6675,
,2018-10-30 13:27:42,387135.0,2000.0,,,99.0,TDM 30,1.06,2018-11-05 12:16:08.270000000,11043.0,2.0,2018-10-30,2018-10-30 13:28:23.808,13,27,42,13.461667,
,2018-10-30 13:35:48,387153.0,2000.0,,,99.0,TDM 30,1.06,2018-11-05 12:16:08.273000000,11043.0,2.0,2018-10-30,2018-10-30 13:34:57.024,13,35,48,13.596666,
,2018-10-30 13:40:36,503106.0,1500.0,,,99.0,TDM 30,0.79,2018-11-05 12:16:08.280000000,11043.0,2.0,2018-10-30,2018-10-30 13:41:30.240,13,40,36,13.676666,
,2018-10-31 14:36:07,387202.0,2500.0,,,99.0,TDM 30,1.32,2018-11-05 12:16:08.287000000,11043.0,2.0,2018-10-31,2018-10-31 14:35:43.488,14,36,7,14.601944,
,2018-11-01 10:45:01,365076.0,2000.0,,,99.0,TDM 30,1.06,2018-11-05 12:16:08.293000000,11043.0,2.0,2018-11-01,2018-11-01 10:45:57.376,10,45,1,10.7502775,
,2018-11-02 09:49:34,365003.0,6650.0,,,99.0,TDM 30,3.49,2018-11-05 12:16:08.300000000,11043.0,2.0,2018-11-02,2018-11-02 09:48:45.952,9,49,34,9.826111,
,2018-10-31 13:51:19,311041.0,1500.0,,,73.0,TDM 4,0.79,2018-11-05 12:19:24.073000000,11044.0,2.0,2018-10-31,2018-10-31 13:52:02.048,13,51,19,13.855278,
,2018-10-31 15:15:34,311076.0,1500.0,,,73.0,TDM 4,0.79,2018-11-05 12:19:24.083000000,11044.0,2.0,2018-10-31,2018-10-31 15:15:02.784,15,15,34,15.259444,
,2018-11-01 11:38:03,311003.0,1500.0,,,73.0,TDM 4,0.79,2018-11-05 12:19:24.090000000,11044.0,2.0,2018-11-01,2018-11-01 11:38:23.104,11,38,3,11.634167,
,2018-11-01 11:53:44,311013.0,3000.0,,,73.0,TDM 4,1.59,2018-11-05 12:19:24.097000000,11044.0,2.0,2018-11-01,2018-11-01 11:53:40.608,11,53,44,11.8955555,
,2018-11-01 12:06:51,311026.0,3000.0,,,73.0,TDM 4,1.59,2018-11-05 12:19:24.100000000,11044.0,2.0,2018-11-01,2018-11-01 12:06:47.040,12,6,51,12.114166,
,2018-11-02 07:45:28,311004.0,1500.0,,,73.0,TDM 4,0.79,2018-11-05 12:19:24.107000000,11044.0,2.0,2018-11-02,2018-11-02 07:46:25.920,7,45,28,7.7577777,
,2018-11-05 08:12:52,311053.0,3000.0,,,73.0,TDM 4,1.59,2018-11-05 12:19:24.113000000,11044.0,2.0,2018-11-05,2018-11-05 08:13:39.200,8,12,52,8.214444,
,2018-11-05 08:53:07,311005.0,2500.0,,,73.0,TDM 4,1.32,2018-11-05 12:19:24.120000000,11044.0,2.0,2018-11-05,2018-11-05 08:52:58.496,8,53,7,8.885278,
,2018-11-05 09:15:04,311063.0,2000.0,,,73.0,TDM 4,1.06,2018-11-05 12:19:24.127000000,11044.0,2.0,2018-11-05,2018-11-05 09:14:49.216,9,15,4,9.251111,
,2018-11-05 09:18:58,311062.0,2000.0,,,73.0,TDM 4,1.06,2018-11-05 12:19:24.130000000,11044.0,2.0,2018-11-05,2018-11-05 09:19:11.360,9,18,58,9.316112,
,2018-11-01 08:32:45,303077.0,1500.0,,,97.0,TDM 28,0.79,2018-11-05 12:23:09.950000000,11045.0,2.0,2018-11-01,2018-11-01 08:32:41.984,8,32,45,8.545834,
,2018-11-02 06:02:07,303084.0,2500.0,,,97.0,TDM 28,1.32,2018-11-05 12:23:09.957000000,11045.0,2.0,2018-11-02,2018-11-02 06:01:34.464,6,2,7,6.035278,
,2018-11-02 06:08:53,303083.0,3000.0,,,97.0,TDM 28,1.59,2018-11-05 12:23:09.963000000,11045.0,2.0,2018-11-02,2018-11-02 06:08:07.680,6,8,53,6.1480556,
,2018-11-03 08:50:36,303031.0,1500.0,,,97.0,TDM 28,0.79,2018-11-05 12:23:09.970000000,11045.0,2.0,2018-11-03,2018-11-03 08:51:34.528,8,50,36,8.843333,
,2018-11-05 08:15:49,303038.0,2500.0,,,97.0,TDM 28,1.32,2018-11-05 12:23:09.977000000,11045.0,2.0,2018-11-05,2018-11-05 08:15:50.272,8,15,49,8.263611,
,2018-11-05 08:22:11,303085.0,1500.0,,,97.0,TDM 28,0.79,2018-11-05 12:23:09.980000000,11045.0,2.0,2018-11-05,2018-11-05 08:22:23.488,8,22,11,8.369722,
,2018-10-24 13:19:53,208001.0,8850.0,,,84.0,TDM 15,4.66,2018-11-05 12:26:48.730000000,11046.0,2.0,2018-10-24,2018-10-24 13:19:49.760,13,19,53,13.331388,
,2018-10-24 13:28:58,208001.0,8850.0,,,84.0,TDM 15,4.66,2018-11-05 12:26:48.747000000,11046.0,2.0,2018-10-24,2018-10-24 13:28:34.048,13,28,58,13.482778,
,2018-10-24 13:39:29,208001.0,13250.0,,,84.0,TDM 15,6.99,2018-11-05 12:26:48.753000000,11046.0,2.0,2018-10-24,2018-10-24 13:39:29.408,13,39,29,13.658055,
,2018-10-24 13:42:38,208001.0,1500.0,,,84.0,TDM 15,0.79,2018-11-05 12:26:48.760000000,11046.0,2.0,2018-10-24,2018-10-24 13:41:40.480,13,42,38,13.710556,
,2018-10-24 13:44:44,208002.0,1500.0,,,84.0,TDM 15,0.79,2018-11-05 12:26:48.763000000,11046.0,2.0,2018-10-24,2018-10-24 13:43:51.552,13,44,44,13.745556,
,2018-10-24 14:09:51,208001.0,3000.0,,,84.0,TDM 15,1.59,2018-11-05 12:26:48.773000000,11046.0,2.0,2018-10-24,2018-10-24 14:10:04.416,14,9,51,14.164166,
,2018-10-30 18:10:07,213055.0,3000.0,,,84.0,TDM 15,1.59,2018-11-05 12:26:48.780000000,11046.0,2.0,2018-10-30,2018-10-30 18:10:12.096,18,10,7,18.168612,
,2018-10-31 17:58:11,213050.0,2000.0,,,84.0,TDM 15,1.06,2018-11-05 12:26:48.787000000,11046.0,2.0,2018-10-31,2018-10-31 17:58:53.184,17,58,11,17.969723,
,2018-11-01 18:48:52,213014.0,1500.0,,,84.0,TDM 15,0.79,2018-11-05 12:26:48.790000000,11046.0,2.0,2018-11-01,2018-11-01 18:48:44.288,18,48,52,18.814444,
,2018-11-02 09:54:54,213012.0,2500.0,,,84.0,TDM 15,1.32,2018-11-05 12:26:48.797000000,11046.0,2.0,2018-11-02,2018-11-02 09:55:19.168,9,54,54,9.915,
,2018-11-02 10:17:43,213028.0,1500.0,,,84.0,TDM 15,0.79,2018-11-05 12:26:48.803000000,11046.0,2.0,2018-11-02,2018-11-02 10:17:09.888,10,17,43,10.295278,
,2018-11-02 10:38:34,213020.0,2000.0,,,84.0,TDM 15,1.06,2018-11-05 12:26:48.810000000,11046.0,2.0,2018-11-02,2018-11-02 10:39:00.608,10,38,34,10.642777,
,2018-11-02 10:57:27,213060.0,2500.0,,,84.0,TDM 15,1.32,2018-11-05 12:26:48.817000000,11046.0,2.0,2018-11-02,2018-11-02 10:56:29.184,10,57,27,10.9575,
,2018-11-02 11:42:58,213100.0,2000.0,,,84.0,TDM 15,1.06,2018-11-05 12:26:48.823000000,11046.0,2.0,2018-11-02,2018-11-02 11:42:21.696,11,42,58,11.716111,
,2018-11-02 12:18:23,213139.0,2000.0,,,84.0,TDM 15,1.06,2018-11-05 12:26:48.827000000,11046.0,2.0,2018-11-02,2018-11-02 12:17:18.848,12,18,23,12.306389,
,2018-11-02 12:30:05,213197.0,1500.0,,,84.0,TDM 15,0.79,2018-11-05 12:26:48.833000000,11046.0,2.0,2018-11-02,2018-11-02 12:30:25.280,12,30,5,12.501389,
,2018-11-03 10:12:23,213135.0,2000.0,,,84.0,TDM 15,1.06,2018-11-05 12:26:48.840000000,11046.0,2.0,2018-11-03,2018-11-03 10:12:24.192,10,12,23,10.206388,
,2018-11-03 10:55:54,213181.0,2500.0,,,84.0,TDM 15,1.32,2018-11-05 12:26:48.847000000,11046.0,2.0,2018-11-03,2018-11-03 10:56:05.632,10,55,54,10.931666,
,2018-11-05 07:11:08,213059.0,2500.0,,,84.0,TDM 15,1.32,2018-11-05 12:26:48.853000000,11046.0,2.0,2018-11-05,2018-11-05 07:10:18.112,7,11,8,7.1855555,
,2018-11-01 09:59:04,362024.0,3000.0,,,100.0,TDM 31,1.59,2018-11-05 12:33:16.463000000,11047.0,2.0,2018-11-01,2018-11-01 10:00:04.864,9,59,4,9.984445,
,2018-11-01 10:24:22,362033.0,1500.0,,,100.0,TDM 31,0.79,2018-11-05 12:33:16.477000000,11047.0,2.0,2018-11-01,2018-11-01 10:24:06.656,10,24,22,10.406111,
,2018-11-05 08:29:23,362006.0,2000.0,,,100.0,TDM 31,1.06,2018-11-05 12:33:16.480000000,11047.0,2.0,2018-11-05,2018-11-05 08:28:56.704,8,29,23,8.489722,
,2018-11-05 08:31:40,362034.0,2000.0,,,100.0,TDM 31,1.06,2018-11-05 12:33:16.487000000,11047.0,2.0,2018-11-05,2018-11-05 08:31:07.776,8,31,40,8.527778,
,2018-11-05 08:33:15,362041.0,2000.0,,,100.0,TDM 31,1.06,2018-11-05 12:33:16.493000000,11047.0,2.0,2018-11-05,2018-11-05 08:33:18.848,8,33,15,8.554167,
,2018-11-05 08:34:53,362065.0,2500.0,,,100.0,TDM 31,1.32,2018-11-05 12:33:16.500000000,11047.0,2.0,2018-11-05,2018-11-05 08:35:29.920,8,34,53,8.581388,
,2018-10-31 07:47:40,509056.0,2000.0,,,102.0,TDM 33,1.06,2018-11-05 12:36:54.180000000,11048.0,2.0,2018-10-31,2018-10-31 07:47:13.024,7,47,40,7.7944446,
,2018-10-31 08:34:13,509035.0,2500.0,,,102.0,TDM 33,1.32,2018-11-05 12:36:54.190000000,11048.0,2.0,2018-10-31,2018-10-31 08:35:16.608,8,34,13,8.570278,
,2018-10-31 08:47:51,509027.0,2500.0,,,102.0,TDM 33,1.32,2018-11-05 12:36:54.197000000,11048.0,2.0,2018-10-31,2018-10-31 08:48:23.040,8,47,51,8.7975,
,2018-10-31 09:08:58,509088.0,2000.0,,,102.0,TDM 33,1.06,2018-11-05 12:36:54.200000000,11048.0,2.0,2018-10-31,2018-10-31 09:08:02.688,9,8,58,9.149445,
,2018-10-31 12:08:34,509036.0,2000.0,,,102.0,TDM 33,1.06,2018-11-05 12:36:54.210000000,11048.0,2.0,2018-10-31,2018-10-31 12:09:21.664,12,8,34,12.142777,
,2018-10-31 12:16:18,509037.0,1500.0,,,102.0,TDM 33,0.79,2018-11-05 12:36:54.213000000,11048.0,2.0,2018-10-31,2018-10-31 12:15:54.880,12,16,18,12.271667,
,2018-11-01 08:08:19,509004.0,2000.0,,,102.0,TDM 33,1.06,2018-11-05 12:36:54.220000000,11048.0,2.0,2018-11-01,2018-11-01 08:08:40.192,8,8,19,8.138611,
,2018-11-01 08:17:15,509003.0,6650.0,,,102.0,TDM 33,3.49,2018-11-05 12:36:54.227000000,11048.0,2.0,2018-11-01,2018-11-01 08:17:24.480,8,17,15,8.2875,
,2018-11-01 08:27:09,509025.0,2500.0,,,102.0,TDM 33,1.32,2018-11-05 12:36:54.230000000,11048.0,2.0,2018-11-01,2018-11-01 08:26:08.768,8,27,9,8.4525,
,2018-11-01 09:21:42,509100.0,2000.0,,,102.0,TDM 33,1.06,2018-11-05 12:36:54.237000000,11048.0,2.0,2018-11-01,2018-11-01 09:20:45.568,9,21,42,9.361667,
,2018-11-01 09:27:26,509102.0,2500.0,,,102.0,TDM 33,1.32,2018-11-05 12:36:54.243000000,11048.0,2.0,2018-11-01,2018-11-01 09:27:18.784,9,27,26,9.457222,
,2018-11-01 09:32:30,509105.0,2000.0,,,102.0,TDM 33,1.06,2018-11-05 12:36:54.250000000,11048.0,2.0,2018-11-01,2018-11-01 09:31:40.928,9,32,30,9.541667,
,2018-11-02 07:47:09,509050.0,2000.0,,,102.0,TDM 33,1.06,2018-11-05 12:36:54.257000000,11048.0,2.0,2018-11-02,2018-11-02 07:46:25.920,7,47,9,7.7858334,
,2018-11-02 08:12:08,509016.0,2000.0,,,102.0,TDM 33,1.06,2018-11-05 12:36:54.260000000,11048.0,2.0,2018-11-02,2018-11-02 08:12:38.784,8,12,8,8.202222,
,2018-11-02 13:01:43,208001.0,1500.0,,,102.0,TDM 33,0.79,2018-11-05 12:36:54.267000000,11048.0,2.0,2018-11-02,2018-11-02 13:01:00.288,13,1,43,13.028611,
,2018-11-05 07:36:56,509015.0,3000.0,,,102.0,TDM 33,1.59,2018-11-05 12:36:54.273000000,11048.0,2.0,2018-11-05,2018-11-05 07:36:30.976,7,36,56,7.615556,
,2018-10-30 08:39:30,513066.0,1500.0,,,89.0,TDM 20,0.79,2018-11-05 12:41:41.737000000,11049.0,2.0,2018-10-30,2018-10-30 08:40:02.304,8,39,30,8.658334,
,2018-10-30 09:16:42,513087.0,1500.0,,,89.0,TDM 20,0.79,2018-11-05 12:41:41.747000000,11049.0,2.0,2018-10-30,2018-10-30 09:17:10.528,9,16,42,9.278334,
,2018-11-05 07:20:33,513034.0,0.0,,,89.0,TDM 20,1.32,2018-11-05 12:41:41.750000000,11049.0,2.0,2018-11-05,2018-11-05 07:21:13.472,7,20,33,7.3425,
,2018-10-30 12:38:27,326032.0,2500.0,,,103.0,TDM 34,1.32,2018-11-05 12:44:38.083000000,11050.0,2.0,2018-10-30,2018-10-30 12:38:09.152,12,38,27,12.640833,
,2018-10-31 07:39:24,326058.0,3000.0,,,103.0,TDM 34,1.59,2018-11-05 12:44:38.093000000,11050.0,2.0,2018-10-31,2018-10-31 07:38:28.736,7,39,24,7.6566668,
,2018-11-02 05:58:05,326066.0,2000.0,,,103.0,TDM 34,1.06,2018-11-05 12:44:38.100000000,11050.0,2.0,2018-11-02,2018-11-02 05:57:12.320,5,58,5,5.9680557,
,2018-11-02 07:40:21,326071.0,2500.0,,,103.0,TDM 34,1.32,2018-11-05 12:44:38.103000000,11050.0,2.0,2018-11-02,2018-11-02 07:39:52.704,7,40,21,7.6725,
,2018-11-02 09:56:53,326004.0,1500.0,,,103.0,TDM 34,0.79,2018-11-05 12:44:38.110000000,11050.0,2.0,2018-11-02,2018-11-02 09:57:30.240,9,56,53,9.948055,
,2018-11-05 10:05:42,326071.0,2500.0,,,103.0,TDM 34,1.32,2018-11-05 12:44:38.117000000,11050.0,2.0,2018-11-05,2018-11-05 10:05:03.872,10,5,42,10.095,
,2018-11-05 10:22:48,326071.0,2500.0,,,103.0,TDM 34,1.32,2018-11-05 12:44:38.123000000,11050.0,2.0,2018-11-05,2018-11-05 10:22:32.448,10,22,48,10.38,
,2018-10-30 10:52:29,603032.0,2000.0,,,96.0,TDM 27,1.06,2018-11-05 12:47:25.257000000,11051.0,2.0,2018-10-30,2018-10-30 10:53:17.696,10,52,29,10.8747225,
,2018-11-01 06:56:34,621163.0,2500.0,,,71.0,TDM 2,1.32,2018-11-05 12:52:27.783000000,11052.0,2.0,2018-11-01,2018-11-01 06:56:34.816,6,56,34,6.9427776,
,2018-11-01 08:21:31,621050.0,3000.0,,,71.0,TDM 2,1.59,2018-11-05 12:52:27.793000000,11052.0,2.0,2018-11-01,2018-11-01 08:21:46.624,8,21,31,8.358611,
,2018-11-02 07:35:29,621086.0,1500.0,,,71.0,TDM 2,0.79,2018-11-05 12:52:27.807000000,11052.0,2.0,2018-11-02,2018-11-02 07:35:30.560,7,35,29,7.5913887,
,2018-11-02 08:00:25,621057.0,1500.0,,,71.0,TDM 2,0.79,2018-11-05 12:52:27.813000000,11052.0,2.0,2018-11-02,2018-11-02 07:59:32.352,8,0,25,8.006945,
,2018-11-02 09:27:16,621107.0,1500.0,,,71.0,TDM 2,0.79,2018-11-05 12:52:27.820000000,11052.0,2.0,2018-11-02,2018-11-02 09:26:55.232,9,27,16,9.454445,
,2018-11-05 07:20:50,621039.0,2000.0,,,71.0,TDM 2,1.06,2018-11-05 12:52:27.823000000,11052.0,2.0,2018-11-05,2018-11-05 07:21:13.472,7,20,50,7.3472223,
,2018-11-05 08:20:17,621073.0,2000.0,,,71.0,TDM 2,1.06,2018-11-05 12:52:27.830000000,11052.0,2.0,2018-11-05,2018-11-05 08:20:12.416,8,20,17,8.338056,
,2018-11-05 08:34:02,621158.0,3000.0,,,71.0,TDM 2,1.59,2018-11-05 12:52:27.837000000,11052.0,2.0,2018-11-05,2018-11-05 08:33:18.848,8,34,2,8.567223,
,2018-11-05 09:17:48,621062.0,2500.0,,,71.0,TDM 2,1.32,2018-11-05 12:52:27.843000000,11052.0,2.0,2018-11-05,2018-11-05 09:17:00.288,9,17,48,9.296667,
,2018-11-02 09:59:26,505003.0,1500.0,,,107.0,TDM 37,0.79,2018-11-05 12:57:19.383000000,11053.0,2.0,2018-11-02,2018-11-02 09:59:41.312,9,59,26,9.990556,
,2018-11-02 10:01:04,505003.0,1500.0,,,107.0,TDM 37,0.79,2018-11-05 12:57:19.400000000,11053.0,2.0,2018-11-02,2018-11-02 10:01:52.384,10,1,4,10.017777,
,2018-11-02 10:07:53,505003.42,1500.0,,,107.0,TDM 37,0.79,2018-11-05 12:57:19.407000000,11053.0,2.0,2018-11-02,2018-11-02 10:08:25.600,10,7,53,10.131389,
,2018-11-02 10:23:55,505003.0,1500.0,,,107.0,TDM 37,0.79,2018-11-05 12:57:19.413000000,11053.0,2.0,2018-11-02,2018-11-02 10:23:43.104,10,23,55,10.398611,
,2018-11-02 11:33:56,505003.0,1500.0,,,107.0,TDM 37,0.79,2018-11-05 12:57:19.420000000,11053.0,2.0,2018-11-02,2018-11-02 11:33:37.408,11,33,56,11.565556,
,2018-11-02 11:43:02,505003.0,1500.0,,,107.0,TDM 37,0.79,2018-11-05 12:57:19.423000000,11053.0,2.0,2018-11-02,2018-11-02 11:42:21.696,11,43,2,11.717222,
,2018-11-02 12:23:43,505091.0,1500.0,,,107.0,TDM 37,0.79,2018-11-05 12:57:19.430000000,11053.0,2.0,2018-11-02,2018-11-02 12:23:52.064,12,23,43,12.395278,
,2018-11-03 11:54:41,505124.0,2000.0,,,107.0,TDM 37,1.06,2018-11-05 12:57:19.437000000,11053.0,2.0,2018-11-03,2018-11-03 11:55:04.576,11,54,41,11.911389,
,2018-11-07 07:00:52,603021.0,2000.0,,,96.0,TDM 27,1.06,2018-11-12 11:53:06.270000000,11057.0,2.0,2018-11-07,2018-11-07 07:00:46.720,7,0,52,7.0144444,
,2018-11-07 08:14:55,603120.0,3000.0,,,96.0,TDM 27,1.59,2018-11-12 11:53:06.273000000,11057.0,2.0,2018-11-07,2018-11-07 08:15:03.168,8,14,55,8.248611,
,2018-11-09 07:04:03,603088.0,1500.0,,,96.0,TDM 27,0.79,2018-11-12 11:53:06.280000000,11057.0,2.0,2018-11-09,2018-11-09 07:04:21.760,7,4,3,7.0675,
,2018-11-11 06:16:28,603062.0,13250.0,,,96.0,TDM 27,6.99,2018-11-12 11:53:06.283000000,11057.0,2.0,2018-11-11,2018-11-11 06:15:31.072,6,16,28,6.2744446,
,2018-11-08 07:51:11,509109.0,2500.0,,,102.0,TDM 33,1.32,2018-11-12 11:56:43.150000000,11058.0,2.0,2018-11-08,2018-11-08 07:50:37.824,7,51,11,7.8530555,
,2018-11-08 08:47:57,509097.0,2000.0,,,102.0,TDM 33,1.06,2018-11-12 11:56:43.167000000,11058.0,2.0,2018-11-08,2018-11-08 08:47:25.696,8,47,57,8.799167,
,2018-11-08 09:30:50,509186.0,1500.0,,,102.0,TDM 33,0.79,2018-11-12 11:56:43.170000000,11058.0,2.0,2018-11-08,2018-11-08 09:31:07.136,9,30,50,9.513889,
,2018-11-09 08:44:34,509119.0,3000.0,,,102.0,TDM 33,1.59,2018-11-12 11:56:43.177000000,11058.0,2.0,2018-11-09,2018-11-09 08:44:51.072,8,44,34,8.742778,
,2018-11-12 08:42:20,509120.0,1500.0,,,102.0,TDM 33,0.79,2018-11-12 11:56:43.183000000,11058.0,2.0,2018-11-12,2018-11-12 08:41:29.344,8,42,20,8.705556,
,2018-11-08 10:59:53,208001.0,6650.0,,,89.0,TDM 20,3.49,2018-11-12 11:59:36.440000000,11059.0,2.0,2018-11-08,2018-11-08 11:00:41.088,10,59,53,10.998055,
,2018-11-08 16:15:06,513008.0,0.0,,,89.0,TDM 20,1.06,2018-11-12 11:59:36.447000000,11059.0,2.0,2018-11-08,2018-11-08 16:15:15.456,16,15,6,16.251667,
,2018-11-09 07:17:23,513095.0,0.0,,,89.0,TDM 20,1.59,2018-11-12 11:59:36.453000000,11059.0,2.0,2018-11-09,2018-11-09 07:17:28.192,7,17,23,7.2897224,
,2018-11-09 09:16:51,513094.0,0.0,,,89.0,TDM 20,1.32,2018-11-12 11:59:36.460000000,11059.0,2.0,2018-11-09,2018-11-09 09:17:37.152,9,16,51,9.280833,
,2018-11-09 08:33:15,365072.0,6650.0,,,99.0,TDM 30,3.49,2018-11-12 12:03:03.237000000,11060.0,2.0,2018-11-09,2018-11-09 08:33:55.712,8,33,15,8.554167,
,2018-11-12 06:05:49,365011.0,2500.0,,,99.0,TDM 30,1.32,2018-11-12 12:03:03.243000000,11060.0,2.0,2018-11-12,2018-11-12 06:06:23.232,6,5,49,6.0969443,
,2018-11-06 11:48:20,326033.0,2500.0,,,103.0,TDM 34,1.32,2018-11-12 12:06:04.203000000,11061.0,2.0,2018-11-06,2018-11-06 11:47:20.704,11,48,20,11.805555,
,2018-11-06 14:28:02,326067.0,1500.0,,,103.0,TDM 34,0.79,2018-11-12 12:06:04.213000000,11061.0,2.0,2018-11-06,2018-11-06 14:29:00.032,14,28,2,14.467222,
,2018-11-06 16:24:48,326025.0,3000.0,,,103.0,TDM 34,1.59,2018-11-12 12:06:04.220000000,11061.0,2.0,2018-11-06,2018-11-06 16:24:46.848,16,24,48,16.413334,
,2018-11-07 09:44:39,208001.0,6650.0,,,103.0,TDM 34,3.49,2018-11-12 12:06:04.227000000,11061.0,2.0,2018-11-07,2018-11-07 09:44:37.120,9,44,39,9.744166,
,2018-11-08 06:56:26,326063.0,1500.0,,,103.0,TDM 34,0.79,2018-11-12 12:06:04.230000000,11061.0,2.0,2018-11-08,2018-11-08 06:56:01.024,6,56,26,6.9405556,
,2018-11-09 06:19:46,326011.0,2500.0,,,103.0,TDM 34,1.32,2018-11-12 12:06:04.237000000,11061.0,2.0,2018-11-09,2018-11-09 06:20:40.320,6,19,46,6.3294444,
,2018-11-09 06:30:27,326049.0,1500.0,,,103.0,TDM 34,0.79,2018-11-12 12:06:04.243000000,11061.0,2.0,2018-11-09,2018-11-09 06:29:24.608,6,30,27,6.5075,
,2018-11-09 11:02:15,326011.0,2500.0,,,103.0,TDM 34,1.32,2018-11-12 12:06:04.250000000,11061.0,2.0,2018-11-09,2018-11-09 11:02:28.608,11,2,15,11.0375,
,2018-11-09 11:06:53,326011.0,2500.0,,,103.0,TDM 34,1.32,2018-11-12 12:06:04.257000000,11061.0,2.0,2018-11-09,2018-11-09 11:06:50.752,11,6,53,11.114722,
,2018-11-09 11:12:27,326049.0,1500.0,,,103.0,TDM 34,0.79,2018-11-12 12:06:04.263000000,11061.0,2.0,2018-11-09,2018-11-09 11:13:23.968,11,12,27,11.2075,
,2018-11-09 14:55:14,508179.0,2500.0,,,103.0,TDM 34,1.32,2018-11-12 12:06:04.270000000,11061.0,2.0,2018-11-09,2018-11-09 14:56:13.312,14,55,14,14.920555,
,2018-11-10 09:53:55,326053.0,3000.0,,,103.0,TDM 34,1.59,2018-11-12 12:06:04.273000000,11061.0,2.0,2018-11-10,2018-11-10 09:54:21.824,9,53,55,9.898611,
,2018-11-12 06:52:18,326019.0,1500.0,,,103.0,TDM 34,0.79,2018-11-12 12:06:04.280000000,11061.0,2.0,2018-11-12,2018-11-12 06:52:15.744,6,52,18,6.8716664,
,2018-11-12 10:16:20,326068.0,2000.0,,,103.0,TDM 34,1.06,2018-11-12 12:06:04.287000000,11061.0,2.0,2018-11-12,2018-11-12 10:15:25.440,10,16,20,10.2722225,
,2018-11-12 10:21:10,326019.0,1500.0,,,103.0,TDM 34,0.79,2018-11-12 12:06:04.293000000,11061.0,2.0,2018-11-12,2018-11-12 10:21:58.656,10,21,10,10.3527775,
,2018-11-12 10:24:44,326041.0,2000.0,,,103.0,TDM 34,1.06,2018-11-12 12:06:04.300000000,11061.0,2.0,2018-11-12,2018-11-12 10:24:09.728,10,24,44,10.412222,
,2018-11-12 10:30:54,326041.0,2000.0,,,103.0,TDM 34,1.06,2018-11-12 12:06:04.303000000,11061.0,2.0,2018-11-12,2018-11-12 10:30:42.944,10,30,54,10.515,
,2018-11-12 10:34:25,326079.0,2500.0,,,103.0,TDM 34,1.32,2018-11-12 12:06:04.310000000,11061.0,2.0,2018-11-12,2018-11-12 10:35:05.088,10,34,25,10.573611,
,2018-11-02 14:35:42,381018.0,2500.0,,,90.0,TDM 21,1.32,2018-11-12 12:09:56.173000000,11062.0,2.0,2018-11-02,2018-11-02 14:34:56.384,14,35,42,14.595,
,2018-11-02 14:47:48,381099.0,3000.0,,,90.0,TDM 21,1.59,2018-11-12 12:09:56.187000000,11062.0,2.0,2018-11-02,2018-11-02 14:48:02.816,14,47,48,14.796667,
,2018-11-05 16:15:07,381051.0,2000.0,,,90.0,TDM 21,1.06,2018-11-12 12:09:56.190000000,11062.0,2.0,2018-11-05,2018-11-05 16:14:15.040,16,15,7,16.251944,
,2018-11-06 12:10:48,381180.0,1500.0,,,90.0,TDM 21,0.79,2018-11-12 12:09:56.197000000,11062.0,2.0,2018-11-06,2018-11-06 12:11:22.496,12,10,48,12.18,
,2018-11-06 12:13:23,381180.0,1500.0,,,90.0,TDM 21,0.79,2018-11-12 12:09:56.203000000,11062.0,2.0,2018-11-06,2018-11-06 12:13:33.568,12,13,23,12.223056,
,2018-11-06 12:24:23,381176.0,1500.0,,,90.0,TDM 21,0.79,2018-11-12 12:09:56.210000000,11062.0,2.0,2018-11-06,2018-11-06 12:24:28.928,12,24,23,12.406389,
,2018-11-06 13:36:59,381094.0,2000.0,,,90.0,TDM 21,1.06,2018-11-12 12:09:56.217000000,11062.0,2.0,2018-11-06,2018-11-06 13:36:34.304,13,36,59,13.616389,
,2018-11-07 12:15:22,381023.0,2000.0,,,90.0,TDM 21,1.06,2018-11-12 12:09:56.220000000,11062.0,2.0,2018-11-07,2018-11-07 12:15:21.088,12,15,22,12.256111,
,2018-11-07 12:17:34,381023.0,2000.0,,,90.0,TDM 21,1.06,2018-11-12 12:09:56.227000000,11062.0,2.0,2018-11-07,2018-11-07 12:17:32.160,12,17,34,12.292778,
,2018-11-07 12:27:10,381023.0,2000.0,,,90.0,TDM 21,1.06,2018-11-12 12:09:56.233000000,11062.0,2.0,2018-11-07,2018-11-07 12:26:16.448,12,27,10,12.452778,
,2018-11-07 12:51:51,381162.0,2000.0,,,90.0,TDM 21,1.06,2018-11-12 12:09:56.240000000,11062.0,2.0,2018-11-07,2018-11-07 12:52:29.312,12,51,51,12.864166,
,2018-11-07 13:22:23,381113.0,2000.0,,,90.0,TDM 21,1.06,2018-11-12 12:09:56.247000000,11062.0,2.0,2018-11-07,2018-11-07 13:23:04.320,13,22,23,13.373055,
,2018-11-09 12:15:53,381179.0,2500.0,,,90.0,TDM 21,1.32,2018-11-12 12:09:56.250000000,11062.0,2.0,2018-11-09,2018-11-09 12:16:45.056,12,15,53,12.264722,
,2018-11-10 12:50:04,381086.0,3000.0,,,90.0,TDM 21,1.59,2018-11-12 12:09:56.257000000,11062.0,2.0,2018-11-10,2018-11-10 12:49:07.584,12,50,4,12.834444,
,2018-11-10 12:58:24,381097.0,2500.0,,,90.0,TDM 21,1.32,2018-11-12 12:09:56.263000000,11062.0,2.0,2018-11-10,2018-11-10 12:57:51.872,12,58,24,12.973333,
,2018-11-12 12:43:56,381119.0,1500.0,,,90.0,TDM 21,0.79,2018-11-12 12:09:56.270000000,11062.0,2.0,2018-11-12,2018-11-12 12:43:58.336,12,43,56,12.732223,
,2018-11-07 09:59:54,208001.0,6650.0,,,87.0,TDM 18,3.49,2018-11-12 12:13:20.287000000,11063.0,2.0,2018-11-07,2018-11-07 09:59:54.624,9,59,54,9.998333,
,2018-11-09 07:38:31,362020.0,1500.0,,,100.0,TDM 31,0.79,2018-11-12 12:16:19.063000000,11064.0,2.0,2018-11-09,2018-11-09 07:39:18.912,7,38,31,7.6419444,
,2018-11-09 07:42:26,362027.0,2000.0,,,100.0,TDM 31,1.06,2018-11-12 12:16:19.070000000,11064.0,2.0,2018-11-09,2018-11-09 07:41:29.984,7,42,26,7.707222,
,2018-11-09 07:44:55,362049.0,2000.0,,,100.0,TDM 31,1.06,2018-11-12 12:16:19.077000000,11064.0,2.0,2018-11-09,2018-11-09 07:45:52.128,7,44,55,7.748611,
,2018-11-09 07:50:11,362060.0,2500.0,,,100.0,TDM 31,1.32,2018-11-12 12:16:19.083000000,11064.0,2.0,2018-11-09,2018-11-09 07:50:14.272,7,50,11,7.836389,
,2018-11-09 07:54:21,362073.0,1500.0,,,100.0,TDM 31,0.79,2018-11-12 12:16:19.090000000,11064.0,2.0,2018-11-09,2018-11-09 07:54:36.416,7,54,21,7.9058332,
,2018-11-09 14:34:58,508179.0,2500.0,,,100.0,TDM 31,1.32,2018-11-12 12:16:19.097000000,11064.0,2.0,2018-11-09,2018-11-09 14:34:22.592,14,34,58,14.582778,
,2018-11-09 14:38:41,688081.0,2500.0,,,100.0,TDM 31,1.32,2018-11-12 12:16:19.100000000,11064.0,2.0,2018-11-09,2018-11-09 14:38:44.736,14,38,41,14.644722,
,2018-11-12 09:17:55,362040.0,2500.0,,,100.0,TDM 31,1.32,2018-11-12 12:16:19.107000000,11064.0,2.0,2018-11-12,2018-11-12 09:18:37.568,9,17,55,9.298611,
,2018-11-06 13:05:30,213131.0,2000.0,,,84.0,TDM 15,1.06,2018-11-12 12:20:22.243000000,11065.0,2.0,2018-11-06,2018-11-06 13:05:59.296,13,5,30,13.091666,
,2018-11-06 13:29:25,213160.0,2500.0,,,84.0,TDM 15,1.32,2018-11-12 12:20:22.257000000,11065.0,2.0,2018-11-06,2018-11-06 13:30:01.088,13,29,25,13.490278,
,2018-11-07 06:57:35,213051.0,1500.0,,,84.0,TDM 15,0.79,2018-11-12 12:20:22.263000000,11065.0,2.0,2018-11-07,2018-11-07 06:58:35.648,6,57,35,6.959722,
,2018-11-07 12:16:19,213092.0,2500.0,,,84.0,TDM 15,1.32,2018-11-12 12:20:22.270000000,11065.0,2.0,2018-11-07,2018-11-07 12:15:21.088,12,16,19,12.271944,
,2018-11-08 06:59:00,213098.0,3000.0,,,84.0,TDM 15,1.59,2018-11-12 12:20:22.277000000,11065.0,2.0,2018-11-08,2018-11-08 06:58:12.096,6,59,0,6.983333,
,2018-11-09 11:24:08,213106.0,1500.0,,,84.0,TDM 15,0.79,2018-11-12 12:20:22.280000000,11065.0,2.0,2018-11-09,2018-11-09 11:24:19.328,11,24,8,11.402223,
,2018-11-09 12:40:34,213157.0,2000.0,,,84.0,TDM 15,1.06,2018-11-12 12:20:22.287000000,11065.0,2.0,2018-11-09,2018-11-09 12:40:46.848,12,40,34,12.676111,
,2018-11-10 11:24:53,213097.0,3000.0,,,84.0,TDM 15,1.59,2018-11-12 12:20:22.293000000,11065.0,2.0,2018-11-10,2018-11-10 11:23:55.776,11,24,53,11.414722,
,2018-11-10 12:06:26,213182.0,2000.0,,,84.0,TDM 15,1.06,2018-11-12 12:20:22.300000000,11065.0,2.0,2018-11-10,2018-11-10 12:05:26.144,12,6,26,12.107223,
,2018-11-10 13:05:09,213200.0,6650.0,,,84.0,TDM 15,3.49,2018-11-12 12:20:22.307000000,11065.0,2.0,2018-11-10,2018-11-10 13:04:25.088,13,5,9,13.085834,
,2018-11-11 15:00:34,213176.0,1500.0,,,84.0,TDM 15,0.79,2018-11-12 12:20:22.310000000,11065.0,2.0,2018-11-11,2018-11-11 14:59:48.352,15,0,34,15.009444,
,2018-11-12 09:43:17,213126.0,6650.0,,,84.0,TDM 15,3.49,2018-11-12 12:20:22.330000000,11065.0,2.0,2018-11-12,2018-11-12 09:42:39.360,9,43,17,9.721389,
,2018-11-06 10:38:28,358053.0,0.0,,,105.0,TDM 36,1.32,2018-11-12 12:23:44.247000000,11066.0,2.0,2018-11-06,2018-11-06 10:37:26.400,10,38,28,10.641111,
,2018-11-06 13:21:57,358089.0,0.0,,,105.0,TDM 36,1.59,2018-11-12 12:23:44.253000000,11066.0,2.0,2018-11-06,2018-11-06 13:21:16.800,13,21,57,13.365833,
,2018-11-06 13:59:21,358033.0,0.0,,,105.0,TDM 36,1.06,2018-11-12 12:23:44.260000000,11066.0,2.0,2018-11-06,2018-11-06 13:58:25.024,13,59,21,13.989166,
,2018-11-06 15:23:10,358103.0,0.0,,,105.0,TDM 36,1.59,2018-11-12 12:23:44.267000000,11066.0,2.0,2018-11-06,2018-11-06 15:23:36.832,15,23,10,15.386111,
,2018-11-06 18:35:10,358018.0,0.0,,,105.0,TDM 36,0.79,2018-11-12 12:23:44.270000000,11066.0,2.0,2018-11-06,2018-11-06 18:35:51.168,18,35,10,18.586111,
,2018-11-07 11:17:58,358018.0,0.0,,,105.0,TDM 36,0.79,2018-11-12 12:23:44.277000000,11066.0,2.0,2018-11-07,2018-11-07 11:18:33.216,11,17,58,11.299444,
,2018-11-10 07:22:19,358135.0,0.0,,,105.0,TDM 36,0.79,2018-11-12 12:23:44.283000000,11066.0,2.0,2018-11-10,2018-11-10 07:21:26.784,7,22,19,7.3719444,
,2018-11-12 06:17:22,358057.0,0.0,,,105.0,TDM 36,0.79,2018-11-12 12:23:44.290000000,11066.0,2.0,2018-11-12,2018-11-12 06:17:18.592,6,17,22,6.2894444,
,2018-11-07 09:38:45,311075.0,2500.0,,,73.0,TDM 4,1.32,2018-11-12 12:27:38.523000000,11067.0,2.0,2018-11-07,2018-11-07 09:38:03.904,9,38,45,9.645833,
,2018-11-09 08:14:05,311035.0,2000.0,,,73.0,TDM 4,1.06,2018-11-12 12:27:38.537000000,11067.0,2.0,2018-11-09,2018-11-09 08:14:16.064,8,14,5,8.234722,
,2018-11-09 08:25:39,311032.0,2500.0,,,73.0,TDM 4,1.32,2018-11-12 12:27:38.540000000,11067.0,2.0,2018-11-09,2018-11-09 08:25:11.424,8,25,39,8.4275,
,2018-11-09 09:01:56,311008.0,1500.0,,,73.0,TDM 4,0.79,2018-11-12 12:27:38.547000000,11067.0,2.0,2018-11-09,2018-11-09 09:02:19.648,9,1,56,9.032222,
,2018-11-09 09:27:47,311059.0,2000.0,,,73.0,TDM 4,1.06,2018-11-12 12:27:38.553000000,11067.0,2.0,2018-11-09,2018-11-09 09:28:32.512,9,27,47,9.463056,
,2018-11-09 09:56:27,311042.0,2000.0,,,73.0,TDM 4,1.06,2018-11-12 12:27:38.560000000,11067.0,2.0,2018-11-09,2018-11-09 09:56:56.448,9,56,27,9.940833,
,2018-11-09 10:23:28,311087.0,2500.0,,,73.0,TDM 4,1.32,2018-11-12 12:27:38.567000000,11067.0,2.0,2018-11-09,2018-11-09 10:23:09.312,10,23,28,10.391111,
,2018-11-12 09:59:11,311073.0,3000.0,,,73.0,TDM 4,1.59,2018-11-12 12:27:38.570000000,11067.0,2.0,2018-11-12,2018-11-12 10:00:07.936,9,59,11,9.986389,
,2018-11-07 07:58:30,303017.0,1500.0,,,97.0,TDM 28,0.79,2018-11-12 12:31:25.163000000,11068.0,2.0,2018-11-07,2018-11-07 07:57:34.592,7,58,30,7.975,
,2018-11-08 08:35:26,303098.0,2000.0,,,97.0,TDM 28,1.06,2018-11-12 12:31:25.173000000,11068.0,2.0,2018-11-08,2018-11-08 08:36:30.336,8,35,26,8.590555,
,2018-11-09 07:47:01,303022.0,3000.0,,,97.0,TDM 28,1.59,2018-11-12 12:31:25.180000000,11068.0,2.0,2018-11-09,2018-11-09 07:48:03.200,7,47,1,7.7836113,
,2018-11-09 09:05:35,303015.0,2500.0,,,97.0,TDM 28,1.32,2018-11-12 12:31:25.183000000,11068.0,2.0,2018-11-09,2018-11-09 09:04:30.720,9,5,35,9.093056,
,2018-11-10 07:41:45,303090.0,1500.0,,,97.0,TDM 28,0.79,2018-11-12 12:31:25.190000000,11068.0,2.0,2018-11-10,2018-11-10 07:41:06.432,7,41,45,7.695833,
,2018-11-10 08:29:11,303096.0,2500.0,,,97.0,TDM 28,1.32,2018-11-12 12:31:25.197000000,11068.0,2.0,2018-11-10,2018-11-10 08:29:10.016,8,29,11,8.486389,
,2018-11-12 07:17:21,303117.0,2000.0,,,97.0,TDM 28,1.06,2018-11-12 12:31:25.203000000,11068.0,2.0,2018-11-12,2018-11-12 07:16:17.536,7,17,21,7.2891665,
,2018-11-08 16:58:35,539108.0,2500.0,,,72.0,TDM 3,1.32,2018-11-12 12:34:02.373000000,11069.0,2.0,2018-11-08,2018-11-08 16:58:56.896,16,58,35,16.976389,
,2018-11-07 07:24:42,505092.0,2000.0,,,107.0,TDM 37,1.06,2018-11-12 12:43:19.740000000,11073.0,2.0,2018-11-07,2018-11-07 07:24:48.512,7,24,42,7.411667,
,2018-11-07 07:28:57,505092.0,2000.0,,,107.0,TDM 37,1.06,2018-11-12 12:43:19.747000000,11073.0,2.0,2018-11-07,2018-11-07 07:29:10.656,7,28,57,7.4825,
,2018-11-07 08:11:58,505119.0,2000.0,,,107.0,TDM 37,1.06,2018-11-12 12:43:19.753000000,11073.0,2.0,2018-11-07,2018-11-07 08:12:52.096,8,11,58,8.199445,
,2018-11-07 09:36:05,505092.0,2000.0,,,107.0,TDM 37,1.06,2018-11-12 12:43:19.760000000,11073.0,2.0,2018-11-07,2018-11-07 09:35:52.832,9,36,5,9.601389,
,2018-11-07 09:41:52,505107.0,2500.0,,,107.0,TDM 37,1.32,2018-11-12 12:43:19.767000000,11073.0,2.0,2018-11-07,2018-11-07 09:42:26.048,9,41,52,9.697778,
,2018-11-07 09:52:26,505119.0,2000.0,,,107.0,TDM 37,1.06,2018-11-12 12:43:19.770000000,11073.0,2.0,2018-11-07,2018-11-07 09:53:21.408,9,52,26,9.873889,
,2018-11-08 10:18:15,505040.0,2000.0,,,107.0,TDM 37,1.06,2018-11-12 12:43:19.777000000,11073.0,2.0,2018-11-08,2018-11-08 10:19:10.720,10,18,15,10.304167,
,2018-11-09 08:06:53,505102.0,2500.0,,,107.0,TDM 37,1.32,2018-11-12 12:43:19.783000000,11073.0,2.0,2018-11-09,2018-11-09 08:07:42.848,8,6,53,8.114722,
,2018-11-10 09:12:20,505052.0,2500.0,,,107.0,TDM 37,1.32,2018-11-12 12:43:19.790000000,11073.0,2.0,2018-11-10,2018-11-10 09:12:51.456,9,12,20,9.205556,
,2018-11-10 09:15:51,505052.0,2500.0,,,107.0,TDM 37,1.32,2018-11-12 12:43:19.797000000,11073.0,2.0,2018-11-10,2018-11-10 09:15:02.528,9,15,51,9.264167,
,2018-11-10 09:44:39,505052.0,2500.0,,,107.0,TDM 37,1.32,2018-11-12 12:43:19.800000000,11073.0,2.0,2018-11-10,2018-11-10 09:45:37.536,9,44,39,9.744166,
,2018-11-07 08:42:29,680055.0,2000.0,,,108.0,TDM 38,1.06,2018-11-12 12:50:14.763000000,11075.0,2.0,2018-11-07,2018-11-07 08:43:27.104,8,42,29,8.7080555,
,2018-11-07 08:54:35,680058.0,1500.0,,,108.0,TDM 38,0.79,2018-11-12 12:50:14.783000000,11075.0,2.0,2018-11-07,2018-11-07 08:54:22.464,8,54,35,8.909722,
,2018-11-07 09:25:18,680040.0,3000.0,,,108.0,TDM 38,1.59,2018-11-12 12:50:14.790000000,11075.0,2.0,2018-11-07,2018-11-07 09:24:57.472,9,25,18,9.421667,
,2018-11-08 08:10:49,677120.0,1500.0,,,108.0,TDM 38,0.79,2018-11-12 12:50:14.797000000,11075.0,2.0,2018-11-08,2018-11-08 08:10:17.472,8,10,49,8.180278,
,2018-11-08 08:50:54,680012.0,2000.0,,,108.0,TDM 38,1.06,2018-11-12 12:50:14.800000000,11075.0,2.0,2018-11-08,2018-11-08 08:51:47.840,8,50,54,8.848333,
,2018-11-08 09:21:36,680086.0,2500.0,,,108.0,TDM 38,1.32,2018-11-12 12:50:14.807000000,11075.0,2.0,2018-11-08,2018-11-08 09:22:22.848,9,21,36,9.36,
,2018-11-10 12:01:43,677020.0,3000.0,,,108.0,TDM 38,1.59,2018-11-12 12:50:14.813000000,11075.0,2.0,2018-11-10,2018-11-10 12:01:04.000,12,1,43,12.028611,
,2018-11-10 12:05:57,680091.0,3000.0,,,108.0,TDM 38,1.59,2018-11-12 12:50:14.820000000,11075.0,2.0,2018-11-10,2018-11-10 12:05:26.144,12,5,57,12.099167,
,2018-11-11 09:54:27,677013.0,1500.0,,,108.0,TDM 38,0.79,2018-11-12 12:50:14.827000000,11075.0,2.0,2018-11-11,2018-11-11 09:53:58.272,9,54,27,9.9075,
,2018-11-12 09:34:33,621156.0,3000.0,,,71.0,TDM 2,1.59,2018-11-12 12:53:07.827000000,11076.0,2.0,2018-11-12,2018-11-12 09:33:55.072,9,34,33,9.575833,
,2018-11-12 09:36:51,621096.0,1500.0,,,71.0,TDM 2,0.79,2018-11-12 12:53:07.833000000,11076.0,2.0,2018-11-12,2018-11-12 09:36:06.144,9,36,51,9.614166,
,2018-11-09 07:39:53,566030.0,2500.0,,,76.0,TDM 7,1.32,2018-11-12 12:55:30.790000000,11077.0,2.0,2018-11-09,2018-11-09 07:39:18.912,7,39,53,7.6647224,
,2018-10-16 12:16:13,208001.0,2000.0,,,116.0,TDM 46,1.06,2018-11-15 11:39:37.450000000,11078.0,2.0,2018-10-16,2018-10-16 12:15:14.944,12,16,13,12.270278,
,2018-10-16 13:12:46,208002.0,11050.0,,,116.0,TDM 46,5.82,2018-11-15 11:39:37.460000000,11078.0,2.0,2018-10-16,2018-10-16 13:12:02.816,13,12,46,13.212778,
,2018-10-16 13:45:50,208002.0,0.0,,,116.0,TDM 46,4.66,2018-11-15 11:39:37.467000000,11078.0,2.0,2018-10-16,2018-10-16 13:44:48.896,13,45,50,13.763889,
,2018-10-16 13:56:46,208003.0,3000.0,,,116.0,TDM 46,1.59,2018-11-15 11:39:37.473000000,11078.0,2.0,2018-10-16,2018-10-16 13:55:44.256,13,56,46,13.946111,
,2018-10-16 14:02:07,202003.0,8850.0,,,116.0,TDM 46,4.66,2018-11-15 11:39:37.480000000,11078.0,2.0,2018-10-16,2018-10-16 14:02:17.472,14,2,7,14.035277,
,2018-10-16 14:05:58,208002.0,6650.0,,,116.0,TDM 46,3.49,2018-11-15 11:39:37.483000000,11078.0,2.0,2018-10-16,2018-10-16 14:06:39.616,14,5,58,14.099444,
,2018-10-16 14:10:19,208002.0,8850.0,,,116.0,TDM 46,4.66,2018-11-15 11:39:37.490000000,11078.0,2.0,2018-10-16,2018-10-16 14:11:01.760,14,10,19,14.171945,
,2018-10-16 14:12:37,208002.0,8850.0,,,116.0,TDM 46,4.66,2018-11-15 11:39:37.497000000,11078.0,2.0,2018-10-16,2018-10-16 14:13:12.832,14,12,37,14.210278,
,2018-10-16 14:14:01,208002.0,6650.0,,,116.0,TDM 46,3.49,2018-11-15 11:39:37.503000000,11078.0,2.0,2018-10-16,2018-10-16 14:13:12.832,14,14,1,14.233611,
,2018-10-16 14:16:11,208002.0,2500.0,,,116.0,TDM 46,1.32,2018-11-15 11:39:37.510000000,11078.0,2.0,2018-10-16,2018-10-16 14:15:23.904,14,16,11,14.269722,
,2018-10-18 13:01:01,208001.0,2000.0,,,116.0,TDM 46,1.06,2018-11-15 11:39:37.513000000,11078.0,2.0,2018-10-18,2018-10-18 13:00:20.352,13,1,1,13.016945,
,2018-10-18 13:14:22,208002.0,8850.0,,,116.0,TDM 46,4.66,2018-11-15 11:39:37.527000000,11078.0,2.0,2018-10-18,2018-10-18 13:13:26.784,13,14,22,13.239445,
,2018-10-18 13:42:32,208001.0,13250.0,,,116.0,TDM 46,6.99,2018-11-15 11:39:37.540000000,11078.0,2.0,2018-10-18,2018-10-18 13:41:50.720,13,42,32,13.708889,
,2018-10-18 13:55:56,208003.0,8850.0,,,116.0,TDM 46,4.66,2018-11-15 11:39:37.543000000,11078.0,2.0,2018-10-18,2018-10-18 13:54:57.152,13,55,56,13.932222,
,2018-10-19 08:57:31,247005.0,8850.0,,,116.0,TDM 46,4.66,2018-11-15 11:39:37.557000000,11078.0,2.0,2018-10-19,2018-10-19 08:57:27.808,8,57,31,8.9586115,
,2018-10-19 08:59:50,247006.0,8850.0,,,116.0,TDM 46,4.66,2018-11-15 11:39:37.563000000,11078.0,2.0,2018-10-19,2018-10-19 08:59:38.880,8,59,50,8.997222,
,2018-10-19 09:01:27,247007.0,1500.0,,,116.0,TDM 46,0.79,2018-11-15 11:39:37.570000000,11078.0,2.0,2018-10-19,2018-10-19 09:01:49.952,9,1,27,9.024167,
,2018-10-19 09:05:27,647001.0,8850.0,,,116.0,TDM 46,4.66,2018-11-15 11:39:37.573000000,11078.0,2.0,2018-10-19,2018-10-19 09:06:12.096,9,5,27,9.090834,
,2018-10-19 09:09:03,647002.0,6650.0,,,116.0,TDM 46,3.49,2018-11-15 11:39:37.580000000,11078.0,2.0,2018-10-19,2018-10-19 09:08:23.168,9,9,3,9.150833,
,2018-10-19 09:11:02,247008.0,0.0,,,116.0,TDM 46,0.79,2018-11-15 11:39:37.587000000,11078.0,2.0,2018-10-19,2018-10-19 09:10:34.240,9,11,2,9.183888,
,2018-10-19 09:49:14,208001.0,6650.0,,,116.0,TDM 46,3.49,2018-11-15 11:39:37.600000000,11078.0,2.0,2018-10-19,2018-10-19 09:49:53.536,9,49,14,9.820556,
,2018-10-24 13:24:50,208001.0,3000.0,,,116.0,TDM 46,1.59,2018-11-15 11:39:37.603000000,11078.0,2.0,2018-10-24,2018-10-24 13:24:11.904,13,24,50,13.413889,
,2018-10-24 13:44:13,208001.0,8850.0,,,116.0,TDM 46,4.66,2018-11-15 11:39:37.617000000,11078.0,2.0,2018-10-24,2018-10-24 13:43:51.552,13,44,13,13.736944,
,2018-10-24 13:49:49,208003.0,1500.0,,,116.0,TDM 46,0.79,2018-11-15 11:39:37.623000000,11078.0,2.0,2018-10-24,2018-10-24 13:50:24.768,13,49,49,13.830277,
,2018-10-24 14:14:05,208001.0,3000.0,,,116.0,TDM 46,1.59,2018-11-15 11:39:37.630000000,11078.0,2.0,2018-10-24,2018-10-24 14:14:26.560,14,14,5,14.234722,
,2018-11-14 08:55:31,322123.0,8850.0,,,118.0,TDM 48,4.66,2018-11-15 11:43:36.723000000,11079.0,2.0,2018-11-14,2018-11-14 08:55:59.744,8,55,31,8.925278,
,2018-11-14 09:05:14,322123.0,6650.0,,,118.0,TDM 48,3.49,2018-11-15 11:43:36.730000000,11079.0,2.0,2018-11-14,2018-11-14 09:04:44.032,9,5,14,9.087222,
,2018-11-15 08:27:24,344044.0,1500.0,,,118.0,TDM 48,0.79,2018-11-15 11:43:36.737000000,11079.0,2.0,2018-11-15,2018-11-15 08:27:12.256,8,27,24,8.456667,
,2018-11-15 08:29:21,344045.0,1500.0,,,118.0,TDM 48,0.79,2018-11-15 11:43:36.743000000,11079.0,2.0,2018-11-15,2018-11-15 08:29:23.328,8,29,21,8.489166,
,2018-11-15 08:30:48,344046.0,1500.0,,,118.0,TDM 48,0.79,2018-11-15 11:43:36.750000000,11079.0,2.0,2018-11-15,2018-11-15 08:31:34.400,8,30,48,8.513333,
,2018-11-08 08:12:48,629094.0,2000.0,,,80.0,TDM11,1.06,2018-11-15 11:52:20.540000000,11081.0,2.0,2018-11-08,2018-11-08 08:12:28.544,8,12,48,8.213333,
,2018-11-10 08:14:53,623034.0,1500.0,,,80.0,TDM11,0.79,2018-11-15 11:52:20.557000000,11081.0,2.0,2018-11-10,2018-11-10 08:13:52.512,8,14,53,8.248055,
,2018-11-12 10:06:08,6103097.0,2500.0,,,93.0,TDM 24,1.32,2018-11-15 11:55:14.763000000,11082.0,2.0,2018-11-12,2018-11-12 10:06:41.152,10,6,8,10.102222,
,2018-11-12 10:21:27,6103090.0,1500.0,,,93.0,TDM 24,0.79,2018-11-15 11:55:14.770000000,11082.0,2.0,2018-11-12,2018-11-12 10:21:58.656,10,21,27,10.3575,
,2018-11-14 09:13:21,6103060.0,1500.0,,,93.0,TDM 24,0.79,2018-11-15 11:55:14.777000000,11082.0,2.0,2018-11-14,2018-11-14 09:13:28.320,9,13,21,9.2225,
,2018-11-15 10:43:56,632001.0,1500.0,,,93.0,TDM 24,0.79,2018-11-15 11:55:14.783000000,11082.0,2.0,2018-11-15,2018-11-15 10:44:49.792,10,43,56,10.732223,
,2018-11-15 10:46:27,632001.0,1500.0,,,93.0,TDM 24,0.79,2018-11-15 11:55:14.790000000,11082.0,2.0,2018-11-15,2018-11-15 10:47:00.864,10,46,27,10.774167,
,2018-11-13 08:32:50,702129.0,11050.0,,,101.0,TDM 32,5.82,2018-11-15 11:58:49.953000000,11083.0,2.0,2018-11-13,2018-11-13 08:32:21.504,8,32,50,8.547222,
,2018-11-14 09:24:02,229069.0,3000.0,,,101.0,TDM 32,1.59,2018-11-15 11:58:49.960000000,11083.0,2.0,2018-11-14,2018-11-14 09:24:23.680,9,24,2,9.400556,
,2018-11-14 10:00:44,229089.0,1500.0,,,101.0,TDM 32,0.79,2018-11-15 11:58:49.963000000,11083.0,2.0,2018-11-14,2018-11-14 10:01:31.904,10,0,44,10.012222,
,2018-11-14 10:11:33,229098.0,2000.0,,,101.0,TDM 32,1.06,2018-11-15 11:58:49.970000000,11083.0,2.0,2018-11-14,2018-11-14 10:12:27.264,10,11,33,10.1925,
,2018-11-08 09:09:38,301011.0,3000.0,,,70.0,TDM 1,1.59,2018-11-15 12:02:08.613000000,11084.0,2.0,2018-11-08,2018-11-08 09:09:16.416,9,9,38,9.160556,
,2018-11-08 09:18:10,301037.0,2000.0,,,70.0,TDM 1,1.06,2018-11-15 12:02:08.620000000,11084.0,2.0,2018-11-08,2018-11-08 09:18:00.704,9,18,10,9.302778,
,2018-11-08 09:23:37,301078.0,2000.0,,,70.0,TDM 1,1.06,2018-11-15 12:02:08.627000000,11084.0,2.0,2018-11-08,2018-11-08 09:24:33.920,9,23,37,9.393611,
,2018-11-08 09:29:38,301078.0,1500.0,,,70.0,TDM 1,0.79,2018-11-15 12:02:08.633000000,11084.0,2.0,2018-11-08,2018-11-08 09:28:56.064,9,29,38,9.493889,
,2018-11-08 09:35:24,301011.0,3000.0,,,70.0,TDM 1,1.59,2018-11-15 12:02:08.640000000,11084.0,2.0,2018-11-08,2018-11-08 09:35:29.280,9,35,24,9.59,
,2018-11-12 15:50:46,301033.0,1500.0,,,70.0,TDM 1,0.79,2018-11-15 12:02:08.647000000,11084.0,2.0,2018-11-12,2018-11-12 15:51:50.528,15,50,46,15.846111,
,2018-11-15 09:22:13,301043.0,2500.0,,,70.0,TDM 1,1.32,2018-11-15 12:02:08.650000000,11084.0,2.0,2018-11-15,2018-11-15 09:21:49.056,9,22,13,9.370277,
,2018-11-15 09:25:29,301052.0,2000.0,,,70.0,TDM 1,1.06,2018-11-15 12:02:08.657000000,11084.0,2.0,2018-11-15,2018-11-15 09:26:11.200,9,25,29,9.424723,
,2018-11-15 09:30:09,301033.0,1500.0,,,70.0,TDM 1,0.79,2018-11-15 12:02:08.663000000,11084.0,2.0,2018-11-15,2018-11-15 09:30:33.344,9,30,9,9.5025,
,2018-11-12 07:32:16,218110.0,1500.0,,,91.0,TDM 22,0.79,2018-11-15 12:06:25.400000000,11085.0,2.0,2018-11-12,2018-11-12 07:31:35.040,7,32,16,7.537778,
,2018-11-12 08:24:36,218090.0,2500.0,,,91.0,TDM 22,1.32,2018-11-15 12:06:25.413000000,11085.0,2.0,2018-11-12,2018-11-12 08:24:00.768,8,24,36,8.41,
,2018-11-12 08:45:44,218076.0,2000.0,,,91.0,TDM 22,1.06,2018-11-15 12:06:25.420000000,11085.0,2.0,2018-11-12,2018-11-12 08:45:51.488,8,45,44,8.762222,
,2018-11-12 08:54:06,218071.0,2000.0,,,91.0,TDM 22,1.06,2018-11-15 12:06:25.423000000,11085.0,2.0,2018-11-12,2018-11-12 08:54:35.776,8,54,6,8.901667,
,2018-11-12 10:15:19,218031.0,6650.0,,,91.0,TDM 22,3.49,2018-11-15 12:06:25.430000000,11085.0,2.0,2018-11-12,2018-11-12 10:15:25.440,10,15,19,10.255278,
,2018-11-14 07:44:00,218103.0,2500.0,,,91.0,TDM 22,1.32,2018-11-15 12:06:25.437000000,11085.0,2.0,2018-11-14,2018-11-14 07:43:54.368,7,44,0,7.733333,
,2018-11-14 08:25:56,218072.0,2000.0,,,91.0,TDM 22,1.06,2018-11-15 12:06:25.443000000,11085.0,2.0,2018-11-14,2018-11-14 08:25:24.736,8,25,56,8.432222,
,2018-11-14 08:36:47,218084.0,1500.0,,,91.0,TDM 22,0.79,2018-11-15 12:06:25.450000000,11085.0,2.0,2018-11-14,2018-11-14 08:36:20.096,8,36,47,8.613055,
,2018-11-14 09:10:26,218028.0,2000.0,,,91.0,TDM 22,1.06,2018-11-15 12:06:25.457000000,11085.0,2.0,2018-11-14,2018-11-14 09:11:17.248,9,10,26,9.173889,
,2018-11-14 09:35:15,218009.0,2000.0,,,91.0,TDM 22,1.06,2018-11-15 12:06:25.460000000,11085.0,2.0,2018-11-14,2018-11-14 09:35:19.040,9,35,15,9.5875,
,2018-11-15 07:17:42,218094.0,1500.0,,,91.0,TDM 22,0.79,2018-11-15 12:06:25.467000000,11085.0,2.0,2018-11-15,2018-11-15 07:17:17.952,7,17,42,7.295,
,2018-11-15 07:50:35,218021.0,2000.0,,,91.0,TDM 22,1.06,2018-11-15 12:06:25.473000000,11085.0,2.0,2018-11-15,2018-11-15 07:50:04.032,7,50,35,7.8430557,
,2018-11-15 08:02:40,218111.0,1500.0,,,91.0,TDM 22,0.79,2018-11-15 12:06:25.480000000,11085.0,2.0,2018-11-15,2018-11-15 08:03:10.464,8,2,40,8.044444,
,2018-11-15 08:12:29,218040.0,1500.0,,,91.0,TDM 22,0.79,2018-11-15 12:06:25.487000000,11085.0,2.0,2018-11-15,2018-11-15 08:11:54.752,8,12,29,8.2080555,
,2018-11-06 10:08:31,346064.0,3000.0,,,81.0,TDM 12,1.59,2018-11-17 10:24:39.267000000,11086.0,2.0,2018-11-06,2018-11-06 10:09:02.464,10,8,31,10.141945,
,2018-11-09 09:09:56,620122.0,2500.0,,,81.0,TDM 12,1.32,2018-11-17 10:24:39.273000000,11086.0,2.0,2018-11-09,2018-11-09 09:08:52.864,9,9,56,9.165556,
,2018-11-12 07:21:14,346085.0,2000.0,,,81.0,TDM 12,1.06,2018-11-17 10:24:39.280000000,11086.0,2.0,2018-11-12,2018-11-12 07:20:39.680,7,21,14,7.353889,
,2018-11-12 08:24:55,346153.0,1500.0,,,81.0,TDM 12,0.79,2018-11-17 10:24:39.287000000,11086.0,2.0,2018-11-12,2018-11-12 08:24:00.768,8,24,55,8.4152775,
,2018-11-13 06:20:38,346084.0,2000.0,,,81.0,TDM 12,1.06,2018-11-17 10:24:39.293000000,11086.0,2.0,2018-11-13,2018-11-13 06:21:17.184,6,20,38,6.3438888,
,2018-11-13 06:26:38,346080.0,2000.0,,,81.0,TDM 12,1.06,2018-11-17 10:24:39.300000000,11086.0,2.0,2018-11-13,2018-11-13 06:25:39.328,6,26,38,6.4438887,
,2018-11-13 06:29:11,346031.0,2000.0,,,81.0,TDM 12,1.06,2018-11-17 10:24:39.310000000,11086.0,2.0,2018-11-13,2018-11-13 06:30:01.472,6,29,11,6.4863887,
,2018-11-13 06:30:40,346070.0,2000.0,,,81.0,TDM 12,1.06,2018-11-17 10:24:39.323000000,11086.0,2.0,2018-11-13,2018-11-13 06:30:01.472,6,30,40,6.5111113,
,2018-11-13 06:52:28,346075.0,2500.0,,,81.0,TDM 12,1.32,2018-11-17 10:24:39.330000000,11086.0,2.0,2018-11-13,2018-11-13 06:51:52.192,6,52,28,6.8744445,
,2018-11-13 06:54:18,346077.0,2500.0,,,81.0,TDM 12,1.32,2018-11-17 10:24:39.333000000,11086.0,2.0,2018-11-13,2018-11-13 06:54:03.264,6,54,18,6.905,
,2018-11-13 07:05:59,346099.0,1500.0,,,81.0,TDM 12,0.79,2018-11-17 10:24:39.340000000,11086.0,2.0,2018-11-13,2018-11-13 07:04:58.624,7,5,59,7.0997224,
,2018-11-13 14:08:57,346111.0,2000.0,,,81.0,TDM 12,1.06,2018-11-17 10:24:39.347000000,11086.0,2.0,2018-11-13,2018-11-13 14:08:46.592,14,8,57,14.149167,
,2018-11-14 06:43:24,346013.0,1500.0,,,81.0,TDM 12,0.79,2018-11-17 10:24:39.353000000,11086.0,2.0,2018-11-14,2018-11-14 06:42:44.352,6,43,24,6.7233334,
,2018-11-14 06:56:02,346014.0,3000.0,,,81.0,TDM 12,1.59,2018-11-17 10:24:39.360000000,11086.0,2.0,2018-11-14,2018-11-14 06:55:50.784,6,56,2,6.933889,
,2018-11-14 08:39:13,346178.0,2500.0,,,81.0,TDM 12,1.32,2018-11-17 10:24:39.363000000,11086.0,2.0,2018-11-14,2018-11-14 08:38:31.168,8,39,13,8.653611,
,2018-11-15 07:02:24,620028.0,2000.0,,,81.0,TDM 12,1.06,2018-11-17 10:24:39.370000000,11086.0,2.0,2018-11-15,2018-11-15 07:02:00.448,7,2,24,7.04,
,2018-11-15 07:40:10,620097.0,2000.0,,,81.0,TDM 12,1.06,2018-11-17 10:24:39.377000000,11086.0,2.0,2018-11-15,2018-11-15 07:39:08.672,7,40,10,7.6694446,
,2018-11-15 08:49:24,346112.0,1500.0,,,81.0,TDM 12,0.79,2018-11-17 10:24:39.383000000,11086.0,2.0,2018-11-15,2018-11-15 08:49:02.976,8,49,24,8.823334,
,2018-11-15 08:52:07,346031.0,2000.0,,,81.0,TDM 12,1.06,2018-11-17 10:24:39.390000000,11086.0,2.0,2018-11-15,2018-11-15 08:51:14.048,8,52,7,8.868611,
,2018-11-15 08:54:10,346136.0,1500.0,,,81.0,TDM 12,0.79,2018-11-17 10:24:39.393000000,11086.0,2.0,2018-11-15,2018-11-15 08:53:25.120,8,54,10,8.902778,
,2018-11-17 05:58:53,346003.0,3000.0,,,81.0,TDM 12,1.59,2018-11-17 10:24:39.400000000,11086.0,2.0,2018-11-17,2018-11-17 05:57:52.256,5,58,53,5.981389,
,2018-11-17 06:01:00,346010.0,3000.0,,,81.0,TDM 12,1.59,2018-11-17 10:24:39.407000000,11086.0,2.0,2018-11-17,2018-11-17 06:00:03.328,6,1,0,6.016667,
,2018-11-17 06:45:45,346131.0,3000.0,,,81.0,TDM 12,1.59,2018-11-17 10:24:39.413000000,11086.0,2.0,2018-11-17,2018-11-17 06:45:55.840,6,45,45,6.7625,
,2018-11-15 08:29:51,621049.0,2500.0,,,71.0,TDM 2,1.32,2018-11-17 10:30:05.443000000,11087.0,2.0,2018-11-15,2018-11-15 08:29:23.328,8,29,51,8.4975,
,2018-11-15 09:59:57,621087.0,1500.0,,,71.0,TDM 2,0.79,2018-11-17 10:30:05.453000000,11087.0,2.0,2018-11-15,2018-11-15 09:58:57.280,9,59,57,9.9991665,
,2018-11-16 09:31:26,621094.0,2000.0,,,71.0,TDM 2,1.06,2018-11-17 10:30:05.460000000,11087.0,2.0,2018-11-16,2018-11-16 09:32:20.864,9,31,26,9.523889,
,2018-11-16 09:35:58,621098.0,1500.0,,,71.0,TDM 2,0.79,2018-11-17 10:30:05.467000000,11087.0,2.0,2018-11-16,2018-11-16 09:36:43.008,9,35,58,9.599444,
,2018-11-17 07:06:24,621172.0,3000.0,,,71.0,TDM 2,1.59,2018-11-17 10:30:05.473000000,11087.0,2.0,2018-11-17,2018-11-17 07:05:35.488,7,6,24,7.1066666,
,2018-11-09 09:59:25,617141.0,1500.0,,,77.0,TDM 8,0.79,2018-11-17 10:35:09.170000000,11088.0,2.0,2018-11-09,2018-11-09 09:59:07.520,9,59,25,9.990278,
,2018-11-14 07:58:25,606017.0,2000.0,,,77.0,TDM 8,1.06,2018-11-17 10:35:09.180000000,11088.0,2.0,2018-11-14,2018-11-14 07:59:11.872,7,58,25,7.973611,
,2018-11-14 09:10:58,606095.0,2000.0,,,77.0,TDM 8,1.06,2018-11-17 10:35:09.197000000,11088.0,2.0,2018-11-14,2018-11-14 09:11:17.248,9,10,58,9.182777,
,2018-11-14 09:12:35,606095.0,2000.0,,,77.0,TDM 8,1.06,2018-11-17 10:35:09.200000000,11088.0,2.0,2018-11-14,2018-11-14 09:13:28.320,9,12,35,9.2097225,
,2018-11-14 09:25:19,606079.0,2000.0,,,77.0,TDM 8,1.06,2018-11-17 10:35:09.207000000,11088.0,2.0,2018-11-14,2018-11-14 09:24:23.680,9,25,19,9.421945,
,2018-11-14 09:38:40,606068.0,3000.0,,,77.0,TDM 8,1.59,2018-11-17 10:35:09.213000000,11088.0,2.0,2018-11-14,2018-11-14 09:39:41.184,9,38,40,9.644444,
,2018-11-14 09:44:45,606117.0,2000.0,,,77.0,TDM 8,1.06,2018-11-17 10:35:09.220000000,11088.0,2.0,2018-11-14,2018-11-14 09:44:03.328,9,44,45,9.745833,
,2018-11-15 07:16:58,606064.0,1500.0,,,77.0,TDM 8,0.79,2018-11-17 10:35:09.227000000,11088.0,2.0,2018-11-15,2018-11-15 07:17:17.952,7,16,58,7.282778,
,2018-11-17 06:58:11,617108.0,2000.0,,,77.0,TDM 8,1.06,2018-11-17 10:35:09.230000000,11088.0,2.0,2018-11-17,2018-11-17 06:59:02.272,6,58,11,6.9697223,
,2018-11-17 07:00:25,617108.0,2000.0,,,77.0,TDM 8,1.06,2018-11-17 10:35:09.237000000,11088.0,2.0,2018-11-17,2018-11-17 07:01:13.344,7,0,25,7.0069447,
,2018-11-17 07:16:40,617131.0,3000.0,,,77.0,TDM 8,1.59,2018-11-17 10:35:09.243000000,11088.0,2.0,2018-11-17,2018-11-17 07:16:30.848,7,16,40,7.2777777,
,2018-11-17 07:19:49,617131.0,3000.0,,,77.0,TDM 8,1.59,2018-11-17 10:35:09.250000000,11088.0,2.0,2018-11-17,2018-11-17 07:20:52.992,7,19,49,7.330278,
,2018-11-17 07:29:24,617158.0,8850.0,,,77.0,TDM 8,4.66,2018-11-17 10:35:09.257000000,11088.0,2.0,2018-11-17,2018-11-17 07:29:37.280,7,29,24,7.49,
,2018-11-17 07:30:43,617158.0,8850.0,,,77.0,TDM 8,4.66,2018-11-17 10:35:09.260000000,11088.0,2.0,2018-11-17,2018-11-17 07:31:48.352,7,30,43,7.5119443,
,2018-11-17 07:46:16,617163.0,11050.0,,,77.0,TDM 8,5.82,2018-11-17 10:35:09.267000000,11088.0,2.0,2018-11-17,2018-11-17 07:47:05.856,7,46,16,7.771111,
,2018-11-17 07:47:17,617163.0,11050.0,,,77.0,TDM 8,5.82,2018-11-17 10:35:09.273000000,11088.0,2.0,2018-11-17,2018-11-17 07:47:05.856,7,47,17,7.7880554,
,2018-11-17 08:19:20,384169.0,11050.0,,,77.0,TDM 8,5.82,2018-11-17 10:35:09.280000000,11088.0,2.0,2018-11-17,2018-11-17 08:19:51.936,8,19,20,8.322222,
,2018-11-17 08:20:47,384169.0,11050.0,,,77.0,TDM 8,5.82,2018-11-17 10:35:09.290000000,11088.0,2.0,2018-11-17,2018-11-17 08:19:51.936,8,20,47,8.346389,
,2018-11-05 13:22:41,225059.0,2000.0,,,82.0,TDM 13,1.06,2018-11-17 10:37:32.980000000,11089.0,2.0,2018-11-05,2018-11-05 13:21:40.352,13,22,41,13.378056,
,2018-11-13 08:12:44,535052.0,1500.0,,,82.0,TDM 13,0.79,2018-11-17 10:37:32.983000000,11089.0,2.0,2018-11-13,2018-11-13 08:12:41.856,8,12,44,8.212222,
,2018-11-13 08:34:47,535032.0,2500.0,,,82.0,TDM 13,1.32,2018-11-17 10:37:32.990000000,11089.0,2.0,2018-11-13,2018-11-13 08:34:32.576,8,34,47,8.579722,
,2018-11-15 12:46:13,502018.0,2000.0,,,82.0,TDM 13,1.06,2018-11-17 10:37:32.997000000,11089.0,2.0,2018-11-15,2018-11-15 12:47:09.824,12,46,13,12.770278,
,2018-11-17 08:29:27,208001.0,6650.0,,,87.0,TDM 18,3.49,2018-11-17 10:40:36.717000000,11090.0,2.0,2018-11-17,2018-11-17 08:28:36.224,8,29,27,8.490833,
,2018-11-14 09:05:36,365081.0,3000.0,,,99.0,TDM 30,1.59,2018-11-17 10:46:42.320000000,11092.0,2.0,2018-11-14,2018-11-14 09:04:44.032,9,5,36,9.093333,
,2018-11-15 08:32:13,365079.0,1500.0,,,99.0,TDM 30,0.79,2018-11-17 10:46:42.323000000,11092.0,2.0,2018-11-15,2018-11-15 08:31:34.400,8,32,13,8.536944,
,2018-11-17 07:16:31,365040.0,1500.0,,,99.0,TDM 30,0.79,2018-11-17 10:46:42.330000000,11092.0,2.0,2018-11-17,2018-11-17 07:16:30.848,7,16,31,7.2752776,
,2018-11-14 13:24:43,208001.0,6650.0,,,103.0,TDM 34,3.49,2018-11-17 10:49:58.233000000,11093.0,2.0,2018-11-14,2018-11-14 13:24:41.600,13,24,43,13.411944,
,2018-11-14 13:26:21,208001.0,6650.0,,,103.0,TDM 34,3.49,2018-11-17 10:49:58.247000000,11093.0,2.0,2018-11-14,2018-11-14 13:26:52.672,13,26,21,13.439167,
,2018-11-14 16:24:45,326083.0,2000.0,,,103.0,TDM 34,1.06,2018-11-17 10:49:58.250000000,11093.0,2.0,2018-11-14,2018-11-14 16:23:49.504,16,24,45,16.4125,
,2018-11-14 16:29:59,326047.0,2000.0,,,103.0,TDM 34,1.06,2018-11-17 10:49:58.257000000,11093.0,2.0,2018-11-14,2018-11-14 16:30:22.720,16,29,59,16.499722,
,2018-11-15 17:20:37,326030.0,2500.0,,,103.0,TDM 34,1.32,2018-11-17 10:49:58.293000000,11093.0,2.0,2018-11-15,2018-11-15 17:20:13.824,17,20,37,17.34361,
,2018-11-15 09:08:01,566022.0,1500.0,,,76.0,TDM 7,0.79,2018-11-17 10:53:00.827000000,11094.0,2.0,2018-11-15,2018-11-15 09:08:42.624,9,8,1,9.133611,
,2018-11-15 09:12:23,566022.0,1500.0,,,76.0,TDM 7,0.79,2018-11-17 10:53:00.833000000,11094.0,2.0,2018-11-15,2018-11-15 09:13:04.768,9,12,23,9.206388,
,2018-11-16 09:44:10,566109.0,3000.0,,,76.0,TDM 7,1.59,2018-11-17 10:53:00.840000000,11094.0,2.0,2018-11-16,2018-11-16 09:43:16.224,9,44,10,9.736111,
,2018-11-15 07:18:51,205046.0,2000.0,,,79.0,TDM 10,1.06,2018-11-17 10:56:36.897000000,11095.0,2.0,2018-11-15,2018-11-15 07:19:29.024,7,18,51,7.3141665,
,2018-11-15 09:07:32,205046.0,2000.0,,,79.0,TDM 10,1.06,2018-11-17 10:56:36.903000000,11095.0,2.0,2018-11-15,2018-11-15 09:06:31.552,9,7,32,9.125556,
,2018-11-17 06:21:21,205057.0,2500.0,,,79.0,TDM 10,1.32,2018-11-17 10:56:36.910000000,11095.0,2.0,2018-11-17,2018-11-17 06:21:54.048,6,21,21,6.3558335,
,2018-11-17 06:24:13,205057.0,2500.0,,,79.0,TDM 10,1.32,2018-11-17 10:56:36.917000000,11095.0,2.0,2018-11-17,2018-11-17 06:24:05.120,6,24,13,6.403611,
,2018-11-13 11:24:16,637012.0,3000.0,,,89.0,TDM 20,1.59,2018-11-17 11:02:24.593000000,11096.0,2.0,2018-11-13,2018-11-13 11:24:56.192,11,24,16,11.404445,
,2018-11-13 11:27:58,505237.0,1500.0,,,89.0,TDM 20,0.79,2018-11-17 11:02:24.600000000,11096.0,2.0,2018-11-13,2018-11-13 11:27:07.264,11,27,58,11.466111,
,2018-11-17 07:19:13,513090.0,0.0,,,89.0,TDM 20,1.32,2018-11-17 11:02:24.607000000,11096.0,2.0,2018-11-17,2018-11-17 07:18:41.920,7,19,13,7.3202777,
,2018-11-17 07:43:37,513026.0,0.0,,,89.0,TDM 20,0.79,2018-11-17 11:02:24.613000000,11096.0,2.0,2018-11-17,2018-11-17 07:42:43.712,7,43,37,7.7269444,
,2018-11-15 12:41:35,503018.0,2000.0,,,123.0,TDM 53,1.06,2018-11-17 11:06:47.023000000,11097.0,2.0,2018-11-15,2018-11-15 12:40:36.608,12,41,35,12.693055,
,2018-11-14 06:59:15,213029.0,1500.0,,,84.0,TDM 15,0.79,2018-11-19 11:30:58.310000000,11098.0,2.0,2018-11-14,2018-11-14 07:00:12.928,6,59,15,6.9875,
,2018-11-14 07:06:03,213036.0,2000.0,,,84.0,TDM 15,1.06,2018-11-19 11:30:58.317000000,11098.0,2.0,2018-11-14,2018-11-14 07:06:46.144,7,6,3,7.1008334,
,2018-11-14 11:22:10,213018.0,1500.0,,,84.0,TDM 15,0.79,2018-11-19 11:30:58.320000000,11098.0,2.0,2018-11-14,2018-11-14 11:22:21.568,11,22,10,11.369445,
,2018-11-14 14:05:12,208001.0,6650.0,,,84.0,TDM 15,3.49,2018-11-19 11:30:58.327000000,11098.0,2.0,2018-11-14,2018-11-14 14:06:11.968,14,5,12,14.086667,
,2018-11-15 08:54:16,213168.0,3000.0,,,84.0,TDM 15,1.59,2018-11-19 11:30:58.333000000,11098.0,2.0,2018-11-15,2018-11-15 08:53:25.120,8,54,16,8.904445,
,2018-11-15 10:01:09,213024.0,1500.0,,,84.0,TDM 15,0.79,2018-11-19 11:30:58.340000000,11098.0,2.0,2018-11-15,2018-11-15 10:01:08.352,10,1,9,10.019167,
,2018-11-16 10:34:35,213084.0,3000.0,,,84.0,TDM 15,1.59,2018-11-19 11:30:58.347000000,11098.0,2.0,2018-11-16,2018-11-16 10:33:30.880,10,34,35,10.576389,
,2018-11-16 13:28:27,213164.0,1500.0,,,84.0,TDM 15,0.79,2018-11-19 11:30:58.357000000,11098.0,2.0,2018-11-16,2018-11-16 13:28:16.640,13,28,27,13.474167,
,2018-11-16 18:05:53,213010.0,2000.0,,,84.0,TDM 15,1.06,2018-11-19 11:30:58.363000000,11098.0,2.0,2018-11-16,2018-11-16 18:05:42.784,18,5,53,18.098055,
,2018-11-16 18:35:58,213133.0,2500.0,,,84.0,TDM 15,1.32,2018-11-19 11:30:58.370000000,11098.0,2.0,2018-11-16,2018-11-16 18:36:17.792,18,35,58,18.599445,
,2018-11-16 20:06:36,358097.0,0.0,,,105.0,TDM 36,0.79,2018-11-19 11:35:34.107000000,11099.0,2.0,2018-11-16,2018-11-16 20:05:51.744,20,6,36,20.11,
,2018-11-16 20:32:10,358113.0,0.0,,,105.0,TDM 36,1.06,2018-11-19 11:35:34.117000000,11099.0,2.0,2018-11-16,2018-11-16 20:32:04.608,20,32,10,20.536112,
,2018-11-17 09:00:32,358061.0,0.0,,,105.0,TDM 36,1.32,2018-11-19 11:35:34.123000000,11099.0,2.0,2018-11-17,2018-11-17 09:01:22.304,9,0,32,9.008889,
,2018-11-14 08:17:37,303105.0,3000.0,,,97.0,TDM 28,1.59,2018-11-19 11:40:12.117000000,11100.0,2.0,2018-11-14,2018-11-14 08:16:40.448,8,17,37,8.293612,
,2018-11-14 08:56:40,303013.0,2000.0,,,97.0,TDM 28,1.06,2018-11-19 11:40:12.123000000,11100.0,2.0,2018-11-14,2018-11-14 08:55:59.744,8,56,40,8.944445,
,2018-11-17 08:32:49,303042.0,2500.0,,,97.0,TDM 28,1.32,2018-11-19 11:40:12.130000000,11100.0,2.0,2018-11-17,2018-11-17 08:32:58.368,8,32,49,8.546945,
,2018-11-17 09:00:27,303054.0,1500.0,,,97.0,TDM 28,0.79,2018-11-19 11:40:12.137000000,11100.0,2.0,2018-11-17,2018-11-17 09:01:22.304,9,0,27,9.0075,
,2018-11-14 08:19:50,682041.0,3000.0,,,108.0,TDM 38,1.59,2018-11-19 11:45:17.943000000,11101.0,2.0,2018-11-14,2018-11-14 08:18:51.520,8,19,50,8.330556,
,2018-11-14 08:39:12,680010.0,2000.0,,,108.0,TDM 38,1.06,2018-11-19 11:45:17.950000000,11101.0,2.0,2018-11-14,2018-11-14 08:38:31.168,8,39,12,8.653334,
,2018-11-17 08:59:48,680039.0,2500.0,,,108.0,TDM 38,1.32,2018-11-19 11:45:17.957000000,11101.0,2.0,2018-11-17,2018-11-17 08:59:11.232,8,59,48,8.996667,
,2018-11-17 09:20:23,680054.0,2500.0,,,108.0,TDM 38,1.32,2018-11-19 11:45:17.963000000,11101.0,2.0,2018-11-17,2018-11-17 09:21:01.952,9,20,23,9.339723,
,2018-11-02 09:21:26,208999.0,0.0,,,69.0,ROAMING TDM,999.0,2018-11-19 11:51:51.467000000,11102.0,2.0,2018-11-02,2018-11-02 09:20:22.016,9,21,26,9.357223,
,2018-11-06 11:55:49,208001.0,2000.0,,,69.0,ROAMING TDM,1.06,2018-11-19 11:51:51.480000000,11102.0,2.0,2018-11-06,2018-11-06 11:56:04.992,11,55,49,11.930278,
,2018-11-06 12:01:35,208001.0,3000.0,,,69.0,ROAMING TDM,1.59,2018-11-19 11:51:51.487000000,11102.0,2.0,2018-11-06,2018-11-06 12:02:38.208,12,1,35,12.026389,
,2018-11-06 12:03:53,208001.0,3000.0,,,69.0,ROAMING TDM,1.59,2018-11-19 11:51:51.510000000,11102.0,2.0,2018-11-06,2018-11-06 12:04:49.280,12,3,53,12.064722,
,2018-11-06 12:17:28,208001.0,3000.0,,,69.0,ROAMING TDM,1.59,2018-11-19 11:51:51.517000000,11102.0,2.0,2018-11-06,2018-11-06 12:17:55.712,12,17,28,12.291111,
,2018-11-06 12:26:42,208001.0,1500.0,,,69.0,ROAMING TDM,0.79,2018-11-19 11:51:51.520000000,11102.0,2.0,2018-11-06,2018-11-06 12:26:40.000,12,26,42,12.445,
,2018-11-06 12:34:49,208001.0,6650.0,,,69.0,ROAMING TDM,3.49,2018-11-19 11:51:51.527000000,11102.0,2.0,2018-11-06,2018-11-06 12:35:24.288,12,34,49,12.580277,
,2018-11-06 12:41:25,208015.0,2500.0,,,69.0,ROAMING TDM,1.32,2018-11-19 11:51:51.533000000,11102.0,2.0,2018-11-06,2018-11-06 12:41:57.504,12,41,25,12.690278,
,2018-11-06 12:46:09,208016.0,11050.0,,,69.0,ROAMING TDM,5.82,2018-11-19 11:51:51.540000000,11102.0,2.0,2018-11-06,2018-11-06 12:46:19.648,12,46,9,12.769167,
,2018-11-06 12:58:17,208001.0,6650.0,,,69.0,ROAMING TDM,3.49,2018-11-19 11:51:51.547000000,11102.0,2.0,2018-11-06,2018-11-06 12:57:15.008,12,58,17,12.971389,
,2018-11-06 13:06:13,208001.0,6650.0,,,69.0,ROAMING TDM,3.49,2018-11-19 11:51:51.550000000,11102.0,2.0,2018-11-06,2018-11-06 13:05:59.296,13,6,13,13.103611,
,2018-11-06 13:10:03,208002.0,1500.0,,,69.0,ROAMING TDM,0.79,2018-11-19 11:51:51.557000000,11102.0,2.0,2018-11-06,2018-11-06 13:10:21.440,13,10,3,13.1675,
,2018-11-06 13:12:44,208002.0,1500.0,,,69.0,ROAMING TDM,0.79,2018-11-19 11:51:51.563000000,11102.0,2.0,2018-11-06,2018-11-06 13:12:32.512,13,12,44,13.212222,
,2018-11-06 13:22:11,208001.0,6650.0,,,69.0,ROAMING TDM,3.49,2018-11-19 11:51:51.570000000,11102.0,2.0,2018-11-06,2018-11-06 13:21:16.800,13,22,11,13.369722,
,2018-11-06 13:24:45,208001.0,1500.0,,,69.0,ROAMING TDM,0.79,2018-11-19 11:51:51.577000000,11102.0,2.0,2018-11-06,2018-11-06 13:25:38.944,13,24,45,13.4125,
,2018-11-06 13:30:18,208030.0,3000.0,,,69.0,ROAMING TDM,1.59,2018-11-19 11:51:51.580000000,11102.0,2.0,2018-11-06,2018-11-06 13:30:01.088,13,30,18,13.505,
,2018-11-06 13:35:27,208031.0,6650.0,,,69.0,ROAMING TDM,3.49,2018-11-19 11:51:51.593000000,11102.0,2.0,2018-11-06,2018-11-06 13:34:23.232,13,35,27,13.590834,
,2018-11-06 13:39:27,208021.0,11050.0,,,69.0,ROAMING TDM,5.82,2018-11-19 11:51:51.600000000,11102.0,2.0,2018-11-06,2018-11-06 13:38:45.376,13,39,27,13.6575,
,2018-11-14 08:47:20,653096.0,50.0,,,69.0,ROAMING TDM,0.0,2018-11-19 11:51:51.607000000,11102.0,2.0,2018-11-14,2018-11-14 08:47:15.456,8,47,20,8.788889,
,2018-11-15 10:48:00,653002.0,1662800.0,,,69.0,ROAMING TDM,880.0,2018-11-19 11:51:51.610000000,11102.0,2.0,2018-11-15,2018-11-15 10:47:00.864,10,48,0,10.8,
,2018-11-15 10:56:09,653086.0,377950.0,,,69.0,ROAMING TDM,200.0,2018-11-19 11:51:51.617000000,11102.0,2.0,2018-11-15,2018-11-15 10:55:45.152,10,56,9,10.935833,
,2018-11-15 11:06:33,653064.0,377950.0,,,69.0,ROAMING TDM,200.0,2018-11-19 11:51:51.623000000,11102.0,2.0,2018-11-15,2018-11-15 11:06:40.512,11,6,33,11.109167,
,2018-11-17 08:06:44,653065.0,13250.0,,,69.0,ROAMING TDM,6.99,2018-11-19 11:51:51.630000000,11102.0,2.0,2018-11-17,2018-11-17 08:06:45.504,8,6,44,8.112223,
,2018-11-15 06:49:11,603038.0,1500.0,,,96.0,TDM 27,0.79,2018-11-19 11:56:34.770000000,11103.0,2.0,2018-11-15,2018-11-15 06:48:54.016,6,49,11,6.819722,
,2018-11-19 06:15:20,603052.0,1500.0,,,96.0,TDM 27,0.79,2018-11-19 11:56:34.780000000,11103.0,2.0,2018-11-19,2018-11-19 06:14:33.728,6,15,20,6.2555556,
,2018-11-19 06:48:54,603086.0,1500.0,,,96.0,TDM 27,0.79,2018-11-19 11:56:34.787000000,11103.0,2.0,2018-11-19,2018-11-19 06:49:30.880,6,48,54,6.815,
,2018-11-14 08:01:01,509001.0,1500.0,,,102.0,TDM 33,0.79,2018-11-19 11:59:45.030000000,11104.0,2.0,2018-11-14,2018-11-14 08:01:22.944,8,1,1,8.016945,
,2018-11-14 08:13:39,509078.0,1500.0,,,102.0,TDM 33,0.79,2018-11-19 11:59:45.043000000,11104.0,2.0,2018-11-14,2018-11-14 08:14:29.376,8,13,39,8.2275,
,2018-11-14 08:21:11,509104.0,1500.0,,,102.0,TDM 33,0.79,2018-11-19 11:59:45.050000000,11104.0,2.0,2018-11-14,2018-11-14 08:21:02.592,8,21,11,8.353056,
,2018-11-15 08:21:49,509085.0,3000.0,,,102.0,TDM 33,1.59,2018-11-19 11:59:45.057000000,11104.0,2.0,2018-11-15,2018-11-15 08:22:50.112,8,21,49,8.363611,
,2018-11-14 09:53:32,311031.0,3000.0,,,73.0,TDM 4,1.59,2018-11-19 12:05:27.743000000,11105.0,2.0,2018-11-14,2018-11-14 09:52:47.616,9,53,32,9.892222,
,2018-11-14 09:55:08,311031.0,3000.0,,,73.0,TDM 4,1.59,2018-11-19 12:05:27.757000000,11105.0,2.0,2018-11-14,2018-11-14 09:54:58.688,9,55,8,9.918889,
,2018-11-15 12:38:10,311031.0,3000.0,,,73.0,TDM 4,1.59,2018-11-19 12:05:27.760000000,11105.0,2.0,2018-11-15,2018-11-15 12:38:25.536,12,38,10,12.636111,
,2018-11-15 12:41:11,311024.0,2000.0,,,73.0,TDM 4,1.06,2018-11-19 12:05:27.767000000,11105.0,2.0,2018-11-15,2018-11-15 12:40:36.608,12,41,11,12.686389,
,2018-11-16 09:32:30,311048.0,1500.0,,,73.0,TDM 4,0.79,2018-11-19 12:05:27.773000000,11105.0,2.0,2018-11-16,2018-11-16 09:32:20.864,9,32,30,9.541667,
,2018-11-19 10:20:01,311048.0,1500.0,,,73.0,TDM 4,0.79,2018-11-19 12:05:27.780000000,11105.0,2.0,2018-11-19,2018-11-19 10:19:13.792,10,20,1,10.3336115,
,2018-11-14 12:41:21,381040.0,1500.0,,,90.0,TDM 21,0.79,2018-11-19 12:09:32.893000000,11106.0,2.0,2018-11-14,2018-11-14 12:41:00.160,12,41,21,12.689167,
,2018-11-14 12:42:54,381118.0,1500.0,,,90.0,TDM 21,0.79,2018-11-19 12:09:32.900000000,11106.0,2.0,2018-11-14,2018-11-14 12:43:11.232,12,42,54,12.715,
,2018-11-14 12:54:01,381169.0,2500.0,,,90.0,TDM 21,1.32,2018-11-19 12:09:32.907000000,11106.0,2.0,2018-11-14,2018-11-14 12:54:06.592,12,54,1,12.900278,
,2018-11-14 13:10:24,381167.0,6650.0,,,90.0,TDM 21,3.49,2018-11-19 12:09:32.913000000,11106.0,2.0,2018-11-14,2018-11-14 13:09:24.096,13,10,24,13.173333,
,2018-11-15 13:11:10,381156.0,2500.0,,,90.0,TDM 21,1.32,2018-11-19 12:09:32.920000000,11106.0,2.0,2018-11-15,2018-11-15 13:11:11.616,13,11,10,13.186111,
,2018-11-15 13:13:04,381156.0,2500.0,,,90.0,TDM 21,1.32,2018-11-19 12:09:32.927000000,11106.0,2.0,2018-11-15,2018-11-15 13:13:22.688,13,13,4,13.217778,
,2018-11-17 13:20:10,381033.0,1500.0,,,90.0,TDM 21,0.79,2018-11-19 12:09:32.930000000,11106.0,2.0,2018-11-17,2018-11-17 13:19:08.800,13,20,10,13.336111,
,2018-11-17 13:21:19,381033.0,1500.0,,,90.0,TDM 21,0.79,2018-11-19 12:09:32.937000000,11106.0,2.0,2018-11-17,2018-11-17 13:21:19.872,13,21,19,13.355278,
,2018-11-17 13:24:13,381033.0,1500.0,,,90.0,TDM 21,0.79,2018-11-19 12:09:32.943000000,11106.0,2.0,2018-11-17,2018-11-17 13:23:30.944,13,24,13,13.403611,
,2018-11-14 08:08:37,539135.0,1500.0,,,72.0,TDM 3,0.79,2018-11-19 12:16:18.580000000,11107.0,2.0,2018-11-14,2018-11-14 08:07:56.160,8,8,37,8.143611,
,2018-11-14 08:11:54,539135.0,1500.0,,,72.0,TDM 3,0.79,2018-11-19 12:16:18.590000000,11107.0,2.0,2018-11-14,2018-11-14 08:12:18.304,8,11,54,8.198334,
,2018-11-17 13:35:33,539088.0,2500.0,,,72.0,TDM 3,1.32,2018-11-19 12:16:18.593000000,11107.0,2.0,2018-11-17,2018-11-17 13:36:37.376,13,35,33,13.5925,
,2018-11-18 19:39:36,539140.0,3000.0,,,72.0,TDM 3,1.59,2018-11-19 12:16:18.600000000,11107.0,2.0,2018-11-18,2018-11-18 19:38:51.776,19,39,36,19.66,
,2018-11-19 06:31:03,539086.0,1500.0,,,72.0,TDM 3,0.79,2018-11-19 12:16:18.607000000,11107.0,2.0,2018-11-19,2018-11-19 06:32:02.304,6,31,3,6.5175,
,2018-11-19 06:43:06,539065.0,1500.0,,,72.0,TDM 3,0.79,2018-11-19 12:16:18.613000000,11107.0,2.0,2018-11-19,2018-11-19 06:42:57.664,6,43,6,6.7183332,
,2018-11-19 06:55:18,539075.0,2500.0,,,72.0,TDM 3,1.32,2018-11-19 12:16:18.620000000,11107.0,2.0,2018-11-19,2018-11-19 06:56:04.096,6,55,18,6.9216666,
,2018-11-19 06:57:49,539075.0,2500.0,,,72.0,TDM 3,1.32,2018-11-19 12:16:18.623000000,11107.0,2.0,2018-11-19,2018-11-19 06:58:15.168,6,57,49,6.963611,
,2018-11-19 09:01:51,539076.0,1500.0,,,72.0,TDM 3,0.79,2018-11-19 12:16:18.630000000,11107.0,2.0,2018-11-19,2018-11-19 09:02:46.272,9,1,51,9.030833,
,2018-11-13 08:23:57,639075.0,2000.0,,,95.0,TDM 26,1.06,2018-11-19 12:20:48.293000000,11108.0,2.0,2018-11-13,2018-11-13 08:23:37.216,8,23,57,8.399167,
,2018-11-14 08:24:13,639095.0,3000.0,,,95.0,TDM 26,1.59,2018-11-19 12:20:48.300000000,11108.0,2.0,2018-11-14,2018-11-14 08:23:13.664,8,24,13,8.403611,
,2018-11-14 09:30:32,639042.0,1500.0,,,95.0,TDM 26,0.79,2018-11-19 12:20:48.307000000,11108.0,2.0,2018-11-14,2018-11-14 09:30:56.896,9,30,32,9.508889,
,2018-11-17 07:33:31,639089.0,3000.0,,,95.0,TDM 26,1.59,2018-11-19 12:20:48.320000000,11108.0,2.0,2018-11-17,2018-11-17 07:33:59.424,7,33,31,7.558611,
,2018-11-14 07:41:44,505099.0,2500.0,,,107.0,TDM 37,1.32,2018-11-19 12:24:47.680000000,11109.0,2.0,2018-11-14,2018-11-14 07:41:43.296,7,41,44,7.6955557,
,2018-11-14 10:10:22,505099.0,2500.0,,,107.0,TDM 37,1.32,2018-11-19 12:24:47.693000000,11109.0,2.0,2018-11-14,2018-11-14 10:10:16.192,10,10,22,10.172778,
,2018-11-14 10:16:00,505027.0,1500.0,,,107.0,TDM 37,0.79,2018-11-19 12:24:47.700000000,11109.0,2.0,2018-11-14,2018-11-14 10:16:49.408,10,16,0,10.266666,
,2018-11-17 06:58:12,505002.0,1500.0,,,107.0,TDM 37,0.79,2018-11-19 12:24:47.703000000,11109.0,2.0,2018-11-17,2018-11-17 06:59:02.272,6,58,12,6.97,
,2018-11-12 11:56:40,208999.0,0.0,,,100.0,TDM 31,999.0,2018-11-19 12:28:29.350000000,11110.0,2.0,2018-11-12,2018-11-12 11:55:54.752,11,56,40,11.944445,
,2018-11-19 09:25:55,362047.0,3000.0,,,100.0,TDM 31,1.59,2018-11-19 12:28:29.373000000,11110.0,2.0,2018-11-19,2018-11-19 09:26:48.064,9,25,55,9.431945,
,2018-11-22 15:38:26,208001.0,13250.0,,,72.0,TDM 3,6.99,2018-11-23 13:56:58.467000000,11111.0,2.0,2018-11-22,2018-11-22 15:39:10.720,15,38,26,15.640555,
,2018-11-22 15:59:51,208030661.0,1500.0,,,72.0,TDM 3,0.79,2018-11-23 13:56:58.473000000,11111.0,2.0,2018-11-22,2018-11-22 15:58:50.368,15,59,51,15.9975,
,2018-11-22 16:03:45,208030.0,8850.0,,,72.0,TDM 3,4.66,2018-11-23 13:56:58.480000000,11111.0,2.0,2018-11-22,2018-11-22 16:03:12.512,16,3,45,16.0625,
,2018-11-22 16:11:20,208030661.0,11050.0,,,72.0,TDM 3,5.82,2018-11-23 13:56:58.487000000,11111.0,2.0,2018-11-22,2018-11-22 16:11:56.800,16,11,20,16.188889,
,2018-11-16 10:40:52,642025.0,2000.0,,,80.0,TDM11,1.06,2018-11-23 14:02:08.580000000,11112.0,2.0,2018-11-16,2018-11-16 10:40:04.096,10,40,52,10.681111,
,2018-11-16 11:25:51,642015.0,6650.0,,,80.0,TDM11,3.49,2018-11-23 14:02:08.593000000,11112.0,2.0,2018-11-16,2018-11-16 11:25:56.608,11,25,51,11.430833,
,2018-11-19 11:07:42,642065.0,2500.0,,,80.0,TDM11,1.32,2018-11-23 14:02:08.600000000,11112.0,2.0,2018-11-19,2018-11-19 11:07:17.376,11,7,42,11.128333,
,2018-11-19 11:10:37,642065.0,2500.0,,,80.0,TDM11,1.32,2018-11-23 14:02:08.603000000,11112.0,2.0,2018-11-19,2018-11-19 11:11:39.520,11,10,37,11.176945,
,2018-11-19 11:19:07,642065.0,2500.0,,,80.0,TDM11,1.32,2018-11-23 14:02:08.610000000,11112.0,2.0,2018-11-19,2018-11-19 11:18:12.736,11,19,7,11.318611,
,2018-11-22 08:45:41,642002.0,3000.0,,,80.0,TDM11,1.59,2018-11-23 14:02:08.617000000,11112.0,2.0,2018-11-22,2018-11-22 08:46:18.112,8,45,41,8.761389,
,2018-11-22 08:50:43,642002.0,3000.0,,,80.0,TDM11,1.59,2018-11-23 14:02:08.623000000,11112.0,2.0,2018-11-22,2018-11-22 08:50:40.256,8,50,43,8.845278,
,2018-11-22 08:53:20,642002.0,3000.0,,,80.0,TDM11,1.59,2018-11-23 14:02:08.630000000,11112.0,2.0,2018-11-22,2018-11-22 08:52:51.328,8,53,20,8.888889,
,2018-11-22 08:57:24,642002.0,3000.0,,,80.0,TDM11,1.59,2018-11-23 14:02:08.633000000,11112.0,2.0,2018-11-22,2018-11-22 08:57:13.472,8,57,24,8.956667,
,2018-11-22 08:59:53,642002.0,3000.0,,,80.0,TDM11,1.59,2018-11-23 14:02:08.640000000,11112.0,2.0,2018-11-22,2018-11-22 08:59:24.544,8,59,53,8.998055,
,2018-11-22 09:03:29,642002.0,3000.0,,,80.0,TDM11,1.59,2018-11-23 14:02:08.647000000,11112.0,2.0,2018-11-22,2018-11-22 09:03:46.688,9,3,29,9.058056,
,2018-11-22 09:06:06,642002.0,3000.0,,,80.0,TDM11,1.59,2018-11-23 14:02:08.653000000,11112.0,2.0,2018-11-22,2018-11-22 09:05:57.760,9,6,6,9.101666,
,2018-11-22 09:08:47,642002.0,3000.0,,,80.0,TDM11,1.59,2018-11-23 14:02:08.660000000,11112.0,2.0,2018-11-22,2018-11-22 09:08:08.832,9,8,47,9.146389,
,2018-11-22 09:13:10,642002.0,3000.0,,,80.0,TDM11,1.59,2018-11-23 14:02:08.663000000,11112.0,2.0,2018-11-22,2018-11-22 09:12:30.976,9,13,10,9.219444,
,2018-11-22 09:40:45,642002.0,3000.0,,,80.0,TDM11,1.59,2018-11-23 14:02:08.670000000,11112.0,2.0,2018-11-22,2018-11-22 09:40:54.912,9,40,45,9.679167,
,2018-11-22 09:10:29,311044.0,3000.0,,,73.0,TDM 4,1.59,2018-11-23 14:07:07.417000000,11113.0,2.0,2018-11-22,2018-11-22 09:10:19.904,9,10,29,9.174723,
,2018-11-05 11:08:16,217029.0,3000.0,,,88.0,TDM 19,1.59,2018-11-23 14:10:16.450000000,11114.0,2.0,2018-11-05,2018-11-05 11:08:24.960,11,8,16,11.137777,
,2018-11-06 12:54:13,217151.0,1500.0,,,88.0,TDM 19,0.79,2018-11-23 14:10:16.457000000,11114.0,2.0,2018-11-06,2018-11-06 12:55:03.936,12,54,13,12.903611,
,2018-11-07 09:28:07,217159.0,1500.0,,,88.0,TDM 19,0.79,2018-11-23 14:10:16.460000000,11114.0,2.0,2018-11-07,2018-11-07 09:27:08.544,9,28,7,9.468611,
,2018-11-07 11:07:49,217182.0,1500.0,,,88.0,TDM 19,0.79,2018-11-23 14:10:16.467000000,11114.0,2.0,2018-11-07,2018-11-07 11:07:37.856,11,7,49,11.130278,
,2018-11-07 12:29:37,217205.0,1500.0,,,88.0,TDM 19,0.79,2018-11-23 14:10:16.473000000,11114.0,2.0,2018-11-07,2018-11-07 12:30:38.592,12,29,37,12.493611,
,2018-11-07 13:57:17,217228.0,1500.0,,,88.0,TDM 19,0.79,2018-11-23 14:10:16.480000000,11114.0,2.0,2018-11-07,2018-11-07 13:58:01.472,13,57,17,13.954722,
,2018-11-07 14:30:42,217233.0,3000.0,,,88.0,TDM 19,1.59,2018-11-23 14:10:16.487000000,11114.0,2.0,2018-11-07,2018-11-07 14:30:47.552,14,30,42,14.511666,
,2018-11-09 11:31:35,608037.0,2500.0,,,88.0,TDM 19,1.32,2018-11-23 14:10:16.490000000,11114.0,2.0,2018-11-09,2018-11-09 11:30:52.544,11,31,35,11.526389,
,2018-11-14 09:22:31,608173.0,3000.0,,,88.0,TDM 19,1.59,2018-11-23 14:10:16.497000000,11114.0,2.0,2018-11-14,2018-11-14 09:22:12.608,9,22,31,9.3752775,
,2018-11-14 09:25:08,608173.0,3000.0,,,88.0,TDM 19,1.59,2018-11-23 14:10:16.503000000,11114.0,2.0,2018-11-14,2018-11-14 09:24:23.680,9,25,8,9.418889,
,2018-11-14 10:33:14,608186.0,6650.0,,,88.0,TDM 19,3.49,2018-11-23 14:10:16.510000000,11114.0,2.0,2018-11-14,2018-11-14 10:34:17.984,10,33,14,10.553889,
,2018-11-14 10:35:39,608186.0,6650.0,,,88.0,TDM 19,3.49,2018-11-23 14:10:16.517000000,11114.0,2.0,2018-11-14,2018-11-14 10:36:29.056,10,35,39,10.594167,
,2018-11-16 09:28:19,608002.0,11050.0,,,88.0,TDM 19,5.82,2018-11-23 14:10:16.520000000,11114.0,2.0,2018-11-16,2018-11-16 09:27:58.720,9,28,19,9.471945,
,2018-11-16 09:31:18,608044.0,2500.0,,,88.0,TDM 19,1.32,2018-11-23 14:10:16.527000000,11114.0,2.0,2018-11-16,2018-11-16 09:32:20.864,9,31,18,9.521667,
,2018-11-16 10:34:14,217010.0,3000.0,,,88.0,TDM 19,1.59,2018-11-23 14:10:16.533000000,11114.0,2.0,2018-11-16,2018-11-16 10:33:30.880,10,34,14,10.570556,
,2018-11-16 15:52:30,217155.0,2500.0,,,88.0,TDM 19,1.32,2018-11-23 14:10:16.540000000,11114.0,2.0,2018-11-16,2018-11-16 15:52:27.392,15,52,30,15.875,
,2018-11-16 16:12:02,217154.0,1500.0,,,88.0,TDM 19,0.79,2018-11-23 14:10:16.547000000,11114.0,2.0,2018-11-16,2018-11-16 16:12:07.040,16,12,2,16.200556,
,2018-11-16 16:42:07,217161.0,2000.0,,,88.0,TDM 19,1.06,2018-11-23 14:10:16.550000000,11114.0,2.0,2018-11-16,2018-11-16 16:42:42.048,16,42,7,16.701944,
,2018-11-17 08:06:03,608005.0,2000.0,,,88.0,TDM 19,1.06,2018-11-23 14:10:16.557000000,11114.0,2.0,2018-11-17,2018-11-17 08:06:45.504,8,6,3,8.100833,
,2018-11-17 11:00:03,608079.0,1500.0,,,88.0,TDM 19,0.79,2018-11-23 14:10:16.563000000,11114.0,2.0,2018-11-17,2018-11-17 10:59:20.192,11,0,3,11.0008335,
,2018-11-17 11:20:34,608173.0,3000.0,,,88.0,TDM 19,1.59,2018-11-23 14:10:16.570000000,11114.0,2.0,2018-11-17,2018-11-17 11:21:10.912,11,20,34,11.342778,
,2018-11-17 11:42:15,608186.0,6650.0,,,88.0,TDM 19,3.49,2018-11-23 14:10:16.577000000,11114.0,2.0,2018-11-17,2018-11-17 11:43:01.632,11,42,15,11.704166,
,2018-11-17 13:59:20,608127.0,3000.0,,,88.0,TDM 19,1.59,2018-11-23 14:10:16.580000000,11114.0,2.0,2018-11-17,2018-11-17 13:58:28.096,13,59,20,13.988889,
,2018-11-17 14:08:27,608097.0,3000.0,,,88.0,TDM 19,1.59,2018-11-23 14:10:16.587000000,11114.0,2.0,2018-11-17,2018-11-17 14:09:23.456,14,8,27,14.140833,
,2018-11-17 14:24:05,608162.0,1500.0,,,88.0,TDM 19,0.79,2018-11-23 14:10:16.593000000,11114.0,2.0,2018-11-17,2018-11-17 14:24:40.960,14,24,5,14.401389,
,2018-11-17 14:53:40,608160.0,2500.0,,,88.0,TDM 19,1.32,2018-11-23 14:10:16.600000000,11114.0,2.0,2018-11-17,2018-11-17 14:53:04.896,14,53,40,14.894444,
,2018-11-19 08:14:09,217226.0,8850.0,,,88.0,TDM 19,4.66,2018-11-23 14:10:16.607000000,11114.0,2.0,2018-11-19,2018-11-19 08:14:42.688,8,14,9,8.235833,
,2018-11-19 09:29:35,217203.0,1500.0,,,88.0,TDM 19,0.79,2018-11-23 14:10:16.610000000,11114.0,2.0,2018-11-19,2018-11-19 09:28:59.136,9,29,35,9.493055,
,2018-11-19 11:15:43,217135.0,1500.0,,,88.0,TDM 19,0.79,2018-11-23 14:10:16.617000000,11114.0,2.0,2018-11-19,2018-11-19 11:16:01.664,11,15,43,11.261945,
,2018-11-19 12:10:13,217104.0,2500.0,,,88.0,TDM 19,1.32,2018-11-23 14:10:16.623000000,11114.0,2.0,2018-11-19,2018-11-19 12:10:38.464,12,10,13,12.170278,
,2018-11-19 12:51:17,217153.0,2500.0,,,88.0,TDM 19,1.32,2018-11-23 14:10:16.630000000,11114.0,2.0,2018-11-19,2018-11-19 12:52:08.832,12,51,17,12.854722,
,2018-11-19 13:30:11,217102.0,1500.0,,,88.0,TDM 19,0.79,2018-11-23 14:10:16.637000000,11114.0,2.0,2018-11-19,2018-11-19 13:29:17.056,13,30,11,13.503056,
,2018-11-19 14:26:44,217163.0,2000.0,,,88.0,TDM 19,1.06,2018-11-23 14:10:16.640000000,11114.0,2.0,2018-11-19,2018-11-19 14:26:04.928,14,26,44,14.445556,
,2018-11-20 07:23:00,608008.0,3000.0,,,88.0,TDM 19,1.59,2018-11-23 14:10:16.647000000,11114.0,2.0,2018-11-20,2018-11-20 07:24:04.480,7,23,0,7.383333,
,2018-11-20 07:48:40,608018.0,3000.0,,,88.0,TDM 19,1.59,2018-11-23 14:10:16.653000000,11114.0,2.0,2018-11-20,2018-11-20 07:48:06.272,7,48,40,7.811111,
,2018-11-20 07:50:41,608022.0,2500.0,,,88.0,TDM 19,1.32,2018-11-23 14:10:16.660000000,11114.0,2.0,2018-11-20,2018-11-20 07:50:17.344,7,50,41,7.8447223,
,2018-11-20 08:42:06,608036.0,2000.0,,,88.0,TDM 19,1.06,2018-11-23 14:10:16.667000000,11114.0,2.0,2018-11-20,2018-11-20 08:42:43.072,8,42,6,8.701667,
,2018-11-20 08:49:03,608070.0,2500.0,,,88.0,TDM 19,1.32,2018-11-23 14:10:16.670000000,11114.0,2.0,2018-11-20,2018-11-20 08:49:16.288,8,49,3,8.8175,
,2018-11-20 09:13:54,608041.0,2500.0,,,88.0,TDM 19,1.32,2018-11-23 14:10:16.677000000,11114.0,2.0,2018-11-20,2018-11-20 09:13:18.080,9,13,54,9.231667,
,2018-11-20 13:54:00,608113.0,1500.0,,,88.0,TDM 19,0.79,2018-11-23 14:10:16.683000000,11114.0,2.0,2018-11-20,2018-11-20 13:52:55.296,13,54,0,13.9,
,2018-11-21 07:16:58,217234.0,1500.0,,,88.0,TDM 19,0.79,2018-11-23 14:10:16.690000000,11114.0,2.0,2018-11-21,2018-11-21 07:17:07.712,7,16,58,7.282778,
,2018-11-21 09:57:30,217227.0,2000.0,,,88.0,TDM 19,1.06,2018-11-23 14:10:16.697000000,11114.0,2.0,2018-11-21,2018-11-21 09:56:35.968,9,57,30,9.958333,
,2018-11-21 11:04:53,217076.0,2000.0,,,88.0,TDM 19,1.06,2018-11-23 14:10:16.700000000,11114.0,2.0,2018-11-21,2018-11-21 11:04:19.200,11,4,53,11.081388,
,2018-11-22 08:12:05,608032.0,0.0,,,88.0,TDM 19,1.06,2018-11-23 14:10:16.707000000,11114.0,2.0,2018-11-22,2018-11-22 08:11:20.960,8,12,5,8.201389,
,2018-11-22 08:14:40,608032.0,2000.0,,,88.0,TDM 19,1.06,2018-11-23 14:10:16.713000000,11114.0,2.0,2018-11-22,2018-11-22 08:15:43.104,8,14,40,8.244445,
,2018-11-22 11:30:50,608180.0,2000.0,,,88.0,TDM 19,1.06,2018-11-23 14:10:16.720000000,11114.0,2.0,2018-11-22,2018-11-22 11:30:08.512,11,30,50,11.513889,
,2018-11-22 13:10:37,608139.0,3000.0,,,88.0,TDM 19,1.59,2018-11-23 14:10:16.727000000,11114.0,2.0,2018-11-22,2018-11-22 13:10:37.824,13,10,37,13.176945,
,2018-11-22 13:21:25,608132.0,2500.0,,,88.0,TDM 19,1.32,2018-11-23 14:10:16.730000000,11114.0,2.0,2018-11-22,2018-11-22 13:21:33.184,13,21,25,13.356944,
,2018-11-22 13:30:06,608060.0,1500.0,,,88.0,TDM 19,0.79,2018-11-23 14:10:16.737000000,11114.0,2.0,2018-11-22,2018-11-22 13:30:17.472,13,30,6,13.501667,
,2018-11-23 08:19:56,362009.0,2000.0,,,100.0,TDM 31,1.06,2018-11-23 14:15:00.810000000,11115.0,2.0,2018-11-23,2018-11-23 08:19:41.696,8,19,56,8.332222,
,2018-11-23 08:22:18,362015.0,1500.0,,,100.0,TDM 31,0.79,2018-11-23 14:15:00.817000000,11115.0,2.0,2018-11-23,2018-11-23 08:21:52.768,8,22,18,8.371667,
,2018-11-17 08:16:12,341043.0,6650.0,,,116.0,TDM 46,3.49,2018-11-23 14:22:11.183000000,11116.0,2.0,2018-11-17,2018-11-17 08:15:29.792,8,16,12,8.27,
,2018-11-21 07:15:02,330009.0,2000.0,,,116.0,TDM 46,1.06,2018-11-23 14:22:11.193000000,11116.0,2.0,2018-11-21,2018-11-21 07:14:56.640,7,15,2,7.2505555,
,2018-11-05 10:02:35,377013.0,1500.0,,,112.0,TDM 42,0.79,2018-11-23 14:25:00.407000000,11117.0,2.0,2018-11-05,2018-11-05 10:02:52.800,10,2,35,10.043056,
,2018-11-17 07:16:31,229038.0,2500.0,,,101.0,TDM 32,1.32,2018-11-23 14:27:44.853000000,11118.0,2.0,2018-11-17,2018-11-17 07:16:30.848,7,16,31,7.2752776,
,2018-11-19 08:14:26,229021.0,1500.0,,,101.0,TDM 32,0.79,2018-11-23 14:27:44.870000000,11118.0,2.0,2018-11-19,2018-11-19 08:14:42.688,8,14,26,8.240556,
,2018-11-23 08:19:44,702140.0,11050.0,,,101.0,TDM 32,5.82,2018-11-23 14:27:44.890000000,11118.0,2.0,2018-11-23,2018-11-23 08:19:41.696,8,19,44,8.328889,
,2018-11-23 08:21:04,702140.0,11050.0,,,101.0,TDM 32,5.82,2018-11-23 14:27:44.897000000,11118.0,2.0,2018-11-23,2018-11-23 08:21:52.768,8,21,4,8.351111,
,2018-11-17 07:17:27,218003.0,1500.0,,,91.0,TDM 22,0.79,2018-11-23 14:30:18.877000000,11119.0,2.0,2018-11-17,2018-11-17 07:16:30.848,7,17,27,7.2908335,
,2018-11-17 08:05:00,218100.0,1500.0,,,91.0,TDM 22,0.79,2018-11-23 14:30:18.890000000,11119.0,2.0,2018-11-17,2018-11-17 08:04:34.432,8,5,0,8.083333,
,2018-11-17 08:45:20,218074.0,1500.0,,,91.0,TDM 22,0.79,2018-11-23 14:30:18.893000000,11119.0,2.0,2018-11-17,2018-11-17 08:46:04.800,8,45,20,8.755555,
,2018-11-19 07:58:48,218082.0,3000.0,,,91.0,TDM 22,1.59,2018-11-23 14:30:18.900000000,11119.0,2.0,2018-11-19,2018-11-19 07:59:25.184,7,58,48,7.98,
,2018-11-21 07:22:25,218107.0,1500.0,,,91.0,TDM 22,0.79,2018-11-23 14:30:18.907000000,11119.0,2.0,2018-11-21,2018-11-21 07:21:29.856,7,22,25,7.373611,
,2018-11-21 08:43:42,218121.0,2000.0,,,91.0,TDM 22,1.06,2018-11-23 14:30:18.913000000,11119.0,2.0,2018-11-21,2018-11-21 08:44:30.592,8,43,42,8.728333,
,2018-11-21 08:57:31,218123.0,1500.0,,,91.0,TDM 22,0.79,2018-11-23 14:30:18.920000000,11119.0,2.0,2018-11-21,2018-11-21 08:57:37.024,8,57,31,8.9586115,
,2018-11-22 15:13:55,208001.0,0.0,,,108.0,TDM 38,6.99,2018-11-23 14:32:37.270000000,11120.0,2.0,2018-11-22,2018-11-22 15:12:57.856,15,13,55,15.231944,
,2018-11-22 15:44:40,208001.0,0.0,,,108.0,TDM 38,4.66,2018-11-23 14:32:37.283000000,11120.0,2.0,2018-11-22,2018-11-22 15:45:43.936,15,44,40,15.744445,
,2018-11-21 07:39:54,505014.0,2500.0,,,107.0,TDM 37,1.32,2018-11-23 14:35:20.670000000,11121.0,2.0,2018-11-21,2018-11-21 07:38:58.432,7,39,54,7.665,
,2018-11-21 06:59:36,603031.0,1500.0,,,96.0,TDM 27,0.79,2018-11-23 14:46:16.020000000,11122.0,2.0,2018-11-21,2018-11-21 06:59:39.136,6,59,36,6.9933333,
,2018-11-21 07:14:32,603017.0,2000.0,,,96.0,TDM 27,1.06,2018-11-23 14:46:16.030000000,11122.0,2.0,2018-11-21,2018-11-21 07:14:56.640,7,14,32,7.2422223,
,2018-11-05 11:49:58,367035.0,2000.0,,,124.0,TDM 54,1.06,2018-11-23 14:50:17.983000000,11123.0,2.0,2018-11-05,2018-11-05 11:49:55.328,11,49,58,11.832778,
,2018-11-09 11:33:22,638029.0,2000.0,,,124.0,TDM 54,1.06,2018-11-23 14:50:17.993000000,11123.0,2.0,2018-11-09,2018-11-09 11:33:03.616,11,33,22,11.556111,
,2018-11-19 09:04:45,680051.0,3000.0,,,124.0,TDM 54,1.59,2018-11-23 14:50:18,11123.0,2.0,2018-11-19,2018-11-19 09:04:57.344,9,4,45,9.079166,
,2018-11-19 09:05:59,680051.0,3000.0,,,124.0,TDM 54,1.59,2018-11-23 14:50:18.003000000,11123.0,2.0,2018-11-19,2018-11-19 09:04:57.344,9,5,59,9.099722,
,2018-11-19 09:27:07,680051.0,3000.0,,,124.0,TDM 54,1.59,2018-11-23 14:50:18.010000000,11123.0,2.0,2018-11-19,2018-11-19 09:26:48.064,9,27,7,9.451944,
,2018-11-19 10:12:11,687219.0,1500.0,,,124.0,TDM 54,0.79,2018-11-23 14:50:18.017000000,11123.0,2.0,2018-11-19,2018-11-19 10:12:40.576,10,12,11,10.203055,
,2018-11-19 13:09:44,505019.0,2500.0,,,124.0,TDM 54,1.32,2018-11-23 14:50:18.043000000,11123.0,2.0,2018-11-19,2018-11-19 13:09:37.408,13,9,44,13.162222,
,2018-11-19 13:14:55,505002.0,2000.0,,,124.0,TDM 54,1.06,2018-11-23 14:50:18.050000000,11123.0,2.0,2018-11-19,2018-11-19 13:13:59.552,13,14,55,13.248611,
,2018-11-20 07:27:28,502060.0,3000.0,,,124.0,TDM 54,1.59,2018-11-23 14:50:18.057000000,11123.0,2.0,2018-11-20,2018-11-20 07:28:26.624,7,27,28,7.457778,
,2018-11-20 07:30:41,502060.0,3000.0,,,124.0,TDM 54,1.59,2018-11-23 14:50:18.060000000,11123.0,2.0,2018-11-20,2018-11-20 07:30:37.696,7,30,41,7.511389,
,2018-11-20 07:47:12,503056.0,1500.0,,,124.0,TDM 54,0.79,2018-11-23 14:50:18.067000000,11123.0,2.0,2018-11-20,2018-11-20 07:48:06.272,7,47,12,7.786667,
,2018-11-20 07:50:06,503065.0,1500.0,,,124.0,TDM 54,0.79,2018-11-23 14:50:18.073000000,11123.0,2.0,2018-11-20,2018-11-20 07:50:17.344,7,50,6,7.835,
,2018-11-20 07:53:15,503056.0,1500.0,,,124.0,TDM 54,0.79,2018-11-23 14:50:18.080000000,11123.0,2.0,2018-11-20,2018-11-20 07:52:28.416,7,53,15,7.8875,
,2018-11-20 07:56:10,503056.0,1500.0,,,124.0,TDM 54,0.79,2018-11-23 14:50:18.087000000,11123.0,2.0,2018-11-20,2018-11-20 07:56:50.560,7,56,10,7.936111,
,2018-11-20 07:59:54,503056.0,1500.0,,,124.0,TDM 54,0.79,2018-11-23 14:50:18.090000000,11123.0,2.0,2018-11-20,2018-11-20 07:59:01.632,7,59,54,7.9983335,
,2018-11-20 08:49:13,507228.0,3000.0,,,124.0,TDM 54,1.59,2018-11-23 14:50:18.097000000,11123.0,2.0,2018-11-20,2018-11-20 08:49:16.288,8,49,13,8.820278,
,2018-11-20 08:53:59,508228.0,3000.0,,,124.0,TDM 54,1.59,2018-11-23 14:50:18.103000000,11123.0,2.0,2018-11-20,2018-11-20 08:53:38.432,8,53,59,8.899722,
,2018-11-20 08:58:53,508228.0,3000.0,,,124.0,TDM 54,1.59,2018-11-23 14:50:18.110000000,11123.0,2.0,2018-11-20,2018-11-20 08:58:00.576,8,58,53,8.981389,
,2018-11-20 09:05:41,502056.0,1500.0,,,124.0,TDM 54,0.79,2018-11-23 14:50:18.117000000,11123.0,2.0,2018-11-20,2018-11-20 09:06:44.864,9,5,41,9.094722,
,2018-11-20 09:09:39,502056.0,1500.0,,,124.0,TDM 54,0.79,2018-11-23 14:50:18.120000000,11123.0,2.0,2018-11-20,2018-11-20 09:08:55.936,9,9,39,9.160833,
,2018-11-22 11:12:50,500142.0,2000.0,,,124.0,TDM 54,1.06,2018-11-23 14:50:18.127000000,11123.0,2.0,2018-11-22,2018-11-22 11:12:39.936,11,12,50,11.213889,
,2018-11-21 06:20:44,543015.0,8850.0,,,120.0,TDM 50,4.66,2018-11-23 14:54:53.010000000,11124.0,2.0,2018-11-21,2018-11-21 06:20:19.840,6,20,44,6.345556,
,2018-11-21 06:24:17,543015.0,8850.0,,,120.0,TDM 50,4.66,2018-11-23 14:54:53.027000000,11124.0,2.0,2018-11-21,2018-11-21 06:24:41.984,6,24,17,6.404722,
,2018-11-21 19:26:47,543015.0,8850.0,,,120.0,TDM 50,4.66,2018-11-23 14:54:53.030000000,11124.0,2.0,2018-11-21,2018-11-21 19:26:45.760,19,26,47,19.446388,
,2018-11-09 08:19:36,694079.0,1500.0,,,98.0,TDM 29,0.79,2018-11-23 15:00:55,11125.0,2.0,2018-11-09,2018-11-09 08:18:38.208,8,19,36,8.326667,
,2018-11-09 08:22:17,694079.0,1500.0,,,98.0,TDM 29,0.79,2018-11-23 15:00:55.010000000,11125.0,2.0,2018-11-09,2018-11-09 08:23:00.352,8,22,17,8.371388,
,2018-11-09 08:23:55,694079.0,1500.0,,,98.0,TDM 29,0.79,2018-11-23 15:00:55.017000000,11125.0,2.0,2018-11-09,2018-11-09 08:23:00.352,8,23,55,8.398611,
,2018-11-12 09:30:33,697007.0,11050.0,,,98.0,TDM 29,5.82,2018-11-23 15:00:55.020000000,11125.0,2.0,2018-11-12,2018-11-12 09:29:32.928,9,30,33,9.509167,
,2018-11-12 10:55:09,697032.0,3000.0,,,98.0,TDM 29,1.59,2018-11-23 15:00:55.027000000,11125.0,2.0,2018-11-12,2018-11-12 10:54:44.736,10,55,9,10.919167,
,2018-11-19 08:17:15,694020.0,3000.0,,,98.0,TDM 29,1.59,2018-11-23 15:00:55.033000000,11125.0,2.0,2018-11-19,2018-11-19 08:16:53.760,8,17,15,8.2875,
,2018-11-21 12:07:52,697088.0,8850.0,,,98.0,TDM 29,4.66,2018-11-23 15:00:55.040000000,11125.0,2.0,2018-11-21,2018-11-21 12:07:40.288,12,7,52,12.131111,
,2018-11-22 07:51:26,694179.0,1500.0,,,98.0,TDM 29,0.79,2018-11-23 15:00:55.043000000,11125.0,2.0,2018-11-22,2018-11-22 07:51:41.312,7,51,26,7.857222,
,2018-11-22 08:16:11,694022.0,1500.0,,,98.0,TDM 29,0.79,2018-11-23 15:00:55.050000000,11125.0,2.0,2018-11-22,2018-11-22 08:15:43.104,8,16,11,8.269722,
,2018-11-30 09:26:26,531007.0,0.0,,,87.0,TDM 18,1.32,2018-11-30 14:04:40.707000000,11126.0,2.0,2018-11-30,2018-11-30 09:26:51.136,9,26,26,9.440556,
,2018-11-19 16:32:48,310129.0,1500.0,,,89.0,TDM 20,0.79,2018-11-30 14:09:03.937000000,11127.0,2.0,2018-11-19,2018-11-19 16:32:47.104,16,32,48,16.546667,
,2018-11-22 15:19:39,208001.0,13250.0,,,102.0,TDM 33,6.99,2018-11-30 14:14:06.850000000,11128.0,2.0,2018-11-22,2018-11-22 15:19:31.072,15,19,39,15.3275,
,2018-11-22 15:37:25,208001.0,2500.0,,,102.0,TDM 33,1.32,2018-11-30 14:14:06.860000000,11128.0,2.0,2018-11-22,2018-11-22 15:36:59.648,15,37,25,15.623611,
,2018-11-22 15:50:35,208001.0,0.0,,,102.0,TDM 33,4.66,2018-11-30 14:14:06.863000000,11128.0,2.0,2018-11-22,2018-11-22 15:50:06.080,15,50,35,15.843056,
,2018-11-23 08:22:38,354004.0,2000.0,,,102.0,TDM 33,1.06,2018-11-30 14:14:06.870000000,11128.0,2.0,2018-11-23,2018-11-23 08:21:52.768,8,22,38,8.377222,
,2018-11-24 15:00:10,354009.0,2000.0,,,102.0,TDM 33,1.06,2018-11-30 14:14:06.877000000,11128.0,2.0,2018-11-24,2018-11-24 15:01:15.392,15,0,10,15.002778,
,2018-11-25 09:36:14,354197.0,1500.0,,,102.0,TDM 33,0.79,2018-11-30 14:14:06.883000000,11128.0,2.0,2018-11-25,2018-11-25 09:35:22.112,9,36,14,9.6038885,
,2018-11-28 07:24:36,354118.0,2500.0,,,102.0,TDM 33,1.32,2018-11-30 14:14:06.890000000,11128.0,2.0,2018-11-28,2018-11-28 07:25:18.208,7,24,36,7.41,
,2018-11-28 08:18:53,354030.0,2000.0,,,102.0,TDM 33,1.06,2018-11-30 14:14:06.893000000,11128.0,2.0,2018-11-28,2018-11-28 08:19:55.008,8,18,53,8.314722,
,2018-11-20 08:49:04,234001.0,6650.0,,,103.0,TDM 34,3.49,2018-11-30 14:19:04.780000000,11129.0,2.0,2018-11-20,2018-11-20 08:49:16.288,8,49,4,8.817778,
,2018-11-25 09:56:04,234024.0,2000.0,,,103.0,TDM 34,1.06,2018-11-30 14:19:04.793000000,11129.0,2.0,2018-11-25,2018-11-25 09:55:01.760,9,56,4,9.934444,
,2018-11-27 11:42:54,234020.0,2500.0,,,103.0,TDM 34,1.32,2018-11-30 14:19:04.800000000,11129.0,2.0,2018-11-27,2018-11-27 11:43:28.256,11,42,54,11.715,
,2018-11-27 15:25:33,234032.0,1500.0,,,103.0,TDM 34,0.79,2018-11-30 14:19:04.807000000,11129.0,2.0,2018-11-27,2018-11-27 15:26:17.600,15,25,33,15.425834,
,2018-11-28 10:25:57,208001.0,1500.0,,,103.0,TDM 34,0.79,2018-11-30 14:19:04.810000000,11129.0,2.0,2018-11-28,2018-11-28 10:26:37.184,10,25,57,10.4325,
,2018-11-29 12:30:23,234088.0,1500.0,,,103.0,TDM 34,0.79,2018-11-30 14:19:04.830000000,11129.0,2.0,2018-11-29,2018-11-29 12:30:44.736,12,30,23,12.506389,
,2018-11-29 18:21:50,234024.0,3000.0,,,103.0,TDM 34,1.59,2018-11-30 14:19:04.837000000,11129.0,2.0,2018-11-29,2018-11-29 18:22:27.328,18,21,50,18.36389,
,2018-11-30 09:46:16,234067.0,1500.0,,,103.0,TDM 34,0.79,2018-11-30 14:19:04.853000000,11129.0,2.0,2018-11-30,2018-11-30 09:46:30.784,9,46,16,9.7711115,
,2018-11-22 08:45:11,204001.0,2500.0,,,99.0,TDM 30,1.32,2018-11-30 14:23:38.697000000,11130.0,2.0,2018-11-22,2018-11-22 08:44:07.040,8,45,11,8.753056,
,2018-11-22 08:55:33,204015.0,2500.0,,,99.0,TDM 30,1.32,2018-11-30 14:23:38.703000000,11130.0,2.0,2018-11-22,2018-11-22 08:55:02.400,8,55,33,8.925834,
,2018-11-22 08:56:45,204016.0,1500.0,,,99.0,TDM 30,0.79,2018-11-30 14:23:38.710000000,11130.0,2.0,2018-11-22,2018-11-22 08:57:13.472,8,56,45,8.945833,
,2018-11-22 10:12:59,205016.0,2000.0,,,99.0,TDM 30,1.06,2018-11-30 14:23:38.727000000,11130.0,2.0,2018-11-22,2018-11-22 10:13:40.992,10,12,59,10.216389,
,2018-11-30 09:55:11,380027.0,3000.0,,,99.0,TDM 30,1.59,2018-11-30 14:23:38.733000000,11130.0,2.0,2018-11-30,2018-11-30 09:55:15.072,9,55,11,9.919723,
,2018-11-30 10:08:44,380056.0,1500.0,,,99.0,TDM 30,0.79,2018-11-30 14:23:38.740000000,11130.0,2.0,2018-11-30,2018-11-30 10:08:21.504,10,8,44,10.1455555,
,2018-11-30 10:17:28,380018.0,1500.0,,,99.0,TDM 30,0.79,2018-11-30 14:23:38.750000000,11130.0,2.0,2018-11-30,2018-11-30 10:17:05.792,10,17,28,10.291111,
,2018-11-30 10:20:46,380027.0,2000.0,,,99.0,TDM 30,1.06,2018-11-30 14:23:38.757000000,11130.0,2.0,2018-11-30,2018-11-30 10:21:27.936,10,20,46,10.346111,
,2018-11-20 09:23:05,339098.0,1500.0,,,74.0,TDM 5,0.79,2018-11-30 14:27:01.343000000,11131.0,2.0,2018-11-20,2018-11-20 09:22:02.368,9,23,5,9.384722,
,2018-11-20 10:47:46,339125.0,1500.0,,,74.0,TDM 5,0.79,2018-11-30 14:27:01.350000000,11131.0,2.0,2018-11-20,2018-11-20 10:47:14.176,10,47,46,10.796111,
,2018-11-21 09:15:41,339158.0,1500.0,,,74.0,TDM 5,0.79,2018-11-30 14:27:01.357000000,11131.0,2.0,2018-11-21,2018-11-21 09:15:05.600,9,15,41,9.261389,
,2018-11-22 10:20:39,339016.0,2500.0,,,74.0,TDM 5,1.32,2018-11-30 14:27:01.363000000,11131.0,2.0,2018-11-22,2018-11-22 10:20:14.208,10,20,39,10.344167,
,2018-11-22 12:46:22,339094.0,3000.0,,,74.0,TDM 5,1.59,2018-11-30 14:27:01.370000000,11131.0,2.0,2018-11-22,2018-11-22 12:46:36.032,12,46,22,12.772778,
,2018-11-23 06:42:16,339086.0,1500.0,,,74.0,TDM 5,0.79,2018-11-30 14:27:01.377000000,11131.0,2.0,2018-11-23,2018-11-23 06:41:23.456,6,42,16,6.7044444,
,2018-11-26 08:34:46,339007.0,2000.0,,,74.0,TDM 5,1.06,2018-11-30 14:27:01.380000000,11131.0,2.0,2018-11-26,2018-11-26 08:33:48.544,8,34,46,8.579445,
,2018-11-26 08:37:24,339083.0,3000.0,,,74.0,TDM 5,1.59,2018-11-30 14:27:01.387000000,11131.0,2.0,2018-11-26,2018-11-26 08:38:10.688,8,37,24,8.623333,
,2018-11-26 08:41:21,339087.0,1500.0,,,74.0,TDM 5,0.79,2018-11-30 14:27:01.393000000,11131.0,2.0,2018-11-26,2018-11-26 08:40:21.760,8,41,21,8.689167,
,2018-11-28 17:13:12,339013.0,2500.0,,,74.0,TDM 5,1.32,2018-11-30 14:27:01.400000000,11131.0,2.0,2018-11-28,2018-11-28 17:12:56.576,17,13,12,17.22,
,2018-11-30 07:14:58,393071.0,2000.0,,,74.0,TDM 5,1.06,2018-11-30 14:27:01.407000000,11131.0,2.0,2018-11-30,2018-11-30 07:15:46.816,7,14,58,7.2494445,
,2018-11-22 15:24:13,208001.0,13250.0,,,97.0,TDM 28,6.99,2018-11-30 14:31:10.350000000,11132.0,2.0,2018-11-22,2018-11-22 15:23:53.216,15,24,13,15.403611,
,2018-11-22 15:42:02,208030.0,2500.0,,,97.0,TDM 28,1.32,2018-11-30 14:31:10.373000000,11132.0,2.0,2018-11-22,2018-11-22 15:41:21.792,15,42,2,15.700556,
,2018-11-22 15:46:42,208030.0,6650.0,,,97.0,TDM 28,3.49,2018-11-30 14:31:10.380000000,11132.0,2.0,2018-11-22,2018-11-22 15:45:43.936,15,46,42,15.778334,
,2018-11-22 15:51:25,506008.0,6650.0,,,97.0,TDM 28,3.49,2018-11-30 14:31:10.390000000,11132.0,2.0,2018-11-22,2018-11-22 15:52:17.152,15,51,25,15.856944,
,2018-11-22 15:53:31,205006.0,6650.0,,,97.0,TDM 28,3.49,2018-11-30 14:31:10.397000000,11132.0,2.0,2018-11-22,2018-11-22 15:54:28.224,15,53,31,15.891945,
,2018-11-22 15:55:58,515064.0,13250.0,,,97.0,TDM 28,6.99,2018-11-30 14:31:10.403000000,11132.0,2.0,2018-11-22,2018-11-22 15:56:39.296,15,55,58,15.932777,
,2018-11-22 15:58:05,605009.0,2500.0,,,97.0,TDM 28,1.32,2018-11-30 14:31:10.410000000,11132.0,2.0,2018-11-22,2018-11-22 15:58:50.368,15,58,5,15.968056,
,2018-11-23 10:26:16,208001.0,2500.0,,,97.0,TDM 28,1.32,2018-11-30 14:31:10.413000000,11132.0,2.0,2018-11-23,2018-11-23 10:26:23.872,10,26,16,10.4377775,
,2018-11-23 10:31:01,208002.0,8850.0,,,97.0,TDM 28,4.66,2018-11-30 14:31:10.420000000,11132.0,2.0,2018-11-23,2018-11-23 10:30:46.016,10,31,1,10.516945,
,2018-11-23 10:36:33,208003.0,2500.0,,,97.0,TDM 28,1.32,2018-11-30 14:31:10.427000000,11132.0,2.0,2018-11-23,2018-11-23 10:37:19.232,10,36,33,10.609167,
,2018-11-23 10:41:01,208004.0,13250.0,,,97.0,TDM 28,6.99,2018-11-30 14:31:10.433000000,11132.0,2.0,2018-11-23,2018-11-23 10:41:41.376,10,41,1,10.683611,
,2018-11-23 10:46:59,208005.0,6650.0,,,97.0,TDM 28,3.49,2018-11-30 14:31:10.440000000,11132.0,2.0,2018-11-23,2018-11-23 10:46:03.520,10,46,59,10.783055,
,2018-11-23 10:52:16,208006.0,1500.0,,,97.0,TDM 28,0.79,2018-11-30 14:31:10.443000000,11132.0,2.0,2018-11-23,2018-11-23 10:52:36.736,10,52,16,10.871111,
,2018-11-23 10:54:10,208007.0,2500.0,,,97.0,TDM 28,1.32,2018-11-30 14:31:10.450000000,11132.0,2.0,2018-11-23,2018-11-23 10:54:47.808,10,54,10,10.902778,
,2018-11-23 10:57:38,208008.0,8850.0,,,97.0,TDM 28,4.66,2018-11-30 14:31:10.457000000,11132.0,2.0,2018-11-23,2018-11-23 10:56:58.880,10,57,38,10.960556,
,2018-11-23 11:03:11,208009.0,11050.0,,,97.0,TDM 28,5.82,2018-11-30 14:31:10.463000000,11132.0,2.0,2018-11-23,2018-11-23 11:03:32.096,11,3,11,11.053056,
,2018-11-23 11:06:48,208010.0,3000.0,,,97.0,TDM 28,1.59,2018-11-30 14:31:10.470000000,11132.0,2.0,2018-11-23,2018-11-23 11:05:43.168,11,6,48,11.113334,
,2018-11-23 11:11:57,208011.0,0.0,,,97.0,TDM 28,3.49,2018-11-30 14:31:10.473000000,11132.0,2.0,2018-11-23,2018-11-23 11:12:16.384,11,11,57,11.199166,
,2018-11-23 11:14:49,208012.0,13250.0,,,97.0,TDM 28,6.99,2018-11-30 14:31:10.480000000,11132.0,2.0,2018-11-23,2018-11-23 11:14:27.456,11,14,49,11.246944,
,2018-11-23 11:23:27,208013.0,1500.0,,,97.0,TDM 28,0.79,2018-11-30 14:31:10.487000000,11132.0,2.0,2018-11-23,2018-11-23 11:23:11.744,11,23,27,11.390833,
,2018-11-23 11:27:32,208014.0,6650.0,,,97.0,TDM 28,3.49,2018-11-30 14:31:10.493000000,11132.0,2.0,2018-11-23,2018-11-23 11:27:33.888,11,27,32,11.458889,
,2018-11-23 11:29:34,208015.0,1500.0,,,97.0,TDM 28,0.79,2018-11-30 14:31:10.500000000,11132.0,2.0,2018-11-23,2018-11-23 11:29:44.960,11,29,34,11.492778,
,2018-11-23 12:03:41,208017.0,1500.0,,,97.0,TDM 28,0.79,2018-11-30 14:31:10.503000000,11132.0,2.0,2018-11-23,2018-11-23 12:04:42.112,12,3,41,12.061389,
,2018-11-23 19:25:38,208009.0,3000.0,,,97.0,TDM 28,1.59,2018-11-30 14:31:10.510000000,11132.0,2.0,2018-11-23,2018-11-23 19:25:58.656,19,25,38,19.427221,
,2018-11-23 19:33:46,208019.0,13250.0,,,97.0,TDM 28,6.99,2018-11-30 14:31:10.517000000,11132.0,2.0,2018-11-23,2018-11-23 19:34:42.944,19,33,46,19.562778,
,2018-11-24 09:01:14,674030.0,13250.0,,,97.0,TDM 28,6.99,2018-11-30 14:31:10.523000000,11132.0,2.0,2018-11-24,2018-11-24 09:00:48.512,9,1,14,9.0205555,
,2018-11-24 09:04:15,670436.0,8850.0,,,97.0,TDM 28,4.66,2018-11-30 14:31:10.530000000,11132.0,2.0,2018-11-24,2018-11-24 09:05:10.656,9,4,15,9.070833,
,2018-11-24 10:03:59,674055.0,3000.0,,,97.0,TDM 28,1.59,2018-11-30 14:31:10.533000000,11132.0,2.0,2018-11-24,2018-11-24 10:04:09.600,10,3,59,10.066389,
,2018-11-24 10:27:22,674069.0,3000.0,,,97.0,TDM 28,1.59,2018-11-30 14:31:10.540000000,11132.0,2.0,2018-11-24,2018-11-24 10:28:11.392,10,27,22,10.456111,
,2018-11-26 08:25:31,674073.0,1500.0,,,97.0,TDM 28,0.79,2018-11-30 14:31:10.547000000,11132.0,2.0,2018-11-26,2018-11-26 08:25:04.256,8,25,31,8.425278,
,2018-11-26 08:54:05,674071.0,2000.0,,,97.0,TDM 28,1.06,2018-11-30 14:31:10.553000000,11132.0,2.0,2018-11-26,2018-11-26 08:53:28.192,8,54,5,8.901389,
,2018-11-26 09:36:24,208199.0,1500.0,,,97.0,TDM 28,0.79,2018-11-30 14:31:10.560000000,11132.0,2.0,2018-11-26,2018-11-26 09:37:09.632,9,36,24,9.606667,
,2018-11-26 15:31:11,208009.0,1500.0,,,97.0,TDM 28,0.79,2018-11-30 14:31:10.563000000,11132.0,2.0,2018-11-26,2018-11-26 15:31:03.296,15,31,11,15.519722,
,2018-11-27 12:10:01,674041.0,2000.0,,,97.0,TDM 28,1.06,2018-11-30 14:31:10.570000000,11132.0,2.0,2018-11-27,2018-11-27 12:09:41.120,12,10,1,12.1669445,
,2018-11-27 12:13:52,674041.0,2000.0,,,97.0,TDM 28,1.06,2018-11-30 14:31:10.577000000,11132.0,2.0,2018-11-27,2018-11-27 12:14:03.264,12,13,52,12.231112,
,2018-11-28 09:02:38,674066.0,1500.0,,,97.0,TDM 28,0.79,2018-11-30 14:31:10.583000000,11132.0,2.0,2018-11-28,2018-11-28 09:03:36.448,9,2,38,9.043889,
,2018-11-19 13:29:02,361049.0,1500.0,,,71.0,TDM 2,0.79,2018-11-30 14:34:45.797000000,11133.0,2.0,2018-11-19,2018-11-19 13:29:17.056,13,29,2,13.483889,
,2018-11-22 07:00:19,361037.0,2500.0,,,71.0,TDM 2,1.32,2018-11-30 14:34:45.800000000,11133.0,2.0,2018-11-22,2018-11-22 06:59:15.584,7,0,19,7.0052776,
,2018-11-23 09:30:10,361004.0,2000.0,,,71.0,TDM 2,1.06,2018-11-30 14:34:45.807000000,11133.0,2.0,2018-11-23,2018-11-23 09:29:36.000,9,30,10,9.502778,
,2018-11-27 10:51:49,361016.0,2500.0,,,71.0,TDM 2,1.32,2018-11-30 14:34:45.813000000,11133.0,2.0,2018-11-27,2018-11-27 10:51:02.528,10,51,49,10.863611,
,2018-11-27 12:06:57,361051.0,2500.0,,,71.0,TDM 2,1.32,2018-11-30 14:34:45.820000000,11133.0,2.0,2018-11-27,2018-11-27 12:07:30.048,12,6,57,12.115833,
,2018-11-28 12:48:02,361028.0,11050.0,,,71.0,TDM 2,5.82,2018-11-30 14:34:45.827000000,11133.0,2.0,2018-11-28,2018-11-28 12:48:36.864,12,48,2,12.800555,
,2018-11-28 18:24:12,361034.0,1500.0,,,71.0,TDM 2,0.79,2018-11-30 14:34:45.830000000,11133.0,2.0,2018-11-28,2018-11-28 18:25:01.952,18,24,12,18.403334,
,2018-11-28 18:51:52,361045.0,2000.0,,,71.0,TDM 2,1.06,2018-11-30 14:34:45.837000000,11133.0,2.0,2018-11-28,2018-11-28 18:51:14.816,18,51,52,18.864445,
,2018-11-30 08:41:42,361003.0,3000.0,,,71.0,TDM 2,1.59,2018-11-30 14:34:45.850000000,11133.0,2.0,2018-11-30,2018-11-30 08:40:58.624,8,41,42,8.695,
,2018-11-30 09:07:20,361018.0,1500.0,,,71.0,TDM 2,0.79,2018-11-30 14:34:45.857000000,11133.0,2.0,2018-11-30,2018-11-30 09:07:11.488,9,7,20,9.122222,
,2018-11-20 11:13:23,663097.0,2000.0,,,82.0,TDM 13,1.06,2018-11-30 14:37:58.047000000,11134.0,2.0,2018-11-20,2018-11-20 11:13:27.040,11,13,23,11.223056,
,2018-11-20 11:15:57,663097.0,2000.0,,,82.0,TDM 13,1.06,2018-11-30 14:37:58.053000000,11134.0,2.0,2018-11-20,2018-11-20 11:15:38.112,11,15,57,11.265833,
,2018-11-24 08:02:43,663001690.0,2000.0,,,82.0,TDM 13,1.06,2018-11-30 14:37:58.060000000,11134.0,2.0,2018-11-24,2018-11-24 08:01:49.568,8,2,43,8.045278,
,2018-11-24 10:07:09,663170.0,2000.0,,,82.0,TDM 13,1.06,2018-11-30 14:37:58.063000000,11134.0,2.0,2018-11-24,2018-11-24 10:06:20.672,10,7,9,10.119166,
,2018-11-24 10:16:37,663009.0,2000.0,,,82.0,TDM 13,1.06,2018-11-30 14:37:58.070000000,11134.0,2.0,2018-11-24,2018-11-24 10:17:16.032,10,16,37,10.276944,
,2018-11-24 10:29:25,663160.0,2000.0,,,82.0,TDM 13,1.06,2018-11-30 14:37:58.077000000,11134.0,2.0,2018-11-24,2018-11-24 10:30:22.464,10,29,25,10.490278,
,2018-11-27 10:12:43,663159.0,1500.0,,,82.0,TDM 13,0.79,2018-11-30 14:37:58.083000000,11134.0,2.0,2018-11-27,2018-11-27 10:11:43.232,10,12,43,10.211945,
,2018-11-28 11:03:52,208001.0,1500.0,,,82.0,TDM 13,0.79,2018-11-30 14:37:58.090000000,11134.0,2.0,2018-11-28,2018-11-28 11:03:45.408,11,3,52,11.064445,
,2018-11-28 11:09:00,208001.0,6650.0,,,82.0,TDM 13,3.49,2018-11-30 14:37:58.093000000,11134.0,2.0,2018-11-28,2018-11-28 11:08:07.552,11,9,0,11.15,
,2018-11-28 11:14:38,663159.0,1500.0,,,82.0,TDM 13,0.79,2018-11-30 14:37:58.100000000,11134.0,2.0,2018-11-28,2018-11-28 11:14:40.768,11,14,38,11.243889,
,2018-11-28 11:19:39,663157.0,2000.0,,,82.0,TDM 13,1.06,2018-11-30 14:37:58.107000000,11134.0,2.0,2018-11-28,2018-11-28 11:19:02.912,11,19,39,11.3275,
,2018-11-28 11:25:53,663192.0,1500.0,,,82.0,TDM 13,0.79,2018-11-30 14:37:58.113000000,11134.0,2.0,2018-11-28,2018-11-28 11:25:36.128,11,25,53,11.431389,
,2018-11-28 11:36:15,663084.0,1500.0,,,82.0,TDM 13,0.79,2018-11-30 14:37:58.123000000,11134.0,2.0,2018-11-28,2018-11-28 11:36:31.488,11,36,15,11.604167,
,2018-11-28 11:39:29,663149.0,1500.0,,,82.0,TDM 13,0.79,2018-11-30 14:37:58.130000000,11134.0,2.0,2018-11-28,2018-11-28 11:38:42.560,11,39,29,11.658055,
,2018-11-21 09:56:05,214165.0,2000.0,,,77.0,TDM 8,1.06,2018-11-30 14:40:20.900000000,11135.0,2.0,2018-11-21,2018-11-21 09:56:35.968,9,56,5,9.934722,
,2018-11-26 07:20:47,214005.0,2500.0,,,77.0,TDM 8,1.32,2018-11-30 14:40:20.910000000,11135.0,2.0,2018-11-26,2018-11-26 07:21:43.168,7,20,47,7.346389,
,2018-11-27 07:22:54,214159.0,2000.0,,,77.0,TDM 8,1.06,2018-11-30 14:40:20.917000000,11135.0,2.0,2018-11-27,2018-11-27 07:23:30.688,7,22,54,7.3816667,
,2018-11-28 07:36:43,214023.0,2500.0,,,77.0,TDM 8,1.32,2018-11-30 14:40:20.923000000,11135.0,2.0,2018-11-28,2018-11-28 07:36:13.568,7,36,43,7.6119447,
,2018-11-28 07:37:39,214023.0,2500.0,,,77.0,TDM 8,1.32,2018-11-30 14:40:20.930000000,11135.0,2.0,2018-11-28,2018-11-28 07:38:24.640,7,37,39,7.6275,
,2018-11-28 08:02:19,214033.0,2000.0,,,77.0,TDM 8,1.06,2018-11-30 14:40:20.933000000,11135.0,2.0,2018-11-28,2018-11-28 08:02:26.432,8,2,19,8.038611,
,2018-11-28 08:03:23,214033.0,2000.0,,,77.0,TDM 8,1.06,2018-11-30 14:40:20.940000000,11135.0,2.0,2018-11-28,2018-11-28 08:02:26.432,8,3,23,8.056389,
,2018-11-28 08:04:30,214033.0,2000.0,,,77.0,TDM 8,1.06,2018-11-30 14:40:20.947000000,11135.0,2.0,2018-11-28,2018-11-28 08:04:37.504,8,4,30,8.075,
,2018-11-28 09:32:57,214236.0,3000.0,,,77.0,TDM 8,1.59,2018-11-30 14:40:20.953000000,11135.0,2.0,2018-11-28,2018-11-28 09:32:00.384,9,32,57,9.549167,
,2018-11-28 09:34:05,214236.0,3000.0,,,77.0,TDM 8,1.59,2018-11-30 14:40:20.960000000,11135.0,2.0,2018-11-28,2018-11-28 09:34:11.456,9,34,5,9.568055,
,2018-11-28 09:35:13,214236.0,3000.0,,,77.0,TDM 8,1.59,2018-11-30 14:40:20.967000000,11135.0,2.0,2018-11-28,2018-11-28 09:34:11.456,9,35,13,9.586945,
,2018-11-28 09:36:34,214236.0,3000.0,,,77.0,TDM 8,1.59,2018-11-30 14:40:20.970000000,11135.0,2.0,2018-11-28,2018-11-28 09:36:22.528,9,36,34,9.609445,
,2018-11-28 09:38:05,214236.0,3000.0,,,77.0,TDM 8,1.59,2018-11-30 14:40:20.977000000,11135.0,2.0,2018-11-28,2018-11-28 09:38:33.600,9,38,5,9.634722,
,2018-11-28 09:39:33,214236.0,3000.0,,,77.0,TDM 8,1.59,2018-11-30 14:40:20.983000000,11135.0,2.0,2018-11-28,2018-11-28 09:38:33.600,9,39,33,9.659166,
,2018-11-29 09:10:25,208001.0,1500.0,,,77.0,TDM 8,0.79,2018-11-30 14:40:20.990000000,11135.0,2.0,2018-11-29,2018-11-29 09:09:46.112,9,10,25,9.173611,
,2018-11-29 09:24:41,214236.0,3000.0,,,77.0,TDM 8,1.59,2018-11-30 14:40:20.993000000,11135.0,2.0,2018-11-29,2018-11-29 09:25:03.616,9,24,41,9.411389,
,2018-11-29 10:13:09,214155.0,2500.0,,,77.0,TDM 8,1.32,2018-11-30 14:40:21,11135.0,2.0,2018-11-29,2018-11-29 10:13:07.200,10,13,9,10.219167,
,2018-11-29 10:42:35,214213.0,2500.0,,,77.0,TDM 8,1.32,2018-11-30 14:40:21.007000000,11135.0,2.0,2018-11-29,2018-11-29 10:41:31.136,10,42,35,10.7097225,
,2018-11-29 17:17:35,214045.0,3000.0,,,77.0,TDM 8,1.59,2018-11-30 14:40:21.013000000,11135.0,2.0,2018-11-29,2018-11-29 17:16:55.168,17,17,35,17.293056,
,2018-11-29 17:41:22,214029.0,2500.0,,,77.0,TDM 8,1.32,2018-11-30 14:40:21.020000000,11135.0,2.0,2018-11-29,2018-11-29 17:40:56.960,17,41,22,17.689444,
,2018-11-30 07:32:30,214022.0,1500.0,,,77.0,TDM 8,0.79,2018-11-30 14:40:21.023000000,11135.0,2.0,2018-11-30,2018-11-30 07:33:15.392,7,32,30,7.5416665,
,2018-11-21 14:17:57,800001.0,1500.0,,,81.0,TDM 12,0.79,2018-11-30 14:43:35.987000000,11136.0,2.0,2018-11-21,2018-11-21 14:18:44.608,14,17,57,14.299167,
,2018-11-21 14:24:08,800001.0,1500.0,,,81.0,TDM 12,0.79,2018-11-30 14:43:35.993000000,11136.0,2.0,2018-11-21,2018-11-21 14:23:06.752,14,24,8,14.402223,
,2018-11-23 07:18:00,515005.0,1500.0,,,81.0,TDM 12,0.79,2018-11-30 14:43:36,11136.0,2.0,2018-11-23,2018-11-23 07:18:31.680,7,18,0,7.3,
,2018-11-24 06:57:18,515032.0,0.0,,,81.0,TDM 12,1.59,2018-11-30 14:43:36.007000000,11136.0,2.0,2018-11-24,2018-11-24 06:56:17.408,6,57,18,6.955,
,2018-11-26 06:55:20,515004.0,2500.0,,,81.0,TDM 12,1.32,2018-11-30 14:43:36.010000000,11136.0,2.0,2018-11-26,2018-11-26 06:55:30.304,6,55,20,6.922222,
,2018-11-26 07:22:08,515023.0,1500.0,,,81.0,TDM 12,0.79,2018-11-30 14:43:36.017000000,11136.0,2.0,2018-11-26,2018-11-26 07:21:43.168,7,22,8,7.368889,
,2018-11-26 08:00:44,515030.0,1500.0,,,81.0,TDM 12,0.79,2018-11-30 14:43:36.023000000,11136.0,2.0,2018-11-26,2018-11-26 08:01:02.464,8,0,44,8.012222,
,2018-11-27 06:52:07,515044.0,3000.0,,,81.0,TDM 12,1.59,2018-11-30 14:43:36.030000000,11136.0,2.0,2018-11-27,2018-11-27 06:52:55.680,6,52,7,6.8686113,
,2018-11-27 07:06:35,515043.0,3000.0,,,81.0,TDM 12,1.59,2018-11-30 14:43:36.037000000,11136.0,2.0,2018-11-27,2018-11-27 07:06:02.112,7,6,35,7.109722,
,2018-11-27 07:38:25,515066.0,3000.0,,,81.0,TDM 12,1.59,2018-11-30 14:43:36.040000000,11136.0,2.0,2018-11-27,2018-11-27 07:38:48.192,7,38,25,7.640278,
,2018-11-29 06:22:57,515042.0,2000.0,,,81.0,TDM 12,1.06,2018-11-30 14:43:36.047000000,11136.0,2.0,2018-11-29,2018-11-29 06:23:44.640,6,22,57,6.3825,
,2018-11-21 09:54:08,370005.0,13250.0,,,76.0,TDM 7,7.0,2018-11-30 14:47:01.900000000,11137.0,2.0,2018-11-21,2018-11-21 09:54:24.896,9,54,8,9.902223,
,2018-11-21 10:04:38,370008.0,0.0,,,76.0,TDM 7,7.0,2018-11-30 14:47:01.910000000,11137.0,2.0,2018-11-21,2018-11-21 10:05:20.256,10,4,38,10.077222,
,2018-11-21 13:16:48,258003.0,0.0,,,76.0,TDM 7,3.49,2018-11-30 14:47:01.920000000,11137.0,2.0,2018-11-21,2018-11-21 13:17:34.592,13,16,48,13.28,
,2018-11-21 13:20:25,501003.0,0.0,,,76.0,TDM 7,0.79,2018-11-30 14:47:01.927000000,11137.0,2.0,2018-11-21,2018-11-21 13:19:45.664,13,20,25,13.340278,
,2018-11-21 16:13:07,705001.25,1500.0,,,76.0,TDM 7,0.79,2018-11-30 14:47:01.933000000,11137.0,2.0,2018-11-21,2018-11-21 16:12:20.352,16,13,7,16.21861,
,2018-11-23 07:38:19,970019.0,1500.0,,,76.0,TDM 7,0.79,2018-11-30 14:47:01.940000000,11137.0,2.0,2018-11-23,2018-11-23 07:38:11.328,7,38,19,7.6386113,
,2018-11-23 07:45:58,370009.0,1500.0,,,76.0,TDM 7,0.79,2018-11-30 14:47:01.947000000,11137.0,2.0,2018-11-23,2018-11-23 07:46:55.616,7,45,58,7.766111,
,2018-11-23 14:59:14,370069.0,3000.0,,,76.0,TDM 7,1.59,2018-11-30 14:47:01.953000000,11137.0,2.0,2018-11-23,2018-11-23 14:59:27.872,14,59,14,14.987223,
,2018-11-26 06:29:15,370089.0,1500.0,,,76.0,TDM 7,0.79,2018-11-30 14:47:01.963000000,11137.0,2.0,2018-11-26,2018-11-26 06:29:17.440,6,29,15,6.4875,
,2018-11-26 15:53:24,370043.0,1500.0,,,76.0,TDM 7,0.79,2018-11-30 14:47:01.970000000,11137.0,2.0,2018-11-26,2018-11-26 15:52:54.016,15,53,24,15.89,
,2018-11-27 11:13:10,280000.0,2500.0,,,76.0,TDM 7,1.32,2018-11-30 14:47:01.977000000,11137.0,2.0,2018-11-27,2018-11-27 11:12:53.248,11,13,10,11.219444,
,2018-12-01 11:11:46,208001.0,2000.0,,,101.0,TDM 32,1.06,2018-12-07 11:35:44.437000000,11138.0,2.0,2018-12-01,2018-12-01 11:11:19.040,11,11,46,11.196111,
,2018-12-01 11:42:50,202003.0,1500.0,,,101.0,TDM 32,0.79,2018-12-07 11:35:44.443000000,11138.0,2.0,2018-12-01,2018-12-01 11:41:54.048,11,42,50,11.713889,
,2018-11-27 09:47:39,593048.0,0.0,,,84.0,TDM 15,3.49,2018-12-07 11:39:52.693000000,11139.0,2.0,2018-11-27,2018-11-27 09:47:41.440,9,47,39,9.794167,
,2018-11-27 10:09:30,593048.0,6650.0,,,84.0,TDM 15,3.49,2018-12-07 11:39:52.710000000,11139.0,2.0,2018-11-27,2018-11-27 10:09:32.160,10,9,30,10.158334,
,2018-11-30 07:20:04,593030.0,13250.0,,,84.0,TDM 15,6.99,2018-12-07 11:39:52.717000000,11139.0,2.0,2018-11-30,2018-11-30 07:20:08.960,7,20,4,7.3344445,
,2018-12-01 07:28:44,593021.0,2500.0,,,84.0,TDM 15,1.32,2018-12-07 11:39:52.723000000,11139.0,2.0,2018-12-01,2018-12-01 07:28:29.696,7,28,44,7.478889,
,2018-12-01 07:36:47,593023.0,13250.0,,,84.0,TDM 15,6.99,2018-12-07 11:39:52.730000000,11139.0,2.0,2018-12-01,2018-12-01 07:37:13.984,7,36,47,7.6130557,
,2018-12-01 07:42:32,593052.0,1500.0,,,84.0,TDM 15,0.79,2018-12-07 11:39:52.737000000,11139.0,2.0,2018-12-01,2018-12-01 07:41:36.128,7,42,32,7.708889,
,2018-12-01 08:51:42,593094.0,6650.0,,,84.0,TDM 15,3.49,2018-12-07 11:39:52.740000000,11139.0,2.0,2018-12-01,2018-12-01 08:51:30.432,8,51,42,8.861667,
,2018-12-03 06:14:47,593104.0,6650.0,,,84.0,TDM 15,3.49,2018-12-07 11:39:52.747000000,11139.0,2.0,2018-12-03,2018-12-03 06:15:37.216,6,14,47,6.246389,
,2018-12-03 06:22:51,593102.0,6650.0,,,84.0,TDM 15,3.49,2018-12-07 11:39:52.753000000,11139.0,2.0,2018-12-03,2018-12-03 06:22:10.432,6,22,51,6.380833,
,2018-12-03 06:56:34,593075.0,1500.0,,,84.0,TDM 15,0.79,2018-12-07 11:39:52.760000000,11139.0,2.0,2018-12-03,2018-12-03 06:57:07.584,6,56,34,6.9427776,
,2018-11-26 11:31:34,356050.0,1500.0,,,116.0,TDM 46,0.79,2018-12-07 11:43:26.343000000,11140.0,2.0,2018-11-26,2018-11-26 11:30:45.376,11,31,34,11.526111,
,2018-11-29 10:34:46,343144.0,2000.0,,,116.0,TDM 46,1.06,2018-12-07 11:43:26.353000000,11140.0,2.0,2018-11-29,2018-11-29 10:34:57.920,10,34,46,10.579445,
,2018-11-30 08:34:58,343206.0,2500.0,,,116.0,TDM 46,1.32,2018-12-07 11:43:26.360000000,11140.0,2.0,2018-11-30,2018-11-30 08:34:25.408,8,34,58,8.582778,
,2018-11-27 08:50:37,588047.0,2000.0,,,72.0,TDM 3,1.06,2018-12-07 11:48:52.963000000,11141.0,2.0,2018-11-27,2018-11-27 08:50:53.568,8,50,37,8.843611,
,2018-12-03 10:59:19,588034.0,1500.0,,,72.0,TDM 3,0.79,2018-12-07 11:48:52.970000000,11141.0,2.0,2018-12-03,2018-12-03 10:59:36.576,10,59,19,10.988611,
,2018-12-03 11:00:38,588050.0,2500.0,,,72.0,TDM 3,1.32,2018-12-07 11:48:52.977000000,11141.0,2.0,2018-12-03,2018-12-03 10:59:36.576,11,0,38,11.010555,
,2018-12-03 11:01:44,588079.0,2000.0,,,72.0,TDM 3,1.06,2018-12-07 11:48:52.980000000,11141.0,2.0,2018-12-03,2018-12-03 11:01:47.648,11,1,44,11.028889,
,2018-11-28 13:12:43,208001.0,2000.0,,,108.0,TDM 38,1.06,2018-12-07 11:51:49.253000000,11142.0,2.0,2018-11-28,2018-11-28 13:12:38.656,13,12,43,13.211945,
,2018-11-28 13:31:29,208001.0,8850.0,,,108.0,TDM 38,4.66,2018-12-07 11:51:49.270000000,11142.0,2.0,2018-11-28,2018-11-28 13:32:18.304,13,31,29,13.524722,
,2018-11-28 13:44:22,208001.0,1500.0,,,108.0,TDM 38,0.79,2018-12-07 11:51:49.277000000,11142.0,2.0,2018-11-28,2018-11-28 13:45:24.736,13,44,22,13.739445,
,2018-11-28 14:24:20,208001.0,3000.0,,,108.0,TDM 38,1.59,2018-12-07 11:51:49.283000000,11142.0,2.0,2018-11-28,2018-11-28 14:24:44.032,14,24,20,14.405556,
,2018-11-28 14:36:54,208001.0,13250.0,,,108.0,TDM 38,6.99,2018-12-07 11:51:49.290000000,11142.0,2.0,2018-11-28,2018-11-28 14:37:50.464,14,36,54,14.615,
,2018-11-28 14:48:40,208001.0,1500.0,,,108.0,TDM 38,0.79,2018-12-07 11:51:49.293000000,11142.0,2.0,2018-11-28,2018-11-28 14:48:45.824,14,48,40,14.811111,
,2018-11-30 08:37:33,208001.0,0.0,,,108.0,TDM 38,3.49,2018-12-07 11:51:49.300000000,11142.0,2.0,2018-11-30,2018-11-30 08:36:36.480,8,37,33,8.6258335,
,2018-11-30 12:12:07,677057.0,2000.0,,,108.0,TDM 38,1.06,2018-12-07 11:51:49.307000000,11142.0,2.0,2018-11-30,2018-11-30 12:12:52.608,12,12,7,12.201944,
,2018-12-03 09:41:26,328032.0,2500.0,,,108.0,TDM 38,1.32,2018-12-07 11:51:49.313000000,11142.0,2.0,2018-12-03,2018-12-03 09:40:57.984,9,41,26,9.690556,
,2018-12-01 11:47:06,208001.0,2000.0,,,74.0,TDM 5,1.06,2018-12-07 11:54:50.510000000,11143.0,2.0,2018-12-01,2018-12-01 11:46:16.192,11,47,6,11.785,
,2018-12-01 12:01:04,208001.0,13250.0,,,74.0,TDM 5,6.99,2018-12-07 11:54:50.520000000,11143.0,2.0,2018-12-01,2018-12-01 12:01:33.696,12,1,4,12.017777,
,2018-12-01 12:16:07,208003.0,50.0,,,74.0,TDM 5,0.0,2018-12-07 11:54:50.527000000,11143.0,2.0,2018-12-01,2018-12-01 12:16:51.200,12,16,7,12.268611,
,2018-12-01 11:36:45,208001.0,2000.0,,,87.0,TDM 18,1.06,2018-12-07 11:57:30.127000000,11144.0,2.0,2018-12-01,2018-12-01 11:37:31.904,11,36,45,11.6125,
,2018-11-27 17:08:42,208001.0,0.0,,,80.0,TDM11,3.49,2018-12-07 12:01:20.193000000,11145.0,2.0,2018-11-27,2018-11-27 17:08:57.984,17,8,42,17.145,
,2018-11-26 11:27:16,588037.0,2000.0,,,120.0,TDM 50,1.06,2018-12-07 12:05:25.050000000,11146.0,2.0,2018-11-26,2018-11-26 11:26:23.232,11,27,16,11.454445,
,2018-11-26 18:23:52,208001.0,1500.0,,,120.0,TDM 50,0.79,2018-12-07 12:05:25.053000000,11146.0,2.0,2018-11-26,2018-11-26 18:23:37.984,18,23,52,18.397778,
,2018-11-26 18:24:33,208002.0,1500.0,,,120.0,TDM 50,0.79,2018-12-07 12:05:25.060000000,11146.0,2.0,2018-11-26,2018-11-26 18:23:37.984,18,24,33,18.409166,
,2018-11-29 11:41:59,208001.0,6650.0,,,120.0,TDM 50,3.49,2018-12-07 12:05:25.067000000,11146.0,2.0,2018-11-29,2018-11-29 11:42:41.152,11,41,59,11.699722,
,2018-11-29 11:46:23,208006.0,2500.0,,,120.0,TDM 50,1.32,2018-12-07 12:05:25.073000000,11146.0,2.0,2018-11-29,2018-11-29 11:47:03.296,11,46,23,11.773056,
,2018-11-29 11:50:59,208009.0,6650.0,,,120.0,TDM 50,3.49,2018-12-07 12:05:25.080000000,11146.0,2.0,2018-11-29,2018-11-29 11:51:25.440,11,50,59,11.849722,
,2018-11-29 11:59:49,208003.0,6650.0,,,120.0,TDM 50,3.49,2018-12-07 12:05:25.087000000,11146.0,2.0,2018-11-29,2018-11-29 12:00:09.728,11,59,49,11.996944,
,2018-11-29 12:02:16,208007.0,6650.0,,,120.0,TDM 50,3.49,2018-12-07 12:05:25.090000000,11146.0,2.0,2018-11-29,2018-11-29 12:02:20.800,12,2,16,12.037778,
,2018-11-29 12:04:11,208007.0,6650.0,,,120.0,TDM 50,3.49,2018-12-07 12:05:25.097000000,11146.0,2.0,2018-11-29,2018-11-29 12:04:31.872,12,4,11,12.069722,
,2018-12-01 11:28:00,208001.0,0.0,,,103.0,TDM 34,1.06,2018-12-07 12:11:04.047000000,11147.0,2.0,2018-12-01,2018-12-01 11:28:47.616,11,28,0,11.466666,
,2018-12-01 11:41:28,208001.0,13250.0,,,103.0,TDM 34,6.99,2018-12-07 12:11:04.050000000,11147.0,2.0,2018-12-01,2018-12-01 11:41:54.048,11,41,28,11.691112,
,2018-12-01 11:58:53,208001.0,6650.0,,,103.0,TDM 34,3.49,2018-12-07 12:11:04.057000000,11147.0,2.0,2018-12-01,2018-12-01 11:59:22.624,11,58,53,11.981389,
,2018-12-01 12:09:48,208002.0,1500.0,,,103.0,TDM 34,0.79,2018-12-07 12:11:04.063000000,11147.0,2.0,2018-12-01,2018-12-01 12:10:17.984,12,9,48,12.163333,
,2018-12-01 12:22:55,208001.0,3000.0,,,103.0,TDM 34,1.59,2018-12-07 12:11:04.070000000,11147.0,2.0,2018-12-01,2018-12-01 12:23:24.416,12,22,55,12.381945,
,2018-12-04 10:31:07,208001.0,3000.0,,,103.0,TDM 34,1.59,2018-12-07 12:11:04.077000000,11147.0,2.0,2018-12-04,2018-12-04 10:30:49.088,10,31,7,10.518611,
,2018-11-27 08:58:36,596120.0,2500.0,,,100.0,TDM 31,1.32,2018-12-07 12:14:21.363000000,11148.0,2.0,2018-11-27,2018-11-27 08:59:37.856,8,58,36,8.976666,
,2018-11-27 13:21:25,596182.0,2000.0,,,100.0,TDM 31,1.06,2018-12-07 12:14:21.377000000,11148.0,2.0,2018-11-27,2018-11-27 13:21:46.496,13,21,25,13.356944,
,2018-11-29 08:33:26,678038.0,6650.0,,,100.0,TDM 31,3.49,2018-12-07 12:14:21.383000000,11148.0,2.0,2018-11-29,2018-11-29 08:32:37.888,8,33,26,8.557222,
,2018-11-27 08:11:05,533056.0,1500.0,,,73.0,TDM 4,0.79,2018-12-07 12:27:27.713000000,11149.0,2.0,2018-11-27,2018-11-27 08:11:34.272,8,11,5,8.184722,
,2018-11-27 08:56:02,533067.0,3000.0,,,73.0,TDM 4,1.59,2018-12-07 12:27:27.720000000,11149.0,2.0,2018-11-27,2018-11-27 08:55:15.712,8,56,2,8.933888,
,2018-11-27 09:33:59,533073.0,1500.0,,,73.0,TDM 4,0.79,2018-12-07 12:27:27.727000000,11149.0,2.0,2018-11-27,2018-11-27 09:34:35.008,9,33,59,9.566389,
,2018-11-29 10:32:00,224038.0,1500.0,,,88.0,TDM 19,0.79,2018-12-07 12:31:44.553000000,11150.0,2.0,2018-11-29,2018-11-29 10:32:46.848,10,32,0,10.533334,
,2018-12-03 09:01:26,544060.0,2000.0,,,88.0,TDM 19,1.06,2018-12-07 12:31:44.570000000,11150.0,2.0,2018-12-03,2018-12-03 09:01:38.688,9,1,26,9.023889,
,2018-12-03 09:33:06,544085.0,2000.0,,,88.0,TDM 19,1.06,2018-12-07 12:31:44.573000000,11150.0,2.0,2018-12-03,2018-12-03 09:32:13.696,9,33,6,9.551666,
,2018-12-05 07:46:14,544125.0,1500.0,,,88.0,TDM 19,0.79,2018-12-07 12:31:44.580000000,11150.0,2.0,2018-12-05,2018-12-05 07:46:35.136,7,46,14,7.7705555,
,2018-12-05 07:57:03,544016.0,2000.0,,,88.0,TDM 19,1.06,2018-12-07 12:31:44.587000000,11150.0,2.0,2018-12-05,2018-12-05 07:57:30.496,7,57,3,7.9508333,
,2018-11-26 09:47:38,514025.0,2500.0,,,98.0,TDM 29,1.32,2018-12-07 12:34:11.263000000,11151.0,2.0,2018-11-26,2018-11-26 09:48:04.992,9,47,38,9.793889,
,2018-11-26 09:50:33,514025.0,2500.0,,,98.0,TDM 29,1.32,2018-12-07 12:34:11.273000000,11151.0,2.0,2018-11-26,2018-11-26 09:50:16.064,9,50,33,9.8425,
,2018-11-26 09:51:53,514025.0,2500.0,,,98.0,TDM 29,1.32,2018-12-07 12:34:11.280000000,11151.0,2.0,2018-11-26,2018-11-26 09:52:27.136,9,51,53,9.864722,
,2018-11-26 09:53:49,514025.0,2500.0,,,98.0,TDM 29,1.32,2018-12-07 12:34:11.287000000,11151.0,2.0,2018-11-26,2018-11-26 09:54:38.208,9,53,49,9.896944,
,2018-11-29 08:32:15,514051.0,1500.0,,,98.0,TDM 29,0.79,2018-12-07 12:34:11.293000000,11151.0,2.0,2018-11-29,2018-11-29 08:32:37.888,8,32,15,8.5375,
,2018-11-29 08:35:40,514051.0,1500.0,,,98.0,TDM 29,0.79,2018-12-07 12:34:11.300000000,11151.0,2.0,2018-11-29,2018-11-29 08:34:48.960,8,35,40,8.594444,
,2018-11-29 08:38:43,514051.0,1500.0,,,98.0,TDM 29,0.79,2018-12-07 12:34:11.303000000,11151.0,2.0,2018-11-29,2018-11-29 08:39:11.104,8,38,43,8.645278,
,2018-11-29 08:41:15,514051.661,1500.0,,,98.0,TDM 29,0.79,2018-12-07 12:34:11.310000000,11151.0,2.0,2018-11-29,2018-11-29 08:41:22.176,8,41,15,8.6875,
,2018-11-28 14:08:53,208001.0,0.0,,,124.0,TDM 54,0.79,2018-12-10 11:42:57.363000000,11152.0,2.0,2018-11-28,2018-11-28 14:09:26.528,14,8,53,14.148056,
,2018-11-28 14:27:33,208001.0,8850.0,,,124.0,TDM 54,4.66,2018-12-10 11:42:57.367000000,11152.0,2.0,2018-11-28,2018-11-28 14:26:55.104,14,27,33,14.459167,
,2018-11-28 14:39:16,208001.0,8850.0,,,124.0,TDM 54,4.66,2018-12-10 11:42:57.373000000,11152.0,2.0,2018-11-28,2018-11-28 14:40:01.536,14,39,16,14.654445,
,2018-11-28 14:46:08,208002.0,11050.0,,,124.0,TDM 54,5.82,2018-12-10 11:42:57.380000000,11152.0,2.0,2018-11-28,2018-11-28 14:46:34.752,14,46,8,14.768888,
,2018-11-28 14:56:16,208001.0,1500.0,,,124.0,TDM 54,0.79,2018-12-10 11:42:57.387000000,11152.0,2.0,2018-11-28,2018-11-28 14:55:19.040,14,56,16,14.9377775,
,2018-11-28 15:23:44,208001.0,0.0,,,124.0,TDM 54,3.49,2018-12-10 11:42:57.403000000,11152.0,2.0,2018-11-28,2018-11-28 15:23:42.976,15,23,44,15.3955555,
,2018-11-28 15:37:26,208001.0,13250.0,,,124.0,TDM 54,6.99,2018-12-10 11:42:57.410000000,11152.0,2.0,2018-11-28,2018-11-28 15:36:49.408,15,37,26,15.623889,
,2018-11-28 15:44:52,208001.0,1500.0,,,124.0,TDM 54,0.79,2018-12-10 11:42:57.417000000,11152.0,2.0,2018-11-28,2018-11-28 15:45:33.696,15,44,52,15.747778,
,2018-11-29 12:27:24,208001.0,8850.0,,,124.0,TDM 54,4.66,2018-12-10 11:42:57.423000000,11152.0,2.0,2018-11-29,2018-11-29 12:26:22.592,12,27,24,12.456667,
,2018-11-29 12:34:44,208001.0,6650.0,,,124.0,TDM 54,3.49,2018-12-10 11:42:57.430000000,11152.0,2.0,2018-11-29,2018-11-29 12:35:06.880,12,34,44,12.578889,
,2018-11-29 12:41:24,208001.0,6650.0,,,124.0,TDM 54,3.49,2018-12-10 11:42:57.433000000,11152.0,2.0,2018-11-29,2018-11-29 12:41:40.096,12,41,24,12.69,
,2018-11-29 12:47:17,208003.0,13250.0,,,124.0,TDM 54,6.99,2018-12-10 11:42:57.440000000,11152.0,2.0,2018-11-29,2018-11-29 12:48:13.312,12,47,17,12.788055,
,2018-11-29 12:53:51,208001.0,8850.0,,,124.0,TDM 54,4.66,2018-12-10 11:42:57.447000000,11152.0,2.0,2018-11-29,2018-11-29 12:54:46.528,12,53,51,12.8975,
,2018-11-30 08:54:08,208001.0,6650.0,,,124.0,TDM 54,3.49,2018-12-10 11:42:57.453000000,11152.0,2.0,2018-11-30,2018-11-30 08:54:05.056,8,54,8,8.902223,
,2018-11-27 07:48:49,658100.0,2000.0,,,112.0,TDM 42,1.06,2018-12-10 11:48:52.140000000,11153.0,2.0,2018-11-27,2018-11-27 07:49:43.552,7,48,49,7.813611,
,2018-11-29 07:51:11,658100.0,2000.0,,,112.0,TDM 42,1.06,2018-12-10 11:48:52.147000000,11153.0,2.0,2018-11-29,2018-11-29 07:51:07.520,7,51,11,7.8530555,
,2018-11-29 08:05:05,658100.0,2000.0,,,112.0,TDM 42,1.06,2018-12-10 11:48:52.153000000,11153.0,2.0,2018-11-29,2018-11-29 08:04:13.952,8,5,5,8.0847225,
,2018-11-30 18:41:58,219102.0,8850.0,,,96.0,TDM 27,4.66,2018-12-10 11:55:40.307000000,11154.0,2.0,2018-11-30,2018-11-30 18:41:43.424,18,41,58,18.699444,
,2018-12-03 17:04:19,219069.0,1500.0,,,96.0,TDM 27,0.79,2018-12-10 11:55:40.317000000,11154.0,2.0,2018-12-03,2018-12-03 17:04:25.600,17,4,19,17.071945,
,2018-12-07 10:11:25,219075.0,6650.0,,,96.0,TDM 27,3.49,2018-12-10 11:55:40.327000000,11154.0,2.0,2018-12-07,2018-12-07 10:12:09.856,10,11,25,10.190278,
,2018-12-07 10:28:18,219080.0,1500.0,,,96.0,TDM 27,0.79,2018-12-10 11:55:40.333000000,11154.0,2.0,2018-12-07,2018-12-07 10:27:27.360,10,28,18,10.471666,
,2018-12-08 08:41:16,219059.0,3000.0,,,96.0,TDM 27,1.59,2018-12-10 11:55:40.347000000,11154.0,2.0,2018-12-08,2018-12-08 08:42:12.352,8,41,16,8.6877775,
,2018-12-08 08:51:08,219058.0,3000.0,,,96.0,TDM 27,1.59,2018-12-10 11:55:40.350000000,11154.0,2.0,2018-12-08,2018-12-08 08:50:56.640,8,51,8,8.852222,
,2018-12-10 06:44:07,219082.0,1500.0,,,96.0,TDM 27,0.79,2018-12-10 11:55:40.357000000,11154.0,2.0,2018-12-10,2018-12-10 06:43:27.360,6,44,7,6.7352777,
,2018-12-10 09:55:15,385068.0,2500.0,,,82.0,TDM 13,1.32,2018-12-10 12:02:15.043000000,11155.0,2.0,2018-12-10,2018-12-10 09:55:41.696,9,55,15,9.920834,
,2018-12-10 09:58:09,385068.0,2500.0,,,82.0,TDM 13,1.32,2018-12-10 12:02:15.053000000,11155.0,2.0,2018-12-10,2018-12-10 09:57:52.768,9,58,9,9.969167,
,2018-10-29 10:55:20,208005.0,8850.0,,,104.0,TDM 35,4.66,2018-12-10 12:07:29.650000000,11156.0,2.0,2018-10-29,2018-10-29 10:55:52.320,10,55,20,10.922222,
,2018-10-29 10:55:47,208005.0,8850.0,,,104.0,TDM 35,4.66,2018-12-10 12:07:29.660000000,11156.0,2.0,2018-10-29,2018-10-29 10:55:52.320,10,55,47,10.929722,
,2018-10-29 11:01:40,208005.0,3000.0,,,104.0,TDM 35,1.59,2018-12-10 12:07:29.667000000,11156.0,2.0,2018-10-29,2018-10-29 11:02:25.536,11,1,40,11.027778,
,2018-11-13 13:13:13,208003.0,11050.0,,,104.0,TDM 35,5.82,2018-12-10 12:07:29.673000000,11156.0,2.0,2018-11-13,2018-11-13 13:14:09.792,13,13,13,13.220278,
,2018-11-13 13:23:36,208031.0,2000.0,,,104.0,TDM 35,1.06,2018-12-10 12:07:29.680000000,11156.0,2.0,2018-11-13,2018-11-13 13:22:54.080,13,23,36,13.393333,
,2018-11-13 13:48:38,208001.0,2500.0,,,104.0,TDM 35,1.32,2018-12-10 12:07:29.683000000,11156.0,2.0,2018-11-13,2018-11-13 13:49:06.944,13,48,38,13.810555,
,2018-11-13 13:58:27,208001.0,0.0,,,104.0,TDM 35,4.66,2018-12-10 12:07:29.690000000,11156.0,2.0,2018-11-13,2018-11-13 13:57:51.232,13,58,27,13.974167,
,2018-11-13 14:31:11,208001.0,8850.0,,,104.0,TDM 35,4.66,2018-12-10 12:07:29.697000000,11156.0,2.0,2018-11-13,2018-11-13 14:30:37.312,14,31,11,14.519722,
,2018-11-13 14:42:18,208004.0,1500.0,,,104.0,TDM 35,0.79,2018-12-10 12:07:29.703000000,11156.0,2.0,2018-11-13,2018-11-13 14:41:32.672,14,42,18,14.705,
,2018-11-15 13:07:32,208001.0,8850.0,,,104.0,TDM 35,4.66,2018-12-10 12:07:29.710000000,11156.0,2.0,2018-11-15,2018-11-15 13:06:49.472,13,7,32,13.125556,
,2018-11-15 13:18:12,208001.0,3000.0,,,104.0,TDM 35,1.59,2018-12-10 12:07:29.713000000,11156.0,2.0,2018-11-15,2018-11-15 13:17:44.832,13,18,12,13.303333,
,2018-11-15 13:38:36,208001.0,3000.0,,,104.0,TDM 35,1.59,2018-12-10 12:07:29.720000000,11156.0,2.0,2018-11-15,2018-11-15 13:39:35.552,13,38,36,13.643333,
,2018-11-28 13:12:15,208001.0,0.0,,,104.0,TDM 35,0.79,2018-12-10 12:07:29.733000000,11156.0,2.0,2018-11-28,2018-11-28 13:12:38.656,13,12,15,13.204166,
,2018-11-29 11:04:07,208001.0,3000.0,,,104.0,TDM 35,1.59,2018-12-10 12:07:29.740000000,11156.0,2.0,2018-11-29,2018-11-29 11:03:21.856,11,4,7,11.068611,
,2018-11-19 12:08:19,500048.0,2500.0,,,79.0,TDM 10,1.32,2018-12-10 12:10:16.690000000,11157.0,2.0,2018-11-19,2018-11-19 12:08:27.392,12,8,19,12.138611,
,2018-11-25 07:26:05,500011.0,3000.0,,,79.0,TDM 10,1.59,2018-12-10 12:10:16.700000000,11157.0,2.0,2018-11-25,2018-11-25 07:26:28.864,7,26,5,7.4347224,
,2018-11-25 07:30:45,500011.0,3000.0,,,79.0,TDM 10,1.59,2018-12-10 12:10:16.707000000,11157.0,2.0,2018-11-25,2018-11-25 07:30:51.008,7,30,45,7.5125,
,2018-11-25 07:33:36,500011.0,3000.0,,,79.0,TDM 10,1.59,2018-12-10 12:10:16.710000000,11157.0,2.0,2018-11-25,2018-11-25 07:33:02.080,7,33,36,7.56,
,2018-11-25 07:36:41,500011.0,3000.0,,,79.0,TDM 10,1.59,2018-12-10 12:10:16.717000000,11157.0,2.0,2018-11-25,2018-11-25 07:37:24.224,7,36,41,7.6113887,
,2018-11-25 07:44:17,500011.0,3000.0,,,79.0,TDM 10,1.59,2018-12-10 12:10:16.723000000,11157.0,2.0,2018-11-25,2018-11-25 07:43:57.440,7,44,17,7.7380557,
,2018-11-26 17:02:24,500011.0,3000.0,,,79.0,TDM 10,1.59,2018-12-10 12:10:16.730000000,11157.0,2.0,2018-11-26,2018-11-26 17:02:48.320,17,2,24,17.04,
,2018-11-26 17:06:56,500011.0,3000.0,,,79.0,TDM 10,1.59,2018-12-10 12:10:16.737000000,11157.0,2.0,2018-11-26,2018-11-26 17:07:10.464,17,6,56,17.115555,
,2018-11-26 17:09:02,500011.0,3000.0,,,79.0,TDM 10,1.59,2018-12-10 12:10:16.743000000,11157.0,2.0,2018-11-26,2018-11-26 17:09:21.536,17,9,2,17.150555,
,2018-11-26 17:32:27,500110.0,3000.0,,,79.0,TDM 10,1.59,2018-12-10 12:10:16.747000000,11157.0,2.0,2018-11-26,2018-11-26 17:33:23.328,17,32,27,17.540833,
,2018-11-26 17:34:07,500110.0,3000.0,,,79.0,TDM 10,1.59,2018-12-10 12:10:16.753000000,11157.0,2.0,2018-11-26,2018-11-26 17:33:23.328,17,34,7,17.568611,
,2018-11-26 17:35:29,500110.0,3000.0,,,79.0,TDM 10,1.59,2018-12-10 12:10:16.760000000,11157.0,2.0,2018-11-26,2018-11-26 17:35:34.400,17,35,29,17.591389,
,2018-11-26 17:38:49,500110.0,3000.0,,,79.0,TDM 10,1.59,2018-12-10 12:10:16.767000000,11157.0,2.0,2018-11-26,2018-11-26 17:37:45.472,17,38,49,17.646944,
,2018-11-26 17:40:08,500110.0,3000.0,,,79.0,TDM 10,1.59,2018-12-10 12:10:16.770000000,11157.0,2.0,2018-11-26,2018-11-26 17:39:56.544,17,40,8,17.668888,
,2018-11-28 16:27:14,500015.0,1500.0,,,79.0,TDM 10,0.79,2018-12-10 12:10:16.777000000,11157.0,2.0,2018-11-28,2018-11-28 16:27:04.064,16,27,14,16.453888,
,2018-11-28 16:28:28,500015.0,1500.0,,,79.0,TDM 10,0.79,2018-12-10 12:10:16.783000000,11157.0,2.0,2018-11-28,2018-11-28 16:29:15.136,16,28,28,16.474445,
,2018-11-28 16:29:35,500015.0,1500.0,,,79.0,TDM 10,0.79,2018-12-10 12:10:16.790000000,11157.0,2.0,2018-11-28,2018-11-28 16:29:15.136,16,29,35,16.493055,
,2018-11-28 16:30:42,500015.0,1500.0,,,79.0,TDM 10,0.79,2018-12-10 12:10:16.797000000,11157.0,2.0,2018-11-28,2018-11-28 16:31:26.208,16,30,42,16.511667,
,2018-11-28 16:32:24,500015.0,1500.0,,,79.0,TDM 10,0.79,2018-12-10 12:10:16.800000000,11157.0,2.0,2018-11-28,2018-11-28 16:31:26.208,16,32,24,16.54,
,2018-11-28 16:35:14,500015.0,1500.0,,,79.0,TDM 10,0.79,2018-12-10 12:10:16.807000000,11157.0,2.0,2018-11-28,2018-11-28 16:35:48.352,16,35,14,16.587223,
,2018-11-28 16:38:07,500015.0,1500.0,,,79.0,TDM 10,0.79,2018-12-10 12:10:16.813000000,11157.0,2.0,2018-11-28,2018-11-28 16:37:59.424,16,38,7,16.635279,
,2018-11-28 16:40:42,500015670.0,1500.0,,,79.0,TDM 10,0.79,2018-12-10 12:10:16.820000000,11157.0,2.0,2018-11-28,2018-11-28 16:40:10.496,16,40,42,16.678333,
,2018-11-28 16:44:40,500015670.0,1500.0,,,79.0,TDM 10,0.79,2018-12-10 12:10:16.827000000,11157.0,2.0,2018-11-28,2018-11-28 16:44:32.640,16,44,40,16.744444,
,2018-11-28 16:45:57,500015.0,1500.0,,,79.0,TDM 10,0.79,2018-12-10 12:10:16.830000000,11157.0,2.0,2018-11-28,2018-11-28 16:46:43.712,16,45,57,16.765833,
,2018-11-28 16:46:58,500015.0,1500.0,,,79.0,TDM 10,0.79,2018-12-10 12:10:16.837000000,11157.0,2.0,2018-11-28,2018-11-28 16:46:43.712,16,46,58,16.782778,
,2018-11-28 16:49:42,500015.0,1500.0,,,79.0,TDM 10,0.79,2018-12-10 12:10:16.843000000,11157.0,2.0,2018-11-28,2018-11-28 16:48:54.784,16,49,42,16.828333,
,2018-11-28 16:50:59,500015.0,1500.0,,,79.0,TDM 10,0.79,2018-12-10 12:10:16.850000000,11157.0,2.0,2018-11-28,2018-11-28 16:51:05.856,16,50,59,16.849722,
,2018-11-28 16:51:54,500015.0,1500.0,,,79.0,TDM 10,0.79,2018-12-10 12:10:16.857000000,11157.0,2.0,2018-11-28,2018-11-28 16:51:05.856,16,51,54,16.865,
,2018-11-28 16:53:08,500015.0,1500.0,,,79.0,TDM 10,0.79,2018-12-10 12:10:16.860000000,11157.0,2.0,2018-11-28,2018-11-28 16:53:16.928,16,53,8,16.885555,
,2018-11-28 16:54:18,500015.0,1500.0,,,79.0,TDM 10,0.79,2018-12-10 12:10:16.867000000,11157.0,2.0,2018-11-28,2018-11-28 16:53:16.928,16,54,18,16.905,
,2018-11-28 16:55:19,500015.0,1500.0,,,79.0,TDM 10,0.79,2018-12-10 12:10:16.873000000,11157.0,2.0,2018-11-28,2018-11-28 16:55:28.000,16,55,19,16.921944,
,2018-11-28 16:56:20,500015.0,1500.0,,,79.0,TDM 10,0.79,2018-12-10 12:10:16.880000000,11157.0,2.0,2018-11-28,2018-11-28 16:55:28.000,16,56,20,16.938889,
,2018-11-28 16:57:22,500015.0,1500.0,,,79.0,TDM 10,0.79,2018-12-10 12:10:16.887000000,11157.0,2.0,2018-11-28,2018-11-28 16:57:39.072,16,57,22,16.956112,
,2018-11-28 16:58:37,500015.0,1500.0,,,79.0,TDM 10,0.79,2018-12-10 12:10:16.890000000,11157.0,2.0,2018-11-28,2018-11-28 16:57:39.072,16,58,37,16.976944,
,2018-11-28 16:59:50,500015.0,1500.0,,,79.0,TDM 10,0.79,2018-12-10 12:10:16.897000000,11157.0,2.0,2018-11-28,2018-11-28 16:59:50.144,16,59,50,16.997223,
,2018-11-28 17:00:31,500015.0,1500.0,,,79.0,TDM 10,0.79,2018-12-10 12:10:16.903000000,11157.0,2.0,2018-11-28,2018-11-28 16:59:50.144,17,0,31,17.008612,
,2018-11-28 17:04:17,500015.0,1500.0,,,79.0,TDM 10,0.79,2018-12-10 12:10:16.910000000,11157.0,2.0,2018-11-28,2018-11-28 17:04:12.288,17,4,17,17.071388,
,2018-11-28 17:06:05,500015.0,1500.0,,,79.0,TDM 10,0.79,2018-12-10 12:10:16.917000000,11157.0,2.0,2018-11-28,2018-11-28 17:06:23.360,17,6,5,17.101389,
,2018-11-28 17:08:23,500015.0,1500.0,,,79.0,TDM 10,0.79,2018-12-10 12:10:16.920000000,11157.0,2.0,2018-11-28,2018-11-28 17:08:34.432,17,8,23,17.139723,
,2018-11-28 17:09:55,500015.0,1500.0,,,79.0,TDM 10,0.79,2018-12-10 12:10:16.927000000,11157.0,2.0,2018-11-28,2018-11-28 17:10:45.504,17,9,55,17.165277,
,2018-11-28 17:18:58,500009.0,2000.0,,,79.0,TDM 10,1.06,2018-12-10 12:10:16.933000000,11157.0,2.0,2018-11-28,2018-11-28 17:19:29.792,17,18,58,17.31611,
,2018-11-28 17:20:00,500009.0,2000.0,,,79.0,TDM 10,1.06,2018-12-10 12:10:16.940000000,11157.0,2.0,2018-11-28,2018-11-28 17:19:29.792,17,20,0,17.333334,
,2018-11-28 17:23:11,500009.0,2000.0,,,79.0,TDM 10,1.06,2018-12-10 12:10:16.947000000,11157.0,2.0,2018-11-28,2018-11-28 17:23:51.936,17,23,11,17.386389,
,2018-11-28 17:28:21,500009.0,2000.0,,,79.0,TDM 10,1.06,2018-12-10 12:10:16.950000000,11157.0,2.0,2018-11-28,2018-11-28 17:28:14.080,17,28,21,17.4725,
,2018-11-28 18:07:48,500009.0,2000.0,,,79.0,TDM 10,1.06,2018-12-10 12:10:16.957000000,11157.0,2.0,2018-11-28,2018-11-28 18:07:33.376,18,7,48,18.13,
,2018-11-28 18:08:57,500009.0,2000.0,,,79.0,TDM 10,1.06,2018-12-10 12:10:16.963000000,11157.0,2.0,2018-11-28,2018-11-28 18:09:44.448,18,8,57,18.149166,
,2018-11-28 18:09:39,500009.0,2000.0,,,79.0,TDM 10,1.06,2018-12-10 12:10:16.970000000,11157.0,2.0,2018-11-28,2018-11-28 18:09:44.448,18,9,39,18.160833,
,2018-11-28 18:10:31,500009.0,2000.0,,,79.0,TDM 10,1.06,2018-12-10 12:10:16.977000000,11157.0,2.0,2018-11-28,2018-11-28 18:09:44.448,18,10,31,18.175278,
,2018-11-28 18:14:02,500009.0,2000.0,,,79.0,TDM 10,1.06,2018-12-10 12:10:16.980000000,11157.0,2.0,2018-11-28,2018-11-28 18:14:06.592,18,14,2,18.233889,
,2018-11-28 18:16:14,500009.0,2000.0,,,79.0,TDM 10,1.06,2018-12-10 12:10:16.987000000,11157.0,2.0,2018-11-28,2018-11-28 18:16:17.664,18,16,14,18.270555,
,2018-11-28 18:18:27,500009.0,2000.0,,,79.0,TDM 10,1.06,2018-12-10 12:10:16.993000000,11157.0,2.0,2018-11-28,2018-11-28 18:18:28.736,18,18,27,18.3075,
,2018-11-28 18:20:07,500009.0,2000.0,,,79.0,TDM 10,1.06,2018-12-10 12:10:17,11157.0,2.0,2018-11-28,2018-11-28 18:20:39.808,18,20,7,18.335278,
,2018-11-28 18:21:06,500009.0,2000.0,,,79.0,TDM 10,1.06,2018-12-10 12:10:17.007000000,11157.0,2.0,2018-11-28,2018-11-28 18:20:39.808,18,21,6,18.351667,
,2018-11-28 18:22:03,500009.0,2000.0,,,79.0,TDM 10,1.06,2018-12-10 12:10:17.010000000,11157.0,2.0,2018-11-28,2018-11-28 18:22:50.880,18,22,3,18.3675,
,2018-11-28 18:25:33,500009.0,2000.0,,,79.0,TDM 10,1.06,2018-12-10 12:10:17.017000000,11157.0,2.0,2018-11-28,2018-11-28 18:25:01.952,18,25,33,18.425833,
,2018-11-28 18:26:17,500009.0,2000.0,,,79.0,TDM 10,1.06,2018-12-10 12:10:17.023000000,11157.0,2.0,2018-11-28,2018-11-28 18:27:13.024,18,26,17,18.438055,
,2018-11-28 18:28:39,500009.0,2000.0,,,79.0,TDM 10,1.06,2018-12-10 12:10:17.030000000,11157.0,2.0,2018-11-28,2018-11-28 18:29:24.096,18,28,39,18.4775,
,2018-11-28 19:41:11,500009.0,2000.0,,,79.0,TDM 10,1.06,2018-12-10 12:10:17.037000000,11157.0,2.0,2018-11-28,2018-11-28 19:41:29.472,19,41,11,19.686388,
,2018-11-28 19:42:45,500009.0,2000.0,,,79.0,TDM 10,1.06,2018-12-10 12:10:17.040000000,11157.0,2.0,2018-11-28,2018-11-28 19:43:40.544,19,42,45,19.7125,
,2018-11-28 19:43:48,500009.0,2000.0,,,79.0,TDM 10,1.06,2018-12-10 12:10:17.047000000,11157.0,2.0,2018-11-28,2018-11-28 19:43:40.544,19,43,48,19.73,
,2018-11-28 19:45:26,500009.0,2000.0,,,79.0,TDM 10,1.06,2018-12-10 12:10:17.053000000,11157.0,2.0,2018-11-28,2018-11-28 19:45:51.616,19,45,26,19.757223,
,2018-12-03 09:42:55,500015.0,1500.0,,,79.0,TDM 10,0.79,2018-12-10 12:10:17.060000000,11157.0,2.0,2018-12-03,2018-12-03 09:43:09.056,9,42,55,9.715278,
,2018-12-03 09:45:02,500001.0,1500.0,,,79.0,TDM 10,0.79,2018-12-10 12:10:17.067000000,11157.0,2.0,2018-12-03,2018-12-03 09:45:20.128,9,45,2,9.750556,
,2018-12-03 09:47:05,500145.0,2500.0,,,79.0,TDM 10,1.32,2018-12-10 12:10:17.070000000,11157.0,2.0,2018-12-03,2018-12-03 09:47:31.200,9,47,5,9.784722,
,2018-12-06 08:56:47,208001.0,13250.0,,,79.0,TDM 10,6.99,2018-12-10 12:10:17.077000000,11157.0,2.0,2018-12-06,2018-12-06 08:56:05.888,8,56,47,8.946389,
,2018-12-06 09:06:47,208003.0,3000.0,,,79.0,TDM 10,1.59,2018-12-10 12:10:17.083000000,11157.0,2.0,2018-12-06,2018-12-06 09:07:01.248,9,6,47,9.113055,
,2018-12-06 13:26:04,512009.0,0.0,,,90.0,TDM 21,1.06,2019-01-29 13:29:33.450000000,11158.0,2.0,2018-12-06,2018-12-06 13:26:58.816,13,26,4,13.434444,
,2018-12-06 13:46:10,512014.0,0.0,,,90.0,TDM 21,1.32,2019-01-29 13:29:33.460000000,11158.0,2.0,2018-12-06,2018-12-06 13:46:38.464,13,46,10,13.769444,
,2018-12-07 11:59:43,512007.0,0.0,,,90.0,TDM 21,0.79,2019-01-29 13:29:33.467000000,11158.0,2.0,2018-12-07,2018-12-07 11:59:12.384,11,59,43,11.995277,
,2018-12-07 12:03:48,512007.0,0.0,,,90.0,TDM 21,0.79,2019-01-29 13:29:33.470000000,11158.0,2.0,2018-12-07,2018-12-07 12:03:34.528,12,3,48,12.0633335,
,2018-12-08 14:06:18,512200.0,0.0,,,90.0,TDM 21,1.06,2019-01-29 13:29:33.477000000,11158.0,2.0,2018-12-08,2018-12-08 14:05:31.008,14,6,18,14.105,
,2018-12-08 18:00:31,512062.0,0.0,,,90.0,TDM 21,1.06,2019-01-29 13:29:33.483000000,11158.0,2.0,2018-12-08,2018-12-08 18:01:26.784,18,0,31,18.008612,
,2018-12-10 11:47:14,512112.0,0.0,,,90.0,TDM 21,1.32,2019-01-29 13:29:33.490000000,11158.0,2.0,2018-12-10,2018-12-10 11:47:06.368,11,47,14,11.787222,
,2018-12-11 11:59:25,512150.0,0.0,,,90.0,TDM 21,0.79,2019-01-29 13:29:33.497000000,11158.0,2.0,2018-12-11,2018-12-11 11:59:49.248,11,59,25,11.990278,
,2018-12-11 15:01:08,512062.0,2000.0,,,90.0,TDM 21,1.06,2019-01-29 13:29:33.500000000,11158.0,2.0,2018-12-11,2018-12-11 15:01:08.224,15,1,8,15.018888,
,2018-12-11 15:02:35,512112.0,2500.0,,,90.0,TDM 21,1.32,2019-01-29 13:29:33.507000000,11158.0,2.0,2018-12-11,2018-12-11 15:03:19.296,15,2,35,15.043056,
,2018-12-11 15:04:54,512150.0,1500.0,,,90.0,TDM 21,0.79,2019-01-29 13:29:33.513000000,11158.0,2.0,2018-12-11,2018-12-11 15:05:30.368,15,4,54,15.081667,
,2018-12-14 13:13:25,510023.0,0.0,,,90.0,TDM 21,1.06,2019-01-29 13:29:33.520000000,11158.0,2.0,2018-12-14,2018-12-14 13:12:55.040,13,13,25,13.223611,
,2018-12-16 11:58:49,510010.0,0.0,,,90.0,TDM 21,1.06,2019-01-29 13:29:33.527000000,11158.0,2.0,2018-12-16,2018-12-16 11:57:51.488,11,58,49,11.980278,
,2018-12-17 16:23:06,510023.0,2000.0,,,90.0,TDM 21,1.06,2019-01-29 13:29:33.530000000,11158.0,2.0,2018-12-17,2018-12-17 16:23:58.720,16,23,6,16.385,
,2018-12-17 16:24:17,5100010.0,2000.0,,,90.0,TDM 21,1.06,2019-01-29 13:29:33.537000000,11158.0,2.0,2018-12-17,2018-12-17 16:23:58.720,16,24,17,16.404722,
,2018-11-30 12:33:47,238066.0,8850.0,,,91.0,TDM 22,4.66,2019-01-29 13:33:24.207000000,11159.0,2.0,2018-11-30,2018-11-30 12:34:43.328,12,33,47,12.563056,
,2018-11-30 12:34:58,238066.0,8850.0,,,91.0,TDM 22,4.66,2019-01-29 13:33:24.213000000,11159.0,2.0,2018-11-30,2018-11-30 12:34:43.328,12,34,58,12.582778,
,2018-12-06 07:59:53,238029.0,3000.0,,,91.0,TDM 22,1.59,2019-01-29 13:33:24.220000000,11159.0,2.0,2018-12-06,2018-12-06 07:59:18.016,7,59,53,7.9980555,
,2018-12-06 08:19:54,238046.0,1500.0,,,91.0,TDM 22,0.79,2019-01-29 13:33:24.227000000,11159.0,2.0,2018-12-06,2018-12-06 08:18:57.664,8,19,54,8.331667,
,2018-12-01 11:31:30,208001.0,2000.0,,,81.0,TDM 12,1.06,2019-01-29 13:39:54.673000000,11160.0,2.0,2018-12-01,2018-12-01 11:30:58.688,11,31,30,11.525,
,2018-12-01 11:44:31,208001.0,6650.0,,,81.0,TDM 12,3.49,2019-01-29 13:39:54.690000000,11160.0,2.0,2018-12-01,2018-12-01 11:44:05.120,11,44,31,11.741944,
,2018-12-01 12:09:29,208003.0,1500.0,,,81.0,TDM 12,0.79,2019-01-29 13:39:54.697000000,11160.0,2.0,2018-12-01,2018-12-01 12:10:17.984,12,9,29,12.158055,
,2018-12-01 12:17:52,208003.0,1500.0,,,81.0,TDM 12,0.79,2019-01-29 13:39:54.700000000,11160.0,2.0,2018-12-01,2018-12-01 12:16:51.200,12,17,52,12.297778,
,2018-12-07 08:37:15,327001.0,2000.0,,,99.0,TDM 30,1.06,2019-01-29 13:45:27.890000000,11161.0,2.0,2018-12-07,2018-12-07 08:38:13.760,8,37,15,8.620833,
,2018-12-11 10:22:50,208001.0,1500.0,,,99.0,TDM 30,0.79,2019-01-29 13:45:27.900000000,11161.0,2.0,2018-12-11,2018-12-11 10:23:42.080,10,22,50,10.380555,
,2018-12-12 10:00:13,327017.0,1500.0,,,99.0,TDM 30,0.79,2019-01-29 13:45:27.903000000,11161.0,2.0,2018-12-12,2018-12-12 09:59:16.736,10,0,13,10.003612,
,2018-12-12 10:16:17,327107.0,1500.0,,,99.0,TDM 30,0.79,2019-01-29 13:45:27.910000000,11161.0,2.0,2018-12-12,2018-12-12 10:16:45.312,10,16,17,10.271389,
,2018-12-13 07:48:10,327116.0,2500.0,,,99.0,TDM 30,1.32,2019-01-29 13:45:27.917000000,11161.0,2.0,2018-12-13,2018-12-13 07:47:48.864,7,48,10,7.802778,
,2018-12-13 09:04:23,327002.0,1500.0,,,99.0,TDM 30,0.79,2019-01-29 13:45:27.923000000,11161.0,2.0,2018-12-13,2018-12-13 09:04:16.384,9,4,23,9.073055,
,2018-12-13 09:10:13,327020.0,1500.0,,,99.0,TDM 30,0.79,2019-01-29 13:45:27.930000000,11161.0,2.0,2018-12-13,2018-12-13 09:10:49.600,9,10,13,9.170278,
,2018-12-13 09:38:35,327079.0,2000.0,,,99.0,TDM 30,1.06,2019-01-29 13:45:27.937000000,11161.0,2.0,2018-12-13,2018-12-13 09:39:13.536,9,38,35,9.643056,
,2018-12-14 07:19:23,327076.0,2500.0,,,99.0,TDM 30,1.32,2019-01-29 13:45:27.940000000,11161.0,2.0,2018-12-14,2018-12-14 07:19:01.376,7,19,23,7.3230557,
,2018-12-14 07:54:13,327049.0,1500.0,,,99.0,TDM 30,0.79,2019-01-29 13:45:27.947000000,11161.0,2.0,2018-12-14,2018-12-14 07:53:58.528,7,54,13,7.903611,
,2018-12-14 08:16:53,327054.0,2500.0,,,99.0,TDM 30,1.32,2019-01-29 13:45:27.953000000,11161.0,2.0,2018-12-14,2018-12-14 08:15:49.248,8,16,53,8.281389,
,2018-12-14 08:39:53,327038.0,3000.0,,,99.0,TDM 30,1.59,2019-01-29 13:45:27.960000000,11161.0,2.0,2018-12-14,2018-12-14 08:39:51.040,8,39,53,8.664722,
,2018-12-14 09:50:55,327053.0,3000.0,,,99.0,TDM 30,1.59,2019-01-29 13:45:27.967000000,11161.0,2.0,2018-12-14,2018-12-14 09:51:56.416,9,50,55,9.848611,
,2018-12-14 10:33:42,327104.0,2000.0,,,99.0,TDM 30,1.06,2019-01-29 13:45:27.977000000,11161.0,2.0,2018-12-14,2018-12-14 10:33:26.784,10,33,42,10.5616665,
,2018-12-15 06:53:01,327104.0,2000.0,,,99.0,TDM 30,1.06,2019-01-29 13:45:27.983000000,11161.0,2.0,2018-12-15,2018-12-15 06:52:24.960,6,53,1,6.883611,
,2018-12-15 07:07:36,327124.0,2500.0,,,99.0,TDM 30,1.32,2019-01-29 13:45:27.990000000,11161.0,2.0,2018-12-15,2018-12-15 07:07:42.464,7,7,36,7.1266665,
,2018-12-15 08:06:45,327027.0,2500.0,,,99.0,TDM 30,1.32,2019-01-29 13:45:27.997000000,11161.0,2.0,2018-12-15,2018-12-15 08:06:41.408,8,6,45,8.1125,
,2018-12-17 10:23:45,675007.0,2000.0,,,102.0,TDM 33,1.06,2019-01-29 13:49:34.460000000,11162.0,2.0,2018-12-17,2018-12-17 10:23:31.840,10,23,45,10.395833,
,2018-12-11 10:16:34,703022.0,13250.0,,,77.0,TDM 8,6.99,2019-01-29 13:53:08.727000000,11163.0,2.0,2018-12-11,2018-12-11 10:17:08.864,10,16,34,10.276111,
,2018-12-11 10:20:44,703022.0,13250.0,,,77.0,TDM 8,6.99,2019-01-29 13:53:08.743000000,11163.0,2.0,2018-12-11,2018-12-11 10:21:31.008,10,20,44,10.345555,
,2018-12-17 10:22:51,703064.0,6650.0,,,77.0,TDM 8,3.49,2019-01-29 13:53:08.750000000,11163.0,2.0,2018-12-17,2018-12-17 10:23:31.840,10,22,51,10.380834,
,2018-12-07 09:31:27,208001.0,1500.0,,,89.0,TDM 20,0.79,2019-01-29 14:00:45.040000000,11164.0,2.0,2018-12-07,2018-12-07 09:30:39.488,9,31,27,9.524167,
,2018-12-10 11:52:50,385068.0,2500.0,,,74.0,TDM 5,1.32,2019-01-29 14:05:07.920000000,11165.0,2.0,2018-12-10,2018-12-10 11:53:39.584,11,52,50,11.880555,
,2018-12-10 11:55:01,385035.0,2500.0,,,74.0,TDM 5,1.32,2019-01-29 14:05:07.930000000,11165.0,2.0,2018-12-10,2018-12-10 11:55:50.656,11,55,1,11.9169445,
,2018-12-10 11:57:50,385122.0,1500.0,,,74.0,TDM 5,0.79,2019-01-29 14:05:07.937000000,11165.0,2.0,2018-12-10,2018-12-10 11:58:01.728,11,57,50,11.963889,
,2018-12-12 10:39:21,385047.0,1500.0,,,74.0,TDM 5,0.79,2019-01-29 14:05:07.940000000,11165.0,2.0,2018-12-12,2018-12-12 10:38:36.032,10,39,21,10.655833,
,2018-12-12 10:48:25,385069.0,1500.0,,,74.0,TDM 5,0.79,2019-01-29 14:05:07.947000000,11165.0,2.0,2018-12-12,2018-12-12 10:47:20.320,10,48,25,10.806945,
,2018-12-12 11:05:34,385146.0,1500.0,,,74.0,TDM 5,0.79,2019-01-29 14:05:07.953000000,11165.0,2.0,2018-12-12,2018-12-12 11:04:48.896,11,5,34,11.092778,
,2018-12-13 11:07:37,385052.0,3000.0,,,74.0,TDM 5,1.59,2019-01-29 14:05:07.960000000,11165.0,2.0,2018-12-13,2018-12-13 11:06:36.416,11,7,37,11.126945,
,2018-12-13 11:09:22,385053.0,2000.0,,,74.0,TDM 5,1.06,2019-01-29 14:05:07.967000000,11165.0,2.0,2018-12-13,2018-12-13 11:08:47.488,11,9,22,11.156111,
,2018-12-14 10:55:24,385061.0,1500.0,,,74.0,TDM 5,0.79,2019-01-29 14:05:07.970000000,11165.0,2.0,2018-12-14,2018-12-14 10:55:17.504,10,55,24,10.923333,
,2018-12-01 11:46:52,208001.0,2000.0,,,97.0,TDM 28,1.06,2019-01-29 14:09:08.717000000,11166.0,2.0,2018-12-01,2018-12-01 11:46:16.192,11,46,52,11.781111,
,2018-12-01 12:00:36,208001.0,13250.0,,,97.0,TDM 28,6.99,2019-01-29 14:09:08.733000000,11166.0,2.0,2018-12-01,2018-12-01 12:01:33.696,12,0,36,12.01,
,2018-12-01 12:15:20,208003.0,1500.0,,,97.0,TDM 28,0.79,2019-01-29 14:09:08.740000000,11166.0,2.0,2018-12-01,2018-12-01 12:14:40.128,12,15,20,12.255555,
,2018-12-12 08:05:13,215040.0,1500.0,,,116.0,TDM 46,0.79,2019-01-29 14:14:51.527000000,11167.0,2.0,2018-12-12,2018-12-12 08:05:40.992,8,5,13,8.086945,
,2018-12-12 08:35:48,215040.0,1500.0,,,116.0,TDM 46,0.79,2019-01-29 14:14:51.533000000,11167.0,2.0,2018-12-12,2018-12-12 08:36:16.000,8,35,48,8.596666,
,2018-12-12 08:39:19,215027.0,2500.0,,,116.0,TDM 46,1.32,2019-01-29 14:14:51.540000000,11167.0,2.0,2018-12-12,2018-12-12 08:38:27.072,8,39,19,8.655278,
,2018-12-12 08:43:13,215013.0,2500.0,,,116.0,TDM 46,1.32,2019-01-29 14:14:51.547000000,11167.0,2.0,2018-12-12,2018-12-12 08:42:49.216,8,43,13,8.720278,
,2018-12-13 07:25:02,215112.0,1500.0,,,116.0,TDM 46,0.79,2019-01-29 14:14:51.550000000,11167.0,2.0,2018-12-13,2018-12-13 07:25:58.144,7,25,2,7.417222,
,2018-12-13 08:43:11,215028.0,2500.0,,,116.0,TDM 46,1.32,2019-01-29 14:14:51.557000000,11167.0,2.0,2018-12-13,2018-12-13 08:42:25.664,8,43,11,8.719722,
,2018-12-13 08:47:56,215028.0,2500.0,,,116.0,TDM 46,1.32,2019-01-29 14:14:51.563000000,11167.0,2.0,2018-12-13,2018-12-13 08:48:58.880,8,47,56,8.798889,
,2018-12-13 17:36:40,215140.0,2000.0,,,116.0,TDM 46,1.06,2019-01-29 14:14:51.570000000,11167.0,2.0,2018-12-13,2018-12-13 17:37:38.304,17,36,40,17.61111,
,2018-12-14 06:54:13,215122.0,3000.0,,,116.0,TDM 46,1.59,2019-01-29 14:14:51.577000000,11167.0,2.0,2018-12-14,2018-12-14 06:54:59.584,6,54,13,6.903611,
,2018-12-14 07:41:58,215029.0,1500.0,,,116.0,TDM 46,0.79,2019-01-29 14:14:51.580000000,11167.0,2.0,2018-12-14,2018-12-14 07:43:03.168,7,41,58,7.6994443,
,2018-12-15 06:26:24,215011.0,3000.0,,,116.0,TDM 46,1.59,2019-01-29 14:14:51.587000000,11167.0,2.0,2018-12-15,2018-12-15 06:26:12.096,6,26,24,6.44,
,2018-12-16 15:48:45,215096.0,2000.0,,,116.0,TDM 46,1.06,2019-01-29 14:14:51.593000000,11167.0,2.0,2018-12-16,2018-12-16 15:49:25.120,15,48,45,15.8125,
,2018-12-16 17:19:36,215071.0,2000.0,,,116.0,TDM 46,1.06,2019-01-29 14:14:51.600000000,11167.0,2.0,2018-12-16,2018-12-16 17:18:59.072,17,19,36,17.326666,
,2018-12-16 17:40:54,215074.0,2000.0,,,116.0,TDM 46,1.06,2019-01-29 14:14:51.607000000,11167.0,2.0,2018-12-16,2018-12-16 17:40:49.792,17,40,54,17.681667,
,2018-12-16 18:07:19,215014.0,2000.0,,,116.0,TDM 46,1.06,2019-01-29 14:14:51.610000000,11167.0,2.0,2018-12-16,2018-12-16 18:07:02.656,18,7,19,18.121944,
,2018-12-16 18:09:56,215014.0,2000.0,,,116.0,TDM 46,1.06,2019-01-29 14:14:51.617000000,11167.0,2.0,2018-12-16,2018-12-16 18:09:13.728,18,9,56,18.165556,
,2018-12-17 08:21:35,215026.0,3000.0,,,116.0,TDM 46,1.59,2019-01-29 14:14:51.623000000,11167.0,2.0,2018-12-17,2018-12-17 08:21:11.808,8,21,35,8.359722,
,2018-11-28 08:12:53,664001.0,2000.0,,,95.0,TDM 26,1.06,2019-01-29 14:21:04.933000000,11168.0,2.0,2018-11-28,2018-11-28 08:13:21.792,8,12,53,8.214723,
,2018-11-28 08:23:04,664005.0,1500.0,,,95.0,TDM 26,0.79,2019-01-29 14:21:04.947000000,11168.0,2.0,2018-11-28,2018-11-28 08:22:06.080,8,23,4,8.384444,
,2018-12-05 08:07:34,664021.0,2000.0,,,95.0,TDM 26,1.06,2019-01-29 14:21:04.953000000,11168.0,2.0,2018-12-05,2018-12-05 08:08:25.856,8,7,34,8.126111,
,2018-12-05 08:24:24,664017.0,3000.0,,,95.0,TDM 26,1.59,2019-01-29 14:21:04.960000000,11168.0,2.0,2018-12-05,2018-12-05 08:23:43.360,8,24,24,8.406667,
,2018-12-05 08:40:50,664011.0,1500.0,,,95.0,TDM 26,0.79,2019-01-29 14:21:04.967000000,11168.0,2.0,2018-12-05,2018-12-05 08:41:11.936,8,40,50,8.680555,
,2018-12-07 07:21:04,664020.0,2500.0,,,95.0,TDM 26,1.32,2019-01-29 14:21:04.983000000,11168.0,2.0,2018-12-07,2018-12-07 07:21:46.240,7,21,4,7.351111,
,2018-12-11 10:25:05,514051.0,1500.0,,,96.0,TDM 27,0.79,2019-01-29 14:26:51.430000000,11169.0,2.0,2018-12-11,2018-12-11 10:25:53.152,10,25,5,10.418056,
,2018-12-11 10:28:57,514030.0,1500.0,,,96.0,TDM 27,0.79,2019-01-29 14:26:51.450000000,11169.0,2.0,2018-12-11,2018-12-11 10:28:04.224,10,28,57,10.4825,
,2018-12-11 14:06:06,514020.0,1500.0,,,96.0,TDM 27,0.79,2019-01-29 14:26:51.457000000,11169.0,2.0,2018-12-11,2018-12-11 14:06:31.424,14,6,6,14.101666,
,2018-12-11 14:11:47,514020.0,1500.0,,,96.0,TDM 27,0.79,2019-01-29 14:26:51.460000000,11169.0,2.0,2018-12-11,2018-12-11 14:10:53.568,14,11,47,14.196389,
,2018-12-08 09:16:34,530096.0,2000.0,,,71.0,TDM 2,1.06,2019-01-29 14:30:03.583000000,11170.0,2.0,2018-12-08,2018-12-08 09:17:09.504,9,16,34,9.276111,
,2018-12-08 09:18:52,530096.0,2000.0,,,71.0,TDM 2,1.06,2019-01-29 14:30:03.597000000,11170.0,2.0,2018-12-08,2018-12-08 09:19:20.576,9,18,52,9.314445,
,2018-12-08 09:30:46,530099.0,2000.0,,,71.0,TDM 2,1.06,2019-01-29 14:30:03.603000000,11170.0,2.0,2018-12-08,2018-12-08 09:30:15.936,9,30,46,9.512777,
,2018-12-08 10:16:08,530098.0,2000.0,,,71.0,TDM 2,1.06,2019-01-29 14:30:03.610000000,11170.0,2.0,2018-12-08,2018-12-08 10:16:08.448,10,16,8,10.268888,
,2018-12-08 10:28:24,530121.0,1500.0,,,71.0,TDM 2,0.79,2019-01-29 14:30:03.617000000,11170.0,2.0,2018-12-08,2018-12-08 10:29:14.880,10,28,24,10.473333,
,2018-12-11 11:49:37,530253.0,1500.0,,,71.0,TDM 2,0.79,2019-01-29 14:30:03.620000000,11170.0,2.0,2018-12-11,2018-12-11 11:48:53.888,11,49,37,11.826944,
,2018-12-11 13:00:31,530284.0,2500.0,,,71.0,TDM 2,1.32,2019-01-29 14:30:03.633000000,11170.0,2.0,2018-12-11,2018-12-11 13:00:59.264,13,0,31,13.008611,
,2018-12-11 13:03:01,530284.0,2500.0,,,71.0,TDM 2,1.32,2019-01-29 14:30:03.640000000,11170.0,2.0,2018-12-11,2018-12-11 13:03:10.336,13,3,1,13.050278,
,2018-12-13 17:35:26,530007.0,1500.0,,,71.0,TDM 2,0.79,2019-01-29 14:30:03.647000000,11170.0,2.0,2018-12-13,2018-12-13 17:35:27.232,17,35,26,17.590555,
,2018-12-16 07:59:35,530040.0,2000.0,,,71.0,TDM 2,1.06,2019-01-29 14:30:03.657000000,11170.0,2.0,2018-12-16,2018-12-16 07:59:44.640,7,59,35,7.9930553,
,2018-12-16 08:02:56,530215.0,2000.0,,,71.0,TDM 2,1.06,2019-01-29 14:30:03.663000000,11170.0,2.0,2018-12-16,2018-12-16 08:01:55.712,8,2,56,8.048889,
,2018-12-16 08:07:47,530215.0,2000.0,,,71.0,TDM 2,1.06,2019-01-29 14:30:03.670000000,11170.0,2.0,2018-12-16,2018-12-16 08:08:28.928,8,7,47,8.129723,
,2018-12-16 08:11:40,530215.0,2000.0,,,71.0,TDM 2,1.06,2019-01-29 14:30:03.677000000,11170.0,2.0,2018-12-16,2018-12-16 08:10:40.000,8,11,40,8.194445,
,2018-12-16 09:26:55,530215.0,2000.0,,,71.0,TDM 2,1.06,2019-01-29 14:30:03.680000000,11170.0,2.0,2018-12-16,2018-12-16 09:27:07.520,9,26,55,9.448611,
,2018-12-16 09:41:47,530040.0,2000.0,,,71.0,TDM 2,1.06,2019-01-29 14:30:03.687000000,11170.0,2.0,2018-12-16,2018-12-16 09:42:25.024,9,41,47,9.696389,
,2018-12-16 09:44:52,530040.0,2000.0,,,71.0,TDM 2,1.06,2019-01-29 14:30:03.693000000,11170.0,2.0,2018-12-16,2018-12-16 09:44:36.096,9,44,52,9.747778,
,2018-12-16 09:46:57,530040.0,2000.0,,,71.0,TDM 2,1.06,2019-01-29 14:30:03.700000000,11170.0,2.0,2018-12-16,2018-12-16 09:46:47.168,9,46,57,9.7825,
,2018-12-16 09:49:43,530040.0,2000.0,,,71.0,TDM 2,1.06,2019-01-29 14:30:03.707000000,11170.0,2.0,2018-12-16,2018-12-16 09:48:58.240,9,49,43,9.828611,
,2018-12-16 09:52:52,530040.0,2000.0,,,71.0,TDM 2,1.06,2019-01-29 14:30:03.710000000,11170.0,2.0,2018-12-16,2018-12-16 09:53:20.384,9,52,52,9.881111,
,2018-12-16 09:56:05,530040.0,2000.0,,,71.0,TDM 2,1.06,2019-01-29 14:30:03.717000000,11170.0,2.0,2018-12-16,2018-12-16 09:55:31.456,9,56,5,9.934722,
,2018-12-16 16:58:53,530040.0,2000.0,,,71.0,TDM 2,1.06,2019-01-29 14:30:03.723000000,11170.0,2.0,2018-12-16,2018-12-16 16:59:19.424,16,58,53,16.981388,
,2018-12-17 17:08:12,530040.0,2000.0,,,71.0,TDM 2,1.06,2019-01-29 14:30:03.730000000,11170.0,2.0,2018-12-17,2018-12-17 17:07:40.160,17,8,12,17.136667,
,2018-12-10 13:28:01,668001.0,1500.0,,,87.0,TDM 18,0.79,2019-01-29 14:33:02.387000000,11171.0,2.0,2018-12-10,2018-12-10 13:27:35.680,13,28,1,13.466945,
,2018-12-10 14:34:30,668001.0,2000.0,,,87.0,TDM 18,1.06,2019-01-29 14:33:02.397000000,11171.0,2.0,2018-12-10,2018-12-10 14:35:18.912,14,34,30,14.575,
,2018-12-12 08:44:18,668004.0,6650.0,,,87.0,TDM 18,3.49,2019-01-29 14:33:02.403000000,11171.0,2.0,2018-12-12,2018-12-12 08:45:00.288,8,44,18,8.738334,
,2018-12-12 09:06:57,668041.0,8850.0,,,87.0,TDM 18,4.66,2019-01-29 14:33:02.410000000,11171.0,2.0,2018-12-12,2018-12-12 09:06:51.008,9,6,57,9.115833,
,2018-12-14 06:19:36,668001.0,3000.0,,,87.0,TDM 18,1.59,2019-01-29 14:33:02.417000000,11171.0,2.0,2018-12-14,2018-12-14 06:20:02.432,6,19,36,6.326667,
,2018-06-18 11:03:19,208001.0,6650.0,,,94.0,TDM 25,3.49,2019-01-29 14:36:43.907000000,11172.0,2.0,2018-06-18,2018-06-18 11:04:23.296,11,3,19,11.055278,
,2018-06-18 11:10:40,208001.0,1500.0,,,94.0,TDM 25,0.79,2019-01-29 14:36:43.920000000,11172.0,2.0,2018-06-18,2018-06-18 11:10:56.512,11,10,40,11.177778,
,2018-06-18 11:21:21,208001.0,1500.0,,,94.0,TDM 25,0.79,2019-01-29 14:36:43.927000000,11172.0,2.0,2018-06-18,2018-06-18 11:21:51.872,11,21,21,11.355833,
,2018-06-18 13:02:48,208001.0,8850.0,,,94.0,TDM 25,4.66,2019-01-29 14:36:43.930000000,11172.0,2.0,2018-06-18,2018-06-18 13:02:21.184,13,2,48,13.046667,
,2018-08-08 12:40:13,208005.0,3000.0,,,94.0,TDM 25,1.59,2019-01-29 14:36:43.950000000,11172.0,2.0,2018-08-08,2018-08-08 12:40:08.960,12,40,13,12.670278,
,2018-08-08 12:52:16,208003.0,8850.0,,,94.0,TDM 25,4.66,2019-01-29 14:36:43.957000000,11172.0,2.0,2018-08-08,2018-08-08 12:53:15.392,12,52,16,12.871111,
,2018-08-08 13:20:58,208004.0,2000.0,,,94.0,TDM 25,1.06,2019-01-29 14:36:43.960000000,11172.0,2.0,2018-08-08,2018-08-08 13:21:39.328,13,20,58,13.349444,
,2018-08-17 12:05:44,208005.0,3000.0,,,94.0,TDM 25,1.59,2019-01-29 14:36:43.967000000,11172.0,2.0,2018-08-17,2018-08-17 12:06:01.984,12,5,44,12.095555,
,2018-08-17 12:17:37,208001.0,13250.0,,,94.0,TDM 25,6.99,2019-01-29 14:36:43.973000000,11172.0,2.0,2018-08-17,2018-08-17 12:16:57.344,12,17,37,12.293612,
,2018-08-17 12:22:55,208004.0,2000.0,,,94.0,TDM 25,1.06,2019-01-29 14:36:43.980000000,11172.0,2.0,2018-08-17,2018-08-17 12:23:30.560,12,22,55,12.381945,
,2018-08-17 12:25:17,208004.0,2500.0,,,94.0,TDM 25,1.32,2019-01-29 14:36:43.987000000,11172.0,2.0,2018-08-17,2018-08-17 12:25:41.632,12,25,17,12.421389,
,2018-08-17 12:29:45,208004.0,1500.0,,,94.0,TDM 25,0.79,2019-01-29 14:36:43.990000000,11172.0,2.0,2018-08-17,2018-08-17 12:30:03.776,12,29,45,12.495833,
,2018-08-17 12:32:11,208004.0,1500.0,,,94.0,TDM 25,0.79,2019-01-29 14:36:43.997000000,11172.0,2.0,2018-08-17,2018-08-17 12:32:14.848,12,32,11,12.536389,
,2018-08-17 12:35:19,208004.0,2500.0,,,94.0,TDM 25,1.32,2019-01-29 14:36:44.003000000,11172.0,2.0,2018-08-17,2018-08-17 12:34:25.920,12,35,19,12.588611,
,2018-08-17 13:19:34,208004.0,11050.0,,,94.0,TDM 25,5.82,2019-01-29 14:36:44.010000000,11172.0,2.0,2018-08-17,2018-08-17 13:20:18.432,13,19,34,13.326111,
,2018-08-17 13:35:01,208005.0,6650.0,,,94.0,TDM 25,3.49,2019-01-29 14:36:44.017000000,11172.0,2.0,2018-08-17,2018-08-17 13:35:35.936,13,35,1,13.5836115,
,2018-08-17 14:00:05,208001.0,13250.0,,,94.0,TDM 25,6.99,2019-01-29 14:36:44.020000000,11172.0,2.0,2018-08-17,2018-08-17 13:59:37.728,14,0,5,14.001389,
,2018-08-22 12:25:53,208001.0,6650.0,,,94.0,TDM 25,3.49,2019-01-29 14:36:44.027000000,11172.0,2.0,2018-08-22,2018-08-22 12:25:54.944,12,25,53,12.431389,
,2018-08-22 12:36:56,208003.0,2500.0,,,94.0,TDM 25,1.32,2019-01-29 14:36:44.033000000,11172.0,2.0,2018-08-22,2018-08-22 12:36:50.304,12,36,56,12.615556,
,2018-08-22 12:43:07,208002.0,3000.0,,,94.0,TDM 25,1.59,2019-01-29 14:36:44.040000000,11172.0,2.0,2018-08-22,2018-08-22 12:43:23.520,12,43,7,12.718611,
,2018-08-22 12:51:51,208004.0,2000.0,,,94.0,TDM 25,1.06,2019-01-29 14:36:44.047000000,11172.0,2.0,2018-08-22,2018-08-22 12:52:07.808,12,51,51,12.864166,
,2018-08-22 12:59:12,208002.0,3000.0,,,94.0,TDM 25,1.59,2019-01-29 14:36:44.050000000,11172.0,2.0,2018-08-22,2018-08-22 12:58:41.024,12,59,12,12.986667,
,2018-08-22 13:03:43,208001.0,13250.0,,,94.0,TDM 25,6.99,2019-01-29 14:36:44.057000000,11172.0,2.0,2018-08-22,2018-08-22 13:03:03.168,13,3,43,13.061944,
,2018-08-22 13:25:43,208050.0,2000.0,,,94.0,TDM 25,1.06,2019-01-29 14:36:44.063000000,11172.0,2.0,2018-08-22,2018-08-22 13:24:53.888,13,25,43,13.428611,
,2018-08-22 13:40:57,208003.0,8850.0,,,94.0,TDM 25,4.66,2019-01-29 14:36:44.070000000,11172.0,2.0,2018-08-22,2018-08-22 13:40:11.392,13,40,57,13.6825,
,2018-08-22 14:18:11,208004.0,8850.0,,,94.0,TDM 25,4.66,2019-01-29 14:36:44.077000000,11172.0,2.0,2018-08-22,2018-08-22 14:17:19.616,14,18,11,14.303056,
,2018-08-31 10:00:43,208001.0,1500.0,,,94.0,TDM 25,0.79,2019-01-29 14:36:44.080000000,11172.0,2.0,2018-08-31,2018-08-31 10:00:23.296,10,0,43,10.011945,
,2018-08-31 10:24:02,208002.0,3000.0,,,94.0,TDM 25,1.59,2019-01-29 14:36:44.087000000,11172.0,2.0,2018-08-31,2018-08-31 10:24:25.088,10,24,2,10.400556,
,2018-08-31 10:27:51,208005.0,1500.0,,,94.0,TDM 25,0.79,2019-01-29 14:36:44.093000000,11172.0,2.0,2018-08-31,2018-08-31 10:28:47.232,10,27,51,10.464167,
,2018-08-31 10:31:31,208007.0,3000.0,,,94.0,TDM 25,1.59,2019-01-29 14:36:44.100000000,11172.0,2.0,2018-08-31,2018-08-31 10:30:58.304,10,31,31,10.525278,
,2018-08-31 10:36:05,208020.0,6650.0,,,94.0,TDM 25,3.49,2019-01-29 14:36:44.107000000,11172.0,2.0,2018-08-31,2018-08-31 10:35:20.448,10,36,5,10.601389,
,2018-08-31 10:43:34,208003.0,6650.0,,,94.0,TDM 25,3.49,2019-01-29 14:36:44.110000000,11172.0,2.0,2018-08-31,2018-08-31 10:44:04.736,10,43,34,10.726111,
,2018-08-31 10:45:25,208006.0,2000.0,,,94.0,TDM 25,1.06,2019-01-29 14:36:44.117000000,11172.0,2.0,2018-08-31,2018-08-31 10:46:15.808,10,45,25,10.756945,
,2018-08-31 10:47:33,6092161.0,2500.0,,,94.0,TDM 25,1.32,2019-01-29 14:36:44.123000000,11172.0,2.0,2018-08-31,2018-08-31 10:48:26.880,10,47,33,10.7925,
,2018-08-31 10:50:06,208006.0,6650.0,,,94.0,TDM 25,3.49,2019-01-29 14:36:44.130000000,11172.0,2.0,2018-08-31,2018-08-31 10:50:37.952,10,50,6,10.835,
,2018-09-20 08:17:59,204001.751,3000.0,,,94.0,TDM 25,1.59,2019-01-29 14:36:44.137000000,11172.0,2.0,2018-09-20,2018-09-20 08:18:36.160,8,17,59,8.299723,
,2018-09-20 08:33:06,208001.0,3000.0,,,94.0,TDM 25,1.59,2019-01-29 14:36:44.147000000,11172.0,2.0,2018-09-20,2018-09-20 08:33:53.664,8,33,6,8.551666,
,2018-09-20 08:41:11,627044.341,11050.0,,,94.0,TDM 25,5.82,2019-01-29 14:36:44.153000000,11172.0,2.0,2018-09-20,2018-09-20 08:40:26.880,8,41,11,8.686389,
,2018-09-20 08:54:16,506001.0,6650.0,,,94.0,TDM 25,3.49,2019-01-29 14:36:44.167000000,11172.0,2.0,2018-09-20,2018-09-20 08:53:33.312,8,54,16,8.904445,
,2018-09-20 09:00:50,208001.0,1500.0,,,94.0,TDM 25,0.79,2019-01-29 14:36:44.170000000,11172.0,2.0,2018-09-20,2018-09-20 09:00:06.528,9,0,50,9.013889,
,2018-09-20 09:39:46,229001.229,11050.0,,,94.0,TDM 25,5.82,2019-01-29 14:36:44.177000000,11172.0,2.0,2018-09-20,2018-09-20 09:39:25.824,9,39,46,9.662778,
,2018-09-20 09:54:52,6092137.0,1500.0,,,94.0,TDM 25,0.79,2019-01-29 14:36:44.183000000,11172.0,2.0,2018-09-20,2018-09-20 09:54:43.328,9,54,52,9.914444,
,2018-09-20 10:59:44,629008.0,8850.0,,,94.0,TDM 25,4.66,2019-01-29 14:36:44.190000000,11172.0,2.0,2018-09-20,2018-09-20 11:00:15.488,10,59,44,10.995556,
,2018-09-20 11:03:14,629009.0,6650.0,,,94.0,TDM 25,3.49,2019-01-29 14:36:44.197000000,11172.0,2.0,2018-09-20,2018-09-20 11:02:26.560,11,3,14,11.053889,
,2018-09-20 11:15:59,629007.0,8850.0,,,94.0,TDM 25,4.66,2019-01-29 14:36:44.200000000,11172.0,2.0,2018-09-20,2018-09-20 11:15:32.992,11,15,59,11.266389,
,2018-09-22 10:43:18,208004.0,1500.0,,,94.0,TDM 25,0.79,2019-01-29 14:36:44.207000000,11172.0,2.0,2018-09-22,2018-09-22 10:44:10.880,10,43,18,10.721666,
,2018-09-22 11:11:13,208004.0,0.0,,,94.0,TDM 25,3.49,2019-01-29 14:36:44.213000000,11172.0,2.0,2018-09-22,2018-09-22 11:10:23.744,11,11,13,11.186944,
,2018-10-16 11:54:48,208001.0,2000.0,,,94.0,TDM 25,1.06,2019-01-29 14:36:44.220000000,11172.0,2.0,2018-10-16,2018-10-16 11:55:35.296,11,54,48,11.913333,
,2018-10-16 12:51:51,208002.0,11050.0,,,94.0,TDM 25,5.82,2019-01-29 14:36:44.227000000,11172.0,2.0,2018-10-16,2018-10-16 12:52:23.168,12,51,51,12.864166,
,2018-10-16 13:22:48,208001.0,8850.0,,,94.0,TDM 25,4.66,2019-01-29 14:36:44.230000000,11172.0,2.0,2018-10-16,2018-10-16 13:22:58.176,13,22,48,13.38,
,2018-10-16 13:31:51,208001.0,2500.0,,,94.0,TDM 25,1.32,2019-01-29 14:36:44.237000000,11172.0,2.0,2018-10-16,2018-10-16 13:31:42.464,13,31,51,13.530833,
,2018-10-16 13:37:48,208001.0,6650.0,,,94.0,TDM 25,3.49,2019-01-29 14:36:44.243000000,11172.0,2.0,2018-10-16,2018-10-16 13:38:15.680,13,37,48,13.63,
,2018-10-16 13:44:09,208002.0,0.0,,,94.0,TDM 25,0.79,2019-01-29 14:36:44.250000000,11172.0,2.0,2018-10-16,2018-10-16 13:44:48.896,13,44,9,13.735833,
,2018-10-16 13:49:52,208001.0,8850.0,,,94.0,TDM 25,4.66,2019-01-29 14:36:44.257000000,11172.0,2.0,2018-10-16,2018-10-16 13:49:11.040,13,49,52,13.831111,
,2018-10-16 13:53:34,208001.0,13250.0,,,94.0,TDM 25,6.99,2019-01-29 14:36:44.260000000,11172.0,2.0,2018-10-16,2018-10-16 13:53:33.184,13,53,34,13.892777,
,2018-10-16 14:11:49,208002.0,3000.0,,,94.0,TDM 25,1.59,2019-01-29 14:36:44.280000000,11172.0,2.0,2018-10-16,2018-10-16 14:11:01.760,14,11,49,14.196944,
,2018-10-24 13:05:20,208001.0,3000.0,,,94.0,TDM 25,1.59,2019-01-29 14:36:44.287000000,11172.0,2.0,2018-10-24,2018-10-24 13:04:32.256,13,5,20,13.088889,
,2018-10-24 13:23:46,208001.0,8850.0,,,94.0,TDM 25,4.66,2019-01-29 14:36:44.290000000,11172.0,2.0,2018-10-24,2018-10-24 13:24:11.904,13,23,46,13.3961115,
,2018-10-24 13:36:29,208001.0,6650.0,,,94.0,TDM 25,3.49,2019-01-29 14:36:44.297000000,11172.0,2.0,2018-10-24,2018-10-24 13:37:18.336,13,36,29,13.608055,
,2018-10-24 13:47:08,208001.0,6650.0,,,94.0,TDM 25,3.49,2019-01-29 14:36:44.303000000,11172.0,2.0,2018-10-24,2018-10-24 13:46:02.624,13,47,8,13.785556,
,2018-10-24 14:13:02,208001.0,1500.0,,,94.0,TDM 25,0.79,2019-01-29 14:36:44.310000000,11172.0,2.0,2018-10-24,2018-10-24 14:12:15.488,14,13,2,14.217222,
,2018-10-24 14:20:21,208001.0,6650.0,,,94.0,TDM 25,3.49,2019-01-29 14:36:44.317000000,11172.0,2.0,2018-10-24,2018-10-24 14:20:59.776,14,20,21,14.339167,
,2018-10-27 09:31:15,228001.0,0.0,,,94.0,TDM 25,22.0,2019-01-29 14:36:44.320000000,11172.0,2.0,2018-10-27,2018-10-27 09:31:27.616,9,31,15,9.520833,
,2018-10-27 09:36:03,208001.0,1500.0,,,94.0,TDM 25,0.79,2019-01-29 14:36:44.327000000,11172.0,2.0,2018-10-27,2018-10-27 09:35:49.760,9,36,3,9.600833,
,2018-10-27 09:40:27,208001.0,1500.0,,,94.0,TDM 25,0.79,2019-01-29 14:36:44.333000000,11172.0,2.0,2018-10-27,2018-10-27 09:40:11.904,9,40,27,9.674167,
,2018-11-06 11:46:55,208001.0,3000.0,,,94.0,TDM 25,1.59,2019-01-29 14:36:44.377000000,11172.0,2.0,2018-11-06,2018-11-06 11:47:20.704,11,46,55,11.781944,
,2018-11-06 11:50:52,204001.0,3000.0,,,94.0,TDM 25,1.59,2019-01-29 14:36:44.380000000,11172.0,2.0,2018-11-06,2018-11-06 11:51:42.848,11,50,52,11.847777,
,2018-11-06 12:26:27,208010.0,6650.0,,,94.0,TDM 25,3.49,2019-01-29 14:36:44.387000000,11172.0,2.0,2018-11-06,2018-11-06 12:26:40.000,12,26,27,12.440833,
,2018-11-06 12:32:27,204001.0,2500.0,,,94.0,TDM 25,1.32,2019-01-29 14:36:44.393000000,11172.0,2.0,2018-11-06,2018-11-06 12:33:13.216,12,32,27,12.540833,
,2018-11-06 13:05:29,208001.0,2000.0,,,94.0,TDM 25,1.06,2019-01-29 14:36:44.400000000,11172.0,2.0,2018-11-06,2018-11-06 13:05:59.296,13,5,29,13.091389,
,2018-11-06 13:12:46,208021.0,6650.0,,,94.0,TDM 25,3.49,2019-01-29 14:36:44.407000000,11172.0,2.0,2018-11-06,2018-11-06 13:12:32.512,13,12,46,13.212778,
,2018-11-13 12:55:03,208003.0,11050.0,,,94.0,TDM 25,5.82,2019-01-29 14:36:44.410000000,11172.0,2.0,2018-11-13,2018-11-13 12:54:30.144,12,55,3,12.9175,
,2018-11-13 13:03:50,208031.0,2000.0,,,94.0,TDM 25,1.06,2019-01-29 14:36:44.417000000,11172.0,2.0,2018-11-13,2018-11-13 13:03:14.432,13,3,50,13.063889,
,2018-11-13 13:30:29,208001.0,2500.0,,,94.0,TDM 25,1.32,2019-01-29 14:36:44.423000000,11172.0,2.0,2018-11-13,2018-11-13 13:29:27.296,13,30,29,13.508056,
,2018-11-13 13:40:30,280001.0,6650.0,,,94.0,TDM 25,3.49,2019-01-29 14:36:44.430000000,11172.0,2.0,2018-11-13,2018-11-13 13:40:22.656,13,40,30,13.675,
,2018-11-13 14:13:04,208001.0,8850.0,,,94.0,TDM 25,4.66,2019-01-29 14:36:44.437000000,11172.0,2.0,2018-11-13,2018-11-13 14:13:08.736,14,13,4,14.217778,
,2018-11-13 14:24:34,208004.0,0.0,,,94.0,TDM 25,0.79,2019-01-29 14:36:44.440000000,11172.0,2.0,2018-11-13,2018-11-13 14:24:04.096,14,24,34,14.409445,
,2018-11-15 13:20:38,208001.0,3000.0,,,94.0,TDM 25,1.59,2019-01-29 14:36:44.447000000,11172.0,2.0,2018-11-15,2018-11-15 13:19:55.904,13,20,38,13.343889,
,2018-11-15 13:46:42,208001.0,0.0,,,94.0,TDM 25,4.66,2019-01-29 14:36:44.453000000,11172.0,2.0,2018-11-15,2018-11-15 13:46:08.768,13,46,42,13.778334,
,2018-11-27 16:18:03,208003.0,1500.0,,,93.0,TDM 24,0.79,2019-01-29 14:39:38.440000000,11173.0,2.0,2018-11-27,2018-11-27 16:18:43.328,16,18,3,16.300833,
,2018-12-15 08:39:51,361057.0,1500.0,,,82.0,TDM 13,0.79,2019-01-29 14:42:32.700000000,11174.0,2.0,2018-12-15,2018-12-15 08:39:27.488,8,39,51,8.664166,
,2018-11-21 16:34:31,354004.0,2000.0,,,123.0,TDM 53,1.06,2019-01-29 14:46:12.090000000,11175.0,2.0,2018-11-21,2018-11-21 16:34:11.072,16,34,31,16.575277,
,2018-11-21 16:37:44,354004.0,2000.0,,,123.0,TDM 53,1.06,2019-01-29 14:46:12.110000000,11175.0,2.0,2018-11-21,2018-11-21 16:38:33.216,16,37,44,16.62889,
,2018-11-21 19:58:48,354004.0,2000.0,,,123.0,TDM 53,1.06,2019-01-29 14:46:12.123000000,11175.0,2.0,2018-11-21,2018-11-21 19:59:31.840,19,58,48,19.98,
,2018-11-22 08:22:11,330009.0,1500.0,,,123.0,TDM 53,0.79,2019-01-29 14:46:12.137000000,11175.0,2.0,2018-11-22,2018-11-22 08:22:16.320,8,22,11,8.369722,
,2018-11-23 07:04:56,228001.0,1500.0,,,123.0,TDM 53,0.79,2019-01-29 14:46:12.140000000,11175.0,2.0,2018-11-23,2018-11-23 07:05:25.248,7,4,56,7.082222,
,2018-11-23 07:06:05,228001.0,1500.0,,,123.0,TDM 53,0.79,2019-01-29 14:46:12.147000000,11175.0,2.0,2018-11-23,2018-11-23 07:05:25.248,7,6,5,7.101389,
,2018-11-23 07:08:36,228001.0,1500.0,,,123.0,TDM 53,0.79,2019-01-29 14:46:12.153000000,11175.0,2.0,2018-11-23,2018-11-23 07:07:36.320,7,8,36,7.1433334,
,2018-10-09 09:09:45,672013.0,13250.0,,,125.0,CHRISTINE,6.99,2019-02-15 10:43:40.070000000,11176.0,2.0,2018-10-09,2018-10-09 09:10:07.616,9,9,45,9.1625,
,2018-10-22 09:26:20,524004.0,8850.0,,,125.0,CHRISTINE,4.66,2019-02-15 10:43:40.133000000,11176.0,2.0,2018-10-22,2018-10-22 09:26:52.160,9,26,20,9.438889,
,2018-10-22 09:28:20,524005.0,11050.0,,,125.0,CHRISTINE,5.82,2019-02-15 10:43:40.140000000,11176.0,2.0,2018-10-22,2018-10-22 09:29:03.232,9,28,20,9.472222,
,2018-10-26 09:29:44,644185.0,1500.0,,,125.0,CHRISTINE,0.79,2019-02-15 10:43:40.143000000,11176.0,2.0,2018-10-26,2018-10-26 09:29:40.096,9,29,44,9.495556,
,2018-11-06 10:53:38,696157.0,0.0,,,125.0,CHRISTINE,1.06,2019-02-15 10:43:40.150000000,11176.0,2.0,2018-11-06,2018-11-06 10:52:43.904,10,53,38,10.893888,
,2018-11-06 10:55:06,696157.0,0.0,,,125.0,CHRISTINE,1.59,2019-02-15 10:43:40.157000000,11176.0,2.0,2018-11-06,2018-11-06 10:54:54.976,10,55,6,10.918333,
,2018-11-12 10:19:44,319254.0,8850.0,,,125.0,CHRISTINE,4.66,2019-02-15 10:43:40.163000000,11176.0,2.0,2018-11-12,2018-11-12 10:19:47.584,10,19,44,10.328889,
,2018-11-12 10:21:04,319199.0,1500.0,,,125.0,CHRISTINE,0.79,2019-02-15 10:43:40.170000000,11176.0,2.0,2018-11-12,2018-11-12 10:21:58.656,10,21,4,10.351111,
,2018-11-12 10:22:10,319243.0,3000.0,,,125.0,CHRISTINE,1.59,2019-02-15 10:43:40.173000000,11176.0,2.0,2018-11-12,2018-11-12 10:21:58.656,10,22,10,10.369445,
,2018-11-12 10:54:37,653057.0,0.0,,,125.0,CHRISTINE,1.06,2019-02-15 10:43:40.180000000,11176.0,2.0,2018-11-12,2018-11-12 10:54:44.736,10,54,37,10.910277,
,2018-11-12 10:55:56,653057.0,0.0,,,125.0,CHRISTINE,0.79,2019-02-15 10:43:40.187000000,11176.0,2.0,2018-11-12,2018-11-12 10:56:55.808,10,55,56,10.932222,
,2018-11-12 10:57:15,653044.0,2000.0,,,125.0,CHRISTINE,1.06,2019-02-15 10:43:40.193000000,11176.0,2.0,2018-11-12,2018-11-12 10:56:55.808,10,57,15,10.954166,
,2018-11-12 10:58:28,653048.0,1500.0,,,125.0,CHRISTINE,0.79,2019-02-15 10:43:40.200000000,11176.0,2.0,2018-11-12,2018-11-12 10:59:06.880,10,58,28,10.974444,
,2018-11-12 10:59:54,653103.0,2000.0,,,125.0,CHRISTINE,1.06,2019-02-15 10:43:40.203000000,11176.0,2.0,2018-11-12,2018-11-12 10:59:06.880,10,59,54,10.998333,
,2018-11-12 11:00:46,653021.0,1500.0,,,125.0,CHRISTINE,0.79,2019-02-15 10:43:40.210000000,11176.0,2.0,2018-11-12,2018-11-12 11:01:17.952,11,0,46,11.012777,
,2018-11-12 11:02:02,653036.0,1500.0,,,125.0,CHRISTINE,0.79,2019-02-15 10:43:40.217000000,11176.0,2.0,2018-11-12,2018-11-12 11:01:17.952,11,2,2,11.033889,
,2018-11-13 10:11:16,212009.0,2500.0,,,125.0,CHRISTINE,1.32,2019-02-15 10:43:40.227000000,11176.0,2.0,2018-11-13,2018-11-13 10:10:39.744,10,11,16,10.1877775,
,2018-11-19 09:58:00,212102.0,13250.0,,,125.0,CHRISTINE,6.99,2019-02-15 10:43:40.250000000,11176.0,2.0,2018-11-19,2018-11-19 09:57:23.072,9,58,0,9.966666,
,2018-11-19 10:00:02,301077.0,1500.0,,,125.0,CHRISTINE,0.79,2019-02-15 10:43:40.257000000,11176.0,2.0,2018-11-19,2018-11-19 09:59:34.144,10,0,2,10.000556,
,2018-11-19 10:01:18,301079.0,3000.0,,,125.0,CHRISTINE,1.59,2019-02-15 10:43:40.263000000,11176.0,2.0,2018-11-19,2018-11-19 10:01:45.216,10,1,18,10.021667,
,2018-11-19 10:02:18,301036.0,2000.0,,,125.0,CHRISTINE,1.06,2019-02-15 10:43:40.270000000,11176.0,2.0,2018-11-19,2018-11-19 10:01:45.216,10,2,18,10.038333,
,2018-11-26 09:22:40,301073.0,1500.0,,,125.0,CHRISTINE,0.79,2019-02-15 10:43:40.293000000,11176.0,2.0,2018-11-26,2018-11-26 09:21:52.128,9,22,40,9.377778,
,2018-11-26 09:23:55,301057.0,1500.0,,,125.0,CHRISTINE,0.79,2019-02-15 10:43:40.300000000,11176.0,2.0,2018-11-26,2018-11-26 09:24:03.200,9,23,55,9.398611,
,2018-11-26 09:24:53,301075.0,2000.0,,,125.0,CHRISTINE,1.06,2019-02-15 10:43:40.307000000,11176.0,2.0,2018-11-26,2018-11-26 09:24:03.200,9,24,53,9.414722,
,2018-11-30 09:13:48,594054.0,11050.0,,,125.0,CHRISTINE,5.82,2019-02-15 10:43:40.323000000,11176.0,2.0,2018-11-30,2018-11-30 09:13:44.704,9,13,48,9.23,
,2018-12-14 09:15:47,663191.0,2500.0,,,125.0,CHRISTINE,1.32,2019-02-15 10:43:40.400000000,11176.0,2.0,2018-12-14,2018-12-14 09:14:48.192,9,15,47,9.263056,
,2018-12-14 09:19:42,663094.0,1500.0,,,125.0,CHRISTINE,0.79,2019-02-15 10:43:40.413000000,11176.0,2.0,2018-12-14,2018-12-14 09:19:10.336,9,19,42,9.328333,
,2018-12-14 09:21:50,663113.0,2500.0,,,125.0,CHRISTINE,1.32,2019-02-15 10:43:40.420000000,11176.0,2.0,2018-12-14,2018-12-14 09:21:21.408,9,21,50,9.363889,
,2018-12-14 09:23:05,663091.0,1500.0,,,125.0,CHRISTINE,0.79,2019-02-15 10:43:40.427000000,11176.0,2.0,2018-12-14,2018-12-14 09:23:32.480,9,23,5,9.384722,
,2018-12-17 09:41:03,215122.0,3000.0,,,125.0,CHRISTINE,1.59,2019-02-15 10:43:40.430000000,11176.0,2.0,2018-12-17,2018-12-17 09:42:01.472,9,41,3,9.684167,
,2018-12-17 09:42:52,215122.0,3000.0,,,125.0,CHRISTINE,1.59,2019-02-15 10:43:40.437000000,11176.0,2.0,2018-12-17,2018-12-17 09:42:01.472,9,42,52,9.714444,
,2018-12-17 10:05:02,677122.0,2500.0,,,125.0,CHRISTINE,1.32,2019-02-15 10:43:40.443000000,11176.0,2.0,2018-12-17,2018-12-17 10:06:03.264,10,5,2,10.083889,
,2018-12-24 09:50:02,587062.0,6650.0,,,125.0,CHRISTINE,3.49,2019-02-15 10:43:40.457000000,11176.0,2.0,2018-12-24,2018-12-24 09:50:11.968,9,50,2,9.833889,
,2018-12-28 10:24:11,663178.0,6650.0,,,125.0,CHRISTINE,3.49,2019-02-15 10:43:40.460000000,11176.0,2.0,2018-12-28,2018-12-28 10:23:34.912,10,24,11,10.403055,
,2018-12-28 10:36:09,663005.0,2500.0,,,125.0,CHRISTINE,1.32,2019-02-15 10:43:40.467000000,11176.0,2.0,2018-12-28,2018-12-28 10:36:41.344,10,36,9,10.6025,
,2018-12-28 10:39:00,663005.0,2500.0,,,125.0,CHRISTINE,1.32,2019-02-15 10:43:40.473000000,11176.0,2.0,2018-12-28,2018-12-28 10:38:52.416,10,39,0,10.65,
,2018-12-28 10:49:19,663005.0,2500.0,,,125.0,CHRISTINE,1.32,2019-02-15 10:43:40.480000000,11176.0,2.0,2018-12-28,2018-12-28 10:49:47.776,10,49,19,10.821944,
,2018-12-28 10:54:50,663187.0,2500.0,,,125.0,CHRISTINE,1.32,2019-02-15 10:43:40.487000000,11176.0,2.0,2018-12-28,2018-12-28 10:54:09.920,10,54,50,10.913889,
,2018-12-28 10:56:54,663110.0,1500.0,,,125.0,CHRISTINE,0.79,2019-02-15 10:43:40.493000000,11176.0,2.0,2018-12-28,2018-12-28 10:56:20.992,10,56,54,10.948334,
,2018-12-28 11:01:22,663095.0,1500.0,,,125.0,CHRISTINE,0.79,2019-02-15 10:43:40.497000000,11176.0,2.0,2018-12-28,2018-12-28 11:00:43.136,11,1,22,11.022778,
,2018-12-28 11:03:05,663149.0,1500.0,,,125.0,CHRISTINE,0.79,2019-02-15 10:43:40.503000000,11176.0,2.0,2018-12-28,2018-12-28 11:02:54.208,11,3,5,11.051389,
,2019-01-25 11:54:11,567050.0,6650.0,,,125.0,CHRISTINE,3.49,2019-02-15 10:43:40.517000000,11176.0,2.0,2019-01-25,2019-01-25 11:55:15.840,11,54,11,11.903055,
,2019-01-30 10:35:01,600019.0,2000.0,,,125.0,CHRISTINE,1.06,2019-02-15 10:43:40.520000000,11176.0,2.0,2019-01-30,2019-01-30 10:34:39.488,10,35,1,10.5836115,
,2019-01-30 10:36:55,600019.0,2000.0,,,125.0,CHRISTINE,1.06,2019-02-15 10:43:40.527000000,11176.0,2.0,2019-01-30,2019-01-30 10:36:50.560,10,36,55,10.615278,
